-- The values of various per-database settings
-- PRAGMA page_size=1024;
-- PRAGMA encoding='UTF-8';
-- PRAGMA auto_vacuum=NONE;
-- PRAGMA max_page_count=1073741823;

BEGIN TRANSACTION;

-- Table  balances
DROP TABLE IF EXISTS balances;
CREATE TABLE balances(
                      address TEXT,
                      asset TEXT,
                      quantity INTEGER);
INSERT INTO balances VALUES('mn6q3dS2EnDUx3bmyWc6D4szJNVGtaR7zc','XCP',145100466046);
INSERT INTO balances VALUES('n3BrDB6zDiEPWEE6wLxywFb4Yp9ZY5fHM7','XCP',4785920824);
INSERT INTO balances VALUES('mn6q3dS2EnDUx3bmyWc6D4szJNVGtaR7zc','BBBB',996000000);
INSERT INTO balances VALUES('mn6q3dS2EnDUx3bmyWc6D4szJNVGtaR7zc','BBBC',92631);
INSERT INTO balances VALUES('n3BrDB6zDiEPWEE6wLxywFb4Yp9ZY5fHM7','BBBB',4000000);
INSERT INTO balances VALUES('n3BrDB6zDiEPWEE6wLxywFb4Yp9ZY5fHM7','BBBC',7369);
-- Triggers and indices on  balances
CREATE INDEX address_asset_idx ON balances (address, asset)
                   ;
CREATE INDEX asset_idx ON balances (asset)
                   ;

-- Table  bet_expirations
DROP TABLE IF EXISTS bet_expirations;
CREATE TABLE bet_expirations(
                      bet_index INTEGER PRIMARY KEY,
                      bet_hash TEXT UNIQUE,
                      source TEXT,
                      block_index INTEGER,
                      FOREIGN KEY (block_index) REFERENCES blocks(block_index),
                      FOREIGN KEY (bet_index, bet_hash) REFERENCES bets(tx_index, tx_hash));

-- Table  bet_match_expirations
DROP TABLE IF EXISTS bet_match_expirations;
CREATE TABLE bet_match_expirations(
                      bet_match_id TEXT PRIMARY KEY,
                      tx0_address TEXT,
                      tx1_address TEXT,
                      block_index INTEGER,
                      FOREIGN KEY (bet_match_id) REFERENCES bet_matches(id),
                      FOREIGN KEY (block_index) REFERENCES blocks(block_index));

-- Table  bet_matches
DROP TABLE IF EXISTS bet_matches;
CREATE TABLE bet_matches(
                      id TEXT PRIMARY KEY,
                      tx0_index INTEGER,
                      tx0_hash TEXT,
                      tx0_address TEXT,
                      tx1_index INTEGER,
                      tx1_hash TEXT,
                      tx1_address TEXT,
                      tx0_bet_type INTEGER,
                      tx1_bet_type INTEGER,
                      feed_address TEXT,
                      initial_value INTEGER,
                      deadline INTEGER,
                      target_value REAL,
                      leverage INTEGER,
                      forward_quantity INTEGER,
                      backward_quantity INTEGER,
                      tx0_block_index INTEGER,
                      tx1_block_index INTEGER,
                      tx0_expiration INTEGER,
                      tx1_expiration INTEGER,
                      match_expire_index INTEGER,
                      fee_fraction_int INTEGER,
                      status TEXT,
                      FOREIGN KEY (tx0_index, tx0_hash, tx0_block_index) REFERENCES transactions(tx_index, tx_hash, block_index),
                      FOREIGN KEY (tx1_index, tx1_hash, tx1_block_index) REFERENCES transactions(tx_index, tx_hash, block_index));
INSERT INTO bet_matches VALUES('ef6cbd2161eaea7943ce8693b9824d23d1793ffb1c0fca05b600d3899b44c9779d1e0e2d9459d06523ad13e28a4093c2316baafe7aec5b25f30eba2e113599c4',12,'ef6cbd2161eaea7943ce8693b9824d23d1793ffb1c0fca05b600d3899b44c977','mn6q3dS2EnDUx3bmyWc6D4szJNVGtaR7zc',13,'9d1e0e2d9459d06523ad13e28a4093c2316baafe7aec5b25f30eba2e113599c4','mn6q3dS2EnDUx3bmyWc6D4szJNVGtaR7zc',0,1,'mn6q3dS2EnDUx3bmyWc6D4szJNVGtaR7zc',100,1388000100,0.0,15120,41500000,20750000,154920,154921,10,10,154930,5000000,'settled: liquidated for bull');
INSERT INTO bet_matches VALUES('4d7b3ef7300acf70c892d8327db8272f54434adbc61a4e130a563cb59a0d0f47dc0e9c3658a1a3ed1ec94274d8b19925c93e1abb7ddba294923ad9bde30f8cb8',14,'4d7b3ef7300acf70c892d8327db8272f54434adbc61a4e130a563cb59a0d0f47','mn6q3dS2EnDUx3bmyWc6D4szJNVGtaR7zc',15,'dc0e9c3658a1a3ed1ec94274d8b19925c93e1abb7ddba294923ad9bde30f8cb8','mn6q3dS2EnDUx3bmyWc6D4szJNVGtaR7zc',0,1,'mn6q3dS2EnDUx3bmyWc6D4szJNVGtaR7zc',100,1388000100,0.0,5040,150000000,350000000,154922,154923,10,10,154932,5000000,'settled');
INSERT INTO bet_matches VALUES('c555eab45d08845ae9f10d452a99bfcb06f74a50b988fe7e48dd323789b88ee34a64a107f0cb32536e5bce6c98c393db21cca7f4ea187ba8c4dca8b51d4ea80a',16,'c555eab45d08845ae9f10d452a99bfcb06f74a50b988fe7e48dd323789b88ee3','mn6q3dS2EnDUx3bmyWc6D4szJNVGtaR7zc',17,'4a64a107f0cb32536e5bce6c98c393db21cca7f4ea187ba8c4dca8b51d4ea80a','mn6q3dS2EnDUx3bmyWc6D4szJNVGtaR7zc',2,3,'mn6q3dS2EnDUx3bmyWc6D4szJNVGtaR7zc',100,1388000200,1.0,5040,750000000,650000000,154924,154925,10,10,154934,5000000,'settled: for notequal');
-- Triggers and indices on  bet_matches
CREATE INDEX valid_feed_idx ON bet_matches (status, feed_address)
                   ;

-- Table  bets
DROP TABLE IF EXISTS bets;
CREATE TABLE bets(
                      tx_index INTEGER UNIQUE,
                      tx_hash TEXT UNIQUE,
                      block_index INTEGER,
                      source TEXT,
                      feed_address TEXT,
                      bet_type INTEGER,
                      deadline INTEGER,
                      wager_quantity INTEGER,
                      wager_remaining INTEGER,
                      counterwager_quantity INTEGER,
                      counterwager_remaining INTEGER,
                      target_value REAL,
                      leverage INTEGER,
                      expiration INTEGER,
                      expire_index INTEGER,
                      fee_fraction_int INTEGER,
                      status TEXT,
                      FOREIGN KEY (tx_index, tx_hash, block_index) REFERENCES transactions(tx_index, tx_hash, block_index),
                      PRIMARY KEY (tx_index, tx_hash));
INSERT INTO bets VALUES(12,'ef6cbd2161eaea7943ce8693b9824d23d1793ffb1c0fca05b600d3899b44c977',154920,'mn6q3dS2EnDUx3bmyWc6D4szJNVGtaR7zc','mn6q3dS2EnDUx3bmyWc6D4szJNVGtaR7zc',0,1388000100,50000000,8500000,25000000,4250000,0.0,15120,10,154930,5000000,'open');
INSERT INTO bets VALUES(13,'9d1e0e2d9459d06523ad13e28a4093c2316baafe7aec5b25f30eba2e113599c4',154921,'mn6q3dS2EnDUx3bmyWc6D4szJNVGtaR7zc','mn6q3dS2EnDUx3bmyWc6D4szJNVGtaR7zc',1,1388000100,25000000,4250000,41500000,0,0.0,15120,10,154931,5000000,'filled');
INSERT INTO bets VALUES(14,'4d7b3ef7300acf70c892d8327db8272f54434adbc61a4e130a563cb59a0d0f47',154922,'mn6q3dS2EnDUx3bmyWc6D4szJNVGtaR7zc','mn6q3dS2EnDUx3bmyWc6D4szJNVGtaR7zc',0,1388000100,150000000,0,350000000,0,0.0,5040,10,154932,5000000,'filled');
INSERT INTO bets VALUES(15,'dc0e9c3658a1a3ed1ec94274d8b19925c93e1abb7ddba294923ad9bde30f8cb8',154923,'mn6q3dS2EnDUx3bmyWc6D4szJNVGtaR7zc','mn6q3dS2EnDUx3bmyWc6D4szJNVGtaR7zc',1,1388000100,350000000,0,150000000,0,0.0,5040,10,154933,5000000,'filled');
INSERT INTO bets VALUES(16,'c555eab45d08845ae9f10d452a99bfcb06f74a50b988fe7e48dd323789b88ee3',154924,'mn6q3dS2EnDUx3bmyWc6D4szJNVGtaR7zc','mn6q3dS2EnDUx3bmyWc6D4szJNVGtaR7zc',2,1388000200,750000000,0,650000000,0,1.0,5040,10,154934,5000000,'filled');
INSERT INTO bets VALUES(17,'4a64a107f0cb32536e5bce6c98c393db21cca7f4ea187ba8c4dca8b51d4ea80a',154925,'mn6q3dS2EnDUx3bmyWc6D4szJNVGtaR7zc','mn6q3dS2EnDUx3bmyWc6D4szJNVGtaR7zc',3,1388000200,650000000,0,750000000,0,1.0,5040,10,154935,5000000,'filled');
-- Triggers and indices on  bets
CREATE INDEX feed_valid_bettype_idx ON bets (feed_address, status, bet_type)
                   ;

-- Table  blocks
DROP TABLE IF EXISTS blocks;
CREATE TABLE blocks(
                      block_index INTEGER UNIQUE,
                      block_hash TEXT UNIQUE,
                      block_time INTEGER,
                      PRIMARY KEY (block_index, block_hash));
INSERT INTO blocks VALUES(154907,'foobar',1337);
INSERT INTO blocks VALUES(154908,'cab26004a25bf4f3f706d147cc1a6b4ae35d4e2177acbb3a5e1347205fab75cc93c2cfdda0f9e01252776bdaccd4a9dc2cc2e2264af588dbe306734293c1c8c4',1549080000000);
INSERT INTO blocks VALUES(154909,'244e7bf91f9a9cd5ec8c2abd8740a506c2de2156ab635d08d78429afba33f7f090659eca59b3a3f862dd87bb36221e52915512486da5d6ef0ec37e85124a9303',1549090000000);
INSERT INTO blocks VALUES(154910,'80d40ca10e5ea63a2ad8303c70819f369afbbd5716faf875fa4eb8ac2799ee0f9b2e5e204849d8ebca34537bdef7620fe81db66fc8195e193ee778fa43d68cdb',1549100000000);
INSERT INTO blocks VALUES(154911,'c572450879274cc2a7adfa27f3484ba94d76ae3c23d42a92f386000ba36b09790b7448701614b040f3e5dadd6378940e4b47ddb7e6a0da38aadb578b81c178e1',1549110000000);
INSERT INTO blocks VALUES(154912,'b0fe961d25394561c42ea0e5df888ba20580eab3ddb9d294faf901cda2517ebc2078f91137fdf9badefee7950b0274941c7764ecb47546c05e1a3563fc032339',1549120000000);
INSERT INTO blocks VALUES(154913,'797ff8f7e2e601c1595d2bc2088ae7ecd723d53514b74e5545be46389d9ccf31bed1c874b482eee40b06d2d5823969203624a7fd540819262d0033ab08c0887f',1549130000000);
INSERT INTO blocks VALUES(154914,'78cad5b3c7bbac19cbbf5b58f7f2183441d22d200d3b1cb41da63aa293a5393883e3fcfc8eccd9c0ff5ca62b0552c8cd8b5c08e76475003f403c382725194e80',1549140000000);
INSERT INTO blocks VALUES(154915,'fc8ccc098da63edc027cfcb3a6bd5a882e21cc79ec5786f499b1c483779af70d76cd7decf3d4018dcefa678e9566c2b2a2fce14e27a8bb273af4a9af7cf1d932',1549150000000);
INSERT INTO blocks VALUES(154916,'94cd7d76a2cda75e80a2fe48dd3c44d46fed958f6223c9b0ff1a5ebcf255ab0a27df96220f9153fd180048828dcc3afe98c73988f91619f444c91c62a11d881b',1549160000000);
INSERT INTO blocks VALUES(154917,'b8b1961aa5981b069f1e7ce8d7a181736b80b54a5bda33a1bdf4b46f3d0f3dd732bc290cd13e7dab43d12c9efe30723afbe75e82447acd433557548a7568bb1d',1549170000000);
INSERT INTO blocks VALUES(154918,'088546b5563c11520e7fefe3ee0b8bd554b63f935ba0f52ee593300d79ccaba01cef7410df455753f5b4b33326da18e055638a161582c2d6e241ddfe6136e379',1549180000000);
INSERT INTO blocks VALUES(154919,'3dd36d3b00a9000ef4d22e3017f7af48c5c0a9af6e03ecc2a26a49345adef79ac252fd57551a14991e40d128990fbe8776fec55d4826b98e937f92bef3ae0be4',1549190000000);
INSERT INTO blocks VALUES(154920,'0fca8dfde3b5b34b0829e1daa9a5c7f235a93d74fd3575d68f7a131c7790e01eb69fd3e0aaa9d872c8dad6d8e57e49b3a5903d774372ed5524dac8afc51c18d2',1549200000000);
INSERT INTO blocks VALUES(154921,'1a99275c7a70a496ce9fcd5cf21876916351805fdc5258dbaa004ff9ea8e451be93cc6f872819dd8942847c650afd37618bbb630528d772b4f8eb318122b1043',1549210000000);
INSERT INTO blocks VALUES(154922,'3e7b51e4121b3f70fa8ac6b3c2e3c29a985e05c5ad92678ee3982e931d81891a876260f7f53108a6e6d9012211a4f43cbc038b91dee92d2d1466448cec4979c4',1549220000000);
INSERT INTO blocks VALUES(154923,'9b16d5d768bbfd1c83ca224c2fd704429a16b6102dc1ccc21eec6547da4dad23bfa3f0df63b0a0c1159268008765227db81aac243e48f470594c3f8e30a2772b',1549230000000);
INSERT INTO blocks VALUES(154924,'915916edf01452e1a554d7dd7c63acef01f9540006a5b09425d151a8a170bd23e0500bd89dc97b8e49f22a0e662d140f03bcd6d2d9faf2b35e6968cd076329d3',1549240000000);
INSERT INTO blocks VALUES(154925,'29d88d169c0c9bb778dd32b9d76fdef07d4cdd5302f02938101e03dd616426884b0e08816cfd7b217662f226003e3821f8e09063dd5250331a3e187557619386',1549250000000);
INSERT INTO blocks VALUES(154926,'aeff66363337363dce240dd090e1d507f934b2496f82fce7094b6499b657f6375fb541747538a0001da7e87f708e10068399ef20441ba49485bc4edaa2347c85',1549260000000);
INSERT INTO blocks VALUES(154927,'bc5cd4a70a0e3038768b0b4dacc11bb5bdbbaa51a7a6d0a69aaed9ab49451f57aa1f702921cf8fd5e477c4f06353f7ae69c5ce347a1307c38edcb9619ba9709f',1549270000000);
INSERT INTO blocks VALUES(154928,'f5b79d98c8c45e396851d32aaeb4730f0ffe2db82e36a6f8ba6b139a5a4fc6ec7e0e7a4c304f12a3b8ff41ab648a2d4b17689b7ea4c037b12a62a03988bee963',1549280000000);
INSERT INTO blocks VALUES(154929,'7068c1abc38664730e4b979aa4d3beb7131c65e36cf7aaa2852bbe3a0b74783eaa0c7a7ed52ec04b5d6865faaceb23b41390ec93f667cffe8ba9cec6757bbba9',1549290000000);
INSERT INTO blocks VALUES(154930,'2b7fef6e9069f1a2f44e6eb08f0f5e32033d0048fc3cfc526237a4c4ced59590dbacfa4bfe95b894bc21658cffb2908b85280e6cfaa1545970bf2a724ceeea5b',1549300000000);
INSERT INTO blocks VALUES(154931,'efd744787f5fa988aa515f4a7d14323969ab838c70a3d6d3a029ddf6eac7dd74568b09659b7756eafc7b6e410d8e5f5ba921d9a454c97f6c6b72ca7da37b5c58',1549310000000);
INSERT INTO blocks VALUES(154932,'09614b8f64a6aacc740150eab0bbe7aaef9045825e188800d44f8a5620afd0cc71f8a354b2d061b8cf2be47434963ee9709103d46151d9c18f80366b61d33eda',1549320000000);
INSERT INTO blocks VALUES(154933,'d08f4dd0524762d7ebb5939e2b73f98c2260c8f2314a93b468e983e13a96639477f2effcfe51395687508cf6f0cb2de65e818396e9b3adb4a499f3d8cb16a638',1549330000000);
-- Triggers and indices on  blocks
CREATE INDEX block_index_idx ON blocks (block_index)
                   ;
CREATE INDEX index_hash_idx ON blocks (block_index, block_hash)
                   ;

-- Table  broadcasts
DROP TABLE IF EXISTS broadcasts;
CREATE TABLE broadcasts(
                      tx_index INTEGER PRIMARY KEY,
                      tx_hash TEXT UNIQUE,
                      block_index INTEGER,
                      source TEXT,
                      timestamp INTEGER,
                      value REAL,
                      fee_fraction_int INTEGER,
                      text TEXT,
                      locked BOOL,
                      status TEXT,
                      FOREIGN KEY (tx_index, tx_hash, block_index) REFERENCES transactions(tx_index, tx_hash, block_index));
INSERT INTO broadcasts VALUES(11,'e7cf46a078fed4fafd0b5e3aff144802b853f8ae459a4f0c14add3314b7cc3a6',154919,'mn6q3dS2EnDUx3bmyWc6D4szJNVGtaR7zc',1388000000,100.0,5000000,'Unit Test',0,'valid');
INSERT INTO broadcasts VALUES(18,'f299791cddd3d6664f6670842812ef6053eb6501bd6282a476bbbf3ee91e750c',154926,'mn6q3dS2EnDUx3bmyWc6D4szJNVGtaR7zc',1388000050,99.86166,5000000,'Unit Test',0,'valid');
INSERT INTO broadcasts VALUES(19,'ab897fbdedfa502b2d839b6a56100887dccdc507555c282e59589e06300a62e2',154927,'mn6q3dS2EnDUx3bmyWc6D4szJNVGtaR7zc',1388000101,100.343,5000000,'Unit Test',0,'valid');
INSERT INTO broadcasts VALUES(20,'83891d7fe85c33e52c8b4e5814c92fb6a3b9467299200538a6babaa8b452d879',154928,'mn6q3dS2EnDUx3bmyWc6D4szJNVGtaR7zc',1388000201,2.0,5000000,'Unit Test',0,'valid');

-- Table  btcpays
DROP TABLE IF EXISTS btcpays;
CREATE TABLE btcpays(
                      tx_index INTEGER PRIMARY KEY,
                      tx_hash TEXT UNIQUE,
                      block_index INTEGER,
                      source TEXT,
                      destination TEXT,
                      btc_amount INTEGER,
                      order_match_id TEXT,
                      status TEXT,
                      FOREIGN KEY (tx_index, tx_hash, block_index) REFERENCES transactions(tx_index, tx_hash, block_index));
INSERT INTO btcpays VALUES(4,'e52d9c508c502347344d8c07ad91cbd6068afc75ff6292f062a09ca381c89e71',154912,'mn6q3dS2EnDUx3bmyWc6D4szJNVGtaR7zc','mn6q3dS2EnDUx3bmyWc6D4szJNVGtaR7zc',50000000,'dbc1b4c900ffe48d575b5da5c638040125f65db0fe3e24494b76ea986457d986084fed08b978af4d7d196a7446a86b58009e636b611db16211b65a9aadff29c5','valid');

-- Table  burns
DROP TABLE IF EXISTS burns;
CREATE TABLE burns(
                      tx_index INTEGER PRIMARY KEY,
                      tx_hash TEXT UNIQUE,
                      block_index INTEGER,
                      source TEXT,
                      burned INTEGER,
                      earned INTEGER,
                      status TEXT,
                      FOREIGN KEY (tx_index, tx_hash, block_index) REFERENCES transactions(tx_index, tx_hash, block_index));
INSERT INTO burns VALUES(0,'6e340b9cffb37a989ca544e6bb780a2c78901d3fb33738768511a30617afa01d',154908,'mn6q3dS2EnDUx3bmyWc6D4szJNVGtaR7zc',62000000,93000000000,'valid');
INSERT INTO burns VALUES(23,'8f11b05da785e43e713d03774c6bd3405d99cd3024af334ffd68db663aa37034',154931,'mn6q3dS2EnDUx3bmyWc6D4szJNVGtaR7zc',38000000,56999886870,'valid');

-- Table  callbacks
DROP TABLE IF EXISTS callbacks;
CREATE TABLE callbacks(
                      tx_index INTEGER PRIMARY KEY,
                      tx_hash TEXT UNIQUE,
                      block_index INTEGER,
                      source TEXT,
                      fraction TEXT,
                      asset TEXT,
                      status TEXT,
                      FOREIGN KEY (tx_index, tx_hash, block_index) REFERENCES transactions(tx_index, tx_hash, block_index));
INSERT INTO callbacks VALUES(25,'68aa2e2ee5dff96e3355e6c7ee373e3d6a4e17f75f9518d843709c0c9bc3e3d4',154933,'mn6q3dS2EnDUx3bmyWc6D4szJNVGtaR7zc','0.3','BBBC','valid');

-- Table  cancels
DROP TABLE IF EXISTS cancels;
CREATE TABLE cancels(
                      tx_index INTEGER PRIMARY KEY,
                      tx_hash TEXT UNIQUE,
                      block_index INTEGER,
                      source TEXT,
                      offer_hash TEXT,
                      status TEXT,
                      FOREIGN KEY (tx_index, tx_hash, block_index) REFERENCES transactions(tx_index, tx_hash, block_index));
INSERT INTO cancels VALUES(22,'7cb7c4547cf2653590d7a9ace60cc623d25148adfbc88a89aeb0ef88da7839ba',154930,'mn6q3dS2EnDUx3bmyWc6D4szJNVGtaR7zc','2f0fd1e89b8de1d57292742ec380ea47066e307ad645f5bc3adad8a06ff58608','valid');
-- Triggers and indices on  cancels
CREATE INDEX cancels_block_index_idx ON cancels (block_index)
                   ;

-- Table  credits
DROP TABLE IF EXISTS credits;
CREATE TABLE credits(
                      block_index INTEGER,
                      address TEXT,
                      asset TEXT,
                      quantity INTEGER,
                      calling_function TEXT,
                      event TEXT,
                      FOREIGN KEY (block_index) REFERENCES blocks(block_index));
INSERT INTO credits VALUES(154908,'mn6q3dS2EnDUx3bmyWc6D4szJNVGtaR7zc','XCP',93000000000,NULL,'6e340b9cffb37a989ca544e6bb780a2c78901d3fb33738768511a30617afa01d');
INSERT INTO credits VALUES(154909,'n3BrDB6zDiEPWEE6wLxywFb4Yp9ZY5fHM7','XCP',50000000,NULL,'4bf5122f344554c53bde2ebb8cd2b7e3d1600ad631c385a5d7cce23c7785459a');
INSERT INTO credits VALUES(154912,'mn6q3dS2EnDUx3bmyWc6D4szJNVGtaR7zc','XCP',100000000,NULL,NULL);
INSERT INTO credits VALUES(154913,'mn6q3dS2EnDUx3bmyWc6D4szJNVGtaR7zc','BBBB',1000000000,NULL,NULL);
INSERT INTO credits VALUES(154914,'mn6q3dS2EnDUx3bmyWc6D4szJNVGtaR7zc','BBBC',100000,NULL,NULL);
INSERT INTO credits VALUES(154915,'n3BrDB6zDiEPWEE6wLxywFb4Yp9ZY5fHM7','BBBB',4000000,NULL,'ca358758f6d27e6cf45272937977a748fd88391db679ceda7dc7bf1f005ee879');
INSERT INTO credits VALUES(154916,'n3BrDB6zDiEPWEE6wLxywFb4Yp9ZY5fHM7','BBBC',526,NULL,'beead77994cf573341ec17b58bbf7eb34d2711c993c1d976b128b3188dc1829a');
INSERT INTO credits VALUES(154917,'n3BrDB6zDiEPWEE6wLxywFb4Yp9ZY5fHM7','XCP',24,NULL,NULL);
INSERT INTO credits VALUES(154918,'n3BrDB6zDiEPWEE6wLxywFb4Yp9ZY5fHM7','XCP',420800,NULL,NULL);
INSERT INTO credits VALUES(154921,'mn6q3dS2EnDUx3bmyWc6D4szJNVGtaR7zc','XCP',4250000,'filled','9d1e0e2d9459d06523ad13e28a4093c2316baafe7aec5b25f30eba2e113599c4');
INSERT INTO credits VALUES(154923,'mn6q3dS2EnDUx3bmyWc6D4szJNVGtaR7zc','XCP',0,'filled','dc0e9c3658a1a3ed1ec94274d8b19925c93e1abb7ddba294923ad9bde30f8cb8');
INSERT INTO credits VALUES(154923,'mn6q3dS2EnDUx3bmyWc6D4szJNVGtaR7zc','XCP',0,'filled','dc0e9c3658a1a3ed1ec94274d8b19925c93e1abb7ddba294923ad9bde30f8cb8');
INSERT INTO credits VALUES(154925,'mn6q3dS2EnDUx3bmyWc6D4szJNVGtaR7zc','XCP',0,'filled','4a64a107f0cb32536e5bce6c98c393db21cca7f4ea187ba8c4dca8b51d4ea80a');
INSERT INTO credits VALUES(154925,'mn6q3dS2EnDUx3bmyWc6D4szJNVGtaR7zc','XCP',0,'filled','4a64a107f0cb32536e5bce6c98c393db21cca7f4ea187ba8c4dca8b51d4ea80a');
INSERT INTO credits VALUES(154926,'mn6q3dS2EnDUx3bmyWc6D4szJNVGtaR7zc','XCP',59137500,NULL,NULL);
INSERT INTO credits VALUES(154926,'mn6q3dS2EnDUx3bmyWc6D4szJNVGtaR7zc','XCP',3112500,NULL,NULL);
INSERT INTO credits VALUES(154927,'mn6q3dS2EnDUx3bmyWc6D4szJNVGtaR7zc','XCP',159300000,NULL,NULL);
INSERT INTO credits VALUES(154927,'mn6q3dS2EnDUx3bmyWc6D4szJNVGtaR7zc','XCP',315700000,NULL,NULL);
INSERT INTO credits VALUES(154927,'mn6q3dS2EnDUx3bmyWc6D4szJNVGtaR7zc','XCP',25000000,NULL,NULL);
INSERT INTO credits VALUES(154928,'mn6q3dS2EnDUx3bmyWc6D4szJNVGtaR7zc','XCP',1330000000,NULL,NULL);
INSERT INTO credits VALUES(154928,'mn6q3dS2EnDUx3bmyWc6D4szJNVGtaR7zc','XCP',70000000,NULL,NULL);
INSERT INTO credits VALUES(154930,'mn6q3dS2EnDUx3bmyWc6D4szJNVGtaR7zc','BBBB',50000000,NULL,'2f0fd1e89b8de1d57292742ec380ea47066e307ad645f5bc3adad8a06ff58608');
INSERT INTO credits VALUES(154931,'mn6q3dS2EnDUx3bmyWc6D4szJNVGtaR7zc','XCP',56999886870,NULL,'8f11b05da785e43e713d03774c6bd3405d99cd3024af334ffd68db663aa37034');
INSERT INTO credits VALUES(154932,'n3BrDB6zDiEPWEE6wLxywFb4Yp9ZY5fHM7','BBBC',10000,NULL,'452ba1ddef80246c48be7690193c76c1d61185906be9401014fe14f1be64b74f');
INSERT INTO credits VALUES(154933,'mn6q3dS2EnDUx3bmyWc6D4szJNVGtaR7zc','BBBC',3157,NULL,NULL);
INSERT INTO credits VALUES(154933,'n3BrDB6zDiEPWEE6wLxywFb4Yp9ZY5fHM7','XCP',4735500000,NULL,NULL);
-- Triggers and indices on  credits
CREATE INDEX address_idx ON credits (address)
                   ;

-- Table  debits
DROP TABLE IF EXISTS debits;
CREATE TABLE debits(
                      block_index INTEGER,
                      address TEXT,
                      asset TEXT,
                      quantity INTEGER,
                      action TEXT,
                      event TEXT,
                      FOREIGN KEY (block_index) REFERENCES blocks(block_index));
INSERT INTO debits VALUES(154909,'mn6q3dS2EnDUx3bmyWc6D4szJNVGtaR7zc','XCP',50000000,NULL,'4bf5122f344554c53bde2ebb8cd2b7e3d1600ad631c385a5d7cce23c7785459a');
INSERT INTO debits VALUES(154911,'mn6q3dS2EnDUx3bmyWc6D4szJNVGtaR7zc','XCP',105000000,NULL,'084fed08b978af4d7d196a7446a86b58009e636b611db16211b65a9aadff29c5');
INSERT INTO debits VALUES(154913,'mn6q3dS2EnDUx3bmyWc6D4szJNVGtaR7zc','XCP',50000000,NULL,NULL);
INSERT INTO debits VALUES(154914,'mn6q3dS2EnDUx3bmyWc6D4szJNVGtaR7zc','XCP',50000000,NULL,NULL);
INSERT INTO debits VALUES(154915,'mn6q3dS2EnDUx3bmyWc6D4szJNVGtaR7zc','BBBB',4000000,NULL,'ca358758f6d27e6cf45272937977a748fd88391db679ceda7dc7bf1f005ee879');
INSERT INTO debits VALUES(154916,'mn6q3dS2EnDUx3bmyWc6D4szJNVGtaR7zc','BBBC',526,NULL,'beead77994cf573341ec17b58bbf7eb34d2711c993c1d976b128b3188dc1829a');
INSERT INTO debits VALUES(154917,'mn6q3dS2EnDUx3bmyWc6D4szJNVGtaR7zc','XCP',24,NULL,NULL);
INSERT INTO debits VALUES(154918,'mn6q3dS2EnDUx3bmyWc6D4szJNVGtaR7zc','XCP',420800,NULL,NULL);
INSERT INTO debits VALUES(154920,'mn6q3dS2EnDUx3bmyWc6D4szJNVGtaR7zc','XCP',50000000,NULL,NULL);
INSERT INTO debits VALUES(154921,'mn6q3dS2EnDUx3bmyWc6D4szJNVGtaR7zc','XCP',25000000,NULL,NULL);
INSERT INTO debits VALUES(154922,'mn6q3dS2EnDUx3bmyWc6D4szJNVGtaR7zc','XCP',150000000,NULL,NULL);
INSERT INTO debits VALUES(154923,'mn6q3dS2EnDUx3bmyWc6D4szJNVGtaR7zc','XCP',350000000,NULL,NULL);
INSERT INTO debits VALUES(154924,'mn6q3dS2EnDUx3bmyWc6D4szJNVGtaR7zc','XCP',750000000,NULL,NULL);
INSERT INTO debits VALUES(154925,'mn6q3dS2EnDUx3bmyWc6D4szJNVGtaR7zc','XCP',650000000,NULL,NULL);
INSERT INTO debits VALUES(154929,'mn6q3dS2EnDUx3bmyWc6D4szJNVGtaR7zc','BBBB',50000000,NULL,'2f0fd1e89b8de1d57292742ec380ea47066e307ad645f5bc3adad8a06ff58608');
INSERT INTO debits VALUES(154932,'mn6q3dS2EnDUx3bmyWc6D4szJNVGtaR7zc','BBBC',10000,NULL,'452ba1ddef80246c48be7690193c76c1d61185906be9401014fe14f1be64b74f');
INSERT INTO debits VALUES(154933,'mn6q3dS2EnDUx3bmyWc6D4szJNVGtaR7zc','XCP',4735500000,NULL,NULL);
INSERT INTO debits VALUES(154933,'n3BrDB6zDiEPWEE6wLxywFb4Yp9ZY5fHM7','BBBC',3157,NULL,NULL);
-- Triggers and indices on  debits
CREATE INDEX debits_address_idx ON debits (address)
                   ;

-- Table  dividends
DROP TABLE IF EXISTS dividends;
CREATE TABLE dividends(
                      tx_index INTEGER PRIMARY KEY,
                      tx_hash TEXT UNIQUE,
                      block_index INTEGER,
                      source TEXT,
                      asset TEXT,
                      dividend_asset TEXT,
                      quantity_per_unit INTEGER,
                      status TEXT,
                      FOREIGN KEY (tx_index, tx_hash, block_index) REFERENCES transactions(tx_index, tx_hash, block_index));
INSERT INTO dividends VALUES(9,'2b4c342f5433ebe591a1da77e013d1b72475562d48578dca8b84bac6651c3cb9',154917,'mn6q3dS2EnDUx3bmyWc6D4szJNVGtaR7zc','BBBB','XCP',600,'valid');
INSERT INTO dividends VALUES(10,'01ba4719c80b6fe911b091a7c05124b64eeece964e09c058ef8f9805daca546b',154918,'mn6q3dS2EnDUx3bmyWc6D4szJNVGtaR7zc','BBBC','XCP',800,'valid');

-- Table  issuances
DROP TABLE IF EXISTS issuances;
CREATE TABLE issuances(
                      tx_index INTEGER PRIMARY KEY,
                      tx_hash TEXT UNIQUE,
                      block_index INTEGER,
                      asset TEXT,
                      quantity INTEGER,
                      divisible BOOL,
                      source TEXT,
                      issuer TEXT,
                      transfer BOOL,
                      callable BOOL,
                      call_date INTEGER,
                      call_price REAL,
                      description TEXT,
                      fee_paid INTEGER,
                      locked BOOL,
                      status TEXT,
                      FOREIGN KEY (tx_index, tx_hash, block_index) REFERENCES transactions(tx_index, tx_hash, block_index));
INSERT INTO issuances VALUES(5,'e77b9a9ae9e30b0dbdb6f510a264ef9de781501d7b6b92ae89eb059c5ab743db',154913,'BBBB',1000000000,1,'mn6q3dS2EnDUx3bmyWc6D4szJNVGtaR7zc','mn6q3dS2EnDUx3bmyWc6D4szJNVGtaR7zc',0,0,0,0.0,'',50000000,0,'valid');
INSERT INTO issuances VALUES(6,'67586e98fad27da0b9968bc039a1ef34c939b9b8e523a8bef89d478608c5ecf6',154914,'BBBC',100000,0,'mn6q3dS2EnDUx3bmyWc6D4szJNVGtaR7zc','mn6q3dS2EnDUx3bmyWc6D4szJNVGtaR7zc',0,1,17,0.015,'foobar',50000000,0,'valid');
-- Triggers and indices on  issuances
CREATE INDEX status_idx ON issuances (status)
                   ;
CREATE INDEX valid_asset_idx ON issuances (status, asset)
                   ;

-- Table  messages
DROP TABLE IF EXISTS messages;
CREATE TABLE messages(
                      message_index INTEGER PRIMARY KEY,
                      block_index INTEGER,
                      command TEXT,
                      category TEXT,
                      bindings TEXT);
INSERT INTO messages VALUES(0,154908,'insert','credits','{"action": null, "address": "mn6q3dS2EnDUx3bmyWc6D4szJNVGtaR7zc", "asset": "XCP", "block_index": 154908, "event": "6e340b9cffb37a989ca544e6bb780a2c78901d3fb33738768511a30617afa01d", "quantity": 93000000000}');
INSERT INTO messages VALUES(1,154908,'insert','burns','{"block_index": 154908, "burned": 62000000, "earned": 93000000000, "source": "mn6q3dS2EnDUx3bmyWc6D4szJNVGtaR7zc", "status": "valid", "tx_hash": "6e340b9cffb37a989ca544e6bb780a2c78901d3fb33738768511a30617afa01d", "tx_index": 0}');
INSERT INTO messages VALUES(2,154909,'insert','debits','{"action": null, "address": "mn6q3dS2EnDUx3bmyWc6D4szJNVGtaR7zc", "asset": "XCP", "block_index": 154909, "event": "4bf5122f344554c53bde2ebb8cd2b7e3d1600ad631c385a5d7cce23c7785459a", "quantity": 50000000}');
INSERT INTO messages VALUES(3,154909,'insert','credits','{"action": null, "address": "n3BrDB6zDiEPWEE6wLxywFb4Yp9ZY5fHM7", "asset": "XCP", "block_index": 154909, "event": "4bf5122f344554c53bde2ebb8cd2b7e3d1600ad631c385a5d7cce23c7785459a", "quantity": 50000000}');
INSERT INTO messages VALUES(4,154909,'insert','sends','{"asset": "XCP", "block_index": 154909, "destination": "n3BrDB6zDiEPWEE6wLxywFb4Yp9ZY5fHM7", "quantity": 50000000, "source": "mn6q3dS2EnDUx3bmyWc6D4szJNVGtaR7zc", "status": "valid", "tx_hash": "4bf5122f344554c53bde2ebb8cd2b7e3d1600ad631c385a5d7cce23c7785459a", "tx_index": 1}');
INSERT INTO messages VALUES(5,154910,'insert','orders','{"block_index": 154910, "expiration": 10, "expire_index": 154920, "fee_provided": 1000000, "fee_provided_remaining": 1000000, "fee_required": 0, "fee_required_remaining": 0, "get_asset": "XCP", "get_quantity": 100000000, "get_remaining": 100000000, "give_asset": "BTC", "give_quantity": 50000000, "give_remaining": 50000000, "source": "mn6q3dS2EnDUx3bmyWc6D4szJNVGtaR7zc", "status": "open", "tx_hash": "dbc1b4c900ffe48d575b5da5c638040125f65db0fe3e24494b76ea986457d986", "tx_index": 2}');
INSERT INTO messages VALUES(6,154911,'insert','debits','{"action": null, "address": "mn6q3dS2EnDUx3bmyWc6D4szJNVGtaR7zc", "asset": "XCP", "block_index": 154911, "event": "084fed08b978af4d7d196a7446a86b58009e636b611db16211b65a9aadff29c5", "quantity": 105000000}');
INSERT INTO messages VALUES(7,154911,'insert','orders','{"block_index": 154911, "expiration": 10, "expire_index": 154921, "fee_provided": 20000, "fee_provided_remaining": 20000, "fee_required": 900000, "fee_required_remaining": 900000, "get_asset": "BTC", "get_quantity": 50000000, "get_remaining": 50000000, "give_asset": "XCP", "give_quantity": 105000000, "give_remaining": 105000000, "source": "mn6q3dS2EnDUx3bmyWc6D4szJNVGtaR7zc", "status": "open", "tx_hash": "084fed08b978af4d7d196a7446a86b58009e636b611db16211b65a9aadff29c5", "tx_index": 3}');
INSERT INTO messages VALUES(8,154911,'update','orders','{"fee_provided_remaining": 100000, "fee_required_remaining": 0, "get_remaining": 0, "give_remaining": 0, "status": "open", "tx_hash": "dbc1b4c900ffe48d575b5da5c638040125f65db0fe3e24494b76ea986457d986"}');
INSERT INTO messages VALUES(9,154911,'update','orders','{"fee_provided_remaining": 20000, "fee_required_remaining": 0, "get_remaining": 0, "give_remaining": 5000000, "status": "open", "tx_hash": "084fed08b978af4d7d196a7446a86b58009e636b611db16211b65a9aadff29c5"}');
INSERT INTO messages VALUES(10,154911,'insert','order_matches','{"backward_asset": "XCP", "backward_quantity": 100000000, "fee_paid": 900000, "forward_asset": "BTC", "forward_quantity": 50000000, "id": "dbc1b4c900ffe48d575b5da5c638040125f65db0fe3e24494b76ea986457d986084fed08b978af4d7d196a7446a86b58009e636b611db16211b65a9aadff29c5", "match_expire_index": 154921, "status": "pending", "tx0_address": "mn6q3dS2EnDUx3bmyWc6D4szJNVGtaR7zc", "tx0_block_index": 154910, "tx0_expiration": 10, "tx0_hash": "dbc1b4c900ffe48d575b5da5c638040125f65db0fe3e24494b76ea986457d986", "tx0_index": 2, "tx1_address": "mn6q3dS2EnDUx3bmyWc6D4szJNVGtaR7zc", "tx1_block_index": 154911, "tx1_expiration": 10, "tx1_hash": "084fed08b978af4d7d196a7446a86b58009e636b611db16211b65a9aadff29c5", "tx1_index": 3}');
INSERT INTO messages VALUES(11,154912,'insert','credits','{"action": null, "address": "mn6q3dS2EnDUx3bmyWc6D4szJNVGtaR7zc", "asset": "XCP", "block_index": 154912, "event": null, "quantity": 100000000}');
INSERT INTO messages VALUES(12,154912,'update','order_matches','{"order_match_id": "dbc1b4c900ffe48d575b5da5c638040125f65db0fe3e24494b76ea986457d986084fed08b978af4d7d196a7446a86b58009e636b611db16211b65a9aadff29c5", "status": "completed"}');
INSERT INTO messages VALUES(13,154912,'insert','btcpays','{"block_index": 154912, "btc_amount": 50000000, "destination": "mn6q3dS2EnDUx3bmyWc6D4szJNVGtaR7zc", "order_match_id": "dbc1b4c900ffe48d575b5da5c638040125f65db0fe3e24494b76ea986457d986084fed08b978af4d7d196a7446a86b58009e636b611db16211b65a9aadff29c5", "source": "mn6q3dS2EnDUx3bmyWc6D4szJNVGtaR7zc", "status": "valid", "tx_hash": "e52d9c508c502347344d8c07ad91cbd6068afc75ff6292f062a09ca381c89e71", "tx_index": 4}');
INSERT INTO messages VALUES(14,154913,'insert','debits','{"action": null, "address": "mn6q3dS2EnDUx3bmyWc6D4szJNVGtaR7zc", "asset": "XCP", "block_index": 154913, "event": null, "quantity": 50000000}');
INSERT INTO messages VALUES(15,154913,'insert','issuances','{"asset": "BBBB", "block_index": 154913, "call_date": 0, "call_price": 0.0, "callable": false, "description": "", "divisible": true, "fee_paid": 50000000, "issuer": "mn6q3dS2EnDUx3bmyWc6D4szJNVGtaR7zc", "locked": false, "quantity": 1000000000, "source": "mn6q3dS2EnDUx3bmyWc6D4szJNVGtaR7zc", "status": "valid", "transfer": false, "tx_hash": "e77b9a9ae9e30b0dbdb6f510a264ef9de781501d7b6b92ae89eb059c5ab743db", "tx_index": 5}');
INSERT INTO messages VALUES(16,154913,'insert','credits','{"action": null, "address": "mn6q3dS2EnDUx3bmyWc6D4szJNVGtaR7zc", "asset": "BBBB", "block_index": 154913, "event": null, "quantity": 1000000000}');
INSERT INTO messages VALUES(17,154914,'insert','debits','{"action": null, "address": "mn6q3dS2EnDUx3bmyWc6D4szJNVGtaR7zc", "asset": "XCP", "block_index": 154914, "event": null, "quantity": 50000000}');
INSERT INTO messages VALUES(18,154914,'insert','issuances','{"asset": "BBBC", "block_index": 154914, "call_date": 17, "call_price": 0.015, "callable": true, "description": "foobar", "divisible": false, "fee_paid": 50000000, "issuer": "mn6q3dS2EnDUx3bmyWc6D4szJNVGtaR7zc", "locked": false, "quantity": 100000, "source": "mn6q3dS2EnDUx3bmyWc6D4szJNVGtaR7zc", "status": "valid", "transfer": false, "tx_hash": "67586e98fad27da0b9968bc039a1ef34c939b9b8e523a8bef89d478608c5ecf6", "tx_index": 6}');
INSERT INTO messages VALUES(19,154914,'insert','credits','{"action": null, "address": "mn6q3dS2EnDUx3bmyWc6D4szJNVGtaR7zc", "asset": "BBBC", "block_index": 154914, "event": null, "quantity": 100000}');
INSERT INTO messages VALUES(20,154915,'insert','debits','{"action": null, "address": "mn6q3dS2EnDUx3bmyWc6D4szJNVGtaR7zc", "asset": "BBBB", "block_index": 154915, "event": "ca358758f6d27e6cf45272937977a748fd88391db679ceda7dc7bf1f005ee879", "quantity": 4000000}');
INSERT INTO messages VALUES(21,154915,'insert','credits','{"action": null, "address": "n3BrDB6zDiEPWEE6wLxywFb4Yp9ZY5fHM7", "asset": "BBBB", "block_index": 154915, "event": "ca358758f6d27e6cf45272937977a748fd88391db679ceda7dc7bf1f005ee879", "quantity": 4000000}');
INSERT INTO messages VALUES(22,154915,'insert','sends','{"asset": "BBBB", "block_index": 154915, "destination": "n3BrDB6zDiEPWEE6wLxywFb4Yp9ZY5fHM7", "quantity": 4000000, "source": "mn6q3dS2EnDUx3bmyWc6D4szJNVGtaR7zc", "status": "valid", "tx_hash": "ca358758f6d27e6cf45272937977a748fd88391db679ceda7dc7bf1f005ee879", "tx_index": 7}');
INSERT INTO messages VALUES(23,154916,'insert','debits','{"action": null, "address": "mn6q3dS2EnDUx3bmyWc6D4szJNVGtaR7zc", "asset": "BBBC", "block_index": 154916, "event": "beead77994cf573341ec17b58bbf7eb34d2711c993c1d976b128b3188dc1829a", "quantity": 526}');
INSERT INTO messages VALUES(24,154916,'insert','credits','{"action": null, "address": "n3BrDB6zDiEPWEE6wLxywFb4Yp9ZY5fHM7", "asset": "BBBC", "block_index": 154916, "event": "beead77994cf573341ec17b58bbf7eb34d2711c993c1d976b128b3188dc1829a", "quantity": 526}');
INSERT INTO messages VALUES(25,154916,'insert','sends','{"asset": "BBBC", "block_index": 154916, "destination": "n3BrDB6zDiEPWEE6wLxywFb4Yp9ZY5fHM7", "quantity": 526, "source": "mn6q3dS2EnDUx3bmyWc6D4szJNVGtaR7zc", "status": "valid", "tx_hash": "beead77994cf573341ec17b58bbf7eb34d2711c993c1d976b128b3188dc1829a", "tx_index": 8}');
INSERT INTO messages VALUES(26,154917,'insert','debits','{"action": null, "address": "mn6q3dS2EnDUx3bmyWc6D4szJNVGtaR7zc", "asset": "XCP", "block_index": 154917, "event": null, "quantity": 24}');
INSERT INTO messages VALUES(27,154917,'insert','credits','{"action": null, "address": "n3BrDB6zDiEPWEE6wLxywFb4Yp9ZY5fHM7", "asset": "XCP", "block_index": 154917, "event": null, "quantity": 24}');
INSERT INTO messages VALUES(28,154917,'insert','dividends','{"asset": "BBBB", "block_index": 154917, "dividend_asset": "XCP", "quantity_per_unit": 600, "source": "mn6q3dS2EnDUx3bmyWc6D4szJNVGtaR7zc", "status": "valid", "tx_hash": "2b4c342f5433ebe591a1da77e013d1b72475562d48578dca8b84bac6651c3cb9", "tx_index": 9}');
INSERT INTO messages VALUES(29,154918,'insert','debits','{"action": null, "address": "mn6q3dS2EnDUx3bmyWc6D4szJNVGtaR7zc", "asset": "XCP", "block_index": 154918, "event": null, "quantity": 420800}');
INSERT INTO messages VALUES(30,154918,'insert','credits','{"action": null, "address": "n3BrDB6zDiEPWEE6wLxywFb4Yp9ZY5fHM7", "asset": "XCP", "block_index": 154918, "event": null, "quantity": 420800}');
INSERT INTO messages VALUES(31,154918,'insert','dividends','{"asset": "BBBC", "block_index": 154918, "dividend_asset": "XCP", "quantity_per_unit": 800, "source": "mn6q3dS2EnDUx3bmyWc6D4szJNVGtaR7zc", "status": "valid", "tx_hash": "01ba4719c80b6fe911b091a7c05124b64eeece964e09c058ef8f9805daca546b", "tx_index": 10}');
INSERT INTO messages VALUES(32,154919,'insert','broadcasts','{"block_index": 154919, "fee_fraction_int": 5000000, "locked": false, "source": "mn6q3dS2EnDUx3bmyWc6D4szJNVGtaR7zc", "status": "valid", "text": "Unit Test", "timestamp": 1388000000, "tx_hash": "e7cf46a078fed4fafd0b5e3aff144802b853f8ae459a4f0c14add3314b7cc3a6", "tx_index": 11, "value": 100.0}');
INSERT INTO messages VALUES(33,154920,'insert','debits','{"action": null, "address": "mn6q3dS2EnDUx3bmyWc6D4szJNVGtaR7zc", "asset": "XCP", "block_index": 154920, "event": null, "quantity": 50000000}');
INSERT INTO messages VALUES(34,154920,'insert','bets','{"bet_type": 0, "block_index": 154920, "counterwager_quantity": 25000000, "counterwager_remaining": 25000000, "deadline": 1388000100, "expiration": 10, "expire_index": 154930, "fee_fraction_int": 5000000.0, "feed_address": "mn6q3dS2EnDUx3bmyWc6D4szJNVGtaR7zc", "leverage": 15120, "source": "mn6q3dS2EnDUx3bmyWc6D4szJNVGtaR7zc", "status": "open", "target_value": 0.0, "tx_hash": "ef6cbd2161eaea7943ce8693b9824d23d1793ffb1c0fca05b600d3899b44c977", "tx_index": 12, "wager_quantity": 50000000, "wager_remaining": 50000000}');
INSERT INTO messages VALUES(35,154921,'insert','debits','{"action": null, "address": "mn6q3dS2EnDUx3bmyWc6D4szJNVGtaR7zc", "asset": "XCP", "block_index": 154921, "event": null, "quantity": 25000000}');
INSERT INTO messages VALUES(36,154921,'insert','bets','{"bet_type": 1, "block_index": 154921, "counterwager_quantity": 41500000, "counterwager_remaining": 41500000, "deadline": 1388000100, "expiration": 10, "expire_index": 154931, "fee_fraction_int": 5000000.0, "feed_address": "mn6q3dS2EnDUx3bmyWc6D4szJNVGtaR7zc", "leverage": 15120, "source": "mn6q3dS2EnDUx3bmyWc6D4szJNVGtaR7zc", "status": "open", "target_value": 0.0, "tx_hash": "9d1e0e2d9459d06523ad13e28a4093c2316baafe7aec5b25f30eba2e113599c4", "tx_index": 13, "wager_quantity": 25000000, "wager_remaining": 25000000}');
INSERT INTO messages VALUES(37,154921,'update','bets','{"counterwager_remaining": 4250000, "status": "open", "tx_hash": "ef6cbd2161eaea7943ce8693b9824d23d1793ffb1c0fca05b600d3899b44c977", "wager_remaining": 8500000}');
INSERT INTO messages VALUES(38,154921,'insert','credits','{"action": "filled", "address": "mn6q3dS2EnDUx3bmyWc6D4szJNVGtaR7zc", "asset": "XCP", "block_index": 154921, "event": "9d1e0e2d9459d06523ad13e28a4093c2316baafe7aec5b25f30eba2e113599c4", "quantity": 4250000}');
INSERT INTO messages VALUES(39,154921,'update','bets','{"counterwager_remaining": 0, "status": "filled", "tx_hash": "9d1e0e2d9459d06523ad13e28a4093c2316baafe7aec5b25f30eba2e113599c4", "wager_remaining": 4250000}');
INSERT INTO messages VALUES(40,154921,'insert','bet_matches','{"backward_quantity": 20750000, "deadline": 1388000100, "fee_fraction_int": 5000000, "feed_address": "mn6q3dS2EnDUx3bmyWc6D4szJNVGtaR7zc", "forward_quantity": 41500000, "id": "ef6cbd2161eaea7943ce8693b9824d23d1793ffb1c0fca05b600d3899b44c9779d1e0e2d9459d06523ad13e28a4093c2316baafe7aec5b25f30eba2e113599c4", "initial_value": 100.0, "leverage": 15120, "match_expire_index": 154930, "status": "pending", "target_value": 0.0, "tx0_address": "mn6q3dS2EnDUx3bmyWc6D4szJNVGtaR7zc", "tx0_bet_type": 0, "tx0_block_index": 154920, "tx0_expiration": 10, "tx0_hash": "ef6cbd2161eaea7943ce8693b9824d23d1793ffb1c0fca05b600d3899b44c977", "tx0_index": 12, "tx1_address": "mn6q3dS2EnDUx3bmyWc6D4szJNVGtaR7zc", "tx1_bet_type": 1, "tx1_block_index": 154921, "tx1_expiration": 10, "tx1_hash": "9d1e0e2d9459d06523ad13e28a4093c2316baafe7aec5b25f30eba2e113599c4", "tx1_index": 13}');
INSERT INTO messages VALUES(41,154922,'insert','debits','{"action": null, "address": "mn6q3dS2EnDUx3bmyWc6D4szJNVGtaR7zc", "asset": "XCP", "block_index": 154922, "event": null, "quantity": 150000000}');
INSERT INTO messages VALUES(42,154922,'insert','bets','{"bet_type": 0, "block_index": 154922, "counterwager_quantity": 350000000, "counterwager_remaining": 350000000, "deadline": 1388000100, "expiration": 10, "expire_index": 154932, "fee_fraction_int": 5000000.0, "feed_address": "mn6q3dS2EnDUx3bmyWc6D4szJNVGtaR7zc", "leverage": 5040, "source": "mn6q3dS2EnDUx3bmyWc6D4szJNVGtaR7zc", "status": "open", "target_value": 0.0, "tx_hash": "4d7b3ef7300acf70c892d8327db8272f54434adbc61a4e130a563cb59a0d0f47", "tx_index": 14, "wager_quantity": 150000000, "wager_remaining": 150000000}');
INSERT INTO messages VALUES(43,154923,'insert','debits','{"action": null, "address": "mn6q3dS2EnDUx3bmyWc6D4szJNVGtaR7zc", "asset": "XCP", "block_index": 154923, "event": null, "quantity": 350000000}');
INSERT INTO messages VALUES(44,154923,'insert','bets','{"bet_type": 1, "block_index": 154923, "counterwager_quantity": 150000000, "counterwager_remaining": 150000000, "deadline": 1388000100, "expiration": 10, "expire_index": 154933, "fee_fraction_int": 5000000.0, "feed_address": "mn6q3dS2EnDUx3bmyWc6D4szJNVGtaR7zc", "leverage": 5040, "source": "mn6q3dS2EnDUx3bmyWc6D4szJNVGtaR7zc", "status": "open", "target_value": 0.0, "tx_hash": "dc0e9c3658a1a3ed1ec94274d8b19925c93e1abb7ddba294923ad9bde30f8cb8", "tx_index": 15, "wager_quantity": 350000000, "wager_remaining": 350000000}');
INSERT INTO messages VALUES(45,154923,'insert','credits','{"action": "filled", "address": "mn6q3dS2EnDUx3bmyWc6D4szJNVGtaR7zc", "asset": "XCP", "block_index": 154923, "event": "dc0e9c3658a1a3ed1ec94274d8b19925c93e1abb7ddba294923ad9bde30f8cb8", "quantity": 0}');
INSERT INTO messages VALUES(46,154923,'update','bets','{"counterwager_remaining": 0, "status": "filled", "tx_hash": "4d7b3ef7300acf70c892d8327db8272f54434adbc61a4e130a563cb59a0d0f47", "wager_remaining": 0}');
INSERT INTO messages VALUES(47,154923,'insert','credits','{"action": "filled", "address": "mn6q3dS2EnDUx3bmyWc6D4szJNVGtaR7zc", "asset": "XCP", "block_index": 154923, "event": "dc0e9c3658a1a3ed1ec94274d8b19925c93e1abb7ddba294923ad9bde30f8cb8", "quantity": 0}');
INSERT INTO messages VALUES(48,154923,'update','bets','{"counterwager_remaining": 0, "status": "filled", "tx_hash": "dc0e9c3658a1a3ed1ec94274d8b19925c93e1abb7ddba294923ad9bde30f8cb8", "wager_remaining": 0}');
INSERT INTO messages VALUES(49,154923,'insert','bet_matches','{"backward_quantity": 350000000, "deadline": 1388000100, "fee_fraction_int": 5000000, "feed_address": "mn6q3dS2EnDUx3bmyWc6D4szJNVGtaR7zc", "forward_quantity": 150000000, "id": "4d7b3ef7300acf70c892d8327db8272f54434adbc61a4e130a563cb59a0d0f47dc0e9c3658a1a3ed1ec94274d8b19925c93e1abb7ddba294923ad9bde30f8cb8", "initial_value": 100.0, "leverage": 5040, "match_expire_index": 154932, "status": "pending", "target_value": 0.0, "tx0_address": "mn6q3dS2EnDUx3bmyWc6D4szJNVGtaR7zc", "tx0_bet_type": 0, "tx0_block_index": 154922, "tx0_expiration": 10, "tx0_hash": "4d7b3ef7300acf70c892d8327db8272f54434adbc61a4e130a563cb59a0d0f47", "tx0_index": 14, "tx1_address": "mn6q3dS2EnDUx3bmyWc6D4szJNVGtaR7zc", "tx1_bet_type": 1, "tx1_block_index": 154923, "tx1_expiration": 10, "tx1_hash": "dc0e9c3658a1a3ed1ec94274d8b19925c93e1abb7ddba294923ad9bde30f8cb8", "tx1_index": 15}');
INSERT INTO messages VALUES(50,154924,'insert','debits','{"action": null, "address": "mn6q3dS2EnDUx3bmyWc6D4szJNVGtaR7zc", "asset": "XCP", "block_index": 154924, "event": null, "quantity": 750000000}');
INSERT INTO messages VALUES(51,154924,'insert','bets','{"bet_type": 2, "block_index": 154924, "counterwager_quantity": 650000000, "counterwager_remaining": 650000000, "deadline": 1388000200, "expiration": 10, "expire_index": 154934, "fee_fraction_int": 5000000.0, "feed_address": "mn6q3dS2EnDUx3bmyWc6D4szJNVGtaR7zc", "leverage": 5040, "source": "mn6q3dS2EnDUx3bmyWc6D4szJNVGtaR7zc", "status": "open", "target_value": 1.0, "tx_hash": "c555eab45d08845ae9f10d452a99bfcb06f74a50b988fe7e48dd323789b88ee3", "tx_index": 16, "wager_quantity": 750000000, "wager_remaining": 750000000}');
INSERT INTO messages VALUES(52,154925,'insert','debits','{"action": null, "address": "mn6q3dS2EnDUx3bmyWc6D4szJNVGtaR7zc", "asset": "XCP", "block_index": 154925, "event": null, "quantity": 650000000}');
INSERT INTO messages VALUES(53,154925,'insert','bets','{"bet_type": 3, "block_index": 154925, "counterwager_quantity": 750000000, "counterwager_remaining": 750000000, "deadline": 1388000200, "expiration": 10, "expire_index": 154935, "fee_fraction_int": 5000000.0, "feed_address": "mn6q3dS2EnDUx3bmyWc6D4szJNVGtaR7zc", "leverage": 5040, "source": "mn6q3dS2EnDUx3bmyWc6D4szJNVGtaR7zc", "status": "open", "target_value": 1.0, "tx_hash": "4a64a107f0cb32536e5bce6c98c393db21cca7f4ea187ba8c4dca8b51d4ea80a", "tx_index": 17, "wager_quantity": 650000000, "wager_remaining": 650000000}');
INSERT INTO messages VALUES(54,154925,'insert','credits','{"action": "filled", "address": "mn6q3dS2EnDUx3bmyWc6D4szJNVGtaR7zc", "asset": "XCP", "block_index": 154925, "event": "4a64a107f0cb32536e5bce6c98c393db21cca7f4ea187ba8c4dca8b51d4ea80a", "quantity": 0}');
INSERT INTO messages VALUES(55,154925,'update','bets','{"counterwager_remaining": 0, "status": "filled", "tx_hash": "c555eab45d08845ae9f10d452a99bfcb06f74a50b988fe7e48dd323789b88ee3", "wager_remaining": 0}');
INSERT INTO messages VALUES(56,154925,'insert','credits','{"action": "filled", "address": "mn6q3dS2EnDUx3bmyWc6D4szJNVGtaR7zc", "asset": "XCP", "block_index": 154925, "event": "4a64a107f0cb32536e5bce6c98c393db21cca7f4ea187ba8c4dca8b51d4ea80a", "quantity": 0}');
INSERT INTO messages VALUES(57,154925,'update','bets','{"counterwager_remaining": 0, "status": "filled", "tx_hash": "4a64a107f0cb32536e5bce6c98c393db21cca7f4ea187ba8c4dca8b51d4ea80a", "wager_remaining": 0}');
INSERT INTO messages VALUES(58,154925,'insert','bet_matches','{"backward_quantity": 650000000, "deadline": 1388000200, "fee_fraction_int": 5000000, "feed_address": "mn6q3dS2EnDUx3bmyWc6D4szJNVGtaR7zc", "forward_quantity": 750000000, "id": "c555eab45d08845ae9f10d452a99bfcb06f74a50b988fe7e48dd323789b88ee34a64a107f0cb32536e5bce6c98c393db21cca7f4ea187ba8c4dca8b51d4ea80a", "initial_value": 100.0, "leverage": 5040, "match_expire_index": 154934, "status": "pending", "target_value": 1.0, "tx0_address": "mn6q3dS2EnDUx3bmyWc6D4szJNVGtaR7zc", "tx0_bet_type": 2, "tx0_block_index": 154924, "tx0_expiration": 10, "tx0_hash": "c555eab45d08845ae9f10d452a99bfcb06f74a50b988fe7e48dd323789b88ee3", "tx0_index": 16, "tx1_address": "mn6q3dS2EnDUx3bmyWc6D4szJNVGtaR7zc", "tx1_bet_type": 3, "tx1_block_index": 154925, "tx1_expiration": 10, "tx1_hash": "4a64a107f0cb32536e5bce6c98c393db21cca7f4ea187ba8c4dca8b51d4ea80a", "tx1_index": 17}');
INSERT INTO messages VALUES(59,154926,'insert','broadcasts','{"block_index": 154926, "fee_fraction_int": 5000000, "locked": false, "source": "mn6q3dS2EnDUx3bmyWc6D4szJNVGtaR7zc", "status": "valid", "text": "Unit Test", "timestamp": 1388000050, "tx_hash": "f299791cddd3d6664f6670842812ef6053eb6501bd6282a476bbbf3ee91e750c", "tx_index": 18, "value": 99.86166}');
INSERT INTO messages VALUES(60,154926,'insert','credits','{"action": null, "address": "mn6q3dS2EnDUx3bmyWc6D4szJNVGtaR7zc", "asset": "XCP", "block_index": 154926, "event": null, "quantity": 59137500}');
INSERT INTO messages VALUES(61,154926,'insert','credits','{"action": null, "address": "mn6q3dS2EnDUx3bmyWc6D4szJNVGtaR7zc", "asset": "XCP", "block_index": 154926, "event": null, "quantity": 3112500}');
INSERT INTO messages VALUES(62,154926,'update','bet_matches','{"bet_match_id": "ef6cbd2161eaea7943ce8693b9824d23d1793ffb1c0fca05b600d3899b44c9779d1e0e2d9459d06523ad13e28a4093c2316baafe7aec5b25f30eba2e113599c4", "status": "settled: liquidated for bull"}');
INSERT INTO messages VALUES(63,154927,'insert','broadcasts','{"block_index": 154927, "fee_fraction_int": 5000000, "locked": false, "source": "mn6q3dS2EnDUx3bmyWc6D4szJNVGtaR7zc", "status": "valid", "text": "Unit Test", "timestamp": 1388000101, "tx_hash": "ab897fbdedfa502b2d839b6a56100887dccdc507555c282e59589e06300a62e2", "tx_index": 19, "value": 100.343}');
INSERT INTO messages VALUES(64,154927,'insert','credits','{"action": null, "address": "mn6q3dS2EnDUx3bmyWc6D4szJNVGtaR7zc", "asset": "XCP", "block_index": 154927, "event": null, "quantity": 159300000}');
INSERT INTO messages VALUES(65,154927,'insert','credits','{"action": null, "address": "mn6q3dS2EnDUx3bmyWc6D4szJNVGtaR7zc", "asset": "XCP", "block_index": 154927, "event": null, "quantity": 315700000}');
INSERT INTO messages VALUES(66,154927,'insert','credits','{"action": null, "address": "mn6q3dS2EnDUx3bmyWc6D4szJNVGtaR7zc", "asset": "XCP", "block_index": 154927, "event": null, "quantity": 25000000}');
INSERT INTO messages VALUES(67,154927,'update','bet_matches','{"bet_match_id": "4d7b3ef7300acf70c892d8327db8272f54434adbc61a4e130a563cb59a0d0f47dc0e9c3658a1a3ed1ec94274d8b19925c93e1abb7ddba294923ad9bde30f8cb8", "status": "settled"}');
INSERT INTO messages VALUES(68,154928,'insert','broadcasts','{"block_index": 154928, "fee_fraction_int": 5000000, "locked": false, "source": "mn6q3dS2EnDUx3bmyWc6D4szJNVGtaR7zc", "status": "valid", "text": "Unit Test", "timestamp": 1388000201, "tx_hash": "83891d7fe85c33e52c8b4e5814c92fb6a3b9467299200538a6babaa8b452d879", "tx_index": 20, "value": 2.0}');
INSERT INTO messages VALUES(69,154928,'insert','credits','{"action": null, "address": "mn6q3dS2EnDUx3bmyWc6D4szJNVGtaR7zc", "asset": "XCP", "block_index": 154928, "event": null, "quantity": 1330000000}');
INSERT INTO messages VALUES(70,154928,'insert','credits','{"action": null, "address": "mn6q3dS2EnDUx3bmyWc6D4szJNVGtaR7zc", "asset": "XCP", "block_index": 154928, "event": null, "quantity": 70000000}');
INSERT INTO messages VALUES(71,154928,'update','bet_matches','{"bet_match_id": "c555eab45d08845ae9f10d452a99bfcb06f74a50b988fe7e48dd323789b88ee34a64a107f0cb32536e5bce6c98c393db21cca7f4ea187ba8c4dca8b51d4ea80a", "status": "settled: for notequal"}');
INSERT INTO messages VALUES(72,154929,'insert','debits','{"action": null, "address": "mn6q3dS2EnDUx3bmyWc6D4szJNVGtaR7zc", "asset": "BBBB", "block_index": 154929, "event": "2f0fd1e89b8de1d57292742ec380ea47066e307ad645f5bc3adad8a06ff58608", "quantity": 50000000}');
INSERT INTO messages VALUES(73,154929,'insert','orders','{"block_index": 154929, "expiration": 10, "expire_index": 154939, "fee_provided": 20000, "fee_provided_remaining": 20000, "fee_required": 0, "fee_required_remaining": 0, "get_asset": "XCP", "get_quantity": 50000000, "get_remaining": 50000000, "give_asset": "BBBB", "give_quantity": 50000000, "give_remaining": 50000000, "source": "mn6q3dS2EnDUx3bmyWc6D4szJNVGtaR7zc", "status": "open", "tx_hash": "2f0fd1e89b8de1d57292742ec380ea47066e307ad645f5bc3adad8a06ff58608", "tx_index": 21}');
INSERT INTO messages VALUES(74,154930,'update','orders','{"status": "cancelled", "tx_hash": "2f0fd1e89b8de1d57292742ec380ea47066e307ad645f5bc3adad8a06ff58608"}');
INSERT INTO messages VALUES(75,154930,'insert','credits','{"action": null, "address": "mn6q3dS2EnDUx3bmyWc6D4szJNVGtaR7zc", "asset": "BBBB", "block_index": 154930, "event": "2f0fd1e89b8de1d57292742ec380ea47066e307ad645f5bc3adad8a06ff58608", "quantity": 50000000}');
INSERT INTO messages VALUES(76,154930,'insert','cancels','{"block_index": 154930, "offer_hash": "2f0fd1e89b8de1d57292742ec380ea47066e307ad645f5bc3adad8a06ff58608", "source": "mn6q3dS2EnDUx3bmyWc6D4szJNVGtaR7zc", "status": "valid", "tx_hash": "7cb7c4547cf2653590d7a9ace60cc623d25148adfbc88a89aeb0ef88da7839ba", "tx_index": 22}');
INSERT INTO messages VALUES(77,154931,'insert','credits','{"action": null, "address": "mn6q3dS2EnDUx3bmyWc6D4szJNVGtaR7zc", "asset": "XCP", "block_index": 154931, "event": "8f11b05da785e43e713d03774c6bd3405d99cd3024af334ffd68db663aa37034", "quantity": 56999886870}');
INSERT INTO messages VALUES(78,154931,'insert','burns','{"block_index": 154931, "burned": 38000000, "earned": 56999886870, "source": "mn6q3dS2EnDUx3bmyWc6D4szJNVGtaR7zc", "status": "valid", "tx_hash": "8f11b05da785e43e713d03774c6bd3405d99cd3024af334ffd68db663aa37034", "tx_index": 23}');
INSERT INTO messages VALUES(79,154932,'insert','debits','{"action": null, "address": "mn6q3dS2EnDUx3bmyWc6D4szJNVGtaR7zc", "asset": "BBBC", "block_index": 154932, "event": "452ba1ddef80246c48be7690193c76c1d61185906be9401014fe14f1be64b74f", "quantity": 10000}');
INSERT INTO messages VALUES(80,154932,'insert','credits','{"action": null, "address": "n3BrDB6zDiEPWEE6wLxywFb4Yp9ZY5fHM7", "asset": "BBBC", "block_index": 154932, "event": "452ba1ddef80246c48be7690193c76c1d61185906be9401014fe14f1be64b74f", "quantity": 10000}');
INSERT INTO messages VALUES(81,154932,'insert','sends','{"asset": "BBBC", "block_index": 154932, "destination": "n3BrDB6zDiEPWEE6wLxywFb4Yp9ZY5fHM7", "quantity": 10000, "source": "mn6q3dS2EnDUx3bmyWc6D4szJNVGtaR7zc", "status": "valid", "tx_hash": "452ba1ddef80246c48be7690193c76c1d61185906be9401014fe14f1be64b74f", "tx_index": 24}');
INSERT INTO messages VALUES(82,154933,'insert','debits','{"action": null, "address": "mn6q3dS2EnDUx3bmyWc6D4szJNVGtaR7zc", "asset": "XCP", "block_index": 154933, "event": null, "quantity": 4735500000}');
INSERT INTO messages VALUES(83,154933,'insert','credits','{"action": null, "address": "mn6q3dS2EnDUx3bmyWc6D4szJNVGtaR7zc", "asset": "BBBC", "block_index": 154933, "event": null, "quantity": 3157}');
INSERT INTO messages VALUES(84,154933,'insert','debits','{"action": null, "address": "n3BrDB6zDiEPWEE6wLxywFb4Yp9ZY5fHM7", "asset": "BBBC", "block_index": 154933, "event": null, "quantity": 3157}');
INSERT INTO messages VALUES(85,154933,'insert','credits','{"action": null, "address": "n3BrDB6zDiEPWEE6wLxywFb4Yp9ZY5fHM7", "asset": "XCP", "block_index": 154933, "event": null, "quantity": 4735500000}');
INSERT INTO messages VALUES(86,154933,'insert','callbacks','{"asset": "BBBC", "block_index": 154933, "fraction": 0.3, "source": "mn6q3dS2EnDUx3bmyWc6D4szJNVGtaR7zc", "status": "valid", "tx_hash": "68aa2e2ee5dff96e3355e6c7ee373e3d6a4e17f75f9518d843709c0c9bc3e3d4", "tx_index": 25}');

-- Table  order_expirations
DROP TABLE IF EXISTS order_expirations;
CREATE TABLE order_expirations(
                      order_index INTEGER PRIMARY KEY,
                      order_hash TEXT UNIQUE,
                      source TEXT,
                      block_index INTEGER,
                      FOREIGN KEY (block_index) REFERENCES blocks(block_index),
                      FOREIGN KEY (order_index, order_hash) REFERENCES orders(tx_index, tx_hash));

-- Table  order_match_expirations
DROP TABLE IF EXISTS order_match_expirations;
CREATE TABLE order_match_expirations(
                      order_match_id TEXT PRIMARY KEY,
                      tx0_address TEXT,
                      tx1_address TEXT,
                      block_index INTEGER,
                      FOREIGN KEY (order_match_id) REFERENCES order_matches(id),
                      FOREIGN KEY (block_index) REFERENCES blocks(block_index));

-- Table  order_matches
DROP TABLE IF EXISTS order_matches;
CREATE TABLE order_matches(
                      id TEXT PRIMARY KEY,
                      tx0_index INTEGER,
                      tx0_hash TEXT,
                      tx0_address TEXT,
                      tx1_index INTEGER,
                      tx1_hash TEXT,
                      tx1_address TEXT,
                      forward_asset TEXT,
                      forward_quantity INTEGER,
                      backward_asset TEXT,
                      backward_quantity INTEGER,
                      tx0_block_index INTEGER,
                      tx1_block_index INTEGER,
                      tx0_expiration INTEGER,
                      tx1_expiration INTEGER,
                      match_expire_index INTEGER,
                      fee_paid INTEGER,
                      status TEXT,
                      FOREIGN KEY (tx0_index, tx0_hash, tx0_block_index) REFERENCES transactions(tx_index, tx_hash, block_index),
                      FOREIGN KEY (tx1_index, tx1_hash, tx1_block_index) REFERENCES transactions(tx_index, tx_hash, block_index));
INSERT INTO order_matches VALUES('dbc1b4c900ffe48d575b5da5c638040125f65db0fe3e24494b76ea986457d986084fed08b978af4d7d196a7446a86b58009e636b611db16211b65a9aadff29c5',2,'dbc1b4c900ffe48d575b5da5c638040125f65db0fe3e24494b76ea986457d986','mn6q3dS2EnDUx3bmyWc6D4szJNVGtaR7zc',3,'084fed08b978af4d7d196a7446a86b58009e636b611db16211b65a9aadff29c5','mn6q3dS2EnDUx3bmyWc6D4szJNVGtaR7zc','BTC',50000000,'XCP',100000000,154910,154911,10,10,154921,900000,'completed');
-- Triggers and indices on  order_matches
CREATE INDEX backward_status_idx ON order_matches (backward_asset, status)
                   ;
CREATE INDEX forward_status_idx ON order_matches (forward_asset, status)
                   ;
CREATE INDEX id_idx ON order_matches (id)
                   ;
CREATE INDEX match_expire_idx ON order_matches (status, match_expire_index)
                   ;

-- Table  orders
DROP TABLE IF EXISTS orders;
CREATE TABLE orders(
                      tx_index INTEGER UNIQUE,
                      tx_hash TEXT UNIQUE,
                      block_index INTEGER,
                      source TEXT,
                      give_asset TEXT,
                      give_quantity INTEGER,
                      give_remaining INTEGER,
                      get_asset TEXT,
                      get_quantity INTEGER,
                      get_remaining INTEGER,
                      expiration INTEGER,
                      expire_index INTEGER,
                      fee_required INTEGER,
                      fee_required_remaining INTEGER,
                      fee_provided INTEGER,
                      fee_provided_remaining INTEGER,
                      status TEXT,
                      FOREIGN KEY (tx_index, tx_hash, block_index) REFERENCES transactions(tx_index, tx_hash, block_index),
                      PRIMARY KEY (tx_index, tx_hash));
INSERT INTO orders VALUES(2,'dbc1b4c900ffe48d575b5da5c638040125f65db0fe3e24494b76ea986457d986',154910,'mn6q3dS2EnDUx3bmyWc6D4szJNVGtaR7zc','BTC',50000000,0,'XCP',100000000,0,10,154920,0,0,1000000,100000,'open');
INSERT INTO orders VALUES(3,'084fed08b978af4d7d196a7446a86b58009e636b611db16211b65a9aadff29c5',154911,'mn6q3dS2EnDUx3bmyWc6D4szJNVGtaR7zc','XCP',105000000,5000000,'BTC',50000000,0,10,154921,900000,0,20000,20000,'open');
INSERT INTO orders VALUES(21,'2f0fd1e89b8de1d57292742ec380ea47066e307ad645f5bc3adad8a06ff58608',154929,'mn6q3dS2EnDUx3bmyWc6D4szJNVGtaR7zc','BBBB',50000000,50000000,'XCP',50000000,50000000,10,154939,0,0,20000,20000,'cancelled');
-- Triggers and indices on  orders
CREATE INDEX expire_idx ON orders (status, expire_index)
                   ;
CREATE INDEX give_get_status_idx ON orders (give_asset, get_asset, status)
                   ;
CREATE INDEX give_status_idx ON orders (give_asset, status)
                   ;

-- Table  sends
DROP TABLE IF EXISTS sends;
CREATE TABLE sends(
                      tx_index INTEGER PRIMARY KEY,
                      tx_hash TEXT UNIQUE,
                      block_index INTEGER,
                      source TEXT,
                      destination TEXT,
                      asset TEXT,
                      quantity INTEGER,
                      status TEXT,
                      FOREIGN KEY (tx_index, tx_hash, block_index) REFERENCES transactions(tx_index, tx_hash, block_index));
INSERT INTO sends VALUES(1,'4bf5122f344554c53bde2ebb8cd2b7e3d1600ad631c385a5d7cce23c7785459a',154909,'mn6q3dS2EnDUx3bmyWc6D4szJNVGtaR7zc','n3BrDB6zDiEPWEE6wLxywFb4Yp9ZY5fHM7','XCP',50000000,'valid');
INSERT INTO sends VALUES(7,'ca358758f6d27e6cf45272937977a748fd88391db679ceda7dc7bf1f005ee879',154915,'mn6q3dS2EnDUx3bmyWc6D4szJNVGtaR7zc','n3BrDB6zDiEPWEE6wLxywFb4Yp9ZY5fHM7','BBBB',4000000,'valid');
INSERT INTO sends VALUES(8,'beead77994cf573341ec17b58bbf7eb34d2711c993c1d976b128b3188dc1829a',154916,'mn6q3dS2EnDUx3bmyWc6D4szJNVGtaR7zc','n3BrDB6zDiEPWEE6wLxywFb4Yp9ZY5fHM7','BBBC',526,'valid');
INSERT INTO sends VALUES(24,'452ba1ddef80246c48be7690193c76c1d61185906be9401014fe14f1be64b74f',154932,'mn6q3dS2EnDUx3bmyWc6D4szJNVGtaR7zc','n3BrDB6zDiEPWEE6wLxywFb4Yp9ZY5fHM7','BBBC',10000,'valid');

-- Table  transactions
DROP TABLE IF EXISTS transactions;
CREATE TABLE transactions(
                      tx_index INTEGER UNIQUE,
                      tx_hash TEXT UNIQUE,
                      block_index INTEGER,
                      block_hash TEXT,
                      block_time INTEGER,
                      source TEXT,
                      destination TEXT,
                      btc_amount INTEGER,
                      fee INTEGER,
                      data BLOB,
                      supported BOOL DEFAULT 1,
                      FOREIGN KEY (block_index, block_hash) REFERENCES blocks(block_index, block_hash),
                      PRIMARY KEY (tx_index, tx_hash, block_index));
INSERT INTO transactions VALUES(0,'6e340b9cffb37a989ca544e6bb780a2c78901d3fb33738768511a30617afa01d',154908,NULL,0,'mn6q3dS2EnDUx3bmyWc6D4szJNVGtaR7zc','mvCounterpartyXXXXXXXXXXXXXXW24Hef',62000000,20000,X'',1);
INSERT INTO transactions VALUES(1,'4bf5122f344554c53bde2ebb8cd2b7e3d1600ad631c385a5d7cce23c7785459a',154909,NULL,1,'mn6q3dS2EnDUx3bmyWc6D4szJNVGtaR7zc','n3BrDB6zDiEPWEE6wLxywFb4Yp9ZY5fHM7',10860,20000,X'0000000000000000000000010000000002FAF080',1);
INSERT INTO transactions VALUES(2,'dbc1b4c900ffe48d575b5da5c638040125f65db0fe3e24494b76ea986457d986',154910,NULL,2,'mn6q3dS2EnDUx3bmyWc6D4szJNVGtaR7zc',NULL,NULL,1000000,X'0000000A00000000000000000000000002FAF08000000000000000010000000005F5E100000A0000000000000000',1);
INSERT INTO transactions VALUES(3,'084fed08b978af4d7d196a7446a86b58009e636b611db16211b65a9aadff29c5',154911,NULL,3,'mn6q3dS2EnDUx3bmyWc6D4szJNVGtaR7zc',NULL,NULL,20000,X'0000000A00000000000000010000000006422C4000000000000000000000000002FAF080000A00000000000DBBA0',1);
INSERT INTO transactions VALUES(4,'e52d9c508c502347344d8c07ad91cbd6068afc75ff6292f062a09ca381c89e71',154912,NULL,4,'mn6q3dS2EnDUx3bmyWc6D4szJNVGtaR7zc','mn6q3dS2EnDUx3bmyWc6D4szJNVGtaR7zc',50000000,20000,X'0000000BDBC1B4C900FFE48D575B5DA5C638040125F65DB0FE3E24494B76EA986457D986084FED08B978AF4D7D196A7446A86B58009E636B611DB16211B65A9AADFF29C5',1);
INSERT INTO transactions VALUES(5,'e77b9a9ae9e30b0dbdb6f510a264ef9de781501d7b6b92ae89eb059c5ab743db',154913,NULL,5,'mn6q3dS2EnDUx3bmyWc6D4szJNVGtaR7zc',NULL,NULL,20000,X'000000140000000000004767000000003B9ACA0001000000000000000000000000000000000000000000000000000000000000000000000000000000000000000000000000000000',1);
INSERT INTO transactions VALUES(6,'67586e98fad27da0b9968bc039a1ef34c939b9b8e523a8bef89d478608c5ecf6',154914,NULL,6,'mn6q3dS2EnDUx3bmyWc6D4szJNVGtaR7zc',NULL,NULL,20000,X'00000014000000000000476800000000000186A00001000000113C75C28F06666F6F6261720000000000000000000000000000000000000000000000000000000000000000000000',1);
INSERT INTO transactions VALUES(7,'ca358758f6d27e6cf45272937977a748fd88391db679ceda7dc7bf1f005ee879',154915,NULL,7,'mn6q3dS2EnDUx3bmyWc6D4szJNVGtaR7zc','n3BrDB6zDiEPWEE6wLxywFb4Yp9ZY5fHM7',10860,20000,X'00000000000000000000476700000000003D0900',1);
INSERT INTO transactions VALUES(8,'beead77994cf573341ec17b58bbf7eb34d2711c993c1d976b128b3188dc1829a',154916,NULL,8,'mn6q3dS2EnDUx3bmyWc6D4szJNVGtaR7zc','n3BrDB6zDiEPWEE6wLxywFb4Yp9ZY5fHM7',10860,20000,X'000000000000000000004768000000000000020E',1);
INSERT INTO transactions VALUES(9,'2b4c342f5433ebe591a1da77e013d1b72475562d48578dca8b84bac6651c3cb9',154917,NULL,9,'mn6q3dS2EnDUx3bmyWc6D4szJNVGtaR7zc',NULL,NULL,20000,X'00000032000000000000025800000000000047670000000000000001',1);
INSERT INTO transactions VALUES(10,'01ba4719c80b6fe911b091a7c05124b64eeece964e09c058ef8f9805daca546b',154918,NULL,10,'mn6q3dS2EnDUx3bmyWc6D4szJNVGtaR7zc',NULL,NULL,20000,X'00000032000000000000032000000000000047680000000000000001',1);
INSERT INTO transactions VALUES(11,'e7cf46a078fed4fafd0b5e3aff144802b853f8ae459a4f0c14add3314b7cc3a6',154919,NULL,11,'mn6q3dS2EnDUx3bmyWc6D4szJNVGtaR7zc',NULL,NULL,20000,X'0000001E52BB33004059000000000000004C4B4009556E69742054657374000000000000000000000000000000000000000000000000000000000000000000000000000000000000',1);
INSERT INTO transactions VALUES(12,'ef6cbd2161eaea7943ce8693b9824d23d1793ffb1c0fca05b600d3899b44c977',154920,NULL,12,'mn6q3dS2EnDUx3bmyWc6D4szJNVGtaR7zc','mn6q3dS2EnDUx3bmyWc6D4szJNVGtaR7zc',10860,20000,X'00000028000052BB33640000000002FAF08000000000017D7840000000000000000000003B100000000A',1);
INSERT INTO transactions VALUES(13,'9d1e0e2d9459d06523ad13e28a4093c2316baafe7aec5b25f30eba2e113599c4',154921,NULL,13,'mn6q3dS2EnDUx3bmyWc6D4szJNVGtaR7zc','mn6q3dS2EnDUx3bmyWc6D4szJNVGtaR7zc',10860,20000,X'00000028000152BB336400000000017D78400000000002793D60000000000000000000003B100000000A',1);
INSERT INTO transactions VALUES(14,'4d7b3ef7300acf70c892d8327db8272f54434adbc61a4e130a563cb59a0d0f47',154922,NULL,14,'mn6q3dS2EnDUx3bmyWc6D4szJNVGtaR7zc','mn6q3dS2EnDUx3bmyWc6D4szJNVGtaR7zc',10860,20000,X'00000028000052BB33640000000008F0D1800000000014DC93800000000000000000000013B00000000A',1);
INSERT INTO transactions VALUES(15,'dc0e9c3658a1a3ed1ec94274d8b19925c93e1abb7ddba294923ad9bde30f8cb8',154923,NULL,15,'mn6q3dS2EnDUx3bmyWc6D4szJNVGtaR7zc','mn6q3dS2EnDUx3bmyWc6D4szJNVGtaR7zc',10860,20000,X'00000028000152BB33640000000014DC93800000000008F0D1800000000000000000000013B00000000A',1);
INSERT INTO transactions VALUES(16,'c555eab45d08845ae9f10d452a99bfcb06f74a50b988fe7e48dd323789b88ee3',154924,NULL,16,'mn6q3dS2EnDUx3bmyWc6D4szJNVGtaR7zc','mn6q3dS2EnDUx3bmyWc6D4szJNVGtaR7zc',10860,20000,X'00000028000252BB33C8000000002CB417800000000026BE36803FF0000000000000000013B00000000A',1);
INSERT INTO transactions VALUES(17,'4a64a107f0cb32536e5bce6c98c393db21cca7f4ea187ba8c4dca8b51d4ea80a',154925,NULL,17,'mn6q3dS2EnDUx3bmyWc6D4szJNVGtaR7zc','mn6q3dS2EnDUx3bmyWc6D4szJNVGtaR7zc',10860,20000,X'00000028000352BB33C80000000026BE3680000000002CB417803FF0000000000000000013B00000000A',1);
INSERT INTO transactions VALUES(18,'f299791cddd3d6664f6670842812ef6053eb6501bd6282a476bbbf3ee91e750c',154926,NULL,18,'mn6q3dS2EnDUx3bmyWc6D4szJNVGtaR7zc',NULL,NULL,20000,X'0000001E52BB33324058F7256FFC115E004C4B4009556E69742054657374000000000000000000000000000000000000000000000000000000000000000000000000000000000000',1);
INSERT INTO transactions VALUES(19,'ab897fbdedfa502b2d839b6a56100887dccdc507555c282e59589e06300a62e2',154927,NULL,19,'mn6q3dS2EnDUx3bmyWc6D4szJNVGtaR7zc',NULL,NULL,20000,X'0000001E52BB3365405915F3B645A1CB004C4B4009556E69742054657374000000000000000000000000000000000000000000000000000000000000000000000000000000000000',1);
INSERT INTO transactions VALUES(20,'83891d7fe85c33e52c8b4e5814c92fb6a3b9467299200538a6babaa8b452d879',154928,NULL,20,'mn6q3dS2EnDUx3bmyWc6D4szJNVGtaR7zc',NULL,NULL,20000,X'0000001E52BB33C94000000000000000004C4B4009556E69742054657374000000000000000000000000000000000000000000000000000000000000000000000000000000000000',1);
INSERT INTO transactions VALUES(21,'2f0fd1e89b8de1d57292742ec380ea47066e307ad645f5bc3adad8a06ff58608',154929,NULL,21,'mn6q3dS2EnDUx3bmyWc6D4szJNVGtaR7zc',NULL,NULL,20000,X'0000000A00000000000047670000000002FAF08000000000000000010000000002FAF080000A0000000000000000',1);
INSERT INTO transactions VALUES(22,'7cb7c4547cf2653590d7a9ace60cc623d25148adfbc88a89aeb0ef88da7839ba',154930,NULL,22,'mn6q3dS2EnDUx3bmyWc6D4szJNVGtaR7zc',NULL,NULL,20000,X'000000462F0FD1E89B8DE1D57292742EC380EA47066E307AD645F5BC3ADAD8A06FF58608',1);
INSERT INTO transactions VALUES(23,'8f11b05da785e43e713d03774c6bd3405d99cd3024af334ffd68db663aa37034',154931,NULL,23,'mn6q3dS2EnDUx3bmyWc6D4szJNVGtaR7zc','mvCounterpartyXXXXXXXXXXXXXXW24Hef',100000000,20000,X'',1);
INSERT INTO transactions VALUES(24,'452ba1ddef80246c48be7690193c76c1d61185906be9401014fe14f1be64b74f',154932,NULL,24,'mn6q3dS2EnDUx3bmyWc6D4szJNVGtaR7zc','n3BrDB6zDiEPWEE6wLxywFb4Yp9ZY5fHM7',10860,20000,X'0000000000000000000047680000000000002710',1);
INSERT INTO transactions VALUES(25,'68aa2e2ee5dff96e3355e6c7ee373e3d6a4e17f75f9518d843709c0c9bc3e3d4',154933,NULL,25,'mn6q3dS2EnDUx3bmyWc6D4szJNVGtaR7zc',NULL,NULL,20000,X'000000153FD33333333333330000000000004768',1);
-- Triggers and indices on  transactions
CREATE INDEX index_hash_index_idx ON transactions (tx_index, tx_hash, block_index)
                   ;
CREATE INDEX tx_hash_idx ON transactions (tx_hash)
                   ;
CREATE INDEX tx_index_idx ON transactions (tx_index)
                   ;

COMMIT TRANSACTION;
