-- PRAGMA page_size=1024;
-- PRAGMA encoding='UTF-8';
-- PRAGMA auto_vacuum=NONE;
-- PRAGMA max_page_count=1073741823;

BEGIN TRANSACTION;

-- Table  assets
DROP TABLE IF EXISTS assets;
CREATE TABLE assets(
                      asset_id TEXT UNIQUE,
                      asset_name TEXT UNIQUE,
                      block_index INTEGER);
INSERT INTO assets VALUES('0','BTC',NULL);
INSERT INTO assets VALUES('1','XCP',NULL);
INSERT INTO assets VALUES('18279','BBBB',310005);
INSERT INTO assets VALUES('18280','BBBC',310006);
-- Triggers and indices on  assets
CREATE INDEX id_idx ON assets (asset_id);
CREATE INDEX name_idx ON assets (asset_name);

-- Table  balances
DROP TABLE IF EXISTS balances;
CREATE TABLE balances(
                      address TEXT,
                      asset TEXT,
                      quantity INTEGER);
INSERT INTO balances VALUES('mn6q3dS2EnDUx3bmyWc6D4szJNVGtaR7zc','XCP',149871469766);
INSERT INTO balances VALUES('mtQheFaSfWELRB2MyMBaiWjdDm6ux9Ezns','XCP',28377496);
INSERT INTO balances VALUES('mn6q3dS2EnDUx3bmyWc6D4szJNVGtaR7zc','BBBB',996000000);
INSERT INTO balances VALUES('mn6q3dS2EnDUx3bmyWc6D4szJNVGtaR7zc','BBBC',89474);
INSERT INTO balances VALUES('mtQheFaSfWELRB2MyMBaiWjdDm6ux9Ezns','BBBB',4000000);
INSERT INTO balances VALUES('mtQheFaSfWELRB2MyMBaiWjdDm6ux9Ezns','BBBC',10526);
-- Triggers and indices on  balances
CREATE INDEX address_asset_idx ON balances (address, asset);

-- Table  bet_expirations
DROP TABLE IF EXISTS bet_expirations;
CREATE TABLE bet_expirations(
                      bet_index INTEGER PRIMARY KEY,
                      bet_hash TEXT UNIQUE,
                      source TEXT,
                      block_index INTEGER,
                      FOREIGN KEY (block_index) REFERENCES blocks(block_index),
                      FOREIGN KEY (bet_index, bet_hash) REFERENCES bets(tx_index, tx_hash));
INSERT INTO bet_expirations VALUES(13,'5da0ca591e5336da0304bc8f7a201af3465685c492b284495898da35a402e32a','mn6q3dS2EnDUx3bmyWc6D4szJNVGtaR7zc',310022);

-- Table  bet_match_expirations
DROP TABLE IF EXISTS bet_match_expirations;
CREATE TABLE bet_match_expirations(
                      bet_match_id TEXT PRIMARY KEY,
                      tx0_address TEXT,
                      tx1_address TEXT,
                      block_index INTEGER,
                      FOREIGN KEY (bet_match_id) REFERENCES bet_matches(id),
                      FOREIGN KEY (block_index) REFERENCES blocks(block_index));

-- Table  bet_match_resolutions
DROP TABLE IF EXISTS bet_match_resolutions;
CREATE TABLE bet_match_resolutions(
                      bet_match_id TEXT PRIMARY KEY,
                      bet_match_type_id INTEGER,
                      block_index INTEGER,
                      winner TEXT,
                      settled BOOL,
                      bull_credit INTEGER,
                      bear_credit INTEGER,
                      escrow_less_fee INTEGER,
                      fee INTEGER,
                      FOREIGN KEY (bet_match_id) REFERENCES bet_matches(id),
                      FOREIGN KEY (block_index) REFERENCES blocks(block_index));
INSERT INTO bet_match_resolutions VALUES('5da0ca591e5336da0304bc8f7a201af3465685c492b284495898da35a402e32a_edd28543ae87ae56f5bd55437cab05f7f4d8a1709cb12e139dab176eb5f7e74a',1,310018,'0',0,59137500,NULL,NULL,3112500);
INSERT INTO bet_match_resolutions VALUES('bc42268279947c6dd5a517df41ae838c22c7194c686180700d8087dc3c8ce36c_faca8b02a24a4e8a29164f5d3a4ce443c55c4060c34f7ad3cb42ad862c5a6f67',1,310019,'1',159300000,315700000,NULL,NULL,25000000);
INSERT INTO bet_match_resolutions VALUES('0bedbaab766013a9381fee7cf956cb5a93eda3df67762633c7427706bbd3349d_864b93f55d4aa6cec4717b264d7cc351d7b0ef169d4d584008be703ade736715',5,310020,NULL,NULL,NULL,'NotEqual',1330000000,70000000);

-- Table  bet_matches
DROP TABLE IF EXISTS bet_matches;
CREATE TABLE bet_matches(
                      id TEXT PRIMARY KEY,
                      tx0_index INTEGER,
                      tx0_hash TEXT,
                      tx0_address TEXT,
                      tx1_index INTEGER,
                      tx1_hash TEXT,
                      tx1_address TEXT,
                      tx0_bet_type INTEGER,
                      tx1_bet_type INTEGER,
                      feed_address TEXT,
                      initial_value INTEGER,
                      deadline INTEGER,
                      target_value REAL,
                      leverage INTEGER,
                      forward_quantity INTEGER,
                      backward_quantity INTEGER,
                      tx0_block_index INTEGER,
                      tx1_block_index INTEGER,
                      block_index INTEGER,
                      tx0_expiration INTEGER,
                      tx1_expiration INTEGER,
                      match_expire_index INTEGER,
                      fee_fraction_int INTEGER,
                      status TEXT,
                      FOREIGN KEY (tx0_index, tx0_hash, tx0_block_index) REFERENCES transactions(tx_index, tx_hash, block_index),
                      FOREIGN KEY (tx1_index, tx1_hash, tx1_block_index) REFERENCES transactions(tx_index, tx_hash, block_index));
INSERT INTO bet_matches VALUES('5da0ca591e5336da0304bc8f7a201af3465685c492b284495898da35a402e32a_edd28543ae87ae56f5bd55437cab05f7f4d8a1709cb12e139dab176eb5f7e74a',13,'5da0ca591e5336da0304bc8f7a201af3465685c492b284495898da35a402e32a','mn6q3dS2EnDUx3bmyWc6D4szJNVGtaR7zc',14,'edd28543ae87ae56f5bd55437cab05f7f4d8a1709cb12e139dab176eb5f7e74a','mn6q3dS2EnDUx3bmyWc6D4szJNVGtaR7zc',0,1,'mn6q3dS2EnDUx3bmyWc6D4szJNVGtaR7zc',100,1388000100,0.0,15120,41500000,20750000,310012,310013,310013,10,10,310022,5000000,'settled: liquidated for bear');
INSERT INTO bet_matches VALUES('bc42268279947c6dd5a517df41ae838c22c7194c686180700d8087dc3c8ce36c_faca8b02a24a4e8a29164f5d3a4ce443c55c4060c34f7ad3cb42ad862c5a6f67',15,'bc42268279947c6dd5a517df41ae838c22c7194c686180700d8087dc3c8ce36c','mn6q3dS2EnDUx3bmyWc6D4szJNVGtaR7zc',16,'faca8b02a24a4e8a29164f5d3a4ce443c55c4060c34f7ad3cb42ad862c5a6f67','mn6q3dS2EnDUx3bmyWc6D4szJNVGtaR7zc',0,1,'mn6q3dS2EnDUx3bmyWc6D4szJNVGtaR7zc',100,1388000100,0.0,5040,150000000,350000000,310014,310015,310015,10,10,310024,5000000,'settled');
INSERT INTO bet_matches VALUES('0bedbaab766013a9381fee7cf956cb5a93eda3df67762633c7427706bbd3349d_864b93f55d4aa6cec4717b264d7cc351d7b0ef169d4d584008be703ade736715',17,'0bedbaab766013a9381fee7cf956cb5a93eda3df67762633c7427706bbd3349d','mn6q3dS2EnDUx3bmyWc6D4szJNVGtaR7zc',18,'864b93f55d4aa6cec4717b264d7cc351d7b0ef169d4d584008be703ade736715','mn6q3dS2EnDUx3bmyWc6D4szJNVGtaR7zc',2,3,'mn6q3dS2EnDUx3bmyWc6D4szJNVGtaR7zc',100,1388000200,1.0,5040,750000000,650000000,310016,310017,310017,10,10,310026,5000000,'settled: for notequal');
-- Triggers and indices on  bet_matches
CREATE INDEX valid_feed_idx ON bet_matches (feed_address, status);

-- Table  bets
DROP TABLE IF EXISTS bets;
CREATE TABLE bets(
                      tx_index INTEGER UNIQUE,
                      tx_hash TEXT UNIQUE,
                      block_index INTEGER,
                      source TEXT,
                      feed_address TEXT,
                      bet_type INTEGER,
                      deadline INTEGER,
                      wager_quantity INTEGER,
                      wager_remaining INTEGER,
                      counterwager_quantity INTEGER,
                      counterwager_remaining INTEGER,
                      target_value REAL,
                      leverage INTEGER,
                      expiration INTEGER,
                      expire_index INTEGER,
                      fee_fraction_int INTEGER,
                      status TEXT,
                      FOREIGN KEY (tx_index, tx_hash, block_index) REFERENCES transactions(tx_index, tx_hash, block_index),
                      PRIMARY KEY (tx_index, tx_hash));
INSERT INTO bets VALUES(13,'5da0ca591e5336da0304bc8f7a201af3465685c492b284495898da35a402e32a',310012,'mn6q3dS2EnDUx3bmyWc6D4szJNVGtaR7zc','mn6q3dS2EnDUx3bmyWc6D4szJNVGtaR7zc',0,1388000100,50000000,8500000,25000000,4250000,0.0,15120,10,310022,5000000,'expired');
INSERT INTO bets VALUES(14,'edd28543ae87ae56f5bd55437cab05f7f4d8a1709cb12e139dab176eb5f7e74a',310013,'mn6q3dS2EnDUx3bmyWc6D4szJNVGtaR7zc','mn6q3dS2EnDUx3bmyWc6D4szJNVGtaR7zc',1,1388000100,25000000,4250000,41500000,0,0.0,15120,10,310023,5000000,'filled');
INSERT INTO bets VALUES(15,'bc42268279947c6dd5a517df41ae838c22c7194c686180700d8087dc3c8ce36c',310014,'mn6q3dS2EnDUx3bmyWc6D4szJNVGtaR7zc','mn6q3dS2EnDUx3bmyWc6D4szJNVGtaR7zc',0,1388000100,150000000,0,350000000,0,0.0,5040,10,310024,5000000,'filled');
INSERT INTO bets VALUES(16,'faca8b02a24a4e8a29164f5d3a4ce443c55c4060c34f7ad3cb42ad862c5a6f67',310015,'mn6q3dS2EnDUx3bmyWc6D4szJNVGtaR7zc','mn6q3dS2EnDUx3bmyWc6D4szJNVGtaR7zc',1,1388000100,350000000,0,150000000,0,0.0,5040,10,310025,5000000,'filled');
INSERT INTO bets VALUES(17,'0bedbaab766013a9381fee7cf956cb5a93eda3df67762633c7427706bbd3349d',310016,'mn6q3dS2EnDUx3bmyWc6D4szJNVGtaR7zc','mn6q3dS2EnDUx3bmyWc6D4szJNVGtaR7zc',2,1388000200,750000000,0,650000000,0,1.0,5040,10,310026,5000000,'filled');
INSERT INTO bets VALUES(18,'864b93f55d4aa6cec4717b264d7cc351d7b0ef169d4d584008be703ade736715',310017,'mn6q3dS2EnDUx3bmyWc6D4szJNVGtaR7zc','mn6q3dS2EnDUx3bmyWc6D4szJNVGtaR7zc',3,1388000200,650000000,0,750000000,0,1.0,5040,10,310027,5000000,'filled');
-- Triggers and indices on  bets
CREATE INDEX feed_valid_bettype_idx ON bets (feed_address, status, bet_type);

-- Table  blocks
DROP TABLE IF EXISTS blocks;
CREATE TABLE blocks(
                      block_index INTEGER UNIQUE,
                      block_hash TEXT UNIQUE,
                      block_time INTEGER,
                      previous_block_hash TEXT UNIQUE,
                      difficulty INTEGER, ledger_hash TEXT, txlist_hash TEXT,
                      PRIMARY KEY (block_index, block_hash));
INSERT INTO blocks VALUES(309999,'4b5b541fe4ea8e9f9470af202bb6597a368e47cb82afe6f5cee42d8324f667640c580cb69dce4808dfb530b8d698db315d190792647c83be6a7446511950834a',309999000,NULL,NULL,NULL,NULL);
INSERT INTO blocks VALUES(310000,'2ee5123266f21fb8f65495c281a368e1b9f93b6c411986e06efc895a8d82467683e6ea5d863714b23582c1c59576650d07c405a8d9bf0d088ee65621178b259d',310000000,NULL,NULL,'99c0b74dd6a1c4b6db729336757e8d9913fa4c3b70207d6f0db180e1342f0bf9','dbebcb6aabb60ef76f146f15cd369f41b0ac3c1c0c89e6a3034ded7d58a7c628');
INSERT INTO blocks VALUES(310001,'03a9a24e190a996364217761558e380b94ae9792b8b4dcaa92b6c58d80b9f8f7fcf9a34037be4cd6ad5e0c039b511cccc40c3438a5067822e3cd309f06519612',310001000,NULL,NULL,'845c483f57494d1495542577413d72c1dc53bae24a52d538c2190736467da3d0','982e8f615c49db1f00d04a8c756fa0fa3d88b24b37ddb11eb781b46104b59f85');
INSERT INTO blocks VALUES(310002,'d574e4fee71454532c0207f27b9c46f07c5c2e20f43829ddeee8f798053413ac6e0d1b9ad2259a0370fe08581fab3e950ce629db5fadd823251254bf606a05bd',310002000,NULL,NULL,'86817b350d03ae11dace6b5d081374229eca95806d4c60bbe3c7215c8fa25567','12d6f92a5215748b886d27f96408ce842fc0f8df67bc2e3d4ac1be02259e85e1');
INSERT INTO blocks VALUES(310003,'44392d9d661459ba31140c59e7d8bcd16b071c864c59f65e2edd9e3c16d598e81aaba40f11019a379bfc6d7811e0265fbb8b276d99cdea7f739fb736f433052a',310003000,NULL,NULL,'4712feac71548567171a180fd5b60eabd8cd1cb38cfbe87b2d5a89511239aeef','fd3975c609ade3320ee0b822d2ce71b89f99689b280a58cccabce69e42ce4be3');
INSERT INTO blocks VALUES(310004,'58c6f6fbf77a64a5e0df123b1258ae6c3e6d4e21901cc942aeb67b1332422c71e1e7e996c5d4f403159ce5ca3863b7ec7ef8281bbbce5960e258492872055fb5',310004000,NULL,NULL,'dd7631324d2adc0cc43daea1b9fe9bc30c0635ecbbd84366ae70edf872fe43cd','48c046d60faa869e1846148d569f0d2c8f6d18869303ea8d769f46c6dac4554e');
INSERT INTO blocks VALUES(310005,'348a1b690661597ee6e950446e7a1deb8bef7906c0e98a78ab4d0fe799fac5f3007dcd648ff0c61da35b19cf99f16f3028e10ba206968475d741fa8a86c4a7ae',310005000,NULL,NULL,'655ad5094352af2513988ffb941ef820d6053035120ebf5ddd83dc222117734b','3e50c91137590ea1f137cd302c85801dbfb411b71b9ed78f38126dde7711f085');
INSERT INTO blocks VALUES(310006,'9d31b774b633c35635b71669c07880b521880cee9298b6aba44752ec1734cd2aa26b3bed95409d874e68685636a31a038b784d3e085525ab8c26f7e3b7ba3676',310006000,NULL,NULL,'8a11855b9210c16ffbb9cebf37421474871879af51b7cf35c8ab9180307beb2b','ee326f4cdb9d53ea46faf25b4dca6b11df3e5cb26f25bfb069785276bcfbe34c');
INSERT INTO blocks VALUES(310007,'41007a4ed39e7df941059c3db6b24b74c1913b80e0fd38d0073a5b121880fd0f7e98989d8d70766957919371fdaf4e5b44125f9f7c449c3b6bea298253075fe3',310007000,NULL,NULL,'de686ef45d492d629bfe103e5e2e665a5d62c3c2777fcef93ee28f45bbe955f1','6dfafb4c6ae8c729503f6499952b297c388e3c89c12741466553f987f8efd7c6');
INSERT INTO blocks VALUES(310008,'aa28e5948d1158f318393846b4ef67e53ca4c4b047ed8b06eb861db29914e9f1dfe11a8b73aa2225519843661a61e9038cb347015be916c5a44222ed71b8b604',310008000,NULL,NULL,'80a96a865f02b5bba5bff6ebb86590ad4d54fa2969ec54a5888dda684aaa5b03','7c1994089b957883c36443148db6b5cda9edcd9eb323ddfe9e6cba8d46c4e9f4');
INSERT INTO blocks VALUES(310009,'550d7d84590c6e4e7caed4e722151f7e110dc39bf3f54f719babfe89775095abb2d2454014b4cb01fb1e0a7e91639559ce17e096be5178b5c2ca5b22ad41b33a',310009000,NULL,NULL,'144a67c2cb3e68901c6c408f51fddd4c48a68fbc2ee28107cb059802d657a09f','78ab075c65f3d74b01f49660eebb30e2032146f5cff571093a06be35255d8006');
INSERT INTO blocks VALUES(310010,'477c4a3445e32cd0c8ef67c808ac6a6362ebc953c396e2d5c0d7e4f185becd15fa99bd7635358dbb3b5a92e9f03b7fa2dda8d4714e181ec4552b279df3ba81f0',310010000,NULL,NULL,'b7ec005b326b4fac6e75f54222c020295ecc440301ea15a8e81715f560749838','24a3b3d6568e38e2f0aa4028e37df987c72818f52ba3096b5af2dfaa96a96b2d');
INSERT INTO blocks VALUES(310011,'05f81b5c1b067b647894014cea65558826be42cca20a6cccb8623d80059182b77da00922539c59a0a7b63f6f011ca0f564fada0451e891644728b874c65267b9',310011000,NULL,NULL,'993a98c06e51625618fb5280a6030523b6e236f1cc37c039515d5f7abae0296a','7231578a3b93946202de9ac750b8ba758a369358489f564cb8a5e702528579ae');
INSERT INTO blocks VALUES(310012,'e9d898aae43fc103110e4935cabf01b6016571b1af82e27af04b57c12302b05eab217f075ac3344b0a422e76b8c762c119cb290c867bb6eed432994ec28af027',310012000,NULL,NULL,'817f25c3085173d1ff02f345b30d2b7a79473247835bdcab9e49f4122e64cb67','7a75de872a2915eaf308ff2410b6c3f0ba7a6c7d9b579810ea9cf993fbe70ee7');
INSERT INTO blocks VALUES(310013,'2251b497007459321f72cda82681d07d131dd81cc29137b18c534bbb09271678f4497d0316ffac262f021f901078926dee11c791a3524ad850ee948474abd3b5',310013000,NULL,NULL,'92759172c84803625df3b19a199836cb73708324597e8f859e995f89fc7acad5','4c2e619fcf0354192f5975a6ff1df6548b828f17554486fbc3a4cc53720af3fd');
INSERT INTO blocks VALUES(310014,'f98fb331e66361507190a1cb1df81b814d24517e7f219029c068b649c9b8a75703770369ebafd864d104225d6fe1fbf13705d1a37a819b04fb151ed390d7bcf8',310014000,NULL,NULL,'6780328ae11fd3729c7f58d1ef3332ca1d871ce4a300ba23c3c6afd05fdf4585','c8768dbca60968f259338d0149219e7af44b15e599854b6ed33b2ace829c9af1');
INSERT INTO blocks VALUES(310015,'7c25469d6b4fed0e8bb9e4325994c4de1737570fece605b4ca388be6921406b64a395dc519b33c0dff4f93930b32737a941bbb850e31f2ebcd2caba520bc2820',310015000,NULL,NULL,'09f4ba99319dc7a74621f676a14b4300ae69f750d515c1310e03ceab9ca3cad0','bb243d7fe9781c8a942b1fcf90e3117f556e2968c6a9386f3fb6128eef989f23');
INSERT INTO blocks VALUES(310016,'9f1c56677b369099f059cc145b98f2e3f8895631cdf0f72b7fe76fd953ab68c202329848dfb53f8146552876eba37f50ed02da34f23447f518449bf0ac0cc29e',310016000,NULL,NULL,'cd7a2360bcc7a4df298ade1b75f77aa0bee088d616a9464cae1a7563dd6bf874','b0716bee6a3fd2b32e322e1a20c048e8b4bc292aee1e08caf42bd1de8960c119');
INSERT INTO blocks VALUES(310017,'4c02945de20ccdc874ae21bf56aea2f40a029c17b81fcf602b367bdbc286f9ec0cacab35fc07ac60aefa4a96a586aed20129ad66d45ab87697704d731e06b40d',310017000,NULL,NULL,'04ced8aede232e0be7e6ca7ce733931186d5636aabbb535e2fb34ada6940ca96','6b0be068f3b1518c0fd3e762d581436c78afa5c2628c6e3aba75dfe232badbaf');
INSERT INTO blocks VALUES(310018,'6a26d120314af1710052c8f8f78453f944a146039679c781e04ddbb5a2d010927726fa6f81d3e01fc1fcc3363c06e8e1a81a35636684c4dbcd51edf561a9c0fc',310018000,NULL,NULL,'10df9cfb4d21a0f6c45c8ea175f74b9a183af223e6d1842b9f3971d5ff00722a','0cbfe0972de38bb387698d1460c2b5c571dd9c5785cca62c4114106d73265580');
INSERT INTO blocks VALUES(310019,'592e775a9259b1a5a7b0d7c2e028ff320783e7b49243ed6a20ece89a72964f3af4ed129698c4a143ad682a1493f982c5f8193d3b0e36b3df43964520409beb7a',310019000,NULL,NULL,'e1d6795512077133a54ff89d0601542c1e0776518ce9392fd64c9053bf152a83','4bbfb094a291f9c07b676723898c46e58968859b4543bdb59d07199a300f41b2');
INSERT INTO blocks VALUES(310020,'87fac74eef20e6121d9a66c90481f801a10d636976a6a6e7cf42fc38cc104a470e1b4cab3f9670be86c93ec1a407a1b464599121df6c8109ec7247b25c7efc62',310020000,NULL,NULL,'6fdb71557e45b908572042265dd31025bfbede16c61d472fb93b5d9e3c83f513','d74770acc58e6a8beac802302c80c23af38ebf250efc4858ee81170f2d74c6a9');
INSERT INTO blocks VALUES(310021,'68a4f307918e2f39fb393e5ad6a7e2fb2e35ab5043402ce37e984de670579682af5c7ef98637478bc0efeb579dc9aaca7f199116b390c452ceedca420909355d',310021000,NULL,NULL,'261bcd41d87e25a3a713575d00f28055c475c73d668436220c05b2f29ce23863','bb1f1ec670e79f6b32a7071c8fc0fa46c5976c97c18bd75cd06f31314964c5f7');
INSERT INTO blocks VALUES(310022,'5052fbeb009f77f5629fb701a2e4a379ef6c5591a87ab4d2315c8b79fc8821301b21f146150b2af542eddd82e8e94bc021dd1a9ef8e837891248ab68f4afa7d0',310022000,NULL,NULL,'d97695fccb3f9ff151d8037d0b718a0157541ddcc5889627e38b9ce82e1ec3a0','c39fc6fd0ceb8b9bfb495078eb3de2feba9fe124de1e53e579932cd9eacd7a8a');
INSERT INTO blocks VALUES(310023,'1aab02bbb1a7450d612af368e571d955812f9a376e9f7f80c8eb8296ec40ebfa964f5c9b5e56d4e0cc2d584b38c3280c2b8b2ac272ac00f4d0bffd5348006b4c',310023000,NULL,NULL,'3b22bc78bc7f824edf1f594117cb05a8e121d2e8e3e2390ea90e9a37eaf4b013','3c6a24d298f4b965b1cbccc9d78678dd2de34bd3720fa8cece594f99d949db99');
INSERT INTO blocks VALUES(310024,'232fc55d72da13e22bb39e10cf9bdc29a634f1c6d13c598f8a1886fc6adde9f0db1ec92afc8f2e7e099ad1d225277067c9beebb14116168bcc961d43cc0a5b88',310024000,NULL,NULL,'7d1e967f08504e67cd9c55ea92c5384ab473dd503668816f5cec049bd53717e5','28da5c2458a7670b45b2c9ad350e574b737c4b60a2eab2b6be8183e9c5b7bff4');
INSERT INTO blocks VALUES(310025,'39e5551cc35f579114d5a36f841b8aa487e8277ede3b03bfe73f31b16ffc92d8a9535c485518839f3a1f5789222f234e3ac59e67f949ebb2f86044e72296a4fe',310025000,NULL,NULL,'7d96ce0de5e8bbd3fe835fa3b85a2b73ba4e95819120ac135075ca4b4d62b77d','6789aa562d55b194f692c6858b828da782b25e1048d561c62a854daaed240cf5');
INSERT INTO blocks VALUES(310026,'dd6f9e911867c1680a777ed34699914cae82576da2f3fe064cec0f77af56f3af2b9309a9e56195f3a63897446e7cc37ebfa8257aa4758e81fcf70d9b12d77bbe',310026000,NULL,NULL,'e69c0fd70ff481b9686eff7fea7c9e1262c4dde656a19ec8b315736bc0a58024','becd44165a98e114766d47f7530eac78be4bf51ba7b949e1044ff71008994595');
INSERT INTO blocks VALUES(310027,'9adde4402993118c8963435b66b5cd74676459f5aec1f4098ded4e99592879c8072b1603611ccb10fa2f1e7e88e087f812553796839664f2a3ed510c4aed9337',310027000,NULL,NULL,'dcf9c061f72054e51e624dcdde22ce6178f8a0e8aed8670ff6983571c4d1f3b1','25e0780cacc99fce6883f727ad58806fc31bda59ab1a9115ac2dff623ceeb32e');
INSERT INTO blocks VALUES(310028,'158e01a36be6070d70d4f5723fca07d5a49fa057b32c651893df7bf1c5752a41444ddb9499d11fdfdaa7b5a63070f9294a55e1a6a4e751ed154b5330dc10111e',310028000,NULL,NULL,'262acbe95e5f028813f9789f09e61c840f6d25a4d2d01ed0f367612aee379923','e11cdae3e6898f16b6a8140415b5a3f510725297caea8480ccb3e0dc882e80ff');
INSERT INTO blocks VALUES(310029,'fcd8b3ff5ebaa56426855b262003f15cc0602e452db1ec6c9bc475388553d4766503fc6cde9290903fff1dd94652676b826a229031ee7cb56f69a6d633895fac',310029000,NULL,NULL,'82bfafd0723bde7dd71664a26dbdbe0bd198bbff777c2e0b77d74c7533456bae','4c77b61dc15083b0afac6da30dd201d98d2da7e1fd5a35e7db7b7240b214f67d');
INSERT INTO blocks VALUES(310030,'b49587ccb88b99aa75b91045c596f731a16ce7523207ae0cfd2b2400898576943ae0969a28c5500d20d72a33c9a79b5fc3f5840bd550846d272462cd66fcc259',310030000,NULL,NULL,'8ca51123bfc482a9416f2fcdfc57111640aa515dc72252ee73a41a63e2f34c2d','3bf22b84de4118267b50d43fbfddfead39f604b26cf027016392a26f3bdf325a');
INSERT INTO blocks VALUES(310031,'7a898e085dea5f59d75df0d4b5dd1a8b12c269d1eaef4e8c78938294abef4813e858c6e6f7bba2e5918a853f71decb610ce80fe3da936587396c44086eed86c8',310031000,NULL,NULL,'c1f4fd86324b27d90e1e98844894209ada8b40b9b63d2c16792b566717986547','3eb41f42b708aaa4b557167f9b6e4e5f5e3b75b072e38d9431e1e0ba3bae5af4');
INSERT INTO blocks VALUES(310032,'d5778cdb9b17207d9caffc0190842356895364e0c5e6247f02c2fb91d4dcde85becbc7958f07b9c99a9833f45599a0c175a8a3b026ec879467142eff3e3c1457',310032000,NULL,NULL,'59d90027e5486eec4564d5de8f8d87053c0f0eac69836c58cb08d17905be6042','d8f4ae6df78ecb31683fd1dc4d0e2ce135076d612f2eead77df85bb56a6df16b');
INSERT INTO blocks VALUES(310033,'ecc0f5ba6c110a32e76689e934d9101617db692d61600ebfe32b500fecd78dcf75bd5712de67e59b99d5b16d9eaaa8378a46a73a35fb10f8821bf75a173507b0',310033000,NULL,NULL,'4897500007f4e9f705c6541f7b46c4c8f5812656386942cc54a66b02aa086d05','37d76d2dfac65722dfa12633a40e37bdd75a209f6034d5b3aedeecc039692815');
INSERT INTO blocks VALUES(310034,'75ece066b260c4843383467558849588e5ce1f1634da9bea7c9c0e1821150a386baf940a2624b4c0c3fc4bc4996bf97f545fa61a4ec90c57ca5127c1ccdbec84',310034000,NULL,NULL,'ab4a129b9a904e019b9511d238d6841726ae31f65e50acbc6c22616e1e3808bc','56d14ce797783de9c0cdc0ef02441ee4f315d7e6c7f97bcb115dab1f1993a2b1');
INSERT INTO blocks VALUES(310035,'0c8e6a86abf191a1bad2897dcc7aad3e5a5c1439799c55c95f435eb6fb9e50ac892d58d1a9c9424009d0730fd59ecb202de2e1c155d5fc70a8da9868946caa51',310035000,NULL,NULL,'0e84dc2acac0ae5ca585b9bd248e3e195f90b553fa3ed92e431d3835ff255223','090b5f00adca907df2141212685eca9e65df18aa7f23486bd88d4b055ff97d49');
INSERT INTO blocks VALUES(310036,'4011ea78ccc04ca2ee8d6bf0b14eef82bfa9456869415a8126f2bee5a1bf961c8436571c00fe20e82c78bee44159e0a3523736123c641b871d271642e8f7ef1b',310036000,NULL,NULL,'4a05bd0706028bdca4eb5d1a29ffd10e92bfc4d552453b772105b2b74d44a3af','ae874e21d7cad9d3c86e891eef5768ea1be7850c1d03b978f7a2ff6b921b8069');
INSERT INTO blocks VALUES(310037,'7f94ef56feec97124f1e6f04b862fed49ae7c179ee143701cf0eec922b5d39932831274f5528d8d9b0e8e115236cfca7f2d78da21db5596565314e625300ef49',310037000,NULL,NULL,'8826ea27b25cf7458e6297305fb75197ef050fd6483b3e0a7a13031e3562752d','3c19769cb1381604bdc7a4046e4dbbf6e5ed4751eb34da699fe22a90ac9eac4d');
INSERT INTO blocks VALUES(310038,'e7c42cc00226117b58f818813df49a64af8ca6352a8490a2894676aba647c1bc8d4ae58bb883b710348233879c841da83eda54d35c5ec279f8a2e1ccba8a4264',310038000,NULL,NULL,'40f30cfe2f223b58c9a687702823ed022e49b06c1b983d612c6efffafd4d4bce','8acc4a69f8db0b2edc1d8b6d315b81cae1a3fdd43e3e4944393cd495ee6226d6');
INSERT INTO blocks VALUES(310039,'1efd67747830ff43e4cb5f2837d40789a0a781a79c5de4a7966ef64101c39169c28b7eb78481c4b92d14d997be3bbc7f5c6a6a8af8c729825c0e6a07fc6fbeea',310039000,NULL,NULL,'95ce1edc6593f4e9924bd4703d76ebc06017a5b79f2d22878fec73affc4422db','c0085760b764bde29ab703659b3e81d421d2b5328c78495e51906b6d9fb922e3');
INSERT INTO blocks VALUES(310040,'0afea7365138d9d478c1a57003d66b1998e462cfe57a9a3a1a9360f5e305e9e639387f6849770c33995e1126cefa8ed66faf8a8af03e5c0853191091978d04b1',310040000,NULL,NULL,'0a67c9d85153b1858b4d17c6899026c7ed789e5a3bb1c90e77b800e18e5d5229','57eb6a7835fe32868f4cb74ce33d94780a28f5226814f6987381dfe512eb921c');
INSERT INTO blocks VALUES(310041,'a332959f882f2a2846237e5ce8874beddc8e28c551f7d5be885c79b1d4650c5ff3c9855069302643e9315390e2dc1e7e072e7f90afecd5fe4f3f14b31f38caf3',310041000,NULL,NULL,'8d1224025e684ad0dd145b7cfe36e20476b3f84aa12c8e9743077a87559efb3a','e5fb69df38281626ad88046a4afd57987e4b09f4d2cbebb2227eff6f97179f26');
INSERT INTO blocks VALUES(310042,'ee6c4eafabbae31087db301639be2c8d82b31a3004ed19a30a3c6faafdef5c0a363ae91e97c4cc88254bfb0d16213816e610da28233ee3775969dbeba213ea2e',310042000,NULL,NULL,'75f8dcb78d62f55629778f19ac17aa78b62cf540c85626362620efce5041daf7','2fe30772f8a182e78ba17c66feb7782e7fbc9ecd4fec68ceb4608c9ae0bf1e56');
INSERT INTO blocks VALUES(310043,'1fd0b3a1241e5435a39f816d44b6a009780a37e2a131fa7be8423875f81defa4b571a0c9b89cc335c2698dbd66f55fa333bb80e20fa2ed03d9c3e8c95276d05c',310043000,NULL,NULL,'c537d8cad9d5f4bf40a5dd3fd69d80a798c531adfdc26bfd24371ccd5e18ab8f','4f2d0855e98f7843575ad11fbf7a5776203b3e2372bba6f920005f516152da3d');
INSERT INTO blocks VALUES(310044,'8074ad14f920e3bcdfe75f606c3a261e14275b3ec48d8678841492f633feb1a25c48c729e10d192e59d52b1ed5bc10185b2d0636835b05b3962e4be08b06f194',310044000,NULL,NULL,'b542f00f024e415b80d1005e81c770d223027e4c1d4d537e9fb2c8099470c661','c5a13517d5b9252efcb1ac210e4c944d9a9c5078e0e49b69e7a38324002f9ad3');
INSERT INTO blocks VALUES(310045,'edbfe164803ccbc044c2d602e6ee85546a00d478e5ec3a9475a487cfcd7deef64155b201530367be15262f05ae77a8270ac8dfed18355302a01bc37d0d1d98ea',310045000,NULL,NULL,'7ab8aac0999c68a57708948b47f8694e45fe2a6e1a2af0598ea32794aed5eab0','f23011d4aa247e6236ebfb5344cedd96aee5178fd025b67c4aa8e661267d4a70');
INSERT INTO blocks VALUES(310046,'c1d7a9dc0c93554dacedb41e6f4e7d97b7cf23a9706e6052b7c583233632b4f3cb8596e5b59b6957413ea1da603c2fe125eacf6b2257fb2ae48de3652893eb22',310046000,NULL,NULL,'13a6861f43d748cb2f3152ceee6bd35b10d0eae32a0dc1eafa92629a4546197e','47bf7ab5c20714ace9b4e03b229d29053102fd6b512250e5efe70534d39f32d4');
INSERT INTO blocks VALUES(310047,'86c6061e10d6032dd6051842afb28b6121ba443e4ace7ebcc213258fbd8aa86136ea03f5c3eafe13e560b9589871011f786bf204cc8ac6a419c263f138ddf72c',310047000,NULL,NULL,'b81631d2b14e2e34b89c0753cf746377759c0b64f76ccecce431dd21e56cae7f','7e04df2692e71041bb96b088256290064dfcaf9e4e65e4fff0dafc5ee7bdf78e');
INSERT INTO blocks VALUES(310048,'41f80924d6d10e6ff29f9926dcc1bc644a30d87657975c22165d4c54f8c30938b9bec93e24e7033bff0ad7e6540bec0ae0c3333c7f54499c7809c450cdf91451',310048000,NULL,NULL,'c77263babb5af48255e718d174d835ff32e85c0bdc943ad33ae7061af5e25743','ceb8485ef62106491745c59e400d0242557c5998a676e799893f6862f26a5c00');
INSERT INTO blocks VALUES(310049,'51e01a7614ad99af02c4171df920803ed9a88ff9a47254f0d0faf521f5f806b840bf88a311c54a08edbb9fc2f152214bb930f1b8368245c8cd263473b79f808b',310049000,NULL,NULL,'75739cde281d7df2da53de93342af09c724940b78b49e90a74f3261a1a917779','ce3c0643a881462a7107969c6a4aabba9352d1431d5a481b02528e5510f22e9e');
INSERT INTO blocks VALUES(310050,'c719b9e1f31934a3bf53ed8f8a4f59ad22f3d0481008f4a7116f31cbfcd2b71ebf296f8a6890f522c72303d63c6f6b76b802f5b93808620f3b6ff515155ea73f',310050000,NULL,NULL,'fc58b4a3bd298402291222680bfbd3ddc3fcb6eddfa33785b36a07e08c8b384d','59fcedc07ac6e7cbffa8762d2b22258e30f24fb8d429f5f601a1f968b61fa28a');
INSERT INTO blocks VALUES(310051,'e88246311bb74b66ad0f97fe2f5734e0c68d0329f05a389c35ef8a8575e8c078b92b401bccdf84f2950fd884cf0c22e2079594050292b01ffc69c8e779150ac6',310051000,NULL,NULL,'0b4afe06a14245744ec2399e4b20df19c83e53ee26cac985922b0992b0859684','87cd5a26886071c52b46a14a66feac596f42177d89dd14b4bb440dce01f3a277');
INSERT INTO blocks VALUES(310052,'1c7e09c9d97f26b1be51752c372a88ff5b5da358c76002a42647916b5e27d8e0f75effc92c15f034a75cab7ca8d8a9ec34c64f1fbfe8690c585cafc553add37d',310052000,NULL,NULL,'f6f0160ed9fe926523d3ea4d87438232c08c12b528b586393c5d567d53b302ef','c808faafaa7e9ba095471aa5a53a5b811e55e5acf2467c55c6cc1e5435929fb6');
INSERT INTO blocks VALUES(310053,'60ed831a77cedc82909d871edc4e6525de5669cc238f7b9010336b4f5c80f4eb29fc8f8f05cb9a41db4e1311f437015c8bb02b214b69cf04f909e14868ccb66f',310053000,NULL,NULL,'34e3eea12284bad1fbe56c855922f39c12c3e4de5d64b9fbeab5489cbc3a011d','5f9f79edcd7a1b3639950888017fc38c11e432430593e08468b1832942327102');
INSERT INTO blocks VALUES(310054,'0871d6f27552c73bda0f3a9f2557d87b89a0589ed5da70ed84a42dd89456a877d24e0e439953fff2123f110100aaf350755afe5ba6ccbe4f01b1965528e1b39f',310054000,NULL,NULL,'8118435706a344522375fc1fe460c881a74e2a593e35ad9597a5caf8248c6aa3','e31d87ec876196d0fbe8e4868faae8b77a116bd730ae8326f13db355d80aac46');
INSERT INTO blocks VALUES(310055,'3edee52236cc6d3fcf0c9e108ca28515924cbfa3b9ab8d6f2ce59b1f234558ba3d50c88381fc53f0d607e67dfa8cf497f45f32def36c5a444233a0edaa649987',310055000,NULL,NULL,'7f56ad9ff3bc9b52e23b131b9b274017d31bf1bd9e6294439034ad0121073852','82abdbfa72728cfadfb2d42102d7b0023fa2a590a562cfdbe370ca1aa17d6a2f');
INSERT INTO blocks VALUES(310056,'bd46235733652f0ae9e77cd97e22a371fb6778c023c98e49684616eee72b64696b1376ebfcc8e897ceb18d8415b08d5d8b27bb788bb1f6de3b8baf985e2f5c0b',310056000,NULL,NULL,'f908d789c0378092e95a1a320590819d4465eee4b0c83eb8ee6616f3a4eb162b','0fc936bedea6d460f12d58b9b0b6d9ce55fd946838ad23b7db69acb7485f9736');
INSERT INTO blocks VALUES(310057,'91e818ef3f1425e86d13808bcb5cb4125205d61f8d063f21cd37a445269ad14f96bdc18283a12ddde8d6775bc55b2ff91c7910fd7d512ee242dde68d8d4f1520',310057000,NULL,NULL,'24ea3d2f728320c7f203bc69ab8057a021cd0b0858ba524e63347d57866ab62f','0b47cb47cd167a9699c6261c1852ef912938e4bc1bf125f33053e74cdc9c1288');
INSERT INTO blocks VALUES(310058,'ab68270f350c7c11d62cfe38e0b20c6763c770f9d9dbbfaa16cff8ab3d746a9b71047d4fde90c7705688b7f36ed3479a9718fb1a455cdedb5bf97309e3344e3a',310058000,NULL,NULL,'a3256c3a204b7682a41427f8cd2a6d402a85d1f432caaf534fb0aad0f96e328a','4a7bbe9250f7710f9f59df4dc3d8ee8be14fea6bdd29a91055571f52e78a5306');
INSERT INTO blocks VALUES(310059,'d08b01ec4f2055eed65363e748f638470b4e989c815ba93395c139de56eb925e577bf05c46a1cf2051a238a2ce1c62bb137583d12d9b5a30e3d1fe2118e50009',310059000,NULL,NULL,'452caa8f1eae7123f7cf20e3f8b390dfa6cdc6eb2a6d5ebb5c7831639f91dc40','25a2f41ce58f4afa66211699eea6b3b9af0fdf3362372f77636144f874094eb0');
INSERT INTO blocks VALUES(310060,'76cc352a0973bd5cee8255c511eff6cc34a554d636ef61ab3ef6621dd0eaab17b3032e5ade33c8712b1d45960ba779974e79998b0b7738b6815ac93d2eb8181d',310060000,NULL,NULL,'019f7b3fa277de100ce4b8c52411de84d55bf214f643272bb1494597405b1cd3','c62e2ff06cb224f0684214ceb7ac618bf0c31b9433b7a3d8850b49b3f0014344');
INSERT INTO blocks VALUES(310061,'80a038ba3f297cfc699d7be560b9be58d8a88f4b127468e22d5d633b6b3e359430d738c20f7c5182a435bcc1a49a056e84ce705ccc504405bb70700030f86260',310061000,NULL,NULL,'9454320714ab4821515143d1e8c7f1af3ea73819c6d01e8919a585c5cf691607','8734284a683aad136a564dbdfefc1cab1de902cf4645d920b3d3b1b5cca24507');
INSERT INTO blocks VALUES(310062,'9fb37033c32405d7e00ff9b69272079af198e9960fbddb8dbba542b7b6911ceb833868bad3759566a7a2736b9d719ca82690627d83491ed40467e6b18830a711',310062000,NULL,NULL,'a5db37e6ba2f3cbda95e942269b802a28326b08d510f6c26257440d5f2c30957','567a5d0e172d7318cef53b77efc9cdbbd9b1f64f2b7e58ca90800c0055a0373a');
INSERT INTO blocks VALUES(310063,'807f83f652635dd041b0e46222d9a136099f478a5159c501735eb3a64b32d664250ec44f4668df72b1f2b8ce34ff2e1c260b6fcd87febebcc44e99faa098cd7c',310063000,NULL,NULL,'83aaa2b3824064178a2349780c817945513cd8208958f37b3b39c8316b61804e','94df33f4c10c0ab7614025951d905fd2c4ed96b11e03dbfa7210dc4ab27cf6e5');
INSERT INTO blocks VALUES(310064,'cdfd286ed7373f1a2b525d37a903df4ac53788422414fa5fa5b408dc04d11991b3bb3c7dc7be3bc98d65c31265c01abd59f6c9f4cf6cb25c8da4a28fcc74f576',310064000,NULL,NULL,'c7c7fed5054bdbb2b7a0d545189ce2b2dcdf0bcbaec628b426c9eb7db8bea86a','46424d84fee672f519a9d90443e9e464e8de56db36c3cc30594a360a42fedd43');
INSERT INTO blocks VALUES(310065,'e971d529b30e42e87f399558d975181220fadc9b160b37dc5fe82752be193de9c7022dc509061f99158c7e585799f336ea3dd8fe63d55b57772af676e91108c8',310065000,NULL,NULL,'94d2b8ccab02206a573b43024a615c317f13b1a999eb80f0c8760b5d9e09f48b','943a188a8e10f2183a4d48d8a273586bbed7329ce06b5f9fbb842d1215bea373');
INSERT INTO blocks VALUES(310066,'0758bfcf08b5a8eb40e4937fd84fc69458338483a8471865b38fa252d8644be6c22962996b80aa3fb37db97f2e2a213049c9cb356d8564d26fb1ad5de14ccef8',310066000,NULL,NULL,'3c0a0f81be342388be8dc18ea64738665719b89301fb4afdb1f5529a8050917c','3a180c2f4f02ef2686fffd3b041a758961b33300997e811636fb6cc0c8beb729');
INSERT INTO blocks VALUES(310067,'359caeb095b44b88cb86676c4a94ac830211c31e25c326c9c75e3ac60c5f28c1ee7387fc46ac6ba2946a6ce41a067637047ac4effb32777dd9f694ef1aa88ef2',310067000,NULL,NULL,'3339c1654b4a4c3347b6c0d1eda9b72f73047c855d13d25a5d2c46f9fac69522','eb12c848c14854e298bac4e816a90d4cf1a05a18392bd469d9b0c545291f8af1');
INSERT INTO blocks VALUES(310068,'2f1264342a2fd66c9493f2fa062cb8477ef86f72c532149ffd45353fca250a9985c027d7ccee2e646c96533196f6dd60ef9bcb12b3f156dbe71edbd088418487',310068000,NULL,NULL,'8b85d009d83cc71d2458c1fcd5ac4195c1c498c99b5ff038d51cb501e7fe19ec','5b81c9865b87e15c5602c68519b9a5f235aa8aa7ae5565983272985ca833715c');
INSERT INTO blocks VALUES(310069,'b08114be39f1ba70cbf72cf9ac4b008d8582dce4d4d7c789e7da57eb264fab24fdeceae387dbb23d5dc0c73f8faa013c5a499ee8d2761b959128c9694802230e',310069000,NULL,NULL,'65c468d92eeac01d71f203fb60aab301e51febc599cdc6921e82e5b1f0a3ef5d','27a4bab97f62eb314463161beb178c958fed68c3d04fceb5059cd9b16e7adaa2');
INSERT INTO blocks VALUES(310070,'5f1384e1063f3c21946d063c75dcb43a6ddc4642eac6f79eee0a80ea99320bf8b26ecf86b1e79889e1c733cd278219e76315130a30b440d84cd288be58bf3853',310070000,NULL,NULL,'02cc59a1d797738dfe72a12884db8819df460f7b90ccede4c0221f7f630bb3c8','de4e34aced6ef8bf9e970e7130f622b7810575afba260595380d388bdc262d44');
INSERT INTO blocks VALUES(310071,'c80b492818257e806e4fbe093c89c7965275aa8e36d1bb888d1f79a059e95dadc40273e59de99eb8d80c5e8e1445509d8baee4c733d2c470598620f3048cfafd',310071000,NULL,NULL,'e523e7e030e55577790d00c10f466ad2e8c0729df39e2bcdf726a5402791858a','97ac2d76b80b5acb085299da4ccbb8508177bea6cfcc7e6fbe37e8739b95313b');
INSERT INTO blocks VALUES(310072,'64a311227b25fe4606729312295546a9ade70637e896cdd8321257c0b173e38701be1e5bfefbdd2cf1eb908d5076f2b464c8664281cca6a9d9bfd715ca085a93',310072000,NULL,NULL,'cb4bfda9acacb423379fc44ae5c9e5ccac464e619fdad15eaedeb8f037904451','bd65c7138d7f718a41fad95e29c615ff34e30e41d2d736eba9cf26b827aef224');
INSERT INTO blocks VALUES(310073,'acc6dfdc3cf0651092a08818eed4eeaf9abfd322f1e46bec97e6a8ce96317612d4f3873e194310f1335da4ac225ed92b1a59237cde4fe1d2049be6a2b66c1f1d',310073000,NULL,NULL,'c95ba9fb6bdce60d6bb4f10b0cedb6dd1d91566b3dd00fdacfe3efd1623f1450','4ab374f443021cbb9a2a23b504cb54b04ab813df50491caf1b659544ce220716');
INSERT INTO blocks VALUES(310074,'a00f647aa4b5d9142500fdc7da95b47c60c0affa3275cab56a875b1e082fa8037b3c32e6a002f92010c2d8bc1abaad10c2373fbd246b59e69af1e97df5c3a3f2',310074000,NULL,NULL,'af1de29686a912d881d8b02d160f30b4163653be58ba6c7b4607bfe21fe8d900','d9366362745a897072e9f7e9ea598e41e9a8e6d6bfd81ae085fc08242277efc0');
INSERT INTO blocks VALUES(310075,'53035b827f91f83e75adef2f62607377fcffcd185902cb742a72d751e4d57e0432562fe92b0cc6f7221ecbe53ced6aea685ba2383dd9e2a78fce462778b75010',310075000,NULL,NULL,'5ce58b4a53e47977d4082eabea07d5af5ac2befcb8ab13a732eb8257e5a133fc','16fa56d89b81dc72d8af7c6fad7e15c3172710cb0d6c7e55064bcbe5fc0f31ac');
INSERT INTO blocks VALUES(310076,'98867155f362ec51c5d01c1ee81fec7c0fd5bf08892df7e78140ca21c443c084876793d528480ef54ea1e185fe435869dd7dd284119b92f4a3f63d05173a6580',310076000,NULL,NULL,'866c6032ed609a5c5c0ed4aaa4a51d56a28e412aaf3069399ccb6baf8648a92e','abbf062bff6febe1eb4477ad5ba612c0a1f4640eb070985cee7424b4e1b644da');
INSERT INTO blocks VALUES(310077,'2f9ac5c43c034f11cf28d62fb787f8c109662e4187b8af0d7dbd81b524f474ba9f4ab6bb6a36ce44003839ba82f7018065499543c9e3b4b1be0e96b9d56cd9d7',310077000,NULL,NULL,'24b3d97af9917851193e35d1fa47633eb40428683dd48f095a168e6e55ebbe4b','cff6b76a8deced16e86cff9b14a0f7ec91e9612207bc9f2749e903d2ce159589');
INSERT INTO blocks VALUES(310078,'5e535d532426974fe1c45ebc463ec7a93fc3625a5da33119975481c4c98ec8ad81ab13fcb7e8943ae4fb26b41aeaa7ca0f50fa22d16c7d18e5deb3820e96df1e',310078000,NULL,NULL,'6818c69d215e6aaba9406258278f58304304f90aecfb5306f665df0d4c0f5382','6dec1eae11b0385faeacd7ff02f1a4912c0f17f5d20efcbb67a8cf26ba36e277');
INSERT INTO blocks VALUES(310079,'e41a51db594c3e7919b4aac63e6100a092461b81518721da953a476986f5bf8e29085cfe6a08ec452fa547b704c4c4eca957ae193c27281dfa7f113a0f6df941',310079000,NULL,NULL,'a3bd2d7df9733ab5f9a372c39e1c1ca8fcbbe46cbfd87bebe93f0d89cf127eaa','92a61b8e2c9958f3f6012910a207451150b02c8e60b7baf0464f3c7af6e57083');
INSERT INTO blocks VALUES(310080,'fa67febda99884d857fb9bba17476225a600f76535a9431d21c261662434b85b9b4d4ce3cb591d043f80ebe0adaf9263e0a368d949d291e14778b46d07dabe91',310080000,NULL,NULL,'82fbcd6619738fd0a1b3a6018eb4662cddd5c8e26ade927b44061e67975f0737','5dbdc714786b6941ce2545c94a2a6f0cdf9caed9ca5ddbce82c1ccbae7b23565');
INSERT INTO blocks VALUES(310081,'98a5ce8fe941cef091735620c3119d97a382b9c80cc1764d1d30c94300037d0e519063378746b7edbfc60aa506fc04ebd539ada353534b7a5b3d621dec791da9',310081000,NULL,NULL,'79d271c62308fd587934a12d613f5ef495cb5e740fb3aa5c48d383e1a78e6fce','c64b6ca4c98e169129d3abedeec6fef4b03ae47b9b6cad374331381177eb4603');
INSERT INTO blocks VALUES(310082,'7702f9604bf3efed6578761f4c52de99779c7c42d7543774d425a4c3537befbd2e7181355f8a1130d3d8ad9ff3bbeaaca4e26cfaefff15e575ac4b2eb19b7051',310082000,NULL,NULL,'bf26982f1ae961ce68a553455eb5daf0de606577e88f6ab4eab577ac507d3d5c','9b6fda5421b35ebcaf00144be7ffda14b7f27a1517fdad44e258a0a4e1262054');
INSERT INTO blocks VALUES(310083,'f190eca1a75147eeec93cf96f106e346b908fc47e6a363093d5b229901bd58fb34fc8db82a8feb2d3dcbeac0c901ce98378f7e1dec0ff7aea7235c6d822a62b0',310083000,NULL,NULL,'a51fdcf3668414e566c53ef783e218c6537d21b5da2305ff47fb9dc55f156c6f','7ce80a766e0e39f7c72024e7d7a97a895f940a59ebc23296319caa3c0d432202');
INSERT INTO blocks VALUES(310084,'d15e3c53c8bad6d8a4dcbb870b622505e4dabe8b3d3b7ffac8aa4976cdcefc91fc13c1c1a1700d7417e829310f9826fbc82307636fc3f95bcce561a8dd8f7ea0',310084000,NULL,NULL,'b98368a2e6d9c3ac009e955892a51598b9e0ad57d4a96d6d44c57b8d0533f616','a26b2679f8c48443865df8d57ba5585b143385b391f0715a655d899823d5f89e');
INSERT INTO blocks VALUES(310085,'464aeb24455523d820981afe0f284487ec0a36b1388182f88388370811c394bc18686bfe2b8429f7d37569070f13e95952e877b7a84000c6c0e769e5e76cf437',310085000,NULL,NULL,'2b7ef9f69ee2e433272a20a27f3b9179c1a547ea1eefa74201d129ab8090c0ad','afcc530d2f5dc91eaa300877471964cc40d7ce88ec9732d074f2201005c00d64');
INSERT INTO blocks VALUES(310086,'0c1d3e5b62d04ec82124010d58d052a0a2f9dfb71684580d0c5a8d37e286768f5eb4ce31dd4a677bbbf199d47ee843ec864deae51f4b2ca29d765015748b5742',310086000,NULL,NULL,'0377e9188be19c7bef044003b01cde29be817e2512159202aa56e7ed3441104d','099073d57d821dff1fb872eb96ed81d7c7389fd73b8b4ed22d5bf0b25370d078');
INSERT INTO blocks VALUES(310087,'799dd8fedf7036eca0b8298ac48c295690d12f9c71aa98727c927a6cb0224c62433ab878dff483f6d2754bde36f06fce594bdb06559c1d1a0a51848bfb395419',310087000,NULL,NULL,'d9998ad1f5d73ac5440cebc2b66bb981b3ce34c0723dc0eda136e8edaef46643','2666e4f6b6c0546592cbcea4f6e34075f48cbf4344133acdf16c1633a28b721a');
INSERT INTO blocks VALUES(310088,'8e1e809b86f3fbde2cabe6510052084ec68d7857c34f8dd334c99e8aeecf32ac1669f2789aa41acf3f33119c5d0aeafed03d8288765c178174a8db27887c22aa',310088000,NULL,NULL,'17f4748a817ee6bc6f8ec21aeea156940481214e34ad7495bdac551d968dbb0a','489cc5bcb1a54b781010b1b2764f14f8472da0a6c29afd864de4c0992beec375');
INSERT INTO blocks VALUES(310089,'9803c2ce201e643165ba86a8a739ec73a05f29d23237d8d2de56f46f417be665785871d0d36cd3146f999d0252635b9ae8a3dd86f597b1cb59cf6879e116b5be',310089000,NULL,NULL,'b3a72b6eb556a3dc8b09e035d8038c0cfe26c796f970a235b832ead28a9e277b','c3446363740bebacc431815ebf9768d4eae2e5561a1d3313ce2fd1db2adab6a7');
INSERT INTO blocks VALUES(310090,'1ea5f2b04b763909ad541951a0d21078be9d08e6bd7a23499ea69fa4ee8a67f02791404da26f6b64ed5bfc0bed66c28e4e98b703d7466f96311c5c838ab6d9c2',310090000,NULL,NULL,'4fc75b140d9741dfd6e15a0807f0753d43f9ca8e38ad3845e6c027ae1fc01e02','3dade145ee60514afb775f8fcf370898bcbe025a417a096b9d0ed2d02e72e681');
INSERT INTO blocks VALUES(310091,'09f4ee2e18880732c0ac4f58e012ff8fe9223899aeae5e051c9796439d98570637670e0cf50c0727e3017287f268466368c550fdbd3bd210387615af76c0a515',310091000,NULL,NULL,'fe7db3686b2a150af19015592b442dbb9f9a8a92071f764c98d8ac5df202a9d5','c5917c23f3af41ffd6a1e3b55f6e6fc97cb29184601a02552109f74b754b785a');
INSERT INTO blocks VALUES(310092,'ae270aca6bf2998680fd12abfdbd158ee5bfb8131fddbe54f5466c6f7a7ff114517a253f8756e13c2bde73e9b851ad2b24ce06bac2086ce3e240331bae518a2c',310092000,NULL,NULL,'aaccf4902e124377b58a720b02c8d149b3eceff17f6fcd46a9a61ddba13900c1','28c1e20f994900c64e8366017bdcc6b3460ddcd2409cc79ce3e36812b4b05627');
INSERT INTO blocks VALUES(310093,'2c950816e8a2e9c29fac064891a58465f30a62197864d549f856157c223a1f78f1e39f753e792f64b48c500d77e47602093941df590450d21da55758f81a659d',310093000,NULL,NULL,'cdc8db75422dd6c921ea60cb6e44a43798fda8e12604723cc49377f237475a1b','fbdfffad765368157655d460a208fc705b9bdfa176afd64ff1fcd1915f96b840');
INSERT INTO blocks VALUES(310094,'c7eda9512bcac5c3b73e17923afdce541011780a51f2f59338bd91f539b223655a64a2680972f32e340a268ee6dca4caf0ea6ed8ad02a3840e5ca7075c6cc69b',310094000,NULL,NULL,'4484281f5d8523c247b84c17095ff6924ff751a3a50338184ff893ad0b743499','48fc69afe0f9706ad0c7707c144f9650cd8e96e6c9f2089b4883e2c224edfb09');
INSERT INTO blocks VALUES(310095,'4ff3aa594932ca9e13370bd1a9fcaf0d07dcd6c28949afda5fff201a876e77331c483f93c8fc7295d3c8eb0d4ed3d4f53d062e17e87789392db93bec453cf1d2',310095000,NULL,NULL,'086816d857f1df88a300cd5b988fb456bce4c232c29bdc3c927f5f0005bd2768','818bc7f5321111256bafbfe65c990f85569c6c2969cb6c24f9dc26655ddc99ab');
INSERT INTO blocks VALUES(310096,'7f6ebf5b7e09d78febea9dce370ca98e1a00cd911b6ee8b4c1f46c3ee5e54754040ae2e5443d5e53ff2af3b615b08063111b4876e034ef31c9ec0f5e75695772',310096000,NULL,NULL,'a47e34ed3800883021be3540ea94de0264ea2eab3b7ba39a3fce1d944284c349','1aa80bcc0a61bbf836050153a7f3e09d32337a7e410502ecfa336f88558eccd0');
INSERT INTO blocks VALUES(310097,'e44698e52e70ebb58d3d004f8eb4943aada1835e5ae673ae54f5a62231df0f0fc3a68ece57823e624b4f365ce199d50e35ec15619e508f8cbf71134d82facefb',310097000,NULL,NULL,'5f3b8b8c389e7d2c1e0271625b76f162540fc07ea8e2512b20594d0197af7027','b730f412a7a75c968bba1d72f79ef21d9564c1bc1024aafd3a6f65f16ad49d05');
INSERT INTO blocks VALUES(310098,'031441b70e39a3d6dcf5a532eddb405d5abd8d723029ca8be3cfe400f0e4fb012a63d859e610eb48c7e41c4e80768e877321e92f8ff406e700d8c161e8a3f4d2',310098000,NULL,NULL,'c1788249e582b578c5513c873b5d2d5e72407e43dbc4607562822ae059b6648b','ed305a995d2ec2be789f5c734ab7677fdfc7037fc13820ad8b06db002d7f4b6d');
INSERT INTO blocks VALUES(310099,'2456675ed07aaa79602718040e1f29e546938bec8a15b26492dbfd58d5388ea21ff3440ff29138f4e2cfb47662ea3e4e50476f7280c0e58b51b53bc08c014fc2',310099000,NULL,NULL,'c325d874b125f40d246504791f41e7ec42ccb1c8360f1325743a1be7e77a436f','642f3f7d7f28797fdb5046f8bc7f754754ef3264ccfe4a2c0f87669d5c9989e9');
INSERT INTO blocks VALUES(310100,'b9b9a79de83063df4410925030cc3710aad6999f8ca9955305b477dda2e3777293c7ddd7c4eb6e9c3f2aec2e23e2415d0037dfcaf61a52b351ca564f2cf1556d',310100000,NULL,NULL,'931507e81a34f7abe19c5e1fc4ec934e36dd257000c6c67495ad1841d754e3f4','0eba1161bf332d973ed56cf83f2515c9d50055a6ad95fcaa3e696d25ce2e86eb');
INSERT INTO blocks VALUES(310101,'e8a8ebd85a460cf5987683360a1c77e6728b4e59027220f8eceda05c720bc38c91f6193bc43739da026cd28f340e1a10b9900bfa3eed11f88339147c61b65504',310101000,NULL,NULL,'7c9bd53dd15546fc4dc5e6d46152dfd3e674aab448bd2ebe41af9d7d37da6fb3','174047da0a7976b5298f41209b46f83380dda9685c818a01a84731d4551e314a');
-- Triggers and indices on  blocks
CREATE INDEX block_index_idx ON blocks (block_index);
CREATE INDEX index_hash_idx ON blocks (block_index, block_hash);

-- Table  broadcasts
DROP TABLE IF EXISTS broadcasts;
CREATE TABLE broadcasts(
                      tx_index INTEGER PRIMARY KEY,
                      tx_hash TEXT UNIQUE,
                      block_index INTEGER,
                      source TEXT,
                      timestamp INTEGER,
                      value REAL,
                      fee_fraction_int INTEGER,
                      text TEXT,
                      locked BOOL,
                      status TEXT,
                      FOREIGN KEY (tx_index, tx_hash, block_index) REFERENCES transactions(tx_index, tx_hash, block_index));
INSERT INTO broadcasts VALUES(12,'f9eb323c1032b8b66432591f8dca1568a97cbdb2062ed5b8792c226671945e37',310011,'mn6q3dS2EnDUx3bmyWc6D4szJNVGtaR7zc',1388000000,100.0,5000000,'Unit Test',0,'valid');
INSERT INTO broadcasts VALUES(19,'2cd827a7d27adf046e9735abaad1d376ad7ef1f8fad1a10e44a691f9ddc3957b',310018,'mn6q3dS2EnDUx3bmyWc6D4szJNVGtaR7zc',1388000050,99.86166,5000000,'Unit Test',0,'valid');
INSERT INTO broadcasts VALUES(20,'bd43db240fc7d12dcf355a246c260a7baf2ccd0935ebda51c728b30072e4f420',310019,'mn6q3dS2EnDUx3bmyWc6D4szJNVGtaR7zc',1388000101,100.343,5000000,'Unit Test',0,'valid');
INSERT INTO broadcasts VALUES(21,'7901472b8045571531191f34980d497f1793c806718b9cfdbbba656b641852d6',310020,'mn6q3dS2EnDUx3bmyWc6D4szJNVGtaR7zc',1388000201,2.0,5000000,'Unit Test',0,'valid');
-- Triggers and indices on  broadcasts
CREATE INDEX status_source_idx ON broadcasts (status, source);
CREATE INDEX status_source_index_idx ON broadcasts (status, source, tx_index);
CREATE INDEX timestamp_idx ON broadcasts (timestamp);

-- Table  btcpays
DROP TABLE IF EXISTS btcpays;
CREATE TABLE btcpays(
                      tx_index INTEGER PRIMARY KEY,
                      tx_hash TEXT UNIQUE,
                      block_index INTEGER,
                      source TEXT,
                      destination TEXT,
                      btc_amount INTEGER,
                      order_match_id TEXT,
                      status TEXT,
                      FOREIGN KEY (tx_index, tx_hash, block_index) REFERENCES transactions(tx_index, tx_hash, block_index));
INSERT INTO btcpays VALUES(5,'69f56e706e73bd62dfcbe113744432bee5f2af57933b720d9dd72fef53ccfbf3',310004,'mn6q3dS2EnDUx3bmyWc6D4szJNVGtaR7zc','mn6q3dS2EnDUx3bmyWc6D4szJNVGtaR7zc',50000000,'ad6082998925f47865b58b6d344c1b1cf0ab059d091f33334ccb92436f37eb8a_833ac1c9139acc7a9aaabbf04bdf3e4af95a3425762d39d8cc2cc23113861d2a','valid');

-- Table  burns
DROP TABLE IF EXISTS burns;
CREATE TABLE burns(
                      tx_index INTEGER PRIMARY KEY,
                      tx_hash TEXT UNIQUE,
                      block_index INTEGER,
                      source TEXT,
                      burned INTEGER,
                      earned INTEGER,
                      status TEXT,
                      FOREIGN KEY (tx_index, tx_hash, block_index) REFERENCES transactions(tx_index, tx_hash, block_index));
INSERT INTO burns VALUES(1,'610b15f0c2d3845f124cc6026b6c212033de94218b25f89d5dbde47d11085a89',310000,'mn6q3dS2EnDUx3bmyWc6D4szJNVGtaR7zc',62000000,93000000000,'valid');
INSERT INTO burns VALUES(23,'6d1a0e0dedda4a78cf11ac7a1c6fd2c32d9fd7c99d97ae7d524f223641646b85',310022,'mn6q3dS2EnDUx3bmyWc6D4szJNVGtaR7zc',38000000,56999887262,'valid');

-- Table  cancels
DROP TABLE IF EXISTS cancels;
CREATE TABLE cancels(
                      tx_index INTEGER PRIMARY KEY,
                      tx_hash TEXT UNIQUE,
                      block_index INTEGER,
                      source TEXT,
                      offer_hash TEXT,
                      status TEXT,
                      FOREIGN KEY (tx_index, tx_hash, block_index) REFERENCES transactions(tx_index, tx_hash, block_index));
-- Triggers and indices on  cancels
CREATE INDEX cancels_block_index_idx ON cancels (block_index);

-- Table  contracts
DROP TABLE IF EXISTS contracts;
CREATE TABLE contracts(
                      contract_id TEXT PRIMARY KEY,
                      tx_index INTEGER UNIQUE,
                      tx_hash TEXT UNIQUE,
                      block_index INTEGER,
                      source TEXT,
                      code BLOB,
                      nonce INTEGER,
                      FOREIGN KEY (tx_index, tx_hash, block_index) REFERENCES transactions(tx_index, tx_hash, block_index));
-- Triggers and indices on  contracts
CREATE INDEX contract_id_idx ON contracts(contract_id);

-- Table  credits
DROP TABLE IF EXISTS credits;
CREATE TABLE credits(
                      block_index INTEGER,
                      address TEXT,
                      asset TEXT,
                      quantity INTEGER,
                      calling_function TEXT,
                      event TEXT,
                      FOREIGN KEY (block_index) REFERENCES blocks(block_index));
INSERT INTO credits VALUES(310000,'mn6q3dS2EnDUx3bmyWc6D4szJNVGtaR7zc','XCP',93000000000,'burn','610b15f0c2d3845f124cc6026b6c212033de94218b25f89d5dbde47d11085a89');
INSERT INTO credits VALUES(310001,'mtQheFaSfWELRB2MyMBaiWjdDm6ux9Ezns','XCP',50000000,'send','72928dacb4dc84a6b9ebf9f43ea2a9ab8791f7ffa8e94a5c38b05d7cfd4a5c3f');
INSERT INTO credits VALUES(310004,'mn6q3dS2EnDUx3bmyWc6D4szJNVGtaR7zc','XCP',100000000,'btcpay','69f56e706e73bd62dfcbe113744432bee5f2af57933b720d9dd72fef53ccfbf3');
INSERT INTO credits VALUES(310005,'mn6q3dS2EnDUx3bmyWc6D4szJNVGtaR7zc','BBBB',1000000000,'issuance','81972e1b6d68a5b857edf2a874805ca26013c7d5cf6d186a4bbd35699545b52a');
INSERT INTO credits VALUES(310006,'mn6q3dS2EnDUx3bmyWc6D4szJNVGtaR7zc','BBBC',100000,'issuance','d7ab55e6bd9d4c60143d68db9ef75c6d7cb72b5a73f196c356a76b3f3849da83');
INSERT INTO credits VALUES(310007,'mtQheFaSfWELRB2MyMBaiWjdDm6ux9Ezns','BBBB',4000000,'send','a5e00545ea476f6ce3fad4fcd0a18faceef4bea400d1132f450796c1112295ce');
INSERT INTO credits VALUES(310008,'mtQheFaSfWELRB2MyMBaiWjdDm6ux9Ezns','BBBC',526,'send','623aa2a13bd21853e263e41767fc7ce91c2e938d5a175400e807102924f4921e');
INSERT INTO credits VALUES(310009,'mtQheFaSfWELRB2MyMBaiWjdDm6ux9Ezns','XCP',24,'dividend','dda46f3ab92292e4ce918567ebc2c83e0a3707d78a07acb86517cf936f78638c');
INSERT INTO credits VALUES(310010,'mtQheFaSfWELRB2MyMBaiWjdDm6ux9Ezns','XCP',420800,'dividend','5995ba45f8db07202fb542aaac7bd6b9224091764295034e8cf68d2752824d87');
INSERT INTO credits VALUES(310013,'mn6q3dS2EnDUx3bmyWc6D4szJNVGtaR7zc','XCP',4250000,'filled','edd28543ae87ae56f5bd55437cab05f7f4d8a1709cb12e139dab176eb5f7e74a');
INSERT INTO credits VALUES(310013,'mn6q3dS2EnDUx3bmyWc6D4szJNVGtaR7zc','XCP',5000000,'cancel order','833ac1c9139acc7a9aaabbf04bdf3e4af95a3425762d39d8cc2cc23113861d2a');
INSERT INTO credits VALUES(310015,'mn6q3dS2EnDUx3bmyWc6D4szJNVGtaR7zc','XCP',0,'filled','faca8b02a24a4e8a29164f5d3a4ce443c55c4060c34f7ad3cb42ad862c5a6f67');
INSERT INTO credits VALUES(310015,'mn6q3dS2EnDUx3bmyWc6D4szJNVGtaR7zc','XCP',0,'filled','faca8b02a24a4e8a29164f5d3a4ce443c55c4060c34f7ad3cb42ad862c5a6f67');
INSERT INTO credits VALUES(310017,'mn6q3dS2EnDUx3bmyWc6D4szJNVGtaR7zc','XCP',0,'filled','864b93f55d4aa6cec4717b264d7cc351d7b0ef169d4d584008be703ade736715');
INSERT INTO credits VALUES(310017,'mn6q3dS2EnDUx3bmyWc6D4szJNVGtaR7zc','XCP',0,'filled','864b93f55d4aa6cec4717b264d7cc351d7b0ef169d4d584008be703ade736715');
INSERT INTO credits VALUES(310018,'mn6q3dS2EnDUx3bmyWc6D4szJNVGtaR7zc','XCP',59137500,'bet settled: liquidated for bear','2cd827a7d27adf046e9735abaad1d376ad7ef1f8fad1a10e44a691f9ddc3957b');
INSERT INTO credits VALUES(310018,'mn6q3dS2EnDUx3bmyWc6D4szJNVGtaR7zc','XCP',3112500,'feed fee','2cd827a7d27adf046e9735abaad1d376ad7ef1f8fad1a10e44a691f9ddc3957b');
INSERT INTO credits VALUES(310019,'mn6q3dS2EnDUx3bmyWc6D4szJNVGtaR7zc','XCP',159300000,'bet settled','bd43db240fc7d12dcf355a246c260a7baf2ccd0935ebda51c728b30072e4f420');
INSERT INTO credits VALUES(310019,'mn6q3dS2EnDUx3bmyWc6D4szJNVGtaR7zc','XCP',315700000,'bet settled','bd43db240fc7d12dcf355a246c260a7baf2ccd0935ebda51c728b30072e4f420');
INSERT INTO credits VALUES(310019,'mn6q3dS2EnDUx3bmyWc6D4szJNVGtaR7zc','XCP',25000000,'feed fee','bd43db240fc7d12dcf355a246c260a7baf2ccd0935ebda51c728b30072e4f420');
INSERT INTO credits VALUES(310020,'mn6q3dS2EnDUx3bmyWc6D4szJNVGtaR7zc','XCP',1330000000,'bet settled: for notequal','7901472b8045571531191f34980d497f1793c806718b9cfdbbba656b641852d6');
INSERT INTO credits VALUES(310020,'mn6q3dS2EnDUx3bmyWc6D4szJNVGtaR7zc','XCP',70000000,'feed fee','7901472b8045571531191f34980d497f1793c806718b9cfdbbba656b641852d6');
INSERT INTO credits VALUES(310022,'mn6q3dS2EnDUx3bmyWc6D4szJNVGtaR7zc','XCP',56999887262,'burn','6d1a0e0dedda4a78cf11ac7a1c6fd2c32d9fd7c99d97ae7d524f223641646b85');
INSERT INTO credits VALUES(310022,'mn6q3dS2EnDUx3bmyWc6D4szJNVGtaR7zc','XCP',8500000,'recredit wager remaining','5da0ca591e5336da0304bc8f7a201af3465685c492b284495898da35a402e32a');
INSERT INTO credits VALUES(310023,'mtQheFaSfWELRB2MyMBaiWjdDm6ux9Ezns','BBBC',10000,'send','a40605acb5b55718ba35b408883c20eecd845425ec463c0720b57901585820e2');
INSERT INTO credits VALUES(310027,'mn6q3dS2EnDUx3bmyWc6D4szJNVGtaR7zc','XCP',22043326,'wins','635a5afd4efab8ed4c70d2601dc5e7dbe9ea6b8d252e4eec4e642a8e0ba10b3f_ffffe0e5b05c7bb14d8d95f454e9769cfa03e1663551e2ac0077268a2a3c88f6');
INSERT INTO credits VALUES(310031,'mn6q3dS2EnDUx3bmyWc6D4szJNVGtaR7zc','BBBB',50000000,'cancel order','38d5ec6c73a559b1d1409e0506e2bec30b7db9fd6ca385f2b50202ede6cede56');
INSERT INTO credits VALUES(310038,'mn6q3dS2EnDUx3bmyWc6D4szJNVGtaR7zc','XCP',11021663,'recredit wager','6e0ba68befc0c4e73212aceaaee20320373352aecdaf25f99c2c5c6dc9b11681');
INSERT INTO credits VALUES(310068,'mn6q3dS2EnDUx3bmyWc6D4szJNVGtaR7zc','XCP',11021664,'recredit wager','f3716b6e588e7d938eaa8228135bd51870068555b5a4f447e2f0502d46fb6710_fda32886cc92c292a5aa012a6abbcf20b351873fcb23a01b3eaf7e53cd4de0d6');
INSERT INTO credits VALUES(310068,'mtQheFaSfWELRB2MyMBaiWjdDm6ux9Ezns','XCP',11021664,'recredit wager','f3716b6e588e7d938eaa8228135bd51870068555b5a4f447e2f0502d46fb6710_fda32886cc92c292a5aa012a6abbcf20b351873fcb23a01b3eaf7e53cd4de0d6');
INSERT INTO credits VALUES(310095,'mn6q3dS2EnDUx3bmyWc6D4szJNVGtaR7zc','XCP',22043330,'wins','40575c4cf1ee21282459c8c824be1cb2e28df26c6c83b9c85d431fc694f8257d_432f37fd7f18bdeece846f019649fcb632c65acdef437e88d817304d29a8ede4');

-- Table  debits
DROP TABLE IF EXISTS debits;
CREATE TABLE debits(
                      block_index INTEGER,
                      address TEXT,
                      asset TEXT,
                      quantity INTEGER,
                      action TEXT,
                      event TEXT,
                      FOREIGN KEY (block_index) REFERENCES blocks(block_index));
INSERT INTO debits VALUES(310001,'mn6q3dS2EnDUx3bmyWc6D4szJNVGtaR7zc','XCP',50000000,'send','72928dacb4dc84a6b9ebf9f43ea2a9ab8791f7ffa8e94a5c38b05d7cfd4a5c3f');
INSERT INTO debits VALUES(310003,'mn6q3dS2EnDUx3bmyWc6D4szJNVGtaR7zc','XCP',105000000,'open order','833ac1c9139acc7a9aaabbf04bdf3e4af95a3425762d39d8cc2cc23113861d2a');
INSERT INTO debits VALUES(310005,'mn6q3dS2EnDUx3bmyWc6D4szJNVGtaR7zc','XCP',50000000,'issuance fee','81972e1b6d68a5b857edf2a874805ca26013c7d5cf6d186a4bbd35699545b52a');
INSERT INTO debits VALUES(310006,'mn6q3dS2EnDUx3bmyWc6D4szJNVGtaR7zc','XCP',50000000,'issuance fee','d7ab55e6bd9d4c60143d68db9ef75c6d7cb72b5a73f196c356a76b3f3849da83');
INSERT INTO debits VALUES(310007,'mn6q3dS2EnDUx3bmyWc6D4szJNVGtaR7zc','BBBB',4000000,'send','a5e00545ea476f6ce3fad4fcd0a18faceef4bea400d1132f450796c1112295ce');
INSERT INTO debits VALUES(310008,'mn6q3dS2EnDUx3bmyWc6D4szJNVGtaR7zc','BBBC',526,'send','623aa2a13bd21853e263e41767fc7ce91c2e938d5a175400e807102924f4921e');
INSERT INTO debits VALUES(310009,'mn6q3dS2EnDUx3bmyWc6D4szJNVGtaR7zc','XCP',24,'dividend','dda46f3ab92292e4ce918567ebc2c83e0a3707d78a07acb86517cf936f78638c');
INSERT INTO debits VALUES(310009,'mn6q3dS2EnDUx3bmyWc6D4szJNVGtaR7zc','XCP',20000,'dividend fee','dda46f3ab92292e4ce918567ebc2c83e0a3707d78a07acb86517cf936f78638c');
INSERT INTO debits VALUES(310010,'mn6q3dS2EnDUx3bmyWc6D4szJNVGtaR7zc','XCP',420800,'dividend','5995ba45f8db07202fb542aaac7bd6b9224091764295034e8cf68d2752824d87');
INSERT INTO debits VALUES(310010,'mn6q3dS2EnDUx3bmyWc6D4szJNVGtaR7zc','XCP',20000,'dividend fee','5995ba45f8db07202fb542aaac7bd6b9224091764295034e8cf68d2752824d87');
INSERT INTO debits VALUES(310012,'mn6q3dS2EnDUx3bmyWc6D4szJNVGtaR7zc','XCP',50000000,'bet','5da0ca591e5336da0304bc8f7a201af3465685c492b284495898da35a402e32a');
INSERT INTO debits VALUES(310013,'mn6q3dS2EnDUx3bmyWc6D4szJNVGtaR7zc','XCP',25000000,'bet','edd28543ae87ae56f5bd55437cab05f7f4d8a1709cb12e139dab176eb5f7e74a');
INSERT INTO debits VALUES(310014,'mn6q3dS2EnDUx3bmyWc6D4szJNVGtaR7zc','XCP',150000000,'bet','bc42268279947c6dd5a517df41ae838c22c7194c686180700d8087dc3c8ce36c');
INSERT INTO debits VALUES(310015,'mn6q3dS2EnDUx3bmyWc6D4szJNVGtaR7zc','XCP',350000000,'bet','faca8b02a24a4e8a29164f5d3a4ce443c55c4060c34f7ad3cb42ad862c5a6f67');
INSERT INTO debits VALUES(310016,'mn6q3dS2EnDUx3bmyWc6D4szJNVGtaR7zc','XCP',750000000,'bet','0bedbaab766013a9381fee7cf956cb5a93eda3df67762633c7427706bbd3349d');
INSERT INTO debits VALUES(310017,'mn6q3dS2EnDUx3bmyWc6D4szJNVGtaR7zc','XCP',650000000,'bet','864b93f55d4aa6cec4717b264d7cc351d7b0ef169d4d584008be703ade736715');
INSERT INTO debits VALUES(310021,'mn6q3dS2EnDUx3bmyWc6D4szJNVGtaR7zc','BBBB',50000000,'open order','38d5ec6c73a559b1d1409e0506e2bec30b7db9fd6ca385f2b50202ede6cede56');
INSERT INTO debits VALUES(310023,'mn6q3dS2EnDUx3bmyWc6D4szJNVGtaR7zc','BBBC',10000,'send','a40605acb5b55718ba35b408883c20eecd845425ec463c0720b57901585820e2');
INSERT INTO debits VALUES(310024,'mn6q3dS2EnDUx3bmyWc6D4szJNVGtaR7zc','XCP',11021663,'open RPS','635a5afd4efab8ed4c70d2601dc5e7dbe9ea6b8d252e4eec4e642a8e0ba10b3f');
INSERT INTO debits VALUES(310025,'mtQheFaSfWELRB2MyMBaiWjdDm6ux9Ezns','XCP',11021663,'open RPS','ffffe0e5b05c7bb14d8d95f454e9769cfa03e1663551e2ac0077268a2a3c88f6');
INSERT INTO debits VALUES(310028,'mn6q3dS2EnDUx3bmyWc6D4szJNVGtaR7zc','XCP',11021663,'open RPS','6e0ba68befc0c4e73212aceaaee20320373352aecdaf25f99c2c5c6dc9b11681');
INSERT INTO debits VALUES(310047,'mn6q3dS2EnDUx3bmyWc6D4szJNVGtaR7zc','XCP',11021664,'open RPS','f3716b6e588e7d938eaa8228135bd51870068555b5a4f447e2f0502d46fb6710');
INSERT INTO debits VALUES(310048,'mtQheFaSfWELRB2MyMBaiWjdDm6ux9Ezns','XCP',11021664,'open RPS','fda32886cc92c292a5aa012a6abbcf20b351873fcb23a01b3eaf7e53cd4de0d6');
INSERT INTO debits VALUES(310074,'mn6q3dS2EnDUx3bmyWc6D4szJNVGtaR7zc','XCP',11021665,'open RPS','40575c4cf1ee21282459c8c824be1cb2e28df26c6c83b9c85d431fc694f8257d');
INSERT INTO debits VALUES(310075,'mtQheFaSfWELRB2MyMBaiWjdDm6ux9Ezns','XCP',11021665,'open RPS','432f37fd7f18bdeece846f019649fcb632c65acdef437e88d817304d29a8ede4');
-- Triggers and indices on  debits
CREATE INDEX address_idx ON debits (address);
CREATE INDEX asset_idx ON debits (asset);

-- Table  destructions
DROP TABLE IF EXISTS destructions;
CREATE TABLE destructions(
                      tx_index INTEGER PRIMARY KEY,
                      tx_hash TEXT UNIQUE,
                      block_index INTEGER,
                      source TEXT,
                      asset INTEGER,
                      quantity INTEGER,
                      tag TEXT,
                      status TEXT,
                      FOREIGN KEY (tx_index, tx_hash, block_index) REFERENCES transactions(tx_index, tx_hash, block_index));
-- Triggers and indices on  destructions
CREATE INDEX status_idx ON destructions (status);

-- Table  dividends
DROP TABLE IF EXISTS dividends;
CREATE TABLE dividends(
                      tx_index INTEGER PRIMARY KEY,
                      tx_hash TEXT UNIQUE,
                      block_index INTEGER,
                      source TEXT,
                      asset TEXT,
                      dividend_asset TEXT,
                      quantity_per_unit INTEGER,
                      fee_paid INTEGER,
                      status TEXT,
                      FOREIGN KEY (tx_index, tx_hash, block_index) REFERENCES transactions(tx_index, tx_hash, block_index));
INSERT INTO dividends VALUES(10,'dda46f3ab92292e4ce918567ebc2c83e0a3707d78a07acb86517cf936f78638c',310009,'mn6q3dS2EnDUx3bmyWc6D4szJNVGtaR7zc','BBBB','XCP',600,20000,'valid');
INSERT INTO dividends VALUES(11,'5995ba45f8db07202fb542aaac7bd6b9224091764295034e8cf68d2752824d87',310010,'mn6q3dS2EnDUx3bmyWc6D4szJNVGtaR7zc','BBBC','XCP',800,20000,'valid');

-- Table  executions
DROP TABLE IF EXISTS executions;
CREATE TABLE executions(
                      tx_index INTEGER UNIQUE,
                      tx_hash TEXT UNIQUE,
                      block_index INTEGER,
                      source TEXT,
                      contract_id TEXT,
                      gas_price INTEGER,
                      gas_start INTEGER,
                      gas_cost INTEGER,
                      gas_remained INTEGER,
                      value INTEGER,
                      data BLOB,
                      output BLOB,
                      status TEXT,
                      FOREIGN KEY (tx_index, tx_hash, block_index) REFERENCES transactions(tx_index, tx_hash, block_index));

-- Table  issuances
DROP TABLE IF EXISTS issuances;
CREATE TABLE issuances(
                      tx_index INTEGER PRIMARY KEY,
                      tx_hash TEXT UNIQUE,
                      block_index INTEGER,
                      asset TEXT,
                      quantity INTEGER,
                      divisible BOOL,
                      source TEXT,
                      issuer TEXT,
                      transfer BOOL,
                      callable BOOL,
                      call_date INTEGER,
                      call_price REAL,
                      description TEXT,
                      fee_paid INTEGER,
                      locked BOOL,
                      status TEXT,
                      FOREIGN KEY (tx_index, tx_hash, block_index) REFERENCES transactions(tx_index, tx_hash, block_index));
INSERT INTO issuances VALUES(6,'81972e1b6d68a5b857edf2a874805ca26013c7d5cf6d186a4bbd35699545b52a',310005,'BBBB',1000000000,1,'mn6q3dS2EnDUx3bmyWc6D4szJNVGtaR7zc','mn6q3dS2EnDUx3bmyWc6D4szJNVGtaR7zc',0,0,0,0.0,'',50000000,0,'valid');
INSERT INTO issuances VALUES(7,'d7ab55e6bd9d4c60143d68db9ef75c6d7cb72b5a73f196c356a76b3f3849da83',310006,'BBBC',100000,0,'mn6q3dS2EnDUx3bmyWc6D4szJNVGtaR7zc','mn6q3dS2EnDUx3bmyWc6D4szJNVGtaR7zc',0,0,0,0.0,'foobar',50000000,0,'valid');
-- Triggers and indices on  issuances
CREATE INDEX valid_asset_idx ON issuances (asset, status);

-- Table  mempool
DROP TABLE IF EXISTS mempool;
CREATE TABLE mempool(
                      tx_hash TEXT,
                      command TEXT,
                      category TEXT,
                      bindings TEXT,
                      timestamp INTEGER);

-- Table  messages
DROP TABLE IF EXISTS messages;
CREATE TABLE messages(
                      message_index INTEGER PRIMARY KEY,
                      block_index INTEGER,
                      command TEXT,
                      category TEXT,
                      bindings TEXT,
                      timestamp INTEGER);
INSERT INTO messages VALUES(0,310000,'insert','credits','{"action": "burn", "address": "mn6q3dS2EnDUx3bmyWc6D4szJNVGtaR7zc", "asset": "XCP", "block_index": 310000, "event": "610b15f0c2d3845f124cc6026b6c212033de94218b25f89d5dbde47d11085a89", "quantity": 93000000000}',0);
INSERT INTO messages VALUES(1,310000,'insert','burns','{"block_index": 310000, "burned": 62000000, "earned": 93000000000, "source": "mn6q3dS2EnDUx3bmyWc6D4szJNVGtaR7zc", "status": "valid", "tx_hash": "610b15f0c2d3845f124cc6026b6c212033de94218b25f89d5dbde47d11085a89", "tx_index": 1}',0);
INSERT INTO messages VALUES(2,310001,'insert','debits','{"action": "send", "address": "mn6q3dS2EnDUx3bmyWc6D4szJNVGtaR7zc", "asset": "XCP", "block_index": 310001, "event": "72928dacb4dc84a6b9ebf9f43ea2a9ab8791f7ffa8e94a5c38b05d7cfd4a5c3f", "quantity": 50000000}',0);
INSERT INTO messages VALUES(3,310001,'insert','credits','{"action": "send", "address": "mtQheFaSfWELRB2MyMBaiWjdDm6ux9Ezns", "asset": "XCP", "block_index": 310001, "event": "72928dacb4dc84a6b9ebf9f43ea2a9ab8791f7ffa8e94a5c38b05d7cfd4a5c3f", "quantity": 50000000}',0);
INSERT INTO messages VALUES(4,310001,'insert','sends','{"asset": "XCP", "block_index": 310001, "destination": "mtQheFaSfWELRB2MyMBaiWjdDm6ux9Ezns", "quantity": 50000000, "source": "mn6q3dS2EnDUx3bmyWc6D4szJNVGtaR7zc", "status": "valid", "tx_hash": "72928dacb4dc84a6b9ebf9f43ea2a9ab8791f7ffa8e94a5c38b05d7cfd4a5c3f", "tx_index": 2}',0);
INSERT INTO messages VALUES(5,310002,'insert','orders','{"block_index": 310002, "expiration": 10, "expire_index": 310012, "fee_provided": 1000000, "fee_provided_remaining": 1000000, "fee_required": 0, "fee_required_remaining": 0, "get_asset": "XCP", "get_quantity": 100000000, "get_remaining": 100000000, "give_asset": "BTC", "give_quantity": 50000000, "give_remaining": 50000000, "source": "mn6q3dS2EnDUx3bmyWc6D4szJNVGtaR7zc", "status": "open", "tx_hash": "ad6082998925f47865b58b6d344c1b1cf0ab059d091f33334ccb92436f37eb8a", "tx_index": 3}',0);
INSERT INTO messages VALUES(6,310003,'insert','debits','{"action": "open order", "address": "mn6q3dS2EnDUx3bmyWc6D4szJNVGtaR7zc", "asset": "XCP", "block_index": 310003, "event": "833ac1c9139acc7a9aaabbf04bdf3e4af95a3425762d39d8cc2cc23113861d2a", "quantity": 105000000}',0);
INSERT INTO messages VALUES(7,310003,'insert','orders','{"block_index": 310003, "expiration": 10, "expire_index": 310013, "fee_provided": 10000, "fee_provided_remaining": 10000, "fee_required": 900000, "fee_required_remaining": 900000, "get_asset": "BTC", "get_quantity": 50000000, "get_remaining": 50000000, "give_asset": "XCP", "give_quantity": 105000000, "give_remaining": 105000000, "source": "mn6q3dS2EnDUx3bmyWc6D4szJNVGtaR7zc", "status": "open", "tx_hash": "833ac1c9139acc7a9aaabbf04bdf3e4af95a3425762d39d8cc2cc23113861d2a", "tx_index": 4}',0);
INSERT INTO messages VALUES(8,310003,'update','orders','{"fee_provided_remaining": 142858, "fee_required_remaining": 0, "get_remaining": 0, "give_remaining": 0, "status": "open", "tx_hash": "ad6082998925f47865b58b6d344c1b1cf0ab059d091f33334ccb92436f37eb8a"}',0);
INSERT INTO messages VALUES(9,310003,'update','orders','{"fee_provided_remaining": 10000, "fee_required_remaining": 42858, "get_remaining": 0, "give_remaining": 5000000, "status": "open", "tx_hash": "833ac1c9139acc7a9aaabbf04bdf3e4af95a3425762d39d8cc2cc23113861d2a"}',0);
INSERT INTO messages VALUES(10,310003,'insert','order_matches','{"backward_asset": "XCP", "backward_quantity": 100000000, "block_index": 310003, "fee_paid": 857142, "forward_asset": "BTC", "forward_quantity": 50000000, "id": "ad6082998925f47865b58b6d344c1b1cf0ab059d091f33334ccb92436f37eb8a_833ac1c9139acc7a9aaabbf04bdf3e4af95a3425762d39d8cc2cc23113861d2a", "match_expire_index": 310023, "status": "pending", "tx0_address": "mn6q3dS2EnDUx3bmyWc6D4szJNVGtaR7zc", "tx0_block_index": 310002, "tx0_expiration": 10, "tx0_hash": "ad6082998925f47865b58b6d344c1b1cf0ab059d091f33334ccb92436f37eb8a", "tx0_index": 3, "tx1_address": "mn6q3dS2EnDUx3bmyWc6D4szJNVGtaR7zc", "tx1_block_index": 310003, "tx1_expiration": 10, "tx1_hash": "833ac1c9139acc7a9aaabbf04bdf3e4af95a3425762d39d8cc2cc23113861d2a", "tx1_index": 4}',0);
INSERT INTO messages VALUES(11,310004,'insert','credits','{"action": "btcpay", "address": "mn6q3dS2EnDUx3bmyWc6D4szJNVGtaR7zc", "asset": "XCP", "block_index": 310004, "event": "69f56e706e73bd62dfcbe113744432bee5f2af57933b720d9dd72fef53ccfbf3", "quantity": 100000000}',0);
INSERT INTO messages VALUES(12,310004,'update','order_matches','{"order_match_id": "ad6082998925f47865b58b6d344c1b1cf0ab059d091f33334ccb92436f37eb8a_833ac1c9139acc7a9aaabbf04bdf3e4af95a3425762d39d8cc2cc23113861d2a", "status": "completed"}',0);
INSERT INTO messages VALUES(13,310004,'insert','btcpays','{"block_index": 310004, "btc_amount": 50000000, "destination": "mn6q3dS2EnDUx3bmyWc6D4szJNVGtaR7zc", "order_match_id": "ad6082998925f47865b58b6d344c1b1cf0ab059d091f33334ccb92436f37eb8a_833ac1c9139acc7a9aaabbf04bdf3e4af95a3425762d39d8cc2cc23113861d2a", "source": "mn6q3dS2EnDUx3bmyWc6D4szJNVGtaR7zc", "status": "valid", "tx_hash": "69f56e706e73bd62dfcbe113744432bee5f2af57933b720d9dd72fef53ccfbf3", "tx_index": 5}',0);
INSERT INTO messages VALUES(14,310005,'insert','debits','{"action": "issuance fee", "address": "mn6q3dS2EnDUx3bmyWc6D4szJNVGtaR7zc", "asset": "XCP", "block_index": 310005, "event": "81972e1b6d68a5b857edf2a874805ca26013c7d5cf6d186a4bbd35699545b52a", "quantity": 50000000}',0);
INSERT INTO messages VALUES(15,310005,'insert','issuances','{"asset": "BBBB", "block_index": 310005, "call_date": 0, "call_price": 0.0, "callable": false, "description": "", "divisible": true, "fee_paid": 50000000, "issuer": "mn6q3dS2EnDUx3bmyWc6D4szJNVGtaR7zc", "locked": false, "quantity": 1000000000, "source": "mn6q3dS2EnDUx3bmyWc6D4szJNVGtaR7zc", "status": "valid", "transfer": false, "tx_hash": "81972e1b6d68a5b857edf2a874805ca26013c7d5cf6d186a4bbd35699545b52a", "tx_index": 6}',0);
INSERT INTO messages VALUES(16,310005,'insert','credits','{"action": "issuance", "address": "mn6q3dS2EnDUx3bmyWc6D4szJNVGtaR7zc", "asset": "BBBB", "block_index": 310005, "event": "81972e1b6d68a5b857edf2a874805ca26013c7d5cf6d186a4bbd35699545b52a", "quantity": 1000000000}',0);
INSERT INTO messages VALUES(17,310006,'insert','debits','{"action": "issuance fee", "address": "mn6q3dS2EnDUx3bmyWc6D4szJNVGtaR7zc", "asset": "XCP", "block_index": 310006, "event": "d7ab55e6bd9d4c60143d68db9ef75c6d7cb72b5a73f196c356a76b3f3849da83", "quantity": 50000000}',0);
INSERT INTO messages VALUES(18,310006,'insert','issuances','{"asset": "BBBC", "block_index": 310006, "call_date": 0, "call_price": 0.0, "callable": false, "description": "foobar", "divisible": false, "fee_paid": 50000000, "issuer": "mn6q3dS2EnDUx3bmyWc6D4szJNVGtaR7zc", "locked": false, "quantity": 100000, "source": "mn6q3dS2EnDUx3bmyWc6D4szJNVGtaR7zc", "status": "valid", "transfer": false, "tx_hash": "d7ab55e6bd9d4c60143d68db9ef75c6d7cb72b5a73f196c356a76b3f3849da83", "tx_index": 7}',0);
INSERT INTO messages VALUES(19,310006,'insert','credits','{"action": "issuance", "address": "mn6q3dS2EnDUx3bmyWc6D4szJNVGtaR7zc", "asset": "BBBC", "block_index": 310006, "event": "d7ab55e6bd9d4c60143d68db9ef75c6d7cb72b5a73f196c356a76b3f3849da83", "quantity": 100000}',0);
INSERT INTO messages VALUES(20,310007,'insert','debits','{"action": "send", "address": "mn6q3dS2EnDUx3bmyWc6D4szJNVGtaR7zc", "asset": "BBBB", "block_index": 310007, "event": "a5e00545ea476f6ce3fad4fcd0a18faceef4bea400d1132f450796c1112295ce", "quantity": 4000000}',0);
INSERT INTO messages VALUES(21,310007,'insert','credits','{"action": "send", "address": "mtQheFaSfWELRB2MyMBaiWjdDm6ux9Ezns", "asset": "BBBB", "block_index": 310007, "event": "a5e00545ea476f6ce3fad4fcd0a18faceef4bea400d1132f450796c1112295ce", "quantity": 4000000}',0);
INSERT INTO messages VALUES(22,310007,'insert','sends','{"asset": "BBBB", "block_index": 310007, "destination": "mtQheFaSfWELRB2MyMBaiWjdDm6ux9Ezns", "quantity": 4000000, "source": "mn6q3dS2EnDUx3bmyWc6D4szJNVGtaR7zc", "status": "valid", "tx_hash": "a5e00545ea476f6ce3fad4fcd0a18faceef4bea400d1132f450796c1112295ce", "tx_index": 8}',0);
INSERT INTO messages VALUES(23,310008,'insert','debits','{"action": "send", "address": "mn6q3dS2EnDUx3bmyWc6D4szJNVGtaR7zc", "asset": "BBBC", "block_index": 310008, "event": "623aa2a13bd21853e263e41767fc7ce91c2e938d5a175400e807102924f4921e", "quantity": 526}',0);
INSERT INTO messages VALUES(24,310008,'insert','credits','{"action": "send", "address": "mtQheFaSfWELRB2MyMBaiWjdDm6ux9Ezns", "asset": "BBBC", "block_index": 310008, "event": "623aa2a13bd21853e263e41767fc7ce91c2e938d5a175400e807102924f4921e", "quantity": 526}',0);
INSERT INTO messages VALUES(25,310008,'insert','sends','{"asset": "BBBC", "block_index": 310008, "destination": "mtQheFaSfWELRB2MyMBaiWjdDm6ux9Ezns", "quantity": 526, "source": "mn6q3dS2EnDUx3bmyWc6D4szJNVGtaR7zc", "status": "valid", "tx_hash": "623aa2a13bd21853e263e41767fc7ce91c2e938d5a175400e807102924f4921e", "tx_index": 9}',0);
INSERT INTO messages VALUES(26,310009,'insert','debits','{"action": "dividend", "address": "mn6q3dS2EnDUx3bmyWc6D4szJNVGtaR7zc", "asset": "XCP", "block_index": 310009, "event": "dda46f3ab92292e4ce918567ebc2c83e0a3707d78a07acb86517cf936f78638c", "quantity": 24}',0);
INSERT INTO messages VALUES(27,310009,'insert','debits','{"action": "dividend fee", "address": "mn6q3dS2EnDUx3bmyWc6D4szJNVGtaR7zc", "asset": "XCP", "block_index": 310009, "event": "dda46f3ab92292e4ce918567ebc2c83e0a3707d78a07acb86517cf936f78638c", "quantity": 20000}',0);
INSERT INTO messages VALUES(28,310009,'insert','credits','{"action": "dividend", "address": "mtQheFaSfWELRB2MyMBaiWjdDm6ux9Ezns", "asset": "XCP", "block_index": 310009, "event": "dda46f3ab92292e4ce918567ebc2c83e0a3707d78a07acb86517cf936f78638c", "quantity": 24}',0);
INSERT INTO messages VALUES(29,310009,'insert','dividends','{"asset": "BBBB", "block_index": 310009, "dividend_asset": "XCP", "fee_paid": 20000, "quantity_per_unit": 600, "source": "mn6q3dS2EnDUx3bmyWc6D4szJNVGtaR7zc", "status": "valid", "tx_hash": "dda46f3ab92292e4ce918567ebc2c83e0a3707d78a07acb86517cf936f78638c", "tx_index": 10}',0);
INSERT INTO messages VALUES(30,310010,'insert','debits','{"action": "dividend", "address": "mn6q3dS2EnDUx3bmyWc6D4szJNVGtaR7zc", "asset": "XCP", "block_index": 310010, "event": "5995ba45f8db07202fb542aaac7bd6b9224091764295034e8cf68d2752824d87", "quantity": 420800}',0);
INSERT INTO messages VALUES(31,310010,'insert','debits','{"action": "dividend fee", "address": "mn6q3dS2EnDUx3bmyWc6D4szJNVGtaR7zc", "asset": "XCP", "block_index": 310010, "event": "5995ba45f8db07202fb542aaac7bd6b9224091764295034e8cf68d2752824d87", "quantity": 20000}',0);
INSERT INTO messages VALUES(32,310010,'insert','credits','{"action": "dividend", "address": "mtQheFaSfWELRB2MyMBaiWjdDm6ux9Ezns", "asset": "XCP", "block_index": 310010, "event": "5995ba45f8db07202fb542aaac7bd6b9224091764295034e8cf68d2752824d87", "quantity": 420800}',0);
INSERT INTO messages VALUES(33,310010,'insert','dividends','{"asset": "BBBC", "block_index": 310010, "dividend_asset": "XCP", "fee_paid": 20000, "quantity_per_unit": 800, "source": "mn6q3dS2EnDUx3bmyWc6D4szJNVGtaR7zc", "status": "valid", "tx_hash": "5995ba45f8db07202fb542aaac7bd6b9224091764295034e8cf68d2752824d87", "tx_index": 11}',0);
INSERT INTO messages VALUES(34,310011,'insert','broadcasts','{"block_index": 310011, "fee_fraction_int": 5000000, "locked": false, "source": "mn6q3dS2EnDUx3bmyWc6D4szJNVGtaR7zc", "status": "valid", "text": "Unit Test", "timestamp": 1388000000, "tx_hash": "f9eb323c1032b8b66432591f8dca1568a97cbdb2062ed5b8792c226671945e37", "tx_index": 12, "value": 100.0}',0);
INSERT INTO messages VALUES(35,310012,'insert','debits','{"action": "bet", "address": "mn6q3dS2EnDUx3bmyWc6D4szJNVGtaR7zc", "asset": "XCP", "block_index": 310012, "event": "5da0ca591e5336da0304bc8f7a201af3465685c492b284495898da35a402e32a", "quantity": 50000000}',0);
INSERT INTO messages VALUES(36,310012,'insert','bets','{"bet_type": 0, "block_index": 310012, "counterwager_quantity": 25000000, "counterwager_remaining": 25000000, "deadline": 1388000100, "expiration": 10, "expire_index": 310022, "fee_fraction_int": 5000000.0, "feed_address": "mn6q3dS2EnDUx3bmyWc6D4szJNVGtaR7zc", "leverage": 15120, "source": "mn6q3dS2EnDUx3bmyWc6D4szJNVGtaR7zc", "status": "open", "target_value": 0.0, "tx_hash": "5da0ca591e5336da0304bc8f7a201af3465685c492b284495898da35a402e32a", "tx_index": 13, "wager_quantity": 50000000, "wager_remaining": 50000000}',0);
INSERT INTO messages VALUES(37,310012,'update','orders','{"status": "expired", "tx_hash": "ad6082998925f47865b58b6d344c1b1cf0ab059d091f33334ccb92436f37eb8a"}',0);
INSERT INTO messages VALUES(38,310012,'insert','order_expirations','{"block_index": 310012, "order_hash": "ad6082998925f47865b58b6d344c1b1cf0ab059d091f33334ccb92436f37eb8a", "order_index": 3, "source": "mn6q3dS2EnDUx3bmyWc6D4szJNVGtaR7zc"}',0);
INSERT INTO messages VALUES(39,310013,'insert','debits','{"action": "bet", "address": "mn6q3dS2EnDUx3bmyWc6D4szJNVGtaR7zc", "asset": "XCP", "block_index": 310013, "event": "edd28543ae87ae56f5bd55437cab05f7f4d8a1709cb12e139dab176eb5f7e74a", "quantity": 25000000}',0);
INSERT INTO messages VALUES(40,310013,'insert','bets','{"bet_type": 1, "block_index": 310013, "counterwager_quantity": 41500000, "counterwager_remaining": 41500000, "deadline": 1388000100, "expiration": 10, "expire_index": 310023, "fee_fraction_int": 5000000.0, "feed_address": "mn6q3dS2EnDUx3bmyWc6D4szJNVGtaR7zc", "leverage": 15120, "source": "mn6q3dS2EnDUx3bmyWc6D4szJNVGtaR7zc", "status": "open", "target_value": 0.0, "tx_hash": "edd28543ae87ae56f5bd55437cab05f7f4d8a1709cb12e139dab176eb5f7e74a", "tx_index": 14, "wager_quantity": 25000000, "wager_remaining": 25000000}',0);
INSERT INTO messages VALUES(41,310013,'update','bets','{"counterwager_remaining": 4250000, "status": "open", "tx_hash": "5da0ca591e5336da0304bc8f7a201af3465685c492b284495898da35a402e32a", "wager_remaining": 8500000}',0);
INSERT INTO messages VALUES(42,310013,'insert','credits','{"action": "filled", "address": "mn6q3dS2EnDUx3bmyWc6D4szJNVGtaR7zc", "asset": "XCP", "block_index": 310013, "event": "edd28543ae87ae56f5bd55437cab05f7f4d8a1709cb12e139dab176eb5f7e74a", "quantity": 4250000}',0);
INSERT INTO messages VALUES(43,310013,'update','bets','{"counterwager_remaining": 0, "status": "filled", "tx_hash": "edd28543ae87ae56f5bd55437cab05f7f4d8a1709cb12e139dab176eb5f7e74a", "wager_remaining": 4250000}',0);
INSERT INTO messages VALUES(44,310013,'insert','bet_matches','{"backward_quantity": 20750000, "block_index": 310013, "deadline": 1388000100, "fee_fraction_int": 5000000, "feed_address": "mn6q3dS2EnDUx3bmyWc6D4szJNVGtaR7zc", "forward_quantity": 41500000, "id": "5da0ca591e5336da0304bc8f7a201af3465685c492b284495898da35a402e32a_edd28543ae87ae56f5bd55437cab05f7f4d8a1709cb12e139dab176eb5f7e74a", "initial_value": 100.0, "leverage": 15120, "match_expire_index": 310022, "status": "pending", "target_value": 0.0, "tx0_address": "mn6q3dS2EnDUx3bmyWc6D4szJNVGtaR7zc", "tx0_bet_type": 0, "tx0_block_index": 310012, "tx0_expiration": 10, "tx0_hash": "5da0ca591e5336da0304bc8f7a201af3465685c492b284495898da35a402e32a", "tx0_index": 13, "tx1_address": "mn6q3dS2EnDUx3bmyWc6D4szJNVGtaR7zc", "tx1_bet_type": 1, "tx1_block_index": 310013, "tx1_expiration": 10, "tx1_hash": "edd28543ae87ae56f5bd55437cab05f7f4d8a1709cb12e139dab176eb5f7e74a", "tx1_index": 14}',0);
INSERT INTO messages VALUES(45,310013,'update','orders','{"status": "expired", "tx_hash": "833ac1c9139acc7a9aaabbf04bdf3e4af95a3425762d39d8cc2cc23113861d2a"}',0);
INSERT INTO messages VALUES(46,310013,'insert','credits','{"action": "cancel order", "address": "mn6q3dS2EnDUx3bmyWc6D4szJNVGtaR7zc", "asset": "XCP", "block_index": 310013, "event": "833ac1c9139acc7a9aaabbf04bdf3e4af95a3425762d39d8cc2cc23113861d2a", "quantity": 5000000}',0);
INSERT INTO messages VALUES(47,310013,'insert','order_expirations','{"block_index": 310013, "order_hash": "833ac1c9139acc7a9aaabbf04bdf3e4af95a3425762d39d8cc2cc23113861d2a", "order_index": 4, "source": "mn6q3dS2EnDUx3bmyWc6D4szJNVGtaR7zc"}',0);
INSERT INTO messages VALUES(48,310014,'insert','debits','{"action": "bet", "address": "mn6q3dS2EnDUx3bmyWc6D4szJNVGtaR7zc", "asset": "XCP", "block_index": 310014, "event": "bc42268279947c6dd5a517df41ae838c22c7194c686180700d8087dc3c8ce36c", "quantity": 150000000}',0);
INSERT INTO messages VALUES(49,310014,'insert','bets','{"bet_type": 0, "block_index": 310014, "counterwager_quantity": 350000000, "counterwager_remaining": 350000000, "deadline": 1388000100, "expiration": 10, "expire_index": 310024, "fee_fraction_int": 5000000.0, "feed_address": "mn6q3dS2EnDUx3bmyWc6D4szJNVGtaR7zc", "leverage": 5040, "source": "mn6q3dS2EnDUx3bmyWc6D4szJNVGtaR7zc", "status": "open", "target_value": 0.0, "tx_hash": "bc42268279947c6dd5a517df41ae838c22c7194c686180700d8087dc3c8ce36c", "tx_index": 15, "wager_quantity": 150000000, "wager_remaining": 150000000}',0);
INSERT INTO messages VALUES(50,310015,'insert','debits','{"action": "bet", "address": "mn6q3dS2EnDUx3bmyWc6D4szJNVGtaR7zc", "asset": "XCP", "block_index": 310015, "event": "faca8b02a24a4e8a29164f5d3a4ce443c55c4060c34f7ad3cb42ad862c5a6f67", "quantity": 350000000}',0);
INSERT INTO messages VALUES(51,310015,'insert','bets','{"bet_type": 1, "block_index": 310015, "counterwager_quantity": 150000000, "counterwager_remaining": 150000000, "deadline": 1388000100, "expiration": 10, "expire_index": 310025, "fee_fraction_int": 5000000.0, "feed_address": "mn6q3dS2EnDUx3bmyWc6D4szJNVGtaR7zc", "leverage": 5040, "source": "mn6q3dS2EnDUx3bmyWc6D4szJNVGtaR7zc", "status": "open", "target_value": 0.0, "tx_hash": "faca8b02a24a4e8a29164f5d3a4ce443c55c4060c34f7ad3cb42ad862c5a6f67", "tx_index": 16, "wager_quantity": 350000000, "wager_remaining": 350000000}',0);
INSERT INTO messages VALUES(52,310015,'insert','credits','{"action": "filled", "address": "mn6q3dS2EnDUx3bmyWc6D4szJNVGtaR7zc", "asset": "XCP", "block_index": 310015, "event": "faca8b02a24a4e8a29164f5d3a4ce443c55c4060c34f7ad3cb42ad862c5a6f67", "quantity": 0}',0);
INSERT INTO messages VALUES(53,310015,'update','bets','{"counterwager_remaining": 0, "status": "filled", "tx_hash": "bc42268279947c6dd5a517df41ae838c22c7194c686180700d8087dc3c8ce36c", "wager_remaining": 0}',0);
INSERT INTO messages VALUES(54,310015,'insert','credits','{"action": "filled", "address": "mn6q3dS2EnDUx3bmyWc6D4szJNVGtaR7zc", "asset": "XCP", "block_index": 310015, "event": "faca8b02a24a4e8a29164f5d3a4ce443c55c4060c34f7ad3cb42ad862c5a6f67", "quantity": 0}',0);
INSERT INTO messages VALUES(55,310015,'update','bets','{"counterwager_remaining": 0, "status": "filled", "tx_hash": "faca8b02a24a4e8a29164f5d3a4ce443c55c4060c34f7ad3cb42ad862c5a6f67", "wager_remaining": 0}',0);
INSERT INTO messages VALUES(56,310015,'insert','bet_matches','{"backward_quantity": 350000000, "block_index": 310015, "deadline": 1388000100, "fee_fraction_int": 5000000, "feed_address": "mn6q3dS2EnDUx3bmyWc6D4szJNVGtaR7zc", "forward_quantity": 150000000, "id": "bc42268279947c6dd5a517df41ae838c22c7194c686180700d8087dc3c8ce36c_faca8b02a24a4e8a29164f5d3a4ce443c55c4060c34f7ad3cb42ad862c5a6f67", "initial_value": 100.0, "leverage": 5040, "match_expire_index": 310024, "status": "pending", "target_value": 0.0, "tx0_address": "mn6q3dS2EnDUx3bmyWc6D4szJNVGtaR7zc", "tx0_bet_type": 0, "tx0_block_index": 310014, "tx0_expiration": 10, "tx0_hash": "bc42268279947c6dd5a517df41ae838c22c7194c686180700d8087dc3c8ce36c", "tx0_index": 15, "tx1_address": "mn6q3dS2EnDUx3bmyWc6D4szJNVGtaR7zc", "tx1_bet_type": 1, "tx1_block_index": 310015, "tx1_expiration": 10, "tx1_hash": "faca8b02a24a4e8a29164f5d3a4ce443c55c4060c34f7ad3cb42ad862c5a6f67", "tx1_index": 16}',0);
INSERT INTO messages VALUES(57,310016,'insert','debits','{"action": "bet", "address": "mn6q3dS2EnDUx3bmyWc6D4szJNVGtaR7zc", "asset": "XCP", "block_index": 310016, "event": "0bedbaab766013a9381fee7cf956cb5a93eda3df67762633c7427706bbd3349d", "quantity": 750000000}',0);
INSERT INTO messages VALUES(58,310016,'insert','bets','{"bet_type": 2, "block_index": 310016, "counterwager_quantity": 650000000, "counterwager_remaining": 650000000, "deadline": 1388000200, "expiration": 10, "expire_index": 310026, "fee_fraction_int": 5000000.0, "feed_address": "mn6q3dS2EnDUx3bmyWc6D4szJNVGtaR7zc", "leverage": 5040, "source": "mn6q3dS2EnDUx3bmyWc6D4szJNVGtaR7zc", "status": "open", "target_value": 1.0, "tx_hash": "0bedbaab766013a9381fee7cf956cb5a93eda3df67762633c7427706bbd3349d", "tx_index": 17, "wager_quantity": 750000000, "wager_remaining": 750000000}',0);
INSERT INTO messages VALUES(59,310017,'insert','debits','{"action": "bet", "address": "mn6q3dS2EnDUx3bmyWc6D4szJNVGtaR7zc", "asset": "XCP", "block_index": 310017, "event": "864b93f55d4aa6cec4717b264d7cc351d7b0ef169d4d584008be703ade736715", "quantity": 650000000}',0);
INSERT INTO messages VALUES(60,310017,'insert','bets','{"bet_type": 3, "block_index": 310017, "counterwager_quantity": 750000000, "counterwager_remaining": 750000000, "deadline": 1388000200, "expiration": 10, "expire_index": 310027, "fee_fraction_int": 5000000.0, "feed_address": "mn6q3dS2EnDUx3bmyWc6D4szJNVGtaR7zc", "leverage": 5040, "source": "mn6q3dS2EnDUx3bmyWc6D4szJNVGtaR7zc", "status": "open", "target_value": 1.0, "tx_hash": "864b93f55d4aa6cec4717b264d7cc351d7b0ef169d4d584008be703ade736715", "tx_index": 18, "wager_quantity": 650000000, "wager_remaining": 650000000}',0);
INSERT INTO messages VALUES(61,310017,'insert','credits','{"action": "filled", "address": "mn6q3dS2EnDUx3bmyWc6D4szJNVGtaR7zc", "asset": "XCP", "block_index": 310017, "event": "864b93f55d4aa6cec4717b264d7cc351d7b0ef169d4d584008be703ade736715", "quantity": 0}',0);
INSERT INTO messages VALUES(62,310017,'update','bets','{"counterwager_remaining": 0, "status": "filled", "tx_hash": "0bedbaab766013a9381fee7cf956cb5a93eda3df67762633c7427706bbd3349d", "wager_remaining": 0}',0);
INSERT INTO messages VALUES(63,310017,'insert','credits','{"action": "filled", "address": "mn6q3dS2EnDUx3bmyWc6D4szJNVGtaR7zc", "asset": "XCP", "block_index": 310017, "event": "864b93f55d4aa6cec4717b264d7cc351d7b0ef169d4d584008be703ade736715", "quantity": 0}',0);
INSERT INTO messages VALUES(64,310017,'update','bets','{"counterwager_remaining": 0, "status": "filled", "tx_hash": "864b93f55d4aa6cec4717b264d7cc351d7b0ef169d4d584008be703ade736715", "wager_remaining": 0}',0);
INSERT INTO messages VALUES(65,310017,'insert','bet_matches','{"backward_quantity": 650000000, "block_index": 310017, "deadline": 1388000200, "fee_fraction_int": 5000000, "feed_address": "mn6q3dS2EnDUx3bmyWc6D4szJNVGtaR7zc", "forward_quantity": 750000000, "id": "0bedbaab766013a9381fee7cf956cb5a93eda3df67762633c7427706bbd3349d_864b93f55d4aa6cec4717b264d7cc351d7b0ef169d4d584008be703ade736715", "initial_value": 100.0, "leverage": 5040, "match_expire_index": 310026, "status": "pending", "target_value": 1.0, "tx0_address": "mn6q3dS2EnDUx3bmyWc6D4szJNVGtaR7zc", "tx0_bet_type": 2, "tx0_block_index": 310016, "tx0_expiration": 10, "tx0_hash": "0bedbaab766013a9381fee7cf956cb5a93eda3df67762633c7427706bbd3349d", "tx0_index": 17, "tx1_address": "mn6q3dS2EnDUx3bmyWc6D4szJNVGtaR7zc", "tx1_bet_type": 3, "tx1_block_index": 310017, "tx1_expiration": 10, "tx1_hash": "864b93f55d4aa6cec4717b264d7cc351d7b0ef169d4d584008be703ade736715", "tx1_index": 18}',0);
INSERT INTO messages VALUES(66,310018,'insert','broadcasts','{"block_index": 310018, "fee_fraction_int": 5000000, "locked": false, "source": "mn6q3dS2EnDUx3bmyWc6D4szJNVGtaR7zc", "status": "valid", "text": "Unit Test", "timestamp": 1388000050, "tx_hash": "2cd827a7d27adf046e9735abaad1d376ad7ef1f8fad1a10e44a691f9ddc3957b", "tx_index": 19, "value": 99.86166}',0);
INSERT INTO messages VALUES(67,310018,'insert','credits','{"action": "bet settled: liquidated for bear", "address": "mn6q3dS2EnDUx3bmyWc6D4szJNVGtaR7zc", "asset": "XCP", "block_index": 310018, "event": "2cd827a7d27adf046e9735abaad1d376ad7ef1f8fad1a10e44a691f9ddc3957b", "quantity": 59137500}',0);
INSERT INTO messages VALUES(68,310018,'insert','credits','{"action": "feed fee", "address": "mn6q3dS2EnDUx3bmyWc6D4szJNVGtaR7zc", "asset": "XCP", "block_index": 310018, "event": "2cd827a7d27adf046e9735abaad1d376ad7ef1f8fad1a10e44a691f9ddc3957b", "quantity": 3112500}',0);
INSERT INTO messages VALUES(69,310018,'insert','bet_match_resolutions','{"bear_credit": 59137500, "bet_match_id": "5da0ca591e5336da0304bc8f7a201af3465685c492b284495898da35a402e32a_edd28543ae87ae56f5bd55437cab05f7f4d8a1709cb12e139dab176eb5f7e74a", "bet_match_type_id": 1, "block_index": 310018, "bull_credit": 0, "escrow_less_fee": null, "fee": 3112500, "settled": false, "winner": null}',0);
INSERT INTO messages VALUES(70,310018,'update','bet_matches','{"bet_match_id": "5da0ca591e5336da0304bc8f7a201af3465685c492b284495898da35a402e32a_edd28543ae87ae56f5bd55437cab05f7f4d8a1709cb12e139dab176eb5f7e74a", "status": "settled: liquidated for bear"}',0);
INSERT INTO messages VALUES(71,310019,'insert','broadcasts','{"block_index": 310019, "fee_fraction_int": 5000000, "locked": false, "source": "mn6q3dS2EnDUx3bmyWc6D4szJNVGtaR7zc", "status": "valid", "text": "Unit Test", "timestamp": 1388000101, "tx_hash": "bd43db240fc7d12dcf355a246c260a7baf2ccd0935ebda51c728b30072e4f420", "tx_index": 20, "value": 100.343}',0);
INSERT INTO messages VALUES(72,310019,'insert','credits','{"action": "bet settled", "address": "mn6q3dS2EnDUx3bmyWc6D4szJNVGtaR7zc", "asset": "XCP", "block_index": 310019, "event": "bd43db240fc7d12dcf355a246c260a7baf2ccd0935ebda51c728b30072e4f420", "quantity": 159300000}',0);
INSERT INTO messages VALUES(73,310019,'insert','credits','{"action": "bet settled", "address": "mn6q3dS2EnDUx3bmyWc6D4szJNVGtaR7zc", "asset": "XCP", "block_index": 310019, "event": "bd43db240fc7d12dcf355a246c260a7baf2ccd0935ebda51c728b30072e4f420", "quantity": 315700000}',0);
INSERT INTO messages VALUES(74,310019,'insert','credits','{"action": "feed fee", "address": "mn6q3dS2EnDUx3bmyWc6D4szJNVGtaR7zc", "asset": "XCP", "block_index": 310019, "event": "bd43db240fc7d12dcf355a246c260a7baf2ccd0935ebda51c728b30072e4f420", "quantity": 25000000}',0);
INSERT INTO messages VALUES(75,310019,'insert','bet_match_resolutions','{"bear_credit": 315700000, "bet_match_id": "bc42268279947c6dd5a517df41ae838c22c7194c686180700d8087dc3c8ce36c_faca8b02a24a4e8a29164f5d3a4ce443c55c4060c34f7ad3cb42ad862c5a6f67", "bet_match_type_id": 1, "block_index": 310019, "bull_credit": 159300000, "escrow_less_fee": null, "fee": 25000000, "settled": true, "winner": null}',0);
INSERT INTO messages VALUES(76,310019,'update','bet_matches','{"bet_match_id": "bc42268279947c6dd5a517df41ae838c22c7194c686180700d8087dc3c8ce36c_faca8b02a24a4e8a29164f5d3a4ce443c55c4060c34f7ad3cb42ad862c5a6f67", "status": "settled"}',0);
INSERT INTO messages VALUES(77,310020,'insert','broadcasts','{"block_index": 310020, "fee_fraction_int": 5000000, "locked": false, "source": "mn6q3dS2EnDUx3bmyWc6D4szJNVGtaR7zc", "status": "valid", "text": "Unit Test", "timestamp": 1388000201, "tx_hash": "7901472b8045571531191f34980d497f1793c806718b9cfdbbba656b641852d6", "tx_index": 21, "value": 2.0}',0);
INSERT INTO messages VALUES(78,310020,'insert','credits','{"action": "bet settled: for notequal", "address": "mn6q3dS2EnDUx3bmyWc6D4szJNVGtaR7zc", "asset": "XCP", "block_index": 310020, "event": "7901472b8045571531191f34980d497f1793c806718b9cfdbbba656b641852d6", "quantity": 1330000000}',0);
INSERT INTO messages VALUES(79,310020,'insert','credits','{"action": "feed fee", "address": "mn6q3dS2EnDUx3bmyWc6D4szJNVGtaR7zc", "asset": "XCP", "block_index": 310020, "event": "7901472b8045571531191f34980d497f1793c806718b9cfdbbba656b641852d6", "quantity": 70000000}',0);
INSERT INTO messages VALUES(80,310020,'insert','bet_match_resolutions','{"bear_credit": null, "bet_match_id": "0bedbaab766013a9381fee7cf956cb5a93eda3df67762633c7427706bbd3349d_864b93f55d4aa6cec4717b264d7cc351d7b0ef169d4d584008be703ade736715", "bet_match_type_id": 5, "block_index": 310020, "bull_credit": null, "escrow_less_fee": 1330000000, "fee": 70000000, "settled": null, "winner": "NotEqual"}',0);
INSERT INTO messages VALUES(81,310020,'update','bet_matches','{"bet_match_id": "0bedbaab766013a9381fee7cf956cb5a93eda3df67762633c7427706bbd3349d_864b93f55d4aa6cec4717b264d7cc351d7b0ef169d4d584008be703ade736715", "status": "settled: for notequal"}',0);
INSERT INTO messages VALUES(82,310021,'insert','debits','{"action": "open order", "address": "mn6q3dS2EnDUx3bmyWc6D4szJNVGtaR7zc", "asset": "BBBB", "block_index": 310021, "event": "38d5ec6c73a559b1d1409e0506e2bec30b7db9fd6ca385f2b50202ede6cede56", "quantity": 50000000}',0);
INSERT INTO messages VALUES(83,310021,'insert','orders','{"block_index": 310021, "expiration": 10, "expire_index": 310031, "fee_provided": 10000, "fee_provided_remaining": 10000, "fee_required": 0, "fee_required_remaining": 0, "get_asset": "XCP", "get_quantity": 50000000, "get_remaining": 50000000, "give_asset": "BBBB", "give_quantity": 50000000, "give_remaining": 50000000, "source": "mn6q3dS2EnDUx3bmyWc6D4szJNVGtaR7zc", "status": "open", "tx_hash": "38d5ec6c73a559b1d1409e0506e2bec30b7db9fd6ca385f2b50202ede6cede56", "tx_index": 22}',0);
INSERT INTO messages VALUES(84,310022,'insert','credits','{"action": "burn", "address": "mn6q3dS2EnDUx3bmyWc6D4szJNVGtaR7zc", "asset": "XCP", "block_index": 310022, "event": "6d1a0e0dedda4a78cf11ac7a1c6fd2c32d9fd7c99d97ae7d524f223641646b85", "quantity": 56999887262}',0);
INSERT INTO messages VALUES(85,310022,'insert','burns','{"block_index": 310022, "burned": 38000000, "earned": 56999887262, "source": "mn6q3dS2EnDUx3bmyWc6D4szJNVGtaR7zc", "status": "valid", "tx_hash": "6d1a0e0dedda4a78cf11ac7a1c6fd2c32d9fd7c99d97ae7d524f223641646b85", "tx_index": 23}',0);
INSERT INTO messages VALUES(86,310022,'update','bets','{"status": "expired", "tx_hash": "5da0ca591e5336da0304bc8f7a201af3465685c492b284495898da35a402e32a"}',0);
INSERT INTO messages VALUES(87,310022,'insert','credits','{"action": "recredit wager remaining", "address": "mn6q3dS2EnDUx3bmyWc6D4szJNVGtaR7zc", "asset": "XCP", "block_index": 310022, "event": "5da0ca591e5336da0304bc8f7a201af3465685c492b284495898da35a402e32a", "quantity": 8500000}',0);
INSERT INTO messages VALUES(88,310022,'insert','bet_expirations','{"bet_hash": "5da0ca591e5336da0304bc8f7a201af3465685c492b284495898da35a402e32a", "bet_index": 13, "block_index": 310022, "source": "mn6q3dS2EnDUx3bmyWc6D4szJNVGtaR7zc"}',0);
INSERT INTO messages VALUES(89,310023,'insert','debits','{"action": "send", "address": "mn6q3dS2EnDUx3bmyWc6D4szJNVGtaR7zc", "asset": "BBBC", "block_index": 310023, "event": "a40605acb5b55718ba35b408883c20eecd845425ec463c0720b57901585820e2", "quantity": 10000}',0);
INSERT INTO messages VALUES(90,310023,'insert','credits','{"action": "send", "address": "mtQheFaSfWELRB2MyMBaiWjdDm6ux9Ezns", "asset": "BBBC", "block_index": 310023, "event": "a40605acb5b55718ba35b408883c20eecd845425ec463c0720b57901585820e2", "quantity": 10000}',0);
INSERT INTO messages VALUES(91,310023,'insert','sends','{"asset": "BBBC", "block_index": 310023, "destination": "mtQheFaSfWELRB2MyMBaiWjdDm6ux9Ezns", "quantity": 10000, "source": "mn6q3dS2EnDUx3bmyWc6D4szJNVGtaR7zc", "status": "valid", "tx_hash": "a40605acb5b55718ba35b408883c20eecd845425ec463c0720b57901585820e2", "tx_index": 24}',0);
INSERT INTO messages VALUES(92,310024,'insert','debits','{"action": "open RPS", "address": "mn6q3dS2EnDUx3bmyWc6D4szJNVGtaR7zc", "asset": "XCP", "block_index": 310024, "event": "635a5afd4efab8ed4c70d2601dc5e7dbe9ea6b8d252e4eec4e642a8e0ba10b3f", "quantity": 11021663}',0);
INSERT INTO messages VALUES(93,310024,'insert','rps','{"block_index": 310024, "expiration": 100, "expire_index": 310124, "move_random_hash": "6a886d74c2d4b1d7a35fd9159333ef64ba45a04d7aeeeb4538f958603c16fc5d", "possible_moves": 5, "source": "mn6q3dS2EnDUx3bmyWc6D4szJNVGtaR7zc", "status": "open", "tx_hash": "635a5afd4efab8ed4c70d2601dc5e7dbe9ea6b8d252e4eec4e642a8e0ba10b3f", "tx_index": 25, "wager": 11021663}',0);
INSERT INTO messages VALUES(94,310025,'insert','debits','{"action": "open RPS", "address": "mtQheFaSfWELRB2MyMBaiWjdDm6ux9Ezns", "asset": "XCP", "block_index": 310025, "event": "ffffe0e5b05c7bb14d8d95f454e9769cfa03e1663551e2ac0077268a2a3c88f6", "quantity": 11021663}',0);
INSERT INTO messages VALUES(95,310025,'insert','rps','{"block_index": 310025, "expiration": 100, "expire_index": 310125, "move_random_hash": "6e8bf66cbd6636aca1802459b730a99548624e48e243b840e0b34a12bede17ec", "possible_moves": 5, "source": "mtQheFaSfWELRB2MyMBaiWjdDm6ux9Ezns", "status": "open", "tx_hash": "ffffe0e5b05c7bb14d8d95f454e9769cfa03e1663551e2ac0077268a2a3c88f6", "tx_index": 26, "wager": 11021663}',0);
INSERT INTO messages VALUES(96,310025,'update','rps','{"status": "matched", "tx_index": 25}',0);
INSERT INTO messages VALUES(97,310025,'update','rps','{"status": "matched", "tx_index": 26}',0);
INSERT INTO messages VALUES(98,310025,'insert','rps_matches','{"block_index": 310025, "id": "635a5afd4efab8ed4c70d2601dc5e7dbe9ea6b8d252e4eec4e642a8e0ba10b3f_ffffe0e5b05c7bb14d8d95f454e9769cfa03e1663551e2ac0077268a2a3c88f6", "match_expire_index": 310045, "possible_moves": 5, "status": "pending", "tx0_address": "mn6q3dS2EnDUx3bmyWc6D4szJNVGtaR7zc", "tx0_block_index": 310024, "tx0_expiration": 100, "tx0_hash": "635a5afd4efab8ed4c70d2601dc5e7dbe9ea6b8d252e4eec4e642a8e0ba10b3f", "tx0_index": 25, "tx0_move_random_hash": "6a886d74c2d4b1d7a35fd9159333ef64ba45a04d7aeeeb4538f958603c16fc5d", "tx1_address": "mtQheFaSfWELRB2MyMBaiWjdDm6ux9Ezns", "tx1_block_index": 310025, "tx1_expiration": 100, "tx1_hash": "ffffe0e5b05c7bb14d8d95f454e9769cfa03e1663551e2ac0077268a2a3c88f6", "tx1_index": 26, "tx1_move_random_hash": "6e8bf66cbd6636aca1802459b730a99548624e48e243b840e0b34a12bede17ec", "wager": 11021663}',0);
INSERT INTO messages VALUES(99,310026,'update','rps_matches','{"rps_match_id": "635a5afd4efab8ed4c70d2601dc5e7dbe9ea6b8d252e4eec4e642a8e0ba10b3f_ffffe0e5b05c7bb14d8d95f454e9769cfa03e1663551e2ac0077268a2a3c88f6", "status": "resolved and pending"}',0);
INSERT INTO messages VALUES(100,310026,'insert','rpsresolves','{"block_index": 310026, "move": 3, "random": "7a4488d61ed8f2e9fa2874113fccb8b1", "rps_match_id": "635a5afd4efab8ed4c70d2601dc5e7dbe9ea6b8d252e4eec4e642a8e0ba10b3f_ffffe0e5b05c7bb14d8d95f454e9769cfa03e1663551e2ac0077268a2a3c88f6", "source": "mn6q3dS2EnDUx3bmyWc6D4szJNVGtaR7zc", "status": "valid", "tx_hash": "23a326a4d157e03890702a732e871dd68d0c2c62ac976d5b452ab05d0c9bb3ee", "tx_index": 27}',0);
INSERT INTO messages VALUES(101,310027,'insert','credits','{"action": "wins", "address": "mn6q3dS2EnDUx3bmyWc6D4szJNVGtaR7zc", "asset": "XCP", "block_index": 310027, "event": "635a5afd4efab8ed4c70d2601dc5e7dbe9ea6b8d252e4eec4e642a8e0ba10b3f_ffffe0e5b05c7bb14d8d95f454e9769cfa03e1663551e2ac0077268a2a3c88f6", "quantity": 22043326}',0);
INSERT INTO messages VALUES(102,310027,'update','rps_matches','{"rps_match_id": "635a5afd4efab8ed4c70d2601dc5e7dbe9ea6b8d252e4eec4e642a8e0ba10b3f_ffffe0e5b05c7bb14d8d95f454e9769cfa03e1663551e2ac0077268a2a3c88f6", "status": "concluded: first player wins"}',0);
INSERT INTO messages VALUES(103,310027,'insert','rpsresolves','{"block_index": 310027, "move": 5, "random": "fa765e80203cba24a298e4458f63ff6b", "rps_match_id": "635a5afd4efab8ed4c70d2601dc5e7dbe9ea6b8d252e4eec4e642a8e0ba10b3f_ffffe0e5b05c7bb14d8d95f454e9769cfa03e1663551e2ac0077268a2a3c88f6", "source": "mtQheFaSfWELRB2MyMBaiWjdDm6ux9Ezns", "status": "valid", "tx_hash": "0020e8c615105efb7b0b01b7268738863a44b4d3ceffdcb69242625323eb7087", "tx_index": 28}',0);
INSERT INTO messages VALUES(104,310028,'insert','debits','{"action": "open RPS", "address": "mn6q3dS2EnDUx3bmyWc6D4szJNVGtaR7zc", "asset": "XCP", "block_index": 310028, "event": "6e0ba68befc0c4e73212aceaaee20320373352aecdaf25f99c2c5c6dc9b11681", "quantity": 11021663}',0);
INSERT INTO messages VALUES(105,310028,'insert','rps','{"block_index": 310028, "expiration": 10, "expire_index": 310038, "move_random_hash": "6a886d74c2d4b1d7a35fd9159333ef64ba45a04d7aeeeb4538f958603c16fc5d", "possible_moves": 5, "source": "mn6q3dS2EnDUx3bmyWc6D4szJNVGtaR7zc", "status": "open", "tx_hash": "6e0ba68befc0c4e73212aceaaee20320373352aecdaf25f99c2c5c6dc9b11681", "tx_index": 29, "wager": 11021663}',0);
INSERT INTO messages VALUES(106,310031,'update','orders','{"status": "expired", "tx_hash": "38d5ec6c73a559b1d1409e0506e2bec30b7db9fd6ca385f2b50202ede6cede56"}',0);
INSERT INTO messages VALUES(107,310031,'insert','credits','{"action": "cancel order", "address": "mn6q3dS2EnDUx3bmyWc6D4szJNVGtaR7zc", "asset": "BBBB", "block_index": 310031, "event": "38d5ec6c73a559b1d1409e0506e2bec30b7db9fd6ca385f2b50202ede6cede56", "quantity": 50000000}',0);
INSERT INTO messages VALUES(108,310031,'insert','order_expirations','{"block_index": 310031, "order_hash": "38d5ec6c73a559b1d1409e0506e2bec30b7db9fd6ca385f2b50202ede6cede56", "order_index": 22, "source": "mn6q3dS2EnDUx3bmyWc6D4szJNVGtaR7zc"}',0);
INSERT INTO messages VALUES(109,310038,'update','rps','{"status": "expired", "tx_hash": "6e0ba68befc0c4e73212aceaaee20320373352aecdaf25f99c2c5c6dc9b11681"}',0);
INSERT INTO messages VALUES(110,310038,'insert','credits','{"action": "recredit wager", "address": "mn6q3dS2EnDUx3bmyWc6D4szJNVGtaR7zc", "asset": "XCP", "block_index": 310038, "event": "6e0ba68befc0c4e73212aceaaee20320373352aecdaf25f99c2c5c6dc9b11681", "quantity": 11021663}',0);
INSERT INTO messages VALUES(111,310038,'insert','rps_expirations','{"block_index": 310038, "rps_hash": "6e0ba68befc0c4e73212aceaaee20320373352aecdaf25f99c2c5c6dc9b11681", "rps_index": 29, "source": "mn6q3dS2EnDUx3bmyWc6D4szJNVGtaR7zc"}',0);
INSERT INTO messages VALUES(112,310047,'insert','debits','{"action": "open RPS", "address": "mn6q3dS2EnDUx3bmyWc6D4szJNVGtaR7zc", "asset": "XCP", "block_index": 310047, "event": "f3716b6e588e7d938eaa8228135bd51870068555b5a4f447e2f0502d46fb6710", "quantity": 11021664}',0);
INSERT INTO messages VALUES(113,310047,'insert','rps','{"block_index": 310047, "expiration": 10, "expire_index": 310057, "move_random_hash": "6a886d74c2d4b1d7a35fd9159333ef64ba45a04d7aeeeb4538f958603c16fc5d", "possible_moves": 5, "source": "mn6q3dS2EnDUx3bmyWc6D4szJNVGtaR7zc", "status": "open", "tx_hash": "f3716b6e588e7d938eaa8228135bd51870068555b5a4f447e2f0502d46fb6710", "tx_index": 48, "wager": 11021664}',0);
INSERT INTO messages VALUES(114,310048,'insert','debits','{"action": "open RPS", "address": "mtQheFaSfWELRB2MyMBaiWjdDm6ux9Ezns", "asset": "XCP", "block_index": 310048, "event": "fda32886cc92c292a5aa012a6abbcf20b351873fcb23a01b3eaf7e53cd4de0d6", "quantity": 11021664}',0);
INSERT INTO messages VALUES(115,310048,'insert','rps','{"block_index": 310048, "expiration": 10, "expire_index": 310058, "move_random_hash": "6a886d74c2d4b1d7a35fd9159333ef64ba45a04d7aeeeb4538f958603c16fc5d", "possible_moves": 5, "source": "mtQheFaSfWELRB2MyMBaiWjdDm6ux9Ezns", "status": "open", "tx_hash": "fda32886cc92c292a5aa012a6abbcf20b351873fcb23a01b3eaf7e53cd4de0d6", "tx_index": 49, "wager": 11021664}',0);
INSERT INTO messages VALUES(116,310048,'update','rps','{"status": "matched", "tx_index": 48}',0);
INSERT INTO messages VALUES(117,310048,'update','rps','{"status": "matched", "tx_index": 49}',0);
INSERT INTO messages VALUES(118,310048,'insert','rps_matches','{"block_index": 310048, "id": "f3716b6e588e7d938eaa8228135bd51870068555b5a4f447e2f0502d46fb6710_fda32886cc92c292a5aa012a6abbcf20b351873fcb23a01b3eaf7e53cd4de0d6", "match_expire_index": 310068, "possible_moves": 5, "status": "pending", "tx0_address": "mn6q3dS2EnDUx3bmyWc6D4szJNVGtaR7zc", "tx0_block_index": 310047, "tx0_expiration": 10, "tx0_hash": "f3716b6e588e7d938eaa8228135bd51870068555b5a4f447e2f0502d46fb6710", "tx0_index": 48, "tx0_move_random_hash": "6a886d74c2d4b1d7a35fd9159333ef64ba45a04d7aeeeb4538f958603c16fc5d", "tx1_address": "mtQheFaSfWELRB2MyMBaiWjdDm6ux9Ezns", "tx1_block_index": 310048, "tx1_expiration": 10, "tx1_hash": "fda32886cc92c292a5aa012a6abbcf20b351873fcb23a01b3eaf7e53cd4de0d6", "tx1_index": 49, "tx1_move_random_hash": "6a886d74c2d4b1d7a35fd9159333ef64ba45a04d7aeeeb4538f958603c16fc5d", "wager": 11021664}',0);
INSERT INTO messages VALUES(119,310068,'insert','credits','{"action": "recredit wager", "address": "mn6q3dS2EnDUx3bmyWc6D4szJNVGtaR7zc", "asset": "XCP", "block_index": 310068, "event": "f3716b6e588e7d938eaa8228135bd51870068555b5a4f447e2f0502d46fb6710_fda32886cc92c292a5aa012a6abbcf20b351873fcb23a01b3eaf7e53cd4de0d6", "quantity": 11021664}',0);
INSERT INTO messages VALUES(120,310068,'insert','credits','{"action": "recredit wager", "address": "mtQheFaSfWELRB2MyMBaiWjdDm6ux9Ezns", "asset": "XCP", "block_index": 310068, "event": "f3716b6e588e7d938eaa8228135bd51870068555b5a4f447e2f0502d46fb6710_fda32886cc92c292a5aa012a6abbcf20b351873fcb23a01b3eaf7e53cd4de0d6", "quantity": 11021664}',0);
INSERT INTO messages VALUES(121,310068,'update','rps_matches','{"rps_match_id": "f3716b6e588e7d938eaa8228135bd51870068555b5a4f447e2f0502d46fb6710_fda32886cc92c292a5aa012a6abbcf20b351873fcb23a01b3eaf7e53cd4de0d6", "status": "expired"}',0);
INSERT INTO messages VALUES(122,310068,'insert','rps_match_expirations','{"block_index": 310068, "rps_match_id": "f3716b6e588e7d938eaa8228135bd51870068555b5a4f447e2f0502d46fb6710_fda32886cc92c292a5aa012a6abbcf20b351873fcb23a01b3eaf7e53cd4de0d6", "tx0_address": "mn6q3dS2EnDUx3bmyWc6D4szJNVGtaR7zc", "tx1_address": "mtQheFaSfWELRB2MyMBaiWjdDm6ux9Ezns"}',0);
INSERT INTO messages VALUES(123,310074,'insert','debits','{"action": "open RPS", "address": "mn6q3dS2EnDUx3bmyWc6D4szJNVGtaR7zc", "asset": "XCP", "block_index": 310074, "event": "40575c4cf1ee21282459c8c824be1cb2e28df26c6c83b9c85d431fc694f8257d", "quantity": 11021665}',0);
INSERT INTO messages VALUES(124,310074,'insert','rps','{"block_index": 310074, "expiration": 10, "expire_index": 310084, "move_random_hash": "6a886d74c2d4b1d7a35fd9159333ef64ba45a04d7aeeeb4538f958603c16fc5d", "possible_moves": 5, "source": "mn6q3dS2EnDUx3bmyWc6D4szJNVGtaR7zc", "status": "open", "tx_hash": "40575c4cf1ee21282459c8c824be1cb2e28df26c6c83b9c85d431fc694f8257d", "tx_index": 75, "wager": 11021665}',0);
INSERT INTO messages VALUES(125,310075,'insert','debits','{"action": "open RPS", "address": "mtQheFaSfWELRB2MyMBaiWjdDm6ux9Ezns", "asset": "XCP", "block_index": 310075, "event": "432f37fd7f18bdeece846f019649fcb632c65acdef437e88d817304d29a8ede4", "quantity": 11021665}',0);
INSERT INTO messages VALUES(126,310075,'insert','rps','{"block_index": 310075, "expiration": 10, "expire_index": 310085, "move_random_hash": "6a886d74c2d4b1d7a35fd9159333ef64ba45a04d7aeeeb4538f958603c16fc5d", "possible_moves": 5, "source": "mtQheFaSfWELRB2MyMBaiWjdDm6ux9Ezns", "status": "open", "tx_hash": "432f37fd7f18bdeece846f019649fcb632c65acdef437e88d817304d29a8ede4", "tx_index": 76, "wager": 11021665}',0);
INSERT INTO messages VALUES(127,310075,'update','rps','{"status": "matched", "tx_index": 75}',0);
INSERT INTO messages VALUES(128,310075,'update','rps','{"status": "matched", "tx_index": 76}',0);
INSERT INTO messages VALUES(129,310075,'insert','rps_matches','{"block_index": 310075, "id": "40575c4cf1ee21282459c8c824be1cb2e28df26c6c83b9c85d431fc694f8257d_432f37fd7f18bdeece846f019649fcb632c65acdef437e88d817304d29a8ede4", "match_expire_index": 310095, "possible_moves": 5, "status": "pending", "tx0_address": "mn6q3dS2EnDUx3bmyWc6D4szJNVGtaR7zc", "tx0_block_index": 310074, "tx0_expiration": 10, "tx0_hash": "40575c4cf1ee21282459c8c824be1cb2e28df26c6c83b9c85d431fc694f8257d", "tx0_index": 75, "tx0_move_random_hash": "6a886d74c2d4b1d7a35fd9159333ef64ba45a04d7aeeeb4538f958603c16fc5d", "tx1_address": "mtQheFaSfWELRB2MyMBaiWjdDm6ux9Ezns", "tx1_block_index": 310075, "tx1_expiration": 10, "tx1_hash": "432f37fd7f18bdeece846f019649fcb632c65acdef437e88d817304d29a8ede4", "tx1_index": 76, "tx1_move_random_hash": "6a886d74c2d4b1d7a35fd9159333ef64ba45a04d7aeeeb4538f958603c16fc5d", "wager": 11021665}',0);
INSERT INTO messages VALUES(130,310076,'update','rps_matches','{"rps_match_id": "40575c4cf1ee21282459c8c824be1cb2e28df26c6c83b9c85d431fc694f8257d_432f37fd7f18bdeece846f019649fcb632c65acdef437e88d817304d29a8ede4", "status": "resolved and pending"}',0);
INSERT INTO messages VALUES(131,310076,'insert','rpsresolves','{"block_index": 310076, "move": 3, "random": "7a4488d61ed8f2e9fa2874113fccb8b1", "rps_match_id": "40575c4cf1ee21282459c8c824be1cb2e28df26c6c83b9c85d431fc694f8257d_432f37fd7f18bdeece846f019649fcb632c65acdef437e88d817304d29a8ede4", "source": "mn6q3dS2EnDUx3bmyWc6D4szJNVGtaR7zc", "status": "valid", "tx_hash": "52af121259e6dea6a9d1423a496e26d0e772130fa707af6bb35bcc28dc152092", "tx_index": 77}',0);
INSERT INTO messages VALUES(132,310095,'insert','credits','{"action": "wins", "address": "mn6q3dS2EnDUx3bmyWc6D4szJNVGtaR7zc", "asset": "XCP", "block_index": 310095, "event": "40575c4cf1ee21282459c8c824be1cb2e28df26c6c83b9c85d431fc694f8257d_432f37fd7f18bdeece846f019649fcb632c65acdef437e88d817304d29a8ede4", "quantity": 22043330}',0);
INSERT INTO messages VALUES(133,310095,'update','rps_matches','{"rps_match_id": "40575c4cf1ee21282459c8c824be1cb2e28df26c6c83b9c85d431fc694f8257d_432f37fd7f18bdeece846f019649fcb632c65acdef437e88d817304d29a8ede4", "status": "concluded: first player wins"}',0);
INSERT INTO messages VALUES(134,310095,'insert','rps_match_expirations','{"block_index": 310095, "rps_match_id": "40575c4cf1ee21282459c8c824be1cb2e28df26c6c83b9c85d431fc694f8257d_432f37fd7f18bdeece846f019649fcb632c65acdef437e88d817304d29a8ede4", "tx0_address": "mn6q3dS2EnDUx3bmyWc6D4szJNVGtaR7zc", "tx1_address": "mtQheFaSfWELRB2MyMBaiWjdDm6ux9Ezns"}',0);
-- Triggers and indices on  messages
CREATE INDEX block_index_message_index_idx ON messages (block_index, message_index);

-- Table  nonces
DROP TABLE IF EXISTS nonces;
CREATE TABLE nonces(
                      address TEXT PRIMARY KEY,
                      nonce INTEGER);

-- Table  order_expirations
DROP TABLE IF EXISTS order_expirations;
CREATE TABLE order_expirations(
                      order_index INTEGER PRIMARY KEY,
                      order_hash TEXT UNIQUE,
                      source TEXT,
                      block_index INTEGER,
                      FOREIGN KEY (block_index) REFERENCES blocks(block_index),
                      FOREIGN KEY (order_index, order_hash) REFERENCES orders(tx_index, tx_hash));
INSERT INTO order_expirations VALUES(3,'ad6082998925f47865b58b6d344c1b1cf0ab059d091f33334ccb92436f37eb8a','mn6q3dS2EnDUx3bmyWc6D4szJNVGtaR7zc',310012);
INSERT INTO order_expirations VALUES(4,'833ac1c9139acc7a9aaabbf04bdf3e4af95a3425762d39d8cc2cc23113861d2a','mn6q3dS2EnDUx3bmyWc6D4szJNVGtaR7zc',310013);
INSERT INTO order_expirations VALUES(22,'38d5ec6c73a559b1d1409e0506e2bec30b7db9fd6ca385f2b50202ede6cede56','mn6q3dS2EnDUx3bmyWc6D4szJNVGtaR7zc',310031);

-- Table  order_match_expirations
DROP TABLE IF EXISTS order_match_expirations;
CREATE TABLE order_match_expirations(
                      order_match_id TEXT PRIMARY KEY,
                      tx0_address TEXT,
                      tx1_address TEXT,
                      block_index INTEGER,
                      FOREIGN KEY (order_match_id) REFERENCES order_matches(id),
                      FOREIGN KEY (block_index) REFERENCES blocks(block_index));

-- Table  order_matches
DROP TABLE IF EXISTS order_matches;
CREATE TABLE order_matches(
                      id TEXT PRIMARY KEY,
                      tx0_index INTEGER,
                      tx0_hash TEXT,
                      tx0_address TEXT,
                      tx1_index INTEGER,
                      tx1_hash TEXT,
                      tx1_address TEXT,
                      forward_asset TEXT,
                      forward_quantity INTEGER,
                      backward_asset TEXT,
                      backward_quantity INTEGER,
                      tx0_block_index INTEGER,
                      tx1_block_index INTEGER,
                      block_index INTEGER,
                      tx0_expiration INTEGER,
                      tx1_expiration INTEGER,
                      match_expire_index INTEGER,
                      fee_paid INTEGER,
                      status TEXT,
                      FOREIGN KEY (tx0_index, tx0_hash, tx0_block_index) REFERENCES transactions(tx_index, tx_hash, block_index),
                      FOREIGN KEY (tx1_index, tx1_hash, tx1_block_index) REFERENCES transactions(tx_index, tx_hash, block_index));
INSERT INTO order_matches VALUES('ad6082998925f47865b58b6d344c1b1cf0ab059d091f33334ccb92436f37eb8a_833ac1c9139acc7a9aaabbf04bdf3e4af95a3425762d39d8cc2cc23113861d2a',3,'ad6082998925f47865b58b6d344c1b1cf0ab059d091f33334ccb92436f37eb8a','mn6q3dS2EnDUx3bmyWc6D4szJNVGtaR7zc',4,'833ac1c9139acc7a9aaabbf04bdf3e4af95a3425762d39d8cc2cc23113861d2a','mn6q3dS2EnDUx3bmyWc6D4szJNVGtaR7zc','BTC',50000000,'XCP',100000000,310002,310003,310003,10,10,310023,857142,'completed');
-- Triggers and indices on  order_matches
CREATE INDEX backward_status_idx ON order_matches (backward_asset, status);
CREATE INDEX forward_status_idx ON order_matches (forward_asset, status);
CREATE INDEX match_expire_idx ON order_matches (status, match_expire_index);
CREATE INDEX tx0_address_idx ON order_matches (tx0_address);
CREATE INDEX tx1_address_idx ON order_matches (tx1_address);

-- Table  orders
DROP TABLE IF EXISTS orders;
CREATE TABLE orders(
                      tx_index INTEGER UNIQUE,
                      tx_hash TEXT UNIQUE,
                      block_index INTEGER,
                      source TEXT,
                      give_asset TEXT,
                      give_quantity INTEGER,
                      give_remaining INTEGER,
                      get_asset TEXT,
                      get_quantity INTEGER,
                      get_remaining INTEGER,
                      expiration INTEGER,
                      expire_index INTEGER,
                      fee_required INTEGER,
                      fee_required_remaining INTEGER,
                      fee_provided INTEGER,
                      fee_provided_remaining INTEGER,
                      status TEXT,
                      FOREIGN KEY (tx_index, tx_hash, block_index) REFERENCES transactions(tx_index, tx_hash, block_index),
                      PRIMARY KEY (tx_index, tx_hash));
INSERT INTO orders VALUES(3,'ad6082998925f47865b58b6d344c1b1cf0ab059d091f33334ccb92436f37eb8a',310002,'mn6q3dS2EnDUx3bmyWc6D4szJNVGtaR7zc','BTC',50000000,0,'XCP',100000000,0,10,310012,0,0,1000000,142858,'expired');
INSERT INTO orders VALUES(4,'833ac1c9139acc7a9aaabbf04bdf3e4af95a3425762d39d8cc2cc23113861d2a',310003,'mn6q3dS2EnDUx3bmyWc6D4szJNVGtaR7zc','XCP',105000000,5000000,'BTC',50000000,0,10,310013,900000,42858,10000,10000,'expired');
INSERT INTO orders VALUES(22,'38d5ec6c73a559b1d1409e0506e2bec30b7db9fd6ca385f2b50202ede6cede56',310021,'mn6q3dS2EnDUx3bmyWc6D4szJNVGtaR7zc','BBBB',50000000,50000000,'XCP',50000000,50000000,10,310031,0,0,10000,10000,'expired');
-- Triggers and indices on  orders
CREATE INDEX expire_idx ON orders (expire_index, status);
CREATE INDEX give_asset_idx ON orders (give_asset);
CREATE INDEX give_get_status_idx ON orders (get_asset, give_asset, status);
CREATE INDEX give_status_idx ON orders (give_asset, status);
CREATE INDEX source_give_status_idx ON orders (source, give_asset, status);

-- Table  postqueue
DROP TABLE IF EXISTS postqueue;
CREATE TABLE postqueue(
                      message BLOB);

-- Table  rps
DROP TABLE IF EXISTS rps;
CREATE TABLE rps(
                      tx_index INTEGER UNIQUE,
                      tx_hash TEXT UNIQUE,
                      block_index INTEGER,
                      source TEXT,
                      possible_moves INTEGER,
                      wager INTEGER,
                      move_random_hash TEXT,
                      expiration INTEGER,
                      expire_index INTEGER,
                      status TEXT,
                      FOREIGN KEY (tx_index, tx_hash, block_index) REFERENCES transactions(tx_index, tx_hash, block_index),
                      PRIMARY KEY (tx_index, tx_hash));
INSERT INTO rps VALUES(25,'635a5afd4efab8ed4c70d2601dc5e7dbe9ea6b8d252e4eec4e642a8e0ba10b3f',310024,'mn6q3dS2EnDUx3bmyWc6D4szJNVGtaR7zc',5,11021663,'6a886d74c2d4b1d7a35fd9159333ef64ba45a04d7aeeeb4538f958603c16fc5d',100,310124,'matched');
INSERT INTO rps VALUES(26,'ffffe0e5b05c7bb14d8d95f454e9769cfa03e1663551e2ac0077268a2a3c88f6',310025,'mtQheFaSfWELRB2MyMBaiWjdDm6ux9Ezns',5,11021663,'6e8bf66cbd6636aca1802459b730a99548624e48e243b840e0b34a12bede17ec',100,310125,'matched');
INSERT INTO rps VALUES(29,'6e0ba68befc0c4e73212aceaaee20320373352aecdaf25f99c2c5c6dc9b11681',310028,'mn6q3dS2EnDUx3bmyWc6D4szJNVGtaR7zc',5,11021663,'6a886d74c2d4b1d7a35fd9159333ef64ba45a04d7aeeeb4538f958603c16fc5d',10,310038,'expired');
INSERT INTO rps VALUES(48,'f3716b6e588e7d938eaa8228135bd51870068555b5a4f447e2f0502d46fb6710',310047,'mn6q3dS2EnDUx3bmyWc6D4szJNVGtaR7zc',5,11021664,'6a886d74c2d4b1d7a35fd9159333ef64ba45a04d7aeeeb4538f958603c16fc5d',10,310057,'matched');
INSERT INTO rps VALUES(49,'fda32886cc92c292a5aa012a6abbcf20b351873fcb23a01b3eaf7e53cd4de0d6',310048,'mtQheFaSfWELRB2MyMBaiWjdDm6ux9Ezns',5,11021664,'6a886d74c2d4b1d7a35fd9159333ef64ba45a04d7aeeeb4538f958603c16fc5d',10,310058,'matched');
INSERT INTO rps VALUES(75,'40575c4cf1ee21282459c8c824be1cb2e28df26c6c83b9c85d431fc694f8257d',310074,'mn6q3dS2EnDUx3bmyWc6D4szJNVGtaR7zc',5,11021665,'6a886d74c2d4b1d7a35fd9159333ef64ba45a04d7aeeeb4538f958603c16fc5d',10,310084,'matched');
INSERT INTO rps VALUES(76,'432f37fd7f18bdeece846f019649fcb632c65acdef437e88d817304d29a8ede4',310075,'mtQheFaSfWELRB2MyMBaiWjdDm6ux9Ezns',5,11021665,'6a886d74c2d4b1d7a35fd9159333ef64ba45a04d7aeeeb4538f958603c16fc5d',10,310085,'matched');
-- Triggers and indices on  rps
CREATE INDEX matching_idx ON rps (wager, possible_moves);

-- Table  rps_expirations
DROP TABLE IF EXISTS rps_expirations;
CREATE TABLE rps_expirations(
                      rps_index INTEGER PRIMARY KEY,
                      rps_hash TEXT UNIQUE,
                      source TEXT,
                      block_index INTEGER,
                      FOREIGN KEY (block_index) REFERENCES blocks(block_index),
                      FOREIGN KEY (rps_index, rps_hash) REFERENCES rps(tx_index, tx_hash));
INSERT INTO rps_expirations VALUES(29,'6e0ba68befc0c4e73212aceaaee20320373352aecdaf25f99c2c5c6dc9b11681','mn6q3dS2EnDUx3bmyWc6D4szJNVGtaR7zc',310038);

-- Table  rps_match_expirations
DROP TABLE IF EXISTS rps_match_expirations;
CREATE TABLE rps_match_expirations(
                      rps_match_id TEXT PRIMARY KEY,
                      tx0_address TEXT,
                      tx1_address TEXT,
                      block_index INTEGER,
                      FOREIGN KEY (rps_match_id) REFERENCES rps_matches(id),
                      FOREIGN KEY (block_index) REFERENCES blocks(block_index));
INSERT INTO rps_match_expirations VALUES('f3716b6e588e7d938eaa8228135bd51870068555b5a4f447e2f0502d46fb6710_fda32886cc92c292a5aa012a6abbcf20b351873fcb23a01b3eaf7e53cd4de0d6','mn6q3dS2EnDUx3bmyWc6D4szJNVGtaR7zc','mtQheFaSfWELRB2MyMBaiWjdDm6ux9Ezns',310068);
INSERT INTO rps_match_expirations VALUES('40575c4cf1ee21282459c8c824be1cb2e28df26c6c83b9c85d431fc694f8257d_432f37fd7f18bdeece846f019649fcb632c65acdef437e88d817304d29a8ede4','mn6q3dS2EnDUx3bmyWc6D4szJNVGtaR7zc','mtQheFaSfWELRB2MyMBaiWjdDm6ux9Ezns',310095);

-- Table  rps_matches
DROP TABLE IF EXISTS rps_matches;
CREATE TABLE rps_matches(
                      id TEXT PRIMARY KEY,
                      tx0_index INTEGER,
                      tx0_hash TEXT,
                      tx0_address TEXT,
                      tx1_index INTEGER,
                      tx1_hash TEXT,
                      tx1_address TEXT,
                      tx0_move_random_hash TEXT,
                      tx1_move_random_hash TEXT,
                      wager INTEGER,
                      possible_moves INTEGER,
                      tx0_block_index INTEGER,
                      tx1_block_index INTEGER,
                      block_index INTEGER,
                      tx0_expiration INTEGER,
                      tx1_expiration INTEGER,
                      match_expire_index INTEGER,
                      status TEXT,
                      FOREIGN KEY (tx0_index, tx0_hash, tx0_block_index) REFERENCES transactions(tx_index, tx_hash, block_index),
                      FOREIGN KEY (tx1_index, tx1_hash, tx1_block_index) REFERENCES transactions(tx_index, tx_hash, block_index));
INSERT INTO rps_matches VALUES('635a5afd4efab8ed4c70d2601dc5e7dbe9ea6b8d252e4eec4e642a8e0ba10b3f_ffffe0e5b05c7bb14d8d95f454e9769cfa03e1663551e2ac0077268a2a3c88f6',25,'635a5afd4efab8ed4c70d2601dc5e7dbe9ea6b8d252e4eec4e642a8e0ba10b3f','mn6q3dS2EnDUx3bmyWc6D4szJNVGtaR7zc',26,'ffffe0e5b05c7bb14d8d95f454e9769cfa03e1663551e2ac0077268a2a3c88f6','mtQheFaSfWELRB2MyMBaiWjdDm6ux9Ezns','6a886d74c2d4b1d7a35fd9159333ef64ba45a04d7aeeeb4538f958603c16fc5d','6e8bf66cbd6636aca1802459b730a99548624e48e243b840e0b34a12bede17ec',11021663,5,310024,310025,310025,100,100,310045,'concluded: first player wins');
INSERT INTO rps_matches VALUES('f3716b6e588e7d938eaa8228135bd51870068555b5a4f447e2f0502d46fb6710_fda32886cc92c292a5aa012a6abbcf20b351873fcb23a01b3eaf7e53cd4de0d6',48,'f3716b6e588e7d938eaa8228135bd51870068555b5a4f447e2f0502d46fb6710','mn6q3dS2EnDUx3bmyWc6D4szJNVGtaR7zc',49,'fda32886cc92c292a5aa012a6abbcf20b351873fcb23a01b3eaf7e53cd4de0d6','mtQheFaSfWELRB2MyMBaiWjdDm6ux9Ezns','6a886d74c2d4b1d7a35fd9159333ef64ba45a04d7aeeeb4538f958603c16fc5d','6a886d74c2d4b1d7a35fd9159333ef64ba45a04d7aeeeb4538f958603c16fc5d',11021664,5,310047,310048,310048,10,10,310068,'expired');
INSERT INTO rps_matches VALUES('40575c4cf1ee21282459c8c824be1cb2e28df26c6c83b9c85d431fc694f8257d_432f37fd7f18bdeece846f019649fcb632c65acdef437e88d817304d29a8ede4',75,'40575c4cf1ee21282459c8c824be1cb2e28df26c6c83b9c85d431fc694f8257d','mn6q3dS2EnDUx3bmyWc6D4szJNVGtaR7zc',76,'432f37fd7f18bdeece846f019649fcb632c65acdef437e88d817304d29a8ede4','mtQheFaSfWELRB2MyMBaiWjdDm6ux9Ezns','6a886d74c2d4b1d7a35fd9159333ef64ba45a04d7aeeeb4538f958603c16fc5d','6a886d74c2d4b1d7a35fd9159333ef64ba45a04d7aeeeb4538f958603c16fc5d',11021665,5,310074,310075,310075,10,10,310095,'concluded: first player wins');
-- Triggers and indices on  rps_matches
CREATE INDEX rps_match_expire_idx ON rps_matches (status, match_expire_index);
CREATE INDEX rps_tx0_address_idx ON rps_matches (tx0_address);
CREATE INDEX rps_tx1_address_idx ON rps_matches (tx1_address);

-- Table  rpsresolves
DROP TABLE IF EXISTS rpsresolves;
CREATE TABLE rpsresolves(
                      tx_index INTEGER PRIMARY KEY,
                      tx_hash TEXT UNIQUE,
                      block_index INTEGER,
                      source TEXT,
                      move INTEGER,
                      random TEXT,
                      rps_match_id TEXT,
                      status TEXT,
                      FOREIGN KEY (tx_index, tx_hash, block_index) REFERENCES transactions(tx_index, tx_hash, block_index));
INSERT INTO rpsresolves VALUES(27,'23a326a4d157e03890702a732e871dd68d0c2c62ac976d5b452ab05d0c9bb3ee',310026,'mn6q3dS2EnDUx3bmyWc6D4szJNVGtaR7zc',3,'7a4488d61ed8f2e9fa2874113fccb8b1','635a5afd4efab8ed4c70d2601dc5e7dbe9ea6b8d252e4eec4e642a8e0ba10b3f_ffffe0e5b05c7bb14d8d95f454e9769cfa03e1663551e2ac0077268a2a3c88f6','valid');
INSERT INTO rpsresolves VALUES(28,'0020e8c615105efb7b0b01b7268738863a44b4d3ceffdcb69242625323eb7087',310027,'mtQheFaSfWELRB2MyMBaiWjdDm6ux9Ezns',5,'fa765e80203cba24a298e4458f63ff6b','635a5afd4efab8ed4c70d2601dc5e7dbe9ea6b8d252e4eec4e642a8e0ba10b3f_ffffe0e5b05c7bb14d8d95f454e9769cfa03e1663551e2ac0077268a2a3c88f6','valid');
INSERT INTO rpsresolves VALUES(77,'52af121259e6dea6a9d1423a496e26d0e772130fa707af6bb35bcc28dc152092',310076,'mn6q3dS2EnDUx3bmyWc6D4szJNVGtaR7zc',3,'7a4488d61ed8f2e9fa2874113fccb8b1','40575c4cf1ee21282459c8c824be1cb2e28df26c6c83b9c85d431fc694f8257d_432f37fd7f18bdeece846f019649fcb632c65acdef437e88d817304d29a8ede4','valid');
-- Triggers and indices on  rpsresolves
CREATE INDEX rps_match_id_idx ON rpsresolves (rps_match_id);

-- Table  sends
DROP TABLE IF EXISTS sends;
CREATE TABLE sends(
                      tx_index INTEGER PRIMARY KEY,
                      tx_hash TEXT UNIQUE,
                      block_index INTEGER,
                      source TEXT,
                      destination TEXT,
                      asset TEXT,
                      quantity INTEGER,
                      status TEXT,
                      FOREIGN KEY (tx_index, tx_hash, block_index) REFERENCES transactions(tx_index, tx_hash, block_index));
INSERT INTO sends VALUES(2,'72928dacb4dc84a6b9ebf9f43ea2a9ab8791f7ffa8e94a5c38b05d7cfd4a5c3f',310001,'mn6q3dS2EnDUx3bmyWc6D4szJNVGtaR7zc','mtQheFaSfWELRB2MyMBaiWjdDm6ux9Ezns','XCP',50000000,'valid');
INSERT INTO sends VALUES(8,'a5e00545ea476f6ce3fad4fcd0a18faceef4bea400d1132f450796c1112295ce',310007,'mn6q3dS2EnDUx3bmyWc6D4szJNVGtaR7zc','mtQheFaSfWELRB2MyMBaiWjdDm6ux9Ezns','BBBB',4000000,'valid');
INSERT INTO sends VALUES(9,'623aa2a13bd21853e263e41767fc7ce91c2e938d5a175400e807102924f4921e',310008,'mn6q3dS2EnDUx3bmyWc6D4szJNVGtaR7zc','mtQheFaSfWELRB2MyMBaiWjdDm6ux9Ezns','BBBC',526,'valid');
INSERT INTO sends VALUES(24,'a40605acb5b55718ba35b408883c20eecd845425ec463c0720b57901585820e2',310023,'mn6q3dS2EnDUx3bmyWc6D4szJNVGtaR7zc','mtQheFaSfWELRB2MyMBaiWjdDm6ux9Ezns','BBBC',10000,'valid');
-- Triggers and indices on  sends
CREATE INDEX destination_idx ON sends (destination);
CREATE INDEX source_idx ON sends (source);

-- Table  storage
DROP TABLE IF EXISTS storage;
CREATE TABLE storage(
                      contract_id TEXT,
                      key BLOB,
                      value BLOB,
                      FOREIGN KEY (contract_id) REFERENCES contracts(contract_id));

-- Table  suicides
DROP TABLE IF EXISTS suicides;
CREATE TABLE suicides(
                      contract_id TEXT PRIMARY KEY,
                      FOREIGN KEY (contract_id) REFERENCES contracts(contract_id));

-- Table  transactions
DROP TABLE IF EXISTS transactions;
CREATE TABLE transactions(
                      tx_index INTEGER UNIQUE,
                      tx_hash TEXT UNIQUE,
                      block_index INTEGER,
                      block_hash TEXT,
                      block_time INTEGER,
                      source TEXT,
                      destination TEXT,
                      btc_amount INTEGER,
                      fee INTEGER,
                      data BLOB,
                      supported BOOL DEFAULT 1,
                      FOREIGN KEY (block_index, block_hash) REFERENCES blocks(block_index, block_hash),
                      PRIMARY KEY (tx_index, tx_hash, block_index));
INSERT INTO transactions VALUES(1,'610b15f0c2d3845f124cc6026b6c212033de94218b25f89d5dbde47d11085a89',310000,'2ee5123266f21fb8f65495c281a368e1b9f93b6c411986e06efc895a8d82467683e6ea5d863714b23582c1c59576650d07c405a8d9bf0d088ee65621178b259d',310000000,'mn6q3dS2EnDUx3bmyWc6D4szJNVGtaR7zc','mvCounterpartyXXXXXXXXXXXXXXW24Hef',62000000,10000,X'',1);
INSERT INTO transactions VALUES(2,'72928dacb4dc84a6b9ebf9f43ea2a9ab8791f7ffa8e94a5c38b05d7cfd4a5c3f',310001,'03a9a24e190a996364217761558e380b94ae9792b8b4dcaa92b6c58d80b9f8f7fcf9a34037be4cd6ad5e0c039b511cccc40c3438a5067822e3cd309f06519612',310001000,'mn6q3dS2EnDUx3bmyWc6D4szJNVGtaR7zc','mtQheFaSfWELRB2MyMBaiWjdDm6ux9Ezns',5430,10000,X'0000000000000000000000010000000002FAF080',1);
INSERT INTO transactions VALUES(3,'ad6082998925f47865b58b6d344c1b1cf0ab059d091f33334ccb92436f37eb8a',310002,'d574e4fee71454532c0207f27b9c46f07c5c2e20f43829ddeee8f798053413ac6e0d1b9ad2259a0370fe08581fab3e950ce629db5fadd823251254bf606a05bd',310002000,'mn6q3dS2EnDUx3bmyWc6D4szJNVGtaR7zc','',0,1000000,X'0000000A00000000000000000000000002FAF08000000000000000010000000005F5E100000A0000000000000000',1);
INSERT INTO transactions VALUES(4,'833ac1c9139acc7a9aaabbf04bdf3e4af95a3425762d39d8cc2cc23113861d2a',310003,'44392d9d661459ba31140c59e7d8bcd16b071c864c59f65e2edd9e3c16d598e81aaba40f11019a379bfc6d7811e0265fbb8b276d99cdea7f739fb736f433052a',310003000,'mn6q3dS2EnDUx3bmyWc6D4szJNVGtaR7zc','',0,10000,X'0000000A00000000000000010000000006422C4000000000000000000000000002FAF080000A00000000000DBBA0',1);
INSERT INTO transactions VALUES(5,'69f56e706e73bd62dfcbe113744432bee5f2af57933b720d9dd72fef53ccfbf3',310004,'58c6f6fbf77a64a5e0df123b1258ae6c3e6d4e21901cc942aeb67b1332422c71e1e7e996c5d4f403159ce5ca3863b7ec7ef8281bbbce5960e258492872055fb5',310004000,'mn6q3dS2EnDUx3bmyWc6D4szJNVGtaR7zc','mn6q3dS2EnDUx3bmyWc6D4szJNVGtaR7zc',50000000,10000,X'0000000BAD6082998925F47865B58B6D344C1B1CF0AB059D091F33334CCB92436F37EB8A833AC1C9139ACC7A9AAABBF04BDF3E4AF95A3425762D39D8CC2CC23113861D2A',1);
INSERT INTO transactions VALUES(6,'81972e1b6d68a5b857edf2a874805ca26013c7d5cf6d186a4bbd35699545b52a',310005,'348a1b690661597ee6e950446e7a1deb8bef7906c0e98a78ab4d0fe799fac5f3007dcd648ff0c61da35b19cf99f16f3028e10ba206968475d741fa8a86c4a7ae',310005000,'mn6q3dS2EnDUx3bmyWc6D4szJNVGtaR7zc','',0,10000,X'000000140000000000004767000000003B9ACA000100000000000000000000',1);
INSERT INTO transactions VALUES(7,'d7ab55e6bd9d4c60143d68db9ef75c6d7cb72b5a73f196c356a76b3f3849da83',310006,'9d31b774b633c35635b71669c07880b521880cee9298b6aba44752ec1734cd2aa26b3bed95409d874e68685636a31a038b784d3e085525ab8c26f7e3b7ba3676',310006000,'mn6q3dS2EnDUx3bmyWc6D4szJNVGtaR7zc','',0,10000,X'00000014000000000000476800000000000186A00000000000000000000006666F6F626172',1);
INSERT INTO transactions VALUES(8,'a5e00545ea476f6ce3fad4fcd0a18faceef4bea400d1132f450796c1112295ce',310007,'41007a4ed39e7df941059c3db6b24b74c1913b80e0fd38d0073a5b121880fd0f7e98989d8d70766957919371fdaf4e5b44125f9f7c449c3b6bea298253075fe3',310007000,'mn6q3dS2EnDUx3bmyWc6D4szJNVGtaR7zc','mtQheFaSfWELRB2MyMBaiWjdDm6ux9Ezns',5430,10000,X'00000000000000000000476700000000003D0900',1);
INSERT INTO transactions VALUES(9,'623aa2a13bd21853e263e41767fc7ce91c2e938d5a175400e807102924f4921e',310008,'aa28e5948d1158f318393846b4ef67e53ca4c4b047ed8b06eb861db29914e9f1dfe11a8b73aa2225519843661a61e9038cb347015be916c5a44222ed71b8b604',310008000,'mn6q3dS2EnDUx3bmyWc6D4szJNVGtaR7zc','mtQheFaSfWELRB2MyMBaiWjdDm6ux9Ezns',5430,10000,X'000000000000000000004768000000000000020E',1);
INSERT INTO transactions VALUES(10,'dda46f3ab92292e4ce918567ebc2c83e0a3707d78a07acb86517cf936f78638c',310009,'550d7d84590c6e4e7caed4e722151f7e110dc39bf3f54f719babfe89775095abb2d2454014b4cb01fb1e0a7e91639559ce17e096be5178b5c2ca5b22ad41b33a',310009000,'mn6q3dS2EnDUx3bmyWc6D4szJNVGtaR7zc','',0,10000,X'00000032000000000000025800000000000047670000000000000001',1);
INSERT INTO transactions VALUES(11,'5995ba45f8db07202fb542aaac7bd6b9224091764295034e8cf68d2752824d87',310010,'477c4a3445e32cd0c8ef67c808ac6a6362ebc953c396e2d5c0d7e4f185becd15fa99bd7635358dbb3b5a92e9f03b7fa2dda8d4714e181ec4552b279df3ba81f0',310010000,'mn6q3dS2EnDUx3bmyWc6D4szJNVGtaR7zc','',0,10000,X'00000032000000000000032000000000000047680000000000000001',1);
INSERT INTO transactions VALUES(12,'f9eb323c1032b8b66432591f8dca1568a97cbdb2062ed5b8792c226671945e37',310011,'05f81b5c1b067b647894014cea65558826be42cca20a6cccb8623d80059182b77da00922539c59a0a7b63f6f011ca0f564fada0451e891644728b874c65267b9',310011000,'mn6q3dS2EnDUx3bmyWc6D4szJNVGtaR7zc','',0,10000,X'0000001E52BB33004059000000000000004C4B4009556E69742054657374',1);
INSERT INTO transactions VALUES(13,'5da0ca591e5336da0304bc8f7a201af3465685c492b284495898da35a402e32a',310012,'e9d898aae43fc103110e4935cabf01b6016571b1af82e27af04b57c12302b05eab217f075ac3344b0a422e76b8c762c119cb290c867bb6eed432994ec28af027',310012000,'mn6q3dS2EnDUx3bmyWc6D4szJNVGtaR7zc','mn6q3dS2EnDUx3bmyWc6D4szJNVGtaR7zc',5430,10000,X'00000028000052BB33640000000002FAF08000000000017D7840000000000000000000003B100000000A',1);
INSERT INTO transactions VALUES(14,'edd28543ae87ae56f5bd55437cab05f7f4d8a1709cb12e139dab176eb5f7e74a',310013,'2251b497007459321f72cda82681d07d131dd81cc29137b18c534bbb09271678f4497d0316ffac262f021f901078926dee11c791a3524ad850ee948474abd3b5',310013000,'mn6q3dS2EnDUx3bmyWc6D4szJNVGtaR7zc','mn6q3dS2EnDUx3bmyWc6D4szJNVGtaR7zc',5430,10000,X'00000028000152BB336400000000017D78400000000002793D60000000000000000000003B100000000A',1);
INSERT INTO transactions VALUES(15,'bc42268279947c6dd5a517df41ae838c22c7194c686180700d8087dc3c8ce36c',310014,'f98fb331e66361507190a1cb1df81b814d24517e7f219029c068b649c9b8a75703770369ebafd864d104225d6fe1fbf13705d1a37a819b04fb151ed390d7bcf8',310014000,'mn6q3dS2EnDUx3bmyWc6D4szJNVGtaR7zc','mn6q3dS2EnDUx3bmyWc6D4szJNVGtaR7zc',5430,10000,X'00000028000052BB33640000000008F0D1800000000014DC93800000000000000000000013B00000000A',1);
INSERT INTO transactions VALUES(16,'faca8b02a24a4e8a29164f5d3a4ce443c55c4060c34f7ad3cb42ad862c5a6f67',310015,'7c25469d6b4fed0e8bb9e4325994c4de1737570fece605b4ca388be6921406b64a395dc519b33c0dff4f93930b32737a941bbb850e31f2ebcd2caba520bc2820',310015000,'mn6q3dS2EnDUx3bmyWc6D4szJNVGtaR7zc','mn6q3dS2EnDUx3bmyWc6D4szJNVGtaR7zc',5430,10000,X'00000028000152BB33640000000014DC93800000000008F0D1800000000000000000000013B00000000A',1);
INSERT INTO transactions VALUES(17,'0bedbaab766013a9381fee7cf956cb5a93eda3df67762633c7427706bbd3349d',310016,'9f1c56677b369099f059cc145b98f2e3f8895631cdf0f72b7fe76fd953ab68c202329848dfb53f8146552876eba37f50ed02da34f23447f518449bf0ac0cc29e',310016000,'mn6q3dS2EnDUx3bmyWc6D4szJNVGtaR7zc','mn6q3dS2EnDUx3bmyWc6D4szJNVGtaR7zc',5430,10000,X'00000028000252BB33C8000000002CB417800000000026BE36803FF0000000000000000013B00000000A',1);
INSERT INTO transactions VALUES(18,'864b93f55d4aa6cec4717b264d7cc351d7b0ef169d4d584008be703ade736715',310017,'4c02945de20ccdc874ae21bf56aea2f40a029c17b81fcf602b367bdbc286f9ec0cacab35fc07ac60aefa4a96a586aed20129ad66d45ab87697704d731e06b40d',310017000,'mn6q3dS2EnDUx3bmyWc6D4szJNVGtaR7zc','mn6q3dS2EnDUx3bmyWc6D4szJNVGtaR7zc',5430,10000,X'00000028000352BB33C80000000026BE3680000000002CB417803FF0000000000000000013B00000000A',1);
INSERT INTO transactions VALUES(19,'2cd827a7d27adf046e9735abaad1d376ad7ef1f8fad1a10e44a691f9ddc3957b',310018,'6a26d120314af1710052c8f8f78453f944a146039679c781e04ddbb5a2d010927726fa6f81d3e01fc1fcc3363c06e8e1a81a35636684c4dbcd51edf561a9c0fc',310018000,'mn6q3dS2EnDUx3bmyWc6D4szJNVGtaR7zc','',0,10000,X'0000001E52BB33324058F7256FFC115E004C4B4009556E69742054657374',1);
INSERT INTO transactions VALUES(20,'bd43db240fc7d12dcf355a246c260a7baf2ccd0935ebda51c728b30072e4f420',310019,'592e775a9259b1a5a7b0d7c2e028ff320783e7b49243ed6a20ece89a72964f3af4ed129698c4a143ad682a1493f982c5f8193d3b0e36b3df43964520409beb7a',310019000,'mn6q3dS2EnDUx3bmyWc6D4szJNVGtaR7zc','',0,10000,X'0000001E52BB3365405915F3B645A1CB004C4B4009556E69742054657374',1);
INSERT INTO transactions VALUES(21,'7901472b8045571531191f34980d497f1793c806718b9cfdbbba656b641852d6',310020,'87fac74eef20e6121d9a66c90481f801a10d636976a6a6e7cf42fc38cc104a470e1b4cab3f9670be86c93ec1a407a1b464599121df6c8109ec7247b25c7efc62',310020000,'mn6q3dS2EnDUx3bmyWc6D4szJNVGtaR7zc','',0,10000,X'0000001E52BB33C94000000000000000004C4B4009556E69742054657374',1);
INSERT INTO transactions VALUES(22,'38d5ec6c73a559b1d1409e0506e2bec30b7db9fd6ca385f2b50202ede6cede56',310021,'68a4f307918e2f39fb393e5ad6a7e2fb2e35ab5043402ce37e984de670579682af5c7ef98637478bc0efeb579dc9aaca7f199116b390c452ceedca420909355d',310021000,'mn6q3dS2EnDUx3bmyWc6D4szJNVGtaR7zc','',0,10000,X'0000000A00000000000047670000000002FAF08000000000000000010000000002FAF080000A0000000000000000',1);
INSERT INTO transactions VALUES(23,'6d1a0e0dedda4a78cf11ac7a1c6fd2c32d9fd7c99d97ae7d524f223641646b85',310022,'5052fbeb009f77f5629fb701a2e4a379ef6c5591a87ab4d2315c8b79fc8821301b21f146150b2af542eddd82e8e94bc021dd1a9ef8e837891248ab68f4afa7d0',310022000,'mn6q3dS2EnDUx3bmyWc6D4szJNVGtaR7zc','mvCounterpartyXXXXXXXXXXXXXXW24Hef',100000000,10000,X'',1);
INSERT INTO transactions VALUES(24,'a40605acb5b55718ba35b408883c20eecd845425ec463c0720b57901585820e2',310023,'1aab02bbb1a7450d612af368e571d955812f9a376e9f7f80c8eb8296ec40ebfa964f5c9b5e56d4e0cc2d584b38c3280c2b8b2ac272ac00f4d0bffd5348006b4c',310023000,'mn6q3dS2EnDUx3bmyWc6D4szJNVGtaR7zc','mtQheFaSfWELRB2MyMBaiWjdDm6ux9Ezns',5430,10000,X'0000000000000000000047680000000000002710',1);
INSERT INTO transactions VALUES(25,'635a5afd4efab8ed4c70d2601dc5e7dbe9ea6b8d252e4eec4e642a8e0ba10b3f',310024,'232fc55d72da13e22bb39e10cf9bdc29a634f1c6d13c598f8a1886fc6adde9f0db1ec92afc8f2e7e099ad1d225277067c9beebb14116168bcc961d43cc0a5b88',310024000,'mn6q3dS2EnDUx3bmyWc6D4szJNVGtaR7zc','',0,10000,X'0000005000050000000000A82D5F6A886D74C2D4B1D7A35FD9159333EF64BA45A04D7AEEEB4538F958603C16FC5D00000064',1);
INSERT INTO transactions VALUES(26,'ffffe0e5b05c7bb14d8d95f454e9769cfa03e1663551e2ac0077268a2a3c88f6',310025,'39e5551cc35f579114d5a36f841b8aa487e8277ede3b03bfe73f31b16ffc92d8a9535c485518839f3a1f5789222f234e3ac59e67f949ebb2f86044e72296a4fe',310025000,'mtQheFaSfWELRB2MyMBaiWjdDm6ux9Ezns','',0,10000,X'0000005000050000000000A82D5F6E8BF66CBD6636ACA1802459B730A99548624E48E243B840E0B34A12BEDE17EC00000064',1);
INSERT INTO transactions VALUES(27,'23a326a4d157e03890702a732e871dd68d0c2c62ac976d5b452ab05d0c9bb3ee',310026,'dd6f9e911867c1680a777ed34699914cae82576da2f3fe064cec0f77af56f3af2b9309a9e56195f3a63897446e7cc37ebfa8257aa4758e81fcf70d9b12d77bbe',310026000,'mn6q3dS2EnDUx3bmyWc6D4szJNVGtaR7zc','',0,10000,X'0000005100037A4488D61ED8F2E9FA2874113FCCB8B1635A5AFD4EFAB8ED4C70D2601DC5E7DBE9EA6B8D252E4EEC4E642A8E0BA10B3FFFFFE0E5B05C7BB14D8D95F454E9769CFA03E1663551E2AC0077268A2A3C88F6',1);
INSERT INTO transactions VALUES(28,'0020e8c615105efb7b0b01b7268738863a44b4d3ceffdcb69242625323eb7087',310027,'9adde4402993118c8963435b66b5cd74676459f5aec1f4098ded4e99592879c8072b1603611ccb10fa2f1e7e88e087f812553796839664f2a3ed510c4aed9337',310027000,'mtQheFaSfWELRB2MyMBaiWjdDm6ux9Ezns','',0,10000,X'000000510005FA765E80203CBA24A298E4458F63FF6B635A5AFD4EFAB8ED4C70D2601DC5E7DBE9EA6B8D252E4EEC4E642A8E0BA10B3FFFFFE0E5B05C7BB14D8D95F454E9769CFA03E1663551E2AC0077268A2A3C88F6',1);
INSERT INTO transactions VALUES(29,'6e0ba68befc0c4e73212aceaaee20320373352aecdaf25f99c2c5c6dc9b11681',310028,'158e01a36be6070d70d4f5723fca07d5a49fa057b32c651893df7bf1c5752a41444ddb9499d11fdfdaa7b5a63070f9294a55e1a6a4e751ed154b5330dc10111e',310028000,'mn6q3dS2EnDUx3bmyWc6D4szJNVGtaR7zc','',0,10000,X'0000005000050000000000A82D5F6A886D74C2D4B1D7A35FD9159333EF64BA45A04D7AEEEB4538F958603C16FC5D0000000A',1);
INSERT INTO transactions VALUES(48,'f3716b6e588e7d938eaa8228135bd51870068555b5a4f447e2f0502d46fb6710',310047,'86c6061e10d6032dd6051842afb28b6121ba443e4ace7ebcc213258fbd8aa86136ea03f5c3eafe13e560b9589871011f786bf204cc8ac6a419c263f138ddf72c',310047000,'mn6q3dS2EnDUx3bmyWc6D4szJNVGtaR7zc','',0,10000,X'0000005000050000000000A82D606A886D74C2D4B1D7A35FD9159333EF64BA45A04D7AEEEB4538F958603C16FC5D0000000A',1);
INSERT INTO transactions VALUES(49,'fda32886cc92c292a5aa012a6abbcf20b351873fcb23a01b3eaf7e53cd4de0d6',310048,'41f80924d6d10e6ff29f9926dcc1bc644a30d87657975c22165d4c54f8c30938b9bec93e24e7033bff0ad7e6540bec0ae0c3333c7f54499c7809c450cdf91451',310048000,'mtQheFaSfWELRB2MyMBaiWjdDm6ux9Ezns','',0,10000,X'0000005000050000000000A82D606A886D74C2D4B1D7A35FD9159333EF64BA45A04D7AEEEB4538F958603C16FC5D0000000A',1);
INSERT INTO transactions VALUES(75,'40575c4cf1ee21282459c8c824be1cb2e28df26c6c83b9c85d431fc694f8257d',310074,'a00f647aa4b5d9142500fdc7da95b47c60c0affa3275cab56a875b1e082fa8037b3c32e6a002f92010c2d8bc1abaad10c2373fbd246b59e69af1e97df5c3a3f2',310074000,'mn6q3dS2EnDUx3bmyWc6D4szJNVGtaR7zc','',0,10000,X'0000005000050000000000A82D616A886D74C2D4B1D7A35FD9159333EF64BA45A04D7AEEEB4538F958603C16FC5D0000000A',1);
INSERT INTO transactions VALUES(76,'432f37fd7f18bdeece846f019649fcb632c65acdef437e88d817304d29a8ede4',310075,'53035b827f91f83e75adef2f62607377fcffcd185902cb742a72d751e4d57e0432562fe92b0cc6f7221ecbe53ced6aea685ba2383dd9e2a78fce462778b75010',310075000,'mtQheFaSfWELRB2MyMBaiWjdDm6ux9Ezns','',0,10000,X'0000005000050000000000A82D616A886D74C2D4B1D7A35FD9159333EF64BA45A04D7AEEEB4538F958603C16FC5D0000000A',1);
INSERT INTO transactions VALUES(77,'52af121259e6dea6a9d1423a496e26d0e772130fa707af6bb35bcc28dc152092',310076,'98867155f362ec51c5d01c1ee81fec7c0fd5bf08892df7e78140ca21c443c084876793d528480ef54ea1e185fe435869dd7dd284119b92f4a3f63d05173a6580',310076000,'mn6q3dS2EnDUx3bmyWc6D4szJNVGtaR7zc','',0,10000,X'0000005100037A4488D61ED8F2E9FA2874113FCCB8B140575C4CF1EE21282459C8C824BE1CB2E28DF26C6C83B9C85D431FC694F8257D432F37FD7F18BDEECE846F019649FCB632C65ACDEF437E88D817304D29A8EDE4',1);
-- Triggers and indices on  transactions
CREATE INDEX index_hash_index_idx ON transactions (tx_index, tx_hash, block_index);
CREATE INDEX index_index_idx ON transactions (block_index, tx_index);
CREATE INDEX tx_hash_idx ON transactions (tx_hash);
CREATE INDEX tx_index_idx ON transactions (tx_index);

COMMIT TRANSACTION;
