PRAGMA page_size=4096;
-- PRAGMA encoding='UTF-8';
-- PRAGMA auto_vacuum=FULL;
-- PRAGMA max_page_count=4294967294;

BEGIN TRANSACTION;

-- Table  blocks
DROP TABLE IF EXISTS blocks;
CREATE TABLE blocks(
                      block_index INTEGER UNIQUE,
                      block_hash TEXT UNIQUE,
                      block_time INTEGER,
                      ledger_hash TEXT,
                      txlist_hash TEXT,
                      messages_hash TEXT,
                      previous_block_hash TEXT UNIQUE,
                      difficulty INTEGER,
                      transaction_count INTEGER,
                      PRIMARY KEY (block_index, block_hash));
INSERT INTO blocks VALUES(309999,'8b3bef249cb3b0fa23a4936c1249b6bd41daeadc848c8d2e409ea1cbc10adfe7',309999000,'63f0fef31d02da85fa779e9a0e1b585b1a6a4e59e14564249e288e074e91c223','63f0fef31d02da85fa779e9a0e1b585b1a6a4e59e14564249e288e074e91c223','63f0fef31d02da85fa779e9a0e1b585b1a6a4e59e14564249e288e074e91c223',NULL,NULL,0);
INSERT INTO blocks VALUES(310000,'505d8d82c4ced7daddef7ed0b05ba12ecc664176887b938ef56c6af276f3b30c',310000000,'a16ae7423db132c887ae41cc33b7fa48a0cc6571d5a49e0963be25ec8a9769b4','b8fb4fb649dd315851564165b076d636e5a85e043d59c11877bdccced38f1b3e','72fb35fd107eb57460c13d547f5963136bd2c13d3ded9fc7318f917f7b7bf3e4',NULL,NULL,1);
INSERT INTO blocks VALUES(310001,'3c9f6a9c6cac46a9273bd3db39ad775acd5bc546378ec2fb0587e06e112cc78e',310001000,'0cda5c4a26f0b23d5b948142dcd226b2718c57c9c6a481250128a7a1c8ad30dc','1c009ff73127980e51ba6a7035bec5c2a9650b5a184da1d55c3d807fa658f8e7','aff0be14b9e6ace9e4d6333cf04061ef6447598c02d9b27fac1d939df31aa09c',NULL,NULL,1);
INSERT INTO blocks VALUES(310002,'fbb60f1144e1f7d4dc036a4a158a10ea6dea2ba6283a723342a49b8eb5cc9964',310002000,'657c31576766cf1f8a699a14e6c7493498673f1948bea1be4f639247f4d52d53','c674bb5077acb71ab19a6a4a8f779015846135e7b93a5006555fe1f4ad10c58e','3f32659dd96a8649fd53b83ac36a4fc05acaac73db54738573b8642b7875f787',NULL,NULL,1);
INSERT INTO blocks VALUES(310003,'d50825dcb32bcf6f69994d616eba18de7718d3d859497e80751b2cb67e333e8a',310003000,'e11e7eeb21ff539c27324c94a407dc6f04c739f3ed9841f9f661bf4441e4d847','105a5c9915547d3ebfe733d284d6e812cada8e86a904510fc196e2f0af5b50a4','85ce063a964cd9bc7d1b5803ebd4a0f460cd48e5be820968cd47859025492a45',NULL,NULL,1);
INSERT INTO blocks VALUES(310004,'60cdc0ac0e3121ceaa2c3885f21f5789f49992ffef6e6ff99f7da80e36744615',310004000,'2742a3e99eed62c09d9ecdaf501aa69b0d0b21fc092ca061448d5016957f35e0','369b47f51b512708e680edc5ba459b91e2a514f5a5c7cb8435670a4b3ed34dbe','604c56317946ca59a8278817b3802ec346527d2d286d64e2f354179effbe87b0',NULL,NULL,1);
INSERT INTO blocks VALUES(310005,'8005c2926b7ecc50376642bc661a49108b6dc62636463a5c492b123e2184cd9a',310005000,'49f526a56f21491c797e8e2559f722ded6f6990b1f69c55dc38791d8d30f4048','f0c2ddd7c39b14fc55d8518c65aa0811fe7807ebd1eebb4b66df8459f9e5352b','749e49e4acc486cd87eba638ccc294a0329962e013ca57aceb29129b77bc3993',NULL,NULL,1);
INSERT INTO blocks VALUES(310006,'bdad69d1669eace68b9f246de113161099d4f83322e2acf402c42defef3af2bb',310006000,'78787c4c9537fc4db5d1dc7d31d4fab6b445d57021aab1a38d4bd6a9404713c5','877117b3bd10ddbe6e46f417845085a6bdecd86a4961b99c80e991b4c51e0f5e','7f779bd14bd0deb7c50202818057faf727a74ccbf993931dc8ca673dfac8ea7f',NULL,NULL,1);
INSERT INTO blocks VALUES(310007,'10a642b96d60091d08234d17dfdecf3025eca41e4fc8e3bbe71a91c5a457cb4b',310007000,'5cc2599b63007433426c220c59a777b5c37b1165595f2ba239c3ce578c8055ab','702a5772ce8529995f7a66a244e8be495e3f7cbedb7b09f47e3d5aa941c7f4c1','083350a1e612ceb9ee024f0530bdab689c0988fd500da8a1263718a9efe4d8b0',NULL,NULL,1);
INSERT INTO blocks VALUES(310008,'47d0e3acbdc6916aeae95e987f9cfa16209b3df1e67bb38143b3422b32322c33',310008000,'9550db622e679ff3d63d814f9ffa743d57eb12491b213ef6474617a6c738c3fa','6c536f7ae10567cbd91945e3e958640e6c65408f83e4a1d93e705950ba39de1b','90f92aeda752038ceeafb5e3afa4425b6de389ff4c08e604fc9648e3e9160fbc',NULL,NULL,1);
INSERT INTO blocks VALUES(310009,'4d474992b141620bf3753863db7ee5e8af26cadfbba27725911f44fa657bc1c0',310009000,'08c005dd5bae7f21ca27803d75318ac4b968c6d4dd2c275ef284c03fea43b189','8f8156aca3441754221fbf9cc21b0e7d877a533e00f63950be3f95d0a9305433','1b1d3f54f2c475d8a35dc8b828e3c3a8cc902208ea761dc0295e5d1af21591e8',NULL,NULL,1);
INSERT INTO blocks VALUES(310010,'a58162dff81a32e6a29b075be759dbb9fa9b8b65303e69c78fb4d7b0acc37042',310010000,'07f48634d06e6be1d800e068cd213a648517fe167ed89c355d9db966897ed7b0','c5956a9750e786639ceb4a252a219afef6abb753037888c90ebf17a5c5db079f','31e8cf2226c1bc8ba2250cccc6cbc23465d6d4c403cf23c3f3b6e5fc0796fc42',NULL,NULL,1);
INSERT INTO blocks VALUES(310011,'8042cc2ef293fd73d050f283fbd075c79dd4c49fdcca054dc0714fc3a50dc1bb',310011000,'8d0be0b3731bdd0d611e81b48efa6c706a983990f31bc563d57893f705b73aa7','219d47523246e5c4ffa99ae9c29bdcfdf9f419bff3d21da76fdc91cfe99fc28d','c28d9717c89a8e4bbe25591ab3c388de8b57f4a6feaef22e269259103ca013b1',NULL,NULL,1);
INSERT INTO blocks VALUES(310012,'cdba329019d93a67b31b79d05f76ce1b7791d430ea0d6c1c2168fe78d2f67677',310012000,'e3de05180536ad40eb9007f19ccb819fee0586cb9e7c414dc560e506ae5c09b7','ce6072bd562a52051fc530ec552aa343e4980a1b236f1cb8318c415d3eb2e851','d94e77969e85a92606ff35900b9ddd36b397d552eb695e8c1ccdc0ffc83c627f',NULL,NULL,1);
INSERT INTO blocks VALUES(310013,'0425e5e832e4286757dc0228cd505b8d572081007218abd3a0983a3bcd502a61',310013000,'e521556db091cc726fb38cbebfd10923e37dab652c51dca73a646fe5bd81bb96','1a1e24f2debcd4b5b1e350a71823758d3114335ac831367bc91c9e487b94c65c','8ae2ab31e8d5f968d56f2024cdf1cef64d5efdd277b2d5fa9fe08b81146c1d98',NULL,NULL,1);
INSERT INTO blocks VALUES(310014,'85b28d413ebda2968ed82ae53643677338650151b997ed1e4656158005b9f65f',310014000,'1cd6d92fbbca9266135a35f20a4328d510c8d209ba6161dc8c9e9bfa69032c57','80ee1bd354b8e1aa1c2f57926fbd36c0d9e2dbd3f77d8f2e43d59b29bd8175a6','9118982ff5cca932daa78480e8d4cc7cd06e4a3c55eaeb7f354832250a3fc789',NULL,NULL,1);
INSERT INTO blocks VALUES(310015,'4cf77d688f18f0c68c077db882f62e49f31859dfa6144372457cd73b29223922',310015000,'62759ea6d5070225bd30253a42b6c68fdaf2c4165b1b221b8e7bdddeb26e9737','30a124b4460d985c715c7bbd85cfbe972a5caf457e45844e0a54daa258ca3376','a598d9afaba742a0c0241b89228941987182fe50310b7455f70c46d7658365d9',NULL,NULL,1);
INSERT INTO blocks VALUES(310016,'99dc7d2627efb4e5e618a53b9898b4ca39c70e98fe9bf39f68a6c980f5b64ef9',310016000,'f9fc0dd4d98ac5e06e4f9673cf5678f9fc264cda23172e24427b833331b73c33','cdbbf3665287df62a1660198e00049d06f649f37c49cb76e9fb1eab12960e66c','b38d2bae609d78ab12c784a014b55b14d216775facdf4f728006dd694c277c4b',NULL,NULL,1);
INSERT INTO blocks VALUES(310017,'8a4fedfbf734b91a5c5761a7bcb3908ea57169777a7018148c51ff611970e4a3',310017000,'4a355b8e80a902030f384f58700d05da9a6efaae3f3ce0b1a056dc1250d9ec63','355616d4b8b8408ea7061e787ca35918b6d0417895a2a2ff224d207f0f76e02a','805be91b57a34c1911cb6bd22a2dd26f3e4bbc8fcd8bd0e72f9e29c18710839b',NULL,NULL,1);
INSERT INTO blocks VALUES(310018,'35c06f9e3de39e4e56ceb1d1a22008f52361c50dd0d251c0acbe2e3c2dba8ed3',310018000,'57aee8f9c9b63342ceeea3a3162998e9034a3d624d6d85b19782943ce170cef5','7987b849a43c706d33e421d45e99ca6593c9aa8c69079522888f746a8d4ff748','a76a0d9d962b3b31207909bde0e7424c65fa49c9686798b5ecf8dc66e343f920',NULL,NULL,1);
INSERT INTO blocks VALUES(310019,'114affa0c4f34b1ebf8e2778c9477641f60b5b9e8a69052158041d4c41893294',310019000,'d11f94528a9e0034365e4388ee455f02102d2024c65e1428cdee28b6e5aa7e1c','14d0604fb6986f281715ae660221c79b7bfddf15cbc7da02c722e86b8e264d85','ca5761d430c74eb0574146cdd1000c4161bf1b514253f5f748c7c71145881a0c',NULL,NULL,1);
INSERT INTO blocks VALUES(310020,'d93c79920e4a42164af74ecb5c6b903ff6055cdc007376c74dfa692c8d85ebc9',310020000,'4397f5568bfcf8cc90d1e72b7c61e7cc6905a0d9d3b3890c33e2afb464a25fb9','5483ead85237ef0ceb3486e3c3e6ee1e5080a5dd602f805b811cedf996b8dbaa','b994207a0f9a3e04941c139a2ffafcda6b51242271ea8ffffdd29c26316f8eb4',NULL,NULL,1);
INSERT INTO blocks VALUES(310021,'7c2460bb32c5749c856486393239bf7a0ac789587ac71f32e7237910da8097f2',310021000,'16b7018344f7a97695eb17dc5921c4955b3f8cf4d9e70bd8628041c4033886b9','bd68fe9b7aef054c8a5925dff9ff140cb5c00eb611a8802156196ed486479ad1','81f41da3fc50c21637a8d033715897f16b8e08a4695abf77d809b0381f770d3b',NULL,NULL,1);
INSERT INTO blocks VALUES(310022,'44435f9a99a0aa12a9bfabdc4cb8119f6ea6a6e1350d2d65445fb66a456db5fc',310022000,'c3c26212677f4aed4614b653f1e5da509f962c29502d22c84c1c5522bca0dcf5','109e820ac7d290ecec049098115ba6b467ba90ba624aa24326cc7e103e51b265','7da7c860c27362af03493d68ac5eb58217752c902e6e0e3f125618b975826e3f',NULL,NULL,1);
INSERT INTO blocks VALUES(310023,'d8cf5bec1bbcab8ca4f495352afde3b6572b7e1d61b3976872ebb8e9d30ccb08',310023000,'420b753d9e2a4ae5c00cf65efccb9a657d2daeb19159075d1671a076d8c1ade1','8e03eae75b5f9306a0a8142296412f7271b17f8c751e9e8e1b1cbeca5418f4eb','4a3d4437be7aab0cd9976e81ec513973b6caced38386f2646279137609f5f843',NULL,NULL,1);
INSERT INTO blocks VALUES(310024,'b03042b4e18a222b4c8d1e9e1970d93e6e2a2d41686d227ff8ecf0a839223dc5',310024000,'786e9c043df5025bb8d123322e2dd9cba30cc433ff90a44b7b7036369565835b','6a80f89b076199d165801b34c7d292976e069920f2ae4184e09dad8411735b94','3875fbddb0d5b461dc2917af364c5956340feb0b1c121fc811c5bdd24f02e0a7',NULL,NULL,0);
INSERT INTO blocks VALUES(310025,'a872e560766832cc3b4f7f222228cb6db882ce3c54f6459f62c71d5cd6e90666',310025000,'1a2e0585eb1a7f608b4ca4b1d252f555f87e7f16fff124ed869285ec17643059','a2110149cc4e90d1474c53bdf91e24f8bbb8931548542a6afda94bc343fe3a7f','c646e92e6558861fa4b8d34bf1252e01d2f0d0cdb47d8cf4c1c15fa57c53cf20',NULL,NULL,0);
INSERT INTO blocks VALUES(310026,'6c96350f6f2f05810f19a689de235eff975338587194a36a70dfd0fcd490941a',310026000,'44a1f10e2df25328c38e20c36029bff557c7a93784030ece591406df9c71ebd6','d087d907b7af1ac1171c61f00c756754fc94e0edf0dc265d9eced163a07357c1','1a1e079d1c4a50bf507c324ee6afff94509d277592ad0617be0a4065138f28f7',NULL,NULL,0);
INSERT INTO blocks VALUES(310027,'d7acfac66df393c4482a14c189742c0571b89442eb7f817b34415a560445699e',310027000,'093f82c2b8e108242edc6dad72e5878700b9c33606c359e673bdfe65341db64a','5796b7de2e12cda876546b21e2a64e92b85792c201f39fe404e7fa6c395e78db','7d8eaf11f459a1756b9479195a9a6387de038efaf793f8f9dcca64a2dfc4b905',NULL,NULL,0);
INSERT INTO blocks VALUES(310028,'02409fcf8fa06dafcb7f11e38593181d9c42cc9d5e2ddc304d098f990bd9530b',310028000,'efac93e04f7cd9d3b1c0af3da102c29b50d940b4b5687fb0061b3b6e169290f6','5daed82ccefd923a597451b918ece6172dbc75df5cd53ea0f7e40065e3d0d929','18458f221a050f931f99ba59908ae6b29b63c4d2991622ec2b07616ce31cdf10',NULL,NULL,0);
INSERT INTO blocks VALUES(310029,'3c739fa8b40c118d5547ea356ee8d10ee2898871907643ec02e5db9d00f03cc6',310029000,'1fa464e853787685a588de6dab287456de7a0efdcd76052a41ddaf5e2f85a648','818415429923b4a38cb65dddb4e8b8a17264cea0188e905d4a19db340e98ef82','a86f9e41e51e4325818bdf46842cf9da02498dac7d295294ec4b50670dd8244b',NULL,NULL,0);
INSERT INTO blocks VALUES(310030,'d5071cddedf89765ee0fd58f209c1c7d669ba8ea66200a57587da8b189b9e4f5',310030000,'fee866f1cf6e5f83010b97e0e9d88b54ce43fdf45e89081ba3b2fe07b62434fc','7e3fb0dc1ce885afb71be88ad0ca3b189202535d328ff70bda7cceaede6813bb','d460bfc52822ad21b3aef25a8cb4e8a98aea54b8fdf2ff5d57871135255daa43',NULL,NULL,0);
INSERT INTO blocks VALUES(310031,'0b02b10f41380fff27c543ea8891ecb845bf7a003ac5c87e15932aff3bfcf689',310031000,'11ed526c46610698e7a4f102ae91755a541d668750ec3bc10decd0c1709d1115','e3044e5fc57d122eb707d271ca1f4248358a8f477a6466cedb739e7799351bb8','74fc4d63af726c6dd33743fa5f329b5a1583c9dd391974e69ce6d263a4c4c868',NULL,NULL,0);
INSERT INTO blocks VALUES(310032,'66346be81e6ba04544f2ae643b76c2b7b1383f038fc2636e02e49dc7ec144074',310032000,'7930e5a2c6150df64dfd995801aec68ce11df292e206f08f7ff20eda9ca2d017','cbe01ce5a4da72538e9310180de025f141ea8baf1b6eeede8164cac3488532fe','31e5f561108af6a6429f01fd5bffb880984234b7b1a48fdf842e374e44fa93a1',NULL,NULL,0);
INSERT INTO blocks VALUES(310033,'999c65df9661f73e8c01f1da1afda09ac16788b72834f0ff5ea3d1464afb4707',310033000,'c5834a54b3ad7f9fdbb18a87c8cefe867eff2ba1ae5bff238a3a041431d0afdd','81bceadbd9f9b956ed25021e2e0a9f4217c7424522105f8a0ba41c9f78234fcd','2e77c6570d5df2abcc471cf92d2b142927aecb4b4e33d081bcfc629f12dd3288',NULL,NULL,0);
INSERT INTO blocks VALUES(310034,'f552edd2e0a648230f3668e72ddf0ddfb1e8ac0f4c190f91b89c1a8c2e357208',310034000,'5a4b3f29cb1554ae8f670955df4dde45fdcc57623a50ca7d8f2c78ad79186a7a','0ec430eb4c16f386b5abbd6586133741dfe6c19eb820d388810f3680442d363a','9a46a0f9ed4c9228ac7ed8d460cb02671d188dc3969cb27fd3c160d262f6f854',NULL,NULL,0);
INSERT INTO blocks VALUES(310035,'a13cbb016f3044207a46967a4ba1c87dab411f78c55c1179f2336653c2726ae2',310035000,'b81834ed9e92514fe7d277378be72e1f81043a615a4b67cb67dbcf97e3c3b43e','a883860baff0c6dec150c9d80b8a640401e191312eeebd4e9f21914e7803c46b','23820e9d74e75cf349ef7258275ff0c4898cc841ea3c109a8a67565e8c73b1f2',NULL,NULL,0);
INSERT INTO blocks VALUES(310036,'158648a98f1e1bd1875584ce8449eb15a4e91a99a923bbb24c4210135cef0c76',310036000,'736adff04611f10a4e384b5d5c44651bdf037c0caeb8dda5bedbbc6d18d04ca2','821ad697a76d9a35b14a7c388b65b4f3a86fc66c42e02af6d568f73e2586beec','60f852ce6c002f13ef084dcb011c344140db703beb3fc4d81d739f946bb49ec3',NULL,NULL,0);
INSERT INTO blocks VALUES(310037,'563acfd6d991ce256d5655de2e9429975c8dceeb221e76d5ec6e9e24a2c27c07',310037000,'34d49fb14a7ec85ebd02ffe04768f5aa7382ed0ac7f9ae903e71567dc5d9ab67','c5ff4e50b07b755c23a6d9ca6dd5efe71a2728c4c662418fab814993be455308','1453c8d8dd1997c347d67bee5d694cf5bdb0c7f91f714c68aea076e91276ce80',NULL,NULL,0);
INSERT INTO blocks VALUES(310038,'b44b4cad12431c32df27940e18d51f63897c7472b70950d18454edfd640490b2',310038000,'9bfc3bf0ed35dd256f0df04c813dab9dd818238163e6b01842e18815971e7010','8a2ea429a26990e70f9c8937d11c58c986f991c55f196416344847435c670849','18e2d6ae7a1493d8ce1f6cefd80d982b3aa6d1652a956d205a19d511b68d6719',NULL,NULL,0);
INSERT INTO blocks VALUES(310039,'5fa1ae9c5e8a599247458987b006ad3a57f686df1f7cc240bf119e911b56c347',310039000,'da7a63f22053d1713c805684d14695c31670eaf848bf23eee3331e679744f291','9f186391b30cc438ae59dabfb18dfca8811193a8fe37cada73d513ad688a80f0','d69e54e3606b0e57892f04a814f566be2466d47e70952fdf2c2699685a1c0735',NULL,NULL,0);
INSERT INTO blocks VALUES(310040,'7200ded406675453eadddfbb2d14c2a4526c7dc2b5de14bd48b29243df5e1aa3',310040000,'ddb485115b64342bcb172cc3e77b20effb1294e635459119b59179f3b6a87d66','f73c8b5e92181566aeee4ec42a1e50b950fd18680c69c58fe20b5288a915d7e9','46e0724a5eece257ac1c933b63ddca82c9e60c5f0e80525f3267e5f3da9f5a62',NULL,NULL,0);
INSERT INTO blocks VALUES(310041,'5db592ff9ba5fac1e030cf22d6c13b70d330ba397f415340086ee7357143b359',310041000,'b58d05ae5f282f7904c7a759ae5624194b5cb091f43f05d738cb4002a999c26d','73ee837bac9153dbc94c23879192b6c2fd71a9a6148502e8c4693bd342c4feec','fe62f1918ef195ab1d821f9ee9d9e086657930fb78a7cea2df879d9fdcd32696',NULL,NULL,0);
INSERT INTO blocks VALUES(310042,'826fd4701ef2824e9559b069517cd3cb990aff6a4690830f78fc845ab77fa3e4',310042000,'c18e1989fccd8bc7168ebf2acc035c224a9010b428b81c814683b0ce1e244113','9ef577154ca6e451585e9dcc4c3690d496b8a666856987194c4e41414743945f','7848acdbcba058cc1914ab7082995005b4077732e1e647f62db2383c330ab182',NULL,NULL,0);
INSERT INTO blocks VALUES(310043,'2254a12ada208f1dd57bc17547ecaf3c44720323c47bc7d4b1262477cb7f3c51',310043000,'1a935492fce6a168d9aafd24246bba6f5615f53a47311549059b21adc6a67154','29f3ff5d49a8c6ffbf0ddc41a5e45fd3b777fd7c9ea60a914191fc551ac46ea4','46a0e5a7d7943f359d9b32b7660bfa12d6eced26371fa486b5cbc6f0e3dbc1f8',NULL,NULL,0);
INSERT INTO blocks VALUES(310044,'3346d24118d8af0b3c6bcc42f8b85792e7a2e7036ebf6e4c25f4f6723c78e46b',310044000,'536611cb3cb3005f8c4ffc5b8ed8271734448b5d6f49bd47eb0456bc4ee207e4','6f22c984234616fa84a474dc80c5d5e25ccdbec1a84b0cabb279505e93aa4d6c','0c3d2bcecf3c78d9031042c076bbe89b15ea388595562db679ae0861393a3db2',NULL,NULL,0);
INSERT INTO blocks VALUES(310045,'7bba0ab243839e91ad1a45a762bf074011f8a9883074d68203c6d1b46fffde98',310045000,'ebbeea29c073c61dad3e091302cd945a9926741db0dc6a918792c4c01b8cc30c','a1d1a029c0bcbe481f8ba760714e266ff9e759844517ceef96bbaefb05652dcd','241203cb079a345b9e3ce4a393c72348145fa8b396ce32760d1da13ae524821a',NULL,NULL,0);
INSERT INTO blocks VALUES(310046,'47db6788c38f2d6d712764979e41346b55e78cbb4969e0ef5c4336faf18993a6',310046000,'d9baff8bec82f3c29f1fa69c9ddd456f1867f33a55d1648605ea7109270d8e07','26f6ea6c1e350b91f4757619dd52bb7a2b2bad7277497f0d4e1d61b363eb7a99','35eead56ad2fd6b39a8804160f366be383de286ecaadba6bc065b49058559d24',NULL,NULL,0);
INSERT INTO blocks VALUES(310047,'a9ccabcc2a098a7d25e4ab8bda7c4e66807eefa42e29890dcd88149a10de7075',310047000,'09ad4a6bb3f671e6ac6d595bcbfb82371cc41f35c309142678eb5b7df97a5de5','5e32dc4d14838fdf0460146fd87eeb59ece3416bb7104362d24fd6d2bf0fe963','a7fab6bfd0f3a91bdb8c1b607b6f04db5c2d0670860592513dbc12a511bdb0ea',NULL,NULL,0);
INSERT INTO blocks VALUES(310048,'610bf3935a85b05a98556c55493c6de45bed4d7b3b6c8553a984718765796309',310048000,'208200708851a32b0ffaecade58f78f8ba7d5820457c582d5ca127e16fec0952','c0a8253cff82f71d9a90c7b982e5d5093d5c2bbc2ee2859d9d7d09afbef56192','ad1f32c3d0cc59ae588ec06e08e3e4eb36ad5392ac65773d5399f092afa5fec3',NULL,NULL,0);
INSERT INTO blocks VALUES(310049,'4ad2761923ad49ad2b283b640f1832522a2a5d6964486b21591b71df6b33be3c',310049000,'9d1a7335d989bb73b0363bc88da6dd82c0fbaf064b1d70708b0aa2f6a8a9958b','c07861a54cc9537b7a2486e5a7e6366cd04413fb1307712ec6af55588dd22cfc','eba9c20aaa6176e7922424ceee7aedd1ee738c2315c3ab9c07ec4a3035eed1fc',NULL,NULL,0);
INSERT INTO blocks VALUES(310050,'8cfeb60a14a4cec6e9be13d699694d49007d82a31065a17890383e262071e348',310050000,'2fd9039e49fcbb070315defae275bed858cfbb539bc4db8f2ec5f5ff6d69ea25','0ae948495f47c1ad343052f786467c6236cd6ca23dce0c628503a44ada8f8329','b6ccf04c3a59d3478c20246b08508a3fe38eab546c7ffd01cdf0b751fa25c648',NULL,NULL,0);
INSERT INTO blocks VALUES(310051,'b53c90385dd808306601350920c6af4beb717518493fd23b5c730eea078f33e6',310051000,'2e97864865a020b04ed60b22c347d9dbebce5d00abce86c2b3a5054a3184699b','986536c5e9cec38d9b78bef44e21e73f93a654b9c421c7822dcba475b14f2127','ca89bde94ef63cd7e25cdccd9236658128bcbae0dc465a0dbdd5922458e1626d',NULL,NULL,0);
INSERT INTO blocks VALUES(310052,'0acdacf4e4b6fca756479cb055191b367b1fa433aa558956f5f08fa5b7b394e2',310052000,'f6a8e9f4cde78fbf6c9a5ea176312116f3813f2c0bcaee6c92f3beb13a8c3899','4ffb95c683e1839d31018cc7ec92e978014b8cd32f308c2819ff2e79ff60fa2d','bf9cbefe98d8036711af91398e2d230ad5e7473f93db4812f861ee2dc334af9d',NULL,NULL,0);
INSERT INTO blocks VALUES(310053,'68348f01b6dc49b2cb30fe92ac43e527aa90d859093d3bf7cd695c64d2ef744f',310053000,'1d84e4657febaa291b4873d808d9ab433370227976196fd6436a65839c3575d1','0ed99730b61327cff9ed15d8585f70d7629b2b10150a717093dac4fafcc4e737','e972dbe3f45bc7175fa16d4b0e45c9d3c73844157796af50fa9a78e8d2f4d9ca',NULL,NULL,0);
INSERT INTO blocks VALUES(310054,'a8b5f253df293037e49b998675620d5477445c51d5ec66596e023282bb9cd305',310054000,'083f6b773191caaf1844f47c53077e8724e100d0b46461ddaa642b88d5265c9a','69aa5d1c74c026da7b7cebe352bd6d907a31174cfd6f346e09382b0cf3fb8239','8da3312a3339410bee09d28c04e9bfbe9d110743e7c425870414f868b19b831d',NULL,NULL,0);
INSERT INTO blocks VALUES(310055,'4b069152e2dc82e96ed8a3c3547c162e8c3aceeb2a4ac07972f8321a535b9356',310055000,'b1302087b804fc5753df5a4d8aaf8626e80ff99b429f52fed97767b051c24e8c','e35d2a19e5b60e2534a36d8c1d0c14c6211d56c29b4aa4953a14bf0b83bcc405','0a47f2f6a88d37a793ee82f30866c0a859fdd0e6c3f8a432f220afdeb052be6f',NULL,NULL,0);
INSERT INTO blocks VALUES(310056,'7603eaed418971b745256742f9d2ba70b2c2b2f69f61de6cc70e61ce0336f9d3',310056000,'956c9ca0b51eaba7343703a165eb96d5947fc764457ef3dde5ca90c18d3b2f3d','165a88d3d459ce6f4f37cc2ddb1c365dd01542b102dc68181d41b95ebde044dd','5f418d9847cba07f253a0b2f6466491ecf6d853d1f61146c566224707ccaab89',NULL,NULL,0);
INSERT INTO blocks VALUES(310057,'4a5fdc84f2d66ecb6ee3e3646aad20751ce8694e64e348d3c8aab09d33a3e411',310057000,'e86cae3e73aa13e8498a98de335ed0cbdb7899b24e91839bbf0f50aa22355ecb','37394f57952a82ab5fb6ceb7323152d83f3c911a533e289c55b531fc83269268','e1fbf90f8315c4ef1f6c1441a8118932afd55743635378c5da5d0169c4e3d420',NULL,NULL,0);
INSERT INTO blocks VALUES(310058,'a6eef3089896f0cae0bfe9423392e45c48f4efe4310b14d8cfbdb1fea613635f',310058000,'54bd5e4fc1bc17df27f9e6f22b5e1facd82229a877e09ec0136f878f2da81344','ebd7b1c7c24aa51a0622e244d1b486d4bde8b1019d86e1d8845b6e90847ad09b','29f3807fa77ba959e0cdcf584d1bf883c2ddd9416169bd2f3228082528d1581c',NULL,NULL,0);
INSERT INTO blocks VALUES(310059,'ab505de874c43f97c90be1c26a769e6c5cb140405c993b4a6cc7afc795f156a9',310059000,'1403832427d4c482b0d2d925e08a72fe37f5aaa6af73e74f601f7e22fdad7662','cb71b795988456a345fd21a3c729005ab802707d54311480012920f07db40bc9','299f7ded15b2e239100eaebd1d18172d6a174f116942bf01dace2f92ba118d77',NULL,NULL,0);
INSERT INTO blocks VALUES(310060,'974ad5fbef621e0a38eab811608dc9afaf10c8ecc85fed913075ba1a145e889b',310060000,'7b08f124a953d0e5511b0698d3314f5ec71ebba77b94c4d236ff9738d5a587e8','cf47be21938b5a55ffb8eba6a9f63eb61b89e679b279d75080571832bf08c0e0','daaf2c94521d240ad719d3bff3d760470eabd8d2d723dd5be9f33a042b070e71',NULL,NULL,0);
INSERT INTO blocks VALUES(310061,'35d267d21ad386e7b7632292af1c422b0310dde7ca49a82f9577525a29c138cf',310061000,'1de158dfd18413618b9800236a2aa265d2fab497b09a839be408da8871b0960a','a9c1a3c24a410649e701fc0b321b2030b6fc35de7a2538a10e75b482cbe96b3f','233800e1d285feca8df21681a31ac4dcb2a15ddbb4568ea80935d16e9079159f',NULL,NULL,0);
INSERT INTO blocks VALUES(310062,'b31a0054145319ef9de8c1cb19df5bcf4dc8a1ece20053aa494e5d3a00a2852f',310062000,'aa4be540bad6cd762a02b77856c3d6a737d90245e71f61b63a426573bffb3a4a','93d0499dcc4fc819927eed8d1eec8b094eb5a4323b70d2cec33d568e31737ce4','303c639e1a67ceb427f4f5b1e7372d8e9bac3a933fd34b6784a6e7b6a7f81bee',NULL,NULL,0);
INSERT INTO blocks VALUES(310063,'0cbcbcd5b7f2dc288e3a34eab3d4212463a5a56e886804fb4f9f1cf929eadebe',310063000,'49edce8190c2480fe3c6b3df7c7c5f13d34f67c3aef3b2aa12eaea603153aa83','a76d957ffb41dbfd83b8c92ad487582586cdf13ca49dc1dfc30e869afc8ca76b','38fa5c7d385f96b914c99910a805df2ac0b1a85e87b36d247d9b278e88ed03d3',NULL,NULL,0);
INSERT INTO blocks VALUES(310064,'e2db8065a195e85cde9ddb868a17d39893a60fb2b1255aa5f0c88729de7cbf30',310064000,'a2a8c9946cf45490858deb15c8f277ec545854dfc02dc9d248a684c0c3544d6e','0270a3faca0bc1a674fbd3632a1edbe8363d5115db8af56f135493f09a63df30','90bf81ef13cf66762069a4b37f9fef3ecf5db6b22e2e450e43a98525e3c68cda',NULL,NULL,0);
INSERT INTO blocks VALUES(310065,'8a7bc7a77c831ac4fd11b8a9d22d1b6a0661b07cef05c2e600c7fb683b861d2a',310065000,'ca1e5d385fd9cec1184d28095a6f4a2ec2914d40cc016309fe322dbb335cf2c3','85484b37f06238496ca822d539fe09e0e2906d12cf5b6d77c6219af29ec7410a','e63154a16b9529068db5563873175a28e2be68e6324a3c5f53e3409fa09ce9f2',NULL,NULL,0);
INSERT INTO blocks VALUES(310066,'b6959be51eb084747d301f7ccaf9e75f2292c9404633b1532e3692659939430d',310066000,'73519f53874cc8cbe9052bf8dd18c590e0a4bd5bdc2a286c4930e8cfd006a993','9c360f75cdc0788ebf8a530fa967e8eaefc3876b19739dfef2f7307e1af414f2','f9e3fdab6aa6c8e46c1098d888dddadef4de7aaa60498663a41ebb7e784b9081',NULL,NULL,0);
INSERT INTO blocks VALUES(310067,'8b08eae98d7193c9c01863fac6effb9162bda010daeacf9e0347112f233b8577',310067000,'5de09a95e36480de84f9d3c8db3e18b7bf5145f8b6ee6bde57b5c3de11274cbd','b4a32df829f1f913a9077d0ecd83362230bf893ffd654703538c5fc1c30a181e','ff9595969afc70c0f9d4e1597c21f1fc1c1f1420a77cccdd219a5a4dbac98004',NULL,NULL,0);
INSERT INTO blocks VALUES(310068,'9280e7297ef6313341bc81787a36acfc9af58f83a415afff5e3154f126cf52b5',310068000,'be6a452931358d500eda0fd2aa3a91b86483fa847a7bf350f23d33d85712592e','fc4f551737950e1293a8718899c3b74c2ce76d8d1f58d6e22d10976ffd15eb24','776280c30e75c9bf4a079bc1ea8b414aec9853523e5ae0dcacdbd143d17c83da',NULL,NULL,0);
INSERT INTO blocks VALUES(310069,'486351f0655bf594ffaab1980cff17353b640b63e9c27239109addece189a6f7',310069000,'5940a47dfa1a1c8bc1e51f1e64100cd0604c74197c88b39f6f7a9d5b763a0b56','53ce1fdeb3b9e39930ad127bc86bc71e7b497f24cc34af2a022200db36ebfa36','e9cca29e3af7ca14e1b6c490a936b2a1860f1bb35ade9ac7e0b82b8b60824bd7',NULL,NULL,0);
INSERT INTO blocks VALUES(310070,'8739e99f4dee8bebf1332f37f49a125348b40b93b74fe35579dd52bfba4fa7e5',310070000,'6aebe68545207e7cc81d68c3aca801f0b39e276ac86e8e0130d5029eefb60e2e','0d482039b615aa55b721fef8ddaffcc2942838dbda8784940e9fdd8dba8b1465','1db612a3dcb2efd35ea46984d7b30d5a8b7027c06ce13d2a9c40d92c416e4126',NULL,NULL,0);
INSERT INTO blocks VALUES(310071,'7a099aa1bba0ead577f1e44f35263a1f115ed6a868c98d4dd71609072ae7f80b',310071000,'d005aff752907b93e2dfe442896c8976203f0139fb67cda3ea1936aea495e008','8be094b2e99ec5c85a594d4a4059b7427ffbee3671190b84161fbf2fadb6f313','4b1c270f953570afa1ca44e011c5b4a661e12f80b6fad2dc81b8070d48fbf7e0',NULL,NULL,0);
INSERT INTO blocks VALUES(310072,'7b17ecedc07552551b8129e068ae67cb176ca766ea3f6df74b597a94e3a7fc8a',310072000,'781f0ebe67964c25640f0bf5624e08cda546dbbb6648bd6e8d9f280c7f075f7c','9c5e049c1738beda53ffdffe18492b0af038a756278f2bdeaddaa1a726681ce5','8e6b3043e723d8caa4b175c4719c79f294eeecf0a278af797db023c522bc343d',NULL,NULL,0);
INSERT INTO blocks VALUES(310073,'ee0fe3cc9b3a48a2746b6090b63b442b97ea6055d48edcf4b2288396764c6943',310073000,'83b5e1ca76fda895b144e8c03cda5fc3d18f6324b5413fd74923e51a94ccc53a','a7199dd9b360cc694f85a81ccf72fd614e6c0400d753132cb517ca9da55df86a','6d9ffbfa9e32c254f7e8990d3debbbfc799f1e137b5a16012154d4f89cdbba8e',NULL,NULL,0);
INSERT INTO blocks VALUES(310074,'ceab38dfde01f711a187601731ad575d67cfe0b7dbc61dcd4f15baaef72089fb',310074000,'4293be396327c0aa3c56c77a9152068cc32612692c76ba94e8961c59a9ad780f','833f9d3ae03e5819eec47318d948999dfbe35fcbe66766f985b6ca71eccae54a','3630acb78850c4103cc254f3630f344ac7981eb7e19c5d0b9a071e20b49e9a4b',NULL,NULL,0);
INSERT INTO blocks VALUES(310075,'ef547198c6e36d829f117cfd7077ccde45158e3c545152225fa24dba7a26847b',310075000,'d08b93b609f1766534cb0c30502350b9e4ccc4a885ebff7633e9e5c5b52d8e90','7db8bbcaa76b087fbcdbd8f5b428b3587c494f0cd7d458a2d519abb0ef26f424','adfb3c31cb833c5d3884ec327f44c0f43a32daac06d8adc59652c37c872aefbd',NULL,NULL,0);
INSERT INTO blocks VALUES(310076,'3b0499c2e8e8f0252c7288d4ecf66efc426ca37aad3524424d14c8bc6f8b0d92',310076000,'06c72d219df429f2873af74b6250f3d12996cce14496d151bf8bd4cf819532e4','8f6a902dd8d5d573658f07e8ac598ccc46ed49bff95b2a9ed89a051c852215a5','9ff3c8e8bb4ac6c34c2188a75ffa1b3758c51a08344d1c7498bebec5a009f2c0',NULL,NULL,0);
INSERT INTO blocks VALUES(310077,'d2adeefa9024ab3ff2822bc36acf19b6c647cea118cf15b86c6bc00c3322e7dd',310077000,'0ff019cc4b9b8a394aad1b9f8f579fd5c4cc48a846e4fe71ab2f45226cec5a1e','e1ab0a4cbd4e60c5b1da333c5ef542bbc1d8bbd7709fdb35374c072a1f54d38c','57a35b170c14264b15aca0438b50c74830470ebdc06853ab6085ab9a36bb40fa',NULL,NULL,0);
INSERT INTO blocks VALUES(310078,'f6c17115ef0efe489c562bcda4615892b4d4b39db0c9791fe193d4922bd82cd6',310078000,'6ea40a02464725d0ba45b9969bdbb7529ae5e3ca794ae00abf4783bfc9667104','be6f6965b6ba8aae157eb48f28bce3fa91c3bbc22b88fc3ee8d4f126c1538032','286b1791957c276660829002a39c1525c2794854f4e8b75d1e606cdb73ade989',NULL,NULL,0);
INSERT INTO blocks VALUES(310079,'f2fbd2074d804e631db44cb0fb2e1db3fdc367e439c21ffc40d73104c4d7069c',310079000,'076abf036bd51c47525fe4e638dbad403a8a1667a5b7c2f81ffc2a70e79b80a8','eb97110f496f9813e14f127af2cdcdb26d54e9745e274fe227fb0646cc132c29','325146b8fe1d76ee352dd373056634a272c8a9ca5a0b39944ae0d1b4b8f6dc2f',NULL,NULL,0);
INSERT INTO blocks VALUES(310080,'42943b914d9c367000a78b78a544cc4b84b1df838aadde33fe730964a89a3a6c',310080000,'8cc2e62f7b3ae2c89977ee9e31acacff38f944d00a978e9b0e48678487cdbe27','93c6c5967f4d297df962f2853f2a2ba3870f5692c8835413c08528cf243985dc','dd1ea553ffeeb22f90e083e41b8bbf291668d190edaca915287a909b4b70b2dd',NULL,NULL,0);
INSERT INTO blocks VALUES(310081,'6554f9d307976249e7b7e260e08046b3b55d318f8b6af627fed5be3063f123c4',310081000,'ec86fa6786b598b091121fc2001650bc04668d26d88805efff7271312c76a373','e6cf70178316b3c594c60d10ac1ee3783f1dafe5054ce4c6fb932bf3c771f703','dff59d03c7677370b159f27007ebfc03b765fc71c193d4ed561af93ea4478fd2',NULL,NULL,0);
INSERT INTO blocks VALUES(310082,'4f1ef91b1dcd575f8ac2e66a67715500cbca154bd6f3b8148bb7015a6aa6c644',310082000,'6b720db96b2d10816e5022ab8c61fafba49cc6bf484909fb500295451e61f768','254cf1d1ac865c611a3d9fbd78001152928a52ad94fd640c526e043ce7c0fdb3','7e5975f836793c645391005e71ffbd5a0662474d46fc69d73dc8f202d517ad66',NULL,NULL,0);
INSERT INTO blocks VALUES(310083,'9b1f6fd6ff9b0dc4e37603cfb0625f49067c775b99e12492afd85392d3c8d850',310083000,'d8c6fabb9b9dff0f1f3ba35e75c08be55dc4ded8dcf54e51f0cd857625b87dc8','a34f7e98c65b95becae5908e74cfedcb846366a83605f9d8685e98ac629d1278','e22ab4ce4d2f64a91b6eb6f83f2632b2643096390f414fd9e3ca570e98798f82',NULL,NULL,0);
INSERT INTO blocks VALUES(310084,'1e0972523e80306441b9f4157f171716199f1428db2e818a7f7817ccdc8859e3',310084000,'eba03194b13ca764dbfbb86f86d16841df4486f12c26a214f7f1020468b52d27','e5a15333b0539a58bcf306d993b0be078d8dfd3cf3f5929a690da5ac534eff5e','1db3bb75bb876bb20fe15ba65b69efeb0d8fa4c586ed51056119c32620d86389',NULL,NULL,0);
INSERT INTO blocks VALUES(310085,'c5b6e9581831e3bc5848cd7630c499bca26d9ece5156d36579bdb72d54817e34',310085000,'d7fa8085722edc91ea5cb907e439649533e32ad5429b52bc10463629719af5ab','bfedffe97e2bf812728130721dec204767d92ab05bfcf2c4596b5386fc6ea380','fd93bc1519aaf8bef167823a0c5ac5e428c2e816f6cb1280f7596ad3fabadf37',NULL,NULL,0);
INSERT INTO blocks VALUES(310086,'080c1dc55a4ecf4824cf9840602498cfc35b5f84099f50b71b45cb63834c7a78',310086000,'e84e0b26a5a67af1bca0cdadadea17b52b79f160d8acc0281289de1c70bef248','2b4c3ff824d597cc1376a524f89bac6deef025a71395e848b51e9c06002d7f12','c136d15daca7c752f806348541ac7e4f269ea9718f18b8348d874c5691ad369e',NULL,NULL,0);
INSERT INTO blocks VALUES(310087,'4ec8cb1c38b22904e8087a034a6406b896eff4dd28e7620601c6bddf82e2738c',310087000,'ac3522ba0e8278bac956b5f9d7af271424f8e4eff23d57d2a5ff88416dd02ff4','2b3b181734d815e3cd024f6fd91b11de8cd457bdc5f833520af281a6c42ab391','78c85d3681fbc854a31362efe38aa1562b92a1e540f9559243fec085fa82f4db',NULL,NULL,0);
INSERT INTO blocks VALUES(310088,'e945c815c433cbddd0bf8e66c5c23b51072483492acda98f5c2c201020a8c5b3',310088000,'86255a3e32e6c7a96d0f0a6e7815d61d9a970272f1df38bb0c29ee9f2051f2e4','9092b97fab9af004edd169f26446c6712e5e1ed1d5f94fc5ac0b49565fa65b4b','ae66bc91a6281e16b541b63a9759e189859d387998053b2fb7d877d7808a45b3',NULL,NULL,0);
INSERT INTO blocks VALUES(310089,'0382437f895ef3e7e38bf025fd4f606fd44d4bbd6aea71dbdc4ed11a7cd46f33',310089000,'9694fd19263381693133a47584432de876ef1e0a32060d52c8db96811ff7d09e','06ae398816ea8ca96fa424903182c7df9ce93c5d1bdbc2ead089ee71acb90531','98e7b7f8dcba614cc515cb14070608d7722d71ab65917eaee03537be6656cdc9',NULL,NULL,0);
INSERT INTO blocks VALUES(310090,'b756db71dc037b5a4582de354a3347371267d31ebda453e152f0a13bb2fae969',310090000,'3cb1b469cc6627cbed3f0db1a00370d5c95edf9940f8a4c9406fc78076640d90','2c688b2021aa321432ae1bd5a60a9f65cdb6d3720512ca2c304bd2773e7647d9','7e0a4d2a8d03b912a7b6a69ec942697f35c4a902d5a90d98b00dfc81f80f3929',NULL,NULL,0);
INSERT INTO blocks VALUES(310091,'734a9aa485f36399d5efb74f3b9c47f8b5f6fd68c9967f134b14cfe7e2d7583c',310091000,'cac7cc49c1d632aef2e9bcb3456f60df2ff11110c4e9980989ce0f2d8a5835e1','2a7ce0455e84f973c078752f1c0ea93ffdbe993f239baeb7ed947e749c119dfb','8724ee7164adeb5fd73580e4068aa8c3a58b8a9dd87cd6f06e6b43d260d8fa94',NULL,NULL,0);
INSERT INTO blocks VALUES(310092,'56386beb65f9228740d4ad43a1c575645f6daf59e0dd9f22551c59215b5e8c3d',310092000,'1614a317b1144c7f08fb2785bf468bb299b9f19450331b7fdfebd510fa07e574','270190f8eea6e059acfe66f7369986d3748f707f3ad0eaa2e396a190cc047a6f','3ffdcb4dae2986c2b06c8c5f803f596f71b29b2bde607bbf0a0070d7ab9077bf',NULL,NULL,0);
INSERT INTO blocks VALUES(310093,'a74a2425f2f4be24bb5f715173e6756649e1cbf1b064aeb1ef60e0b94b418ddc',310093000,'631d42f4b3fb091a4c67f737bc2da60b8bf9820d27c758f5b9453b40813c5bc5','35ca62f9b66717328f41e23c80e72395f4ece758ce3ca9aabe1d1edd87d06016','d4b6d6bfa0a5d5aa2c94dee51d2f3e00d2b46ff2ef6aff955e4368292be6b9fc',NULL,NULL,0);
INSERT INTO blocks VALUES(310094,'2a8f976f20c4e89ff01071915ac96ee35192d54df3a246bf61fd4a0cccfb5b23',310094000,'2b3f460da72fc0a9b3a720abca80bff0c44654287de69567c43c62a5557144bf','37d35cf95c6f102413739a672d5dc1c3b0760068de256676b336c631bdc94447','24c9721c614cd67c66a213d89f649faffb45d1894ae215b6fb5dc4e394f16d49',NULL,NULL,0);
INSERT INTO blocks VALUES(310095,'bed0fa40c9981223fb40b3be8124ca619edc9dd34d0c907369477ea92e5d2cd2',310095000,'db62bf94ddb276cf55ddfe73f8023e760788647910807adff6e0672ce1d5e23d','2eec38760b106cf52b3bf0fa51198348cb611ae9bb75edd8e4a343e7fef1e042','d7c2b9438c78bcd0a1878bc77bd15aef059638f738346c722351800cea4c6a95',NULL,NULL,0);
INSERT INTO blocks VALUES(310096,'306aeec3db435fabffdf88c2f26ee83caa4c2426375a33daa2be041dbd27ea2f',310096000,'1c427808f1eb1972df57b51eea9f3405d3d63a1d58c5a3faba616d7160e3a264','be57a1f4088437c89e3bdd7c9456b8ac9dc6011d15ada8d5432ab662f80e9a52','e1dacabf42aa1284800954d0e5ef80bf752201bca4fa6dbeda0e760b5a43eeb7',NULL,NULL,0);
INSERT INTO blocks VALUES(310097,'13e8e16e67c7cdcc80d477491e554b43744f90e8e1a9728439a11fab42cefadf',310097000,'cd28b5ac0f80f8815467663c1e90b15ffe46ce067a1b2ce004b0d371cb0ceb16','cf5fed759ba01d430d2e97ed6d52503a67c35688f02ad6742e87f1da1b468ae0','2380c33a2f1505873c11e2bd19d6d69ce05947d61813add876552b804483064d',NULL,NULL,0);
INSERT INTO blocks VALUES(310098,'ca5bca4b5ec4fa6183e05176abe921cff884c4e20910fab55b603cef48dc3bca',310098000,'69adfbe756c116e395fb3a5170b57210ac2721b07144b3d7a35c4327f28e28c9','528e0ea934cb95d328ad13fb3a3a47a1d89824ee44abbb2cc271d707bb6d62d1','db5297f1b977a9677234336767d83987834b0a6eff7481ab59f94f836d53e5a0',NULL,NULL,0);
INSERT INTO blocks VALUES(310099,'3c4c2279cd7de0add5ec469648a845875495a7d54ebfb5b012dcc5a197b7992a',310099000,'d50cb66a25a410db360cdf749b5d10932410b5e37c3e5d3d834a65b5671dcca6','f0e0e40238d13f69c9c40cad5b8be218cb09af9bc061e728b56d74a42182788b','5440c40e6771860e1638ec238443f71a0093326e6f3a862dffa48ed313358c0d',NULL,NULL,0);
INSERT INTO blocks VALUES(310100,'96925c05b3c7c80c716f5bef68d161c71d044252c766ca0e3f17f255764242cb',310100000,'384f8d2eda5f1b7b8273ef149ac37fcaa9ae51865fd57bd348339579b8a078eb','19ac618404aade5a0914a9a9c159ea229384be303a320b08b9915474beccf1df','b8c9965205f0ec0b0a87d464a954aff9968ed4081e9e50d1d114ba4e59136c66',NULL,NULL,0);
INSERT INTO blocks VALUES(310101,'369472409995ca1a2ebecbad6bf9dab38c378ab1e67e1bdf13d4ce1346731cd6',310101000,'5eff25450225c71f85f34466d6e359001eed8f05ea5042e7d65c30ccfeb6098f','7d02630f0fbe3e5c3b16766f1d04dd1a83c305f74f0546276d970b36e870ba8e','d24fff0775cb91f11dcec0b0c01c8723c4e965a05ba75b6c4f66a5750089604c',NULL,NULL,0);
-- Triggers and indices on  blocks
CREATE INDEX blocks_block_index_block_hash_idx ON blocks (block_index, block_hash)
        ;
CREATE INDEX blocks_block_index_idx ON blocks (block_index)
        ;

COMMIT TRANSACTION;
PRAGMA page_size=4096;
-- PRAGMA encoding='UTF-8';
-- PRAGMA auto_vacuum=FULL;
-- PRAGMA max_page_count=4294967294;

BEGIN TRANSACTION;

-- Table  transactions
DROP TABLE IF EXISTS transactions;
CREATE TABLE transactions(
                      tx_index INTEGER UNIQUE,
                      tx_hash TEXT UNIQUE,
                      block_index INTEGER,
                      block_hash TEXT,
                      block_time INTEGER,
                      source TEXT,
                      destination TEXT,
                      btc_amount INTEGER,
                      fee INTEGER,
                      data BLOB,
                      supported BOOL DEFAULT 1,
                      FOREIGN KEY (block_index, block_hash) REFERENCES blocks(block_index, block_hash),
                      PRIMARY KEY (tx_index, tx_hash, block_index));
INSERT INTO transactions VALUES(1,'5fde1c728d8d00aaa1b5f8dae963ceb4fd30c415eb0b8a982ba2d8d676fec0bb',310000,'505d8d82c4ced7daddef7ed0b05ba12ecc664176887b938ef56c6af276f3b30c',310000000,'2_mn6q3dS2EnDUx3bmyWc6D4szJNVGtaR7zc_mtQheFaSfWELRB2MyMBaiWjdDm6ux9Ezns_2','mvCounterpartyXXXXXXXXXXXXXXW24Hef',62000000,5625,X'',1);
INSERT INTO transactions VALUES(2,'eacd03b732d28924807d4f0cb1c1aa5720a78bf44d23660fb1658a5fd1b4e9a3',310001,'3c9f6a9c6cac46a9273bd3db39ad775acd5bc546378ec2fb0587e06e112cc78e',310001000,'2_mn6q3dS2EnDUx3bmyWc6D4szJNVGtaR7zc_mtQheFaSfWELRB2MyMBaiWjdDm6ux9Ezns_2','2_mnfAHmddVibnZNSkh8DvKaQoiEfNsxjXzH_mtQheFaSfWELRB2MyMBaiWjdDm6ux9Ezns_2',1000,7650,X'0000000000000000000000010000000002FAF080',1);
INSERT INTO transactions VALUES(3,'025ca2c1784ca3c9389b9f227a5a04445908337e21e2ef9411c890e20aff61c0',310002,'fbb60f1144e1f7d4dc036a4a158a10ea6dea2ba6283a723342a49b8eb5cc9964',310002000,'2_mn6q3dS2EnDUx3bmyWc6D4szJNVGtaR7zc_mtQheFaSfWELRB2MyMBaiWjdDm6ux9Ezns_2','',0,1000000,X'0000000A00000000000000000000000002FAF08000000000000000010000000005F5E100000A0000000000000000',1);
INSERT INTO transactions VALUES(4,'c6881f7505bd7fe0742c2ce50490e21431705bf2df4368be43f423fa0c515aee',310003,'d50825dcb32bcf6f69994d616eba18de7718d3d859497e80751b2cb67e333e8a',310003000,'2_mn6q3dS2EnDUx3bmyWc6D4szJNVGtaR7zc_mtQheFaSfWELRB2MyMBaiWjdDm6ux9Ezns_2','',0,6800,X'0000000A00000000000000010000000006422C4000000000000000000000000002FAF080000A00000000000DBBA0',1);
INSERT INTO transactions VALUES(5,'b0bf5693ba52a5c6bda34671ba065606bd02277f281e9aa19d25778e26c2f7e2',310004,'60cdc0ac0e3121ceaa2c3885f21f5789f49992ffef6e6ff99f7da80e36744615',310004000,'2_mn6q3dS2EnDUx3bmyWc6D4szJNVGtaR7zc_mtQheFaSfWELRB2MyMBaiWjdDm6ux9Ezns_2','2_mn6q3dS2EnDUx3bmyWc6D4szJNVGtaR7zc_mtQheFaSfWELRB2MyMBaiWjdDm6ux9Ezns_2',50000000,9675,X'0000000B025CA2C1784CA3C9389B9F227A5A04445908337E21E2EF9411C890E20AFF61C0C6881F7505BD7FE0742C2CE50490E21431705BF2DF4368BE43F423FA0C515AEE',1);
INSERT INTO transactions VALUES(6,'93599860b4a4a3b672a79c064812eb18d2e1b532613e08bd3ae1ee2a9979eae2',310005,'8005c2926b7ecc50376642bc661a49108b6dc62636463a5c492b123e2184cd9a',310005000,'2_mn6q3dS2EnDUx3bmyWc6D4szJNVGtaR7zc_mtQheFaSfWELRB2MyMBaiWjdDm6ux9Ezns_2','',0,6800,X'000000140000000000004767000000003B9ACA000100000000000000000000',1);
INSERT INTO transactions VALUES(7,'3318c4b8b244fbc64f6894d28f7a1866db5671f04d2e4f5911d0fd688f804404',310006,'bdad69d1669eace68b9f246de113161099d4f83322e2acf402c42defef3af2bb',310006000,'2_mn6q3dS2EnDUx3bmyWc6D4szJNVGtaR7zc_mtQheFaSfWELRB2MyMBaiWjdDm6ux9Ezns_2','',0,6800,X'00000014000000000000476800000000000186A00000000000000000000006666F6F626172',1);
INSERT INTO transactions VALUES(8,'e43d2ab22a3a5fe1de032bdf042381fc1d6fc34794abc51a1b3db46ccf8cbdbe',310007,'10a642b96d60091d08234d17dfdecf3025eca41e4fc8e3bbe71a91c5a457cb4b',310007000,'2_mn6q3dS2EnDUx3bmyWc6D4szJNVGtaR7zc_mtQheFaSfWELRB2MyMBaiWjdDm6ux9Ezns_2','2_mnfAHmddVibnZNSkh8DvKaQoiEfNsxjXzH_mtQheFaSfWELRB2MyMBaiWjdDm6ux9Ezns_2',1000,7650,X'00000000000000000000476700000000003D0900',1);
INSERT INTO transactions VALUES(9,'7b48b32b5373757d0bfa50358184117ca01b5ad564ca4338ecb021ae726a19c9',310008,'47d0e3acbdc6916aeae95e987f9cfa16209b3df1e67bb38143b3422b32322c33',310008000,'2_mn6q3dS2EnDUx3bmyWc6D4szJNVGtaR7zc_mtQheFaSfWELRB2MyMBaiWjdDm6ux9Ezns_2','2_mnfAHmddVibnZNSkh8DvKaQoiEfNsxjXzH_mtQheFaSfWELRB2MyMBaiWjdDm6ux9Ezns_2',1000,7650,X'000000000000000000004768000000000000020E',1);
INSERT INTO transactions VALUES(10,'cbc73bb03bae7cbaa0e88c9c16cb78fa6f315b9a6383f0f7efb63d0fdd831a81',310009,'4d474992b141620bf3753863db7ee5e8af26cadfbba27725911f44fa657bc1c0',310009000,'2_mn6q3dS2EnDUx3bmyWc6D4szJNVGtaR7zc_mtQheFaSfWELRB2MyMBaiWjdDm6ux9Ezns_2','',0,6800,X'00000032000000000000025800000000000047670000000000000001',1);
INSERT INTO transactions VALUES(11,'c59e9803933740537b59928d19d2b65812e6f2b8d1ac811d9262353a19327b97',310010,'a58162dff81a32e6a29b075be759dbb9fa9b8b65303e69c78fb4d7b0acc37042',310010000,'2_mn6q3dS2EnDUx3bmyWc6D4szJNVGtaR7zc_mtQheFaSfWELRB2MyMBaiWjdDm6ux9Ezns_2','',0,6800,X'00000032000000000000032000000000000047680000000000000001',1);
INSERT INTO transactions VALUES(12,'0a15cc28e58f28a690051e66e6c50ecb68826077d59b75d05590a1db453d9d61',310011,'8042cc2ef293fd73d050f283fbd075c79dd4c49fdcca054dc0714fc3a50dc1bb',310011000,'2_mn6q3dS2EnDUx3bmyWc6D4szJNVGtaR7zc_mtQheFaSfWELRB2MyMBaiWjdDm6ux9Ezns_2','',0,6800,X'0000001E52BB3300405900000000000005F5E0FF09556E69742054657374',1);
INSERT INTO transactions VALUES(13,'c36b65e3d4c105739d5c8cef470c0878d2e8da138416e09cb499edcec343c0b8',310012,'cdba329019d93a67b31b79d05f76ce1b7791d430ea0d6c1c2168fe78d2f67677',310012000,'2_mn6q3dS2EnDUx3bmyWc6D4szJNVGtaR7zc_mtQheFaSfWELRB2MyMBaiWjdDm6ux9Ezns_2','2_mn6q3dS2EnDUx3bmyWc6D4szJNVGtaR7zc_mtQheFaSfWELRB2MyMBaiWjdDm6ux9Ezns_2',1000,7650,X'00000028000052BB33640000000002FAF08000000000017D7840000000000000000000003B100000000A',1);
INSERT INTO transactions VALUES(14,'23f77ca0034c19aa841413edfde7f4a3dca8d8ef582ce939dfc2e170c7c811a1',310013,'0425e5e832e4286757dc0228cd505b8d572081007218abd3a0983a3bcd502a61',310013000,'2_mn6q3dS2EnDUx3bmyWc6D4szJNVGtaR7zc_mtQheFaSfWELRB2MyMBaiWjdDm6ux9Ezns_2','2_mn6q3dS2EnDUx3bmyWc6D4szJNVGtaR7zc_mtQheFaSfWELRB2MyMBaiWjdDm6ux9Ezns_2',1000,7650,X'00000028000152BB336400000000017D78400000000002793D60000000000000000000003B100000000A',1);
INSERT INTO transactions VALUES(15,'a5a1927a83521144a5aa751f61065b530c9447c5b2c35e35064de32dae9573fd',310014,'85b28d413ebda2968ed82ae53643677338650151b997ed1e4656158005b9f65f',310014000,'2_mn6q3dS2EnDUx3bmyWc6D4szJNVGtaR7zc_mtQheFaSfWELRB2MyMBaiWjdDm6ux9Ezns_2','2_mn6q3dS2EnDUx3bmyWc6D4szJNVGtaR7zc_mtQheFaSfWELRB2MyMBaiWjdDm6ux9Ezns_2',1000,7650,X'00000028000052BB33640000000008F0D1800000000014DC93800000000000000000000013B00000000A',1);
INSERT INTO transactions VALUES(16,'6aa4c5853aa9971d13c0291c4e91ee5cddd506521942377aca5c3b1a48780c75',310015,'4cf77d688f18f0c68c077db882f62e49f31859dfa6144372457cd73b29223922',310015000,'2_mn6q3dS2EnDUx3bmyWc6D4szJNVGtaR7zc_mtQheFaSfWELRB2MyMBaiWjdDm6ux9Ezns_2','2_mn6q3dS2EnDUx3bmyWc6D4szJNVGtaR7zc_mtQheFaSfWELRB2MyMBaiWjdDm6ux9Ezns_2',1000,7650,X'00000028000152BB33640000000014DC93800000000008F0D1800000000000000000000013B00000000A',1);
INSERT INTO transactions VALUES(17,'91cea72c920a13cc450d14c92a81a318462300670308d6b1eb344ac06a72eda1',310016,'99dc7d2627efb4e5e618a53b9898b4ca39c70e98fe9bf39f68a6c980f5b64ef9',310016000,'2_mn6q3dS2EnDUx3bmyWc6D4szJNVGtaR7zc_mtQheFaSfWELRB2MyMBaiWjdDm6ux9Ezns_2','2_mn6q3dS2EnDUx3bmyWc6D4szJNVGtaR7zc_mtQheFaSfWELRB2MyMBaiWjdDm6ux9Ezns_2',1000,7650,X'00000028000252BB33C8000000002CB417800000000026BE36803FF0000000000000000013B00000000A',1);
INSERT INTO transactions VALUES(18,'c345c2e6d9899c7729a0ca2ef13fab71ca5808854fb6be62e3b3dcd9225d1c4a',310017,'8a4fedfbf734b91a5c5761a7bcb3908ea57169777a7018148c51ff611970e4a3',310017000,'2_mn6q3dS2EnDUx3bmyWc6D4szJNVGtaR7zc_mtQheFaSfWELRB2MyMBaiWjdDm6ux9Ezns_2','2_mn6q3dS2EnDUx3bmyWc6D4szJNVGtaR7zc_mtQheFaSfWELRB2MyMBaiWjdDm6ux9Ezns_2',1000,7650,X'00000028000352BB33C80000000026BE3680000000002CB417803FF0000000000000000013B00000000A',1);
INSERT INTO transactions VALUES(19,'c473921b7c5d877de55ef38b39935e149003d6fec701bea0c8b66b77255942d4',310018,'35c06f9e3de39e4e56ceb1d1a22008f52361c50dd0d251c0acbe2e3c2dba8ed3',310018000,'2_mn6q3dS2EnDUx3bmyWc6D4szJNVGtaR7zc_mtQheFaSfWELRB2MyMBaiWjdDm6ux9Ezns_2','',0,6800,X'0000001E52BB33324058F7256FFC115E004C4B4009556E69742054657374',1);
INSERT INTO transactions VALUES(20,'c9388ea12ab42ec1502dbb54e2da81beca5adee6056777559200aab28e5e1dc0',310019,'114affa0c4f34b1ebf8e2778c9477641f60b5b9e8a69052158041d4c41893294',310019000,'2_mn6q3dS2EnDUx3bmyWc6D4szJNVGtaR7zc_mtQheFaSfWELRB2MyMBaiWjdDm6ux9Ezns_2','',0,6800,X'0000001E52BB3365405915F3B645A1CB004C4B4009556E69742054657374',1);
INSERT INTO transactions VALUES(21,'54292b0676d266705f8dd0daa1194cff3d16414564f25c422309af75d8ca344e',310020,'d93c79920e4a42164af74ecb5c6b903ff6055cdc007376c74dfa692c8d85ebc9',310020000,'2_mn6q3dS2EnDUx3bmyWc6D4szJNVGtaR7zc_mtQheFaSfWELRB2MyMBaiWjdDm6ux9Ezns_2','',0,6800,X'0000001E52BB33C94000000000000000004C4B4009556E69742054657374',1);
INSERT INTO transactions VALUES(22,'6d3c6a9ea36e82a0e8162f69c68fc8bb95d316ad5586a30553fbaf1717f4121e',310021,'7c2460bb32c5749c856486393239bf7a0ac789587ac71f32e7237910da8097f2',310021000,'2_mn6q3dS2EnDUx3bmyWc6D4szJNVGtaR7zc_mtQheFaSfWELRB2MyMBaiWjdDm6ux9Ezns_2','',0,6800,X'0000000A00000000000047670000000002FAF08000000000000000010000000002FAF080000A0000000000000000',1);
INSERT INTO transactions VALUES(23,'df080a76ceb263201901bc23c85c3e8dce4eca0e72c873131adaf2f46820e9f1',310022,'44435f9a99a0aa12a9bfabdc4cb8119f6ea6a6e1350d2d65445fb66a456db5fc',310022000,'2_mn6q3dS2EnDUx3bmyWc6D4szJNVGtaR7zc_mtQheFaSfWELRB2MyMBaiWjdDm6ux9Ezns_2','mvCounterpartyXXXXXXXXXXXXXXW24Hef',100000000,5625,X'',1);
INSERT INTO transactions VALUES(24,'abc5e16e5a7a1a7dd7d38ff1351b252a3813d40a695ab798f6a26cb904f91ab1',310023,'d8cf5bec1bbcab8ca4f495352afde3b6572b7e1d61b3976872ebb8e9d30ccb08',310023000,'2_mn6q3dS2EnDUx3bmyWc6D4szJNVGtaR7zc_mtQheFaSfWELRB2MyMBaiWjdDm6ux9Ezns_2','2_mnfAHmddVibnZNSkh8DvKaQoiEfNsxjXzH_mtQheFaSfWELRB2MyMBaiWjdDm6ux9Ezns_2',1000,7650,X'0000000000000000000047680000000000002710',1);
-- Triggers and indices on  transactions
CREATE INDEX transactions_block_index_idx ON transactions (block_index)
        ;
CREATE INDEX transactions_block_index_tx_index_idx ON transactions (block_index, tx_index)
        ;
CREATE INDEX transactions_source_idx ON transactions (source)
        ;
CREATE INDEX transactions_tx_hash_idx ON transactions (tx_hash)
        ;
CREATE INDEX transactions_tx_index_idx ON transactions (tx_index)
        ;
CREATE INDEX transactions_tx_index_tx_hash_block_index_idx ON transactions (tx_index, tx_hash, block_index)
        ;

COMMIT TRANSACTION;
PRAGMA page_size=4096;
-- PRAGMA encoding='UTF-8';
-- PRAGMA auto_vacuum=FULL;
-- PRAGMA max_page_count=4294967294;

BEGIN TRANSACTION;

-- Table  transaction_outputs
DROP TABLE IF EXISTS transaction_outputs;
CREATE TABLE transaction_outputs(
                        tx_index,
                        tx_hash TEXT,
                        block_index INTEGER,
                        out_index INTEGER,
                        destination TEXT,
                        btc_amount INTEGER,
                        PRIMARY KEY (tx_hash, out_index),
                        FOREIGN KEY (tx_index, tx_hash, block_index) REFERENCES transactions(tx_index, tx_hash, block_index));

COMMIT TRANSACTION;
PRAGMA page_size=4096;
-- PRAGMA encoding='UTF-8';
-- PRAGMA auto_vacuum=FULL;
-- PRAGMA max_page_count=4294967294;

BEGIN TRANSACTION;

-- Table  balances
DROP TABLE IF EXISTS balances;
CREATE TABLE balances(
                      address TEXT,
                      asset TEXT,
                      quantity INTEGER, block_index INTEGER, tx_index INTEGER);
INSERT INTO balances VALUES('2_mn6q3dS2EnDUx3bmyWc6D4szJNVGtaR7zc_mtQheFaSfWELRB2MyMBaiWjdDm6ux9Ezns_2','XCP',93000000000,310000,1);
INSERT INTO balances VALUES('2_mn6q3dS2EnDUx3bmyWc6D4szJNVGtaR7zc_mtQheFaSfWELRB2MyMBaiWjdDm6ux9Ezns_2','XCP',92950000000,310001,2);
INSERT INTO balances VALUES('2_mnfAHmddVibnZNSkh8DvKaQoiEfNsxjXzH_mtQheFaSfWELRB2MyMBaiWjdDm6ux9Ezns_2','XCP',50000000,310001,2);
INSERT INTO balances VALUES('2_mn6q3dS2EnDUx3bmyWc6D4szJNVGtaR7zc_mtQheFaSfWELRB2MyMBaiWjdDm6ux9Ezns_2','XCP',92845000000,310003,4);
INSERT INTO balances VALUES('2_mn6q3dS2EnDUx3bmyWc6D4szJNVGtaR7zc_mtQheFaSfWELRB2MyMBaiWjdDm6ux9Ezns_2','XCP',92945000000,310004,5);
INSERT INTO balances VALUES('2_mn6q3dS2EnDUx3bmyWc6D4szJNVGtaR7zc_mtQheFaSfWELRB2MyMBaiWjdDm6ux9Ezns_2','XCP',92895000000,310005,6);
INSERT INTO balances VALUES('2_mn6q3dS2EnDUx3bmyWc6D4szJNVGtaR7zc_mtQheFaSfWELRB2MyMBaiWjdDm6ux9Ezns_2','BBBB',1000000000,310005,6);
INSERT INTO balances VALUES('2_mn6q3dS2EnDUx3bmyWc6D4szJNVGtaR7zc_mtQheFaSfWELRB2MyMBaiWjdDm6ux9Ezns_2','XCP',92845000000,310006,7);
INSERT INTO balances VALUES('2_mn6q3dS2EnDUx3bmyWc6D4szJNVGtaR7zc_mtQheFaSfWELRB2MyMBaiWjdDm6ux9Ezns_2','BBBC',100000,310006,7);
INSERT INTO balances VALUES('2_mn6q3dS2EnDUx3bmyWc6D4szJNVGtaR7zc_mtQheFaSfWELRB2MyMBaiWjdDm6ux9Ezns_2','BBBB',996000000,310007,8);
INSERT INTO balances VALUES('2_mnfAHmddVibnZNSkh8DvKaQoiEfNsxjXzH_mtQheFaSfWELRB2MyMBaiWjdDm6ux9Ezns_2','BBBB',4000000,310007,8);
INSERT INTO balances VALUES('2_mn6q3dS2EnDUx3bmyWc6D4szJNVGtaR7zc_mtQheFaSfWELRB2MyMBaiWjdDm6ux9Ezns_2','BBBC',99474,310008,9);
INSERT INTO balances VALUES('2_mnfAHmddVibnZNSkh8DvKaQoiEfNsxjXzH_mtQheFaSfWELRB2MyMBaiWjdDm6ux9Ezns_2','BBBC',526,310008,9);
INSERT INTO balances VALUES('2_mn6q3dS2EnDUx3bmyWc6D4szJNVGtaR7zc_mtQheFaSfWELRB2MyMBaiWjdDm6ux9Ezns_2','XCP',92844999976,310009,10);
INSERT INTO balances VALUES('2_mn6q3dS2EnDUx3bmyWc6D4szJNVGtaR7zc_mtQheFaSfWELRB2MyMBaiWjdDm6ux9Ezns_2','XCP',92844979976,310009,10);
INSERT INTO balances VALUES('2_mnfAHmddVibnZNSkh8DvKaQoiEfNsxjXzH_mtQheFaSfWELRB2MyMBaiWjdDm6ux9Ezns_2','XCP',50000024,310009,10);
INSERT INTO balances VALUES('2_mn6q3dS2EnDUx3bmyWc6D4szJNVGtaR7zc_mtQheFaSfWELRB2MyMBaiWjdDm6ux9Ezns_2','XCP',92844559176,310010,11);
INSERT INTO balances VALUES('2_mn6q3dS2EnDUx3bmyWc6D4szJNVGtaR7zc_mtQheFaSfWELRB2MyMBaiWjdDm6ux9Ezns_2','XCP',92844539176,310010,11);
INSERT INTO balances VALUES('2_mnfAHmddVibnZNSkh8DvKaQoiEfNsxjXzH_mtQheFaSfWELRB2MyMBaiWjdDm6ux9Ezns_2','XCP',50420824,310010,11);
INSERT INTO balances VALUES('2_mn6q3dS2EnDUx3bmyWc6D4szJNVGtaR7zc_mtQheFaSfWELRB2MyMBaiWjdDm6ux9Ezns_2','XCP',92794539176,310012,13);
INSERT INTO balances VALUES('2_mn6q3dS2EnDUx3bmyWc6D4szJNVGtaR7zc_mtQheFaSfWELRB2MyMBaiWjdDm6ux9Ezns_2','XCP',92769539176,310013,14);
INSERT INTO balances VALUES('2_mn6q3dS2EnDUx3bmyWc6D4szJNVGtaR7zc_mtQheFaSfWELRB2MyMBaiWjdDm6ux9Ezns_2','XCP',92773789176,310013,14);
INSERT INTO balances VALUES('2_mn6q3dS2EnDUx3bmyWc6D4szJNVGtaR7zc_mtQheFaSfWELRB2MyMBaiWjdDm6ux9Ezns_2','XCP',92778789176,310014,0);
INSERT INTO balances VALUES('2_mn6q3dS2EnDUx3bmyWc6D4szJNVGtaR7zc_mtQheFaSfWELRB2MyMBaiWjdDm6ux9Ezns_2','XCP',92628789176,310014,15);
INSERT INTO balances VALUES('2_mn6q3dS2EnDUx3bmyWc6D4szJNVGtaR7zc_mtQheFaSfWELRB2MyMBaiWjdDm6ux9Ezns_2','XCP',92278789176,310015,16);
INSERT INTO balances VALUES('2_mn6q3dS2EnDUx3bmyWc6D4szJNVGtaR7zc_mtQheFaSfWELRB2MyMBaiWjdDm6ux9Ezns_2','XCP',92278789176,310015,16);
INSERT INTO balances VALUES('2_mn6q3dS2EnDUx3bmyWc6D4szJNVGtaR7zc_mtQheFaSfWELRB2MyMBaiWjdDm6ux9Ezns_2','XCP',92278789176,310015,16);
INSERT INTO balances VALUES('2_mn6q3dS2EnDUx3bmyWc6D4szJNVGtaR7zc_mtQheFaSfWELRB2MyMBaiWjdDm6ux9Ezns_2','XCP',91528789176,310016,17);
INSERT INTO balances VALUES('2_mn6q3dS2EnDUx3bmyWc6D4szJNVGtaR7zc_mtQheFaSfWELRB2MyMBaiWjdDm6ux9Ezns_2','XCP',90878789176,310017,18);
INSERT INTO balances VALUES('2_mn6q3dS2EnDUx3bmyWc6D4szJNVGtaR7zc_mtQheFaSfWELRB2MyMBaiWjdDm6ux9Ezns_2','XCP',90878789176,310017,18);
INSERT INTO balances VALUES('2_mn6q3dS2EnDUx3bmyWc6D4szJNVGtaR7zc_mtQheFaSfWELRB2MyMBaiWjdDm6ux9Ezns_2','XCP',90878789176,310017,18);
INSERT INTO balances VALUES('2_mn6q3dS2EnDUx3bmyWc6D4szJNVGtaR7zc_mtQheFaSfWELRB2MyMBaiWjdDm6ux9Ezns_2','XCP',90937926676,310018,19);
INSERT INTO balances VALUES('2_mn6q3dS2EnDUx3bmyWc6D4szJNVGtaR7zc_mtQheFaSfWELRB2MyMBaiWjdDm6ux9Ezns_2','XCP',90941039176,310018,19);
INSERT INTO balances VALUES('2_mn6q3dS2EnDUx3bmyWc6D4szJNVGtaR7zc_mtQheFaSfWELRB2MyMBaiWjdDm6ux9Ezns_2','XCP',91100339176,310019,20);
INSERT INTO balances VALUES('2_mn6q3dS2EnDUx3bmyWc6D4szJNVGtaR7zc_mtQheFaSfWELRB2MyMBaiWjdDm6ux9Ezns_2','XCP',91416039176,310019,20);
INSERT INTO balances VALUES('2_mn6q3dS2EnDUx3bmyWc6D4szJNVGtaR7zc_mtQheFaSfWELRB2MyMBaiWjdDm6ux9Ezns_2','XCP',91441039176,310019,20);
INSERT INTO balances VALUES('2_mn6q3dS2EnDUx3bmyWc6D4szJNVGtaR7zc_mtQheFaSfWELRB2MyMBaiWjdDm6ux9Ezns_2','XCP',92771039176,310020,21);
INSERT INTO balances VALUES('2_mn6q3dS2EnDUx3bmyWc6D4szJNVGtaR7zc_mtQheFaSfWELRB2MyMBaiWjdDm6ux9Ezns_2','XCP',92841039176,310020,21);
INSERT INTO balances VALUES('2_mn6q3dS2EnDUx3bmyWc6D4szJNVGtaR7zc_mtQheFaSfWELRB2MyMBaiWjdDm6ux9Ezns_2','BBBB',946000000,310021,22);
INSERT INTO balances VALUES('2_mn6q3dS2EnDUx3bmyWc6D4szJNVGtaR7zc_mtQheFaSfWELRB2MyMBaiWjdDm6ux9Ezns_2','XCP',149840926438,310022,23);
INSERT INTO balances VALUES('2_mn6q3dS2EnDUx3bmyWc6D4szJNVGtaR7zc_mtQheFaSfWELRB2MyMBaiWjdDm6ux9Ezns_2','XCP',149849426438,310023,0);
INSERT INTO balances VALUES('2_mn6q3dS2EnDUx3bmyWc6D4szJNVGtaR7zc_mtQheFaSfWELRB2MyMBaiWjdDm6ux9Ezns_2','BBBC',89474,310023,24);
INSERT INTO balances VALUES('2_mnfAHmddVibnZNSkh8DvKaQoiEfNsxjXzH_mtQheFaSfWELRB2MyMBaiWjdDm6ux9Ezns_2','BBBC',10526,310023,24);
INSERT INTO balances VALUES('2_mn6q3dS2EnDUx3bmyWc6D4szJNVGtaR7zc_mtQheFaSfWELRB2MyMBaiWjdDm6ux9Ezns_2','BBBB',996000000,310032,0);
-- Triggers and indices on  balances
CREATE INDEX balances_address_asset_idx ON balances (address, asset)
        ;
CREATE INDEX balances_address_idx ON balances (address)
        ;
CREATE INDEX balances_asset_idx ON balances (asset)
        ;
CREATE INDEX balances_block_index_idx ON balances (block_index)
        ;
CREATE INDEX balances_quantity_idx ON balances (quantity)
        ;
CREATE TRIGGER block_update_balances
                           BEFORE UPDATE ON balances BEGIN
                               SELECT RAISE(FAIL, "UPDATES NOT ALLOWED");
                           END;

COMMIT TRANSACTION;
PRAGMA page_size=4096;
-- PRAGMA encoding='UTF-8';
-- PRAGMA auto_vacuum=FULL;
-- PRAGMA max_page_count=4294967294;

BEGIN TRANSACTION;

-- Table  balances
DROP TABLE IF EXISTS balances;
CREATE TABLE balances(
                      address TEXT,
                      asset TEXT,
                      quantity INTEGER, block_index INTEGER, tx_index INTEGER);
INSERT INTO balances VALUES('2_mn6q3dS2EnDUx3bmyWc6D4szJNVGtaR7zc_mtQheFaSfWELRB2MyMBaiWjdDm6ux9Ezns_2','XCP',93000000000,310000,1);
INSERT INTO balances VALUES('2_mn6q3dS2EnDUx3bmyWc6D4szJNVGtaR7zc_mtQheFaSfWELRB2MyMBaiWjdDm6ux9Ezns_2','XCP',92950000000,310001,2);
INSERT INTO balances VALUES('2_mnfAHmddVibnZNSkh8DvKaQoiEfNsxjXzH_mtQheFaSfWELRB2MyMBaiWjdDm6ux9Ezns_2','XCP',50000000,310001,2);
INSERT INTO balances VALUES('2_mn6q3dS2EnDUx3bmyWc6D4szJNVGtaR7zc_mtQheFaSfWELRB2MyMBaiWjdDm6ux9Ezns_2','XCP',92845000000,310003,4);
INSERT INTO balances VALUES('2_mn6q3dS2EnDUx3bmyWc6D4szJNVGtaR7zc_mtQheFaSfWELRB2MyMBaiWjdDm6ux9Ezns_2','XCP',92945000000,310004,5);
INSERT INTO balances VALUES('2_mn6q3dS2EnDUx3bmyWc6D4szJNVGtaR7zc_mtQheFaSfWELRB2MyMBaiWjdDm6ux9Ezns_2','XCP',92895000000,310005,6);
INSERT INTO balances VALUES('2_mn6q3dS2EnDUx3bmyWc6D4szJNVGtaR7zc_mtQheFaSfWELRB2MyMBaiWjdDm6ux9Ezns_2','BBBB',1000000000,310005,6);
INSERT INTO balances VALUES('2_mn6q3dS2EnDUx3bmyWc6D4szJNVGtaR7zc_mtQheFaSfWELRB2MyMBaiWjdDm6ux9Ezns_2','XCP',92845000000,310006,7);
INSERT INTO balances VALUES('2_mn6q3dS2EnDUx3bmyWc6D4szJNVGtaR7zc_mtQheFaSfWELRB2MyMBaiWjdDm6ux9Ezns_2','BBBC',100000,310006,7);
INSERT INTO balances VALUES('2_mn6q3dS2EnDUx3bmyWc6D4szJNVGtaR7zc_mtQheFaSfWELRB2MyMBaiWjdDm6ux9Ezns_2','BBBB',996000000,310007,8);
INSERT INTO balances VALUES('2_mnfAHmddVibnZNSkh8DvKaQoiEfNsxjXzH_mtQheFaSfWELRB2MyMBaiWjdDm6ux9Ezns_2','BBBB',4000000,310007,8);
INSERT INTO balances VALUES('2_mn6q3dS2EnDUx3bmyWc6D4szJNVGtaR7zc_mtQheFaSfWELRB2MyMBaiWjdDm6ux9Ezns_2','BBBC',99474,310008,9);
INSERT INTO balances VALUES('2_mnfAHmddVibnZNSkh8DvKaQoiEfNsxjXzH_mtQheFaSfWELRB2MyMBaiWjdDm6ux9Ezns_2','BBBC',526,310008,9);
INSERT INTO balances VALUES('2_mn6q3dS2EnDUx3bmyWc6D4szJNVGtaR7zc_mtQheFaSfWELRB2MyMBaiWjdDm6ux9Ezns_2','XCP',92844999976,310009,10);
INSERT INTO balances VALUES('2_mn6q3dS2EnDUx3bmyWc6D4szJNVGtaR7zc_mtQheFaSfWELRB2MyMBaiWjdDm6ux9Ezns_2','XCP',92844979976,310009,10);
INSERT INTO balances VALUES('2_mnfAHmddVibnZNSkh8DvKaQoiEfNsxjXzH_mtQheFaSfWELRB2MyMBaiWjdDm6ux9Ezns_2','XCP',50000024,310009,10);
INSERT INTO balances VALUES('2_mn6q3dS2EnDUx3bmyWc6D4szJNVGtaR7zc_mtQheFaSfWELRB2MyMBaiWjdDm6ux9Ezns_2','XCP',92844559176,310010,11);
INSERT INTO balances VALUES('2_mn6q3dS2EnDUx3bmyWc6D4szJNVGtaR7zc_mtQheFaSfWELRB2MyMBaiWjdDm6ux9Ezns_2','XCP',92844539176,310010,11);
INSERT INTO balances VALUES('2_mnfAHmddVibnZNSkh8DvKaQoiEfNsxjXzH_mtQheFaSfWELRB2MyMBaiWjdDm6ux9Ezns_2','XCP',50420824,310010,11);
INSERT INTO balances VALUES('2_mn6q3dS2EnDUx3bmyWc6D4szJNVGtaR7zc_mtQheFaSfWELRB2MyMBaiWjdDm6ux9Ezns_2','XCP',92794539176,310012,13);
INSERT INTO balances VALUES('2_mn6q3dS2EnDUx3bmyWc6D4szJNVGtaR7zc_mtQheFaSfWELRB2MyMBaiWjdDm6ux9Ezns_2','XCP',92769539176,310013,14);
INSERT INTO balances VALUES('2_mn6q3dS2EnDUx3bmyWc6D4szJNVGtaR7zc_mtQheFaSfWELRB2MyMBaiWjdDm6ux9Ezns_2','XCP',92773789176,310013,14);
INSERT INTO balances VALUES('2_mn6q3dS2EnDUx3bmyWc6D4szJNVGtaR7zc_mtQheFaSfWELRB2MyMBaiWjdDm6ux9Ezns_2','XCP',92778789176,310014,0);
INSERT INTO balances VALUES('2_mn6q3dS2EnDUx3bmyWc6D4szJNVGtaR7zc_mtQheFaSfWELRB2MyMBaiWjdDm6ux9Ezns_2','XCP',92628789176,310014,15);
INSERT INTO balances VALUES('2_mn6q3dS2EnDUx3bmyWc6D4szJNVGtaR7zc_mtQheFaSfWELRB2MyMBaiWjdDm6ux9Ezns_2','XCP',92278789176,310015,16);
INSERT INTO balances VALUES('2_mn6q3dS2EnDUx3bmyWc6D4szJNVGtaR7zc_mtQheFaSfWELRB2MyMBaiWjdDm6ux9Ezns_2','XCP',92278789176,310015,16);
INSERT INTO balances VALUES('2_mn6q3dS2EnDUx3bmyWc6D4szJNVGtaR7zc_mtQheFaSfWELRB2MyMBaiWjdDm6ux9Ezns_2','XCP',92278789176,310015,16);
INSERT INTO balances VALUES('2_mn6q3dS2EnDUx3bmyWc6D4szJNVGtaR7zc_mtQheFaSfWELRB2MyMBaiWjdDm6ux9Ezns_2','XCP',91528789176,310016,17);
INSERT INTO balances VALUES('2_mn6q3dS2EnDUx3bmyWc6D4szJNVGtaR7zc_mtQheFaSfWELRB2MyMBaiWjdDm6ux9Ezns_2','XCP',90878789176,310017,18);
INSERT INTO balances VALUES('2_mn6q3dS2EnDUx3bmyWc6D4szJNVGtaR7zc_mtQheFaSfWELRB2MyMBaiWjdDm6ux9Ezns_2','XCP',90878789176,310017,18);
INSERT INTO balances VALUES('2_mn6q3dS2EnDUx3bmyWc6D4szJNVGtaR7zc_mtQheFaSfWELRB2MyMBaiWjdDm6ux9Ezns_2','XCP',90878789176,310017,18);
INSERT INTO balances VALUES('2_mn6q3dS2EnDUx3bmyWc6D4szJNVGtaR7zc_mtQheFaSfWELRB2MyMBaiWjdDm6ux9Ezns_2','XCP',90937926676,310018,19);
INSERT INTO balances VALUES('2_mn6q3dS2EnDUx3bmyWc6D4szJNVGtaR7zc_mtQheFaSfWELRB2MyMBaiWjdDm6ux9Ezns_2','XCP',90941039176,310018,19);
INSERT INTO balances VALUES('2_mn6q3dS2EnDUx3bmyWc6D4szJNVGtaR7zc_mtQheFaSfWELRB2MyMBaiWjdDm6ux9Ezns_2','XCP',91100339176,310019,20);
INSERT INTO balances VALUES('2_mn6q3dS2EnDUx3bmyWc6D4szJNVGtaR7zc_mtQheFaSfWELRB2MyMBaiWjdDm6ux9Ezns_2','XCP',91416039176,310019,20);
INSERT INTO balances VALUES('2_mn6q3dS2EnDUx3bmyWc6D4szJNVGtaR7zc_mtQheFaSfWELRB2MyMBaiWjdDm6ux9Ezns_2','XCP',91441039176,310019,20);
INSERT INTO balances VALUES('2_mn6q3dS2EnDUx3bmyWc6D4szJNVGtaR7zc_mtQheFaSfWELRB2MyMBaiWjdDm6ux9Ezns_2','XCP',92771039176,310020,21);
INSERT INTO balances VALUES('2_mn6q3dS2EnDUx3bmyWc6D4szJNVGtaR7zc_mtQheFaSfWELRB2MyMBaiWjdDm6ux9Ezns_2','XCP',92841039176,310020,21);
INSERT INTO balances VALUES('2_mn6q3dS2EnDUx3bmyWc6D4szJNVGtaR7zc_mtQheFaSfWELRB2MyMBaiWjdDm6ux9Ezns_2','BBBB',946000000,310021,22);
INSERT INTO balances VALUES('2_mn6q3dS2EnDUx3bmyWc6D4szJNVGtaR7zc_mtQheFaSfWELRB2MyMBaiWjdDm6ux9Ezns_2','XCP',149840926438,310022,23);
INSERT INTO balances VALUES('2_mn6q3dS2EnDUx3bmyWc6D4szJNVGtaR7zc_mtQheFaSfWELRB2MyMBaiWjdDm6ux9Ezns_2','XCP',149849426438,310023,0);
INSERT INTO balances VALUES('2_mn6q3dS2EnDUx3bmyWc6D4szJNVGtaR7zc_mtQheFaSfWELRB2MyMBaiWjdDm6ux9Ezns_2','BBBC',89474,310023,24);
INSERT INTO balances VALUES('2_mnfAHmddVibnZNSkh8DvKaQoiEfNsxjXzH_mtQheFaSfWELRB2MyMBaiWjdDm6ux9Ezns_2','BBBC',10526,310023,24);
INSERT INTO balances VALUES('2_mn6q3dS2EnDUx3bmyWc6D4szJNVGtaR7zc_mtQheFaSfWELRB2MyMBaiWjdDm6ux9Ezns_2','BBBB',996000000,310032,0);
-- Triggers and indices on  balances
CREATE INDEX balances_address_asset_idx ON balances (address, asset)
        ;
CREATE INDEX balances_address_idx ON balances (address)
        ;
CREATE INDEX balances_asset_idx ON balances (asset)
        ;
CREATE INDEX balances_block_index_idx ON balances (block_index)
        ;
CREATE INDEX balances_quantity_idx ON balances (quantity)
        ;
CREATE TRIGGER block_update_balances
                           BEFORE UPDATE ON balances BEGIN
                               SELECT RAISE(FAIL, "UPDATES NOT ALLOWED");
                           END;

COMMIT TRANSACTION;
PRAGMA page_size=4096;
-- PRAGMA encoding='UTF-8';
-- PRAGMA auto_vacuum=FULL;
-- PRAGMA max_page_count=4294967294;

BEGIN TRANSACTION;

-- Table  credits
DROP TABLE IF EXISTS credits;
CREATE TABLE credits(
                      block_index INTEGER,
                      address TEXT,
                      asset TEXT,
                      quantity INTEGER,
                      calling_function TEXT,
                      event TEXT, tx_index INTEGER,
                      FOREIGN KEY (block_index) REFERENCES blocks(block_index));
INSERT INTO credits VALUES(310000,'2_mn6q3dS2EnDUx3bmyWc6D4szJNVGtaR7zc_mtQheFaSfWELRB2MyMBaiWjdDm6ux9Ezns_2','XCP',93000000000,'burn','5fde1c728d8d00aaa1b5f8dae963ceb4fd30c415eb0b8a982ba2d8d676fec0bb',1);
INSERT INTO credits VALUES(310001,'2_mnfAHmddVibnZNSkh8DvKaQoiEfNsxjXzH_mtQheFaSfWELRB2MyMBaiWjdDm6ux9Ezns_2','XCP',50000000,'send','eacd03b732d28924807d4f0cb1c1aa5720a78bf44d23660fb1658a5fd1b4e9a3',2);
INSERT INTO credits VALUES(310004,'2_mn6q3dS2EnDUx3bmyWc6D4szJNVGtaR7zc_mtQheFaSfWELRB2MyMBaiWjdDm6ux9Ezns_2','XCP',100000000,'btcpay','b0bf5693ba52a5c6bda34671ba065606bd02277f281e9aa19d25778e26c2f7e2',5);
INSERT INTO credits VALUES(310005,'2_mn6q3dS2EnDUx3bmyWc6D4szJNVGtaR7zc_mtQheFaSfWELRB2MyMBaiWjdDm6ux9Ezns_2','BBBB',1000000000,'issuance','93599860b4a4a3b672a79c064812eb18d2e1b532613e08bd3ae1ee2a9979eae2',6);
INSERT INTO credits VALUES(310006,'2_mn6q3dS2EnDUx3bmyWc6D4szJNVGtaR7zc_mtQheFaSfWELRB2MyMBaiWjdDm6ux9Ezns_2','BBBC',100000,'issuance','3318c4b8b244fbc64f6894d28f7a1866db5671f04d2e4f5911d0fd688f804404',7);
INSERT INTO credits VALUES(310007,'2_mnfAHmddVibnZNSkh8DvKaQoiEfNsxjXzH_mtQheFaSfWELRB2MyMBaiWjdDm6ux9Ezns_2','BBBB',4000000,'send','e43d2ab22a3a5fe1de032bdf042381fc1d6fc34794abc51a1b3db46ccf8cbdbe',8);
INSERT INTO credits VALUES(310008,'2_mnfAHmddVibnZNSkh8DvKaQoiEfNsxjXzH_mtQheFaSfWELRB2MyMBaiWjdDm6ux9Ezns_2','BBBC',526,'send','7b48b32b5373757d0bfa50358184117ca01b5ad564ca4338ecb021ae726a19c9',9);
INSERT INTO credits VALUES(310009,'2_mnfAHmddVibnZNSkh8DvKaQoiEfNsxjXzH_mtQheFaSfWELRB2MyMBaiWjdDm6ux9Ezns_2','XCP',24,'dividend','cbc73bb03bae7cbaa0e88c9c16cb78fa6f315b9a6383f0f7efb63d0fdd831a81',10);
INSERT INTO credits VALUES(310010,'2_mnfAHmddVibnZNSkh8DvKaQoiEfNsxjXzH_mtQheFaSfWELRB2MyMBaiWjdDm6ux9Ezns_2','XCP',420800,'dividend','c59e9803933740537b59928d19d2b65812e6f2b8d1ac811d9262353a19327b97',11);
INSERT INTO credits VALUES(310013,'2_mn6q3dS2EnDUx3bmyWc6D4szJNVGtaR7zc_mtQheFaSfWELRB2MyMBaiWjdDm6ux9Ezns_2','XCP',4250000,'filled','23f77ca0034c19aa841413edfde7f4a3dca8d8ef582ce939dfc2e170c7c811a1',14);
INSERT INTO credits VALUES(310014,'2_mn6q3dS2EnDUx3bmyWc6D4szJNVGtaR7zc_mtQheFaSfWELRB2MyMBaiWjdDm6ux9Ezns_2','XCP',5000000,'cancel order','c6881f7505bd7fe0742c2ce50490e21431705bf2df4368be43f423fa0c515aee',0);
INSERT INTO credits VALUES(310015,'2_mn6q3dS2EnDUx3bmyWc6D4szJNVGtaR7zc_mtQheFaSfWELRB2MyMBaiWjdDm6ux9Ezns_2','XCP',0,'filled','6aa4c5853aa9971d13c0291c4e91ee5cddd506521942377aca5c3b1a48780c75',16);
INSERT INTO credits VALUES(310015,'2_mn6q3dS2EnDUx3bmyWc6D4szJNVGtaR7zc_mtQheFaSfWELRB2MyMBaiWjdDm6ux9Ezns_2','XCP',0,'filled','6aa4c5853aa9971d13c0291c4e91ee5cddd506521942377aca5c3b1a48780c75',16);
INSERT INTO credits VALUES(310017,'2_mn6q3dS2EnDUx3bmyWc6D4szJNVGtaR7zc_mtQheFaSfWELRB2MyMBaiWjdDm6ux9Ezns_2','XCP',0,'filled','c345c2e6d9899c7729a0ca2ef13fab71ca5808854fb6be62e3b3dcd9225d1c4a',18);
INSERT INTO credits VALUES(310017,'2_mn6q3dS2EnDUx3bmyWc6D4szJNVGtaR7zc_mtQheFaSfWELRB2MyMBaiWjdDm6ux9Ezns_2','XCP',0,'filled','c345c2e6d9899c7729a0ca2ef13fab71ca5808854fb6be62e3b3dcd9225d1c4a',18);
INSERT INTO credits VALUES(310018,'2_mn6q3dS2EnDUx3bmyWc6D4szJNVGtaR7zc_mtQheFaSfWELRB2MyMBaiWjdDm6ux9Ezns_2','XCP',59137500,'bet settled: liquidated for bear','c473921b7c5d877de55ef38b39935e149003d6fec701bea0c8b66b77255942d4',19);
INSERT INTO credits VALUES(310018,'2_mn6q3dS2EnDUx3bmyWc6D4szJNVGtaR7zc_mtQheFaSfWELRB2MyMBaiWjdDm6ux9Ezns_2','XCP',3112500,'feed fee','c473921b7c5d877de55ef38b39935e149003d6fec701bea0c8b66b77255942d4',19);
INSERT INTO credits VALUES(310019,'2_mn6q3dS2EnDUx3bmyWc6D4szJNVGtaR7zc_mtQheFaSfWELRB2MyMBaiWjdDm6ux9Ezns_2','XCP',159300000,'bet settled','c9388ea12ab42ec1502dbb54e2da81beca5adee6056777559200aab28e5e1dc0',20);
INSERT INTO credits VALUES(310019,'2_mn6q3dS2EnDUx3bmyWc6D4szJNVGtaR7zc_mtQheFaSfWELRB2MyMBaiWjdDm6ux9Ezns_2','XCP',315700000,'bet settled','c9388ea12ab42ec1502dbb54e2da81beca5adee6056777559200aab28e5e1dc0',20);
INSERT INTO credits VALUES(310019,'2_mn6q3dS2EnDUx3bmyWc6D4szJNVGtaR7zc_mtQheFaSfWELRB2MyMBaiWjdDm6ux9Ezns_2','XCP',25000000,'feed fee','c9388ea12ab42ec1502dbb54e2da81beca5adee6056777559200aab28e5e1dc0',20);
INSERT INTO credits VALUES(310020,'2_mn6q3dS2EnDUx3bmyWc6D4szJNVGtaR7zc_mtQheFaSfWELRB2MyMBaiWjdDm6ux9Ezns_2','XCP',1330000000,'bet settled: for notequal','54292b0676d266705f8dd0daa1194cff3d16414564f25c422309af75d8ca344e',21);
INSERT INTO credits VALUES(310020,'2_mn6q3dS2EnDUx3bmyWc6D4szJNVGtaR7zc_mtQheFaSfWELRB2MyMBaiWjdDm6ux9Ezns_2','XCP',70000000,'feed fee','54292b0676d266705f8dd0daa1194cff3d16414564f25c422309af75d8ca344e',21);
INSERT INTO credits VALUES(310022,'2_mn6q3dS2EnDUx3bmyWc6D4szJNVGtaR7zc_mtQheFaSfWELRB2MyMBaiWjdDm6ux9Ezns_2','XCP',56999887262,'burn','df080a76ceb263201901bc23c85c3e8dce4eca0e72c873131adaf2f46820e9f1',23);
INSERT INTO credits VALUES(310023,'2_mn6q3dS2EnDUx3bmyWc6D4szJNVGtaR7zc_mtQheFaSfWELRB2MyMBaiWjdDm6ux9Ezns_2','XCP',8500000,'recredit wager remaining','c36b65e3d4c105739d5c8cef470c0878d2e8da138416e09cb499edcec343c0b8',0);
INSERT INTO credits VALUES(310023,'2_mnfAHmddVibnZNSkh8DvKaQoiEfNsxjXzH_mtQheFaSfWELRB2MyMBaiWjdDm6ux9Ezns_2','BBBC',10000,'send','abc5e16e5a7a1a7dd7d38ff1351b252a3813d40a695ab798f6a26cb904f91ab1',24);
INSERT INTO credits VALUES(310032,'2_mn6q3dS2EnDUx3bmyWc6D4szJNVGtaR7zc_mtQheFaSfWELRB2MyMBaiWjdDm6ux9Ezns_2','BBBB',50000000,'cancel order','6d3c6a9ea36e82a0e8162f69c68fc8bb95d316ad5586a30553fbaf1717f4121e',0);
-- Triggers and indices on  credits
CREATE TRIGGER block_update_credits
                           BEFORE UPDATE ON credits BEGIN
                               SELECT RAISE(FAIL, "UPDATES NOT ALLOWED");
                           END;
CREATE INDEX credits_address_idx ON credits (address)
        ;
CREATE INDEX credits_asset_idx ON credits (asset)
        ;
CREATE INDEX credits_block_index_idx ON credits (block_index)
        ;
CREATE INDEX credits_calling_function_idx ON credits (calling_function)
        ;
CREATE INDEX credits_event_idx ON credits (event)
        ;
CREATE INDEX credits_quantity_idx ON credits (quantity)
        ;

COMMIT TRANSACTION;
PRAGMA page_size=4096;
-- PRAGMA encoding='UTF-8';
-- PRAGMA auto_vacuum=FULL;
-- PRAGMA max_page_count=4294967294;

BEGIN TRANSACTION;

-- Table  debits
DROP TABLE IF EXISTS debits;
CREATE TABLE debits(
                      block_index INTEGER,
                      address TEXT,
                      asset TEXT,
                      quantity INTEGER,
                      action TEXT,
                      event TEXT, tx_index INTEGER,
                      FOREIGN KEY (block_index) REFERENCES blocks(block_index));
INSERT INTO debits VALUES(310001,'2_mn6q3dS2EnDUx3bmyWc6D4szJNVGtaR7zc_mtQheFaSfWELRB2MyMBaiWjdDm6ux9Ezns_2','XCP',50000000,'send','eacd03b732d28924807d4f0cb1c1aa5720a78bf44d23660fb1658a5fd1b4e9a3',2);
INSERT INTO debits VALUES(310003,'2_mn6q3dS2EnDUx3bmyWc6D4szJNVGtaR7zc_mtQheFaSfWELRB2MyMBaiWjdDm6ux9Ezns_2','XCP',105000000,'open order','c6881f7505bd7fe0742c2ce50490e21431705bf2df4368be43f423fa0c515aee',4);
INSERT INTO debits VALUES(310005,'2_mn6q3dS2EnDUx3bmyWc6D4szJNVGtaR7zc_mtQheFaSfWELRB2MyMBaiWjdDm6ux9Ezns_2','XCP',50000000,'issuance fee','93599860b4a4a3b672a79c064812eb18d2e1b532613e08bd3ae1ee2a9979eae2',6);
INSERT INTO debits VALUES(310006,'2_mn6q3dS2EnDUx3bmyWc6D4szJNVGtaR7zc_mtQheFaSfWELRB2MyMBaiWjdDm6ux9Ezns_2','XCP',50000000,'issuance fee','3318c4b8b244fbc64f6894d28f7a1866db5671f04d2e4f5911d0fd688f804404',7);
INSERT INTO debits VALUES(310007,'2_mn6q3dS2EnDUx3bmyWc6D4szJNVGtaR7zc_mtQheFaSfWELRB2MyMBaiWjdDm6ux9Ezns_2','BBBB',4000000,'send','e43d2ab22a3a5fe1de032bdf042381fc1d6fc34794abc51a1b3db46ccf8cbdbe',8);
INSERT INTO debits VALUES(310008,'2_mn6q3dS2EnDUx3bmyWc6D4szJNVGtaR7zc_mtQheFaSfWELRB2MyMBaiWjdDm6ux9Ezns_2','BBBC',526,'send','7b48b32b5373757d0bfa50358184117ca01b5ad564ca4338ecb021ae726a19c9',9);
INSERT INTO debits VALUES(310009,'2_mn6q3dS2EnDUx3bmyWc6D4szJNVGtaR7zc_mtQheFaSfWELRB2MyMBaiWjdDm6ux9Ezns_2','XCP',24,'dividend','cbc73bb03bae7cbaa0e88c9c16cb78fa6f315b9a6383f0f7efb63d0fdd831a81',10);
INSERT INTO debits VALUES(310009,'2_mn6q3dS2EnDUx3bmyWc6D4szJNVGtaR7zc_mtQheFaSfWELRB2MyMBaiWjdDm6ux9Ezns_2','XCP',20000,'dividend fee','cbc73bb03bae7cbaa0e88c9c16cb78fa6f315b9a6383f0f7efb63d0fdd831a81',10);
INSERT INTO debits VALUES(310010,'2_mn6q3dS2EnDUx3bmyWc6D4szJNVGtaR7zc_mtQheFaSfWELRB2MyMBaiWjdDm6ux9Ezns_2','XCP',420800,'dividend','c59e9803933740537b59928d19d2b65812e6f2b8d1ac811d9262353a19327b97',11);
INSERT INTO debits VALUES(310010,'2_mn6q3dS2EnDUx3bmyWc6D4szJNVGtaR7zc_mtQheFaSfWELRB2MyMBaiWjdDm6ux9Ezns_2','XCP',20000,'dividend fee','c59e9803933740537b59928d19d2b65812e6f2b8d1ac811d9262353a19327b97',11);
INSERT INTO debits VALUES(310012,'2_mn6q3dS2EnDUx3bmyWc6D4szJNVGtaR7zc_mtQheFaSfWELRB2MyMBaiWjdDm6ux9Ezns_2','XCP',50000000,'bet','c36b65e3d4c105739d5c8cef470c0878d2e8da138416e09cb499edcec343c0b8',13);
INSERT INTO debits VALUES(310013,'2_mn6q3dS2EnDUx3bmyWc6D4szJNVGtaR7zc_mtQheFaSfWELRB2MyMBaiWjdDm6ux9Ezns_2','XCP',25000000,'bet','23f77ca0034c19aa841413edfde7f4a3dca8d8ef582ce939dfc2e170c7c811a1',14);
INSERT INTO debits VALUES(310014,'2_mn6q3dS2EnDUx3bmyWc6D4szJNVGtaR7zc_mtQheFaSfWELRB2MyMBaiWjdDm6ux9Ezns_2','XCP',150000000,'bet','a5a1927a83521144a5aa751f61065b530c9447c5b2c35e35064de32dae9573fd',15);
INSERT INTO debits VALUES(310015,'2_mn6q3dS2EnDUx3bmyWc6D4szJNVGtaR7zc_mtQheFaSfWELRB2MyMBaiWjdDm6ux9Ezns_2','XCP',350000000,'bet','6aa4c5853aa9971d13c0291c4e91ee5cddd506521942377aca5c3b1a48780c75',16);
INSERT INTO debits VALUES(310016,'2_mn6q3dS2EnDUx3bmyWc6D4szJNVGtaR7zc_mtQheFaSfWELRB2MyMBaiWjdDm6ux9Ezns_2','XCP',750000000,'bet','91cea72c920a13cc450d14c92a81a318462300670308d6b1eb344ac06a72eda1',17);
INSERT INTO debits VALUES(310017,'2_mn6q3dS2EnDUx3bmyWc6D4szJNVGtaR7zc_mtQheFaSfWELRB2MyMBaiWjdDm6ux9Ezns_2','XCP',650000000,'bet','c345c2e6d9899c7729a0ca2ef13fab71ca5808854fb6be62e3b3dcd9225d1c4a',18);
INSERT INTO debits VALUES(310021,'2_mn6q3dS2EnDUx3bmyWc6D4szJNVGtaR7zc_mtQheFaSfWELRB2MyMBaiWjdDm6ux9Ezns_2','BBBB',50000000,'open order','6d3c6a9ea36e82a0e8162f69c68fc8bb95d316ad5586a30553fbaf1717f4121e',22);
INSERT INTO debits VALUES(310023,'2_mn6q3dS2EnDUx3bmyWc6D4szJNVGtaR7zc_mtQheFaSfWELRB2MyMBaiWjdDm6ux9Ezns_2','BBBC',10000,'send','abc5e16e5a7a1a7dd7d38ff1351b252a3813d40a695ab798f6a26cb904f91ab1',24);
-- Triggers and indices on  debits
CREATE TRIGGER block_update_debits
                           BEFORE UPDATE ON debits BEGIN
                               SELECT RAISE(FAIL, "UPDATES NOT ALLOWED");
                           END;
CREATE INDEX debits_action_idx ON debits (action)
        ;
CREATE INDEX debits_address_idx ON debits (address)
        ;
CREATE INDEX debits_asset_idx ON debits (asset)
        ;
CREATE INDEX debits_block_index_idx ON debits (block_index)
        ;
CREATE INDEX debits_event_idx ON debits (event)
        ;
CREATE INDEX debits_quantity_idx ON debits (quantity)
        ;

COMMIT TRANSACTION;
PRAGMA page_size=4096;
-- PRAGMA encoding='UTF-8';
-- PRAGMA auto_vacuum=FULL;
-- PRAGMA max_page_count=4294967294;

BEGIN TRANSACTION;

-- Table  messages
DROP TABLE IF EXISTS messages;
CREATE TABLE messages(
                      message_index INTEGER PRIMARY KEY,
                      block_index INTEGER,
                      command TEXT,
                      category TEXT,
                      bindings TEXT,
                      timestamp INTEGER,
                      event TEXT,
                      tx_hash TEXT,
                      event_hash TEXT);
INSERT INTO messages VALUES(0,309999,'insert','blocks','{"block_hash":"8b3bef249cb3b0fa23a4936c1249b6bd41daeadc848c8d2e409ea1cbc10adfe7","block_index":309999,"block_time":309999000,"difficulty":null,"ledger_hash":null,"previous_block_hash":null,"txlist_hash":null}',0,'NEW_BLOCK',NULL,'965f19c821dfa5b0ce29c0b99a18a7d2b1c5f70439e4d44627b946c5ac479db9');
INSERT INTO messages VALUES(1,309999,'parse','blocks','{"block_index":309999,"ledger_hash":"63f0fef31d02da85fa779e9a0e1b585b1a6a4e59e14564249e288e074e91c223","messages_hash":"63f0fef31d02da85fa779e9a0e1b585b1a6a4e59e14564249e288e074e91c223","transaction_count":0,"txlist_hash":"63f0fef31d02da85fa779e9a0e1b585b1a6a4e59e14564249e288e074e91c223"}',0,'BLOCK_PARSED',NULL,'640080d2cb6d2e2a1c1d99da104f34aa7632774837b4090fb36fadb2a306d2a0');
INSERT INTO messages VALUES(2,310000,'insert','blocks','{"block_hash":"505d8d82c4ced7daddef7ed0b05ba12ecc664176887b938ef56c6af276f3b30c","block_index":310000,"block_time":310000000,"difficulty":null,"ledger_hash":null,"previous_block_hash":null,"txlist_hash":null}',0,'NEW_BLOCK',NULL,'4e92402478a1ae3c97bae88f2b0dc960fc81385c88cd9b273ca0b74a0993c1b5');
INSERT INTO messages VALUES(3,310000,'insert','transactions','{"block_hash":"505d8d82c4ced7daddef7ed0b05ba12ecc664176887b938ef56c6af276f3b30c","block_index":310000,"block_time":310000000,"btc_amount":62000000,"data":"","destination":"mvCounterpartyXXXXXXXXXXXXXXW24Hef","fee":5625,"source":"2_mn6q3dS2EnDUx3bmyWc6D4szJNVGtaR7zc_mtQheFaSfWELRB2MyMBaiWjdDm6ux9Ezns_2","supported":true,"tx_hash":"5fde1c728d8d00aaa1b5f8dae963ceb4fd30c415eb0b8a982ba2d8d676fec0bb","tx_index":1}',0,'NEW_TRANSACTION',NULL,'9f00c66e106e0614d6b2cbc3097a18c0f955411a9472e0bf972afe8dbc0c020f');
INSERT INTO messages VALUES(4,310000,'insert','credits','{"address":"2_mn6q3dS2EnDUx3bmyWc6D4szJNVGtaR7zc_mtQheFaSfWELRB2MyMBaiWjdDm6ux9Ezns_2","asset":"XCP","block_index":310000,"calling_function":"burn","event":"5fde1c728d8d00aaa1b5f8dae963ceb4fd30c415eb0b8a982ba2d8d676fec0bb","quantity":93000000000,"tx_index":1}',0,'CREDIT','5fde1c728d8d00aaa1b5f8dae963ceb4fd30c415eb0b8a982ba2d8d676fec0bb','7c081659a0d1a3a9ac968853021866fb262b8b12d75255ef35337f7f239ac3bc');
INSERT INTO messages VALUES(5,310000,'insert','burns','{"block_index":310000,"burned":62000000,"earned":93000000000,"source":"2_mn6q3dS2EnDUx3bmyWc6D4szJNVGtaR7zc_mtQheFaSfWELRB2MyMBaiWjdDm6ux9Ezns_2","status":"valid","tx_hash":"5fde1c728d8d00aaa1b5f8dae963ceb4fd30c415eb0b8a982ba2d8d676fec0bb","tx_index":1}',0,'BURN','5fde1c728d8d00aaa1b5f8dae963ceb4fd30c415eb0b8a982ba2d8d676fec0bb','565f1a13ab8144df728152439d944081aaba0480604af22eaf05c375f5675817');
INSERT INTO messages VALUES(6,310000,'parse','blocks','{"block_index":310000,"ledger_hash":"a16ae7423db132c887ae41cc33b7fa48a0cc6571d5a49e0963be25ec8a9769b4","messages_hash":"72fb35fd107eb57460c13d547f5963136bd2c13d3ded9fc7318f917f7b7bf3e4","transaction_count":1,"txlist_hash":"b8fb4fb649dd315851564165b076d636e5a85e043d59c11877bdccced38f1b3e"}',0,'BLOCK_PARSED',NULL,'aaf19d9dba22967385847f7bd66e084bd4bd23824ada365fe83008c86b2c060b');
INSERT INTO messages VALUES(7,310001,'insert','blocks','{"block_hash":"3c9f6a9c6cac46a9273bd3db39ad775acd5bc546378ec2fb0587e06e112cc78e","block_index":310001,"block_time":310001000,"difficulty":null,"ledger_hash":null,"previous_block_hash":null,"txlist_hash":null}',0,'NEW_BLOCK',NULL,'1363876a57b6fde7170c7f33c7fa160eef21d6629e963566e0e7957b18f1771e');
INSERT INTO messages VALUES(8,310001,'insert','transactions','{"block_hash":"3c9f6a9c6cac46a9273bd3db39ad775acd5bc546378ec2fb0587e06e112cc78e","block_index":310001,"block_time":310001000,"btc_amount":1000,"data":"0000000000000000000000010000000002faf080","destination":"2_mnfAHmddVibnZNSkh8DvKaQoiEfNsxjXzH_mtQheFaSfWELRB2MyMBaiWjdDm6ux9Ezns_2","fee":7650,"source":"2_mn6q3dS2EnDUx3bmyWc6D4szJNVGtaR7zc_mtQheFaSfWELRB2MyMBaiWjdDm6ux9Ezns_2","supported":true,"tx_hash":"eacd03b732d28924807d4f0cb1c1aa5720a78bf44d23660fb1658a5fd1b4e9a3","tx_index":2}',0,'NEW_TRANSACTION',NULL,'ce70da2123234c77bef75b6e8abdc43e22cf2a1185de634dff7c70ff95085dea');
INSERT INTO messages VALUES(9,310001,'insert','debits','{"action":"send","address":"2_mn6q3dS2EnDUx3bmyWc6D4szJNVGtaR7zc_mtQheFaSfWELRB2MyMBaiWjdDm6ux9Ezns_2","asset":"XCP","block_index":310001,"event":"eacd03b732d28924807d4f0cb1c1aa5720a78bf44d23660fb1658a5fd1b4e9a3","quantity":50000000,"tx_index":2}',0,'DEBIT','eacd03b732d28924807d4f0cb1c1aa5720a78bf44d23660fb1658a5fd1b4e9a3','6d45377186606db80469b50cd483cbcb66bf0695a8fd7fe4251aefce9e193537');
INSERT INTO messages VALUES(10,310001,'insert','credits','{"address":"2_mnfAHmddVibnZNSkh8DvKaQoiEfNsxjXzH_mtQheFaSfWELRB2MyMBaiWjdDm6ux9Ezns_2","asset":"XCP","block_index":310001,"calling_function":"send","event":"eacd03b732d28924807d4f0cb1c1aa5720a78bf44d23660fb1658a5fd1b4e9a3","quantity":50000000,"tx_index":2}',0,'CREDIT','eacd03b732d28924807d4f0cb1c1aa5720a78bf44d23660fb1658a5fd1b4e9a3','9688c557d0ea50c5fd73310842f6c73f367d9e430e9dbefed3f2950bfa06f329');
INSERT INTO messages VALUES(11,310001,'insert','sends','{"asset":"XCP","block_index":310001,"destination":"2_mnfAHmddVibnZNSkh8DvKaQoiEfNsxjXzH_mtQheFaSfWELRB2MyMBaiWjdDm6ux9Ezns_2","quantity":50000000,"source":"2_mn6q3dS2EnDUx3bmyWc6D4szJNVGtaR7zc_mtQheFaSfWELRB2MyMBaiWjdDm6ux9Ezns_2","status":"valid","tx_hash":"eacd03b732d28924807d4f0cb1c1aa5720a78bf44d23660fb1658a5fd1b4e9a3","tx_index":2}',0,'SEND','eacd03b732d28924807d4f0cb1c1aa5720a78bf44d23660fb1658a5fd1b4e9a3','52e7e94fcd6c0da156494d8da9bad2c694e3e1ba70d0849260a5f76bd0e00c64');
INSERT INTO messages VALUES(12,310001,'parse','transactions','{"supported":true,"tx_hash":"eacd03b732d28924807d4f0cb1c1aa5720a78bf44d23660fb1658a5fd1b4e9a3","tx_index":2}',0,'TRANSACTION_PARSED','eacd03b732d28924807d4f0cb1c1aa5720a78bf44d23660fb1658a5fd1b4e9a3','b4bf381065424a775953708f0395f227c00addec9fa8a921f2759b354b54b1c4');
INSERT INTO messages VALUES(13,310001,'parse','blocks','{"block_index":310001,"ledger_hash":"0cda5c4a26f0b23d5b948142dcd226b2718c57c9c6a481250128a7a1c8ad30dc","messages_hash":"aff0be14b9e6ace9e4d6333cf04061ef6447598c02d9b27fac1d939df31aa09c","transaction_count":1,"txlist_hash":"1c009ff73127980e51ba6a7035bec5c2a9650b5a184da1d55c3d807fa658f8e7"}',0,'BLOCK_PARSED',NULL,'7918065884b9059fff8e8fdde643ff3bd4345e0a85ff16a159600d751bd52dde');
INSERT INTO messages VALUES(14,310002,'insert','blocks','{"block_hash":"fbb60f1144e1f7d4dc036a4a158a10ea6dea2ba6283a723342a49b8eb5cc9964","block_index":310002,"block_time":310002000,"difficulty":null,"ledger_hash":null,"previous_block_hash":null,"txlist_hash":null}',0,'NEW_BLOCK',NULL,'acf0a8df67e80c2d0615c3205f83aa6b57131beeed4cdc0e7ad0023d117a5eb6');
INSERT INTO messages VALUES(15,310002,'insert','transactions','{"block_hash":"fbb60f1144e1f7d4dc036a4a158a10ea6dea2ba6283a723342a49b8eb5cc9964","block_index":310002,"block_time":310002000,"btc_amount":0,"data":"0000000a00000000000000000000000002faf08000000000000000010000000005f5e100000a0000000000000000","destination":"","fee":1000000,"source":"2_mn6q3dS2EnDUx3bmyWc6D4szJNVGtaR7zc_mtQheFaSfWELRB2MyMBaiWjdDm6ux9Ezns_2","supported":true,"tx_hash":"025ca2c1784ca3c9389b9f227a5a04445908337e21e2ef9411c890e20aff61c0","tx_index":3}',0,'NEW_TRANSACTION',NULL,'13b9dc75e77e1376603aae16ad2a3aa9ccbd9c85aad9a2630bdd124066f9ce74');
INSERT INTO messages VALUES(16,310002,'insert','orders','{"block_index":310002,"expiration":10,"expire_index":310012,"fee_provided":1000000,"fee_provided_remaining":1000000,"fee_required":0,"fee_required_remaining":0,"get_asset":"XCP","get_quantity":100000000,"get_remaining":100000000,"give_asset":"BTC","give_quantity":50000000,"give_remaining":50000000,"source":"2_mn6q3dS2EnDUx3bmyWc6D4szJNVGtaR7zc_mtQheFaSfWELRB2MyMBaiWjdDm6ux9Ezns_2","status":"open","tx_hash":"025ca2c1784ca3c9389b9f227a5a04445908337e21e2ef9411c890e20aff61c0","tx_index":3}',0,'OPEN_ORDER','025ca2c1784ca3c9389b9f227a5a04445908337e21e2ef9411c890e20aff61c0','98e030ce2c0e8f103dbc0067dead66351161693a4d793874c4f8fd914ac1514d');
INSERT INTO messages VALUES(17,310002,'parse','transactions','{"supported":true,"tx_hash":"025ca2c1784ca3c9389b9f227a5a04445908337e21e2ef9411c890e20aff61c0","tx_index":3}',0,'TRANSACTION_PARSED','025ca2c1784ca3c9389b9f227a5a04445908337e21e2ef9411c890e20aff61c0','f5104acb82d14f1e67c11f56c2b01013fb7a6ece01e99331d22682f1b32949ee');
INSERT INTO messages VALUES(18,310002,'parse','blocks','{"block_index":310002,"ledger_hash":"657c31576766cf1f8a699a14e6c7493498673f1948bea1be4f639247f4d52d53","messages_hash":"3f32659dd96a8649fd53b83ac36a4fc05acaac73db54738573b8642b7875f787","transaction_count":1,"txlist_hash":"c674bb5077acb71ab19a6a4a8f779015846135e7b93a5006555fe1f4ad10c58e"}',0,'BLOCK_PARSED',NULL,'5dbbc8fe359e07175d20d2ba357ac9bafa647680fa783b913b6f3a999dc5b387');
INSERT INTO messages VALUES(19,310003,'insert','blocks','{"block_hash":"d50825dcb32bcf6f69994d616eba18de7718d3d859497e80751b2cb67e333e8a","block_index":310003,"block_time":310003000,"difficulty":null,"ledger_hash":null,"previous_block_hash":null,"txlist_hash":null}',0,'NEW_BLOCK',NULL,'be6de2eab19d1ca494a8c0d4a0c136a4a6dae111f0756cbcd7b80e5143122ff3');
INSERT INTO messages VALUES(20,310003,'insert','transactions','{"block_hash":"d50825dcb32bcf6f69994d616eba18de7718d3d859497e80751b2cb67e333e8a","block_index":310003,"block_time":310003000,"btc_amount":0,"data":"0000000a00000000000000010000000006422c4000000000000000000000000002faf080000a00000000000dbba0","destination":"","fee":6800,"source":"2_mn6q3dS2EnDUx3bmyWc6D4szJNVGtaR7zc_mtQheFaSfWELRB2MyMBaiWjdDm6ux9Ezns_2","supported":true,"tx_hash":"c6881f7505bd7fe0742c2ce50490e21431705bf2df4368be43f423fa0c515aee","tx_index":4}',0,'NEW_TRANSACTION',NULL,'14dfa78f5ca83d87399525746aef461accbbb7982d3e052d56133e83b0817234');
INSERT INTO messages VALUES(21,310003,'insert','debits','{"action":"open order","address":"2_mn6q3dS2EnDUx3bmyWc6D4szJNVGtaR7zc_mtQheFaSfWELRB2MyMBaiWjdDm6ux9Ezns_2","asset":"XCP","block_index":310003,"event":"c6881f7505bd7fe0742c2ce50490e21431705bf2df4368be43f423fa0c515aee","quantity":105000000,"tx_index":4}',0,'DEBIT','c6881f7505bd7fe0742c2ce50490e21431705bf2df4368be43f423fa0c515aee','5dbb89fc32f4d76a956f1cda281ceeb9773e6957c9803438eebc54f1bd03fd5a');
INSERT INTO messages VALUES(22,310003,'insert','orders','{"block_index":310003,"expiration":10,"expire_index":310013,"fee_provided":6800,"fee_provided_remaining":6800,"fee_required":900000,"fee_required_remaining":900000,"get_asset":"BTC","get_quantity":50000000,"get_remaining":50000000,"give_asset":"XCP","give_quantity":105000000,"give_remaining":105000000,"source":"2_mn6q3dS2EnDUx3bmyWc6D4szJNVGtaR7zc_mtQheFaSfWELRB2MyMBaiWjdDm6ux9Ezns_2","status":"open","tx_hash":"c6881f7505bd7fe0742c2ce50490e21431705bf2df4368be43f423fa0c515aee","tx_index":4}',0,'OPEN_ORDER','c6881f7505bd7fe0742c2ce50490e21431705bf2df4368be43f423fa0c515aee','409dd3b0e85a31237a723eb383417c47e1df88b5ba62d299481709ca8435deba');
INSERT INTO messages VALUES(23,310003,'update','orders','{"fee_provided_remaining":142858,"fee_required_remaining":0,"get_remaining":0,"give_remaining":0,"status":"open","tx_hash":"025ca2c1784ca3c9389b9f227a5a04445908337e21e2ef9411c890e20aff61c0"}',0,'ORDER_UPDATE','c6881f7505bd7fe0742c2ce50490e21431705bf2df4368be43f423fa0c515aee','8ea40d28bed8b66dbe0e2534a1b6878decb8988f11ce0ab44ef0eb138f039df6');
INSERT INTO messages VALUES(24,310003,'update','orders','{"fee_provided_remaining":6800,"fee_required_remaining":42858,"get_remaining":0,"give_remaining":5000000,"status":"open","tx_hash":"c6881f7505bd7fe0742c2ce50490e21431705bf2df4368be43f423fa0c515aee"}',0,'ORDER_UPDATE','c6881f7505bd7fe0742c2ce50490e21431705bf2df4368be43f423fa0c515aee','5aa12a5d2a70608bdb4f288873148cefc8a8d1b40ddb077a5128074be0825adb');
INSERT INTO messages VALUES(25,310003,'insert','order_matches','{"backward_asset":"XCP","backward_quantity":100000000,"block_index":310003,"fee_paid":857142,"forward_asset":"BTC","forward_quantity":50000000,"id":"025ca2c1784ca3c9389b9f227a5a04445908337e21e2ef9411c890e20aff61c0_c6881f7505bd7fe0742c2ce50490e21431705bf2df4368be43f423fa0c515aee","match_expire_index":310023,"status":"pending","tx0_address":"2_mn6q3dS2EnDUx3bmyWc6D4szJNVGtaR7zc_mtQheFaSfWELRB2MyMBaiWjdDm6ux9Ezns_2","tx0_block_index":310002,"tx0_expiration":10,"tx0_hash":"025ca2c1784ca3c9389b9f227a5a04445908337e21e2ef9411c890e20aff61c0","tx0_index":3,"tx1_address":"2_mn6q3dS2EnDUx3bmyWc6D4szJNVGtaR7zc_mtQheFaSfWELRB2MyMBaiWjdDm6ux9Ezns_2","tx1_block_index":310003,"tx1_expiration":10,"tx1_hash":"c6881f7505bd7fe0742c2ce50490e21431705bf2df4368be43f423fa0c515aee","tx1_index":4}',0,'ORDER_MATCH','c6881f7505bd7fe0742c2ce50490e21431705bf2df4368be43f423fa0c515aee','687be7852a4911ba63d961c2405578b239a62e55b3fff731505229644d0d9529');
INSERT INTO messages VALUES(26,310003,'parse','transactions','{"supported":true,"tx_hash":"c6881f7505bd7fe0742c2ce50490e21431705bf2df4368be43f423fa0c515aee","tx_index":4}',0,'TRANSACTION_PARSED','c6881f7505bd7fe0742c2ce50490e21431705bf2df4368be43f423fa0c515aee','4ce142dff68fd71152103723b91ef6769468c945aaf4ea0826fd54c38fb765e1');
INSERT INTO messages VALUES(27,310003,'parse','blocks','{"block_index":310003,"ledger_hash":"e11e7eeb21ff539c27324c94a407dc6f04c739f3ed9841f9f661bf4441e4d847","messages_hash":"85ce063a964cd9bc7d1b5803ebd4a0f460cd48e5be820968cd47859025492a45","transaction_count":1,"txlist_hash":"105a5c9915547d3ebfe733d284d6e812cada8e86a904510fc196e2f0af5b50a4"}',0,'BLOCK_PARSED',NULL,'de9438301cc2f8a40995332f2c338a4dbf8c54817de33f107617f629c43a4a0f');
INSERT INTO messages VALUES(28,310004,'insert','blocks','{"block_hash":"60cdc0ac0e3121ceaa2c3885f21f5789f49992ffef6e6ff99f7da80e36744615","block_index":310004,"block_time":310004000,"difficulty":null,"ledger_hash":null,"previous_block_hash":null,"txlist_hash":null}',0,'NEW_BLOCK',NULL,'1b6ba1d030b0dfd510508fe189a53e4d8a835a5e066dea964b4b9154265037a7');
INSERT INTO messages VALUES(29,310004,'insert','transactions','{"block_hash":"60cdc0ac0e3121ceaa2c3885f21f5789f49992ffef6e6ff99f7da80e36744615","block_index":310004,"block_time":310004000,"btc_amount":50000000,"data":"0000000b025ca2c1784ca3c9389b9f227a5a04445908337e21e2ef9411c890e20aff61c0c6881f7505bd7fe0742c2ce50490e21431705bf2df4368be43f423fa0c515aee","destination":"2_mn6q3dS2EnDUx3bmyWc6D4szJNVGtaR7zc_mtQheFaSfWELRB2MyMBaiWjdDm6ux9Ezns_2","fee":9675,"source":"2_mn6q3dS2EnDUx3bmyWc6D4szJNVGtaR7zc_mtQheFaSfWELRB2MyMBaiWjdDm6ux9Ezns_2","supported":true,"tx_hash":"b0bf5693ba52a5c6bda34671ba065606bd02277f281e9aa19d25778e26c2f7e2","tx_index":5}',0,'NEW_TRANSACTION',NULL,'aa2c7a8b11a2c7173d66d0a14c35ba8c49a19ab8652e4fd9800ad57ca608e3f3');
INSERT INTO messages VALUES(30,310004,'insert','credits','{"address":"2_mn6q3dS2EnDUx3bmyWc6D4szJNVGtaR7zc_mtQheFaSfWELRB2MyMBaiWjdDm6ux9Ezns_2","asset":"XCP","block_index":310004,"calling_function":"btcpay","event":"b0bf5693ba52a5c6bda34671ba065606bd02277f281e9aa19d25778e26c2f7e2","quantity":100000000,"tx_index":5}',0,'CREDIT','b0bf5693ba52a5c6bda34671ba065606bd02277f281e9aa19d25778e26c2f7e2','0b5b9032c8c5d57fe2fef5968a864e692945692a4d1ae4d3fcedb6b3029e9b37');
INSERT INTO messages VALUES(31,310004,'update','order_matches','{"id":"025ca2c1784ca3c9389b9f227a5a04445908337e21e2ef9411c890e20aff61c0_c6881f7505bd7fe0742c2ce50490e21431705bf2df4368be43f423fa0c515aee","order_match_id":"025ca2c1784ca3c9389b9f227a5a04445908337e21e2ef9411c890e20aff61c0_c6881f7505bd7fe0742c2ce50490e21431705bf2df4368be43f423fa0c515aee","status":"completed"}',0,'ORDER_MATCH_UPDATE','b0bf5693ba52a5c6bda34671ba065606bd02277f281e9aa19d25778e26c2f7e2','900cdcfd604937ea25c500b7164d34498b244fda2bb0b6b1b71b2cf1e4b0e0e1');
INSERT INTO messages VALUES(32,310004,'insert','btcpays','{"block_index":310004,"btc_amount":50000000,"destination":"2_mn6q3dS2EnDUx3bmyWc6D4szJNVGtaR7zc_mtQheFaSfWELRB2MyMBaiWjdDm6ux9Ezns_2","order_match_id":"025ca2c1784ca3c9389b9f227a5a04445908337e21e2ef9411c890e20aff61c0_c6881f7505bd7fe0742c2ce50490e21431705bf2df4368be43f423fa0c515aee","source":"2_mn6q3dS2EnDUx3bmyWc6D4szJNVGtaR7zc_mtQheFaSfWELRB2MyMBaiWjdDm6ux9Ezns_2","status":"valid","tx_hash":"b0bf5693ba52a5c6bda34671ba065606bd02277f281e9aa19d25778e26c2f7e2","tx_index":5}',0,'BTC_PAY','b0bf5693ba52a5c6bda34671ba065606bd02277f281e9aa19d25778e26c2f7e2','155d308c61da29d495aab1a1e3c6dd315d64bf272d35607524f536c9d3d2d952');
INSERT INTO messages VALUES(33,310004,'parse','transactions','{"supported":true,"tx_hash":"b0bf5693ba52a5c6bda34671ba065606bd02277f281e9aa19d25778e26c2f7e2","tx_index":5}',0,'TRANSACTION_PARSED','b0bf5693ba52a5c6bda34671ba065606bd02277f281e9aa19d25778e26c2f7e2','75556f47412c442578ec9858452b84cf2e241f4f6b3e78f3b7ea79c098d4b08e');
INSERT INTO messages VALUES(34,310004,'parse','blocks','{"block_index":310004,"ledger_hash":"2742a3e99eed62c09d9ecdaf501aa69b0d0b21fc092ca061448d5016957f35e0","messages_hash":"604c56317946ca59a8278817b3802ec346527d2d286d64e2f354179effbe87b0","transaction_count":1,"txlist_hash":"369b47f51b512708e680edc5ba459b91e2a514f5a5c7cb8435670a4b3ed34dbe"}',0,'BLOCK_PARSED',NULL,'45250e036c7edee071ba4bf2243d1bbb433c63e50785caf797e3526824a81430');
INSERT INTO messages VALUES(35,310005,'insert','blocks','{"block_hash":"8005c2926b7ecc50376642bc661a49108b6dc62636463a5c492b123e2184cd9a","block_index":310005,"block_time":310005000,"difficulty":null,"ledger_hash":null,"previous_block_hash":null,"txlist_hash":null}',0,'NEW_BLOCK',NULL,'659cdd3c132dc4f1a12ffd94c6e8c74e1ad8e7ae7accaf73ccbc40a8baadc3a1');
INSERT INTO messages VALUES(36,310005,'insert','transactions','{"block_hash":"8005c2926b7ecc50376642bc661a49108b6dc62636463a5c492b123e2184cd9a","block_index":310005,"block_time":310005000,"btc_amount":0,"data":"000000140000000000004767000000003b9aca000100000000000000000000","destination":"","fee":6800,"source":"2_mn6q3dS2EnDUx3bmyWc6D4szJNVGtaR7zc_mtQheFaSfWELRB2MyMBaiWjdDm6ux9Ezns_2","supported":true,"tx_hash":"93599860b4a4a3b672a79c064812eb18d2e1b532613e08bd3ae1ee2a9979eae2","tx_index":6}',0,'NEW_TRANSACTION',NULL,'b4d6b12f1c9821a551bb18a1b82798e056079dac64ac64b44702bf815d38a85e');
INSERT INTO messages VALUES(37,310005,'insert','debits','{"action":"issuance fee","address":"2_mn6q3dS2EnDUx3bmyWc6D4szJNVGtaR7zc_mtQheFaSfWELRB2MyMBaiWjdDm6ux9Ezns_2","asset":"XCP","block_index":310005,"event":"93599860b4a4a3b672a79c064812eb18d2e1b532613e08bd3ae1ee2a9979eae2","quantity":50000000,"tx_index":6}',0,'DEBIT','93599860b4a4a3b672a79c064812eb18d2e1b532613e08bd3ae1ee2a9979eae2','48b429e1ab0f2ac044fdbbed23b4530a7df99ec69f55fa8c0c9d21c4700bdebd');
INSERT INTO messages VALUES(38,310005,'insert','assets','{"asset_id":"18279","asset_longname":null,"asset_name":"BBBB","block_index":310005}',0,'ASSET_CREATION','93599860b4a4a3b672a79c064812eb18d2e1b532613e08bd3ae1ee2a9979eae2','3a45d264dfccf58d0fd371ed1f175a9ecc1d615e916edd1463be8d69785f4461');
INSERT INTO messages VALUES(39,310005,'insert','issuances','{"asset":"BBBB","asset_longname":null,"block_index":310005,"call_date":0,"call_price":0.0,"callable":false,"description":"","description_locked":false,"divisible":true,"fee_paid":50000000,"issuer":"2_mn6q3dS2EnDUx3bmyWc6D4szJNVGtaR7zc_mtQheFaSfWELRB2MyMBaiWjdDm6ux9Ezns_2","locked":false,"quantity":1000000000,"reset":false,"source":"2_mn6q3dS2EnDUx3bmyWc6D4szJNVGtaR7zc_mtQheFaSfWELRB2MyMBaiWjdDm6ux9Ezns_2","status":"valid","transfer":false,"tx_hash":"93599860b4a4a3b672a79c064812eb18d2e1b532613e08bd3ae1ee2a9979eae2","tx_index":6}',0,'ASSET_ISSUANCE','93599860b4a4a3b672a79c064812eb18d2e1b532613e08bd3ae1ee2a9979eae2','169141dbdb6c56e118c2994369cd1cfa9626820fb724bf375a9c2906da10ef46');
INSERT INTO messages VALUES(40,310005,'insert','credits','{"address":"2_mn6q3dS2EnDUx3bmyWc6D4szJNVGtaR7zc_mtQheFaSfWELRB2MyMBaiWjdDm6ux9Ezns_2","asset":"BBBB","block_index":310005,"calling_function":"issuance","event":"93599860b4a4a3b672a79c064812eb18d2e1b532613e08bd3ae1ee2a9979eae2","quantity":1000000000,"tx_index":6}',0,'CREDIT','93599860b4a4a3b672a79c064812eb18d2e1b532613e08bd3ae1ee2a9979eae2','257d8db7d6437cd8aea2251f9e5915bbf087e527dee181347af004efd3de2986');
INSERT INTO messages VALUES(41,310005,'parse','transactions','{"supported":true,"tx_hash":"93599860b4a4a3b672a79c064812eb18d2e1b532613e08bd3ae1ee2a9979eae2","tx_index":6}',0,'TRANSACTION_PARSED','93599860b4a4a3b672a79c064812eb18d2e1b532613e08bd3ae1ee2a9979eae2','b9207cc3616047a1ec564f4639b8993106b39d20a923d329f7acacc774cb38a6');
INSERT INTO messages VALUES(42,310005,'parse','blocks','{"block_index":310005,"ledger_hash":"49f526a56f21491c797e8e2559f722ded6f6990b1f69c55dc38791d8d30f4048","messages_hash":"749e49e4acc486cd87eba638ccc294a0329962e013ca57aceb29129b77bc3993","transaction_count":1,"txlist_hash":"f0c2ddd7c39b14fc55d8518c65aa0811fe7807ebd1eebb4b66df8459f9e5352b"}',0,'BLOCK_PARSED',NULL,'d46fb06eee9453121c333b7604b5e868f52daeb1b007dfc936f0e6a60e35eca7');
INSERT INTO messages VALUES(43,310006,'insert','blocks','{"block_hash":"bdad69d1669eace68b9f246de113161099d4f83322e2acf402c42defef3af2bb","block_index":310006,"block_time":310006000,"difficulty":null,"ledger_hash":null,"previous_block_hash":null,"txlist_hash":null}',0,'NEW_BLOCK',NULL,'eb68a14f4d8f7a16e7308123e920dbb470c0d9b986856085ac81c8765b762b8d');
INSERT INTO messages VALUES(44,310006,'insert','transactions','{"block_hash":"bdad69d1669eace68b9f246de113161099d4f83322e2acf402c42defef3af2bb","block_index":310006,"block_time":310006000,"btc_amount":0,"data":"00000014000000000000476800000000000186a00000000000000000000006666f6f626172","destination":"","fee":6800,"source":"2_mn6q3dS2EnDUx3bmyWc6D4szJNVGtaR7zc_mtQheFaSfWELRB2MyMBaiWjdDm6ux9Ezns_2","supported":true,"tx_hash":"3318c4b8b244fbc64f6894d28f7a1866db5671f04d2e4f5911d0fd688f804404","tx_index":7}',0,'NEW_TRANSACTION',NULL,'6f91ac0706308618fd14019f76de42f987a596e3306262c3f507f0ea2a0530fe');
INSERT INTO messages VALUES(45,310006,'insert','debits','{"action":"issuance fee","address":"2_mn6q3dS2EnDUx3bmyWc6D4szJNVGtaR7zc_mtQheFaSfWELRB2MyMBaiWjdDm6ux9Ezns_2","asset":"XCP","block_index":310006,"event":"3318c4b8b244fbc64f6894d28f7a1866db5671f04d2e4f5911d0fd688f804404","quantity":50000000,"tx_index":7}',0,'DEBIT','3318c4b8b244fbc64f6894d28f7a1866db5671f04d2e4f5911d0fd688f804404','5c0ca14ac823265276149ff8011fa84f77af10da8f059bab235daa560bcc5b35');
INSERT INTO messages VALUES(46,310006,'insert','assets','{"asset_id":"18280","asset_longname":null,"asset_name":"BBBC","block_index":310006}',0,'ASSET_CREATION','3318c4b8b244fbc64f6894d28f7a1866db5671f04d2e4f5911d0fd688f804404','458fb5b8d2c82d03033ce992160c076a4dc3754dc618801b9346c224d2edb29e');
INSERT INTO messages VALUES(47,310006,'insert','issuances','{"asset":"BBBC","asset_longname":null,"block_index":310006,"call_date":0,"call_price":0.0,"callable":false,"description":"foobar","description_locked":false,"divisible":false,"fee_paid":50000000,"issuer":"2_mn6q3dS2EnDUx3bmyWc6D4szJNVGtaR7zc_mtQheFaSfWELRB2MyMBaiWjdDm6ux9Ezns_2","locked":false,"quantity":100000,"reset":false,"source":"2_mn6q3dS2EnDUx3bmyWc6D4szJNVGtaR7zc_mtQheFaSfWELRB2MyMBaiWjdDm6ux9Ezns_2","status":"valid","transfer":false,"tx_hash":"3318c4b8b244fbc64f6894d28f7a1866db5671f04d2e4f5911d0fd688f804404","tx_index":7}',0,'ASSET_ISSUANCE','3318c4b8b244fbc64f6894d28f7a1866db5671f04d2e4f5911d0fd688f804404','db2e792a95fa2de91dc10ce5697c420d32f50fa7e92a3e2599181aea3d7a0436');
INSERT INTO messages VALUES(48,310006,'insert','credits','{"address":"2_mn6q3dS2EnDUx3bmyWc6D4szJNVGtaR7zc_mtQheFaSfWELRB2MyMBaiWjdDm6ux9Ezns_2","asset":"BBBC","block_index":310006,"calling_function":"issuance","event":"3318c4b8b244fbc64f6894d28f7a1866db5671f04d2e4f5911d0fd688f804404","quantity":100000,"tx_index":7}',0,'CREDIT','3318c4b8b244fbc64f6894d28f7a1866db5671f04d2e4f5911d0fd688f804404','1839782f044a1a22ee57baea4dc91c7b4e5b32039299989a85be2d578c18bc4a');
INSERT INTO messages VALUES(49,310006,'parse','transactions','{"supported":true,"tx_hash":"3318c4b8b244fbc64f6894d28f7a1866db5671f04d2e4f5911d0fd688f804404","tx_index":7}',0,'TRANSACTION_PARSED','3318c4b8b244fbc64f6894d28f7a1866db5671f04d2e4f5911d0fd688f804404','284f29e553c321dea527f8873f6cd96984275087f68f218fe80e50359a47b22f');
INSERT INTO messages VALUES(50,310006,'parse','blocks','{"block_index":310006,"ledger_hash":"78787c4c9537fc4db5d1dc7d31d4fab6b445d57021aab1a38d4bd6a9404713c5","messages_hash":"7f779bd14bd0deb7c50202818057faf727a74ccbf993931dc8ca673dfac8ea7f","transaction_count":1,"txlist_hash":"877117b3bd10ddbe6e46f417845085a6bdecd86a4961b99c80e991b4c51e0f5e"}',0,'BLOCK_PARSED',NULL,'7ea03636db21394f5599ec8e00c9f011f29e792dabc67c02b9d0db88f85f7216');
INSERT INTO messages VALUES(51,310007,'insert','blocks','{"block_hash":"10a642b96d60091d08234d17dfdecf3025eca41e4fc8e3bbe71a91c5a457cb4b","block_index":310007,"block_time":310007000,"difficulty":null,"ledger_hash":null,"previous_block_hash":null,"txlist_hash":null}',0,'NEW_BLOCK',NULL,'09c2f1375c09976fb5a001f3790ec56ead8d659310c71d567d9e042af0cc7725');
INSERT INTO messages VALUES(52,310007,'insert','transactions','{"block_hash":"10a642b96d60091d08234d17dfdecf3025eca41e4fc8e3bbe71a91c5a457cb4b","block_index":310007,"block_time":310007000,"btc_amount":1000,"data":"00000000000000000000476700000000003d0900","destination":"2_mnfAHmddVibnZNSkh8DvKaQoiEfNsxjXzH_mtQheFaSfWELRB2MyMBaiWjdDm6ux9Ezns_2","fee":7650,"source":"2_mn6q3dS2EnDUx3bmyWc6D4szJNVGtaR7zc_mtQheFaSfWELRB2MyMBaiWjdDm6ux9Ezns_2","supported":true,"tx_hash":"e43d2ab22a3a5fe1de032bdf042381fc1d6fc34794abc51a1b3db46ccf8cbdbe","tx_index":8}',0,'NEW_TRANSACTION',NULL,'8f2b2c23b18d29e89bb0f8f179413ee514d43ee974b73520bdac5a97121d42ea');
INSERT INTO messages VALUES(53,310007,'insert','debits','{"action":"send","address":"2_mn6q3dS2EnDUx3bmyWc6D4szJNVGtaR7zc_mtQheFaSfWELRB2MyMBaiWjdDm6ux9Ezns_2","asset":"BBBB","block_index":310007,"event":"e43d2ab22a3a5fe1de032bdf042381fc1d6fc34794abc51a1b3db46ccf8cbdbe","quantity":4000000,"tx_index":8}',0,'DEBIT','e43d2ab22a3a5fe1de032bdf042381fc1d6fc34794abc51a1b3db46ccf8cbdbe','321d6e102cfe883ffec1e9fde882678a99e6c8ee37b5392b263e229807f8e011');
INSERT INTO messages VALUES(54,310007,'insert','credits','{"address":"2_mnfAHmddVibnZNSkh8DvKaQoiEfNsxjXzH_mtQheFaSfWELRB2MyMBaiWjdDm6ux9Ezns_2","asset":"BBBB","block_index":310007,"calling_function":"send","event":"e43d2ab22a3a5fe1de032bdf042381fc1d6fc34794abc51a1b3db46ccf8cbdbe","quantity":4000000,"tx_index":8}',0,'CREDIT','e43d2ab22a3a5fe1de032bdf042381fc1d6fc34794abc51a1b3db46ccf8cbdbe','704f76e5bca06c8836103ece8930db0e2e65423bde576e818b697c25feb0bff8');
INSERT INTO messages VALUES(55,310007,'insert','sends','{"asset":"BBBB","block_index":310007,"destination":"2_mnfAHmddVibnZNSkh8DvKaQoiEfNsxjXzH_mtQheFaSfWELRB2MyMBaiWjdDm6ux9Ezns_2","quantity":4000000,"source":"2_mn6q3dS2EnDUx3bmyWc6D4szJNVGtaR7zc_mtQheFaSfWELRB2MyMBaiWjdDm6ux9Ezns_2","status":"valid","tx_hash":"e43d2ab22a3a5fe1de032bdf042381fc1d6fc34794abc51a1b3db46ccf8cbdbe","tx_index":8}',0,'SEND','e43d2ab22a3a5fe1de032bdf042381fc1d6fc34794abc51a1b3db46ccf8cbdbe','67ccba999b6673d20ad899100e66785552a7a6b4b05d737d76e35beb6261cd10');
INSERT INTO messages VALUES(56,310007,'parse','transactions','{"supported":true,"tx_hash":"e43d2ab22a3a5fe1de032bdf042381fc1d6fc34794abc51a1b3db46ccf8cbdbe","tx_index":8}',0,'TRANSACTION_PARSED','e43d2ab22a3a5fe1de032bdf042381fc1d6fc34794abc51a1b3db46ccf8cbdbe','4e54843d21206b4bc7cce079b4647bde5b20343143121562e9d03a288da9f1a5');
INSERT INTO messages VALUES(57,310007,'parse','blocks','{"block_index":310007,"ledger_hash":"5cc2599b63007433426c220c59a777b5c37b1165595f2ba239c3ce578c8055ab","messages_hash":"083350a1e612ceb9ee024f0530bdab689c0988fd500da8a1263718a9efe4d8b0","transaction_count":1,"txlist_hash":"702a5772ce8529995f7a66a244e8be495e3f7cbedb7b09f47e3d5aa941c7f4c1"}',0,'BLOCK_PARSED',NULL,'a6c5b123fbc8216ae56b8ddf39820db3fe586949833654b667304380f28d0b30');
INSERT INTO messages VALUES(58,310008,'insert','blocks','{"block_hash":"47d0e3acbdc6916aeae95e987f9cfa16209b3df1e67bb38143b3422b32322c33","block_index":310008,"block_time":310008000,"difficulty":null,"ledger_hash":null,"previous_block_hash":null,"txlist_hash":null}',0,'NEW_BLOCK',NULL,'6a4026187e1bd708e231f485e8e0f2c20d58c0dd1e9af028a444dfb8803a2d2d');
INSERT INTO messages VALUES(59,310008,'insert','transactions','{"block_hash":"47d0e3acbdc6916aeae95e987f9cfa16209b3df1e67bb38143b3422b32322c33","block_index":310008,"block_time":310008000,"btc_amount":1000,"data":"000000000000000000004768000000000000020e","destination":"2_mnfAHmddVibnZNSkh8DvKaQoiEfNsxjXzH_mtQheFaSfWELRB2MyMBaiWjdDm6ux9Ezns_2","fee":7650,"source":"2_mn6q3dS2EnDUx3bmyWc6D4szJNVGtaR7zc_mtQheFaSfWELRB2MyMBaiWjdDm6ux9Ezns_2","supported":true,"tx_hash":"7b48b32b5373757d0bfa50358184117ca01b5ad564ca4338ecb021ae726a19c9","tx_index":9}',0,'NEW_TRANSACTION',NULL,'bfb6fc5dadd361b41177318b6bc1a45054b769deb34c41a8166eb67a2830e7a4');
INSERT INTO messages VALUES(60,310008,'insert','debits','{"action":"send","address":"2_mn6q3dS2EnDUx3bmyWc6D4szJNVGtaR7zc_mtQheFaSfWELRB2MyMBaiWjdDm6ux9Ezns_2","asset":"BBBC","block_index":310008,"event":"7b48b32b5373757d0bfa50358184117ca01b5ad564ca4338ecb021ae726a19c9","quantity":526,"tx_index":9}',0,'DEBIT','7b48b32b5373757d0bfa50358184117ca01b5ad564ca4338ecb021ae726a19c9','1d61c389f2e7afe6e6f3e7ff0ce01d6d62ab96eab60231276876361953b40b43');
INSERT INTO messages VALUES(61,310008,'insert','credits','{"address":"2_mnfAHmddVibnZNSkh8DvKaQoiEfNsxjXzH_mtQheFaSfWELRB2MyMBaiWjdDm6ux9Ezns_2","asset":"BBBC","block_index":310008,"calling_function":"send","event":"7b48b32b5373757d0bfa50358184117ca01b5ad564ca4338ecb021ae726a19c9","quantity":526,"tx_index":9}',0,'CREDIT','7b48b32b5373757d0bfa50358184117ca01b5ad564ca4338ecb021ae726a19c9','df6fba53ea8f4971ce20b34dc087e201fc21ba0ec24a1d43b3d5db20ee2341ec');
INSERT INTO messages VALUES(62,310008,'insert','sends','{"asset":"BBBC","block_index":310008,"destination":"2_mnfAHmddVibnZNSkh8DvKaQoiEfNsxjXzH_mtQheFaSfWELRB2MyMBaiWjdDm6ux9Ezns_2","quantity":526,"source":"2_mn6q3dS2EnDUx3bmyWc6D4szJNVGtaR7zc_mtQheFaSfWELRB2MyMBaiWjdDm6ux9Ezns_2","status":"valid","tx_hash":"7b48b32b5373757d0bfa50358184117ca01b5ad564ca4338ecb021ae726a19c9","tx_index":9}',0,'SEND','7b48b32b5373757d0bfa50358184117ca01b5ad564ca4338ecb021ae726a19c9','690651f22b722077530075d3fad3ebb6d01407874b3beaed43780d9296a08f86');
INSERT INTO messages VALUES(63,310008,'parse','transactions','{"supported":true,"tx_hash":"7b48b32b5373757d0bfa50358184117ca01b5ad564ca4338ecb021ae726a19c9","tx_index":9}',0,'TRANSACTION_PARSED','7b48b32b5373757d0bfa50358184117ca01b5ad564ca4338ecb021ae726a19c9','70ba4a331f570516c46715ec88f0e1928607974254b3713f270be7b358ce43d9');
INSERT INTO messages VALUES(64,310008,'parse','blocks','{"block_index":310008,"ledger_hash":"9550db622e679ff3d63d814f9ffa743d57eb12491b213ef6474617a6c738c3fa","messages_hash":"90f92aeda752038ceeafb5e3afa4425b6de389ff4c08e604fc9648e3e9160fbc","transaction_count":1,"txlist_hash":"6c536f7ae10567cbd91945e3e958640e6c65408f83e4a1d93e705950ba39de1b"}',0,'BLOCK_PARSED',NULL,'2c6d5019a20157f61f91e724bb047f0e92fee58b415585e79443a2220ebb9df1');
INSERT INTO messages VALUES(65,310009,'insert','blocks','{"block_hash":"4d474992b141620bf3753863db7ee5e8af26cadfbba27725911f44fa657bc1c0","block_index":310009,"block_time":310009000,"difficulty":null,"ledger_hash":null,"previous_block_hash":null,"txlist_hash":null}',0,'NEW_BLOCK',NULL,'35c02ab0250c0cf3964e49aaa4a6d824d4a07d7062511cd4da583149e5a6b251');
INSERT INTO messages VALUES(66,310009,'insert','transactions','{"block_hash":"4d474992b141620bf3753863db7ee5e8af26cadfbba27725911f44fa657bc1c0","block_index":310009,"block_time":310009000,"btc_amount":0,"data":"00000032000000000000025800000000000047670000000000000001","destination":"","fee":6800,"source":"2_mn6q3dS2EnDUx3bmyWc6D4szJNVGtaR7zc_mtQheFaSfWELRB2MyMBaiWjdDm6ux9Ezns_2","supported":true,"tx_hash":"cbc73bb03bae7cbaa0e88c9c16cb78fa6f315b9a6383f0f7efb63d0fdd831a81","tx_index":10}',0,'NEW_TRANSACTION',NULL,'1cbace4d7654f16785172c9e1236c7a5bc9af30fa6f6261daa815e530d5541de');
INSERT INTO messages VALUES(67,310009,'insert','debits','{"action":"dividend","address":"2_mn6q3dS2EnDUx3bmyWc6D4szJNVGtaR7zc_mtQheFaSfWELRB2MyMBaiWjdDm6ux9Ezns_2","asset":"XCP","block_index":310009,"event":"cbc73bb03bae7cbaa0e88c9c16cb78fa6f315b9a6383f0f7efb63d0fdd831a81","quantity":24,"tx_index":10}',0,'DEBIT','cbc73bb03bae7cbaa0e88c9c16cb78fa6f315b9a6383f0f7efb63d0fdd831a81','2a642383421c1d9b60310eddb4944452600688e63a0dd214f303e4e58bfdfb2d');
INSERT INTO messages VALUES(68,310009,'insert','debits','{"action":"dividend fee","address":"2_mn6q3dS2EnDUx3bmyWc6D4szJNVGtaR7zc_mtQheFaSfWELRB2MyMBaiWjdDm6ux9Ezns_2","asset":"XCP","block_index":310009,"event":"cbc73bb03bae7cbaa0e88c9c16cb78fa6f315b9a6383f0f7efb63d0fdd831a81","quantity":20000,"tx_index":10}',0,'DEBIT','cbc73bb03bae7cbaa0e88c9c16cb78fa6f315b9a6383f0f7efb63d0fdd831a81','c2d8651714908175d4329b34a4c0bcb69e989f2baf3c7ce8ee621650a31cdfe8');
INSERT INTO messages VALUES(69,310009,'insert','credits','{"address":"2_mnfAHmddVibnZNSkh8DvKaQoiEfNsxjXzH_mtQheFaSfWELRB2MyMBaiWjdDm6ux9Ezns_2","asset":"XCP","block_index":310009,"calling_function":"dividend","event":"cbc73bb03bae7cbaa0e88c9c16cb78fa6f315b9a6383f0f7efb63d0fdd831a81","quantity":24,"tx_index":10}',0,'CREDIT','cbc73bb03bae7cbaa0e88c9c16cb78fa6f315b9a6383f0f7efb63d0fdd831a81','2e7956c3d1998a48a2e19ea2c4a1fd8c312c973de0fae0a4d0fe832ab5e40dcb');
INSERT INTO messages VALUES(70,310009,'insert','dividends','{"asset":"BBBB","block_index":310009,"dividend_asset":"XCP","fee_paid":20000,"quantity_per_unit":600,"source":"2_mn6q3dS2EnDUx3bmyWc6D4szJNVGtaR7zc_mtQheFaSfWELRB2MyMBaiWjdDm6ux9Ezns_2","status":"valid","tx_hash":"cbc73bb03bae7cbaa0e88c9c16cb78fa6f315b9a6383f0f7efb63d0fdd831a81","tx_index":10}',0,'ASSET_DIVIDEND','cbc73bb03bae7cbaa0e88c9c16cb78fa6f315b9a6383f0f7efb63d0fdd831a81','05f26400b82f7f1cf47b9d4e9dfe9b052c5956089774511bcf73ce8be0be08d1');
INSERT INTO messages VALUES(71,310009,'parse','transactions','{"supported":true,"tx_hash":"cbc73bb03bae7cbaa0e88c9c16cb78fa6f315b9a6383f0f7efb63d0fdd831a81","tx_index":10}',0,'TRANSACTION_PARSED','cbc73bb03bae7cbaa0e88c9c16cb78fa6f315b9a6383f0f7efb63d0fdd831a81','5fdf336471df38b0094ed1e47d449500d666e58f1791ba63471de432f31f2e53');
INSERT INTO messages VALUES(72,310009,'parse','blocks','{"block_index":310009,"ledger_hash":"08c005dd5bae7f21ca27803d75318ac4b968c6d4dd2c275ef284c03fea43b189","messages_hash":"1b1d3f54f2c475d8a35dc8b828e3c3a8cc902208ea761dc0295e5d1af21591e8","transaction_count":1,"txlist_hash":"8f8156aca3441754221fbf9cc21b0e7d877a533e00f63950be3f95d0a9305433"}',0,'BLOCK_PARSED',NULL,'7aa651b41b529b22e03baa205bf52b3766d9bff0134ea72b1f7c31e328c41140');
INSERT INTO messages VALUES(73,310010,'insert','blocks','{"block_hash":"a58162dff81a32e6a29b075be759dbb9fa9b8b65303e69c78fb4d7b0acc37042","block_index":310010,"block_time":310010000,"difficulty":null,"ledger_hash":null,"previous_block_hash":null,"txlist_hash":null}',0,'NEW_BLOCK',NULL,'01f66970ac6265d9bb779a72ab9657e45d499d7c215ba45e55efdc9d4f22d799');
INSERT INTO messages VALUES(74,310010,'insert','transactions','{"block_hash":"a58162dff81a32e6a29b075be759dbb9fa9b8b65303e69c78fb4d7b0acc37042","block_index":310010,"block_time":310010000,"btc_amount":0,"data":"00000032000000000000032000000000000047680000000000000001","destination":"","fee":6800,"source":"2_mn6q3dS2EnDUx3bmyWc6D4szJNVGtaR7zc_mtQheFaSfWELRB2MyMBaiWjdDm6ux9Ezns_2","supported":true,"tx_hash":"c59e9803933740537b59928d19d2b65812e6f2b8d1ac811d9262353a19327b97","tx_index":11}',0,'NEW_TRANSACTION',NULL,'501e4d17320460068a574e4ae0c724ec1212336c7f4a4329d9111a06f716a333');
INSERT INTO messages VALUES(75,310010,'insert','debits','{"action":"dividend","address":"2_mn6q3dS2EnDUx3bmyWc6D4szJNVGtaR7zc_mtQheFaSfWELRB2MyMBaiWjdDm6ux9Ezns_2","asset":"XCP","block_index":310010,"event":"c59e9803933740537b59928d19d2b65812e6f2b8d1ac811d9262353a19327b97","quantity":420800,"tx_index":11}',0,'DEBIT','c59e9803933740537b59928d19d2b65812e6f2b8d1ac811d9262353a19327b97','b5258fae098307065fe842b7a49c8ea203e5f8087f234ab0d8d653523ced0225');
INSERT INTO messages VALUES(76,310010,'insert','debits','{"action":"dividend fee","address":"2_mn6q3dS2EnDUx3bmyWc6D4szJNVGtaR7zc_mtQheFaSfWELRB2MyMBaiWjdDm6ux9Ezns_2","asset":"XCP","block_index":310010,"event":"c59e9803933740537b59928d19d2b65812e6f2b8d1ac811d9262353a19327b97","quantity":20000,"tx_index":11}',0,'DEBIT','c59e9803933740537b59928d19d2b65812e6f2b8d1ac811d9262353a19327b97','42dcf329acc30a90016489f90e33e9afae0383bd2587c92f7c9a2e147b4805a3');
INSERT INTO messages VALUES(77,310010,'insert','credits','{"address":"2_mnfAHmddVibnZNSkh8DvKaQoiEfNsxjXzH_mtQheFaSfWELRB2MyMBaiWjdDm6ux9Ezns_2","asset":"XCP","block_index":310010,"calling_function":"dividend","event":"c59e9803933740537b59928d19d2b65812e6f2b8d1ac811d9262353a19327b97","quantity":420800,"tx_index":11}',0,'CREDIT','c59e9803933740537b59928d19d2b65812e6f2b8d1ac811d9262353a19327b97','d23b34d4a461525eb3a1e0c19456ef818b6138bf02db7f5f97249aa3b899d9d3');
INSERT INTO messages VALUES(78,310010,'insert','dividends','{"asset":"BBBC","block_index":310010,"dividend_asset":"XCP","fee_paid":20000,"quantity_per_unit":800,"source":"2_mn6q3dS2EnDUx3bmyWc6D4szJNVGtaR7zc_mtQheFaSfWELRB2MyMBaiWjdDm6ux9Ezns_2","status":"valid","tx_hash":"c59e9803933740537b59928d19d2b65812e6f2b8d1ac811d9262353a19327b97","tx_index":11}',0,'ASSET_DIVIDEND','c59e9803933740537b59928d19d2b65812e6f2b8d1ac811d9262353a19327b97','4e81b6f29f1f3821f9c03b57ea96dbb429dd5d5c4aa52af0ddf9e52adbb4046b');
INSERT INTO messages VALUES(79,310010,'parse','transactions','{"supported":true,"tx_hash":"c59e9803933740537b59928d19d2b65812e6f2b8d1ac811d9262353a19327b97","tx_index":11}',0,'TRANSACTION_PARSED','c59e9803933740537b59928d19d2b65812e6f2b8d1ac811d9262353a19327b97','9ae3371b99d77c57038e58192e26df8270fc1cb532699c7fec86e3358918d9c6');
INSERT INTO messages VALUES(80,310010,'parse','blocks','{"block_index":310010,"ledger_hash":"07f48634d06e6be1d800e068cd213a648517fe167ed89c355d9db966897ed7b0","messages_hash":"31e8cf2226c1bc8ba2250cccc6cbc23465d6d4c403cf23c3f3b6e5fc0796fc42","transaction_count":1,"txlist_hash":"c5956a9750e786639ceb4a252a219afef6abb753037888c90ebf17a5c5db079f"}',0,'BLOCK_PARSED',NULL,'26b7a627a214221da5207132f342ee18d22818d17088c001f365fb51020aa6aa');
INSERT INTO messages VALUES(81,310011,'insert','blocks','{"block_hash":"8042cc2ef293fd73d050f283fbd075c79dd4c49fdcca054dc0714fc3a50dc1bb","block_index":310011,"block_time":310011000,"difficulty":null,"ledger_hash":null,"previous_block_hash":null,"txlist_hash":null}',0,'NEW_BLOCK',NULL,'a1569fa2087d2aa3ef5a4971db6a768e34c71262977dc9238613f6414b2bf068');
INSERT INTO messages VALUES(82,310011,'insert','transactions','{"block_hash":"8042cc2ef293fd73d050f283fbd075c79dd4c49fdcca054dc0714fc3a50dc1bb","block_index":310011,"block_time":310011000,"btc_amount":0,"data":"0000001e52bb3300405900000000000005f5e0ff09556e69742054657374","destination":"","fee":6800,"source":"2_mn6q3dS2EnDUx3bmyWc6D4szJNVGtaR7zc_mtQheFaSfWELRB2MyMBaiWjdDm6ux9Ezns_2","supported":true,"tx_hash":"0a15cc28e58f28a690051e66e6c50ecb68826077d59b75d05590a1db453d9d61","tx_index":12}',0,'NEW_TRANSACTION',NULL,'5f0c908a9025e358abc03e566f2a51bbd71b1d966376a5b00b7c69ed1ad7269b');
INSERT INTO messages VALUES(83,310011,'insert','broadcasts','{"block_index":310011,"fee_fraction_int":99999999,"locked":false,"source":"2_mn6q3dS2EnDUx3bmyWc6D4szJNVGtaR7zc_mtQheFaSfWELRB2MyMBaiWjdDm6ux9Ezns_2","status":"valid","text":"Unit Test","timestamp":1388000000,"tx_hash":"0a15cc28e58f28a690051e66e6c50ecb68826077d59b75d05590a1db453d9d61","tx_index":12,"value":100.0}',0,'BROADCAST','0a15cc28e58f28a690051e66e6c50ecb68826077d59b75d05590a1db453d9d61','f993707c6d9f3d1655d4626207ffb0681e6d9ca51b25a3dfb0696c4684eb31dc');
INSERT INTO messages VALUES(84,310011,'parse','transactions','{"supported":true,"tx_hash":"0a15cc28e58f28a690051e66e6c50ecb68826077d59b75d05590a1db453d9d61","tx_index":12}',0,'TRANSACTION_PARSED','0a15cc28e58f28a690051e66e6c50ecb68826077d59b75d05590a1db453d9d61','bd37cb3eb73dafeb7c678fd2e73bb8a61d0aca3250ef61639011ab26425f0673');
INSERT INTO messages VALUES(85,310011,'parse','blocks','{"block_index":310011,"ledger_hash":"8d0be0b3731bdd0d611e81b48efa6c706a983990f31bc563d57893f705b73aa7","messages_hash":"c28d9717c89a8e4bbe25591ab3c388de8b57f4a6feaef22e269259103ca013b1","transaction_count":1,"txlist_hash":"219d47523246e5c4ffa99ae9c29bdcfdf9f419bff3d21da76fdc91cfe99fc28d"}',0,'BLOCK_PARSED',NULL,'4fd865e008745d11102a7767e9ccffc1886618fa38833303eaf84a8ee94cba95');
INSERT INTO messages VALUES(86,310012,'insert','blocks','{"block_hash":"cdba329019d93a67b31b79d05f76ce1b7791d430ea0d6c1c2168fe78d2f67677","block_index":310012,"block_time":310012000,"difficulty":null,"ledger_hash":null,"previous_block_hash":null,"txlist_hash":null}',0,'NEW_BLOCK',NULL,'662eb649242254f05d33b755e11fb13e1747e12ff0864cccf6e0471392bad795');
INSERT INTO messages VALUES(87,310012,'insert','transactions','{"block_hash":"cdba329019d93a67b31b79d05f76ce1b7791d430ea0d6c1c2168fe78d2f67677","block_index":310012,"block_time":310012000,"btc_amount":1000,"data":"00000028000052bb33640000000002faf08000000000017d7840000000000000000000003b100000000a","destination":"2_mn6q3dS2EnDUx3bmyWc6D4szJNVGtaR7zc_mtQheFaSfWELRB2MyMBaiWjdDm6ux9Ezns_2","fee":7650,"source":"2_mn6q3dS2EnDUx3bmyWc6D4szJNVGtaR7zc_mtQheFaSfWELRB2MyMBaiWjdDm6ux9Ezns_2","supported":true,"tx_hash":"c36b65e3d4c105739d5c8cef470c0878d2e8da138416e09cb499edcec343c0b8","tx_index":13}',0,'NEW_TRANSACTION',NULL,'dfc026f2d2b43d74056032e6d01d9ef3cede0ab1f65f07b850d219b1aa496e32');
INSERT INTO messages VALUES(88,310012,'insert','debits','{"action":"bet","address":"2_mn6q3dS2EnDUx3bmyWc6D4szJNVGtaR7zc_mtQheFaSfWELRB2MyMBaiWjdDm6ux9Ezns_2","asset":"XCP","block_index":310012,"event":"c36b65e3d4c105739d5c8cef470c0878d2e8da138416e09cb499edcec343c0b8","quantity":50000000,"tx_index":13}',0,'DEBIT','c36b65e3d4c105739d5c8cef470c0878d2e8da138416e09cb499edcec343c0b8','ff92ca687e84d15164dd0d40bba57b5b16eb208027e06ee87eadc8e5222270ea');
INSERT INTO messages VALUES(89,310012,'insert','bets','{"bet_type":0,"block_index":310012,"counterwager_quantity":25000000,"counterwager_remaining":25000000,"deadline":1388000100,"expiration":10,"expire_index":310022,"fee_fraction_int":99999999.0,"feed_address":"2_mn6q3dS2EnDUx3bmyWc6D4szJNVGtaR7zc_mtQheFaSfWELRB2MyMBaiWjdDm6ux9Ezns_2","leverage":15120,"source":"2_mn6q3dS2EnDUx3bmyWc6D4szJNVGtaR7zc_mtQheFaSfWELRB2MyMBaiWjdDm6ux9Ezns_2","status":"open","target_value":0.0,"tx_hash":"c36b65e3d4c105739d5c8cef470c0878d2e8da138416e09cb499edcec343c0b8","tx_index":13,"wager_quantity":50000000,"wager_remaining":50000000}',0,'OPEN_BET','c36b65e3d4c105739d5c8cef470c0878d2e8da138416e09cb499edcec343c0b8','0117881e73a782fee5a13409ec9a3029f320767404f1a0460457f40498069bfb');
INSERT INTO messages VALUES(90,310012,'parse','transactions','{"supported":true,"tx_hash":"c36b65e3d4c105739d5c8cef470c0878d2e8da138416e09cb499edcec343c0b8","tx_index":13}',0,'TRANSACTION_PARSED','c36b65e3d4c105739d5c8cef470c0878d2e8da138416e09cb499edcec343c0b8','907f9e2133cfd6e1f84a06d7357f9fb8a0c5099c1215b79d402550bca05b1437');
INSERT INTO messages VALUES(91,310012,'parse','blocks','{"block_index":310012,"ledger_hash":"e3de05180536ad40eb9007f19ccb819fee0586cb9e7c414dc560e506ae5c09b7","messages_hash":"d94e77969e85a92606ff35900b9ddd36b397d552eb695e8c1ccdc0ffc83c627f","transaction_count":1,"txlist_hash":"ce6072bd562a52051fc530ec552aa343e4980a1b236f1cb8318c415d3eb2e851"}',0,'BLOCK_PARSED',NULL,'3b5fac27077494dcbb113c722717791f4f168970c7a14a66edb1b58fde4c05c3');
INSERT INTO messages VALUES(92,310013,'insert','blocks','{"block_hash":"0425e5e832e4286757dc0228cd505b8d572081007218abd3a0983a3bcd502a61","block_index":310013,"block_time":310013000,"difficulty":null,"ledger_hash":null,"previous_block_hash":null,"txlist_hash":null}',0,'NEW_BLOCK',NULL,'cbee81c7139a7037457bbc64ab1068dd3fd048c7963b7df22c2172e6c50fce07');
INSERT INTO messages VALUES(93,310013,'insert','transactions','{"block_hash":"0425e5e832e4286757dc0228cd505b8d572081007218abd3a0983a3bcd502a61","block_index":310013,"block_time":310013000,"btc_amount":1000,"data":"00000028000152bb336400000000017d78400000000002793d60000000000000000000003b100000000a","destination":"2_mn6q3dS2EnDUx3bmyWc6D4szJNVGtaR7zc_mtQheFaSfWELRB2MyMBaiWjdDm6ux9Ezns_2","fee":7650,"source":"2_mn6q3dS2EnDUx3bmyWc6D4szJNVGtaR7zc_mtQheFaSfWELRB2MyMBaiWjdDm6ux9Ezns_2","supported":true,"tx_hash":"23f77ca0034c19aa841413edfde7f4a3dca8d8ef582ce939dfc2e170c7c811a1","tx_index":14}',0,'NEW_TRANSACTION',NULL,'995cd19e56a8cf80db514e94d68749ec42704748f982f1507965a0e0272e0b52');
INSERT INTO messages VALUES(94,310013,'update','orders','{"status":"expired","tx_hash":"025ca2c1784ca3c9389b9f227a5a04445908337e21e2ef9411c890e20aff61c0"}',0,'ORDER_UPDATE',NULL,'d296a05a456f9a101f16c4d9678734f51600c84fd5cb17e660e3f559eac00150');
INSERT INTO messages VALUES(95,310013,'insert','order_expirations','{"block_index":310013,"order_hash":"025ca2c1784ca3c9389b9f227a5a04445908337e21e2ef9411c890e20aff61c0","source":"2_mn6q3dS2EnDUx3bmyWc6D4szJNVGtaR7zc_mtQheFaSfWELRB2MyMBaiWjdDm6ux9Ezns_2"}',0,'ORDER_EXPIRATION',NULL,'90381fde48e0a632227b326f94946f203b44c3af0076505624c60a9eedcfa9f3');
INSERT INTO messages VALUES(96,310013,'insert','debits','{"action":"bet","address":"2_mn6q3dS2EnDUx3bmyWc6D4szJNVGtaR7zc_mtQheFaSfWELRB2MyMBaiWjdDm6ux9Ezns_2","asset":"XCP","block_index":310013,"event":"23f77ca0034c19aa841413edfde7f4a3dca8d8ef582ce939dfc2e170c7c811a1","quantity":25000000,"tx_index":14}',0,'DEBIT','23f77ca0034c19aa841413edfde7f4a3dca8d8ef582ce939dfc2e170c7c811a1','f48fed2637e08114c080495594cd30b709e028aa5e48a6d99eb8d001cdf7ac5a');
INSERT INTO messages VALUES(97,310013,'insert','bets','{"bet_type":1,"block_index":310013,"counterwager_quantity":41500000,"counterwager_remaining":41500000,"deadline":1388000100,"expiration":10,"expire_index":310023,"fee_fraction_int":99999999.0,"feed_address":"2_mn6q3dS2EnDUx3bmyWc6D4szJNVGtaR7zc_mtQheFaSfWELRB2MyMBaiWjdDm6ux9Ezns_2","leverage":15120,"source":"2_mn6q3dS2EnDUx3bmyWc6D4szJNVGtaR7zc_mtQheFaSfWELRB2MyMBaiWjdDm6ux9Ezns_2","status":"open","target_value":0.0,"tx_hash":"23f77ca0034c19aa841413edfde7f4a3dca8d8ef582ce939dfc2e170c7c811a1","tx_index":14,"wager_quantity":25000000,"wager_remaining":25000000}',0,'OPEN_BET','23f77ca0034c19aa841413edfde7f4a3dca8d8ef582ce939dfc2e170c7c811a1','bedbdd24ce09c00ec20ee72da3aa91aac3fcbb8821f810be3088a27341bd678c');
INSERT INTO messages VALUES(98,310013,'update','bets','{"counterwager_remaining":4250000,"status":"open","tx_hash":"c36b65e3d4c105739d5c8cef470c0878d2e8da138416e09cb499edcec343c0b8","wager_remaining":8500000}',0,'BET_UPDATE','23f77ca0034c19aa841413edfde7f4a3dca8d8ef582ce939dfc2e170c7c811a1','2422df1186c3d09419db79df96a8b47dc6cf86d6b303b12c6a506fb9b61d53a4');
INSERT INTO messages VALUES(99,310013,'insert','credits','{"address":"2_mn6q3dS2EnDUx3bmyWc6D4szJNVGtaR7zc_mtQheFaSfWELRB2MyMBaiWjdDm6ux9Ezns_2","asset":"XCP","block_index":310013,"calling_function":"filled","event":"23f77ca0034c19aa841413edfde7f4a3dca8d8ef582ce939dfc2e170c7c811a1","quantity":4250000,"tx_index":14}',0,'CREDIT','23f77ca0034c19aa841413edfde7f4a3dca8d8ef582ce939dfc2e170c7c811a1','5e4b43a1d847258ba48cb9063fdd84d3f3a8746e54d014d4aa6fa25cdd02f16f');
INSERT INTO messages VALUES(100,310013,'update','bets','{"counterwager_remaining":0,"status":"filled","tx_hash":"23f77ca0034c19aa841413edfde7f4a3dca8d8ef582ce939dfc2e170c7c811a1","wager_remaining":4250000}',0,'BET_UPDATE','23f77ca0034c19aa841413edfde7f4a3dca8d8ef582ce939dfc2e170c7c811a1','10e7ed94b3f1139add01bc56a4c0b3b4b2a7373eaf1a8f8f85740862d50310c6');
INSERT INTO messages VALUES(101,310013,'insert','bet_matches','{"backward_quantity":20750000,"block_index":310012,"deadline":1388000100,"fee_fraction_int":99999999,"feed_address":"2_mn6q3dS2EnDUx3bmyWc6D4szJNVGtaR7zc_mtQheFaSfWELRB2MyMBaiWjdDm6ux9Ezns_2","forward_quantity":41500000,"id":"c36b65e3d4c105739d5c8cef470c0878d2e8da138416e09cb499edcec343c0b8_23f77ca0034c19aa841413edfde7f4a3dca8d8ef582ce939dfc2e170c7c811a1","initial_value":100.0,"leverage":15120,"match_expire_index":310022,"status":"pending","target_value":0.0,"tx0_address":"2_mn6q3dS2EnDUx3bmyWc6D4szJNVGtaR7zc_mtQheFaSfWELRB2MyMBaiWjdDm6ux9Ezns_2","tx0_bet_type":0,"tx0_block_index":310012,"tx0_expiration":10,"tx0_hash":"c36b65e3d4c105739d5c8cef470c0878d2e8da138416e09cb499edcec343c0b8","tx0_index":13,"tx1_address":"2_mn6q3dS2EnDUx3bmyWc6D4szJNVGtaR7zc_mtQheFaSfWELRB2MyMBaiWjdDm6ux9Ezns_2","tx1_bet_type":1,"tx1_block_index":310013,"tx1_expiration":10,"tx1_hash":"23f77ca0034c19aa841413edfde7f4a3dca8d8ef582ce939dfc2e170c7c811a1","tx1_index":14}',0,'BET_MATCH','23f77ca0034c19aa841413edfde7f4a3dca8d8ef582ce939dfc2e170c7c811a1','7fd6aa94f5e2a4901f1a44374778ff0d4417e794117c3ff4cfc41dd75f4733cc');
INSERT INTO messages VALUES(102,310013,'parse','transactions','{"supported":true,"tx_hash":"23f77ca0034c19aa841413edfde7f4a3dca8d8ef582ce939dfc2e170c7c811a1","tx_index":14}',0,'TRANSACTION_PARSED','23f77ca0034c19aa841413edfde7f4a3dca8d8ef582ce939dfc2e170c7c811a1','92543be9fa7c82141a1962acdc20376ae37f91cd08bcab014a95242cbc51de94');
INSERT INTO messages VALUES(103,310013,'parse','blocks','{"block_index":310013,"ledger_hash":"e521556db091cc726fb38cbebfd10923e37dab652c51dca73a646fe5bd81bb96","messages_hash":"8ae2ab31e8d5f968d56f2024cdf1cef64d5efdd277b2d5fa9fe08b81146c1d98","transaction_count":1,"txlist_hash":"1a1e24f2debcd4b5b1e350a71823758d3114335ac831367bc91c9e487b94c65c"}',0,'BLOCK_PARSED',NULL,'0c896f276716b7f105f216b526e0eaa2f74c22cab7dc750fa28e5e38fe92e9c3');
INSERT INTO messages VALUES(104,310014,'insert','blocks','{"block_hash":"85b28d413ebda2968ed82ae53643677338650151b997ed1e4656158005b9f65f","block_index":310014,"block_time":310014000,"difficulty":null,"ledger_hash":null,"previous_block_hash":null,"txlist_hash":null}',0,'NEW_BLOCK',NULL,'11dfd8d8760077cd8e79488c5365ffa22104708cf9ff2e886321c5f92b950e9f');
INSERT INTO messages VALUES(105,310014,'insert','transactions','{"block_hash":"85b28d413ebda2968ed82ae53643677338650151b997ed1e4656158005b9f65f","block_index":310014,"block_time":310014000,"btc_amount":1000,"data":"00000028000052bb33640000000008f0d1800000000014dc93800000000000000000000013b00000000a","destination":"2_mn6q3dS2EnDUx3bmyWc6D4szJNVGtaR7zc_mtQheFaSfWELRB2MyMBaiWjdDm6ux9Ezns_2","fee":7650,"source":"2_mn6q3dS2EnDUx3bmyWc6D4szJNVGtaR7zc_mtQheFaSfWELRB2MyMBaiWjdDm6ux9Ezns_2","supported":true,"tx_hash":"a5a1927a83521144a5aa751f61065b530c9447c5b2c35e35064de32dae9573fd","tx_index":15}',0,'NEW_TRANSACTION',NULL,'a72894476dc96ea2d916e5fea6a4b85b7049b944777961d793a16bf9eb48f52d');
INSERT INTO messages VALUES(106,310014,'update','orders','{"status":"expired","tx_hash":"c6881f7505bd7fe0742c2ce50490e21431705bf2df4368be43f423fa0c515aee"}',0,'ORDER_UPDATE',NULL,'76e48039cf7b908d4c1b47f66b9348c006660d2297e46e4473b5622b6fd5c19c');
INSERT INTO messages VALUES(107,310014,'insert','credits','{"address":"2_mn6q3dS2EnDUx3bmyWc6D4szJNVGtaR7zc_mtQheFaSfWELRB2MyMBaiWjdDm6ux9Ezns_2","asset":"XCP","block_index":310014,"calling_function":"cancel order","event":"c6881f7505bd7fe0742c2ce50490e21431705bf2df4368be43f423fa0c515aee","quantity":5000000,"tx_index":0}',0,'CREDIT',NULL,'fd5317b5b72fcc36d57dcb6c44908901b472c168b89d9580b4005f1a883646ef');
INSERT INTO messages VALUES(108,310014,'insert','order_expirations','{"block_index":310014,"order_hash":"c6881f7505bd7fe0742c2ce50490e21431705bf2df4368be43f423fa0c515aee","source":"2_mn6q3dS2EnDUx3bmyWc6D4szJNVGtaR7zc_mtQheFaSfWELRB2MyMBaiWjdDm6ux9Ezns_2"}',0,'ORDER_EXPIRATION',NULL,'350aeccfb6b8645208af88e5c179ea4c2ecf46a6f00b5b484865dd5e89cec6d6');
INSERT INTO messages VALUES(109,310014,'insert','debits','{"action":"bet","address":"2_mn6q3dS2EnDUx3bmyWc6D4szJNVGtaR7zc_mtQheFaSfWELRB2MyMBaiWjdDm6ux9Ezns_2","asset":"XCP","block_index":310014,"event":"a5a1927a83521144a5aa751f61065b530c9447c5b2c35e35064de32dae9573fd","quantity":150000000,"tx_index":15}',0,'DEBIT','a5a1927a83521144a5aa751f61065b530c9447c5b2c35e35064de32dae9573fd','c7ab0eb5319ebd303a773e436c7be6cad045a5b48ebb7e4e88cb5eaf8a8368c4');
INSERT INTO messages VALUES(110,310014,'insert','bets','{"bet_type":0,"block_index":310014,"counterwager_quantity":350000000,"counterwager_remaining":350000000,"deadline":1388000100,"expiration":10,"expire_index":310024,"fee_fraction_int":99999999.0,"feed_address":"2_mn6q3dS2EnDUx3bmyWc6D4szJNVGtaR7zc_mtQheFaSfWELRB2MyMBaiWjdDm6ux9Ezns_2","leverage":5040,"source":"2_mn6q3dS2EnDUx3bmyWc6D4szJNVGtaR7zc_mtQheFaSfWELRB2MyMBaiWjdDm6ux9Ezns_2","status":"open","target_value":0.0,"tx_hash":"a5a1927a83521144a5aa751f61065b530c9447c5b2c35e35064de32dae9573fd","tx_index":15,"wager_quantity":150000000,"wager_remaining":150000000}',0,'OPEN_BET','a5a1927a83521144a5aa751f61065b530c9447c5b2c35e35064de32dae9573fd','e4370410be8860f34330f2325b2beaeeaa0abfa654dac90d4a09af4d5561716b');
INSERT INTO messages VALUES(111,310014,'parse','transactions','{"supported":true,"tx_hash":"a5a1927a83521144a5aa751f61065b530c9447c5b2c35e35064de32dae9573fd","tx_index":15}',0,'TRANSACTION_PARSED','a5a1927a83521144a5aa751f61065b530c9447c5b2c35e35064de32dae9573fd','db5b75bf65546e85503d05c55a9226f924f5f611f445cd09d430bad9fcfc1bac');
INSERT INTO messages VALUES(112,310014,'parse','blocks','{"block_index":310014,"ledger_hash":"1cd6d92fbbca9266135a35f20a4328d510c8d209ba6161dc8c9e9bfa69032c57","messages_hash":"9118982ff5cca932daa78480e8d4cc7cd06e4a3c55eaeb7f354832250a3fc789","transaction_count":1,"txlist_hash":"80ee1bd354b8e1aa1c2f57926fbd36c0d9e2dbd3f77d8f2e43d59b29bd8175a6"}',0,'BLOCK_PARSED',NULL,'2b4420a2c1089b1c8fa0cf39752275674274da825909393171d56a4b5bcf815c');
INSERT INTO messages VALUES(113,310015,'insert','blocks','{"block_hash":"4cf77d688f18f0c68c077db882f62e49f31859dfa6144372457cd73b29223922","block_index":310015,"block_time":310015000,"difficulty":null,"ledger_hash":null,"previous_block_hash":null,"txlist_hash":null}',0,'NEW_BLOCK',NULL,'afaaffaa1dcec5410d247d72d38c6849bbde2ae746415d5d69005360c016f15b');
INSERT INTO messages VALUES(114,310015,'insert','transactions','{"block_hash":"4cf77d688f18f0c68c077db882f62e49f31859dfa6144372457cd73b29223922","block_index":310015,"block_time":310015000,"btc_amount":1000,"data":"00000028000152bb33640000000014dc93800000000008f0d1800000000000000000000013b00000000a","destination":"2_mn6q3dS2EnDUx3bmyWc6D4szJNVGtaR7zc_mtQheFaSfWELRB2MyMBaiWjdDm6ux9Ezns_2","fee":7650,"source":"2_mn6q3dS2EnDUx3bmyWc6D4szJNVGtaR7zc_mtQheFaSfWELRB2MyMBaiWjdDm6ux9Ezns_2","supported":true,"tx_hash":"6aa4c5853aa9971d13c0291c4e91ee5cddd506521942377aca5c3b1a48780c75","tx_index":16}',0,'NEW_TRANSACTION',NULL,'f64f3960db176c8f6b8e668b5213a77bd7e3481222b3d0b8f61b9edac4d6a897');
INSERT INTO messages VALUES(115,310015,'insert','debits','{"action":"bet","address":"2_mn6q3dS2EnDUx3bmyWc6D4szJNVGtaR7zc_mtQheFaSfWELRB2MyMBaiWjdDm6ux9Ezns_2","asset":"XCP","block_index":310015,"event":"6aa4c5853aa9971d13c0291c4e91ee5cddd506521942377aca5c3b1a48780c75","quantity":350000000,"tx_index":16}',0,'DEBIT','6aa4c5853aa9971d13c0291c4e91ee5cddd506521942377aca5c3b1a48780c75','712ed3d6c2c587eded3d19d7354d48e726a3c0cc0b1c178d1aac390dd335f9c3');
INSERT INTO messages VALUES(116,310015,'insert','bets','{"bet_type":1,"block_index":310015,"counterwager_quantity":150000000,"counterwager_remaining":150000000,"deadline":1388000100,"expiration":10,"expire_index":310025,"fee_fraction_int":99999999.0,"feed_address":"2_mn6q3dS2EnDUx3bmyWc6D4szJNVGtaR7zc_mtQheFaSfWELRB2MyMBaiWjdDm6ux9Ezns_2","leverage":5040,"source":"2_mn6q3dS2EnDUx3bmyWc6D4szJNVGtaR7zc_mtQheFaSfWELRB2MyMBaiWjdDm6ux9Ezns_2","status":"open","target_value":0.0,"tx_hash":"6aa4c5853aa9971d13c0291c4e91ee5cddd506521942377aca5c3b1a48780c75","tx_index":16,"wager_quantity":350000000,"wager_remaining":350000000}',0,'OPEN_BET','6aa4c5853aa9971d13c0291c4e91ee5cddd506521942377aca5c3b1a48780c75','0a1475a71dd3b17bb52330645aaa46c5e4715d2fc6580dafefd652ec72aee272');
INSERT INTO messages VALUES(117,310015,'insert','credits','{"address":"2_mn6q3dS2EnDUx3bmyWc6D4szJNVGtaR7zc_mtQheFaSfWELRB2MyMBaiWjdDm6ux9Ezns_2","asset":"XCP","block_index":310015,"calling_function":"filled","event":"6aa4c5853aa9971d13c0291c4e91ee5cddd506521942377aca5c3b1a48780c75","quantity":0,"tx_index":16}',0,'CREDIT','6aa4c5853aa9971d13c0291c4e91ee5cddd506521942377aca5c3b1a48780c75','00b177991360079af2bcd68323ad65a34a9ca46eef191d0629c5215b0babf36d');
INSERT INTO messages VALUES(118,310015,'update','bets','{"counterwager_remaining":0,"status":"filled","tx_hash":"a5a1927a83521144a5aa751f61065b530c9447c5b2c35e35064de32dae9573fd","wager_remaining":0}',0,'BET_UPDATE','6aa4c5853aa9971d13c0291c4e91ee5cddd506521942377aca5c3b1a48780c75','1247ab0b4c4cfc9830f45ee73db02913edd66bfcdf43b664265094dec6bfeeee');
INSERT INTO messages VALUES(119,310015,'insert','credits','{"address":"2_mn6q3dS2EnDUx3bmyWc6D4szJNVGtaR7zc_mtQheFaSfWELRB2MyMBaiWjdDm6ux9Ezns_2","asset":"XCP","block_index":310015,"calling_function":"filled","event":"6aa4c5853aa9971d13c0291c4e91ee5cddd506521942377aca5c3b1a48780c75","quantity":0,"tx_index":16}',0,'CREDIT','6aa4c5853aa9971d13c0291c4e91ee5cddd506521942377aca5c3b1a48780c75','1412c6ec4fe832cf9bf3ca3339e57628339583cc5aeee525101b05658ef34b04');
INSERT INTO messages VALUES(120,310015,'update','bets','{"counterwager_remaining":0,"status":"filled","tx_hash":"6aa4c5853aa9971d13c0291c4e91ee5cddd506521942377aca5c3b1a48780c75","wager_remaining":0}',0,'BET_UPDATE','6aa4c5853aa9971d13c0291c4e91ee5cddd506521942377aca5c3b1a48780c75','566c29f067ca02dfe8f990c1dc0e7b392609409a081f502513bd1e2443624837');
INSERT INTO messages VALUES(121,310015,'insert','bet_matches','{"backward_quantity":350000000,"block_index":310014,"deadline":1388000100,"fee_fraction_int":99999999,"feed_address":"2_mn6q3dS2EnDUx3bmyWc6D4szJNVGtaR7zc_mtQheFaSfWELRB2MyMBaiWjdDm6ux9Ezns_2","forward_quantity":150000000,"id":"a5a1927a83521144a5aa751f61065b530c9447c5b2c35e35064de32dae9573fd_6aa4c5853aa9971d13c0291c4e91ee5cddd506521942377aca5c3b1a48780c75","initial_value":100.0,"leverage":5040,"match_expire_index":310024,"status":"pending","target_value":0.0,"tx0_address":"2_mn6q3dS2EnDUx3bmyWc6D4szJNVGtaR7zc_mtQheFaSfWELRB2MyMBaiWjdDm6ux9Ezns_2","tx0_bet_type":0,"tx0_block_index":310014,"tx0_expiration":10,"tx0_hash":"a5a1927a83521144a5aa751f61065b530c9447c5b2c35e35064de32dae9573fd","tx0_index":15,"tx1_address":"2_mn6q3dS2EnDUx3bmyWc6D4szJNVGtaR7zc_mtQheFaSfWELRB2MyMBaiWjdDm6ux9Ezns_2","tx1_bet_type":1,"tx1_block_index":310015,"tx1_expiration":10,"tx1_hash":"6aa4c5853aa9971d13c0291c4e91ee5cddd506521942377aca5c3b1a48780c75","tx1_index":16}',0,'BET_MATCH','6aa4c5853aa9971d13c0291c4e91ee5cddd506521942377aca5c3b1a48780c75','f6b9b892986c6de01750e5b62c68f27128459eecc225a4b2f57d28222711d03e');
INSERT INTO messages VALUES(122,310015,'parse','transactions','{"supported":true,"tx_hash":"6aa4c5853aa9971d13c0291c4e91ee5cddd506521942377aca5c3b1a48780c75","tx_index":16}',0,'TRANSACTION_PARSED','6aa4c5853aa9971d13c0291c4e91ee5cddd506521942377aca5c3b1a48780c75','d41f0a464564edffa44995c47fe5b8f84d90ff9802440784878903dce43d91d0');
INSERT INTO messages VALUES(123,310015,'parse','blocks','{"block_index":310015,"ledger_hash":"62759ea6d5070225bd30253a42b6c68fdaf2c4165b1b221b8e7bdddeb26e9737","messages_hash":"a598d9afaba742a0c0241b89228941987182fe50310b7455f70c46d7658365d9","transaction_count":1,"txlist_hash":"30a124b4460d985c715c7bbd85cfbe972a5caf457e45844e0a54daa258ca3376"}',0,'BLOCK_PARSED',NULL,'2bedf53cc2d73c7932bff0e345d74b0a98c9ea9911d4613c0490b56bdbace0b4');
INSERT INTO messages VALUES(124,310016,'insert','blocks','{"block_hash":"99dc7d2627efb4e5e618a53b9898b4ca39c70e98fe9bf39f68a6c980f5b64ef9","block_index":310016,"block_time":310016000,"difficulty":null,"ledger_hash":null,"previous_block_hash":null,"txlist_hash":null}',0,'NEW_BLOCK',NULL,'8391b961b121068944541fbed260a73b7723f9d475cb82d7472f63173801d2d9');
INSERT INTO messages VALUES(125,310016,'insert','transactions','{"block_hash":"99dc7d2627efb4e5e618a53b9898b4ca39c70e98fe9bf39f68a6c980f5b64ef9","block_index":310016,"block_time":310016000,"btc_amount":1000,"data":"00000028000252bb33c8000000002cb417800000000026be36803ff0000000000000000013b00000000a","destination":"2_mn6q3dS2EnDUx3bmyWc6D4szJNVGtaR7zc_mtQheFaSfWELRB2MyMBaiWjdDm6ux9Ezns_2","fee":7650,"source":"2_mn6q3dS2EnDUx3bmyWc6D4szJNVGtaR7zc_mtQheFaSfWELRB2MyMBaiWjdDm6ux9Ezns_2","supported":true,"tx_hash":"91cea72c920a13cc450d14c92a81a318462300670308d6b1eb344ac06a72eda1","tx_index":17}',0,'NEW_TRANSACTION',NULL,'45b7a78c699615e17ff296cf5cfdd70712d05ad8550fff7e864c3dbde5b1f13f');
INSERT INTO messages VALUES(126,310016,'insert','debits','{"action":"bet","address":"2_mn6q3dS2EnDUx3bmyWc6D4szJNVGtaR7zc_mtQheFaSfWELRB2MyMBaiWjdDm6ux9Ezns_2","asset":"XCP","block_index":310016,"event":"91cea72c920a13cc450d14c92a81a318462300670308d6b1eb344ac06a72eda1","quantity":750000000,"tx_index":17}',0,'DEBIT','91cea72c920a13cc450d14c92a81a318462300670308d6b1eb344ac06a72eda1','5fef56ddf64addfa2d67e44a714b9a1fda8d0f0e19ca02c0083ab2e5144e99cf');
INSERT INTO messages VALUES(127,310016,'insert','bets','{"bet_type":2,"block_index":310016,"counterwager_quantity":650000000,"counterwager_remaining":650000000,"deadline":1388000200,"expiration":10,"expire_index":310026,"fee_fraction_int":99999999.0,"feed_address":"2_mn6q3dS2EnDUx3bmyWc6D4szJNVGtaR7zc_mtQheFaSfWELRB2MyMBaiWjdDm6ux9Ezns_2","leverage":5040,"source":"2_mn6q3dS2EnDUx3bmyWc6D4szJNVGtaR7zc_mtQheFaSfWELRB2MyMBaiWjdDm6ux9Ezns_2","status":"open","target_value":1.0,"tx_hash":"91cea72c920a13cc450d14c92a81a318462300670308d6b1eb344ac06a72eda1","tx_index":17,"wager_quantity":750000000,"wager_remaining":750000000}',0,'OPEN_BET','91cea72c920a13cc450d14c92a81a318462300670308d6b1eb344ac06a72eda1','fbbea60db6218ce42f5f3ebc0e46894f9b587e3021b5211cab398e9062f9189f');
INSERT INTO messages VALUES(128,310016,'parse','transactions','{"supported":true,"tx_hash":"91cea72c920a13cc450d14c92a81a318462300670308d6b1eb344ac06a72eda1","tx_index":17}',0,'TRANSACTION_PARSED','91cea72c920a13cc450d14c92a81a318462300670308d6b1eb344ac06a72eda1','90693fed66f6b00379f47ce321ed721684eeb801bf84a18aaa128833a05194b6');
INSERT INTO messages VALUES(129,310016,'parse','blocks','{"block_index":310016,"ledger_hash":"f9fc0dd4d98ac5e06e4f9673cf5678f9fc264cda23172e24427b833331b73c33","messages_hash":"b38d2bae609d78ab12c784a014b55b14d216775facdf4f728006dd694c277c4b","transaction_count":1,"txlist_hash":"cdbbf3665287df62a1660198e00049d06f649f37c49cb76e9fb1eab12960e66c"}',0,'BLOCK_PARSED',NULL,'d9c0929b90e4a2a986820fffd8ed3b940a7380b5f24e0904c46b2bbbc1e16df3');
INSERT INTO messages VALUES(130,310017,'insert','blocks','{"block_hash":"8a4fedfbf734b91a5c5761a7bcb3908ea57169777a7018148c51ff611970e4a3","block_index":310017,"block_time":310017000,"difficulty":null,"ledger_hash":null,"previous_block_hash":null,"txlist_hash":null}',0,'NEW_BLOCK',NULL,'d90088f3ce243324e975c49dbc72263f0344e3ba84d6ff63985b0127029e5336');
INSERT INTO messages VALUES(131,310017,'insert','transactions','{"block_hash":"8a4fedfbf734b91a5c5761a7bcb3908ea57169777a7018148c51ff611970e4a3","block_index":310017,"block_time":310017000,"btc_amount":1000,"data":"00000028000352bb33c80000000026be3680000000002cb417803ff0000000000000000013b00000000a","destination":"2_mn6q3dS2EnDUx3bmyWc6D4szJNVGtaR7zc_mtQheFaSfWELRB2MyMBaiWjdDm6ux9Ezns_2","fee":7650,"source":"2_mn6q3dS2EnDUx3bmyWc6D4szJNVGtaR7zc_mtQheFaSfWELRB2MyMBaiWjdDm6ux9Ezns_2","supported":true,"tx_hash":"c345c2e6d9899c7729a0ca2ef13fab71ca5808854fb6be62e3b3dcd9225d1c4a","tx_index":18}',0,'NEW_TRANSACTION',NULL,'53b9dafb1027b9ebba51d06b5de276d62f5f16b8623989189abe17201e6d84c2');
INSERT INTO messages VALUES(132,310017,'insert','debits','{"action":"bet","address":"2_mn6q3dS2EnDUx3bmyWc6D4szJNVGtaR7zc_mtQheFaSfWELRB2MyMBaiWjdDm6ux9Ezns_2","asset":"XCP","block_index":310017,"event":"c345c2e6d9899c7729a0ca2ef13fab71ca5808854fb6be62e3b3dcd9225d1c4a","quantity":650000000,"tx_index":18}',0,'DEBIT','c345c2e6d9899c7729a0ca2ef13fab71ca5808854fb6be62e3b3dcd9225d1c4a','1d0df7437a12184aa23d2b4e472f4e1f706df153aeb4fe98cee1ce11f0c3aee6');
INSERT INTO messages VALUES(133,310017,'insert','bets','{"bet_type":3,"block_index":310017,"counterwager_quantity":750000000,"counterwager_remaining":750000000,"deadline":1388000200,"expiration":10,"expire_index":310027,"fee_fraction_int":99999999.0,"feed_address":"2_mn6q3dS2EnDUx3bmyWc6D4szJNVGtaR7zc_mtQheFaSfWELRB2MyMBaiWjdDm6ux9Ezns_2","leverage":5040,"source":"2_mn6q3dS2EnDUx3bmyWc6D4szJNVGtaR7zc_mtQheFaSfWELRB2MyMBaiWjdDm6ux9Ezns_2","status":"open","target_value":1.0,"tx_hash":"c345c2e6d9899c7729a0ca2ef13fab71ca5808854fb6be62e3b3dcd9225d1c4a","tx_index":18,"wager_quantity":650000000,"wager_remaining":650000000}',0,'OPEN_BET','c345c2e6d9899c7729a0ca2ef13fab71ca5808854fb6be62e3b3dcd9225d1c4a','d69a0984e5cadd274ec07918d18a2b976c013747d56224594f7a313006663d91');
INSERT INTO messages VALUES(134,310017,'insert','credits','{"address":"2_mn6q3dS2EnDUx3bmyWc6D4szJNVGtaR7zc_mtQheFaSfWELRB2MyMBaiWjdDm6ux9Ezns_2","asset":"XCP","block_index":310017,"calling_function":"filled","event":"c345c2e6d9899c7729a0ca2ef13fab71ca5808854fb6be62e3b3dcd9225d1c4a","quantity":0,"tx_index":18}',0,'CREDIT','c345c2e6d9899c7729a0ca2ef13fab71ca5808854fb6be62e3b3dcd9225d1c4a','c6bb904bd7eff05328aa75c4c0084ac83533a81d0fbacc700a705e1cecb9b0d5');
INSERT INTO messages VALUES(135,310017,'update','bets','{"counterwager_remaining":0,"status":"filled","tx_hash":"91cea72c920a13cc450d14c92a81a318462300670308d6b1eb344ac06a72eda1","wager_remaining":0}',0,'BET_UPDATE','c345c2e6d9899c7729a0ca2ef13fab71ca5808854fb6be62e3b3dcd9225d1c4a','56bfde1af8de8772fd41fc2da46bb6e92fc2b0f5df9fa272502f5f7a69937937');
INSERT INTO messages VALUES(136,310017,'insert','credits','{"address":"2_mn6q3dS2EnDUx3bmyWc6D4szJNVGtaR7zc_mtQheFaSfWELRB2MyMBaiWjdDm6ux9Ezns_2","asset":"XCP","block_index":310017,"calling_function":"filled","event":"c345c2e6d9899c7729a0ca2ef13fab71ca5808854fb6be62e3b3dcd9225d1c4a","quantity":0,"tx_index":18}',0,'CREDIT','c345c2e6d9899c7729a0ca2ef13fab71ca5808854fb6be62e3b3dcd9225d1c4a','949023664f4b94c1c80f55a8ee253b70b6c39e5b17e9b24ff388e186cc017d71');
INSERT INTO messages VALUES(137,310017,'update','bets','{"counterwager_remaining":0,"status":"filled","tx_hash":"c345c2e6d9899c7729a0ca2ef13fab71ca5808854fb6be62e3b3dcd9225d1c4a","wager_remaining":0}',0,'BET_UPDATE','c345c2e6d9899c7729a0ca2ef13fab71ca5808854fb6be62e3b3dcd9225d1c4a','af20d747e8b6c8e5fd3bcd9c76c6c8c7f847ab1848da6a8b50a0304639d9c893');
INSERT INTO messages VALUES(138,310017,'insert','bet_matches','{"backward_quantity":650000000,"block_index":310016,"deadline":1388000200,"fee_fraction_int":99999999,"feed_address":"2_mn6q3dS2EnDUx3bmyWc6D4szJNVGtaR7zc_mtQheFaSfWELRB2MyMBaiWjdDm6ux9Ezns_2","forward_quantity":750000000,"id":"91cea72c920a13cc450d14c92a81a318462300670308d6b1eb344ac06a72eda1_c345c2e6d9899c7729a0ca2ef13fab71ca5808854fb6be62e3b3dcd9225d1c4a","initial_value":100.0,"leverage":5040,"match_expire_index":310026,"status":"pending","target_value":1.0,"tx0_address":"2_mn6q3dS2EnDUx3bmyWc6D4szJNVGtaR7zc_mtQheFaSfWELRB2MyMBaiWjdDm6ux9Ezns_2","tx0_bet_type":2,"tx0_block_index":310016,"tx0_expiration":10,"tx0_hash":"91cea72c920a13cc450d14c92a81a318462300670308d6b1eb344ac06a72eda1","tx0_index":17,"tx1_address":"2_mn6q3dS2EnDUx3bmyWc6D4szJNVGtaR7zc_mtQheFaSfWELRB2MyMBaiWjdDm6ux9Ezns_2","tx1_bet_type":3,"tx1_block_index":310017,"tx1_expiration":10,"tx1_hash":"c345c2e6d9899c7729a0ca2ef13fab71ca5808854fb6be62e3b3dcd9225d1c4a","tx1_index":18}',0,'BET_MATCH','c345c2e6d9899c7729a0ca2ef13fab71ca5808854fb6be62e3b3dcd9225d1c4a','9f414bfdd457bd7f6172883832568bafdf45091de9700d25b1d9459232bff2c3');
INSERT INTO messages VALUES(139,310017,'parse','transactions','{"supported":true,"tx_hash":"c345c2e6d9899c7729a0ca2ef13fab71ca5808854fb6be62e3b3dcd9225d1c4a","tx_index":18}',0,'TRANSACTION_PARSED','c345c2e6d9899c7729a0ca2ef13fab71ca5808854fb6be62e3b3dcd9225d1c4a','7362d21d7b6770fbd0f7a4c1ea8d5c809201cc75fb359469ad5bea48eaeb1f56');
INSERT INTO messages VALUES(140,310017,'parse','blocks','{"block_index":310017,"ledger_hash":"4a355b8e80a902030f384f58700d05da9a6efaae3f3ce0b1a056dc1250d9ec63","messages_hash":"805be91b57a34c1911cb6bd22a2dd26f3e4bbc8fcd8bd0e72f9e29c18710839b","transaction_count":1,"txlist_hash":"355616d4b8b8408ea7061e787ca35918b6d0417895a2a2ff224d207f0f76e02a"}',0,'BLOCK_PARSED',NULL,'87d62d1698d4773967f803fdbc40a9b0fa7cb4ca6325c328d43ae00015bb05ca');
INSERT INTO messages VALUES(141,310018,'insert','blocks','{"block_hash":"35c06f9e3de39e4e56ceb1d1a22008f52361c50dd0d251c0acbe2e3c2dba8ed3","block_index":310018,"block_time":310018000,"difficulty":null,"ledger_hash":null,"previous_block_hash":null,"txlist_hash":null}',0,'NEW_BLOCK',NULL,'c6ec5a78fb351898177826d0d52d94fd46e7ca6959c0ae12779cadde6809386e');
INSERT INTO messages VALUES(142,310018,'insert','transactions','{"block_hash":"35c06f9e3de39e4e56ceb1d1a22008f52361c50dd0d251c0acbe2e3c2dba8ed3","block_index":310018,"block_time":310018000,"btc_amount":0,"data":"0000001e52bb33324058f7256ffc115e004c4b4009556e69742054657374","destination":"","fee":6800,"source":"2_mn6q3dS2EnDUx3bmyWc6D4szJNVGtaR7zc_mtQheFaSfWELRB2MyMBaiWjdDm6ux9Ezns_2","supported":true,"tx_hash":"c473921b7c5d877de55ef38b39935e149003d6fec701bea0c8b66b77255942d4","tx_index":19}',0,'NEW_TRANSACTION',NULL,'159a3d3c8ad3e83393e4367f97398102dc4af2b1b9c5b7de05269ad84b8a0828');
INSERT INTO messages VALUES(143,310018,'insert','broadcasts','{"block_index":310018,"fee_fraction_int":5000000,"locked":false,"source":"2_mn6q3dS2EnDUx3bmyWc6D4szJNVGtaR7zc_mtQheFaSfWELRB2MyMBaiWjdDm6ux9Ezns_2","status":"valid","text":"Unit Test","timestamp":1388000050,"tx_hash":"c473921b7c5d877de55ef38b39935e149003d6fec701bea0c8b66b77255942d4","tx_index":19,"value":99.86166}',0,'BROADCAST','c473921b7c5d877de55ef38b39935e149003d6fec701bea0c8b66b77255942d4','8a03674d2ec47a9b766062973b7b5dfc12b316aceb5640a3d5b5da9505704641');
INSERT INTO messages VALUES(144,310018,'insert','credits','{"address":"2_mn6q3dS2EnDUx3bmyWc6D4szJNVGtaR7zc_mtQheFaSfWELRB2MyMBaiWjdDm6ux9Ezns_2","asset":"XCP","block_index":310018,"calling_function":"bet settled: liquidated for bear","event":"c473921b7c5d877de55ef38b39935e149003d6fec701bea0c8b66b77255942d4","quantity":59137500,"tx_index":19}',0,'CREDIT','c473921b7c5d877de55ef38b39935e149003d6fec701bea0c8b66b77255942d4','c6f50aad6ee816776e0003663926baf9535e9962f4a9f11fb2c4f858c5f410ac');
INSERT INTO messages VALUES(145,310018,'insert','credits','{"address":"2_mn6q3dS2EnDUx3bmyWc6D4szJNVGtaR7zc_mtQheFaSfWELRB2MyMBaiWjdDm6ux9Ezns_2","asset":"XCP","block_index":310018,"calling_function":"feed fee","event":"c473921b7c5d877de55ef38b39935e149003d6fec701bea0c8b66b77255942d4","quantity":3112500,"tx_index":19}',0,'CREDIT','c473921b7c5d877de55ef38b39935e149003d6fec701bea0c8b66b77255942d4','700bc82fd81144a194cfa64d9d487d4d9eb60fe1b8a5285ee2f6aba7e69abf15');
INSERT INTO messages VALUES(146,310018,'insert','bet_match_resolutions','{"bear_credit":59137500,"bet_match_id":"c36b65e3d4c105739d5c8cef470c0878d2e8da138416e09cb499edcec343c0b8_23f77ca0034c19aa841413edfde7f4a3dca8d8ef582ce939dfc2e170c7c811a1","bet_match_type_id":1,"block_index":310018,"bull_credit":0,"escrow_less_fee":null,"fee":3112500,"settled":false,"winner":null}',0,'BET_MATCH_RESOLUTON','c473921b7c5d877de55ef38b39935e149003d6fec701bea0c8b66b77255942d4','cbfa22b0c4ac114aafbf96ccd44c30d48e19fb781dc5c227ce2d5c4029f1727b');
INSERT INTO messages VALUES(147,310018,'update','bet_matches','{"id":"c36b65e3d4c105739d5c8cef470c0878d2e8da138416e09cb499edcec343c0b8_23f77ca0034c19aa841413edfde7f4a3dca8d8ef582ce939dfc2e170c7c811a1","status":"settled: liquidated for bear"}',0,'BET_MATCH_UPDATE','c473921b7c5d877de55ef38b39935e149003d6fec701bea0c8b66b77255942d4','039b0b124010f37a1782096eda6386bb61718af69030b02ea6549643078bfa07');
INSERT INTO messages VALUES(148,310018,'parse','transactions','{"supported":true,"tx_hash":"c473921b7c5d877de55ef38b39935e149003d6fec701bea0c8b66b77255942d4","tx_index":19}',0,'TRANSACTION_PARSED','c473921b7c5d877de55ef38b39935e149003d6fec701bea0c8b66b77255942d4','66c0f3e1baa5bd7e80b3643ce14e49249b38d7e0bb46bddcb1f81e37fe719e64');
INSERT INTO messages VALUES(149,310018,'parse','blocks','{"block_index":310018,"ledger_hash":"57aee8f9c9b63342ceeea3a3162998e9034a3d624d6d85b19782943ce170cef5","messages_hash":"a76a0d9d962b3b31207909bde0e7424c65fa49c9686798b5ecf8dc66e343f920","transaction_count":1,"txlist_hash":"7987b849a43c706d33e421d45e99ca6593c9aa8c69079522888f746a8d4ff748"}',0,'BLOCK_PARSED',NULL,'cf2890aba62a0695139c25d1b284bb3c67f305c99cb66ff45d299bd6e840a0d9');
INSERT INTO messages VALUES(150,310019,'insert','blocks','{"block_hash":"114affa0c4f34b1ebf8e2778c9477641f60b5b9e8a69052158041d4c41893294","block_index":310019,"block_time":310019000,"difficulty":null,"ledger_hash":null,"previous_block_hash":null,"txlist_hash":null}',0,'NEW_BLOCK',NULL,'c225cc3184fef95f3853e2b51c5af1d296376d94224b8a55f3810a87ac783b82');
INSERT INTO messages VALUES(151,310019,'insert','transactions','{"block_hash":"114affa0c4f34b1ebf8e2778c9477641f60b5b9e8a69052158041d4c41893294","block_index":310019,"block_time":310019000,"btc_amount":0,"data":"0000001e52bb3365405915f3b645a1cb004c4b4009556e69742054657374","destination":"","fee":6800,"source":"2_mn6q3dS2EnDUx3bmyWc6D4szJNVGtaR7zc_mtQheFaSfWELRB2MyMBaiWjdDm6ux9Ezns_2","supported":true,"tx_hash":"c9388ea12ab42ec1502dbb54e2da81beca5adee6056777559200aab28e5e1dc0","tx_index":20}',0,'NEW_TRANSACTION',NULL,'f1ed1e4cae980340aa07b0cb545256254306c5850609417dd46ca190da93019e');
INSERT INTO messages VALUES(152,310019,'insert','broadcasts','{"block_index":310019,"fee_fraction_int":5000000,"locked":false,"source":"2_mn6q3dS2EnDUx3bmyWc6D4szJNVGtaR7zc_mtQheFaSfWELRB2MyMBaiWjdDm6ux9Ezns_2","status":"valid","text":"Unit Test","timestamp":1388000101,"tx_hash":"c9388ea12ab42ec1502dbb54e2da81beca5adee6056777559200aab28e5e1dc0","tx_index":20,"value":100.343}',0,'BROADCAST','c9388ea12ab42ec1502dbb54e2da81beca5adee6056777559200aab28e5e1dc0','bd2f12c8309ce41dc222d89898c58c49f80110d3f2aa37cd536457c515973e37');
INSERT INTO messages VALUES(153,310019,'insert','credits','{"address":"2_mn6q3dS2EnDUx3bmyWc6D4szJNVGtaR7zc_mtQheFaSfWELRB2MyMBaiWjdDm6ux9Ezns_2","asset":"XCP","block_index":310019,"calling_function":"bet settled","event":"c9388ea12ab42ec1502dbb54e2da81beca5adee6056777559200aab28e5e1dc0","quantity":159300000,"tx_index":20}',0,'CREDIT','c9388ea12ab42ec1502dbb54e2da81beca5adee6056777559200aab28e5e1dc0','7ff2b9e17af226c62ba7e2054f6a5b7cb7eb5eb9efb124758413d3e9655aada9');
INSERT INTO messages VALUES(154,310019,'insert','credits','{"address":"2_mn6q3dS2EnDUx3bmyWc6D4szJNVGtaR7zc_mtQheFaSfWELRB2MyMBaiWjdDm6ux9Ezns_2","asset":"XCP","block_index":310019,"calling_function":"bet settled","event":"c9388ea12ab42ec1502dbb54e2da81beca5adee6056777559200aab28e5e1dc0","quantity":315700000,"tx_index":20}',0,'CREDIT','c9388ea12ab42ec1502dbb54e2da81beca5adee6056777559200aab28e5e1dc0','8ce541149d60517f489588a28f1cb1f77fa39642595f55c844759ce74e6c80d7');
INSERT INTO messages VALUES(155,310019,'insert','credits','{"address":"2_mn6q3dS2EnDUx3bmyWc6D4szJNVGtaR7zc_mtQheFaSfWELRB2MyMBaiWjdDm6ux9Ezns_2","asset":"XCP","block_index":310019,"calling_function":"feed fee","event":"c9388ea12ab42ec1502dbb54e2da81beca5adee6056777559200aab28e5e1dc0","quantity":25000000,"tx_index":20}',0,'CREDIT','c9388ea12ab42ec1502dbb54e2da81beca5adee6056777559200aab28e5e1dc0','82c3b3f85ac7f6396823922d6531fc5c36db628b3ac04e7e8fd0524575aa5717');
INSERT INTO messages VALUES(156,310019,'insert','bet_match_resolutions','{"bear_credit":315700000,"bet_match_id":"a5a1927a83521144a5aa751f61065b530c9447c5b2c35e35064de32dae9573fd_6aa4c5853aa9971d13c0291c4e91ee5cddd506521942377aca5c3b1a48780c75","bet_match_type_id":1,"block_index":310019,"bull_credit":159300000,"escrow_less_fee":null,"fee":25000000,"settled":true,"winner":null}',0,'BET_MATCH_RESOLUTON','c9388ea12ab42ec1502dbb54e2da81beca5adee6056777559200aab28e5e1dc0','6c1d9b8e9695cfc0427986913b9e74db8dba196248d15f5e28bb81fa03a4c535');
INSERT INTO messages VALUES(157,310019,'update','bet_matches','{"id":"a5a1927a83521144a5aa751f61065b530c9447c5b2c35e35064de32dae9573fd_6aa4c5853aa9971d13c0291c4e91ee5cddd506521942377aca5c3b1a48780c75","status":"settled"}',0,'BET_MATCH_UPDATE','c9388ea12ab42ec1502dbb54e2da81beca5adee6056777559200aab28e5e1dc0','128fd36877b6022e69c3e3e3f16cb5112cb82827410ae3e2a6219e79685f9a2a');
INSERT INTO messages VALUES(158,310019,'parse','transactions','{"supported":true,"tx_hash":"c9388ea12ab42ec1502dbb54e2da81beca5adee6056777559200aab28e5e1dc0","tx_index":20}',0,'TRANSACTION_PARSED','c9388ea12ab42ec1502dbb54e2da81beca5adee6056777559200aab28e5e1dc0','db8e8885885cff4b585db45fc24a9737036ac1178d28a05bceeebb866e6f4e34');
INSERT INTO messages VALUES(159,310019,'parse','blocks','{"block_index":310019,"ledger_hash":"d11f94528a9e0034365e4388ee455f02102d2024c65e1428cdee28b6e5aa7e1c","messages_hash":"ca5761d430c74eb0574146cdd1000c4161bf1b514253f5f748c7c71145881a0c","transaction_count":1,"txlist_hash":"14d0604fb6986f281715ae660221c79b7bfddf15cbc7da02c722e86b8e264d85"}',0,'BLOCK_PARSED',NULL,'264114d52e14a61063fd389ec0c1aba09d477e5c46c793f5857376a65945474d');
INSERT INTO messages VALUES(160,310020,'insert','blocks','{"block_hash":"d93c79920e4a42164af74ecb5c6b903ff6055cdc007376c74dfa692c8d85ebc9","block_index":310020,"block_time":310020000,"difficulty":null,"ledger_hash":null,"previous_block_hash":null,"txlist_hash":null}',0,'NEW_BLOCK',NULL,'7758bf191043a402a5f12de7e8b75ccf2a237db2f679b22e6f32a3ca614af3fa');
INSERT INTO messages VALUES(161,310020,'insert','transactions','{"block_hash":"d93c79920e4a42164af74ecb5c6b903ff6055cdc007376c74dfa692c8d85ebc9","block_index":310020,"block_time":310020000,"btc_amount":0,"data":"0000001e52bb33c94000000000000000004c4b4009556e69742054657374","destination":"","fee":6800,"source":"2_mn6q3dS2EnDUx3bmyWc6D4szJNVGtaR7zc_mtQheFaSfWELRB2MyMBaiWjdDm6ux9Ezns_2","supported":true,"tx_hash":"54292b0676d266705f8dd0daa1194cff3d16414564f25c422309af75d8ca344e","tx_index":21}',0,'NEW_TRANSACTION',NULL,'16445562dd61ca32be67feb8c79a298780353d6b52c8e21bd04f06938ffc1d02');
INSERT INTO messages VALUES(162,310020,'insert','broadcasts','{"block_index":310020,"fee_fraction_int":5000000,"locked":false,"source":"2_mn6q3dS2EnDUx3bmyWc6D4szJNVGtaR7zc_mtQheFaSfWELRB2MyMBaiWjdDm6ux9Ezns_2","status":"valid","text":"Unit Test","timestamp":1388000201,"tx_hash":"54292b0676d266705f8dd0daa1194cff3d16414564f25c422309af75d8ca344e","tx_index":21,"value":2.0}',0,'BROADCAST','54292b0676d266705f8dd0daa1194cff3d16414564f25c422309af75d8ca344e','69f92f14ad0c6180d577224014116d287ad0ecd112b4939c124c16affb9f5248');
INSERT INTO messages VALUES(163,310020,'insert','credits','{"address":"2_mn6q3dS2EnDUx3bmyWc6D4szJNVGtaR7zc_mtQheFaSfWELRB2MyMBaiWjdDm6ux9Ezns_2","asset":"XCP","block_index":310020,"calling_function":"bet settled: for notequal","event":"54292b0676d266705f8dd0daa1194cff3d16414564f25c422309af75d8ca344e","quantity":1330000000,"tx_index":21}',0,'CREDIT','54292b0676d266705f8dd0daa1194cff3d16414564f25c422309af75d8ca344e','95ac1b249c6119935223976193ae278b6126274ec8328bc60b9a8c79d8418d0f');
INSERT INTO messages VALUES(164,310020,'insert','credits','{"address":"2_mn6q3dS2EnDUx3bmyWc6D4szJNVGtaR7zc_mtQheFaSfWELRB2MyMBaiWjdDm6ux9Ezns_2","asset":"XCP","block_index":310020,"calling_function":"feed fee","event":"54292b0676d266705f8dd0daa1194cff3d16414564f25c422309af75d8ca344e","quantity":70000000,"tx_index":21}',0,'CREDIT','54292b0676d266705f8dd0daa1194cff3d16414564f25c422309af75d8ca344e','c424ffcfdacb423826f439e12373d59c483e6dd44f68b6aa860989d1824d906e');
INSERT INTO messages VALUES(165,310020,'insert','bet_match_resolutions','{"bear_credit":null,"bet_match_id":"91cea72c920a13cc450d14c92a81a318462300670308d6b1eb344ac06a72eda1_c345c2e6d9899c7729a0ca2ef13fab71ca5808854fb6be62e3b3dcd9225d1c4a","bet_match_type_id":5,"block_index":310020,"bull_credit":null,"escrow_less_fee":1330000000,"fee":70000000,"settled":null,"winner":"NotEqual"}',0,'BET_MATCH_RESOLUTON','54292b0676d266705f8dd0daa1194cff3d16414564f25c422309af75d8ca344e','b36107b39a9d3dd3a92c231f595a60e7a94b0074598aa5507b0fa7d101c4b9f3');
INSERT INTO messages VALUES(166,310020,'update','bet_matches','{"id":"91cea72c920a13cc450d14c92a81a318462300670308d6b1eb344ac06a72eda1_c345c2e6d9899c7729a0ca2ef13fab71ca5808854fb6be62e3b3dcd9225d1c4a","status":"settled: for notequal"}',0,'BET_MATCH_UPDATE','54292b0676d266705f8dd0daa1194cff3d16414564f25c422309af75d8ca344e','01d3ea5d0975536e729ca40df8125a23e3395b3664ad5f9b17c50a942ad26366');
INSERT INTO messages VALUES(167,310020,'parse','transactions','{"supported":true,"tx_hash":"54292b0676d266705f8dd0daa1194cff3d16414564f25c422309af75d8ca344e","tx_index":21}',0,'TRANSACTION_PARSED','54292b0676d266705f8dd0daa1194cff3d16414564f25c422309af75d8ca344e','7f400f9eda8d175e3b584a86468de34cc70423e89452e4b9041453f93edc1b99');
INSERT INTO messages VALUES(168,310020,'parse','blocks','{"block_index":310020,"ledger_hash":"4397f5568bfcf8cc90d1e72b7c61e7cc6905a0d9d3b3890c33e2afb464a25fb9","messages_hash":"b994207a0f9a3e04941c139a2ffafcda6b51242271ea8ffffdd29c26316f8eb4","transaction_count":1,"txlist_hash":"5483ead85237ef0ceb3486e3c3e6ee1e5080a5dd602f805b811cedf996b8dbaa"}',0,'BLOCK_PARSED',NULL,'6c81122296f818d5a4712a37feebd9cf1b44c656b3569f2d23e9049562acbda9');
INSERT INTO messages VALUES(169,310021,'insert','blocks','{"block_hash":"7c2460bb32c5749c856486393239bf7a0ac789587ac71f32e7237910da8097f2","block_index":310021,"block_time":310021000,"difficulty":null,"ledger_hash":null,"previous_block_hash":null,"txlist_hash":null}',0,'NEW_BLOCK',NULL,'b4bc220a1a7dc3e6df7408a25cfd42f5ba1453c41bcc30a302d16f1a1b055879');
INSERT INTO messages VALUES(170,310021,'insert','transactions','{"block_hash":"7c2460bb32c5749c856486393239bf7a0ac789587ac71f32e7237910da8097f2","block_index":310021,"block_time":310021000,"btc_amount":0,"data":"0000000a00000000000047670000000002faf08000000000000000010000000002faf080000a0000000000000000","destination":"","fee":6800,"source":"2_mn6q3dS2EnDUx3bmyWc6D4szJNVGtaR7zc_mtQheFaSfWELRB2MyMBaiWjdDm6ux9Ezns_2","supported":true,"tx_hash":"6d3c6a9ea36e82a0e8162f69c68fc8bb95d316ad5586a30553fbaf1717f4121e","tx_index":22}',0,'NEW_TRANSACTION',NULL,'25e76c4e0fb24a6a6f947aebf9d06e9c0fb868423722ee2113f4850d8b8fc9d1');
INSERT INTO messages VALUES(171,310021,'insert','debits','{"action":"open order","address":"2_mn6q3dS2EnDUx3bmyWc6D4szJNVGtaR7zc_mtQheFaSfWELRB2MyMBaiWjdDm6ux9Ezns_2","asset":"BBBB","block_index":310021,"event":"6d3c6a9ea36e82a0e8162f69c68fc8bb95d316ad5586a30553fbaf1717f4121e","quantity":50000000,"tx_index":22}',0,'DEBIT','6d3c6a9ea36e82a0e8162f69c68fc8bb95d316ad5586a30553fbaf1717f4121e','c32b4ef90b62c4f891e3df3ed77e3fd4ad5b06c9eedc58bc28ccd987929d2826');
INSERT INTO messages VALUES(172,310021,'insert','orders','{"block_index":310021,"expiration":10,"expire_index":310031,"fee_provided":6800,"fee_provided_remaining":6800,"fee_required":0,"fee_required_remaining":0,"get_asset":"XCP","get_quantity":50000000,"get_remaining":50000000,"give_asset":"BBBB","give_quantity":50000000,"give_remaining":50000000,"source":"2_mn6q3dS2EnDUx3bmyWc6D4szJNVGtaR7zc_mtQheFaSfWELRB2MyMBaiWjdDm6ux9Ezns_2","status":"open","tx_hash":"6d3c6a9ea36e82a0e8162f69c68fc8bb95d316ad5586a30553fbaf1717f4121e","tx_index":22}',0,'OPEN_ORDER','6d3c6a9ea36e82a0e8162f69c68fc8bb95d316ad5586a30553fbaf1717f4121e','f69876cfa449d16187edc99d27409083f2b2683f7e69636b2b513e7c5b3c3647');
INSERT INTO messages VALUES(173,310021,'parse','transactions','{"supported":true,"tx_hash":"6d3c6a9ea36e82a0e8162f69c68fc8bb95d316ad5586a30553fbaf1717f4121e","tx_index":22}',0,'TRANSACTION_PARSED','6d3c6a9ea36e82a0e8162f69c68fc8bb95d316ad5586a30553fbaf1717f4121e','6f5cc58eef604526869f34e77fc594b03e1dd7756581b826ff11fe701c652648');
INSERT INTO messages VALUES(174,310021,'parse','blocks','{"block_index":310021,"ledger_hash":"16b7018344f7a97695eb17dc5921c4955b3f8cf4d9e70bd8628041c4033886b9","messages_hash":"81f41da3fc50c21637a8d033715897f16b8e08a4695abf77d809b0381f770d3b","transaction_count":1,"txlist_hash":"bd68fe9b7aef054c8a5925dff9ff140cb5c00eb611a8802156196ed486479ad1"}',0,'BLOCK_PARSED',NULL,'1b70c281966a1bd23303258cde89b5f037063257f5a40314b70a88ce57f8e194');
INSERT INTO messages VALUES(175,310022,'insert','blocks','{"block_hash":"44435f9a99a0aa12a9bfabdc4cb8119f6ea6a6e1350d2d65445fb66a456db5fc","block_index":310022,"block_time":310022000,"difficulty":null,"ledger_hash":null,"previous_block_hash":null,"txlist_hash":null}',0,'NEW_BLOCK',NULL,'c6f2f3990121a4be1d0eb86495789871b0f551e04be6e1778b79addac1c130fc');
INSERT INTO messages VALUES(176,310022,'insert','transactions','{"block_hash":"44435f9a99a0aa12a9bfabdc4cb8119f6ea6a6e1350d2d65445fb66a456db5fc","block_index":310022,"block_time":310022000,"btc_amount":100000000,"data":"","destination":"mvCounterpartyXXXXXXXXXXXXXXW24Hef","fee":5625,"source":"2_mn6q3dS2EnDUx3bmyWc6D4szJNVGtaR7zc_mtQheFaSfWELRB2MyMBaiWjdDm6ux9Ezns_2","supported":true,"tx_hash":"df080a76ceb263201901bc23c85c3e8dce4eca0e72c873131adaf2f46820e9f1","tx_index":23}',0,'NEW_TRANSACTION',NULL,'a92f440b5c4aefe53eedf76dd91be6b086742c9c931d7d3d3111c33d24be4735');
INSERT INTO messages VALUES(177,310022,'insert','credits','{"address":"2_mn6q3dS2EnDUx3bmyWc6D4szJNVGtaR7zc_mtQheFaSfWELRB2MyMBaiWjdDm6ux9Ezns_2","asset":"XCP","block_index":310022,"calling_function":"burn","event":"df080a76ceb263201901bc23c85c3e8dce4eca0e72c873131adaf2f46820e9f1","quantity":56999887262,"tx_index":23}',0,'CREDIT','df080a76ceb263201901bc23c85c3e8dce4eca0e72c873131adaf2f46820e9f1','60c841ad9d4fc8e9192dd1be112cc3da6a96e6a81c9adb539d0c2b2b2c73a1e5');
INSERT INTO messages VALUES(178,310022,'insert','burns','{"block_index":310022,"burned":38000000,"earned":56999887262,"source":"2_mn6q3dS2EnDUx3bmyWc6D4szJNVGtaR7zc_mtQheFaSfWELRB2MyMBaiWjdDm6ux9Ezns_2","status":"valid","tx_hash":"df080a76ceb263201901bc23c85c3e8dce4eca0e72c873131adaf2f46820e9f1","tx_index":23}',0,'BURN','df080a76ceb263201901bc23c85c3e8dce4eca0e72c873131adaf2f46820e9f1','7a2a4018f804d6c528aa799d53fe0d2be248d7c11ed2e2a3678203b97dd23554');
INSERT INTO messages VALUES(179,310022,'parse','blocks','{"block_index":310022,"ledger_hash":"c3c26212677f4aed4614b653f1e5da509f962c29502d22c84c1c5522bca0dcf5","messages_hash":"7da7c860c27362af03493d68ac5eb58217752c902e6e0e3f125618b975826e3f","transaction_count":1,"txlist_hash":"109e820ac7d290ecec049098115ba6b467ba90ba624aa24326cc7e103e51b265"}',0,'BLOCK_PARSED',NULL,'5f65cde96ff89693433175b7c1d3059105472161f22872f74355b5b980f22229');
INSERT INTO messages VALUES(180,310023,'insert','blocks','{"block_hash":"d8cf5bec1bbcab8ca4f495352afde3b6572b7e1d61b3976872ebb8e9d30ccb08","block_index":310023,"block_time":310023000,"difficulty":null,"ledger_hash":null,"previous_block_hash":null,"txlist_hash":null}',0,'NEW_BLOCK',NULL,'d5e18c8d424b6cdca8c817f99fc27f7b6f913a68b09b19d0e6ce46f82c8a90c3');
INSERT INTO messages VALUES(181,310023,'insert','transactions','{"block_hash":"d8cf5bec1bbcab8ca4f495352afde3b6572b7e1d61b3976872ebb8e9d30ccb08","block_index":310023,"block_time":310023000,"btc_amount":1000,"data":"0000000000000000000047680000000000002710","destination":"2_mnfAHmddVibnZNSkh8DvKaQoiEfNsxjXzH_mtQheFaSfWELRB2MyMBaiWjdDm6ux9Ezns_2","fee":7650,"source":"2_mn6q3dS2EnDUx3bmyWc6D4szJNVGtaR7zc_mtQheFaSfWELRB2MyMBaiWjdDm6ux9Ezns_2","supported":true,"tx_hash":"abc5e16e5a7a1a7dd7d38ff1351b252a3813d40a695ab798f6a26cb904f91ab1","tx_index":24}',0,'NEW_TRANSACTION',NULL,'32e408c9d9e3134eb2e455570f14b418462f69aa382d88d2778cb0ce34cf1925');
INSERT INTO messages VALUES(182,310023,'update','bets','{"status":"expired","tx_hash":"c36b65e3d4c105739d5c8cef470c0878d2e8da138416e09cb499edcec343c0b8"}',0,'BET_UPDATE',NULL,'b7c2074a88ec34d68f90867a457ee3af828684c4d4fe3e5de20157d28af90f5c');
INSERT INTO messages VALUES(183,310023,'insert','credits','{"address":"2_mn6q3dS2EnDUx3bmyWc6D4szJNVGtaR7zc_mtQheFaSfWELRB2MyMBaiWjdDm6ux9Ezns_2","asset":"XCP","block_index":310023,"calling_function":"recredit wager remaining","event":"c36b65e3d4c105739d5c8cef470c0878d2e8da138416e09cb499edcec343c0b8","quantity":8500000,"tx_index":0}',0,'CREDIT',NULL,'c62fd02cab3f727090f58a605e37f3beef6b062360ba94151bebce83b14f4ac6');
INSERT INTO messages VALUES(184,310023,'insert','bet_expirations','{"bet_hash":"c36b65e3d4c105739d5c8cef470c0878d2e8da138416e09cb499edcec343c0b8","bet_index":13,"block_index":310023,"source":"2_mn6q3dS2EnDUx3bmyWc6D4szJNVGtaR7zc_mtQheFaSfWELRB2MyMBaiWjdDm6ux9Ezns_2"}',0,'BET_EXPIRATION',NULL,'bdb18993dfcbf0f9300608ed3e4257ec59870b906571eb92a2c046a104a3fb24');
INSERT INTO messages VALUES(185,310023,'insert','debits','{"action":"send","address":"2_mn6q3dS2EnDUx3bmyWc6D4szJNVGtaR7zc_mtQheFaSfWELRB2MyMBaiWjdDm6ux9Ezns_2","asset":"BBBC","block_index":310023,"event":"abc5e16e5a7a1a7dd7d38ff1351b252a3813d40a695ab798f6a26cb904f91ab1","quantity":10000,"tx_index":24}',0,'DEBIT','abc5e16e5a7a1a7dd7d38ff1351b252a3813d40a695ab798f6a26cb904f91ab1','15d7b938c72f51daa8e2dbcff5bb83a48566490a2bda07e965d62291653d226f');
INSERT INTO messages VALUES(186,310023,'insert','credits','{"address":"2_mnfAHmddVibnZNSkh8DvKaQoiEfNsxjXzH_mtQheFaSfWELRB2MyMBaiWjdDm6ux9Ezns_2","asset":"BBBC","block_index":310023,"calling_function":"send","event":"abc5e16e5a7a1a7dd7d38ff1351b252a3813d40a695ab798f6a26cb904f91ab1","quantity":10000,"tx_index":24}',0,'CREDIT','abc5e16e5a7a1a7dd7d38ff1351b252a3813d40a695ab798f6a26cb904f91ab1','4c4044c5cd3f93d8bc78d017abccc3cb7e47cc10933cd33eb7c6443643bf1a94');
INSERT INTO messages VALUES(187,310023,'insert','sends','{"asset":"BBBC","block_index":310023,"destination":"2_mnfAHmddVibnZNSkh8DvKaQoiEfNsxjXzH_mtQheFaSfWELRB2MyMBaiWjdDm6ux9Ezns_2","quantity":10000,"source":"2_mn6q3dS2EnDUx3bmyWc6D4szJNVGtaR7zc_mtQheFaSfWELRB2MyMBaiWjdDm6ux9Ezns_2","status":"valid","tx_hash":"abc5e16e5a7a1a7dd7d38ff1351b252a3813d40a695ab798f6a26cb904f91ab1","tx_index":24}',0,'SEND','abc5e16e5a7a1a7dd7d38ff1351b252a3813d40a695ab798f6a26cb904f91ab1','e42301a323d3f1d455495468260a43e30b01d860ecee7c91a58be90b227931ca');
INSERT INTO messages VALUES(188,310023,'parse','transactions','{"supported":true,"tx_hash":"abc5e16e5a7a1a7dd7d38ff1351b252a3813d40a695ab798f6a26cb904f91ab1","tx_index":24}',0,'TRANSACTION_PARSED','abc5e16e5a7a1a7dd7d38ff1351b252a3813d40a695ab798f6a26cb904f91ab1','f24d3c2c8fc8ef8e5a5604fc755c83f81deb8152ac102875360f3a0e2b4a7db4');
INSERT INTO messages VALUES(189,310023,'parse','blocks','{"block_index":310023,"ledger_hash":"420b753d9e2a4ae5c00cf65efccb9a657d2daeb19159075d1671a076d8c1ade1","messages_hash":"4a3d4437be7aab0cd9976e81ec513973b6caced38386f2646279137609f5f843","transaction_count":1,"txlist_hash":"8e03eae75b5f9306a0a8142296412f7271b17f8c751e9e8e1b1cbeca5418f4eb"}',0,'BLOCK_PARSED',NULL,'af1a2be85c9f1128c46956df16fa349e214fc47128233652ded0a20f07003bee');
INSERT INTO messages VALUES(190,310024,'insert','blocks','{"block_hash":"b03042b4e18a222b4c8d1e9e1970d93e6e2a2d41686d227ff8ecf0a839223dc5","block_index":310024,"block_time":310024000,"difficulty":null,"ledger_hash":null,"previous_block_hash":null,"txlist_hash":null}',0,'NEW_BLOCK',NULL,'aa643fed07012bcd1b61b605b8b7aa306ad5c65b5092cf38ed77c23180203eec');
INSERT INTO messages VALUES(191,310024,'parse','blocks','{"block_index":310024,"ledger_hash":"786e9c043df5025bb8d123322e2dd9cba30cc433ff90a44b7b7036369565835b","messages_hash":"3875fbddb0d5b461dc2917af364c5956340feb0b1c121fc811c5bdd24f02e0a7","transaction_count":0,"txlist_hash":"6a80f89b076199d165801b34c7d292976e069920f2ae4184e09dad8411735b94"}',0,'BLOCK_PARSED',NULL,'e4d6e22d0f98d5fce1a6d4812643e4e5d5a48c67198ea4268808779200a8d196');
INSERT INTO messages VALUES(192,310025,'insert','blocks','{"block_hash":"a872e560766832cc3b4f7f222228cb6db882ce3c54f6459f62c71d5cd6e90666","block_index":310025,"block_time":310025000,"difficulty":null,"ledger_hash":null,"previous_block_hash":null,"txlist_hash":null}',0,'NEW_BLOCK',NULL,'186f1d36624130c487151c64d59dc0b8968eb39dc87a3ea7eb2b69e6c159576b');
INSERT INTO messages VALUES(193,310025,'parse','blocks','{"block_index":310025,"ledger_hash":"1a2e0585eb1a7f608b4ca4b1d252f555f87e7f16fff124ed869285ec17643059","messages_hash":"c646e92e6558861fa4b8d34bf1252e01d2f0d0cdb47d8cf4c1c15fa57c53cf20","transaction_count":0,"txlist_hash":"a2110149cc4e90d1474c53bdf91e24f8bbb8931548542a6afda94bc343fe3a7f"}',0,'BLOCK_PARSED',NULL,'472340292df6e2e50058b4991f9c6da3a169e3f143773b065b1a5b4cd9d31dab');
INSERT INTO messages VALUES(194,310026,'insert','blocks','{"block_hash":"6c96350f6f2f05810f19a689de235eff975338587194a36a70dfd0fcd490941a","block_index":310026,"block_time":310026000,"difficulty":null,"ledger_hash":null,"previous_block_hash":null,"txlist_hash":null}',0,'NEW_BLOCK',NULL,'66b24b793c6647ce94d7e44deeac9fff4f6ec0d56f26d2a3f1e6bc751fc791e0');
INSERT INTO messages VALUES(195,310026,'parse','blocks','{"block_index":310026,"ledger_hash":"44a1f10e2df25328c38e20c36029bff557c7a93784030ece591406df9c71ebd6","messages_hash":"1a1e079d1c4a50bf507c324ee6afff94509d277592ad0617be0a4065138f28f7","transaction_count":0,"txlist_hash":"d087d907b7af1ac1171c61f00c756754fc94e0edf0dc265d9eced163a07357c1"}',0,'BLOCK_PARSED',NULL,'46c87da9e61e6c38d846a2d166353325420e80f71e1444d1561d4dd548633e6a');
INSERT INTO messages VALUES(196,310027,'insert','blocks','{"block_hash":"d7acfac66df393c4482a14c189742c0571b89442eb7f817b34415a560445699e","block_index":310027,"block_time":310027000,"difficulty":null,"ledger_hash":null,"previous_block_hash":null,"txlist_hash":null}',0,'NEW_BLOCK',NULL,'d775d7874644ebd5e0590df27023fdf813091e448c751780ae5faa3de84d5f6d');
INSERT INTO messages VALUES(197,310027,'parse','blocks','{"block_index":310027,"ledger_hash":"093f82c2b8e108242edc6dad72e5878700b9c33606c359e673bdfe65341db64a","messages_hash":"7d8eaf11f459a1756b9479195a9a6387de038efaf793f8f9dcca64a2dfc4b905","transaction_count":0,"txlist_hash":"5796b7de2e12cda876546b21e2a64e92b85792c201f39fe404e7fa6c395e78db"}',0,'BLOCK_PARSED',NULL,'a4bd17034f9163365b675fc76962f6dd7c6d4321175acf067b32f9fc93fe9d4c');
INSERT INTO messages VALUES(198,310028,'insert','blocks','{"block_hash":"02409fcf8fa06dafcb7f11e38593181d9c42cc9d5e2ddc304d098f990bd9530b","block_index":310028,"block_time":310028000,"difficulty":null,"ledger_hash":null,"previous_block_hash":null,"txlist_hash":null}',0,'NEW_BLOCK',NULL,'54e181b59e2afc92fa512a55e11a529fc9ac21db8dc94d71b6cbe38fab6fc528');
INSERT INTO messages VALUES(199,310028,'parse','blocks','{"block_index":310028,"ledger_hash":"efac93e04f7cd9d3b1c0af3da102c29b50d940b4b5687fb0061b3b6e169290f6","messages_hash":"18458f221a050f931f99ba59908ae6b29b63c4d2991622ec2b07616ce31cdf10","transaction_count":0,"txlist_hash":"5daed82ccefd923a597451b918ece6172dbc75df5cd53ea0f7e40065e3d0d929"}',0,'BLOCK_PARSED',NULL,'d670b53c885c24a7e5b9ac6844f150e6aa3a077058500483e82eebd6d20654fc');
INSERT INTO messages VALUES(200,310029,'insert','blocks','{"block_hash":"3c739fa8b40c118d5547ea356ee8d10ee2898871907643ec02e5db9d00f03cc6","block_index":310029,"block_time":310029000,"difficulty":null,"ledger_hash":null,"previous_block_hash":null,"txlist_hash":null}',0,'NEW_BLOCK',NULL,'5dea8607fc43962dd67edd96381d117cc19dd5906e0c3aadfd8db8f7aff304d7');
INSERT INTO messages VALUES(201,310029,'parse','blocks','{"block_index":310029,"ledger_hash":"1fa464e853787685a588de6dab287456de7a0efdcd76052a41ddaf5e2f85a648","messages_hash":"a86f9e41e51e4325818bdf46842cf9da02498dac7d295294ec4b50670dd8244b","transaction_count":0,"txlist_hash":"818415429923b4a38cb65dddb4e8b8a17264cea0188e905d4a19db340e98ef82"}',0,'BLOCK_PARSED',NULL,'93a121a30aec36cb4d8a83eaa56eddb49f6ef46df3e065d876aa64587a3ccadd');
INSERT INTO messages VALUES(202,310030,'insert','blocks','{"block_hash":"d5071cddedf89765ee0fd58f209c1c7d669ba8ea66200a57587da8b189b9e4f5","block_index":310030,"block_time":310030000,"difficulty":null,"ledger_hash":null,"previous_block_hash":null,"txlist_hash":null}',0,'NEW_BLOCK',NULL,'916edabaad8edf495b0a070857029269ef96fe95a3555315dca903503376606d');
INSERT INTO messages VALUES(203,310030,'parse','blocks','{"block_index":310030,"ledger_hash":"fee866f1cf6e5f83010b97e0e9d88b54ce43fdf45e89081ba3b2fe07b62434fc","messages_hash":"d460bfc52822ad21b3aef25a8cb4e8a98aea54b8fdf2ff5d57871135255daa43","transaction_count":0,"txlist_hash":"7e3fb0dc1ce885afb71be88ad0ca3b189202535d328ff70bda7cceaede6813bb"}',0,'BLOCK_PARSED',NULL,'b3b92537a70be2b166ebe5cfe0307a8a14e9c8b63dcd85ebc2d97298021a12a9');
INSERT INTO messages VALUES(204,310031,'insert','blocks','{"block_hash":"0b02b10f41380fff27c543ea8891ecb845bf7a003ac5c87e15932aff3bfcf689","block_index":310031,"block_time":310031000,"difficulty":null,"ledger_hash":null,"previous_block_hash":null,"txlist_hash":null}',0,'NEW_BLOCK',NULL,'eff8e737049406bd6fcbbb04ba6abd3164df1fa505a750d35ace5925170091b1');
INSERT INTO messages VALUES(205,310031,'parse','blocks','{"block_index":310031,"ledger_hash":"11ed526c46610698e7a4f102ae91755a541d668750ec3bc10decd0c1709d1115","messages_hash":"74fc4d63af726c6dd33743fa5f329b5a1583c9dd391974e69ce6d263a4c4c868","transaction_count":0,"txlist_hash":"e3044e5fc57d122eb707d271ca1f4248358a8f477a6466cedb739e7799351bb8"}',0,'BLOCK_PARSED',NULL,'f1af837377e43c1c58d57f63fd66e4fb40743a838beef45241110ba3e32a4957');
INSERT INTO messages VALUES(206,310032,'insert','blocks','{"block_hash":"66346be81e6ba04544f2ae643b76c2b7b1383f038fc2636e02e49dc7ec144074","block_index":310032,"block_time":310032000,"difficulty":null,"ledger_hash":null,"previous_block_hash":null,"txlist_hash":null}',0,'NEW_BLOCK',NULL,'96d5aa70cd9a81d28351a82133d3ba822b2674d33d1a657b16cfb7c114a8f96a');
INSERT INTO messages VALUES(207,310032,'update','orders','{"status":"expired","tx_hash":"6d3c6a9ea36e82a0e8162f69c68fc8bb95d316ad5586a30553fbaf1717f4121e"}',0,'ORDER_UPDATE',NULL,'46af91a53f04779636b12cc8ff236bfd02422d7d6c722feb9c6ecf3683fb319a');
INSERT INTO messages VALUES(208,310032,'insert','credits','{"address":"2_mn6q3dS2EnDUx3bmyWc6D4szJNVGtaR7zc_mtQheFaSfWELRB2MyMBaiWjdDm6ux9Ezns_2","asset":"BBBB","block_index":310032,"calling_function":"cancel order","event":"6d3c6a9ea36e82a0e8162f69c68fc8bb95d316ad5586a30553fbaf1717f4121e","quantity":50000000,"tx_index":0}',0,'CREDIT',NULL,'bf56c18a569e8c668bb243516bb757585f35bdcc7f07ac553875b8840e906f6f');
INSERT INTO messages VALUES(209,310032,'insert','order_expirations','{"block_index":310032,"order_hash":"6d3c6a9ea36e82a0e8162f69c68fc8bb95d316ad5586a30553fbaf1717f4121e","source":"2_mn6q3dS2EnDUx3bmyWc6D4szJNVGtaR7zc_mtQheFaSfWELRB2MyMBaiWjdDm6ux9Ezns_2"}',0,'ORDER_EXPIRATION',NULL,'06a31b31c185d2b0c65eaf0afe3e0096c9d4c112bace202ed50bfd57cad84560');
INSERT INTO messages VALUES(210,310032,'parse','blocks','{"block_index":310032,"ledger_hash":"7930e5a2c6150df64dfd995801aec68ce11df292e206f08f7ff20eda9ca2d017","messages_hash":"31e5f561108af6a6429f01fd5bffb880984234b7b1a48fdf842e374e44fa93a1","transaction_count":0,"txlist_hash":"cbe01ce5a4da72538e9310180de025f141ea8baf1b6eeede8164cac3488532fe"}',0,'BLOCK_PARSED',NULL,'2a5a5aeaa602d0e40e576350cf3d351bbaa5c7c9dd45fe36634bb6b6a8ab6a0f');
INSERT INTO messages VALUES(211,310033,'insert','blocks','{"block_hash":"999c65df9661f73e8c01f1da1afda09ac16788b72834f0ff5ea3d1464afb4707","block_index":310033,"block_time":310033000,"difficulty":null,"ledger_hash":null,"previous_block_hash":null,"txlist_hash":null}',0,'NEW_BLOCK',NULL,'94b83b970b717cb1813083ebf26e35760e85cefd8c18f2ea6102c9bf8863fb73');
INSERT INTO messages VALUES(212,310033,'parse','blocks','{"block_index":310033,"ledger_hash":"c5834a54b3ad7f9fdbb18a87c8cefe867eff2ba1ae5bff238a3a041431d0afdd","messages_hash":"2e77c6570d5df2abcc471cf92d2b142927aecb4b4e33d081bcfc629f12dd3288","transaction_count":0,"txlist_hash":"81bceadbd9f9b956ed25021e2e0a9f4217c7424522105f8a0ba41c9f78234fcd"}',0,'BLOCK_PARSED',NULL,'448f01687cc0886998891e46d41f8a6506233668d53da93a42387f96545d212e');
INSERT INTO messages VALUES(213,310034,'insert','blocks','{"block_hash":"f552edd2e0a648230f3668e72ddf0ddfb1e8ac0f4c190f91b89c1a8c2e357208","block_index":310034,"block_time":310034000,"difficulty":null,"ledger_hash":null,"previous_block_hash":null,"txlist_hash":null}',0,'NEW_BLOCK',NULL,'07a57004879181919283f7a23dfb20512d72e10817f0854ab039a75b46988be6');
INSERT INTO messages VALUES(214,310034,'parse','blocks','{"block_index":310034,"ledger_hash":"5a4b3f29cb1554ae8f670955df4dde45fdcc57623a50ca7d8f2c78ad79186a7a","messages_hash":"9a46a0f9ed4c9228ac7ed8d460cb02671d188dc3969cb27fd3c160d262f6f854","transaction_count":0,"txlist_hash":"0ec430eb4c16f386b5abbd6586133741dfe6c19eb820d388810f3680442d363a"}',0,'BLOCK_PARSED',NULL,'afc8d9de741443cabe06a070d97445e83845db814932b58182c0162542ccaffa');
INSERT INTO messages VALUES(215,310035,'insert','blocks','{"block_hash":"a13cbb016f3044207a46967a4ba1c87dab411f78c55c1179f2336653c2726ae2","block_index":310035,"block_time":310035000,"difficulty":null,"ledger_hash":null,"previous_block_hash":null,"txlist_hash":null}',0,'NEW_BLOCK',NULL,'51f6a3f044be67f8f29dd6ece19beb0e6589fde798f33c64ba12f77a961dfcb5');
INSERT INTO messages VALUES(216,310035,'parse','blocks','{"block_index":310035,"ledger_hash":"b81834ed9e92514fe7d277378be72e1f81043a615a4b67cb67dbcf97e3c3b43e","messages_hash":"23820e9d74e75cf349ef7258275ff0c4898cc841ea3c109a8a67565e8c73b1f2","transaction_count":0,"txlist_hash":"a883860baff0c6dec150c9d80b8a640401e191312eeebd4e9f21914e7803c46b"}',0,'BLOCK_PARSED',NULL,'95689fb2413a53969d317c9997d1b40ee54c1c39476d57acfb2ad804ed11da17');
INSERT INTO messages VALUES(217,310036,'insert','blocks','{"block_hash":"158648a98f1e1bd1875584ce8449eb15a4e91a99a923bbb24c4210135cef0c76","block_index":310036,"block_time":310036000,"difficulty":null,"ledger_hash":null,"previous_block_hash":null,"txlist_hash":null}',0,'NEW_BLOCK',NULL,'fddb2b7385034b50830ff9154260850115b14f9c60a6ddb15f7ec54fabd43bbe');
INSERT INTO messages VALUES(218,310036,'parse','blocks','{"block_index":310036,"ledger_hash":"736adff04611f10a4e384b5d5c44651bdf037c0caeb8dda5bedbbc6d18d04ca2","messages_hash":"60f852ce6c002f13ef084dcb011c344140db703beb3fc4d81d739f946bb49ec3","transaction_count":0,"txlist_hash":"821ad697a76d9a35b14a7c388b65b4f3a86fc66c42e02af6d568f73e2586beec"}',0,'BLOCK_PARSED',NULL,'eff3db5200d99377b1c71eb0bf3928f47c28dbba2042e3e7505bad3fbac0884f');
INSERT INTO messages VALUES(219,310037,'insert','blocks','{"block_hash":"563acfd6d991ce256d5655de2e9429975c8dceeb221e76d5ec6e9e24a2c27c07","block_index":310037,"block_time":310037000,"difficulty":null,"ledger_hash":null,"previous_block_hash":null,"txlist_hash":null}',0,'NEW_BLOCK',NULL,'6692cacc53aac8200ea7d8e20c2251de6515966d79e4caf2dd1149a0cfefcb1b');
INSERT INTO messages VALUES(220,310037,'parse','blocks','{"block_index":310037,"ledger_hash":"34d49fb14a7ec85ebd02ffe04768f5aa7382ed0ac7f9ae903e71567dc5d9ab67","messages_hash":"1453c8d8dd1997c347d67bee5d694cf5bdb0c7f91f714c68aea076e91276ce80","transaction_count":0,"txlist_hash":"c5ff4e50b07b755c23a6d9ca6dd5efe71a2728c4c662418fab814993be455308"}',0,'BLOCK_PARSED',NULL,'15568e17da2f10dd9c4109db904ca59ee3f3f030ed23021df19d81e7a60c09ea');
INSERT INTO messages VALUES(221,310038,'insert','blocks','{"block_hash":"b44b4cad12431c32df27940e18d51f63897c7472b70950d18454edfd640490b2","block_index":310038,"block_time":310038000,"difficulty":null,"ledger_hash":null,"previous_block_hash":null,"txlist_hash":null}',0,'NEW_BLOCK',NULL,'70c45c20cb2df7ee62792966791eb158d5a32714feb05feded77477e5b179181');
INSERT INTO messages VALUES(222,310038,'parse','blocks','{"block_index":310038,"ledger_hash":"9bfc3bf0ed35dd256f0df04c813dab9dd818238163e6b01842e18815971e7010","messages_hash":"18e2d6ae7a1493d8ce1f6cefd80d982b3aa6d1652a956d205a19d511b68d6719","transaction_count":0,"txlist_hash":"8a2ea429a26990e70f9c8937d11c58c986f991c55f196416344847435c670849"}',0,'BLOCK_PARSED',NULL,'d92d52286b179a8d2ed17386e1979e0ed253fde0dc3c1fe7b56b6bcf9ccc9c6d');
INSERT INTO messages VALUES(223,310039,'insert','blocks','{"block_hash":"5fa1ae9c5e8a599247458987b006ad3a57f686df1f7cc240bf119e911b56c347","block_index":310039,"block_time":310039000,"difficulty":null,"ledger_hash":null,"previous_block_hash":null,"txlist_hash":null}',0,'NEW_BLOCK',NULL,'24f5b4561a1e9bb3aa40eda2e107687619f91d224984864d2ad4a1e0093ff042');
INSERT INTO messages VALUES(224,310039,'parse','blocks','{"block_index":310039,"ledger_hash":"da7a63f22053d1713c805684d14695c31670eaf848bf23eee3331e679744f291","messages_hash":"d69e54e3606b0e57892f04a814f566be2466d47e70952fdf2c2699685a1c0735","transaction_count":0,"txlist_hash":"9f186391b30cc438ae59dabfb18dfca8811193a8fe37cada73d513ad688a80f0"}',0,'BLOCK_PARSED',NULL,'31f658b8eaf26afe979862ae089c02bc75fe98d955ac6a935bdc238e50847c2a');
INSERT INTO messages VALUES(225,310040,'insert','blocks','{"block_hash":"7200ded406675453eadddfbb2d14c2a4526c7dc2b5de14bd48b29243df5e1aa3","block_index":310040,"block_time":310040000,"difficulty":null,"ledger_hash":null,"previous_block_hash":null,"txlist_hash":null}',0,'NEW_BLOCK',NULL,'ee6729be504345ce20b6c0b13b2ac7b0b7bcc7fef33460e1747c87bd4f20278f');
INSERT INTO messages VALUES(226,310040,'parse','blocks','{"block_index":310040,"ledger_hash":"ddb485115b64342bcb172cc3e77b20effb1294e635459119b59179f3b6a87d66","messages_hash":"46e0724a5eece257ac1c933b63ddca82c9e60c5f0e80525f3267e5f3da9f5a62","transaction_count":0,"txlist_hash":"f73c8b5e92181566aeee4ec42a1e50b950fd18680c69c58fe20b5288a915d7e9"}',0,'BLOCK_PARSED',NULL,'0c1988bf95e5a00a2933afa17786d9dfa7c847db6448c4a1a61dab7aa73664e0');
INSERT INTO messages VALUES(227,310041,'insert','blocks','{"block_hash":"5db592ff9ba5fac1e030cf22d6c13b70d330ba397f415340086ee7357143b359","block_index":310041,"block_time":310041000,"difficulty":null,"ledger_hash":null,"previous_block_hash":null,"txlist_hash":null}',0,'NEW_BLOCK',NULL,'541d2c35e12adb8e8a90379a7565633876c706ae03d9de1e6172563a24cd2665');
INSERT INTO messages VALUES(228,310041,'parse','blocks','{"block_index":310041,"ledger_hash":"b58d05ae5f282f7904c7a759ae5624194b5cb091f43f05d738cb4002a999c26d","messages_hash":"fe62f1918ef195ab1d821f9ee9d9e086657930fb78a7cea2df879d9fdcd32696","transaction_count":0,"txlist_hash":"73ee837bac9153dbc94c23879192b6c2fd71a9a6148502e8c4693bd342c4feec"}',0,'BLOCK_PARSED',NULL,'470590eb1c4688bf44784e5b2c5cf3e4c5e10ce960b39247437bd9f86af318e6');
INSERT INTO messages VALUES(229,310042,'insert','blocks','{"block_hash":"826fd4701ef2824e9559b069517cd3cb990aff6a4690830f78fc845ab77fa3e4","block_index":310042,"block_time":310042000,"difficulty":null,"ledger_hash":null,"previous_block_hash":null,"txlist_hash":null}',0,'NEW_BLOCK',NULL,'5c00b9cf22c55240baa74bb406df49c6ba3f254334e4bd6867c4fb7e23d54dbf');
INSERT INTO messages VALUES(230,310042,'parse','blocks','{"block_index":310042,"ledger_hash":"c18e1989fccd8bc7168ebf2acc035c224a9010b428b81c814683b0ce1e244113","messages_hash":"7848acdbcba058cc1914ab7082995005b4077732e1e647f62db2383c330ab182","transaction_count":0,"txlist_hash":"9ef577154ca6e451585e9dcc4c3690d496b8a666856987194c4e41414743945f"}',0,'BLOCK_PARSED',NULL,'7647fe0ef73903e86b1d7f5db7eb79dbdafb000e414e5320d34089750613734c');
INSERT INTO messages VALUES(231,310043,'insert','blocks','{"block_hash":"2254a12ada208f1dd57bc17547ecaf3c44720323c47bc7d4b1262477cb7f3c51","block_index":310043,"block_time":310043000,"difficulty":null,"ledger_hash":null,"previous_block_hash":null,"txlist_hash":null}',0,'NEW_BLOCK',NULL,'476c1ac5a63b3cabe15db8afd7c0948347b1efe82bad9e13d9f93c1e47d72314');
INSERT INTO messages VALUES(232,310043,'parse','blocks','{"block_index":310043,"ledger_hash":"1a935492fce6a168d9aafd24246bba6f5615f53a47311549059b21adc6a67154","messages_hash":"46a0e5a7d7943f359d9b32b7660bfa12d6eced26371fa486b5cbc6f0e3dbc1f8","transaction_count":0,"txlist_hash":"29f3ff5d49a8c6ffbf0ddc41a5e45fd3b777fd7c9ea60a914191fc551ac46ea4"}',0,'BLOCK_PARSED',NULL,'d349f51de2ce1d606aef8505be3111b129f45150672f3052af18f5411d81db7e');
INSERT INTO messages VALUES(233,310044,'insert','blocks','{"block_hash":"3346d24118d8af0b3c6bcc42f8b85792e7a2e7036ebf6e4c25f4f6723c78e46b","block_index":310044,"block_time":310044000,"difficulty":null,"ledger_hash":null,"previous_block_hash":null,"txlist_hash":null}',0,'NEW_BLOCK',NULL,'a3327fdb87284c030ad2154734eaf91b4f2bbe258dde0c9a0504e82fe2b6ec17');
INSERT INTO messages VALUES(234,310044,'parse','blocks','{"block_index":310044,"ledger_hash":"536611cb3cb3005f8c4ffc5b8ed8271734448b5d6f49bd47eb0456bc4ee207e4","messages_hash":"0c3d2bcecf3c78d9031042c076bbe89b15ea388595562db679ae0861393a3db2","transaction_count":0,"txlist_hash":"6f22c984234616fa84a474dc80c5d5e25ccdbec1a84b0cabb279505e93aa4d6c"}',0,'BLOCK_PARSED',NULL,'46f7c98370e0ff0b4109c8781cfcbe1e85ad32de3ce272459a307a12d2242614');
INSERT INTO messages VALUES(235,310045,'insert','blocks','{"block_hash":"7bba0ab243839e91ad1a45a762bf074011f8a9883074d68203c6d1b46fffde98","block_index":310045,"block_time":310045000,"difficulty":null,"ledger_hash":null,"previous_block_hash":null,"txlist_hash":null}',0,'NEW_BLOCK',NULL,'e4b290d9c8980e93f5cd24e0dc0624bde90a2561f3fa2ac8a94733ee8316b100');
INSERT INTO messages VALUES(236,310045,'parse','blocks','{"block_index":310045,"ledger_hash":"ebbeea29c073c61dad3e091302cd945a9926741db0dc6a918792c4c01b8cc30c","messages_hash":"241203cb079a345b9e3ce4a393c72348145fa8b396ce32760d1da13ae524821a","transaction_count":0,"txlist_hash":"a1d1a029c0bcbe481f8ba760714e266ff9e759844517ceef96bbaefb05652dcd"}',0,'BLOCK_PARSED',NULL,'0ae19abe19e558f4204472d0fc3ce421ca4b2108d357308a55a79d5c2205d919');
INSERT INTO messages VALUES(237,310046,'insert','blocks','{"block_hash":"47db6788c38f2d6d712764979e41346b55e78cbb4969e0ef5c4336faf18993a6","block_index":310046,"block_time":310046000,"difficulty":null,"ledger_hash":null,"previous_block_hash":null,"txlist_hash":null}',0,'NEW_BLOCK',NULL,'233d1e4e6264abe33a79ba3489860b74e92bbf6e4d111bb1dff32f9f8aad0cb7');
INSERT INTO messages VALUES(238,310046,'parse','blocks','{"block_index":310046,"ledger_hash":"d9baff8bec82f3c29f1fa69c9ddd456f1867f33a55d1648605ea7109270d8e07","messages_hash":"35eead56ad2fd6b39a8804160f366be383de286ecaadba6bc065b49058559d24","transaction_count":0,"txlist_hash":"26f6ea6c1e350b91f4757619dd52bb7a2b2bad7277497f0d4e1d61b363eb7a99"}',0,'BLOCK_PARSED',NULL,'6e85f368723a6c151b12525d91e539a552e3dac895d12e65e580db7289291c16');
INSERT INTO messages VALUES(239,310047,'insert','blocks','{"block_hash":"a9ccabcc2a098a7d25e4ab8bda7c4e66807eefa42e29890dcd88149a10de7075","block_index":310047,"block_time":310047000,"difficulty":null,"ledger_hash":null,"previous_block_hash":null,"txlist_hash":null}',0,'NEW_BLOCK',NULL,'bcf7d45b7d1dbe9df1d64ca0fb6e0b133e4c73372cd20806533485df21d9f5e3');
INSERT INTO messages VALUES(240,310047,'parse','blocks','{"block_index":310047,"ledger_hash":"09ad4a6bb3f671e6ac6d595bcbfb82371cc41f35c309142678eb5b7df97a5de5","messages_hash":"a7fab6bfd0f3a91bdb8c1b607b6f04db5c2d0670860592513dbc12a511bdb0ea","transaction_count":0,"txlist_hash":"5e32dc4d14838fdf0460146fd87eeb59ece3416bb7104362d24fd6d2bf0fe963"}',0,'BLOCK_PARSED',NULL,'999f6e9ca1c0781a9d6dd26f67c7db4f277ae9c4780aab59af4db20f3571a25c');
INSERT INTO messages VALUES(241,310048,'insert','blocks','{"block_hash":"610bf3935a85b05a98556c55493c6de45bed4d7b3b6c8553a984718765796309","block_index":310048,"block_time":310048000,"difficulty":null,"ledger_hash":null,"previous_block_hash":null,"txlist_hash":null}',0,'NEW_BLOCK',NULL,'668eb2b3136a4e9de89d26386ed52d02747d207e9116507f546dc2ccd3839396');
INSERT INTO messages VALUES(242,310048,'parse','blocks','{"block_index":310048,"ledger_hash":"208200708851a32b0ffaecade58f78f8ba7d5820457c582d5ca127e16fec0952","messages_hash":"ad1f32c3d0cc59ae588ec06e08e3e4eb36ad5392ac65773d5399f092afa5fec3","transaction_count":0,"txlist_hash":"c0a8253cff82f71d9a90c7b982e5d5093d5c2bbc2ee2859d9d7d09afbef56192"}',0,'BLOCK_PARSED',NULL,'eb18b09394e89555aa7efeb84feab847bec929a4d5cb652e518ae3834bb4b825');
INSERT INTO messages VALUES(243,310049,'insert','blocks','{"block_hash":"4ad2761923ad49ad2b283b640f1832522a2a5d6964486b21591b71df6b33be3c","block_index":310049,"block_time":310049000,"difficulty":null,"ledger_hash":null,"previous_block_hash":null,"txlist_hash":null}',0,'NEW_BLOCK',NULL,'93d6ed58ccbd2c025abe793959c4248fbe11bd2231cb79cde57516abbf755ec3');
INSERT INTO messages VALUES(244,310049,'parse','blocks','{"block_index":310049,"ledger_hash":"9d1a7335d989bb73b0363bc88da6dd82c0fbaf064b1d70708b0aa2f6a8a9958b","messages_hash":"eba9c20aaa6176e7922424ceee7aedd1ee738c2315c3ab9c07ec4a3035eed1fc","transaction_count":0,"txlist_hash":"c07861a54cc9537b7a2486e5a7e6366cd04413fb1307712ec6af55588dd22cfc"}',0,'BLOCK_PARSED',NULL,'c48fb275d589fd6d57b9afb0f9369e88b06e9a1187dfb68ce3cb82ef834169d3');
INSERT INTO messages VALUES(245,310050,'insert','blocks','{"block_hash":"8cfeb60a14a4cec6e9be13d699694d49007d82a31065a17890383e262071e348","block_index":310050,"block_time":310050000,"difficulty":null,"ledger_hash":null,"previous_block_hash":null,"txlist_hash":null}',0,'NEW_BLOCK',NULL,'e8bb50c0348dbcca78d887464587cfca053ec2717aeab9cbb767f5c66b4b1184');
INSERT INTO messages VALUES(246,310050,'parse','blocks','{"block_index":310050,"ledger_hash":"2fd9039e49fcbb070315defae275bed858cfbb539bc4db8f2ec5f5ff6d69ea25","messages_hash":"b6ccf04c3a59d3478c20246b08508a3fe38eab546c7ffd01cdf0b751fa25c648","transaction_count":0,"txlist_hash":"0ae948495f47c1ad343052f786467c6236cd6ca23dce0c628503a44ada8f8329"}',0,'BLOCK_PARSED',NULL,'7ea31bfbace941b6ade022f291eca7e9a92dcedaae260be9770ee787616d90f2');
INSERT INTO messages VALUES(247,310051,'insert','blocks','{"block_hash":"b53c90385dd808306601350920c6af4beb717518493fd23b5c730eea078f33e6","block_index":310051,"block_time":310051000,"difficulty":null,"ledger_hash":null,"previous_block_hash":null,"txlist_hash":null}',0,'NEW_BLOCK',NULL,'2ec4656f215172d55c9b75f8d0747b4d215b86911e8535023c708aad706c6973');
INSERT INTO messages VALUES(248,310051,'parse','blocks','{"block_index":310051,"ledger_hash":"2e97864865a020b04ed60b22c347d9dbebce5d00abce86c2b3a5054a3184699b","messages_hash":"ca89bde94ef63cd7e25cdccd9236658128bcbae0dc465a0dbdd5922458e1626d","transaction_count":0,"txlist_hash":"986536c5e9cec38d9b78bef44e21e73f93a654b9c421c7822dcba475b14f2127"}',0,'BLOCK_PARSED',NULL,'14917f621af0eb16cf15060fb5080ae20f78233029f27d18dad2abf39e2cbab4');
INSERT INTO messages VALUES(249,310052,'insert','blocks','{"block_hash":"0acdacf4e4b6fca756479cb055191b367b1fa433aa558956f5f08fa5b7b394e2","block_index":310052,"block_time":310052000,"difficulty":null,"ledger_hash":null,"previous_block_hash":null,"txlist_hash":null}',0,'NEW_BLOCK',NULL,'32039bbb8db864b457942deef85f942fb4bf864d467d613fa80482aef298131f');
INSERT INTO messages VALUES(250,310052,'parse','blocks','{"block_index":310052,"ledger_hash":"f6a8e9f4cde78fbf6c9a5ea176312116f3813f2c0bcaee6c92f3beb13a8c3899","messages_hash":"bf9cbefe98d8036711af91398e2d230ad5e7473f93db4812f861ee2dc334af9d","transaction_count":0,"txlist_hash":"4ffb95c683e1839d31018cc7ec92e978014b8cd32f308c2819ff2e79ff60fa2d"}',0,'BLOCK_PARSED',NULL,'d4c953770d2f77426f2e8b0c5eba2f608b12780e256413b1cff055be0105cee7');
INSERT INTO messages VALUES(251,310053,'insert','blocks','{"block_hash":"68348f01b6dc49b2cb30fe92ac43e527aa90d859093d3bf7cd695c64d2ef744f","block_index":310053,"block_time":310053000,"difficulty":null,"ledger_hash":null,"previous_block_hash":null,"txlist_hash":null}',0,'NEW_BLOCK',NULL,'0b404bc78b51e7d115b7c697b831a4ff78909ed9de6945a48c4b8436a652aa77');
INSERT INTO messages VALUES(252,310053,'parse','blocks','{"block_index":310053,"ledger_hash":"1d84e4657febaa291b4873d808d9ab433370227976196fd6436a65839c3575d1","messages_hash":"e972dbe3f45bc7175fa16d4b0e45c9d3c73844157796af50fa9a78e8d2f4d9ca","transaction_count":0,"txlist_hash":"0ed99730b61327cff9ed15d8585f70d7629b2b10150a717093dac4fafcc4e737"}',0,'BLOCK_PARSED',NULL,'ca35825985cbcd3b988fa4386d4eab0732898d773fc1c4f9fbdf4cadfd649736');
INSERT INTO messages VALUES(253,310054,'insert','blocks','{"block_hash":"a8b5f253df293037e49b998675620d5477445c51d5ec66596e023282bb9cd305","block_index":310054,"block_time":310054000,"difficulty":null,"ledger_hash":null,"previous_block_hash":null,"txlist_hash":null}',0,'NEW_BLOCK',NULL,'2d5d76ff2793e699c8f7504316fc70bbb792dd2a2c8c06ad9ecd83ceb8b2bf26');
INSERT INTO messages VALUES(254,310054,'parse','blocks','{"block_index":310054,"ledger_hash":"083f6b773191caaf1844f47c53077e8724e100d0b46461ddaa642b88d5265c9a","messages_hash":"8da3312a3339410bee09d28c04e9bfbe9d110743e7c425870414f868b19b831d","transaction_count":0,"txlist_hash":"69aa5d1c74c026da7b7cebe352bd6d907a31174cfd6f346e09382b0cf3fb8239"}',0,'BLOCK_PARSED',NULL,'6297fafdddacda5690cf4f2f6e92443ec8451b3bba15550ec6d1b3ab2a4941c1');
INSERT INTO messages VALUES(255,310055,'insert','blocks','{"block_hash":"4b069152e2dc82e96ed8a3c3547c162e8c3aceeb2a4ac07972f8321a535b9356","block_index":310055,"block_time":310055000,"difficulty":null,"ledger_hash":null,"previous_block_hash":null,"txlist_hash":null}',0,'NEW_BLOCK',NULL,'b2d70e6f56c44acd50a23abcfa85c3a70ec004b2e74e01a5283afd27af54cae9');
INSERT INTO messages VALUES(256,310055,'parse','blocks','{"block_index":310055,"ledger_hash":"b1302087b804fc5753df5a4d8aaf8626e80ff99b429f52fed97767b051c24e8c","messages_hash":"0a47f2f6a88d37a793ee82f30866c0a859fdd0e6c3f8a432f220afdeb052be6f","transaction_count":0,"txlist_hash":"e35d2a19e5b60e2534a36d8c1d0c14c6211d56c29b4aa4953a14bf0b83bcc405"}',0,'BLOCK_PARSED',NULL,'ff4b3ed26560588f8c9a9e59f6a557066f1bf3fe92e914ea765191926330827a');
INSERT INTO messages VALUES(257,310056,'insert','blocks','{"block_hash":"7603eaed418971b745256742f9d2ba70b2c2b2f69f61de6cc70e61ce0336f9d3","block_index":310056,"block_time":310056000,"difficulty":null,"ledger_hash":null,"previous_block_hash":null,"txlist_hash":null}',0,'NEW_BLOCK',NULL,'ab62a43268075f0c8ec1bb2277204450be87fe5069e89360d02a1201ea6aaee0');
INSERT INTO messages VALUES(258,310056,'parse','blocks','{"block_index":310056,"ledger_hash":"956c9ca0b51eaba7343703a165eb96d5947fc764457ef3dde5ca90c18d3b2f3d","messages_hash":"5f418d9847cba07f253a0b2f6466491ecf6d853d1f61146c566224707ccaab89","transaction_count":0,"txlist_hash":"165a88d3d459ce6f4f37cc2ddb1c365dd01542b102dc68181d41b95ebde044dd"}',0,'BLOCK_PARSED',NULL,'ba4536930d6a5518d8594bab193fb425419d193880b106c8e708d1e345f8a9a6');
INSERT INTO messages VALUES(259,310057,'insert','blocks','{"block_hash":"4a5fdc84f2d66ecb6ee3e3646aad20751ce8694e64e348d3c8aab09d33a3e411","block_index":310057,"block_time":310057000,"difficulty":null,"ledger_hash":null,"previous_block_hash":null,"txlist_hash":null}',0,'NEW_BLOCK',NULL,'9041b6d00520e11db44012a7fb3ca4b1a1fad8b9d318e473fbbb445926301ec2');
INSERT INTO messages VALUES(260,310057,'parse','blocks','{"block_index":310057,"ledger_hash":"e86cae3e73aa13e8498a98de335ed0cbdb7899b24e91839bbf0f50aa22355ecb","messages_hash":"e1fbf90f8315c4ef1f6c1441a8118932afd55743635378c5da5d0169c4e3d420","transaction_count":0,"txlist_hash":"37394f57952a82ab5fb6ceb7323152d83f3c911a533e289c55b531fc83269268"}',0,'BLOCK_PARSED',NULL,'5160e18c9b96ddd57ea93e7befa36f89e0348dab7dac44df813314c08c815ad0');
INSERT INTO messages VALUES(261,310058,'insert','blocks','{"block_hash":"a6eef3089896f0cae0bfe9423392e45c48f4efe4310b14d8cfbdb1fea613635f","block_index":310058,"block_time":310058000,"difficulty":null,"ledger_hash":null,"previous_block_hash":null,"txlist_hash":null}',0,'NEW_BLOCK',NULL,'63ee0ea50b571b63ec8eabcb5a277e743675411597991f48ebc18abd3dfc9a75');
INSERT INTO messages VALUES(262,310058,'parse','blocks','{"block_index":310058,"ledger_hash":"54bd5e4fc1bc17df27f9e6f22b5e1facd82229a877e09ec0136f878f2da81344","messages_hash":"29f3807fa77ba959e0cdcf584d1bf883c2ddd9416169bd2f3228082528d1581c","transaction_count":0,"txlist_hash":"ebd7b1c7c24aa51a0622e244d1b486d4bde8b1019d86e1d8845b6e90847ad09b"}',0,'BLOCK_PARSED',NULL,'494ffed7a42d562bf263c99c6c4630317bdcc147b7d476b226abda3e10aced61');
INSERT INTO messages VALUES(263,310059,'insert','blocks','{"block_hash":"ab505de874c43f97c90be1c26a769e6c5cb140405c993b4a6cc7afc795f156a9","block_index":310059,"block_time":310059000,"difficulty":null,"ledger_hash":null,"previous_block_hash":null,"txlist_hash":null}',0,'NEW_BLOCK',NULL,'a64f90758238b36c6819bdca8ca9333433b3cf65ec4b4cc4b55635acfdff8c92');
INSERT INTO messages VALUES(264,310059,'parse','blocks','{"block_index":310059,"ledger_hash":"1403832427d4c482b0d2d925e08a72fe37f5aaa6af73e74f601f7e22fdad7662","messages_hash":"299f7ded15b2e239100eaebd1d18172d6a174f116942bf01dace2f92ba118d77","transaction_count":0,"txlist_hash":"cb71b795988456a345fd21a3c729005ab802707d54311480012920f07db40bc9"}',0,'BLOCK_PARSED',NULL,'34ab30aac020f41cec852184befe76c52ec437702d24fc716cc4b4ae6fe97c60');
INSERT INTO messages VALUES(265,310060,'insert','blocks','{"block_hash":"974ad5fbef621e0a38eab811608dc9afaf10c8ecc85fed913075ba1a145e889b","block_index":310060,"block_time":310060000,"difficulty":null,"ledger_hash":null,"previous_block_hash":null,"txlist_hash":null}',0,'NEW_BLOCK',NULL,'398d179dcf2fa65147de12ef9d62359a7033d76cef8476f99aa14b8b1da9e2d4');
INSERT INTO messages VALUES(266,310060,'parse','blocks','{"block_index":310060,"ledger_hash":"7b08f124a953d0e5511b0698d3314f5ec71ebba77b94c4d236ff9738d5a587e8","messages_hash":"daaf2c94521d240ad719d3bff3d760470eabd8d2d723dd5be9f33a042b070e71","transaction_count":0,"txlist_hash":"cf47be21938b5a55ffb8eba6a9f63eb61b89e679b279d75080571832bf08c0e0"}',0,'BLOCK_PARSED',NULL,'eea939e73716cdc7e948189ec9ab7cc04ce571c1aa1cd259b376014c9b5273ef');
INSERT INTO messages VALUES(267,310061,'insert','blocks','{"block_hash":"35d267d21ad386e7b7632292af1c422b0310dde7ca49a82f9577525a29c138cf","block_index":310061,"block_time":310061000,"difficulty":null,"ledger_hash":null,"previous_block_hash":null,"txlist_hash":null}',0,'NEW_BLOCK',NULL,'6f83cc2c6a1c4fc558997a3492b7158daba1e1ecda7f54eca243956100d0a8ab');
INSERT INTO messages VALUES(268,310061,'parse','blocks','{"block_index":310061,"ledger_hash":"1de158dfd18413618b9800236a2aa265d2fab497b09a839be408da8871b0960a","messages_hash":"233800e1d285feca8df21681a31ac4dcb2a15ddbb4568ea80935d16e9079159f","transaction_count":0,"txlist_hash":"a9c1a3c24a410649e701fc0b321b2030b6fc35de7a2538a10e75b482cbe96b3f"}',0,'BLOCK_PARSED',NULL,'d9581843579b4b6fbbf8414dc51de0c7583b8abc752905e9efa225a01b64e9ab');
INSERT INTO messages VALUES(269,310062,'insert','blocks','{"block_hash":"b31a0054145319ef9de8c1cb19df5bcf4dc8a1ece20053aa494e5d3a00a2852f","block_index":310062,"block_time":310062000,"difficulty":null,"ledger_hash":null,"previous_block_hash":null,"txlist_hash":null}',0,'NEW_BLOCK',NULL,'f140af6970e99fbfee9d6776b5c865aa1e4f83e141e037609ca64a5823b91a32');
INSERT INTO messages VALUES(270,310062,'parse','blocks','{"block_index":310062,"ledger_hash":"aa4be540bad6cd762a02b77856c3d6a737d90245e71f61b63a426573bffb3a4a","messages_hash":"303c639e1a67ceb427f4f5b1e7372d8e9bac3a933fd34b6784a6e7b6a7f81bee","transaction_count":0,"txlist_hash":"93d0499dcc4fc819927eed8d1eec8b094eb5a4323b70d2cec33d568e31737ce4"}',0,'BLOCK_PARSED',NULL,'ecd70e6e7980d2ac26e08d2c747847a2936b31230e258be0fb1a30a523b401aa');
INSERT INTO messages VALUES(271,310063,'insert','blocks','{"block_hash":"0cbcbcd5b7f2dc288e3a34eab3d4212463a5a56e886804fb4f9f1cf929eadebe","block_index":310063,"block_time":310063000,"difficulty":null,"ledger_hash":null,"previous_block_hash":null,"txlist_hash":null}',0,'NEW_BLOCK',NULL,'bde7278dc33a7d1b050d0fc7ffa4a919f605893a807cdeb59d42d28228a2f75f');
INSERT INTO messages VALUES(272,310063,'parse','blocks','{"block_index":310063,"ledger_hash":"49edce8190c2480fe3c6b3df7c7c5f13d34f67c3aef3b2aa12eaea603153aa83","messages_hash":"38fa5c7d385f96b914c99910a805df2ac0b1a85e87b36d247d9b278e88ed03d3","transaction_count":0,"txlist_hash":"a76d957ffb41dbfd83b8c92ad487582586cdf13ca49dc1dfc30e869afc8ca76b"}',0,'BLOCK_PARSED',NULL,'6986f50f0b47339967aee35119ca37160833e380633dffe58e8ce392d6e86368');
INSERT INTO messages VALUES(273,310064,'insert','blocks','{"block_hash":"e2db8065a195e85cde9ddb868a17d39893a60fb2b1255aa5f0c88729de7cbf30","block_index":310064,"block_time":310064000,"difficulty":null,"ledger_hash":null,"previous_block_hash":null,"txlist_hash":null}',0,'NEW_BLOCK',NULL,'7d3fd3846f014db5648db1c5a72516f2f61308005c72523fe78ff2ecbdd46b9d');
INSERT INTO messages VALUES(274,310064,'parse','blocks','{"block_index":310064,"ledger_hash":"a2a8c9946cf45490858deb15c8f277ec545854dfc02dc9d248a684c0c3544d6e","messages_hash":"90bf81ef13cf66762069a4b37f9fef3ecf5db6b22e2e450e43a98525e3c68cda","transaction_count":0,"txlist_hash":"0270a3faca0bc1a674fbd3632a1edbe8363d5115db8af56f135493f09a63df30"}',0,'BLOCK_PARSED',NULL,'97d1252bc702188fa596e3c481fb94751a1e80b03ba1d2c1c2108f902b6ef623');
INSERT INTO messages VALUES(275,310065,'insert','blocks','{"block_hash":"8a7bc7a77c831ac4fd11b8a9d22d1b6a0661b07cef05c2e600c7fb683b861d2a","block_index":310065,"block_time":310065000,"difficulty":null,"ledger_hash":null,"previous_block_hash":null,"txlist_hash":null}',0,'NEW_BLOCK',NULL,'2ca51a7a24935309b847badfd1b638e1b422adce8300aad9db4ec8c07d39d94f');
INSERT INTO messages VALUES(276,310065,'parse','blocks','{"block_index":310065,"ledger_hash":"ca1e5d385fd9cec1184d28095a6f4a2ec2914d40cc016309fe322dbb335cf2c3","messages_hash":"e63154a16b9529068db5563873175a28e2be68e6324a3c5f53e3409fa09ce9f2","transaction_count":0,"txlist_hash":"85484b37f06238496ca822d539fe09e0e2906d12cf5b6d77c6219af29ec7410a"}',0,'BLOCK_PARSED',NULL,'8951ddccaed9e09af7ca2ba8b399bb0a01cac968e8e2900b4a905d4020065627');
INSERT INTO messages VALUES(277,310066,'insert','blocks','{"block_hash":"b6959be51eb084747d301f7ccaf9e75f2292c9404633b1532e3692659939430d","block_index":310066,"block_time":310066000,"difficulty":null,"ledger_hash":null,"previous_block_hash":null,"txlist_hash":null}',0,'NEW_BLOCK',NULL,'aaa80e858effe94bd242ec1338b7a30761e53d1f122ef517837379f0d08094c3');
INSERT INTO messages VALUES(278,310066,'parse','blocks','{"block_index":310066,"ledger_hash":"73519f53874cc8cbe9052bf8dd18c590e0a4bd5bdc2a286c4930e8cfd006a993","messages_hash":"f9e3fdab6aa6c8e46c1098d888dddadef4de7aaa60498663a41ebb7e784b9081","transaction_count":0,"txlist_hash":"9c360f75cdc0788ebf8a530fa967e8eaefc3876b19739dfef2f7307e1af414f2"}',0,'BLOCK_PARSED',NULL,'a81945482aa7371056a515008831a82b2c79455970cb36663b2d6e766208b4dd');
INSERT INTO messages VALUES(279,310067,'insert','blocks','{"block_hash":"8b08eae98d7193c9c01863fac6effb9162bda010daeacf9e0347112f233b8577","block_index":310067,"block_time":310067000,"difficulty":null,"ledger_hash":null,"previous_block_hash":null,"txlist_hash":null}',0,'NEW_BLOCK',NULL,'c6421dde56d37e7d6bb7abf737975f921d1223d254ef6aa1d41ced5c1f516228');
INSERT INTO messages VALUES(280,310067,'parse','blocks','{"block_index":310067,"ledger_hash":"5de09a95e36480de84f9d3c8db3e18b7bf5145f8b6ee6bde57b5c3de11274cbd","messages_hash":"ff9595969afc70c0f9d4e1597c21f1fc1c1f1420a77cccdd219a5a4dbac98004","transaction_count":0,"txlist_hash":"b4a32df829f1f913a9077d0ecd83362230bf893ffd654703538c5fc1c30a181e"}',0,'BLOCK_PARSED',NULL,'e9550f78d23041b7540685517b43f5fe768c31783b7f05df1d94ef56b25e32d7');
INSERT INTO messages VALUES(281,310068,'insert','blocks','{"block_hash":"9280e7297ef6313341bc81787a36acfc9af58f83a415afff5e3154f126cf52b5","block_index":310068,"block_time":310068000,"difficulty":null,"ledger_hash":null,"previous_block_hash":null,"txlist_hash":null}',0,'NEW_BLOCK',NULL,'f87786cac25c961ffd0ad099274256744559864679e8ab74991f5b69103aa1f1');
INSERT INTO messages VALUES(282,310068,'parse','blocks','{"block_index":310068,"ledger_hash":"be6a452931358d500eda0fd2aa3a91b86483fa847a7bf350f23d33d85712592e","messages_hash":"776280c30e75c9bf4a079bc1ea8b414aec9853523e5ae0dcacdbd143d17c83da","transaction_count":0,"txlist_hash":"fc4f551737950e1293a8718899c3b74c2ce76d8d1f58d6e22d10976ffd15eb24"}',0,'BLOCK_PARSED',NULL,'0a3c4657e2d89d7d8fb3506645f5baca4adae4ba590cccd50a0af0bdd029cc0f');
INSERT INTO messages VALUES(283,310069,'insert','blocks','{"block_hash":"486351f0655bf594ffaab1980cff17353b640b63e9c27239109addece189a6f7","block_index":310069,"block_time":310069000,"difficulty":null,"ledger_hash":null,"previous_block_hash":null,"txlist_hash":null}',0,'NEW_BLOCK',NULL,'6340706ca195e4025058537202fb835bba033e5759aeea83e79aa7bef819f9f3');
INSERT INTO messages VALUES(284,310069,'parse','blocks','{"block_index":310069,"ledger_hash":"5940a47dfa1a1c8bc1e51f1e64100cd0604c74197c88b39f6f7a9d5b763a0b56","messages_hash":"e9cca29e3af7ca14e1b6c490a936b2a1860f1bb35ade9ac7e0b82b8b60824bd7","transaction_count":0,"txlist_hash":"53ce1fdeb3b9e39930ad127bc86bc71e7b497f24cc34af2a022200db36ebfa36"}',0,'BLOCK_PARSED',NULL,'ea7eb0e42c10b9470b6af56810b9956dff3905a832dd970d55a83d5126d90a3b');
INSERT INTO messages VALUES(285,310070,'insert','blocks','{"block_hash":"8739e99f4dee8bebf1332f37f49a125348b40b93b74fe35579dd52bfba4fa7e5","block_index":310070,"block_time":310070000,"difficulty":null,"ledger_hash":null,"previous_block_hash":null,"txlist_hash":null}',0,'NEW_BLOCK',NULL,'bd99e881b56e94ca15504f5b1e00a45310f3c9c28245843768778439c8933146');
INSERT INTO messages VALUES(286,310070,'parse','blocks','{"block_index":310070,"ledger_hash":"6aebe68545207e7cc81d68c3aca801f0b39e276ac86e8e0130d5029eefb60e2e","messages_hash":"1db612a3dcb2efd35ea46984d7b30d5a8b7027c06ce13d2a9c40d92c416e4126","transaction_count":0,"txlist_hash":"0d482039b615aa55b721fef8ddaffcc2942838dbda8784940e9fdd8dba8b1465"}',0,'BLOCK_PARSED',NULL,'cc7f5aae69b36a1065f9e4f642bffcaa6ac17487977b26957ded5a823178c42c');
INSERT INTO messages VALUES(287,310071,'insert','blocks','{"block_hash":"7a099aa1bba0ead577f1e44f35263a1f115ed6a868c98d4dd71609072ae7f80b","block_index":310071,"block_time":310071000,"difficulty":null,"ledger_hash":null,"previous_block_hash":null,"txlist_hash":null}',0,'NEW_BLOCK',NULL,'730f9fcbe475567b1b192bebac6ed65c90deefbbe699ce1c83592a7313ce8126');
INSERT INTO messages VALUES(288,310071,'parse','blocks','{"block_index":310071,"ledger_hash":"d005aff752907b93e2dfe442896c8976203f0139fb67cda3ea1936aea495e008","messages_hash":"4b1c270f953570afa1ca44e011c5b4a661e12f80b6fad2dc81b8070d48fbf7e0","transaction_count":0,"txlist_hash":"8be094b2e99ec5c85a594d4a4059b7427ffbee3671190b84161fbf2fadb6f313"}',0,'BLOCK_PARSED',NULL,'edfecd512e44200d82016932905a4793d6f693040feb5acc53d5ba818a6e1ebb');
INSERT INTO messages VALUES(289,310072,'insert','blocks','{"block_hash":"7b17ecedc07552551b8129e068ae67cb176ca766ea3f6df74b597a94e3a7fc8a","block_index":310072,"block_time":310072000,"difficulty":null,"ledger_hash":null,"previous_block_hash":null,"txlist_hash":null}',0,'NEW_BLOCK',NULL,'babd578f27e3a159b61610ce73bb278eaf2edde06dbd3275bf7ca4c005d9ca20');
INSERT INTO messages VALUES(290,310072,'parse','blocks','{"block_index":310072,"ledger_hash":"781f0ebe67964c25640f0bf5624e08cda546dbbb6648bd6e8d9f280c7f075f7c","messages_hash":"8e6b3043e723d8caa4b175c4719c79f294eeecf0a278af797db023c522bc343d","transaction_count":0,"txlist_hash":"9c5e049c1738beda53ffdffe18492b0af038a756278f2bdeaddaa1a726681ce5"}',0,'BLOCK_PARSED',NULL,'075ae5170d11e2bd5507fc4d5f75c9a01f8c58f490db3965e985b2c1ac99fcec');
INSERT INTO messages VALUES(291,310073,'insert','blocks','{"block_hash":"ee0fe3cc9b3a48a2746b6090b63b442b97ea6055d48edcf4b2288396764c6943","block_index":310073,"block_time":310073000,"difficulty":null,"ledger_hash":null,"previous_block_hash":null,"txlist_hash":null}',0,'NEW_BLOCK',NULL,'92e8267bf9e2d9ac035f4378edea536f49b91731885c15c2237da52767a77d69');
INSERT INTO messages VALUES(292,310073,'parse','blocks','{"block_index":310073,"ledger_hash":"83b5e1ca76fda895b144e8c03cda5fc3d18f6324b5413fd74923e51a94ccc53a","messages_hash":"6d9ffbfa9e32c254f7e8990d3debbbfc799f1e137b5a16012154d4f89cdbba8e","transaction_count":0,"txlist_hash":"a7199dd9b360cc694f85a81ccf72fd614e6c0400d753132cb517ca9da55df86a"}',0,'BLOCK_PARSED',NULL,'c6a80a956422f4a1b052efbaf673251c433b3f5d921b342a296fae2e28ca92e0');
INSERT INTO messages VALUES(293,310074,'insert','blocks','{"block_hash":"ceab38dfde01f711a187601731ad575d67cfe0b7dbc61dcd4f15baaef72089fb","block_index":310074,"block_time":310074000,"difficulty":null,"ledger_hash":null,"previous_block_hash":null,"txlist_hash":null}',0,'NEW_BLOCK',NULL,'c602be1bb0e003f71457c8fe524e21052292b066bb4dc1b847c1a689b616cdec');
INSERT INTO messages VALUES(294,310074,'parse','blocks','{"block_index":310074,"ledger_hash":"4293be396327c0aa3c56c77a9152068cc32612692c76ba94e8961c59a9ad780f","messages_hash":"3630acb78850c4103cc254f3630f344ac7981eb7e19c5d0b9a071e20b49e9a4b","transaction_count":0,"txlist_hash":"833f9d3ae03e5819eec47318d948999dfbe35fcbe66766f985b6ca71eccae54a"}',0,'BLOCK_PARSED',NULL,'9a4209adeadb0a884461fc3f1c42a80319f4df6b63fefe17622ab13528c00b27');
INSERT INTO messages VALUES(295,310075,'insert','blocks','{"block_hash":"ef547198c6e36d829f117cfd7077ccde45158e3c545152225fa24dba7a26847b","block_index":310075,"block_time":310075000,"difficulty":null,"ledger_hash":null,"previous_block_hash":null,"txlist_hash":null}',0,'NEW_BLOCK',NULL,'61e11d587fbb60c2b59f8172821c64a963edfe7b3c525c9df0c43e7f166f06a2');
INSERT INTO messages VALUES(296,310075,'parse','blocks','{"block_index":310075,"ledger_hash":"d08b93b609f1766534cb0c30502350b9e4ccc4a885ebff7633e9e5c5b52d8e90","messages_hash":"adfb3c31cb833c5d3884ec327f44c0f43a32daac06d8adc59652c37c872aefbd","transaction_count":0,"txlist_hash":"7db8bbcaa76b087fbcdbd8f5b428b3587c494f0cd7d458a2d519abb0ef26f424"}',0,'BLOCK_PARSED',NULL,'308df258ac07101a4008b15727fbd4f7aaed382d2e9e5ebc2d1f1ed2fe0f26e4');
INSERT INTO messages VALUES(297,310076,'insert','blocks','{"block_hash":"3b0499c2e8e8f0252c7288d4ecf66efc426ca37aad3524424d14c8bc6f8b0d92","block_index":310076,"block_time":310076000,"difficulty":null,"ledger_hash":null,"previous_block_hash":null,"txlist_hash":null}',0,'NEW_BLOCK',NULL,'a7c95c5203ef6b5a4d3a8c1f4d1d1fc495f299aa643e4097fb279034231e3bbd');
INSERT INTO messages VALUES(298,310076,'parse','blocks','{"block_index":310076,"ledger_hash":"06c72d219df429f2873af74b6250f3d12996cce14496d151bf8bd4cf819532e4","messages_hash":"9ff3c8e8bb4ac6c34c2188a75ffa1b3758c51a08344d1c7498bebec5a009f2c0","transaction_count":0,"txlist_hash":"8f6a902dd8d5d573658f07e8ac598ccc46ed49bff95b2a9ed89a051c852215a5"}',0,'BLOCK_PARSED',NULL,'997890e6e974d81cd1f17189c55a9f4362b390ec4484cdbe6c82ef84a74511fe');
INSERT INTO messages VALUES(299,310077,'insert','blocks','{"block_hash":"d2adeefa9024ab3ff2822bc36acf19b6c647cea118cf15b86c6bc00c3322e7dd","block_index":310077,"block_time":310077000,"difficulty":null,"ledger_hash":null,"previous_block_hash":null,"txlist_hash":null}',0,'NEW_BLOCK',NULL,'c0ac6a8e6953bf4d92fadaee0dc62ef3e2daf762d6aed6262acde22bfccf57e8');
INSERT INTO messages VALUES(300,310077,'parse','blocks','{"block_index":310077,"ledger_hash":"0ff019cc4b9b8a394aad1b9f8f579fd5c4cc48a846e4fe71ab2f45226cec5a1e","messages_hash":"57a35b170c14264b15aca0438b50c74830470ebdc06853ab6085ab9a36bb40fa","transaction_count":0,"txlist_hash":"e1ab0a4cbd4e60c5b1da333c5ef542bbc1d8bbd7709fdb35374c072a1f54d38c"}',0,'BLOCK_PARSED',NULL,'6daf077e52c9700bb5756b289acbaa76b043c298fed950cffce5f4417113a569');
INSERT INTO messages VALUES(301,310078,'insert','blocks','{"block_hash":"f6c17115ef0efe489c562bcda4615892b4d4b39db0c9791fe193d4922bd82cd6","block_index":310078,"block_time":310078000,"difficulty":null,"ledger_hash":null,"previous_block_hash":null,"txlist_hash":null}',0,'NEW_BLOCK',NULL,'3ff0aa1fcf0f8220dfcd1d36255db1b36b77304def990ee7fc2b2749c5f23d28');
INSERT INTO messages VALUES(302,310078,'parse','blocks','{"block_index":310078,"ledger_hash":"6ea40a02464725d0ba45b9969bdbb7529ae5e3ca794ae00abf4783bfc9667104","messages_hash":"286b1791957c276660829002a39c1525c2794854f4e8b75d1e606cdb73ade989","transaction_count":0,"txlist_hash":"be6f6965b6ba8aae157eb48f28bce3fa91c3bbc22b88fc3ee8d4f126c1538032"}',0,'BLOCK_PARSED',NULL,'9dcd981c181af9408ed65b62c94e0a2425a235a7ef62ba078b705bb607c5719d');
INSERT INTO messages VALUES(303,310079,'insert','blocks','{"block_hash":"f2fbd2074d804e631db44cb0fb2e1db3fdc367e439c21ffc40d73104c4d7069c","block_index":310079,"block_time":310079000,"difficulty":null,"ledger_hash":null,"previous_block_hash":null,"txlist_hash":null}',0,'NEW_BLOCK',NULL,'35a15984365afb11a4bbd5b3905ca7258b2bbefd684afaeaad553ab843fd77dd');
INSERT INTO messages VALUES(304,310079,'parse','blocks','{"block_index":310079,"ledger_hash":"076abf036bd51c47525fe4e638dbad403a8a1667a5b7c2f81ffc2a70e79b80a8","messages_hash":"325146b8fe1d76ee352dd373056634a272c8a9ca5a0b39944ae0d1b4b8f6dc2f","transaction_count":0,"txlist_hash":"eb97110f496f9813e14f127af2cdcdb26d54e9745e274fe227fb0646cc132c29"}',0,'BLOCK_PARSED',NULL,'85ba4081726acff36d5c1431dccd2afd8a999b1bc6b95ec957995f1e6bb63d0d');
INSERT INTO messages VALUES(305,310080,'insert','blocks','{"block_hash":"42943b914d9c367000a78b78a544cc4b84b1df838aadde33fe730964a89a3a6c","block_index":310080,"block_time":310080000,"difficulty":null,"ledger_hash":null,"previous_block_hash":null,"txlist_hash":null}',0,'NEW_BLOCK',NULL,'507c9236d6f4cf6c5ca3f56b31fb8061b632920cbdbc95b78e6e4e722931ce4c');
INSERT INTO messages VALUES(306,310080,'parse','blocks','{"block_index":310080,"ledger_hash":"8cc2e62f7b3ae2c89977ee9e31acacff38f944d00a978e9b0e48678487cdbe27","messages_hash":"dd1ea553ffeeb22f90e083e41b8bbf291668d190edaca915287a909b4b70b2dd","transaction_count":0,"txlist_hash":"93c6c5967f4d297df962f2853f2a2ba3870f5692c8835413c08528cf243985dc"}',0,'BLOCK_PARSED',NULL,'d2e66c53ffbd383360010275b422c72d90c78d2f11fdf4d121e8507f0dc88a6c');
INSERT INTO messages VALUES(307,310081,'insert','blocks','{"block_hash":"6554f9d307976249e7b7e260e08046b3b55d318f8b6af627fed5be3063f123c4","block_index":310081,"block_time":310081000,"difficulty":null,"ledger_hash":null,"previous_block_hash":null,"txlist_hash":null}',0,'NEW_BLOCK',NULL,'70c146f8bdd9ed3a180ff1e830626a89c224d822c4677812efa3e104e4a566cb');
INSERT INTO messages VALUES(308,310081,'parse','blocks','{"block_index":310081,"ledger_hash":"ec86fa6786b598b091121fc2001650bc04668d26d88805efff7271312c76a373","messages_hash":"dff59d03c7677370b159f27007ebfc03b765fc71c193d4ed561af93ea4478fd2","transaction_count":0,"txlist_hash":"e6cf70178316b3c594c60d10ac1ee3783f1dafe5054ce4c6fb932bf3c771f703"}',0,'BLOCK_PARSED',NULL,'c608b72481cae1d3de7cef3447b0a69ed4d071f9b4c0007667ef0844b171ee2b');
INSERT INTO messages VALUES(309,310082,'insert','blocks','{"block_hash":"4f1ef91b1dcd575f8ac2e66a67715500cbca154bd6f3b8148bb7015a6aa6c644","block_index":310082,"block_time":310082000,"difficulty":null,"ledger_hash":null,"previous_block_hash":null,"txlist_hash":null}',0,'NEW_BLOCK',NULL,'a99f96c61e5cb7053716b157e153d490056feb82567ee05b1a8a0519f30e3ff6');
INSERT INTO messages VALUES(310,310082,'parse','blocks','{"block_index":310082,"ledger_hash":"6b720db96b2d10816e5022ab8c61fafba49cc6bf484909fb500295451e61f768","messages_hash":"7e5975f836793c645391005e71ffbd5a0662474d46fc69d73dc8f202d517ad66","transaction_count":0,"txlist_hash":"254cf1d1ac865c611a3d9fbd78001152928a52ad94fd640c526e043ce7c0fdb3"}',0,'BLOCK_PARSED',NULL,'0a4e45f3f14901f612925802c88534a3700a843f9742771fd777f63a47679a8f');
INSERT INTO messages VALUES(311,310083,'insert','blocks','{"block_hash":"9b1f6fd6ff9b0dc4e37603cfb0625f49067c775b99e12492afd85392d3c8d850","block_index":310083,"block_time":310083000,"difficulty":null,"ledger_hash":null,"previous_block_hash":null,"txlist_hash":null}',0,'NEW_BLOCK',NULL,'e59893d345ff3370fbead976c867ffd1cb3b27c47faa63f5f683ea9bc96fc996');
INSERT INTO messages VALUES(312,310083,'parse','blocks','{"block_index":310083,"ledger_hash":"d8c6fabb9b9dff0f1f3ba35e75c08be55dc4ded8dcf54e51f0cd857625b87dc8","messages_hash":"e22ab4ce4d2f64a91b6eb6f83f2632b2643096390f414fd9e3ca570e98798f82","transaction_count":0,"txlist_hash":"a34f7e98c65b95becae5908e74cfedcb846366a83605f9d8685e98ac629d1278"}',0,'BLOCK_PARSED',NULL,'319b144b6f6e89f489e7be1ee4ccad9ea47e4259fbbe5ba267824f0d4839a8fd');
INSERT INTO messages VALUES(313,310084,'insert','blocks','{"block_hash":"1e0972523e80306441b9f4157f171716199f1428db2e818a7f7817ccdc8859e3","block_index":310084,"block_time":310084000,"difficulty":null,"ledger_hash":null,"previous_block_hash":null,"txlist_hash":null}',0,'NEW_BLOCK',NULL,'54f1a30ec2b79bb65174e4e1fc8ce8f7585490c0f7a29722af006da25edd9ff8');
INSERT INTO messages VALUES(314,310084,'parse','blocks','{"block_index":310084,"ledger_hash":"eba03194b13ca764dbfbb86f86d16841df4486f12c26a214f7f1020468b52d27","messages_hash":"1db3bb75bb876bb20fe15ba65b69efeb0d8fa4c586ed51056119c32620d86389","transaction_count":0,"txlist_hash":"e5a15333b0539a58bcf306d993b0be078d8dfd3cf3f5929a690da5ac534eff5e"}',0,'BLOCK_PARSED',NULL,'58352a6cd10bf81443346f9b9605f3f2408c97a560520363ff5733a270444708');
INSERT INTO messages VALUES(315,310085,'insert','blocks','{"block_hash":"c5b6e9581831e3bc5848cd7630c499bca26d9ece5156d36579bdb72d54817e34","block_index":310085,"block_time":310085000,"difficulty":null,"ledger_hash":null,"previous_block_hash":null,"txlist_hash":null}',0,'NEW_BLOCK',NULL,'7096c35f2df7ff0d60933d48c1064d67d3bebc995bf0515a9907b833e67255d5');
INSERT INTO messages VALUES(316,310085,'parse','blocks','{"block_index":310085,"ledger_hash":"d7fa8085722edc91ea5cb907e439649533e32ad5429b52bc10463629719af5ab","messages_hash":"fd93bc1519aaf8bef167823a0c5ac5e428c2e816f6cb1280f7596ad3fabadf37","transaction_count":0,"txlist_hash":"bfedffe97e2bf812728130721dec204767d92ab05bfcf2c4596b5386fc6ea380"}',0,'BLOCK_PARSED',NULL,'2b1255ac20b3d9bb40abebb96078a9dd79c3fec11953660b2bb3063630b0924e');
INSERT INTO messages VALUES(317,310086,'insert','blocks','{"block_hash":"080c1dc55a4ecf4824cf9840602498cfc35b5f84099f50b71b45cb63834c7a78","block_index":310086,"block_time":310086000,"difficulty":null,"ledger_hash":null,"previous_block_hash":null,"txlist_hash":null}',0,'NEW_BLOCK',NULL,'f6bfc7d7351aa07952fcac201ad1280fb572d375cf91df6607f287d6b53cef39');
INSERT INTO messages VALUES(318,310086,'parse','blocks','{"block_index":310086,"ledger_hash":"e84e0b26a5a67af1bca0cdadadea17b52b79f160d8acc0281289de1c70bef248","messages_hash":"c136d15daca7c752f806348541ac7e4f269ea9718f18b8348d874c5691ad369e","transaction_count":0,"txlist_hash":"2b4c3ff824d597cc1376a524f89bac6deef025a71395e848b51e9c06002d7f12"}',0,'BLOCK_PARSED',NULL,'aaac3bf991f2d8623ea03429d1e86329030ee4150b750057dd380a744847ba8b');
INSERT INTO messages VALUES(319,310087,'insert','blocks','{"block_hash":"4ec8cb1c38b22904e8087a034a6406b896eff4dd28e7620601c6bddf82e2738c","block_index":310087,"block_time":310087000,"difficulty":null,"ledger_hash":null,"previous_block_hash":null,"txlist_hash":null}',0,'NEW_BLOCK',NULL,'61361fdf9b3e9aff551d073c9626c7f46fc36a46055b3de2c3a6956b2e30dc87');
INSERT INTO messages VALUES(320,310087,'parse','blocks','{"block_index":310087,"ledger_hash":"ac3522ba0e8278bac956b5f9d7af271424f8e4eff23d57d2a5ff88416dd02ff4","messages_hash":"78c85d3681fbc854a31362efe38aa1562b92a1e540f9559243fec085fa82f4db","transaction_count":0,"txlist_hash":"2b3b181734d815e3cd024f6fd91b11de8cd457bdc5f833520af281a6c42ab391"}',0,'BLOCK_PARSED',NULL,'23a846ca960decee0311a968352a4efb49e89d97e8552522baa3825185a5316e');
INSERT INTO messages VALUES(321,310088,'insert','blocks','{"block_hash":"e945c815c433cbddd0bf8e66c5c23b51072483492acda98f5c2c201020a8c5b3","block_index":310088,"block_time":310088000,"difficulty":null,"ledger_hash":null,"previous_block_hash":null,"txlist_hash":null}',0,'NEW_BLOCK',NULL,'37cc1e34b7dce729d026bb160ae4bf3617d38b7f7842f90b9017c9f45c46fbda');
INSERT INTO messages VALUES(322,310088,'parse','blocks','{"block_index":310088,"ledger_hash":"86255a3e32e6c7a96d0f0a6e7815d61d9a970272f1df38bb0c29ee9f2051f2e4","messages_hash":"ae66bc91a6281e16b541b63a9759e189859d387998053b2fb7d877d7808a45b3","transaction_count":0,"txlist_hash":"9092b97fab9af004edd169f26446c6712e5e1ed1d5f94fc5ac0b49565fa65b4b"}',0,'BLOCK_PARSED',NULL,'a48f75fba6421d185cbc9c38395cdd4767aacdd66d577ea0c58b7a504c3b7279');
INSERT INTO messages VALUES(323,310089,'insert','blocks','{"block_hash":"0382437f895ef3e7e38bf025fd4f606fd44d4bbd6aea71dbdc4ed11a7cd46f33","block_index":310089,"block_time":310089000,"difficulty":null,"ledger_hash":null,"previous_block_hash":null,"txlist_hash":null}',0,'NEW_BLOCK',NULL,'720c97086899e8442518891a81bb57299338b36822363ddda155e5dfa652e338');
INSERT INTO messages VALUES(324,310089,'parse','blocks','{"block_index":310089,"ledger_hash":"9694fd19263381693133a47584432de876ef1e0a32060d52c8db96811ff7d09e","messages_hash":"98e7b7f8dcba614cc515cb14070608d7722d71ab65917eaee03537be6656cdc9","transaction_count":0,"txlist_hash":"06ae398816ea8ca96fa424903182c7df9ce93c5d1bdbc2ead089ee71acb90531"}',0,'BLOCK_PARSED',NULL,'33969fcd05d1e784a562ae230fe5afa1fa719b3c76e789c7b289575b46ea09f1');
INSERT INTO messages VALUES(325,310090,'insert','blocks','{"block_hash":"b756db71dc037b5a4582de354a3347371267d31ebda453e152f0a13bb2fae969","block_index":310090,"block_time":310090000,"difficulty":null,"ledger_hash":null,"previous_block_hash":null,"txlist_hash":null}',0,'NEW_BLOCK',NULL,'b6b14570575000a0bd46604e58c9b483293cfe4e0562da38e5d3da74fbab4103');
INSERT INTO messages VALUES(326,310090,'parse','blocks','{"block_index":310090,"ledger_hash":"3cb1b469cc6627cbed3f0db1a00370d5c95edf9940f8a4c9406fc78076640d90","messages_hash":"7e0a4d2a8d03b912a7b6a69ec942697f35c4a902d5a90d98b00dfc81f80f3929","transaction_count":0,"txlist_hash":"2c688b2021aa321432ae1bd5a60a9f65cdb6d3720512ca2c304bd2773e7647d9"}',0,'BLOCK_PARSED',NULL,'29ed08d23e5ee128f4a689bcba93101957bed20a625ba37dbc21820489fee76a');
INSERT INTO messages VALUES(327,310091,'insert','blocks','{"block_hash":"734a9aa485f36399d5efb74f3b9c47f8b5f6fd68c9967f134b14cfe7e2d7583c","block_index":310091,"block_time":310091000,"difficulty":null,"ledger_hash":null,"previous_block_hash":null,"txlist_hash":null}',0,'NEW_BLOCK',NULL,'6d7e6cd7e13fbcb5634a1edb42fac444424bbac2e42953f6646412ed0925c3d2');
INSERT INTO messages VALUES(328,310091,'parse','blocks','{"block_index":310091,"ledger_hash":"cac7cc49c1d632aef2e9bcb3456f60df2ff11110c4e9980989ce0f2d8a5835e1","messages_hash":"8724ee7164adeb5fd73580e4068aa8c3a58b8a9dd87cd6f06e6b43d260d8fa94","transaction_count":0,"txlist_hash":"2a7ce0455e84f973c078752f1c0ea93ffdbe993f239baeb7ed947e749c119dfb"}',0,'BLOCK_PARSED',NULL,'b325785f5ce5a33b5347a219ae60bf3e017361a13d63d98ad5348f7486f1f9e5');
INSERT INTO messages VALUES(329,310092,'insert','blocks','{"block_hash":"56386beb65f9228740d4ad43a1c575645f6daf59e0dd9f22551c59215b5e8c3d","block_index":310092,"block_time":310092000,"difficulty":null,"ledger_hash":null,"previous_block_hash":null,"txlist_hash":null}',0,'NEW_BLOCK',NULL,'48143dbf18846c4429c05f787d898ec0f0634033d97a6e722503f096541c1520');
INSERT INTO messages VALUES(330,310092,'parse','blocks','{"block_index":310092,"ledger_hash":"1614a317b1144c7f08fb2785bf468bb299b9f19450331b7fdfebd510fa07e574","messages_hash":"3ffdcb4dae2986c2b06c8c5f803f596f71b29b2bde607bbf0a0070d7ab9077bf","transaction_count":0,"txlist_hash":"270190f8eea6e059acfe66f7369986d3748f707f3ad0eaa2e396a190cc047a6f"}',0,'BLOCK_PARSED',NULL,'fa4fece110ed616bc15d84efade7cc08eecbbc518d440b420279c2ec11de12a1');
INSERT INTO messages VALUES(331,310093,'insert','blocks','{"block_hash":"a74a2425f2f4be24bb5f715173e6756649e1cbf1b064aeb1ef60e0b94b418ddc","block_index":310093,"block_time":310093000,"difficulty":null,"ledger_hash":null,"previous_block_hash":null,"txlist_hash":null}',0,'NEW_BLOCK',NULL,'614ae761e68d5f275f2a65df888f423eea900241fba42c7972b6b74d5bec59db');
INSERT INTO messages VALUES(332,310093,'parse','blocks','{"block_index":310093,"ledger_hash":"631d42f4b3fb091a4c67f737bc2da60b8bf9820d27c758f5b9453b40813c5bc5","messages_hash":"d4b6d6bfa0a5d5aa2c94dee51d2f3e00d2b46ff2ef6aff955e4368292be6b9fc","transaction_count":0,"txlist_hash":"35ca62f9b66717328f41e23c80e72395f4ece758ce3ca9aabe1d1edd87d06016"}',0,'BLOCK_PARSED',NULL,'c51bdc459fd226fee2481eec347e892e33dee505d190550221666dc5659880f5');
INSERT INTO messages VALUES(333,310094,'insert','blocks','{"block_hash":"2a8f976f20c4e89ff01071915ac96ee35192d54df3a246bf61fd4a0cccfb5b23","block_index":310094,"block_time":310094000,"difficulty":null,"ledger_hash":null,"previous_block_hash":null,"txlist_hash":null}',0,'NEW_BLOCK',NULL,'7db5e666b5bac835a3685e6b53f8a30c33ca7ba87d3086969cbfbe1b479ca9a7');
INSERT INTO messages VALUES(334,310094,'parse','blocks','{"block_index":310094,"ledger_hash":"2b3f460da72fc0a9b3a720abca80bff0c44654287de69567c43c62a5557144bf","messages_hash":"24c9721c614cd67c66a213d89f649faffb45d1894ae215b6fb5dc4e394f16d49","transaction_count":0,"txlist_hash":"37d35cf95c6f102413739a672d5dc1c3b0760068de256676b336c631bdc94447"}',0,'BLOCK_PARSED',NULL,'35dc02ad3a5ddd4ca6a23b342a0f6f7fb19de2e0e306a24de9dd0647fd6c3241');
INSERT INTO messages VALUES(335,310095,'insert','blocks','{"block_hash":"bed0fa40c9981223fb40b3be8124ca619edc9dd34d0c907369477ea92e5d2cd2","block_index":310095,"block_time":310095000,"difficulty":null,"ledger_hash":null,"previous_block_hash":null,"txlist_hash":null}',0,'NEW_BLOCK',NULL,'da776458fb3f4e507fe54043d7096ce6ae1467590082b96bb1ea6ddc38876bc0');
INSERT INTO messages VALUES(336,310095,'parse','blocks','{"block_index":310095,"ledger_hash":"db62bf94ddb276cf55ddfe73f8023e760788647910807adff6e0672ce1d5e23d","messages_hash":"d7c2b9438c78bcd0a1878bc77bd15aef059638f738346c722351800cea4c6a95","transaction_count":0,"txlist_hash":"2eec38760b106cf52b3bf0fa51198348cb611ae9bb75edd8e4a343e7fef1e042"}',0,'BLOCK_PARSED',NULL,'0bdbfd9fb6fd8e6d14c1b2d8297c7b28dd63a27f8e598377028b4d09034a7f69');
INSERT INTO messages VALUES(337,310096,'insert','blocks','{"block_hash":"306aeec3db435fabffdf88c2f26ee83caa4c2426375a33daa2be041dbd27ea2f","block_index":310096,"block_time":310096000,"difficulty":null,"ledger_hash":null,"previous_block_hash":null,"txlist_hash":null}',0,'NEW_BLOCK',NULL,'ae6edbc49a087ea5fc0d4f7eb1aadbb10b96b892a7c8a1119f6386f13fedb4ea');
INSERT INTO messages VALUES(338,310096,'parse','blocks','{"block_index":310096,"ledger_hash":"1c427808f1eb1972df57b51eea9f3405d3d63a1d58c5a3faba616d7160e3a264","messages_hash":"e1dacabf42aa1284800954d0e5ef80bf752201bca4fa6dbeda0e760b5a43eeb7","transaction_count":0,"txlist_hash":"be57a1f4088437c89e3bdd7c9456b8ac9dc6011d15ada8d5432ab662f80e9a52"}',0,'BLOCK_PARSED',NULL,'c225cab0145fbb986e3b60f9eccde0c3ff53ac552cf8e292a7c369aa524c937f');
INSERT INTO messages VALUES(339,310097,'insert','blocks','{"block_hash":"13e8e16e67c7cdcc80d477491e554b43744f90e8e1a9728439a11fab42cefadf","block_index":310097,"block_time":310097000,"difficulty":null,"ledger_hash":null,"previous_block_hash":null,"txlist_hash":null}',0,'NEW_BLOCK',NULL,'bdc48bf03281e91f8fbbfe4c2372e801812621110eb46b9193dfdb8146143028');
INSERT INTO messages VALUES(340,310097,'parse','blocks','{"block_index":310097,"ledger_hash":"cd28b5ac0f80f8815467663c1e90b15ffe46ce067a1b2ce004b0d371cb0ceb16","messages_hash":"2380c33a2f1505873c11e2bd19d6d69ce05947d61813add876552b804483064d","transaction_count":0,"txlist_hash":"cf5fed759ba01d430d2e97ed6d52503a67c35688f02ad6742e87f1da1b468ae0"}',0,'BLOCK_PARSED',NULL,'cb82df63d4eb389125439a5756fb46c255e8d8d4a563e4b677f80a7ea643d226');
INSERT INTO messages VALUES(341,310098,'insert','blocks','{"block_hash":"ca5bca4b5ec4fa6183e05176abe921cff884c4e20910fab55b603cef48dc3bca","block_index":310098,"block_time":310098000,"difficulty":null,"ledger_hash":null,"previous_block_hash":null,"txlist_hash":null}',0,'NEW_BLOCK',NULL,'e3c97cf6322b5b9669c02b1d1bf3ff60d76adb9f52ea573e5313d4b1c32a24d2');
INSERT INTO messages VALUES(342,310098,'parse','blocks','{"block_index":310098,"ledger_hash":"69adfbe756c116e395fb3a5170b57210ac2721b07144b3d7a35c4327f28e28c9","messages_hash":"db5297f1b977a9677234336767d83987834b0a6eff7481ab59f94f836d53e5a0","transaction_count":0,"txlist_hash":"528e0ea934cb95d328ad13fb3a3a47a1d89824ee44abbb2cc271d707bb6d62d1"}',0,'BLOCK_PARSED',NULL,'047a7b12e2522f97df8e63bd90b6953dfc5dcb7df243c41a2bc5b80199a219df');
INSERT INTO messages VALUES(343,310099,'insert','blocks','{"block_hash":"3c4c2279cd7de0add5ec469648a845875495a7d54ebfb5b012dcc5a197b7992a","block_index":310099,"block_time":310099000,"difficulty":null,"ledger_hash":null,"previous_block_hash":null,"txlist_hash":null}',0,'NEW_BLOCK',NULL,'98f27c2c60bc79b77d429bafd45226c23edb33a049fc46aa9e21d3f6c357f569');
INSERT INTO messages VALUES(344,310099,'parse','blocks','{"block_index":310099,"ledger_hash":"d50cb66a25a410db360cdf749b5d10932410b5e37c3e5d3d834a65b5671dcca6","messages_hash":"5440c40e6771860e1638ec238443f71a0093326e6f3a862dffa48ed313358c0d","transaction_count":0,"txlist_hash":"f0e0e40238d13f69c9c40cad5b8be218cb09af9bc061e728b56d74a42182788b"}',0,'BLOCK_PARSED',NULL,'0bd6b2e82a1f5f7fadba8dc3044d185a5d6e705091c5bc242eb0e0d25793e438');
INSERT INTO messages VALUES(345,310100,'insert','blocks','{"block_hash":"96925c05b3c7c80c716f5bef68d161c71d044252c766ca0e3f17f255764242cb","block_index":310100,"block_time":310100000,"difficulty":null,"ledger_hash":null,"previous_block_hash":null,"txlist_hash":null}',0,'NEW_BLOCK',NULL,'59eb846df8626d1817794bc3938510c0be7d123f744643cf2b4fb68f8e57782d');
INSERT INTO messages VALUES(346,310100,'parse','blocks','{"block_index":310100,"ledger_hash":"384f8d2eda5f1b7b8273ef149ac37fcaa9ae51865fd57bd348339579b8a078eb","messages_hash":"b8c9965205f0ec0b0a87d464a954aff9968ed4081e9e50d1d114ba4e59136c66","transaction_count":0,"txlist_hash":"19ac618404aade5a0914a9a9c159ea229384be303a320b08b9915474beccf1df"}',0,'BLOCK_PARSED',NULL,'7b499fd17bc9c8f6e4fa7e91e144ca0e480a84bc1064ebea15297a1475eb35a0');
INSERT INTO messages VALUES(347,310101,'insert','blocks','{"block_hash":"369472409995ca1a2ebecbad6bf9dab38c378ab1e67e1bdf13d4ce1346731cd6","block_index":310101,"block_time":310101000,"difficulty":null,"ledger_hash":null,"previous_block_hash":null,"txlist_hash":null}',0,'NEW_BLOCK',NULL,'42652ce9d8a899c5f42c16f2960b103b5488a0b938283e4f0ecd636f645d7e37');
INSERT INTO messages VALUES(348,310101,'parse','blocks','{"block_index":310101,"ledger_hash":"5eff25450225c71f85f34466d6e359001eed8f05ea5042e7d65c30ccfeb6098f","messages_hash":"d24fff0775cb91f11dcec0b0c01c8723c4e965a05ba75b6c4f66a5750089604c","transaction_count":0,"txlist_hash":"7d02630f0fbe3e5c3b16766f1d04dd1a83c305f74f0546276d970b36e870ba8e"}',0,'BLOCK_PARSED',NULL,'f43be09cfb33ef1e60c22ef0e3ffc033455477e1b105d0e31a1e7bc04e18a2b1');
-- Triggers and indices on  messages
CREATE TRIGGER block_update_messages
                           BEFORE UPDATE ON messages BEGIN
                               SELECT RAISE(FAIL, "UPDATES NOT ALLOWED");
                           END;
CREATE INDEX messages_block_index_event_idx ON messages (block_index, event)
        ;
CREATE INDEX messages_block_index_idx ON messages (block_index)
        ;
CREATE INDEX messages_block_index_message_index_idx ON messages (block_index, message_index)
        ;
CREATE INDEX messages_event_hash_idx ON messages (event_hash)
        ;
CREATE INDEX messages_event_idx ON messages (event)
        ;
CREATE INDEX messages_tx_hash_idx ON messages (tx_hash)
        ;

COMMIT TRANSACTION;
PRAGMA page_size=4096;
-- PRAGMA encoding='UTF-8';
-- PRAGMA auto_vacuum=FULL;
-- PRAGMA max_page_count=4294967294;

BEGIN TRANSACTION;

-- Table  order_match_expirations
DROP TABLE IF EXISTS order_match_expirations;
CREATE TABLE order_match_expirations(
                                              order_match_id TEXT PRIMARY KEY,
                                              tx0_address TEXT,
                                              tx1_address TEXT,
                                              block_index INTEGER,
                                              FOREIGN KEY (block_index) REFERENCES blocks(block_index));
-- Triggers and indices on  order_match_expirations
CREATE TRIGGER block_update_order_match_expirations
                           BEFORE UPDATE ON order_match_expirations BEGIN
                               SELECT RAISE(FAIL, "UPDATES NOT ALLOWED");
                           END;
CREATE INDEX order_match_expirations_block_index_idx ON order_match_expirations (block_index)
        ;
CREATE INDEX order_match_expirations_tx0_address_idx ON order_match_expirations (tx0_address)
        ;
CREATE INDEX order_match_expirations_tx1_address_idx ON order_match_expirations (tx1_address)
        ;

COMMIT TRANSACTION;
PRAGMA page_size=4096;
-- PRAGMA encoding='UTF-8';
-- PRAGMA auto_vacuum=FULL;
-- PRAGMA max_page_count=4294967294;

BEGIN TRANSACTION;

-- Table  order_matches
DROP TABLE IF EXISTS order_matches;
CREATE TABLE order_matches(
                                    id TEXT,
                                    tx0_index INTEGER,
                                    tx0_hash TEXT,
                                    tx0_address TEXT,
                                    tx1_index INTEGER,
                                    tx1_hash TEXT,
                                    tx1_address TEXT,
                                    forward_asset TEXT,
                                    forward_quantity INTEGER,
                                    backward_asset TEXT,
                                    backward_quantity INTEGER,
                                    tx0_block_index INTEGER,
                                    tx1_block_index INTEGER,
                                    block_index INTEGER,
                                    tx0_expiration INTEGER,
                                    tx1_expiration INTEGER,
                                    match_expire_index INTEGER,
                                    fee_paid INTEGER,
                                    status TEXT);
INSERT INTO order_matches VALUES('025ca2c1784ca3c9389b9f227a5a04445908337e21e2ef9411c890e20aff61c0_c6881f7505bd7fe0742c2ce50490e21431705bf2df4368be43f423fa0c515aee',3,'025ca2c1784ca3c9389b9f227a5a04445908337e21e2ef9411c890e20aff61c0','2_mn6q3dS2EnDUx3bmyWc6D4szJNVGtaR7zc_mtQheFaSfWELRB2MyMBaiWjdDm6ux9Ezns_2',4,'c6881f7505bd7fe0742c2ce50490e21431705bf2df4368be43f423fa0c515aee','2_mn6q3dS2EnDUx3bmyWc6D4szJNVGtaR7zc_mtQheFaSfWELRB2MyMBaiWjdDm6ux9Ezns_2','BTC',50000000,'XCP',100000000,310002,310003,310003,10,10,310023,857142,'pending');
INSERT INTO order_matches VALUES('025ca2c1784ca3c9389b9f227a5a04445908337e21e2ef9411c890e20aff61c0_c6881f7505bd7fe0742c2ce50490e21431705bf2df4368be43f423fa0c515aee',3,'025ca2c1784ca3c9389b9f227a5a04445908337e21e2ef9411c890e20aff61c0','2_mn6q3dS2EnDUx3bmyWc6D4szJNVGtaR7zc_mtQheFaSfWELRB2MyMBaiWjdDm6ux9Ezns_2',4,'c6881f7505bd7fe0742c2ce50490e21431705bf2df4368be43f423fa0c515aee','2_mn6q3dS2EnDUx3bmyWc6D4szJNVGtaR7zc_mtQheFaSfWELRB2MyMBaiWjdDm6ux9Ezns_2','BTC',50000000,'XCP',100000000,310002,310003,310004,10,10,310023,857142,'completed');
-- Triggers and indices on  order_matches
CREATE TRIGGER block_update_order_matches
                           BEFORE UPDATE ON order_matches BEGIN
                               SELECT RAISE(FAIL, "UPDATES NOT ALLOWED");
                           END;
CREATE INDEX order_matches_backward_asset_idx ON order_matches (backward_asset)
        ;
CREATE INDEX order_matches_block_index_idx ON order_matches (block_index)
        ;
CREATE INDEX order_matches_forward_asset_idx ON order_matches (forward_asset)
        ;
CREATE INDEX order_matches_id_idx ON order_matches (id)
        ;
CREATE INDEX order_matches_match_expire_index_idx ON order_matches (match_expire_index)
        ;
CREATE INDEX order_matches_status_idx ON order_matches (status)
        ;
CREATE INDEX order_matches_tx0_address_forward_asset_idx ON order_matches (tx0_address, forward_asset)
        ;
CREATE INDEX order_matches_tx0_hash_idx ON order_matches (tx0_hash)
        ;
CREATE INDEX order_matches_tx1_address_backward_asset_idx ON order_matches (tx1_address, backward_asset)
        ;
CREATE INDEX order_matches_tx1_hash_idx ON order_matches (tx1_hash)
        ;

COMMIT TRANSACTION;
PRAGMA page_size=4096;
-- PRAGMA encoding='UTF-8';
-- PRAGMA auto_vacuum=FULL;
-- PRAGMA max_page_count=4294967294;

BEGIN TRANSACTION;

-- Table  order_expirations
DROP TABLE IF EXISTS order_expirations;
CREATE TABLE order_expirations(
                                        order_hash TEXT PRIMARY KEY,
                                        source TEXT,
                                        block_index INTEGER,
                                        FOREIGN KEY (block_index) REFERENCES blocks(block_index));
INSERT INTO order_expirations VALUES('025ca2c1784ca3c9389b9f227a5a04445908337e21e2ef9411c890e20aff61c0','2_mn6q3dS2EnDUx3bmyWc6D4szJNVGtaR7zc_mtQheFaSfWELRB2MyMBaiWjdDm6ux9Ezns_2',310013);
INSERT INTO order_expirations VALUES('c6881f7505bd7fe0742c2ce50490e21431705bf2df4368be43f423fa0c515aee','2_mn6q3dS2EnDUx3bmyWc6D4szJNVGtaR7zc_mtQheFaSfWELRB2MyMBaiWjdDm6ux9Ezns_2',310014);
INSERT INTO order_expirations VALUES('6d3c6a9ea36e82a0e8162f69c68fc8bb95d316ad5586a30553fbaf1717f4121e','2_mn6q3dS2EnDUx3bmyWc6D4szJNVGtaR7zc_mtQheFaSfWELRB2MyMBaiWjdDm6ux9Ezns_2',310032);
-- Triggers and indices on  order_expirations
CREATE TRIGGER block_update_order_expirations
                           BEFORE UPDATE ON order_expirations BEGIN
                               SELECT RAISE(FAIL, "UPDATES NOT ALLOWED");
                           END;
CREATE INDEX order_expirations_block_index_idx ON order_expirations (block_index)
        ;
CREATE INDEX order_expirations_source_idx ON order_expirations (source)
        ;

COMMIT TRANSACTION;
PRAGMA page_size=4096;
-- PRAGMA encoding='UTF-8';
-- PRAGMA auto_vacuum=FULL;
-- PRAGMA max_page_count=4294967294;

BEGIN TRANSACTION;

-- Table  orders
DROP TABLE IF EXISTS orders;
CREATE TABLE orders(
                            tx_index INTEGER,
                            tx_hash TEXT,
                            block_index INTEGER,
                            source TEXT,
                            give_asset TEXT,
                            give_quantity INTEGER,
                            give_remaining INTEGER,
                            get_asset TEXT,
                            get_quantity INTEGER,
                            get_remaining INTEGER,
                            expiration INTEGER,
                            expire_index INTEGER,
                            fee_required INTEGER,
                            fee_required_remaining INTEGER,
                            fee_provided INTEGER,
                            fee_provided_remaining INTEGER,
                            status TEXT);
INSERT INTO orders VALUES(3,'025ca2c1784ca3c9389b9f227a5a04445908337e21e2ef9411c890e20aff61c0',310002,'2_mn6q3dS2EnDUx3bmyWc6D4szJNVGtaR7zc_mtQheFaSfWELRB2MyMBaiWjdDm6ux9Ezns_2','BTC',50000000,50000000,'XCP',100000000,100000000,10,310012,0,0,1000000,1000000,'open');
INSERT INTO orders VALUES(4,'c6881f7505bd7fe0742c2ce50490e21431705bf2df4368be43f423fa0c515aee',310003,'2_mn6q3dS2EnDUx3bmyWc6D4szJNVGtaR7zc_mtQheFaSfWELRB2MyMBaiWjdDm6ux9Ezns_2','XCP',105000000,105000000,'BTC',50000000,50000000,10,310013,900000,900000,6800,6800,'open');
INSERT INTO orders VALUES(3,'025ca2c1784ca3c9389b9f227a5a04445908337e21e2ef9411c890e20aff61c0',310003,'2_mn6q3dS2EnDUx3bmyWc6D4szJNVGtaR7zc_mtQheFaSfWELRB2MyMBaiWjdDm6ux9Ezns_2','BTC',50000000,0,'XCP',100000000,0,10,310012,0,0,1000000,142858,'open');
INSERT INTO orders VALUES(4,'c6881f7505bd7fe0742c2ce50490e21431705bf2df4368be43f423fa0c515aee',310003,'2_mn6q3dS2EnDUx3bmyWc6D4szJNVGtaR7zc_mtQheFaSfWELRB2MyMBaiWjdDm6ux9Ezns_2','XCP',105000000,5000000,'BTC',50000000,0,10,310013,900000,42858,6800,6800,'open');
INSERT INTO orders VALUES(3,'025ca2c1784ca3c9389b9f227a5a04445908337e21e2ef9411c890e20aff61c0',310013,'2_mn6q3dS2EnDUx3bmyWc6D4szJNVGtaR7zc_mtQheFaSfWELRB2MyMBaiWjdDm6ux9Ezns_2','BTC',50000000,0,'XCP',100000000,0,10,310012,0,0,1000000,142858,'expired');
INSERT INTO orders VALUES(4,'c6881f7505bd7fe0742c2ce50490e21431705bf2df4368be43f423fa0c515aee',310014,'2_mn6q3dS2EnDUx3bmyWc6D4szJNVGtaR7zc_mtQheFaSfWELRB2MyMBaiWjdDm6ux9Ezns_2','XCP',105000000,5000000,'BTC',50000000,0,10,310013,900000,42858,6800,6800,'expired');
INSERT INTO orders VALUES(22,'6d3c6a9ea36e82a0e8162f69c68fc8bb95d316ad5586a30553fbaf1717f4121e',310021,'2_mn6q3dS2EnDUx3bmyWc6D4szJNVGtaR7zc_mtQheFaSfWELRB2MyMBaiWjdDm6ux9Ezns_2','BBBB',50000000,50000000,'XCP',50000000,50000000,10,310031,0,0,6800,6800,'open');
INSERT INTO orders VALUES(22,'6d3c6a9ea36e82a0e8162f69c68fc8bb95d316ad5586a30553fbaf1717f4121e',310032,'2_mn6q3dS2EnDUx3bmyWc6D4szJNVGtaR7zc_mtQheFaSfWELRB2MyMBaiWjdDm6ux9Ezns_2','BBBB',50000000,50000000,'XCP',50000000,50000000,10,310031,0,0,6800,6800,'expired');
-- Triggers and indices on  orders
CREATE TRIGGER block_update_orders
                           BEFORE UPDATE ON orders BEGIN
                               SELECT RAISE(FAIL, "UPDATES NOT ALLOWED");
                           END;
CREATE INDEX orders_block_index_idx ON orders (block_index)
        ;
CREATE INDEX orders_expire_index_idx ON orders (expire_index)
        ;
CREATE INDEX orders_get_asset_give_asset_idx ON orders (get_asset, give_asset)
        ;
CREATE INDEX orders_get_quantity_idx ON orders (get_quantity)
        ;
CREATE INDEX orders_give_asset_idx ON orders (give_asset)
        ;
CREATE INDEX orders_give_quantity_idx ON orders (give_quantity)
        ;
CREATE INDEX orders_source_give_asset_idx ON orders (source, give_asset)
        ;
CREATE INDEX orders_status_idx ON orders (status)
        ;
CREATE INDEX orders_tx_hash_idx ON orders (tx_hash)
        ;
CREATE INDEX orders_tx_index_tx_hash_idx ON orders (tx_index, tx_hash)
        ;

COMMIT TRANSACTION;
PRAGMA page_size=4096;
-- PRAGMA encoding='UTF-8';
-- PRAGMA auto_vacuum=FULL;
-- PRAGMA max_page_count=4294967294;

BEGIN TRANSACTION;

-- Table  bet_match_expirations
DROP TABLE IF EXISTS bet_match_expirations;
CREATE TABLE bet_match_expirations(
                                          bet_match_id TEXT PRIMARY KEY,
                                          tx0_address TEXT,
                                          tx1_address TEXT,
                                          block_index INTEGER,
                                          FOREIGN KEY (block_index) REFERENCES blocks(block_index));
-- Triggers and indices on  bet_match_expirations
CREATE INDEX bet_match_expirations_block_index_idx ON bet_match_expirations (block_index)
        ;
CREATE INDEX bet_match_expirations_tx0_address_idx ON bet_match_expirations (tx0_address)
        ;
CREATE INDEX bet_match_expirations_tx1_address_idx ON bet_match_expirations (tx1_address)
        ;
CREATE TRIGGER block_update_bet_match_expirations
                           BEFORE UPDATE ON bet_match_expirations BEGIN
                               SELECT RAISE(FAIL, "UPDATES NOT ALLOWED");
                           END;

COMMIT TRANSACTION;
PRAGMA page_size=4096;
-- PRAGMA encoding='UTF-8';
-- PRAGMA auto_vacuum=FULL;
-- PRAGMA max_page_count=4294967294;

BEGIN TRANSACTION;

-- Table  bet_matches
DROP TABLE IF EXISTS bet_matches;
CREATE TABLE bet_matches(
                                id TEXT,
                                tx0_index INTEGER,
                                tx0_hash TEXT,
                                tx0_address TEXT,
                                tx1_index INTEGER,
                                tx1_hash TEXT,
                                tx1_address TEXT,
                                tx0_bet_type INTEGER,
                                tx1_bet_type INTEGER,
                                feed_address TEXT,
                                initial_value INTEGER,
                                deadline INTEGER,
                                target_value REAL,
                                leverage INTEGER,
                                forward_quantity INTEGER,
                                backward_quantity INTEGER,
                                tx0_block_index INTEGER,
                                tx1_block_index INTEGER,
                                block_index INTEGER,
                                tx0_expiration INTEGER,
                                tx1_expiration INTEGER,
                                match_expire_index INTEGER,
                                fee_fraction_int INTEGER,
                                status TEXT);
INSERT INTO bet_matches VALUES('c36b65e3d4c105739d5c8cef470c0878d2e8da138416e09cb499edcec343c0b8_23f77ca0034c19aa841413edfde7f4a3dca8d8ef582ce939dfc2e170c7c811a1',13,'c36b65e3d4c105739d5c8cef470c0878d2e8da138416e09cb499edcec343c0b8','2_mn6q3dS2EnDUx3bmyWc6D4szJNVGtaR7zc_mtQheFaSfWELRB2MyMBaiWjdDm6ux9Ezns_2',14,'23f77ca0034c19aa841413edfde7f4a3dca8d8ef582ce939dfc2e170c7c811a1','2_mn6q3dS2EnDUx3bmyWc6D4szJNVGtaR7zc_mtQheFaSfWELRB2MyMBaiWjdDm6ux9Ezns_2',0,1,'2_mn6q3dS2EnDUx3bmyWc6D4szJNVGtaR7zc_mtQheFaSfWELRB2MyMBaiWjdDm6ux9Ezns_2',100,1388000100,0.0,15120,41500000,20750000,310012,310013,310012,10,10,310022,99999999,'pending');
INSERT INTO bet_matches VALUES('a5a1927a83521144a5aa751f61065b530c9447c5b2c35e35064de32dae9573fd_6aa4c5853aa9971d13c0291c4e91ee5cddd506521942377aca5c3b1a48780c75',15,'a5a1927a83521144a5aa751f61065b530c9447c5b2c35e35064de32dae9573fd','2_mn6q3dS2EnDUx3bmyWc6D4szJNVGtaR7zc_mtQheFaSfWELRB2MyMBaiWjdDm6ux9Ezns_2',16,'6aa4c5853aa9971d13c0291c4e91ee5cddd506521942377aca5c3b1a48780c75','2_mn6q3dS2EnDUx3bmyWc6D4szJNVGtaR7zc_mtQheFaSfWELRB2MyMBaiWjdDm6ux9Ezns_2',0,1,'2_mn6q3dS2EnDUx3bmyWc6D4szJNVGtaR7zc_mtQheFaSfWELRB2MyMBaiWjdDm6ux9Ezns_2',100,1388000100,0.0,5040,150000000,350000000,310014,310015,310014,10,10,310024,99999999,'pending');
INSERT INTO bet_matches VALUES('91cea72c920a13cc450d14c92a81a318462300670308d6b1eb344ac06a72eda1_c345c2e6d9899c7729a0ca2ef13fab71ca5808854fb6be62e3b3dcd9225d1c4a',17,'91cea72c920a13cc450d14c92a81a318462300670308d6b1eb344ac06a72eda1','2_mn6q3dS2EnDUx3bmyWc6D4szJNVGtaR7zc_mtQheFaSfWELRB2MyMBaiWjdDm6ux9Ezns_2',18,'c345c2e6d9899c7729a0ca2ef13fab71ca5808854fb6be62e3b3dcd9225d1c4a','2_mn6q3dS2EnDUx3bmyWc6D4szJNVGtaR7zc_mtQheFaSfWELRB2MyMBaiWjdDm6ux9Ezns_2',2,3,'2_mn6q3dS2EnDUx3bmyWc6D4szJNVGtaR7zc_mtQheFaSfWELRB2MyMBaiWjdDm6ux9Ezns_2',100,1388000200,1.0,5040,750000000,650000000,310016,310017,310016,10,10,310026,99999999,'pending');
INSERT INTO bet_matches VALUES('c36b65e3d4c105739d5c8cef470c0878d2e8da138416e09cb499edcec343c0b8_23f77ca0034c19aa841413edfde7f4a3dca8d8ef582ce939dfc2e170c7c811a1',13,'c36b65e3d4c105739d5c8cef470c0878d2e8da138416e09cb499edcec343c0b8','2_mn6q3dS2EnDUx3bmyWc6D4szJNVGtaR7zc_mtQheFaSfWELRB2MyMBaiWjdDm6ux9Ezns_2',14,'23f77ca0034c19aa841413edfde7f4a3dca8d8ef582ce939dfc2e170c7c811a1','2_mn6q3dS2EnDUx3bmyWc6D4szJNVGtaR7zc_mtQheFaSfWELRB2MyMBaiWjdDm6ux9Ezns_2',0,1,'2_mn6q3dS2EnDUx3bmyWc6D4szJNVGtaR7zc_mtQheFaSfWELRB2MyMBaiWjdDm6ux9Ezns_2',100,1388000100,0.0,15120,41500000,20750000,310012,310013,310018,10,10,310022,99999999,'settled: liquidated for bear');
INSERT INTO bet_matches VALUES('a5a1927a83521144a5aa751f61065b530c9447c5b2c35e35064de32dae9573fd_6aa4c5853aa9971d13c0291c4e91ee5cddd506521942377aca5c3b1a48780c75',15,'a5a1927a83521144a5aa751f61065b530c9447c5b2c35e35064de32dae9573fd','2_mn6q3dS2EnDUx3bmyWc6D4szJNVGtaR7zc_mtQheFaSfWELRB2MyMBaiWjdDm6ux9Ezns_2',16,'6aa4c5853aa9971d13c0291c4e91ee5cddd506521942377aca5c3b1a48780c75','2_mn6q3dS2EnDUx3bmyWc6D4szJNVGtaR7zc_mtQheFaSfWELRB2MyMBaiWjdDm6ux9Ezns_2',0,1,'2_mn6q3dS2EnDUx3bmyWc6D4szJNVGtaR7zc_mtQheFaSfWELRB2MyMBaiWjdDm6ux9Ezns_2',100,1388000100,0.0,5040,150000000,350000000,310014,310015,310019,10,10,310024,99999999,'settled');
INSERT INTO bet_matches VALUES('91cea72c920a13cc450d14c92a81a318462300670308d6b1eb344ac06a72eda1_c345c2e6d9899c7729a0ca2ef13fab71ca5808854fb6be62e3b3dcd9225d1c4a',17,'91cea72c920a13cc450d14c92a81a318462300670308d6b1eb344ac06a72eda1','2_mn6q3dS2EnDUx3bmyWc6D4szJNVGtaR7zc_mtQheFaSfWELRB2MyMBaiWjdDm6ux9Ezns_2',18,'c345c2e6d9899c7729a0ca2ef13fab71ca5808854fb6be62e3b3dcd9225d1c4a','2_mn6q3dS2EnDUx3bmyWc6D4szJNVGtaR7zc_mtQheFaSfWELRB2MyMBaiWjdDm6ux9Ezns_2',2,3,'2_mn6q3dS2EnDUx3bmyWc6D4szJNVGtaR7zc_mtQheFaSfWELRB2MyMBaiWjdDm6ux9Ezns_2',100,1388000200,1.0,5040,750000000,650000000,310016,310017,310020,10,10,310026,99999999,'settled: for notequal');
-- Triggers and indices on  bet_matches
CREATE INDEX bet_matches_block_index_idx ON bet_matches (block_index)
        ;
CREATE INDEX bet_matches_deadline_idx ON bet_matches (deadline)
        ;
CREATE INDEX bet_matches_id_idx ON bet_matches (id)
        ;
CREATE INDEX bet_matches_status_idx ON bet_matches (status)
        ;
CREATE INDEX bet_matches_tx0_address_idx ON bet_matches (tx0_address)
        ;
CREATE INDEX bet_matches_tx1_address_idx ON bet_matches (tx1_address)
        ;
CREATE TRIGGER block_update_bet_matches
                           BEFORE UPDATE ON bet_matches BEGIN
                               SELECT RAISE(FAIL, "UPDATES NOT ALLOWED");
                           END;

COMMIT TRANSACTION;
PRAGMA page_size=4096;
-- PRAGMA encoding='UTF-8';
-- PRAGMA auto_vacuum=FULL;
-- PRAGMA max_page_count=4294967294;

BEGIN TRANSACTION;

-- Table  bet_match_resolutions
DROP TABLE IF EXISTS bet_match_resolutions;
CREATE TABLE bet_match_resolutions(
                                            bet_match_id TEXT PRIMARY KEY,
                                            bet_match_type_id INTEGER,
                                            block_index INTEGER,
                                            winner TEXT,
                                            settled BOOL,
                                            bull_credit INTEGER,
                                            bear_credit INTEGER,
                                            escrow_less_fee INTEGER,
                                            fee INTEGER,
                                            FOREIGN KEY (block_index) REFERENCES blocks(block_index));
INSERT INTO bet_match_resolutions VALUES('c36b65e3d4c105739d5c8cef470c0878d2e8da138416e09cb499edcec343c0b8_23f77ca0034c19aa841413edfde7f4a3dca8d8ef582ce939dfc2e170c7c811a1',1,310018,NULL,0,0,59137500,NULL,3112500);
INSERT INTO bet_match_resolutions VALUES('a5a1927a83521144a5aa751f61065b530c9447c5b2c35e35064de32dae9573fd_6aa4c5853aa9971d13c0291c4e91ee5cddd506521942377aca5c3b1a48780c75',1,310019,NULL,1,159300000,315700000,NULL,25000000);
INSERT INTO bet_match_resolutions VALUES('91cea72c920a13cc450d14c92a81a318462300670308d6b1eb344ac06a72eda1_c345c2e6d9899c7729a0ca2ef13fab71ca5808854fb6be62e3b3dcd9225d1c4a',5,310020,'NotEqual',NULL,NULL,NULL,1330000000,70000000);
-- Triggers and indices on  bet_match_resolutions
CREATE TRIGGER block_update_bet_match_resolutions
                           BEFORE UPDATE ON bet_match_resolutions BEGIN
                               SELECT RAISE(FAIL, "UPDATES NOT ALLOWED");
                           END;

COMMIT TRANSACTION;
PRAGMA page_size=4096;
-- PRAGMA encoding='UTF-8';
-- PRAGMA auto_vacuum=FULL;
-- PRAGMA max_page_count=4294967294;

BEGIN TRANSACTION;

-- Table  bet_expirations
DROP TABLE IF EXISTS bet_expirations;
CREATE TABLE bet_expirations(
                                    bet_index INTEGER PRIMARY KEY,
                                    bet_hash TEXT UNIQUE,
                                    source TEXT,
                                    block_index INTEGER,
                                    FOREIGN KEY (block_index) REFERENCES blocks(block_index));
INSERT INTO bet_expirations VALUES(13,'c36b65e3d4c105739d5c8cef470c0878d2e8da138416e09cb499edcec343c0b8','2_mn6q3dS2EnDUx3bmyWc6D4szJNVGtaR7zc_mtQheFaSfWELRB2MyMBaiWjdDm6ux9Ezns_2',310023);
-- Triggers and indices on  bet_expirations
CREATE INDEX bet_expirations_block_index_idx ON bet_expirations (block_index)
        ;
CREATE INDEX bet_expirations_source_idx ON bet_expirations (source)
        ;
CREATE TRIGGER block_update_bet_expirations
                           BEFORE UPDATE ON bet_expirations BEGIN
                               SELECT RAISE(FAIL, "UPDATES NOT ALLOWED");
                           END;

COMMIT TRANSACTION;
PRAGMA page_size=4096;
-- PRAGMA encoding='UTF-8';
-- PRAGMA auto_vacuum=FULL;
-- PRAGMA max_page_count=4294967294;

BEGIN TRANSACTION;

-- Table  bets
DROP TABLE IF EXISTS bets;
CREATE TABLE bets(
                        tx_index INTEGER,
                        tx_hash TEXT,
                        block_index INTEGER,
                        source TEXT,
                        feed_address TEXT,
                        bet_type INTEGER,
                        deadline INTEGER,
                        wager_quantity INTEGER,
                        wager_remaining INTEGER,
                        counterwager_quantity INTEGER,
                        counterwager_remaining INTEGER,
                        target_value REAL,
                        leverage INTEGER,
                        expiration INTEGER,
                        expire_index INTEGER,
                        fee_fraction_int INTEGER,
                        status TEXT);
INSERT INTO bets VALUES(13,'c36b65e3d4c105739d5c8cef470c0878d2e8da138416e09cb499edcec343c0b8',310012,'2_mn6q3dS2EnDUx3bmyWc6D4szJNVGtaR7zc_mtQheFaSfWELRB2MyMBaiWjdDm6ux9Ezns_2','2_mn6q3dS2EnDUx3bmyWc6D4szJNVGtaR7zc_mtQheFaSfWELRB2MyMBaiWjdDm6ux9Ezns_2',0,1388000100,50000000,50000000,25000000,25000000,0.0,15120,10,310022,99999999,'open');
INSERT INTO bets VALUES(14,'23f77ca0034c19aa841413edfde7f4a3dca8d8ef582ce939dfc2e170c7c811a1',310013,'2_mn6q3dS2EnDUx3bmyWc6D4szJNVGtaR7zc_mtQheFaSfWELRB2MyMBaiWjdDm6ux9Ezns_2','2_mn6q3dS2EnDUx3bmyWc6D4szJNVGtaR7zc_mtQheFaSfWELRB2MyMBaiWjdDm6ux9Ezns_2',1,1388000100,25000000,25000000,41500000,41500000,0.0,15120,10,310023,99999999,'open');
INSERT INTO bets VALUES(13,'c36b65e3d4c105739d5c8cef470c0878d2e8da138416e09cb499edcec343c0b8',310013,'2_mn6q3dS2EnDUx3bmyWc6D4szJNVGtaR7zc_mtQheFaSfWELRB2MyMBaiWjdDm6ux9Ezns_2','2_mn6q3dS2EnDUx3bmyWc6D4szJNVGtaR7zc_mtQheFaSfWELRB2MyMBaiWjdDm6ux9Ezns_2',0,1388000100,50000000,8500000,25000000,4250000,0.0,15120,10,310022,99999999,'open');
INSERT INTO bets VALUES(14,'23f77ca0034c19aa841413edfde7f4a3dca8d8ef582ce939dfc2e170c7c811a1',310013,'2_mn6q3dS2EnDUx3bmyWc6D4szJNVGtaR7zc_mtQheFaSfWELRB2MyMBaiWjdDm6ux9Ezns_2','2_mn6q3dS2EnDUx3bmyWc6D4szJNVGtaR7zc_mtQheFaSfWELRB2MyMBaiWjdDm6ux9Ezns_2',1,1388000100,25000000,4250000,41500000,0,0.0,15120,10,310023,99999999,'filled');
INSERT INTO bets VALUES(15,'a5a1927a83521144a5aa751f61065b530c9447c5b2c35e35064de32dae9573fd',310014,'2_mn6q3dS2EnDUx3bmyWc6D4szJNVGtaR7zc_mtQheFaSfWELRB2MyMBaiWjdDm6ux9Ezns_2','2_mn6q3dS2EnDUx3bmyWc6D4szJNVGtaR7zc_mtQheFaSfWELRB2MyMBaiWjdDm6ux9Ezns_2',0,1388000100,150000000,150000000,350000000,350000000,0.0,5040,10,310024,99999999,'open');
INSERT INTO bets VALUES(16,'6aa4c5853aa9971d13c0291c4e91ee5cddd506521942377aca5c3b1a48780c75',310015,'2_mn6q3dS2EnDUx3bmyWc6D4szJNVGtaR7zc_mtQheFaSfWELRB2MyMBaiWjdDm6ux9Ezns_2','2_mn6q3dS2EnDUx3bmyWc6D4szJNVGtaR7zc_mtQheFaSfWELRB2MyMBaiWjdDm6ux9Ezns_2',1,1388000100,350000000,350000000,150000000,150000000,0.0,5040,10,310025,99999999,'open');
INSERT INTO bets VALUES(15,'a5a1927a83521144a5aa751f61065b530c9447c5b2c35e35064de32dae9573fd',310015,'2_mn6q3dS2EnDUx3bmyWc6D4szJNVGtaR7zc_mtQheFaSfWELRB2MyMBaiWjdDm6ux9Ezns_2','2_mn6q3dS2EnDUx3bmyWc6D4szJNVGtaR7zc_mtQheFaSfWELRB2MyMBaiWjdDm6ux9Ezns_2',0,1388000100,150000000,0,350000000,0,0.0,5040,10,310024,99999999,'filled');
INSERT INTO bets VALUES(16,'6aa4c5853aa9971d13c0291c4e91ee5cddd506521942377aca5c3b1a48780c75',310015,'2_mn6q3dS2EnDUx3bmyWc6D4szJNVGtaR7zc_mtQheFaSfWELRB2MyMBaiWjdDm6ux9Ezns_2','2_mn6q3dS2EnDUx3bmyWc6D4szJNVGtaR7zc_mtQheFaSfWELRB2MyMBaiWjdDm6ux9Ezns_2',1,1388000100,350000000,0,150000000,0,0.0,5040,10,310025,99999999,'filled');
INSERT INTO bets VALUES(17,'91cea72c920a13cc450d14c92a81a318462300670308d6b1eb344ac06a72eda1',310016,'2_mn6q3dS2EnDUx3bmyWc6D4szJNVGtaR7zc_mtQheFaSfWELRB2MyMBaiWjdDm6ux9Ezns_2','2_mn6q3dS2EnDUx3bmyWc6D4szJNVGtaR7zc_mtQheFaSfWELRB2MyMBaiWjdDm6ux9Ezns_2',2,1388000200,750000000,750000000,650000000,650000000,1.0,5040,10,310026,99999999,'open');
INSERT INTO bets VALUES(18,'c345c2e6d9899c7729a0ca2ef13fab71ca5808854fb6be62e3b3dcd9225d1c4a',310017,'2_mn6q3dS2EnDUx3bmyWc6D4szJNVGtaR7zc_mtQheFaSfWELRB2MyMBaiWjdDm6ux9Ezns_2','2_mn6q3dS2EnDUx3bmyWc6D4szJNVGtaR7zc_mtQheFaSfWELRB2MyMBaiWjdDm6ux9Ezns_2',3,1388000200,650000000,650000000,750000000,750000000,1.0,5040,10,310027,99999999,'open');
INSERT INTO bets VALUES(17,'91cea72c920a13cc450d14c92a81a318462300670308d6b1eb344ac06a72eda1',310017,'2_mn6q3dS2EnDUx3bmyWc6D4szJNVGtaR7zc_mtQheFaSfWELRB2MyMBaiWjdDm6ux9Ezns_2','2_mn6q3dS2EnDUx3bmyWc6D4szJNVGtaR7zc_mtQheFaSfWELRB2MyMBaiWjdDm6ux9Ezns_2',2,1388000200,750000000,0,650000000,0,1.0,5040,10,310026,99999999,'filled');
INSERT INTO bets VALUES(18,'c345c2e6d9899c7729a0ca2ef13fab71ca5808854fb6be62e3b3dcd9225d1c4a',310017,'2_mn6q3dS2EnDUx3bmyWc6D4szJNVGtaR7zc_mtQheFaSfWELRB2MyMBaiWjdDm6ux9Ezns_2','2_mn6q3dS2EnDUx3bmyWc6D4szJNVGtaR7zc_mtQheFaSfWELRB2MyMBaiWjdDm6ux9Ezns_2',3,1388000200,650000000,0,750000000,0,1.0,5040,10,310027,99999999,'filled');
INSERT INTO bets VALUES(13,'c36b65e3d4c105739d5c8cef470c0878d2e8da138416e09cb499edcec343c0b8',310023,'2_mn6q3dS2EnDUx3bmyWc6D4szJNVGtaR7zc_mtQheFaSfWELRB2MyMBaiWjdDm6ux9Ezns_2','2_mn6q3dS2EnDUx3bmyWc6D4szJNVGtaR7zc_mtQheFaSfWELRB2MyMBaiWjdDm6ux9Ezns_2',0,1388000100,50000000,8500000,25000000,4250000,0.0,15120,10,310022,99999999,'expired');
-- Triggers and indices on  bets
CREATE INDEX bets_block_index_idx ON bets (block_index)
        ;
CREATE INDEX bets_expire_index_idx ON bets (expire_index)
        ;
CREATE INDEX bets_feed_address_bet_type_idx ON bets (feed_address, bet_type)
        ;
CREATE INDEX bets_feed_address_idx ON bets (feed_address)
        ;
CREATE INDEX bets_status_idx ON bets (status)
        ;
CREATE INDEX bets_tx_hash_idx ON bets (tx_hash)
        ;
CREATE INDEX bets_tx_index_tx_hash_idx ON bets (tx_index, tx_hash)
        ;
CREATE TRIGGER block_update_bets
                           BEFORE UPDATE ON bets BEGIN
                               SELECT RAISE(FAIL, "UPDATES NOT ALLOWED");
                           END;

COMMIT TRANSACTION;
PRAGMA page_size=4096;
-- PRAGMA encoding='UTF-8';
-- PRAGMA auto_vacuum=FULL;
-- PRAGMA max_page_count=4294967294;

BEGIN TRANSACTION;

-- Table  broadcasts
DROP TABLE IF EXISTS broadcasts;
CREATE TABLE broadcasts(
                      tx_index INTEGER PRIMARY KEY,
                      tx_hash TEXT UNIQUE,
                      block_index INTEGER,
                      source TEXT,
                      timestamp INTEGER,
                      value REAL,
                      fee_fraction_int INTEGER,
                      text TEXT,
                      locked BOOL,
                      status TEXT,
                      FOREIGN KEY (tx_index, tx_hash, block_index) REFERENCES transactions(tx_index, tx_hash, block_index));
INSERT INTO broadcasts VALUES(12,'0a15cc28e58f28a690051e66e6c50ecb68826077d59b75d05590a1db453d9d61',310011,'2_mn6q3dS2EnDUx3bmyWc6D4szJNVGtaR7zc_mtQheFaSfWELRB2MyMBaiWjdDm6ux9Ezns_2',1388000000,100.0,99999999,'Unit Test',0,'valid');
INSERT INTO broadcasts VALUES(19,'c473921b7c5d877de55ef38b39935e149003d6fec701bea0c8b66b77255942d4',310018,'2_mn6q3dS2EnDUx3bmyWc6D4szJNVGtaR7zc_mtQheFaSfWELRB2MyMBaiWjdDm6ux9Ezns_2',1388000050,99.86166,5000000,'Unit Test',0,'valid');
INSERT INTO broadcasts VALUES(20,'c9388ea12ab42ec1502dbb54e2da81beca5adee6056777559200aab28e5e1dc0',310019,'2_mn6q3dS2EnDUx3bmyWc6D4szJNVGtaR7zc_mtQheFaSfWELRB2MyMBaiWjdDm6ux9Ezns_2',1388000101,100.343,5000000,'Unit Test',0,'valid');
INSERT INTO broadcasts VALUES(21,'54292b0676d266705f8dd0daa1194cff3d16414564f25c422309af75d8ca344e',310020,'2_mn6q3dS2EnDUx3bmyWc6D4szJNVGtaR7zc_mtQheFaSfWELRB2MyMBaiWjdDm6ux9Ezns_2',1388000201,2.0,5000000,'Unit Test',0,'valid');
-- Triggers and indices on  broadcasts
CREATE TRIGGER block_update_broadcasts
                           BEFORE UPDATE ON broadcasts BEGIN
                               SELECT RAISE(FAIL, "UPDATES NOT ALLOWED");
                           END;
CREATE INDEX broadcasts_block_index_idx ON broadcasts (block_index)
        ;
CREATE INDEX broadcasts_status_source_idx ON broadcasts (status, source)
        ;
CREATE INDEX broadcasts_status_source_tx_index_idx ON broadcasts (status, source, tx_index)
        ;
CREATE INDEX broadcasts_timestamp_idx ON broadcasts (timestamp)
        ;

COMMIT TRANSACTION;
PRAGMA page_size=4096;
-- PRAGMA encoding='UTF-8';
-- PRAGMA auto_vacuum=FULL;
-- PRAGMA max_page_count=4294967294;

BEGIN TRANSACTION;

-- Table  btcpays
DROP TABLE IF EXISTS btcpays;
CREATE TABLE btcpays(
                      tx_index INTEGER PRIMARY KEY,
                      tx_hash TEXT UNIQUE,
                      block_index INTEGER,
                      source TEXT,
                      destination TEXT,
                      btc_amount INTEGER,
                      order_match_id TEXT,
                      status TEXT,
                      FOREIGN KEY (tx_index, tx_hash, block_index) REFERENCES transactions(tx_index, tx_hash, block_index));
INSERT INTO btcpays VALUES(5,'b0bf5693ba52a5c6bda34671ba065606bd02277f281e9aa19d25778e26c2f7e2',310004,'2_mn6q3dS2EnDUx3bmyWc6D4szJNVGtaR7zc_mtQheFaSfWELRB2MyMBaiWjdDm6ux9Ezns_2','2_mn6q3dS2EnDUx3bmyWc6D4szJNVGtaR7zc_mtQheFaSfWELRB2MyMBaiWjdDm6ux9Ezns_2',50000000,'025ca2c1784ca3c9389b9f227a5a04445908337e21e2ef9411c890e20aff61c0_c6881f7505bd7fe0742c2ce50490e21431705bf2df4368be43f423fa0c515aee','valid');
-- Triggers and indices on  btcpays
CREATE TRIGGER block_update_btcpays
                           BEFORE UPDATE ON btcpays BEGIN
                               SELECT RAISE(FAIL, "UPDATES NOT ALLOWED");
                           END;
CREATE INDEX btcpays_block_index_idx ON btcpays (block_index)
        ;
CREATE INDEX btcpays_destination_idx ON btcpays (destination)
        ;
CREATE INDEX btcpays_source_idx ON btcpays (source)
        ;

COMMIT TRANSACTION;
PRAGMA page_size=4096;
-- PRAGMA encoding='UTF-8';
-- PRAGMA auto_vacuum=FULL;
-- PRAGMA max_page_count=4294967294;

BEGIN TRANSACTION;

-- Table  burns
DROP TABLE IF EXISTS burns;
CREATE TABLE burns(
                      tx_index INTEGER PRIMARY KEY,
                      tx_hash TEXT UNIQUE,
                      block_index INTEGER,
                      source TEXT,
                      burned INTEGER,
                      earned INTEGER,
                      status TEXT,
                      FOREIGN KEY (tx_index, tx_hash, block_index) REFERENCES transactions(tx_index, tx_hash, block_index));
INSERT INTO burns VALUES(1,'5fde1c728d8d00aaa1b5f8dae963ceb4fd30c415eb0b8a982ba2d8d676fec0bb',310000,'2_mn6q3dS2EnDUx3bmyWc6D4szJNVGtaR7zc_mtQheFaSfWELRB2MyMBaiWjdDm6ux9Ezns_2',62000000,93000000000,'valid');
INSERT INTO burns VALUES(23,'df080a76ceb263201901bc23c85c3e8dce4eca0e72c873131adaf2f46820e9f1',310022,'2_mn6q3dS2EnDUx3bmyWc6D4szJNVGtaR7zc_mtQheFaSfWELRB2MyMBaiWjdDm6ux9Ezns_2',38000000,56999887262,'valid');
-- Triggers and indices on  burns
CREATE TRIGGER block_update_burns
                           BEFORE UPDATE ON burns BEGIN
                               SELECT RAISE(FAIL, "UPDATES NOT ALLOWED");
                           END;
CREATE INDEX burns_source_idx ON burns (source)
        ;
CREATE INDEX burns_status_idx ON burns (status)
        ;

COMMIT TRANSACTION;
PRAGMA page_size=4096;
-- PRAGMA encoding='UTF-8';
-- PRAGMA auto_vacuum=FULL;
-- PRAGMA max_page_count=4294967294;

BEGIN TRANSACTION;

-- Table  cancels
DROP TABLE IF EXISTS cancels;
CREATE TABLE cancels(
                      tx_index INTEGER PRIMARY KEY,
                      tx_hash TEXT UNIQUE,
                      block_index INTEGER,
                      source TEXT,
                      offer_hash TEXT,
                      status TEXT,
                      FOREIGN KEY (tx_index, tx_hash, block_index) REFERENCES transactions(tx_index, tx_hash, block_index));
-- Triggers and indices on  cancels
CREATE TRIGGER block_update_cancels
                           BEFORE UPDATE ON cancels BEGIN
                               SELECT RAISE(FAIL, "UPDATES NOT ALLOWED");
                           END;
CREATE INDEX cancels_block_index_idx ON cancels (block_index)
        ;
CREATE INDEX cancels_source_idx ON cancels (source)
        ;

COMMIT TRANSACTION;
PRAGMA page_size=4096;
-- PRAGMA encoding='UTF-8';
-- PRAGMA auto_vacuum=FULL;
-- PRAGMA max_page_count=4294967294;

BEGIN TRANSACTION;

-- Table  dividends
DROP TABLE IF EXISTS dividends;
CREATE TABLE dividends(
                      tx_index INTEGER PRIMARY KEY,
                      tx_hash TEXT UNIQUE,
                      block_index INTEGER,
                      source TEXT,
                      asset TEXT,
                      dividend_asset TEXT,
                      quantity_per_unit INTEGER,
                      fee_paid INTEGER,
                      status TEXT,
                      FOREIGN KEY (tx_index, tx_hash, block_index) REFERENCES transactions(tx_index, tx_hash, block_index));
INSERT INTO dividends VALUES(10,'cbc73bb03bae7cbaa0e88c9c16cb78fa6f315b9a6383f0f7efb63d0fdd831a81',310009,'2_mn6q3dS2EnDUx3bmyWc6D4szJNVGtaR7zc_mtQheFaSfWELRB2MyMBaiWjdDm6ux9Ezns_2','BBBB','XCP',600,20000,'valid');
INSERT INTO dividends VALUES(11,'c59e9803933740537b59928d19d2b65812e6f2b8d1ac811d9262353a19327b97',310010,'2_mn6q3dS2EnDUx3bmyWc6D4szJNVGtaR7zc_mtQheFaSfWELRB2MyMBaiWjdDm6ux9Ezns_2','BBBC','XCP',800,20000,'valid');
-- Triggers and indices on  dividends
CREATE TRIGGER block_update_dividends
                           BEFORE UPDATE ON dividends BEGIN
                               SELECT RAISE(FAIL, "UPDATES NOT ALLOWED");
                           END;
CREATE INDEX dividends_asset_idx ON dividends (asset)
        ;
CREATE INDEX dividends_block_index_idx ON dividends (block_index)
        ;
CREATE INDEX dividends_source_idx ON dividends (source)
        ;

COMMIT TRANSACTION;
PRAGMA page_size=4096;
-- PRAGMA encoding='UTF-8';
-- PRAGMA auto_vacuum=FULL;
-- PRAGMA max_page_count=4294967294;

BEGIN TRANSACTION;

-- Table  issuances
DROP TABLE IF EXISTS issuances;
CREATE TABLE issuances(
                tx_index INTEGER,
                tx_hash TEXT,
                msg_index INTEGER DEFAULT 0,
                block_index INTEGER,
                asset TEXT,
                quantity INTEGER,
                divisible BOOL,
                source TEXT,
                issuer TEXT,
                transfer BOOL,
                callable BOOL,
                call_date INTEGER,
                call_price REAL,
                description TEXT,
                fee_paid INTEGER,
                locked BOOL,
                status TEXT,
                asset_longname TEXT,
                reset BOOL,
                description_locked BOOL, fair_minting BOOL DEFAULT 0,
                PRIMARY KEY (tx_index, msg_index),
                UNIQUE (tx_hash, msg_index)
            );
INSERT INTO issuances VALUES(6,'93599860b4a4a3b672a79c064812eb18d2e1b532613e08bd3ae1ee2a9979eae2',0,310005,'BBBB',1000000000,1,'2_mn6q3dS2EnDUx3bmyWc6D4szJNVGtaR7zc_mtQheFaSfWELRB2MyMBaiWjdDm6ux9Ezns_2','2_mn6q3dS2EnDUx3bmyWc6D4szJNVGtaR7zc_mtQheFaSfWELRB2MyMBaiWjdDm6ux9Ezns_2',0,0,0,0.0,'',50000000,0,'valid',NULL,0,0,0);
INSERT INTO issuances VALUES(7,'3318c4b8b244fbc64f6894d28f7a1866db5671f04d2e4f5911d0fd688f804404',0,310006,'BBBC',100000,0,'2_mn6q3dS2EnDUx3bmyWc6D4szJNVGtaR7zc_mtQheFaSfWELRB2MyMBaiWjdDm6ux9Ezns_2','2_mn6q3dS2EnDUx3bmyWc6D4szJNVGtaR7zc_mtQheFaSfWELRB2MyMBaiWjdDm6ux9Ezns_2',0,0,0,0.0,'foobar',50000000,0,'valid',NULL,0,0,0);
-- Triggers and indices on  issuances
CREATE TRIGGER block_update_issuances
                           BEFORE UPDATE ON issuances BEGIN
                               SELECT RAISE(FAIL, "UPDATES NOT ALLOWED");
                           END;
CREATE INDEX issuances_asset_longname_idx ON issuances (asset_longname)
        ;
CREATE INDEX issuances_asset_status_idx ON issuances (asset, status)
        ;
CREATE INDEX issuances_block_index_idx ON issuances (block_index)
        ;
CREATE INDEX issuances_issuer_idx ON issuances (issuer)
        ;
CREATE INDEX issuances_source_idx ON issuances (source)
        ;
CREATE INDEX issuances_status_asset_tx_index_idx ON issuances (status, asset, tx_index DESC)
        ;
CREATE INDEX issuances_status_idx ON issuances (status)
        ;

COMMIT TRANSACTION;
PRAGMA page_size=4096;
-- PRAGMA encoding='UTF-8';
-- PRAGMA auto_vacuum=FULL;
-- PRAGMA max_page_count=4294967294;

BEGIN TRANSACTION;

-- Table  sends
DROP TABLE IF EXISTS sends;
CREATE TABLE "sends"(
                              tx_index INTEGER,
                              tx_hash TEXT,
                              block_index INTEGER,
                              source TEXT,
                              destination TEXT,
                              asset TEXT,
                              quantity INTEGER,
                              status TEXT,
                              msg_index INTEGER DEFAULT 0, memo BLOB,
                              PRIMARY KEY (tx_index, msg_index),
                              FOREIGN KEY (tx_index, tx_hash, block_index) REFERENCES transactions(tx_index, tx_hash, block_index),
                              UNIQUE (tx_hash, msg_index) ON CONFLICT FAIL);
INSERT INTO sends VALUES(2,'eacd03b732d28924807d4f0cb1c1aa5720a78bf44d23660fb1658a5fd1b4e9a3',310001,'2_mn6q3dS2EnDUx3bmyWc6D4szJNVGtaR7zc_mtQheFaSfWELRB2MyMBaiWjdDm6ux9Ezns_2','2_mnfAHmddVibnZNSkh8DvKaQoiEfNsxjXzH_mtQheFaSfWELRB2MyMBaiWjdDm6ux9Ezns_2','XCP',50000000,'valid',0,NULL);
INSERT INTO sends VALUES(8,'e43d2ab22a3a5fe1de032bdf042381fc1d6fc34794abc51a1b3db46ccf8cbdbe',310007,'2_mn6q3dS2EnDUx3bmyWc6D4szJNVGtaR7zc_mtQheFaSfWELRB2MyMBaiWjdDm6ux9Ezns_2','2_mnfAHmddVibnZNSkh8DvKaQoiEfNsxjXzH_mtQheFaSfWELRB2MyMBaiWjdDm6ux9Ezns_2','BBBB',4000000,'valid',0,NULL);
INSERT INTO sends VALUES(9,'7b48b32b5373757d0bfa50358184117ca01b5ad564ca4338ecb021ae726a19c9',310008,'2_mn6q3dS2EnDUx3bmyWc6D4szJNVGtaR7zc_mtQheFaSfWELRB2MyMBaiWjdDm6ux9Ezns_2','2_mnfAHmddVibnZNSkh8DvKaQoiEfNsxjXzH_mtQheFaSfWELRB2MyMBaiWjdDm6ux9Ezns_2','BBBC',526,'valid',0,NULL);
INSERT INTO sends VALUES(24,'abc5e16e5a7a1a7dd7d38ff1351b252a3813d40a695ab798f6a26cb904f91ab1',310023,'2_mn6q3dS2EnDUx3bmyWc6D4szJNVGtaR7zc_mtQheFaSfWELRB2MyMBaiWjdDm6ux9Ezns_2','2_mnfAHmddVibnZNSkh8DvKaQoiEfNsxjXzH_mtQheFaSfWELRB2MyMBaiWjdDm6ux9Ezns_2','BBBC',10000,'valid',0,NULL);
-- Triggers and indices on  sends
CREATE TRIGGER block_update_sends
                           BEFORE UPDATE ON sends BEGIN
                               SELECT RAISE(FAIL, "UPDATES NOT ALLOWED");
                           END;
CREATE INDEX sends_asset_idx ON sends (asset)
        ;
CREATE INDEX sends_block_index_idx ON sends (block_index)
        ;
CREATE INDEX sends_destination_idx ON sends (destination)
        ;
CREATE INDEX sends_memo_idx ON sends (memo)
        ;
CREATE INDEX sends_source_idx ON sends (source)
        ;

COMMIT TRANSACTION;
PRAGMA page_size=4096;
-- PRAGMA encoding='UTF-8';
-- PRAGMA auto_vacuum=FULL;
-- PRAGMA max_page_count=4294967294;

BEGIN TRANSACTION;

-- Table  rps_match_expirations
DROP TABLE IF EXISTS rps_match_expirations;
CREATE TABLE rps_match_expirations(
                                            rps_match_id TEXT PRIMARY KEY,
                                            tx0_address TEXT,
                                            tx1_address TEXT,
                                            block_index INTEGER,
                                            FOREIGN KEY (block_index) REFERENCES blocks(block_index));
-- Triggers and indices on  rps_match_expirations
CREATE TRIGGER block_update_rps_match_expirations
                           BEFORE UPDATE ON rps_match_expirations BEGIN
                               SELECT RAISE(FAIL, "UPDATES NOT ALLOWED");
                           END;
CREATE INDEX rps_match_expirations_block_index_idx ON rps_match_expirations (block_index)
        ;
CREATE INDEX rps_match_expirations_tx0_address_idx ON rps_match_expirations (tx0_address)
        ;
CREATE INDEX rps_match_expirations_tx1_address_idx ON rps_match_expirations (tx1_address)
        ;

COMMIT TRANSACTION;
PRAGMA page_size=4096;
-- PRAGMA encoding='UTF-8';
-- PRAGMA auto_vacuum=FULL;
-- PRAGMA max_page_count=4294967294;

BEGIN TRANSACTION;

-- Table  rps_expirations
DROP TABLE IF EXISTS rps_expirations;
CREATE TABLE rps_expirations(
                                    rps_index INTEGER PRIMARY KEY,
                                    rps_hash TEXT UNIQUE,
                                    source TEXT,
                                    block_index INTEGER,
                                    FOREIGN KEY (block_index) REFERENCES blocks(block_index));
-- Triggers and indices on  rps_expirations
CREATE TRIGGER block_update_rps_expirations
                           BEFORE UPDATE ON rps_expirations BEGIN
                               SELECT RAISE(FAIL, "UPDATES NOT ALLOWED");
                           END;
CREATE INDEX rps_expirations_block_index_idx ON rps_expirations (block_index)
        ;
CREATE INDEX rps_expirations_source_idx ON rps_expirations (source)
        ;

COMMIT TRANSACTION;
PRAGMA page_size=4096;
-- PRAGMA encoding='UTF-8';
-- PRAGMA auto_vacuum=FULL;
-- PRAGMA max_page_count=4294967294;

BEGIN TRANSACTION;

-- Table  rpsresolves
DROP TABLE IF EXISTS rpsresolves;
CREATE TABLE rpsresolves(
                      tx_index INTEGER PRIMARY KEY,
                      tx_hash TEXT UNIQUE,
                      block_index INTEGER,
                      source TEXT,
                      move INTEGER,
                      random TEXT,
                      rps_match_id TEXT,
                      status TEXT,
                      FOREIGN KEY (tx_index, tx_hash, block_index) REFERENCES transactions(tx_index, tx_hash, block_index));
-- Triggers and indices on  rpsresolves
CREATE TRIGGER block_update_rpsresolves
                           BEFORE UPDATE ON rpsresolves BEGIN
                               SELECT RAISE(FAIL, "UPDATES NOT ALLOWED");
                           END;
CREATE INDEX rpsresolves_block_index_idx ON rpsresolves (block_index)
        ;
CREATE INDEX rpsresolves_rps_match_id_idx ON rpsresolves (rps_match_id)
        ;
CREATE INDEX rpsresolves_source_idx ON rpsresolves (source)
        ;

COMMIT TRANSACTION;
PRAGMA page_size=4096;
-- PRAGMA encoding='UTF-8';
-- PRAGMA auto_vacuum=FULL;
-- PRAGMA max_page_count=4294967294;

BEGIN TRANSACTION;

-- Table  rps_matches
DROP TABLE IF EXISTS rps_matches;
CREATE TABLE rps_matches(
                                id TEXT,
                                tx0_index INTEGER,
                                tx0_hash TEXT,
                                tx0_address TEXT,
                                tx1_index INTEGER,
                                tx1_hash TEXT,
                                tx1_address TEXT,
                                tx0_move_random_hash TEXT,
                                tx1_move_random_hash TEXT,
                                wager INTEGER,
                                possible_moves INTEGER,
                                tx0_block_index INTEGER,
                                tx1_block_index INTEGER,
                                block_index INTEGER,
                                tx0_expiration INTEGER,
                                tx1_expiration INTEGER,
                                match_expire_index INTEGER,
                                status TEXT);
-- Triggers and indices on  rps_matches
CREATE TRIGGER block_update_rps_matches
                           BEFORE UPDATE ON rps_matches BEGIN
                               SELECT RAISE(FAIL, "UPDATES NOT ALLOWED");
                           END;
CREATE INDEX rps_matches_id_idx ON rps_matches (id)
        ;
CREATE INDEX rps_matches_match_expire_index_idx ON rps_matches (match_expire_index)
        ;
CREATE INDEX rps_matches_status_idx ON rps_matches (status)
        ;
CREATE INDEX rps_matches_tx0_address_idx ON rps_matches (tx0_address)
        ;
CREATE INDEX rps_matches_tx1_address_idx ON rps_matches (tx1_address)
        ;

COMMIT TRANSACTION;
PRAGMA page_size=4096;
-- PRAGMA encoding='UTF-8';
-- PRAGMA auto_vacuum=FULL;
-- PRAGMA max_page_count=4294967294;

BEGIN TRANSACTION;

-- Table  rps
DROP TABLE IF EXISTS rps;
CREATE TABLE rps(
                        tx_index INTEGER,
                        tx_hash TEXT,
                        block_index INTEGER,
                        source TEXT,
                        possible_moves INTEGER,
                        wager INTEGER,
                        move_random_hash TEXT,
                        expiration INTEGER,
                        expire_index INTEGER,
                        status TEXT);
-- Triggers and indices on  rps
CREATE TRIGGER block_update_rps
                           BEFORE UPDATE ON rps BEGIN
                               SELECT RAISE(FAIL, "UPDATES NOT ALLOWED");
                           END;
CREATE INDEX rps_expire_index_idx ON rps (expire_index)
        ;
CREATE INDEX rps_source_idx ON rps (source)
        ;
CREATE INDEX rps_status_idx ON rps (status)
        ;
CREATE INDEX rps_tx_hash_idx ON rps (tx_hash)
        ;
CREATE INDEX rps_tx_index_idx ON rps (tx_index)
        ;
CREATE INDEX rps_tx_index_tx_hash_idx ON rps (tx_index, tx_hash)
        ;
CREATE INDEX rps_wager_possible_moves_idx ON rps (wager, possible_moves)
        ;

COMMIT TRANSACTION;
PRAGMA page_size=4096;
-- PRAGMA encoding='UTF-8';
-- PRAGMA auto_vacuum=FULL;
-- PRAGMA max_page_count=4294967294;

BEGIN TRANSACTION;

-- Table  destructions
DROP TABLE IF EXISTS destructions;
CREATE TABLE destructions(
            tx_index INTEGER,
            tx_hash TEXT,
            block_index INTEGER,
            source TEXT,
            asset INTEGER,
            quantity INTEGER,
            tag TEXT,
            status TEXT
        );
-- Triggers and indices on  destructions
CREATE TRIGGER block_update_destructions
                           BEFORE UPDATE ON destructions BEGIN
                               SELECT RAISE(FAIL, "UPDATES NOT ALLOWED");
                           END;
CREATE INDEX destructions_source_idx ON destructions (source)
        ;
CREATE INDEX destructions_status_idx ON destructions (status)
        ;

COMMIT TRANSACTION;
PRAGMA page_size=4096;
-- PRAGMA encoding='UTF-8';
-- PRAGMA auto_vacuum=FULL;
-- PRAGMA max_page_count=4294967294;

BEGIN TRANSACTION;

-- Table  assets
DROP TABLE IF EXISTS assets;
CREATE TABLE assets(
                      asset_id TEXT UNIQUE,
                      asset_name TEXT UNIQUE,
                      block_index INTEGER,
                      asset_longname TEXT);
INSERT INTO assets VALUES('0','BTC',NULL,NULL);
INSERT INTO assets VALUES('1','XCP',NULL,NULL);
INSERT INTO assets VALUES('18279','BBBB',310005,NULL);
INSERT INTO assets VALUES('18280','BBBC',310006,NULL);
-- Triggers and indices on  assets
CREATE INDEX assets_asset_id_idx ON assets (asset_id)
        ;
CREATE UNIQUE INDEX assets_asset_longname_idx ON assets (asset_longname)
        ;
CREATE INDEX assets_asset_name_idx ON assets (asset_name)
        ;
CREATE TRIGGER block_update_assets
                           BEFORE UPDATE ON assets BEGIN
                               SELECT RAISE(FAIL, "UPDATES NOT ALLOWED");
                           END;

COMMIT TRANSACTION;
PRAGMA page_size=4096;
-- PRAGMA encoding='UTF-8';
-- PRAGMA auto_vacuum=FULL;
-- PRAGMA max_page_count=4294967294;

BEGIN TRANSACTION;

-- Table  addresses
DROP TABLE IF EXISTS addresses;
CREATE TABLE addresses(
            address TEXT,
            options INTEGER,
            block_index INTEGER
        );
-- Triggers and indices on  addresses
CREATE INDEX addresses_address_idx ON addresses (address)
        ;
CREATE TRIGGER block_update_addresses
                           BEFORE UPDATE ON addresses BEGIN
                               SELECT RAISE(FAIL, "UPDATES NOT ALLOWED");
                           END;

COMMIT TRANSACTION;
PRAGMA page_size=4096;
-- PRAGMA encoding='UTF-8';
-- PRAGMA auto_vacuum=FULL;
-- PRAGMA max_page_count=4294967294;

BEGIN TRANSACTION;

-- Table  sweeps
DROP TABLE IF EXISTS sweeps;
CREATE TABLE sweeps(
                      tx_index INTEGER PRIMARY KEY,
                      tx_hash TEXT UNIQUE,
                      block_index INTEGER,
                      source TEXT,
                      destination TEXT,
                      flags INTEGER,
                      status TEXT,
                      memo BLOB,
                      fee_paid INTEGER,
                      FOREIGN KEY (tx_index, tx_hash, block_index) REFERENCES transactions(tx_index, tx_hash, block_index));
-- Triggers and indices on  sweeps
CREATE TRIGGER block_update_sweeps
                           BEFORE UPDATE ON sweeps BEGIN
                               SELECT RAISE(FAIL, "UPDATES NOT ALLOWED");
                           END;
CREATE INDEX sweeps_block_index_idx ON sweeps (block_index)
        ;
CREATE INDEX sweeps_destination_idx ON sweeps (destination)
        ;
CREATE INDEX sweeps_memo_idx ON sweeps (memo)
        ;
CREATE INDEX sweeps_source_idx ON sweeps (source)
        ;

COMMIT TRANSACTION;
PRAGMA page_size=4096;
-- PRAGMA encoding='UTF-8';
-- PRAGMA auto_vacuum=FULL;
-- PRAGMA max_page_count=4294967294;

BEGIN TRANSACTION;

-- Table  dispensers
DROP TABLE IF EXISTS dispensers;
CREATE TABLE dispensers(
                                tx_index INTEGER,
                                tx_hash TEXT,
                                block_index INTEGER,
                                source TEXT,
                                asset TEXT,
                                give_quantity INTEGER,
                                escrow_quantity INTEGER,
                                satoshirate INTEGER,
                                status INTEGER,
                                give_remaining INTEGER,
                                oracle_address TEXT,
                                last_status_tx_hash TEXT,
                                origin TEXT,
                                dispense_count INTEGER DEFAULT 0,
                                last_status_tx_source TEXT,
                                close_block_index INTEGER);
-- Triggers and indices on  dispensers
CREATE TRIGGER block_update_dispensers
                           BEFORE UPDATE ON dispensers BEGIN
                               SELECT RAISE(FAIL, "UPDATES NOT ALLOWED");
                           END;
CREATE INDEX dispensers_asset_idx ON dispensers (asset)
        ;
CREATE INDEX dispensers_block_index_idx ON dispensers (block_index)
        ;
CREATE INDEX dispensers_close_block_index_status_idx ON dispensers (close_block_index, status)
        ;
CREATE INDEX dispensers_give_quantity_idx ON dispensers (give_quantity)
        ;
CREATE INDEX dispensers_give_remaining_idx ON dispensers (give_remaining)
        ;
CREATE INDEX dispensers_last_status_tx_hash_idx ON dispensers (last_status_tx_hash)
        ;
CREATE INDEX dispensers_source_asset_origin_status_idx ON dispensers (source, asset, origin, status)
        ;
CREATE INDEX dispensers_source_idx ON dispensers (source)
        ;
CREATE INDEX dispensers_source_origin_idx ON dispensers (source, origin)
        ;
CREATE INDEX dispensers_status_block_index_idx ON dispensers (status, block_index)
        ;
CREATE INDEX dispensers_status_idx ON dispensers (status)
        ;
CREATE INDEX dispensers_tx_hash_idx ON dispensers (tx_hash)
        ;
CREATE INDEX dispensers_tx_index_idx ON dispensers (tx_index)
        ;

COMMIT TRANSACTION;
PRAGMA page_size=4096;
-- PRAGMA encoding='UTF-8';
-- PRAGMA auto_vacuum=FULL;
-- PRAGMA max_page_count=4294967294;

BEGIN TRANSACTION;

-- Table  dispenses
DROP TABLE IF EXISTS dispenses;
CREATE TABLE dispenses (
                                tx_index INTEGER,
                                dispense_index INTEGER,
                                tx_hash TEXT,
                                block_index INTEGER,
                                source TEXT,
                                destination TEXT,
                                asset TEXT,
                                dispense_quantity INTEGER,
                                dispenser_tx_hash TEXT,
                                PRIMARY KEY (tx_index, dispense_index, source, destination),
                                FOREIGN KEY (tx_index, tx_hash, block_index) REFERENCES transactions(tx_index, tx_hash, block_index));
-- Triggers and indices on  dispenses
CREATE TRIGGER block_update_dispenses
                           BEFORE UPDATE ON dispenses BEGIN
                               SELECT RAISE(FAIL, "UPDATES NOT ALLOWED");
                           END;
CREATE INDEX dispenses_asset_idx ON dispenses (asset)
        ;
CREATE INDEX dispenses_block_index_idx ON dispenses (block_index)
        ;
CREATE INDEX dispenses_destination_idx ON dispenses (destination)
        ;
CREATE INDEX dispenses_dispense_quantity_idx ON dispenses (dispense_quantity)
        ;
CREATE INDEX dispenses_dispenser_tx_hash_idx ON dispenses (dispenser_tx_hash)
        ;
CREATE INDEX dispenses_source_idx ON dispenses (source)
        ;
CREATE INDEX dispenses_tx_hash_idx ON dispenses (tx_hash)
        ;

COMMIT TRANSACTION;
PRAGMA page_size=4096;
-- PRAGMA encoding='UTF-8';
-- PRAGMA auto_vacuum=FULL;
-- PRAGMA max_page_count=4294967294;

BEGIN TRANSACTION;

-- Table  dispenser_refills
DROP TABLE IF EXISTS dispenser_refills;
CREATE TABLE dispenser_refills(
                                        tx_index INTEGER,
                                        tx_hash TEXT,
                                        block_index INTEGER,
                                        source TEXT,
                                        destination TEXT,
                                        asset TEXT,
                                        dispense_quantity INTEGER,
                                        dispenser_tx_hash TEXT,
                                        PRIMARY KEY (tx_index, tx_hash, source, destination),
                                        FOREIGN KEY (tx_index, tx_hash, block_index)
                                            REFERENCES transactions(tx_index, tx_hash, block_index));
-- Triggers and indices on  dispenser_refills
CREATE TRIGGER block_update_dispenser_refills
                           BEFORE UPDATE ON dispenser_refills BEGIN
                               SELECT RAISE(FAIL, "UPDATES NOT ALLOWED");
                           END;
CREATE INDEX dispenser_refills_block_index_idx ON dispenser_refills (block_index)
        ;
CREATE INDEX dispenser_refills_tx_hash_idx ON dispenser_refills (tx_hash)
        ;

COMMIT TRANSACTION;
PRAGMA page_size=4096;
-- PRAGMA encoding='UTF-8';
-- PRAGMA auto_vacuum=FULL;
-- PRAGMA max_page_count=4294967294;

BEGIN TRANSACTION;

-- Table  fairminters
DROP TABLE IF EXISTS fairminters;
CREATE TABLE fairminters (
            tx_hash TEXT,
            tx_index INTEGER,
            block_index INTEGER,
            source TEXT,
            asset TEXT,
            asset_parent TEXT,
            asset_longname TEXT,
            description TEXT,
            price INTEGER,
            hard_cap INTEGER,
            burn_payment BOOL,
            max_mint_per_tx INTEGER,
            premint_quantity INTEGER,
            start_block INTEGER,
            end_block INTEGER,
            minted_asset_commission_int INTEGER,
            soft_cap INTEGER,
            soft_cap_deadline_block INTEGER,
            lock_description BOOL,
            lock_quantity BOOL,
            divisible BOOL,
            pre_minted BOOL DEFAULT 0,
            status TEXT
        );
-- Triggers and indices on  fairminters
CREATE TRIGGER block_update_fairminters
                           BEFORE UPDATE ON fairminters BEGIN
                               SELECT RAISE(FAIL, "UPDATES NOT ALLOWED");
                           END;
CREATE INDEX fairminters_asset_idx ON fairminters (asset)
        ;
CREATE INDEX fairminters_asset_longname_idx ON fairminters (asset_longname)
        ;
CREATE INDEX fairminters_asset_parent_idx ON fairminters (asset_parent)
        ;
CREATE INDEX fairminters_block_index_idx ON fairminters (block_index)
        ;
CREATE INDEX fairminters_source_idx ON fairminters (source)
        ;
CREATE INDEX fairminters_status_idx ON fairminters (status)
        ;
CREATE INDEX fairminters_tx_hash_idx ON fairminters (tx_hash)
        ;

COMMIT TRANSACTION;
PRAGMA page_size=4096;
-- PRAGMA encoding='UTF-8';
-- PRAGMA auto_vacuum=FULL;
-- PRAGMA max_page_count=4294967294;

BEGIN TRANSACTION;

-- Table  fairmints
DROP TABLE IF EXISTS fairmints;
CREATE TABLE fairmints (
            tx_hash TEXT PRIMARY KEY,
            tx_index INTEGER,
            block_index INTEGER,
            source TEXT,
            fairminter_tx_hash TEXT,
            asset TEXT,
            earn_quantity INTEGER,
            paid_quantity INTEGER,
            commission INTEGER,
            status TEXT
        );
-- Triggers and indices on  fairmints
CREATE TRIGGER block_update_fairmints
                           BEFORE UPDATE ON fairmints BEGIN
                               SELECT RAISE(FAIL, "UPDATES NOT ALLOWED");
                           END;
CREATE INDEX fairmints_asset_idx ON fairmints (asset)
        ;
CREATE INDEX fairmints_block_index_idx ON fairmints (block_index)
        ;
CREATE INDEX fairmints_fairminter_tx_hash_idx ON fairmints (fairminter_tx_hash)
        ;
CREATE INDEX fairmints_source_idx ON fairmints (source)
        ;
CREATE INDEX fairmints_status_idx ON fairmints (status)
        ;
CREATE INDEX fairmints_tx_hash_idx ON fairmints (tx_hash)
        ;

COMMIT TRANSACTION;
