PRAGMA page_size=4096;
-- PRAGMA encoding='UTF-8';
-- PRAGMA auto_vacuum=FULL;
-- PRAGMA max_page_count=4294967294;

BEGIN TRANSACTION;

-- Table  blocks
DROP TABLE IF EXISTS blocks;
CREATE TABLE blocks(
                      block_index INTEGER UNIQUE,
                      block_hash TEXT UNIQUE,
                      block_time INTEGER,
                      ledger_hash TEXT,
                      txlist_hash TEXT,
                      messages_hash TEXT,
                      previous_block_hash TEXT UNIQUE,
                      difficulty INTEGER,
                      transaction_count INTEGER,
                      PRIMARY KEY (block_index, block_hash));
INSERT INTO blocks VALUES(309999,'8b3bef249cb3b0fa23a4936c1249b6bd41daeadc848c8d2e409ea1cbc10adfe7',309999000,'63f0fef31d02da85fa779e9a0e1b585b1a6a4e59e14564249e288e074e91c223','63f0fef31d02da85fa779e9a0e1b585b1a6a4e59e14564249e288e074e91c223','63f0fef31d02da85fa779e9a0e1b585b1a6a4e59e14564249e288e074e91c223',NULL,NULL,0);
INSERT INTO blocks VALUES(310000,'505d8d82c4ced7daddef7ed0b05ba12ecc664176887b938ef56c6af276f3b30c',310000000,'cff3ba7c92f6b318eb4a4a5e2b90b655fc055d4e8a82101b813aef6e1c6152e4','9f6f20e36fd2b2b44df6e91fbfaeffc6d7fae9917b27d196245ee90c36d99ff1','e34cf3d8f2969e78eef50d68dedd6c97c987cffb56fac320ccf7b444e954c813',NULL,NULL,1);
INSERT INTO blocks VALUES(310001,'3c9f6a9c6cac46a9273bd3db39ad775acd5bc546378ec2fb0587e06e112cc78e',310001000,'2281de0177f4fcf8d730e2751d7b9fb5da4df741196bbcaff470c7860a2ca0b6','49836952844fe3f887e718d236efa6b1f4cc0b81cfc010f79a6349562ebfc162','f2f12869b75da9f58a31c1156ee42571b4c060589ff6bdef01ec3851fa4a9d58',NULL,NULL,1);
INSERT INTO blocks VALUES(310002,'fbb60f1144e1f7d4dc036a4a158a10ea6dea2ba6283a723342a49b8eb5cc9964',310002000,'802742a55d8ab83de24c45efb86d1daa0ad4e565cc4db6dcaa5cedb16ec4125f','017a0ddcf461ffcc3c89042ba6a6337efcc276c8f144daad445ba0e4a36bab33','4d33dbdcf0af53fb34c19807641fdf4151a190bb14fe21ad3dab4bc53989a28a',NULL,NULL,1);
INSERT INTO blocks VALUES(310003,'d50825dcb32bcf6f69994d616eba18de7718d3d859497e80751b2cb67e333e8a',310003000,'ed279c6a985256134cfb39f1283ec97c8dc800b7255a3e8243ca9846884d0378','8ec458bf08abe2f3634eafac5af321f02cf5d470c2a87301b8061efe3dcc644f','cb25217db7a4ae17a295f847aafda153adc24f67e8475354bec53aa1bbefdcef',NULL,NULL,1);
INSERT INTO blocks VALUES(310004,'60cdc0ac0e3121ceaa2c3885f21f5789f49992ffef6e6ff99f7da80e36744615',310004000,'bba1ec90ee149be7d8a88ff9df1fca931e076e885be21bc822637829a8675e02','e2e334cb3c300e622a50d2c206fe532a3320f56c445dc1a9dec750417260fe9a','deac111f81e769502b94500b9ef8626fd2c6203198f7fd51d82267a01184e7a0',NULL,NULL,1);
INSERT INTO blocks VALUES(310005,'8005c2926b7ecc50376642bc661a49108b6dc62636463a5c492b123e2184cd9a',310005000,'5f8a9d465e686b3e9471041bd15d645b7fc8afee36ee890873aa6c3c51d87bb5','260ad7ae2e2b555f7adf9155fcb761e7ed7a2d22f128457db0f1ff363b498d64','a505a66c740529cdd8a5b685ceb24cc403626ffb4f6e6e2ae126ee92ae1010b4',NULL,NULL,1);
INSERT INTO blocks VALUES(310006,'bdad69d1669eace68b9f246de113161099d4f83322e2acf402c42defef3af2bb',310006000,'153795f1c7ae2dbec7fc19bb25d03dd518f0664bca82b9bb92bb7c4f1e22f040','c047baa686f8bf24c406cf03687c0b4fe6b95e4afe0b396e0f507a694fb10245','74f1ec6a8af3bd659896a94080f4a95ba73e835962aefeefc169819c54c9f5d8',NULL,NULL,1);
INSERT INTO blocks VALUES(310007,'10a642b96d60091d08234d17dfdecf3025eca41e4fc8e3bbe71a91c5a457cb4b',310007000,'c5d21baa8c6949a8e9f0d73a37436d431bf4876ab3b60b82553877ec53fc4454','d9532f5bdd583968d88ed24feb95b50c5e319d36171dd7bc6067ddf3d13c623c','795e66c4657593332a2de8d7dc8d6d780ea60ce935a73972fd9be099cad85a07',NULL,NULL,1);
INSERT INTO blocks VALUES(310008,'47d0e3acbdc6916aeae95e987f9cfa16209b3df1e67bb38143b3422b32322c33',310008000,'579de8204446e9128076fd27a644a82da77ca5ff2793ff56815c24a11218af5e','5b37c224e5684c0b3a913793e7e97c4f88b26b6c6d7683de8e06bb9485fba409','6e9fcce8f6a3cb387e8ed0f75d4c34fdd2bd04cbacbf29e5037e86c1a02c5df2',NULL,NULL,1);
INSERT INTO blocks VALUES(310009,'4d474992b141620bf3753863db7ee5e8af26cadfbba27725911f44fa657bc1c0',310009000,'c03a6e31f50f172c86029ce6a810ec730e1179ad3e76ba5d4290595ec414bb87','f81c6592f74098821e15c146c2a7e4a5be2cc743431d37a5fb6d4143b89907d5','93015fad6abcaeec7e64b9ac939f3d686c365f2aa21ef25fe835aab70165c9f8',NULL,NULL,1);
INSERT INTO blocks VALUES(310010,'a58162dff81a32e6a29b075be759dbb9fa9b8b65303e69c78fb4d7b0acc37042',310010000,'804651f6571bb24ef7534c97116ae35fb0b6b31aa6a4574a419aae7fc2900b1c','3698516a21c2c590522e6419eae91ed8b469d922863141def1f3e295c4954dfd','1c71e31d13a1db84d1d3210591a1282cfdc810d32b87c2bbefcc8154de7546a2',NULL,NULL,1);
INSERT INTO blocks VALUES(310011,'8042cc2ef293fd73d050f283fbd075c79dd4c49fdcca054dc0714fc3a50dc1bb',310011000,'a9a18fcba1a83d637dcfd633f32848d55c86c5b499e0c15af6a626653b7424b8','deaaba2ecb1772901052ae6490a1015e75146af3b2707b1c148562deff91af49','ef70b586c4bc6a9e3136b64db7b36a32bb394189a064a694eaf7108c79fab899',NULL,NULL,1);
INSERT INTO blocks VALUES(310012,'cdba329019d93a67b31b79d05f76ce1b7791d430ea0d6c1c2168fe78d2f67677',310012000,'27298dbdb9026b5d54228b686b7a76f9d42479da79b38b9ef7cd13e4fee27159','e409e7c7435482a64f10aaaaa6e62d69a4f0ae3083922c91907d6f15393dbb22','99d83b7a7cb9db6487d3a10b0a3ee91690948667d7696042234cc8158ce30663',NULL,NULL,1);
INSERT INTO blocks VALUES(310013,'0425e5e832e4286757dc0228cd505b8d572081007218abd3a0983a3bcd502a61',310013000,'f5fbbb8870bb8253cfba52c58765b8c2493ceee6a2db5779a4212ed456bf892e','78b492a743e24d50541f29a1a8e476434e81961bd457552c55fcbbac68d68fca','c75ef478918bdcd77cd2229bf91ef2d7312fc67496b84e528673b94ef1efb0be',NULL,NULL,1);
INSERT INTO blocks VALUES(310014,'85b28d413ebda2968ed82ae53643677338650151b997ed1e4656158005b9f65f',310014000,'f1e77a7a4d28d64a0cfd878112074b6205ef09055b93b8923b0c6466a07ea500','475ee3563b60fa5bbf8f8db5eabf9bdfea4a2f1b5fc82aedc37fa7c581c5f065','0c5504f7347d832a83338fd2c82d0879e01e3cffcc12d577a2c5f1bce3eae18d',NULL,NULL,1);
INSERT INTO blocks VALUES(310015,'4cf77d688f18f0c68c077db882f62e49f31859dfa6144372457cd73b29223922',310015000,'014bcc839c0ea0d2fecd9aab3074528ffee3b2dce7f805e4d459e2dfb3d98a51','5d40b180a3f3b38eedd15c7f40e8585aaa5e2fdde3967dff443a74703fa45fd4','eab4a29dc8927c9a399e40c8dad77dc6345cf53a2f9223ae08cb2254b73fbe9b',NULL,NULL,1);
INSERT INTO blocks VALUES(310016,'99dc7d2627efb4e5e618a53b9898b4ca39c70e98fe9bf39f68a6c980f5b64ef9',310016000,'9f72d6a84ee58e1e851a90a62b525dc257c3b1b0c7e9964f93a7e5df6a2e4007','e990e43e7272c9d971fcc782768bea70c71d45fa7d712a7195bcc4151617a57f','1175f933af404b894d599928a88a44801ffb7c991de94956c7d05717e8353f36',NULL,NULL,1);
INSERT INTO blocks VALUES(310017,'8a4fedfbf734b91a5c5761a7bcb3908ea57169777a7018148c51ff611970e4a3',310017000,'5d1e195a7d313d703253640cd98be600b04a7d98aae69b5327a29e740573198d','443444009d5700747b2d345cc10a70bf5a48214bc279d811a311ef76e52abf04','914fb3d5fab479382e6c224e26ebcd36e867ed3c667e26bad314b9eadbbe18d6',NULL,NULL,1);
INSERT INTO blocks VALUES(310018,'35c06f9e3de39e4e56ceb1d1a22008f52361c50dd0d251c0acbe2e3c2dba8ed3',310018000,'f38538a4a2cba9bcf8821b56e1dc877990e027135d3f220338cd8cb11f3eb205','abe72d22a1fb28e1ce34bfe3f1fd012d5a41fe219a0c4ee96f3b4b0e49aea889','b9d6d30aaeee490537a249a73c0b95d56cdb47780d64756f878561838b785230',NULL,NULL,1);
INSERT INTO blocks VALUES(310019,'114affa0c4f34b1ebf8e2778c9477641f60b5b9e8a69052158041d4c41893294',310019000,'3a51f1f061d953c940ac7e53f8bb37df041f2d4f42a16f5c5d23707b8b0c0dc6','8bea2f5ef9805bffa4b23881f7635ec213525f8dfe98aa45e716e43a73ffe114','aa4fc446acca13213b02b43cbfac832be287d77d408ab0e5f569b202cecee307',NULL,NULL,1);
INSERT INTO blocks VALUES(310020,'d93c79920e4a42164af74ecb5c6b903ff6055cdc007376c74dfa692c8d85ebc9',310020000,'cce3284c53fcf79ba268d925e32ab70e3d4df1e6f13dbcbe2920e93fc689128b','d0e8a123b3125a8e057d8504b7a96e77188895c86907c273922b80e7e9ca42d2','3da0f56d98f2d15804c762b1b7f178198303f193b2cd2e00384d4b44f1e5ffd8',NULL,NULL,1);
INSERT INTO blocks VALUES(310021,'7c2460bb32c5749c856486393239bf7a0ac789587ac71f32e7237910da8097f2',310021000,'6ad5172a6dcaa6706d5a4f6fd8ada183e103b9faab58e42c1365613a26477490','1c207ab28dd2c5d297f47d5ac366699523cd97ccfc8a3e348dbf6fe900c32b5d','623ead14481f2c23d69aed1859f23de624c9b8076ec139480aaee298c5134648',NULL,NULL,1);
INSERT INTO blocks VALUES(310022,'44435f9a99a0aa12a9bfabdc4cb8119f6ea6a6e1350d2d65445fb66a456db5fc',310022000,'c9361fea7f3dd2415969eb6ad7fe893381c9ca65ea391f2e47a966e342db3a90','c0867554bd3d50cd8ca4bb6e2d055250fa0c3c46f47b5f03ce5022b7090e07d4','9e700f536526f3d8b732a6584ce850fa8450bd6c6709faad69f34acc77ad3776',NULL,NULL,1);
INSERT INTO blocks VALUES(310023,'d8cf5bec1bbcab8ca4f495352afde3b6572b7e1d61b3976872ebb8e9d30ccb08',310023000,'f63680db66cf963aaaebf64130629790e7492b5ea9396434c2179a5eb8774412','6a3cc06342da18a8eae7180bd93af2cc3a6f7c51916a19265365814f52a58119','9155dc75056569d35fead5ca2325335d529dd3352a64706fa129aecd33c58dce',NULL,NULL,1);
INSERT INTO blocks VALUES(310024,'b03042b4e18a222b4c8d1e9e1970d93e6e2a2d41686d227ff8ecf0a839223dc5',310024000,'d69ea243fcd5e525ae03af680d5610b654a9d2bad17782e196305aaa110a6ba9','7e4a0076ce614d5b7bcb0a59c84e79d21702a3507ba88bc0d8ce9e644d7fe692','78864ce118a6b397e3e201f6a8bff45ac11133df639014347b69454996e5604a',NULL,NULL,0);
INSERT INTO blocks VALUES(310025,'a872e560766832cc3b4f7f222228cb6db882ce3c54f6459f62c71d5cd6e90666',310025000,'721906ed4cbd1524fafdc8e3ffef27d8b03e0c798bbcbe3eee7bc7f14afe4e81','c1596eb8c172f2968ddd2ef70c1a8f125ab989c1a7bb012ab56f6c75cd96bb41','6affc572ab0583b1653f09c452ac6aadd1be130bf5c07f06cdbbafd9702a3627',NULL,NULL,0);
INSERT INTO blocks VALUES(310026,'6c96350f6f2f05810f19a689de235eff975338587194a36a70dfd0fcd490941a',310026000,'27912da2afa797876030dd0e50c31aea462d54c7bfa4f89d2f14fdb7b80db6b0','2d653751a75829265f2cfe2dd7bcc3a594be62492893d36642e3c8815d339fbd','c51e667f584517b4c96b7a3f784a1d508f588d0f203f20914ffda390a9955710',NULL,NULL,0);
INSERT INTO blocks VALUES(310027,'d7acfac66df393c4482a14c189742c0571b89442eb7f817b34415a560445699e',310027000,'cc0734ecfd2bdbd2d04d236b853f60e324feaa9115fae33a8add961c4a5f9436','3d5c1eb8dafccfee04f7d91b2819d9f51a9fe8df4050c025c19c29ceb18b3575','827a7b7bfb702c7723f626adba352f625d232cbfb69069694c935c1c9c213427',NULL,NULL,0);
INSERT INTO blocks VALUES(310028,'02409fcf8fa06dafcb7f11e38593181d9c42cc9d5e2ddc304d098f990bd9530b',310028000,'d3f5fbbe85d5a81fef8735c73349f61a43122f4b6f3f7aa61215323a683ce3aa','e6600d6d90725ce81afdd7b00220f8df650f85dc3a308d2486fab88edaaa8981','e28265acf72abd9e2e1640e135cbca8d4bd04aec2de959f7dfd7177d2dbe5df0',NULL,NULL,0);
INSERT INTO blocks VALUES(310029,'3c739fa8b40c118d5547ea356ee8d10ee2898871907643ec02e5db9d00f03cc6',310029000,'74d08f0d1cad9f7102d0cfe70f50614c7ae7f4844ca6d02390031e1e96c2b418','341aa44dcd4967cc3356ca23c97111b1cf3ee128c944493a0ebc6458c4f119be','fbd9b3a5e935168cd77253901e2e487144e18db8a9edb9c079653b61e141f584',NULL,NULL,0);
INSERT INTO blocks VALUES(310030,'d5071cddedf89765ee0fd58f209c1c7d669ba8ea66200a57587da8b189b9e4f5',310030000,'753a1a8bb877851ae24dbc33884344f34ee18c6b0d70a4d909231448b943e8cd','b9385290e5bd72f2a1a5d2cc889108a6da0aa888fdcf76170b166888c6301407','636beda8065dced60a15b93f698312b1205303e89e440054f47f30d3806cae64',NULL,NULL,0);
INSERT INTO blocks VALUES(310031,'0b02b10f41380fff27c543ea8891ecb845bf7a003ac5c87e15932aff3bfcf689',310031000,'f7c62d08a4efc854dea6f47249786d3d00778d97223dd84de1d0fd1eef3e2ee7','6c27a0cb80d8602b9ccd126f53bb69727d358353b4c1299434c3472b0469d85f','0b089ba8e2c07f64e5275a19c72e23717c2f6615e41787e9fe484a3ad95ecd1f',NULL,NULL,0);
INSERT INTO blocks VALUES(310032,'66346be81e6ba04544f2ae643b76c2b7b1383f038fc2636e02e49dc7ec144074',310032000,'833690f195e85b427b61890640fe8f0cc7419e0f4301b6f4738bab12be06dbb8','cb3ca17e5c792309fead54d49039ee0e00e7b17291868a3a2e86e09bb3dae80e','0613fdf8179c40a496e175e4650066c352531c47db27800599c58aa367de8deb',NULL,NULL,0);
INSERT INTO blocks VALUES(310033,'999c65df9661f73e8c01f1da1afda09ac16788b72834f0ff5ea3d1464afb4707',310033000,'a1e118474a6f70b8f700a67b43ee0272c4609d3309603b5be6434ca587eaa704','2f097bb1b1dff2b4266dcb3b46d29255401e23a2fcfb75f28e9f7184733e14bc','2f23e44306cdf377f80b08b032eae1a1b4784abed44d12a2ac67a7a585565bb9',NULL,NULL,0);
INSERT INTO blocks VALUES(310034,'f552edd2e0a648230f3668e72ddf0ddfb1e8ac0f4c190f91b89c1a8c2e357208',310034000,'3b6427f61fb59ffd674ed8e0af75687fc4ccf8b462011727d4dc4bdf4c794775','be05766d9a1c70d8907d523979a313ccec8cf2900335fd91800b4b90da3bee12','dec5e3a86f2072ce434785271240c70984fcaba5b19f7bc33755d1700f81fafe',NULL,NULL,0);
INSERT INTO blocks VALUES(310035,'a13cbb016f3044207a46967a4ba1c87dab411f78c55c1179f2336653c2726ae2',310035000,'d065384f739c52a718f656717f88eb2fecc10d8567a93ccf823434c003d28c55','41cb2236ce676fd45ae98593c9cac6291fa95479ec07a5af615ccb5fbbeab760','05d70ee9655f79e42a6afe31be67c186c88cacb58a11c0ff890b1456bef081e3',NULL,NULL,0);
INSERT INTO blocks VALUES(310036,'158648a98f1e1bd1875584ce8449eb15a4e91a99a923bbb24c4210135cef0c76',310036000,'22cddc8dbfcbaf4b851fa5379c740a96294acc3d772dcf6d684881bef18d7fbf','0beb88a3d4adbf913601c2d5144599cecfd48886ca51f995aecfeb50c56aab1c','f18df71f40fed5ae0d51f0c9e86730bec7481f5f1d42edab3b43ac8432ff21bd',NULL,NULL,0);
INSERT INTO blocks VALUES(310037,'563acfd6d991ce256d5655de2e9429975c8dceeb221e76d5ec6e9e24a2c27c07',310037000,'93172c51a9c4cb5c33937a199a32ad3c13a40a60f4c194a1187e2c59a15c0ccc','ea276540d3637a9165f482c48e414467e3a78c2c25c6a70bbed0c38f7205920e','78e67095cf665c1de0b2af21f2165790b1417274feecd81456347f6cfb6c9ab6',NULL,NULL,0);
INSERT INTO blocks VALUES(310038,'b44b4cad12431c32df27940e18d51f63897c7472b70950d18454edfd640490b2',310038000,'7a167a13f7e576c7e066035dbe2a2513659f1386c095a9e63afa494c043b7def','15ef5d6175a7ce1937554ed6c2b10be6555aa14f7179245b7b140d1a620095fc','c039524f327b7a85c87da066d6c888e7db7320268025a7c4848205af1420740f',NULL,NULL,0);
INSERT INTO blocks VALUES(310039,'5fa1ae9c5e8a599247458987b006ad3a57f686df1f7cc240bf119e911b56c347',310039000,'4733d9ada3d4f60bc09f0a6eba3fdcdcd8e8b18adfd38c7bf06372259e2d38f3','4ac5fe346b8577626d58c9442c95fccd4955506ac712ee3f27b5df6b7ec1d0df','a92cd8e4412d0da2a8c8f8004614b64b31a9393e1069d2a2bdab3838e176e76c',NULL,NULL,0);
INSERT INTO blocks VALUES(310040,'7200ded406675453eadddfbb2d14c2a4526c7dc2b5de14bd48b29243df5e1aa3',310040000,'b8021bbe3744e58cedfc3dd99220fce48f4e56a8fe8256d7894dd55c7312a76d','acbb3114dc5c7599eabdaec4833952c3b6de20dde616233f3945151977d5be16','f90e6dfbc029264f89c00090f608e58489bb9e6823efb114b2872114a62af866',NULL,NULL,0);
INSERT INTO blocks VALUES(310041,'5db592ff9ba5fac1e030cf22d6c13b70d330ba397f415340086ee7357143b359',310041000,'017b79a5fb34785dd39964a61a5bde69d676f75ee085c27bbc9e3381983c2dab','6cbdfb2d6b3677c91097b1e80a32dafb0172725fabff370adcf444321ee48509','6ef27739cbb44fbec1f834c103cf6a7fdcf7a810a99d231ce6f7e2d1a308255f',NULL,NULL,0);
INSERT INTO blocks VALUES(310042,'826fd4701ef2824e9559b069517cd3cb990aff6a4690830f78fc845ab77fa3e4',310042000,'cf5389c037b6c619025bf95d9718fb5548cd67978c3ebf26f76029873828162e','a091876d90aaf1dd5b0d53403a3a9b5788710bf3d0c1996184a91961a1f24aa0','714689f948fd44867292f758edc7deb1d760d0436623b44a621f75bf4bca39d4',NULL,NULL,0);
INSERT INTO blocks VALUES(310043,'2254a12ada208f1dd57bc17547ecaf3c44720323c47bc7d4b1262477cb7f3c51',310043000,'df116ea1fcf5f968644dcc97c1149f0ef6061b188fd56c27152543256ce79009','eafb7d2cbbb2d1afe4a3eb65ca6bc7be653d7d824238264082d2c5e382757e54','603e460fd6b1161f30ba21885046af008af9b605159052f0e98e8825519ba2e7',NULL,NULL,0);
INSERT INTO blocks VALUES(310044,'3346d24118d8af0b3c6bcc42f8b85792e7a2e7036ebf6e4c25f4f6723c78e46b',310044000,'c12cfaa984bfb34e781ac93848a87cdc0318c45a1cd9f02d31f5c3a4abe8d918','61cb811c578f90cd6cc9f6963ff80c280f6ad0edb53fe53dd3075a8818404fe8','57fd0e4696e43a7d7bb8fa26f243319f1e82833ff1e1e3ef61761f4a1d6c1864',NULL,NULL,0);
INSERT INTO blocks VALUES(310045,'7bba0ab243839e91ad1a45a762bf074011f8a9883074d68203c6d1b46fffde98',310045000,'999a9ed2673de2db7637e22eb8a1876e0c794e90f09cdd76d1442e56ae12b1c8','ce9e3f0524576a630ed0154cf69c7798065a001e6752c4f369c30b06aebbe378','df129d2913a58f5186cd0b2b5b7f5d7769698ce730314dd80db18f10976381db',NULL,NULL,0);
INSERT INTO blocks VALUES(310046,'47db6788c38f2d6d712764979e41346b55e78cbb4969e0ef5c4336faf18993a6',310046000,'240c9a2f6dc918ed868abfb5de6838d7a17f02263fdda0ccd3c7481c09e155d1','4f83f9bc531841759d1071a92ccda5d898af693fc88db0de16b2d2ca09630d59','4e07f32943f702131817b662d2c3ffe3cd796368ef4f73e48439c9eb02939a4e',NULL,NULL,0);
INSERT INTO blocks VALUES(310047,'a9ccabcc2a098a7d25e4ab8bda7c4e66807eefa42e29890dcd88149a10de7075',310047000,'79836105e355e25afd709d15632e2c0d1ab53ab251cd3750ffee9fea4a2605b8','b17c5d4fc0eef05c315095d265b324a0ea7dee28145d7b4e251a944b4b6a16fb','05fb8afd82b430088303ec8ad4e865c81b504b1443e524b67af7e09a83f9c086',NULL,NULL,0);
INSERT INTO blocks VALUES(310048,'610bf3935a85b05a98556c55493c6de45bed4d7b3b6c8553a984718765796309',310048000,'6bf0789392e97311c4283d9f748b37effe7b0d1678076e30ce5725eff345a8c5','f9f7ec8bdc9301d4ea41a099d04f84631badad709fdbdf43582327f183102590','96ae5e483fa7eb49f9d1750aa0c19a550e24f9c157be12641d6ce9ffe7fc98a3',NULL,NULL,0);
INSERT INTO blocks VALUES(310049,'4ad2761923ad49ad2b283b640f1832522a2a5d6964486b21591b71df6b33be3c',310049000,'1842c46a03800f5e191cb8d641aead6bc80e6d25c2ec826f3a5df426059cc1cb','458e51569acd6ef757e0b36ab3f558e76f239ea3bfbf1b0ce7824f39ec5ac23b','d08178883b6f4531d41d2e3b87bf8fc6ec60b894b457220f02c178e2f0e9ad53',NULL,NULL,0);
INSERT INTO blocks VALUES(310050,'8cfeb60a14a4cec6e9be13d699694d49007d82a31065a17890383e262071e348',310050000,'d424b02109320491b2d32388869d6468ab1fca26d4bf72374cfef729efad866d','53e0972193c4f689d3a7216f22607a9b0cb7b8a9f43f144469bfbf25f59edb09','9c8ff110093c5f2dac33bfc29bff548774965b5c2ac9dd3db577d54d9ac8b877',NULL,NULL,0);
INSERT INTO blocks VALUES(310051,'b53c90385dd808306601350920c6af4beb717518493fd23b5c730eea078f33e6',310051000,'d1db4181403136b41168ab7786831f2fadfc418a05b7477246ab097bab531859','89bbd06ca16ed2098ac6b7accd2296b4e0a2d8236dbf1cc14137e90ebad364e3','6f8f9e6db4aec069909f11ab4e236402bf83c5fcacd2d904e7efc22a67dea365',NULL,NULL,0);
INSERT INTO blocks VALUES(310052,'0acdacf4e4b6fca756479cb055191b367b1fa433aa558956f5f08fa5b7b394e2',310052000,'97fdb6b2c8e636d23109a67af55ab4bb30955a84073274de3fdc788074dc1b6b','8b8739b799483eb556e0e32f92cc092c349bb2bcb87044e88e762d55d6f1b033','1d3bf43cf1894650df05b52dbfefcee4890ec800b128c70a86e8ffdc142231f1',NULL,NULL,0);
INSERT INTO blocks VALUES(310053,'68348f01b6dc49b2cb30fe92ac43e527aa90d859093d3bf7cd695c64d2ef744f',310053000,'0506be4f04a22058504406210af3f1475dbf6d6834c1c1b7f6ac0fe013b47363','05673a7bf2fc7e9a5daf3732cb03bcf43712df43ef7ecf1bfe89d18f54726b6b','bfd798abe2d6a96c3a49465159876cc1f1f24ac4726ee865e925b1d8a3c717fc',NULL,NULL,0);
INSERT INTO blocks VALUES(310054,'a8b5f253df293037e49b998675620d5477445c51d5ec66596e023282bb9cd305',310054000,'3dc7894c1368c9ef5d32a95fdc292e7de8237b73b61365a25b9d0da95eedc2e6','4651aab35442e5ec1d79ba6422ca0c2b0df02369ee49b33efe1ef54e2ebc7080','1c61644d099e237a4f81be83ffa963fe9d6035f475fdc848c98564e2f54851b5',NULL,NULL,0);
INSERT INTO blocks VALUES(310055,'4b069152e2dc82e96ed8a3c3547c162e8c3aceeb2a4ac07972f8321a535b9356',310055000,'a9ef2c8bf3a88c326d2bdd722c3d82ed4f4c10b65620b136d4b893ed93174795','d826fea28c0f5e82a6fbefae4d6885a0a49a3180d3c16d6eeb4faff9f57d4d89','a060cf630cb9ea9d3323991699ef1d3729615d3c5c96d88cd762dee0fd536702',NULL,NULL,0);
INSERT INTO blocks VALUES(310056,'7603eaed418971b745256742f9d2ba70b2c2b2f69f61de6cc70e61ce0336f9d3',310056000,'13b76edecb04a9733107d5c21420ee20424fd463dcde2ea98424ad99ed3383f0','fe620dd60bf5b6f3c610495735deca47cdbfcbb510975ebba2f68c7df6d32a15','6a9de88b55f133208cb74555bc17202b2e369ae05317ac44b9609c6be277b894',NULL,NULL,0);
INSERT INTO blocks VALUES(310057,'4a5fdc84f2d66ecb6ee3e3646aad20751ce8694e64e348d3c8aab09d33a3e411',310057000,'41c8a47d7bc4e73aa2f09685acb9fac052c5c55764ec3a8250abbbcde40dbe90','553ea196d7a1045f71dc6261cbfe4b84c78b7dc37de89b8865f4d385cbb42863','0ebef95e7af00e825fed2b9ec7bfac3b75e2a4d6d4e8d2fcd1be32466e400314',NULL,NULL,0);
INSERT INTO blocks VALUES(310058,'a6eef3089896f0cae0bfe9423392e45c48f4efe4310b14d8cfbdb1fea613635f',310058000,'0b8ec211d258206ab8c318c079d9deb33d444a7086d5a05aaba97abc0be137df','c3fd7824c9b8413f24feb96ca676285447a980d684f730d10b81c06a440fab7a','81b77dc97c9febc824bc9d8ab08c75d04ced65707c217066634dba9d655a79c2',NULL,NULL,0);
INSERT INTO blocks VALUES(310059,'ab505de874c43f97c90be1c26a769e6c5cb140405c993b4a6cc7afc795f156a9',310059000,'f5c2686408577854893d11b02f52d8ea917e90777dddf67c98aabb36a3339b6f','3f73e1d36c82dfc8ee58f83502643d962ba6558cbf0fb46d83fea966b5cdfc59','1517b49569ad5aaf4b3ada4f6b5d7c2f40be41ea51d477d6f705363ec22cc8b1',NULL,NULL,0);
INSERT INTO blocks VALUES(310060,'974ad5fbef621e0a38eab811608dc9afaf10c8ecc85fed913075ba1a145e889b',310060000,'b80d446905550494f56f4f8240b501d593b0d0e63b5d98a09e180b1a0a68e3b1','f1995db5beea80756d509ddf79d3467bb14ae96b0d151175499030505d1f648e','fbacb5df11579446cfe22910ca43521a0ba4f20c0ef4f50529c54718ec117c7e',NULL,NULL,0);
INSERT INTO blocks VALUES(310061,'35d267d21ad386e7b7632292af1c422b0310dde7ca49a82f9577525a29c138cf',310061000,'41b30d23becc727151698b29a1bb733e45ae5086683c5256d073a6f817baaf49','de6a4e6bbd49de2001ce26387040970beeb7062b4e16911757204d2745f6c409','dd05dc53bf40ea738bc520430a6deb25cbb7d5771d077d8e3a09cbea4446800f',NULL,NULL,0);
INSERT INTO blocks VALUES(310062,'b31a0054145319ef9de8c1cb19df5bcf4dc8a1ece20053aa494e5d3a00a2852f',310062000,'f873f47e89715e965c98e92616339f8ff4200f6b8ef5cf747e8de2d101cbde02','f2954d07588b07ffc063170f43afbb12548fe61584575a979526d28dd631edaa','0cacb3f54ca81f783e0ab0859b202c4addb10544083e7709a7cb3454ed8e8efc',NULL,NULL,0);
INSERT INTO blocks VALUES(310063,'0cbcbcd5b7f2dc288e3a34eab3d4212463a5a56e886804fb4f9f1cf929eadebe',310063000,'14ce21ebfe6a00eccd7bf1aac2d5cf122441d2ebe8c0f5fd6dd14a95b5a209b3','96b5675e5c3a3b66d7e2bd3424316119cf795c17bbbf2c8677b66872e4659574','5e6809578b7600188094c773afb02a8079d09f7be6dee3b8214839142ee65afe',NULL,NULL,0);
INSERT INTO blocks VALUES(310064,'e2db8065a195e85cde9ddb868a17d39893a60fb2b1255aa5f0c88729de7cbf30',310064000,'adb05bac5e7f1e6a1679d5c51f252dc877ebd99c2b73a56df69a9c848cef98a7','243e437b3c00d8106e8c9c2cb08d22376e8a16bd3b62a8b62b86128ddd6d139e','cd6aee357ca42dba8ff4250ed8bd069e4d0855cc6ea9abeba4fb07e46917ca8e',NULL,NULL,0);
INSERT INTO blocks VALUES(310065,'8a7bc7a77c831ac4fd11b8a9d22d1b6a0661b07cef05c2e600c7fb683b861d2a',310065000,'9065476b6b2cfb122888e036cea71d36f3d5f7d6c72451c63d770b40a4560fac','4af47a042289756821ffb0b14aba38fcc8c972fd254220d3991b05642df641e6','8c59a14fd3231936199eba5628f8b3ef6ff898ec1dae67431ee574fff8ab6db7',NULL,NULL,0);
INSERT INTO blocks VALUES(310066,'b6959be51eb084747d301f7ccaf9e75f2292c9404633b1532e3692659939430d',310066000,'7d5d369827ec0cd44743ed9a519d45003789ff8dc2e511191d2726e1482f58d2','4d61dab0197a7a3f452f3751a92cb1f5378106a13be0351f0f8942d011da097d','5b94fbbbd4a8629cf7a25bbf42ab82b7860eecdb05cc8c7d3b6c3c09ec8b51fb',NULL,NULL,0);
INSERT INTO blocks VALUES(310067,'8b08eae98d7193c9c01863fac6effb9162bda010daeacf9e0347112f233b8577',310067000,'301b22a9338d5dd39bbebf6bf518ac53bbb8e1cf7469322484cbcee2fee666ef','ae0cf0361293deb7b8903f20aca2410197db694ea3aff0aec3b635690168f5a5','4f3d0952941025cf22e983d89437b3c1edcb7da0bd3c919740235b095454178f',NULL,NULL,0);
INSERT INTO blocks VALUES(310068,'9280e7297ef6313341bc81787a36acfc9af58f83a415afff5e3154f126cf52b5',310068000,'fc281736e1dfe5a89a9a3dd098565c645904a4ad1626dd70ac8e9bc447dfb8b8','460295c507a33a24231d1f4c760e5987b54f29d1e17bc97959db2a712f0339bf','8c23ac2fd5238c72ee1ff3cc59553beafa800332aa3c2f839850f2f19d1fb742',NULL,NULL,0);
INSERT INTO blocks VALUES(310069,'486351f0655bf594ffaab1980cff17353b640b63e9c27239109addece189a6f7',310069000,'b0249a0dfd008a4554adc24085d3c5f44278403cbccb44ba27ee354b23c5627b','d07500b12517493106b918ff5b6c96c371bc10bb3699eb279647539ea7ab1fd5','a469ec5f0bac890b8983e2c577e6f70aebea60fbf60110b3b9a0499ba143a31c',NULL,NULL,0);
INSERT INTO blocks VALUES(310070,'8739e99f4dee8bebf1332f37f49a125348b40b93b74fe35579dd52bfba4fa7e5',310070000,'d34051879c8db679ac5c49e50edf2085d0ce88dfc1adb971e7b097c0177854c2','874e494499820bcc0ba41ac5cd1bd153ac1772f730c9b842b77b289adbb2c2f5','f64c00b3803d4ed0897b2019ffc9a6ae6d6ff5ca900f901ff97bef9d32936c70',NULL,NULL,0);
INSERT INTO blocks VALUES(310071,'7a099aa1bba0ead577f1e44f35263a1f115ed6a868c98d4dd71609072ae7f80b',310071000,'0186c5312af19576cc628a85014ce7c33892dc23b5352c8ff5a0f230adfe263b','01342c18caeaea6b35f2d815b9aeffbd92228f6ad285103faa13cb25171fdfc6','62bb2badcd7c376dd59f2bb55f1e5c439b32971cd54bb6116678251fe17a94c8',NULL,NULL,0);
INSERT INTO blocks VALUES(310072,'7b17ecedc07552551b8129e068ae67cb176ca766ea3f6df74b597a94e3a7fc8a',310072000,'5376530512d61c3967f21cf01418d317ed072976119b8583fefaf3991b93d8b2','72a7d63ad0b15a401210b197da00ca549b6e8c80d8eda1650cf9017bcbc92532','97df614eaef187b9cac1010ae8b47cf9e9a9b3071d2b5eb4ac07d4d5a2303255',NULL,NULL,0);
INSERT INTO blocks VALUES(310073,'ee0fe3cc9b3a48a2746b6090b63b442b97ea6055d48edcf4b2288396764c6943',310073000,'d15fe704fe5de58e9203ff5ded50218a1a01609b65a1a259aec510b8b9e6d690','924753a39229b5005b684c4b2dd111b6233347b89179f2fd2732d256b960ace0','fc69b2a194e31e2c1bebc2f45c01768c1cb8020230be272b657450a4d0c3d185',NULL,NULL,0);
INSERT INTO blocks VALUES(310074,'ceab38dfde01f711a187601731ad575d67cfe0b7dbc61dcd4f15baaef72089fb',310074000,'61015667044d0dddac3bdb16db67faa6ebcb71758101bfad898fca8ed183e7c3','298ed692f21afcee61b06fd853cf07e5707dbd63a05f0caff6b6a177edc3b613','be820504eced707b7dc61f3725fd36d05b6264e89b1d465e8eec9e168fa81146',NULL,NULL,0);
INSERT INTO blocks VALUES(310075,'ef547198c6e36d829f117cfd7077ccde45158e3c545152225fa24dba7a26847b',310075000,'5dd06f32075c46b6e573d73f12c1c31cf82cac5d1588bbdf302b8fe95c4b948b','528e4b6aee88202f84f9f2b56611d0aba2336d925b8d8fe47039504e6eea1ebc','810e52710c97026f8cb61ee50f1368103e4df21636b9aa432397bdcc00b4bfa9',NULL,NULL,0);
INSERT INTO blocks VALUES(310076,'3b0499c2e8e8f0252c7288d4ecf66efc426ca37aad3524424d14c8bc6f8b0d92',310076000,'8e1782c2f35a07fcc4c57b34b2226b70cc4c7af2761386f38fc8fd74d53d5e60','76682f0ffbc6b86d16fbcec967a7562f6f12558c12aa3d9abd8779f51cc870ab','ae25ca0277fc33f75f17767762036f55b49f6722743c7e4ecbfe72e09bc702e5',NULL,NULL,0);
INSERT INTO blocks VALUES(310077,'d2adeefa9024ab3ff2822bc36acf19b6c647cea118cf15b86c6bc00c3322e7dd',310077000,'6469ff80c3890d274817d30602f33d5d4b0a7c0a9e3b85100d21d7b38d894efb','187e9ae8428d46b7f8c8d652ab31dcf7c86a574cc781714a71784857dc0d1365','52e35a802a0df97ab70b4e1f2777aeadf40db5e127637964dc433641d0deb52d',NULL,NULL,0);
INSERT INTO blocks VALUES(310078,'f6c17115ef0efe489c562bcda4615892b4d4b39db0c9791fe193d4922bd82cd6',310078000,'3ca73c2bf37c694281938a0599335633dccf0284a027f5f3b8e17a9e68cbcdf0','f7830250755fc0566ee5162a06e7308b51c9c0a7a951752be6cff224806a90fa','b84542bf35868e749c26374c6d49188f71646950df4c5e148b2794b7e12fc43b',NULL,NULL,0);
INSERT INTO blocks VALUES(310079,'f2fbd2074d804e631db44cb0fb2e1db3fdc367e439c21ffc40d73104c4d7069c',310079000,'ae4a36e1ce7d5e11f059301684573cddce85b70ba69188a116e0611ceba5c140','8d3b4ed30546c5f19f5522a0f57a86c29159ce27bf9e1e183a5ecffd9fbae8a2','cf1e6d2f8230e4b520967669c5ecb25097cea49050928d9d43fd75e5df7d327f',NULL,NULL,0);
INSERT INTO blocks VALUES(310080,'42943b914d9c367000a78b78a544cc4b84b1df838aadde33fe730964a89a3a6c',310080000,'c2c0b96c64f1ed555c8553da976e0fcc3a5ef403819ceac49cf22b476281ced1','d9ecf83f3f9f40246bee151938855fce34e0f9c636a5c9c2c80c896eb59287b9','5cf30a3ceed0d709cb0b5c39eb5028531a9d80bfbd9cb5d7ea17581c3c069882',NULL,NULL,0);
INSERT INTO blocks VALUES(310081,'6554f9d307976249e7b7e260e08046b3b55d318f8b6af627fed5be3063f123c4',310081000,'88d1b09f8141b90b44740e4618422298f8a64f2b3d11230c6b04084ef8d11b2c','49e2f64485ac3ef523a079732bce9b2197384e2abfb3a4ad9340bca5a7179e31','4482a13c9bea52d65ee94adfb69aac0bee89623b4520913934a7c9c6a5f3e1de',NULL,NULL,0);
INSERT INTO blocks VALUES(310082,'4f1ef91b1dcd575f8ac2e66a67715500cbca154bd6f3b8148bb7015a6aa6c644',310082000,'dab22ae7a9216033777136cbbac87a3597cf6478a2fd008260caab3cad0cde3f','5406c6e3c63633910da82fc039c525dbeeb1aa818dc450a9d34d43084eef680f','51101fc829c2b78e2d0593dc5773c73fb7dabaf514fcd7dee977cb08c9421b34',NULL,NULL,0);
INSERT INTO blocks VALUES(310083,'9b1f6fd6ff9b0dc4e37603cfb0625f49067c775b99e12492afd85392d3c8d850',310083000,'a185e60dc97d19a211b0dfaa3f3da154956499b4af146751bf1d776fc68c15b8','76e009b37822fc739a1e4abccf9f908a5fcdbed7fac540a719efbff8ebc694b7','9b392f76b8224d5eec7db732a198ee87b3260852f8baba95185b7ddb67a39a92',NULL,NULL,0);
INSERT INTO blocks VALUES(310084,'1e0972523e80306441b9f4157f171716199f1428db2e818a7f7817ccdc8859e3',310084000,'622c574321be176c535fde918f319e10cfacaab383978be51406334303d14a8d','f3a3c37d89eb008f2194267a1eb5a7a52e9443f8b1f5fe51267d93a57eee27c7','fe483b13911d5128e3cdf7fbf65c7d7b33e88ce236f61e8c371334188a0ee673',NULL,NULL,0);
INSERT INTO blocks VALUES(310085,'c5b6e9581831e3bc5848cd7630c499bca26d9ece5156d36579bdb72d54817e34',310085000,'5556084b92f51175d4de4097fcd820a3c367c2f0630d3a20081296e892462d84','f284f757d004154b6ab9b9ee9d18281e6f8dd51f25f3f1fc7cc58450e0ba5f17','9d62620e8e0b2ebb2846ad244ea34458a8ef8031469188571dfeba769a3a5da7',NULL,NULL,0);
INSERT INTO blocks VALUES(310086,'080c1dc55a4ecf4824cf9840602498cfc35b5f84099f50b71b45cb63834c7a78',310086000,'fc9dd8ef92fc7d47b187a75bd16e9698d61fa9ce6b4da7bba75982f59b0fbbc5','e5f9da1d98725423a240687ba2985b42f8acb274ba0122b4e31e25c57619845f','e36b2420ada93acbebb22a2b3d4fb8324af81f862a4f3bee9c16976ea9804c39',NULL,NULL,0);
INSERT INTO blocks VALUES(310087,'4ec8cb1c38b22904e8087a034a6406b896eff4dd28e7620601c6bddf82e2738c',310087000,'21f7329fa27373fba176043db9081b0d9f95f75421e5adce87177a3edffcedc0','7935ee6c215a123367ddfae34507170148723d08f1963aad7e47b68520fa4e70','b5f798a239f4152608d82265d035add67b2b8bc5a593024a87f3173d7ffc6007',NULL,NULL,0);
INSERT INTO blocks VALUES(310088,'e945c815c433cbddd0bf8e66c5c23b51072483492acda98f5c2c201020a8c5b3',310088000,'19164a10a0602df57d1add2e3a31ad4eef9d3ef9e53e70174b44aa91de2d6296','d35a417416c712908cdfbeda76e261a55c605ff8091605a79d4d4fc986ae76cd','83f30b14f9a0153ad52089488c36a948017b2cd2abab7f2502b2c8a7f1e159dd',NULL,NULL,0);
INSERT INTO blocks VALUES(310089,'0382437f895ef3e7e38bf025fd4f606fd44d4bbd6aea71dbdc4ed11a7cd46f33',310089000,'87f1c713c5f2cd84fab28b996008900f86bf9eaad25ceedac1507348a949be7c','44c73622e27c362abf0460a5e0d7b836091523b763b6183cb9815cee30d66bef','3a95521b8d9fe32cf6061c904fae948e3a4ebd1a18d734d43fb944023ab92e4d',NULL,NULL,0);
INSERT INTO blocks VALUES(310090,'b756db71dc037b5a4582de354a3347371267d31ebda453e152f0a13bb2fae969',310090000,'75264a6a628d669a60b4a8ca7e24b6b5ef1ad2c74d955b8325959f906c3bc337','c1771520c57b0c705c3a5f0d576622c8dd40c399e4946b63ba153af976b23b0e','1ead8c1166b2720988979e2274b287f6409fd6f8b68bf7d9ba730d37be4ac3e0',NULL,NULL,0);
INSERT INTO blocks VALUES(310091,'734a9aa485f36399d5efb74f3b9c47f8b5f6fd68c9967f134b14cfe7e2d7583c',310091000,'27914e38b3ca9d8444275e5c6d24b5cfe0b4093f7c645d5c1fc3c39e0d3a3c60','329ae5ae96b71b9a116cb82d9518110e63d32a9dfcb6fece911201ab6c3a78c5','4b5fe8d7693ddc79f5d2ba024807838779813bfe2dad8467ec90090a75abc8b5',NULL,NULL,0);
INSERT INTO blocks VALUES(310092,'56386beb65f9228740d4ad43a1c575645f6daf59e0dd9f22551c59215b5e8c3d',310092000,'eca83e762899ace4d990b8acb23183263df5f92be10b63aecab3518b340b975d','6183465e58c5e5ef0f359a032e98d12cd247ff080ae44dc7a90ee35006e74e9e','f0bf250e00a2ac9cc3fb758f41cbcfdeb3828ad8c09a5e1b089335f97c686f8e',NULL,NULL,0);
INSERT INTO blocks VALUES(310093,'a74a2425f2f4be24bb5f715173e6756649e1cbf1b064aeb1ef60e0b94b418ddc',310093000,'3544fab97fe90a35b1f52ba955f88a8149d90329986df38d97e12992201bb187','407c0451107403f827f434f3f8f8e3c9adb33362ab584802d87903afe3851f4d','2647f9675bc9aef4c5810a0d37259488b99cf6eb3ff1c88164d30aac19df4a28',NULL,NULL,0);
INSERT INTO blocks VALUES(310094,'2a8f976f20c4e89ff01071915ac96ee35192d54df3a246bf61fd4a0cccfb5b23',310094000,'df1e6d8f1be344f78c0b58baf7260c2abdbed3175adc45a122947815c08fcc16','d4bc7124f8beb9fe04930a1b19a66aef57669e6bf790a5d38441beefcc001dbf','c6603b3ad9264f282f3f4c95b65a5bd68445c51847a44d5df2902f57ea7771ab',NULL,NULL,0);
INSERT INTO blocks VALUES(310095,'bed0fa40c9981223fb40b3be8124ca619edc9dd34d0c907369477ea92e5d2cd2',310095000,'8b9febcfe1a9447f6a820c060f503dfe6e5c02738df4d9d63b007fe03847a6c7','7038d6f46cc32e35793799e50fbce7bde13c52c379e3bea10da0e6443a221c62','586bba54ddbd352c7b58308253bcc354b178d99d988f9d2d0645acd1120c1f4b',NULL,NULL,0);
INSERT INTO blocks VALUES(310096,'306aeec3db435fabffdf88c2f26ee83caa4c2426375a33daa2be041dbd27ea2f',310096000,'b927091b4cf42f8537058a9adbec3814b574c1e1ccd242fe44c5f3671a191304','7640d47e11233c9d27a8e868bec5595acd99b3c7326a480298f7ea38c4a66689','dad021e3e421756b962576b700d8a73ab057bcaa21f536d57200f38945612fc9',NULL,NULL,0);
INSERT INTO blocks VALUES(310097,'13e8e16e67c7cdcc80d477491e554b43744f90e8e1a9728439a11fab42cefadf',310097000,'649d094cfc74f90e06bb4514276aaf3b0a0ed45f56397a2f774cae9602d02e6f','ce9cdd6db6e1bbea3a9446b50b092e504bcc58900befb237580896e1c107eaab','9248b84e4d356487ee97784f5437a907150f76998f52b915f1265dff11c06e58',NULL,NULL,0);
INSERT INTO blocks VALUES(310098,'ca5bca4b5ec4fa6183e05176abe921cff884c4e20910fab55b603cef48dc3bca',310098000,'c9a9dec300afba2cc3f171f76ff4c07cbeb7a41a86a3f498f712e066a8acbd17','7153d6b86e3d8ed76bed0edd2dbd4fe6200e1e6d82d51dd3f812d6b43109f503','01c8951e997d5633836b621f7778099959f961cb95c443eb0ae310a5b5295311',NULL,NULL,0);
INSERT INTO blocks VALUES(310099,'3c4c2279cd7de0add5ec469648a845875495a7d54ebfb5b012dcc5a197b7992a',310099000,'3c7434887f9373b5370664180ba640fa63c2eb5b85569875105e4f4db67d8c02','adfefb6d18cdf44329bf9330e32f265145f60290f2a75db73fea8dd8ed2eb7d6','684ff321efef12a06017502ff5d3c288cb3fe021503127d9a805b96613224b6d',NULL,NULL,0);
INSERT INTO blocks VALUES(310100,'96925c05b3c7c80c716f5bef68d161c71d044252c766ca0e3f17f255764242cb',310100000,'7e6a09386c3d8552a0dcc25b75143876a3046ebac0ff9cb09d6224ea7e2f3df9','2776deb848ce539546aada2bc1756d9de92b23e0a8d513f5dbfb1b0bb3be3bc5','fc34584264cb48162482623fb22805123c6d42a309a1e3b717bbafbf5dda66f8',NULL,NULL,0);
INSERT INTO blocks VALUES(310101,'369472409995ca1a2ebecbad6bf9dab38c378ab1e67e1bdf13d4ce1346731cd6',310101000,'6903c0c5941f334f1374aa731e389b010043fc5940d4e9ae8b94480fb4fca030','6612c5f602f26ccc2cf4961f27e64c188ba405870cc0d7cf881c4e0fcb9a54ce','53165a6a7eb5bef338ac5509678ec395a1821a1db21de30d49ddaffa33c58abb',NULL,NULL,0);
-- Triggers and indices on  blocks
CREATE INDEX blocks_block_index_block_hash_idx ON blocks (block_index, block_hash)
        ;
CREATE INDEX blocks_block_index_idx ON blocks (block_index)
        ;

COMMIT TRANSACTION;
PRAGMA page_size=4096;
-- PRAGMA encoding='UTF-8';
-- PRAGMA auto_vacuum=FULL;
-- PRAGMA max_page_count=4294967294;

BEGIN TRANSACTION;

-- Table  transactions
DROP TABLE IF EXISTS transactions;
CREATE TABLE transactions(
                      tx_index INTEGER UNIQUE,
                      tx_hash TEXT UNIQUE,
                      block_index INTEGER,
                      block_hash TEXT,
                      block_time INTEGER,
                      source TEXT,
                      destination TEXT,
                      btc_amount INTEGER,
                      fee INTEGER,
                      data BLOB,
                      supported BOOL DEFAULT 1,
                      utxos_info TEXT,
                      FOREIGN KEY (block_index, block_hash) REFERENCES blocks(block_index, block_hash),
                      PRIMARY KEY (tx_index, tx_hash, block_index));
INSERT INTO transactions VALUES(1,'15b35d5497f454c43576f21a1b61d99bde25dfc5aae1a4796dcf55e739d6a399',310000,'505d8d82c4ced7daddef7ed0b05ba12ecc664176887b938ef56c6af276f3b30c',310000000,'2_mn6q3dS2EnDUx3bmyWc6D4szJNVGtaR7zc_mnfAHmddVibnZNSkh8DvKaQoiEfNsxjXzH_mtQheFaSfWELRB2MyMBaiWjdDm6ux9Ezns_3','mvCounterpartyXXXXXXXXXXXXXXW24Hef',62000000,5625,X'',1,'750ccad1bc0bfbf5a710bbafd8b462594ddfee190e3430bca7e8c8d270f2fd5f:0');
INSERT INTO transactions VALUES(2,'121285e4ce5c17fbd6e0b0277702af982cdc14054735154a9043beecb247b84f',310001,'3c9f6a9c6cac46a9273bd3db39ad775acd5bc546378ec2fb0587e06e112cc78e',310001000,'2_mn6q3dS2EnDUx3bmyWc6D4szJNVGtaR7zc_mnfAHmddVibnZNSkh8DvKaQoiEfNsxjXzH_mtQheFaSfWELRB2MyMBaiWjdDm6ux9Ezns_3','2_mn6q3dS2EnDUx3bmyWc6D4szJNVGtaR7zc_mnfAHmddVibnZNSkh8DvKaQoiEfNsxjXzH_mqPCfvqTfYctXMUfmniXeG2nyaN8w6tPmj_3',1000,7650,X'0000000000000000000000010000000002FAF080',1,'a91d2e8deef46214f4c9b8aebb35b6d8807f2a400c2fb6fbf3fb47442d7ea39c:0');
INSERT INTO transactions VALUES(3,'c953eb18873ce8aed42456df0ece8e4678e13282d9917916e7a4aec10e828375',310002,'fbb60f1144e1f7d4dc036a4a158a10ea6dea2ba6283a723342a49b8eb5cc9964',310002000,'2_mn6q3dS2EnDUx3bmyWc6D4szJNVGtaR7zc_mnfAHmddVibnZNSkh8DvKaQoiEfNsxjXzH_mtQheFaSfWELRB2MyMBaiWjdDm6ux9Ezns_3','',0,1000000,X'0000000A00000000000000000000000002FAF08000000000000000010000000005F5E100000A0000000000000000',1,'4c3b65c423a0600af4c17f48fc9f8443e1e7918f419478a53d22f14b793ab4b3:0');
INSERT INTO transactions VALUES(4,'89a44a3314b298a83d5d14c8646900a5122b8a1e8f6e0528e73ea82044d1726a',310003,'d50825dcb32bcf6f69994d616eba18de7718d3d859497e80751b2cb67e333e8a',310003000,'2_mn6q3dS2EnDUx3bmyWc6D4szJNVGtaR7zc_mnfAHmddVibnZNSkh8DvKaQoiEfNsxjXzH_mtQheFaSfWELRB2MyMBaiWjdDm6ux9Ezns_3','',0,6800,X'0000000A00000000000000010000000006422C4000000000000000000000000002FAF080000A00000000000DBBA0',1,'e108001c44f040df19f8e751538a100b2dfbe606f72e8e359794e9c05bc3f52e:0');
INSERT INTO transactions VALUES(5,'f0c58099c1614dcf2b8fd12be01c63427a5877b8c0367ecadea31ae9eb9714e6',310004,'60cdc0ac0e3121ceaa2c3885f21f5789f49992ffef6e6ff99f7da80e36744615',310004000,'2_mn6q3dS2EnDUx3bmyWc6D4szJNVGtaR7zc_mnfAHmddVibnZNSkh8DvKaQoiEfNsxjXzH_mtQheFaSfWELRB2MyMBaiWjdDm6ux9Ezns_3','2_mn6q3dS2EnDUx3bmyWc6D4szJNVGtaR7zc_mnfAHmddVibnZNSkh8DvKaQoiEfNsxjXzH_mtQheFaSfWELRB2MyMBaiWjdDm6ux9Ezns_3',50000000,9675,X'0000000BC953EB18873CE8AED42456DF0ECE8E4678E13282D9917916E7A4AEC10E82837589A44A3314B298A83D5D14C8646900A5122B8A1E8F6E0528E73EA82044D1726A',1,'2fd391aa096ca17e07a6dd0f8cf70121cb8c7c542d17254f34d5c302093a4e3e:0');
INSERT INTO transactions VALUES(6,'9238105e39efd4b7d428ad14011ad0c0f366bdcd150afa954e1f25c0cf4c2cc9',310005,'8005c2926b7ecc50376642bc661a49108b6dc62636463a5c492b123e2184cd9a',310005000,'2_mn6q3dS2EnDUx3bmyWc6D4szJNVGtaR7zc_mnfAHmddVibnZNSkh8DvKaQoiEfNsxjXzH_mtQheFaSfWELRB2MyMBaiWjdDm6ux9Ezns_3','',0,6800,X'000000140000000000004767000000003B9ACA000100000000000000000000',1,'c06c060767776b7f09c3eed96bea1466a3d9f49c4d00d16cfc4049bd45821fb3:0');
INSERT INTO transactions VALUES(7,'19d9d6059edf351635fa19ad867ccfa1db3959a5109fc63729430110a661b6e8',310006,'bdad69d1669eace68b9f246de113161099d4f83322e2acf402c42defef3af2bb',310006000,'2_mn6q3dS2EnDUx3bmyWc6D4szJNVGtaR7zc_mnfAHmddVibnZNSkh8DvKaQoiEfNsxjXzH_mtQheFaSfWELRB2MyMBaiWjdDm6ux9Ezns_3','',0,6800,X'00000014000000000000476800000000000186A00000000000000000000006666F6F626172',1,'70e7cfe725accafbee3f35946c1a5d4ab2aa80adcfb17a0aed6af3e79278a848:0');
INSERT INTO transactions VALUES(8,'b25659252f68f162d96cf2cf3070b30e5913b472cbace76985e314b4634641a0',310007,'10a642b96d60091d08234d17dfdecf3025eca41e4fc8e3bbe71a91c5a457cb4b',310007000,'2_mn6q3dS2EnDUx3bmyWc6D4szJNVGtaR7zc_mnfAHmddVibnZNSkh8DvKaQoiEfNsxjXzH_mtQheFaSfWELRB2MyMBaiWjdDm6ux9Ezns_3','2_mn6q3dS2EnDUx3bmyWc6D4szJNVGtaR7zc_mnfAHmddVibnZNSkh8DvKaQoiEfNsxjXzH_mqPCfvqTfYctXMUfmniXeG2nyaN8w6tPmj_3',1000,7650,X'00000000000000000000476700000000003D0900',1,'d36f95f3a8fb5852f28ff84250bd92661ec31fce6d5b1505455279e2c9826ec8:0');
INSERT INTO transactions VALUES(9,'592e248181970aa6f97f2cfe133323d3ffb2095dd7f411cfd20b1ab611238a11',310008,'47d0e3acbdc6916aeae95e987f9cfa16209b3df1e67bb38143b3422b32322c33',310008000,'2_mn6q3dS2EnDUx3bmyWc6D4szJNVGtaR7zc_mnfAHmddVibnZNSkh8DvKaQoiEfNsxjXzH_mtQheFaSfWELRB2MyMBaiWjdDm6ux9Ezns_3','2_mn6q3dS2EnDUx3bmyWc6D4szJNVGtaR7zc_mnfAHmddVibnZNSkh8DvKaQoiEfNsxjXzH_mqPCfvqTfYctXMUfmniXeG2nyaN8w6tPmj_3',1000,7650,X'000000000000000000004768000000000000020E',1,'f436cbcb20522b45ba9c40785725c876d3a520a4f3f683d08d6c24a4e6c1563e:0');
INSERT INTO transactions VALUES(10,'f2f6db13d6bda4def4f1bd759b603c64c962f82017329057a9237ceaf171520a',310009,'4d474992b141620bf3753863db7ee5e8af26cadfbba27725911f44fa657bc1c0',310009000,'2_mn6q3dS2EnDUx3bmyWc6D4szJNVGtaR7zc_mnfAHmddVibnZNSkh8DvKaQoiEfNsxjXzH_mtQheFaSfWELRB2MyMBaiWjdDm6ux9Ezns_3','',0,6800,X'00000032000000000000025800000000000047670000000000000001',1,'0d302299946d398d35a9735af378054a896a17db28edcc87586ec5ff530520e2:0');
INSERT INTO transactions VALUES(11,'a4353c6bd3159d3288f76c9f40fdbde89d681b09ec64d1f2b422b2e9e30c10d8',310010,'a58162dff81a32e6a29b075be759dbb9fa9b8b65303e69c78fb4d7b0acc37042',310010000,'2_mn6q3dS2EnDUx3bmyWc6D4szJNVGtaR7zc_mnfAHmddVibnZNSkh8DvKaQoiEfNsxjXzH_mtQheFaSfWELRB2MyMBaiWjdDm6ux9Ezns_3','',0,6800,X'00000032000000000000032000000000000047680000000000000001',1,'3704b23673489a138f7021044edddab7f1d94a14e12aedfd5a736d331a7d4495:0');
INSERT INTO transactions VALUES(12,'9ec74a4822710f9534a3815f0e836a09219f6c766880a57767c7514071d99084',310011,'8042cc2ef293fd73d050f283fbd075c79dd4c49fdcca054dc0714fc3a50dc1bb',310011000,'2_mn6q3dS2EnDUx3bmyWc6D4szJNVGtaR7zc_mnfAHmddVibnZNSkh8DvKaQoiEfNsxjXzH_mtQheFaSfWELRB2MyMBaiWjdDm6ux9Ezns_3','',0,6800,X'0000001E52BB3300405900000000000005F5E0FF09556E69742054657374',1,'23f74e8488b875442229dff279f819780d8051c845960fb4eb71585e8ea0ba47:0');
INSERT INTO transactions VALUES(13,'ef92dc4986fdfb4ccb6e101ee949d5307c554e8dd1619307548ec032a973f19c',310012,'cdba329019d93a67b31b79d05f76ce1b7791d430ea0d6c1c2168fe78d2f67677',310012000,'2_mn6q3dS2EnDUx3bmyWc6D4szJNVGtaR7zc_mnfAHmddVibnZNSkh8DvKaQoiEfNsxjXzH_mtQheFaSfWELRB2MyMBaiWjdDm6ux9Ezns_3','2_mn6q3dS2EnDUx3bmyWc6D4szJNVGtaR7zc_mnfAHmddVibnZNSkh8DvKaQoiEfNsxjXzH_mtQheFaSfWELRB2MyMBaiWjdDm6ux9Ezns_3',1000,7650,X'00000028000052BB33640000000002FAF08000000000017D7840000000000000000000003B100000000A',1,'edbd203a595616cf0285a982c3f85d998f302ade18b011fd847adba54b508001:0');
INSERT INTO transactions VALUES(14,'ce9d3a5ea18ed454ddee80b75bd12abdd47de8e176d9c9dfc768c1233e729943',310013,'0425e5e832e4286757dc0228cd505b8d572081007218abd3a0983a3bcd502a61',310013000,'2_mn6q3dS2EnDUx3bmyWc6D4szJNVGtaR7zc_mnfAHmddVibnZNSkh8DvKaQoiEfNsxjXzH_mtQheFaSfWELRB2MyMBaiWjdDm6ux9Ezns_3','2_mn6q3dS2EnDUx3bmyWc6D4szJNVGtaR7zc_mnfAHmddVibnZNSkh8DvKaQoiEfNsxjXzH_mtQheFaSfWELRB2MyMBaiWjdDm6ux9Ezns_3',1000,7650,X'00000028000152BB336400000000017D78400000000002793D60000000000000000000003B100000000A',1,'70125234408f91cf05af61871ec76164b8676907ba299908cb2ddbaaa3cd2fb1:0');
INSERT INTO transactions VALUES(15,'6722884208180367a60c5c96ae86865dad3c63525a9498d716e98b5015ec2e3d',310014,'85b28d413ebda2968ed82ae53643677338650151b997ed1e4656158005b9f65f',310014000,'2_mn6q3dS2EnDUx3bmyWc6D4szJNVGtaR7zc_mnfAHmddVibnZNSkh8DvKaQoiEfNsxjXzH_mtQheFaSfWELRB2MyMBaiWjdDm6ux9Ezns_3','2_mn6q3dS2EnDUx3bmyWc6D4szJNVGtaR7zc_mnfAHmddVibnZNSkh8DvKaQoiEfNsxjXzH_mtQheFaSfWELRB2MyMBaiWjdDm6ux9Ezns_3',1000,7650,X'00000028000052BB33640000000008F0D1800000000014DC93800000000000000000000013B00000000A',1,'e1eb255cd51ddda8caa319a7690a45fb5385f1ee33bfc8d5011e442434cd4e11:0');
INSERT INTO transactions VALUES(16,'10c669ad89d61e1a983e179f66f355b1dd21e53d520fd4dc3bb5a6f9e5e24fcd',310015,'4cf77d688f18f0c68c077db882f62e49f31859dfa6144372457cd73b29223922',310015000,'2_mn6q3dS2EnDUx3bmyWc6D4szJNVGtaR7zc_mnfAHmddVibnZNSkh8DvKaQoiEfNsxjXzH_mtQheFaSfWELRB2MyMBaiWjdDm6ux9Ezns_3','2_mn6q3dS2EnDUx3bmyWc6D4szJNVGtaR7zc_mnfAHmddVibnZNSkh8DvKaQoiEfNsxjXzH_mtQheFaSfWELRB2MyMBaiWjdDm6ux9Ezns_3',1000,7650,X'00000028000152BB33640000000014DC93800000000008F0D1800000000000000000000013B00000000A',1,'534148dc2423208b93e138f110e12734d45b678bb534ad1aed2bd50f9d5e21a7:0');
INSERT INTO transactions VALUES(17,'caaceb9160747bd86fa4b3b4d090c9e1617285fae312eac2152bf3fabedcd2bc',310016,'99dc7d2627efb4e5e618a53b9898b4ca39c70e98fe9bf39f68a6c980f5b64ef9',310016000,'2_mn6q3dS2EnDUx3bmyWc6D4szJNVGtaR7zc_mnfAHmddVibnZNSkh8DvKaQoiEfNsxjXzH_mtQheFaSfWELRB2MyMBaiWjdDm6ux9Ezns_3','2_mn6q3dS2EnDUx3bmyWc6D4szJNVGtaR7zc_mnfAHmddVibnZNSkh8DvKaQoiEfNsxjXzH_mtQheFaSfWELRB2MyMBaiWjdDm6ux9Ezns_3',1000,7650,X'00000028000252BB33C8000000002CB417800000000026BE36803FF0000000000000000013B00000000A',1,'0c3c3475ad1a79c2fe673603bb38447ee12b478094e9e51e99fa6c06f7e72ae8:0');
INSERT INTO transactions VALUES(18,'67497105b77192af401ec8024ad34de211592877dee8532dbe216d8a8f17dd0c',310017,'8a4fedfbf734b91a5c5761a7bcb3908ea57169777a7018148c51ff611970e4a3',310017000,'2_mn6q3dS2EnDUx3bmyWc6D4szJNVGtaR7zc_mnfAHmddVibnZNSkh8DvKaQoiEfNsxjXzH_mtQheFaSfWELRB2MyMBaiWjdDm6ux9Ezns_3','2_mn6q3dS2EnDUx3bmyWc6D4szJNVGtaR7zc_mnfAHmddVibnZNSkh8DvKaQoiEfNsxjXzH_mtQheFaSfWELRB2MyMBaiWjdDm6ux9Ezns_3',1000,7650,X'00000028000352BB33C80000000026BE3680000000002CB417803FF0000000000000000013B00000000A',1,'bf7acc19b878a8ceadfb1ea2bff6fa3a692e1e8599869a85e45ff316ecf0f92b:0');
INSERT INTO transactions VALUES(19,'e87bf8dfeda7df143873ff042cc7a05dd590a6bef6a55c5832e22db1bd5e3bcd',310018,'35c06f9e3de39e4e56ceb1d1a22008f52361c50dd0d251c0acbe2e3c2dba8ed3',310018000,'2_mn6q3dS2EnDUx3bmyWc6D4szJNVGtaR7zc_mnfAHmddVibnZNSkh8DvKaQoiEfNsxjXzH_mtQheFaSfWELRB2MyMBaiWjdDm6ux9Ezns_3','',0,6800,X'0000001E52BB33324058F7256FFC115E004C4B4009556E69742054657374',1,'17063806c5eeb2cc730ab380dc0ebd3ebeedd5fbe5c502eaaf46b065d901dd2b:0');
INSERT INTO transactions VALUES(20,'1fcd2de64aabc6c05796e28cbea31df45a25928c2cd8dd30d774c9e70c4e97df',310019,'114affa0c4f34b1ebf8e2778c9477641f60b5b9e8a69052158041d4c41893294',310019000,'2_mn6q3dS2EnDUx3bmyWc6D4szJNVGtaR7zc_mnfAHmddVibnZNSkh8DvKaQoiEfNsxjXzH_mtQheFaSfWELRB2MyMBaiWjdDm6ux9Ezns_3','',0,6800,X'0000001E52BB3365405915F3B645A1CB004C4B4009556E69742054657374',1,'ff1c30c31e2e0b511c508c7111d22d77fdbb4f20379d49042bef4e231b9c098b:0');
INSERT INTO transactions VALUES(21,'dc4b57ad8a0b23dbc7ffc03f51e8076cd2418edf256b2660783bb0d1be0b8b73',310020,'d93c79920e4a42164af74ecb5c6b903ff6055cdc007376c74dfa692c8d85ebc9',310020000,'2_mn6q3dS2EnDUx3bmyWc6D4szJNVGtaR7zc_mnfAHmddVibnZNSkh8DvKaQoiEfNsxjXzH_mtQheFaSfWELRB2MyMBaiWjdDm6ux9Ezns_3','',0,6800,X'0000001E52BB33C94000000000000000004C4B4009556E69742054657374',1,'2e07fb3dfdafff224b0cb92d718788af96b51014f621e726986b11b9113ae3f8:0');
INSERT INTO transactions VALUES(22,'4408350196e71533e054ef84d1bdc4ba4b0f693d2d98d240d3c697b553078ab7',310021,'7c2460bb32c5749c856486393239bf7a0ac789587ac71f32e7237910da8097f2',310021000,'2_mn6q3dS2EnDUx3bmyWc6D4szJNVGtaR7zc_mnfAHmddVibnZNSkh8DvKaQoiEfNsxjXzH_mtQheFaSfWELRB2MyMBaiWjdDm6ux9Ezns_3','',0,6800,X'0000000A00000000000047670000000002FAF08000000000000000010000000002FAF080000A0000000000000000',1,'168840008f0acd950b58778bb6ee9d625b19dde6fc5a85f02a787aa78d541341:0');
INSERT INTO transactions VALUES(23,'181709b341ec136f90975fdaa362c767ebd789e72f16d4e17348ab2985c1bd01',310022,'44435f9a99a0aa12a9bfabdc4cb8119f6ea6a6e1350d2d65445fb66a456db5fc',310022000,'2_mn6q3dS2EnDUx3bmyWc6D4szJNVGtaR7zc_mnfAHmddVibnZNSkh8DvKaQoiEfNsxjXzH_mtQheFaSfWELRB2MyMBaiWjdDm6ux9Ezns_3','mvCounterpartyXXXXXXXXXXXXXXW24Hef',100000000,5625,X'',1,'a64251be6598696807b458ee6811a35eefdcd8170ab68e36c37d1c5b0bb84350:0');
INSERT INTO transactions VALUES(24,'f4a0c2582fb141e9451a7c00fa61afc147b9959c2dd20a1978950936fdb53831',310023,'d8cf5bec1bbcab8ca4f495352afde3b6572b7e1d61b3976872ebb8e9d30ccb08',310023000,'2_mn6q3dS2EnDUx3bmyWc6D4szJNVGtaR7zc_mnfAHmddVibnZNSkh8DvKaQoiEfNsxjXzH_mtQheFaSfWELRB2MyMBaiWjdDm6ux9Ezns_3','2_mn6q3dS2EnDUx3bmyWc6D4szJNVGtaR7zc_mnfAHmddVibnZNSkh8DvKaQoiEfNsxjXzH_mqPCfvqTfYctXMUfmniXeG2nyaN8w6tPmj_3',1000,7650,X'0000000000000000000047680000000000002710',1,'806ec51cd29841b7bb12b0cb41cf9678b3e3e26f9a95d5aeba5e0868330b8e60:0');
-- Triggers and indices on  transactions
CREATE INDEX transactions_block_index_idx ON transactions (block_index)
        ;
CREATE INDEX transactions_block_index_tx_index_idx ON transactions (block_index, tx_index)
        ;
CREATE INDEX transactions_source_idx ON transactions (source)
        ;
CREATE INDEX transactions_tx_hash_idx ON transactions (tx_hash)
        ;
CREATE INDEX transactions_tx_index_idx ON transactions (tx_index)
        ;
CREATE INDEX transactions_tx_index_tx_hash_block_index_idx ON transactions (tx_index, tx_hash, block_index)
        ;

COMMIT TRANSACTION;
PRAGMA page_size=4096;
-- PRAGMA encoding='UTF-8';
-- PRAGMA auto_vacuum=FULL;
-- PRAGMA max_page_count=4294967294;

BEGIN TRANSACTION;

-- Table  transaction_outputs
DROP TABLE IF EXISTS transaction_outputs;
CREATE TABLE transaction_outputs(
                        tx_index,
                        tx_hash TEXT,
                        block_index INTEGER,
                        out_index INTEGER,
                        destination TEXT,
                        btc_amount INTEGER,
                        PRIMARY KEY (tx_hash, out_index),
                        FOREIGN KEY (tx_index, tx_hash, block_index) REFERENCES transactions(tx_index, tx_hash, block_index));

COMMIT TRANSACTION;
PRAGMA page_size=4096;
-- PRAGMA encoding='UTF-8';
-- PRAGMA auto_vacuum=FULL;
-- PRAGMA max_page_count=4294967294;

BEGIN TRANSACTION;

-- Table  balances
DROP TABLE IF EXISTS balances;
CREATE TABLE balances(
                      address TEXT,
                      asset TEXT,
                      quantity INTEGER, block_index INTEGER, tx_index INTEGER, utxo TEXT, utxo_address TEXT);
INSERT INTO balances VALUES('2_mn6q3dS2EnDUx3bmyWc6D4szJNVGtaR7zc_mnfAHmddVibnZNSkh8DvKaQoiEfNsxjXzH_mtQheFaSfWELRB2MyMBaiWjdDm6ux9Ezns_3','XCP',93000000000,310000,1,NULL,NULL);
INSERT INTO balances VALUES('2_mn6q3dS2EnDUx3bmyWc6D4szJNVGtaR7zc_mnfAHmddVibnZNSkh8DvKaQoiEfNsxjXzH_mtQheFaSfWELRB2MyMBaiWjdDm6ux9Ezns_3','XCP',92950000000,310001,2,NULL,NULL);
INSERT INTO balances VALUES('2_mn6q3dS2EnDUx3bmyWc6D4szJNVGtaR7zc_mnfAHmddVibnZNSkh8DvKaQoiEfNsxjXzH_mqPCfvqTfYctXMUfmniXeG2nyaN8w6tPmj_3','XCP',50000000,310001,2,NULL,NULL);
INSERT INTO balances VALUES('2_mn6q3dS2EnDUx3bmyWc6D4szJNVGtaR7zc_mnfAHmddVibnZNSkh8DvKaQoiEfNsxjXzH_mtQheFaSfWELRB2MyMBaiWjdDm6ux9Ezns_3','XCP',92845000000,310003,4,NULL,NULL);
INSERT INTO balances VALUES('2_mn6q3dS2EnDUx3bmyWc6D4szJNVGtaR7zc_mnfAHmddVibnZNSkh8DvKaQoiEfNsxjXzH_mtQheFaSfWELRB2MyMBaiWjdDm6ux9Ezns_3','XCP',92945000000,310004,5,NULL,NULL);
INSERT INTO balances VALUES('2_mn6q3dS2EnDUx3bmyWc6D4szJNVGtaR7zc_mnfAHmddVibnZNSkh8DvKaQoiEfNsxjXzH_mtQheFaSfWELRB2MyMBaiWjdDm6ux9Ezns_3','XCP',92895000000,310005,6,NULL,NULL);
INSERT INTO balances VALUES('2_mn6q3dS2EnDUx3bmyWc6D4szJNVGtaR7zc_mnfAHmddVibnZNSkh8DvKaQoiEfNsxjXzH_mtQheFaSfWELRB2MyMBaiWjdDm6ux9Ezns_3','BBBB',1000000000,310005,6,NULL,NULL);
INSERT INTO balances VALUES('2_mn6q3dS2EnDUx3bmyWc6D4szJNVGtaR7zc_mnfAHmddVibnZNSkh8DvKaQoiEfNsxjXzH_mtQheFaSfWELRB2MyMBaiWjdDm6ux9Ezns_3','XCP',92845000000,310006,7,NULL,NULL);
INSERT INTO balances VALUES('2_mn6q3dS2EnDUx3bmyWc6D4szJNVGtaR7zc_mnfAHmddVibnZNSkh8DvKaQoiEfNsxjXzH_mtQheFaSfWELRB2MyMBaiWjdDm6ux9Ezns_3','BBBC',100000,310006,7,NULL,NULL);
INSERT INTO balances VALUES('2_mn6q3dS2EnDUx3bmyWc6D4szJNVGtaR7zc_mnfAHmddVibnZNSkh8DvKaQoiEfNsxjXzH_mtQheFaSfWELRB2MyMBaiWjdDm6ux9Ezns_3','BBBB',996000000,310007,8,NULL,NULL);
INSERT INTO balances VALUES('2_mn6q3dS2EnDUx3bmyWc6D4szJNVGtaR7zc_mnfAHmddVibnZNSkh8DvKaQoiEfNsxjXzH_mqPCfvqTfYctXMUfmniXeG2nyaN8w6tPmj_3','BBBB',4000000,310007,8,NULL,NULL);
INSERT INTO balances VALUES('2_mn6q3dS2EnDUx3bmyWc6D4szJNVGtaR7zc_mnfAHmddVibnZNSkh8DvKaQoiEfNsxjXzH_mtQheFaSfWELRB2MyMBaiWjdDm6ux9Ezns_3','BBBC',99474,310008,9,NULL,NULL);
INSERT INTO balances VALUES('2_mn6q3dS2EnDUx3bmyWc6D4szJNVGtaR7zc_mnfAHmddVibnZNSkh8DvKaQoiEfNsxjXzH_mqPCfvqTfYctXMUfmniXeG2nyaN8w6tPmj_3','BBBC',526,310008,9,NULL,NULL);
INSERT INTO balances VALUES('2_mn6q3dS2EnDUx3bmyWc6D4szJNVGtaR7zc_mnfAHmddVibnZNSkh8DvKaQoiEfNsxjXzH_mtQheFaSfWELRB2MyMBaiWjdDm6ux9Ezns_3','XCP',92844999976,310009,10,NULL,NULL);
INSERT INTO balances VALUES('2_mn6q3dS2EnDUx3bmyWc6D4szJNVGtaR7zc_mnfAHmddVibnZNSkh8DvKaQoiEfNsxjXzH_mtQheFaSfWELRB2MyMBaiWjdDm6ux9Ezns_3','XCP',92844979976,310009,10,NULL,NULL);
INSERT INTO balances VALUES('2_mn6q3dS2EnDUx3bmyWc6D4szJNVGtaR7zc_mnfAHmddVibnZNSkh8DvKaQoiEfNsxjXzH_mqPCfvqTfYctXMUfmniXeG2nyaN8w6tPmj_3','XCP',50000024,310009,10,NULL,NULL);
INSERT INTO balances VALUES('2_mn6q3dS2EnDUx3bmyWc6D4szJNVGtaR7zc_mnfAHmddVibnZNSkh8DvKaQoiEfNsxjXzH_mtQheFaSfWELRB2MyMBaiWjdDm6ux9Ezns_3','XCP',92844559176,310010,11,NULL,NULL);
INSERT INTO balances VALUES('2_mn6q3dS2EnDUx3bmyWc6D4szJNVGtaR7zc_mnfAHmddVibnZNSkh8DvKaQoiEfNsxjXzH_mtQheFaSfWELRB2MyMBaiWjdDm6ux9Ezns_3','XCP',92844539176,310010,11,NULL,NULL);
INSERT INTO balances VALUES('2_mn6q3dS2EnDUx3bmyWc6D4szJNVGtaR7zc_mnfAHmddVibnZNSkh8DvKaQoiEfNsxjXzH_mqPCfvqTfYctXMUfmniXeG2nyaN8w6tPmj_3','XCP',50420824,310010,11,NULL,NULL);
INSERT INTO balances VALUES('2_mn6q3dS2EnDUx3bmyWc6D4szJNVGtaR7zc_mnfAHmddVibnZNSkh8DvKaQoiEfNsxjXzH_mtQheFaSfWELRB2MyMBaiWjdDm6ux9Ezns_3','XCP',92794539176,310012,13,NULL,NULL);
INSERT INTO balances VALUES('2_mn6q3dS2EnDUx3bmyWc6D4szJNVGtaR7zc_mnfAHmddVibnZNSkh8DvKaQoiEfNsxjXzH_mtQheFaSfWELRB2MyMBaiWjdDm6ux9Ezns_3','XCP',92769539176,310013,14,NULL,NULL);
INSERT INTO balances VALUES('2_mn6q3dS2EnDUx3bmyWc6D4szJNVGtaR7zc_mnfAHmddVibnZNSkh8DvKaQoiEfNsxjXzH_mtQheFaSfWELRB2MyMBaiWjdDm6ux9Ezns_3','XCP',92773789176,310013,14,NULL,NULL);
INSERT INTO balances VALUES('2_mn6q3dS2EnDUx3bmyWc6D4szJNVGtaR7zc_mnfAHmddVibnZNSkh8DvKaQoiEfNsxjXzH_mtQheFaSfWELRB2MyMBaiWjdDm6ux9Ezns_3','XCP',92778789176,310014,0,NULL,NULL);
INSERT INTO balances VALUES('2_mn6q3dS2EnDUx3bmyWc6D4szJNVGtaR7zc_mnfAHmddVibnZNSkh8DvKaQoiEfNsxjXzH_mtQheFaSfWELRB2MyMBaiWjdDm6ux9Ezns_3','XCP',92628789176,310014,15,NULL,NULL);
INSERT INTO balances VALUES('2_mn6q3dS2EnDUx3bmyWc6D4szJNVGtaR7zc_mnfAHmddVibnZNSkh8DvKaQoiEfNsxjXzH_mtQheFaSfWELRB2MyMBaiWjdDm6ux9Ezns_3','XCP',92278789176,310015,16,NULL,NULL);
INSERT INTO balances VALUES('2_mn6q3dS2EnDUx3bmyWc6D4szJNVGtaR7zc_mnfAHmddVibnZNSkh8DvKaQoiEfNsxjXzH_mtQheFaSfWELRB2MyMBaiWjdDm6ux9Ezns_3','XCP',92278789176,310015,16,NULL,NULL);
INSERT INTO balances VALUES('2_mn6q3dS2EnDUx3bmyWc6D4szJNVGtaR7zc_mnfAHmddVibnZNSkh8DvKaQoiEfNsxjXzH_mtQheFaSfWELRB2MyMBaiWjdDm6ux9Ezns_3','XCP',92278789176,310015,16,NULL,NULL);
INSERT INTO balances VALUES('2_mn6q3dS2EnDUx3bmyWc6D4szJNVGtaR7zc_mnfAHmddVibnZNSkh8DvKaQoiEfNsxjXzH_mtQheFaSfWELRB2MyMBaiWjdDm6ux9Ezns_3','XCP',91528789176,310016,17,NULL,NULL);
INSERT INTO balances VALUES('2_mn6q3dS2EnDUx3bmyWc6D4szJNVGtaR7zc_mnfAHmddVibnZNSkh8DvKaQoiEfNsxjXzH_mtQheFaSfWELRB2MyMBaiWjdDm6ux9Ezns_3','XCP',90878789176,310017,18,NULL,NULL);
INSERT INTO balances VALUES('2_mn6q3dS2EnDUx3bmyWc6D4szJNVGtaR7zc_mnfAHmddVibnZNSkh8DvKaQoiEfNsxjXzH_mtQheFaSfWELRB2MyMBaiWjdDm6ux9Ezns_3','XCP',90878789176,310017,18,NULL,NULL);
INSERT INTO balances VALUES('2_mn6q3dS2EnDUx3bmyWc6D4szJNVGtaR7zc_mnfAHmddVibnZNSkh8DvKaQoiEfNsxjXzH_mtQheFaSfWELRB2MyMBaiWjdDm6ux9Ezns_3','XCP',90878789176,310017,18,NULL,NULL);
INSERT INTO balances VALUES('2_mn6q3dS2EnDUx3bmyWc6D4szJNVGtaR7zc_mnfAHmddVibnZNSkh8DvKaQoiEfNsxjXzH_mtQheFaSfWELRB2MyMBaiWjdDm6ux9Ezns_3','XCP',90937926676,310018,19,NULL,NULL);
INSERT INTO balances VALUES('2_mn6q3dS2EnDUx3bmyWc6D4szJNVGtaR7zc_mnfAHmddVibnZNSkh8DvKaQoiEfNsxjXzH_mtQheFaSfWELRB2MyMBaiWjdDm6ux9Ezns_3','XCP',90941039176,310018,19,NULL,NULL);
INSERT INTO balances VALUES('2_mn6q3dS2EnDUx3bmyWc6D4szJNVGtaR7zc_mnfAHmddVibnZNSkh8DvKaQoiEfNsxjXzH_mtQheFaSfWELRB2MyMBaiWjdDm6ux9Ezns_3','XCP',91100339176,310019,20,NULL,NULL);
INSERT INTO balances VALUES('2_mn6q3dS2EnDUx3bmyWc6D4szJNVGtaR7zc_mnfAHmddVibnZNSkh8DvKaQoiEfNsxjXzH_mtQheFaSfWELRB2MyMBaiWjdDm6ux9Ezns_3','XCP',91416039176,310019,20,NULL,NULL);
INSERT INTO balances VALUES('2_mn6q3dS2EnDUx3bmyWc6D4szJNVGtaR7zc_mnfAHmddVibnZNSkh8DvKaQoiEfNsxjXzH_mtQheFaSfWELRB2MyMBaiWjdDm6ux9Ezns_3','XCP',91441039176,310019,20,NULL,NULL);
INSERT INTO balances VALUES('2_mn6q3dS2EnDUx3bmyWc6D4szJNVGtaR7zc_mnfAHmddVibnZNSkh8DvKaQoiEfNsxjXzH_mtQheFaSfWELRB2MyMBaiWjdDm6ux9Ezns_3','XCP',92771039176,310020,21,NULL,NULL);
INSERT INTO balances VALUES('2_mn6q3dS2EnDUx3bmyWc6D4szJNVGtaR7zc_mnfAHmddVibnZNSkh8DvKaQoiEfNsxjXzH_mtQheFaSfWELRB2MyMBaiWjdDm6ux9Ezns_3','XCP',92841039176,310020,21,NULL,NULL);
INSERT INTO balances VALUES('2_mn6q3dS2EnDUx3bmyWc6D4szJNVGtaR7zc_mnfAHmddVibnZNSkh8DvKaQoiEfNsxjXzH_mtQheFaSfWELRB2MyMBaiWjdDm6ux9Ezns_3','BBBB',946000000,310021,22,NULL,NULL);
INSERT INTO balances VALUES('2_mn6q3dS2EnDUx3bmyWc6D4szJNVGtaR7zc_mnfAHmddVibnZNSkh8DvKaQoiEfNsxjXzH_mtQheFaSfWELRB2MyMBaiWjdDm6ux9Ezns_3','XCP',149840926438,310022,23,NULL,NULL);
INSERT INTO balances VALUES('2_mn6q3dS2EnDUx3bmyWc6D4szJNVGtaR7zc_mnfAHmddVibnZNSkh8DvKaQoiEfNsxjXzH_mtQheFaSfWELRB2MyMBaiWjdDm6ux9Ezns_3','XCP',149849426438,310023,0,NULL,NULL);
INSERT INTO balances VALUES('2_mn6q3dS2EnDUx3bmyWc6D4szJNVGtaR7zc_mnfAHmddVibnZNSkh8DvKaQoiEfNsxjXzH_mtQheFaSfWELRB2MyMBaiWjdDm6ux9Ezns_3','BBBC',89474,310023,24,NULL,NULL);
INSERT INTO balances VALUES('2_mn6q3dS2EnDUx3bmyWc6D4szJNVGtaR7zc_mnfAHmddVibnZNSkh8DvKaQoiEfNsxjXzH_mqPCfvqTfYctXMUfmniXeG2nyaN8w6tPmj_3','BBBC',10526,310023,24,NULL,NULL);
INSERT INTO balances VALUES('2_mn6q3dS2EnDUx3bmyWc6D4szJNVGtaR7zc_mnfAHmddVibnZNSkh8DvKaQoiEfNsxjXzH_mtQheFaSfWELRB2MyMBaiWjdDm6ux9Ezns_3','BBBB',996000000,310032,0,NULL,NULL);
-- Triggers and indices on  balances
CREATE INDEX balances_address_asset_idx ON balances (address, asset)
        ;
CREATE INDEX balances_address_idx ON balances (address)
        ;
CREATE INDEX balances_asset_idx ON balances (asset)
        ;
CREATE INDEX balances_block_index_idx ON balances (block_index)
        ;
CREATE INDEX balances_quantity_idx ON balances (quantity)
        ;
CREATE INDEX balances_utxo_address_idx ON balances (utxo_address)
        ;
CREATE INDEX balances_utxo_idx ON balances (utxo)
        ;
CREATE TRIGGER block_update_balances
                           BEFORE UPDATE ON balances BEGIN
                               SELECT RAISE(FAIL, "UPDATES NOT ALLOWED");
                           END;

COMMIT TRANSACTION;
PRAGMA page_size=4096;
-- PRAGMA encoding='UTF-8';
-- PRAGMA auto_vacuum=FULL;
-- PRAGMA max_page_count=4294967294;

BEGIN TRANSACTION;

-- Table  balances
DROP TABLE IF EXISTS balances;
CREATE TABLE balances(
                      address TEXT,
                      asset TEXT,
                      quantity INTEGER, block_index INTEGER, tx_index INTEGER, utxo TEXT, utxo_address TEXT);
INSERT INTO balances VALUES('2_mn6q3dS2EnDUx3bmyWc6D4szJNVGtaR7zc_mnfAHmddVibnZNSkh8DvKaQoiEfNsxjXzH_mtQheFaSfWELRB2MyMBaiWjdDm6ux9Ezns_3','XCP',93000000000,310000,1,NULL,NULL);
INSERT INTO balances VALUES('2_mn6q3dS2EnDUx3bmyWc6D4szJNVGtaR7zc_mnfAHmddVibnZNSkh8DvKaQoiEfNsxjXzH_mtQheFaSfWELRB2MyMBaiWjdDm6ux9Ezns_3','XCP',92950000000,310001,2,NULL,NULL);
INSERT INTO balances VALUES('2_mn6q3dS2EnDUx3bmyWc6D4szJNVGtaR7zc_mnfAHmddVibnZNSkh8DvKaQoiEfNsxjXzH_mqPCfvqTfYctXMUfmniXeG2nyaN8w6tPmj_3','XCP',50000000,310001,2,NULL,NULL);
INSERT INTO balances VALUES('2_mn6q3dS2EnDUx3bmyWc6D4szJNVGtaR7zc_mnfAHmddVibnZNSkh8DvKaQoiEfNsxjXzH_mtQheFaSfWELRB2MyMBaiWjdDm6ux9Ezns_3','XCP',92845000000,310003,4,NULL,NULL);
INSERT INTO balances VALUES('2_mn6q3dS2EnDUx3bmyWc6D4szJNVGtaR7zc_mnfAHmddVibnZNSkh8DvKaQoiEfNsxjXzH_mtQheFaSfWELRB2MyMBaiWjdDm6ux9Ezns_3','XCP',92945000000,310004,5,NULL,NULL);
INSERT INTO balances VALUES('2_mn6q3dS2EnDUx3bmyWc6D4szJNVGtaR7zc_mnfAHmddVibnZNSkh8DvKaQoiEfNsxjXzH_mtQheFaSfWELRB2MyMBaiWjdDm6ux9Ezns_3','XCP',92895000000,310005,6,NULL,NULL);
INSERT INTO balances VALUES('2_mn6q3dS2EnDUx3bmyWc6D4szJNVGtaR7zc_mnfAHmddVibnZNSkh8DvKaQoiEfNsxjXzH_mtQheFaSfWELRB2MyMBaiWjdDm6ux9Ezns_3','BBBB',1000000000,310005,6,NULL,NULL);
INSERT INTO balances VALUES('2_mn6q3dS2EnDUx3bmyWc6D4szJNVGtaR7zc_mnfAHmddVibnZNSkh8DvKaQoiEfNsxjXzH_mtQheFaSfWELRB2MyMBaiWjdDm6ux9Ezns_3','XCP',92845000000,310006,7,NULL,NULL);
INSERT INTO balances VALUES('2_mn6q3dS2EnDUx3bmyWc6D4szJNVGtaR7zc_mnfAHmddVibnZNSkh8DvKaQoiEfNsxjXzH_mtQheFaSfWELRB2MyMBaiWjdDm6ux9Ezns_3','BBBC',100000,310006,7,NULL,NULL);
INSERT INTO balances VALUES('2_mn6q3dS2EnDUx3bmyWc6D4szJNVGtaR7zc_mnfAHmddVibnZNSkh8DvKaQoiEfNsxjXzH_mtQheFaSfWELRB2MyMBaiWjdDm6ux9Ezns_3','BBBB',996000000,310007,8,NULL,NULL);
INSERT INTO balances VALUES('2_mn6q3dS2EnDUx3bmyWc6D4szJNVGtaR7zc_mnfAHmddVibnZNSkh8DvKaQoiEfNsxjXzH_mqPCfvqTfYctXMUfmniXeG2nyaN8w6tPmj_3','BBBB',4000000,310007,8,NULL,NULL);
INSERT INTO balances VALUES('2_mn6q3dS2EnDUx3bmyWc6D4szJNVGtaR7zc_mnfAHmddVibnZNSkh8DvKaQoiEfNsxjXzH_mtQheFaSfWELRB2MyMBaiWjdDm6ux9Ezns_3','BBBC',99474,310008,9,NULL,NULL);
INSERT INTO balances VALUES('2_mn6q3dS2EnDUx3bmyWc6D4szJNVGtaR7zc_mnfAHmddVibnZNSkh8DvKaQoiEfNsxjXzH_mqPCfvqTfYctXMUfmniXeG2nyaN8w6tPmj_3','BBBC',526,310008,9,NULL,NULL);
INSERT INTO balances VALUES('2_mn6q3dS2EnDUx3bmyWc6D4szJNVGtaR7zc_mnfAHmddVibnZNSkh8DvKaQoiEfNsxjXzH_mtQheFaSfWELRB2MyMBaiWjdDm6ux9Ezns_3','XCP',92844999976,310009,10,NULL,NULL);
INSERT INTO balances VALUES('2_mn6q3dS2EnDUx3bmyWc6D4szJNVGtaR7zc_mnfAHmddVibnZNSkh8DvKaQoiEfNsxjXzH_mtQheFaSfWELRB2MyMBaiWjdDm6ux9Ezns_3','XCP',92844979976,310009,10,NULL,NULL);
INSERT INTO balances VALUES('2_mn6q3dS2EnDUx3bmyWc6D4szJNVGtaR7zc_mnfAHmddVibnZNSkh8DvKaQoiEfNsxjXzH_mqPCfvqTfYctXMUfmniXeG2nyaN8w6tPmj_3','XCP',50000024,310009,10,NULL,NULL);
INSERT INTO balances VALUES('2_mn6q3dS2EnDUx3bmyWc6D4szJNVGtaR7zc_mnfAHmddVibnZNSkh8DvKaQoiEfNsxjXzH_mtQheFaSfWELRB2MyMBaiWjdDm6ux9Ezns_3','XCP',92844559176,310010,11,NULL,NULL);
INSERT INTO balances VALUES('2_mn6q3dS2EnDUx3bmyWc6D4szJNVGtaR7zc_mnfAHmddVibnZNSkh8DvKaQoiEfNsxjXzH_mtQheFaSfWELRB2MyMBaiWjdDm6ux9Ezns_3','XCP',92844539176,310010,11,NULL,NULL);
INSERT INTO balances VALUES('2_mn6q3dS2EnDUx3bmyWc6D4szJNVGtaR7zc_mnfAHmddVibnZNSkh8DvKaQoiEfNsxjXzH_mqPCfvqTfYctXMUfmniXeG2nyaN8w6tPmj_3','XCP',50420824,310010,11,NULL,NULL);
INSERT INTO balances VALUES('2_mn6q3dS2EnDUx3bmyWc6D4szJNVGtaR7zc_mnfAHmddVibnZNSkh8DvKaQoiEfNsxjXzH_mtQheFaSfWELRB2MyMBaiWjdDm6ux9Ezns_3','XCP',92794539176,310012,13,NULL,NULL);
INSERT INTO balances VALUES('2_mn6q3dS2EnDUx3bmyWc6D4szJNVGtaR7zc_mnfAHmddVibnZNSkh8DvKaQoiEfNsxjXzH_mtQheFaSfWELRB2MyMBaiWjdDm6ux9Ezns_3','XCP',92769539176,310013,14,NULL,NULL);
INSERT INTO balances VALUES('2_mn6q3dS2EnDUx3bmyWc6D4szJNVGtaR7zc_mnfAHmddVibnZNSkh8DvKaQoiEfNsxjXzH_mtQheFaSfWELRB2MyMBaiWjdDm6ux9Ezns_3','XCP',92773789176,310013,14,NULL,NULL);
INSERT INTO balances VALUES('2_mn6q3dS2EnDUx3bmyWc6D4szJNVGtaR7zc_mnfAHmddVibnZNSkh8DvKaQoiEfNsxjXzH_mtQheFaSfWELRB2MyMBaiWjdDm6ux9Ezns_3','XCP',92778789176,310014,0,NULL,NULL);
INSERT INTO balances VALUES('2_mn6q3dS2EnDUx3bmyWc6D4szJNVGtaR7zc_mnfAHmddVibnZNSkh8DvKaQoiEfNsxjXzH_mtQheFaSfWELRB2MyMBaiWjdDm6ux9Ezns_3','XCP',92628789176,310014,15,NULL,NULL);
INSERT INTO balances VALUES('2_mn6q3dS2EnDUx3bmyWc6D4szJNVGtaR7zc_mnfAHmddVibnZNSkh8DvKaQoiEfNsxjXzH_mtQheFaSfWELRB2MyMBaiWjdDm6ux9Ezns_3','XCP',92278789176,310015,16,NULL,NULL);
INSERT INTO balances VALUES('2_mn6q3dS2EnDUx3bmyWc6D4szJNVGtaR7zc_mnfAHmddVibnZNSkh8DvKaQoiEfNsxjXzH_mtQheFaSfWELRB2MyMBaiWjdDm6ux9Ezns_3','XCP',92278789176,310015,16,NULL,NULL);
INSERT INTO balances VALUES('2_mn6q3dS2EnDUx3bmyWc6D4szJNVGtaR7zc_mnfAHmddVibnZNSkh8DvKaQoiEfNsxjXzH_mtQheFaSfWELRB2MyMBaiWjdDm6ux9Ezns_3','XCP',92278789176,310015,16,NULL,NULL);
INSERT INTO balances VALUES('2_mn6q3dS2EnDUx3bmyWc6D4szJNVGtaR7zc_mnfAHmddVibnZNSkh8DvKaQoiEfNsxjXzH_mtQheFaSfWELRB2MyMBaiWjdDm6ux9Ezns_3','XCP',91528789176,310016,17,NULL,NULL);
INSERT INTO balances VALUES('2_mn6q3dS2EnDUx3bmyWc6D4szJNVGtaR7zc_mnfAHmddVibnZNSkh8DvKaQoiEfNsxjXzH_mtQheFaSfWELRB2MyMBaiWjdDm6ux9Ezns_3','XCP',90878789176,310017,18,NULL,NULL);
INSERT INTO balances VALUES('2_mn6q3dS2EnDUx3bmyWc6D4szJNVGtaR7zc_mnfAHmddVibnZNSkh8DvKaQoiEfNsxjXzH_mtQheFaSfWELRB2MyMBaiWjdDm6ux9Ezns_3','XCP',90878789176,310017,18,NULL,NULL);
INSERT INTO balances VALUES('2_mn6q3dS2EnDUx3bmyWc6D4szJNVGtaR7zc_mnfAHmddVibnZNSkh8DvKaQoiEfNsxjXzH_mtQheFaSfWELRB2MyMBaiWjdDm6ux9Ezns_3','XCP',90878789176,310017,18,NULL,NULL);
INSERT INTO balances VALUES('2_mn6q3dS2EnDUx3bmyWc6D4szJNVGtaR7zc_mnfAHmddVibnZNSkh8DvKaQoiEfNsxjXzH_mtQheFaSfWELRB2MyMBaiWjdDm6ux9Ezns_3','XCP',90937926676,310018,19,NULL,NULL);
INSERT INTO balances VALUES('2_mn6q3dS2EnDUx3bmyWc6D4szJNVGtaR7zc_mnfAHmddVibnZNSkh8DvKaQoiEfNsxjXzH_mtQheFaSfWELRB2MyMBaiWjdDm6ux9Ezns_3','XCP',90941039176,310018,19,NULL,NULL);
INSERT INTO balances VALUES('2_mn6q3dS2EnDUx3bmyWc6D4szJNVGtaR7zc_mnfAHmddVibnZNSkh8DvKaQoiEfNsxjXzH_mtQheFaSfWELRB2MyMBaiWjdDm6ux9Ezns_3','XCP',91100339176,310019,20,NULL,NULL);
INSERT INTO balances VALUES('2_mn6q3dS2EnDUx3bmyWc6D4szJNVGtaR7zc_mnfAHmddVibnZNSkh8DvKaQoiEfNsxjXzH_mtQheFaSfWELRB2MyMBaiWjdDm6ux9Ezns_3','XCP',91416039176,310019,20,NULL,NULL);
INSERT INTO balances VALUES('2_mn6q3dS2EnDUx3bmyWc6D4szJNVGtaR7zc_mnfAHmddVibnZNSkh8DvKaQoiEfNsxjXzH_mtQheFaSfWELRB2MyMBaiWjdDm6ux9Ezns_3','XCP',91441039176,310019,20,NULL,NULL);
INSERT INTO balances VALUES('2_mn6q3dS2EnDUx3bmyWc6D4szJNVGtaR7zc_mnfAHmddVibnZNSkh8DvKaQoiEfNsxjXzH_mtQheFaSfWELRB2MyMBaiWjdDm6ux9Ezns_3','XCP',92771039176,310020,21,NULL,NULL);
INSERT INTO balances VALUES('2_mn6q3dS2EnDUx3bmyWc6D4szJNVGtaR7zc_mnfAHmddVibnZNSkh8DvKaQoiEfNsxjXzH_mtQheFaSfWELRB2MyMBaiWjdDm6ux9Ezns_3','XCP',92841039176,310020,21,NULL,NULL);
INSERT INTO balances VALUES('2_mn6q3dS2EnDUx3bmyWc6D4szJNVGtaR7zc_mnfAHmddVibnZNSkh8DvKaQoiEfNsxjXzH_mtQheFaSfWELRB2MyMBaiWjdDm6ux9Ezns_3','BBBB',946000000,310021,22,NULL,NULL);
INSERT INTO balances VALUES('2_mn6q3dS2EnDUx3bmyWc6D4szJNVGtaR7zc_mnfAHmddVibnZNSkh8DvKaQoiEfNsxjXzH_mtQheFaSfWELRB2MyMBaiWjdDm6ux9Ezns_3','XCP',149840926438,310022,23,NULL,NULL);
INSERT INTO balances VALUES('2_mn6q3dS2EnDUx3bmyWc6D4szJNVGtaR7zc_mnfAHmddVibnZNSkh8DvKaQoiEfNsxjXzH_mtQheFaSfWELRB2MyMBaiWjdDm6ux9Ezns_3','XCP',149849426438,310023,0,NULL,NULL);
INSERT INTO balances VALUES('2_mn6q3dS2EnDUx3bmyWc6D4szJNVGtaR7zc_mnfAHmddVibnZNSkh8DvKaQoiEfNsxjXzH_mtQheFaSfWELRB2MyMBaiWjdDm6ux9Ezns_3','BBBC',89474,310023,24,NULL,NULL);
INSERT INTO balances VALUES('2_mn6q3dS2EnDUx3bmyWc6D4szJNVGtaR7zc_mnfAHmddVibnZNSkh8DvKaQoiEfNsxjXzH_mqPCfvqTfYctXMUfmniXeG2nyaN8w6tPmj_3','BBBC',10526,310023,24,NULL,NULL);
INSERT INTO balances VALUES('2_mn6q3dS2EnDUx3bmyWc6D4szJNVGtaR7zc_mnfAHmddVibnZNSkh8DvKaQoiEfNsxjXzH_mtQheFaSfWELRB2MyMBaiWjdDm6ux9Ezns_3','BBBB',996000000,310032,0,NULL,NULL);
-- Triggers and indices on  balances
CREATE INDEX balances_address_asset_idx ON balances (address, asset)
        ;
CREATE INDEX balances_address_idx ON balances (address)
        ;
CREATE INDEX balances_asset_idx ON balances (asset)
        ;
CREATE INDEX balances_block_index_idx ON balances (block_index)
        ;
CREATE INDEX balances_quantity_idx ON balances (quantity)
        ;
CREATE INDEX balances_utxo_address_idx ON balances (utxo_address)
        ;
CREATE INDEX balances_utxo_idx ON balances (utxo)
        ;
CREATE TRIGGER block_update_balances
                           BEFORE UPDATE ON balances BEGIN
                               SELECT RAISE(FAIL, "UPDATES NOT ALLOWED");
                           END;

COMMIT TRANSACTION;
PRAGMA page_size=4096;
-- PRAGMA encoding='UTF-8';
-- PRAGMA auto_vacuum=FULL;
-- PRAGMA max_page_count=4294967294;

BEGIN TRANSACTION;

-- Table  credits
DROP TABLE IF EXISTS credits;
CREATE TABLE credits(
                      block_index INTEGER,
                      address TEXT,
                      asset TEXT,
                      quantity INTEGER,
                      calling_function TEXT,
                      event TEXT, tx_index INTEGER, utxo TEXT, utxo_address TEXT,
                      FOREIGN KEY (block_index) REFERENCES blocks(block_index));
INSERT INTO credits VALUES(310000,'2_mn6q3dS2EnDUx3bmyWc6D4szJNVGtaR7zc_mnfAHmddVibnZNSkh8DvKaQoiEfNsxjXzH_mtQheFaSfWELRB2MyMBaiWjdDm6ux9Ezns_3','XCP',93000000000,'burn','15b35d5497f454c43576f21a1b61d99bde25dfc5aae1a4796dcf55e739d6a399',1,NULL,NULL);
INSERT INTO credits VALUES(310001,'2_mn6q3dS2EnDUx3bmyWc6D4szJNVGtaR7zc_mnfAHmddVibnZNSkh8DvKaQoiEfNsxjXzH_mqPCfvqTfYctXMUfmniXeG2nyaN8w6tPmj_3','XCP',50000000,'send','121285e4ce5c17fbd6e0b0277702af982cdc14054735154a9043beecb247b84f',2,NULL,NULL);
INSERT INTO credits VALUES(310004,'2_mn6q3dS2EnDUx3bmyWc6D4szJNVGtaR7zc_mnfAHmddVibnZNSkh8DvKaQoiEfNsxjXzH_mtQheFaSfWELRB2MyMBaiWjdDm6ux9Ezns_3','XCP',100000000,'btcpay','f0c58099c1614dcf2b8fd12be01c63427a5877b8c0367ecadea31ae9eb9714e6',5,NULL,NULL);
INSERT INTO credits VALUES(310005,'2_mn6q3dS2EnDUx3bmyWc6D4szJNVGtaR7zc_mnfAHmddVibnZNSkh8DvKaQoiEfNsxjXzH_mtQheFaSfWELRB2MyMBaiWjdDm6ux9Ezns_3','BBBB',1000000000,'issuance','9238105e39efd4b7d428ad14011ad0c0f366bdcd150afa954e1f25c0cf4c2cc9',6,NULL,NULL);
INSERT INTO credits VALUES(310006,'2_mn6q3dS2EnDUx3bmyWc6D4szJNVGtaR7zc_mnfAHmddVibnZNSkh8DvKaQoiEfNsxjXzH_mtQheFaSfWELRB2MyMBaiWjdDm6ux9Ezns_3','BBBC',100000,'issuance','19d9d6059edf351635fa19ad867ccfa1db3959a5109fc63729430110a661b6e8',7,NULL,NULL);
INSERT INTO credits VALUES(310007,'2_mn6q3dS2EnDUx3bmyWc6D4szJNVGtaR7zc_mnfAHmddVibnZNSkh8DvKaQoiEfNsxjXzH_mqPCfvqTfYctXMUfmniXeG2nyaN8w6tPmj_3','BBBB',4000000,'send','b25659252f68f162d96cf2cf3070b30e5913b472cbace76985e314b4634641a0',8,NULL,NULL);
INSERT INTO credits VALUES(310008,'2_mn6q3dS2EnDUx3bmyWc6D4szJNVGtaR7zc_mnfAHmddVibnZNSkh8DvKaQoiEfNsxjXzH_mqPCfvqTfYctXMUfmniXeG2nyaN8w6tPmj_3','BBBC',526,'send','592e248181970aa6f97f2cfe133323d3ffb2095dd7f411cfd20b1ab611238a11',9,NULL,NULL);
INSERT INTO credits VALUES(310009,'2_mn6q3dS2EnDUx3bmyWc6D4szJNVGtaR7zc_mnfAHmddVibnZNSkh8DvKaQoiEfNsxjXzH_mqPCfvqTfYctXMUfmniXeG2nyaN8w6tPmj_3','XCP',24,'dividend','f2f6db13d6bda4def4f1bd759b603c64c962f82017329057a9237ceaf171520a',10,NULL,NULL);
INSERT INTO credits VALUES(310010,'2_mn6q3dS2EnDUx3bmyWc6D4szJNVGtaR7zc_mnfAHmddVibnZNSkh8DvKaQoiEfNsxjXzH_mqPCfvqTfYctXMUfmniXeG2nyaN8w6tPmj_3','XCP',420800,'dividend','a4353c6bd3159d3288f76c9f40fdbde89d681b09ec64d1f2b422b2e9e30c10d8',11,NULL,NULL);
INSERT INTO credits VALUES(310013,'2_mn6q3dS2EnDUx3bmyWc6D4szJNVGtaR7zc_mnfAHmddVibnZNSkh8DvKaQoiEfNsxjXzH_mtQheFaSfWELRB2MyMBaiWjdDm6ux9Ezns_3','XCP',4250000,'filled','ce9d3a5ea18ed454ddee80b75bd12abdd47de8e176d9c9dfc768c1233e729943',14,NULL,NULL);
INSERT INTO credits VALUES(310014,'2_mn6q3dS2EnDUx3bmyWc6D4szJNVGtaR7zc_mnfAHmddVibnZNSkh8DvKaQoiEfNsxjXzH_mtQheFaSfWELRB2MyMBaiWjdDm6ux9Ezns_3','XCP',5000000,'cancel order','89a44a3314b298a83d5d14c8646900a5122b8a1e8f6e0528e73ea82044d1726a',0,NULL,NULL);
INSERT INTO credits VALUES(310015,'2_mn6q3dS2EnDUx3bmyWc6D4szJNVGtaR7zc_mnfAHmddVibnZNSkh8DvKaQoiEfNsxjXzH_mtQheFaSfWELRB2MyMBaiWjdDm6ux9Ezns_3','XCP',0,'filled','10c669ad89d61e1a983e179f66f355b1dd21e53d520fd4dc3bb5a6f9e5e24fcd',16,NULL,NULL);
INSERT INTO credits VALUES(310015,'2_mn6q3dS2EnDUx3bmyWc6D4szJNVGtaR7zc_mnfAHmddVibnZNSkh8DvKaQoiEfNsxjXzH_mtQheFaSfWELRB2MyMBaiWjdDm6ux9Ezns_3','XCP',0,'filled','10c669ad89d61e1a983e179f66f355b1dd21e53d520fd4dc3bb5a6f9e5e24fcd',16,NULL,NULL);
INSERT INTO credits VALUES(310017,'2_mn6q3dS2EnDUx3bmyWc6D4szJNVGtaR7zc_mnfAHmddVibnZNSkh8DvKaQoiEfNsxjXzH_mtQheFaSfWELRB2MyMBaiWjdDm6ux9Ezns_3','XCP',0,'filled','67497105b77192af401ec8024ad34de211592877dee8532dbe216d8a8f17dd0c',18,NULL,NULL);
INSERT INTO credits VALUES(310017,'2_mn6q3dS2EnDUx3bmyWc6D4szJNVGtaR7zc_mnfAHmddVibnZNSkh8DvKaQoiEfNsxjXzH_mtQheFaSfWELRB2MyMBaiWjdDm6ux9Ezns_3','XCP',0,'filled','67497105b77192af401ec8024ad34de211592877dee8532dbe216d8a8f17dd0c',18,NULL,NULL);
INSERT INTO credits VALUES(310018,'2_mn6q3dS2EnDUx3bmyWc6D4szJNVGtaR7zc_mnfAHmddVibnZNSkh8DvKaQoiEfNsxjXzH_mtQheFaSfWELRB2MyMBaiWjdDm6ux9Ezns_3','XCP',59137500,'bet settled: liquidated for bear','e87bf8dfeda7df143873ff042cc7a05dd590a6bef6a55c5832e22db1bd5e3bcd',19,NULL,NULL);
INSERT INTO credits VALUES(310018,'2_mn6q3dS2EnDUx3bmyWc6D4szJNVGtaR7zc_mnfAHmddVibnZNSkh8DvKaQoiEfNsxjXzH_mtQheFaSfWELRB2MyMBaiWjdDm6ux9Ezns_3','XCP',3112500,'feed fee','e87bf8dfeda7df143873ff042cc7a05dd590a6bef6a55c5832e22db1bd5e3bcd',19,NULL,NULL);
INSERT INTO credits VALUES(310019,'2_mn6q3dS2EnDUx3bmyWc6D4szJNVGtaR7zc_mnfAHmddVibnZNSkh8DvKaQoiEfNsxjXzH_mtQheFaSfWELRB2MyMBaiWjdDm6ux9Ezns_3','XCP',159300000,'bet settled','1fcd2de64aabc6c05796e28cbea31df45a25928c2cd8dd30d774c9e70c4e97df',20,NULL,NULL);
INSERT INTO credits VALUES(310019,'2_mn6q3dS2EnDUx3bmyWc6D4szJNVGtaR7zc_mnfAHmddVibnZNSkh8DvKaQoiEfNsxjXzH_mtQheFaSfWELRB2MyMBaiWjdDm6ux9Ezns_3','XCP',315700000,'bet settled','1fcd2de64aabc6c05796e28cbea31df45a25928c2cd8dd30d774c9e70c4e97df',20,NULL,NULL);
INSERT INTO credits VALUES(310019,'2_mn6q3dS2EnDUx3bmyWc6D4szJNVGtaR7zc_mnfAHmddVibnZNSkh8DvKaQoiEfNsxjXzH_mtQheFaSfWELRB2MyMBaiWjdDm6ux9Ezns_3','XCP',25000000,'feed fee','1fcd2de64aabc6c05796e28cbea31df45a25928c2cd8dd30d774c9e70c4e97df',20,NULL,NULL);
INSERT INTO credits VALUES(310020,'2_mn6q3dS2EnDUx3bmyWc6D4szJNVGtaR7zc_mnfAHmddVibnZNSkh8DvKaQoiEfNsxjXzH_mtQheFaSfWELRB2MyMBaiWjdDm6ux9Ezns_3','XCP',1330000000,'bet settled: for notequal','dc4b57ad8a0b23dbc7ffc03f51e8076cd2418edf256b2660783bb0d1be0b8b73',21,NULL,NULL);
INSERT INTO credits VALUES(310020,'2_mn6q3dS2EnDUx3bmyWc6D4szJNVGtaR7zc_mnfAHmddVibnZNSkh8DvKaQoiEfNsxjXzH_mtQheFaSfWELRB2MyMBaiWjdDm6ux9Ezns_3','XCP',70000000,'feed fee','dc4b57ad8a0b23dbc7ffc03f51e8076cd2418edf256b2660783bb0d1be0b8b73',21,NULL,NULL);
INSERT INTO credits VALUES(310022,'2_mn6q3dS2EnDUx3bmyWc6D4szJNVGtaR7zc_mnfAHmddVibnZNSkh8DvKaQoiEfNsxjXzH_mtQheFaSfWELRB2MyMBaiWjdDm6ux9Ezns_3','XCP',56999887262,'burn','181709b341ec136f90975fdaa362c767ebd789e72f16d4e17348ab2985c1bd01',23,NULL,NULL);
INSERT INTO credits VALUES(310023,'2_mn6q3dS2EnDUx3bmyWc6D4szJNVGtaR7zc_mnfAHmddVibnZNSkh8DvKaQoiEfNsxjXzH_mtQheFaSfWELRB2MyMBaiWjdDm6ux9Ezns_3','XCP',8500000,'recredit wager remaining','ef92dc4986fdfb4ccb6e101ee949d5307c554e8dd1619307548ec032a973f19c',0,NULL,NULL);
INSERT INTO credits VALUES(310023,'2_mn6q3dS2EnDUx3bmyWc6D4szJNVGtaR7zc_mnfAHmddVibnZNSkh8DvKaQoiEfNsxjXzH_mqPCfvqTfYctXMUfmniXeG2nyaN8w6tPmj_3','BBBC',10000,'send','f4a0c2582fb141e9451a7c00fa61afc147b9959c2dd20a1978950936fdb53831',24,NULL,NULL);
INSERT INTO credits VALUES(310032,'2_mn6q3dS2EnDUx3bmyWc6D4szJNVGtaR7zc_mnfAHmddVibnZNSkh8DvKaQoiEfNsxjXzH_mtQheFaSfWELRB2MyMBaiWjdDm6ux9Ezns_3','BBBB',50000000,'cancel order','4408350196e71533e054ef84d1bdc4ba4b0f693d2d98d240d3c697b553078ab7',0,NULL,NULL);
-- Triggers and indices on  credits
CREATE TRIGGER block_update_credits
                           BEFORE UPDATE ON credits BEGIN
                               SELECT RAISE(FAIL, "UPDATES NOT ALLOWED");
                           END;
CREATE INDEX credits_address_idx ON credits (address)
        ;
CREATE INDEX credits_asset_idx ON credits (asset)
        ;
CREATE INDEX credits_block_index_idx ON credits (block_index)
        ;
CREATE INDEX credits_calling_function_idx ON credits (calling_function)
        ;
CREATE INDEX credits_event_idx ON credits (event)
        ;
CREATE INDEX credits_quantity_idx ON credits (quantity)
        ;
CREATE INDEX credits_utxo_address_idx ON credits (utxo_address)
        ;
CREATE INDEX credits_utxo_idx ON credits (utxo)
        ;

COMMIT TRANSACTION;
PRAGMA page_size=4096;
-- PRAGMA encoding='UTF-8';
-- PRAGMA auto_vacuum=FULL;
-- PRAGMA max_page_count=4294967294;

BEGIN TRANSACTION;

-- Table  debits
DROP TABLE IF EXISTS debits;
CREATE TABLE debits(
                      block_index INTEGER,
                      address TEXT,
                      asset TEXT,
                      quantity INTEGER,
                      action TEXT,
                      event TEXT, tx_index INTEGER, utxo TEXT, utxo_address TEXT,
                      FOREIGN KEY (block_index) REFERENCES blocks(block_index));
INSERT INTO debits VALUES(310001,'2_mn6q3dS2EnDUx3bmyWc6D4szJNVGtaR7zc_mnfAHmddVibnZNSkh8DvKaQoiEfNsxjXzH_mtQheFaSfWELRB2MyMBaiWjdDm6ux9Ezns_3','XCP',50000000,'send','121285e4ce5c17fbd6e0b0277702af982cdc14054735154a9043beecb247b84f',2,NULL,NULL);
INSERT INTO debits VALUES(310003,'2_mn6q3dS2EnDUx3bmyWc6D4szJNVGtaR7zc_mnfAHmddVibnZNSkh8DvKaQoiEfNsxjXzH_mtQheFaSfWELRB2MyMBaiWjdDm6ux9Ezns_3','XCP',105000000,'open order','89a44a3314b298a83d5d14c8646900a5122b8a1e8f6e0528e73ea82044d1726a',4,NULL,NULL);
INSERT INTO debits VALUES(310005,'2_mn6q3dS2EnDUx3bmyWc6D4szJNVGtaR7zc_mnfAHmddVibnZNSkh8DvKaQoiEfNsxjXzH_mtQheFaSfWELRB2MyMBaiWjdDm6ux9Ezns_3','XCP',50000000,'issuance fee','9238105e39efd4b7d428ad14011ad0c0f366bdcd150afa954e1f25c0cf4c2cc9',6,NULL,NULL);
INSERT INTO debits VALUES(310006,'2_mn6q3dS2EnDUx3bmyWc6D4szJNVGtaR7zc_mnfAHmddVibnZNSkh8DvKaQoiEfNsxjXzH_mtQheFaSfWELRB2MyMBaiWjdDm6ux9Ezns_3','XCP',50000000,'issuance fee','19d9d6059edf351635fa19ad867ccfa1db3959a5109fc63729430110a661b6e8',7,NULL,NULL);
INSERT INTO debits VALUES(310007,'2_mn6q3dS2EnDUx3bmyWc6D4szJNVGtaR7zc_mnfAHmddVibnZNSkh8DvKaQoiEfNsxjXzH_mtQheFaSfWELRB2MyMBaiWjdDm6ux9Ezns_3','BBBB',4000000,'send','b25659252f68f162d96cf2cf3070b30e5913b472cbace76985e314b4634641a0',8,NULL,NULL);
INSERT INTO debits VALUES(310008,'2_mn6q3dS2EnDUx3bmyWc6D4szJNVGtaR7zc_mnfAHmddVibnZNSkh8DvKaQoiEfNsxjXzH_mtQheFaSfWELRB2MyMBaiWjdDm6ux9Ezns_3','BBBC',526,'send','592e248181970aa6f97f2cfe133323d3ffb2095dd7f411cfd20b1ab611238a11',9,NULL,NULL);
INSERT INTO debits VALUES(310009,'2_mn6q3dS2EnDUx3bmyWc6D4szJNVGtaR7zc_mnfAHmddVibnZNSkh8DvKaQoiEfNsxjXzH_mtQheFaSfWELRB2MyMBaiWjdDm6ux9Ezns_3','XCP',24,'dividend','f2f6db13d6bda4def4f1bd759b603c64c962f82017329057a9237ceaf171520a',10,NULL,NULL);
INSERT INTO debits VALUES(310009,'2_mn6q3dS2EnDUx3bmyWc6D4szJNVGtaR7zc_mnfAHmddVibnZNSkh8DvKaQoiEfNsxjXzH_mtQheFaSfWELRB2MyMBaiWjdDm6ux9Ezns_3','XCP',20000,'dividend fee','f2f6db13d6bda4def4f1bd759b603c64c962f82017329057a9237ceaf171520a',10,NULL,NULL);
INSERT INTO debits VALUES(310010,'2_mn6q3dS2EnDUx3bmyWc6D4szJNVGtaR7zc_mnfAHmddVibnZNSkh8DvKaQoiEfNsxjXzH_mtQheFaSfWELRB2MyMBaiWjdDm6ux9Ezns_3','XCP',420800,'dividend','a4353c6bd3159d3288f76c9f40fdbde89d681b09ec64d1f2b422b2e9e30c10d8',11,NULL,NULL);
INSERT INTO debits VALUES(310010,'2_mn6q3dS2EnDUx3bmyWc6D4szJNVGtaR7zc_mnfAHmddVibnZNSkh8DvKaQoiEfNsxjXzH_mtQheFaSfWELRB2MyMBaiWjdDm6ux9Ezns_3','XCP',20000,'dividend fee','a4353c6bd3159d3288f76c9f40fdbde89d681b09ec64d1f2b422b2e9e30c10d8',11,NULL,NULL);
INSERT INTO debits VALUES(310012,'2_mn6q3dS2EnDUx3bmyWc6D4szJNVGtaR7zc_mnfAHmddVibnZNSkh8DvKaQoiEfNsxjXzH_mtQheFaSfWELRB2MyMBaiWjdDm6ux9Ezns_3','XCP',50000000,'bet','ef92dc4986fdfb4ccb6e101ee949d5307c554e8dd1619307548ec032a973f19c',13,NULL,NULL);
INSERT INTO debits VALUES(310013,'2_mn6q3dS2EnDUx3bmyWc6D4szJNVGtaR7zc_mnfAHmddVibnZNSkh8DvKaQoiEfNsxjXzH_mtQheFaSfWELRB2MyMBaiWjdDm6ux9Ezns_3','XCP',25000000,'bet','ce9d3a5ea18ed454ddee80b75bd12abdd47de8e176d9c9dfc768c1233e729943',14,NULL,NULL);
INSERT INTO debits VALUES(310014,'2_mn6q3dS2EnDUx3bmyWc6D4szJNVGtaR7zc_mnfAHmddVibnZNSkh8DvKaQoiEfNsxjXzH_mtQheFaSfWELRB2MyMBaiWjdDm6ux9Ezns_3','XCP',150000000,'bet','6722884208180367a60c5c96ae86865dad3c63525a9498d716e98b5015ec2e3d',15,NULL,NULL);
INSERT INTO debits VALUES(310015,'2_mn6q3dS2EnDUx3bmyWc6D4szJNVGtaR7zc_mnfAHmddVibnZNSkh8DvKaQoiEfNsxjXzH_mtQheFaSfWELRB2MyMBaiWjdDm6ux9Ezns_3','XCP',350000000,'bet','10c669ad89d61e1a983e179f66f355b1dd21e53d520fd4dc3bb5a6f9e5e24fcd',16,NULL,NULL);
INSERT INTO debits VALUES(310016,'2_mn6q3dS2EnDUx3bmyWc6D4szJNVGtaR7zc_mnfAHmddVibnZNSkh8DvKaQoiEfNsxjXzH_mtQheFaSfWELRB2MyMBaiWjdDm6ux9Ezns_3','XCP',750000000,'bet','caaceb9160747bd86fa4b3b4d090c9e1617285fae312eac2152bf3fabedcd2bc',17,NULL,NULL);
INSERT INTO debits VALUES(310017,'2_mn6q3dS2EnDUx3bmyWc6D4szJNVGtaR7zc_mnfAHmddVibnZNSkh8DvKaQoiEfNsxjXzH_mtQheFaSfWELRB2MyMBaiWjdDm6ux9Ezns_3','XCP',650000000,'bet','67497105b77192af401ec8024ad34de211592877dee8532dbe216d8a8f17dd0c',18,NULL,NULL);
INSERT INTO debits VALUES(310021,'2_mn6q3dS2EnDUx3bmyWc6D4szJNVGtaR7zc_mnfAHmddVibnZNSkh8DvKaQoiEfNsxjXzH_mtQheFaSfWELRB2MyMBaiWjdDm6ux9Ezns_3','BBBB',50000000,'open order','4408350196e71533e054ef84d1bdc4ba4b0f693d2d98d240d3c697b553078ab7',22,NULL,NULL);
INSERT INTO debits VALUES(310023,'2_mn6q3dS2EnDUx3bmyWc6D4szJNVGtaR7zc_mnfAHmddVibnZNSkh8DvKaQoiEfNsxjXzH_mtQheFaSfWELRB2MyMBaiWjdDm6ux9Ezns_3','BBBC',10000,'send','f4a0c2582fb141e9451a7c00fa61afc147b9959c2dd20a1978950936fdb53831',24,NULL,NULL);
-- Triggers and indices on  debits
CREATE TRIGGER block_update_debits
                           BEFORE UPDATE ON debits BEGIN
                               SELECT RAISE(FAIL, "UPDATES NOT ALLOWED");
                           END;
CREATE INDEX debits_action_idx ON debits (action)
        ;
CREATE INDEX debits_address_idx ON debits (address)
        ;
CREATE INDEX debits_asset_idx ON debits (asset)
        ;
CREATE INDEX debits_block_index_idx ON debits (block_index)
        ;
CREATE INDEX debits_event_idx ON debits (event)
        ;
CREATE INDEX debits_quantity_idx ON debits (quantity)
        ;
CREATE INDEX debits_utxo_address_idx ON debits (utxo_address)
        ;
CREATE INDEX debits_utxo_idx ON debits (utxo)
        ;

COMMIT TRANSACTION;
PRAGMA page_size=4096;
-- PRAGMA encoding='UTF-8';
-- PRAGMA auto_vacuum=FULL;
-- PRAGMA max_page_count=4294967294;

BEGIN TRANSACTION;

-- Table  messages
DROP TABLE IF EXISTS messages;
CREATE TABLE messages(
                      message_index INTEGER PRIMARY KEY,
                      block_index INTEGER,
                      command TEXT,
                      category TEXT,
                      bindings TEXT,
                      timestamp INTEGER,
                      event TEXT,
                      tx_hash TEXT,
                      event_hash TEXT);
INSERT INTO messages VALUES(0,309999,'insert','blocks','{"block_hash":"8b3bef249cb3b0fa23a4936c1249b6bd41daeadc848c8d2e409ea1cbc10adfe7","block_index":309999,"block_time":309999000,"difficulty":null,"ledger_hash":null,"previous_block_hash":null,"txlist_hash":null}',0,'NEW_BLOCK',NULL,'965f19c821dfa5b0ce29c0b99a18a7d2b1c5f70439e4d44627b946c5ac479db9');
INSERT INTO messages VALUES(1,309999,'parse','blocks','{"block_index":309999,"ledger_hash":"63f0fef31d02da85fa779e9a0e1b585b1a6a4e59e14564249e288e074e91c223","messages_hash":"63f0fef31d02da85fa779e9a0e1b585b1a6a4e59e14564249e288e074e91c223","transaction_count":0,"txlist_hash":"63f0fef31d02da85fa779e9a0e1b585b1a6a4e59e14564249e288e074e91c223"}',0,'BLOCK_PARSED',NULL,'640080d2cb6d2e2a1c1d99da104f34aa7632774837b4090fb36fadb2a306d2a0');
INSERT INTO messages VALUES(2,310000,'insert','blocks','{"block_hash":"505d8d82c4ced7daddef7ed0b05ba12ecc664176887b938ef56c6af276f3b30c","block_index":310000,"block_time":310000000,"difficulty":null,"ledger_hash":null,"previous_block_hash":null,"txlist_hash":null}',0,'NEW_BLOCK',NULL,'4e92402478a1ae3c97bae88f2b0dc960fc81385c88cd9b273ca0b74a0993c1b5');
INSERT INTO messages VALUES(3,310000,'insert','transactions','{"block_hash":"505d8d82c4ced7daddef7ed0b05ba12ecc664176887b938ef56c6af276f3b30c","block_index":310000,"block_time":310000000,"btc_amount":62000000,"data":"","destination":"mvCounterpartyXXXXXXXXXXXXXXW24Hef","fee":5625,"source":"2_mn6q3dS2EnDUx3bmyWc6D4szJNVGtaR7zc_mnfAHmddVibnZNSkh8DvKaQoiEfNsxjXzH_mtQheFaSfWELRB2MyMBaiWjdDm6ux9Ezns_3","supported":true,"tx_hash":"15b35d5497f454c43576f21a1b61d99bde25dfc5aae1a4796dcf55e739d6a399","tx_index":1,"utxos_info":"750ccad1bc0bfbf5a710bbafd8b462594ddfee190e3430bca7e8c8d270f2fd5f:0"}',0,'NEW_TRANSACTION',NULL,'81bb5fc1f1b00277d322e23562aea335ad9dbcddedc72dc9084e7b8cf0b381c8');
INSERT INTO messages VALUES(4,310000,'insert','credits','{"address":"2_mn6q3dS2EnDUx3bmyWc6D4szJNVGtaR7zc_mnfAHmddVibnZNSkh8DvKaQoiEfNsxjXzH_mtQheFaSfWELRB2MyMBaiWjdDm6ux9Ezns_3","asset":"XCP","block_index":310000,"calling_function":"burn","event":"15b35d5497f454c43576f21a1b61d99bde25dfc5aae1a4796dcf55e739d6a399","quantity":93000000000,"tx_index":1,"utxo":null,"utxo_address":null}',0,'CREDIT','15b35d5497f454c43576f21a1b61d99bde25dfc5aae1a4796dcf55e739d6a399','422bb4a8d52843822cd798abacdb25c2943a41ff758a99943acf8ff0db30b23b');
INSERT INTO messages VALUES(5,310000,'insert','burns','{"block_index":310000,"burned":62000000,"earned":93000000000,"source":"2_mn6q3dS2EnDUx3bmyWc6D4szJNVGtaR7zc_mnfAHmddVibnZNSkh8DvKaQoiEfNsxjXzH_mtQheFaSfWELRB2MyMBaiWjdDm6ux9Ezns_3","status":"valid","tx_hash":"15b35d5497f454c43576f21a1b61d99bde25dfc5aae1a4796dcf55e739d6a399","tx_index":1}',0,'BURN','15b35d5497f454c43576f21a1b61d99bde25dfc5aae1a4796dcf55e739d6a399','f7c4870ea0675c8871a1e497835094e1e9a6fe94cf4ccb24bb199450887adc82');
INSERT INTO messages VALUES(6,310000,'parse','blocks','{"block_index":310000,"ledger_hash":"cff3ba7c92f6b318eb4a4a5e2b90b655fc055d4e8a82101b813aef6e1c6152e4","messages_hash":"e34cf3d8f2969e78eef50d68dedd6c97c987cffb56fac320ccf7b444e954c813","transaction_count":1,"txlist_hash":"9f6f20e36fd2b2b44df6e91fbfaeffc6d7fae9917b27d196245ee90c36d99ff1"}',0,'BLOCK_PARSED',NULL,'3e5a5de437afee4d9df7081910401023b5e3a1f6de392bc546949bf42fab9db9');
INSERT INTO messages VALUES(7,310001,'insert','blocks','{"block_hash":"3c9f6a9c6cac46a9273bd3db39ad775acd5bc546378ec2fb0587e06e112cc78e","block_index":310001,"block_time":310001000,"difficulty":null,"ledger_hash":null,"previous_block_hash":null,"txlist_hash":null}',0,'NEW_BLOCK',NULL,'131f0a050cd5ff6dcf2abe121c143858728e7086db222d0c4bb5a96c73046a81');
INSERT INTO messages VALUES(8,310001,'insert','transactions','{"block_hash":"3c9f6a9c6cac46a9273bd3db39ad775acd5bc546378ec2fb0587e06e112cc78e","block_index":310001,"block_time":310001000,"btc_amount":1000,"data":"0000000000000000000000010000000002faf080","destination":"2_mn6q3dS2EnDUx3bmyWc6D4szJNVGtaR7zc_mnfAHmddVibnZNSkh8DvKaQoiEfNsxjXzH_mqPCfvqTfYctXMUfmniXeG2nyaN8w6tPmj_3","fee":7650,"source":"2_mn6q3dS2EnDUx3bmyWc6D4szJNVGtaR7zc_mnfAHmddVibnZNSkh8DvKaQoiEfNsxjXzH_mtQheFaSfWELRB2MyMBaiWjdDm6ux9Ezns_3","supported":true,"tx_hash":"121285e4ce5c17fbd6e0b0277702af982cdc14054735154a9043beecb247b84f","tx_index":2,"utxos_info":"a91d2e8deef46214f4c9b8aebb35b6d8807f2a400c2fb6fbf3fb47442d7ea39c:0"}',0,'NEW_TRANSACTION',NULL,'2b339d60998c043c666cf39927e282f1e361eaa6fb8ac3f602cd5ca9436cd649');
INSERT INTO messages VALUES(9,310001,'insert','debits','{"action":"send","address":"2_mn6q3dS2EnDUx3bmyWc6D4szJNVGtaR7zc_mnfAHmddVibnZNSkh8DvKaQoiEfNsxjXzH_mtQheFaSfWELRB2MyMBaiWjdDm6ux9Ezns_3","asset":"XCP","block_index":310001,"event":"121285e4ce5c17fbd6e0b0277702af982cdc14054735154a9043beecb247b84f","quantity":50000000,"tx_index":2,"utxo":null,"utxo_address":null}',0,'DEBIT','121285e4ce5c17fbd6e0b0277702af982cdc14054735154a9043beecb247b84f','0eb129619d5d71523693a06129d7094198266c40b26193b2d26d51160b13b062');
INSERT INTO messages VALUES(10,310001,'insert','credits','{"address":"2_mn6q3dS2EnDUx3bmyWc6D4szJNVGtaR7zc_mnfAHmddVibnZNSkh8DvKaQoiEfNsxjXzH_mqPCfvqTfYctXMUfmniXeG2nyaN8w6tPmj_3","asset":"XCP","block_index":310001,"calling_function":"send","event":"121285e4ce5c17fbd6e0b0277702af982cdc14054735154a9043beecb247b84f","quantity":50000000,"tx_index":2,"utxo":null,"utxo_address":null}',0,'CREDIT','121285e4ce5c17fbd6e0b0277702af982cdc14054735154a9043beecb247b84f','1291e0990735d8aaf441a4c0abec428f907ec10145b451cc9fded19c414a0387');
INSERT INTO messages VALUES(11,310001,'insert','sends','{"asset":"XCP","block_index":310001,"destination":"2_mn6q3dS2EnDUx3bmyWc6D4szJNVGtaR7zc_mnfAHmddVibnZNSkh8DvKaQoiEfNsxjXzH_mqPCfvqTfYctXMUfmniXeG2nyaN8w6tPmj_3","quantity":50000000,"source":"2_mn6q3dS2EnDUx3bmyWc6D4szJNVGtaR7zc_mnfAHmddVibnZNSkh8DvKaQoiEfNsxjXzH_mtQheFaSfWELRB2MyMBaiWjdDm6ux9Ezns_3","status":"valid","tx_hash":"121285e4ce5c17fbd6e0b0277702af982cdc14054735154a9043beecb247b84f","tx_index":2}',0,'SEND','121285e4ce5c17fbd6e0b0277702af982cdc14054735154a9043beecb247b84f','ab38c012dd323d30890029c17c85f8ed6246c01dec8d00c2d5b7c992dbac97b6');
INSERT INTO messages VALUES(12,310001,'parse','transactions','{"supported":true,"tx_hash":"121285e4ce5c17fbd6e0b0277702af982cdc14054735154a9043beecb247b84f","tx_index":2}',0,'TRANSACTION_PARSED','121285e4ce5c17fbd6e0b0277702af982cdc14054735154a9043beecb247b84f','2e2239ba6d7f52c2ac4dcb9294808144ee642b7b59b5a0f6ffe66b4bd5518360');
INSERT INTO messages VALUES(13,310001,'parse','blocks','{"block_index":310001,"ledger_hash":"2281de0177f4fcf8d730e2751d7b9fb5da4df741196bbcaff470c7860a2ca0b6","messages_hash":"f2f12869b75da9f58a31c1156ee42571b4c060589ff6bdef01ec3851fa4a9d58","transaction_count":1,"txlist_hash":"49836952844fe3f887e718d236efa6b1f4cc0b81cfc010f79a6349562ebfc162"}',0,'BLOCK_PARSED',NULL,'fc7ec74b438bc9b87ed35b076ad6e4a6faa6738ed6d92e1a4b112e2193bb001e');
INSERT INTO messages VALUES(14,310002,'insert','blocks','{"block_hash":"fbb60f1144e1f7d4dc036a4a158a10ea6dea2ba6283a723342a49b8eb5cc9964","block_index":310002,"block_time":310002000,"difficulty":null,"ledger_hash":null,"previous_block_hash":null,"txlist_hash":null}',0,'NEW_BLOCK',NULL,'0f30f2b87e6a47261d95142bc23a1b69e8ac57487df5bba08a83c71377edbaef');
INSERT INTO messages VALUES(15,310002,'insert','transactions','{"block_hash":"fbb60f1144e1f7d4dc036a4a158a10ea6dea2ba6283a723342a49b8eb5cc9964","block_index":310002,"block_time":310002000,"btc_amount":0,"data":"0000000a00000000000000000000000002faf08000000000000000010000000005f5e100000a0000000000000000","destination":"","fee":1000000,"source":"2_mn6q3dS2EnDUx3bmyWc6D4szJNVGtaR7zc_mnfAHmddVibnZNSkh8DvKaQoiEfNsxjXzH_mtQheFaSfWELRB2MyMBaiWjdDm6ux9Ezns_3","supported":true,"tx_hash":"c953eb18873ce8aed42456df0ece8e4678e13282d9917916e7a4aec10e828375","tx_index":3,"utxos_info":"4c3b65c423a0600af4c17f48fc9f8443e1e7918f419478a53d22f14b793ab4b3:0"}',0,'NEW_TRANSACTION',NULL,'753aa9d874607da70bbe0d9cdafb1395fe3f71ce24b96583c964a304e05f34d3');
INSERT INTO messages VALUES(16,310002,'insert','orders','{"block_index":310002,"expiration":10,"expire_index":310012,"fee_provided":1000000,"fee_provided_remaining":1000000,"fee_required":0,"fee_required_remaining":0,"get_asset":"XCP","get_quantity":100000000,"get_remaining":100000000,"give_asset":"BTC","give_quantity":50000000,"give_remaining":50000000,"source":"2_mn6q3dS2EnDUx3bmyWc6D4szJNVGtaR7zc_mnfAHmddVibnZNSkh8DvKaQoiEfNsxjXzH_mtQheFaSfWELRB2MyMBaiWjdDm6ux9Ezns_3","status":"open","tx_hash":"c953eb18873ce8aed42456df0ece8e4678e13282d9917916e7a4aec10e828375","tx_index":3}',0,'OPEN_ORDER','c953eb18873ce8aed42456df0ece8e4678e13282d9917916e7a4aec10e828375','1213dcbb65c4251934b422cc30d6b77916b52c3bcc666943e99adee4a6047d12');
INSERT INTO messages VALUES(17,310002,'parse','transactions','{"supported":true,"tx_hash":"c953eb18873ce8aed42456df0ece8e4678e13282d9917916e7a4aec10e828375","tx_index":3}',0,'TRANSACTION_PARSED','c953eb18873ce8aed42456df0ece8e4678e13282d9917916e7a4aec10e828375','c4d4d2bdb766862b824143322ab9eea491eeeeb397360fa18cfe96d138ab079d');
INSERT INTO messages VALUES(18,310002,'parse','blocks','{"block_index":310002,"ledger_hash":"802742a55d8ab83de24c45efb86d1daa0ad4e565cc4db6dcaa5cedb16ec4125f","messages_hash":"4d33dbdcf0af53fb34c19807641fdf4151a190bb14fe21ad3dab4bc53989a28a","transaction_count":1,"txlist_hash":"017a0ddcf461ffcc3c89042ba6a6337efcc276c8f144daad445ba0e4a36bab33"}',0,'BLOCK_PARSED',NULL,'600640b111220318005ad02f1af1087e29962ace34c35ccd52c37b0332aa78ce');
INSERT INTO messages VALUES(19,310003,'insert','blocks','{"block_hash":"d50825dcb32bcf6f69994d616eba18de7718d3d859497e80751b2cb67e333e8a","block_index":310003,"block_time":310003000,"difficulty":null,"ledger_hash":null,"previous_block_hash":null,"txlist_hash":null}',0,'NEW_BLOCK',NULL,'9f5c48372c458bb85f97ed5ada7495d2c8a2898f221ad5731cc301ee32c4d4f8');
INSERT INTO messages VALUES(20,310003,'insert','transactions','{"block_hash":"d50825dcb32bcf6f69994d616eba18de7718d3d859497e80751b2cb67e333e8a","block_index":310003,"block_time":310003000,"btc_amount":0,"data":"0000000a00000000000000010000000006422c4000000000000000000000000002faf080000a00000000000dbba0","destination":"","fee":6800,"source":"2_mn6q3dS2EnDUx3bmyWc6D4szJNVGtaR7zc_mnfAHmddVibnZNSkh8DvKaQoiEfNsxjXzH_mtQheFaSfWELRB2MyMBaiWjdDm6ux9Ezns_3","supported":true,"tx_hash":"89a44a3314b298a83d5d14c8646900a5122b8a1e8f6e0528e73ea82044d1726a","tx_index":4,"utxos_info":"e108001c44f040df19f8e751538a100b2dfbe606f72e8e359794e9c05bc3f52e:0"}',0,'NEW_TRANSACTION',NULL,'2d0e3139de28cad2e860b2058fff99532945a6b8a5819547594a6f50177059ba');
INSERT INTO messages VALUES(21,310003,'insert','debits','{"action":"open order","address":"2_mn6q3dS2EnDUx3bmyWc6D4szJNVGtaR7zc_mnfAHmddVibnZNSkh8DvKaQoiEfNsxjXzH_mtQheFaSfWELRB2MyMBaiWjdDm6ux9Ezns_3","asset":"XCP","block_index":310003,"event":"89a44a3314b298a83d5d14c8646900a5122b8a1e8f6e0528e73ea82044d1726a","quantity":105000000,"tx_index":4,"utxo":null,"utxo_address":null}',0,'DEBIT','89a44a3314b298a83d5d14c8646900a5122b8a1e8f6e0528e73ea82044d1726a','bd759105560f205b6c2c40d827b4c769a4bf0444f49c6d3c72eeda7601c250df');
INSERT INTO messages VALUES(22,310003,'insert','orders','{"block_index":310003,"expiration":10,"expire_index":310013,"fee_provided":6800,"fee_provided_remaining":6800,"fee_required":900000,"fee_required_remaining":900000,"get_asset":"BTC","get_quantity":50000000,"get_remaining":50000000,"give_asset":"XCP","give_quantity":105000000,"give_remaining":105000000,"source":"2_mn6q3dS2EnDUx3bmyWc6D4szJNVGtaR7zc_mnfAHmddVibnZNSkh8DvKaQoiEfNsxjXzH_mtQheFaSfWELRB2MyMBaiWjdDm6ux9Ezns_3","status":"open","tx_hash":"89a44a3314b298a83d5d14c8646900a5122b8a1e8f6e0528e73ea82044d1726a","tx_index":4}',0,'OPEN_ORDER','89a44a3314b298a83d5d14c8646900a5122b8a1e8f6e0528e73ea82044d1726a','11ecf20823aeb4ef0aa6d76602d56ce296d6f5d0f75747f8901579599973b569');
INSERT INTO messages VALUES(23,310003,'update','orders','{"fee_provided_remaining":142858,"fee_required_remaining":0,"get_remaining":0,"give_remaining":0,"status":"open","tx_hash":"c953eb18873ce8aed42456df0ece8e4678e13282d9917916e7a4aec10e828375"}',0,'ORDER_UPDATE','89a44a3314b298a83d5d14c8646900a5122b8a1e8f6e0528e73ea82044d1726a','412325bacb790f4e63716baacdde3a354b985c0b7255df42326e00a3247e4c93');
INSERT INTO messages VALUES(24,310003,'update','orders','{"fee_provided_remaining":6800,"fee_required_remaining":42858,"get_remaining":0,"give_remaining":5000000,"status":"open","tx_hash":"89a44a3314b298a83d5d14c8646900a5122b8a1e8f6e0528e73ea82044d1726a"}',0,'ORDER_UPDATE','89a44a3314b298a83d5d14c8646900a5122b8a1e8f6e0528e73ea82044d1726a','cd09095b7b5580497f70ef92c6910e1450b7601c0ebb7fd9f10633660fed9fab');
INSERT INTO messages VALUES(25,310003,'insert','order_matches','{"backward_asset":"XCP","backward_quantity":100000000,"block_index":310003,"fee_paid":857142,"forward_asset":"BTC","forward_quantity":50000000,"id":"c953eb18873ce8aed42456df0ece8e4678e13282d9917916e7a4aec10e828375_89a44a3314b298a83d5d14c8646900a5122b8a1e8f6e0528e73ea82044d1726a","match_expire_index":310023,"status":"pending","tx0_address":"2_mn6q3dS2EnDUx3bmyWc6D4szJNVGtaR7zc_mnfAHmddVibnZNSkh8DvKaQoiEfNsxjXzH_mtQheFaSfWELRB2MyMBaiWjdDm6ux9Ezns_3","tx0_block_index":310002,"tx0_expiration":10,"tx0_hash":"c953eb18873ce8aed42456df0ece8e4678e13282d9917916e7a4aec10e828375","tx0_index":3,"tx1_address":"2_mn6q3dS2EnDUx3bmyWc6D4szJNVGtaR7zc_mnfAHmddVibnZNSkh8DvKaQoiEfNsxjXzH_mtQheFaSfWELRB2MyMBaiWjdDm6ux9Ezns_3","tx1_block_index":310003,"tx1_expiration":10,"tx1_hash":"89a44a3314b298a83d5d14c8646900a5122b8a1e8f6e0528e73ea82044d1726a","tx1_index":4}',0,'ORDER_MATCH','89a44a3314b298a83d5d14c8646900a5122b8a1e8f6e0528e73ea82044d1726a','b28dce002a5ad7cf7a9effcda0dd88f769f0be9e5cde8131448b65969d8f44ee');
INSERT INTO messages VALUES(26,310003,'parse','transactions','{"supported":true,"tx_hash":"89a44a3314b298a83d5d14c8646900a5122b8a1e8f6e0528e73ea82044d1726a","tx_index":4}',0,'TRANSACTION_PARSED','89a44a3314b298a83d5d14c8646900a5122b8a1e8f6e0528e73ea82044d1726a','abd7f728a441c2975d3a1dfb0b1d04b09fab83184e1e15b43ce198f8757874f7');
INSERT INTO messages VALUES(27,310003,'parse','blocks','{"block_index":310003,"ledger_hash":"ed279c6a985256134cfb39f1283ec97c8dc800b7255a3e8243ca9846884d0378","messages_hash":"cb25217db7a4ae17a295f847aafda153adc24f67e8475354bec53aa1bbefdcef","transaction_count":1,"txlist_hash":"8ec458bf08abe2f3634eafac5af321f02cf5d470c2a87301b8061efe3dcc644f"}',0,'BLOCK_PARSED',NULL,'f30e47f7277255cf7fa6d2e972e30d87a7486cfef4853ab78c2cae0ec1e9aea8');
INSERT INTO messages VALUES(28,310004,'insert','blocks','{"block_hash":"60cdc0ac0e3121ceaa2c3885f21f5789f49992ffef6e6ff99f7da80e36744615","block_index":310004,"block_time":310004000,"difficulty":null,"ledger_hash":null,"previous_block_hash":null,"txlist_hash":null}',0,'NEW_BLOCK',NULL,'ea2bbe9e6d693715d673a5edfceee19395b3817f1b01dac954d9c7fdf0915c20');
INSERT INTO messages VALUES(29,310004,'insert','transactions','{"block_hash":"60cdc0ac0e3121ceaa2c3885f21f5789f49992ffef6e6ff99f7da80e36744615","block_index":310004,"block_time":310004000,"btc_amount":50000000,"data":"0000000bc953eb18873ce8aed42456df0ece8e4678e13282d9917916e7a4aec10e82837589a44a3314b298a83d5d14c8646900a5122b8a1e8f6e0528e73ea82044d1726a","destination":"2_mn6q3dS2EnDUx3bmyWc6D4szJNVGtaR7zc_mnfAHmddVibnZNSkh8DvKaQoiEfNsxjXzH_mtQheFaSfWELRB2MyMBaiWjdDm6ux9Ezns_3","fee":9675,"source":"2_mn6q3dS2EnDUx3bmyWc6D4szJNVGtaR7zc_mnfAHmddVibnZNSkh8DvKaQoiEfNsxjXzH_mtQheFaSfWELRB2MyMBaiWjdDm6ux9Ezns_3","supported":true,"tx_hash":"f0c58099c1614dcf2b8fd12be01c63427a5877b8c0367ecadea31ae9eb9714e6","tx_index":5,"utxos_info":"2fd391aa096ca17e07a6dd0f8cf70121cb8c7c542d17254f34d5c302093a4e3e:0"}',0,'NEW_TRANSACTION',NULL,'ec5d79ec839e0ee023ca43d7841fcce9d1044647f6409156a83e0ce278ee602e');
INSERT INTO messages VALUES(30,310004,'insert','credits','{"address":"2_mn6q3dS2EnDUx3bmyWc6D4szJNVGtaR7zc_mnfAHmddVibnZNSkh8DvKaQoiEfNsxjXzH_mtQheFaSfWELRB2MyMBaiWjdDm6ux9Ezns_3","asset":"XCP","block_index":310004,"calling_function":"btcpay","event":"f0c58099c1614dcf2b8fd12be01c63427a5877b8c0367ecadea31ae9eb9714e6","quantity":100000000,"tx_index":5,"utxo":null,"utxo_address":null}',0,'CREDIT','f0c58099c1614dcf2b8fd12be01c63427a5877b8c0367ecadea31ae9eb9714e6','8c57d8f347d9c61c846cc7dc3753213f844f6c095e447ac18277322b6c3daa6f');
INSERT INTO messages VALUES(31,310004,'update','order_matches','{"id":"c953eb18873ce8aed42456df0ece8e4678e13282d9917916e7a4aec10e828375_89a44a3314b298a83d5d14c8646900a5122b8a1e8f6e0528e73ea82044d1726a","order_match_id":"c953eb18873ce8aed42456df0ece8e4678e13282d9917916e7a4aec10e828375_89a44a3314b298a83d5d14c8646900a5122b8a1e8f6e0528e73ea82044d1726a","status":"completed"}',0,'ORDER_MATCH_UPDATE','f0c58099c1614dcf2b8fd12be01c63427a5877b8c0367ecadea31ae9eb9714e6','f7bd0d8e2205f224e13e4062568fc9c35ef62e26fb51132daf3b5417e5076b6e');
INSERT INTO messages VALUES(32,310004,'insert','btcpays','{"block_index":310004,"btc_amount":50000000,"destination":"2_mn6q3dS2EnDUx3bmyWc6D4szJNVGtaR7zc_mnfAHmddVibnZNSkh8DvKaQoiEfNsxjXzH_mtQheFaSfWELRB2MyMBaiWjdDm6ux9Ezns_3","order_match_id":"c953eb18873ce8aed42456df0ece8e4678e13282d9917916e7a4aec10e828375_89a44a3314b298a83d5d14c8646900a5122b8a1e8f6e0528e73ea82044d1726a","source":"2_mn6q3dS2EnDUx3bmyWc6D4szJNVGtaR7zc_mnfAHmddVibnZNSkh8DvKaQoiEfNsxjXzH_mtQheFaSfWELRB2MyMBaiWjdDm6ux9Ezns_3","status":"valid","tx_hash":"f0c58099c1614dcf2b8fd12be01c63427a5877b8c0367ecadea31ae9eb9714e6","tx_index":5}',0,'BTC_PAY','f0c58099c1614dcf2b8fd12be01c63427a5877b8c0367ecadea31ae9eb9714e6','9b2e7d1a7d33b3952230a859af70cad124499ef37885389a084e99ab11e3bdca');
INSERT INTO messages VALUES(33,310004,'parse','transactions','{"supported":true,"tx_hash":"f0c58099c1614dcf2b8fd12be01c63427a5877b8c0367ecadea31ae9eb9714e6","tx_index":5}',0,'TRANSACTION_PARSED','f0c58099c1614dcf2b8fd12be01c63427a5877b8c0367ecadea31ae9eb9714e6','96ff490bafeb30ccd0236e81f07a16c8ae35138a9eb0cbeb505bd685910fcc86');
INSERT INTO messages VALUES(34,310004,'parse','blocks','{"block_index":310004,"ledger_hash":"bba1ec90ee149be7d8a88ff9df1fca931e076e885be21bc822637829a8675e02","messages_hash":"deac111f81e769502b94500b9ef8626fd2c6203198f7fd51d82267a01184e7a0","transaction_count":1,"txlist_hash":"e2e334cb3c300e622a50d2c206fe532a3320f56c445dc1a9dec750417260fe9a"}',0,'BLOCK_PARSED',NULL,'a12c8875d1e06dbe35670b5f25ae3962723151818687ed177c960e49268eac2f');
INSERT INTO messages VALUES(35,310005,'insert','blocks','{"block_hash":"8005c2926b7ecc50376642bc661a49108b6dc62636463a5c492b123e2184cd9a","block_index":310005,"block_time":310005000,"difficulty":null,"ledger_hash":null,"previous_block_hash":null,"txlist_hash":null}',0,'NEW_BLOCK',NULL,'ae03d1734ffebd3a9c51a2c16032a0f2beb87c8dae55230ced177ddd9c213224');
INSERT INTO messages VALUES(36,310005,'insert','transactions','{"block_hash":"8005c2926b7ecc50376642bc661a49108b6dc62636463a5c492b123e2184cd9a","block_index":310005,"block_time":310005000,"btc_amount":0,"data":"000000140000000000004767000000003b9aca000100000000000000000000","destination":"","fee":6800,"source":"2_mn6q3dS2EnDUx3bmyWc6D4szJNVGtaR7zc_mnfAHmddVibnZNSkh8DvKaQoiEfNsxjXzH_mtQheFaSfWELRB2MyMBaiWjdDm6ux9Ezns_3","supported":true,"tx_hash":"9238105e39efd4b7d428ad14011ad0c0f366bdcd150afa954e1f25c0cf4c2cc9","tx_index":6,"utxos_info":"c06c060767776b7f09c3eed96bea1466a3d9f49c4d00d16cfc4049bd45821fb3:0"}',0,'NEW_TRANSACTION',NULL,'9554a20a6fea6c401f9e2b93f2ffd7644ef50846cd0a33a60078e4e8ee4cf845');
INSERT INTO messages VALUES(37,310005,'insert','debits','{"action":"issuance fee","address":"2_mn6q3dS2EnDUx3bmyWc6D4szJNVGtaR7zc_mnfAHmddVibnZNSkh8DvKaQoiEfNsxjXzH_mtQheFaSfWELRB2MyMBaiWjdDm6ux9Ezns_3","asset":"XCP","block_index":310005,"event":"9238105e39efd4b7d428ad14011ad0c0f366bdcd150afa954e1f25c0cf4c2cc9","quantity":50000000,"tx_index":6,"utxo":null,"utxo_address":null}',0,'DEBIT','9238105e39efd4b7d428ad14011ad0c0f366bdcd150afa954e1f25c0cf4c2cc9','df26040d6f775cac5bb47af521fd1dffaeee14ebb00b93b0b6a0c59c5136ab6c');
INSERT INTO messages VALUES(38,310005,'insert','assets','{"asset_id":"18279","asset_longname":null,"asset_name":"BBBB","block_index":310005}',0,'ASSET_CREATION','9238105e39efd4b7d428ad14011ad0c0f366bdcd150afa954e1f25c0cf4c2cc9','885b46b03d1be647dc71a668639bcc5c99096243fe494dc52441e35e45230115');
INSERT INTO messages VALUES(39,310005,'insert','issuances','{"asset":"BBBB","asset_events":"creation","asset_longname":null,"block_index":310005,"call_date":0,"call_price":0.0,"callable":false,"description":"","description_locked":false,"divisible":true,"fee_paid":50000000,"issuer":"2_mn6q3dS2EnDUx3bmyWc6D4szJNVGtaR7zc_mnfAHmddVibnZNSkh8DvKaQoiEfNsxjXzH_mtQheFaSfWELRB2MyMBaiWjdDm6ux9Ezns_3","locked":false,"quantity":1000000000,"reset":false,"source":"2_mn6q3dS2EnDUx3bmyWc6D4szJNVGtaR7zc_mnfAHmddVibnZNSkh8DvKaQoiEfNsxjXzH_mtQheFaSfWELRB2MyMBaiWjdDm6ux9Ezns_3","status":"valid","transfer":false,"tx_hash":"9238105e39efd4b7d428ad14011ad0c0f366bdcd150afa954e1f25c0cf4c2cc9","tx_index":6}',0,'ASSET_ISSUANCE','9238105e39efd4b7d428ad14011ad0c0f366bdcd150afa954e1f25c0cf4c2cc9','ed102188e7444943ca2fcc625e349ed26301841b0d8f86718f68ba1e7a56102a');
INSERT INTO messages VALUES(40,310005,'insert','credits','{"address":"2_mn6q3dS2EnDUx3bmyWc6D4szJNVGtaR7zc_mnfAHmddVibnZNSkh8DvKaQoiEfNsxjXzH_mtQheFaSfWELRB2MyMBaiWjdDm6ux9Ezns_3","asset":"BBBB","block_index":310005,"calling_function":"issuance","event":"9238105e39efd4b7d428ad14011ad0c0f366bdcd150afa954e1f25c0cf4c2cc9","quantity":1000000000,"tx_index":6,"utxo":null,"utxo_address":null}',0,'CREDIT','9238105e39efd4b7d428ad14011ad0c0f366bdcd150afa954e1f25c0cf4c2cc9','4141e35d9e66064d8a12dbf827e551c6553eca716efd40e85756a39bf194b602');
INSERT INTO messages VALUES(41,310005,'parse','transactions','{"supported":true,"tx_hash":"9238105e39efd4b7d428ad14011ad0c0f366bdcd150afa954e1f25c0cf4c2cc9","tx_index":6}',0,'TRANSACTION_PARSED','9238105e39efd4b7d428ad14011ad0c0f366bdcd150afa954e1f25c0cf4c2cc9','d65de20b5db30a2f926cc5c599a562bb9ae625170fa5bcfcb41efab469fa1043');
INSERT INTO messages VALUES(42,310005,'parse','blocks','{"block_index":310005,"ledger_hash":"5f8a9d465e686b3e9471041bd15d645b7fc8afee36ee890873aa6c3c51d87bb5","messages_hash":"a505a66c740529cdd8a5b685ceb24cc403626ffb4f6e6e2ae126ee92ae1010b4","transaction_count":1,"txlist_hash":"260ad7ae2e2b555f7adf9155fcb761e7ed7a2d22f128457db0f1ff363b498d64"}',0,'BLOCK_PARSED',NULL,'e163e06861bd5742cbeb168c441d169e7f2cf27ddd46e938528cdb44a17c319a');
INSERT INTO messages VALUES(43,310006,'insert','blocks','{"block_hash":"bdad69d1669eace68b9f246de113161099d4f83322e2acf402c42defef3af2bb","block_index":310006,"block_time":310006000,"difficulty":null,"ledger_hash":null,"previous_block_hash":null,"txlist_hash":null}',0,'NEW_BLOCK',NULL,'cd92272861e89534cdac5b426360dda7cfdddcc96e42ac62eda0e1746524e464');
INSERT INTO messages VALUES(44,310006,'insert','transactions','{"block_hash":"bdad69d1669eace68b9f246de113161099d4f83322e2acf402c42defef3af2bb","block_index":310006,"block_time":310006000,"btc_amount":0,"data":"00000014000000000000476800000000000186a00000000000000000000006666f6f626172","destination":"","fee":6800,"source":"2_mn6q3dS2EnDUx3bmyWc6D4szJNVGtaR7zc_mnfAHmddVibnZNSkh8DvKaQoiEfNsxjXzH_mtQheFaSfWELRB2MyMBaiWjdDm6ux9Ezns_3","supported":true,"tx_hash":"19d9d6059edf351635fa19ad867ccfa1db3959a5109fc63729430110a661b6e8","tx_index":7,"utxos_info":"70e7cfe725accafbee3f35946c1a5d4ab2aa80adcfb17a0aed6af3e79278a848:0"}',0,'NEW_TRANSACTION',NULL,'0d5f962aa19ff92dd703cb51b7efaa49921c1c681b2d1703bc04db4bd621b1f9');
INSERT INTO messages VALUES(45,310006,'insert','debits','{"action":"issuance fee","address":"2_mn6q3dS2EnDUx3bmyWc6D4szJNVGtaR7zc_mnfAHmddVibnZNSkh8DvKaQoiEfNsxjXzH_mtQheFaSfWELRB2MyMBaiWjdDm6ux9Ezns_3","asset":"XCP","block_index":310006,"event":"19d9d6059edf351635fa19ad867ccfa1db3959a5109fc63729430110a661b6e8","quantity":50000000,"tx_index":7,"utxo":null,"utxo_address":null}',0,'DEBIT','19d9d6059edf351635fa19ad867ccfa1db3959a5109fc63729430110a661b6e8','fdab52767add9dcc80f1465166f10e0ab0fcf9cc9547e7f376a77b3d0318642d');
INSERT INTO messages VALUES(46,310006,'insert','assets','{"asset_id":"18280","asset_longname":null,"asset_name":"BBBC","block_index":310006}',0,'ASSET_CREATION','19d9d6059edf351635fa19ad867ccfa1db3959a5109fc63729430110a661b6e8','3df6069e4c791f7465f571de27e373d9c13d4c821af367d10be1315c39ffa95b');
INSERT INTO messages VALUES(47,310006,'insert','issuances','{"asset":"BBBC","asset_events":"creation","asset_longname":null,"block_index":310006,"call_date":0,"call_price":0.0,"callable":false,"description":"foobar","description_locked":false,"divisible":false,"fee_paid":50000000,"issuer":"2_mn6q3dS2EnDUx3bmyWc6D4szJNVGtaR7zc_mnfAHmddVibnZNSkh8DvKaQoiEfNsxjXzH_mtQheFaSfWELRB2MyMBaiWjdDm6ux9Ezns_3","locked":false,"quantity":100000,"reset":false,"source":"2_mn6q3dS2EnDUx3bmyWc6D4szJNVGtaR7zc_mnfAHmddVibnZNSkh8DvKaQoiEfNsxjXzH_mtQheFaSfWELRB2MyMBaiWjdDm6ux9Ezns_3","status":"valid","transfer":false,"tx_hash":"19d9d6059edf351635fa19ad867ccfa1db3959a5109fc63729430110a661b6e8","tx_index":7}',0,'ASSET_ISSUANCE','19d9d6059edf351635fa19ad867ccfa1db3959a5109fc63729430110a661b6e8','3b43e3c2919716c652f6d615e29659fa0e69e3ad2d4748d2491fc1c9451daaa0');
INSERT INTO messages VALUES(48,310006,'insert','credits','{"address":"2_mn6q3dS2EnDUx3bmyWc6D4szJNVGtaR7zc_mnfAHmddVibnZNSkh8DvKaQoiEfNsxjXzH_mtQheFaSfWELRB2MyMBaiWjdDm6ux9Ezns_3","asset":"BBBC","block_index":310006,"calling_function":"issuance","event":"19d9d6059edf351635fa19ad867ccfa1db3959a5109fc63729430110a661b6e8","quantity":100000,"tx_index":7,"utxo":null,"utxo_address":null}',0,'CREDIT','19d9d6059edf351635fa19ad867ccfa1db3959a5109fc63729430110a661b6e8','f24438d18124f352257179b4d3f9ee991e988aad43dde3518104ac90f6019c2b');
INSERT INTO messages VALUES(49,310006,'parse','transactions','{"supported":true,"tx_hash":"19d9d6059edf351635fa19ad867ccfa1db3959a5109fc63729430110a661b6e8","tx_index":7}',0,'TRANSACTION_PARSED','19d9d6059edf351635fa19ad867ccfa1db3959a5109fc63729430110a661b6e8','311f2412a1d38a9dcf7b6e1f8a78c807e04e640509966eb30ab5d64490f11414');
INSERT INTO messages VALUES(50,310006,'parse','blocks','{"block_index":310006,"ledger_hash":"153795f1c7ae2dbec7fc19bb25d03dd518f0664bca82b9bb92bb7c4f1e22f040","messages_hash":"74f1ec6a8af3bd659896a94080f4a95ba73e835962aefeefc169819c54c9f5d8","transaction_count":1,"txlist_hash":"c047baa686f8bf24c406cf03687c0b4fe6b95e4afe0b396e0f507a694fb10245"}',0,'BLOCK_PARSED',NULL,'72ab77dda90a0e3b00ca193c1419b6fd83304c30eafbe2ac1c749828c1e73783');
INSERT INTO messages VALUES(51,310007,'insert','blocks','{"block_hash":"10a642b96d60091d08234d17dfdecf3025eca41e4fc8e3bbe71a91c5a457cb4b","block_index":310007,"block_time":310007000,"difficulty":null,"ledger_hash":null,"previous_block_hash":null,"txlist_hash":null}',0,'NEW_BLOCK',NULL,'24ca08f170f07832b94f087c999ebc84c6684a02496643c6ec9a133acfe8de27');
INSERT INTO messages VALUES(52,310007,'insert','transactions','{"block_hash":"10a642b96d60091d08234d17dfdecf3025eca41e4fc8e3bbe71a91c5a457cb4b","block_index":310007,"block_time":310007000,"btc_amount":1000,"data":"00000000000000000000476700000000003d0900","destination":"2_mn6q3dS2EnDUx3bmyWc6D4szJNVGtaR7zc_mnfAHmddVibnZNSkh8DvKaQoiEfNsxjXzH_mqPCfvqTfYctXMUfmniXeG2nyaN8w6tPmj_3","fee":7650,"source":"2_mn6q3dS2EnDUx3bmyWc6D4szJNVGtaR7zc_mnfAHmddVibnZNSkh8DvKaQoiEfNsxjXzH_mtQheFaSfWELRB2MyMBaiWjdDm6ux9Ezns_3","supported":true,"tx_hash":"b25659252f68f162d96cf2cf3070b30e5913b472cbace76985e314b4634641a0","tx_index":8,"utxos_info":"d36f95f3a8fb5852f28ff84250bd92661ec31fce6d5b1505455279e2c9826ec8:0"}',0,'NEW_TRANSACTION',NULL,'0ffadc6a6dea4447895992694bff971eff6af9d5477fbf72e623707fde2cd09d');
INSERT INTO messages VALUES(53,310007,'insert','debits','{"action":"send","address":"2_mn6q3dS2EnDUx3bmyWc6D4szJNVGtaR7zc_mnfAHmddVibnZNSkh8DvKaQoiEfNsxjXzH_mtQheFaSfWELRB2MyMBaiWjdDm6ux9Ezns_3","asset":"BBBB","block_index":310007,"event":"b25659252f68f162d96cf2cf3070b30e5913b472cbace76985e314b4634641a0","quantity":4000000,"tx_index":8,"utxo":null,"utxo_address":null}',0,'DEBIT','b25659252f68f162d96cf2cf3070b30e5913b472cbace76985e314b4634641a0','83cf5c17064c463be009256450f96eb675874e01e4759245731ad3f6ed1ff9ed');
INSERT INTO messages VALUES(54,310007,'insert','credits','{"address":"2_mn6q3dS2EnDUx3bmyWc6D4szJNVGtaR7zc_mnfAHmddVibnZNSkh8DvKaQoiEfNsxjXzH_mqPCfvqTfYctXMUfmniXeG2nyaN8w6tPmj_3","asset":"BBBB","block_index":310007,"calling_function":"send","event":"b25659252f68f162d96cf2cf3070b30e5913b472cbace76985e314b4634641a0","quantity":4000000,"tx_index":8,"utxo":null,"utxo_address":null}',0,'CREDIT','b25659252f68f162d96cf2cf3070b30e5913b472cbace76985e314b4634641a0','ed2e15099f7669cec6be3ae829942c57896e10c5ed8a7bb6a5fd8501fc7353a5');
INSERT INTO messages VALUES(55,310007,'insert','sends','{"asset":"BBBB","block_index":310007,"destination":"2_mn6q3dS2EnDUx3bmyWc6D4szJNVGtaR7zc_mnfAHmddVibnZNSkh8DvKaQoiEfNsxjXzH_mqPCfvqTfYctXMUfmniXeG2nyaN8w6tPmj_3","quantity":4000000,"source":"2_mn6q3dS2EnDUx3bmyWc6D4szJNVGtaR7zc_mnfAHmddVibnZNSkh8DvKaQoiEfNsxjXzH_mtQheFaSfWELRB2MyMBaiWjdDm6ux9Ezns_3","status":"valid","tx_hash":"b25659252f68f162d96cf2cf3070b30e5913b472cbace76985e314b4634641a0","tx_index":8}',0,'SEND','b25659252f68f162d96cf2cf3070b30e5913b472cbace76985e314b4634641a0','dc741d4a40330b7525929d7aeeca1ee5b124d3a2bdcfac7349d9bf6d4b829349');
INSERT INTO messages VALUES(56,310007,'parse','transactions','{"supported":true,"tx_hash":"b25659252f68f162d96cf2cf3070b30e5913b472cbace76985e314b4634641a0","tx_index":8}',0,'TRANSACTION_PARSED','b25659252f68f162d96cf2cf3070b30e5913b472cbace76985e314b4634641a0','5fc82f509ea726e7b41e1dcd3ac68ced514444a4c1c297fa374aaa8e675e2336');
INSERT INTO messages VALUES(57,310007,'parse','blocks','{"block_index":310007,"ledger_hash":"c5d21baa8c6949a8e9f0d73a37436d431bf4876ab3b60b82553877ec53fc4454","messages_hash":"795e66c4657593332a2de8d7dc8d6d780ea60ce935a73972fd9be099cad85a07","transaction_count":1,"txlist_hash":"d9532f5bdd583968d88ed24feb95b50c5e319d36171dd7bc6067ddf3d13c623c"}',0,'BLOCK_PARSED',NULL,'d4be71177cef578036e2733d7bc99643b4f95beea9abba3ea32c79ea9d2aef76');
INSERT INTO messages VALUES(58,310008,'insert','blocks','{"block_hash":"47d0e3acbdc6916aeae95e987f9cfa16209b3df1e67bb38143b3422b32322c33","block_index":310008,"block_time":310008000,"difficulty":null,"ledger_hash":null,"previous_block_hash":null,"txlist_hash":null}',0,'NEW_BLOCK',NULL,'ac775a02c14d2dd47e63aaa2746de02a8c90abf712d17326ca482402df7b5d95');
INSERT INTO messages VALUES(59,310008,'insert','transactions','{"block_hash":"47d0e3acbdc6916aeae95e987f9cfa16209b3df1e67bb38143b3422b32322c33","block_index":310008,"block_time":310008000,"btc_amount":1000,"data":"000000000000000000004768000000000000020e","destination":"2_mn6q3dS2EnDUx3bmyWc6D4szJNVGtaR7zc_mnfAHmddVibnZNSkh8DvKaQoiEfNsxjXzH_mqPCfvqTfYctXMUfmniXeG2nyaN8w6tPmj_3","fee":7650,"source":"2_mn6q3dS2EnDUx3bmyWc6D4szJNVGtaR7zc_mnfAHmddVibnZNSkh8DvKaQoiEfNsxjXzH_mtQheFaSfWELRB2MyMBaiWjdDm6ux9Ezns_3","supported":true,"tx_hash":"592e248181970aa6f97f2cfe133323d3ffb2095dd7f411cfd20b1ab611238a11","tx_index":9,"utxos_info":"f436cbcb20522b45ba9c40785725c876d3a520a4f3f683d08d6c24a4e6c1563e:0"}',0,'NEW_TRANSACTION',NULL,'7fd71648e3b36f63b805cefa0591322abf652eb3d7fe4781101acddf47d67a2b');
INSERT INTO messages VALUES(60,310008,'insert','debits','{"action":"send","address":"2_mn6q3dS2EnDUx3bmyWc6D4szJNVGtaR7zc_mnfAHmddVibnZNSkh8DvKaQoiEfNsxjXzH_mtQheFaSfWELRB2MyMBaiWjdDm6ux9Ezns_3","asset":"BBBC","block_index":310008,"event":"592e248181970aa6f97f2cfe133323d3ffb2095dd7f411cfd20b1ab611238a11","quantity":526,"tx_index":9,"utxo":null,"utxo_address":null}',0,'DEBIT','592e248181970aa6f97f2cfe133323d3ffb2095dd7f411cfd20b1ab611238a11','5f1304abe6c97386b85cacde8500929acabe239f7726e8561882ed439c06bb5f');
INSERT INTO messages VALUES(61,310008,'insert','credits','{"address":"2_mn6q3dS2EnDUx3bmyWc6D4szJNVGtaR7zc_mnfAHmddVibnZNSkh8DvKaQoiEfNsxjXzH_mqPCfvqTfYctXMUfmniXeG2nyaN8w6tPmj_3","asset":"BBBC","block_index":310008,"calling_function":"send","event":"592e248181970aa6f97f2cfe133323d3ffb2095dd7f411cfd20b1ab611238a11","quantity":526,"tx_index":9,"utxo":null,"utxo_address":null}',0,'CREDIT','592e248181970aa6f97f2cfe133323d3ffb2095dd7f411cfd20b1ab611238a11','2e6ef615872253fd22674d78abd042f2a32aaa3df43369dcc6d4dc25b6d214ae');
INSERT INTO messages VALUES(62,310008,'insert','sends','{"asset":"BBBC","block_index":310008,"destination":"2_mn6q3dS2EnDUx3bmyWc6D4szJNVGtaR7zc_mnfAHmddVibnZNSkh8DvKaQoiEfNsxjXzH_mqPCfvqTfYctXMUfmniXeG2nyaN8w6tPmj_3","quantity":526,"source":"2_mn6q3dS2EnDUx3bmyWc6D4szJNVGtaR7zc_mnfAHmddVibnZNSkh8DvKaQoiEfNsxjXzH_mtQheFaSfWELRB2MyMBaiWjdDm6ux9Ezns_3","status":"valid","tx_hash":"592e248181970aa6f97f2cfe133323d3ffb2095dd7f411cfd20b1ab611238a11","tx_index":9}',0,'SEND','592e248181970aa6f97f2cfe133323d3ffb2095dd7f411cfd20b1ab611238a11','88e1896b4b2d02a82353b1e5e8a8db0fee1d4df9e797bb2a9504e7b3e582f61e');
INSERT INTO messages VALUES(63,310008,'parse','transactions','{"supported":true,"tx_hash":"592e248181970aa6f97f2cfe133323d3ffb2095dd7f411cfd20b1ab611238a11","tx_index":9}',0,'TRANSACTION_PARSED','592e248181970aa6f97f2cfe133323d3ffb2095dd7f411cfd20b1ab611238a11','ca3b12902fef2c1ef99dee615be6d3004e024ada2867b53d1af2207730f7a0c8');
INSERT INTO messages VALUES(64,310008,'parse','blocks','{"block_index":310008,"ledger_hash":"579de8204446e9128076fd27a644a82da77ca5ff2793ff56815c24a11218af5e","messages_hash":"6e9fcce8f6a3cb387e8ed0f75d4c34fdd2bd04cbacbf29e5037e86c1a02c5df2","transaction_count":1,"txlist_hash":"5b37c224e5684c0b3a913793e7e97c4f88b26b6c6d7683de8e06bb9485fba409"}',0,'BLOCK_PARSED',NULL,'aad4e1a1789b41a99f546589e95660f81a366f91a18af1ef1644b2642f300a76');
INSERT INTO messages VALUES(65,310009,'insert','blocks','{"block_hash":"4d474992b141620bf3753863db7ee5e8af26cadfbba27725911f44fa657bc1c0","block_index":310009,"block_time":310009000,"difficulty":null,"ledger_hash":null,"previous_block_hash":null,"txlist_hash":null}',0,'NEW_BLOCK',NULL,'1c99dcf28723416f6a544552a0305f3a5e084348f1aabcfe2f19ae5c0c106b94');
INSERT INTO messages VALUES(66,310009,'insert','transactions','{"block_hash":"4d474992b141620bf3753863db7ee5e8af26cadfbba27725911f44fa657bc1c0","block_index":310009,"block_time":310009000,"btc_amount":0,"data":"00000032000000000000025800000000000047670000000000000001","destination":"","fee":6800,"source":"2_mn6q3dS2EnDUx3bmyWc6D4szJNVGtaR7zc_mnfAHmddVibnZNSkh8DvKaQoiEfNsxjXzH_mtQheFaSfWELRB2MyMBaiWjdDm6ux9Ezns_3","supported":true,"tx_hash":"f2f6db13d6bda4def4f1bd759b603c64c962f82017329057a9237ceaf171520a","tx_index":10,"utxos_info":"0d302299946d398d35a9735af378054a896a17db28edcc87586ec5ff530520e2:0"}',0,'NEW_TRANSACTION',NULL,'dd632f2d80b252f963eba57b32108bc178f68814cf58c428aebefb08e1254af7');
INSERT INTO messages VALUES(67,310009,'insert','debits','{"action":"dividend","address":"2_mn6q3dS2EnDUx3bmyWc6D4szJNVGtaR7zc_mnfAHmddVibnZNSkh8DvKaQoiEfNsxjXzH_mtQheFaSfWELRB2MyMBaiWjdDm6ux9Ezns_3","asset":"XCP","block_index":310009,"event":"f2f6db13d6bda4def4f1bd759b603c64c962f82017329057a9237ceaf171520a","quantity":24,"tx_index":10,"utxo":null,"utxo_address":null}',0,'DEBIT','f2f6db13d6bda4def4f1bd759b603c64c962f82017329057a9237ceaf171520a','f088869d07db077f9ffc914cae0abfe86a996fb8caefcb34e45fb33db633b37a');
INSERT INTO messages VALUES(68,310009,'insert','debits','{"action":"dividend fee","address":"2_mn6q3dS2EnDUx3bmyWc6D4szJNVGtaR7zc_mnfAHmddVibnZNSkh8DvKaQoiEfNsxjXzH_mtQheFaSfWELRB2MyMBaiWjdDm6ux9Ezns_3","asset":"XCP","block_index":310009,"event":"f2f6db13d6bda4def4f1bd759b603c64c962f82017329057a9237ceaf171520a","quantity":20000,"tx_index":10,"utxo":null,"utxo_address":null}',0,'DEBIT','f2f6db13d6bda4def4f1bd759b603c64c962f82017329057a9237ceaf171520a','260804ea8c83d85018f05b4baa695a6764f323f376b26f1d1315850638f785c1');
INSERT INTO messages VALUES(69,310009,'insert','credits','{"address":"2_mn6q3dS2EnDUx3bmyWc6D4szJNVGtaR7zc_mnfAHmddVibnZNSkh8DvKaQoiEfNsxjXzH_mqPCfvqTfYctXMUfmniXeG2nyaN8w6tPmj_3","asset":"XCP","block_index":310009,"calling_function":"dividend","event":"f2f6db13d6bda4def4f1bd759b603c64c962f82017329057a9237ceaf171520a","quantity":24,"tx_index":10,"utxo":null,"utxo_address":null}',0,'CREDIT','f2f6db13d6bda4def4f1bd759b603c64c962f82017329057a9237ceaf171520a','16243a7ad087945a17a66fb1d5aa2da26ea2017a03f1f56eee86e2b173d8fc46');
INSERT INTO messages VALUES(70,310009,'insert','dividends','{"asset":"BBBB","block_index":310009,"dividend_asset":"XCP","fee_paid":20000,"quantity_per_unit":600,"source":"2_mn6q3dS2EnDUx3bmyWc6D4szJNVGtaR7zc_mnfAHmddVibnZNSkh8DvKaQoiEfNsxjXzH_mtQheFaSfWELRB2MyMBaiWjdDm6ux9Ezns_3","status":"valid","tx_hash":"f2f6db13d6bda4def4f1bd759b603c64c962f82017329057a9237ceaf171520a","tx_index":10}',0,'ASSET_DIVIDEND','f2f6db13d6bda4def4f1bd759b603c64c962f82017329057a9237ceaf171520a','01ef93a87eb13b42765dfa1f7459351c98b0f5df0626827bf5f7bf4419314c2d');
INSERT INTO messages VALUES(71,310009,'parse','transactions','{"supported":true,"tx_hash":"f2f6db13d6bda4def4f1bd759b603c64c962f82017329057a9237ceaf171520a","tx_index":10}',0,'TRANSACTION_PARSED','f2f6db13d6bda4def4f1bd759b603c64c962f82017329057a9237ceaf171520a','b705e441e567c8d42766cfa07888da220784ec944f2d4330f27d9815fae630b8');
INSERT INTO messages VALUES(72,310009,'parse','blocks','{"block_index":310009,"ledger_hash":"c03a6e31f50f172c86029ce6a810ec730e1179ad3e76ba5d4290595ec414bb87","messages_hash":"93015fad6abcaeec7e64b9ac939f3d686c365f2aa21ef25fe835aab70165c9f8","transaction_count":1,"txlist_hash":"f81c6592f74098821e15c146c2a7e4a5be2cc743431d37a5fb6d4143b89907d5"}',0,'BLOCK_PARSED',NULL,'74f66c6751798d10c48439f94bea854a8f5ca8206c74913d4a92c7b78a8181f1');
INSERT INTO messages VALUES(73,310010,'insert','blocks','{"block_hash":"a58162dff81a32e6a29b075be759dbb9fa9b8b65303e69c78fb4d7b0acc37042","block_index":310010,"block_time":310010000,"difficulty":null,"ledger_hash":null,"previous_block_hash":null,"txlist_hash":null}',0,'NEW_BLOCK',NULL,'f6e599c75d20fb2fdacb8976c9b3a6ce29059bebcf4a5c97e5938dd927acee88');
INSERT INTO messages VALUES(74,310010,'insert','transactions','{"block_hash":"a58162dff81a32e6a29b075be759dbb9fa9b8b65303e69c78fb4d7b0acc37042","block_index":310010,"block_time":310010000,"btc_amount":0,"data":"00000032000000000000032000000000000047680000000000000001","destination":"","fee":6800,"source":"2_mn6q3dS2EnDUx3bmyWc6D4szJNVGtaR7zc_mnfAHmddVibnZNSkh8DvKaQoiEfNsxjXzH_mtQheFaSfWELRB2MyMBaiWjdDm6ux9Ezns_3","supported":true,"tx_hash":"a4353c6bd3159d3288f76c9f40fdbde89d681b09ec64d1f2b422b2e9e30c10d8","tx_index":11,"utxos_info":"3704b23673489a138f7021044edddab7f1d94a14e12aedfd5a736d331a7d4495:0"}',0,'NEW_TRANSACTION',NULL,'ae7f59ac23d9b2c5a40d7004e9f1e4bea1964cb1505a584c3e76ab40ac0b9eff');
INSERT INTO messages VALUES(75,310010,'insert','debits','{"action":"dividend","address":"2_mn6q3dS2EnDUx3bmyWc6D4szJNVGtaR7zc_mnfAHmddVibnZNSkh8DvKaQoiEfNsxjXzH_mtQheFaSfWELRB2MyMBaiWjdDm6ux9Ezns_3","asset":"XCP","block_index":310010,"event":"a4353c6bd3159d3288f76c9f40fdbde89d681b09ec64d1f2b422b2e9e30c10d8","quantity":420800,"tx_index":11,"utxo":null,"utxo_address":null}',0,'DEBIT','a4353c6bd3159d3288f76c9f40fdbde89d681b09ec64d1f2b422b2e9e30c10d8','c0cec06b0d972fb2d10a7931bc81b8276a37fc72dcc78b1ab0f38050e525302f');
INSERT INTO messages VALUES(76,310010,'insert','debits','{"action":"dividend fee","address":"2_mn6q3dS2EnDUx3bmyWc6D4szJNVGtaR7zc_mnfAHmddVibnZNSkh8DvKaQoiEfNsxjXzH_mtQheFaSfWELRB2MyMBaiWjdDm6ux9Ezns_3","asset":"XCP","block_index":310010,"event":"a4353c6bd3159d3288f76c9f40fdbde89d681b09ec64d1f2b422b2e9e30c10d8","quantity":20000,"tx_index":11,"utxo":null,"utxo_address":null}',0,'DEBIT','a4353c6bd3159d3288f76c9f40fdbde89d681b09ec64d1f2b422b2e9e30c10d8','0670f88de64111af2329a9fc3526920c0f6d9cc198158912f2cdad34a1b8d100');
INSERT INTO messages VALUES(77,310010,'insert','credits','{"address":"2_mn6q3dS2EnDUx3bmyWc6D4szJNVGtaR7zc_mnfAHmddVibnZNSkh8DvKaQoiEfNsxjXzH_mqPCfvqTfYctXMUfmniXeG2nyaN8w6tPmj_3","asset":"XCP","block_index":310010,"calling_function":"dividend","event":"a4353c6bd3159d3288f76c9f40fdbde89d681b09ec64d1f2b422b2e9e30c10d8","quantity":420800,"tx_index":11,"utxo":null,"utxo_address":null}',0,'CREDIT','a4353c6bd3159d3288f76c9f40fdbde89d681b09ec64d1f2b422b2e9e30c10d8','44548570196e55c43b43cee9d7b19db231332e1c373b0ebf0dd1468dc666f396');
INSERT INTO messages VALUES(78,310010,'insert','dividends','{"asset":"BBBC","block_index":310010,"dividend_asset":"XCP","fee_paid":20000,"quantity_per_unit":800,"source":"2_mn6q3dS2EnDUx3bmyWc6D4szJNVGtaR7zc_mnfAHmddVibnZNSkh8DvKaQoiEfNsxjXzH_mtQheFaSfWELRB2MyMBaiWjdDm6ux9Ezns_3","status":"valid","tx_hash":"a4353c6bd3159d3288f76c9f40fdbde89d681b09ec64d1f2b422b2e9e30c10d8","tx_index":11}',0,'ASSET_DIVIDEND','a4353c6bd3159d3288f76c9f40fdbde89d681b09ec64d1f2b422b2e9e30c10d8','e86d91c818e9a4d342242c05470c52304d4c80c4aef31942a31ab6a9f0aebff4');
INSERT INTO messages VALUES(79,310010,'parse','transactions','{"supported":true,"tx_hash":"a4353c6bd3159d3288f76c9f40fdbde89d681b09ec64d1f2b422b2e9e30c10d8","tx_index":11}',0,'TRANSACTION_PARSED','a4353c6bd3159d3288f76c9f40fdbde89d681b09ec64d1f2b422b2e9e30c10d8','516746c3e639c53c49a9d65710017d82f59ba0dc14a2ea5bdfc0969f58d83e1a');
INSERT INTO messages VALUES(80,310010,'parse','blocks','{"block_index":310010,"ledger_hash":"804651f6571bb24ef7534c97116ae35fb0b6b31aa6a4574a419aae7fc2900b1c","messages_hash":"1c71e31d13a1db84d1d3210591a1282cfdc810d32b87c2bbefcc8154de7546a2","transaction_count":1,"txlist_hash":"3698516a21c2c590522e6419eae91ed8b469d922863141def1f3e295c4954dfd"}',0,'BLOCK_PARSED',NULL,'e1cd66984d1b0e0229c0b39a0102a440c60324266c3f4f3616560453a2576e87');
INSERT INTO messages VALUES(81,310011,'insert','blocks','{"block_hash":"8042cc2ef293fd73d050f283fbd075c79dd4c49fdcca054dc0714fc3a50dc1bb","block_index":310011,"block_time":310011000,"difficulty":null,"ledger_hash":null,"previous_block_hash":null,"txlist_hash":null}',0,'NEW_BLOCK',NULL,'ab7782bf6bea5441ff776926263cf080b44e76a37dd1072f975e166a395d27db');
INSERT INTO messages VALUES(82,310011,'insert','transactions','{"block_hash":"8042cc2ef293fd73d050f283fbd075c79dd4c49fdcca054dc0714fc3a50dc1bb","block_index":310011,"block_time":310011000,"btc_amount":0,"data":"0000001e52bb3300405900000000000005f5e0ff09556e69742054657374","destination":"","fee":6800,"source":"2_mn6q3dS2EnDUx3bmyWc6D4szJNVGtaR7zc_mnfAHmddVibnZNSkh8DvKaQoiEfNsxjXzH_mtQheFaSfWELRB2MyMBaiWjdDm6ux9Ezns_3","supported":true,"tx_hash":"9ec74a4822710f9534a3815f0e836a09219f6c766880a57767c7514071d99084","tx_index":12,"utxos_info":"23f74e8488b875442229dff279f819780d8051c845960fb4eb71585e8ea0ba47:0"}',0,'NEW_TRANSACTION',NULL,'8ca8bb74a522289c1fe82e32454d86333a6c841d894c32eaaf8d72a3e496fa14');
INSERT INTO messages VALUES(83,310011,'insert','broadcasts','{"block_index":310011,"fee_fraction_int":99999999,"locked":false,"source":"2_mn6q3dS2EnDUx3bmyWc6D4szJNVGtaR7zc_mnfAHmddVibnZNSkh8DvKaQoiEfNsxjXzH_mtQheFaSfWELRB2MyMBaiWjdDm6ux9Ezns_3","status":"valid","text":"Unit Test","timestamp":1388000000,"tx_hash":"9ec74a4822710f9534a3815f0e836a09219f6c766880a57767c7514071d99084","tx_index":12,"value":100.0}',0,'BROADCAST','9ec74a4822710f9534a3815f0e836a09219f6c766880a57767c7514071d99084','51fe9c0cfb21e77a041f9f3ec662d4c0a894796133f7745fad9e7c0c60ea0ec9');
INSERT INTO messages VALUES(84,310011,'parse','transactions','{"supported":true,"tx_hash":"9ec74a4822710f9534a3815f0e836a09219f6c766880a57767c7514071d99084","tx_index":12}',0,'TRANSACTION_PARSED','9ec74a4822710f9534a3815f0e836a09219f6c766880a57767c7514071d99084','a407fcb751919a5954f92c010ad6c2b4bc4cc2b382e0f7cd17a2204c9c7072e3');
INSERT INTO messages VALUES(85,310011,'parse','blocks','{"block_index":310011,"ledger_hash":"a9a18fcba1a83d637dcfd633f32848d55c86c5b499e0c15af6a626653b7424b8","messages_hash":"ef70b586c4bc6a9e3136b64db7b36a32bb394189a064a694eaf7108c79fab899","transaction_count":1,"txlist_hash":"deaaba2ecb1772901052ae6490a1015e75146af3b2707b1c148562deff91af49"}',0,'BLOCK_PARSED',NULL,'182476e43d6c547658b2eb459a29e6d47303313651a5def991e15a51c706bb08');
INSERT INTO messages VALUES(86,310012,'insert','blocks','{"block_hash":"cdba329019d93a67b31b79d05f76ce1b7791d430ea0d6c1c2168fe78d2f67677","block_index":310012,"block_time":310012000,"difficulty":null,"ledger_hash":null,"previous_block_hash":null,"txlist_hash":null}',0,'NEW_BLOCK',NULL,'4b3340885736a9545566fe9ea1cab90fe38fb6c36800068efba9c66ef5e4f62c');
INSERT INTO messages VALUES(87,310012,'insert','transactions','{"block_hash":"cdba329019d93a67b31b79d05f76ce1b7791d430ea0d6c1c2168fe78d2f67677","block_index":310012,"block_time":310012000,"btc_amount":1000,"data":"00000028000052bb33640000000002faf08000000000017d7840000000000000000000003b100000000a","destination":"2_mn6q3dS2EnDUx3bmyWc6D4szJNVGtaR7zc_mnfAHmddVibnZNSkh8DvKaQoiEfNsxjXzH_mtQheFaSfWELRB2MyMBaiWjdDm6ux9Ezns_3","fee":7650,"source":"2_mn6q3dS2EnDUx3bmyWc6D4szJNVGtaR7zc_mnfAHmddVibnZNSkh8DvKaQoiEfNsxjXzH_mtQheFaSfWELRB2MyMBaiWjdDm6ux9Ezns_3","supported":true,"tx_hash":"ef92dc4986fdfb4ccb6e101ee949d5307c554e8dd1619307548ec032a973f19c","tx_index":13,"utxos_info":"edbd203a595616cf0285a982c3f85d998f302ade18b011fd847adba54b508001:0"}',0,'NEW_TRANSACTION',NULL,'1867dfad7312518a3016fcaab7e7963bbcb3f0b677da2fa472504f7b2548eeb5');
INSERT INTO messages VALUES(88,310012,'insert','debits','{"action":"bet","address":"2_mn6q3dS2EnDUx3bmyWc6D4szJNVGtaR7zc_mnfAHmddVibnZNSkh8DvKaQoiEfNsxjXzH_mtQheFaSfWELRB2MyMBaiWjdDm6ux9Ezns_3","asset":"XCP","block_index":310012,"event":"ef92dc4986fdfb4ccb6e101ee949d5307c554e8dd1619307548ec032a973f19c","quantity":50000000,"tx_index":13,"utxo":null,"utxo_address":null}',0,'DEBIT','ef92dc4986fdfb4ccb6e101ee949d5307c554e8dd1619307548ec032a973f19c','51ce8afd13c192bf9fe77df626088f9a855554a060de420bb6c32a98fba8a8dd');
INSERT INTO messages VALUES(89,310012,'insert','bets','{"bet_type":0,"block_index":310012,"counterwager_quantity":25000000,"counterwager_remaining":25000000,"deadline":1388000100,"expiration":10,"expire_index":310022,"fee_fraction_int":99999999.0,"feed_address":"2_mn6q3dS2EnDUx3bmyWc6D4szJNVGtaR7zc_mnfAHmddVibnZNSkh8DvKaQoiEfNsxjXzH_mtQheFaSfWELRB2MyMBaiWjdDm6ux9Ezns_3","leverage":15120,"source":"2_mn6q3dS2EnDUx3bmyWc6D4szJNVGtaR7zc_mnfAHmddVibnZNSkh8DvKaQoiEfNsxjXzH_mtQheFaSfWELRB2MyMBaiWjdDm6ux9Ezns_3","status":"open","target_value":0.0,"tx_hash":"ef92dc4986fdfb4ccb6e101ee949d5307c554e8dd1619307548ec032a973f19c","tx_index":13,"wager_quantity":50000000,"wager_remaining":50000000}',0,'OPEN_BET','ef92dc4986fdfb4ccb6e101ee949d5307c554e8dd1619307548ec032a973f19c','f13ca990f408a0e04dc493c97fd1925e46c1bdd1b358375c6a8f749c5b455617');
INSERT INTO messages VALUES(90,310012,'parse','transactions','{"supported":true,"tx_hash":"ef92dc4986fdfb4ccb6e101ee949d5307c554e8dd1619307548ec032a973f19c","tx_index":13}',0,'TRANSACTION_PARSED','ef92dc4986fdfb4ccb6e101ee949d5307c554e8dd1619307548ec032a973f19c','3c8bb2861b99f9768e877b03fddcd6cce9bbb1af989a5c5a75ed9695b850c772');
INSERT INTO messages VALUES(91,310012,'parse','blocks','{"block_index":310012,"ledger_hash":"27298dbdb9026b5d54228b686b7a76f9d42479da79b38b9ef7cd13e4fee27159","messages_hash":"99d83b7a7cb9db6487d3a10b0a3ee91690948667d7696042234cc8158ce30663","transaction_count":1,"txlist_hash":"e409e7c7435482a64f10aaaaa6e62d69a4f0ae3083922c91907d6f15393dbb22"}',0,'BLOCK_PARSED',NULL,'06d8841c7fbc02d0a065f63b2b0b7b9e72a5fcd616c07e55c42347245f2969c6');
INSERT INTO messages VALUES(92,310013,'insert','blocks','{"block_hash":"0425e5e832e4286757dc0228cd505b8d572081007218abd3a0983a3bcd502a61","block_index":310013,"block_time":310013000,"difficulty":null,"ledger_hash":null,"previous_block_hash":null,"txlist_hash":null}',0,'NEW_BLOCK',NULL,'b672db45d53eb5ad69efb876664f263f9386f3d5d54e89c32b2165763e287208');
INSERT INTO messages VALUES(93,310013,'insert','transactions','{"block_hash":"0425e5e832e4286757dc0228cd505b8d572081007218abd3a0983a3bcd502a61","block_index":310013,"block_time":310013000,"btc_amount":1000,"data":"00000028000152bb336400000000017d78400000000002793d60000000000000000000003b100000000a","destination":"2_mn6q3dS2EnDUx3bmyWc6D4szJNVGtaR7zc_mnfAHmddVibnZNSkh8DvKaQoiEfNsxjXzH_mtQheFaSfWELRB2MyMBaiWjdDm6ux9Ezns_3","fee":7650,"source":"2_mn6q3dS2EnDUx3bmyWc6D4szJNVGtaR7zc_mnfAHmddVibnZNSkh8DvKaQoiEfNsxjXzH_mtQheFaSfWELRB2MyMBaiWjdDm6ux9Ezns_3","supported":true,"tx_hash":"ce9d3a5ea18ed454ddee80b75bd12abdd47de8e176d9c9dfc768c1233e729943","tx_index":14,"utxos_info":"70125234408f91cf05af61871ec76164b8676907ba299908cb2ddbaaa3cd2fb1:0"}',0,'NEW_TRANSACTION',NULL,'e371957a06673372e813fd5295fd03ac2fd8e015998f238b7da45674c05594a6');
INSERT INTO messages VALUES(94,310013,'update','orders','{"status":"expired","tx_hash":"c953eb18873ce8aed42456df0ece8e4678e13282d9917916e7a4aec10e828375"}',0,'ORDER_UPDATE',NULL,'7a8778914d8b93122fa2fb84ebb5f0a35bcdb69c8a6280e5d368c35f7f53aab1');
INSERT INTO messages VALUES(95,310013,'insert','order_expirations','{"block_index":310013,"order_hash":"c953eb18873ce8aed42456df0ece8e4678e13282d9917916e7a4aec10e828375","source":"2_mn6q3dS2EnDUx3bmyWc6D4szJNVGtaR7zc_mnfAHmddVibnZNSkh8DvKaQoiEfNsxjXzH_mtQheFaSfWELRB2MyMBaiWjdDm6ux9Ezns_3"}',0,'ORDER_EXPIRATION',NULL,'32e2b1e4ddeef09235a96477f62fbff5cf432370993ba7a494d2058ce5625aaf');
INSERT INTO messages VALUES(96,310013,'insert','debits','{"action":"bet","address":"2_mn6q3dS2EnDUx3bmyWc6D4szJNVGtaR7zc_mnfAHmddVibnZNSkh8DvKaQoiEfNsxjXzH_mtQheFaSfWELRB2MyMBaiWjdDm6ux9Ezns_3","asset":"XCP","block_index":310013,"event":"ce9d3a5ea18ed454ddee80b75bd12abdd47de8e176d9c9dfc768c1233e729943","quantity":25000000,"tx_index":14,"utxo":null,"utxo_address":null}',0,'DEBIT','ce9d3a5ea18ed454ddee80b75bd12abdd47de8e176d9c9dfc768c1233e729943','15969df1e5208f18a177a56fa8bf65f31962dff1ee46f27438ca86b635a82244');
INSERT INTO messages VALUES(97,310013,'insert','bets','{"bet_type":1,"block_index":310013,"counterwager_quantity":41500000,"counterwager_remaining":41500000,"deadline":1388000100,"expiration":10,"expire_index":310023,"fee_fraction_int":99999999.0,"feed_address":"2_mn6q3dS2EnDUx3bmyWc6D4szJNVGtaR7zc_mnfAHmddVibnZNSkh8DvKaQoiEfNsxjXzH_mtQheFaSfWELRB2MyMBaiWjdDm6ux9Ezns_3","leverage":15120,"source":"2_mn6q3dS2EnDUx3bmyWc6D4szJNVGtaR7zc_mnfAHmddVibnZNSkh8DvKaQoiEfNsxjXzH_mtQheFaSfWELRB2MyMBaiWjdDm6ux9Ezns_3","status":"open","target_value":0.0,"tx_hash":"ce9d3a5ea18ed454ddee80b75bd12abdd47de8e176d9c9dfc768c1233e729943","tx_index":14,"wager_quantity":25000000,"wager_remaining":25000000}',0,'OPEN_BET','ce9d3a5ea18ed454ddee80b75bd12abdd47de8e176d9c9dfc768c1233e729943','c81bbc3c0dcc0c1969f8defbb96c2b13970f60d760f5e12aa28c800986798086');
INSERT INTO messages VALUES(98,310013,'update','bets','{"counterwager_remaining":4250000,"status":"open","tx_hash":"ef92dc4986fdfb4ccb6e101ee949d5307c554e8dd1619307548ec032a973f19c","wager_remaining":8500000}',0,'BET_UPDATE','ce9d3a5ea18ed454ddee80b75bd12abdd47de8e176d9c9dfc768c1233e729943','f9e8c94904144759950550098ef75aedc895c6e14047f3a0474b1d05dd8a2f91');
INSERT INTO messages VALUES(99,310013,'insert','credits','{"address":"2_mn6q3dS2EnDUx3bmyWc6D4szJNVGtaR7zc_mnfAHmddVibnZNSkh8DvKaQoiEfNsxjXzH_mtQheFaSfWELRB2MyMBaiWjdDm6ux9Ezns_3","asset":"XCP","block_index":310013,"calling_function":"filled","event":"ce9d3a5ea18ed454ddee80b75bd12abdd47de8e176d9c9dfc768c1233e729943","quantity":4250000,"tx_index":14,"utxo":null,"utxo_address":null}',0,'CREDIT','ce9d3a5ea18ed454ddee80b75bd12abdd47de8e176d9c9dfc768c1233e729943','4af2cfc35419ae34f0560d00ab5f08c0c89c33fc196f1edad89b9de83670b493');
INSERT INTO messages VALUES(100,310013,'update','bets','{"counterwager_remaining":0,"status":"filled","tx_hash":"ce9d3a5ea18ed454ddee80b75bd12abdd47de8e176d9c9dfc768c1233e729943","wager_remaining":4250000}',0,'BET_UPDATE','ce9d3a5ea18ed454ddee80b75bd12abdd47de8e176d9c9dfc768c1233e729943','a7a58f0a19fbe366181496f21adbdc7c11393d1fa83d8e04b8478bf4e1dcc63d');
INSERT INTO messages VALUES(101,310013,'insert','bet_matches','{"backward_quantity":20750000,"block_index":310012,"deadline":1388000100,"fee_fraction_int":99999999,"feed_address":"2_mn6q3dS2EnDUx3bmyWc6D4szJNVGtaR7zc_mnfAHmddVibnZNSkh8DvKaQoiEfNsxjXzH_mtQheFaSfWELRB2MyMBaiWjdDm6ux9Ezns_3","forward_quantity":41500000,"id":"ef92dc4986fdfb4ccb6e101ee949d5307c554e8dd1619307548ec032a973f19c_ce9d3a5ea18ed454ddee80b75bd12abdd47de8e176d9c9dfc768c1233e729943","initial_value":100.0,"leverage":15120,"match_expire_index":310022,"status":"pending","target_value":0.0,"tx0_address":"2_mn6q3dS2EnDUx3bmyWc6D4szJNVGtaR7zc_mnfAHmddVibnZNSkh8DvKaQoiEfNsxjXzH_mtQheFaSfWELRB2MyMBaiWjdDm6ux9Ezns_3","tx0_bet_type":0,"tx0_block_index":310012,"tx0_expiration":10,"tx0_hash":"ef92dc4986fdfb4ccb6e101ee949d5307c554e8dd1619307548ec032a973f19c","tx0_index":13,"tx1_address":"2_mn6q3dS2EnDUx3bmyWc6D4szJNVGtaR7zc_mnfAHmddVibnZNSkh8DvKaQoiEfNsxjXzH_mtQheFaSfWELRB2MyMBaiWjdDm6ux9Ezns_3","tx1_bet_type":1,"tx1_block_index":310013,"tx1_expiration":10,"tx1_hash":"ce9d3a5ea18ed454ddee80b75bd12abdd47de8e176d9c9dfc768c1233e729943","tx1_index":14}',0,'BET_MATCH','ce9d3a5ea18ed454ddee80b75bd12abdd47de8e176d9c9dfc768c1233e729943','4496f13918dd6531d551b11984784a16b126aea20f25eb02c5ab6f2b5d0a15aa');
INSERT INTO messages VALUES(102,310013,'parse','transactions','{"supported":true,"tx_hash":"ce9d3a5ea18ed454ddee80b75bd12abdd47de8e176d9c9dfc768c1233e729943","tx_index":14}',0,'TRANSACTION_PARSED','ce9d3a5ea18ed454ddee80b75bd12abdd47de8e176d9c9dfc768c1233e729943','520dc23772d97c99b5243012384f8d44725c37cfeff3d749e41cc6b77fa93c7c');
INSERT INTO messages VALUES(103,310013,'parse','blocks','{"block_index":310013,"ledger_hash":"f5fbbb8870bb8253cfba52c58765b8c2493ceee6a2db5779a4212ed456bf892e","messages_hash":"c75ef478918bdcd77cd2229bf91ef2d7312fc67496b84e528673b94ef1efb0be","transaction_count":1,"txlist_hash":"78b492a743e24d50541f29a1a8e476434e81961bd457552c55fcbbac68d68fca"}',0,'BLOCK_PARSED',NULL,'7d4a10f8fd7316259a76181e9a607715a598a03dfa00d915ac3bc5e9597f67a2');
INSERT INTO messages VALUES(104,310014,'insert','blocks','{"block_hash":"85b28d413ebda2968ed82ae53643677338650151b997ed1e4656158005b9f65f","block_index":310014,"block_time":310014000,"difficulty":null,"ledger_hash":null,"previous_block_hash":null,"txlist_hash":null}',0,'NEW_BLOCK',NULL,'ab977955b06940d866ae02cc5781962fa1b65c5e7a265cadbce1ff21c2bc76d7');
INSERT INTO messages VALUES(105,310014,'insert','transactions','{"block_hash":"85b28d413ebda2968ed82ae53643677338650151b997ed1e4656158005b9f65f","block_index":310014,"block_time":310014000,"btc_amount":1000,"data":"00000028000052bb33640000000008f0d1800000000014dc93800000000000000000000013b00000000a","destination":"2_mn6q3dS2EnDUx3bmyWc6D4szJNVGtaR7zc_mnfAHmddVibnZNSkh8DvKaQoiEfNsxjXzH_mtQheFaSfWELRB2MyMBaiWjdDm6ux9Ezns_3","fee":7650,"source":"2_mn6q3dS2EnDUx3bmyWc6D4szJNVGtaR7zc_mnfAHmddVibnZNSkh8DvKaQoiEfNsxjXzH_mtQheFaSfWELRB2MyMBaiWjdDm6ux9Ezns_3","supported":true,"tx_hash":"6722884208180367a60c5c96ae86865dad3c63525a9498d716e98b5015ec2e3d","tx_index":15,"utxos_info":"e1eb255cd51ddda8caa319a7690a45fb5385f1ee33bfc8d5011e442434cd4e11:0"}',0,'NEW_TRANSACTION',NULL,'ad5af093dffad32a251a3cb005c69f32bdfc96375db204ea3017575bcd72d603');
INSERT INTO messages VALUES(106,310014,'update','orders','{"status":"expired","tx_hash":"89a44a3314b298a83d5d14c8646900a5122b8a1e8f6e0528e73ea82044d1726a"}',0,'ORDER_UPDATE',NULL,'351518e57a2e6c0c710ba020e59b3f3962e442031ec1ac7888597b669d7d4d17');
INSERT INTO messages VALUES(107,310014,'insert','credits','{"address":"2_mn6q3dS2EnDUx3bmyWc6D4szJNVGtaR7zc_mnfAHmddVibnZNSkh8DvKaQoiEfNsxjXzH_mtQheFaSfWELRB2MyMBaiWjdDm6ux9Ezns_3","asset":"XCP","block_index":310014,"calling_function":"cancel order","event":"89a44a3314b298a83d5d14c8646900a5122b8a1e8f6e0528e73ea82044d1726a","quantity":5000000,"tx_index":0,"utxo":null,"utxo_address":null}',0,'CREDIT',NULL,'243254e9bf861385a73caebc7b9fe5230b7a4ad25162395ce7eacb4ae37fe204');
INSERT INTO messages VALUES(108,310014,'insert','order_expirations','{"block_index":310014,"order_hash":"89a44a3314b298a83d5d14c8646900a5122b8a1e8f6e0528e73ea82044d1726a","source":"2_mn6q3dS2EnDUx3bmyWc6D4szJNVGtaR7zc_mnfAHmddVibnZNSkh8DvKaQoiEfNsxjXzH_mtQheFaSfWELRB2MyMBaiWjdDm6ux9Ezns_3"}',0,'ORDER_EXPIRATION',NULL,'3fb88ffd0ef10ec620a082e6a2652ef50b0d54a3a16ddf4713f8f8f4099ab5cd');
INSERT INTO messages VALUES(109,310014,'insert','debits','{"action":"bet","address":"2_mn6q3dS2EnDUx3bmyWc6D4szJNVGtaR7zc_mnfAHmddVibnZNSkh8DvKaQoiEfNsxjXzH_mtQheFaSfWELRB2MyMBaiWjdDm6ux9Ezns_3","asset":"XCP","block_index":310014,"event":"6722884208180367a60c5c96ae86865dad3c63525a9498d716e98b5015ec2e3d","quantity":150000000,"tx_index":15,"utxo":null,"utxo_address":null}',0,'DEBIT','6722884208180367a60c5c96ae86865dad3c63525a9498d716e98b5015ec2e3d','38ea49e219d077286d22ec5dc5a79e72aab77678a1f426ab6e9bb7b4d6b374e3');
INSERT INTO messages VALUES(110,310014,'insert','bets','{"bet_type":0,"block_index":310014,"counterwager_quantity":350000000,"counterwager_remaining":350000000,"deadline":1388000100,"expiration":10,"expire_index":310024,"fee_fraction_int":99999999.0,"feed_address":"2_mn6q3dS2EnDUx3bmyWc6D4szJNVGtaR7zc_mnfAHmddVibnZNSkh8DvKaQoiEfNsxjXzH_mtQheFaSfWELRB2MyMBaiWjdDm6ux9Ezns_3","leverage":5040,"source":"2_mn6q3dS2EnDUx3bmyWc6D4szJNVGtaR7zc_mnfAHmddVibnZNSkh8DvKaQoiEfNsxjXzH_mtQheFaSfWELRB2MyMBaiWjdDm6ux9Ezns_3","status":"open","target_value":0.0,"tx_hash":"6722884208180367a60c5c96ae86865dad3c63525a9498d716e98b5015ec2e3d","tx_index":15,"wager_quantity":150000000,"wager_remaining":150000000}',0,'OPEN_BET','6722884208180367a60c5c96ae86865dad3c63525a9498d716e98b5015ec2e3d','6632661c43c1d4727cd28e6b774e963beeafa3d8a1881e8f24b3c7e2a833adee');
INSERT INTO messages VALUES(111,310014,'parse','transactions','{"supported":true,"tx_hash":"6722884208180367a60c5c96ae86865dad3c63525a9498d716e98b5015ec2e3d","tx_index":15}',0,'TRANSACTION_PARSED','6722884208180367a60c5c96ae86865dad3c63525a9498d716e98b5015ec2e3d','44a01d8a7c74d2c26bdd287e405fd6228434fab135728309f388219e6f6d14d0');
INSERT INTO messages VALUES(112,310014,'parse','blocks','{"block_index":310014,"ledger_hash":"f1e77a7a4d28d64a0cfd878112074b6205ef09055b93b8923b0c6466a07ea500","messages_hash":"0c5504f7347d832a83338fd2c82d0879e01e3cffcc12d577a2c5f1bce3eae18d","transaction_count":1,"txlist_hash":"475ee3563b60fa5bbf8f8db5eabf9bdfea4a2f1b5fc82aedc37fa7c581c5f065"}',0,'BLOCK_PARSED',NULL,'610ffe80a8911b8ca1a86c9e33a28841229c27e6e6628c2a482669ce78546b43');
INSERT INTO messages VALUES(113,310015,'insert','blocks','{"block_hash":"4cf77d688f18f0c68c077db882f62e49f31859dfa6144372457cd73b29223922","block_index":310015,"block_time":310015000,"difficulty":null,"ledger_hash":null,"previous_block_hash":null,"txlist_hash":null}',0,'NEW_BLOCK',NULL,'b81164679a83eba9f69de00505f15b844d9d9fcfb8dc02a733bc2a3757701ee7');
INSERT INTO messages VALUES(114,310015,'insert','transactions','{"block_hash":"4cf77d688f18f0c68c077db882f62e49f31859dfa6144372457cd73b29223922","block_index":310015,"block_time":310015000,"btc_amount":1000,"data":"00000028000152bb33640000000014dc93800000000008f0d1800000000000000000000013b00000000a","destination":"2_mn6q3dS2EnDUx3bmyWc6D4szJNVGtaR7zc_mnfAHmddVibnZNSkh8DvKaQoiEfNsxjXzH_mtQheFaSfWELRB2MyMBaiWjdDm6ux9Ezns_3","fee":7650,"source":"2_mn6q3dS2EnDUx3bmyWc6D4szJNVGtaR7zc_mnfAHmddVibnZNSkh8DvKaQoiEfNsxjXzH_mtQheFaSfWELRB2MyMBaiWjdDm6ux9Ezns_3","supported":true,"tx_hash":"10c669ad89d61e1a983e179f66f355b1dd21e53d520fd4dc3bb5a6f9e5e24fcd","tx_index":16,"utxos_info":"534148dc2423208b93e138f110e12734d45b678bb534ad1aed2bd50f9d5e21a7:0"}',0,'NEW_TRANSACTION',NULL,'eb7eb01c8ddd646209044fd1cb49033f2057ce2df18679676942cd0de960ac9a');
INSERT INTO messages VALUES(115,310015,'insert','debits','{"action":"bet","address":"2_mn6q3dS2EnDUx3bmyWc6D4szJNVGtaR7zc_mnfAHmddVibnZNSkh8DvKaQoiEfNsxjXzH_mtQheFaSfWELRB2MyMBaiWjdDm6ux9Ezns_3","asset":"XCP","block_index":310015,"event":"10c669ad89d61e1a983e179f66f355b1dd21e53d520fd4dc3bb5a6f9e5e24fcd","quantity":350000000,"tx_index":16,"utxo":null,"utxo_address":null}',0,'DEBIT','10c669ad89d61e1a983e179f66f355b1dd21e53d520fd4dc3bb5a6f9e5e24fcd','7b64c7b1aec1a03871dfd8db9995ff62009a419bff690f187364c01c29f78165');
INSERT INTO messages VALUES(116,310015,'insert','bets','{"bet_type":1,"block_index":310015,"counterwager_quantity":150000000,"counterwager_remaining":150000000,"deadline":1388000100,"expiration":10,"expire_index":310025,"fee_fraction_int":99999999.0,"feed_address":"2_mn6q3dS2EnDUx3bmyWc6D4szJNVGtaR7zc_mnfAHmddVibnZNSkh8DvKaQoiEfNsxjXzH_mtQheFaSfWELRB2MyMBaiWjdDm6ux9Ezns_3","leverage":5040,"source":"2_mn6q3dS2EnDUx3bmyWc6D4szJNVGtaR7zc_mnfAHmddVibnZNSkh8DvKaQoiEfNsxjXzH_mtQheFaSfWELRB2MyMBaiWjdDm6ux9Ezns_3","status":"open","target_value":0.0,"tx_hash":"10c669ad89d61e1a983e179f66f355b1dd21e53d520fd4dc3bb5a6f9e5e24fcd","tx_index":16,"wager_quantity":350000000,"wager_remaining":350000000}',0,'OPEN_BET','10c669ad89d61e1a983e179f66f355b1dd21e53d520fd4dc3bb5a6f9e5e24fcd','bdd476056ba401b43b2be0cd8b5ac562377d84ba91adff6d65719f8d7107e2e0');
INSERT INTO messages VALUES(117,310015,'insert','credits','{"address":"2_mn6q3dS2EnDUx3bmyWc6D4szJNVGtaR7zc_mnfAHmddVibnZNSkh8DvKaQoiEfNsxjXzH_mtQheFaSfWELRB2MyMBaiWjdDm6ux9Ezns_3","asset":"XCP","block_index":310015,"calling_function":"filled","event":"10c669ad89d61e1a983e179f66f355b1dd21e53d520fd4dc3bb5a6f9e5e24fcd","quantity":0,"tx_index":16,"utxo":null,"utxo_address":null}',0,'CREDIT','10c669ad89d61e1a983e179f66f355b1dd21e53d520fd4dc3bb5a6f9e5e24fcd','267e7a05fd32e33616b105fc616590f3a3951567c863b2fae7ce216e7827b259');
INSERT INTO messages VALUES(118,310015,'update','bets','{"counterwager_remaining":0,"status":"filled","tx_hash":"6722884208180367a60c5c96ae86865dad3c63525a9498d716e98b5015ec2e3d","wager_remaining":0}',0,'BET_UPDATE','10c669ad89d61e1a983e179f66f355b1dd21e53d520fd4dc3bb5a6f9e5e24fcd','837cd0ef6c6836326301c83636de5f99a4c182912bb4e368bca90433d2ea4332');
INSERT INTO messages VALUES(119,310015,'insert','credits','{"address":"2_mn6q3dS2EnDUx3bmyWc6D4szJNVGtaR7zc_mnfAHmddVibnZNSkh8DvKaQoiEfNsxjXzH_mtQheFaSfWELRB2MyMBaiWjdDm6ux9Ezns_3","asset":"XCP","block_index":310015,"calling_function":"filled","event":"10c669ad89d61e1a983e179f66f355b1dd21e53d520fd4dc3bb5a6f9e5e24fcd","quantity":0,"tx_index":16,"utxo":null,"utxo_address":null}',0,'CREDIT','10c669ad89d61e1a983e179f66f355b1dd21e53d520fd4dc3bb5a6f9e5e24fcd','e317db0512faf054efda870d71953532445bfccaab28fb5a3e7a4fd0e73b5a4b');
INSERT INTO messages VALUES(120,310015,'update','bets','{"counterwager_remaining":0,"status":"filled","tx_hash":"10c669ad89d61e1a983e179f66f355b1dd21e53d520fd4dc3bb5a6f9e5e24fcd","wager_remaining":0}',0,'BET_UPDATE','10c669ad89d61e1a983e179f66f355b1dd21e53d520fd4dc3bb5a6f9e5e24fcd','24095d2233a116ab30589a51b12325a00114761041f83c0af8b0ab085228cd39');
INSERT INTO messages VALUES(121,310015,'insert','bet_matches','{"backward_quantity":350000000,"block_index":310014,"deadline":1388000100,"fee_fraction_int":99999999,"feed_address":"2_mn6q3dS2EnDUx3bmyWc6D4szJNVGtaR7zc_mnfAHmddVibnZNSkh8DvKaQoiEfNsxjXzH_mtQheFaSfWELRB2MyMBaiWjdDm6ux9Ezns_3","forward_quantity":150000000,"id":"6722884208180367a60c5c96ae86865dad3c63525a9498d716e98b5015ec2e3d_10c669ad89d61e1a983e179f66f355b1dd21e53d520fd4dc3bb5a6f9e5e24fcd","initial_value":100.0,"leverage":5040,"match_expire_index":310024,"status":"pending","target_value":0.0,"tx0_address":"2_mn6q3dS2EnDUx3bmyWc6D4szJNVGtaR7zc_mnfAHmddVibnZNSkh8DvKaQoiEfNsxjXzH_mtQheFaSfWELRB2MyMBaiWjdDm6ux9Ezns_3","tx0_bet_type":0,"tx0_block_index":310014,"tx0_expiration":10,"tx0_hash":"6722884208180367a60c5c96ae86865dad3c63525a9498d716e98b5015ec2e3d","tx0_index":15,"tx1_address":"2_mn6q3dS2EnDUx3bmyWc6D4szJNVGtaR7zc_mnfAHmddVibnZNSkh8DvKaQoiEfNsxjXzH_mtQheFaSfWELRB2MyMBaiWjdDm6ux9Ezns_3","tx1_bet_type":1,"tx1_block_index":310015,"tx1_expiration":10,"tx1_hash":"10c669ad89d61e1a983e179f66f355b1dd21e53d520fd4dc3bb5a6f9e5e24fcd","tx1_index":16}',0,'BET_MATCH','10c669ad89d61e1a983e179f66f355b1dd21e53d520fd4dc3bb5a6f9e5e24fcd','932475f17038b216cbe20f6644301f8f3bb25033a1841cd297e38be6eb0d42aa');
INSERT INTO messages VALUES(122,310015,'parse','transactions','{"supported":true,"tx_hash":"10c669ad89d61e1a983e179f66f355b1dd21e53d520fd4dc3bb5a6f9e5e24fcd","tx_index":16}',0,'TRANSACTION_PARSED','10c669ad89d61e1a983e179f66f355b1dd21e53d520fd4dc3bb5a6f9e5e24fcd','d07e6c2cc2fe4b6c594392eaa6b60e4e6fefa5542702d137829745a4c5a0db9e');
INSERT INTO messages VALUES(123,310015,'parse','blocks','{"block_index":310015,"ledger_hash":"014bcc839c0ea0d2fecd9aab3074528ffee3b2dce7f805e4d459e2dfb3d98a51","messages_hash":"eab4a29dc8927c9a399e40c8dad77dc6345cf53a2f9223ae08cb2254b73fbe9b","transaction_count":1,"txlist_hash":"5d40b180a3f3b38eedd15c7f40e8585aaa5e2fdde3967dff443a74703fa45fd4"}',0,'BLOCK_PARSED',NULL,'ea422cfc30fa90ed9170acfa14e722172b5df8626fc6f6b46b96193ec965d9b1');
INSERT INTO messages VALUES(124,310016,'insert','blocks','{"block_hash":"99dc7d2627efb4e5e618a53b9898b4ca39c70e98fe9bf39f68a6c980f5b64ef9","block_index":310016,"block_time":310016000,"difficulty":null,"ledger_hash":null,"previous_block_hash":null,"txlist_hash":null}',0,'NEW_BLOCK',NULL,'d50e2b03b5c84419663d0e237bd961dbd9c08832c21908ed4443628a7c9385b2');
INSERT INTO messages VALUES(125,310016,'insert','transactions','{"block_hash":"99dc7d2627efb4e5e618a53b9898b4ca39c70e98fe9bf39f68a6c980f5b64ef9","block_index":310016,"block_time":310016000,"btc_amount":1000,"data":"00000028000252bb33c8000000002cb417800000000026be36803ff0000000000000000013b00000000a","destination":"2_mn6q3dS2EnDUx3bmyWc6D4szJNVGtaR7zc_mnfAHmddVibnZNSkh8DvKaQoiEfNsxjXzH_mtQheFaSfWELRB2MyMBaiWjdDm6ux9Ezns_3","fee":7650,"source":"2_mn6q3dS2EnDUx3bmyWc6D4szJNVGtaR7zc_mnfAHmddVibnZNSkh8DvKaQoiEfNsxjXzH_mtQheFaSfWELRB2MyMBaiWjdDm6ux9Ezns_3","supported":true,"tx_hash":"caaceb9160747bd86fa4b3b4d090c9e1617285fae312eac2152bf3fabedcd2bc","tx_index":17,"utxos_info":"0c3c3475ad1a79c2fe673603bb38447ee12b478094e9e51e99fa6c06f7e72ae8:0"}',0,'NEW_TRANSACTION',NULL,'636364b8459145f22de0698bdcae0060484fa075969a096f78ac334687554fa9');
INSERT INTO messages VALUES(126,310016,'insert','debits','{"action":"bet","address":"2_mn6q3dS2EnDUx3bmyWc6D4szJNVGtaR7zc_mnfAHmddVibnZNSkh8DvKaQoiEfNsxjXzH_mtQheFaSfWELRB2MyMBaiWjdDm6ux9Ezns_3","asset":"XCP","block_index":310016,"event":"caaceb9160747bd86fa4b3b4d090c9e1617285fae312eac2152bf3fabedcd2bc","quantity":750000000,"tx_index":17,"utxo":null,"utxo_address":null}',0,'DEBIT','caaceb9160747bd86fa4b3b4d090c9e1617285fae312eac2152bf3fabedcd2bc','9011dbbdb6c69f623e6fd097b4f077effec8694b2073b47e25ab825264b5c794');
INSERT INTO messages VALUES(127,310016,'insert','bets','{"bet_type":2,"block_index":310016,"counterwager_quantity":650000000,"counterwager_remaining":650000000,"deadline":1388000200,"expiration":10,"expire_index":310026,"fee_fraction_int":99999999.0,"feed_address":"2_mn6q3dS2EnDUx3bmyWc6D4szJNVGtaR7zc_mnfAHmddVibnZNSkh8DvKaQoiEfNsxjXzH_mtQheFaSfWELRB2MyMBaiWjdDm6ux9Ezns_3","leverage":5040,"source":"2_mn6q3dS2EnDUx3bmyWc6D4szJNVGtaR7zc_mnfAHmddVibnZNSkh8DvKaQoiEfNsxjXzH_mtQheFaSfWELRB2MyMBaiWjdDm6ux9Ezns_3","status":"open","target_value":1.0,"tx_hash":"caaceb9160747bd86fa4b3b4d090c9e1617285fae312eac2152bf3fabedcd2bc","tx_index":17,"wager_quantity":750000000,"wager_remaining":750000000}',0,'OPEN_BET','caaceb9160747bd86fa4b3b4d090c9e1617285fae312eac2152bf3fabedcd2bc','96cceee512b03fd24c7426acbb39e5c2831c8c9a5934b9284e48199708666caa');
INSERT INTO messages VALUES(128,310016,'parse','transactions','{"supported":true,"tx_hash":"caaceb9160747bd86fa4b3b4d090c9e1617285fae312eac2152bf3fabedcd2bc","tx_index":17}',0,'TRANSACTION_PARSED','caaceb9160747bd86fa4b3b4d090c9e1617285fae312eac2152bf3fabedcd2bc','ed32f618bdd08d6deafd0d02252656543bc703dc43c8d05261403f0028b3d666');
INSERT INTO messages VALUES(129,310016,'parse','blocks','{"block_index":310016,"ledger_hash":"9f72d6a84ee58e1e851a90a62b525dc257c3b1b0c7e9964f93a7e5df6a2e4007","messages_hash":"1175f933af404b894d599928a88a44801ffb7c991de94956c7d05717e8353f36","transaction_count":1,"txlist_hash":"e990e43e7272c9d971fcc782768bea70c71d45fa7d712a7195bcc4151617a57f"}',0,'BLOCK_PARSED',NULL,'fac00c36e52bf18418444a420efb38d99361e212b9724a1788eb6450b812e935');
INSERT INTO messages VALUES(130,310017,'insert','blocks','{"block_hash":"8a4fedfbf734b91a5c5761a7bcb3908ea57169777a7018148c51ff611970e4a3","block_index":310017,"block_time":310017000,"difficulty":null,"ledger_hash":null,"previous_block_hash":null,"txlist_hash":null}',0,'NEW_BLOCK',NULL,'78b5cf6aeaedab0f109c4b535541fae32aa6341cc1f76c14f19071f0f51292f3');
INSERT INTO messages VALUES(131,310017,'insert','transactions','{"block_hash":"8a4fedfbf734b91a5c5761a7bcb3908ea57169777a7018148c51ff611970e4a3","block_index":310017,"block_time":310017000,"btc_amount":1000,"data":"00000028000352bb33c80000000026be3680000000002cb417803ff0000000000000000013b00000000a","destination":"2_mn6q3dS2EnDUx3bmyWc6D4szJNVGtaR7zc_mnfAHmddVibnZNSkh8DvKaQoiEfNsxjXzH_mtQheFaSfWELRB2MyMBaiWjdDm6ux9Ezns_3","fee":7650,"source":"2_mn6q3dS2EnDUx3bmyWc6D4szJNVGtaR7zc_mnfAHmddVibnZNSkh8DvKaQoiEfNsxjXzH_mtQheFaSfWELRB2MyMBaiWjdDm6ux9Ezns_3","supported":true,"tx_hash":"67497105b77192af401ec8024ad34de211592877dee8532dbe216d8a8f17dd0c","tx_index":18,"utxos_info":"bf7acc19b878a8ceadfb1ea2bff6fa3a692e1e8599869a85e45ff316ecf0f92b:0"}',0,'NEW_TRANSACTION',NULL,'2f899644b3900474ce6353a8acd2f75a0fc544a65faeac547c968be4841d64fa');
INSERT INTO messages VALUES(132,310017,'insert','debits','{"action":"bet","address":"2_mn6q3dS2EnDUx3bmyWc6D4szJNVGtaR7zc_mnfAHmddVibnZNSkh8DvKaQoiEfNsxjXzH_mtQheFaSfWELRB2MyMBaiWjdDm6ux9Ezns_3","asset":"XCP","block_index":310017,"event":"67497105b77192af401ec8024ad34de211592877dee8532dbe216d8a8f17dd0c","quantity":650000000,"tx_index":18,"utxo":null,"utxo_address":null}',0,'DEBIT','67497105b77192af401ec8024ad34de211592877dee8532dbe216d8a8f17dd0c','9f06c9dd734740eaa74af7947ab950f6f1a395d20fdbbb1adbcca08ad7518d2d');
INSERT INTO messages VALUES(133,310017,'insert','bets','{"bet_type":3,"block_index":310017,"counterwager_quantity":750000000,"counterwager_remaining":750000000,"deadline":1388000200,"expiration":10,"expire_index":310027,"fee_fraction_int":99999999.0,"feed_address":"2_mn6q3dS2EnDUx3bmyWc6D4szJNVGtaR7zc_mnfAHmddVibnZNSkh8DvKaQoiEfNsxjXzH_mtQheFaSfWELRB2MyMBaiWjdDm6ux9Ezns_3","leverage":5040,"source":"2_mn6q3dS2EnDUx3bmyWc6D4szJNVGtaR7zc_mnfAHmddVibnZNSkh8DvKaQoiEfNsxjXzH_mtQheFaSfWELRB2MyMBaiWjdDm6ux9Ezns_3","status":"open","target_value":1.0,"tx_hash":"67497105b77192af401ec8024ad34de211592877dee8532dbe216d8a8f17dd0c","tx_index":18,"wager_quantity":650000000,"wager_remaining":650000000}',0,'OPEN_BET','67497105b77192af401ec8024ad34de211592877dee8532dbe216d8a8f17dd0c','5df06d8060d48b7551ae4f51eaa76effd75559825c4f8d87c1aa59d29047541b');
INSERT INTO messages VALUES(134,310017,'insert','credits','{"address":"2_mn6q3dS2EnDUx3bmyWc6D4szJNVGtaR7zc_mnfAHmddVibnZNSkh8DvKaQoiEfNsxjXzH_mtQheFaSfWELRB2MyMBaiWjdDm6ux9Ezns_3","asset":"XCP","block_index":310017,"calling_function":"filled","event":"67497105b77192af401ec8024ad34de211592877dee8532dbe216d8a8f17dd0c","quantity":0,"tx_index":18,"utxo":null,"utxo_address":null}',0,'CREDIT','67497105b77192af401ec8024ad34de211592877dee8532dbe216d8a8f17dd0c','0e10d4133b2fd8cfb81dc6ed0fa9eec8ad2552b0ec381a711246533753965fe3');
INSERT INTO messages VALUES(135,310017,'update','bets','{"counterwager_remaining":0,"status":"filled","tx_hash":"caaceb9160747bd86fa4b3b4d090c9e1617285fae312eac2152bf3fabedcd2bc","wager_remaining":0}',0,'BET_UPDATE','67497105b77192af401ec8024ad34de211592877dee8532dbe216d8a8f17dd0c','208848600cd43c8182e12fdb498b46f7878815a7df5eea5056f0131c2e49dbaf');
INSERT INTO messages VALUES(136,310017,'insert','credits','{"address":"2_mn6q3dS2EnDUx3bmyWc6D4szJNVGtaR7zc_mnfAHmddVibnZNSkh8DvKaQoiEfNsxjXzH_mtQheFaSfWELRB2MyMBaiWjdDm6ux9Ezns_3","asset":"XCP","block_index":310017,"calling_function":"filled","event":"67497105b77192af401ec8024ad34de211592877dee8532dbe216d8a8f17dd0c","quantity":0,"tx_index":18,"utxo":null,"utxo_address":null}',0,'CREDIT','67497105b77192af401ec8024ad34de211592877dee8532dbe216d8a8f17dd0c','2f44e784d143a5e3f56272667bf3b0930e543004bed867fa35ae441d86955656');
INSERT INTO messages VALUES(137,310017,'update','bets','{"counterwager_remaining":0,"status":"filled","tx_hash":"67497105b77192af401ec8024ad34de211592877dee8532dbe216d8a8f17dd0c","wager_remaining":0}',0,'BET_UPDATE','67497105b77192af401ec8024ad34de211592877dee8532dbe216d8a8f17dd0c','691983f567f30a1e38f30c6e07afe1e7f42721d68e47b2cbbb5b92a595cd0e63');
INSERT INTO messages VALUES(138,310017,'insert','bet_matches','{"backward_quantity":650000000,"block_index":310016,"deadline":1388000200,"fee_fraction_int":99999999,"feed_address":"2_mn6q3dS2EnDUx3bmyWc6D4szJNVGtaR7zc_mnfAHmddVibnZNSkh8DvKaQoiEfNsxjXzH_mtQheFaSfWELRB2MyMBaiWjdDm6ux9Ezns_3","forward_quantity":750000000,"id":"caaceb9160747bd86fa4b3b4d090c9e1617285fae312eac2152bf3fabedcd2bc_67497105b77192af401ec8024ad34de211592877dee8532dbe216d8a8f17dd0c","initial_value":100.0,"leverage":5040,"match_expire_index":310026,"status":"pending","target_value":1.0,"tx0_address":"2_mn6q3dS2EnDUx3bmyWc6D4szJNVGtaR7zc_mnfAHmddVibnZNSkh8DvKaQoiEfNsxjXzH_mtQheFaSfWELRB2MyMBaiWjdDm6ux9Ezns_3","tx0_bet_type":2,"tx0_block_index":310016,"tx0_expiration":10,"tx0_hash":"caaceb9160747bd86fa4b3b4d090c9e1617285fae312eac2152bf3fabedcd2bc","tx0_index":17,"tx1_address":"2_mn6q3dS2EnDUx3bmyWc6D4szJNVGtaR7zc_mnfAHmddVibnZNSkh8DvKaQoiEfNsxjXzH_mtQheFaSfWELRB2MyMBaiWjdDm6ux9Ezns_3","tx1_bet_type":3,"tx1_block_index":310017,"tx1_expiration":10,"tx1_hash":"67497105b77192af401ec8024ad34de211592877dee8532dbe216d8a8f17dd0c","tx1_index":18}',0,'BET_MATCH','67497105b77192af401ec8024ad34de211592877dee8532dbe216d8a8f17dd0c','fe8c99bb7e03ef4f9fa799536fd26065bdeef750e87904eb0e589fff995840f3');
INSERT INTO messages VALUES(139,310017,'parse','transactions','{"supported":true,"tx_hash":"67497105b77192af401ec8024ad34de211592877dee8532dbe216d8a8f17dd0c","tx_index":18}',0,'TRANSACTION_PARSED','67497105b77192af401ec8024ad34de211592877dee8532dbe216d8a8f17dd0c','ecd74ee6a5ec104e7e14298e74202e1e9e2851569e7a2778bf6735952f1f730b');
INSERT INTO messages VALUES(140,310017,'parse','blocks','{"block_index":310017,"ledger_hash":"5d1e195a7d313d703253640cd98be600b04a7d98aae69b5327a29e740573198d","messages_hash":"914fb3d5fab479382e6c224e26ebcd36e867ed3c667e26bad314b9eadbbe18d6","transaction_count":1,"txlist_hash":"443444009d5700747b2d345cc10a70bf5a48214bc279d811a311ef76e52abf04"}',0,'BLOCK_PARSED',NULL,'b42b4484d226ab0844b95ddc1853c7fd4148ac1c5d3e50f9f94bce0352e41f6a');
INSERT INTO messages VALUES(141,310018,'insert','blocks','{"block_hash":"35c06f9e3de39e4e56ceb1d1a22008f52361c50dd0d251c0acbe2e3c2dba8ed3","block_index":310018,"block_time":310018000,"difficulty":null,"ledger_hash":null,"previous_block_hash":null,"txlist_hash":null}',0,'NEW_BLOCK',NULL,'18ad499896e7adba60d5759338050b0ef5c44d1debe55d47856879b3c76fc5ed');
INSERT INTO messages VALUES(142,310018,'insert','transactions','{"block_hash":"35c06f9e3de39e4e56ceb1d1a22008f52361c50dd0d251c0acbe2e3c2dba8ed3","block_index":310018,"block_time":310018000,"btc_amount":0,"data":"0000001e52bb33324058f7256ffc115e004c4b4009556e69742054657374","destination":"","fee":6800,"source":"2_mn6q3dS2EnDUx3bmyWc6D4szJNVGtaR7zc_mnfAHmddVibnZNSkh8DvKaQoiEfNsxjXzH_mtQheFaSfWELRB2MyMBaiWjdDm6ux9Ezns_3","supported":true,"tx_hash":"e87bf8dfeda7df143873ff042cc7a05dd590a6bef6a55c5832e22db1bd5e3bcd","tx_index":19,"utxos_info":"17063806c5eeb2cc730ab380dc0ebd3ebeedd5fbe5c502eaaf46b065d901dd2b:0"}',0,'NEW_TRANSACTION',NULL,'756c8ce8b0b97db738cc30c07461a3566226a7cdc17d478c334040899dcad276');
INSERT INTO messages VALUES(143,310018,'insert','broadcasts','{"block_index":310018,"fee_fraction_int":5000000,"locked":false,"source":"2_mn6q3dS2EnDUx3bmyWc6D4szJNVGtaR7zc_mnfAHmddVibnZNSkh8DvKaQoiEfNsxjXzH_mtQheFaSfWELRB2MyMBaiWjdDm6ux9Ezns_3","status":"valid","text":"Unit Test","timestamp":1388000050,"tx_hash":"e87bf8dfeda7df143873ff042cc7a05dd590a6bef6a55c5832e22db1bd5e3bcd","tx_index":19,"value":99.86166}',0,'BROADCAST','e87bf8dfeda7df143873ff042cc7a05dd590a6bef6a55c5832e22db1bd5e3bcd','6f6052cde88c559458db760599602fb644bf4f1435d8a7f82598b35d87abeb88');
INSERT INTO messages VALUES(144,310018,'insert','credits','{"address":"2_mn6q3dS2EnDUx3bmyWc6D4szJNVGtaR7zc_mnfAHmddVibnZNSkh8DvKaQoiEfNsxjXzH_mtQheFaSfWELRB2MyMBaiWjdDm6ux9Ezns_3","asset":"XCP","block_index":310018,"calling_function":"bet settled: liquidated for bear","event":"e87bf8dfeda7df143873ff042cc7a05dd590a6bef6a55c5832e22db1bd5e3bcd","quantity":59137500,"tx_index":19,"utxo":null,"utxo_address":null}',0,'CREDIT','e87bf8dfeda7df143873ff042cc7a05dd590a6bef6a55c5832e22db1bd5e3bcd','6aae5f153de925d876d6382d28d1a90021b6976a951ceec5790c3f1061e9c7d7');
INSERT INTO messages VALUES(145,310018,'insert','credits','{"address":"2_mn6q3dS2EnDUx3bmyWc6D4szJNVGtaR7zc_mnfAHmddVibnZNSkh8DvKaQoiEfNsxjXzH_mtQheFaSfWELRB2MyMBaiWjdDm6ux9Ezns_3","asset":"XCP","block_index":310018,"calling_function":"feed fee","event":"e87bf8dfeda7df143873ff042cc7a05dd590a6bef6a55c5832e22db1bd5e3bcd","quantity":3112500,"tx_index":19,"utxo":null,"utxo_address":null}',0,'CREDIT','e87bf8dfeda7df143873ff042cc7a05dd590a6bef6a55c5832e22db1bd5e3bcd','b6a41617ecb5228b0b4ecfd4e12b16ffb766768c9c61b11f40113a7bb4710b67');
INSERT INTO messages VALUES(146,310018,'insert','bet_match_resolutions','{"bear_credit":59137500,"bet_match_id":"ef92dc4986fdfb4ccb6e101ee949d5307c554e8dd1619307548ec032a973f19c_ce9d3a5ea18ed454ddee80b75bd12abdd47de8e176d9c9dfc768c1233e729943","bet_match_type_id":1,"block_index":310018,"bull_credit":0,"escrow_less_fee":null,"fee":3112500,"settled":false,"winner":null}',0,'BET_MATCH_RESOLUTON','e87bf8dfeda7df143873ff042cc7a05dd590a6bef6a55c5832e22db1bd5e3bcd','a70a96f10e2cc2ca42f60c9041ebfb676661393cc411712c2cda298d28a2cae2');
INSERT INTO messages VALUES(147,310018,'update','bet_matches','{"id":"ef92dc4986fdfb4ccb6e101ee949d5307c554e8dd1619307548ec032a973f19c_ce9d3a5ea18ed454ddee80b75bd12abdd47de8e176d9c9dfc768c1233e729943","status":"settled: liquidated for bear"}',0,'BET_MATCH_UPDATE','e87bf8dfeda7df143873ff042cc7a05dd590a6bef6a55c5832e22db1bd5e3bcd','b3fcdb1b0e2e2c9daa02bf19e435a4fd58c70b45e5f918cd24ae98d412fb02f3');
INSERT INTO messages VALUES(148,310018,'parse','transactions','{"supported":true,"tx_hash":"e87bf8dfeda7df143873ff042cc7a05dd590a6bef6a55c5832e22db1bd5e3bcd","tx_index":19}',0,'TRANSACTION_PARSED','e87bf8dfeda7df143873ff042cc7a05dd590a6bef6a55c5832e22db1bd5e3bcd','a238f1e9d9f4e274ebef168089226fda7c5c0a0c22a083a8df40175c2d149b9e');
INSERT INTO messages VALUES(149,310018,'parse','blocks','{"block_index":310018,"ledger_hash":"f38538a4a2cba9bcf8821b56e1dc877990e027135d3f220338cd8cb11f3eb205","messages_hash":"b9d6d30aaeee490537a249a73c0b95d56cdb47780d64756f878561838b785230","transaction_count":1,"txlist_hash":"abe72d22a1fb28e1ce34bfe3f1fd012d5a41fe219a0c4ee96f3b4b0e49aea889"}',0,'BLOCK_PARSED',NULL,'86c99a86fcc2ce5c60fc37db9c06694bb7bd28fc95f3aed970925e282fad852b');
INSERT INTO messages VALUES(150,310019,'insert','blocks','{"block_hash":"114affa0c4f34b1ebf8e2778c9477641f60b5b9e8a69052158041d4c41893294","block_index":310019,"block_time":310019000,"difficulty":null,"ledger_hash":null,"previous_block_hash":null,"txlist_hash":null}',0,'NEW_BLOCK',NULL,'ce951ce9e657b74efcb990a5907aa7c04effceda445d70c2fb0244f5d5fb299c');
INSERT INTO messages VALUES(151,310019,'insert','transactions','{"block_hash":"114affa0c4f34b1ebf8e2778c9477641f60b5b9e8a69052158041d4c41893294","block_index":310019,"block_time":310019000,"btc_amount":0,"data":"0000001e52bb3365405915f3b645a1cb004c4b4009556e69742054657374","destination":"","fee":6800,"source":"2_mn6q3dS2EnDUx3bmyWc6D4szJNVGtaR7zc_mnfAHmddVibnZNSkh8DvKaQoiEfNsxjXzH_mtQheFaSfWELRB2MyMBaiWjdDm6ux9Ezns_3","supported":true,"tx_hash":"1fcd2de64aabc6c05796e28cbea31df45a25928c2cd8dd30d774c9e70c4e97df","tx_index":20,"utxos_info":"ff1c30c31e2e0b511c508c7111d22d77fdbb4f20379d49042bef4e231b9c098b:0"}',0,'NEW_TRANSACTION',NULL,'9893a2b87ed3eaa1a16f9904338d3fdcad6b388469ffc8162b06599b927e9bc5');
INSERT INTO messages VALUES(152,310019,'insert','broadcasts','{"block_index":310019,"fee_fraction_int":5000000,"locked":false,"source":"2_mn6q3dS2EnDUx3bmyWc6D4szJNVGtaR7zc_mnfAHmddVibnZNSkh8DvKaQoiEfNsxjXzH_mtQheFaSfWELRB2MyMBaiWjdDm6ux9Ezns_3","status":"valid","text":"Unit Test","timestamp":1388000101,"tx_hash":"1fcd2de64aabc6c05796e28cbea31df45a25928c2cd8dd30d774c9e70c4e97df","tx_index":20,"value":100.343}',0,'BROADCAST','1fcd2de64aabc6c05796e28cbea31df45a25928c2cd8dd30d774c9e70c4e97df','6c75402c2602707da954b7000ff4789bee15e7be82d8ed6a54e2c7909ba7594e');
INSERT INTO messages VALUES(153,310019,'insert','credits','{"address":"2_mn6q3dS2EnDUx3bmyWc6D4szJNVGtaR7zc_mnfAHmddVibnZNSkh8DvKaQoiEfNsxjXzH_mtQheFaSfWELRB2MyMBaiWjdDm6ux9Ezns_3","asset":"XCP","block_index":310019,"calling_function":"bet settled","event":"1fcd2de64aabc6c05796e28cbea31df45a25928c2cd8dd30d774c9e70c4e97df","quantity":159300000,"tx_index":20,"utxo":null,"utxo_address":null}',0,'CREDIT','1fcd2de64aabc6c05796e28cbea31df45a25928c2cd8dd30d774c9e70c4e97df','150eb73ed50d228818a61bc2db91612ddb91216b046a5f693c715fdf16ca7cd5');
INSERT INTO messages VALUES(154,310019,'insert','credits','{"address":"2_mn6q3dS2EnDUx3bmyWc6D4szJNVGtaR7zc_mnfAHmddVibnZNSkh8DvKaQoiEfNsxjXzH_mtQheFaSfWELRB2MyMBaiWjdDm6ux9Ezns_3","asset":"XCP","block_index":310019,"calling_function":"bet settled","event":"1fcd2de64aabc6c05796e28cbea31df45a25928c2cd8dd30d774c9e70c4e97df","quantity":315700000,"tx_index":20,"utxo":null,"utxo_address":null}',0,'CREDIT','1fcd2de64aabc6c05796e28cbea31df45a25928c2cd8dd30d774c9e70c4e97df','2aa1376a07368189c0f309ac962a22497ea07fb3f5eba4f35f264c4687b459eb');
INSERT INTO messages VALUES(155,310019,'insert','credits','{"address":"2_mn6q3dS2EnDUx3bmyWc6D4szJNVGtaR7zc_mnfAHmddVibnZNSkh8DvKaQoiEfNsxjXzH_mtQheFaSfWELRB2MyMBaiWjdDm6ux9Ezns_3","asset":"XCP","block_index":310019,"calling_function":"feed fee","event":"1fcd2de64aabc6c05796e28cbea31df45a25928c2cd8dd30d774c9e70c4e97df","quantity":25000000,"tx_index":20,"utxo":null,"utxo_address":null}',0,'CREDIT','1fcd2de64aabc6c05796e28cbea31df45a25928c2cd8dd30d774c9e70c4e97df','2f0d85a546668de1c842dbbb8884e6c75467f0f97389abfb6ac0d71e326df2e1');
INSERT INTO messages VALUES(156,310019,'insert','bet_match_resolutions','{"bear_credit":315700000,"bet_match_id":"6722884208180367a60c5c96ae86865dad3c63525a9498d716e98b5015ec2e3d_10c669ad89d61e1a983e179f66f355b1dd21e53d520fd4dc3bb5a6f9e5e24fcd","bet_match_type_id":1,"block_index":310019,"bull_credit":159300000,"escrow_less_fee":null,"fee":25000000,"settled":true,"winner":null}',0,'BET_MATCH_RESOLUTON','1fcd2de64aabc6c05796e28cbea31df45a25928c2cd8dd30d774c9e70c4e97df','3fb326a357388ab9f2b8744373e9748340f872d395e9b1fb49cee415496f2ac1');
INSERT INTO messages VALUES(157,310019,'update','bet_matches','{"id":"6722884208180367a60c5c96ae86865dad3c63525a9498d716e98b5015ec2e3d_10c669ad89d61e1a983e179f66f355b1dd21e53d520fd4dc3bb5a6f9e5e24fcd","status":"settled"}',0,'BET_MATCH_UPDATE','1fcd2de64aabc6c05796e28cbea31df45a25928c2cd8dd30d774c9e70c4e97df','21520e1e0c6a93d4fd264c372ea6c01a50edd7ff709bb34ab2c48638c27f98be');
INSERT INTO messages VALUES(158,310019,'parse','transactions','{"supported":true,"tx_hash":"1fcd2de64aabc6c05796e28cbea31df45a25928c2cd8dd30d774c9e70c4e97df","tx_index":20}',0,'TRANSACTION_PARSED','1fcd2de64aabc6c05796e28cbea31df45a25928c2cd8dd30d774c9e70c4e97df','43a2b39e7fbdb824e44e089e83b6b21ef14e70f12947dff318fd08798359e8e0');
INSERT INTO messages VALUES(159,310019,'parse','blocks','{"block_index":310019,"ledger_hash":"3a51f1f061d953c940ac7e53f8bb37df041f2d4f42a16f5c5d23707b8b0c0dc6","messages_hash":"aa4fc446acca13213b02b43cbfac832be287d77d408ab0e5f569b202cecee307","transaction_count":1,"txlist_hash":"8bea2f5ef9805bffa4b23881f7635ec213525f8dfe98aa45e716e43a73ffe114"}',0,'BLOCK_PARSED',NULL,'9d13a9592da3e0589cc592eb0e6dbd6119eb18612e29d75fdda5c8ddc2762c4d');
INSERT INTO messages VALUES(160,310020,'insert','blocks','{"block_hash":"d93c79920e4a42164af74ecb5c6b903ff6055cdc007376c74dfa692c8d85ebc9","block_index":310020,"block_time":310020000,"difficulty":null,"ledger_hash":null,"previous_block_hash":null,"txlist_hash":null}',0,'NEW_BLOCK',NULL,'c5696cd0b0341f4dc76f4c25de35d23438047975c5fb4046b9d1cedef0d030b4');
INSERT INTO messages VALUES(161,310020,'insert','transactions','{"block_hash":"d93c79920e4a42164af74ecb5c6b903ff6055cdc007376c74dfa692c8d85ebc9","block_index":310020,"block_time":310020000,"btc_amount":0,"data":"0000001e52bb33c94000000000000000004c4b4009556e69742054657374","destination":"","fee":6800,"source":"2_mn6q3dS2EnDUx3bmyWc6D4szJNVGtaR7zc_mnfAHmddVibnZNSkh8DvKaQoiEfNsxjXzH_mtQheFaSfWELRB2MyMBaiWjdDm6ux9Ezns_3","supported":true,"tx_hash":"dc4b57ad8a0b23dbc7ffc03f51e8076cd2418edf256b2660783bb0d1be0b8b73","tx_index":21,"utxos_info":"2e07fb3dfdafff224b0cb92d718788af96b51014f621e726986b11b9113ae3f8:0"}',0,'NEW_TRANSACTION',NULL,'779048396bb7525e0e0d07d2ad7abe18bd692912c317a62b47e071bcdda581ba');
INSERT INTO messages VALUES(162,310020,'insert','broadcasts','{"block_index":310020,"fee_fraction_int":5000000,"locked":false,"source":"2_mn6q3dS2EnDUx3bmyWc6D4szJNVGtaR7zc_mnfAHmddVibnZNSkh8DvKaQoiEfNsxjXzH_mtQheFaSfWELRB2MyMBaiWjdDm6ux9Ezns_3","status":"valid","text":"Unit Test","timestamp":1388000201,"tx_hash":"dc4b57ad8a0b23dbc7ffc03f51e8076cd2418edf256b2660783bb0d1be0b8b73","tx_index":21,"value":2.0}',0,'BROADCAST','dc4b57ad8a0b23dbc7ffc03f51e8076cd2418edf256b2660783bb0d1be0b8b73','31154da92399a934e96fd5fdf7a5a165466b55b058822684a658cd87f7961206');
INSERT INTO messages VALUES(163,310020,'insert','credits','{"address":"2_mn6q3dS2EnDUx3bmyWc6D4szJNVGtaR7zc_mnfAHmddVibnZNSkh8DvKaQoiEfNsxjXzH_mtQheFaSfWELRB2MyMBaiWjdDm6ux9Ezns_3","asset":"XCP","block_index":310020,"calling_function":"bet settled: for notequal","event":"dc4b57ad8a0b23dbc7ffc03f51e8076cd2418edf256b2660783bb0d1be0b8b73","quantity":1330000000,"tx_index":21,"utxo":null,"utxo_address":null}',0,'CREDIT','dc4b57ad8a0b23dbc7ffc03f51e8076cd2418edf256b2660783bb0d1be0b8b73','a79cd626ffb86fc9cf798b02d0264171a0db9a4088b3b8e713a57657fcd0c0ac');
INSERT INTO messages VALUES(164,310020,'insert','credits','{"address":"2_mn6q3dS2EnDUx3bmyWc6D4szJNVGtaR7zc_mnfAHmddVibnZNSkh8DvKaQoiEfNsxjXzH_mtQheFaSfWELRB2MyMBaiWjdDm6ux9Ezns_3","asset":"XCP","block_index":310020,"calling_function":"feed fee","event":"dc4b57ad8a0b23dbc7ffc03f51e8076cd2418edf256b2660783bb0d1be0b8b73","quantity":70000000,"tx_index":21,"utxo":null,"utxo_address":null}',0,'CREDIT','dc4b57ad8a0b23dbc7ffc03f51e8076cd2418edf256b2660783bb0d1be0b8b73','2123823d3ef924961ed02e6a8bdfee04088e6c802db86fc209e449f7b5a964cb');
INSERT INTO messages VALUES(165,310020,'insert','bet_match_resolutions','{"bear_credit":null,"bet_match_id":"caaceb9160747bd86fa4b3b4d090c9e1617285fae312eac2152bf3fabedcd2bc_67497105b77192af401ec8024ad34de211592877dee8532dbe216d8a8f17dd0c","bet_match_type_id":5,"block_index":310020,"bull_credit":null,"escrow_less_fee":1330000000,"fee":70000000,"settled":null,"winner":"NotEqual"}',0,'BET_MATCH_RESOLUTON','dc4b57ad8a0b23dbc7ffc03f51e8076cd2418edf256b2660783bb0d1be0b8b73','404e17b34abbab0cf018ef2c3d0f665b68b1fa4c88a1c58cc835afe7e89f7bf9');
INSERT INTO messages VALUES(166,310020,'update','bet_matches','{"id":"caaceb9160747bd86fa4b3b4d090c9e1617285fae312eac2152bf3fabedcd2bc_67497105b77192af401ec8024ad34de211592877dee8532dbe216d8a8f17dd0c","status":"settled: for notequal"}',0,'BET_MATCH_UPDATE','dc4b57ad8a0b23dbc7ffc03f51e8076cd2418edf256b2660783bb0d1be0b8b73','a20146a244f60d1c55e754ea8ec0aee0a88f88395ffdcdf6edc23dc96adfc3bc');
INSERT INTO messages VALUES(167,310020,'parse','transactions','{"supported":true,"tx_hash":"dc4b57ad8a0b23dbc7ffc03f51e8076cd2418edf256b2660783bb0d1be0b8b73","tx_index":21}',0,'TRANSACTION_PARSED','dc4b57ad8a0b23dbc7ffc03f51e8076cd2418edf256b2660783bb0d1be0b8b73','e08887547d7a235a1a99968f5e260a984647c6134a245e0f89a806c52184f5c3');
INSERT INTO messages VALUES(168,310020,'parse','blocks','{"block_index":310020,"ledger_hash":"cce3284c53fcf79ba268d925e32ab70e3d4df1e6f13dbcbe2920e93fc689128b","messages_hash":"3da0f56d98f2d15804c762b1b7f178198303f193b2cd2e00384d4b44f1e5ffd8","transaction_count":1,"txlist_hash":"d0e8a123b3125a8e057d8504b7a96e77188895c86907c273922b80e7e9ca42d2"}',0,'BLOCK_PARSED',NULL,'1d2050bc466b8a926b8e624210e6bdff85484571d3b7897ee313362a184bd8c3');
INSERT INTO messages VALUES(169,310021,'insert','blocks','{"block_hash":"7c2460bb32c5749c856486393239bf7a0ac789587ac71f32e7237910da8097f2","block_index":310021,"block_time":310021000,"difficulty":null,"ledger_hash":null,"previous_block_hash":null,"txlist_hash":null}',0,'NEW_BLOCK',NULL,'c2451c052517fc725f09a3e8ab8b4dcf942c8267d739a7d56c7f598cc0ce6306');
INSERT INTO messages VALUES(170,310021,'insert','transactions','{"block_hash":"7c2460bb32c5749c856486393239bf7a0ac789587ac71f32e7237910da8097f2","block_index":310021,"block_time":310021000,"btc_amount":0,"data":"0000000a00000000000047670000000002faf08000000000000000010000000002faf080000a0000000000000000","destination":"","fee":6800,"source":"2_mn6q3dS2EnDUx3bmyWc6D4szJNVGtaR7zc_mnfAHmddVibnZNSkh8DvKaQoiEfNsxjXzH_mtQheFaSfWELRB2MyMBaiWjdDm6ux9Ezns_3","supported":true,"tx_hash":"4408350196e71533e054ef84d1bdc4ba4b0f693d2d98d240d3c697b553078ab7","tx_index":22,"utxos_info":"168840008f0acd950b58778bb6ee9d625b19dde6fc5a85f02a787aa78d541341:0"}',0,'NEW_TRANSACTION',NULL,'baf1cc5449b233437e10bacab4ad9e9887cfde8a883361dea0e4c6d8b2991873');
INSERT INTO messages VALUES(171,310021,'insert','debits','{"action":"open order","address":"2_mn6q3dS2EnDUx3bmyWc6D4szJNVGtaR7zc_mnfAHmddVibnZNSkh8DvKaQoiEfNsxjXzH_mtQheFaSfWELRB2MyMBaiWjdDm6ux9Ezns_3","asset":"BBBB","block_index":310021,"event":"4408350196e71533e054ef84d1bdc4ba4b0f693d2d98d240d3c697b553078ab7","quantity":50000000,"tx_index":22,"utxo":null,"utxo_address":null}',0,'DEBIT','4408350196e71533e054ef84d1bdc4ba4b0f693d2d98d240d3c697b553078ab7','4fdbd857b1abeccb983a90cb0de8075cf663391723496ef31bca8c5642dd9de7');
INSERT INTO messages VALUES(172,310021,'insert','orders','{"block_index":310021,"expiration":10,"expire_index":310031,"fee_provided":6800,"fee_provided_remaining":6800,"fee_required":0,"fee_required_remaining":0,"get_asset":"XCP","get_quantity":50000000,"get_remaining":50000000,"give_asset":"BBBB","give_quantity":50000000,"give_remaining":50000000,"source":"2_mn6q3dS2EnDUx3bmyWc6D4szJNVGtaR7zc_mnfAHmddVibnZNSkh8DvKaQoiEfNsxjXzH_mtQheFaSfWELRB2MyMBaiWjdDm6ux9Ezns_3","status":"open","tx_hash":"4408350196e71533e054ef84d1bdc4ba4b0f693d2d98d240d3c697b553078ab7","tx_index":22}',0,'OPEN_ORDER','4408350196e71533e054ef84d1bdc4ba4b0f693d2d98d240d3c697b553078ab7','07f5316ee8e61d11c19f51d5aea18d26af92227cbebc7f87873941c096d3cf43');
INSERT INTO messages VALUES(173,310021,'parse','transactions','{"supported":true,"tx_hash":"4408350196e71533e054ef84d1bdc4ba4b0f693d2d98d240d3c697b553078ab7","tx_index":22}',0,'TRANSACTION_PARSED','4408350196e71533e054ef84d1bdc4ba4b0f693d2d98d240d3c697b553078ab7','17faf60330016af847f7277523d64b71198f7b6abfb4cf99c151ea01c85d2b5f');
INSERT INTO messages VALUES(174,310021,'parse','blocks','{"block_index":310021,"ledger_hash":"6ad5172a6dcaa6706d5a4f6fd8ada183e103b9faab58e42c1365613a26477490","messages_hash":"623ead14481f2c23d69aed1859f23de624c9b8076ec139480aaee298c5134648","transaction_count":1,"txlist_hash":"1c207ab28dd2c5d297f47d5ac366699523cd97ccfc8a3e348dbf6fe900c32b5d"}',0,'BLOCK_PARSED',NULL,'6ea0407ce1882f119af91125d1e2b97da60c2b362b3a7b0d9f2089a4b4bf1a55');
INSERT INTO messages VALUES(175,310022,'insert','blocks','{"block_hash":"44435f9a99a0aa12a9bfabdc4cb8119f6ea6a6e1350d2d65445fb66a456db5fc","block_index":310022,"block_time":310022000,"difficulty":null,"ledger_hash":null,"previous_block_hash":null,"txlist_hash":null}',0,'NEW_BLOCK',NULL,'a17bd8d82c62ee08795fdb5a8e2d35f85465e1c5767312edb96a6ab8d85aa2f5');
INSERT INTO messages VALUES(176,310022,'insert','transactions','{"block_hash":"44435f9a99a0aa12a9bfabdc4cb8119f6ea6a6e1350d2d65445fb66a456db5fc","block_index":310022,"block_time":310022000,"btc_amount":100000000,"data":"","destination":"mvCounterpartyXXXXXXXXXXXXXXW24Hef","fee":5625,"source":"2_mn6q3dS2EnDUx3bmyWc6D4szJNVGtaR7zc_mnfAHmddVibnZNSkh8DvKaQoiEfNsxjXzH_mtQheFaSfWELRB2MyMBaiWjdDm6ux9Ezns_3","supported":true,"tx_hash":"181709b341ec136f90975fdaa362c767ebd789e72f16d4e17348ab2985c1bd01","tx_index":23,"utxos_info":"a64251be6598696807b458ee6811a35eefdcd8170ab68e36c37d1c5b0bb84350:0"}',0,'NEW_TRANSACTION',NULL,'fa1bfc376be55ef0dca415e3c6ecac14da9e3f8606fe5c1d58cd3d1af2d1699c');
INSERT INTO messages VALUES(177,310022,'insert','credits','{"address":"2_mn6q3dS2EnDUx3bmyWc6D4szJNVGtaR7zc_mnfAHmddVibnZNSkh8DvKaQoiEfNsxjXzH_mtQheFaSfWELRB2MyMBaiWjdDm6ux9Ezns_3","asset":"XCP","block_index":310022,"calling_function":"burn","event":"181709b341ec136f90975fdaa362c767ebd789e72f16d4e17348ab2985c1bd01","quantity":56999887262,"tx_index":23,"utxo":null,"utxo_address":null}',0,'CREDIT','181709b341ec136f90975fdaa362c767ebd789e72f16d4e17348ab2985c1bd01','56b8ee9995f16399bc9d8bd00e5dfb207993dafb93620e2f29dd65a1232dd17a');
INSERT INTO messages VALUES(178,310022,'insert','burns','{"block_index":310022,"burned":38000000,"earned":56999887262,"source":"2_mn6q3dS2EnDUx3bmyWc6D4szJNVGtaR7zc_mnfAHmddVibnZNSkh8DvKaQoiEfNsxjXzH_mtQheFaSfWELRB2MyMBaiWjdDm6ux9Ezns_3","status":"valid","tx_hash":"181709b341ec136f90975fdaa362c767ebd789e72f16d4e17348ab2985c1bd01","tx_index":23}',0,'BURN','181709b341ec136f90975fdaa362c767ebd789e72f16d4e17348ab2985c1bd01','65c49a8db05834392d2fa2648ea9db7d3f8930dc23a12bee7fe7a08631205ffe');
INSERT INTO messages VALUES(179,310022,'parse','blocks','{"block_index":310022,"ledger_hash":"c9361fea7f3dd2415969eb6ad7fe893381c9ca65ea391f2e47a966e342db3a90","messages_hash":"9e700f536526f3d8b732a6584ce850fa8450bd6c6709faad69f34acc77ad3776","transaction_count":1,"txlist_hash":"c0867554bd3d50cd8ca4bb6e2d055250fa0c3c46f47b5f03ce5022b7090e07d4"}',0,'BLOCK_PARSED',NULL,'d1ce65f683b83c60adf314c88ba525ffc9a10ae43d7756f43287f22fee0d2c62');
INSERT INTO messages VALUES(180,310023,'insert','blocks','{"block_hash":"d8cf5bec1bbcab8ca4f495352afde3b6572b7e1d61b3976872ebb8e9d30ccb08","block_index":310023,"block_time":310023000,"difficulty":null,"ledger_hash":null,"previous_block_hash":null,"txlist_hash":null}',0,'NEW_BLOCK',NULL,'6892899c0adb0f06d843a74484fd45b786321baca8c4b2fe6070ef8ac89c1c94');
INSERT INTO messages VALUES(181,310023,'insert','transactions','{"block_hash":"d8cf5bec1bbcab8ca4f495352afde3b6572b7e1d61b3976872ebb8e9d30ccb08","block_index":310023,"block_time":310023000,"btc_amount":1000,"data":"0000000000000000000047680000000000002710","destination":"2_mn6q3dS2EnDUx3bmyWc6D4szJNVGtaR7zc_mnfAHmddVibnZNSkh8DvKaQoiEfNsxjXzH_mqPCfvqTfYctXMUfmniXeG2nyaN8w6tPmj_3","fee":7650,"source":"2_mn6q3dS2EnDUx3bmyWc6D4szJNVGtaR7zc_mnfAHmddVibnZNSkh8DvKaQoiEfNsxjXzH_mtQheFaSfWELRB2MyMBaiWjdDm6ux9Ezns_3","supported":true,"tx_hash":"f4a0c2582fb141e9451a7c00fa61afc147b9959c2dd20a1978950936fdb53831","tx_index":24,"utxos_info":"806ec51cd29841b7bb12b0cb41cf9678b3e3e26f9a95d5aeba5e0868330b8e60:0"}',0,'NEW_TRANSACTION',NULL,'b50c21edd3ba441283b5b9e40bd5f5a8ee9ca1e330d915bfc9a248523c1537eb');
INSERT INTO messages VALUES(182,310023,'update','bets','{"status":"expired","tx_hash":"ef92dc4986fdfb4ccb6e101ee949d5307c554e8dd1619307548ec032a973f19c"}',0,'BET_UPDATE',NULL,'dff861c9cb1a5fe3428002934a86e90d1aea6ce8b94324446e59935acf4ecd05');
INSERT INTO messages VALUES(183,310023,'insert','credits','{"address":"2_mn6q3dS2EnDUx3bmyWc6D4szJNVGtaR7zc_mnfAHmddVibnZNSkh8DvKaQoiEfNsxjXzH_mtQheFaSfWELRB2MyMBaiWjdDm6ux9Ezns_3","asset":"XCP","block_index":310023,"calling_function":"recredit wager remaining","event":"ef92dc4986fdfb4ccb6e101ee949d5307c554e8dd1619307548ec032a973f19c","quantity":8500000,"tx_index":0,"utxo":null,"utxo_address":null}',0,'CREDIT',NULL,'6be32e41f1ca6a2019711aa245dcd90f641caa758ee87c85424d189ea2dc089d');
INSERT INTO messages VALUES(184,310023,'insert','bet_expirations','{"bet_hash":"ef92dc4986fdfb4ccb6e101ee949d5307c554e8dd1619307548ec032a973f19c","bet_index":13,"block_index":310023,"source":"2_mn6q3dS2EnDUx3bmyWc6D4szJNVGtaR7zc_mnfAHmddVibnZNSkh8DvKaQoiEfNsxjXzH_mtQheFaSfWELRB2MyMBaiWjdDm6ux9Ezns_3"}',0,'BET_EXPIRATION',NULL,'588ce3b83f005fd8c5381024745d36de97136babcab409c26c139b757ba9168d');
INSERT INTO messages VALUES(185,310023,'insert','debits','{"action":"send","address":"2_mn6q3dS2EnDUx3bmyWc6D4szJNVGtaR7zc_mnfAHmddVibnZNSkh8DvKaQoiEfNsxjXzH_mtQheFaSfWELRB2MyMBaiWjdDm6ux9Ezns_3","asset":"BBBC","block_index":310023,"event":"f4a0c2582fb141e9451a7c00fa61afc147b9959c2dd20a1978950936fdb53831","quantity":10000,"tx_index":24,"utxo":null,"utxo_address":null}',0,'DEBIT','f4a0c2582fb141e9451a7c00fa61afc147b9959c2dd20a1978950936fdb53831','3a5bfdc8aeda0761d550d4793e80d943ce0a6bfadfdb890018d86397df228d20');
INSERT INTO messages VALUES(186,310023,'insert','credits','{"address":"2_mn6q3dS2EnDUx3bmyWc6D4szJNVGtaR7zc_mnfAHmddVibnZNSkh8DvKaQoiEfNsxjXzH_mqPCfvqTfYctXMUfmniXeG2nyaN8w6tPmj_3","asset":"BBBC","block_index":310023,"calling_function":"send","event":"f4a0c2582fb141e9451a7c00fa61afc147b9959c2dd20a1978950936fdb53831","quantity":10000,"tx_index":24,"utxo":null,"utxo_address":null}',0,'CREDIT','f4a0c2582fb141e9451a7c00fa61afc147b9959c2dd20a1978950936fdb53831','93a7b6b752b375b8252681178437353b32881647a8a4733c493135f070817cdd');
INSERT INTO messages VALUES(187,310023,'insert','sends','{"asset":"BBBC","block_index":310023,"destination":"2_mn6q3dS2EnDUx3bmyWc6D4szJNVGtaR7zc_mnfAHmddVibnZNSkh8DvKaQoiEfNsxjXzH_mqPCfvqTfYctXMUfmniXeG2nyaN8w6tPmj_3","quantity":10000,"source":"2_mn6q3dS2EnDUx3bmyWc6D4szJNVGtaR7zc_mnfAHmddVibnZNSkh8DvKaQoiEfNsxjXzH_mtQheFaSfWELRB2MyMBaiWjdDm6ux9Ezns_3","status":"valid","tx_hash":"f4a0c2582fb141e9451a7c00fa61afc147b9959c2dd20a1978950936fdb53831","tx_index":24}',0,'SEND','f4a0c2582fb141e9451a7c00fa61afc147b9959c2dd20a1978950936fdb53831','1147cb214a7eabc6b7bec15eba485b8e257a1d5520ad2f7a31fecb960397ee5e');
INSERT INTO messages VALUES(188,310023,'parse','transactions','{"supported":true,"tx_hash":"f4a0c2582fb141e9451a7c00fa61afc147b9959c2dd20a1978950936fdb53831","tx_index":24}',0,'TRANSACTION_PARSED','f4a0c2582fb141e9451a7c00fa61afc147b9959c2dd20a1978950936fdb53831','80d3019f61b537f6402915b753b7c73fc175a23d983d1b8f6a91139eabf6c30a');
INSERT INTO messages VALUES(189,310023,'parse','blocks','{"block_index":310023,"ledger_hash":"f63680db66cf963aaaebf64130629790e7492b5ea9396434c2179a5eb8774412","messages_hash":"9155dc75056569d35fead5ca2325335d529dd3352a64706fa129aecd33c58dce","transaction_count":1,"txlist_hash":"6a3cc06342da18a8eae7180bd93af2cc3a6f7c51916a19265365814f52a58119"}',0,'BLOCK_PARSED',NULL,'6381c53f866998187730df7989107b47f0a61fd59dacaf1af7a44d00bd7b85e0');
INSERT INTO messages VALUES(190,310024,'insert','blocks','{"block_hash":"b03042b4e18a222b4c8d1e9e1970d93e6e2a2d41686d227ff8ecf0a839223dc5","block_index":310024,"block_time":310024000,"difficulty":null,"ledger_hash":null,"previous_block_hash":null,"txlist_hash":null}',0,'NEW_BLOCK',NULL,'d89a10bfdb2fe57d393bd103ad9570326110a2abe86298832ae6eb245125294c');
INSERT INTO messages VALUES(191,310024,'parse','blocks','{"block_index":310024,"ledger_hash":"d69ea243fcd5e525ae03af680d5610b654a9d2bad17782e196305aaa110a6ba9","messages_hash":"78864ce118a6b397e3e201f6a8bff45ac11133df639014347b69454996e5604a","transaction_count":0,"txlist_hash":"7e4a0076ce614d5b7bcb0a59c84e79d21702a3507ba88bc0d8ce9e644d7fe692"}',0,'BLOCK_PARSED',NULL,'294bfe4b2cba49253654fe08c06da82636e3e8c8c9f5cbe62031c33dc0815c2e');
INSERT INTO messages VALUES(192,310025,'insert','blocks','{"block_hash":"a872e560766832cc3b4f7f222228cb6db882ce3c54f6459f62c71d5cd6e90666","block_index":310025,"block_time":310025000,"difficulty":null,"ledger_hash":null,"previous_block_hash":null,"txlist_hash":null}',0,'NEW_BLOCK',NULL,'be20226cde568907cdfd3a77a8e0fb5c152389818b5b2306f8715833721c614e');
INSERT INTO messages VALUES(193,310025,'parse','blocks','{"block_index":310025,"ledger_hash":"721906ed4cbd1524fafdc8e3ffef27d8b03e0c798bbcbe3eee7bc7f14afe4e81","messages_hash":"6affc572ab0583b1653f09c452ac6aadd1be130bf5c07f06cdbbafd9702a3627","transaction_count":0,"txlist_hash":"c1596eb8c172f2968ddd2ef70c1a8f125ab989c1a7bb012ab56f6c75cd96bb41"}',0,'BLOCK_PARSED',NULL,'8c59359fe2e7f40fb0491af6d24e42809d246c69e8a75fb4d1b89da952f531ba');
INSERT INTO messages VALUES(194,310026,'insert','blocks','{"block_hash":"6c96350f6f2f05810f19a689de235eff975338587194a36a70dfd0fcd490941a","block_index":310026,"block_time":310026000,"difficulty":null,"ledger_hash":null,"previous_block_hash":null,"txlist_hash":null}',0,'NEW_BLOCK',NULL,'771005aa2b09a90e1e5fbb9557033bfd6d27ce6c52a8a463ee78122281088ac2');
INSERT INTO messages VALUES(195,310026,'parse','blocks','{"block_index":310026,"ledger_hash":"27912da2afa797876030dd0e50c31aea462d54c7bfa4f89d2f14fdb7b80db6b0","messages_hash":"c51e667f584517b4c96b7a3f784a1d508f588d0f203f20914ffda390a9955710","transaction_count":0,"txlist_hash":"2d653751a75829265f2cfe2dd7bcc3a594be62492893d36642e3c8815d339fbd"}',0,'BLOCK_PARSED',NULL,'bb35cce6a9c5e5b4a4815e74f89ab7fa1c335221c5cff88d8b80076da2b1134c');
INSERT INTO messages VALUES(196,310027,'insert','blocks','{"block_hash":"d7acfac66df393c4482a14c189742c0571b89442eb7f817b34415a560445699e","block_index":310027,"block_time":310027000,"difficulty":null,"ledger_hash":null,"previous_block_hash":null,"txlist_hash":null}',0,'NEW_BLOCK',NULL,'9869b869e2121eea0947369e1213d98ef2580181f81dc7b786f650ef48d34333');
INSERT INTO messages VALUES(197,310027,'parse','blocks','{"block_index":310027,"ledger_hash":"cc0734ecfd2bdbd2d04d236b853f60e324feaa9115fae33a8add961c4a5f9436","messages_hash":"827a7b7bfb702c7723f626adba352f625d232cbfb69069694c935c1c9c213427","transaction_count":0,"txlist_hash":"3d5c1eb8dafccfee04f7d91b2819d9f51a9fe8df4050c025c19c29ceb18b3575"}',0,'BLOCK_PARSED',NULL,'a2414ff5120024965c709c3aa0426f60cff620822a8f06d5f10240e20763c958');
INSERT INTO messages VALUES(198,310028,'insert','blocks','{"block_hash":"02409fcf8fa06dafcb7f11e38593181d9c42cc9d5e2ddc304d098f990bd9530b","block_index":310028,"block_time":310028000,"difficulty":null,"ledger_hash":null,"previous_block_hash":null,"txlist_hash":null}',0,'NEW_BLOCK',NULL,'fa4844a8b0d3104120c86594c934393df563a28f6fcf970a8e23eb3e67ec70c1');
INSERT INTO messages VALUES(199,310028,'parse','blocks','{"block_index":310028,"ledger_hash":"d3f5fbbe85d5a81fef8735c73349f61a43122f4b6f3f7aa61215323a683ce3aa","messages_hash":"e28265acf72abd9e2e1640e135cbca8d4bd04aec2de959f7dfd7177d2dbe5df0","transaction_count":0,"txlist_hash":"e6600d6d90725ce81afdd7b00220f8df650f85dc3a308d2486fab88edaaa8981"}',0,'BLOCK_PARSED',NULL,'fbc7df30cda98187e304408f126fef60607fd0f6fa690adcc7e90a86070d2ebc');
INSERT INTO messages VALUES(200,310029,'insert','blocks','{"block_hash":"3c739fa8b40c118d5547ea356ee8d10ee2898871907643ec02e5db9d00f03cc6","block_index":310029,"block_time":310029000,"difficulty":null,"ledger_hash":null,"previous_block_hash":null,"txlist_hash":null}',0,'NEW_BLOCK',NULL,'2695cd576b622cfc14ae614af18f59c990308f241a94a86d162d96a10f66d5ba');
INSERT INTO messages VALUES(201,310029,'parse','blocks','{"block_index":310029,"ledger_hash":"74d08f0d1cad9f7102d0cfe70f50614c7ae7f4844ca6d02390031e1e96c2b418","messages_hash":"fbd9b3a5e935168cd77253901e2e487144e18db8a9edb9c079653b61e141f584","transaction_count":0,"txlist_hash":"341aa44dcd4967cc3356ca23c97111b1cf3ee128c944493a0ebc6458c4f119be"}',0,'BLOCK_PARSED',NULL,'e9f193506a9f196897e999c08435f6ce3db6bac318a055e046ca943b4fdea939');
INSERT INTO messages VALUES(202,310030,'insert','blocks','{"block_hash":"d5071cddedf89765ee0fd58f209c1c7d669ba8ea66200a57587da8b189b9e4f5","block_index":310030,"block_time":310030000,"difficulty":null,"ledger_hash":null,"previous_block_hash":null,"txlist_hash":null}',0,'NEW_BLOCK',NULL,'f11e8ff0842bce51fbc1b020fecda5958b49775980d953c552aa62f87930c48a');
INSERT INTO messages VALUES(203,310030,'parse','blocks','{"block_index":310030,"ledger_hash":"753a1a8bb877851ae24dbc33884344f34ee18c6b0d70a4d909231448b943e8cd","messages_hash":"636beda8065dced60a15b93f698312b1205303e89e440054f47f30d3806cae64","transaction_count":0,"txlist_hash":"b9385290e5bd72f2a1a5d2cc889108a6da0aa888fdcf76170b166888c6301407"}',0,'BLOCK_PARSED',NULL,'b584972f89312f88e1e5660784d43740ff145f8a69ad1b4c885979949e89db3f');
INSERT INTO messages VALUES(204,310031,'insert','blocks','{"block_hash":"0b02b10f41380fff27c543ea8891ecb845bf7a003ac5c87e15932aff3bfcf689","block_index":310031,"block_time":310031000,"difficulty":null,"ledger_hash":null,"previous_block_hash":null,"txlist_hash":null}',0,'NEW_BLOCK',NULL,'8fac8c66c5aee7b69d99d9a0becc53ac4b11324f927aca223a87aea95d9babec');
INSERT INTO messages VALUES(205,310031,'parse','blocks','{"block_index":310031,"ledger_hash":"f7c62d08a4efc854dea6f47249786d3d00778d97223dd84de1d0fd1eef3e2ee7","messages_hash":"0b089ba8e2c07f64e5275a19c72e23717c2f6615e41787e9fe484a3ad95ecd1f","transaction_count":0,"txlist_hash":"6c27a0cb80d8602b9ccd126f53bb69727d358353b4c1299434c3472b0469d85f"}',0,'BLOCK_PARSED',NULL,'35f06da986e46f25ba514ec7a1324df4ed45a77369b0f40d65c9e5f1b02b0e0b');
INSERT INTO messages VALUES(206,310032,'insert','blocks','{"block_hash":"66346be81e6ba04544f2ae643b76c2b7b1383f038fc2636e02e49dc7ec144074","block_index":310032,"block_time":310032000,"difficulty":null,"ledger_hash":null,"previous_block_hash":null,"txlist_hash":null}',0,'NEW_BLOCK',NULL,'d87b1d63c148edebde48ca09667bc5558c08db9096df0e182af11281b8334994');
INSERT INTO messages VALUES(207,310032,'update','orders','{"status":"expired","tx_hash":"4408350196e71533e054ef84d1bdc4ba4b0f693d2d98d240d3c697b553078ab7"}',0,'ORDER_UPDATE',NULL,'8112087ed716927df15bf5adfcb3a867a4a884b90458c8a8eb7bfd61cb71b856');
INSERT INTO messages VALUES(208,310032,'insert','credits','{"address":"2_mn6q3dS2EnDUx3bmyWc6D4szJNVGtaR7zc_mnfAHmddVibnZNSkh8DvKaQoiEfNsxjXzH_mtQheFaSfWELRB2MyMBaiWjdDm6ux9Ezns_3","asset":"BBBB","block_index":310032,"calling_function":"cancel order","event":"4408350196e71533e054ef84d1bdc4ba4b0f693d2d98d240d3c697b553078ab7","quantity":50000000,"tx_index":0,"utxo":null,"utxo_address":null}',0,'CREDIT',NULL,'beba383bc23f7a1b5e89ac9c8a384f3c64db819ea1ccb285c4a8e658534a0678');
INSERT INTO messages VALUES(209,310032,'insert','order_expirations','{"block_index":310032,"order_hash":"4408350196e71533e054ef84d1bdc4ba4b0f693d2d98d240d3c697b553078ab7","source":"2_mn6q3dS2EnDUx3bmyWc6D4szJNVGtaR7zc_mnfAHmddVibnZNSkh8DvKaQoiEfNsxjXzH_mtQheFaSfWELRB2MyMBaiWjdDm6ux9Ezns_3"}',0,'ORDER_EXPIRATION',NULL,'ae72c1360791145838966f35d30135162b0d15320604d40e0a0b6e9ec00705f6');
INSERT INTO messages VALUES(210,310032,'parse','blocks','{"block_index":310032,"ledger_hash":"833690f195e85b427b61890640fe8f0cc7419e0f4301b6f4738bab12be06dbb8","messages_hash":"0613fdf8179c40a496e175e4650066c352531c47db27800599c58aa367de8deb","transaction_count":0,"txlist_hash":"cb3ca17e5c792309fead54d49039ee0e00e7b17291868a3a2e86e09bb3dae80e"}',0,'BLOCK_PARSED',NULL,'a39452cfed1a203bf13caecb232d468430bbd71be3461d31ea2f1708870acc29');
INSERT INTO messages VALUES(211,310033,'insert','blocks','{"block_hash":"999c65df9661f73e8c01f1da1afda09ac16788b72834f0ff5ea3d1464afb4707","block_index":310033,"block_time":310033000,"difficulty":null,"ledger_hash":null,"previous_block_hash":null,"txlist_hash":null}',0,'NEW_BLOCK',NULL,'e441ffbbb3b03182c0f9ef2f60d300f59ee39efa92b55e43c0addd6c935d015e');
INSERT INTO messages VALUES(212,310033,'parse','blocks','{"block_index":310033,"ledger_hash":"a1e118474a6f70b8f700a67b43ee0272c4609d3309603b5be6434ca587eaa704","messages_hash":"2f23e44306cdf377f80b08b032eae1a1b4784abed44d12a2ac67a7a585565bb9","transaction_count":0,"txlist_hash":"2f097bb1b1dff2b4266dcb3b46d29255401e23a2fcfb75f28e9f7184733e14bc"}',0,'BLOCK_PARSED',NULL,'a5296f0aab6e148307c5d8efaf68f791229a70454df459436f1e5f88602e3075');
INSERT INTO messages VALUES(213,310034,'insert','blocks','{"block_hash":"f552edd2e0a648230f3668e72ddf0ddfb1e8ac0f4c190f91b89c1a8c2e357208","block_index":310034,"block_time":310034000,"difficulty":null,"ledger_hash":null,"previous_block_hash":null,"txlist_hash":null}',0,'NEW_BLOCK',NULL,'462d7d7c95110cf62332378d09b3fef62f3d1a9bfb2d6a5c6302831d051fcb6f');
INSERT INTO messages VALUES(214,310034,'parse','blocks','{"block_index":310034,"ledger_hash":"3b6427f61fb59ffd674ed8e0af75687fc4ccf8b462011727d4dc4bdf4c794775","messages_hash":"dec5e3a86f2072ce434785271240c70984fcaba5b19f7bc33755d1700f81fafe","transaction_count":0,"txlist_hash":"be05766d9a1c70d8907d523979a313ccec8cf2900335fd91800b4b90da3bee12"}',0,'BLOCK_PARSED',NULL,'81968e93dc050bc6fb405aa391a048112c16300e8f3f0cdbe22b001c3a112477');
INSERT INTO messages VALUES(215,310035,'insert','blocks','{"block_hash":"a13cbb016f3044207a46967a4ba1c87dab411f78c55c1179f2336653c2726ae2","block_index":310035,"block_time":310035000,"difficulty":null,"ledger_hash":null,"previous_block_hash":null,"txlist_hash":null}',0,'NEW_BLOCK',NULL,'a69b81934106f4291f2abfd1d124eb3d604482271b41139ee35b1f25b4e50bef');
INSERT INTO messages VALUES(216,310035,'parse','blocks','{"block_index":310035,"ledger_hash":"d065384f739c52a718f656717f88eb2fecc10d8567a93ccf823434c003d28c55","messages_hash":"05d70ee9655f79e42a6afe31be67c186c88cacb58a11c0ff890b1456bef081e3","transaction_count":0,"txlist_hash":"41cb2236ce676fd45ae98593c9cac6291fa95479ec07a5af615ccb5fbbeab760"}',0,'BLOCK_PARSED',NULL,'4ee17bfa29c7fb5b45b12d6b5d7de6458684ef24e6337a7fc36caec2d2195c47');
INSERT INTO messages VALUES(217,310036,'insert','blocks','{"block_hash":"158648a98f1e1bd1875584ce8449eb15a4e91a99a923bbb24c4210135cef0c76","block_index":310036,"block_time":310036000,"difficulty":null,"ledger_hash":null,"previous_block_hash":null,"txlist_hash":null}',0,'NEW_BLOCK',NULL,'f5db5cab22cb8fbb376ecf8eb533dec304e9405a51349596cd934360985b2675');
INSERT INTO messages VALUES(218,310036,'parse','blocks','{"block_index":310036,"ledger_hash":"22cddc8dbfcbaf4b851fa5379c740a96294acc3d772dcf6d684881bef18d7fbf","messages_hash":"f18df71f40fed5ae0d51f0c9e86730bec7481f5f1d42edab3b43ac8432ff21bd","transaction_count":0,"txlist_hash":"0beb88a3d4adbf913601c2d5144599cecfd48886ca51f995aecfeb50c56aab1c"}',0,'BLOCK_PARSED',NULL,'34a9a04091fb5b2245f54d1c541b62231ff3e5ba7e38a9645a1656b6069cdb23');
INSERT INTO messages VALUES(219,310037,'insert','blocks','{"block_hash":"563acfd6d991ce256d5655de2e9429975c8dceeb221e76d5ec6e9e24a2c27c07","block_index":310037,"block_time":310037000,"difficulty":null,"ledger_hash":null,"previous_block_hash":null,"txlist_hash":null}',0,'NEW_BLOCK',NULL,'a09079bbe3f8e38444b854c91fb56d39c9b3b459213c2eb90135218eabec0980');
INSERT INTO messages VALUES(220,310037,'parse','blocks','{"block_index":310037,"ledger_hash":"93172c51a9c4cb5c33937a199a32ad3c13a40a60f4c194a1187e2c59a15c0ccc","messages_hash":"78e67095cf665c1de0b2af21f2165790b1417274feecd81456347f6cfb6c9ab6","transaction_count":0,"txlist_hash":"ea276540d3637a9165f482c48e414467e3a78c2c25c6a70bbed0c38f7205920e"}',0,'BLOCK_PARSED',NULL,'ac44a1fd465e15b46fd727ecd58d51dfaf36fd67bc17034b3f914cd978b14da7');
INSERT INTO messages VALUES(221,310038,'insert','blocks','{"block_hash":"b44b4cad12431c32df27940e18d51f63897c7472b70950d18454edfd640490b2","block_index":310038,"block_time":310038000,"difficulty":null,"ledger_hash":null,"previous_block_hash":null,"txlist_hash":null}',0,'NEW_BLOCK',NULL,'7685564a2c9009780f55596b42fdd7492c1c7f8ffdfb8b1e4e12aa9d1f2c4404');
INSERT INTO messages VALUES(222,310038,'parse','blocks','{"block_index":310038,"ledger_hash":"7a167a13f7e576c7e066035dbe2a2513659f1386c095a9e63afa494c043b7def","messages_hash":"c039524f327b7a85c87da066d6c888e7db7320268025a7c4848205af1420740f","transaction_count":0,"txlist_hash":"15ef5d6175a7ce1937554ed6c2b10be6555aa14f7179245b7b140d1a620095fc"}',0,'BLOCK_PARSED',NULL,'ed66a03a87607142f73d729dd6e4eaf871095dd125fba0177c5c618614f0ce98');
INSERT INTO messages VALUES(223,310039,'insert','blocks','{"block_hash":"5fa1ae9c5e8a599247458987b006ad3a57f686df1f7cc240bf119e911b56c347","block_index":310039,"block_time":310039000,"difficulty":null,"ledger_hash":null,"previous_block_hash":null,"txlist_hash":null}',0,'NEW_BLOCK',NULL,'744ad686516ce58d5e6b160a2dec408d97554b50a607a9e22b6b7e0188671082');
INSERT INTO messages VALUES(224,310039,'parse','blocks','{"block_index":310039,"ledger_hash":"4733d9ada3d4f60bc09f0a6eba3fdcdcd8e8b18adfd38c7bf06372259e2d38f3","messages_hash":"a92cd8e4412d0da2a8c8f8004614b64b31a9393e1069d2a2bdab3838e176e76c","transaction_count":0,"txlist_hash":"4ac5fe346b8577626d58c9442c95fccd4955506ac712ee3f27b5df6b7ec1d0df"}',0,'BLOCK_PARSED',NULL,'6f2631cffcca29a32cda486c27050a1e952b5fb41e0a4a84befca336e4da57c8');
INSERT INTO messages VALUES(225,310040,'insert','blocks','{"block_hash":"7200ded406675453eadddfbb2d14c2a4526c7dc2b5de14bd48b29243df5e1aa3","block_index":310040,"block_time":310040000,"difficulty":null,"ledger_hash":null,"previous_block_hash":null,"txlist_hash":null}',0,'NEW_BLOCK',NULL,'debdd12fca785c1037935e75385400b7c7f5235627483e8cfdff9a5ce44eec20');
INSERT INTO messages VALUES(226,310040,'parse','blocks','{"block_index":310040,"ledger_hash":"b8021bbe3744e58cedfc3dd99220fce48f4e56a8fe8256d7894dd55c7312a76d","messages_hash":"f90e6dfbc029264f89c00090f608e58489bb9e6823efb114b2872114a62af866","transaction_count":0,"txlist_hash":"acbb3114dc5c7599eabdaec4833952c3b6de20dde616233f3945151977d5be16"}',0,'BLOCK_PARSED',NULL,'83479527585f6231c56ded72e93eaaa504dfc33edcc9c77625b165ca4b45d2b0');
INSERT INTO messages VALUES(227,310041,'insert','blocks','{"block_hash":"5db592ff9ba5fac1e030cf22d6c13b70d330ba397f415340086ee7357143b359","block_index":310041,"block_time":310041000,"difficulty":null,"ledger_hash":null,"previous_block_hash":null,"txlist_hash":null}',0,'NEW_BLOCK',NULL,'e3eeb20810460c53f32f15adb66c95666fff8aeb89cd17f968170cee24a3a6ea');
INSERT INTO messages VALUES(228,310041,'parse','blocks','{"block_index":310041,"ledger_hash":"017b79a5fb34785dd39964a61a5bde69d676f75ee085c27bbc9e3381983c2dab","messages_hash":"6ef27739cbb44fbec1f834c103cf6a7fdcf7a810a99d231ce6f7e2d1a308255f","transaction_count":0,"txlist_hash":"6cbdfb2d6b3677c91097b1e80a32dafb0172725fabff370adcf444321ee48509"}',0,'BLOCK_PARSED',NULL,'dd90eb7a036392db94e68e2370ff87acc2824253ab93168576030c5ea9112337');
INSERT INTO messages VALUES(229,310042,'insert','blocks','{"block_hash":"826fd4701ef2824e9559b069517cd3cb990aff6a4690830f78fc845ab77fa3e4","block_index":310042,"block_time":310042000,"difficulty":null,"ledger_hash":null,"previous_block_hash":null,"txlist_hash":null}',0,'NEW_BLOCK',NULL,'76016efd11c761462e8e676c92a926584c9b1bbe5626a1e5e884d93ae0f302f4');
INSERT INTO messages VALUES(230,310042,'parse','blocks','{"block_index":310042,"ledger_hash":"cf5389c037b6c619025bf95d9718fb5548cd67978c3ebf26f76029873828162e","messages_hash":"714689f948fd44867292f758edc7deb1d760d0436623b44a621f75bf4bca39d4","transaction_count":0,"txlist_hash":"a091876d90aaf1dd5b0d53403a3a9b5788710bf3d0c1996184a91961a1f24aa0"}',0,'BLOCK_PARSED',NULL,'b44d0deb35d9380ab87b1e2e4ee64d08a0ca7c8bc5d7cc380ac5f2b6079e2df6');
INSERT INTO messages VALUES(231,310043,'insert','blocks','{"block_hash":"2254a12ada208f1dd57bc17547ecaf3c44720323c47bc7d4b1262477cb7f3c51","block_index":310043,"block_time":310043000,"difficulty":null,"ledger_hash":null,"previous_block_hash":null,"txlist_hash":null}',0,'NEW_BLOCK',NULL,'c8fdb1c6194415be609d237de75afdfbc93ed28646384143b8018cf8d2725ea1');
INSERT INTO messages VALUES(232,310043,'parse','blocks','{"block_index":310043,"ledger_hash":"df116ea1fcf5f968644dcc97c1149f0ef6061b188fd56c27152543256ce79009","messages_hash":"603e460fd6b1161f30ba21885046af008af9b605159052f0e98e8825519ba2e7","transaction_count":0,"txlist_hash":"eafb7d2cbbb2d1afe4a3eb65ca6bc7be653d7d824238264082d2c5e382757e54"}',0,'BLOCK_PARSED',NULL,'b29937d0dcb87d02f88328818c6a597dfa12d6ad9d28b04e5fbc755466cb0a5a');
INSERT INTO messages VALUES(233,310044,'insert','blocks','{"block_hash":"3346d24118d8af0b3c6bcc42f8b85792e7a2e7036ebf6e4c25f4f6723c78e46b","block_index":310044,"block_time":310044000,"difficulty":null,"ledger_hash":null,"previous_block_hash":null,"txlist_hash":null}',0,'NEW_BLOCK',NULL,'ff780a65ca67144aceb8114b723fcffdc641844788b297fec4bb542cdcc0ab97');
INSERT INTO messages VALUES(234,310044,'parse','blocks','{"block_index":310044,"ledger_hash":"c12cfaa984bfb34e781ac93848a87cdc0318c45a1cd9f02d31f5c3a4abe8d918","messages_hash":"57fd0e4696e43a7d7bb8fa26f243319f1e82833ff1e1e3ef61761f4a1d6c1864","transaction_count":0,"txlist_hash":"61cb811c578f90cd6cc9f6963ff80c280f6ad0edb53fe53dd3075a8818404fe8"}',0,'BLOCK_PARSED',NULL,'2b4cba729855959af33c1388d8074b1303f23a3a7ae0cac3bb0e48b24664d392');
INSERT INTO messages VALUES(235,310045,'insert','blocks','{"block_hash":"7bba0ab243839e91ad1a45a762bf074011f8a9883074d68203c6d1b46fffde98","block_index":310045,"block_time":310045000,"difficulty":null,"ledger_hash":null,"previous_block_hash":null,"txlist_hash":null}',0,'NEW_BLOCK',NULL,'fe915a73cf36f2f623d469bff3e2bac469d2eac33f7fef4909fa22b56da940b8');
INSERT INTO messages VALUES(236,310045,'parse','blocks','{"block_index":310045,"ledger_hash":"999a9ed2673de2db7637e22eb8a1876e0c794e90f09cdd76d1442e56ae12b1c8","messages_hash":"df129d2913a58f5186cd0b2b5b7f5d7769698ce730314dd80db18f10976381db","transaction_count":0,"txlist_hash":"ce9e3f0524576a630ed0154cf69c7798065a001e6752c4f369c30b06aebbe378"}',0,'BLOCK_PARSED',NULL,'b8d744a099b4bf12c824d3d9e46b867b076da82d96934131be933e4659b227de');
INSERT INTO messages VALUES(237,310046,'insert','blocks','{"block_hash":"47db6788c38f2d6d712764979e41346b55e78cbb4969e0ef5c4336faf18993a6","block_index":310046,"block_time":310046000,"difficulty":null,"ledger_hash":null,"previous_block_hash":null,"txlist_hash":null}',0,'NEW_BLOCK',NULL,'1b0e8a09ae4b563acae98f45a81a7d5c181c7de25f5a080a42549dcbff13f967');
INSERT INTO messages VALUES(238,310046,'parse','blocks','{"block_index":310046,"ledger_hash":"240c9a2f6dc918ed868abfb5de6838d7a17f02263fdda0ccd3c7481c09e155d1","messages_hash":"4e07f32943f702131817b662d2c3ffe3cd796368ef4f73e48439c9eb02939a4e","transaction_count":0,"txlist_hash":"4f83f9bc531841759d1071a92ccda5d898af693fc88db0de16b2d2ca09630d59"}',0,'BLOCK_PARSED',NULL,'4548e442dafb0232418ce16ab790b79454ccab558aae52e3e5b07f0a26043ab7');
INSERT INTO messages VALUES(239,310047,'insert','blocks','{"block_hash":"a9ccabcc2a098a7d25e4ab8bda7c4e66807eefa42e29890dcd88149a10de7075","block_index":310047,"block_time":310047000,"difficulty":null,"ledger_hash":null,"previous_block_hash":null,"txlist_hash":null}',0,'NEW_BLOCK',NULL,'bf3a23fd9ace01b188c5133bba6c755ff008d5bebda1047879b802e84f5543e4');
INSERT INTO messages VALUES(240,310047,'parse','blocks','{"block_index":310047,"ledger_hash":"79836105e355e25afd709d15632e2c0d1ab53ab251cd3750ffee9fea4a2605b8","messages_hash":"05fb8afd82b430088303ec8ad4e865c81b504b1443e524b67af7e09a83f9c086","transaction_count":0,"txlist_hash":"b17c5d4fc0eef05c315095d265b324a0ea7dee28145d7b4e251a944b4b6a16fb"}',0,'BLOCK_PARSED',NULL,'157a0870d933039755f1a711640ac133c3de144f66e9399ac3aba99d19c33624');
INSERT INTO messages VALUES(241,310048,'insert','blocks','{"block_hash":"610bf3935a85b05a98556c55493c6de45bed4d7b3b6c8553a984718765796309","block_index":310048,"block_time":310048000,"difficulty":null,"ledger_hash":null,"previous_block_hash":null,"txlist_hash":null}',0,'NEW_BLOCK',NULL,'58ed692c4041251c89076e96500b6595e73eb16f5b9774330d38d0afac12e0ca');
INSERT INTO messages VALUES(242,310048,'parse','blocks','{"block_index":310048,"ledger_hash":"6bf0789392e97311c4283d9f748b37effe7b0d1678076e30ce5725eff345a8c5","messages_hash":"96ae5e483fa7eb49f9d1750aa0c19a550e24f9c157be12641d6ce9ffe7fc98a3","transaction_count":0,"txlist_hash":"f9f7ec8bdc9301d4ea41a099d04f84631badad709fdbdf43582327f183102590"}',0,'BLOCK_PARSED',NULL,'f8528c655a4a4d2f26b7c0b2c1ac74ded1df4ba45cb9a5c7ae3e6aa419f7f321');
INSERT INTO messages VALUES(243,310049,'insert','blocks','{"block_hash":"4ad2761923ad49ad2b283b640f1832522a2a5d6964486b21591b71df6b33be3c","block_index":310049,"block_time":310049000,"difficulty":null,"ledger_hash":null,"previous_block_hash":null,"txlist_hash":null}',0,'NEW_BLOCK',NULL,'ec1dea8ad5dd0905cce2a6fa010485f8bb8078152f1930f2535ab7609f080589');
INSERT INTO messages VALUES(244,310049,'parse','blocks','{"block_index":310049,"ledger_hash":"1842c46a03800f5e191cb8d641aead6bc80e6d25c2ec826f3a5df426059cc1cb","messages_hash":"d08178883b6f4531d41d2e3b87bf8fc6ec60b894b457220f02c178e2f0e9ad53","transaction_count":0,"txlist_hash":"458e51569acd6ef757e0b36ab3f558e76f239ea3bfbf1b0ce7824f39ec5ac23b"}',0,'BLOCK_PARSED',NULL,'3fc0bac534eaa99d48d9ab3e66b152b0e6ef4ddcf4f48799e2da4a0c5ca7c95a');
INSERT INTO messages VALUES(245,310050,'insert','blocks','{"block_hash":"8cfeb60a14a4cec6e9be13d699694d49007d82a31065a17890383e262071e348","block_index":310050,"block_time":310050000,"difficulty":null,"ledger_hash":null,"previous_block_hash":null,"txlist_hash":null}',0,'NEW_BLOCK',NULL,'749641aecc5db096b232614a8f7f720a83e18a2220f84b1857edcb80f708e323');
INSERT INTO messages VALUES(246,310050,'parse','blocks','{"block_index":310050,"ledger_hash":"d424b02109320491b2d32388869d6468ab1fca26d4bf72374cfef729efad866d","messages_hash":"9c8ff110093c5f2dac33bfc29bff548774965b5c2ac9dd3db577d54d9ac8b877","transaction_count":0,"txlist_hash":"53e0972193c4f689d3a7216f22607a9b0cb7b8a9f43f144469bfbf25f59edb09"}',0,'BLOCK_PARSED',NULL,'815240bff1fae8db18915778418d278f7639ac86eefaba6e371340ee96678f94');
INSERT INTO messages VALUES(247,310051,'insert','blocks','{"block_hash":"b53c90385dd808306601350920c6af4beb717518493fd23b5c730eea078f33e6","block_index":310051,"block_time":310051000,"difficulty":null,"ledger_hash":null,"previous_block_hash":null,"txlist_hash":null}',0,'NEW_BLOCK',NULL,'c6f1a33297712bfc2bcf5170043a6b4f7df5c16e6f0b3840d7694077aab5165b');
INSERT INTO messages VALUES(248,310051,'parse','blocks','{"block_index":310051,"ledger_hash":"d1db4181403136b41168ab7786831f2fadfc418a05b7477246ab097bab531859","messages_hash":"6f8f9e6db4aec069909f11ab4e236402bf83c5fcacd2d904e7efc22a67dea365","transaction_count":0,"txlist_hash":"89bbd06ca16ed2098ac6b7accd2296b4e0a2d8236dbf1cc14137e90ebad364e3"}',0,'BLOCK_PARSED',NULL,'de2227fd06a3d0c92d09149a5ce156c365a59d10f3df839b40713f1d078fe2be');
INSERT INTO messages VALUES(249,310052,'insert','blocks','{"block_hash":"0acdacf4e4b6fca756479cb055191b367b1fa433aa558956f5f08fa5b7b394e2","block_index":310052,"block_time":310052000,"difficulty":null,"ledger_hash":null,"previous_block_hash":null,"txlist_hash":null}',0,'NEW_BLOCK',NULL,'55c2970a70c8d1d61341bc8f5345f198c54cea39e3235f0b659ba919d99b55cb');
INSERT INTO messages VALUES(250,310052,'parse','blocks','{"block_index":310052,"ledger_hash":"97fdb6b2c8e636d23109a67af55ab4bb30955a84073274de3fdc788074dc1b6b","messages_hash":"1d3bf43cf1894650df05b52dbfefcee4890ec800b128c70a86e8ffdc142231f1","transaction_count":0,"txlist_hash":"8b8739b799483eb556e0e32f92cc092c349bb2bcb87044e88e762d55d6f1b033"}',0,'BLOCK_PARSED',NULL,'f110964a0abbc3deffc818c7dd16b7603044ef5c733d8ba3e795fcca6ba9fb11');
INSERT INTO messages VALUES(251,310053,'insert','blocks','{"block_hash":"68348f01b6dc49b2cb30fe92ac43e527aa90d859093d3bf7cd695c64d2ef744f","block_index":310053,"block_time":310053000,"difficulty":null,"ledger_hash":null,"previous_block_hash":null,"txlist_hash":null}',0,'NEW_BLOCK',NULL,'747a808a2f482e4d441019e7b0cd7c55f1b7082408f601b28fbd99e9781943b3');
INSERT INTO messages VALUES(252,310053,'parse','blocks','{"block_index":310053,"ledger_hash":"0506be4f04a22058504406210af3f1475dbf6d6834c1c1b7f6ac0fe013b47363","messages_hash":"bfd798abe2d6a96c3a49465159876cc1f1f24ac4726ee865e925b1d8a3c717fc","transaction_count":0,"txlist_hash":"05673a7bf2fc7e9a5daf3732cb03bcf43712df43ef7ecf1bfe89d18f54726b6b"}',0,'BLOCK_PARSED',NULL,'fc0a6937f71b39713877201aecc9215fd0d905dd118e9d979cd5e4a3e4592500');
INSERT INTO messages VALUES(253,310054,'insert','blocks','{"block_hash":"a8b5f253df293037e49b998675620d5477445c51d5ec66596e023282bb9cd305","block_index":310054,"block_time":310054000,"difficulty":null,"ledger_hash":null,"previous_block_hash":null,"txlist_hash":null}',0,'NEW_BLOCK',NULL,'116f9a17d1127ec0c4b28992fd7f411be7bc7daad76d34ac07bb288f2e5fd19e');
INSERT INTO messages VALUES(254,310054,'parse','blocks','{"block_index":310054,"ledger_hash":"3dc7894c1368c9ef5d32a95fdc292e7de8237b73b61365a25b9d0da95eedc2e6","messages_hash":"1c61644d099e237a4f81be83ffa963fe9d6035f475fdc848c98564e2f54851b5","transaction_count":0,"txlist_hash":"4651aab35442e5ec1d79ba6422ca0c2b0df02369ee49b33efe1ef54e2ebc7080"}',0,'BLOCK_PARSED',NULL,'4ebbea7556fda914f19ec2f0057130e2dee1b61946959ace77c4a4a8980d7dea');
INSERT INTO messages VALUES(255,310055,'insert','blocks','{"block_hash":"4b069152e2dc82e96ed8a3c3547c162e8c3aceeb2a4ac07972f8321a535b9356","block_index":310055,"block_time":310055000,"difficulty":null,"ledger_hash":null,"previous_block_hash":null,"txlist_hash":null}',0,'NEW_BLOCK',NULL,'524bf0ab4602b6a80c6319bc4358ad08ab1eca3a29961aee9ac944d4135f2d1b');
INSERT INTO messages VALUES(256,310055,'parse','blocks','{"block_index":310055,"ledger_hash":"a9ef2c8bf3a88c326d2bdd722c3d82ed4f4c10b65620b136d4b893ed93174795","messages_hash":"a060cf630cb9ea9d3323991699ef1d3729615d3c5c96d88cd762dee0fd536702","transaction_count":0,"txlist_hash":"d826fea28c0f5e82a6fbefae4d6885a0a49a3180d3c16d6eeb4faff9f57d4d89"}',0,'BLOCK_PARSED',NULL,'cf55873c1068aaed0b8a8beff085668253c75a9e878494dd6f8de8acb16407d1');
INSERT INTO messages VALUES(257,310056,'insert','blocks','{"block_hash":"7603eaed418971b745256742f9d2ba70b2c2b2f69f61de6cc70e61ce0336f9d3","block_index":310056,"block_time":310056000,"difficulty":null,"ledger_hash":null,"previous_block_hash":null,"txlist_hash":null}',0,'NEW_BLOCK',NULL,'8cbeda4821095696640b37c5bcc27e37ace49c6a79583c377eb7962899350112');
INSERT INTO messages VALUES(258,310056,'parse','blocks','{"block_index":310056,"ledger_hash":"13b76edecb04a9733107d5c21420ee20424fd463dcde2ea98424ad99ed3383f0","messages_hash":"6a9de88b55f133208cb74555bc17202b2e369ae05317ac44b9609c6be277b894","transaction_count":0,"txlist_hash":"fe620dd60bf5b6f3c610495735deca47cdbfcbb510975ebba2f68c7df6d32a15"}',0,'BLOCK_PARSED',NULL,'ca5595407073ddad60cc7cb2235efcc6e4746ffd26bbffba08bbc95979daca9e');
INSERT INTO messages VALUES(259,310057,'insert','blocks','{"block_hash":"4a5fdc84f2d66ecb6ee3e3646aad20751ce8694e64e348d3c8aab09d33a3e411","block_index":310057,"block_time":310057000,"difficulty":null,"ledger_hash":null,"previous_block_hash":null,"txlist_hash":null}',0,'NEW_BLOCK',NULL,'d51c4d116d5fe238b9c13499db0be3b911887244a8becb605e3bcea970ef6b56');
INSERT INTO messages VALUES(260,310057,'parse','blocks','{"block_index":310057,"ledger_hash":"41c8a47d7bc4e73aa2f09685acb9fac052c5c55764ec3a8250abbbcde40dbe90","messages_hash":"0ebef95e7af00e825fed2b9ec7bfac3b75e2a4d6d4e8d2fcd1be32466e400314","transaction_count":0,"txlist_hash":"553ea196d7a1045f71dc6261cbfe4b84c78b7dc37de89b8865f4d385cbb42863"}',0,'BLOCK_PARSED',NULL,'0b8a52e916b27743d75512ecec59af6ced0d4a8bd45c4b2c1ae4eb2e63436ef1');
INSERT INTO messages VALUES(261,310058,'insert','blocks','{"block_hash":"a6eef3089896f0cae0bfe9423392e45c48f4efe4310b14d8cfbdb1fea613635f","block_index":310058,"block_time":310058000,"difficulty":null,"ledger_hash":null,"previous_block_hash":null,"txlist_hash":null}',0,'NEW_BLOCK',NULL,'76f85a78102cbaf31ff9d4c65b31287ff12a2e117d44b736c5a7daa1745c886e');
INSERT INTO messages VALUES(262,310058,'parse','blocks','{"block_index":310058,"ledger_hash":"0b8ec211d258206ab8c318c079d9deb33d444a7086d5a05aaba97abc0be137df","messages_hash":"81b77dc97c9febc824bc9d8ab08c75d04ced65707c217066634dba9d655a79c2","transaction_count":0,"txlist_hash":"c3fd7824c9b8413f24feb96ca676285447a980d684f730d10b81c06a440fab7a"}',0,'BLOCK_PARSED',NULL,'693b624fcce7150634aeb79a7e78cb38bb67ab9acce1cf992f6f3aa2643c525e');
INSERT INTO messages VALUES(263,310059,'insert','blocks','{"block_hash":"ab505de874c43f97c90be1c26a769e6c5cb140405c993b4a6cc7afc795f156a9","block_index":310059,"block_time":310059000,"difficulty":null,"ledger_hash":null,"previous_block_hash":null,"txlist_hash":null}',0,'NEW_BLOCK',NULL,'eb2fc66100c9d4b3414cde0ce4928ea0b4aab054f2109b7ff6e1e69eb56ed305');
INSERT INTO messages VALUES(264,310059,'parse','blocks','{"block_index":310059,"ledger_hash":"f5c2686408577854893d11b02f52d8ea917e90777dddf67c98aabb36a3339b6f","messages_hash":"1517b49569ad5aaf4b3ada4f6b5d7c2f40be41ea51d477d6f705363ec22cc8b1","transaction_count":0,"txlist_hash":"3f73e1d36c82dfc8ee58f83502643d962ba6558cbf0fb46d83fea966b5cdfc59"}',0,'BLOCK_PARSED',NULL,'f492ee4c97d6a87e0ac1dc8781030cb53d6df65e7807184bd636e7a34960f4ea');
INSERT INTO messages VALUES(265,310060,'insert','blocks','{"block_hash":"974ad5fbef621e0a38eab811608dc9afaf10c8ecc85fed913075ba1a145e889b","block_index":310060,"block_time":310060000,"difficulty":null,"ledger_hash":null,"previous_block_hash":null,"txlist_hash":null}',0,'NEW_BLOCK',NULL,'921e16ebcf11497a14d94994704de3e85b721c9b47a0c6ae5c4c19d30496791a');
INSERT INTO messages VALUES(266,310060,'parse','blocks','{"block_index":310060,"ledger_hash":"b80d446905550494f56f4f8240b501d593b0d0e63b5d98a09e180b1a0a68e3b1","messages_hash":"fbacb5df11579446cfe22910ca43521a0ba4f20c0ef4f50529c54718ec117c7e","transaction_count":0,"txlist_hash":"f1995db5beea80756d509ddf79d3467bb14ae96b0d151175499030505d1f648e"}',0,'BLOCK_PARSED',NULL,'9400e3e5e0b8c0b498e0c4af329a773e513f3b55eb25fd4df3a5f64824f8f0a1');
INSERT INTO messages VALUES(267,310061,'insert','blocks','{"block_hash":"35d267d21ad386e7b7632292af1c422b0310dde7ca49a82f9577525a29c138cf","block_index":310061,"block_time":310061000,"difficulty":null,"ledger_hash":null,"previous_block_hash":null,"txlist_hash":null}',0,'NEW_BLOCK',NULL,'dafaf554f697fb43692bae83acc98f83289d7d81ed3fb8f0a47cabf427f3a812');
INSERT INTO messages VALUES(268,310061,'parse','blocks','{"block_index":310061,"ledger_hash":"41b30d23becc727151698b29a1bb733e45ae5086683c5256d073a6f817baaf49","messages_hash":"dd05dc53bf40ea738bc520430a6deb25cbb7d5771d077d8e3a09cbea4446800f","transaction_count":0,"txlist_hash":"de6a4e6bbd49de2001ce26387040970beeb7062b4e16911757204d2745f6c409"}',0,'BLOCK_PARSED',NULL,'9d487e703f59a3acbb60cbde78a1cbc7a8d7ede9fe6eaee6e5c1acd79cdc6e3e');
INSERT INTO messages VALUES(269,310062,'insert','blocks','{"block_hash":"b31a0054145319ef9de8c1cb19df5bcf4dc8a1ece20053aa494e5d3a00a2852f","block_index":310062,"block_time":310062000,"difficulty":null,"ledger_hash":null,"previous_block_hash":null,"txlist_hash":null}',0,'NEW_BLOCK',NULL,'a59e375c82290d91032193a6a430e3340a8047ab48e7ab41569f472a9105cd60');
INSERT INTO messages VALUES(270,310062,'parse','blocks','{"block_index":310062,"ledger_hash":"f873f47e89715e965c98e92616339f8ff4200f6b8ef5cf747e8de2d101cbde02","messages_hash":"0cacb3f54ca81f783e0ab0859b202c4addb10544083e7709a7cb3454ed8e8efc","transaction_count":0,"txlist_hash":"f2954d07588b07ffc063170f43afbb12548fe61584575a979526d28dd631edaa"}',0,'BLOCK_PARSED',NULL,'ad9cdc58621b59c170d1ebec6e1586c06e392379c770b3d9308fdd837c0d0a94');
INSERT INTO messages VALUES(271,310063,'insert','blocks','{"block_hash":"0cbcbcd5b7f2dc288e3a34eab3d4212463a5a56e886804fb4f9f1cf929eadebe","block_index":310063,"block_time":310063000,"difficulty":null,"ledger_hash":null,"previous_block_hash":null,"txlist_hash":null}',0,'NEW_BLOCK',NULL,'22223d43e6d97b647e2bb02d7b86284ff3939958f7ced987dee9c2bae3af974e');
INSERT INTO messages VALUES(272,310063,'parse','blocks','{"block_index":310063,"ledger_hash":"14ce21ebfe6a00eccd7bf1aac2d5cf122441d2ebe8c0f5fd6dd14a95b5a209b3","messages_hash":"5e6809578b7600188094c773afb02a8079d09f7be6dee3b8214839142ee65afe","transaction_count":0,"txlist_hash":"96b5675e5c3a3b66d7e2bd3424316119cf795c17bbbf2c8677b66872e4659574"}',0,'BLOCK_PARSED',NULL,'bb5c26b97b2553516b49a83acbdad6124b69fb18009f7f38be059d526efa414c');
INSERT INTO messages VALUES(273,310064,'insert','blocks','{"block_hash":"e2db8065a195e85cde9ddb868a17d39893a60fb2b1255aa5f0c88729de7cbf30","block_index":310064,"block_time":310064000,"difficulty":null,"ledger_hash":null,"previous_block_hash":null,"txlist_hash":null}',0,'NEW_BLOCK',NULL,'0f4e32163e5c1e33601a0b984eb882d45d6a52010392c98f332eaccdb6bb1c03');
INSERT INTO messages VALUES(274,310064,'parse','blocks','{"block_index":310064,"ledger_hash":"adb05bac5e7f1e6a1679d5c51f252dc877ebd99c2b73a56df69a9c848cef98a7","messages_hash":"cd6aee357ca42dba8ff4250ed8bd069e4d0855cc6ea9abeba4fb07e46917ca8e","transaction_count":0,"txlist_hash":"243e437b3c00d8106e8c9c2cb08d22376e8a16bd3b62a8b62b86128ddd6d139e"}',0,'BLOCK_PARSED',NULL,'2e80cdca057cbd7abc3d750944ee59e0dd36bc73182480b6318efa92f1bacf8d');
INSERT INTO messages VALUES(275,310065,'insert','blocks','{"block_hash":"8a7bc7a77c831ac4fd11b8a9d22d1b6a0661b07cef05c2e600c7fb683b861d2a","block_index":310065,"block_time":310065000,"difficulty":null,"ledger_hash":null,"previous_block_hash":null,"txlist_hash":null}',0,'NEW_BLOCK',NULL,'ab483195ba5fd411566f315f10cdc85b391ef75efea43493c08ce320b2a96019');
INSERT INTO messages VALUES(276,310065,'parse','blocks','{"block_index":310065,"ledger_hash":"9065476b6b2cfb122888e036cea71d36f3d5f7d6c72451c63d770b40a4560fac","messages_hash":"8c59a14fd3231936199eba5628f8b3ef6ff898ec1dae67431ee574fff8ab6db7","transaction_count":0,"txlist_hash":"4af47a042289756821ffb0b14aba38fcc8c972fd254220d3991b05642df641e6"}',0,'BLOCK_PARSED',NULL,'b712ad56c5c6d505de95d50bc39793ec24c1528329c53bed837c0ab4f27eff51');
INSERT INTO messages VALUES(277,310066,'insert','blocks','{"block_hash":"b6959be51eb084747d301f7ccaf9e75f2292c9404633b1532e3692659939430d","block_index":310066,"block_time":310066000,"difficulty":null,"ledger_hash":null,"previous_block_hash":null,"txlist_hash":null}',0,'NEW_BLOCK',NULL,'e59357f19c8482dfb7de91da284a26d538568e359ced687ab005c9c946f2de24');
INSERT INTO messages VALUES(278,310066,'parse','blocks','{"block_index":310066,"ledger_hash":"7d5d369827ec0cd44743ed9a519d45003789ff8dc2e511191d2726e1482f58d2","messages_hash":"5b94fbbbd4a8629cf7a25bbf42ab82b7860eecdb05cc8c7d3b6c3c09ec8b51fb","transaction_count":0,"txlist_hash":"4d61dab0197a7a3f452f3751a92cb1f5378106a13be0351f0f8942d011da097d"}',0,'BLOCK_PARSED',NULL,'45eb8ea178fffc707a1f28b7b1549637bd70c51e29190aae9432f333f77872c0');
INSERT INTO messages VALUES(279,310067,'insert','blocks','{"block_hash":"8b08eae98d7193c9c01863fac6effb9162bda010daeacf9e0347112f233b8577","block_index":310067,"block_time":310067000,"difficulty":null,"ledger_hash":null,"previous_block_hash":null,"txlist_hash":null}',0,'NEW_BLOCK',NULL,'9cdc02af3449aa2c34b93516a7b4ee73d36134e8b6d1f423557dc4c0ce9aa29f');
INSERT INTO messages VALUES(280,310067,'parse','blocks','{"block_index":310067,"ledger_hash":"301b22a9338d5dd39bbebf6bf518ac53bbb8e1cf7469322484cbcee2fee666ef","messages_hash":"4f3d0952941025cf22e983d89437b3c1edcb7da0bd3c919740235b095454178f","transaction_count":0,"txlist_hash":"ae0cf0361293deb7b8903f20aca2410197db694ea3aff0aec3b635690168f5a5"}',0,'BLOCK_PARSED',NULL,'8ce54cecf5227072e73e6d80a034072200c8ebbe39e84fb3baef497a10654953');
INSERT INTO messages VALUES(281,310068,'insert','blocks','{"block_hash":"9280e7297ef6313341bc81787a36acfc9af58f83a415afff5e3154f126cf52b5","block_index":310068,"block_time":310068000,"difficulty":null,"ledger_hash":null,"previous_block_hash":null,"txlist_hash":null}',0,'NEW_BLOCK',NULL,'7f142ccb82d7007dd0e2f21043d5145e965aff97daf922ed32f409ff04289eba');
INSERT INTO messages VALUES(282,310068,'parse','blocks','{"block_index":310068,"ledger_hash":"fc281736e1dfe5a89a9a3dd098565c645904a4ad1626dd70ac8e9bc447dfb8b8","messages_hash":"8c23ac2fd5238c72ee1ff3cc59553beafa800332aa3c2f839850f2f19d1fb742","transaction_count":0,"txlist_hash":"460295c507a33a24231d1f4c760e5987b54f29d1e17bc97959db2a712f0339bf"}',0,'BLOCK_PARSED',NULL,'adde1fcee590a75cba26a4be28e67d6fa767da3441a7264819c0d0b4a659c6e0');
INSERT INTO messages VALUES(283,310069,'insert','blocks','{"block_hash":"486351f0655bf594ffaab1980cff17353b640b63e9c27239109addece189a6f7","block_index":310069,"block_time":310069000,"difficulty":null,"ledger_hash":null,"previous_block_hash":null,"txlist_hash":null}',0,'NEW_BLOCK',NULL,'1af156fc4987f0b625c4107d1606a89ddfaf01b2581857b486cb5114489adf5b');
INSERT INTO messages VALUES(284,310069,'parse','blocks','{"block_index":310069,"ledger_hash":"b0249a0dfd008a4554adc24085d3c5f44278403cbccb44ba27ee354b23c5627b","messages_hash":"a469ec5f0bac890b8983e2c577e6f70aebea60fbf60110b3b9a0499ba143a31c","transaction_count":0,"txlist_hash":"d07500b12517493106b918ff5b6c96c371bc10bb3699eb279647539ea7ab1fd5"}',0,'BLOCK_PARSED',NULL,'409e368ecc6e9e0ec22d59380664279c8c263cc0921c42a9aaadb32feaf7719b');
INSERT INTO messages VALUES(285,310070,'insert','blocks','{"block_hash":"8739e99f4dee8bebf1332f37f49a125348b40b93b74fe35579dd52bfba4fa7e5","block_index":310070,"block_time":310070000,"difficulty":null,"ledger_hash":null,"previous_block_hash":null,"txlist_hash":null}',0,'NEW_BLOCK',NULL,'128f7ec460f099e665c6c0f79a336d65222c65861f402ea0bc936ae1b5f65bc6');
INSERT INTO messages VALUES(286,310070,'parse','blocks','{"block_index":310070,"ledger_hash":"d34051879c8db679ac5c49e50edf2085d0ce88dfc1adb971e7b097c0177854c2","messages_hash":"f64c00b3803d4ed0897b2019ffc9a6ae6d6ff5ca900f901ff97bef9d32936c70","transaction_count":0,"txlist_hash":"874e494499820bcc0ba41ac5cd1bd153ac1772f730c9b842b77b289adbb2c2f5"}',0,'BLOCK_PARSED',NULL,'decf342626bf556ae2208564253fde54cfd3833abd9a7200a52759a1ab77e6f1');
INSERT INTO messages VALUES(287,310071,'insert','blocks','{"block_hash":"7a099aa1bba0ead577f1e44f35263a1f115ed6a868c98d4dd71609072ae7f80b","block_index":310071,"block_time":310071000,"difficulty":null,"ledger_hash":null,"previous_block_hash":null,"txlist_hash":null}',0,'NEW_BLOCK',NULL,'a7dc637fd3022e4f24d35a778acba6163ac4f4fe623acb20b35540371e5d9266');
INSERT INTO messages VALUES(288,310071,'parse','blocks','{"block_index":310071,"ledger_hash":"0186c5312af19576cc628a85014ce7c33892dc23b5352c8ff5a0f230adfe263b","messages_hash":"62bb2badcd7c376dd59f2bb55f1e5c439b32971cd54bb6116678251fe17a94c8","transaction_count":0,"txlist_hash":"01342c18caeaea6b35f2d815b9aeffbd92228f6ad285103faa13cb25171fdfc6"}',0,'BLOCK_PARSED',NULL,'137d690f0d70e8c6fd5b82e941ec1e77fd030cfd1024c02f6640ef5b2286f0c3');
INSERT INTO messages VALUES(289,310072,'insert','blocks','{"block_hash":"7b17ecedc07552551b8129e068ae67cb176ca766ea3f6df74b597a94e3a7fc8a","block_index":310072,"block_time":310072000,"difficulty":null,"ledger_hash":null,"previous_block_hash":null,"txlist_hash":null}',0,'NEW_BLOCK',NULL,'ba3474b86724f899ada91b470699f5b5ff5a8a7a7ee34f7c886d385d565deec9');
INSERT INTO messages VALUES(290,310072,'parse','blocks','{"block_index":310072,"ledger_hash":"5376530512d61c3967f21cf01418d317ed072976119b8583fefaf3991b93d8b2","messages_hash":"97df614eaef187b9cac1010ae8b47cf9e9a9b3071d2b5eb4ac07d4d5a2303255","transaction_count":0,"txlist_hash":"72a7d63ad0b15a401210b197da00ca549b6e8c80d8eda1650cf9017bcbc92532"}',0,'BLOCK_PARSED',NULL,'b3fc58e7a8ef5f53e64eb12cf769d4dfd1aac174a3b7435c7a9eb181402afadb');
INSERT INTO messages VALUES(291,310073,'insert','blocks','{"block_hash":"ee0fe3cc9b3a48a2746b6090b63b442b97ea6055d48edcf4b2288396764c6943","block_index":310073,"block_time":310073000,"difficulty":null,"ledger_hash":null,"previous_block_hash":null,"txlist_hash":null}',0,'NEW_BLOCK',NULL,'469ae64bf0867eb72447fc858467dabf7049b7b93a31c56d2a2e8a329e4d53c9');
INSERT INTO messages VALUES(292,310073,'parse','blocks','{"block_index":310073,"ledger_hash":"d15fe704fe5de58e9203ff5ded50218a1a01609b65a1a259aec510b8b9e6d690","messages_hash":"fc69b2a194e31e2c1bebc2f45c01768c1cb8020230be272b657450a4d0c3d185","transaction_count":0,"txlist_hash":"924753a39229b5005b684c4b2dd111b6233347b89179f2fd2732d256b960ace0"}',0,'BLOCK_PARSED',NULL,'a911711caed5bb90dc2e089cad6fe19d98428208dfad114b46c6d33c099b6d0f');
INSERT INTO messages VALUES(293,310074,'insert','blocks','{"block_hash":"ceab38dfde01f711a187601731ad575d67cfe0b7dbc61dcd4f15baaef72089fb","block_index":310074,"block_time":310074000,"difficulty":null,"ledger_hash":null,"previous_block_hash":null,"txlist_hash":null}',0,'NEW_BLOCK',NULL,'fd3daeaadf0d33634a00023a444204189aacac138c5a2722e253788650824873');
INSERT INTO messages VALUES(294,310074,'parse','blocks','{"block_index":310074,"ledger_hash":"61015667044d0dddac3bdb16db67faa6ebcb71758101bfad898fca8ed183e7c3","messages_hash":"be820504eced707b7dc61f3725fd36d05b6264e89b1d465e8eec9e168fa81146","transaction_count":0,"txlist_hash":"298ed692f21afcee61b06fd853cf07e5707dbd63a05f0caff6b6a177edc3b613"}',0,'BLOCK_PARSED',NULL,'57e3632eea9ec1a81f1da6fd778a4ecf50c99a1adfe2c299d8fb6862ca8df927');
INSERT INTO messages VALUES(295,310075,'insert','blocks','{"block_hash":"ef547198c6e36d829f117cfd7077ccde45158e3c545152225fa24dba7a26847b","block_index":310075,"block_time":310075000,"difficulty":null,"ledger_hash":null,"previous_block_hash":null,"txlist_hash":null}',0,'NEW_BLOCK',NULL,'0bb50d31522019000c7cdc399772f6e5fb7efd3574f9985ff2b3ba2b59ad23ac');
INSERT INTO messages VALUES(296,310075,'parse','blocks','{"block_index":310075,"ledger_hash":"5dd06f32075c46b6e573d73f12c1c31cf82cac5d1588bbdf302b8fe95c4b948b","messages_hash":"810e52710c97026f8cb61ee50f1368103e4df21636b9aa432397bdcc00b4bfa9","transaction_count":0,"txlist_hash":"528e4b6aee88202f84f9f2b56611d0aba2336d925b8d8fe47039504e6eea1ebc"}',0,'BLOCK_PARSED',NULL,'d72ef8edbb094b2df661912097dd0d3dc7fd4b8d6707b0fb42e73edb84cee10b');
INSERT INTO messages VALUES(297,310076,'insert','blocks','{"block_hash":"3b0499c2e8e8f0252c7288d4ecf66efc426ca37aad3524424d14c8bc6f8b0d92","block_index":310076,"block_time":310076000,"difficulty":null,"ledger_hash":null,"previous_block_hash":null,"txlist_hash":null}',0,'NEW_BLOCK',NULL,'33c7542ce69e9aa3dc915d712ef0d1d46c627993d7c4419bacb54f53d17a883d');
INSERT INTO messages VALUES(298,310076,'parse','blocks','{"block_index":310076,"ledger_hash":"8e1782c2f35a07fcc4c57b34b2226b70cc4c7af2761386f38fc8fd74d53d5e60","messages_hash":"ae25ca0277fc33f75f17767762036f55b49f6722743c7e4ecbfe72e09bc702e5","transaction_count":0,"txlist_hash":"76682f0ffbc6b86d16fbcec967a7562f6f12558c12aa3d9abd8779f51cc870ab"}',0,'BLOCK_PARSED',NULL,'b759e266b98531f218a657dc3eb0358c7d2286427bb2cb5560cc4fd8eb479b41');
INSERT INTO messages VALUES(299,310077,'insert','blocks','{"block_hash":"d2adeefa9024ab3ff2822bc36acf19b6c647cea118cf15b86c6bc00c3322e7dd","block_index":310077,"block_time":310077000,"difficulty":null,"ledger_hash":null,"previous_block_hash":null,"txlist_hash":null}',0,'NEW_BLOCK',NULL,'474af56a571cac940479b6ab165cbefb447ea2dc22b201816327608ff348471d');
INSERT INTO messages VALUES(300,310077,'parse','blocks','{"block_index":310077,"ledger_hash":"6469ff80c3890d274817d30602f33d5d4b0a7c0a9e3b85100d21d7b38d894efb","messages_hash":"52e35a802a0df97ab70b4e1f2777aeadf40db5e127637964dc433641d0deb52d","transaction_count":0,"txlist_hash":"187e9ae8428d46b7f8c8d652ab31dcf7c86a574cc781714a71784857dc0d1365"}',0,'BLOCK_PARSED',NULL,'4b8ee9d58727307cf60b569a8c9370153ba839f515cffcddeaa12bf7501d498e');
INSERT INTO messages VALUES(301,310078,'insert','blocks','{"block_hash":"f6c17115ef0efe489c562bcda4615892b4d4b39db0c9791fe193d4922bd82cd6","block_index":310078,"block_time":310078000,"difficulty":null,"ledger_hash":null,"previous_block_hash":null,"txlist_hash":null}',0,'NEW_BLOCK',NULL,'c253a267f23c519166f54f60cceddbb150cd8f26fabe04e4211671242746579a');
INSERT INTO messages VALUES(302,310078,'parse','blocks','{"block_index":310078,"ledger_hash":"3ca73c2bf37c694281938a0599335633dccf0284a027f5f3b8e17a9e68cbcdf0","messages_hash":"b84542bf35868e749c26374c6d49188f71646950df4c5e148b2794b7e12fc43b","transaction_count":0,"txlist_hash":"f7830250755fc0566ee5162a06e7308b51c9c0a7a951752be6cff224806a90fa"}',0,'BLOCK_PARSED',NULL,'34c03d90ea8df10593393d498e6ab22348ec85721abefc363f452fac4710f074');
INSERT INTO messages VALUES(303,310079,'insert','blocks','{"block_hash":"f2fbd2074d804e631db44cb0fb2e1db3fdc367e439c21ffc40d73104c4d7069c","block_index":310079,"block_time":310079000,"difficulty":null,"ledger_hash":null,"previous_block_hash":null,"txlist_hash":null}',0,'NEW_BLOCK',NULL,'3ff122f1043eb359df2ea5bfeb49b838efaf49f9552882c1148cd6cd0e51acca');
INSERT INTO messages VALUES(304,310079,'parse','blocks','{"block_index":310079,"ledger_hash":"ae4a36e1ce7d5e11f059301684573cddce85b70ba69188a116e0611ceba5c140","messages_hash":"cf1e6d2f8230e4b520967669c5ecb25097cea49050928d9d43fd75e5df7d327f","transaction_count":0,"txlist_hash":"8d3b4ed30546c5f19f5522a0f57a86c29159ce27bf9e1e183a5ecffd9fbae8a2"}',0,'BLOCK_PARSED',NULL,'99d8ae204bb612231b56af8f5878085f029fb1ed5875838836abf73c718901aa');
INSERT INTO messages VALUES(305,310080,'insert','blocks','{"block_hash":"42943b914d9c367000a78b78a544cc4b84b1df838aadde33fe730964a89a3a6c","block_index":310080,"block_time":310080000,"difficulty":null,"ledger_hash":null,"previous_block_hash":null,"txlist_hash":null}',0,'NEW_BLOCK',NULL,'827c84a152c74ad40b348ca58fa7e84b1df68bc8b63081394cb5cecad150d229');
INSERT INTO messages VALUES(306,310080,'parse','blocks','{"block_index":310080,"ledger_hash":"c2c0b96c64f1ed555c8553da976e0fcc3a5ef403819ceac49cf22b476281ced1","messages_hash":"5cf30a3ceed0d709cb0b5c39eb5028531a9d80bfbd9cb5d7ea17581c3c069882","transaction_count":0,"txlist_hash":"d9ecf83f3f9f40246bee151938855fce34e0f9c636a5c9c2c80c896eb59287b9"}',0,'BLOCK_PARSED',NULL,'45920cf09fe37c117b64dae946f357cba9e9c3e41e051bd28358856d220a932c');
INSERT INTO messages VALUES(307,310081,'insert','blocks','{"block_hash":"6554f9d307976249e7b7e260e08046b3b55d318f8b6af627fed5be3063f123c4","block_index":310081,"block_time":310081000,"difficulty":null,"ledger_hash":null,"previous_block_hash":null,"txlist_hash":null}',0,'NEW_BLOCK',NULL,'da2414121ffb69699393057d0aec072a970de0befcf807e225803fab618e3ad2');
INSERT INTO messages VALUES(308,310081,'parse','blocks','{"block_index":310081,"ledger_hash":"88d1b09f8141b90b44740e4618422298f8a64f2b3d11230c6b04084ef8d11b2c","messages_hash":"4482a13c9bea52d65ee94adfb69aac0bee89623b4520913934a7c9c6a5f3e1de","transaction_count":0,"txlist_hash":"49e2f64485ac3ef523a079732bce9b2197384e2abfb3a4ad9340bca5a7179e31"}',0,'BLOCK_PARSED',NULL,'ee3eaa2abc3b754d4565e9867ccdfe7c09f0f7e4cd311eafe0ea03c2c5b30081');
INSERT INTO messages VALUES(309,310082,'insert','blocks','{"block_hash":"4f1ef91b1dcd575f8ac2e66a67715500cbca154bd6f3b8148bb7015a6aa6c644","block_index":310082,"block_time":310082000,"difficulty":null,"ledger_hash":null,"previous_block_hash":null,"txlist_hash":null}',0,'NEW_BLOCK',NULL,'c09ecef31f3073feb9e750b6dbda118228ecd5bf5ff0e3fc1357185b6cb5003c');
INSERT INTO messages VALUES(310,310082,'parse','blocks','{"block_index":310082,"ledger_hash":"dab22ae7a9216033777136cbbac87a3597cf6478a2fd008260caab3cad0cde3f","messages_hash":"51101fc829c2b78e2d0593dc5773c73fb7dabaf514fcd7dee977cb08c9421b34","transaction_count":0,"txlist_hash":"5406c6e3c63633910da82fc039c525dbeeb1aa818dc450a9d34d43084eef680f"}',0,'BLOCK_PARSED',NULL,'bf7a4dee780ae3bf21d5d8639745b05cb8d6ba17324355557a6112da0356b36f');
INSERT INTO messages VALUES(311,310083,'insert','blocks','{"block_hash":"9b1f6fd6ff9b0dc4e37603cfb0625f49067c775b99e12492afd85392d3c8d850","block_index":310083,"block_time":310083000,"difficulty":null,"ledger_hash":null,"previous_block_hash":null,"txlist_hash":null}',0,'NEW_BLOCK',NULL,'20c023dbbbde1afe7a67dae36e01805975823bfdcf5016c4894f613c59977e3f');
INSERT INTO messages VALUES(312,310083,'parse','blocks','{"block_index":310083,"ledger_hash":"a185e60dc97d19a211b0dfaa3f3da154956499b4af146751bf1d776fc68c15b8","messages_hash":"9b392f76b8224d5eec7db732a198ee87b3260852f8baba95185b7ddb67a39a92","transaction_count":0,"txlist_hash":"76e009b37822fc739a1e4abccf9f908a5fcdbed7fac540a719efbff8ebc694b7"}',0,'BLOCK_PARSED',NULL,'bddd278a474199241fe7e9bc203a76358f6f407150c3e92781f8e42b982c62f9');
INSERT INTO messages VALUES(313,310084,'insert','blocks','{"block_hash":"1e0972523e80306441b9f4157f171716199f1428db2e818a7f7817ccdc8859e3","block_index":310084,"block_time":310084000,"difficulty":null,"ledger_hash":null,"previous_block_hash":null,"txlist_hash":null}',0,'NEW_BLOCK',NULL,'0bd0ca305a6ec36673f0e92a7654a3c493a94d8d96f2d8a41b5fff91280537b0');
INSERT INTO messages VALUES(314,310084,'parse','blocks','{"block_index":310084,"ledger_hash":"622c574321be176c535fde918f319e10cfacaab383978be51406334303d14a8d","messages_hash":"fe483b13911d5128e3cdf7fbf65c7d7b33e88ce236f61e8c371334188a0ee673","transaction_count":0,"txlist_hash":"f3a3c37d89eb008f2194267a1eb5a7a52e9443f8b1f5fe51267d93a57eee27c7"}',0,'BLOCK_PARSED',NULL,'6ddc4ff391c2f78edcc73c6584893ae9cb40d7549216fc78635922da0e609323');
INSERT INTO messages VALUES(315,310085,'insert','blocks','{"block_hash":"c5b6e9581831e3bc5848cd7630c499bca26d9ece5156d36579bdb72d54817e34","block_index":310085,"block_time":310085000,"difficulty":null,"ledger_hash":null,"previous_block_hash":null,"txlist_hash":null}',0,'NEW_BLOCK',NULL,'c0b17598239beee4569118518c593fdbfa1d7e549d043c7a5e2d169bf6376513');
INSERT INTO messages VALUES(316,310085,'parse','blocks','{"block_index":310085,"ledger_hash":"5556084b92f51175d4de4097fcd820a3c367c2f0630d3a20081296e892462d84","messages_hash":"9d62620e8e0b2ebb2846ad244ea34458a8ef8031469188571dfeba769a3a5da7","transaction_count":0,"txlist_hash":"f284f757d004154b6ab9b9ee9d18281e6f8dd51f25f3f1fc7cc58450e0ba5f17"}',0,'BLOCK_PARSED',NULL,'a819c1cdfb89edbc8c23460255785ee5caa8069f49e1b0e710a8535ef9aff77e');
INSERT INTO messages VALUES(317,310086,'insert','blocks','{"block_hash":"080c1dc55a4ecf4824cf9840602498cfc35b5f84099f50b71b45cb63834c7a78","block_index":310086,"block_time":310086000,"difficulty":null,"ledger_hash":null,"previous_block_hash":null,"txlist_hash":null}',0,'NEW_BLOCK',NULL,'cd4e18635599072e7311026c1e4d274304ffa5f371be8237abb709d523478482');
INSERT INTO messages VALUES(318,310086,'parse','blocks','{"block_index":310086,"ledger_hash":"fc9dd8ef92fc7d47b187a75bd16e9698d61fa9ce6b4da7bba75982f59b0fbbc5","messages_hash":"e36b2420ada93acbebb22a2b3d4fb8324af81f862a4f3bee9c16976ea9804c39","transaction_count":0,"txlist_hash":"e5f9da1d98725423a240687ba2985b42f8acb274ba0122b4e31e25c57619845f"}',0,'BLOCK_PARSED',NULL,'257c124f9fd3d943862aa9e36bffdbec9333ce63ea958a8bb7613b45b1eca331');
INSERT INTO messages VALUES(319,310087,'insert','blocks','{"block_hash":"4ec8cb1c38b22904e8087a034a6406b896eff4dd28e7620601c6bddf82e2738c","block_index":310087,"block_time":310087000,"difficulty":null,"ledger_hash":null,"previous_block_hash":null,"txlist_hash":null}',0,'NEW_BLOCK',NULL,'84c8ab3d20b55f7fe929695e3665a724e8bd99036adc1912e599a3a1f19e0e7c');
INSERT INTO messages VALUES(320,310087,'parse','blocks','{"block_index":310087,"ledger_hash":"21f7329fa27373fba176043db9081b0d9f95f75421e5adce87177a3edffcedc0","messages_hash":"b5f798a239f4152608d82265d035add67b2b8bc5a593024a87f3173d7ffc6007","transaction_count":0,"txlist_hash":"7935ee6c215a123367ddfae34507170148723d08f1963aad7e47b68520fa4e70"}',0,'BLOCK_PARSED',NULL,'f9bd0cf34e50f47da281236091930a9a01e65d1e3d3c43c88fbfa4d41b05f1ab');
INSERT INTO messages VALUES(321,310088,'insert','blocks','{"block_hash":"e945c815c433cbddd0bf8e66c5c23b51072483492acda98f5c2c201020a8c5b3","block_index":310088,"block_time":310088000,"difficulty":null,"ledger_hash":null,"previous_block_hash":null,"txlist_hash":null}',0,'NEW_BLOCK',NULL,'fe9d84ef5d109bb7d138c271c6205efb91d8b79d6d2392122e79493198860470');
INSERT INTO messages VALUES(322,310088,'parse','blocks','{"block_index":310088,"ledger_hash":"19164a10a0602df57d1add2e3a31ad4eef9d3ef9e53e70174b44aa91de2d6296","messages_hash":"83f30b14f9a0153ad52089488c36a948017b2cd2abab7f2502b2c8a7f1e159dd","transaction_count":0,"txlist_hash":"d35a417416c712908cdfbeda76e261a55c605ff8091605a79d4d4fc986ae76cd"}',0,'BLOCK_PARSED',NULL,'73d14cf178c769464cc3d3a34f27992e6bf0e5a2a706f1911fc59a296a16b1c6');
INSERT INTO messages VALUES(323,310089,'insert','blocks','{"block_hash":"0382437f895ef3e7e38bf025fd4f606fd44d4bbd6aea71dbdc4ed11a7cd46f33","block_index":310089,"block_time":310089000,"difficulty":null,"ledger_hash":null,"previous_block_hash":null,"txlist_hash":null}',0,'NEW_BLOCK',NULL,'d8d630304f13d8589aba86af1ed405ddb6f59e819dc5b15c8816e42229284982');
INSERT INTO messages VALUES(324,310089,'parse','blocks','{"block_index":310089,"ledger_hash":"87f1c713c5f2cd84fab28b996008900f86bf9eaad25ceedac1507348a949be7c","messages_hash":"3a95521b8d9fe32cf6061c904fae948e3a4ebd1a18d734d43fb944023ab92e4d","transaction_count":0,"txlist_hash":"44c73622e27c362abf0460a5e0d7b836091523b763b6183cb9815cee30d66bef"}',0,'BLOCK_PARSED',NULL,'d74f908e688dbccd2fbdfdb8e27745adc8817058413a36aa58708998667a0cef');
INSERT INTO messages VALUES(325,310090,'insert','blocks','{"block_hash":"b756db71dc037b5a4582de354a3347371267d31ebda453e152f0a13bb2fae969","block_index":310090,"block_time":310090000,"difficulty":null,"ledger_hash":null,"previous_block_hash":null,"txlist_hash":null}',0,'NEW_BLOCK',NULL,'d90f4dee03cab575b41662f826f8a06f9582d1ac240c5f25f92f8f7ec1bdd8fd');
INSERT INTO messages VALUES(326,310090,'parse','blocks','{"block_index":310090,"ledger_hash":"75264a6a628d669a60b4a8ca7e24b6b5ef1ad2c74d955b8325959f906c3bc337","messages_hash":"1ead8c1166b2720988979e2274b287f6409fd6f8b68bf7d9ba730d37be4ac3e0","transaction_count":0,"txlist_hash":"c1771520c57b0c705c3a5f0d576622c8dd40c399e4946b63ba153af976b23b0e"}',0,'BLOCK_PARSED',NULL,'0b1e32f28099d25ab07f72559706300b7d4043320979032e0cdfbdc6be622bc8');
INSERT INTO messages VALUES(327,310091,'insert','blocks','{"block_hash":"734a9aa485f36399d5efb74f3b9c47f8b5f6fd68c9967f134b14cfe7e2d7583c","block_index":310091,"block_time":310091000,"difficulty":null,"ledger_hash":null,"previous_block_hash":null,"txlist_hash":null}',0,'NEW_BLOCK',NULL,'dbd1917d3946c47b2ab98debc61841d8a88350944e4b0a55d73dc931a4427d8f');
INSERT INTO messages VALUES(328,310091,'parse','blocks','{"block_index":310091,"ledger_hash":"27914e38b3ca9d8444275e5c6d24b5cfe0b4093f7c645d5c1fc3c39e0d3a3c60","messages_hash":"4b5fe8d7693ddc79f5d2ba024807838779813bfe2dad8467ec90090a75abc8b5","transaction_count":0,"txlist_hash":"329ae5ae96b71b9a116cb82d9518110e63d32a9dfcb6fece911201ab6c3a78c5"}',0,'BLOCK_PARSED',NULL,'4d9ef59cd64eb23baecf87eadfb35d60b5316168619468e719527d38d8e98c34');
INSERT INTO messages VALUES(329,310092,'insert','blocks','{"block_hash":"56386beb65f9228740d4ad43a1c575645f6daf59e0dd9f22551c59215b5e8c3d","block_index":310092,"block_time":310092000,"difficulty":null,"ledger_hash":null,"previous_block_hash":null,"txlist_hash":null}',0,'NEW_BLOCK',NULL,'3d575851891e149764903a7308d9b00c69545ac726c3035b05e22cff18ffb6a7');
INSERT INTO messages VALUES(330,310092,'parse','blocks','{"block_index":310092,"ledger_hash":"eca83e762899ace4d990b8acb23183263df5f92be10b63aecab3518b340b975d","messages_hash":"f0bf250e00a2ac9cc3fb758f41cbcfdeb3828ad8c09a5e1b089335f97c686f8e","transaction_count":0,"txlist_hash":"6183465e58c5e5ef0f359a032e98d12cd247ff080ae44dc7a90ee35006e74e9e"}',0,'BLOCK_PARSED',NULL,'866d35ce09ba0fe8eb40a5040bd6a02c6cf206a6cd1dc476d8692b291e13f59a');
INSERT INTO messages VALUES(331,310093,'insert','blocks','{"block_hash":"a74a2425f2f4be24bb5f715173e6756649e1cbf1b064aeb1ef60e0b94b418ddc","block_index":310093,"block_time":310093000,"difficulty":null,"ledger_hash":null,"previous_block_hash":null,"txlist_hash":null}',0,'NEW_BLOCK',NULL,'e121637482b06f9511757e0165451b6f9335e6764830f4f28f5a0b3dea326d9c');
INSERT INTO messages VALUES(332,310093,'parse','blocks','{"block_index":310093,"ledger_hash":"3544fab97fe90a35b1f52ba955f88a8149d90329986df38d97e12992201bb187","messages_hash":"2647f9675bc9aef4c5810a0d37259488b99cf6eb3ff1c88164d30aac19df4a28","transaction_count":0,"txlist_hash":"407c0451107403f827f434f3f8f8e3c9adb33362ab584802d87903afe3851f4d"}',0,'BLOCK_PARSED',NULL,'20efc5616eeaca9b30e9733e52e42d10e1c0666c4bc59c120842ed92e44bc786');
INSERT INTO messages VALUES(333,310094,'insert','blocks','{"block_hash":"2a8f976f20c4e89ff01071915ac96ee35192d54df3a246bf61fd4a0cccfb5b23","block_index":310094,"block_time":310094000,"difficulty":null,"ledger_hash":null,"previous_block_hash":null,"txlist_hash":null}',0,'NEW_BLOCK',NULL,'62409a15e8f7e4af5316c4d250e2d2bae42b0152dfa3d1460633d5123fa99a4b');
INSERT INTO messages VALUES(334,310094,'parse','blocks','{"block_index":310094,"ledger_hash":"df1e6d8f1be344f78c0b58baf7260c2abdbed3175adc45a122947815c08fcc16","messages_hash":"c6603b3ad9264f282f3f4c95b65a5bd68445c51847a44d5df2902f57ea7771ab","transaction_count":0,"txlist_hash":"d4bc7124f8beb9fe04930a1b19a66aef57669e6bf790a5d38441beefcc001dbf"}',0,'BLOCK_PARSED',NULL,'4779a5d42e14d8b170c4e49ec2e26b50075d395f124ae134874dd87ddf4489a8');
INSERT INTO messages VALUES(335,310095,'insert','blocks','{"block_hash":"bed0fa40c9981223fb40b3be8124ca619edc9dd34d0c907369477ea92e5d2cd2","block_index":310095,"block_time":310095000,"difficulty":null,"ledger_hash":null,"previous_block_hash":null,"txlist_hash":null}',0,'NEW_BLOCK',NULL,'58e8d09687bba6ee3101c9f9f74ff5cca920e6acd7ff054ad3e6b867413fe938');
INSERT INTO messages VALUES(336,310095,'parse','blocks','{"block_index":310095,"ledger_hash":"8b9febcfe1a9447f6a820c060f503dfe6e5c02738df4d9d63b007fe03847a6c7","messages_hash":"586bba54ddbd352c7b58308253bcc354b178d99d988f9d2d0645acd1120c1f4b","transaction_count":0,"txlist_hash":"7038d6f46cc32e35793799e50fbce7bde13c52c379e3bea10da0e6443a221c62"}',0,'BLOCK_PARSED',NULL,'c1be51165c4df479ab4ee6a5a2767f900d238e5395b2703f104112fcfd8dc88b');
INSERT INTO messages VALUES(337,310096,'insert','blocks','{"block_hash":"306aeec3db435fabffdf88c2f26ee83caa4c2426375a33daa2be041dbd27ea2f","block_index":310096,"block_time":310096000,"difficulty":null,"ledger_hash":null,"previous_block_hash":null,"txlist_hash":null}',0,'NEW_BLOCK',NULL,'e59cd8e39c4318f486e58f24e70fc41c9221a781f5d20c0170e76c0df55040b6');
INSERT INTO messages VALUES(338,310096,'parse','blocks','{"block_index":310096,"ledger_hash":"b927091b4cf42f8537058a9adbec3814b574c1e1ccd242fe44c5f3671a191304","messages_hash":"dad021e3e421756b962576b700d8a73ab057bcaa21f536d57200f38945612fc9","transaction_count":0,"txlist_hash":"7640d47e11233c9d27a8e868bec5595acd99b3c7326a480298f7ea38c4a66689"}',0,'BLOCK_PARSED',NULL,'afb222b88e343bed9ad1acff02788c84dc67284b895d36381c57587392302411');
INSERT INTO messages VALUES(339,310097,'insert','blocks','{"block_hash":"13e8e16e67c7cdcc80d477491e554b43744f90e8e1a9728439a11fab42cefadf","block_index":310097,"block_time":310097000,"difficulty":null,"ledger_hash":null,"previous_block_hash":null,"txlist_hash":null}',0,'NEW_BLOCK',NULL,'fc0286b69642ca045e355082e9533110b2d3cafb9c865e994a49c47057ae0083');
INSERT INTO messages VALUES(340,310097,'parse','blocks','{"block_index":310097,"ledger_hash":"649d094cfc74f90e06bb4514276aaf3b0a0ed45f56397a2f774cae9602d02e6f","messages_hash":"9248b84e4d356487ee97784f5437a907150f76998f52b915f1265dff11c06e58","transaction_count":0,"txlist_hash":"ce9cdd6db6e1bbea3a9446b50b092e504bcc58900befb237580896e1c107eaab"}',0,'BLOCK_PARSED',NULL,'19b969f927c71fddfb3886b27a31d378c54d0bd59f249defbef20100680e8935');
INSERT INTO messages VALUES(341,310098,'insert','blocks','{"block_hash":"ca5bca4b5ec4fa6183e05176abe921cff884c4e20910fab55b603cef48dc3bca","block_index":310098,"block_time":310098000,"difficulty":null,"ledger_hash":null,"previous_block_hash":null,"txlist_hash":null}',0,'NEW_BLOCK',NULL,'8654c63ab3a3ac3466b556be17adc3387dec054b75024da363ed6dba1442daac');
INSERT INTO messages VALUES(342,310098,'parse','blocks','{"block_index":310098,"ledger_hash":"c9a9dec300afba2cc3f171f76ff4c07cbeb7a41a86a3f498f712e066a8acbd17","messages_hash":"01c8951e997d5633836b621f7778099959f961cb95c443eb0ae310a5b5295311","transaction_count":0,"txlist_hash":"7153d6b86e3d8ed76bed0edd2dbd4fe6200e1e6d82d51dd3f812d6b43109f503"}',0,'BLOCK_PARSED',NULL,'70f8f109fe295ab943d09dd2c5eb77c9f8c113b2a2d4a072f2c6475abad416bf');
INSERT INTO messages VALUES(343,310099,'insert','blocks','{"block_hash":"3c4c2279cd7de0add5ec469648a845875495a7d54ebfb5b012dcc5a197b7992a","block_index":310099,"block_time":310099000,"difficulty":null,"ledger_hash":null,"previous_block_hash":null,"txlist_hash":null}',0,'NEW_BLOCK',NULL,'17afa1a15927452f3be86757c7af4b473946b3e95b98488dc87ae4bea8a4d929');
INSERT INTO messages VALUES(344,310099,'parse','blocks','{"block_index":310099,"ledger_hash":"3c7434887f9373b5370664180ba640fa63c2eb5b85569875105e4f4db67d8c02","messages_hash":"684ff321efef12a06017502ff5d3c288cb3fe021503127d9a805b96613224b6d","transaction_count":0,"txlist_hash":"adfefb6d18cdf44329bf9330e32f265145f60290f2a75db73fea8dd8ed2eb7d6"}',0,'BLOCK_PARSED',NULL,'65320804717a4b08e2aee2fd4164f8842ada19542297b6a70517e8f9f7fcaa16');
INSERT INTO messages VALUES(345,310100,'insert','blocks','{"block_hash":"96925c05b3c7c80c716f5bef68d161c71d044252c766ca0e3f17f255764242cb","block_index":310100,"block_time":310100000,"difficulty":null,"ledger_hash":null,"previous_block_hash":null,"txlist_hash":null}',0,'NEW_BLOCK',NULL,'2259fed12efdac03fbe56f82083e8c6409e7087b452422993e9f80fd4a965a32');
INSERT INTO messages VALUES(346,310100,'parse','blocks','{"block_index":310100,"ledger_hash":"7e6a09386c3d8552a0dcc25b75143876a3046ebac0ff9cb09d6224ea7e2f3df9","messages_hash":"fc34584264cb48162482623fb22805123c6d42a309a1e3b717bbafbf5dda66f8","transaction_count":0,"txlist_hash":"2776deb848ce539546aada2bc1756d9de92b23e0a8d513f5dbfb1b0bb3be3bc5"}',0,'BLOCK_PARSED',NULL,'f02572dbcb8e0d3834293ef5abf6b3c13d70ae6e735213ab3dc0a3dc88db8320');
INSERT INTO messages VALUES(347,310101,'insert','blocks','{"block_hash":"369472409995ca1a2ebecbad6bf9dab38c378ab1e67e1bdf13d4ce1346731cd6","block_index":310101,"block_time":310101000,"difficulty":null,"ledger_hash":null,"previous_block_hash":null,"txlist_hash":null}',0,'NEW_BLOCK',NULL,'d478c5eb631fba6438ccb8d173e35cad0b65936a62a66f64b799e03499968d08');
INSERT INTO messages VALUES(348,310101,'parse','blocks','{"block_index":310101,"ledger_hash":"6903c0c5941f334f1374aa731e389b010043fc5940d4e9ae8b94480fb4fca030","messages_hash":"53165a6a7eb5bef338ac5509678ec395a1821a1db21de30d49ddaffa33c58abb","transaction_count":0,"txlist_hash":"6612c5f602f26ccc2cf4961f27e64c188ba405870cc0d7cf881c4e0fcb9a54ce"}',0,'BLOCK_PARSED',NULL,'cb0999f8df583e8668fb76e866735a9aad626e8e170b57718688e9cdf8d3e41d');
-- Triggers and indices on  messages
CREATE TRIGGER block_update_messages
                           BEFORE UPDATE ON messages BEGIN
                               SELECT RAISE(FAIL, "UPDATES NOT ALLOWED");
                           END;
CREATE INDEX messages_block_index_event_idx ON messages (block_index, event)
        ;
CREATE INDEX messages_block_index_idx ON messages (block_index)
        ;
CREATE INDEX messages_block_index_message_index_idx ON messages (block_index, message_index)
        ;
CREATE INDEX messages_event_hash_idx ON messages (event_hash)
        ;
CREATE INDEX messages_event_idx ON messages (event)
        ;
CREATE INDEX messages_tx_hash_idx ON messages (tx_hash)
        ;

COMMIT TRANSACTION;
PRAGMA page_size=4096;
-- PRAGMA encoding='UTF-8';
-- PRAGMA auto_vacuum=FULL;
-- PRAGMA max_page_count=4294967294;

BEGIN TRANSACTION;

-- Table  order_match_expirations
DROP TABLE IF EXISTS order_match_expirations;
CREATE TABLE order_match_expirations(
                                              order_match_id TEXT PRIMARY KEY,
                                              tx0_address TEXT,
                                              tx1_address TEXT,
                                              block_index INTEGER,
                                              FOREIGN KEY (block_index) REFERENCES blocks(block_index));
-- Triggers and indices on  order_match_expirations
CREATE TRIGGER block_update_order_match_expirations
                           BEFORE UPDATE ON order_match_expirations BEGIN
                               SELECT RAISE(FAIL, "UPDATES NOT ALLOWED");
                           END;
CREATE INDEX order_match_expirations_block_index_idx ON order_match_expirations (block_index)
        ;
CREATE INDEX order_match_expirations_tx0_address_idx ON order_match_expirations (tx0_address)
        ;
CREATE INDEX order_match_expirations_tx1_address_idx ON order_match_expirations (tx1_address)
        ;

COMMIT TRANSACTION;
PRAGMA page_size=4096;
-- PRAGMA encoding='UTF-8';
-- PRAGMA auto_vacuum=FULL;
-- PRAGMA max_page_count=4294967294;

BEGIN TRANSACTION;

-- Table  order_matches
DROP TABLE IF EXISTS order_matches;
CREATE TABLE order_matches(
                                    id TEXT,
                                    tx0_index INTEGER,
                                    tx0_hash TEXT,
                                    tx0_address TEXT,
                                    tx1_index INTEGER,
                                    tx1_hash TEXT,
                                    tx1_address TEXT,
                                    forward_asset TEXT,
                                    forward_quantity INTEGER,
                                    backward_asset TEXT,
                                    backward_quantity INTEGER,
                                    tx0_block_index INTEGER,
                                    tx1_block_index INTEGER,
                                    block_index INTEGER,
                                    tx0_expiration INTEGER,
                                    tx1_expiration INTEGER,
                                    match_expire_index INTEGER,
                                    fee_paid INTEGER,
                                    status TEXT);
INSERT INTO order_matches VALUES('c953eb18873ce8aed42456df0ece8e4678e13282d9917916e7a4aec10e828375_89a44a3314b298a83d5d14c8646900a5122b8a1e8f6e0528e73ea82044d1726a',3,'c953eb18873ce8aed42456df0ece8e4678e13282d9917916e7a4aec10e828375','2_mn6q3dS2EnDUx3bmyWc6D4szJNVGtaR7zc_mnfAHmddVibnZNSkh8DvKaQoiEfNsxjXzH_mtQheFaSfWELRB2MyMBaiWjdDm6ux9Ezns_3',4,'89a44a3314b298a83d5d14c8646900a5122b8a1e8f6e0528e73ea82044d1726a','2_mn6q3dS2EnDUx3bmyWc6D4szJNVGtaR7zc_mnfAHmddVibnZNSkh8DvKaQoiEfNsxjXzH_mtQheFaSfWELRB2MyMBaiWjdDm6ux9Ezns_3','BTC',50000000,'XCP',100000000,310002,310003,310003,10,10,310023,857142,'pending');
INSERT INTO order_matches VALUES('c953eb18873ce8aed42456df0ece8e4678e13282d9917916e7a4aec10e828375_89a44a3314b298a83d5d14c8646900a5122b8a1e8f6e0528e73ea82044d1726a',3,'c953eb18873ce8aed42456df0ece8e4678e13282d9917916e7a4aec10e828375','2_mn6q3dS2EnDUx3bmyWc6D4szJNVGtaR7zc_mnfAHmddVibnZNSkh8DvKaQoiEfNsxjXzH_mtQheFaSfWELRB2MyMBaiWjdDm6ux9Ezns_3',4,'89a44a3314b298a83d5d14c8646900a5122b8a1e8f6e0528e73ea82044d1726a','2_mn6q3dS2EnDUx3bmyWc6D4szJNVGtaR7zc_mnfAHmddVibnZNSkh8DvKaQoiEfNsxjXzH_mtQheFaSfWELRB2MyMBaiWjdDm6ux9Ezns_3','BTC',50000000,'XCP',100000000,310002,310003,310004,10,10,310023,857142,'completed');
-- Triggers and indices on  order_matches
CREATE TRIGGER block_update_order_matches
                           BEFORE UPDATE ON order_matches BEGIN
                               SELECT RAISE(FAIL, "UPDATES NOT ALLOWED");
                           END;
CREATE INDEX order_matches_backward_asset_idx ON order_matches (backward_asset)
        ;
CREATE INDEX order_matches_block_index_idx ON order_matches (block_index)
        ;
CREATE INDEX order_matches_forward_asset_idx ON order_matches (forward_asset)
        ;
CREATE INDEX order_matches_id_idx ON order_matches (id)
        ;
CREATE INDEX order_matches_match_expire_index_idx ON order_matches (match_expire_index)
        ;
CREATE INDEX order_matches_status_idx ON order_matches (status)
        ;
CREATE INDEX order_matches_tx0_address_forward_asset_idx ON order_matches (tx0_address, forward_asset)
        ;
CREATE INDEX order_matches_tx0_hash_idx ON order_matches (tx0_hash)
        ;
CREATE INDEX order_matches_tx1_address_backward_asset_idx ON order_matches (tx1_address, backward_asset)
        ;
CREATE INDEX order_matches_tx1_hash_idx ON order_matches (tx1_hash)
        ;

COMMIT TRANSACTION;
PRAGMA page_size=4096;
-- PRAGMA encoding='UTF-8';
-- PRAGMA auto_vacuum=FULL;
-- PRAGMA max_page_count=4294967294;

BEGIN TRANSACTION;

-- Table  order_expirations
DROP TABLE IF EXISTS order_expirations;
CREATE TABLE order_expirations(
                                        order_hash TEXT PRIMARY KEY,
                                        source TEXT,
                                        block_index INTEGER,
                                        FOREIGN KEY (block_index) REFERENCES blocks(block_index));
INSERT INTO order_expirations VALUES('c953eb18873ce8aed42456df0ece8e4678e13282d9917916e7a4aec10e828375','2_mn6q3dS2EnDUx3bmyWc6D4szJNVGtaR7zc_mnfAHmddVibnZNSkh8DvKaQoiEfNsxjXzH_mtQheFaSfWELRB2MyMBaiWjdDm6ux9Ezns_3',310013);
INSERT INTO order_expirations VALUES('89a44a3314b298a83d5d14c8646900a5122b8a1e8f6e0528e73ea82044d1726a','2_mn6q3dS2EnDUx3bmyWc6D4szJNVGtaR7zc_mnfAHmddVibnZNSkh8DvKaQoiEfNsxjXzH_mtQheFaSfWELRB2MyMBaiWjdDm6ux9Ezns_3',310014);
INSERT INTO order_expirations VALUES('4408350196e71533e054ef84d1bdc4ba4b0f693d2d98d240d3c697b553078ab7','2_mn6q3dS2EnDUx3bmyWc6D4szJNVGtaR7zc_mnfAHmddVibnZNSkh8DvKaQoiEfNsxjXzH_mtQheFaSfWELRB2MyMBaiWjdDm6ux9Ezns_3',310032);
-- Triggers and indices on  order_expirations
CREATE TRIGGER block_update_order_expirations
                           BEFORE UPDATE ON order_expirations BEGIN
                               SELECT RAISE(FAIL, "UPDATES NOT ALLOWED");
                           END;
CREATE INDEX order_expirations_block_index_idx ON order_expirations (block_index)
        ;
CREATE INDEX order_expirations_source_idx ON order_expirations (source)
        ;

COMMIT TRANSACTION;
PRAGMA page_size=4096;
-- PRAGMA encoding='UTF-8';
-- PRAGMA auto_vacuum=FULL;
-- PRAGMA max_page_count=4294967294;

BEGIN TRANSACTION;

-- Table  orders
DROP TABLE IF EXISTS orders;
CREATE TABLE orders(
                            tx_index INTEGER,
                            tx_hash TEXT,
                            block_index INTEGER,
                            source TEXT,
                            give_asset TEXT,
                            give_quantity INTEGER,
                            give_remaining INTEGER,
                            get_asset TEXT,
                            get_quantity INTEGER,
                            get_remaining INTEGER,
                            expiration INTEGER,
                            expire_index INTEGER,
                            fee_required INTEGER,
                            fee_required_remaining INTEGER,
                            fee_provided INTEGER,
                            fee_provided_remaining INTEGER,
                            status TEXT);
INSERT INTO orders VALUES(3,'c953eb18873ce8aed42456df0ece8e4678e13282d9917916e7a4aec10e828375',310002,'2_mn6q3dS2EnDUx3bmyWc6D4szJNVGtaR7zc_mnfAHmddVibnZNSkh8DvKaQoiEfNsxjXzH_mtQheFaSfWELRB2MyMBaiWjdDm6ux9Ezns_3','BTC',50000000,50000000,'XCP',100000000,100000000,10,310012,0,0,1000000,1000000,'open');
INSERT INTO orders VALUES(4,'89a44a3314b298a83d5d14c8646900a5122b8a1e8f6e0528e73ea82044d1726a',310003,'2_mn6q3dS2EnDUx3bmyWc6D4szJNVGtaR7zc_mnfAHmddVibnZNSkh8DvKaQoiEfNsxjXzH_mtQheFaSfWELRB2MyMBaiWjdDm6ux9Ezns_3','XCP',105000000,105000000,'BTC',50000000,50000000,10,310013,900000,900000,6800,6800,'open');
INSERT INTO orders VALUES(3,'c953eb18873ce8aed42456df0ece8e4678e13282d9917916e7a4aec10e828375',310003,'2_mn6q3dS2EnDUx3bmyWc6D4szJNVGtaR7zc_mnfAHmddVibnZNSkh8DvKaQoiEfNsxjXzH_mtQheFaSfWELRB2MyMBaiWjdDm6ux9Ezns_3','BTC',50000000,0,'XCP',100000000,0,10,310012,0,0,1000000,142858,'open');
INSERT INTO orders VALUES(4,'89a44a3314b298a83d5d14c8646900a5122b8a1e8f6e0528e73ea82044d1726a',310003,'2_mn6q3dS2EnDUx3bmyWc6D4szJNVGtaR7zc_mnfAHmddVibnZNSkh8DvKaQoiEfNsxjXzH_mtQheFaSfWELRB2MyMBaiWjdDm6ux9Ezns_3','XCP',105000000,5000000,'BTC',50000000,0,10,310013,900000,42858,6800,6800,'open');
INSERT INTO orders VALUES(3,'c953eb18873ce8aed42456df0ece8e4678e13282d9917916e7a4aec10e828375',310013,'2_mn6q3dS2EnDUx3bmyWc6D4szJNVGtaR7zc_mnfAHmddVibnZNSkh8DvKaQoiEfNsxjXzH_mtQheFaSfWELRB2MyMBaiWjdDm6ux9Ezns_3','BTC',50000000,0,'XCP',100000000,0,10,310012,0,0,1000000,142858,'expired');
INSERT INTO orders VALUES(4,'89a44a3314b298a83d5d14c8646900a5122b8a1e8f6e0528e73ea82044d1726a',310014,'2_mn6q3dS2EnDUx3bmyWc6D4szJNVGtaR7zc_mnfAHmddVibnZNSkh8DvKaQoiEfNsxjXzH_mtQheFaSfWELRB2MyMBaiWjdDm6ux9Ezns_3','XCP',105000000,5000000,'BTC',50000000,0,10,310013,900000,42858,6800,6800,'expired');
INSERT INTO orders VALUES(22,'4408350196e71533e054ef84d1bdc4ba4b0f693d2d98d240d3c697b553078ab7',310021,'2_mn6q3dS2EnDUx3bmyWc6D4szJNVGtaR7zc_mnfAHmddVibnZNSkh8DvKaQoiEfNsxjXzH_mtQheFaSfWELRB2MyMBaiWjdDm6ux9Ezns_3','BBBB',50000000,50000000,'XCP',50000000,50000000,10,310031,0,0,6800,6800,'open');
INSERT INTO orders VALUES(22,'4408350196e71533e054ef84d1bdc4ba4b0f693d2d98d240d3c697b553078ab7',310032,'2_mn6q3dS2EnDUx3bmyWc6D4szJNVGtaR7zc_mnfAHmddVibnZNSkh8DvKaQoiEfNsxjXzH_mtQheFaSfWELRB2MyMBaiWjdDm6ux9Ezns_3','BBBB',50000000,50000000,'XCP',50000000,50000000,10,310031,0,0,6800,6800,'expired');
-- Triggers and indices on  orders
CREATE TRIGGER block_update_orders
                           BEFORE UPDATE ON orders BEGIN
                               SELECT RAISE(FAIL, "UPDATES NOT ALLOWED");
                           END;
CREATE INDEX orders_block_index_idx ON orders (block_index)
        ;
CREATE INDEX orders_expire_index_idx ON orders (expire_index)
        ;
CREATE INDEX orders_get_asset_give_asset_idx ON orders (get_asset, give_asset)
        ;
CREATE INDEX orders_get_quantity_idx ON orders (get_quantity)
        ;
CREATE INDEX orders_give_asset_idx ON orders (give_asset)
        ;
CREATE INDEX orders_give_quantity_idx ON orders (give_quantity)
        ;
CREATE INDEX orders_source_give_asset_idx ON orders (source, give_asset)
        ;
CREATE INDEX orders_status_idx ON orders (status)
        ;
CREATE INDEX orders_tx_hash_idx ON orders (tx_hash)
        ;
CREATE INDEX orders_tx_index_tx_hash_idx ON orders (tx_index, tx_hash)
        ;

COMMIT TRANSACTION;
PRAGMA page_size=4096;
-- PRAGMA encoding='UTF-8';
-- PRAGMA auto_vacuum=FULL;
-- PRAGMA max_page_count=4294967294;

BEGIN TRANSACTION;

-- Table  bet_match_expirations
DROP TABLE IF EXISTS bet_match_expirations;
CREATE TABLE bet_match_expirations(
                                          bet_match_id TEXT PRIMARY KEY,
                                          tx0_address TEXT,
                                          tx1_address TEXT,
                                          block_index INTEGER,
                                          FOREIGN KEY (block_index) REFERENCES blocks(block_index));
-- Triggers and indices on  bet_match_expirations
CREATE INDEX bet_match_expirations_block_index_idx ON bet_match_expirations (block_index)
        ;
CREATE INDEX bet_match_expirations_tx0_address_idx ON bet_match_expirations (tx0_address)
        ;
CREATE INDEX bet_match_expirations_tx1_address_idx ON bet_match_expirations (tx1_address)
        ;
CREATE TRIGGER block_update_bet_match_expirations
                           BEFORE UPDATE ON bet_match_expirations BEGIN
                               SELECT RAISE(FAIL, "UPDATES NOT ALLOWED");
                           END;

COMMIT TRANSACTION;
PRAGMA page_size=4096;
-- PRAGMA encoding='UTF-8';
-- PRAGMA auto_vacuum=FULL;
-- PRAGMA max_page_count=4294967294;

BEGIN TRANSACTION;

-- Table  bet_matches
DROP TABLE IF EXISTS bet_matches;
CREATE TABLE bet_matches(
                                id TEXT,
                                tx0_index INTEGER,
                                tx0_hash TEXT,
                                tx0_address TEXT,
                                tx1_index INTEGER,
                                tx1_hash TEXT,
                                tx1_address TEXT,
                                tx0_bet_type INTEGER,
                                tx1_bet_type INTEGER,
                                feed_address TEXT,
                                initial_value INTEGER,
                                deadline INTEGER,
                                target_value REAL,
                                leverage INTEGER,
                                forward_quantity INTEGER,
                                backward_quantity INTEGER,
                                tx0_block_index INTEGER,
                                tx1_block_index INTEGER,
                                block_index INTEGER,
                                tx0_expiration INTEGER,
                                tx1_expiration INTEGER,
                                match_expire_index INTEGER,
                                fee_fraction_int INTEGER,
                                status TEXT);
INSERT INTO bet_matches VALUES('ef92dc4986fdfb4ccb6e101ee949d5307c554e8dd1619307548ec032a973f19c_ce9d3a5ea18ed454ddee80b75bd12abdd47de8e176d9c9dfc768c1233e729943',13,'ef92dc4986fdfb4ccb6e101ee949d5307c554e8dd1619307548ec032a973f19c','2_mn6q3dS2EnDUx3bmyWc6D4szJNVGtaR7zc_mnfAHmddVibnZNSkh8DvKaQoiEfNsxjXzH_mtQheFaSfWELRB2MyMBaiWjdDm6ux9Ezns_3',14,'ce9d3a5ea18ed454ddee80b75bd12abdd47de8e176d9c9dfc768c1233e729943','2_mn6q3dS2EnDUx3bmyWc6D4szJNVGtaR7zc_mnfAHmddVibnZNSkh8DvKaQoiEfNsxjXzH_mtQheFaSfWELRB2MyMBaiWjdDm6ux9Ezns_3',0,1,'2_mn6q3dS2EnDUx3bmyWc6D4szJNVGtaR7zc_mnfAHmddVibnZNSkh8DvKaQoiEfNsxjXzH_mtQheFaSfWELRB2MyMBaiWjdDm6ux9Ezns_3',100,1388000100,0.0,15120,41500000,20750000,310012,310013,310012,10,10,310022,99999999,'pending');
INSERT INTO bet_matches VALUES('6722884208180367a60c5c96ae86865dad3c63525a9498d716e98b5015ec2e3d_10c669ad89d61e1a983e179f66f355b1dd21e53d520fd4dc3bb5a6f9e5e24fcd',15,'6722884208180367a60c5c96ae86865dad3c63525a9498d716e98b5015ec2e3d','2_mn6q3dS2EnDUx3bmyWc6D4szJNVGtaR7zc_mnfAHmddVibnZNSkh8DvKaQoiEfNsxjXzH_mtQheFaSfWELRB2MyMBaiWjdDm6ux9Ezns_3',16,'10c669ad89d61e1a983e179f66f355b1dd21e53d520fd4dc3bb5a6f9e5e24fcd','2_mn6q3dS2EnDUx3bmyWc6D4szJNVGtaR7zc_mnfAHmddVibnZNSkh8DvKaQoiEfNsxjXzH_mtQheFaSfWELRB2MyMBaiWjdDm6ux9Ezns_3',0,1,'2_mn6q3dS2EnDUx3bmyWc6D4szJNVGtaR7zc_mnfAHmddVibnZNSkh8DvKaQoiEfNsxjXzH_mtQheFaSfWELRB2MyMBaiWjdDm6ux9Ezns_3',100,1388000100,0.0,5040,150000000,350000000,310014,310015,310014,10,10,310024,99999999,'pending');
INSERT INTO bet_matches VALUES('caaceb9160747bd86fa4b3b4d090c9e1617285fae312eac2152bf3fabedcd2bc_67497105b77192af401ec8024ad34de211592877dee8532dbe216d8a8f17dd0c',17,'caaceb9160747bd86fa4b3b4d090c9e1617285fae312eac2152bf3fabedcd2bc','2_mn6q3dS2EnDUx3bmyWc6D4szJNVGtaR7zc_mnfAHmddVibnZNSkh8DvKaQoiEfNsxjXzH_mtQheFaSfWELRB2MyMBaiWjdDm6ux9Ezns_3',18,'67497105b77192af401ec8024ad34de211592877dee8532dbe216d8a8f17dd0c','2_mn6q3dS2EnDUx3bmyWc6D4szJNVGtaR7zc_mnfAHmddVibnZNSkh8DvKaQoiEfNsxjXzH_mtQheFaSfWELRB2MyMBaiWjdDm6ux9Ezns_3',2,3,'2_mn6q3dS2EnDUx3bmyWc6D4szJNVGtaR7zc_mnfAHmddVibnZNSkh8DvKaQoiEfNsxjXzH_mtQheFaSfWELRB2MyMBaiWjdDm6ux9Ezns_3',100,1388000200,1.0,5040,750000000,650000000,310016,310017,310016,10,10,310026,99999999,'pending');
INSERT INTO bet_matches VALUES('ef92dc4986fdfb4ccb6e101ee949d5307c554e8dd1619307548ec032a973f19c_ce9d3a5ea18ed454ddee80b75bd12abdd47de8e176d9c9dfc768c1233e729943',13,'ef92dc4986fdfb4ccb6e101ee949d5307c554e8dd1619307548ec032a973f19c','2_mn6q3dS2EnDUx3bmyWc6D4szJNVGtaR7zc_mnfAHmddVibnZNSkh8DvKaQoiEfNsxjXzH_mtQheFaSfWELRB2MyMBaiWjdDm6ux9Ezns_3',14,'ce9d3a5ea18ed454ddee80b75bd12abdd47de8e176d9c9dfc768c1233e729943','2_mn6q3dS2EnDUx3bmyWc6D4szJNVGtaR7zc_mnfAHmddVibnZNSkh8DvKaQoiEfNsxjXzH_mtQheFaSfWELRB2MyMBaiWjdDm6ux9Ezns_3',0,1,'2_mn6q3dS2EnDUx3bmyWc6D4szJNVGtaR7zc_mnfAHmddVibnZNSkh8DvKaQoiEfNsxjXzH_mtQheFaSfWELRB2MyMBaiWjdDm6ux9Ezns_3',100,1388000100,0.0,15120,41500000,20750000,310012,310013,310018,10,10,310022,99999999,'settled: liquidated for bear');
INSERT INTO bet_matches VALUES('6722884208180367a60c5c96ae86865dad3c63525a9498d716e98b5015ec2e3d_10c669ad89d61e1a983e179f66f355b1dd21e53d520fd4dc3bb5a6f9e5e24fcd',15,'6722884208180367a60c5c96ae86865dad3c63525a9498d716e98b5015ec2e3d','2_mn6q3dS2EnDUx3bmyWc6D4szJNVGtaR7zc_mnfAHmddVibnZNSkh8DvKaQoiEfNsxjXzH_mtQheFaSfWELRB2MyMBaiWjdDm6ux9Ezns_3',16,'10c669ad89d61e1a983e179f66f355b1dd21e53d520fd4dc3bb5a6f9e5e24fcd','2_mn6q3dS2EnDUx3bmyWc6D4szJNVGtaR7zc_mnfAHmddVibnZNSkh8DvKaQoiEfNsxjXzH_mtQheFaSfWELRB2MyMBaiWjdDm6ux9Ezns_3',0,1,'2_mn6q3dS2EnDUx3bmyWc6D4szJNVGtaR7zc_mnfAHmddVibnZNSkh8DvKaQoiEfNsxjXzH_mtQheFaSfWELRB2MyMBaiWjdDm6ux9Ezns_3',100,1388000100,0.0,5040,150000000,350000000,310014,310015,310019,10,10,310024,99999999,'settled');
INSERT INTO bet_matches VALUES('caaceb9160747bd86fa4b3b4d090c9e1617285fae312eac2152bf3fabedcd2bc_67497105b77192af401ec8024ad34de211592877dee8532dbe216d8a8f17dd0c',17,'caaceb9160747bd86fa4b3b4d090c9e1617285fae312eac2152bf3fabedcd2bc','2_mn6q3dS2EnDUx3bmyWc6D4szJNVGtaR7zc_mnfAHmddVibnZNSkh8DvKaQoiEfNsxjXzH_mtQheFaSfWELRB2MyMBaiWjdDm6ux9Ezns_3',18,'67497105b77192af401ec8024ad34de211592877dee8532dbe216d8a8f17dd0c','2_mn6q3dS2EnDUx3bmyWc6D4szJNVGtaR7zc_mnfAHmddVibnZNSkh8DvKaQoiEfNsxjXzH_mtQheFaSfWELRB2MyMBaiWjdDm6ux9Ezns_3',2,3,'2_mn6q3dS2EnDUx3bmyWc6D4szJNVGtaR7zc_mnfAHmddVibnZNSkh8DvKaQoiEfNsxjXzH_mtQheFaSfWELRB2MyMBaiWjdDm6ux9Ezns_3',100,1388000200,1.0,5040,750000000,650000000,310016,310017,310020,10,10,310026,99999999,'settled: for notequal');
-- Triggers and indices on  bet_matches
CREATE INDEX bet_matches_block_index_idx ON bet_matches (block_index)
        ;
CREATE INDEX bet_matches_deadline_idx ON bet_matches (deadline)
        ;
CREATE INDEX bet_matches_id_idx ON bet_matches (id)
        ;
CREATE INDEX bet_matches_status_idx ON bet_matches (status)
        ;
CREATE INDEX bet_matches_tx0_address_idx ON bet_matches (tx0_address)
        ;
CREATE INDEX bet_matches_tx1_address_idx ON bet_matches (tx1_address)
        ;
CREATE TRIGGER block_update_bet_matches
                           BEFORE UPDATE ON bet_matches BEGIN
                               SELECT RAISE(FAIL, "UPDATES NOT ALLOWED");
                           END;

COMMIT TRANSACTION;
PRAGMA page_size=4096;
-- PRAGMA encoding='UTF-8';
-- PRAGMA auto_vacuum=FULL;
-- PRAGMA max_page_count=4294967294;

BEGIN TRANSACTION;

-- Table  bet_match_resolutions
DROP TABLE IF EXISTS bet_match_resolutions;
CREATE TABLE bet_match_resolutions(
                                            bet_match_id TEXT PRIMARY KEY,
                                            bet_match_type_id INTEGER,
                                            block_index INTEGER,
                                            winner TEXT,
                                            settled BOOL,
                                            bull_credit INTEGER,
                                            bear_credit INTEGER,
                                            escrow_less_fee INTEGER,
                                            fee INTEGER,
                                            FOREIGN KEY (block_index) REFERENCES blocks(block_index));
INSERT INTO bet_match_resolutions VALUES('ef92dc4986fdfb4ccb6e101ee949d5307c554e8dd1619307548ec032a973f19c_ce9d3a5ea18ed454ddee80b75bd12abdd47de8e176d9c9dfc768c1233e729943',1,310018,NULL,0,0,59137500,NULL,3112500);
INSERT INTO bet_match_resolutions VALUES('6722884208180367a60c5c96ae86865dad3c63525a9498d716e98b5015ec2e3d_10c669ad89d61e1a983e179f66f355b1dd21e53d520fd4dc3bb5a6f9e5e24fcd',1,310019,NULL,1,159300000,315700000,NULL,25000000);
INSERT INTO bet_match_resolutions VALUES('caaceb9160747bd86fa4b3b4d090c9e1617285fae312eac2152bf3fabedcd2bc_67497105b77192af401ec8024ad34de211592877dee8532dbe216d8a8f17dd0c',5,310020,'NotEqual',NULL,NULL,NULL,1330000000,70000000);
-- Triggers and indices on  bet_match_resolutions
CREATE TRIGGER block_update_bet_match_resolutions
                           BEFORE UPDATE ON bet_match_resolutions BEGIN
                               SELECT RAISE(FAIL, "UPDATES NOT ALLOWED");
                           END;

COMMIT TRANSACTION;
PRAGMA page_size=4096;
-- PRAGMA encoding='UTF-8';
-- PRAGMA auto_vacuum=FULL;
-- PRAGMA max_page_count=4294967294;

BEGIN TRANSACTION;

-- Table  bet_expirations
DROP TABLE IF EXISTS bet_expirations;
CREATE TABLE bet_expirations(
                                    bet_index INTEGER PRIMARY KEY,
                                    bet_hash TEXT UNIQUE,
                                    source TEXT,
                                    block_index INTEGER,
                                    FOREIGN KEY (block_index) REFERENCES blocks(block_index));
INSERT INTO bet_expirations VALUES(13,'ef92dc4986fdfb4ccb6e101ee949d5307c554e8dd1619307548ec032a973f19c','2_mn6q3dS2EnDUx3bmyWc6D4szJNVGtaR7zc_mnfAHmddVibnZNSkh8DvKaQoiEfNsxjXzH_mtQheFaSfWELRB2MyMBaiWjdDm6ux9Ezns_3',310023);
-- Triggers and indices on  bet_expirations
CREATE INDEX bet_expirations_block_index_idx ON bet_expirations (block_index)
        ;
CREATE INDEX bet_expirations_source_idx ON bet_expirations (source)
        ;
CREATE TRIGGER block_update_bet_expirations
                           BEFORE UPDATE ON bet_expirations BEGIN
                               SELECT RAISE(FAIL, "UPDATES NOT ALLOWED");
                           END;

COMMIT TRANSACTION;
PRAGMA page_size=4096;
-- PRAGMA encoding='UTF-8';
-- PRAGMA auto_vacuum=FULL;
-- PRAGMA max_page_count=4294967294;

BEGIN TRANSACTION;

-- Table  bets
DROP TABLE IF EXISTS bets;
CREATE TABLE bets(
                        tx_index INTEGER,
                        tx_hash TEXT,
                        block_index INTEGER,
                        source TEXT,
                        feed_address TEXT,
                        bet_type INTEGER,
                        deadline INTEGER,
                        wager_quantity INTEGER,
                        wager_remaining INTEGER,
                        counterwager_quantity INTEGER,
                        counterwager_remaining INTEGER,
                        target_value REAL,
                        leverage INTEGER,
                        expiration INTEGER,
                        expire_index INTEGER,
                        fee_fraction_int INTEGER,
                        status TEXT);
INSERT INTO bets VALUES(13,'ef92dc4986fdfb4ccb6e101ee949d5307c554e8dd1619307548ec032a973f19c',310012,'2_mn6q3dS2EnDUx3bmyWc6D4szJNVGtaR7zc_mnfAHmddVibnZNSkh8DvKaQoiEfNsxjXzH_mtQheFaSfWELRB2MyMBaiWjdDm6ux9Ezns_3','2_mn6q3dS2EnDUx3bmyWc6D4szJNVGtaR7zc_mnfAHmddVibnZNSkh8DvKaQoiEfNsxjXzH_mtQheFaSfWELRB2MyMBaiWjdDm6ux9Ezns_3',0,1388000100,50000000,50000000,25000000,25000000,0.0,15120,10,310022,99999999,'open');
INSERT INTO bets VALUES(14,'ce9d3a5ea18ed454ddee80b75bd12abdd47de8e176d9c9dfc768c1233e729943',310013,'2_mn6q3dS2EnDUx3bmyWc6D4szJNVGtaR7zc_mnfAHmddVibnZNSkh8DvKaQoiEfNsxjXzH_mtQheFaSfWELRB2MyMBaiWjdDm6ux9Ezns_3','2_mn6q3dS2EnDUx3bmyWc6D4szJNVGtaR7zc_mnfAHmddVibnZNSkh8DvKaQoiEfNsxjXzH_mtQheFaSfWELRB2MyMBaiWjdDm6ux9Ezns_3',1,1388000100,25000000,25000000,41500000,41500000,0.0,15120,10,310023,99999999,'open');
INSERT INTO bets VALUES(13,'ef92dc4986fdfb4ccb6e101ee949d5307c554e8dd1619307548ec032a973f19c',310013,'2_mn6q3dS2EnDUx3bmyWc6D4szJNVGtaR7zc_mnfAHmddVibnZNSkh8DvKaQoiEfNsxjXzH_mtQheFaSfWELRB2MyMBaiWjdDm6ux9Ezns_3','2_mn6q3dS2EnDUx3bmyWc6D4szJNVGtaR7zc_mnfAHmddVibnZNSkh8DvKaQoiEfNsxjXzH_mtQheFaSfWELRB2MyMBaiWjdDm6ux9Ezns_3',0,1388000100,50000000,8500000,25000000,4250000,0.0,15120,10,310022,99999999,'open');
INSERT INTO bets VALUES(14,'ce9d3a5ea18ed454ddee80b75bd12abdd47de8e176d9c9dfc768c1233e729943',310013,'2_mn6q3dS2EnDUx3bmyWc6D4szJNVGtaR7zc_mnfAHmddVibnZNSkh8DvKaQoiEfNsxjXzH_mtQheFaSfWELRB2MyMBaiWjdDm6ux9Ezns_3','2_mn6q3dS2EnDUx3bmyWc6D4szJNVGtaR7zc_mnfAHmddVibnZNSkh8DvKaQoiEfNsxjXzH_mtQheFaSfWELRB2MyMBaiWjdDm6ux9Ezns_3',1,1388000100,25000000,4250000,41500000,0,0.0,15120,10,310023,99999999,'filled');
INSERT INTO bets VALUES(15,'6722884208180367a60c5c96ae86865dad3c63525a9498d716e98b5015ec2e3d',310014,'2_mn6q3dS2EnDUx3bmyWc6D4szJNVGtaR7zc_mnfAHmddVibnZNSkh8DvKaQoiEfNsxjXzH_mtQheFaSfWELRB2MyMBaiWjdDm6ux9Ezns_3','2_mn6q3dS2EnDUx3bmyWc6D4szJNVGtaR7zc_mnfAHmddVibnZNSkh8DvKaQoiEfNsxjXzH_mtQheFaSfWELRB2MyMBaiWjdDm6ux9Ezns_3',0,1388000100,150000000,150000000,350000000,350000000,0.0,5040,10,310024,99999999,'open');
INSERT INTO bets VALUES(16,'10c669ad89d61e1a983e179f66f355b1dd21e53d520fd4dc3bb5a6f9e5e24fcd',310015,'2_mn6q3dS2EnDUx3bmyWc6D4szJNVGtaR7zc_mnfAHmddVibnZNSkh8DvKaQoiEfNsxjXzH_mtQheFaSfWELRB2MyMBaiWjdDm6ux9Ezns_3','2_mn6q3dS2EnDUx3bmyWc6D4szJNVGtaR7zc_mnfAHmddVibnZNSkh8DvKaQoiEfNsxjXzH_mtQheFaSfWELRB2MyMBaiWjdDm6ux9Ezns_3',1,1388000100,350000000,350000000,150000000,150000000,0.0,5040,10,310025,99999999,'open');
INSERT INTO bets VALUES(15,'6722884208180367a60c5c96ae86865dad3c63525a9498d716e98b5015ec2e3d',310015,'2_mn6q3dS2EnDUx3bmyWc6D4szJNVGtaR7zc_mnfAHmddVibnZNSkh8DvKaQoiEfNsxjXzH_mtQheFaSfWELRB2MyMBaiWjdDm6ux9Ezns_3','2_mn6q3dS2EnDUx3bmyWc6D4szJNVGtaR7zc_mnfAHmddVibnZNSkh8DvKaQoiEfNsxjXzH_mtQheFaSfWELRB2MyMBaiWjdDm6ux9Ezns_3',0,1388000100,150000000,0,350000000,0,0.0,5040,10,310024,99999999,'filled');
INSERT INTO bets VALUES(16,'10c669ad89d61e1a983e179f66f355b1dd21e53d520fd4dc3bb5a6f9e5e24fcd',310015,'2_mn6q3dS2EnDUx3bmyWc6D4szJNVGtaR7zc_mnfAHmddVibnZNSkh8DvKaQoiEfNsxjXzH_mtQheFaSfWELRB2MyMBaiWjdDm6ux9Ezns_3','2_mn6q3dS2EnDUx3bmyWc6D4szJNVGtaR7zc_mnfAHmddVibnZNSkh8DvKaQoiEfNsxjXzH_mtQheFaSfWELRB2MyMBaiWjdDm6ux9Ezns_3',1,1388000100,350000000,0,150000000,0,0.0,5040,10,310025,99999999,'filled');
INSERT INTO bets VALUES(17,'caaceb9160747bd86fa4b3b4d090c9e1617285fae312eac2152bf3fabedcd2bc',310016,'2_mn6q3dS2EnDUx3bmyWc6D4szJNVGtaR7zc_mnfAHmddVibnZNSkh8DvKaQoiEfNsxjXzH_mtQheFaSfWELRB2MyMBaiWjdDm6ux9Ezns_3','2_mn6q3dS2EnDUx3bmyWc6D4szJNVGtaR7zc_mnfAHmddVibnZNSkh8DvKaQoiEfNsxjXzH_mtQheFaSfWELRB2MyMBaiWjdDm6ux9Ezns_3',2,1388000200,750000000,750000000,650000000,650000000,1.0,5040,10,310026,99999999,'open');
INSERT INTO bets VALUES(18,'67497105b77192af401ec8024ad34de211592877dee8532dbe216d8a8f17dd0c',310017,'2_mn6q3dS2EnDUx3bmyWc6D4szJNVGtaR7zc_mnfAHmddVibnZNSkh8DvKaQoiEfNsxjXzH_mtQheFaSfWELRB2MyMBaiWjdDm6ux9Ezns_3','2_mn6q3dS2EnDUx3bmyWc6D4szJNVGtaR7zc_mnfAHmddVibnZNSkh8DvKaQoiEfNsxjXzH_mtQheFaSfWELRB2MyMBaiWjdDm6ux9Ezns_3',3,1388000200,650000000,650000000,750000000,750000000,1.0,5040,10,310027,99999999,'open');
INSERT INTO bets VALUES(17,'caaceb9160747bd86fa4b3b4d090c9e1617285fae312eac2152bf3fabedcd2bc',310017,'2_mn6q3dS2EnDUx3bmyWc6D4szJNVGtaR7zc_mnfAHmddVibnZNSkh8DvKaQoiEfNsxjXzH_mtQheFaSfWELRB2MyMBaiWjdDm6ux9Ezns_3','2_mn6q3dS2EnDUx3bmyWc6D4szJNVGtaR7zc_mnfAHmddVibnZNSkh8DvKaQoiEfNsxjXzH_mtQheFaSfWELRB2MyMBaiWjdDm6ux9Ezns_3',2,1388000200,750000000,0,650000000,0,1.0,5040,10,310026,99999999,'filled');
INSERT INTO bets VALUES(18,'67497105b77192af401ec8024ad34de211592877dee8532dbe216d8a8f17dd0c',310017,'2_mn6q3dS2EnDUx3bmyWc6D4szJNVGtaR7zc_mnfAHmddVibnZNSkh8DvKaQoiEfNsxjXzH_mtQheFaSfWELRB2MyMBaiWjdDm6ux9Ezns_3','2_mn6q3dS2EnDUx3bmyWc6D4szJNVGtaR7zc_mnfAHmddVibnZNSkh8DvKaQoiEfNsxjXzH_mtQheFaSfWELRB2MyMBaiWjdDm6ux9Ezns_3',3,1388000200,650000000,0,750000000,0,1.0,5040,10,310027,99999999,'filled');
INSERT INTO bets VALUES(13,'ef92dc4986fdfb4ccb6e101ee949d5307c554e8dd1619307548ec032a973f19c',310023,'2_mn6q3dS2EnDUx3bmyWc6D4szJNVGtaR7zc_mnfAHmddVibnZNSkh8DvKaQoiEfNsxjXzH_mtQheFaSfWELRB2MyMBaiWjdDm6ux9Ezns_3','2_mn6q3dS2EnDUx3bmyWc6D4szJNVGtaR7zc_mnfAHmddVibnZNSkh8DvKaQoiEfNsxjXzH_mtQheFaSfWELRB2MyMBaiWjdDm6ux9Ezns_3',0,1388000100,50000000,8500000,25000000,4250000,0.0,15120,10,310022,99999999,'expired');
-- Triggers and indices on  bets
CREATE INDEX bets_block_index_idx ON bets (block_index)
        ;
CREATE INDEX bets_expire_index_idx ON bets (expire_index)
        ;
CREATE INDEX bets_feed_address_bet_type_idx ON bets (feed_address, bet_type)
        ;
CREATE INDEX bets_feed_address_idx ON bets (feed_address)
        ;
CREATE INDEX bets_status_idx ON bets (status)
        ;
CREATE INDEX bets_tx_hash_idx ON bets (tx_hash)
        ;
CREATE INDEX bets_tx_index_tx_hash_idx ON bets (tx_index, tx_hash)
        ;
CREATE TRIGGER block_update_bets
                           BEFORE UPDATE ON bets BEGIN
                               SELECT RAISE(FAIL, "UPDATES NOT ALLOWED");
                           END;

COMMIT TRANSACTION;
PRAGMA page_size=4096;
-- PRAGMA encoding='UTF-8';
-- PRAGMA auto_vacuum=FULL;
-- PRAGMA max_page_count=4294967294;

BEGIN TRANSACTION;

-- Table  broadcasts
DROP TABLE IF EXISTS broadcasts;
CREATE TABLE broadcasts(
                      tx_index INTEGER PRIMARY KEY,
                      tx_hash TEXT UNIQUE,
                      block_index INTEGER,
                      source TEXT,
                      timestamp INTEGER,
                      value REAL,
                      fee_fraction_int INTEGER,
                      text TEXT,
                      locked BOOL,
                      status TEXT,
                      FOREIGN KEY (tx_index, tx_hash, block_index) REFERENCES transactions(tx_index, tx_hash, block_index));
INSERT INTO broadcasts VALUES(12,'9ec74a4822710f9534a3815f0e836a09219f6c766880a57767c7514071d99084',310011,'2_mn6q3dS2EnDUx3bmyWc6D4szJNVGtaR7zc_mnfAHmddVibnZNSkh8DvKaQoiEfNsxjXzH_mtQheFaSfWELRB2MyMBaiWjdDm6ux9Ezns_3',1388000000,100.0,99999999,'Unit Test',0,'valid');
INSERT INTO broadcasts VALUES(19,'e87bf8dfeda7df143873ff042cc7a05dd590a6bef6a55c5832e22db1bd5e3bcd',310018,'2_mn6q3dS2EnDUx3bmyWc6D4szJNVGtaR7zc_mnfAHmddVibnZNSkh8DvKaQoiEfNsxjXzH_mtQheFaSfWELRB2MyMBaiWjdDm6ux9Ezns_3',1388000050,99.86166,5000000,'Unit Test',0,'valid');
INSERT INTO broadcasts VALUES(20,'1fcd2de64aabc6c05796e28cbea31df45a25928c2cd8dd30d774c9e70c4e97df',310019,'2_mn6q3dS2EnDUx3bmyWc6D4szJNVGtaR7zc_mnfAHmddVibnZNSkh8DvKaQoiEfNsxjXzH_mtQheFaSfWELRB2MyMBaiWjdDm6ux9Ezns_3',1388000101,100.343,5000000,'Unit Test',0,'valid');
INSERT INTO broadcasts VALUES(21,'dc4b57ad8a0b23dbc7ffc03f51e8076cd2418edf256b2660783bb0d1be0b8b73',310020,'2_mn6q3dS2EnDUx3bmyWc6D4szJNVGtaR7zc_mnfAHmddVibnZNSkh8DvKaQoiEfNsxjXzH_mtQheFaSfWELRB2MyMBaiWjdDm6ux9Ezns_3',1388000201,2.0,5000000,'Unit Test',0,'valid');
-- Triggers and indices on  broadcasts
CREATE TRIGGER block_update_broadcasts
                           BEFORE UPDATE ON broadcasts BEGIN
                               SELECT RAISE(FAIL, "UPDATES NOT ALLOWED");
                           END;
CREATE INDEX broadcasts_block_index_idx ON broadcasts (block_index)
        ;
CREATE INDEX broadcasts_status_source_idx ON broadcasts (status, source)
        ;
CREATE INDEX broadcasts_status_source_tx_index_idx ON broadcasts (status, source, tx_index)
        ;
CREATE INDEX broadcasts_timestamp_idx ON broadcasts (timestamp)
        ;

COMMIT TRANSACTION;
PRAGMA page_size=4096;
-- PRAGMA encoding='UTF-8';
-- PRAGMA auto_vacuum=FULL;
-- PRAGMA max_page_count=4294967294;

BEGIN TRANSACTION;

-- Table  btcpays
DROP TABLE IF EXISTS btcpays;
CREATE TABLE btcpays(
                      tx_index INTEGER PRIMARY KEY,
                      tx_hash TEXT UNIQUE,
                      block_index INTEGER,
                      source TEXT,
                      destination TEXT,
                      btc_amount INTEGER,
                      order_match_id TEXT,
                      status TEXT,
                      FOREIGN KEY (tx_index, tx_hash, block_index) REFERENCES transactions(tx_index, tx_hash, block_index));
INSERT INTO btcpays VALUES(5,'f0c58099c1614dcf2b8fd12be01c63427a5877b8c0367ecadea31ae9eb9714e6',310004,'2_mn6q3dS2EnDUx3bmyWc6D4szJNVGtaR7zc_mnfAHmddVibnZNSkh8DvKaQoiEfNsxjXzH_mtQheFaSfWELRB2MyMBaiWjdDm6ux9Ezns_3','2_mn6q3dS2EnDUx3bmyWc6D4szJNVGtaR7zc_mnfAHmddVibnZNSkh8DvKaQoiEfNsxjXzH_mtQheFaSfWELRB2MyMBaiWjdDm6ux9Ezns_3',50000000,'c953eb18873ce8aed42456df0ece8e4678e13282d9917916e7a4aec10e828375_89a44a3314b298a83d5d14c8646900a5122b8a1e8f6e0528e73ea82044d1726a','valid');
-- Triggers and indices on  btcpays
CREATE TRIGGER block_update_btcpays
                           BEFORE UPDATE ON btcpays BEGIN
                               SELECT RAISE(FAIL, "UPDATES NOT ALLOWED");
                           END;
CREATE INDEX btcpays_block_index_idx ON btcpays (block_index)
        ;
CREATE INDEX btcpays_destination_idx ON btcpays (destination)
        ;
CREATE INDEX btcpays_source_idx ON btcpays (source)
        ;

COMMIT TRANSACTION;
PRAGMA page_size=4096;
-- PRAGMA encoding='UTF-8';
-- PRAGMA auto_vacuum=FULL;
-- PRAGMA max_page_count=4294967294;

BEGIN TRANSACTION;

-- Table  burns
DROP TABLE IF EXISTS burns;
CREATE TABLE burns(
                      tx_index INTEGER PRIMARY KEY,
                      tx_hash TEXT UNIQUE,
                      block_index INTEGER,
                      source TEXT,
                      burned INTEGER,
                      earned INTEGER,
                      status TEXT,
                      FOREIGN KEY (tx_index, tx_hash, block_index) REFERENCES transactions(tx_index, tx_hash, block_index));
INSERT INTO burns VALUES(1,'15b35d5497f454c43576f21a1b61d99bde25dfc5aae1a4796dcf55e739d6a399',310000,'2_mn6q3dS2EnDUx3bmyWc6D4szJNVGtaR7zc_mnfAHmddVibnZNSkh8DvKaQoiEfNsxjXzH_mtQheFaSfWELRB2MyMBaiWjdDm6ux9Ezns_3',62000000,93000000000,'valid');
INSERT INTO burns VALUES(23,'181709b341ec136f90975fdaa362c767ebd789e72f16d4e17348ab2985c1bd01',310022,'2_mn6q3dS2EnDUx3bmyWc6D4szJNVGtaR7zc_mnfAHmddVibnZNSkh8DvKaQoiEfNsxjXzH_mtQheFaSfWELRB2MyMBaiWjdDm6ux9Ezns_3',38000000,56999887262,'valid');
-- Triggers and indices on  burns
CREATE TRIGGER block_update_burns
                           BEFORE UPDATE ON burns BEGIN
                               SELECT RAISE(FAIL, "UPDATES NOT ALLOWED");
                           END;
CREATE INDEX burns_source_idx ON burns (source)
        ;
CREATE INDEX burns_status_idx ON burns (status)
        ;

COMMIT TRANSACTION;
PRAGMA page_size=4096;
-- PRAGMA encoding='UTF-8';
-- PRAGMA auto_vacuum=FULL;
-- PRAGMA max_page_count=4294967294;

BEGIN TRANSACTION;

-- Table  cancels
DROP TABLE IF EXISTS cancels;
CREATE TABLE cancels(
                      tx_index INTEGER PRIMARY KEY,
                      tx_hash TEXT UNIQUE,
                      block_index INTEGER,
                      source TEXT,
                      offer_hash TEXT,
                      status TEXT,
                      FOREIGN KEY (tx_index, tx_hash, block_index) REFERENCES transactions(tx_index, tx_hash, block_index));
-- Triggers and indices on  cancels
CREATE TRIGGER block_update_cancels
                           BEFORE UPDATE ON cancels BEGIN
                               SELECT RAISE(FAIL, "UPDATES NOT ALLOWED");
                           END;
CREATE INDEX cancels_block_index_idx ON cancels (block_index)
        ;
CREATE INDEX cancels_source_idx ON cancels (source)
        ;

COMMIT TRANSACTION;
PRAGMA page_size=4096;
-- PRAGMA encoding='UTF-8';
-- PRAGMA auto_vacuum=FULL;
-- PRAGMA max_page_count=4294967294;

BEGIN TRANSACTION;

-- Table  dividends
DROP TABLE IF EXISTS dividends;
CREATE TABLE dividends(
                      tx_index INTEGER PRIMARY KEY,
                      tx_hash TEXT UNIQUE,
                      block_index INTEGER,
                      source TEXT,
                      asset TEXT,
                      dividend_asset TEXT,
                      quantity_per_unit INTEGER,
                      fee_paid INTEGER,
                      status TEXT,
                      FOREIGN KEY (tx_index, tx_hash, block_index) REFERENCES transactions(tx_index, tx_hash, block_index));
INSERT INTO dividends VALUES(10,'f2f6db13d6bda4def4f1bd759b603c64c962f82017329057a9237ceaf171520a',310009,'2_mn6q3dS2EnDUx3bmyWc6D4szJNVGtaR7zc_mnfAHmddVibnZNSkh8DvKaQoiEfNsxjXzH_mtQheFaSfWELRB2MyMBaiWjdDm6ux9Ezns_3','BBBB','XCP',600,20000,'valid');
INSERT INTO dividends VALUES(11,'a4353c6bd3159d3288f76c9f40fdbde89d681b09ec64d1f2b422b2e9e30c10d8',310010,'2_mn6q3dS2EnDUx3bmyWc6D4szJNVGtaR7zc_mnfAHmddVibnZNSkh8DvKaQoiEfNsxjXzH_mtQheFaSfWELRB2MyMBaiWjdDm6ux9Ezns_3','BBBC','XCP',800,20000,'valid');
-- Triggers and indices on  dividends
CREATE TRIGGER block_update_dividends
                           BEFORE UPDATE ON dividends BEGIN
                               SELECT RAISE(FAIL, "UPDATES NOT ALLOWED");
                           END;
CREATE INDEX dividends_asset_idx ON dividends (asset)
        ;
CREATE INDEX dividends_block_index_idx ON dividends (block_index)
        ;
CREATE INDEX dividends_source_idx ON dividends (source)
        ;

COMMIT TRANSACTION;
PRAGMA page_size=4096;
-- PRAGMA encoding='UTF-8';
-- PRAGMA auto_vacuum=FULL;
-- PRAGMA max_page_count=4294967294;

BEGIN TRANSACTION;

-- Table  issuances
DROP TABLE IF EXISTS issuances;
CREATE TABLE issuances(
                tx_index INTEGER,
                tx_hash TEXT,
                msg_index INTEGER DEFAULT 0,
                block_index INTEGER,
                asset TEXT,
                quantity INTEGER,
                divisible BOOL,
                source TEXT,
                issuer TEXT,
                transfer BOOL,
                callable BOOL,
                call_date INTEGER,
                call_price REAL,
                description TEXT,
                fee_paid INTEGER,
                locked BOOL,
                status TEXT,
                asset_longname TEXT,
                reset BOOL,
                description_locked BOOL,
                fair_minting BOOL DEFAULT 0,
                PRIMARY KEY (tx_index, msg_index),
                UNIQUE (tx_hash, msg_index)
            );
INSERT INTO issuances VALUES(6,'9238105e39efd4b7d428ad14011ad0c0f366bdcd150afa954e1f25c0cf4c2cc9',0,310005,'BBBB',1000000000,1,'2_mn6q3dS2EnDUx3bmyWc6D4szJNVGtaR7zc_mnfAHmddVibnZNSkh8DvKaQoiEfNsxjXzH_mtQheFaSfWELRB2MyMBaiWjdDm6ux9Ezns_3','2_mn6q3dS2EnDUx3bmyWc6D4szJNVGtaR7zc_mnfAHmddVibnZNSkh8DvKaQoiEfNsxjXzH_mtQheFaSfWELRB2MyMBaiWjdDm6ux9Ezns_3',0,0,0,0.0,'',50000000,0,'valid',NULL,0,0,0);
INSERT INTO issuances VALUES(7,'19d9d6059edf351635fa19ad867ccfa1db3959a5109fc63729430110a661b6e8',0,310006,'BBBC',100000,0,'2_mn6q3dS2EnDUx3bmyWc6D4szJNVGtaR7zc_mnfAHmddVibnZNSkh8DvKaQoiEfNsxjXzH_mtQheFaSfWELRB2MyMBaiWjdDm6ux9Ezns_3','2_mn6q3dS2EnDUx3bmyWc6D4szJNVGtaR7zc_mnfAHmddVibnZNSkh8DvKaQoiEfNsxjXzH_mtQheFaSfWELRB2MyMBaiWjdDm6ux9Ezns_3',0,0,0,0.0,'foobar',50000000,0,'valid',NULL,0,0,0);
-- Triggers and indices on  issuances
CREATE TRIGGER block_update_issuances
                           BEFORE UPDATE ON issuances BEGIN
                               SELECT RAISE(FAIL, "UPDATES NOT ALLOWED");
                           END;
CREATE INDEX issuances_asset_longname_idx ON issuances (asset_longname)
        ;
CREATE INDEX issuances_asset_status_idx ON issuances (asset, status)
        ;
CREATE INDEX issuances_block_index_idx ON issuances (block_index)
        ;
CREATE INDEX issuances_issuer_idx ON issuances (issuer)
        ;
CREATE INDEX issuances_source_idx ON issuances (source)
        ;
CREATE INDEX issuances_status_asset_tx_index_idx ON issuances (status, asset, tx_index DESC)
        ;
CREATE INDEX issuances_status_idx ON issuances (status)
        ;

COMMIT TRANSACTION;
PRAGMA page_size=4096;
-- PRAGMA encoding='UTF-8';
-- PRAGMA auto_vacuum=FULL;
-- PRAGMA max_page_count=4294967294;

BEGIN TRANSACTION;

-- Table  sends
DROP TABLE IF EXISTS sends;
CREATE TABLE "sends"(
                              tx_index INTEGER,
                              tx_hash TEXT,
                              block_index INTEGER,
                              source TEXT,
                              destination TEXT,
                              asset TEXT,
                              quantity INTEGER,
                              status TEXT,
                              msg_index INTEGER DEFAULT 0, memo BLOB, fee_paid INTEGER DEFAULT 0,
                              PRIMARY KEY (tx_index, msg_index),
                              FOREIGN KEY (tx_index, tx_hash, block_index) REFERENCES transactions(tx_index, tx_hash, block_index),
                              UNIQUE (tx_hash, msg_index) ON CONFLICT FAIL);
INSERT INTO sends VALUES(2,'121285e4ce5c17fbd6e0b0277702af982cdc14054735154a9043beecb247b84f',310001,'2_mn6q3dS2EnDUx3bmyWc6D4szJNVGtaR7zc_mnfAHmddVibnZNSkh8DvKaQoiEfNsxjXzH_mtQheFaSfWELRB2MyMBaiWjdDm6ux9Ezns_3','2_mn6q3dS2EnDUx3bmyWc6D4szJNVGtaR7zc_mnfAHmddVibnZNSkh8DvKaQoiEfNsxjXzH_mqPCfvqTfYctXMUfmniXeG2nyaN8w6tPmj_3','XCP',50000000,'valid',0,NULL,0);
INSERT INTO sends VALUES(8,'b25659252f68f162d96cf2cf3070b30e5913b472cbace76985e314b4634641a0',310007,'2_mn6q3dS2EnDUx3bmyWc6D4szJNVGtaR7zc_mnfAHmddVibnZNSkh8DvKaQoiEfNsxjXzH_mtQheFaSfWELRB2MyMBaiWjdDm6ux9Ezns_3','2_mn6q3dS2EnDUx3bmyWc6D4szJNVGtaR7zc_mnfAHmddVibnZNSkh8DvKaQoiEfNsxjXzH_mqPCfvqTfYctXMUfmniXeG2nyaN8w6tPmj_3','BBBB',4000000,'valid',0,NULL,0);
INSERT INTO sends VALUES(9,'592e248181970aa6f97f2cfe133323d3ffb2095dd7f411cfd20b1ab611238a11',310008,'2_mn6q3dS2EnDUx3bmyWc6D4szJNVGtaR7zc_mnfAHmddVibnZNSkh8DvKaQoiEfNsxjXzH_mtQheFaSfWELRB2MyMBaiWjdDm6ux9Ezns_3','2_mn6q3dS2EnDUx3bmyWc6D4szJNVGtaR7zc_mnfAHmddVibnZNSkh8DvKaQoiEfNsxjXzH_mqPCfvqTfYctXMUfmniXeG2nyaN8w6tPmj_3','BBBC',526,'valid',0,NULL,0);
INSERT INTO sends VALUES(24,'f4a0c2582fb141e9451a7c00fa61afc147b9959c2dd20a1978950936fdb53831',310023,'2_mn6q3dS2EnDUx3bmyWc6D4szJNVGtaR7zc_mnfAHmddVibnZNSkh8DvKaQoiEfNsxjXzH_mtQheFaSfWELRB2MyMBaiWjdDm6ux9Ezns_3','2_mn6q3dS2EnDUx3bmyWc6D4szJNVGtaR7zc_mnfAHmddVibnZNSkh8DvKaQoiEfNsxjXzH_mqPCfvqTfYctXMUfmniXeG2nyaN8w6tPmj_3','BBBC',10000,'valid',0,NULL,0);
-- Triggers and indices on  sends
CREATE TRIGGER block_update_sends
                           BEFORE UPDATE ON sends BEGIN
                               SELECT RAISE(FAIL, "UPDATES NOT ALLOWED");
                           END;
CREATE INDEX sends_asset_idx ON sends (asset)
        ;
CREATE INDEX sends_block_index_idx ON sends (block_index)
        ;
CREATE INDEX sends_destination_idx ON sends (destination)
        ;
CREATE INDEX sends_memo_idx ON sends (memo)
        ;
CREATE INDEX sends_source_idx ON sends (source)
        ;

COMMIT TRANSACTION;
PRAGMA page_size=4096;
-- PRAGMA encoding='UTF-8';
-- PRAGMA auto_vacuum=FULL;
-- PRAGMA max_page_count=4294967294;

BEGIN TRANSACTION;

-- Table  rps_match_expirations
DROP TABLE IF EXISTS rps_match_expirations;
CREATE TABLE rps_match_expirations(
                                            rps_match_id TEXT PRIMARY KEY,
                                            tx0_address TEXT,
                                            tx1_address TEXT,
                                            block_index INTEGER,
                                            FOREIGN KEY (block_index) REFERENCES blocks(block_index));
-- Triggers and indices on  rps_match_expirations
CREATE TRIGGER block_update_rps_match_expirations
                           BEFORE UPDATE ON rps_match_expirations BEGIN
                               SELECT RAISE(FAIL, "UPDATES NOT ALLOWED");
                           END;
CREATE INDEX rps_match_expirations_block_index_idx ON rps_match_expirations (block_index)
        ;
CREATE INDEX rps_match_expirations_tx0_address_idx ON rps_match_expirations (tx0_address)
        ;
CREATE INDEX rps_match_expirations_tx1_address_idx ON rps_match_expirations (tx1_address)
        ;

COMMIT TRANSACTION;
PRAGMA page_size=4096;
-- PRAGMA encoding='UTF-8';
-- PRAGMA auto_vacuum=FULL;
-- PRAGMA max_page_count=4294967294;

BEGIN TRANSACTION;

-- Table  rps_expirations
DROP TABLE IF EXISTS rps_expirations;
CREATE TABLE rps_expirations(
                                    rps_index INTEGER PRIMARY KEY,
                                    rps_hash TEXT UNIQUE,
                                    source TEXT,
                                    block_index INTEGER,
                                    FOREIGN KEY (block_index) REFERENCES blocks(block_index));
-- Triggers and indices on  rps_expirations
CREATE TRIGGER block_update_rps_expirations
                           BEFORE UPDATE ON rps_expirations BEGIN
                               SELECT RAISE(FAIL, "UPDATES NOT ALLOWED");
                           END;
CREATE INDEX rps_expirations_block_index_idx ON rps_expirations (block_index)
        ;
CREATE INDEX rps_expirations_source_idx ON rps_expirations (source)
        ;

COMMIT TRANSACTION;
PRAGMA page_size=4096;
-- PRAGMA encoding='UTF-8';
-- PRAGMA auto_vacuum=FULL;
-- PRAGMA max_page_count=4294967294;

BEGIN TRANSACTION;

-- Table  rpsresolves
DROP TABLE IF EXISTS rpsresolves;
CREATE TABLE rpsresolves(
                      tx_index INTEGER PRIMARY KEY,
                      tx_hash TEXT UNIQUE,
                      block_index INTEGER,
                      source TEXT,
                      move INTEGER,
                      random TEXT,
                      rps_match_id TEXT,
                      status TEXT,
                      FOREIGN KEY (tx_index, tx_hash, block_index) REFERENCES transactions(tx_index, tx_hash, block_index));
-- Triggers and indices on  rpsresolves
CREATE TRIGGER block_update_rpsresolves
                           BEFORE UPDATE ON rpsresolves BEGIN
                               SELECT RAISE(FAIL, "UPDATES NOT ALLOWED");
                           END;
CREATE INDEX rpsresolves_block_index_idx ON rpsresolves (block_index)
        ;
CREATE INDEX rpsresolves_rps_match_id_idx ON rpsresolves (rps_match_id)
        ;
CREATE INDEX rpsresolves_source_idx ON rpsresolves (source)
        ;

COMMIT TRANSACTION;
PRAGMA page_size=4096;
-- PRAGMA encoding='UTF-8';
-- PRAGMA auto_vacuum=FULL;
-- PRAGMA max_page_count=4294967294;

BEGIN TRANSACTION;

-- Table  rps_matches
DROP TABLE IF EXISTS rps_matches;
CREATE TABLE rps_matches(
                                id TEXT,
                                tx0_index INTEGER,
                                tx0_hash TEXT,
                                tx0_address TEXT,
                                tx1_index INTEGER,
                                tx1_hash TEXT,
                                tx1_address TEXT,
                                tx0_move_random_hash TEXT,
                                tx1_move_random_hash TEXT,
                                wager INTEGER,
                                possible_moves INTEGER,
                                tx0_block_index INTEGER,
                                tx1_block_index INTEGER,
                                block_index INTEGER,
                                tx0_expiration INTEGER,
                                tx1_expiration INTEGER,
                                match_expire_index INTEGER,
                                status TEXT);
-- Triggers and indices on  rps_matches
CREATE TRIGGER block_update_rps_matches
                           BEFORE UPDATE ON rps_matches BEGIN
                               SELECT RAISE(FAIL, "UPDATES NOT ALLOWED");
                           END;
CREATE INDEX rps_matches_id_idx ON rps_matches (id)
        ;
CREATE INDEX rps_matches_match_expire_index_idx ON rps_matches (match_expire_index)
        ;
CREATE INDEX rps_matches_status_idx ON rps_matches (status)
        ;
CREATE INDEX rps_matches_tx0_address_idx ON rps_matches (tx0_address)
        ;
CREATE INDEX rps_matches_tx1_address_idx ON rps_matches (tx1_address)
        ;

COMMIT TRANSACTION;
PRAGMA page_size=4096;
-- PRAGMA encoding='UTF-8';
-- PRAGMA auto_vacuum=FULL;
-- PRAGMA max_page_count=4294967294;

BEGIN TRANSACTION;

-- Table  rps
DROP TABLE IF EXISTS rps;
CREATE TABLE rps(
                        tx_index INTEGER,
                        tx_hash TEXT,
                        block_index INTEGER,
                        source TEXT,
                        possible_moves INTEGER,
                        wager INTEGER,
                        move_random_hash TEXT,
                        expiration INTEGER,
                        expire_index INTEGER,
                        status TEXT);
-- Triggers and indices on  rps
CREATE TRIGGER block_update_rps
                           BEFORE UPDATE ON rps BEGIN
                               SELECT RAISE(FAIL, "UPDATES NOT ALLOWED");
                           END;
CREATE INDEX rps_expire_index_idx ON rps (expire_index)
        ;
CREATE INDEX rps_source_idx ON rps (source)
        ;
CREATE INDEX rps_status_idx ON rps (status)
        ;
CREATE INDEX rps_tx_hash_idx ON rps (tx_hash)
        ;
CREATE INDEX rps_tx_index_idx ON rps (tx_index)
        ;
CREATE INDEX rps_tx_index_tx_hash_idx ON rps (tx_index, tx_hash)
        ;
CREATE INDEX rps_wager_possible_moves_idx ON rps (wager, possible_moves)
        ;

COMMIT TRANSACTION;
PRAGMA page_size=4096;
-- PRAGMA encoding='UTF-8';
-- PRAGMA auto_vacuum=FULL;
-- PRAGMA max_page_count=4294967294;

BEGIN TRANSACTION;

-- Table  destructions
DROP TABLE IF EXISTS destructions;
CREATE TABLE destructions(
            tx_index INTEGER,
            tx_hash TEXT,
            block_index INTEGER,
            source TEXT,
            asset INTEGER,
            quantity INTEGER,
            tag TEXT,
            status TEXT
        );
-- Triggers and indices on  destructions
CREATE TRIGGER block_update_destructions
                           BEFORE UPDATE ON destructions BEGIN
                               SELECT RAISE(FAIL, "UPDATES NOT ALLOWED");
                           END;
CREATE INDEX destructions_source_idx ON destructions (source)
        ;
CREATE INDEX destructions_status_idx ON destructions (status)
        ;

COMMIT TRANSACTION;
PRAGMA page_size=4096;
-- PRAGMA encoding='UTF-8';
-- PRAGMA auto_vacuum=FULL;
-- PRAGMA max_page_count=4294967294;

BEGIN TRANSACTION;

-- Table  assets
DROP TABLE IF EXISTS assets;
CREATE TABLE assets(
                      asset_id TEXT UNIQUE,
                      asset_name TEXT UNIQUE,
                      block_index INTEGER,
                      asset_longname TEXT);
INSERT INTO assets VALUES('0','BTC',NULL,NULL);
INSERT INTO assets VALUES('1','XCP',NULL,NULL);
INSERT INTO assets VALUES('18279','BBBB',310005,NULL);
INSERT INTO assets VALUES('18280','BBBC',310006,NULL);
-- Triggers and indices on  assets
CREATE INDEX assets_asset_id_idx ON assets (asset_id)
        ;
CREATE UNIQUE INDEX assets_asset_longname_idx ON assets (asset_longname)
        ;
CREATE INDEX assets_asset_name_idx ON assets (asset_name)
        ;
CREATE TRIGGER block_update_assets
                           BEFORE UPDATE ON assets BEGIN
                               SELECT RAISE(FAIL, "UPDATES NOT ALLOWED");
                           END;

COMMIT TRANSACTION;
PRAGMA page_size=4096;
-- PRAGMA encoding='UTF-8';
-- PRAGMA auto_vacuum=FULL;
-- PRAGMA max_page_count=4294967294;

BEGIN TRANSACTION;

-- Table  addresses
DROP TABLE IF EXISTS addresses;
CREATE TABLE addresses(
            address TEXT,
            options INTEGER,
            block_index INTEGER
        );
-- Triggers and indices on  addresses
CREATE INDEX addresses_address_idx ON addresses (address)
        ;
CREATE TRIGGER block_update_addresses
                           BEFORE UPDATE ON addresses BEGIN
                               SELECT RAISE(FAIL, "UPDATES NOT ALLOWED");
                           END;

COMMIT TRANSACTION;
PRAGMA page_size=4096;
-- PRAGMA encoding='UTF-8';
-- PRAGMA auto_vacuum=FULL;
-- PRAGMA max_page_count=4294967294;

BEGIN TRANSACTION;

-- Table  sweeps
DROP TABLE IF EXISTS sweeps;
CREATE TABLE sweeps(
                      tx_index INTEGER PRIMARY KEY,
                      tx_hash TEXT UNIQUE,
                      block_index INTEGER,
                      source TEXT,
                      destination TEXT,
                      flags INTEGER,
                      status TEXT,
                      memo BLOB,
                      fee_paid INTEGER,
                      FOREIGN KEY (tx_index, tx_hash, block_index) REFERENCES transactions(tx_index, tx_hash, block_index));
-- Triggers and indices on  sweeps
CREATE TRIGGER block_update_sweeps
                           BEFORE UPDATE ON sweeps BEGIN
                               SELECT RAISE(FAIL, "UPDATES NOT ALLOWED");
                           END;
CREATE INDEX sweeps_block_index_idx ON sweeps (block_index)
        ;
CREATE INDEX sweeps_destination_idx ON sweeps (destination)
        ;
CREATE INDEX sweeps_memo_idx ON sweeps (memo)
        ;
CREATE INDEX sweeps_source_idx ON sweeps (source)
        ;

COMMIT TRANSACTION;
PRAGMA page_size=4096;
-- PRAGMA encoding='UTF-8';
-- PRAGMA auto_vacuum=FULL;
-- PRAGMA max_page_count=4294967294;

BEGIN TRANSACTION;

-- Table  dispensers
DROP TABLE IF EXISTS dispensers;
CREATE TABLE dispensers(
                                tx_index INTEGER,
                                tx_hash TEXT,
                                block_index INTEGER,
                                source TEXT,
                                asset TEXT,
                                give_quantity INTEGER,
                                escrow_quantity INTEGER,
                                satoshirate INTEGER,
                                status INTEGER,
                                give_remaining INTEGER,
                                oracle_address TEXT,
                                last_status_tx_hash TEXT,
                                origin TEXT,
                                dispense_count INTEGER DEFAULT 0,
                                last_status_tx_source TEXT,
                                close_block_index INTEGER);
-- Triggers and indices on  dispensers
CREATE TRIGGER block_update_dispensers
                           BEFORE UPDATE ON dispensers BEGIN
                               SELECT RAISE(FAIL, "UPDATES NOT ALLOWED");
                           END;
CREATE INDEX dispensers_asset_idx ON dispensers (asset)
        ;
CREATE INDEX dispensers_block_index_idx ON dispensers (block_index)
        ;
CREATE INDEX dispensers_close_block_index_status_idx ON dispensers (close_block_index, status)
        ;
CREATE INDEX dispensers_give_quantity_idx ON dispensers (give_quantity)
        ;
CREATE INDEX dispensers_give_remaining_idx ON dispensers (give_remaining)
        ;
CREATE INDEX dispensers_last_status_tx_hash_idx ON dispensers (last_status_tx_hash)
        ;
CREATE INDEX dispensers_source_asset_origin_status_idx ON dispensers (source, asset, origin, status)
        ;
CREATE INDEX dispensers_source_idx ON dispensers (source)
        ;
CREATE INDEX dispensers_source_origin_idx ON dispensers (source, origin)
        ;
CREATE INDEX dispensers_status_block_index_idx ON dispensers (status, block_index)
        ;
CREATE INDEX dispensers_status_idx ON dispensers (status)
        ;
CREATE INDEX dispensers_tx_hash_idx ON dispensers (tx_hash)
        ;
CREATE INDEX dispensers_tx_index_idx ON dispensers (tx_index)
        ;

COMMIT TRANSACTION;
PRAGMA page_size=4096;
-- PRAGMA encoding='UTF-8';
-- PRAGMA auto_vacuum=FULL;
-- PRAGMA max_page_count=4294967294;

BEGIN TRANSACTION;

-- Table  dispenses
DROP TABLE IF EXISTS dispenses;
CREATE TABLE dispenses (
                                tx_index INTEGER,
                                dispense_index INTEGER,
                                tx_hash TEXT,
                                block_index INTEGER,
                                source TEXT,
                                destination TEXT,
                                asset TEXT,
                                dispense_quantity INTEGER,
                                dispenser_tx_hash TEXT,
                                PRIMARY KEY (tx_index, dispense_index, source, destination),
                                FOREIGN KEY (tx_index, tx_hash, block_index) REFERENCES transactions(tx_index, tx_hash, block_index));
-- Triggers and indices on  dispenses
CREATE TRIGGER block_update_dispenses
                           BEFORE UPDATE ON dispenses BEGIN
                               SELECT RAISE(FAIL, "UPDATES NOT ALLOWED");
                           END;
CREATE INDEX dispenses_asset_idx ON dispenses (asset)
        ;
CREATE INDEX dispenses_block_index_idx ON dispenses (block_index)
        ;
CREATE INDEX dispenses_destination_idx ON dispenses (destination)
        ;
CREATE INDEX dispenses_dispense_quantity_idx ON dispenses (dispense_quantity)
        ;
CREATE INDEX dispenses_dispenser_tx_hash_idx ON dispenses (dispenser_tx_hash)
        ;
CREATE INDEX dispenses_source_idx ON dispenses (source)
        ;
CREATE INDEX dispenses_tx_hash_idx ON dispenses (tx_hash)
        ;

COMMIT TRANSACTION;
PRAGMA page_size=4096;
-- PRAGMA encoding='UTF-8';
-- PRAGMA auto_vacuum=FULL;
-- PRAGMA max_page_count=4294967294;

BEGIN TRANSACTION;

-- Table  dispenser_refills
DROP TABLE IF EXISTS dispenser_refills;
CREATE TABLE dispenser_refills(
                                        tx_index INTEGER,
                                        tx_hash TEXT,
                                        block_index INTEGER,
                                        source TEXT,
                                        destination TEXT,
                                        asset TEXT,
                                        dispense_quantity INTEGER,
                                        dispenser_tx_hash TEXT,
                                        PRIMARY KEY (tx_index, tx_hash, source, destination),
                                        FOREIGN KEY (tx_index, tx_hash, block_index)
                                            REFERENCES transactions(tx_index, tx_hash, block_index));
-- Triggers and indices on  dispenser_refills
CREATE TRIGGER block_update_dispenser_refills
                           BEFORE UPDATE ON dispenser_refills BEGIN
                               SELECT RAISE(FAIL, "UPDATES NOT ALLOWED");
                           END;
CREATE INDEX dispenser_refills_block_index_idx ON dispenser_refills (block_index)
        ;
CREATE INDEX dispenser_refills_tx_hash_idx ON dispenser_refills (tx_hash)
        ;

COMMIT TRANSACTION;
PRAGMA page_size=4096;
-- PRAGMA encoding='UTF-8';
-- PRAGMA auto_vacuum=FULL;
-- PRAGMA max_page_count=4294967294;

BEGIN TRANSACTION;

-- Table  fairminters
DROP TABLE IF EXISTS fairminters;
CREATE TABLE fairminters (
            tx_hash TEXT,
            tx_index INTEGER,
            block_index INTEGER,
            source TEXT,
            asset TEXT,
            asset_parent TEXT,
            asset_longname TEXT,
            description TEXT,
            price INTEGER,
            quantity_by_price INTEGER,
            hard_cap INTEGER,
            burn_payment BOOL,
            max_mint_per_tx INTEGER,
            premint_quantity INTEGER,
            start_block INTEGER,
            end_block INTEGER,
            minted_asset_commission_int INTEGER,
            soft_cap INTEGER,
            soft_cap_deadline_block INTEGER,
            lock_description BOOL,
            lock_quantity BOOL,
            divisible BOOL,
            pre_minted BOOL DEFAULT 0,
            status TEXT
        );
-- Triggers and indices on  fairminters
CREATE TRIGGER block_update_fairminters
                           BEFORE UPDATE ON fairminters BEGIN
                               SELECT RAISE(FAIL, "UPDATES NOT ALLOWED");
                           END;
CREATE INDEX fairminters_asset_idx ON fairminters (asset)
        ;
CREATE INDEX fairminters_asset_longname_idx ON fairminters (asset_longname)
        ;
CREATE INDEX fairminters_asset_parent_idx ON fairminters (asset_parent)
        ;
CREATE INDEX fairminters_block_index_idx ON fairminters (block_index)
        ;
CREATE INDEX fairminters_source_idx ON fairminters (source)
        ;
CREATE INDEX fairminters_status_idx ON fairminters (status)
        ;
CREATE INDEX fairminters_tx_hash_idx ON fairminters (tx_hash)
        ;

COMMIT TRANSACTION;
PRAGMA page_size=4096;
-- PRAGMA encoding='UTF-8';
-- PRAGMA auto_vacuum=FULL;
-- PRAGMA max_page_count=4294967294;

BEGIN TRANSACTION;

-- Table  fairmints
DROP TABLE IF EXISTS fairmints;
CREATE TABLE fairmints (
            tx_hash TEXT PRIMARY KEY,
            tx_index INTEGER,
            block_index INTEGER,
            source TEXT,
            fairminter_tx_hash TEXT,
            asset TEXT,
            earn_quantity INTEGER,
            paid_quantity INTEGER,
            commission INTEGER,
            status TEXT
        );
-- Triggers and indices on  fairmints
CREATE TRIGGER block_update_fairmints
                           BEFORE UPDATE ON fairmints BEGIN
                               SELECT RAISE(FAIL, "UPDATES NOT ALLOWED");
                           END;
CREATE INDEX fairmints_asset_idx ON fairmints (asset)
        ;
CREATE INDEX fairmints_block_index_idx ON fairmints (block_index)
        ;
CREATE INDEX fairmints_fairminter_tx_hash_idx ON fairmints (fairminter_tx_hash)
        ;
CREATE INDEX fairmints_source_idx ON fairmints (source)
        ;
CREATE INDEX fairmints_status_idx ON fairmints (status)
        ;
CREATE INDEX fairmints_tx_hash_idx ON fairmints (tx_hash)
        ;

COMMIT TRANSACTION;
PRAGMA page_size=4096;
-- PRAGMA encoding='UTF-8';
-- PRAGMA auto_vacuum=FULL;
-- PRAGMA max_page_count=4294967294;

BEGIN TRANSACTION;

-- Table  transaction_count
DROP TABLE IF EXISTS transaction_count;
CREATE TABLE transaction_count(
            block_index INTEGER,
            transaction_id INTEGER,
            count INTEGER);
-- Triggers and indices on  transaction_count
CREATE TRIGGER block_update_transaction_count
                           BEFORE UPDATE ON transaction_count BEGIN
                               SELECT RAISE(FAIL, "UPDATES NOT ALLOWED");
                           END;
CREATE INDEX transaction_count_block_index_transaction_id_idx ON transaction_count (block_index, transaction_id)
        ;

COMMIT TRANSACTION;
