PRAGMA page_size=4096;
-- PRAGMA encoding='UTF-8';
-- PRAGMA auto_vacuum=FULL;
-- PRAGMA max_page_count=4294967294;

BEGIN TRANSACTION;

-- Table  blocks
DROP TABLE IF EXISTS blocks;
CREATE TABLE blocks(
                      block_index INTEGER UNIQUE,
                      block_hash TEXT UNIQUE,
                      block_time INTEGER,
                      ledger_hash TEXT,
                      txlist_hash TEXT,
                      messages_hash TEXT,
                      previous_block_hash TEXT UNIQUE,
                      difficulty INTEGER,
                      transaction_count INTEGER,
                      PRIMARY KEY (block_index, block_hash));
INSERT INTO blocks VALUES(309999,'8b3bef249cb3b0fa23a4936c1249b6bd41daeadc848c8d2e409ea1cbc10adfe7',309999000,'63f0fef31d02da85fa779e9a0e1b585b1a6a4e59e14564249e288e074e91c223','63f0fef31d02da85fa779e9a0e1b585b1a6a4e59e14564249e288e074e91c223','63f0fef31d02da85fa779e9a0e1b585b1a6a4e59e14564249e288e074e91c223',NULL,NULL,0);
INSERT INTO blocks VALUES(310000,'505d8d82c4ced7daddef7ed0b05ba12ecc664176887b938ef56c6af276f3b30c',310000000,'cff3ba7c92f6b318eb4a4a5e2b90b655fc055d4e8a82101b813aef6e1c6152e4','9f6f20e36fd2b2b44df6e91fbfaeffc6d7fae9917b27d196245ee90c36d99ff1','9d3149b2b9bd9d7f0a1beef0eaf6cc15d21b8c0c72a5316c9a8f2ed88ee35541',NULL,NULL,1);
INSERT INTO blocks VALUES(310001,'3c9f6a9c6cac46a9273bd3db39ad775acd5bc546378ec2fb0587e06e112cc78e',310001000,'2281de0177f4fcf8d730e2751d7b9fb5da4df741196bbcaff470c7860a2ca0b6','49836952844fe3f887e718d236efa6b1f4cc0b81cfc010f79a6349562ebfc162','50f0785345696198ed355ead998f1dd554a2a20dc5ae7bc7b97775a5a8d3e27f',NULL,NULL,1);
INSERT INTO blocks VALUES(310002,'fbb60f1144e1f7d4dc036a4a158a10ea6dea2ba6283a723342a49b8eb5cc9964',310002000,'802742a55d8ab83de24c45efb86d1daa0ad4e565cc4db6dcaa5cedb16ec4125f','017a0ddcf461ffcc3c89042ba6a6337efcc276c8f144daad445ba0e4a36bab33','293b1c8bbf3dedba7f3090bf004779aa1cb17452c538a7b9e5eac760b3bcaf45',NULL,NULL,1);
INSERT INTO blocks VALUES(310003,'d50825dcb32bcf6f69994d616eba18de7718d3d859497e80751b2cb67e333e8a',310003000,'ed279c6a985256134cfb39f1283ec97c8dc800b7255a3e8243ca9846884d0378','8ec458bf08abe2f3634eafac5af321f02cf5d470c2a87301b8061efe3dcc644f','aa68ee7eb93385ffdd2ae15a63c2d2d90a80daae8f368f8374684d68cefd807b',NULL,NULL,1);
INSERT INTO blocks VALUES(310004,'60cdc0ac0e3121ceaa2c3885f21f5789f49992ffef6e6ff99f7da80e36744615',310004000,'bba1ec90ee149be7d8a88ff9df1fca931e076e885be21bc822637829a8675e02','e2e334cb3c300e622a50d2c206fe532a3320f56c445dc1a9dec750417260fe9a','f050ca60b987d9b5bfa953233ebc11ca1ed860c9d46c93fea91021eac21b7628',NULL,NULL,1);
INSERT INTO blocks VALUES(310005,'8005c2926b7ecc50376642bc661a49108b6dc62636463a5c492b123e2184cd9a',310005000,'5f8a9d465e686b3e9471041bd15d645b7fc8afee36ee890873aa6c3c51d87bb5','260ad7ae2e2b555f7adf9155fcb761e7ed7a2d22f128457db0f1ff363b498d64','0b4c5df66ed08baf7b71a048f65580dce13bbc141471e889eeb4baafc0873fcc',NULL,NULL,1);
INSERT INTO blocks VALUES(310006,'bdad69d1669eace68b9f246de113161099d4f83322e2acf402c42defef3af2bb',310006000,'153795f1c7ae2dbec7fc19bb25d03dd518f0664bca82b9bb92bb7c4f1e22f040','c047baa686f8bf24c406cf03687c0b4fe6b95e4afe0b396e0f507a694fb10245','156ac4ccba4b2fe2e522097ff05306166bcc22f8332ad4ef5d1811278823fd32',NULL,NULL,1);
INSERT INTO blocks VALUES(310007,'10a642b96d60091d08234d17dfdecf3025eca41e4fc8e3bbe71a91c5a457cb4b',310007000,'c5d21baa8c6949a8e9f0d73a37436d431bf4876ab3b60b82553877ec53fc4454','d9532f5bdd583968d88ed24feb95b50c5e319d36171dd7bc6067ddf3d13c623c','cdce04861a8af2d1126191e39117eaf91dc371c8a0b757dd164a1a4abe05cc43',NULL,NULL,1);
INSERT INTO blocks VALUES(310008,'47d0e3acbdc6916aeae95e987f9cfa16209b3df1e67bb38143b3422b32322c33',310008000,'579de8204446e9128076fd27a644a82da77ca5ff2793ff56815c24a11218af5e','5b37c224e5684c0b3a913793e7e97c4f88b26b6c6d7683de8e06bb9485fba409','5c8ec7ec7eba9e229b97430f02982b72e482a59e9a1ca5de9be9e896331f2e4d',NULL,NULL,1);
INSERT INTO blocks VALUES(310009,'4d474992b141620bf3753863db7ee5e8af26cadfbba27725911f44fa657bc1c0',310009000,'c03a6e31f50f172c86029ce6a810ec730e1179ad3e76ba5d4290595ec414bb87','f81c6592f74098821e15c146c2a7e4a5be2cc743431d37a5fb6d4143b89907d5','d1638f673b818f16380204362d72803dfe95ab46b60d2a8f93c1b63e1852131e',NULL,NULL,1);
INSERT INTO blocks VALUES(310010,'a58162dff81a32e6a29b075be759dbb9fa9b8b65303e69c78fb4d7b0acc37042',310010000,'804651f6571bb24ef7534c97116ae35fb0b6b31aa6a4574a419aae7fc2900b1c','3698516a21c2c590522e6419eae91ed8b469d922863141def1f3e295c4954dfd','b89975bb1388a2dc197d7244850a3e3c266697402b9bda67729ed0668d2fceb2',NULL,NULL,1);
INSERT INTO blocks VALUES(310011,'8042cc2ef293fd73d050f283fbd075c79dd4c49fdcca054dc0714fc3a50dc1bb',310011000,'a9a18fcba1a83d637dcfd633f32848d55c86c5b499e0c15af6a626653b7424b8','deaaba2ecb1772901052ae6490a1015e75146af3b2707b1c148562deff91af49','55968d8be0d2299059f05a1e7c9054b2a9542355dd76bb290742f83b28c7408b',NULL,NULL,1);
INSERT INTO blocks VALUES(310012,'cdba329019d93a67b31b79d05f76ce1b7791d430ea0d6c1c2168fe78d2f67677',310012000,'27298dbdb9026b5d54228b686b7a76f9d42479da79b38b9ef7cd13e4fee27159','e409e7c7435482a64f10aaaaa6e62d69a4f0ae3083922c91907d6f15393dbb22','c9424d90aa040c4589d9371dc18e779b6936ed80a6e2b69f0921a6a51a2c54d0',NULL,NULL,1);
INSERT INTO blocks VALUES(310013,'0425e5e832e4286757dc0228cd505b8d572081007218abd3a0983a3bcd502a61',310013000,'f5fbbb8870bb8253cfba52c58765b8c2493ceee6a2db5779a4212ed456bf892e','78b492a743e24d50541f29a1a8e476434e81961bd457552c55fcbbac68d68fca','6b46d939dc1c455230abc26a340885a3ffcccdabb782733cd6b6339725abbc8d',NULL,NULL,1);
INSERT INTO blocks VALUES(310014,'85b28d413ebda2968ed82ae53643677338650151b997ed1e4656158005b9f65f',310014000,'f1e77a7a4d28d64a0cfd878112074b6205ef09055b93b8923b0c6466a07ea500','475ee3563b60fa5bbf8f8db5eabf9bdfea4a2f1b5fc82aedc37fa7c581c5f065','2618766d395c80f6a7d563e5cb66dec5dac6b0ab1f24fe7500dd4ebf23b58859',NULL,NULL,1);
INSERT INTO blocks VALUES(310015,'4cf77d688f18f0c68c077db882f62e49f31859dfa6144372457cd73b29223922',310015000,'014bcc839c0ea0d2fecd9aab3074528ffee3b2dce7f805e4d459e2dfb3d98a51','5d40b180a3f3b38eedd15c7f40e8585aaa5e2fdde3967dff443a74703fa45fd4','398cd0038c6ca7f45fd4fccc623f1900b1d0b6aabfa60f6098a43d78aab4dfed',NULL,NULL,1);
INSERT INTO blocks VALUES(310016,'99dc7d2627efb4e5e618a53b9898b4ca39c70e98fe9bf39f68a6c980f5b64ef9',310016000,'9f72d6a84ee58e1e851a90a62b525dc257c3b1b0c7e9964f93a7e5df6a2e4007','e990e43e7272c9d971fcc782768bea70c71d45fa7d712a7195bcc4151617a57f','1e930d49bd00ee5865430b3046ddcfe594b8216f158e981f40daf96a2a9595cc',NULL,NULL,1);
INSERT INTO blocks VALUES(310017,'8a4fedfbf734b91a5c5761a7bcb3908ea57169777a7018148c51ff611970e4a3',310017000,'5d1e195a7d313d703253640cd98be600b04a7d98aae69b5327a29e740573198d','443444009d5700747b2d345cc10a70bf5a48214bc279d811a311ef76e52abf04','5fad2e2f5572c92dce7544deabe9659c57ad1bcd2df6a3bdf862c8236f9ffee6',NULL,NULL,1);
INSERT INTO blocks VALUES(310018,'35c06f9e3de39e4e56ceb1d1a22008f52361c50dd0d251c0acbe2e3c2dba8ed3',310018000,'f38538a4a2cba9bcf8821b56e1dc877990e027135d3f220338cd8cb11f3eb205','abe72d22a1fb28e1ce34bfe3f1fd012d5a41fe219a0c4ee96f3b4b0e49aea889','d82353c7b022423d53ae542991e847455ee412a813b51dc2199c7398d6ae2c3d',NULL,NULL,1);
INSERT INTO blocks VALUES(310019,'114affa0c4f34b1ebf8e2778c9477641f60b5b9e8a69052158041d4c41893294',310019000,'3a51f1f061d953c940ac7e53f8bb37df041f2d4f42a16f5c5d23707b8b0c0dc6','8bea2f5ef9805bffa4b23881f7635ec213525f8dfe98aa45e716e43a73ffe114','f44b5c31fe1be856f277f419c6cd386562b4aea7788bb5b90bffd119d85efbb5',NULL,NULL,1);
INSERT INTO blocks VALUES(310020,'d93c79920e4a42164af74ecb5c6b903ff6055cdc007376c74dfa692c8d85ebc9',310020000,'cce3284c53fcf79ba268d925e32ab70e3d4df1e6f13dbcbe2920e93fc689128b','d0e8a123b3125a8e057d8504b7a96e77188895c86907c273922b80e7e9ca42d2','dbe188feedbc1fab78ffe92c61ec8b227ad70341717d9f7c8a6db430f9888d93',NULL,NULL,1);
INSERT INTO blocks VALUES(310021,'7c2460bb32c5749c856486393239bf7a0ac789587ac71f32e7237910da8097f2',310021000,'6ad5172a6dcaa6706d5a4f6fd8ada183e103b9faab58e42c1365613a26477490','1c207ab28dd2c5d297f47d5ac366699523cd97ccfc8a3e348dbf6fe900c32b5d','0dbf281ecdd5087482b2b54baaee5395046551425fcdc6287d4d34476c10f82e',NULL,NULL,1);
INSERT INTO blocks VALUES(310022,'44435f9a99a0aa12a9bfabdc4cb8119f6ea6a6e1350d2d65445fb66a456db5fc',310022000,'c9361fea7f3dd2415969eb6ad7fe893381c9ca65ea391f2e47a966e342db3a90','c0867554bd3d50cd8ca4bb6e2d055250fa0c3c46f47b5f03ce5022b7090e07d4','e10754992218fd300c9591d582b91a97f6d23061edee28b69c0b7e58a784ade0',NULL,NULL,1);
INSERT INTO blocks VALUES(310023,'d8cf5bec1bbcab8ca4f495352afde3b6572b7e1d61b3976872ebb8e9d30ccb08',310023000,'f63680db66cf963aaaebf64130629790e7492b5ea9396434c2179a5eb8774412','6a3cc06342da18a8eae7180bd93af2cc3a6f7c51916a19265365814f52a58119','8ce5a3834ec48620ff60c846cff7e9cbac734cfc2ce4d094cb3a77ae08a1d88a',NULL,NULL,1);
INSERT INTO blocks VALUES(310024,'b03042b4e18a222b4c8d1e9e1970d93e6e2a2d41686d227ff8ecf0a839223dc5',310024000,'d69ea243fcd5e525ae03af680d5610b654a9d2bad17782e196305aaa110a6ba9','7e4a0076ce614d5b7bcb0a59c84e79d21702a3507ba88bc0d8ce9e644d7fe692','17c8ef54c1db7cc84b7b99893e646abbff6ce6a5220ca62a792f8f4546c99e4b',NULL,NULL,0);
INSERT INTO blocks VALUES(310025,'a872e560766832cc3b4f7f222228cb6db882ce3c54f6459f62c71d5cd6e90666',310025000,'721906ed4cbd1524fafdc8e3ffef27d8b03e0c798bbcbe3eee7bc7f14afe4e81','c1596eb8c172f2968ddd2ef70c1a8f125ab989c1a7bb012ab56f6c75cd96bb41','512db6606ecc96c3e60e55eba7fad8e044265bf59d48f6579992489fe3bdde22',NULL,NULL,0);
INSERT INTO blocks VALUES(310026,'6c96350f6f2f05810f19a689de235eff975338587194a36a70dfd0fcd490941a',310026000,'27912da2afa797876030dd0e50c31aea462d54c7bfa4f89d2f14fdb7b80db6b0','2d653751a75829265f2cfe2dd7bcc3a594be62492893d36642e3c8815d339fbd','530b4113469bd3ccd97ece906eaf40994d01ee540d8df8ea7879d414e2aea8ea',NULL,NULL,0);
INSERT INTO blocks VALUES(310027,'d7acfac66df393c4482a14c189742c0571b89442eb7f817b34415a560445699e',310027000,'cc0734ecfd2bdbd2d04d236b853f60e324feaa9115fae33a8add961c4a5f9436','3d5c1eb8dafccfee04f7d91b2819d9f51a9fe8df4050c025c19c29ceb18b3575','5b4f59a584fac7667e49cb8b062ef1c6e51d44ed8fb0cc0fb3f8a0a08e382974',NULL,NULL,0);
INSERT INTO blocks VALUES(310028,'02409fcf8fa06dafcb7f11e38593181d9c42cc9d5e2ddc304d098f990bd9530b',310028000,'d3f5fbbe85d5a81fef8735c73349f61a43122f4b6f3f7aa61215323a683ce3aa','e6600d6d90725ce81afdd7b00220f8df650f85dc3a308d2486fab88edaaa8981','1a75e74d6621e80443b2fecddd19bcccc828babe4d0ba42b3fef1bf2fc3d4c39',NULL,NULL,0);
INSERT INTO blocks VALUES(310029,'3c739fa8b40c118d5547ea356ee8d10ee2898871907643ec02e5db9d00f03cc6',310029000,'74d08f0d1cad9f7102d0cfe70f50614c7ae7f4844ca6d02390031e1e96c2b418','341aa44dcd4967cc3356ca23c97111b1cf3ee128c944493a0ebc6458c4f119be','d0c2c367514f881b7927dd6ef19e95f2cabdc269ec53ae45f56335d7a404e475',NULL,NULL,0);
INSERT INTO blocks VALUES(310030,'d5071cddedf89765ee0fd58f209c1c7d669ba8ea66200a57587da8b189b9e4f5',310030000,'753a1a8bb877851ae24dbc33884344f34ee18c6b0d70a4d909231448b943e8cd','b9385290e5bd72f2a1a5d2cc889108a6da0aa888fdcf76170b166888c6301407','18db164b18ab36bdcf462c834c84814d310a1eba36a2118d18b76b918894e45f',NULL,NULL,0);
INSERT INTO blocks VALUES(310031,'0b02b10f41380fff27c543ea8891ecb845bf7a003ac5c87e15932aff3bfcf689',310031000,'f7c62d08a4efc854dea6f47249786d3d00778d97223dd84de1d0fd1eef3e2ee7','6c27a0cb80d8602b9ccd126f53bb69727d358353b4c1299434c3472b0469d85f','f3aefabdb5fd7065ffd0215528764bcf691eb704cf88059c75f9c339c2c5d7df',NULL,NULL,0);
INSERT INTO blocks VALUES(310032,'66346be81e6ba04544f2ae643b76c2b7b1383f038fc2636e02e49dc7ec144074',310032000,'833690f195e85b427b61890640fe8f0cc7419e0f4301b6f4738bab12be06dbb8','cb3ca17e5c792309fead54d49039ee0e00e7b17291868a3a2e86e09bb3dae80e','f0f94de9822bb095684ad61cea84153fb139e23f2be85530acc7aa416fcf250b',NULL,NULL,0);
INSERT INTO blocks VALUES(310033,'999c65df9661f73e8c01f1da1afda09ac16788b72834f0ff5ea3d1464afb4707',310033000,'a1e118474a6f70b8f700a67b43ee0272c4609d3309603b5be6434ca587eaa704','2f097bb1b1dff2b4266dcb3b46d29255401e23a2fcfb75f28e9f7184733e14bc','e49b2f2a954c094c3347a405d290f8343a7452188e8bb9ce3a34f019e38894d8',NULL,NULL,0);
INSERT INTO blocks VALUES(310034,'f552edd2e0a648230f3668e72ddf0ddfb1e8ac0f4c190f91b89c1a8c2e357208',310034000,'3b6427f61fb59ffd674ed8e0af75687fc4ccf8b462011727d4dc4bdf4c794775','be05766d9a1c70d8907d523979a313ccec8cf2900335fd91800b4b90da3bee12','d6a2e5a070739ea00f4e79895b1e232d98d290c7256d79cd2196160a7eeda0a3',NULL,NULL,0);
INSERT INTO blocks VALUES(310035,'a13cbb016f3044207a46967a4ba1c87dab411f78c55c1179f2336653c2726ae2',310035000,'d065384f739c52a718f656717f88eb2fecc10d8567a93ccf823434c003d28c55','41cb2236ce676fd45ae98593c9cac6291fa95479ec07a5af615ccb5fbbeab760','3914f694c485b794f2ad30baf3ca20be4d9b5ede5ee18b47f081e227e2c235fb',NULL,NULL,0);
INSERT INTO blocks VALUES(310036,'158648a98f1e1bd1875584ce8449eb15a4e91a99a923bbb24c4210135cef0c76',310036000,'22cddc8dbfcbaf4b851fa5379c740a96294acc3d772dcf6d684881bef18d7fbf','0beb88a3d4adbf913601c2d5144599cecfd48886ca51f995aecfeb50c56aab1c','33ce77947ca5948377b9fc0863c9311398231acbbd813b28e1f0c7e81350bec4',NULL,NULL,0);
INSERT INTO blocks VALUES(310037,'563acfd6d991ce256d5655de2e9429975c8dceeb221e76d5ec6e9e24a2c27c07',310037000,'93172c51a9c4cb5c33937a199a32ad3c13a40a60f4c194a1187e2c59a15c0ccc','ea276540d3637a9165f482c48e414467e3a78c2c25c6a70bbed0c38f7205920e','b312da0d3c1776037ef3ed12310109dde0c69638ca3512d52deedef4128b349a',NULL,NULL,0);
INSERT INTO blocks VALUES(310038,'b44b4cad12431c32df27940e18d51f63897c7472b70950d18454edfd640490b2',310038000,'7a167a13f7e576c7e066035dbe2a2513659f1386c095a9e63afa494c043b7def','15ef5d6175a7ce1937554ed6c2b10be6555aa14f7179245b7b140d1a620095fc','8168807799d406b528283fb8e55bc3609d95867a77e9eb8bb825554e83c05d9d',NULL,NULL,0);
INSERT INTO blocks VALUES(310039,'5fa1ae9c5e8a599247458987b006ad3a57f686df1f7cc240bf119e911b56c347',310039000,'4733d9ada3d4f60bc09f0a6eba3fdcdcd8e8b18adfd38c7bf06372259e2d38f3','4ac5fe346b8577626d58c9442c95fccd4955506ac712ee3f27b5df6b7ec1d0df','264d1c85082b5f6e98f230b38c28f2458e218a3424352de6205db93a85750316',NULL,NULL,0);
INSERT INTO blocks VALUES(310040,'7200ded406675453eadddfbb2d14c2a4526c7dc2b5de14bd48b29243df5e1aa3',310040000,'b8021bbe3744e58cedfc3dd99220fce48f4e56a8fe8256d7894dd55c7312a76d','acbb3114dc5c7599eabdaec4833952c3b6de20dde616233f3945151977d5be16','a15a196cf1648e617ab4eee0342d18459447fcc3b39c4b24eda77dd3b4599b1e',NULL,NULL,0);
INSERT INTO blocks VALUES(310041,'5db592ff9ba5fac1e030cf22d6c13b70d330ba397f415340086ee7357143b359',310041000,'017b79a5fb34785dd39964a61a5bde69d676f75ee085c27bbc9e3381983c2dab','6cbdfb2d6b3677c91097b1e80a32dafb0172725fabff370adcf444321ee48509','c2f571121b3af85814776d8034c207944900d0609efd1f43c857c1062dc2f36d',NULL,NULL,0);
INSERT INTO blocks VALUES(310042,'826fd4701ef2824e9559b069517cd3cb990aff6a4690830f78fc845ab77fa3e4',310042000,'cf5389c037b6c619025bf95d9718fb5548cd67978c3ebf26f76029873828162e','a091876d90aaf1dd5b0d53403a3a9b5788710bf3d0c1996184a91961a1f24aa0','c830613368431810251bbe382e9236e8636417944ed19b21ba3fb6d5596a546b',NULL,NULL,0);
INSERT INTO blocks VALUES(310043,'2254a12ada208f1dd57bc17547ecaf3c44720323c47bc7d4b1262477cb7f3c51',310043000,'df116ea1fcf5f968644dcc97c1149f0ef6061b188fd56c27152543256ce79009','eafb7d2cbbb2d1afe4a3eb65ca6bc7be653d7d824238264082d2c5e382757e54','15f5ba0e008c04a0bf05962bf11799db3c55d8c3de9e1e82ff7b69aa789be32e',NULL,NULL,0);
INSERT INTO blocks VALUES(310044,'3346d24118d8af0b3c6bcc42f8b85792e7a2e7036ebf6e4c25f4f6723c78e46b',310044000,'c12cfaa984bfb34e781ac93848a87cdc0318c45a1cd9f02d31f5c3a4abe8d918','61cb811c578f90cd6cc9f6963ff80c280f6ad0edb53fe53dd3075a8818404fe8','4f3b79355b01b7f1595c83faf3e5095a8cd4899a1acfcdac64f3653fdf0ef0ee',NULL,NULL,0);
INSERT INTO blocks VALUES(310045,'7bba0ab243839e91ad1a45a762bf074011f8a9883074d68203c6d1b46fffde98',310045000,'999a9ed2673de2db7637e22eb8a1876e0c794e90f09cdd76d1442e56ae12b1c8','ce9e3f0524576a630ed0154cf69c7798065a001e6752c4f369c30b06aebbe378','7aba1d84dedceb33a3fffd953080acd3c4856d30aae6495023dec5f2443e3e68',NULL,NULL,0);
INSERT INTO blocks VALUES(310046,'47db6788c38f2d6d712764979e41346b55e78cbb4969e0ef5c4336faf18993a6',310046000,'240c9a2f6dc918ed868abfb5de6838d7a17f02263fdda0ccd3c7481c09e155d1','4f83f9bc531841759d1071a92ccda5d898af693fc88db0de16b2d2ca09630d59','bfd41f3bdaccb1e751557d4bfa55ebab95bb39b8596abdbeddc752ce3418acc4',NULL,NULL,0);
INSERT INTO blocks VALUES(310047,'a9ccabcc2a098a7d25e4ab8bda7c4e66807eefa42e29890dcd88149a10de7075',310047000,'79836105e355e25afd709d15632e2c0d1ab53ab251cd3750ffee9fea4a2605b8','b17c5d4fc0eef05c315095d265b324a0ea7dee28145d7b4e251a944b4b6a16fb','cceae1ae23904aef6c9f5d21c352e2598f3c2d58390b4f8b5c94139dd6673fe7',NULL,NULL,0);
INSERT INTO blocks VALUES(310048,'610bf3935a85b05a98556c55493c6de45bed4d7b3b6c8553a984718765796309',310048000,'6bf0789392e97311c4283d9f748b37effe7b0d1678076e30ce5725eff345a8c5','f9f7ec8bdc9301d4ea41a099d04f84631badad709fdbdf43582327f183102590','7b1573b9d06664afd6a8f1141fedb200ba69fe35ab3419691fa38ac185dc9749',NULL,NULL,0);
INSERT INTO blocks VALUES(310049,'4ad2761923ad49ad2b283b640f1832522a2a5d6964486b21591b71df6b33be3c',310049000,'1842c46a03800f5e191cb8d641aead6bc80e6d25c2ec826f3a5df426059cc1cb','458e51569acd6ef757e0b36ab3f558e76f239ea3bfbf1b0ce7824f39ec5ac23b','e5f0c4442e874295cbc6c6f22eadbf2689ac27e164aa1940e7e39735d76acfa7',NULL,NULL,0);
INSERT INTO blocks VALUES(310050,'8cfeb60a14a4cec6e9be13d699694d49007d82a31065a17890383e262071e348',310050000,'d424b02109320491b2d32388869d6468ab1fca26d4bf72374cfef729efad866d','53e0972193c4f689d3a7216f22607a9b0cb7b8a9f43f144469bfbf25f59edb09','80e961263eefa2b5f3a924c8b3e9754ab3d3a734e2bc3027947b75fd59627a57',NULL,NULL,0);
INSERT INTO blocks VALUES(310051,'b53c90385dd808306601350920c6af4beb717518493fd23b5c730eea078f33e6',310051000,'d1db4181403136b41168ab7786831f2fadfc418a05b7477246ab097bab531859','89bbd06ca16ed2098ac6b7accd2296b4e0a2d8236dbf1cc14137e90ebad364e3','87f8f478167e25ef7092ceace3d55ad8d742227042abc2f6a969beb19b4e025b',NULL,NULL,0);
INSERT INTO blocks VALUES(310052,'0acdacf4e4b6fca756479cb055191b367b1fa433aa558956f5f08fa5b7b394e2',310052000,'97fdb6b2c8e636d23109a67af55ab4bb30955a84073274de3fdc788074dc1b6b','8b8739b799483eb556e0e32f92cc092c349bb2bcb87044e88e762d55d6f1b033','063819dff12bff65686276ed4a7c1ab31a8354af79febee3546ceb67a4f9196f',NULL,NULL,0);
INSERT INTO blocks VALUES(310053,'68348f01b6dc49b2cb30fe92ac43e527aa90d859093d3bf7cd695c64d2ef744f',310053000,'0506be4f04a22058504406210af3f1475dbf6d6834c1c1b7f6ac0fe013b47363','05673a7bf2fc7e9a5daf3732cb03bcf43712df43ef7ecf1bfe89d18f54726b6b','8c026bc86a5b48e4329c8e9722212432d2794418c5d95a20d2d26666a9ee042c',NULL,NULL,0);
INSERT INTO blocks VALUES(310054,'a8b5f253df293037e49b998675620d5477445c51d5ec66596e023282bb9cd305',310054000,'3dc7894c1368c9ef5d32a95fdc292e7de8237b73b61365a25b9d0da95eedc2e6','4651aab35442e5ec1d79ba6422ca0c2b0df02369ee49b33efe1ef54e2ebc7080','3e7aa6c12bde5e5365c1825d7c5a04c0ac3eb5691d0459a0764010334c732f6d',NULL,NULL,0);
INSERT INTO blocks VALUES(310055,'4b069152e2dc82e96ed8a3c3547c162e8c3aceeb2a4ac07972f8321a535b9356',310055000,'a9ef2c8bf3a88c326d2bdd722c3d82ed4f4c10b65620b136d4b893ed93174795','d826fea28c0f5e82a6fbefae4d6885a0a49a3180d3c16d6eeb4faff9f57d4d89','3de104788931cbdbeadadcbc314a801d00a1a4c252432cbd53536a0006b6cca8',NULL,NULL,0);
INSERT INTO blocks VALUES(310056,'7603eaed418971b745256742f9d2ba70b2c2b2f69f61de6cc70e61ce0336f9d3',310056000,'13b76edecb04a9733107d5c21420ee20424fd463dcde2ea98424ad99ed3383f0','fe620dd60bf5b6f3c610495735deca47cdbfcbb510975ebba2f68c7df6d32a15','be3b5d07c51bec9fa23a8283fdfefc0be5ad6fb896a15817d69b39668c039e43',NULL,NULL,0);
INSERT INTO blocks VALUES(310057,'4a5fdc84f2d66ecb6ee3e3646aad20751ce8694e64e348d3c8aab09d33a3e411',310057000,'41c8a47d7bc4e73aa2f09685acb9fac052c5c55764ec3a8250abbbcde40dbe90','553ea196d7a1045f71dc6261cbfe4b84c78b7dc37de89b8865f4d385cbb42863','febff12d91951f09095111e691d9d4b621f2b4822e48e9d860a8118c2b0820b9',NULL,NULL,0);
INSERT INTO blocks VALUES(310058,'a6eef3089896f0cae0bfe9423392e45c48f4efe4310b14d8cfbdb1fea613635f',310058000,'0b8ec211d258206ab8c318c079d9deb33d444a7086d5a05aaba97abc0be137df','c3fd7824c9b8413f24feb96ca676285447a980d684f730d10b81c06a440fab7a','96ac454a54229f58b73297422b2204d4402b3287878d8f3c5489d067d6063a21',NULL,NULL,0);
INSERT INTO blocks VALUES(310059,'ab505de874c43f97c90be1c26a769e6c5cb140405c993b4a6cc7afc795f156a9',310059000,'f5c2686408577854893d11b02f52d8ea917e90777dddf67c98aabb36a3339b6f','3f73e1d36c82dfc8ee58f83502643d962ba6558cbf0fb46d83fea966b5cdfc59','20fe45c67052faea6428dc1583ad9fb6852bbbe676fd1f446f348a6b5e45446d',NULL,NULL,0);
INSERT INTO blocks VALUES(310060,'974ad5fbef621e0a38eab811608dc9afaf10c8ecc85fed913075ba1a145e889b',310060000,'b80d446905550494f56f4f8240b501d593b0d0e63b5d98a09e180b1a0a68e3b1','f1995db5beea80756d509ddf79d3467bb14ae96b0d151175499030505d1f648e','addf601784ee476c929746c8fbbae1f255802edf4473388bb74f48b63468b719',NULL,NULL,0);
INSERT INTO blocks VALUES(310061,'35d267d21ad386e7b7632292af1c422b0310dde7ca49a82f9577525a29c138cf',310061000,'41b30d23becc727151698b29a1bb733e45ae5086683c5256d073a6f817baaf49','de6a4e6bbd49de2001ce26387040970beeb7062b4e16911757204d2745f6c409','4f4f774c028dee3df9ac1b48735d86bc82da8875bd01bf034407f234910ef826',NULL,NULL,0);
INSERT INTO blocks VALUES(310062,'b31a0054145319ef9de8c1cb19df5bcf4dc8a1ece20053aa494e5d3a00a2852f',310062000,'f873f47e89715e965c98e92616339f8ff4200f6b8ef5cf747e8de2d101cbde02','f2954d07588b07ffc063170f43afbb12548fe61584575a979526d28dd631edaa','89f7a42380bf14fbb242292e7a2be69bbfec9f846a443c041bca4a7d10b4f5c0',NULL,NULL,0);
INSERT INTO blocks VALUES(310063,'0cbcbcd5b7f2dc288e3a34eab3d4212463a5a56e886804fb4f9f1cf929eadebe',310063000,'14ce21ebfe6a00eccd7bf1aac2d5cf122441d2ebe8c0f5fd6dd14a95b5a209b3','96b5675e5c3a3b66d7e2bd3424316119cf795c17bbbf2c8677b66872e4659574','74d46050f3d24ed3f88109f52501aeea023426656f67f17f4df9b03723e2bda4',NULL,NULL,0);
INSERT INTO blocks VALUES(310064,'e2db8065a195e85cde9ddb868a17d39893a60fb2b1255aa5f0c88729de7cbf30',310064000,'adb05bac5e7f1e6a1679d5c51f252dc877ebd99c2b73a56df69a9c848cef98a7','243e437b3c00d8106e8c9c2cb08d22376e8a16bd3b62a8b62b86128ddd6d139e','0d184067cf3346f92d468e7e52eb2f2732b0d3977127522f45403844d4066b2c',NULL,NULL,0);
INSERT INTO blocks VALUES(310065,'8a7bc7a77c831ac4fd11b8a9d22d1b6a0661b07cef05c2e600c7fb683b861d2a',310065000,'9065476b6b2cfb122888e036cea71d36f3d5f7d6c72451c63d770b40a4560fac','4af47a042289756821ffb0b14aba38fcc8c972fd254220d3991b05642df641e6','dde9902b4dbf4a6a7fee8b6b111d52f63c3302f38cbda8433532688cee6ed816',NULL,NULL,0);
INSERT INTO blocks VALUES(310066,'b6959be51eb084747d301f7ccaf9e75f2292c9404633b1532e3692659939430d',310066000,'7d5d369827ec0cd44743ed9a519d45003789ff8dc2e511191d2726e1482f58d2','4d61dab0197a7a3f452f3751a92cb1f5378106a13be0351f0f8942d011da097d','6703f72360587fb81a8471ee258f705094d94885b41121e3ce53bddf62102fa9',NULL,NULL,0);
INSERT INTO blocks VALUES(310067,'8b08eae98d7193c9c01863fac6effb9162bda010daeacf9e0347112f233b8577',310067000,'301b22a9338d5dd39bbebf6bf518ac53bbb8e1cf7469322484cbcee2fee666ef','ae0cf0361293deb7b8903f20aca2410197db694ea3aff0aec3b635690168f5a5','527db98792db42ce6da467b36e6c354662cc9a90f2c379cbb152bc68c991433f',NULL,NULL,0);
INSERT INTO blocks VALUES(310068,'9280e7297ef6313341bc81787a36acfc9af58f83a415afff5e3154f126cf52b5',310068000,'fc281736e1dfe5a89a9a3dd098565c645904a4ad1626dd70ac8e9bc447dfb8b8','460295c507a33a24231d1f4c760e5987b54f29d1e17bc97959db2a712f0339bf','b4996e15c2024bf30cabaf7ab900b7ad966ea3c18186fa006e57b5300b819081',NULL,NULL,0);
INSERT INTO blocks VALUES(310069,'486351f0655bf594ffaab1980cff17353b640b63e9c27239109addece189a6f7',310069000,'b0249a0dfd008a4554adc24085d3c5f44278403cbccb44ba27ee354b23c5627b','d07500b12517493106b918ff5b6c96c371bc10bb3699eb279647539ea7ab1fd5','d924e4bc8d30ca886293bb9e0cffedf8058448d758bc245ebcf6e317dace400a',NULL,NULL,0);
INSERT INTO blocks VALUES(310070,'8739e99f4dee8bebf1332f37f49a125348b40b93b74fe35579dd52bfba4fa7e5',310070000,'d34051879c8db679ac5c49e50edf2085d0ce88dfc1adb971e7b097c0177854c2','874e494499820bcc0ba41ac5cd1bd153ac1772f730c9b842b77b289adbb2c2f5','60f26be9d7f9836ea8de714f02990b07a9f3b9c88fcacde7b26a399a8d8d7dc8',NULL,NULL,0);
INSERT INTO blocks VALUES(310071,'7a099aa1bba0ead577f1e44f35263a1f115ed6a868c98d4dd71609072ae7f80b',310071000,'0186c5312af19576cc628a85014ce7c33892dc23b5352c8ff5a0f230adfe263b','01342c18caeaea6b35f2d815b9aeffbd92228f6ad285103faa13cb25171fdfc6','fa29a51aedfc12d58002a7dc41a0701083cf6b7d76fcc2349f7db17d4645f320',NULL,NULL,0);
INSERT INTO blocks VALUES(310072,'7b17ecedc07552551b8129e068ae67cb176ca766ea3f6df74b597a94e3a7fc8a',310072000,'5376530512d61c3967f21cf01418d317ed072976119b8583fefaf3991b93d8b2','72a7d63ad0b15a401210b197da00ca549b6e8c80d8eda1650cf9017bcbc92532','537e38eb0175a48b965f3df276127aafeb45d5418dc1e002c99d2f0eae7649a1',NULL,NULL,0);
INSERT INTO blocks VALUES(310073,'ee0fe3cc9b3a48a2746b6090b63b442b97ea6055d48edcf4b2288396764c6943',310073000,'d15fe704fe5de58e9203ff5ded50218a1a01609b65a1a259aec510b8b9e6d690','924753a39229b5005b684c4b2dd111b6233347b89179f2fd2732d256b960ace0','7eeed628b11c8aaff49115ebea935e8c927d1f44c2e9467ed375e53819f68dc0',NULL,NULL,0);
INSERT INTO blocks VALUES(310074,'ceab38dfde01f711a187601731ad575d67cfe0b7dbc61dcd4f15baaef72089fb',310074000,'61015667044d0dddac3bdb16db67faa6ebcb71758101bfad898fca8ed183e7c3','298ed692f21afcee61b06fd853cf07e5707dbd63a05f0caff6b6a177edc3b613','4c02d5c83ca2c92472f40d7f077e89dac1cfba4ebd94b683cbf29c190f94b1ef',NULL,NULL,0);
INSERT INTO blocks VALUES(310075,'ef547198c6e36d829f117cfd7077ccde45158e3c545152225fa24dba7a26847b',310075000,'5dd06f32075c46b6e573d73f12c1c31cf82cac5d1588bbdf302b8fe95c4b948b','528e4b6aee88202f84f9f2b56611d0aba2336d925b8d8fe47039504e6eea1ebc','97c6a33617285de18cdbbe538ec2dbd6b95f69142bc7dfcfcdfaaad3f939eccd',NULL,NULL,0);
INSERT INTO blocks VALUES(310076,'3b0499c2e8e8f0252c7288d4ecf66efc426ca37aad3524424d14c8bc6f8b0d92',310076000,'8e1782c2f35a07fcc4c57b34b2226b70cc4c7af2761386f38fc8fd74d53d5e60','76682f0ffbc6b86d16fbcec967a7562f6f12558c12aa3d9abd8779f51cc870ab','1b86188f3db0b5a63f835b432e5734cac1d54731ac8aad2839951d6325ed4c60',NULL,NULL,0);
INSERT INTO blocks VALUES(310077,'d2adeefa9024ab3ff2822bc36acf19b6c647cea118cf15b86c6bc00c3322e7dd',310077000,'6469ff80c3890d274817d30602f33d5d4b0a7c0a9e3b85100d21d7b38d894efb','187e9ae8428d46b7f8c8d652ab31dcf7c86a574cc781714a71784857dc0d1365','55a1f7cfefe8be2e089cf86d59655b497e9eaeb98d26c951c938a49e373b78ed',NULL,NULL,0);
INSERT INTO blocks VALUES(310078,'f6c17115ef0efe489c562bcda4615892b4d4b39db0c9791fe193d4922bd82cd6',310078000,'3ca73c2bf37c694281938a0599335633dccf0284a027f5f3b8e17a9e68cbcdf0','f7830250755fc0566ee5162a06e7308b51c9c0a7a951752be6cff224806a90fa','6e82801032f343ee020f38728084b4d6cc41c8d72dcf5bface6cfb06206367be',NULL,NULL,0);
INSERT INTO blocks VALUES(310079,'f2fbd2074d804e631db44cb0fb2e1db3fdc367e439c21ffc40d73104c4d7069c',310079000,'ae4a36e1ce7d5e11f059301684573cddce85b70ba69188a116e0611ceba5c140','8d3b4ed30546c5f19f5522a0f57a86c29159ce27bf9e1e183a5ecffd9fbae8a2','2911180f43efa9bc99913bc643224f7236bc6fa99c753d4a425059510b593ed0',NULL,NULL,0);
INSERT INTO blocks VALUES(310080,'42943b914d9c367000a78b78a544cc4b84b1df838aadde33fe730964a89a3a6c',310080000,'c2c0b96c64f1ed555c8553da976e0fcc3a5ef403819ceac49cf22b476281ced1','d9ecf83f3f9f40246bee151938855fce34e0f9c636a5c9c2c80c896eb59287b9','c820a19853a81228dd523e1ed4c72355978d4620839e95140a13f4429007b6c5',NULL,NULL,0);
INSERT INTO blocks VALUES(310081,'6554f9d307976249e7b7e260e08046b3b55d318f8b6af627fed5be3063f123c4',310081000,'88d1b09f8141b90b44740e4618422298f8a64f2b3d11230c6b04084ef8d11b2c','49e2f64485ac3ef523a079732bce9b2197384e2abfb3a4ad9340bca5a7179e31','808749bbec01286d07349e9c84e8bb07e58a4e7b4926856749416a15404e47f2',NULL,NULL,0);
INSERT INTO blocks VALUES(310082,'4f1ef91b1dcd575f8ac2e66a67715500cbca154bd6f3b8148bb7015a6aa6c644',310082000,'dab22ae7a9216033777136cbbac87a3597cf6478a2fd008260caab3cad0cde3f','5406c6e3c63633910da82fc039c525dbeeb1aa818dc450a9d34d43084eef680f','07b46197c621d49cbd73064f67860f6455586d5bc3187ee0861b74843e0cffc2',NULL,NULL,0);
INSERT INTO blocks VALUES(310083,'9b1f6fd6ff9b0dc4e37603cfb0625f49067c775b99e12492afd85392d3c8d850',310083000,'a185e60dc97d19a211b0dfaa3f3da154956499b4af146751bf1d776fc68c15b8','76e009b37822fc739a1e4abccf9f908a5fcdbed7fac540a719efbff8ebc694b7','125c74f38454477ae1f818d0f870306760c0eaa748caf9e95eb85c3fccac798b',NULL,NULL,0);
INSERT INTO blocks VALUES(310084,'1e0972523e80306441b9f4157f171716199f1428db2e818a7f7817ccdc8859e3',310084000,'622c574321be176c535fde918f319e10cfacaab383978be51406334303d14a8d','f3a3c37d89eb008f2194267a1eb5a7a52e9443f8b1f5fe51267d93a57eee27c7','c544562ca419396d9693ce2e5bafed471361543b197ed8843c83a3e5d370df51',NULL,NULL,0);
INSERT INTO blocks VALUES(310085,'c5b6e9581831e3bc5848cd7630c499bca26d9ece5156d36579bdb72d54817e34',310085000,'5556084b92f51175d4de4097fcd820a3c367c2f0630d3a20081296e892462d84','f284f757d004154b6ab9b9ee9d18281e6f8dd51f25f3f1fc7cc58450e0ba5f17','dc4b1dfa79430c6dae087d47ed485ee96dcfabe9fc39ae17914877e6527f641c',NULL,NULL,0);
INSERT INTO blocks VALUES(310086,'080c1dc55a4ecf4824cf9840602498cfc35b5f84099f50b71b45cb63834c7a78',310086000,'fc9dd8ef92fc7d47b187a75bd16e9698d61fa9ce6b4da7bba75982f59b0fbbc5','e5f9da1d98725423a240687ba2985b42f8acb274ba0122b4e31e25c57619845f','3cc361bd98bc0030a203525a2bdf1b821cddecab01058e91e162622f7fcd06f5',NULL,NULL,0);
INSERT INTO blocks VALUES(310087,'4ec8cb1c38b22904e8087a034a6406b896eff4dd28e7620601c6bddf82e2738c',310087000,'21f7329fa27373fba176043db9081b0d9f95f75421e5adce87177a3edffcedc0','7935ee6c215a123367ddfae34507170148723d08f1963aad7e47b68520fa4e70','37ea94d825841db1e9fcc4dbcfc2d843ad8895ed0cfdf7f29446552d0c51291f',NULL,NULL,0);
INSERT INTO blocks VALUES(310088,'e945c815c433cbddd0bf8e66c5c23b51072483492acda98f5c2c201020a8c5b3',310088000,'19164a10a0602df57d1add2e3a31ad4eef9d3ef9e53e70174b44aa91de2d6296','d35a417416c712908cdfbeda76e261a55c605ff8091605a79d4d4fc986ae76cd','bbee365414081722b5199d23608cafc86027cce8e7016f77656a0805725b7e1d',NULL,NULL,0);
INSERT INTO blocks VALUES(310089,'0382437f895ef3e7e38bf025fd4f606fd44d4bbd6aea71dbdc4ed11a7cd46f33',310089000,'87f1c713c5f2cd84fab28b996008900f86bf9eaad25ceedac1507348a949be7c','44c73622e27c362abf0460a5e0d7b836091523b763b6183cb9815cee30d66bef','983a6e67e398da78cc504d3809780ac470bcaa7d51e240d353e84212fd9ef08d',NULL,NULL,0);
INSERT INTO blocks VALUES(310090,'b756db71dc037b5a4582de354a3347371267d31ebda453e152f0a13bb2fae969',310090000,'75264a6a628d669a60b4a8ca7e24b6b5ef1ad2c74d955b8325959f906c3bc337','c1771520c57b0c705c3a5f0d576622c8dd40c399e4946b63ba153af976b23b0e','0c025f226abbb9f07d144cfa486c0f16d9e3124fded787edcafc5f9320ff284c',NULL,NULL,0);
INSERT INTO blocks VALUES(310091,'734a9aa485f36399d5efb74f3b9c47f8b5f6fd68c9967f134b14cfe7e2d7583c',310091000,'27914e38b3ca9d8444275e5c6d24b5cfe0b4093f7c645d5c1fc3c39e0d3a3c60','329ae5ae96b71b9a116cb82d9518110e63d32a9dfcb6fece911201ab6c3a78c5','a5e30359d9cde8cd304910becae6b13093a4f3a4c6c98a1a4a694c34c40c49e4',NULL,NULL,0);
INSERT INTO blocks VALUES(310092,'56386beb65f9228740d4ad43a1c575645f6daf59e0dd9f22551c59215b5e8c3d',310092000,'eca83e762899ace4d990b8acb23183263df5f92be10b63aecab3518b340b975d','6183465e58c5e5ef0f359a032e98d12cd247ff080ae44dc7a90ee35006e74e9e','25e097c2be5e9ed7c592bd87bca0df2a0251a10f7be9dc393cb5e59842a2d4a1',NULL,NULL,0);
INSERT INTO blocks VALUES(310093,'a74a2425f2f4be24bb5f715173e6756649e1cbf1b064aeb1ef60e0b94b418ddc',310093000,'3544fab97fe90a35b1f52ba955f88a8149d90329986df38d97e12992201bb187','407c0451107403f827f434f3f8f8e3c9adb33362ab584802d87903afe3851f4d','2524ed5c28c5e2d6f9ea9cd19d531004475c2aab12755dc91e1fa3eea67bc7f6',NULL,NULL,0);
INSERT INTO blocks VALUES(310094,'2a8f976f20c4e89ff01071915ac96ee35192d54df3a246bf61fd4a0cccfb5b23',310094000,'df1e6d8f1be344f78c0b58baf7260c2abdbed3175adc45a122947815c08fcc16','d4bc7124f8beb9fe04930a1b19a66aef57669e6bf790a5d38441beefcc001dbf','6e0d7c4767158d82dcb5e07cf4f1b217afc58113c244f0f09299fe0f5a23949f',NULL,NULL,0);
INSERT INTO blocks VALUES(310095,'bed0fa40c9981223fb40b3be8124ca619edc9dd34d0c907369477ea92e5d2cd2',310095000,'8b9febcfe1a9447f6a820c060f503dfe6e5c02738df4d9d63b007fe03847a6c7','7038d6f46cc32e35793799e50fbce7bde13c52c379e3bea10da0e6443a221c62','fbde5af351f8e142ff7efd5e819af8ed1f83fada797d4169152cf6d317d243cf',NULL,NULL,0);
INSERT INTO blocks VALUES(310096,'306aeec3db435fabffdf88c2f26ee83caa4c2426375a33daa2be041dbd27ea2f',310096000,'b927091b4cf42f8537058a9adbec3814b574c1e1ccd242fe44c5f3671a191304','7640d47e11233c9d27a8e868bec5595acd99b3c7326a480298f7ea38c4a66689','26524989f84489adc780d4f862e7ad6353272fe022c16a6e4e57d73ba6f34188',NULL,NULL,0);
INSERT INTO blocks VALUES(310097,'13e8e16e67c7cdcc80d477491e554b43744f90e8e1a9728439a11fab42cefadf',310097000,'649d094cfc74f90e06bb4514276aaf3b0a0ed45f56397a2f774cae9602d02e6f','ce9cdd6db6e1bbea3a9446b50b092e504bcc58900befb237580896e1c107eaab','57008b259fa1519b282acfb267e51474f1561f3dab7c131d5d245ed723783bec',NULL,NULL,0);
INSERT INTO blocks VALUES(310098,'ca5bca4b5ec4fa6183e05176abe921cff884c4e20910fab55b603cef48dc3bca',310098000,'c9a9dec300afba2cc3f171f76ff4c07cbeb7a41a86a3f498f712e066a8acbd17','7153d6b86e3d8ed76bed0edd2dbd4fe6200e1e6d82d51dd3f812d6b43109f503','c8c608c82c528700aece5f2c6ce7a9579f0e987c0141e436993c9e98455eb167',NULL,NULL,0);
INSERT INTO blocks VALUES(310099,'3c4c2279cd7de0add5ec469648a845875495a7d54ebfb5b012dcc5a197b7992a',310099000,'3c7434887f9373b5370664180ba640fa63c2eb5b85569875105e4f4db67d8c02','adfefb6d18cdf44329bf9330e32f265145f60290f2a75db73fea8dd8ed2eb7d6','7322c1f80ee19af1be8f85104db5b7437f4a2cb6e946e7f7d00d67a0424384b3',NULL,NULL,0);
INSERT INTO blocks VALUES(310100,'96925c05b3c7c80c716f5bef68d161c71d044252c766ca0e3f17f255764242cb',310100000,'7e6a09386c3d8552a0dcc25b75143876a3046ebac0ff9cb09d6224ea7e2f3df9','2776deb848ce539546aada2bc1756d9de92b23e0a8d513f5dbfb1b0bb3be3bc5','53ebe547b977524afa5c88bba7b436873a4e241e69fd4271d47c7806dc23532e',NULL,NULL,0);
INSERT INTO blocks VALUES(310101,'369472409995ca1a2ebecbad6bf9dab38c378ab1e67e1bdf13d4ce1346731cd6',310101000,'6903c0c5941f334f1374aa731e389b010043fc5940d4e9ae8b94480fb4fca030','6612c5f602f26ccc2cf4961f27e64c188ba405870cc0d7cf881c4e0fcb9a54ce','79e47f2c7711a32e7bfa6350855b0edc4c8ffe15c083df78c9c60884b171ca23',NULL,NULL,0);
-- Triggers and indices on  blocks
CREATE INDEX blocks_block_index_block_hash_idx ON blocks (block_index, block_hash)
        ;
CREATE INDEX blocks_ledger_hash_idx ON blocks (ledger_hash)
        ;

COMMIT TRANSACTION;
PRAGMA page_size=4096;
-- PRAGMA encoding='UTF-8';
-- PRAGMA auto_vacuum=FULL;
-- PRAGMA max_page_count=4294967294;

BEGIN TRANSACTION;

-- Table  transactions
DROP TABLE IF EXISTS transactions;
CREATE TABLE transactions(
                      tx_index INTEGER UNIQUE,
                      tx_hash TEXT UNIQUE,
                      block_index INTEGER,
                      block_hash TEXT,
                      block_time INTEGER,
                      source TEXT,
                      destination TEXT,
                      btc_amount INTEGER,
                      fee INTEGER,
                      data BLOB,
                      supported BOOL DEFAULT 1,
                      utxos_info TEXT,
                      transaction_type TEXT,
                      FOREIGN KEY (block_index, block_hash) REFERENCES blocks(block_index, block_hash),
                      PRIMARY KEY (tx_index, tx_hash, block_index));
INSERT INTO transactions VALUES(1,'15b35d5497f454c43576f21a1b61d99bde25dfc5aae1a4796dcf55e739d6a399',310000,'505d8d82c4ced7daddef7ed0b05ba12ecc664176887b938ef56c6af276f3b30c',310000000,'2_mn6q3dS2EnDUx3bmyWc6D4szJNVGtaR7zc_mnfAHmddVibnZNSkh8DvKaQoiEfNsxjXzH_mtQheFaSfWELRB2MyMBaiWjdDm6ux9Ezns_3','mvCounterpartyXXXXXXXXXXXXXXW24Hef',62000000,5625,X'',1,' 750ccad1bc0bfbf5a710bbafd8b462594ddfee190e3430bca7e8c8d270f2fd5f:0 2 ',NULL);
INSERT INTO transactions VALUES(2,'121285e4ce5c17fbd6e0b0277702af982cdc14054735154a9043beecb247b84f',310001,'3c9f6a9c6cac46a9273bd3db39ad775acd5bc546378ec2fb0587e06e112cc78e',310001000,'2_mn6q3dS2EnDUx3bmyWc6D4szJNVGtaR7zc_mnfAHmddVibnZNSkh8DvKaQoiEfNsxjXzH_mtQheFaSfWELRB2MyMBaiWjdDm6ux9Ezns_3','2_mn6q3dS2EnDUx3bmyWc6D4szJNVGtaR7zc_mnfAHmddVibnZNSkh8DvKaQoiEfNsxjXzH_mqPCfvqTfYctXMUfmniXeG2nyaN8w6tPmj_3',1000,7650,X'0000000000000000000000010000000002FAF080',1,' a91d2e8deef46214f4c9b8aebb35b6d8807f2a400c2fb6fbf3fb47442d7ea39c:0 3 ',NULL);
INSERT INTO transactions VALUES(3,'c953eb18873ce8aed42456df0ece8e4678e13282d9917916e7a4aec10e828375',310002,'fbb60f1144e1f7d4dc036a4a158a10ea6dea2ba6283a723342a49b8eb5cc9964',310002000,'2_mn6q3dS2EnDUx3bmyWc6D4szJNVGtaR7zc_mnfAHmddVibnZNSkh8DvKaQoiEfNsxjXzH_mtQheFaSfWELRB2MyMBaiWjdDm6ux9Ezns_3','',0,1000000,X'0000000A00000000000000000000000002FAF08000000000000000010000000005F5E100000A0000000000000000',1,' 4c3b65c423a0600af4c17f48fc9f8443e1e7918f419478a53d22f14b793ab4b3:0 2 ',NULL);
INSERT INTO transactions VALUES(4,'89a44a3314b298a83d5d14c8646900a5122b8a1e8f6e0528e73ea82044d1726a',310003,'d50825dcb32bcf6f69994d616eba18de7718d3d859497e80751b2cb67e333e8a',310003000,'2_mn6q3dS2EnDUx3bmyWc6D4szJNVGtaR7zc_mnfAHmddVibnZNSkh8DvKaQoiEfNsxjXzH_mtQheFaSfWELRB2MyMBaiWjdDm6ux9Ezns_3','',0,6800,X'0000000A00000000000000010000000006422C4000000000000000000000000002FAF080000A00000000000DBBA0',1,' e108001c44f040df19f8e751538a100b2dfbe606f72e8e359794e9c05bc3f52e:0 2 ',NULL);
INSERT INTO transactions VALUES(5,'f0c58099c1614dcf2b8fd12be01c63427a5877b8c0367ecadea31ae9eb9714e6',310004,'60cdc0ac0e3121ceaa2c3885f21f5789f49992ffef6e6ff99f7da80e36744615',310004000,'2_mn6q3dS2EnDUx3bmyWc6D4szJNVGtaR7zc_mnfAHmddVibnZNSkh8DvKaQoiEfNsxjXzH_mtQheFaSfWELRB2MyMBaiWjdDm6ux9Ezns_3','2_mn6q3dS2EnDUx3bmyWc6D4szJNVGtaR7zc_mnfAHmddVibnZNSkh8DvKaQoiEfNsxjXzH_mtQheFaSfWELRB2MyMBaiWjdDm6ux9Ezns_3',50000000,9675,X'0000000BC953EB18873CE8AED42456DF0ECE8E4678E13282D9917916E7A4AEC10E82837589A44A3314B298A83D5D14C8646900A5122B8A1E8F6E0528E73EA82044D1726A',1,' 2fd391aa096ca17e07a6dd0f8cf70121cb8c7c542d17254f34d5c302093a4e3e:0 4 ',NULL);
INSERT INTO transactions VALUES(6,'9238105e39efd4b7d428ad14011ad0c0f366bdcd150afa954e1f25c0cf4c2cc9',310005,'8005c2926b7ecc50376642bc661a49108b6dc62636463a5c492b123e2184cd9a',310005000,'2_mn6q3dS2EnDUx3bmyWc6D4szJNVGtaR7zc_mnfAHmddVibnZNSkh8DvKaQoiEfNsxjXzH_mtQheFaSfWELRB2MyMBaiWjdDm6ux9Ezns_3','',0,6800,X'000000140000000000004767000000003B9ACA000100000000000000000000',1,' c06c060767776b7f09c3eed96bea1466a3d9f49c4d00d16cfc4049bd45821fb3:0 2 ',NULL);
INSERT INTO transactions VALUES(7,'19d9d6059edf351635fa19ad867ccfa1db3959a5109fc63729430110a661b6e8',310006,'bdad69d1669eace68b9f246de113161099d4f83322e2acf402c42defef3af2bb',310006000,'2_mn6q3dS2EnDUx3bmyWc6D4szJNVGtaR7zc_mnfAHmddVibnZNSkh8DvKaQoiEfNsxjXzH_mtQheFaSfWELRB2MyMBaiWjdDm6ux9Ezns_3','',0,6800,X'00000014000000000000476800000000000186A00000000000000000000006666F6F626172',1,' 70e7cfe725accafbee3f35946c1a5d4ab2aa80adcfb17a0aed6af3e79278a848:0 2 ',NULL);
INSERT INTO transactions VALUES(8,'b25659252f68f162d96cf2cf3070b30e5913b472cbace76985e314b4634641a0',310007,'10a642b96d60091d08234d17dfdecf3025eca41e4fc8e3bbe71a91c5a457cb4b',310007000,'2_mn6q3dS2EnDUx3bmyWc6D4szJNVGtaR7zc_mnfAHmddVibnZNSkh8DvKaQoiEfNsxjXzH_mtQheFaSfWELRB2MyMBaiWjdDm6ux9Ezns_3','2_mn6q3dS2EnDUx3bmyWc6D4szJNVGtaR7zc_mnfAHmddVibnZNSkh8DvKaQoiEfNsxjXzH_mqPCfvqTfYctXMUfmniXeG2nyaN8w6tPmj_3',1000,7650,X'00000000000000000000476700000000003D0900',1,' d36f95f3a8fb5852f28ff84250bd92661ec31fce6d5b1505455279e2c9826ec8:0 3 ',NULL);
INSERT INTO transactions VALUES(9,'592e248181970aa6f97f2cfe133323d3ffb2095dd7f411cfd20b1ab611238a11',310008,'47d0e3acbdc6916aeae95e987f9cfa16209b3df1e67bb38143b3422b32322c33',310008000,'2_mn6q3dS2EnDUx3bmyWc6D4szJNVGtaR7zc_mnfAHmddVibnZNSkh8DvKaQoiEfNsxjXzH_mtQheFaSfWELRB2MyMBaiWjdDm6ux9Ezns_3','2_mn6q3dS2EnDUx3bmyWc6D4szJNVGtaR7zc_mnfAHmddVibnZNSkh8DvKaQoiEfNsxjXzH_mqPCfvqTfYctXMUfmniXeG2nyaN8w6tPmj_3',1000,7650,X'000000000000000000004768000000000000020E',1,' f436cbcb20522b45ba9c40785725c876d3a520a4f3f683d08d6c24a4e6c1563e:0 3 ',NULL);
INSERT INTO transactions VALUES(10,'f2f6db13d6bda4def4f1bd759b603c64c962f82017329057a9237ceaf171520a',310009,'4d474992b141620bf3753863db7ee5e8af26cadfbba27725911f44fa657bc1c0',310009000,'2_mn6q3dS2EnDUx3bmyWc6D4szJNVGtaR7zc_mnfAHmddVibnZNSkh8DvKaQoiEfNsxjXzH_mtQheFaSfWELRB2MyMBaiWjdDm6ux9Ezns_3','',0,6800,X'00000032000000000000025800000000000047670000000000000001',1,' 0d302299946d398d35a9735af378054a896a17db28edcc87586ec5ff530520e2:0 2 ',NULL);
INSERT INTO transactions VALUES(11,'a4353c6bd3159d3288f76c9f40fdbde89d681b09ec64d1f2b422b2e9e30c10d8',310010,'a58162dff81a32e6a29b075be759dbb9fa9b8b65303e69c78fb4d7b0acc37042',310010000,'2_mn6q3dS2EnDUx3bmyWc6D4szJNVGtaR7zc_mnfAHmddVibnZNSkh8DvKaQoiEfNsxjXzH_mtQheFaSfWELRB2MyMBaiWjdDm6ux9Ezns_3','',0,6800,X'00000032000000000000032000000000000047680000000000000001',1,' 3704b23673489a138f7021044edddab7f1d94a14e12aedfd5a736d331a7d4495:0 2 ',NULL);
INSERT INTO transactions VALUES(12,'9ec74a4822710f9534a3815f0e836a09219f6c766880a57767c7514071d99084',310011,'8042cc2ef293fd73d050f283fbd075c79dd4c49fdcca054dc0714fc3a50dc1bb',310011000,'2_mn6q3dS2EnDUx3bmyWc6D4szJNVGtaR7zc_mnfAHmddVibnZNSkh8DvKaQoiEfNsxjXzH_mtQheFaSfWELRB2MyMBaiWjdDm6ux9Ezns_3','',0,6800,X'0000001E52BB3300405900000000000005F5E0FF09556E69742054657374',1,' 23f74e8488b875442229dff279f819780d8051c845960fb4eb71585e8ea0ba47:0 2 ',NULL);
INSERT INTO transactions VALUES(13,'ef92dc4986fdfb4ccb6e101ee949d5307c554e8dd1619307548ec032a973f19c',310012,'cdba329019d93a67b31b79d05f76ce1b7791d430ea0d6c1c2168fe78d2f67677',310012000,'2_mn6q3dS2EnDUx3bmyWc6D4szJNVGtaR7zc_mnfAHmddVibnZNSkh8DvKaQoiEfNsxjXzH_mtQheFaSfWELRB2MyMBaiWjdDm6ux9Ezns_3','2_mn6q3dS2EnDUx3bmyWc6D4szJNVGtaR7zc_mnfAHmddVibnZNSkh8DvKaQoiEfNsxjXzH_mtQheFaSfWELRB2MyMBaiWjdDm6ux9Ezns_3',1000,7650,X'00000028000052BB33640000000002FAF08000000000017D7840000000000000000000003B100000000A',1,' edbd203a595616cf0285a982c3f85d998f302ade18b011fd847adba54b508001:0 3 ',NULL);
INSERT INTO transactions VALUES(14,'ce9d3a5ea18ed454ddee80b75bd12abdd47de8e176d9c9dfc768c1233e729943',310013,'0425e5e832e4286757dc0228cd505b8d572081007218abd3a0983a3bcd502a61',310013000,'2_mn6q3dS2EnDUx3bmyWc6D4szJNVGtaR7zc_mnfAHmddVibnZNSkh8DvKaQoiEfNsxjXzH_mtQheFaSfWELRB2MyMBaiWjdDm6ux9Ezns_3','2_mn6q3dS2EnDUx3bmyWc6D4szJNVGtaR7zc_mnfAHmddVibnZNSkh8DvKaQoiEfNsxjXzH_mtQheFaSfWELRB2MyMBaiWjdDm6ux9Ezns_3',1000,7650,X'00000028000152BB336400000000017D78400000000002793D60000000000000000000003B100000000A',1,' 70125234408f91cf05af61871ec76164b8676907ba299908cb2ddbaaa3cd2fb1:0 3 ',NULL);
INSERT INTO transactions VALUES(15,'6722884208180367a60c5c96ae86865dad3c63525a9498d716e98b5015ec2e3d',310014,'85b28d413ebda2968ed82ae53643677338650151b997ed1e4656158005b9f65f',310014000,'2_mn6q3dS2EnDUx3bmyWc6D4szJNVGtaR7zc_mnfAHmddVibnZNSkh8DvKaQoiEfNsxjXzH_mtQheFaSfWELRB2MyMBaiWjdDm6ux9Ezns_3','2_mn6q3dS2EnDUx3bmyWc6D4szJNVGtaR7zc_mnfAHmddVibnZNSkh8DvKaQoiEfNsxjXzH_mtQheFaSfWELRB2MyMBaiWjdDm6ux9Ezns_3',1000,7650,X'00000028000052BB33640000000008F0D1800000000014DC93800000000000000000000013B00000000A',1,' e1eb255cd51ddda8caa319a7690a45fb5385f1ee33bfc8d5011e442434cd4e11:0 3 ',NULL);
INSERT INTO transactions VALUES(16,'10c669ad89d61e1a983e179f66f355b1dd21e53d520fd4dc3bb5a6f9e5e24fcd',310015,'4cf77d688f18f0c68c077db882f62e49f31859dfa6144372457cd73b29223922',310015000,'2_mn6q3dS2EnDUx3bmyWc6D4szJNVGtaR7zc_mnfAHmddVibnZNSkh8DvKaQoiEfNsxjXzH_mtQheFaSfWELRB2MyMBaiWjdDm6ux9Ezns_3','2_mn6q3dS2EnDUx3bmyWc6D4szJNVGtaR7zc_mnfAHmddVibnZNSkh8DvKaQoiEfNsxjXzH_mtQheFaSfWELRB2MyMBaiWjdDm6ux9Ezns_3',1000,7650,X'00000028000152BB33640000000014DC93800000000008F0D1800000000000000000000013B00000000A',1,' 534148dc2423208b93e138f110e12734d45b678bb534ad1aed2bd50f9d5e21a7:0 3 ',NULL);
INSERT INTO transactions VALUES(17,'caaceb9160747bd86fa4b3b4d090c9e1617285fae312eac2152bf3fabedcd2bc',310016,'99dc7d2627efb4e5e618a53b9898b4ca39c70e98fe9bf39f68a6c980f5b64ef9',310016000,'2_mn6q3dS2EnDUx3bmyWc6D4szJNVGtaR7zc_mnfAHmddVibnZNSkh8DvKaQoiEfNsxjXzH_mtQheFaSfWELRB2MyMBaiWjdDm6ux9Ezns_3','2_mn6q3dS2EnDUx3bmyWc6D4szJNVGtaR7zc_mnfAHmddVibnZNSkh8DvKaQoiEfNsxjXzH_mtQheFaSfWELRB2MyMBaiWjdDm6ux9Ezns_3',1000,7650,X'00000028000252BB33C8000000002CB417800000000026BE36803FF0000000000000000013B00000000A',1,' 0c3c3475ad1a79c2fe673603bb38447ee12b478094e9e51e99fa6c06f7e72ae8:0 3 ',NULL);
INSERT INTO transactions VALUES(18,'67497105b77192af401ec8024ad34de211592877dee8532dbe216d8a8f17dd0c',310017,'8a4fedfbf734b91a5c5761a7bcb3908ea57169777a7018148c51ff611970e4a3',310017000,'2_mn6q3dS2EnDUx3bmyWc6D4szJNVGtaR7zc_mnfAHmddVibnZNSkh8DvKaQoiEfNsxjXzH_mtQheFaSfWELRB2MyMBaiWjdDm6ux9Ezns_3','2_mn6q3dS2EnDUx3bmyWc6D4szJNVGtaR7zc_mnfAHmddVibnZNSkh8DvKaQoiEfNsxjXzH_mtQheFaSfWELRB2MyMBaiWjdDm6ux9Ezns_3',1000,7650,X'00000028000352BB33C80000000026BE3680000000002CB417803FF0000000000000000013B00000000A',1,' bf7acc19b878a8ceadfb1ea2bff6fa3a692e1e8599869a85e45ff316ecf0f92b:0 3 ',NULL);
INSERT INTO transactions VALUES(19,'e87bf8dfeda7df143873ff042cc7a05dd590a6bef6a55c5832e22db1bd5e3bcd',310018,'35c06f9e3de39e4e56ceb1d1a22008f52361c50dd0d251c0acbe2e3c2dba8ed3',310018000,'2_mn6q3dS2EnDUx3bmyWc6D4szJNVGtaR7zc_mnfAHmddVibnZNSkh8DvKaQoiEfNsxjXzH_mtQheFaSfWELRB2MyMBaiWjdDm6ux9Ezns_3','',0,6800,X'0000001E52BB33324058F7256FFC115E004C4B4009556E69742054657374',1,' 17063806c5eeb2cc730ab380dc0ebd3ebeedd5fbe5c502eaaf46b065d901dd2b:0 2 ',NULL);
INSERT INTO transactions VALUES(20,'1fcd2de64aabc6c05796e28cbea31df45a25928c2cd8dd30d774c9e70c4e97df',310019,'114affa0c4f34b1ebf8e2778c9477641f60b5b9e8a69052158041d4c41893294',310019000,'2_mn6q3dS2EnDUx3bmyWc6D4szJNVGtaR7zc_mnfAHmddVibnZNSkh8DvKaQoiEfNsxjXzH_mtQheFaSfWELRB2MyMBaiWjdDm6ux9Ezns_3','',0,6800,X'0000001E52BB3365405915F3B645A1CB004C4B4009556E69742054657374',1,' ff1c30c31e2e0b511c508c7111d22d77fdbb4f20379d49042bef4e231b9c098b:0 2 ',NULL);
INSERT INTO transactions VALUES(21,'dc4b57ad8a0b23dbc7ffc03f51e8076cd2418edf256b2660783bb0d1be0b8b73',310020,'d93c79920e4a42164af74ecb5c6b903ff6055cdc007376c74dfa692c8d85ebc9',310020000,'2_mn6q3dS2EnDUx3bmyWc6D4szJNVGtaR7zc_mnfAHmddVibnZNSkh8DvKaQoiEfNsxjXzH_mtQheFaSfWELRB2MyMBaiWjdDm6ux9Ezns_3','',0,6800,X'0000001E52BB33C94000000000000000004C4B4009556E69742054657374',1,' 2e07fb3dfdafff224b0cb92d718788af96b51014f621e726986b11b9113ae3f8:0 2 ',NULL);
INSERT INTO transactions VALUES(22,'4408350196e71533e054ef84d1bdc4ba4b0f693d2d98d240d3c697b553078ab7',310021,'7c2460bb32c5749c856486393239bf7a0ac789587ac71f32e7237910da8097f2',310021000,'2_mn6q3dS2EnDUx3bmyWc6D4szJNVGtaR7zc_mnfAHmddVibnZNSkh8DvKaQoiEfNsxjXzH_mtQheFaSfWELRB2MyMBaiWjdDm6ux9Ezns_3','',0,6800,X'0000000A00000000000047670000000002FAF08000000000000000010000000002FAF080000A0000000000000000',1,' 168840008f0acd950b58778bb6ee9d625b19dde6fc5a85f02a787aa78d541341:0 2 ',NULL);
INSERT INTO transactions VALUES(23,'181709b341ec136f90975fdaa362c767ebd789e72f16d4e17348ab2985c1bd01',310022,'44435f9a99a0aa12a9bfabdc4cb8119f6ea6a6e1350d2d65445fb66a456db5fc',310022000,'2_mn6q3dS2EnDUx3bmyWc6D4szJNVGtaR7zc_mnfAHmddVibnZNSkh8DvKaQoiEfNsxjXzH_mtQheFaSfWELRB2MyMBaiWjdDm6ux9Ezns_3','mvCounterpartyXXXXXXXXXXXXXXW24Hef',100000000,5625,X'',1,' a64251be6598696807b458ee6811a35eefdcd8170ab68e36c37d1c5b0bb84350:0 2 ',NULL);
INSERT INTO transactions VALUES(24,'f4a0c2582fb141e9451a7c00fa61afc147b9959c2dd20a1978950936fdb53831',310023,'d8cf5bec1bbcab8ca4f495352afde3b6572b7e1d61b3976872ebb8e9d30ccb08',310023000,'2_mn6q3dS2EnDUx3bmyWc6D4szJNVGtaR7zc_mnfAHmddVibnZNSkh8DvKaQoiEfNsxjXzH_mtQheFaSfWELRB2MyMBaiWjdDm6ux9Ezns_3','2_mn6q3dS2EnDUx3bmyWc6D4szJNVGtaR7zc_mnfAHmddVibnZNSkh8DvKaQoiEfNsxjXzH_mqPCfvqTfYctXMUfmniXeG2nyaN8w6tPmj_3',1000,7650,X'0000000000000000000047680000000000002710',1,' 806ec51cd29841b7bb12b0cb41cf9678b3e3e26f9a95d5aeba5e0868330b8e60:0 3 ',NULL);
-- Triggers and indices on  transactions
CREATE INDEX transactions_block_index_tx_index_idx ON transactions (block_index, tx_index)
        ;
CREATE INDEX transactions_source_idx ON transactions (source)
        ;
CREATE INDEX transactions_transaction_type_idx ON transactions (transaction_type)
        ;
CREATE INDEX transactions_tx_hash_idx ON transactions (tx_hash)
        ;
CREATE INDEX transactions_tx_index_tx_hash_block_index_idx ON transactions (tx_index, tx_hash, block_index)
        ;

COMMIT TRANSACTION;
PRAGMA page_size=4096;
-- PRAGMA encoding='UTF-8';
-- PRAGMA auto_vacuum=FULL;
-- PRAGMA max_page_count=4294967294;

BEGIN TRANSACTION;

-- Table  transaction_outputs
DROP TABLE IF EXISTS transaction_outputs;
CREATE TABLE transaction_outputs(
                        tx_index,
                        tx_hash TEXT,
                        block_index INTEGER,
                        out_index INTEGER,
                        destination TEXT,
                        btc_amount INTEGER,
                        PRIMARY KEY (tx_hash, out_index),
                        FOREIGN KEY (tx_index, tx_hash, block_index) REFERENCES transactions(tx_index, tx_hash, block_index));

COMMIT TRANSACTION;
PRAGMA page_size=4096;
-- PRAGMA encoding='UTF-8';
-- PRAGMA auto_vacuum=FULL;
-- PRAGMA max_page_count=4294967294;

BEGIN TRANSACTION;

-- Table  balances
DROP TABLE IF EXISTS balances;
CREATE TABLE balances(
                      address TEXT,
                      asset TEXT,
                      quantity INTEGER, block_index INTEGER, tx_index INTEGER, utxo TEXT, utxo_address TEXT);
INSERT INTO balances VALUES('2_mn6q3dS2EnDUx3bmyWc6D4szJNVGtaR7zc_mnfAHmddVibnZNSkh8DvKaQoiEfNsxjXzH_mtQheFaSfWELRB2MyMBaiWjdDm6ux9Ezns_3','XCP',93000000000,310000,1,NULL,NULL);
INSERT INTO balances VALUES('2_mn6q3dS2EnDUx3bmyWc6D4szJNVGtaR7zc_mnfAHmddVibnZNSkh8DvKaQoiEfNsxjXzH_mtQheFaSfWELRB2MyMBaiWjdDm6ux9Ezns_3','XCP',92950000000,310001,2,NULL,NULL);
INSERT INTO balances VALUES('2_mn6q3dS2EnDUx3bmyWc6D4szJNVGtaR7zc_mnfAHmddVibnZNSkh8DvKaQoiEfNsxjXzH_mqPCfvqTfYctXMUfmniXeG2nyaN8w6tPmj_3','XCP',50000000,310001,2,NULL,NULL);
INSERT INTO balances VALUES('2_mn6q3dS2EnDUx3bmyWc6D4szJNVGtaR7zc_mnfAHmddVibnZNSkh8DvKaQoiEfNsxjXzH_mtQheFaSfWELRB2MyMBaiWjdDm6ux9Ezns_3','XCP',92845000000,310003,4,NULL,NULL);
INSERT INTO balances VALUES('2_mn6q3dS2EnDUx3bmyWc6D4szJNVGtaR7zc_mnfAHmddVibnZNSkh8DvKaQoiEfNsxjXzH_mtQheFaSfWELRB2MyMBaiWjdDm6ux9Ezns_3','XCP',92945000000,310004,5,NULL,NULL);
INSERT INTO balances VALUES('2_mn6q3dS2EnDUx3bmyWc6D4szJNVGtaR7zc_mnfAHmddVibnZNSkh8DvKaQoiEfNsxjXzH_mtQheFaSfWELRB2MyMBaiWjdDm6ux9Ezns_3','XCP',92895000000,310005,6,NULL,NULL);
INSERT INTO balances VALUES('2_mn6q3dS2EnDUx3bmyWc6D4szJNVGtaR7zc_mnfAHmddVibnZNSkh8DvKaQoiEfNsxjXzH_mtQheFaSfWELRB2MyMBaiWjdDm6ux9Ezns_3','BBBB',1000000000,310005,6,NULL,NULL);
INSERT INTO balances VALUES('2_mn6q3dS2EnDUx3bmyWc6D4szJNVGtaR7zc_mnfAHmddVibnZNSkh8DvKaQoiEfNsxjXzH_mtQheFaSfWELRB2MyMBaiWjdDm6ux9Ezns_3','XCP',92845000000,310006,7,NULL,NULL);
INSERT INTO balances VALUES('2_mn6q3dS2EnDUx3bmyWc6D4szJNVGtaR7zc_mnfAHmddVibnZNSkh8DvKaQoiEfNsxjXzH_mtQheFaSfWELRB2MyMBaiWjdDm6ux9Ezns_3','BBBC',100000,310006,7,NULL,NULL);
INSERT INTO balances VALUES('2_mn6q3dS2EnDUx3bmyWc6D4szJNVGtaR7zc_mnfAHmddVibnZNSkh8DvKaQoiEfNsxjXzH_mtQheFaSfWELRB2MyMBaiWjdDm6ux9Ezns_3','BBBB',996000000,310007,8,NULL,NULL);
INSERT INTO balances VALUES('2_mn6q3dS2EnDUx3bmyWc6D4szJNVGtaR7zc_mnfAHmddVibnZNSkh8DvKaQoiEfNsxjXzH_mqPCfvqTfYctXMUfmniXeG2nyaN8w6tPmj_3','BBBB',4000000,310007,8,NULL,NULL);
INSERT INTO balances VALUES('2_mn6q3dS2EnDUx3bmyWc6D4szJNVGtaR7zc_mnfAHmddVibnZNSkh8DvKaQoiEfNsxjXzH_mtQheFaSfWELRB2MyMBaiWjdDm6ux9Ezns_3','BBBC',99474,310008,9,NULL,NULL);
INSERT INTO balances VALUES('2_mn6q3dS2EnDUx3bmyWc6D4szJNVGtaR7zc_mnfAHmddVibnZNSkh8DvKaQoiEfNsxjXzH_mqPCfvqTfYctXMUfmniXeG2nyaN8w6tPmj_3','BBBC',526,310008,9,NULL,NULL);
INSERT INTO balances VALUES('2_mn6q3dS2EnDUx3bmyWc6D4szJNVGtaR7zc_mnfAHmddVibnZNSkh8DvKaQoiEfNsxjXzH_mtQheFaSfWELRB2MyMBaiWjdDm6ux9Ezns_3','XCP',92844999976,310009,10,NULL,NULL);
INSERT INTO balances VALUES('2_mn6q3dS2EnDUx3bmyWc6D4szJNVGtaR7zc_mnfAHmddVibnZNSkh8DvKaQoiEfNsxjXzH_mtQheFaSfWELRB2MyMBaiWjdDm6ux9Ezns_3','XCP',92844979976,310009,10,NULL,NULL);
INSERT INTO balances VALUES('2_mn6q3dS2EnDUx3bmyWc6D4szJNVGtaR7zc_mnfAHmddVibnZNSkh8DvKaQoiEfNsxjXzH_mqPCfvqTfYctXMUfmniXeG2nyaN8w6tPmj_3','XCP',50000024,310009,10,NULL,NULL);
INSERT INTO balances VALUES('2_mn6q3dS2EnDUx3bmyWc6D4szJNVGtaR7zc_mnfAHmddVibnZNSkh8DvKaQoiEfNsxjXzH_mtQheFaSfWELRB2MyMBaiWjdDm6ux9Ezns_3','XCP',92844559176,310010,11,NULL,NULL);
INSERT INTO balances VALUES('2_mn6q3dS2EnDUx3bmyWc6D4szJNVGtaR7zc_mnfAHmddVibnZNSkh8DvKaQoiEfNsxjXzH_mtQheFaSfWELRB2MyMBaiWjdDm6ux9Ezns_3','XCP',92844539176,310010,11,NULL,NULL);
INSERT INTO balances VALUES('2_mn6q3dS2EnDUx3bmyWc6D4szJNVGtaR7zc_mnfAHmddVibnZNSkh8DvKaQoiEfNsxjXzH_mqPCfvqTfYctXMUfmniXeG2nyaN8w6tPmj_3','XCP',50420824,310010,11,NULL,NULL);
INSERT INTO balances VALUES('2_mn6q3dS2EnDUx3bmyWc6D4szJNVGtaR7zc_mnfAHmddVibnZNSkh8DvKaQoiEfNsxjXzH_mtQheFaSfWELRB2MyMBaiWjdDm6ux9Ezns_3','XCP',92794539176,310012,13,NULL,NULL);
INSERT INTO balances VALUES('2_mn6q3dS2EnDUx3bmyWc6D4szJNVGtaR7zc_mnfAHmddVibnZNSkh8DvKaQoiEfNsxjXzH_mtQheFaSfWELRB2MyMBaiWjdDm6ux9Ezns_3','XCP',92769539176,310013,14,NULL,NULL);
INSERT INTO balances VALUES('2_mn6q3dS2EnDUx3bmyWc6D4szJNVGtaR7zc_mnfAHmddVibnZNSkh8DvKaQoiEfNsxjXzH_mtQheFaSfWELRB2MyMBaiWjdDm6ux9Ezns_3','XCP',92773789176,310013,14,NULL,NULL);
INSERT INTO balances VALUES('2_mn6q3dS2EnDUx3bmyWc6D4szJNVGtaR7zc_mnfAHmddVibnZNSkh8DvKaQoiEfNsxjXzH_mtQheFaSfWELRB2MyMBaiWjdDm6ux9Ezns_3','XCP',92778789176,310014,0,NULL,NULL);
INSERT INTO balances VALUES('2_mn6q3dS2EnDUx3bmyWc6D4szJNVGtaR7zc_mnfAHmddVibnZNSkh8DvKaQoiEfNsxjXzH_mtQheFaSfWELRB2MyMBaiWjdDm6ux9Ezns_3','XCP',92628789176,310014,15,NULL,NULL);
INSERT INTO balances VALUES('2_mn6q3dS2EnDUx3bmyWc6D4szJNVGtaR7zc_mnfAHmddVibnZNSkh8DvKaQoiEfNsxjXzH_mtQheFaSfWELRB2MyMBaiWjdDm6ux9Ezns_3','XCP',92278789176,310015,16,NULL,NULL);
INSERT INTO balances VALUES('2_mn6q3dS2EnDUx3bmyWc6D4szJNVGtaR7zc_mnfAHmddVibnZNSkh8DvKaQoiEfNsxjXzH_mtQheFaSfWELRB2MyMBaiWjdDm6ux9Ezns_3','XCP',92278789176,310015,16,NULL,NULL);
INSERT INTO balances VALUES('2_mn6q3dS2EnDUx3bmyWc6D4szJNVGtaR7zc_mnfAHmddVibnZNSkh8DvKaQoiEfNsxjXzH_mtQheFaSfWELRB2MyMBaiWjdDm6ux9Ezns_3','XCP',92278789176,310015,16,NULL,NULL);
INSERT INTO balances VALUES('2_mn6q3dS2EnDUx3bmyWc6D4szJNVGtaR7zc_mnfAHmddVibnZNSkh8DvKaQoiEfNsxjXzH_mtQheFaSfWELRB2MyMBaiWjdDm6ux9Ezns_3','XCP',91528789176,310016,17,NULL,NULL);
INSERT INTO balances VALUES('2_mn6q3dS2EnDUx3bmyWc6D4szJNVGtaR7zc_mnfAHmddVibnZNSkh8DvKaQoiEfNsxjXzH_mtQheFaSfWELRB2MyMBaiWjdDm6ux9Ezns_3','XCP',90878789176,310017,18,NULL,NULL);
INSERT INTO balances VALUES('2_mn6q3dS2EnDUx3bmyWc6D4szJNVGtaR7zc_mnfAHmddVibnZNSkh8DvKaQoiEfNsxjXzH_mtQheFaSfWELRB2MyMBaiWjdDm6ux9Ezns_3','XCP',90878789176,310017,18,NULL,NULL);
INSERT INTO balances VALUES('2_mn6q3dS2EnDUx3bmyWc6D4szJNVGtaR7zc_mnfAHmddVibnZNSkh8DvKaQoiEfNsxjXzH_mtQheFaSfWELRB2MyMBaiWjdDm6ux9Ezns_3','XCP',90878789176,310017,18,NULL,NULL);
INSERT INTO balances VALUES('2_mn6q3dS2EnDUx3bmyWc6D4szJNVGtaR7zc_mnfAHmddVibnZNSkh8DvKaQoiEfNsxjXzH_mtQheFaSfWELRB2MyMBaiWjdDm6ux9Ezns_3','XCP',90937926676,310018,19,NULL,NULL);
INSERT INTO balances VALUES('2_mn6q3dS2EnDUx3bmyWc6D4szJNVGtaR7zc_mnfAHmddVibnZNSkh8DvKaQoiEfNsxjXzH_mtQheFaSfWELRB2MyMBaiWjdDm6ux9Ezns_3','XCP',90941039176,310018,19,NULL,NULL);
INSERT INTO balances VALUES('2_mn6q3dS2EnDUx3bmyWc6D4szJNVGtaR7zc_mnfAHmddVibnZNSkh8DvKaQoiEfNsxjXzH_mtQheFaSfWELRB2MyMBaiWjdDm6ux9Ezns_3','XCP',91100339176,310019,20,NULL,NULL);
INSERT INTO balances VALUES('2_mn6q3dS2EnDUx3bmyWc6D4szJNVGtaR7zc_mnfAHmddVibnZNSkh8DvKaQoiEfNsxjXzH_mtQheFaSfWELRB2MyMBaiWjdDm6ux9Ezns_3','XCP',91416039176,310019,20,NULL,NULL);
INSERT INTO balances VALUES('2_mn6q3dS2EnDUx3bmyWc6D4szJNVGtaR7zc_mnfAHmddVibnZNSkh8DvKaQoiEfNsxjXzH_mtQheFaSfWELRB2MyMBaiWjdDm6ux9Ezns_3','XCP',91441039176,310019,20,NULL,NULL);
INSERT INTO balances VALUES('2_mn6q3dS2EnDUx3bmyWc6D4szJNVGtaR7zc_mnfAHmddVibnZNSkh8DvKaQoiEfNsxjXzH_mtQheFaSfWELRB2MyMBaiWjdDm6ux9Ezns_3','XCP',92771039176,310020,21,NULL,NULL);
INSERT INTO balances VALUES('2_mn6q3dS2EnDUx3bmyWc6D4szJNVGtaR7zc_mnfAHmddVibnZNSkh8DvKaQoiEfNsxjXzH_mtQheFaSfWELRB2MyMBaiWjdDm6ux9Ezns_3','XCP',92841039176,310020,21,NULL,NULL);
INSERT INTO balances VALUES('2_mn6q3dS2EnDUx3bmyWc6D4szJNVGtaR7zc_mnfAHmddVibnZNSkh8DvKaQoiEfNsxjXzH_mtQheFaSfWELRB2MyMBaiWjdDm6ux9Ezns_3','BBBB',946000000,310021,22,NULL,NULL);
INSERT INTO balances VALUES('2_mn6q3dS2EnDUx3bmyWc6D4szJNVGtaR7zc_mnfAHmddVibnZNSkh8DvKaQoiEfNsxjXzH_mtQheFaSfWELRB2MyMBaiWjdDm6ux9Ezns_3','XCP',149840926438,310022,23,NULL,NULL);
INSERT INTO balances VALUES('2_mn6q3dS2EnDUx3bmyWc6D4szJNVGtaR7zc_mnfAHmddVibnZNSkh8DvKaQoiEfNsxjXzH_mtQheFaSfWELRB2MyMBaiWjdDm6ux9Ezns_3','XCP',149849426438,310023,0,NULL,NULL);
INSERT INTO balances VALUES('2_mn6q3dS2EnDUx3bmyWc6D4szJNVGtaR7zc_mnfAHmddVibnZNSkh8DvKaQoiEfNsxjXzH_mtQheFaSfWELRB2MyMBaiWjdDm6ux9Ezns_3','BBBC',89474,310023,24,NULL,NULL);
INSERT INTO balances VALUES('2_mn6q3dS2EnDUx3bmyWc6D4szJNVGtaR7zc_mnfAHmddVibnZNSkh8DvKaQoiEfNsxjXzH_mqPCfvqTfYctXMUfmniXeG2nyaN8w6tPmj_3','BBBC',10526,310023,24,NULL,NULL);
INSERT INTO balances VALUES('2_mn6q3dS2EnDUx3bmyWc6D4szJNVGtaR7zc_mnfAHmddVibnZNSkh8DvKaQoiEfNsxjXzH_mtQheFaSfWELRB2MyMBaiWjdDm6ux9Ezns_3','BBBB',996000000,310032,0,NULL,NULL);
-- Triggers and indices on  balances
CREATE INDEX balances_address_asset_idx ON balances (address, asset)
        ;
CREATE INDEX balances_address_utxo_asset_idx ON balances (address, utxo, asset)
        ;
CREATE INDEX balances_asset_idx ON balances (asset)
        ;
CREATE INDEX balances_block_index_idx ON balances (block_index)
        ;
CREATE INDEX balances_quantity_idx ON balances (quantity)
        ;
CREATE INDEX balances_utxo_address_idx ON balances (utxo_address)
        ;
CREATE INDEX balances_utxo_asset_idx ON balances (utxo, asset)
        ;
CREATE TRIGGER block_update_balances
            BEFORE UPDATE ON balances BEGIN
                SELECT RAISE(FAIL, "UPDATES NOT ALLOWED");
            END;

COMMIT TRANSACTION;
PRAGMA page_size=4096;
-- PRAGMA encoding='UTF-8';
-- PRAGMA auto_vacuum=FULL;
-- PRAGMA max_page_count=4294967294;

BEGIN TRANSACTION;

-- Table  config
DROP TABLE IF EXISTS config;
CREATE TABLE config (
            name TEXT PRIMARY KEY,
            value TEXT
        );
INSERT INTO config VALUES('FIX_ISSUANCES_ASSET_LONGNAME_1','1');
INSERT INTO config VALUES('FIX_ISSUANCES_ASSET_LONGNAME_2','1');
INSERT INTO config VALUES('CLEAN_TRANSACTION_COUNT_1','1');
-- Triggers and indices on  config
CREATE INDEX config_config_name_idx ON config (name);

COMMIT TRANSACTION;
PRAGMA page_size=4096;
-- PRAGMA encoding='UTF-8';
-- PRAGMA auto_vacuum=FULL;
-- PRAGMA max_page_count=4294967294;

BEGIN TRANSACTION;

-- Table  balances
DROP TABLE IF EXISTS balances;
CREATE TABLE balances(
                      address TEXT,
                      asset TEXT,
                      quantity INTEGER, block_index INTEGER, tx_index INTEGER, utxo TEXT, utxo_address TEXT);
INSERT INTO balances VALUES('2_mn6q3dS2EnDUx3bmyWc6D4szJNVGtaR7zc_mnfAHmddVibnZNSkh8DvKaQoiEfNsxjXzH_mtQheFaSfWELRB2MyMBaiWjdDm6ux9Ezns_3','XCP',93000000000,310000,1,NULL,NULL);
INSERT INTO balances VALUES('2_mn6q3dS2EnDUx3bmyWc6D4szJNVGtaR7zc_mnfAHmddVibnZNSkh8DvKaQoiEfNsxjXzH_mtQheFaSfWELRB2MyMBaiWjdDm6ux9Ezns_3','XCP',92950000000,310001,2,NULL,NULL);
INSERT INTO balances VALUES('2_mn6q3dS2EnDUx3bmyWc6D4szJNVGtaR7zc_mnfAHmddVibnZNSkh8DvKaQoiEfNsxjXzH_mqPCfvqTfYctXMUfmniXeG2nyaN8w6tPmj_3','XCP',50000000,310001,2,NULL,NULL);
INSERT INTO balances VALUES('2_mn6q3dS2EnDUx3bmyWc6D4szJNVGtaR7zc_mnfAHmddVibnZNSkh8DvKaQoiEfNsxjXzH_mtQheFaSfWELRB2MyMBaiWjdDm6ux9Ezns_3','XCP',92845000000,310003,4,NULL,NULL);
INSERT INTO balances VALUES('2_mn6q3dS2EnDUx3bmyWc6D4szJNVGtaR7zc_mnfAHmddVibnZNSkh8DvKaQoiEfNsxjXzH_mtQheFaSfWELRB2MyMBaiWjdDm6ux9Ezns_3','XCP',92945000000,310004,5,NULL,NULL);
INSERT INTO balances VALUES('2_mn6q3dS2EnDUx3bmyWc6D4szJNVGtaR7zc_mnfAHmddVibnZNSkh8DvKaQoiEfNsxjXzH_mtQheFaSfWELRB2MyMBaiWjdDm6ux9Ezns_3','XCP',92895000000,310005,6,NULL,NULL);
INSERT INTO balances VALUES('2_mn6q3dS2EnDUx3bmyWc6D4szJNVGtaR7zc_mnfAHmddVibnZNSkh8DvKaQoiEfNsxjXzH_mtQheFaSfWELRB2MyMBaiWjdDm6ux9Ezns_3','BBBB',1000000000,310005,6,NULL,NULL);
INSERT INTO balances VALUES('2_mn6q3dS2EnDUx3bmyWc6D4szJNVGtaR7zc_mnfAHmddVibnZNSkh8DvKaQoiEfNsxjXzH_mtQheFaSfWELRB2MyMBaiWjdDm6ux9Ezns_3','XCP',92845000000,310006,7,NULL,NULL);
INSERT INTO balances VALUES('2_mn6q3dS2EnDUx3bmyWc6D4szJNVGtaR7zc_mnfAHmddVibnZNSkh8DvKaQoiEfNsxjXzH_mtQheFaSfWELRB2MyMBaiWjdDm6ux9Ezns_3','BBBC',100000,310006,7,NULL,NULL);
INSERT INTO balances VALUES('2_mn6q3dS2EnDUx3bmyWc6D4szJNVGtaR7zc_mnfAHmddVibnZNSkh8DvKaQoiEfNsxjXzH_mtQheFaSfWELRB2MyMBaiWjdDm6ux9Ezns_3','BBBB',996000000,310007,8,NULL,NULL);
INSERT INTO balances VALUES('2_mn6q3dS2EnDUx3bmyWc6D4szJNVGtaR7zc_mnfAHmddVibnZNSkh8DvKaQoiEfNsxjXzH_mqPCfvqTfYctXMUfmniXeG2nyaN8w6tPmj_3','BBBB',4000000,310007,8,NULL,NULL);
INSERT INTO balances VALUES('2_mn6q3dS2EnDUx3bmyWc6D4szJNVGtaR7zc_mnfAHmddVibnZNSkh8DvKaQoiEfNsxjXzH_mtQheFaSfWELRB2MyMBaiWjdDm6ux9Ezns_3','BBBC',99474,310008,9,NULL,NULL);
INSERT INTO balances VALUES('2_mn6q3dS2EnDUx3bmyWc6D4szJNVGtaR7zc_mnfAHmddVibnZNSkh8DvKaQoiEfNsxjXzH_mqPCfvqTfYctXMUfmniXeG2nyaN8w6tPmj_3','BBBC',526,310008,9,NULL,NULL);
INSERT INTO balances VALUES('2_mn6q3dS2EnDUx3bmyWc6D4szJNVGtaR7zc_mnfAHmddVibnZNSkh8DvKaQoiEfNsxjXzH_mtQheFaSfWELRB2MyMBaiWjdDm6ux9Ezns_3','XCP',92844999976,310009,10,NULL,NULL);
INSERT INTO balances VALUES('2_mn6q3dS2EnDUx3bmyWc6D4szJNVGtaR7zc_mnfAHmddVibnZNSkh8DvKaQoiEfNsxjXzH_mtQheFaSfWELRB2MyMBaiWjdDm6ux9Ezns_3','XCP',92844979976,310009,10,NULL,NULL);
INSERT INTO balances VALUES('2_mn6q3dS2EnDUx3bmyWc6D4szJNVGtaR7zc_mnfAHmddVibnZNSkh8DvKaQoiEfNsxjXzH_mqPCfvqTfYctXMUfmniXeG2nyaN8w6tPmj_3','XCP',50000024,310009,10,NULL,NULL);
INSERT INTO balances VALUES('2_mn6q3dS2EnDUx3bmyWc6D4szJNVGtaR7zc_mnfAHmddVibnZNSkh8DvKaQoiEfNsxjXzH_mtQheFaSfWELRB2MyMBaiWjdDm6ux9Ezns_3','XCP',92844559176,310010,11,NULL,NULL);
INSERT INTO balances VALUES('2_mn6q3dS2EnDUx3bmyWc6D4szJNVGtaR7zc_mnfAHmddVibnZNSkh8DvKaQoiEfNsxjXzH_mtQheFaSfWELRB2MyMBaiWjdDm6ux9Ezns_3','XCP',92844539176,310010,11,NULL,NULL);
INSERT INTO balances VALUES('2_mn6q3dS2EnDUx3bmyWc6D4szJNVGtaR7zc_mnfAHmddVibnZNSkh8DvKaQoiEfNsxjXzH_mqPCfvqTfYctXMUfmniXeG2nyaN8w6tPmj_3','XCP',50420824,310010,11,NULL,NULL);
INSERT INTO balances VALUES('2_mn6q3dS2EnDUx3bmyWc6D4szJNVGtaR7zc_mnfAHmddVibnZNSkh8DvKaQoiEfNsxjXzH_mtQheFaSfWELRB2MyMBaiWjdDm6ux9Ezns_3','XCP',92794539176,310012,13,NULL,NULL);
INSERT INTO balances VALUES('2_mn6q3dS2EnDUx3bmyWc6D4szJNVGtaR7zc_mnfAHmddVibnZNSkh8DvKaQoiEfNsxjXzH_mtQheFaSfWELRB2MyMBaiWjdDm6ux9Ezns_3','XCP',92769539176,310013,14,NULL,NULL);
INSERT INTO balances VALUES('2_mn6q3dS2EnDUx3bmyWc6D4szJNVGtaR7zc_mnfAHmddVibnZNSkh8DvKaQoiEfNsxjXzH_mtQheFaSfWELRB2MyMBaiWjdDm6ux9Ezns_3','XCP',92773789176,310013,14,NULL,NULL);
INSERT INTO balances VALUES('2_mn6q3dS2EnDUx3bmyWc6D4szJNVGtaR7zc_mnfAHmddVibnZNSkh8DvKaQoiEfNsxjXzH_mtQheFaSfWELRB2MyMBaiWjdDm6ux9Ezns_3','XCP',92778789176,310014,0,NULL,NULL);
INSERT INTO balances VALUES('2_mn6q3dS2EnDUx3bmyWc6D4szJNVGtaR7zc_mnfAHmddVibnZNSkh8DvKaQoiEfNsxjXzH_mtQheFaSfWELRB2MyMBaiWjdDm6ux9Ezns_3','XCP',92628789176,310014,15,NULL,NULL);
INSERT INTO balances VALUES('2_mn6q3dS2EnDUx3bmyWc6D4szJNVGtaR7zc_mnfAHmddVibnZNSkh8DvKaQoiEfNsxjXzH_mtQheFaSfWELRB2MyMBaiWjdDm6ux9Ezns_3','XCP',92278789176,310015,16,NULL,NULL);
INSERT INTO balances VALUES('2_mn6q3dS2EnDUx3bmyWc6D4szJNVGtaR7zc_mnfAHmddVibnZNSkh8DvKaQoiEfNsxjXzH_mtQheFaSfWELRB2MyMBaiWjdDm6ux9Ezns_3','XCP',92278789176,310015,16,NULL,NULL);
INSERT INTO balances VALUES('2_mn6q3dS2EnDUx3bmyWc6D4szJNVGtaR7zc_mnfAHmddVibnZNSkh8DvKaQoiEfNsxjXzH_mtQheFaSfWELRB2MyMBaiWjdDm6ux9Ezns_3','XCP',92278789176,310015,16,NULL,NULL);
INSERT INTO balances VALUES('2_mn6q3dS2EnDUx3bmyWc6D4szJNVGtaR7zc_mnfAHmddVibnZNSkh8DvKaQoiEfNsxjXzH_mtQheFaSfWELRB2MyMBaiWjdDm6ux9Ezns_3','XCP',91528789176,310016,17,NULL,NULL);
INSERT INTO balances VALUES('2_mn6q3dS2EnDUx3bmyWc6D4szJNVGtaR7zc_mnfAHmddVibnZNSkh8DvKaQoiEfNsxjXzH_mtQheFaSfWELRB2MyMBaiWjdDm6ux9Ezns_3','XCP',90878789176,310017,18,NULL,NULL);
INSERT INTO balances VALUES('2_mn6q3dS2EnDUx3bmyWc6D4szJNVGtaR7zc_mnfAHmddVibnZNSkh8DvKaQoiEfNsxjXzH_mtQheFaSfWELRB2MyMBaiWjdDm6ux9Ezns_3','XCP',90878789176,310017,18,NULL,NULL);
INSERT INTO balances VALUES('2_mn6q3dS2EnDUx3bmyWc6D4szJNVGtaR7zc_mnfAHmddVibnZNSkh8DvKaQoiEfNsxjXzH_mtQheFaSfWELRB2MyMBaiWjdDm6ux9Ezns_3','XCP',90878789176,310017,18,NULL,NULL);
INSERT INTO balances VALUES('2_mn6q3dS2EnDUx3bmyWc6D4szJNVGtaR7zc_mnfAHmddVibnZNSkh8DvKaQoiEfNsxjXzH_mtQheFaSfWELRB2MyMBaiWjdDm6ux9Ezns_3','XCP',90937926676,310018,19,NULL,NULL);
INSERT INTO balances VALUES('2_mn6q3dS2EnDUx3bmyWc6D4szJNVGtaR7zc_mnfAHmddVibnZNSkh8DvKaQoiEfNsxjXzH_mtQheFaSfWELRB2MyMBaiWjdDm6ux9Ezns_3','XCP',90941039176,310018,19,NULL,NULL);
INSERT INTO balances VALUES('2_mn6q3dS2EnDUx3bmyWc6D4szJNVGtaR7zc_mnfAHmddVibnZNSkh8DvKaQoiEfNsxjXzH_mtQheFaSfWELRB2MyMBaiWjdDm6ux9Ezns_3','XCP',91100339176,310019,20,NULL,NULL);
INSERT INTO balances VALUES('2_mn6q3dS2EnDUx3bmyWc6D4szJNVGtaR7zc_mnfAHmddVibnZNSkh8DvKaQoiEfNsxjXzH_mtQheFaSfWELRB2MyMBaiWjdDm6ux9Ezns_3','XCP',91416039176,310019,20,NULL,NULL);
INSERT INTO balances VALUES('2_mn6q3dS2EnDUx3bmyWc6D4szJNVGtaR7zc_mnfAHmddVibnZNSkh8DvKaQoiEfNsxjXzH_mtQheFaSfWELRB2MyMBaiWjdDm6ux9Ezns_3','XCP',91441039176,310019,20,NULL,NULL);
INSERT INTO balances VALUES('2_mn6q3dS2EnDUx3bmyWc6D4szJNVGtaR7zc_mnfAHmddVibnZNSkh8DvKaQoiEfNsxjXzH_mtQheFaSfWELRB2MyMBaiWjdDm6ux9Ezns_3','XCP',92771039176,310020,21,NULL,NULL);
INSERT INTO balances VALUES('2_mn6q3dS2EnDUx3bmyWc6D4szJNVGtaR7zc_mnfAHmddVibnZNSkh8DvKaQoiEfNsxjXzH_mtQheFaSfWELRB2MyMBaiWjdDm6ux9Ezns_3','XCP',92841039176,310020,21,NULL,NULL);
INSERT INTO balances VALUES('2_mn6q3dS2EnDUx3bmyWc6D4szJNVGtaR7zc_mnfAHmddVibnZNSkh8DvKaQoiEfNsxjXzH_mtQheFaSfWELRB2MyMBaiWjdDm6ux9Ezns_3','BBBB',946000000,310021,22,NULL,NULL);
INSERT INTO balances VALUES('2_mn6q3dS2EnDUx3bmyWc6D4szJNVGtaR7zc_mnfAHmddVibnZNSkh8DvKaQoiEfNsxjXzH_mtQheFaSfWELRB2MyMBaiWjdDm6ux9Ezns_3','XCP',149840926438,310022,23,NULL,NULL);
INSERT INTO balances VALUES('2_mn6q3dS2EnDUx3bmyWc6D4szJNVGtaR7zc_mnfAHmddVibnZNSkh8DvKaQoiEfNsxjXzH_mtQheFaSfWELRB2MyMBaiWjdDm6ux9Ezns_3','XCP',149849426438,310023,0,NULL,NULL);
INSERT INTO balances VALUES('2_mn6q3dS2EnDUx3bmyWc6D4szJNVGtaR7zc_mnfAHmddVibnZNSkh8DvKaQoiEfNsxjXzH_mtQheFaSfWELRB2MyMBaiWjdDm6ux9Ezns_3','BBBC',89474,310023,24,NULL,NULL);
INSERT INTO balances VALUES('2_mn6q3dS2EnDUx3bmyWc6D4szJNVGtaR7zc_mnfAHmddVibnZNSkh8DvKaQoiEfNsxjXzH_mqPCfvqTfYctXMUfmniXeG2nyaN8w6tPmj_3','BBBC',10526,310023,24,NULL,NULL);
INSERT INTO balances VALUES('2_mn6q3dS2EnDUx3bmyWc6D4szJNVGtaR7zc_mnfAHmddVibnZNSkh8DvKaQoiEfNsxjXzH_mtQheFaSfWELRB2MyMBaiWjdDm6ux9Ezns_3','BBBB',996000000,310032,0,NULL,NULL);
-- Triggers and indices on  balances
CREATE INDEX balances_address_asset_idx ON balances (address, asset)
        ;
CREATE INDEX balances_address_utxo_asset_idx ON balances (address, utxo, asset)
        ;
CREATE INDEX balances_asset_idx ON balances (asset)
        ;
CREATE INDEX balances_block_index_idx ON balances (block_index)
        ;
CREATE INDEX balances_quantity_idx ON balances (quantity)
        ;
CREATE INDEX balances_utxo_address_idx ON balances (utxo_address)
        ;
CREATE INDEX balances_utxo_asset_idx ON balances (utxo, asset)
        ;
CREATE TRIGGER block_update_balances
            BEFORE UPDATE ON balances BEGIN
                SELECT RAISE(FAIL, "UPDATES NOT ALLOWED");
            END;

COMMIT TRANSACTION;
PRAGMA page_size=4096;
-- PRAGMA encoding='UTF-8';
-- PRAGMA auto_vacuum=FULL;
-- PRAGMA max_page_count=4294967294;

BEGIN TRANSACTION;

-- Table  credits
DROP TABLE IF EXISTS credits;
CREATE TABLE credits(
                      block_index INTEGER,
                      address TEXT,
                      asset TEXT,
                      quantity INTEGER,
                      calling_function TEXT,
                      event TEXT, tx_index INTEGER, utxo TEXT, utxo_address TEXT,
                      FOREIGN KEY (block_index) REFERENCES blocks(block_index));
INSERT INTO credits VALUES(310000,'2_mn6q3dS2EnDUx3bmyWc6D4szJNVGtaR7zc_mnfAHmddVibnZNSkh8DvKaQoiEfNsxjXzH_mtQheFaSfWELRB2MyMBaiWjdDm6ux9Ezns_3','XCP',93000000000,'burn','15b35d5497f454c43576f21a1b61d99bde25dfc5aae1a4796dcf55e739d6a399',1,NULL,NULL);
INSERT INTO credits VALUES(310001,'2_mn6q3dS2EnDUx3bmyWc6D4szJNVGtaR7zc_mnfAHmddVibnZNSkh8DvKaQoiEfNsxjXzH_mqPCfvqTfYctXMUfmniXeG2nyaN8w6tPmj_3','XCP',50000000,'send','121285e4ce5c17fbd6e0b0277702af982cdc14054735154a9043beecb247b84f',2,NULL,NULL);
INSERT INTO credits VALUES(310004,'2_mn6q3dS2EnDUx3bmyWc6D4szJNVGtaR7zc_mnfAHmddVibnZNSkh8DvKaQoiEfNsxjXzH_mtQheFaSfWELRB2MyMBaiWjdDm6ux9Ezns_3','XCP',100000000,'btcpay','f0c58099c1614dcf2b8fd12be01c63427a5877b8c0367ecadea31ae9eb9714e6',5,NULL,NULL);
INSERT INTO credits VALUES(310005,'2_mn6q3dS2EnDUx3bmyWc6D4szJNVGtaR7zc_mnfAHmddVibnZNSkh8DvKaQoiEfNsxjXzH_mtQheFaSfWELRB2MyMBaiWjdDm6ux9Ezns_3','BBBB',1000000000,'issuance','9238105e39efd4b7d428ad14011ad0c0f366bdcd150afa954e1f25c0cf4c2cc9',6,NULL,NULL);
INSERT INTO credits VALUES(310006,'2_mn6q3dS2EnDUx3bmyWc6D4szJNVGtaR7zc_mnfAHmddVibnZNSkh8DvKaQoiEfNsxjXzH_mtQheFaSfWELRB2MyMBaiWjdDm6ux9Ezns_3','BBBC',100000,'issuance','19d9d6059edf351635fa19ad867ccfa1db3959a5109fc63729430110a661b6e8',7,NULL,NULL);
INSERT INTO credits VALUES(310007,'2_mn6q3dS2EnDUx3bmyWc6D4szJNVGtaR7zc_mnfAHmddVibnZNSkh8DvKaQoiEfNsxjXzH_mqPCfvqTfYctXMUfmniXeG2nyaN8w6tPmj_3','BBBB',4000000,'send','b25659252f68f162d96cf2cf3070b30e5913b472cbace76985e314b4634641a0',8,NULL,NULL);
INSERT INTO credits VALUES(310008,'2_mn6q3dS2EnDUx3bmyWc6D4szJNVGtaR7zc_mnfAHmddVibnZNSkh8DvKaQoiEfNsxjXzH_mqPCfvqTfYctXMUfmniXeG2nyaN8w6tPmj_3','BBBC',526,'send','592e248181970aa6f97f2cfe133323d3ffb2095dd7f411cfd20b1ab611238a11',9,NULL,NULL);
INSERT INTO credits VALUES(310009,'2_mn6q3dS2EnDUx3bmyWc6D4szJNVGtaR7zc_mnfAHmddVibnZNSkh8DvKaQoiEfNsxjXzH_mqPCfvqTfYctXMUfmniXeG2nyaN8w6tPmj_3','XCP',24,'dividend','f2f6db13d6bda4def4f1bd759b603c64c962f82017329057a9237ceaf171520a',10,NULL,NULL);
INSERT INTO credits VALUES(310010,'2_mn6q3dS2EnDUx3bmyWc6D4szJNVGtaR7zc_mnfAHmddVibnZNSkh8DvKaQoiEfNsxjXzH_mqPCfvqTfYctXMUfmniXeG2nyaN8w6tPmj_3','XCP',420800,'dividend','a4353c6bd3159d3288f76c9f40fdbde89d681b09ec64d1f2b422b2e9e30c10d8',11,NULL,NULL);
INSERT INTO credits VALUES(310013,'2_mn6q3dS2EnDUx3bmyWc6D4szJNVGtaR7zc_mnfAHmddVibnZNSkh8DvKaQoiEfNsxjXzH_mtQheFaSfWELRB2MyMBaiWjdDm6ux9Ezns_3','XCP',4250000,'filled','ce9d3a5ea18ed454ddee80b75bd12abdd47de8e176d9c9dfc768c1233e729943',14,NULL,NULL);
INSERT INTO credits VALUES(310014,'2_mn6q3dS2EnDUx3bmyWc6D4szJNVGtaR7zc_mnfAHmddVibnZNSkh8DvKaQoiEfNsxjXzH_mtQheFaSfWELRB2MyMBaiWjdDm6ux9Ezns_3','XCP',5000000,'cancel order','89a44a3314b298a83d5d14c8646900a5122b8a1e8f6e0528e73ea82044d1726a',0,NULL,NULL);
INSERT INTO credits VALUES(310015,'2_mn6q3dS2EnDUx3bmyWc6D4szJNVGtaR7zc_mnfAHmddVibnZNSkh8DvKaQoiEfNsxjXzH_mtQheFaSfWELRB2MyMBaiWjdDm6ux9Ezns_3','XCP',0,'filled','10c669ad89d61e1a983e179f66f355b1dd21e53d520fd4dc3bb5a6f9e5e24fcd',16,NULL,NULL);
INSERT INTO credits VALUES(310015,'2_mn6q3dS2EnDUx3bmyWc6D4szJNVGtaR7zc_mnfAHmddVibnZNSkh8DvKaQoiEfNsxjXzH_mtQheFaSfWELRB2MyMBaiWjdDm6ux9Ezns_3','XCP',0,'filled','10c669ad89d61e1a983e179f66f355b1dd21e53d520fd4dc3bb5a6f9e5e24fcd',16,NULL,NULL);
INSERT INTO credits VALUES(310017,'2_mn6q3dS2EnDUx3bmyWc6D4szJNVGtaR7zc_mnfAHmddVibnZNSkh8DvKaQoiEfNsxjXzH_mtQheFaSfWELRB2MyMBaiWjdDm6ux9Ezns_3','XCP',0,'filled','67497105b77192af401ec8024ad34de211592877dee8532dbe216d8a8f17dd0c',18,NULL,NULL);
INSERT INTO credits VALUES(310017,'2_mn6q3dS2EnDUx3bmyWc6D4szJNVGtaR7zc_mnfAHmddVibnZNSkh8DvKaQoiEfNsxjXzH_mtQheFaSfWELRB2MyMBaiWjdDm6ux9Ezns_3','XCP',0,'filled','67497105b77192af401ec8024ad34de211592877dee8532dbe216d8a8f17dd0c',18,NULL,NULL);
INSERT INTO credits VALUES(310018,'2_mn6q3dS2EnDUx3bmyWc6D4szJNVGtaR7zc_mnfAHmddVibnZNSkh8DvKaQoiEfNsxjXzH_mtQheFaSfWELRB2MyMBaiWjdDm6ux9Ezns_3','XCP',59137500,'bet settled: liquidated for bear','e87bf8dfeda7df143873ff042cc7a05dd590a6bef6a55c5832e22db1bd5e3bcd',19,NULL,NULL);
INSERT INTO credits VALUES(310018,'2_mn6q3dS2EnDUx3bmyWc6D4szJNVGtaR7zc_mnfAHmddVibnZNSkh8DvKaQoiEfNsxjXzH_mtQheFaSfWELRB2MyMBaiWjdDm6ux9Ezns_3','XCP',3112500,'feed fee','e87bf8dfeda7df143873ff042cc7a05dd590a6bef6a55c5832e22db1bd5e3bcd',19,NULL,NULL);
INSERT INTO credits VALUES(310019,'2_mn6q3dS2EnDUx3bmyWc6D4szJNVGtaR7zc_mnfAHmddVibnZNSkh8DvKaQoiEfNsxjXzH_mtQheFaSfWELRB2MyMBaiWjdDm6ux9Ezns_3','XCP',159300000,'bet settled','1fcd2de64aabc6c05796e28cbea31df45a25928c2cd8dd30d774c9e70c4e97df',20,NULL,NULL);
INSERT INTO credits VALUES(310019,'2_mn6q3dS2EnDUx3bmyWc6D4szJNVGtaR7zc_mnfAHmddVibnZNSkh8DvKaQoiEfNsxjXzH_mtQheFaSfWELRB2MyMBaiWjdDm6ux9Ezns_3','XCP',315700000,'bet settled','1fcd2de64aabc6c05796e28cbea31df45a25928c2cd8dd30d774c9e70c4e97df',20,NULL,NULL);
INSERT INTO credits VALUES(310019,'2_mn6q3dS2EnDUx3bmyWc6D4szJNVGtaR7zc_mnfAHmddVibnZNSkh8DvKaQoiEfNsxjXzH_mtQheFaSfWELRB2MyMBaiWjdDm6ux9Ezns_3','XCP',25000000,'feed fee','1fcd2de64aabc6c05796e28cbea31df45a25928c2cd8dd30d774c9e70c4e97df',20,NULL,NULL);
INSERT INTO credits VALUES(310020,'2_mn6q3dS2EnDUx3bmyWc6D4szJNVGtaR7zc_mnfAHmddVibnZNSkh8DvKaQoiEfNsxjXzH_mtQheFaSfWELRB2MyMBaiWjdDm6ux9Ezns_3','XCP',1330000000,'bet settled: for notequal','dc4b57ad8a0b23dbc7ffc03f51e8076cd2418edf256b2660783bb0d1be0b8b73',21,NULL,NULL);
INSERT INTO credits VALUES(310020,'2_mn6q3dS2EnDUx3bmyWc6D4szJNVGtaR7zc_mnfAHmddVibnZNSkh8DvKaQoiEfNsxjXzH_mtQheFaSfWELRB2MyMBaiWjdDm6ux9Ezns_3','XCP',70000000,'feed fee','dc4b57ad8a0b23dbc7ffc03f51e8076cd2418edf256b2660783bb0d1be0b8b73',21,NULL,NULL);
INSERT INTO credits VALUES(310022,'2_mn6q3dS2EnDUx3bmyWc6D4szJNVGtaR7zc_mnfAHmddVibnZNSkh8DvKaQoiEfNsxjXzH_mtQheFaSfWELRB2MyMBaiWjdDm6ux9Ezns_3','XCP',56999887262,'burn','181709b341ec136f90975fdaa362c767ebd789e72f16d4e17348ab2985c1bd01',23,NULL,NULL);
INSERT INTO credits VALUES(310023,'2_mn6q3dS2EnDUx3bmyWc6D4szJNVGtaR7zc_mnfAHmddVibnZNSkh8DvKaQoiEfNsxjXzH_mtQheFaSfWELRB2MyMBaiWjdDm6ux9Ezns_3','XCP',8500000,'recredit wager remaining','ef92dc4986fdfb4ccb6e101ee949d5307c554e8dd1619307548ec032a973f19c',0,NULL,NULL);
INSERT INTO credits VALUES(310023,'2_mn6q3dS2EnDUx3bmyWc6D4szJNVGtaR7zc_mnfAHmddVibnZNSkh8DvKaQoiEfNsxjXzH_mqPCfvqTfYctXMUfmniXeG2nyaN8w6tPmj_3','BBBC',10000,'send','f4a0c2582fb141e9451a7c00fa61afc147b9959c2dd20a1978950936fdb53831',24,NULL,NULL);
INSERT INTO credits VALUES(310032,'2_mn6q3dS2EnDUx3bmyWc6D4szJNVGtaR7zc_mnfAHmddVibnZNSkh8DvKaQoiEfNsxjXzH_mtQheFaSfWELRB2MyMBaiWjdDm6ux9Ezns_3','BBBB',50000000,'cancel order','4408350196e71533e054ef84d1bdc4ba4b0f693d2d98d240d3c697b553078ab7',0,NULL,NULL);
-- Triggers and indices on  credits
CREATE TRIGGER block_update_credits
            BEFORE UPDATE ON credits BEGIN
                SELECT RAISE(FAIL, "UPDATES NOT ALLOWED");
            END;
CREATE INDEX credits_address_idx ON credits (address)
        ;
CREATE INDEX credits_asset_idx ON credits (asset)
        ;
CREATE INDEX credits_block_index_idx ON credits (block_index)
        ;
CREATE INDEX credits_calling_function_idx ON credits (calling_function)
        ;
CREATE INDEX credits_event_idx ON credits (event)
        ;
CREATE INDEX credits_quantity_idx ON credits (quantity)
        ;
CREATE INDEX credits_utxo_address_idx ON credits (utxo_address)
        ;
CREATE INDEX credits_utxo_idx ON credits (utxo)
        ;

COMMIT TRANSACTION;
PRAGMA page_size=4096;
-- PRAGMA encoding='UTF-8';
-- PRAGMA auto_vacuum=FULL;
-- PRAGMA max_page_count=4294967294;

BEGIN TRANSACTION;

-- Table  debits
DROP TABLE IF EXISTS debits;
CREATE TABLE debits(
                      block_index INTEGER,
                      address TEXT,
                      asset TEXT,
                      quantity INTEGER,
                      action TEXT,
                      event TEXT, tx_index INTEGER, utxo TEXT, utxo_address TEXT,
                      FOREIGN KEY (block_index) REFERENCES blocks(block_index));
INSERT INTO debits VALUES(310001,'2_mn6q3dS2EnDUx3bmyWc6D4szJNVGtaR7zc_mnfAHmddVibnZNSkh8DvKaQoiEfNsxjXzH_mtQheFaSfWELRB2MyMBaiWjdDm6ux9Ezns_3','XCP',50000000,'send','121285e4ce5c17fbd6e0b0277702af982cdc14054735154a9043beecb247b84f',2,NULL,NULL);
INSERT INTO debits VALUES(310003,'2_mn6q3dS2EnDUx3bmyWc6D4szJNVGtaR7zc_mnfAHmddVibnZNSkh8DvKaQoiEfNsxjXzH_mtQheFaSfWELRB2MyMBaiWjdDm6ux9Ezns_3','XCP',105000000,'open order','89a44a3314b298a83d5d14c8646900a5122b8a1e8f6e0528e73ea82044d1726a',4,NULL,NULL);
INSERT INTO debits VALUES(310005,'2_mn6q3dS2EnDUx3bmyWc6D4szJNVGtaR7zc_mnfAHmddVibnZNSkh8DvKaQoiEfNsxjXzH_mtQheFaSfWELRB2MyMBaiWjdDm6ux9Ezns_3','XCP',50000000,'issuance fee','9238105e39efd4b7d428ad14011ad0c0f366bdcd150afa954e1f25c0cf4c2cc9',6,NULL,NULL);
INSERT INTO debits VALUES(310006,'2_mn6q3dS2EnDUx3bmyWc6D4szJNVGtaR7zc_mnfAHmddVibnZNSkh8DvKaQoiEfNsxjXzH_mtQheFaSfWELRB2MyMBaiWjdDm6ux9Ezns_3','XCP',50000000,'issuance fee','19d9d6059edf351635fa19ad867ccfa1db3959a5109fc63729430110a661b6e8',7,NULL,NULL);
INSERT INTO debits VALUES(310007,'2_mn6q3dS2EnDUx3bmyWc6D4szJNVGtaR7zc_mnfAHmddVibnZNSkh8DvKaQoiEfNsxjXzH_mtQheFaSfWELRB2MyMBaiWjdDm6ux9Ezns_3','BBBB',4000000,'send','b25659252f68f162d96cf2cf3070b30e5913b472cbace76985e314b4634641a0',8,NULL,NULL);
INSERT INTO debits VALUES(310008,'2_mn6q3dS2EnDUx3bmyWc6D4szJNVGtaR7zc_mnfAHmddVibnZNSkh8DvKaQoiEfNsxjXzH_mtQheFaSfWELRB2MyMBaiWjdDm6ux9Ezns_3','BBBC',526,'send','592e248181970aa6f97f2cfe133323d3ffb2095dd7f411cfd20b1ab611238a11',9,NULL,NULL);
INSERT INTO debits VALUES(310009,'2_mn6q3dS2EnDUx3bmyWc6D4szJNVGtaR7zc_mnfAHmddVibnZNSkh8DvKaQoiEfNsxjXzH_mtQheFaSfWELRB2MyMBaiWjdDm6ux9Ezns_3','XCP',24,'dividend','f2f6db13d6bda4def4f1bd759b603c64c962f82017329057a9237ceaf171520a',10,NULL,NULL);
INSERT INTO debits VALUES(310009,'2_mn6q3dS2EnDUx3bmyWc6D4szJNVGtaR7zc_mnfAHmddVibnZNSkh8DvKaQoiEfNsxjXzH_mtQheFaSfWELRB2MyMBaiWjdDm6ux9Ezns_3','XCP',20000,'dividend fee','f2f6db13d6bda4def4f1bd759b603c64c962f82017329057a9237ceaf171520a',10,NULL,NULL);
INSERT INTO debits VALUES(310010,'2_mn6q3dS2EnDUx3bmyWc6D4szJNVGtaR7zc_mnfAHmddVibnZNSkh8DvKaQoiEfNsxjXzH_mtQheFaSfWELRB2MyMBaiWjdDm6ux9Ezns_3','XCP',420800,'dividend','a4353c6bd3159d3288f76c9f40fdbde89d681b09ec64d1f2b422b2e9e30c10d8',11,NULL,NULL);
INSERT INTO debits VALUES(310010,'2_mn6q3dS2EnDUx3bmyWc6D4szJNVGtaR7zc_mnfAHmddVibnZNSkh8DvKaQoiEfNsxjXzH_mtQheFaSfWELRB2MyMBaiWjdDm6ux9Ezns_3','XCP',20000,'dividend fee','a4353c6bd3159d3288f76c9f40fdbde89d681b09ec64d1f2b422b2e9e30c10d8',11,NULL,NULL);
INSERT INTO debits VALUES(310012,'2_mn6q3dS2EnDUx3bmyWc6D4szJNVGtaR7zc_mnfAHmddVibnZNSkh8DvKaQoiEfNsxjXzH_mtQheFaSfWELRB2MyMBaiWjdDm6ux9Ezns_3','XCP',50000000,'bet','ef92dc4986fdfb4ccb6e101ee949d5307c554e8dd1619307548ec032a973f19c',13,NULL,NULL);
INSERT INTO debits VALUES(310013,'2_mn6q3dS2EnDUx3bmyWc6D4szJNVGtaR7zc_mnfAHmddVibnZNSkh8DvKaQoiEfNsxjXzH_mtQheFaSfWELRB2MyMBaiWjdDm6ux9Ezns_3','XCP',25000000,'bet','ce9d3a5ea18ed454ddee80b75bd12abdd47de8e176d9c9dfc768c1233e729943',14,NULL,NULL);
INSERT INTO debits VALUES(310014,'2_mn6q3dS2EnDUx3bmyWc6D4szJNVGtaR7zc_mnfAHmddVibnZNSkh8DvKaQoiEfNsxjXzH_mtQheFaSfWELRB2MyMBaiWjdDm6ux9Ezns_3','XCP',150000000,'bet','6722884208180367a60c5c96ae86865dad3c63525a9498d716e98b5015ec2e3d',15,NULL,NULL);
INSERT INTO debits VALUES(310015,'2_mn6q3dS2EnDUx3bmyWc6D4szJNVGtaR7zc_mnfAHmddVibnZNSkh8DvKaQoiEfNsxjXzH_mtQheFaSfWELRB2MyMBaiWjdDm6ux9Ezns_3','XCP',350000000,'bet','10c669ad89d61e1a983e179f66f355b1dd21e53d520fd4dc3bb5a6f9e5e24fcd',16,NULL,NULL);
INSERT INTO debits VALUES(310016,'2_mn6q3dS2EnDUx3bmyWc6D4szJNVGtaR7zc_mnfAHmddVibnZNSkh8DvKaQoiEfNsxjXzH_mtQheFaSfWELRB2MyMBaiWjdDm6ux9Ezns_3','XCP',750000000,'bet','caaceb9160747bd86fa4b3b4d090c9e1617285fae312eac2152bf3fabedcd2bc',17,NULL,NULL);
INSERT INTO debits VALUES(310017,'2_mn6q3dS2EnDUx3bmyWc6D4szJNVGtaR7zc_mnfAHmddVibnZNSkh8DvKaQoiEfNsxjXzH_mtQheFaSfWELRB2MyMBaiWjdDm6ux9Ezns_3','XCP',650000000,'bet','67497105b77192af401ec8024ad34de211592877dee8532dbe216d8a8f17dd0c',18,NULL,NULL);
INSERT INTO debits VALUES(310021,'2_mn6q3dS2EnDUx3bmyWc6D4szJNVGtaR7zc_mnfAHmddVibnZNSkh8DvKaQoiEfNsxjXzH_mtQheFaSfWELRB2MyMBaiWjdDm6ux9Ezns_3','BBBB',50000000,'open order','4408350196e71533e054ef84d1bdc4ba4b0f693d2d98d240d3c697b553078ab7',22,NULL,NULL);
INSERT INTO debits VALUES(310023,'2_mn6q3dS2EnDUx3bmyWc6D4szJNVGtaR7zc_mnfAHmddVibnZNSkh8DvKaQoiEfNsxjXzH_mtQheFaSfWELRB2MyMBaiWjdDm6ux9Ezns_3','BBBC',10000,'send','f4a0c2582fb141e9451a7c00fa61afc147b9959c2dd20a1978950936fdb53831',24,NULL,NULL);
-- Triggers and indices on  debits
CREATE TRIGGER block_update_debits
            BEFORE UPDATE ON debits BEGIN
                SELECT RAISE(FAIL, "UPDATES NOT ALLOWED");
            END;
CREATE INDEX debits_action_idx ON debits (action)
        ;
CREATE INDEX debits_address_idx ON debits (address)
        ;
CREATE INDEX debits_asset_idx ON debits (asset)
        ;
CREATE INDEX debits_block_index_idx ON debits (block_index)
        ;
CREATE INDEX debits_event_idx ON debits (event)
        ;
CREATE INDEX debits_quantity_idx ON debits (quantity)
        ;
CREATE INDEX debits_utxo_address_idx ON debits (utxo_address)
        ;
CREATE INDEX debits_utxo_idx ON debits (utxo)
        ;

COMMIT TRANSACTION;
PRAGMA page_size=4096;
-- PRAGMA encoding='UTF-8';
-- PRAGMA auto_vacuum=FULL;
-- PRAGMA max_page_count=4294967294;

BEGIN TRANSACTION;

-- Table  messages
DROP TABLE IF EXISTS messages;
CREATE TABLE messages(
                      message_index INTEGER PRIMARY KEY,
                      block_index INTEGER,
                      command TEXT,
                      category TEXT,
                      bindings TEXT,
                      timestamp INTEGER,
                      event TEXT,
                      tx_hash TEXT,
                      event_hash TEXT);
INSERT INTO messages VALUES(0,309999,'insert','blocks','{"block_hash":"8b3bef249cb3b0fa23a4936c1249b6bd41daeadc848c8d2e409ea1cbc10adfe7","block_index":309999,"block_time":309999000,"difficulty":null,"ledger_hash":null,"previous_block_hash":null,"txlist_hash":null}',0,'NEW_BLOCK',NULL,'965f19c821dfa5b0ce29c0b99a18a7d2b1c5f70439e4d44627b946c5ac479db9');
INSERT INTO messages VALUES(1,309999,'parse','blocks','{"block_index":309999,"ledger_hash":"63f0fef31d02da85fa779e9a0e1b585b1a6a4e59e14564249e288e074e91c223","messages_hash":"63f0fef31d02da85fa779e9a0e1b585b1a6a4e59e14564249e288e074e91c223","transaction_count":0,"txlist_hash":"63f0fef31d02da85fa779e9a0e1b585b1a6a4e59e14564249e288e074e91c223"}',0,'BLOCK_PARSED',NULL,'640080d2cb6d2e2a1c1d99da104f34aa7632774837b4090fb36fadb2a306d2a0');
INSERT INTO messages VALUES(2,310000,'insert','blocks','{"block_hash":"505d8d82c4ced7daddef7ed0b05ba12ecc664176887b938ef56c6af276f3b30c","block_index":310000,"block_time":310000000,"difficulty":null,"ledger_hash":null,"previous_block_hash":null,"txlist_hash":null}',0,'NEW_BLOCK',NULL,'4e92402478a1ae3c97bae88f2b0dc960fc81385c88cd9b273ca0b74a0993c1b5');
INSERT INTO messages VALUES(3,310000,'insert','transactions','{"block_hash":"505d8d82c4ced7daddef7ed0b05ba12ecc664176887b938ef56c6af276f3b30c","block_index":310000,"block_time":310000000,"btc_amount":62000000,"data":"","destination":"mvCounterpartyXXXXXXXXXXXXXXW24Hef","fee":5625,"source":"2_mn6q3dS2EnDUx3bmyWc6D4szJNVGtaR7zc_mnfAHmddVibnZNSkh8DvKaQoiEfNsxjXzH_mtQheFaSfWELRB2MyMBaiWjdDm6ux9Ezns_3","supported":true,"tx_hash":"15b35d5497f454c43576f21a1b61d99bde25dfc5aae1a4796dcf55e739d6a399","tx_index":1,"utxos_info":" 750ccad1bc0bfbf5a710bbafd8b462594ddfee190e3430bca7e8c8d270f2fd5f:0 2 "}',0,'NEW_TRANSACTION',NULL,'93d86b56638879098e8418f3f6ed7f11b1f88c680bc9cb019928f88064c282ff');
INSERT INTO messages VALUES(4,310000,'insert','credits','{"address":"2_mn6q3dS2EnDUx3bmyWc6D4szJNVGtaR7zc_mnfAHmddVibnZNSkh8DvKaQoiEfNsxjXzH_mtQheFaSfWELRB2MyMBaiWjdDm6ux9Ezns_3","asset":"XCP","block_index":310000,"calling_function":"burn","event":"15b35d5497f454c43576f21a1b61d99bde25dfc5aae1a4796dcf55e739d6a399","quantity":93000000000,"tx_index":1,"utxo":null,"utxo_address":null}',0,'CREDIT','15b35d5497f454c43576f21a1b61d99bde25dfc5aae1a4796dcf55e739d6a399','e6fb6ea6d4cb7eb89e04fc9b7b32a53e0b57babbd120c5e8f95f4122bf9acdfc');
INSERT INTO messages VALUES(5,310000,'insert','burns','{"block_index":310000,"burned":62000000,"earned":93000000000,"source":"2_mn6q3dS2EnDUx3bmyWc6D4szJNVGtaR7zc_mnfAHmddVibnZNSkh8DvKaQoiEfNsxjXzH_mtQheFaSfWELRB2MyMBaiWjdDm6ux9Ezns_3","status":"valid","tx_hash":"15b35d5497f454c43576f21a1b61d99bde25dfc5aae1a4796dcf55e739d6a399","tx_index":1}',0,'BURN','15b35d5497f454c43576f21a1b61d99bde25dfc5aae1a4796dcf55e739d6a399','9b577de2747c022fe34652840f19921419f44f4a2a4d71227b344395c212ebf0');
INSERT INTO messages VALUES(6,310000,'parse','transactions','{"supported":true,"tx_hash":"15b35d5497f454c43576f21a1b61d99bde25dfc5aae1a4796dcf55e739d6a399","tx_index":1}',0,'TRANSACTION_PARSED','15b35d5497f454c43576f21a1b61d99bde25dfc5aae1a4796dcf55e739d6a399','11ab0479d3e7acac977be69e88a18fc626ff4ac478c6142a81554d851702d41d');
INSERT INTO messages VALUES(7,310000,'parse','blocks','{"block_index":310000,"ledger_hash":"cff3ba7c92f6b318eb4a4a5e2b90b655fc055d4e8a82101b813aef6e1c6152e4","messages_hash":"9d3149b2b9bd9d7f0a1beef0eaf6cc15d21b8c0c72a5316c9a8f2ed88ee35541","transaction_count":1,"txlist_hash":"9f6f20e36fd2b2b44df6e91fbfaeffc6d7fae9917b27d196245ee90c36d99ff1"}',0,'BLOCK_PARSED',NULL,'eea13a43f26d4efb8bbb3fcdf3fae6adfbbdad43707df2868de66ef0c4002a3c');
INSERT INTO messages VALUES(8,310001,'insert','blocks','{"block_hash":"3c9f6a9c6cac46a9273bd3db39ad775acd5bc546378ec2fb0587e06e112cc78e","block_index":310001,"block_time":310001000,"difficulty":null,"ledger_hash":null,"previous_block_hash":null,"txlist_hash":null}',0,'NEW_BLOCK',NULL,'2e4dc55708e8281e6b3e12dc6d5e21487a100389448582543757ae91246e6130');
INSERT INTO messages VALUES(9,310001,'insert','transactions','{"block_hash":"3c9f6a9c6cac46a9273bd3db39ad775acd5bc546378ec2fb0587e06e112cc78e","block_index":310001,"block_time":310001000,"btc_amount":1000,"data":"0000000000000000000000010000000002faf080","destination":"2_mn6q3dS2EnDUx3bmyWc6D4szJNVGtaR7zc_mnfAHmddVibnZNSkh8DvKaQoiEfNsxjXzH_mqPCfvqTfYctXMUfmniXeG2nyaN8w6tPmj_3","fee":7650,"source":"2_mn6q3dS2EnDUx3bmyWc6D4szJNVGtaR7zc_mnfAHmddVibnZNSkh8DvKaQoiEfNsxjXzH_mtQheFaSfWELRB2MyMBaiWjdDm6ux9Ezns_3","supported":true,"tx_hash":"121285e4ce5c17fbd6e0b0277702af982cdc14054735154a9043beecb247b84f","tx_index":2,"utxos_info":" a91d2e8deef46214f4c9b8aebb35b6d8807f2a400c2fb6fbf3fb47442d7ea39c:0 3 "}',0,'NEW_TRANSACTION',NULL,'170594851492ae2f2b7a887e2a0f5d54c26c4290878445beb036ace62be421a3');
INSERT INTO messages VALUES(10,310001,'insert','debits','{"action":"send","address":"2_mn6q3dS2EnDUx3bmyWc6D4szJNVGtaR7zc_mnfAHmddVibnZNSkh8DvKaQoiEfNsxjXzH_mtQheFaSfWELRB2MyMBaiWjdDm6ux9Ezns_3","asset":"XCP","block_index":310001,"event":"121285e4ce5c17fbd6e0b0277702af982cdc14054735154a9043beecb247b84f","quantity":50000000,"tx_index":2,"utxo":null,"utxo_address":null}',0,'DEBIT','121285e4ce5c17fbd6e0b0277702af982cdc14054735154a9043beecb247b84f','7b469997c0f6c15fd18cb5753d2bbccff44b69f15f6f024ffa89f72b8b4e18ea');
INSERT INTO messages VALUES(11,310001,'insert','credits','{"address":"2_mn6q3dS2EnDUx3bmyWc6D4szJNVGtaR7zc_mnfAHmddVibnZNSkh8DvKaQoiEfNsxjXzH_mqPCfvqTfYctXMUfmniXeG2nyaN8w6tPmj_3","asset":"XCP","block_index":310001,"calling_function":"send","event":"121285e4ce5c17fbd6e0b0277702af982cdc14054735154a9043beecb247b84f","quantity":50000000,"tx_index":2,"utxo":null,"utxo_address":null}',0,'CREDIT','121285e4ce5c17fbd6e0b0277702af982cdc14054735154a9043beecb247b84f','fa72f1a09763f8161505fd9727b2580617def104bc1b197ea4acb0f4c7b5884c');
INSERT INTO messages VALUES(12,310001,'insert','sends','{"asset":"XCP","block_index":310001,"destination":"2_mn6q3dS2EnDUx3bmyWc6D4szJNVGtaR7zc_mnfAHmddVibnZNSkh8DvKaQoiEfNsxjXzH_mqPCfvqTfYctXMUfmniXeG2nyaN8w6tPmj_3","quantity":50000000,"source":"2_mn6q3dS2EnDUx3bmyWc6D4szJNVGtaR7zc_mnfAHmddVibnZNSkh8DvKaQoiEfNsxjXzH_mtQheFaSfWELRB2MyMBaiWjdDm6ux9Ezns_3","status":"valid","tx_hash":"121285e4ce5c17fbd6e0b0277702af982cdc14054735154a9043beecb247b84f","tx_index":2}',0,'SEND','121285e4ce5c17fbd6e0b0277702af982cdc14054735154a9043beecb247b84f','10a2b6fa3068daac1e8beb856a2d32b2b992ab868ab3d14621d20fa8dbfdce9f');
INSERT INTO messages VALUES(13,310001,'parse','transactions','{"supported":true,"tx_hash":"121285e4ce5c17fbd6e0b0277702af982cdc14054735154a9043beecb247b84f","tx_index":2}',0,'TRANSACTION_PARSED','121285e4ce5c17fbd6e0b0277702af982cdc14054735154a9043beecb247b84f','4134f8ef0ae895fc24ccb0b86190bc52d630dd0650c6499bcd540a6a4fed358c');
INSERT INTO messages VALUES(14,310001,'parse','blocks','{"block_index":310001,"ledger_hash":"2281de0177f4fcf8d730e2751d7b9fb5da4df741196bbcaff470c7860a2ca0b6","messages_hash":"50f0785345696198ed355ead998f1dd554a2a20dc5ae7bc7b97775a5a8d3e27f","transaction_count":1,"txlist_hash":"49836952844fe3f887e718d236efa6b1f4cc0b81cfc010f79a6349562ebfc162"}',0,'BLOCK_PARSED',NULL,'780009846b7b49efa961e8e5b001dad9ec559bd72e9af80eefec40e6ccd00134');
INSERT INTO messages VALUES(15,310002,'insert','blocks','{"block_hash":"fbb60f1144e1f7d4dc036a4a158a10ea6dea2ba6283a723342a49b8eb5cc9964","block_index":310002,"block_time":310002000,"difficulty":null,"ledger_hash":null,"previous_block_hash":null,"txlist_hash":null}',0,'NEW_BLOCK',NULL,'487f0ebdfe1cb54881fca3f1adc5a1dd7a5090c3c1663858ee70129560c20702');
INSERT INTO messages VALUES(16,310002,'insert','transactions','{"block_hash":"fbb60f1144e1f7d4dc036a4a158a10ea6dea2ba6283a723342a49b8eb5cc9964","block_index":310002,"block_time":310002000,"btc_amount":0,"data":"0000000a00000000000000000000000002faf08000000000000000010000000005f5e100000a0000000000000000","destination":"","fee":1000000,"source":"2_mn6q3dS2EnDUx3bmyWc6D4szJNVGtaR7zc_mnfAHmddVibnZNSkh8DvKaQoiEfNsxjXzH_mtQheFaSfWELRB2MyMBaiWjdDm6ux9Ezns_3","supported":true,"tx_hash":"c953eb18873ce8aed42456df0ece8e4678e13282d9917916e7a4aec10e828375","tx_index":3,"utxos_info":" 4c3b65c423a0600af4c17f48fc9f8443e1e7918f419478a53d22f14b793ab4b3:0 2 "}',0,'NEW_TRANSACTION',NULL,'01e40631a4692408c0b135ec74037ad7315e6a846c2bf087877894e0d2b9baa5');
INSERT INTO messages VALUES(17,310002,'insert','orders','{"block_index":310002,"expiration":10,"expire_index":310012,"fee_provided":1000000,"fee_provided_remaining":1000000,"fee_required":0,"fee_required_remaining":0,"get_asset":"XCP","get_quantity":100000000,"get_remaining":100000000,"give_asset":"BTC","give_quantity":50000000,"give_remaining":50000000,"source":"2_mn6q3dS2EnDUx3bmyWc6D4szJNVGtaR7zc_mnfAHmddVibnZNSkh8DvKaQoiEfNsxjXzH_mtQheFaSfWELRB2MyMBaiWjdDm6ux9Ezns_3","status":"open","tx_hash":"c953eb18873ce8aed42456df0ece8e4678e13282d9917916e7a4aec10e828375","tx_index":3}',0,'OPEN_ORDER','c953eb18873ce8aed42456df0ece8e4678e13282d9917916e7a4aec10e828375','361c317f8ab6712cc2c8e72c56c736873306526e1d3b9ba27979de16d6e5b65d');
INSERT INTO messages VALUES(18,310002,'parse','transactions','{"supported":true,"tx_hash":"c953eb18873ce8aed42456df0ece8e4678e13282d9917916e7a4aec10e828375","tx_index":3}',0,'TRANSACTION_PARSED','c953eb18873ce8aed42456df0ece8e4678e13282d9917916e7a4aec10e828375','17f7ef70a7ea7875bc26b71c0f079ffd22b4ac04d9f4b5bb896c7497a3cfc382');
INSERT INTO messages VALUES(19,310002,'parse','blocks','{"block_index":310002,"ledger_hash":"802742a55d8ab83de24c45efb86d1daa0ad4e565cc4db6dcaa5cedb16ec4125f","messages_hash":"293b1c8bbf3dedba7f3090bf004779aa1cb17452c538a7b9e5eac760b3bcaf45","transaction_count":1,"txlist_hash":"017a0ddcf461ffcc3c89042ba6a6337efcc276c8f144daad445ba0e4a36bab33"}',0,'BLOCK_PARSED',NULL,'322f4e66228126b4fdb526681b3694a75856ae816939c031c43c351256d74073');
INSERT INTO messages VALUES(20,310003,'insert','blocks','{"block_hash":"d50825dcb32bcf6f69994d616eba18de7718d3d859497e80751b2cb67e333e8a","block_index":310003,"block_time":310003000,"difficulty":null,"ledger_hash":null,"previous_block_hash":null,"txlist_hash":null}',0,'NEW_BLOCK',NULL,'624aa05e79b917b3dea2dbe0aea7155b6efa3ebafad5dc066ed958cf910e3077');
INSERT INTO messages VALUES(21,310003,'insert','transactions','{"block_hash":"d50825dcb32bcf6f69994d616eba18de7718d3d859497e80751b2cb67e333e8a","block_index":310003,"block_time":310003000,"btc_amount":0,"data":"0000000a00000000000000010000000006422c4000000000000000000000000002faf080000a00000000000dbba0","destination":"","fee":6800,"source":"2_mn6q3dS2EnDUx3bmyWc6D4szJNVGtaR7zc_mnfAHmddVibnZNSkh8DvKaQoiEfNsxjXzH_mtQheFaSfWELRB2MyMBaiWjdDm6ux9Ezns_3","supported":true,"tx_hash":"89a44a3314b298a83d5d14c8646900a5122b8a1e8f6e0528e73ea82044d1726a","tx_index":4,"utxos_info":" e108001c44f040df19f8e751538a100b2dfbe606f72e8e359794e9c05bc3f52e:0 2 "}',0,'NEW_TRANSACTION',NULL,'f78b7d2a21c06a8efd771bb90b160aa0cc4d2ddf06f2efa68581ca048f80b516');
INSERT INTO messages VALUES(22,310003,'insert','debits','{"action":"open order","address":"2_mn6q3dS2EnDUx3bmyWc6D4szJNVGtaR7zc_mnfAHmddVibnZNSkh8DvKaQoiEfNsxjXzH_mtQheFaSfWELRB2MyMBaiWjdDm6ux9Ezns_3","asset":"XCP","block_index":310003,"event":"89a44a3314b298a83d5d14c8646900a5122b8a1e8f6e0528e73ea82044d1726a","quantity":105000000,"tx_index":4,"utxo":null,"utxo_address":null}',0,'DEBIT','89a44a3314b298a83d5d14c8646900a5122b8a1e8f6e0528e73ea82044d1726a','dbc40d37d95c314439239fe9328dd4d942ace97d820d7b7b47418b959a09a54a');
INSERT INTO messages VALUES(23,310003,'insert','orders','{"block_index":310003,"expiration":10,"expire_index":310013,"fee_provided":6800,"fee_provided_remaining":6800,"fee_required":900000,"fee_required_remaining":900000,"get_asset":"BTC","get_quantity":50000000,"get_remaining":50000000,"give_asset":"XCP","give_quantity":105000000,"give_remaining":105000000,"source":"2_mn6q3dS2EnDUx3bmyWc6D4szJNVGtaR7zc_mnfAHmddVibnZNSkh8DvKaQoiEfNsxjXzH_mtQheFaSfWELRB2MyMBaiWjdDm6ux9Ezns_3","status":"open","tx_hash":"89a44a3314b298a83d5d14c8646900a5122b8a1e8f6e0528e73ea82044d1726a","tx_index":4}',0,'OPEN_ORDER','89a44a3314b298a83d5d14c8646900a5122b8a1e8f6e0528e73ea82044d1726a','e570875febba8b2bc96bb377c002b1a203bad6cd875bceb33e7dc5d1c3430574');
INSERT INTO messages VALUES(24,310003,'update','orders','{"fee_provided_remaining":142858,"fee_required_remaining":0,"get_remaining":0,"give_remaining":0,"status":"open","tx_hash":"c953eb18873ce8aed42456df0ece8e4678e13282d9917916e7a4aec10e828375"}',0,'ORDER_UPDATE','89a44a3314b298a83d5d14c8646900a5122b8a1e8f6e0528e73ea82044d1726a','7aab6031009b6fdf12452827a176c30863d3fd1be5d364b6b10eeb321167cbe6');
INSERT INTO messages VALUES(25,310003,'update','orders','{"fee_provided_remaining":6800,"fee_required_remaining":42858,"get_remaining":0,"give_remaining":5000000,"status":"open","tx_hash":"89a44a3314b298a83d5d14c8646900a5122b8a1e8f6e0528e73ea82044d1726a"}',0,'ORDER_UPDATE','89a44a3314b298a83d5d14c8646900a5122b8a1e8f6e0528e73ea82044d1726a','461861b75846a4e93acc7e2d020f260a5c1405472195314d39d9d7af60922943');
INSERT INTO messages VALUES(26,310003,'insert','order_matches','{"backward_asset":"XCP","backward_quantity":100000000,"block_index":310003,"fee_paid":857142,"forward_asset":"BTC","forward_quantity":50000000,"id":"c953eb18873ce8aed42456df0ece8e4678e13282d9917916e7a4aec10e828375_89a44a3314b298a83d5d14c8646900a5122b8a1e8f6e0528e73ea82044d1726a","match_expire_index":310023,"status":"pending","tx0_address":"2_mn6q3dS2EnDUx3bmyWc6D4szJNVGtaR7zc_mnfAHmddVibnZNSkh8DvKaQoiEfNsxjXzH_mtQheFaSfWELRB2MyMBaiWjdDm6ux9Ezns_3","tx0_block_index":310002,"tx0_expiration":10,"tx0_hash":"c953eb18873ce8aed42456df0ece8e4678e13282d9917916e7a4aec10e828375","tx0_index":3,"tx1_address":"2_mn6q3dS2EnDUx3bmyWc6D4szJNVGtaR7zc_mnfAHmddVibnZNSkh8DvKaQoiEfNsxjXzH_mtQheFaSfWELRB2MyMBaiWjdDm6ux9Ezns_3","tx1_block_index":310003,"tx1_expiration":10,"tx1_hash":"89a44a3314b298a83d5d14c8646900a5122b8a1e8f6e0528e73ea82044d1726a","tx1_index":4}',0,'ORDER_MATCH','89a44a3314b298a83d5d14c8646900a5122b8a1e8f6e0528e73ea82044d1726a','6a0b18992322260928d7ce5c8d7b06d33a854b59b6e09c35e127f2663d1c657b');
INSERT INTO messages VALUES(27,310003,'parse','transactions','{"supported":true,"tx_hash":"89a44a3314b298a83d5d14c8646900a5122b8a1e8f6e0528e73ea82044d1726a","tx_index":4}',0,'TRANSACTION_PARSED','89a44a3314b298a83d5d14c8646900a5122b8a1e8f6e0528e73ea82044d1726a','a5036b55b63c2219ada377c202c5c1458771844af5cf453b91456e0e6917de55');
INSERT INTO messages VALUES(28,310003,'parse','blocks','{"block_index":310003,"ledger_hash":"ed279c6a985256134cfb39f1283ec97c8dc800b7255a3e8243ca9846884d0378","messages_hash":"aa68ee7eb93385ffdd2ae15a63c2d2d90a80daae8f368f8374684d68cefd807b","transaction_count":1,"txlist_hash":"8ec458bf08abe2f3634eafac5af321f02cf5d470c2a87301b8061efe3dcc644f"}',0,'BLOCK_PARSED',NULL,'be61e8ab4c9d019728439fe6efd24899a5c87927398bf643c8590acd6bf3d598');
INSERT INTO messages VALUES(29,310004,'insert','blocks','{"block_hash":"60cdc0ac0e3121ceaa2c3885f21f5789f49992ffef6e6ff99f7da80e36744615","block_index":310004,"block_time":310004000,"difficulty":null,"ledger_hash":null,"previous_block_hash":null,"txlist_hash":null}',0,'NEW_BLOCK',NULL,'be1e52196ccb2d0a97c755134a4e5f93dd3c32aab314d0a4c68455e0837475e2');
INSERT INTO messages VALUES(30,310004,'insert','transactions','{"block_hash":"60cdc0ac0e3121ceaa2c3885f21f5789f49992ffef6e6ff99f7da80e36744615","block_index":310004,"block_time":310004000,"btc_amount":50000000,"data":"0000000bc953eb18873ce8aed42456df0ece8e4678e13282d9917916e7a4aec10e82837589a44a3314b298a83d5d14c8646900a5122b8a1e8f6e0528e73ea82044d1726a","destination":"2_mn6q3dS2EnDUx3bmyWc6D4szJNVGtaR7zc_mnfAHmddVibnZNSkh8DvKaQoiEfNsxjXzH_mtQheFaSfWELRB2MyMBaiWjdDm6ux9Ezns_3","fee":9675,"source":"2_mn6q3dS2EnDUx3bmyWc6D4szJNVGtaR7zc_mnfAHmddVibnZNSkh8DvKaQoiEfNsxjXzH_mtQheFaSfWELRB2MyMBaiWjdDm6ux9Ezns_3","supported":true,"tx_hash":"f0c58099c1614dcf2b8fd12be01c63427a5877b8c0367ecadea31ae9eb9714e6","tx_index":5,"utxos_info":" 2fd391aa096ca17e07a6dd0f8cf70121cb8c7c542d17254f34d5c302093a4e3e:0 4 "}',0,'NEW_TRANSACTION',NULL,'2b829dfded3239df57fd9c5c2688a6404d3253da45b6831c344875fd93f822d9');
INSERT INTO messages VALUES(31,310004,'insert','credits','{"address":"2_mn6q3dS2EnDUx3bmyWc6D4szJNVGtaR7zc_mnfAHmddVibnZNSkh8DvKaQoiEfNsxjXzH_mtQheFaSfWELRB2MyMBaiWjdDm6ux9Ezns_3","asset":"XCP","block_index":310004,"calling_function":"btcpay","event":"f0c58099c1614dcf2b8fd12be01c63427a5877b8c0367ecadea31ae9eb9714e6","quantity":100000000,"tx_index":5,"utxo":null,"utxo_address":null}',0,'CREDIT','f0c58099c1614dcf2b8fd12be01c63427a5877b8c0367ecadea31ae9eb9714e6','08c0970561e20a6d963ddd15f1afa87a06f28155b3dfa39a9149134c863b0bf5');
INSERT INTO messages VALUES(32,310004,'update','order_matches','{"id":"c953eb18873ce8aed42456df0ece8e4678e13282d9917916e7a4aec10e828375_89a44a3314b298a83d5d14c8646900a5122b8a1e8f6e0528e73ea82044d1726a","order_match_id":"c953eb18873ce8aed42456df0ece8e4678e13282d9917916e7a4aec10e828375_89a44a3314b298a83d5d14c8646900a5122b8a1e8f6e0528e73ea82044d1726a","status":"completed"}',0,'ORDER_MATCH_UPDATE','f0c58099c1614dcf2b8fd12be01c63427a5877b8c0367ecadea31ae9eb9714e6','e60f0840373ab612090504c3bda0f1cbdfae024c89e0bcec1a7e7903d5adc605');
INSERT INTO messages VALUES(33,310004,'insert','btcpays','{"block_index":310004,"btc_amount":50000000,"destination":"2_mn6q3dS2EnDUx3bmyWc6D4szJNVGtaR7zc_mnfAHmddVibnZNSkh8DvKaQoiEfNsxjXzH_mtQheFaSfWELRB2MyMBaiWjdDm6ux9Ezns_3","order_match_id":"c953eb18873ce8aed42456df0ece8e4678e13282d9917916e7a4aec10e828375_89a44a3314b298a83d5d14c8646900a5122b8a1e8f6e0528e73ea82044d1726a","source":"2_mn6q3dS2EnDUx3bmyWc6D4szJNVGtaR7zc_mnfAHmddVibnZNSkh8DvKaQoiEfNsxjXzH_mtQheFaSfWELRB2MyMBaiWjdDm6ux9Ezns_3","status":"valid","tx_hash":"f0c58099c1614dcf2b8fd12be01c63427a5877b8c0367ecadea31ae9eb9714e6","tx_index":5}',0,'BTC_PAY','f0c58099c1614dcf2b8fd12be01c63427a5877b8c0367ecadea31ae9eb9714e6','51e4622cb44c9e76740df72d571f03c257e1ad959aedc4fe93124488f3e63467');
INSERT INTO messages VALUES(34,310004,'parse','transactions','{"supported":true,"tx_hash":"f0c58099c1614dcf2b8fd12be01c63427a5877b8c0367ecadea31ae9eb9714e6","tx_index":5}',0,'TRANSACTION_PARSED','f0c58099c1614dcf2b8fd12be01c63427a5877b8c0367ecadea31ae9eb9714e6','774dc97c2cc4dc29b1d1eee0bf7b749a0674c1b790d1394c69e6d0ba25857f37');
INSERT INTO messages VALUES(35,310004,'parse','blocks','{"block_index":310004,"ledger_hash":"bba1ec90ee149be7d8a88ff9df1fca931e076e885be21bc822637829a8675e02","messages_hash":"f050ca60b987d9b5bfa953233ebc11ca1ed860c9d46c93fea91021eac21b7628","transaction_count":1,"txlist_hash":"e2e334cb3c300e622a50d2c206fe532a3320f56c445dc1a9dec750417260fe9a"}',0,'BLOCK_PARSED',NULL,'8f27874ec83c540f0db43363d191a296af948c7c78f7d03f5984d9b343a7c1b2');
INSERT INTO messages VALUES(36,310005,'insert','blocks','{"block_hash":"8005c2926b7ecc50376642bc661a49108b6dc62636463a5c492b123e2184cd9a","block_index":310005,"block_time":310005000,"difficulty":null,"ledger_hash":null,"previous_block_hash":null,"txlist_hash":null}',0,'NEW_BLOCK',NULL,'7237ee59f07e244fc8ce03efd9386c580d8204467711f352125dc25da2a3d53c');
INSERT INTO messages VALUES(37,310005,'insert','transactions','{"block_hash":"8005c2926b7ecc50376642bc661a49108b6dc62636463a5c492b123e2184cd9a","block_index":310005,"block_time":310005000,"btc_amount":0,"data":"000000140000000000004767000000003b9aca000100000000000000000000","destination":"","fee":6800,"source":"2_mn6q3dS2EnDUx3bmyWc6D4szJNVGtaR7zc_mnfAHmddVibnZNSkh8DvKaQoiEfNsxjXzH_mtQheFaSfWELRB2MyMBaiWjdDm6ux9Ezns_3","supported":true,"tx_hash":"9238105e39efd4b7d428ad14011ad0c0f366bdcd150afa954e1f25c0cf4c2cc9","tx_index":6,"utxos_info":" c06c060767776b7f09c3eed96bea1466a3d9f49c4d00d16cfc4049bd45821fb3:0 2 "}',0,'NEW_TRANSACTION',NULL,'0f3cab5b8185fedce25f7c1c60318469137c24088ae1a5292dc0b0a7059b9acd');
INSERT INTO messages VALUES(38,310005,'insert','debits','{"action":"issuance fee","address":"2_mn6q3dS2EnDUx3bmyWc6D4szJNVGtaR7zc_mnfAHmddVibnZNSkh8DvKaQoiEfNsxjXzH_mtQheFaSfWELRB2MyMBaiWjdDm6ux9Ezns_3","asset":"XCP","block_index":310005,"event":"9238105e39efd4b7d428ad14011ad0c0f366bdcd150afa954e1f25c0cf4c2cc9","quantity":50000000,"tx_index":6,"utxo":null,"utxo_address":null}',0,'DEBIT','9238105e39efd4b7d428ad14011ad0c0f366bdcd150afa954e1f25c0cf4c2cc9','f4a0e154294a74b5a5d258453a35acb2a64d2afa49e28952afb0f2ef0eded3dd');
INSERT INTO messages VALUES(39,310005,'insert','assets','{"asset_id":"18279","asset_longname":null,"asset_name":"BBBB","block_index":310005}',0,'ASSET_CREATION','9238105e39efd4b7d428ad14011ad0c0f366bdcd150afa954e1f25c0cf4c2cc9','200ec6fe0e5b04a35b96704d70e1b40a6db554e34a522c47870167fe4057512c');
INSERT INTO messages VALUES(40,310005,'insert','issuances','{"asset":"BBBB","asset_events":"creation","asset_longname":null,"block_index":310005,"call_date":0,"call_price":0.0,"callable":false,"description":"","description_locked":false,"divisible":true,"fee_paid":50000000,"issuer":"2_mn6q3dS2EnDUx3bmyWc6D4szJNVGtaR7zc_mnfAHmddVibnZNSkh8DvKaQoiEfNsxjXzH_mtQheFaSfWELRB2MyMBaiWjdDm6ux9Ezns_3","locked":false,"quantity":1000000000,"reset":false,"source":"2_mn6q3dS2EnDUx3bmyWc6D4szJNVGtaR7zc_mnfAHmddVibnZNSkh8DvKaQoiEfNsxjXzH_mtQheFaSfWELRB2MyMBaiWjdDm6ux9Ezns_3","status":"valid","transfer":false,"tx_hash":"9238105e39efd4b7d428ad14011ad0c0f366bdcd150afa954e1f25c0cf4c2cc9","tx_index":6}',0,'ASSET_ISSUANCE','9238105e39efd4b7d428ad14011ad0c0f366bdcd150afa954e1f25c0cf4c2cc9','08dd889093a8d0785102e01d0dff09cc6049bcaf945e6c34cd2c891b82351b7d');
INSERT INTO messages VALUES(41,310005,'insert','credits','{"address":"2_mn6q3dS2EnDUx3bmyWc6D4szJNVGtaR7zc_mnfAHmddVibnZNSkh8DvKaQoiEfNsxjXzH_mtQheFaSfWELRB2MyMBaiWjdDm6ux9Ezns_3","asset":"BBBB","block_index":310005,"calling_function":"issuance","event":"9238105e39efd4b7d428ad14011ad0c0f366bdcd150afa954e1f25c0cf4c2cc9","quantity":1000000000,"tx_index":6,"utxo":null,"utxo_address":null}',0,'CREDIT','9238105e39efd4b7d428ad14011ad0c0f366bdcd150afa954e1f25c0cf4c2cc9','7dfef70cca655cade143c53e3550168c7088ef9b0acee7f0b478f3b9d2959a15');
INSERT INTO messages VALUES(42,310005,'parse','transactions','{"supported":true,"tx_hash":"9238105e39efd4b7d428ad14011ad0c0f366bdcd150afa954e1f25c0cf4c2cc9","tx_index":6}',0,'TRANSACTION_PARSED','9238105e39efd4b7d428ad14011ad0c0f366bdcd150afa954e1f25c0cf4c2cc9','403fcfb273182cad8528d201aedc7c8534ae9b8a16212f9781596745f16d902b');
INSERT INTO messages VALUES(43,310005,'parse','blocks','{"block_index":310005,"ledger_hash":"5f8a9d465e686b3e9471041bd15d645b7fc8afee36ee890873aa6c3c51d87bb5","messages_hash":"0b4c5df66ed08baf7b71a048f65580dce13bbc141471e889eeb4baafc0873fcc","transaction_count":1,"txlist_hash":"260ad7ae2e2b555f7adf9155fcb761e7ed7a2d22f128457db0f1ff363b498d64"}',0,'BLOCK_PARSED',NULL,'647db66876f593da2bc08dfc79e2ab3e9453888e7abd83160dc94689c9bb1e8c');
INSERT INTO messages VALUES(44,310006,'insert','blocks','{"block_hash":"bdad69d1669eace68b9f246de113161099d4f83322e2acf402c42defef3af2bb","block_index":310006,"block_time":310006000,"difficulty":null,"ledger_hash":null,"previous_block_hash":null,"txlist_hash":null}',0,'NEW_BLOCK',NULL,'7dd8097495f48e15354366426659001386e5d15a866527db88699c3799866983');
INSERT INTO messages VALUES(45,310006,'insert','transactions','{"block_hash":"bdad69d1669eace68b9f246de113161099d4f83322e2acf402c42defef3af2bb","block_index":310006,"block_time":310006000,"btc_amount":0,"data":"00000014000000000000476800000000000186a00000000000000000000006666f6f626172","destination":"","fee":6800,"source":"2_mn6q3dS2EnDUx3bmyWc6D4szJNVGtaR7zc_mnfAHmddVibnZNSkh8DvKaQoiEfNsxjXzH_mtQheFaSfWELRB2MyMBaiWjdDm6ux9Ezns_3","supported":true,"tx_hash":"19d9d6059edf351635fa19ad867ccfa1db3959a5109fc63729430110a661b6e8","tx_index":7,"utxos_info":" 70e7cfe725accafbee3f35946c1a5d4ab2aa80adcfb17a0aed6af3e79278a848:0 2 "}',0,'NEW_TRANSACTION',NULL,'1d190b33f594531f7895f4b6bacbc619a0a37eca4df1fe088046641355933be3');
INSERT INTO messages VALUES(46,310006,'insert','debits','{"action":"issuance fee","address":"2_mn6q3dS2EnDUx3bmyWc6D4szJNVGtaR7zc_mnfAHmddVibnZNSkh8DvKaQoiEfNsxjXzH_mtQheFaSfWELRB2MyMBaiWjdDm6ux9Ezns_3","asset":"XCP","block_index":310006,"event":"19d9d6059edf351635fa19ad867ccfa1db3959a5109fc63729430110a661b6e8","quantity":50000000,"tx_index":7,"utxo":null,"utxo_address":null}',0,'DEBIT','19d9d6059edf351635fa19ad867ccfa1db3959a5109fc63729430110a661b6e8','c35547cad6c2e3946f01cf6093c58ea41aee8d32add499f623f87f2335621bac');
INSERT INTO messages VALUES(47,310006,'insert','assets','{"asset_id":"18280","asset_longname":null,"asset_name":"BBBC","block_index":310006}',0,'ASSET_CREATION','19d9d6059edf351635fa19ad867ccfa1db3959a5109fc63729430110a661b6e8','9ab2aa7a35227b9136e346d84f66cd01314e44d7d01c509b6c01b49605c5cdf7');
INSERT INTO messages VALUES(48,310006,'insert','issuances','{"asset":"BBBC","asset_events":"creation","asset_longname":null,"block_index":310006,"call_date":0,"call_price":0.0,"callable":false,"description":"foobar","description_locked":false,"divisible":false,"fee_paid":50000000,"issuer":"2_mn6q3dS2EnDUx3bmyWc6D4szJNVGtaR7zc_mnfAHmddVibnZNSkh8DvKaQoiEfNsxjXzH_mtQheFaSfWELRB2MyMBaiWjdDm6ux9Ezns_3","locked":false,"quantity":100000,"reset":false,"source":"2_mn6q3dS2EnDUx3bmyWc6D4szJNVGtaR7zc_mnfAHmddVibnZNSkh8DvKaQoiEfNsxjXzH_mtQheFaSfWELRB2MyMBaiWjdDm6ux9Ezns_3","status":"valid","transfer":false,"tx_hash":"19d9d6059edf351635fa19ad867ccfa1db3959a5109fc63729430110a661b6e8","tx_index":7}',0,'ASSET_ISSUANCE','19d9d6059edf351635fa19ad867ccfa1db3959a5109fc63729430110a661b6e8','9feaa499653d85cd96ca7b5106f5b0595ae02df40c1d4585d6d6310ffa7b3d23');
INSERT INTO messages VALUES(49,310006,'insert','credits','{"address":"2_mn6q3dS2EnDUx3bmyWc6D4szJNVGtaR7zc_mnfAHmddVibnZNSkh8DvKaQoiEfNsxjXzH_mtQheFaSfWELRB2MyMBaiWjdDm6ux9Ezns_3","asset":"BBBC","block_index":310006,"calling_function":"issuance","event":"19d9d6059edf351635fa19ad867ccfa1db3959a5109fc63729430110a661b6e8","quantity":100000,"tx_index":7,"utxo":null,"utxo_address":null}',0,'CREDIT','19d9d6059edf351635fa19ad867ccfa1db3959a5109fc63729430110a661b6e8','409d1bd2db8ddfa09b1d0f58a174daa197069ae8583467c018525e397f641c26');
INSERT INTO messages VALUES(50,310006,'parse','transactions','{"supported":true,"tx_hash":"19d9d6059edf351635fa19ad867ccfa1db3959a5109fc63729430110a661b6e8","tx_index":7}',0,'TRANSACTION_PARSED','19d9d6059edf351635fa19ad867ccfa1db3959a5109fc63729430110a661b6e8','38a77ef31408434f4eae5bee1a471bcee7c2cccfa4861c0d9db61320b3519596');
INSERT INTO messages VALUES(51,310006,'parse','blocks','{"block_index":310006,"ledger_hash":"153795f1c7ae2dbec7fc19bb25d03dd518f0664bca82b9bb92bb7c4f1e22f040","messages_hash":"156ac4ccba4b2fe2e522097ff05306166bcc22f8332ad4ef5d1811278823fd32","transaction_count":1,"txlist_hash":"c047baa686f8bf24c406cf03687c0b4fe6b95e4afe0b396e0f507a694fb10245"}',0,'BLOCK_PARSED',NULL,'26bca3f76b717348c6baa476bbc77321519f50e7c8abccdc3791b0264f8676c5');
INSERT INTO messages VALUES(52,310007,'insert','blocks','{"block_hash":"10a642b96d60091d08234d17dfdecf3025eca41e4fc8e3bbe71a91c5a457cb4b","block_index":310007,"block_time":310007000,"difficulty":null,"ledger_hash":null,"previous_block_hash":null,"txlist_hash":null}',0,'NEW_BLOCK',NULL,'6228f3d28bb3275541d7bff7837cb58effead73862fd183116bb6fc95ff04ee4');
INSERT INTO messages VALUES(53,310007,'insert','transactions','{"block_hash":"10a642b96d60091d08234d17dfdecf3025eca41e4fc8e3bbe71a91c5a457cb4b","block_index":310007,"block_time":310007000,"btc_amount":1000,"data":"00000000000000000000476700000000003d0900","destination":"2_mn6q3dS2EnDUx3bmyWc6D4szJNVGtaR7zc_mnfAHmddVibnZNSkh8DvKaQoiEfNsxjXzH_mqPCfvqTfYctXMUfmniXeG2nyaN8w6tPmj_3","fee":7650,"source":"2_mn6q3dS2EnDUx3bmyWc6D4szJNVGtaR7zc_mnfAHmddVibnZNSkh8DvKaQoiEfNsxjXzH_mtQheFaSfWELRB2MyMBaiWjdDm6ux9Ezns_3","supported":true,"tx_hash":"b25659252f68f162d96cf2cf3070b30e5913b472cbace76985e314b4634641a0","tx_index":8,"utxos_info":" d36f95f3a8fb5852f28ff84250bd92661ec31fce6d5b1505455279e2c9826ec8:0 3 "}',0,'NEW_TRANSACTION',NULL,'ab19460fe49d87fc15db27be6dc59cf1477db15a394b76d9db526910e5613ac8');
INSERT INTO messages VALUES(54,310007,'insert','debits','{"action":"send","address":"2_mn6q3dS2EnDUx3bmyWc6D4szJNVGtaR7zc_mnfAHmddVibnZNSkh8DvKaQoiEfNsxjXzH_mtQheFaSfWELRB2MyMBaiWjdDm6ux9Ezns_3","asset":"BBBB","block_index":310007,"event":"b25659252f68f162d96cf2cf3070b30e5913b472cbace76985e314b4634641a0","quantity":4000000,"tx_index":8,"utxo":null,"utxo_address":null}',0,'DEBIT','b25659252f68f162d96cf2cf3070b30e5913b472cbace76985e314b4634641a0','c68c647517fb01ecc699fd5e7627db35fc60aa97a4c60ca0cb652459eb1a7df6');
INSERT INTO messages VALUES(55,310007,'insert','credits','{"address":"2_mn6q3dS2EnDUx3bmyWc6D4szJNVGtaR7zc_mnfAHmddVibnZNSkh8DvKaQoiEfNsxjXzH_mqPCfvqTfYctXMUfmniXeG2nyaN8w6tPmj_3","asset":"BBBB","block_index":310007,"calling_function":"send","event":"b25659252f68f162d96cf2cf3070b30e5913b472cbace76985e314b4634641a0","quantity":4000000,"tx_index":8,"utxo":null,"utxo_address":null}',0,'CREDIT','b25659252f68f162d96cf2cf3070b30e5913b472cbace76985e314b4634641a0','105404252154d7e44fd91534320bf37a6882cdd5afe846444b0dfb912e0001d3');
INSERT INTO messages VALUES(56,310007,'insert','sends','{"asset":"BBBB","block_index":310007,"destination":"2_mn6q3dS2EnDUx3bmyWc6D4szJNVGtaR7zc_mnfAHmddVibnZNSkh8DvKaQoiEfNsxjXzH_mqPCfvqTfYctXMUfmniXeG2nyaN8w6tPmj_3","quantity":4000000,"source":"2_mn6q3dS2EnDUx3bmyWc6D4szJNVGtaR7zc_mnfAHmddVibnZNSkh8DvKaQoiEfNsxjXzH_mtQheFaSfWELRB2MyMBaiWjdDm6ux9Ezns_3","status":"valid","tx_hash":"b25659252f68f162d96cf2cf3070b30e5913b472cbace76985e314b4634641a0","tx_index":8}',0,'SEND','b25659252f68f162d96cf2cf3070b30e5913b472cbace76985e314b4634641a0','acf3b77f06024fdadd2eeaf8242db321ee85a807d52fc1ad7d3836a83d7a7902');
INSERT INTO messages VALUES(57,310007,'parse','transactions','{"supported":true,"tx_hash":"b25659252f68f162d96cf2cf3070b30e5913b472cbace76985e314b4634641a0","tx_index":8}',0,'TRANSACTION_PARSED','b25659252f68f162d96cf2cf3070b30e5913b472cbace76985e314b4634641a0','7a480f00f3a04ed0cbb0f9acaec9a0d97a286b3a58c053614da93918d35b4f7a');
INSERT INTO messages VALUES(58,310007,'parse','blocks','{"block_index":310007,"ledger_hash":"c5d21baa8c6949a8e9f0d73a37436d431bf4876ab3b60b82553877ec53fc4454","messages_hash":"cdce04861a8af2d1126191e39117eaf91dc371c8a0b757dd164a1a4abe05cc43","transaction_count":1,"txlist_hash":"d9532f5bdd583968d88ed24feb95b50c5e319d36171dd7bc6067ddf3d13c623c"}',0,'BLOCK_PARSED',NULL,'efd75a2635dd1114ea8773e5930b4a7a579727eec0b033fa3c96898bb8f7c98c');
INSERT INTO messages VALUES(59,310008,'insert','blocks','{"block_hash":"47d0e3acbdc6916aeae95e987f9cfa16209b3df1e67bb38143b3422b32322c33","block_index":310008,"block_time":310008000,"difficulty":null,"ledger_hash":null,"previous_block_hash":null,"txlist_hash":null}',0,'NEW_BLOCK',NULL,'ce83643166cd5102134a6ae8c17300e212b21bb1c9ae6a8b185ae9c83e742dfa');
INSERT INTO messages VALUES(60,310008,'insert','transactions','{"block_hash":"47d0e3acbdc6916aeae95e987f9cfa16209b3df1e67bb38143b3422b32322c33","block_index":310008,"block_time":310008000,"btc_amount":1000,"data":"000000000000000000004768000000000000020e","destination":"2_mn6q3dS2EnDUx3bmyWc6D4szJNVGtaR7zc_mnfAHmddVibnZNSkh8DvKaQoiEfNsxjXzH_mqPCfvqTfYctXMUfmniXeG2nyaN8w6tPmj_3","fee":7650,"source":"2_mn6q3dS2EnDUx3bmyWc6D4szJNVGtaR7zc_mnfAHmddVibnZNSkh8DvKaQoiEfNsxjXzH_mtQheFaSfWELRB2MyMBaiWjdDm6ux9Ezns_3","supported":true,"tx_hash":"592e248181970aa6f97f2cfe133323d3ffb2095dd7f411cfd20b1ab611238a11","tx_index":9,"utxos_info":" f436cbcb20522b45ba9c40785725c876d3a520a4f3f683d08d6c24a4e6c1563e:0 3 "}',0,'NEW_TRANSACTION',NULL,'e8f53498534fa46f2617ecf0200152034946bf5dab8051dd77067eca2a91b062');
INSERT INTO messages VALUES(61,310008,'insert','debits','{"action":"send","address":"2_mn6q3dS2EnDUx3bmyWc6D4szJNVGtaR7zc_mnfAHmddVibnZNSkh8DvKaQoiEfNsxjXzH_mtQheFaSfWELRB2MyMBaiWjdDm6ux9Ezns_3","asset":"BBBC","block_index":310008,"event":"592e248181970aa6f97f2cfe133323d3ffb2095dd7f411cfd20b1ab611238a11","quantity":526,"tx_index":9,"utxo":null,"utxo_address":null}',0,'DEBIT','592e248181970aa6f97f2cfe133323d3ffb2095dd7f411cfd20b1ab611238a11','a6024cfd88582a8f909dd750ac4b4b433325e2191166f076f39586f7bdf6b850');
INSERT INTO messages VALUES(62,310008,'insert','credits','{"address":"2_mn6q3dS2EnDUx3bmyWc6D4szJNVGtaR7zc_mnfAHmddVibnZNSkh8DvKaQoiEfNsxjXzH_mqPCfvqTfYctXMUfmniXeG2nyaN8w6tPmj_3","asset":"BBBC","block_index":310008,"calling_function":"send","event":"592e248181970aa6f97f2cfe133323d3ffb2095dd7f411cfd20b1ab611238a11","quantity":526,"tx_index":9,"utxo":null,"utxo_address":null}',0,'CREDIT','592e248181970aa6f97f2cfe133323d3ffb2095dd7f411cfd20b1ab611238a11','231931537838b1386866ce12778013a1239572b5a68891607a5380036245e791');
INSERT INTO messages VALUES(63,310008,'insert','sends','{"asset":"BBBC","block_index":310008,"destination":"2_mn6q3dS2EnDUx3bmyWc6D4szJNVGtaR7zc_mnfAHmddVibnZNSkh8DvKaQoiEfNsxjXzH_mqPCfvqTfYctXMUfmniXeG2nyaN8w6tPmj_3","quantity":526,"source":"2_mn6q3dS2EnDUx3bmyWc6D4szJNVGtaR7zc_mnfAHmddVibnZNSkh8DvKaQoiEfNsxjXzH_mtQheFaSfWELRB2MyMBaiWjdDm6ux9Ezns_3","status":"valid","tx_hash":"592e248181970aa6f97f2cfe133323d3ffb2095dd7f411cfd20b1ab611238a11","tx_index":9}',0,'SEND','592e248181970aa6f97f2cfe133323d3ffb2095dd7f411cfd20b1ab611238a11','e20a6f96b4a8788187494d4112bf5c243c333aa5c0efbb61aa2d0a3a9023e3a8');
INSERT INTO messages VALUES(64,310008,'parse','transactions','{"supported":true,"tx_hash":"592e248181970aa6f97f2cfe133323d3ffb2095dd7f411cfd20b1ab611238a11","tx_index":9}',0,'TRANSACTION_PARSED','592e248181970aa6f97f2cfe133323d3ffb2095dd7f411cfd20b1ab611238a11','c68b9de2fbce9056286fa84dbbb4cd391dcd5a9c1703aeeb38abfdf33abbd8d0');
INSERT INTO messages VALUES(65,310008,'parse','blocks','{"block_index":310008,"ledger_hash":"579de8204446e9128076fd27a644a82da77ca5ff2793ff56815c24a11218af5e","messages_hash":"5c8ec7ec7eba9e229b97430f02982b72e482a59e9a1ca5de9be9e896331f2e4d","transaction_count":1,"txlist_hash":"5b37c224e5684c0b3a913793e7e97c4f88b26b6c6d7683de8e06bb9485fba409"}',0,'BLOCK_PARSED',NULL,'1c551bd8972c04c27e65f6cf6877c1c7e71b4640893944bea0274a23117f4f31');
INSERT INTO messages VALUES(66,310009,'insert','blocks','{"block_hash":"4d474992b141620bf3753863db7ee5e8af26cadfbba27725911f44fa657bc1c0","block_index":310009,"block_time":310009000,"difficulty":null,"ledger_hash":null,"previous_block_hash":null,"txlist_hash":null}',0,'NEW_BLOCK',NULL,'6d9187f7ea05ea82d59eaa08093110a512e441c7d519aa5e8e6dbb58b51c5973');
INSERT INTO messages VALUES(67,310009,'insert','transactions','{"block_hash":"4d474992b141620bf3753863db7ee5e8af26cadfbba27725911f44fa657bc1c0","block_index":310009,"block_time":310009000,"btc_amount":0,"data":"00000032000000000000025800000000000047670000000000000001","destination":"","fee":6800,"source":"2_mn6q3dS2EnDUx3bmyWc6D4szJNVGtaR7zc_mnfAHmddVibnZNSkh8DvKaQoiEfNsxjXzH_mtQheFaSfWELRB2MyMBaiWjdDm6ux9Ezns_3","supported":true,"tx_hash":"f2f6db13d6bda4def4f1bd759b603c64c962f82017329057a9237ceaf171520a","tx_index":10,"utxos_info":" 0d302299946d398d35a9735af378054a896a17db28edcc87586ec5ff530520e2:0 2 "}',0,'NEW_TRANSACTION',NULL,'95f37db97a326642860b2837c78cfb660e9ede9089ce1d52040aa08dc1cd9787');
INSERT INTO messages VALUES(68,310009,'insert','debits','{"action":"dividend","address":"2_mn6q3dS2EnDUx3bmyWc6D4szJNVGtaR7zc_mnfAHmddVibnZNSkh8DvKaQoiEfNsxjXzH_mtQheFaSfWELRB2MyMBaiWjdDm6ux9Ezns_3","asset":"XCP","block_index":310009,"event":"f2f6db13d6bda4def4f1bd759b603c64c962f82017329057a9237ceaf171520a","quantity":24,"tx_index":10,"utxo":null,"utxo_address":null}',0,'DEBIT','f2f6db13d6bda4def4f1bd759b603c64c962f82017329057a9237ceaf171520a','59fe38a1443e7ab715f4b854bebabfb60704a75d0d7c9ec68e0fea5b8a4d3398');
INSERT INTO messages VALUES(69,310009,'insert','debits','{"action":"dividend fee","address":"2_mn6q3dS2EnDUx3bmyWc6D4szJNVGtaR7zc_mnfAHmddVibnZNSkh8DvKaQoiEfNsxjXzH_mtQheFaSfWELRB2MyMBaiWjdDm6ux9Ezns_3","asset":"XCP","block_index":310009,"event":"f2f6db13d6bda4def4f1bd759b603c64c962f82017329057a9237ceaf171520a","quantity":20000,"tx_index":10,"utxo":null,"utxo_address":null}',0,'DEBIT','f2f6db13d6bda4def4f1bd759b603c64c962f82017329057a9237ceaf171520a','3339061f9ba4268fa43944c67f4777b399312d40c34d5a2e0149e320d922f077');
INSERT INTO messages VALUES(70,310009,'insert','credits','{"address":"2_mn6q3dS2EnDUx3bmyWc6D4szJNVGtaR7zc_mnfAHmddVibnZNSkh8DvKaQoiEfNsxjXzH_mqPCfvqTfYctXMUfmniXeG2nyaN8w6tPmj_3","asset":"XCP","block_index":310009,"calling_function":"dividend","event":"f2f6db13d6bda4def4f1bd759b603c64c962f82017329057a9237ceaf171520a","quantity":24,"tx_index":10,"utxo":null,"utxo_address":null}',0,'CREDIT','f2f6db13d6bda4def4f1bd759b603c64c962f82017329057a9237ceaf171520a','82f4cdd103a7656343086a59ff2938ed9e8bead409eb5c0693a2219e3673c010');
INSERT INTO messages VALUES(71,310009,'insert','dividends','{"asset":"BBBB","block_index":310009,"dividend_asset":"XCP","fee_paid":20000,"quantity_per_unit":600,"source":"2_mn6q3dS2EnDUx3bmyWc6D4szJNVGtaR7zc_mnfAHmddVibnZNSkh8DvKaQoiEfNsxjXzH_mtQheFaSfWELRB2MyMBaiWjdDm6ux9Ezns_3","status":"valid","tx_hash":"f2f6db13d6bda4def4f1bd759b603c64c962f82017329057a9237ceaf171520a","tx_index":10}',0,'ASSET_DIVIDEND','f2f6db13d6bda4def4f1bd759b603c64c962f82017329057a9237ceaf171520a','bafb52c49fe3e7edddd12e4868fb050c20eb9e880bcbc45e76cabbc66cfe7c1b');
INSERT INTO messages VALUES(72,310009,'parse','transactions','{"supported":true,"tx_hash":"f2f6db13d6bda4def4f1bd759b603c64c962f82017329057a9237ceaf171520a","tx_index":10}',0,'TRANSACTION_PARSED','f2f6db13d6bda4def4f1bd759b603c64c962f82017329057a9237ceaf171520a','85216335e4550337a2e0b6d4db461f67abb03bf9a5ecbc1cd97c9321af09b878');
INSERT INTO messages VALUES(73,310009,'parse','blocks','{"block_index":310009,"ledger_hash":"c03a6e31f50f172c86029ce6a810ec730e1179ad3e76ba5d4290595ec414bb87","messages_hash":"d1638f673b818f16380204362d72803dfe95ab46b60d2a8f93c1b63e1852131e","transaction_count":1,"txlist_hash":"f81c6592f74098821e15c146c2a7e4a5be2cc743431d37a5fb6d4143b89907d5"}',0,'BLOCK_PARSED',NULL,'2a7e1350d0366bd95c2990870cbfce4b8f563ce2eebdcc26080aee7df706d821');
INSERT INTO messages VALUES(74,310010,'insert','blocks','{"block_hash":"a58162dff81a32e6a29b075be759dbb9fa9b8b65303e69c78fb4d7b0acc37042","block_index":310010,"block_time":310010000,"difficulty":null,"ledger_hash":null,"previous_block_hash":null,"txlist_hash":null}',0,'NEW_BLOCK',NULL,'db25bbfd64eca7165c4da8f9d65883be47ef9aa983e2e1673ddd49e484675d75');
INSERT INTO messages VALUES(75,310010,'insert','transactions','{"block_hash":"a58162dff81a32e6a29b075be759dbb9fa9b8b65303e69c78fb4d7b0acc37042","block_index":310010,"block_time":310010000,"btc_amount":0,"data":"00000032000000000000032000000000000047680000000000000001","destination":"","fee":6800,"source":"2_mn6q3dS2EnDUx3bmyWc6D4szJNVGtaR7zc_mnfAHmddVibnZNSkh8DvKaQoiEfNsxjXzH_mtQheFaSfWELRB2MyMBaiWjdDm6ux9Ezns_3","supported":true,"tx_hash":"a4353c6bd3159d3288f76c9f40fdbde89d681b09ec64d1f2b422b2e9e30c10d8","tx_index":11,"utxos_info":" 3704b23673489a138f7021044edddab7f1d94a14e12aedfd5a736d331a7d4495:0 2 "}',0,'NEW_TRANSACTION',NULL,'cef9c39f881018ab90c808a1742a61f8077dc61d3eacc3e95b08149ddab34d31');
INSERT INTO messages VALUES(76,310010,'insert','debits','{"action":"dividend","address":"2_mn6q3dS2EnDUx3bmyWc6D4szJNVGtaR7zc_mnfAHmddVibnZNSkh8DvKaQoiEfNsxjXzH_mtQheFaSfWELRB2MyMBaiWjdDm6ux9Ezns_3","asset":"XCP","block_index":310010,"event":"a4353c6bd3159d3288f76c9f40fdbde89d681b09ec64d1f2b422b2e9e30c10d8","quantity":420800,"tx_index":11,"utxo":null,"utxo_address":null}',0,'DEBIT','a4353c6bd3159d3288f76c9f40fdbde89d681b09ec64d1f2b422b2e9e30c10d8','465c7b65dea481af3e9b20ab6fc201620c006ddef7ea673867cc136d21333ea0');
INSERT INTO messages VALUES(77,310010,'insert','debits','{"action":"dividend fee","address":"2_mn6q3dS2EnDUx3bmyWc6D4szJNVGtaR7zc_mnfAHmddVibnZNSkh8DvKaQoiEfNsxjXzH_mtQheFaSfWELRB2MyMBaiWjdDm6ux9Ezns_3","asset":"XCP","block_index":310010,"event":"a4353c6bd3159d3288f76c9f40fdbde89d681b09ec64d1f2b422b2e9e30c10d8","quantity":20000,"tx_index":11,"utxo":null,"utxo_address":null}',0,'DEBIT','a4353c6bd3159d3288f76c9f40fdbde89d681b09ec64d1f2b422b2e9e30c10d8','ee461f6c8bac7311ed42189b4931c1de11809249564ec704fc0f49391d3af6f7');
INSERT INTO messages VALUES(78,310010,'insert','credits','{"address":"2_mn6q3dS2EnDUx3bmyWc6D4szJNVGtaR7zc_mnfAHmddVibnZNSkh8DvKaQoiEfNsxjXzH_mqPCfvqTfYctXMUfmniXeG2nyaN8w6tPmj_3","asset":"XCP","block_index":310010,"calling_function":"dividend","event":"a4353c6bd3159d3288f76c9f40fdbde89d681b09ec64d1f2b422b2e9e30c10d8","quantity":420800,"tx_index":11,"utxo":null,"utxo_address":null}',0,'CREDIT','a4353c6bd3159d3288f76c9f40fdbde89d681b09ec64d1f2b422b2e9e30c10d8','1a890863b0a202112cc9b21bf9e64d6b7fcdfb6aafe8f8a24617dac3828fa018');
INSERT INTO messages VALUES(79,310010,'insert','dividends','{"asset":"BBBC","block_index":310010,"dividend_asset":"XCP","fee_paid":20000,"quantity_per_unit":800,"source":"2_mn6q3dS2EnDUx3bmyWc6D4szJNVGtaR7zc_mnfAHmddVibnZNSkh8DvKaQoiEfNsxjXzH_mtQheFaSfWELRB2MyMBaiWjdDm6ux9Ezns_3","status":"valid","tx_hash":"a4353c6bd3159d3288f76c9f40fdbde89d681b09ec64d1f2b422b2e9e30c10d8","tx_index":11}',0,'ASSET_DIVIDEND','a4353c6bd3159d3288f76c9f40fdbde89d681b09ec64d1f2b422b2e9e30c10d8','3ce01beae1c2b81f3e281c12f51737b173a2a623362ad610d7c2b7a196705046');
INSERT INTO messages VALUES(80,310010,'parse','transactions','{"supported":true,"tx_hash":"a4353c6bd3159d3288f76c9f40fdbde89d681b09ec64d1f2b422b2e9e30c10d8","tx_index":11}',0,'TRANSACTION_PARSED','a4353c6bd3159d3288f76c9f40fdbde89d681b09ec64d1f2b422b2e9e30c10d8','2a09be983354a36389aa3b81e83c85ee1f3d10e040f363309ffd9e254e695031');
INSERT INTO messages VALUES(81,310010,'parse','blocks','{"block_index":310010,"ledger_hash":"804651f6571bb24ef7534c97116ae35fb0b6b31aa6a4574a419aae7fc2900b1c","messages_hash":"b89975bb1388a2dc197d7244850a3e3c266697402b9bda67729ed0668d2fceb2","transaction_count":1,"txlist_hash":"3698516a21c2c590522e6419eae91ed8b469d922863141def1f3e295c4954dfd"}',0,'BLOCK_PARSED',NULL,'b95919df9fd3007be49f37318b3442df26754ba9d1c7c950f4263bfc6f888850');
INSERT INTO messages VALUES(82,310011,'insert','blocks','{"block_hash":"8042cc2ef293fd73d050f283fbd075c79dd4c49fdcca054dc0714fc3a50dc1bb","block_index":310011,"block_time":310011000,"difficulty":null,"ledger_hash":null,"previous_block_hash":null,"txlist_hash":null}',0,'NEW_BLOCK',NULL,'af0bb5de4c818fc242933a0c94c3703ceca7e691327158660fe7c522dfe6cca9');
INSERT INTO messages VALUES(83,310011,'insert','transactions','{"block_hash":"8042cc2ef293fd73d050f283fbd075c79dd4c49fdcca054dc0714fc3a50dc1bb","block_index":310011,"block_time":310011000,"btc_amount":0,"data":"0000001e52bb3300405900000000000005f5e0ff09556e69742054657374","destination":"","fee":6800,"source":"2_mn6q3dS2EnDUx3bmyWc6D4szJNVGtaR7zc_mnfAHmddVibnZNSkh8DvKaQoiEfNsxjXzH_mtQheFaSfWELRB2MyMBaiWjdDm6ux9Ezns_3","supported":true,"tx_hash":"9ec74a4822710f9534a3815f0e836a09219f6c766880a57767c7514071d99084","tx_index":12,"utxos_info":" 23f74e8488b875442229dff279f819780d8051c845960fb4eb71585e8ea0ba47:0 2 "}',0,'NEW_TRANSACTION',NULL,'4a9cad2d8ee8bce5a3ace404d20c969d1a20669ae9b0a696630e1ae7f98a1492');
INSERT INTO messages VALUES(84,310011,'insert','broadcasts','{"block_index":310011,"fee_fraction_int":99999999,"locked":false,"source":"2_mn6q3dS2EnDUx3bmyWc6D4szJNVGtaR7zc_mnfAHmddVibnZNSkh8DvKaQoiEfNsxjXzH_mtQheFaSfWELRB2MyMBaiWjdDm6ux9Ezns_3","status":"valid","text":"Unit Test","timestamp":1388000000,"tx_hash":"9ec74a4822710f9534a3815f0e836a09219f6c766880a57767c7514071d99084","tx_index":12,"value":100.0}',0,'BROADCAST','9ec74a4822710f9534a3815f0e836a09219f6c766880a57767c7514071d99084','0f6ec8559329c1475193c88ae05a3848c50bcd7a9878efe622d54b2767d22f65');
INSERT INTO messages VALUES(85,310011,'parse','transactions','{"supported":true,"tx_hash":"9ec74a4822710f9534a3815f0e836a09219f6c766880a57767c7514071d99084","tx_index":12}',0,'TRANSACTION_PARSED','9ec74a4822710f9534a3815f0e836a09219f6c766880a57767c7514071d99084','a9111de98504f59583628264e38dcd13cb7426e67197d59fbc55f58161ffcac0');
INSERT INTO messages VALUES(86,310011,'parse','blocks','{"block_index":310011,"ledger_hash":"a9a18fcba1a83d637dcfd633f32848d55c86c5b499e0c15af6a626653b7424b8","messages_hash":"55968d8be0d2299059f05a1e7c9054b2a9542355dd76bb290742f83b28c7408b","transaction_count":1,"txlist_hash":"deaaba2ecb1772901052ae6490a1015e75146af3b2707b1c148562deff91af49"}',0,'BLOCK_PARSED',NULL,'672ef2729fc1be22a1a23a1bd6d48b72d85daa73d527ff53830fbebcfa3a6170');
INSERT INTO messages VALUES(87,310012,'insert','blocks','{"block_hash":"cdba329019d93a67b31b79d05f76ce1b7791d430ea0d6c1c2168fe78d2f67677","block_index":310012,"block_time":310012000,"difficulty":null,"ledger_hash":null,"previous_block_hash":null,"txlist_hash":null}',0,'NEW_BLOCK',NULL,'73709602f9e14ac263157bb8a937cdcec98215929c737db3dfdb146fd24da2b4');
INSERT INTO messages VALUES(88,310012,'insert','transactions','{"block_hash":"cdba329019d93a67b31b79d05f76ce1b7791d430ea0d6c1c2168fe78d2f67677","block_index":310012,"block_time":310012000,"btc_amount":1000,"data":"00000028000052bb33640000000002faf08000000000017d7840000000000000000000003b100000000a","destination":"2_mn6q3dS2EnDUx3bmyWc6D4szJNVGtaR7zc_mnfAHmddVibnZNSkh8DvKaQoiEfNsxjXzH_mtQheFaSfWELRB2MyMBaiWjdDm6ux9Ezns_3","fee":7650,"source":"2_mn6q3dS2EnDUx3bmyWc6D4szJNVGtaR7zc_mnfAHmddVibnZNSkh8DvKaQoiEfNsxjXzH_mtQheFaSfWELRB2MyMBaiWjdDm6ux9Ezns_3","supported":true,"tx_hash":"ef92dc4986fdfb4ccb6e101ee949d5307c554e8dd1619307548ec032a973f19c","tx_index":13,"utxos_info":" edbd203a595616cf0285a982c3f85d998f302ade18b011fd847adba54b508001:0 3 "}',0,'NEW_TRANSACTION',NULL,'c1d3bf75c5d29551d1dc783bf089a1411b69b5267765854a9f473cfa1013a740');
INSERT INTO messages VALUES(89,310012,'insert','debits','{"action":"bet","address":"2_mn6q3dS2EnDUx3bmyWc6D4szJNVGtaR7zc_mnfAHmddVibnZNSkh8DvKaQoiEfNsxjXzH_mtQheFaSfWELRB2MyMBaiWjdDm6ux9Ezns_3","asset":"XCP","block_index":310012,"event":"ef92dc4986fdfb4ccb6e101ee949d5307c554e8dd1619307548ec032a973f19c","quantity":50000000,"tx_index":13,"utxo":null,"utxo_address":null}',0,'DEBIT','ef92dc4986fdfb4ccb6e101ee949d5307c554e8dd1619307548ec032a973f19c','fcaff10171c31d392d8a11dd94783a0c6f5b55d6a664fa4524b721e0751e299c');
INSERT INTO messages VALUES(90,310012,'insert','bets','{"bet_type":0,"block_index":310012,"counterwager_quantity":25000000,"counterwager_remaining":25000000,"deadline":1388000100,"expiration":10,"expire_index":310022,"fee_fraction_int":99999999.0,"feed_address":"2_mn6q3dS2EnDUx3bmyWc6D4szJNVGtaR7zc_mnfAHmddVibnZNSkh8DvKaQoiEfNsxjXzH_mtQheFaSfWELRB2MyMBaiWjdDm6ux9Ezns_3","leverage":15120,"source":"2_mn6q3dS2EnDUx3bmyWc6D4szJNVGtaR7zc_mnfAHmddVibnZNSkh8DvKaQoiEfNsxjXzH_mtQheFaSfWELRB2MyMBaiWjdDm6ux9Ezns_3","status":"open","target_value":0.0,"tx_hash":"ef92dc4986fdfb4ccb6e101ee949d5307c554e8dd1619307548ec032a973f19c","tx_index":13,"wager_quantity":50000000,"wager_remaining":50000000}',0,'OPEN_BET','ef92dc4986fdfb4ccb6e101ee949d5307c554e8dd1619307548ec032a973f19c','9deb4f3ba61421f71ea4e9954cdb4873caf9f09c67c3903ada02821e9a490ac5');
INSERT INTO messages VALUES(91,310012,'parse','transactions','{"supported":true,"tx_hash":"ef92dc4986fdfb4ccb6e101ee949d5307c554e8dd1619307548ec032a973f19c","tx_index":13}',0,'TRANSACTION_PARSED','ef92dc4986fdfb4ccb6e101ee949d5307c554e8dd1619307548ec032a973f19c','1182fb06a1243ff7242329c84f107759dcf07cd400a81248d5f57ba822c2b6af');
INSERT INTO messages VALUES(92,310012,'parse','blocks','{"block_index":310012,"ledger_hash":"27298dbdb9026b5d54228b686b7a76f9d42479da79b38b9ef7cd13e4fee27159","messages_hash":"c9424d90aa040c4589d9371dc18e779b6936ed80a6e2b69f0921a6a51a2c54d0","transaction_count":1,"txlist_hash":"e409e7c7435482a64f10aaaaa6e62d69a4f0ae3083922c91907d6f15393dbb22"}',0,'BLOCK_PARSED',NULL,'e7b25e021c748ecac240cee9346e3a218cea3f0243821133387641367d01c8f5');
INSERT INTO messages VALUES(93,310013,'insert','blocks','{"block_hash":"0425e5e832e4286757dc0228cd505b8d572081007218abd3a0983a3bcd502a61","block_index":310013,"block_time":310013000,"difficulty":null,"ledger_hash":null,"previous_block_hash":null,"txlist_hash":null}',0,'NEW_BLOCK',NULL,'538dffa0caad54a4d920477e3658b06954b0392c35135952f4cf85eb21722449');
INSERT INTO messages VALUES(94,310013,'insert','transactions','{"block_hash":"0425e5e832e4286757dc0228cd505b8d572081007218abd3a0983a3bcd502a61","block_index":310013,"block_time":310013000,"btc_amount":1000,"data":"00000028000152bb336400000000017d78400000000002793d60000000000000000000003b100000000a","destination":"2_mn6q3dS2EnDUx3bmyWc6D4szJNVGtaR7zc_mnfAHmddVibnZNSkh8DvKaQoiEfNsxjXzH_mtQheFaSfWELRB2MyMBaiWjdDm6ux9Ezns_3","fee":7650,"source":"2_mn6q3dS2EnDUx3bmyWc6D4szJNVGtaR7zc_mnfAHmddVibnZNSkh8DvKaQoiEfNsxjXzH_mtQheFaSfWELRB2MyMBaiWjdDm6ux9Ezns_3","supported":true,"tx_hash":"ce9d3a5ea18ed454ddee80b75bd12abdd47de8e176d9c9dfc768c1233e729943","tx_index":14,"utxos_info":" 70125234408f91cf05af61871ec76164b8676907ba299908cb2ddbaaa3cd2fb1:0 3 "}',0,'NEW_TRANSACTION',NULL,'1ea82067da628343c3bbeb08792ad52fe6d810bf34532776773579f8a0c7b31d');
INSERT INTO messages VALUES(95,310013,'update','orders','{"status":"expired","tx_hash":"c953eb18873ce8aed42456df0ece8e4678e13282d9917916e7a4aec10e828375"}',0,'ORDER_UPDATE',NULL,'5eeb7a78daeaadccf70e600f6edbc7305f11d580493693e034eb25f04d895a20');
INSERT INTO messages VALUES(96,310013,'insert','order_expirations','{"block_index":310013,"order_hash":"c953eb18873ce8aed42456df0ece8e4678e13282d9917916e7a4aec10e828375","source":"2_mn6q3dS2EnDUx3bmyWc6D4szJNVGtaR7zc_mnfAHmddVibnZNSkh8DvKaQoiEfNsxjXzH_mtQheFaSfWELRB2MyMBaiWjdDm6ux9Ezns_3"}',0,'ORDER_EXPIRATION',NULL,'d74d1c5718b46106c8b6083be5495ca7645fa0cb9d6e951570a4c06c19149324');
INSERT INTO messages VALUES(97,310013,'insert','debits','{"action":"bet","address":"2_mn6q3dS2EnDUx3bmyWc6D4szJNVGtaR7zc_mnfAHmddVibnZNSkh8DvKaQoiEfNsxjXzH_mtQheFaSfWELRB2MyMBaiWjdDm6ux9Ezns_3","asset":"XCP","block_index":310013,"event":"ce9d3a5ea18ed454ddee80b75bd12abdd47de8e176d9c9dfc768c1233e729943","quantity":25000000,"tx_index":14,"utxo":null,"utxo_address":null}',0,'DEBIT','ce9d3a5ea18ed454ddee80b75bd12abdd47de8e176d9c9dfc768c1233e729943','ac2b7c2ceb55146950f7f855481bf7f0a5bc519cff462a940ffcb09ae43f2c58');
INSERT INTO messages VALUES(98,310013,'insert','bets','{"bet_type":1,"block_index":310013,"counterwager_quantity":41500000,"counterwager_remaining":41500000,"deadline":1388000100,"expiration":10,"expire_index":310023,"fee_fraction_int":99999999.0,"feed_address":"2_mn6q3dS2EnDUx3bmyWc6D4szJNVGtaR7zc_mnfAHmddVibnZNSkh8DvKaQoiEfNsxjXzH_mtQheFaSfWELRB2MyMBaiWjdDm6ux9Ezns_3","leverage":15120,"source":"2_mn6q3dS2EnDUx3bmyWc6D4szJNVGtaR7zc_mnfAHmddVibnZNSkh8DvKaQoiEfNsxjXzH_mtQheFaSfWELRB2MyMBaiWjdDm6ux9Ezns_3","status":"open","target_value":0.0,"tx_hash":"ce9d3a5ea18ed454ddee80b75bd12abdd47de8e176d9c9dfc768c1233e729943","tx_index":14,"wager_quantity":25000000,"wager_remaining":25000000}',0,'OPEN_BET','ce9d3a5ea18ed454ddee80b75bd12abdd47de8e176d9c9dfc768c1233e729943','336894670291b31558cd24fc834357f8ce7f678ef28c0b663a90b16b7063086a');
INSERT INTO messages VALUES(99,310013,'update','bets','{"counterwager_remaining":4250000,"status":"open","tx_hash":"ef92dc4986fdfb4ccb6e101ee949d5307c554e8dd1619307548ec032a973f19c","wager_remaining":8500000}',0,'BET_UPDATE','ce9d3a5ea18ed454ddee80b75bd12abdd47de8e176d9c9dfc768c1233e729943','22601d5e361db662533cba0305181d21dcb29a6e25bd6ff2eb2d890b9753719a');
INSERT INTO messages VALUES(100,310013,'insert','credits','{"address":"2_mn6q3dS2EnDUx3bmyWc6D4szJNVGtaR7zc_mnfAHmddVibnZNSkh8DvKaQoiEfNsxjXzH_mtQheFaSfWELRB2MyMBaiWjdDm6ux9Ezns_3","asset":"XCP","block_index":310013,"calling_function":"filled","event":"ce9d3a5ea18ed454ddee80b75bd12abdd47de8e176d9c9dfc768c1233e729943","quantity":4250000,"tx_index":14,"utxo":null,"utxo_address":null}',0,'CREDIT','ce9d3a5ea18ed454ddee80b75bd12abdd47de8e176d9c9dfc768c1233e729943','f48a153d84a30901f0d5fe00c83f3428d7c64f8c11f74a7e71576425e7602eec');
INSERT INTO messages VALUES(101,310013,'update','bets','{"counterwager_remaining":0,"status":"filled","tx_hash":"ce9d3a5ea18ed454ddee80b75bd12abdd47de8e176d9c9dfc768c1233e729943","wager_remaining":4250000}',0,'BET_UPDATE','ce9d3a5ea18ed454ddee80b75bd12abdd47de8e176d9c9dfc768c1233e729943','374a31517fbde323ff7cf3cd7aab586fd7f32d60defebb64e10218c98fc91246');
INSERT INTO messages VALUES(102,310013,'insert','bet_matches','{"backward_quantity":20750000,"block_index":310012,"deadline":1388000100,"fee_fraction_int":99999999,"feed_address":"2_mn6q3dS2EnDUx3bmyWc6D4szJNVGtaR7zc_mnfAHmddVibnZNSkh8DvKaQoiEfNsxjXzH_mtQheFaSfWELRB2MyMBaiWjdDm6ux9Ezns_3","forward_quantity":41500000,"id":"ef92dc4986fdfb4ccb6e101ee949d5307c554e8dd1619307548ec032a973f19c_ce9d3a5ea18ed454ddee80b75bd12abdd47de8e176d9c9dfc768c1233e729943","initial_value":100.0,"leverage":15120,"match_expire_index":310022,"status":"pending","target_value":0.0,"tx0_address":"2_mn6q3dS2EnDUx3bmyWc6D4szJNVGtaR7zc_mnfAHmddVibnZNSkh8DvKaQoiEfNsxjXzH_mtQheFaSfWELRB2MyMBaiWjdDm6ux9Ezns_3","tx0_bet_type":0,"tx0_block_index":310012,"tx0_expiration":10,"tx0_hash":"ef92dc4986fdfb4ccb6e101ee949d5307c554e8dd1619307548ec032a973f19c","tx0_index":13,"tx1_address":"2_mn6q3dS2EnDUx3bmyWc6D4szJNVGtaR7zc_mnfAHmddVibnZNSkh8DvKaQoiEfNsxjXzH_mtQheFaSfWELRB2MyMBaiWjdDm6ux9Ezns_3","tx1_bet_type":1,"tx1_block_index":310013,"tx1_expiration":10,"tx1_hash":"ce9d3a5ea18ed454ddee80b75bd12abdd47de8e176d9c9dfc768c1233e729943","tx1_index":14}',0,'BET_MATCH','ce9d3a5ea18ed454ddee80b75bd12abdd47de8e176d9c9dfc768c1233e729943','5cd8fe9230aaea183a5d07550c77373080e65681e3da8fd542c3fb85ca25057d');
INSERT INTO messages VALUES(103,310013,'parse','transactions','{"supported":true,"tx_hash":"ce9d3a5ea18ed454ddee80b75bd12abdd47de8e176d9c9dfc768c1233e729943","tx_index":14}',0,'TRANSACTION_PARSED','ce9d3a5ea18ed454ddee80b75bd12abdd47de8e176d9c9dfc768c1233e729943','140a8ac2fca57dbac03c3ec3f186ed69b8e859548b2f69fa2e5b1c3fd014534d');
INSERT INTO messages VALUES(104,310013,'parse','blocks','{"block_index":310013,"ledger_hash":"f5fbbb8870bb8253cfba52c58765b8c2493ceee6a2db5779a4212ed456bf892e","messages_hash":"6b46d939dc1c455230abc26a340885a3ffcccdabb782733cd6b6339725abbc8d","transaction_count":1,"txlist_hash":"78b492a743e24d50541f29a1a8e476434e81961bd457552c55fcbbac68d68fca"}',0,'BLOCK_PARSED',NULL,'279c40359d4a35c173c2439c3cc6f73670f45760e869493d4c26199cc947ad47');
INSERT INTO messages VALUES(105,310014,'insert','blocks','{"block_hash":"85b28d413ebda2968ed82ae53643677338650151b997ed1e4656158005b9f65f","block_index":310014,"block_time":310014000,"difficulty":null,"ledger_hash":null,"previous_block_hash":null,"txlist_hash":null}',0,'NEW_BLOCK',NULL,'02a56b7cead3a88ae06077ebac8f978839970c33789abe51ff611360635c4a75');
INSERT INTO messages VALUES(106,310014,'insert','transactions','{"block_hash":"85b28d413ebda2968ed82ae53643677338650151b997ed1e4656158005b9f65f","block_index":310014,"block_time":310014000,"btc_amount":1000,"data":"00000028000052bb33640000000008f0d1800000000014dc93800000000000000000000013b00000000a","destination":"2_mn6q3dS2EnDUx3bmyWc6D4szJNVGtaR7zc_mnfAHmddVibnZNSkh8DvKaQoiEfNsxjXzH_mtQheFaSfWELRB2MyMBaiWjdDm6ux9Ezns_3","fee":7650,"source":"2_mn6q3dS2EnDUx3bmyWc6D4szJNVGtaR7zc_mnfAHmddVibnZNSkh8DvKaQoiEfNsxjXzH_mtQheFaSfWELRB2MyMBaiWjdDm6ux9Ezns_3","supported":true,"tx_hash":"6722884208180367a60c5c96ae86865dad3c63525a9498d716e98b5015ec2e3d","tx_index":15,"utxos_info":" e1eb255cd51ddda8caa319a7690a45fb5385f1ee33bfc8d5011e442434cd4e11:0 3 "}',0,'NEW_TRANSACTION',NULL,'a62059ef99d9b0851291ce59b942373e90c7752974890a79adf2cb6cf54d0cf1');
INSERT INTO messages VALUES(107,310014,'update','orders','{"status":"expired","tx_hash":"89a44a3314b298a83d5d14c8646900a5122b8a1e8f6e0528e73ea82044d1726a"}',0,'ORDER_UPDATE',NULL,'7f6edf9c1fdcbd749d1776dbf23f542635aae854b308766ca232abf1d9621f48');
INSERT INTO messages VALUES(108,310014,'insert','credits','{"address":"2_mn6q3dS2EnDUx3bmyWc6D4szJNVGtaR7zc_mnfAHmddVibnZNSkh8DvKaQoiEfNsxjXzH_mtQheFaSfWELRB2MyMBaiWjdDm6ux9Ezns_3","asset":"XCP","block_index":310014,"calling_function":"cancel order","event":"89a44a3314b298a83d5d14c8646900a5122b8a1e8f6e0528e73ea82044d1726a","quantity":5000000,"tx_index":0,"utxo":null,"utxo_address":null}',0,'CREDIT',NULL,'d4f29ed799be41344ddf8a87016581796b6ecaabfa70001f2c31a93fc80cb58d');
INSERT INTO messages VALUES(109,310014,'insert','order_expirations','{"block_index":310014,"order_hash":"89a44a3314b298a83d5d14c8646900a5122b8a1e8f6e0528e73ea82044d1726a","source":"2_mn6q3dS2EnDUx3bmyWc6D4szJNVGtaR7zc_mnfAHmddVibnZNSkh8DvKaQoiEfNsxjXzH_mtQheFaSfWELRB2MyMBaiWjdDm6ux9Ezns_3"}',0,'ORDER_EXPIRATION',NULL,'755148cdcbbc9189ef37db2f9887775cdfd618d9dae96d6517e12b962b9356ec');
INSERT INTO messages VALUES(110,310014,'insert','debits','{"action":"bet","address":"2_mn6q3dS2EnDUx3bmyWc6D4szJNVGtaR7zc_mnfAHmddVibnZNSkh8DvKaQoiEfNsxjXzH_mtQheFaSfWELRB2MyMBaiWjdDm6ux9Ezns_3","asset":"XCP","block_index":310014,"event":"6722884208180367a60c5c96ae86865dad3c63525a9498d716e98b5015ec2e3d","quantity":150000000,"tx_index":15,"utxo":null,"utxo_address":null}',0,'DEBIT','6722884208180367a60c5c96ae86865dad3c63525a9498d716e98b5015ec2e3d','0eafe4ff68c2042f9ecf986e99db2210b2b3eeab8fdff90c87446dfd4bfeae5f');
INSERT INTO messages VALUES(111,310014,'insert','bets','{"bet_type":0,"block_index":310014,"counterwager_quantity":350000000,"counterwager_remaining":350000000,"deadline":1388000100,"expiration":10,"expire_index":310024,"fee_fraction_int":99999999.0,"feed_address":"2_mn6q3dS2EnDUx3bmyWc6D4szJNVGtaR7zc_mnfAHmddVibnZNSkh8DvKaQoiEfNsxjXzH_mtQheFaSfWELRB2MyMBaiWjdDm6ux9Ezns_3","leverage":5040,"source":"2_mn6q3dS2EnDUx3bmyWc6D4szJNVGtaR7zc_mnfAHmddVibnZNSkh8DvKaQoiEfNsxjXzH_mtQheFaSfWELRB2MyMBaiWjdDm6ux9Ezns_3","status":"open","target_value":0.0,"tx_hash":"6722884208180367a60c5c96ae86865dad3c63525a9498d716e98b5015ec2e3d","tx_index":15,"wager_quantity":150000000,"wager_remaining":150000000}',0,'OPEN_BET','6722884208180367a60c5c96ae86865dad3c63525a9498d716e98b5015ec2e3d','4a7fb3075cc25b8916ff6d490075ece68f5e1c679d0e20fe462e7ced407b80b0');
INSERT INTO messages VALUES(112,310014,'parse','transactions','{"supported":true,"tx_hash":"6722884208180367a60c5c96ae86865dad3c63525a9498d716e98b5015ec2e3d","tx_index":15}',0,'TRANSACTION_PARSED','6722884208180367a60c5c96ae86865dad3c63525a9498d716e98b5015ec2e3d','ea12a6b6c38251baa2e981dac62521dda634dde796ae2bd6988fc8fcc2541110');
INSERT INTO messages VALUES(113,310014,'parse','blocks','{"block_index":310014,"ledger_hash":"f1e77a7a4d28d64a0cfd878112074b6205ef09055b93b8923b0c6466a07ea500","messages_hash":"2618766d395c80f6a7d563e5cb66dec5dac6b0ab1f24fe7500dd4ebf23b58859","transaction_count":1,"txlist_hash":"475ee3563b60fa5bbf8f8db5eabf9bdfea4a2f1b5fc82aedc37fa7c581c5f065"}',0,'BLOCK_PARSED',NULL,'93b6e2e100d293ec5f9514bf64eb1999006c3b7d791ed8ef6f37512ab88ec3d1');
INSERT INTO messages VALUES(114,310015,'insert','blocks','{"block_hash":"4cf77d688f18f0c68c077db882f62e49f31859dfa6144372457cd73b29223922","block_index":310015,"block_time":310015000,"difficulty":null,"ledger_hash":null,"previous_block_hash":null,"txlist_hash":null}',0,'NEW_BLOCK',NULL,'4b5da212fea3628a485b55042fd51563aee342158ff5826776f3c3c1ac9556c4');
INSERT INTO messages VALUES(115,310015,'insert','transactions','{"block_hash":"4cf77d688f18f0c68c077db882f62e49f31859dfa6144372457cd73b29223922","block_index":310015,"block_time":310015000,"btc_amount":1000,"data":"00000028000152bb33640000000014dc93800000000008f0d1800000000000000000000013b00000000a","destination":"2_mn6q3dS2EnDUx3bmyWc6D4szJNVGtaR7zc_mnfAHmddVibnZNSkh8DvKaQoiEfNsxjXzH_mtQheFaSfWELRB2MyMBaiWjdDm6ux9Ezns_3","fee":7650,"source":"2_mn6q3dS2EnDUx3bmyWc6D4szJNVGtaR7zc_mnfAHmddVibnZNSkh8DvKaQoiEfNsxjXzH_mtQheFaSfWELRB2MyMBaiWjdDm6ux9Ezns_3","supported":true,"tx_hash":"10c669ad89d61e1a983e179f66f355b1dd21e53d520fd4dc3bb5a6f9e5e24fcd","tx_index":16,"utxos_info":" 534148dc2423208b93e138f110e12734d45b678bb534ad1aed2bd50f9d5e21a7:0 3 "}',0,'NEW_TRANSACTION',NULL,'060b1e4a5a9e29615821a24c0919715241a7a606cca5e40bd255009e7406e6c3');
INSERT INTO messages VALUES(116,310015,'insert','debits','{"action":"bet","address":"2_mn6q3dS2EnDUx3bmyWc6D4szJNVGtaR7zc_mnfAHmddVibnZNSkh8DvKaQoiEfNsxjXzH_mtQheFaSfWELRB2MyMBaiWjdDm6ux9Ezns_3","asset":"XCP","block_index":310015,"event":"10c669ad89d61e1a983e179f66f355b1dd21e53d520fd4dc3bb5a6f9e5e24fcd","quantity":350000000,"tx_index":16,"utxo":null,"utxo_address":null}',0,'DEBIT','10c669ad89d61e1a983e179f66f355b1dd21e53d520fd4dc3bb5a6f9e5e24fcd','8b02f4a1cf4bc9a2acfa0258308a4accde52604953758954de7e0148bb15829a');
INSERT INTO messages VALUES(117,310015,'insert','bets','{"bet_type":1,"block_index":310015,"counterwager_quantity":150000000,"counterwager_remaining":150000000,"deadline":1388000100,"expiration":10,"expire_index":310025,"fee_fraction_int":99999999.0,"feed_address":"2_mn6q3dS2EnDUx3bmyWc6D4szJNVGtaR7zc_mnfAHmddVibnZNSkh8DvKaQoiEfNsxjXzH_mtQheFaSfWELRB2MyMBaiWjdDm6ux9Ezns_3","leverage":5040,"source":"2_mn6q3dS2EnDUx3bmyWc6D4szJNVGtaR7zc_mnfAHmddVibnZNSkh8DvKaQoiEfNsxjXzH_mtQheFaSfWELRB2MyMBaiWjdDm6ux9Ezns_3","status":"open","target_value":0.0,"tx_hash":"10c669ad89d61e1a983e179f66f355b1dd21e53d520fd4dc3bb5a6f9e5e24fcd","tx_index":16,"wager_quantity":350000000,"wager_remaining":350000000}',0,'OPEN_BET','10c669ad89d61e1a983e179f66f355b1dd21e53d520fd4dc3bb5a6f9e5e24fcd','c1b97336f6bb2367046cc0afdf8ec869c3e3161e1eb36fe3b6289fefb569533c');
INSERT INTO messages VALUES(118,310015,'insert','credits','{"address":"2_mn6q3dS2EnDUx3bmyWc6D4szJNVGtaR7zc_mnfAHmddVibnZNSkh8DvKaQoiEfNsxjXzH_mtQheFaSfWELRB2MyMBaiWjdDm6ux9Ezns_3","asset":"XCP","block_index":310015,"calling_function":"filled","event":"10c669ad89d61e1a983e179f66f355b1dd21e53d520fd4dc3bb5a6f9e5e24fcd","quantity":0,"tx_index":16,"utxo":null,"utxo_address":null}',0,'CREDIT','10c669ad89d61e1a983e179f66f355b1dd21e53d520fd4dc3bb5a6f9e5e24fcd','2a87adefbf6bfa1286e3a419024b75aea01562ebd7f79970446323c5a32620f1');
INSERT INTO messages VALUES(119,310015,'update','bets','{"counterwager_remaining":0,"status":"filled","tx_hash":"6722884208180367a60c5c96ae86865dad3c63525a9498d716e98b5015ec2e3d","wager_remaining":0}',0,'BET_UPDATE','10c669ad89d61e1a983e179f66f355b1dd21e53d520fd4dc3bb5a6f9e5e24fcd','651e0fa47c7a2fefa082292dbc0ac010a792a4336af7c93bfcc156139dd66c5d');
INSERT INTO messages VALUES(120,310015,'insert','credits','{"address":"2_mn6q3dS2EnDUx3bmyWc6D4szJNVGtaR7zc_mnfAHmddVibnZNSkh8DvKaQoiEfNsxjXzH_mtQheFaSfWELRB2MyMBaiWjdDm6ux9Ezns_3","asset":"XCP","block_index":310015,"calling_function":"filled","event":"10c669ad89d61e1a983e179f66f355b1dd21e53d520fd4dc3bb5a6f9e5e24fcd","quantity":0,"tx_index":16,"utxo":null,"utxo_address":null}',0,'CREDIT','10c669ad89d61e1a983e179f66f355b1dd21e53d520fd4dc3bb5a6f9e5e24fcd','cb4c450c01ba5cb49789268413577ba3c21619d976690d2e3bd9243c6416cdfb');
INSERT INTO messages VALUES(121,310015,'update','bets','{"counterwager_remaining":0,"status":"filled","tx_hash":"10c669ad89d61e1a983e179f66f355b1dd21e53d520fd4dc3bb5a6f9e5e24fcd","wager_remaining":0}',0,'BET_UPDATE','10c669ad89d61e1a983e179f66f355b1dd21e53d520fd4dc3bb5a6f9e5e24fcd','aa152635ffb388592ddcb9d7f4b97281627cd669e060ca94b2cfe14b08c7ea6e');
INSERT INTO messages VALUES(122,310015,'insert','bet_matches','{"backward_quantity":350000000,"block_index":310014,"deadline":1388000100,"fee_fraction_int":99999999,"feed_address":"2_mn6q3dS2EnDUx3bmyWc6D4szJNVGtaR7zc_mnfAHmddVibnZNSkh8DvKaQoiEfNsxjXzH_mtQheFaSfWELRB2MyMBaiWjdDm6ux9Ezns_3","forward_quantity":150000000,"id":"6722884208180367a60c5c96ae86865dad3c63525a9498d716e98b5015ec2e3d_10c669ad89d61e1a983e179f66f355b1dd21e53d520fd4dc3bb5a6f9e5e24fcd","initial_value":100.0,"leverage":5040,"match_expire_index":310024,"status":"pending","target_value":0.0,"tx0_address":"2_mn6q3dS2EnDUx3bmyWc6D4szJNVGtaR7zc_mnfAHmddVibnZNSkh8DvKaQoiEfNsxjXzH_mtQheFaSfWELRB2MyMBaiWjdDm6ux9Ezns_3","tx0_bet_type":0,"tx0_block_index":310014,"tx0_expiration":10,"tx0_hash":"6722884208180367a60c5c96ae86865dad3c63525a9498d716e98b5015ec2e3d","tx0_index":15,"tx1_address":"2_mn6q3dS2EnDUx3bmyWc6D4szJNVGtaR7zc_mnfAHmddVibnZNSkh8DvKaQoiEfNsxjXzH_mtQheFaSfWELRB2MyMBaiWjdDm6ux9Ezns_3","tx1_bet_type":1,"tx1_block_index":310015,"tx1_expiration":10,"tx1_hash":"10c669ad89d61e1a983e179f66f355b1dd21e53d520fd4dc3bb5a6f9e5e24fcd","tx1_index":16}',0,'BET_MATCH','10c669ad89d61e1a983e179f66f355b1dd21e53d520fd4dc3bb5a6f9e5e24fcd','1ab25ca46b49679c52b45923387bc703d16a687d9a17a126beca27ca4fbb64b8');
INSERT INTO messages VALUES(123,310015,'parse','transactions','{"supported":true,"tx_hash":"10c669ad89d61e1a983e179f66f355b1dd21e53d520fd4dc3bb5a6f9e5e24fcd","tx_index":16}',0,'TRANSACTION_PARSED','10c669ad89d61e1a983e179f66f355b1dd21e53d520fd4dc3bb5a6f9e5e24fcd','06d42bb812399e1e2916d44023eb706607cf8b1d9d6cf4ee2c95e4d84af5132b');
INSERT INTO messages VALUES(124,310015,'parse','blocks','{"block_index":310015,"ledger_hash":"014bcc839c0ea0d2fecd9aab3074528ffee3b2dce7f805e4d459e2dfb3d98a51","messages_hash":"398cd0038c6ca7f45fd4fccc623f1900b1d0b6aabfa60f6098a43d78aab4dfed","transaction_count":1,"txlist_hash":"5d40b180a3f3b38eedd15c7f40e8585aaa5e2fdde3967dff443a74703fa45fd4"}',0,'BLOCK_PARSED',NULL,'9490f84524427fd5b86f3a63305ed0ccbab1554cd9870311e462d785818750a4');
INSERT INTO messages VALUES(125,310016,'insert','blocks','{"block_hash":"99dc7d2627efb4e5e618a53b9898b4ca39c70e98fe9bf39f68a6c980f5b64ef9","block_index":310016,"block_time":310016000,"difficulty":null,"ledger_hash":null,"previous_block_hash":null,"txlist_hash":null}',0,'NEW_BLOCK',NULL,'73f7720700d8675a52e9a1313cb13c32db52cd073119cb4091cc3413fed901db');
INSERT INTO messages VALUES(126,310016,'insert','transactions','{"block_hash":"99dc7d2627efb4e5e618a53b9898b4ca39c70e98fe9bf39f68a6c980f5b64ef9","block_index":310016,"block_time":310016000,"btc_amount":1000,"data":"00000028000252bb33c8000000002cb417800000000026be36803ff0000000000000000013b00000000a","destination":"2_mn6q3dS2EnDUx3bmyWc6D4szJNVGtaR7zc_mnfAHmddVibnZNSkh8DvKaQoiEfNsxjXzH_mtQheFaSfWELRB2MyMBaiWjdDm6ux9Ezns_3","fee":7650,"source":"2_mn6q3dS2EnDUx3bmyWc6D4szJNVGtaR7zc_mnfAHmddVibnZNSkh8DvKaQoiEfNsxjXzH_mtQheFaSfWELRB2MyMBaiWjdDm6ux9Ezns_3","supported":true,"tx_hash":"caaceb9160747bd86fa4b3b4d090c9e1617285fae312eac2152bf3fabedcd2bc","tx_index":17,"utxos_info":" 0c3c3475ad1a79c2fe673603bb38447ee12b478094e9e51e99fa6c06f7e72ae8:0 3 "}',0,'NEW_TRANSACTION',NULL,'76810bbfaa4057471b5075bd2d8a9760fab6afa3086a220960a5df49e1070cf4');
INSERT INTO messages VALUES(127,310016,'insert','debits','{"action":"bet","address":"2_mn6q3dS2EnDUx3bmyWc6D4szJNVGtaR7zc_mnfAHmddVibnZNSkh8DvKaQoiEfNsxjXzH_mtQheFaSfWELRB2MyMBaiWjdDm6ux9Ezns_3","asset":"XCP","block_index":310016,"event":"caaceb9160747bd86fa4b3b4d090c9e1617285fae312eac2152bf3fabedcd2bc","quantity":750000000,"tx_index":17,"utxo":null,"utxo_address":null}',0,'DEBIT','caaceb9160747bd86fa4b3b4d090c9e1617285fae312eac2152bf3fabedcd2bc','01625014b43afc3921c9198bccc652a4f9792c5981b7977d7d161701e896f686');
INSERT INTO messages VALUES(128,310016,'insert','bets','{"bet_type":2,"block_index":310016,"counterwager_quantity":650000000,"counterwager_remaining":650000000,"deadline":1388000200,"expiration":10,"expire_index":310026,"fee_fraction_int":99999999.0,"feed_address":"2_mn6q3dS2EnDUx3bmyWc6D4szJNVGtaR7zc_mnfAHmddVibnZNSkh8DvKaQoiEfNsxjXzH_mtQheFaSfWELRB2MyMBaiWjdDm6ux9Ezns_3","leverage":5040,"source":"2_mn6q3dS2EnDUx3bmyWc6D4szJNVGtaR7zc_mnfAHmddVibnZNSkh8DvKaQoiEfNsxjXzH_mtQheFaSfWELRB2MyMBaiWjdDm6ux9Ezns_3","status":"open","target_value":1.0,"tx_hash":"caaceb9160747bd86fa4b3b4d090c9e1617285fae312eac2152bf3fabedcd2bc","tx_index":17,"wager_quantity":750000000,"wager_remaining":750000000}',0,'OPEN_BET','caaceb9160747bd86fa4b3b4d090c9e1617285fae312eac2152bf3fabedcd2bc','4bcdefdf040db47662ecd73946e0ffd73f54fa5427f42962fbd17f9ee9c50c56');
INSERT INTO messages VALUES(129,310016,'parse','transactions','{"supported":true,"tx_hash":"caaceb9160747bd86fa4b3b4d090c9e1617285fae312eac2152bf3fabedcd2bc","tx_index":17}',0,'TRANSACTION_PARSED','caaceb9160747bd86fa4b3b4d090c9e1617285fae312eac2152bf3fabedcd2bc','96fea93ae82e76214adc201892573e518d63ddd466ff3fe13fcf5e1bb1a87c3e');
INSERT INTO messages VALUES(130,310016,'parse','blocks','{"block_index":310016,"ledger_hash":"9f72d6a84ee58e1e851a90a62b525dc257c3b1b0c7e9964f93a7e5df6a2e4007","messages_hash":"1e930d49bd00ee5865430b3046ddcfe594b8216f158e981f40daf96a2a9595cc","transaction_count":1,"txlist_hash":"e990e43e7272c9d971fcc782768bea70c71d45fa7d712a7195bcc4151617a57f"}',0,'BLOCK_PARSED',NULL,'a2b5eaafa9ca6083c9f723e73082c5ac90fbbadcd96d3feaf6619f5c2c54e71a');
INSERT INTO messages VALUES(131,310017,'insert','blocks','{"block_hash":"8a4fedfbf734b91a5c5761a7bcb3908ea57169777a7018148c51ff611970e4a3","block_index":310017,"block_time":310017000,"difficulty":null,"ledger_hash":null,"previous_block_hash":null,"txlist_hash":null}',0,'NEW_BLOCK',NULL,'51d6c4457f11208a83891e0aed93730a68523f070c8d5d0100139281e13e947d');
INSERT INTO messages VALUES(132,310017,'insert','transactions','{"block_hash":"8a4fedfbf734b91a5c5761a7bcb3908ea57169777a7018148c51ff611970e4a3","block_index":310017,"block_time":310017000,"btc_amount":1000,"data":"00000028000352bb33c80000000026be3680000000002cb417803ff0000000000000000013b00000000a","destination":"2_mn6q3dS2EnDUx3bmyWc6D4szJNVGtaR7zc_mnfAHmddVibnZNSkh8DvKaQoiEfNsxjXzH_mtQheFaSfWELRB2MyMBaiWjdDm6ux9Ezns_3","fee":7650,"source":"2_mn6q3dS2EnDUx3bmyWc6D4szJNVGtaR7zc_mnfAHmddVibnZNSkh8DvKaQoiEfNsxjXzH_mtQheFaSfWELRB2MyMBaiWjdDm6ux9Ezns_3","supported":true,"tx_hash":"67497105b77192af401ec8024ad34de211592877dee8532dbe216d8a8f17dd0c","tx_index":18,"utxos_info":" bf7acc19b878a8ceadfb1ea2bff6fa3a692e1e8599869a85e45ff316ecf0f92b:0 3 "}',0,'NEW_TRANSACTION',NULL,'e1a6ef7e110a0abe1e87d03e5f445e2c2fb4bf732651c03a16386e39ecf92c1b');
INSERT INTO messages VALUES(133,310017,'insert','debits','{"action":"bet","address":"2_mn6q3dS2EnDUx3bmyWc6D4szJNVGtaR7zc_mnfAHmddVibnZNSkh8DvKaQoiEfNsxjXzH_mtQheFaSfWELRB2MyMBaiWjdDm6ux9Ezns_3","asset":"XCP","block_index":310017,"event":"67497105b77192af401ec8024ad34de211592877dee8532dbe216d8a8f17dd0c","quantity":650000000,"tx_index":18,"utxo":null,"utxo_address":null}',0,'DEBIT','67497105b77192af401ec8024ad34de211592877dee8532dbe216d8a8f17dd0c','d5e9d2774cd39796472c15239cf99dbf7dcc50cd2b565eb266a00fa0b4a99288');
INSERT INTO messages VALUES(134,310017,'insert','bets','{"bet_type":3,"block_index":310017,"counterwager_quantity":750000000,"counterwager_remaining":750000000,"deadline":1388000200,"expiration":10,"expire_index":310027,"fee_fraction_int":99999999.0,"feed_address":"2_mn6q3dS2EnDUx3bmyWc6D4szJNVGtaR7zc_mnfAHmddVibnZNSkh8DvKaQoiEfNsxjXzH_mtQheFaSfWELRB2MyMBaiWjdDm6ux9Ezns_3","leverage":5040,"source":"2_mn6q3dS2EnDUx3bmyWc6D4szJNVGtaR7zc_mnfAHmddVibnZNSkh8DvKaQoiEfNsxjXzH_mtQheFaSfWELRB2MyMBaiWjdDm6ux9Ezns_3","status":"open","target_value":1.0,"tx_hash":"67497105b77192af401ec8024ad34de211592877dee8532dbe216d8a8f17dd0c","tx_index":18,"wager_quantity":650000000,"wager_remaining":650000000}',0,'OPEN_BET','67497105b77192af401ec8024ad34de211592877dee8532dbe216d8a8f17dd0c','550fe6f3bdfa65ef69f3da99ca8f6a01a8a12a65e33341b2012bef062d7bdd8a');
INSERT INTO messages VALUES(135,310017,'insert','credits','{"address":"2_mn6q3dS2EnDUx3bmyWc6D4szJNVGtaR7zc_mnfAHmddVibnZNSkh8DvKaQoiEfNsxjXzH_mtQheFaSfWELRB2MyMBaiWjdDm6ux9Ezns_3","asset":"XCP","block_index":310017,"calling_function":"filled","event":"67497105b77192af401ec8024ad34de211592877dee8532dbe216d8a8f17dd0c","quantity":0,"tx_index":18,"utxo":null,"utxo_address":null}',0,'CREDIT','67497105b77192af401ec8024ad34de211592877dee8532dbe216d8a8f17dd0c','8ce89e0e57d83c51842c3b0db9c5830aff1db3134c02487d96c48b70edaa3ea4');
INSERT INTO messages VALUES(136,310017,'update','bets','{"counterwager_remaining":0,"status":"filled","tx_hash":"caaceb9160747bd86fa4b3b4d090c9e1617285fae312eac2152bf3fabedcd2bc","wager_remaining":0}',0,'BET_UPDATE','67497105b77192af401ec8024ad34de211592877dee8532dbe216d8a8f17dd0c','4e412be1e5ae34d9aaced54cff24af58f5305bff9dc9f8477d9f532fe4d29bcb');
INSERT INTO messages VALUES(137,310017,'insert','credits','{"address":"2_mn6q3dS2EnDUx3bmyWc6D4szJNVGtaR7zc_mnfAHmddVibnZNSkh8DvKaQoiEfNsxjXzH_mtQheFaSfWELRB2MyMBaiWjdDm6ux9Ezns_3","asset":"XCP","block_index":310017,"calling_function":"filled","event":"67497105b77192af401ec8024ad34de211592877dee8532dbe216d8a8f17dd0c","quantity":0,"tx_index":18,"utxo":null,"utxo_address":null}',0,'CREDIT','67497105b77192af401ec8024ad34de211592877dee8532dbe216d8a8f17dd0c','11630fd03974bbb47db3ed2a8b4ca284de5aab93cd2da9573ef773e6b7475722');
INSERT INTO messages VALUES(138,310017,'update','bets','{"counterwager_remaining":0,"status":"filled","tx_hash":"67497105b77192af401ec8024ad34de211592877dee8532dbe216d8a8f17dd0c","wager_remaining":0}',0,'BET_UPDATE','67497105b77192af401ec8024ad34de211592877dee8532dbe216d8a8f17dd0c','8dccf46903c90c5824f6331d06a4991b0528d920f74ac3c76e02b79e7d1aa87b');
INSERT INTO messages VALUES(139,310017,'insert','bet_matches','{"backward_quantity":650000000,"block_index":310016,"deadline":1388000200,"fee_fraction_int":99999999,"feed_address":"2_mn6q3dS2EnDUx3bmyWc6D4szJNVGtaR7zc_mnfAHmddVibnZNSkh8DvKaQoiEfNsxjXzH_mtQheFaSfWELRB2MyMBaiWjdDm6ux9Ezns_3","forward_quantity":750000000,"id":"caaceb9160747bd86fa4b3b4d090c9e1617285fae312eac2152bf3fabedcd2bc_67497105b77192af401ec8024ad34de211592877dee8532dbe216d8a8f17dd0c","initial_value":100.0,"leverage":5040,"match_expire_index":310026,"status":"pending","target_value":1.0,"tx0_address":"2_mn6q3dS2EnDUx3bmyWc6D4szJNVGtaR7zc_mnfAHmddVibnZNSkh8DvKaQoiEfNsxjXzH_mtQheFaSfWELRB2MyMBaiWjdDm6ux9Ezns_3","tx0_bet_type":2,"tx0_block_index":310016,"tx0_expiration":10,"tx0_hash":"caaceb9160747bd86fa4b3b4d090c9e1617285fae312eac2152bf3fabedcd2bc","tx0_index":17,"tx1_address":"2_mn6q3dS2EnDUx3bmyWc6D4szJNVGtaR7zc_mnfAHmddVibnZNSkh8DvKaQoiEfNsxjXzH_mtQheFaSfWELRB2MyMBaiWjdDm6ux9Ezns_3","tx1_bet_type":3,"tx1_block_index":310017,"tx1_expiration":10,"tx1_hash":"67497105b77192af401ec8024ad34de211592877dee8532dbe216d8a8f17dd0c","tx1_index":18}',0,'BET_MATCH','67497105b77192af401ec8024ad34de211592877dee8532dbe216d8a8f17dd0c','993797c4a2930b79845131b454618b799b4cf8568b3a55435307f08d2268d78f');
INSERT INTO messages VALUES(140,310017,'parse','transactions','{"supported":true,"tx_hash":"67497105b77192af401ec8024ad34de211592877dee8532dbe216d8a8f17dd0c","tx_index":18}',0,'TRANSACTION_PARSED','67497105b77192af401ec8024ad34de211592877dee8532dbe216d8a8f17dd0c','544a351ed49641cab5d71a5d89dead552bcbad0f8f73c1655c77b4eddfe7eff1');
INSERT INTO messages VALUES(141,310017,'parse','blocks','{"block_index":310017,"ledger_hash":"5d1e195a7d313d703253640cd98be600b04a7d98aae69b5327a29e740573198d","messages_hash":"5fad2e2f5572c92dce7544deabe9659c57ad1bcd2df6a3bdf862c8236f9ffee6","transaction_count":1,"txlist_hash":"443444009d5700747b2d345cc10a70bf5a48214bc279d811a311ef76e52abf04"}',0,'BLOCK_PARSED',NULL,'605328a3e23dba290037138a563c37cf558668bf54944789a5ea62f72e2f9219');
INSERT INTO messages VALUES(142,310018,'insert','blocks','{"block_hash":"35c06f9e3de39e4e56ceb1d1a22008f52361c50dd0d251c0acbe2e3c2dba8ed3","block_index":310018,"block_time":310018000,"difficulty":null,"ledger_hash":null,"previous_block_hash":null,"txlist_hash":null}',0,'NEW_BLOCK',NULL,'0103a2ef43e52751e773ac61f0af27c73cf98d245ace37e69cd912b49186a23c');
INSERT INTO messages VALUES(143,310018,'insert','transactions','{"block_hash":"35c06f9e3de39e4e56ceb1d1a22008f52361c50dd0d251c0acbe2e3c2dba8ed3","block_index":310018,"block_time":310018000,"btc_amount":0,"data":"0000001e52bb33324058f7256ffc115e004c4b4009556e69742054657374","destination":"","fee":6800,"source":"2_mn6q3dS2EnDUx3bmyWc6D4szJNVGtaR7zc_mnfAHmddVibnZNSkh8DvKaQoiEfNsxjXzH_mtQheFaSfWELRB2MyMBaiWjdDm6ux9Ezns_3","supported":true,"tx_hash":"e87bf8dfeda7df143873ff042cc7a05dd590a6bef6a55c5832e22db1bd5e3bcd","tx_index":19,"utxos_info":" 17063806c5eeb2cc730ab380dc0ebd3ebeedd5fbe5c502eaaf46b065d901dd2b:0 2 "}',0,'NEW_TRANSACTION',NULL,'deae796a91afd0a8107d5a5d50cb49b53ccca5134ab89ed93c668d4d62d8b8c2');
INSERT INTO messages VALUES(144,310018,'insert','broadcasts','{"block_index":310018,"fee_fraction_int":5000000,"locked":false,"source":"2_mn6q3dS2EnDUx3bmyWc6D4szJNVGtaR7zc_mnfAHmddVibnZNSkh8DvKaQoiEfNsxjXzH_mtQheFaSfWELRB2MyMBaiWjdDm6ux9Ezns_3","status":"valid","text":"Unit Test","timestamp":1388000050,"tx_hash":"e87bf8dfeda7df143873ff042cc7a05dd590a6bef6a55c5832e22db1bd5e3bcd","tx_index":19,"value":99.86166}',0,'BROADCAST','e87bf8dfeda7df143873ff042cc7a05dd590a6bef6a55c5832e22db1bd5e3bcd','176b502e0807e9ea54ff8e9dbfa86e4ae8f4190f3c985ea0f39d4de50a31484c');
INSERT INTO messages VALUES(145,310018,'insert','credits','{"address":"2_mn6q3dS2EnDUx3bmyWc6D4szJNVGtaR7zc_mnfAHmddVibnZNSkh8DvKaQoiEfNsxjXzH_mtQheFaSfWELRB2MyMBaiWjdDm6ux9Ezns_3","asset":"XCP","block_index":310018,"calling_function":"bet settled: liquidated for bear","event":"e87bf8dfeda7df143873ff042cc7a05dd590a6bef6a55c5832e22db1bd5e3bcd","quantity":59137500,"tx_index":19,"utxo":null,"utxo_address":null}',0,'CREDIT','e87bf8dfeda7df143873ff042cc7a05dd590a6bef6a55c5832e22db1bd5e3bcd','aadeddf66c9dd129623e93c8a1443314d1960fc179054f33b6916e59c2284ebd');
INSERT INTO messages VALUES(146,310018,'insert','credits','{"address":"2_mn6q3dS2EnDUx3bmyWc6D4szJNVGtaR7zc_mnfAHmddVibnZNSkh8DvKaQoiEfNsxjXzH_mtQheFaSfWELRB2MyMBaiWjdDm6ux9Ezns_3","asset":"XCP","block_index":310018,"calling_function":"feed fee","event":"e87bf8dfeda7df143873ff042cc7a05dd590a6bef6a55c5832e22db1bd5e3bcd","quantity":3112500,"tx_index":19,"utxo":null,"utxo_address":null}',0,'CREDIT','e87bf8dfeda7df143873ff042cc7a05dd590a6bef6a55c5832e22db1bd5e3bcd','fb8fd89716947ca1a4200556593c750a711f99c75aea89f2e346d478179ef071');
INSERT INTO messages VALUES(147,310018,'insert','bet_match_resolutions','{"bear_credit":59137500,"bet_match_id":"ef92dc4986fdfb4ccb6e101ee949d5307c554e8dd1619307548ec032a973f19c_ce9d3a5ea18ed454ddee80b75bd12abdd47de8e176d9c9dfc768c1233e729943","bet_match_type_id":1,"block_index":310018,"bull_credit":0,"escrow_less_fee":null,"fee":3112500,"settled":false,"winner":null}',0,'BET_MATCH_RESOLUTON','e87bf8dfeda7df143873ff042cc7a05dd590a6bef6a55c5832e22db1bd5e3bcd','f49ce71b2430fcda66f9b745f6ae5b441fcbc2f3d84dc9869a6819891932d50f');
INSERT INTO messages VALUES(148,310018,'update','bet_matches','{"id":"ef92dc4986fdfb4ccb6e101ee949d5307c554e8dd1619307548ec032a973f19c_ce9d3a5ea18ed454ddee80b75bd12abdd47de8e176d9c9dfc768c1233e729943","status":"settled: liquidated for bear"}',0,'BET_MATCH_UPDATE','e87bf8dfeda7df143873ff042cc7a05dd590a6bef6a55c5832e22db1bd5e3bcd','5e04133ce912ed38524adb45a4f7e637fd317c11edfd9e1484fc2d682651c2f1');
INSERT INTO messages VALUES(149,310018,'parse','transactions','{"supported":true,"tx_hash":"e87bf8dfeda7df143873ff042cc7a05dd590a6bef6a55c5832e22db1bd5e3bcd","tx_index":19}',0,'TRANSACTION_PARSED','e87bf8dfeda7df143873ff042cc7a05dd590a6bef6a55c5832e22db1bd5e3bcd','4d6018e0fda5d48e76baf420c35d37eee272bef80f5f3038867cc565e8bd09de');
INSERT INTO messages VALUES(150,310018,'parse','blocks','{"block_index":310018,"ledger_hash":"f38538a4a2cba9bcf8821b56e1dc877990e027135d3f220338cd8cb11f3eb205","messages_hash":"d82353c7b022423d53ae542991e847455ee412a813b51dc2199c7398d6ae2c3d","transaction_count":1,"txlist_hash":"abe72d22a1fb28e1ce34bfe3f1fd012d5a41fe219a0c4ee96f3b4b0e49aea889"}',0,'BLOCK_PARSED',NULL,'b60283e6748de190477165da9a480e6935d3be62c02e7a95421dc1cda8b0ced8');
INSERT INTO messages VALUES(151,310019,'insert','blocks','{"block_hash":"114affa0c4f34b1ebf8e2778c9477641f60b5b9e8a69052158041d4c41893294","block_index":310019,"block_time":310019000,"difficulty":null,"ledger_hash":null,"previous_block_hash":null,"txlist_hash":null}',0,'NEW_BLOCK',NULL,'a3e9e64f00f09cea39dfc0cc619546d7473d40dad6836052d64aaa8c2b20bbf7');
INSERT INTO messages VALUES(152,310019,'insert','transactions','{"block_hash":"114affa0c4f34b1ebf8e2778c9477641f60b5b9e8a69052158041d4c41893294","block_index":310019,"block_time":310019000,"btc_amount":0,"data":"0000001e52bb3365405915f3b645a1cb004c4b4009556e69742054657374","destination":"","fee":6800,"source":"2_mn6q3dS2EnDUx3bmyWc6D4szJNVGtaR7zc_mnfAHmddVibnZNSkh8DvKaQoiEfNsxjXzH_mtQheFaSfWELRB2MyMBaiWjdDm6ux9Ezns_3","supported":true,"tx_hash":"1fcd2de64aabc6c05796e28cbea31df45a25928c2cd8dd30d774c9e70c4e97df","tx_index":20,"utxos_info":" ff1c30c31e2e0b511c508c7111d22d77fdbb4f20379d49042bef4e231b9c098b:0 2 "}',0,'NEW_TRANSACTION',NULL,'629555910cdf199fd6f51aa4e8b7f3a2e3d1b77e214bb5b43d3692933e015c6b');
INSERT INTO messages VALUES(153,310019,'insert','broadcasts','{"block_index":310019,"fee_fraction_int":5000000,"locked":false,"source":"2_mn6q3dS2EnDUx3bmyWc6D4szJNVGtaR7zc_mnfAHmddVibnZNSkh8DvKaQoiEfNsxjXzH_mtQheFaSfWELRB2MyMBaiWjdDm6ux9Ezns_3","status":"valid","text":"Unit Test","timestamp":1388000101,"tx_hash":"1fcd2de64aabc6c05796e28cbea31df45a25928c2cd8dd30d774c9e70c4e97df","tx_index":20,"value":100.343}',0,'BROADCAST','1fcd2de64aabc6c05796e28cbea31df45a25928c2cd8dd30d774c9e70c4e97df','4fb71c856d9498cecee82eff2b95b5216810ffdfebe53349bb8da3fa7b616eed');
INSERT INTO messages VALUES(154,310019,'insert','credits','{"address":"2_mn6q3dS2EnDUx3bmyWc6D4szJNVGtaR7zc_mnfAHmddVibnZNSkh8DvKaQoiEfNsxjXzH_mtQheFaSfWELRB2MyMBaiWjdDm6ux9Ezns_3","asset":"XCP","block_index":310019,"calling_function":"bet settled","event":"1fcd2de64aabc6c05796e28cbea31df45a25928c2cd8dd30d774c9e70c4e97df","quantity":159300000,"tx_index":20,"utxo":null,"utxo_address":null}',0,'CREDIT','1fcd2de64aabc6c05796e28cbea31df45a25928c2cd8dd30d774c9e70c4e97df','de47737156e9a1bfe456fc39933022f229e85394e0435d59458b796b6d410f3b');
INSERT INTO messages VALUES(155,310019,'insert','credits','{"address":"2_mn6q3dS2EnDUx3bmyWc6D4szJNVGtaR7zc_mnfAHmddVibnZNSkh8DvKaQoiEfNsxjXzH_mtQheFaSfWELRB2MyMBaiWjdDm6ux9Ezns_3","asset":"XCP","block_index":310019,"calling_function":"bet settled","event":"1fcd2de64aabc6c05796e28cbea31df45a25928c2cd8dd30d774c9e70c4e97df","quantity":315700000,"tx_index":20,"utxo":null,"utxo_address":null}',0,'CREDIT','1fcd2de64aabc6c05796e28cbea31df45a25928c2cd8dd30d774c9e70c4e97df','9ef4f77cb849f4edaad4c40ca7b2c3bffb7ae686d7eed6893cdc13e559980095');
INSERT INTO messages VALUES(156,310019,'insert','credits','{"address":"2_mn6q3dS2EnDUx3bmyWc6D4szJNVGtaR7zc_mnfAHmddVibnZNSkh8DvKaQoiEfNsxjXzH_mtQheFaSfWELRB2MyMBaiWjdDm6ux9Ezns_3","asset":"XCP","block_index":310019,"calling_function":"feed fee","event":"1fcd2de64aabc6c05796e28cbea31df45a25928c2cd8dd30d774c9e70c4e97df","quantity":25000000,"tx_index":20,"utxo":null,"utxo_address":null}',0,'CREDIT','1fcd2de64aabc6c05796e28cbea31df45a25928c2cd8dd30d774c9e70c4e97df','0c2a3fb961ccfa9367eeab95c5ee0e1073f30e0ebdc6a486bb5d37539ba1665b');
INSERT INTO messages VALUES(157,310019,'insert','bet_match_resolutions','{"bear_credit":315700000,"bet_match_id":"6722884208180367a60c5c96ae86865dad3c63525a9498d716e98b5015ec2e3d_10c669ad89d61e1a983e179f66f355b1dd21e53d520fd4dc3bb5a6f9e5e24fcd","bet_match_type_id":1,"block_index":310019,"bull_credit":159300000,"escrow_less_fee":null,"fee":25000000,"settled":true,"winner":null}',0,'BET_MATCH_RESOLUTON','1fcd2de64aabc6c05796e28cbea31df45a25928c2cd8dd30d774c9e70c4e97df','011a2530f73dafa19cf238d2a8e1b5744782de996b044c73fbb20ebc8e73d711');
INSERT INTO messages VALUES(158,310019,'update','bet_matches','{"id":"6722884208180367a60c5c96ae86865dad3c63525a9498d716e98b5015ec2e3d_10c669ad89d61e1a983e179f66f355b1dd21e53d520fd4dc3bb5a6f9e5e24fcd","status":"settled"}',0,'BET_MATCH_UPDATE','1fcd2de64aabc6c05796e28cbea31df45a25928c2cd8dd30d774c9e70c4e97df','ef9709ea0bedf77e927b569464f25e7ec544cfdf9f7bb02e7e2de152c070144b');
INSERT INTO messages VALUES(159,310019,'parse','transactions','{"supported":true,"tx_hash":"1fcd2de64aabc6c05796e28cbea31df45a25928c2cd8dd30d774c9e70c4e97df","tx_index":20}',0,'TRANSACTION_PARSED','1fcd2de64aabc6c05796e28cbea31df45a25928c2cd8dd30d774c9e70c4e97df','1bcff3e3d1d74575871a9db01298abf72f9b6241944f726786a01c56502d368f');
INSERT INTO messages VALUES(160,310019,'parse','blocks','{"block_index":310019,"ledger_hash":"3a51f1f061d953c940ac7e53f8bb37df041f2d4f42a16f5c5d23707b8b0c0dc6","messages_hash":"f44b5c31fe1be856f277f419c6cd386562b4aea7788bb5b90bffd119d85efbb5","transaction_count":1,"txlist_hash":"8bea2f5ef9805bffa4b23881f7635ec213525f8dfe98aa45e716e43a73ffe114"}',0,'BLOCK_PARSED',NULL,'0d732d0a3bed8cfa29e71a46be04f77b8a3816da4254167da59bb6a378ec0c34');
INSERT INTO messages VALUES(161,310020,'insert','blocks','{"block_hash":"d93c79920e4a42164af74ecb5c6b903ff6055cdc007376c74dfa692c8d85ebc9","block_index":310020,"block_time":310020000,"difficulty":null,"ledger_hash":null,"previous_block_hash":null,"txlist_hash":null}',0,'NEW_BLOCK',NULL,'a655c8319c70bc9ea099fd427ff4b3e62fca19eb611fd7d3fd6d95b04c711976');
INSERT INTO messages VALUES(162,310020,'insert','transactions','{"block_hash":"d93c79920e4a42164af74ecb5c6b903ff6055cdc007376c74dfa692c8d85ebc9","block_index":310020,"block_time":310020000,"btc_amount":0,"data":"0000001e52bb33c94000000000000000004c4b4009556e69742054657374","destination":"","fee":6800,"source":"2_mn6q3dS2EnDUx3bmyWc6D4szJNVGtaR7zc_mnfAHmddVibnZNSkh8DvKaQoiEfNsxjXzH_mtQheFaSfWELRB2MyMBaiWjdDm6ux9Ezns_3","supported":true,"tx_hash":"dc4b57ad8a0b23dbc7ffc03f51e8076cd2418edf256b2660783bb0d1be0b8b73","tx_index":21,"utxos_info":" 2e07fb3dfdafff224b0cb92d718788af96b51014f621e726986b11b9113ae3f8:0 2 "}',0,'NEW_TRANSACTION',NULL,'807a116767fa1bd7dee5675975bff5ea3d105f58e0ba0f53f766bdc3f18617b5');
INSERT INTO messages VALUES(163,310020,'insert','broadcasts','{"block_index":310020,"fee_fraction_int":5000000,"locked":false,"source":"2_mn6q3dS2EnDUx3bmyWc6D4szJNVGtaR7zc_mnfAHmddVibnZNSkh8DvKaQoiEfNsxjXzH_mtQheFaSfWELRB2MyMBaiWjdDm6ux9Ezns_3","status":"valid","text":"Unit Test","timestamp":1388000201,"tx_hash":"dc4b57ad8a0b23dbc7ffc03f51e8076cd2418edf256b2660783bb0d1be0b8b73","tx_index":21,"value":2.0}',0,'BROADCAST','dc4b57ad8a0b23dbc7ffc03f51e8076cd2418edf256b2660783bb0d1be0b8b73','885ed06930e100bb6c7a7e60f91321433f6957728ee01f097599a798fc9b833a');
INSERT INTO messages VALUES(164,310020,'insert','credits','{"address":"2_mn6q3dS2EnDUx3bmyWc6D4szJNVGtaR7zc_mnfAHmddVibnZNSkh8DvKaQoiEfNsxjXzH_mtQheFaSfWELRB2MyMBaiWjdDm6ux9Ezns_3","asset":"XCP","block_index":310020,"calling_function":"bet settled: for notequal","event":"dc4b57ad8a0b23dbc7ffc03f51e8076cd2418edf256b2660783bb0d1be0b8b73","quantity":1330000000,"tx_index":21,"utxo":null,"utxo_address":null}',0,'CREDIT','dc4b57ad8a0b23dbc7ffc03f51e8076cd2418edf256b2660783bb0d1be0b8b73','639bd70c0c53c0364798cb7d7112a95a089ec9d562780cba1de6fce2c63fe71d');
INSERT INTO messages VALUES(165,310020,'insert','credits','{"address":"2_mn6q3dS2EnDUx3bmyWc6D4szJNVGtaR7zc_mnfAHmddVibnZNSkh8DvKaQoiEfNsxjXzH_mtQheFaSfWELRB2MyMBaiWjdDm6ux9Ezns_3","asset":"XCP","block_index":310020,"calling_function":"feed fee","event":"dc4b57ad8a0b23dbc7ffc03f51e8076cd2418edf256b2660783bb0d1be0b8b73","quantity":70000000,"tx_index":21,"utxo":null,"utxo_address":null}',0,'CREDIT','dc4b57ad8a0b23dbc7ffc03f51e8076cd2418edf256b2660783bb0d1be0b8b73','1633ec217312fff3f258ca3eb88ff35eb3180d0114d075ffab345e67fcccb675');
INSERT INTO messages VALUES(166,310020,'insert','bet_match_resolutions','{"bear_credit":null,"bet_match_id":"caaceb9160747bd86fa4b3b4d090c9e1617285fae312eac2152bf3fabedcd2bc_67497105b77192af401ec8024ad34de211592877dee8532dbe216d8a8f17dd0c","bet_match_type_id":5,"block_index":310020,"bull_credit":null,"escrow_less_fee":1330000000,"fee":70000000,"settled":null,"winner":"NotEqual"}',0,'BET_MATCH_RESOLUTON','dc4b57ad8a0b23dbc7ffc03f51e8076cd2418edf256b2660783bb0d1be0b8b73','ff7a17f892ad60e11b8d35e48167e622c39e52aca54af0a607ba9914e683e639');
INSERT INTO messages VALUES(167,310020,'update','bet_matches','{"id":"caaceb9160747bd86fa4b3b4d090c9e1617285fae312eac2152bf3fabedcd2bc_67497105b77192af401ec8024ad34de211592877dee8532dbe216d8a8f17dd0c","status":"settled: for notequal"}',0,'BET_MATCH_UPDATE','dc4b57ad8a0b23dbc7ffc03f51e8076cd2418edf256b2660783bb0d1be0b8b73','06475711c70a6e480b0fdc61490cb2587417294c1437c53a2c92726bd733b007');
INSERT INTO messages VALUES(168,310020,'parse','transactions','{"supported":true,"tx_hash":"dc4b57ad8a0b23dbc7ffc03f51e8076cd2418edf256b2660783bb0d1be0b8b73","tx_index":21}',0,'TRANSACTION_PARSED','dc4b57ad8a0b23dbc7ffc03f51e8076cd2418edf256b2660783bb0d1be0b8b73','8b69696be4d571c334dfe2c1cfb6f426de5140ddd4edbeb46a511fe2c1daa95a');
INSERT INTO messages VALUES(169,310020,'parse','blocks','{"block_index":310020,"ledger_hash":"cce3284c53fcf79ba268d925e32ab70e3d4df1e6f13dbcbe2920e93fc689128b","messages_hash":"dbe188feedbc1fab78ffe92c61ec8b227ad70341717d9f7c8a6db430f9888d93","transaction_count":1,"txlist_hash":"d0e8a123b3125a8e057d8504b7a96e77188895c86907c273922b80e7e9ca42d2"}',0,'BLOCK_PARSED',NULL,'44de96acf55c44a76ca41afdea4bafdda3009f7b5c4d76ef33a4eca152001270');
INSERT INTO messages VALUES(170,310021,'insert','blocks','{"block_hash":"7c2460bb32c5749c856486393239bf7a0ac789587ac71f32e7237910da8097f2","block_index":310021,"block_time":310021000,"difficulty":null,"ledger_hash":null,"previous_block_hash":null,"txlist_hash":null}',0,'NEW_BLOCK',NULL,'b2162a45edfbec1a56a4dc1b1f08ac20a605919374d23a0765f74a62676119df');
INSERT INTO messages VALUES(171,310021,'insert','transactions','{"block_hash":"7c2460bb32c5749c856486393239bf7a0ac789587ac71f32e7237910da8097f2","block_index":310021,"block_time":310021000,"btc_amount":0,"data":"0000000a00000000000047670000000002faf08000000000000000010000000002faf080000a0000000000000000","destination":"","fee":6800,"source":"2_mn6q3dS2EnDUx3bmyWc6D4szJNVGtaR7zc_mnfAHmddVibnZNSkh8DvKaQoiEfNsxjXzH_mtQheFaSfWELRB2MyMBaiWjdDm6ux9Ezns_3","supported":true,"tx_hash":"4408350196e71533e054ef84d1bdc4ba4b0f693d2d98d240d3c697b553078ab7","tx_index":22,"utxos_info":" 168840008f0acd950b58778bb6ee9d625b19dde6fc5a85f02a787aa78d541341:0 2 "}',0,'NEW_TRANSACTION',NULL,'c8ee8412aac619a1248ec0ebde2300449d51cf5cdeb97dc1b1c8f426c4f24887');
INSERT INTO messages VALUES(172,310021,'insert','debits','{"action":"open order","address":"2_mn6q3dS2EnDUx3bmyWc6D4szJNVGtaR7zc_mnfAHmddVibnZNSkh8DvKaQoiEfNsxjXzH_mtQheFaSfWELRB2MyMBaiWjdDm6ux9Ezns_3","asset":"BBBB","block_index":310021,"event":"4408350196e71533e054ef84d1bdc4ba4b0f693d2d98d240d3c697b553078ab7","quantity":50000000,"tx_index":22,"utxo":null,"utxo_address":null}',0,'DEBIT','4408350196e71533e054ef84d1bdc4ba4b0f693d2d98d240d3c697b553078ab7','6e7332bb116ca9813e625a16717bb661774b42d277386685ca919e9f43902944');
INSERT INTO messages VALUES(173,310021,'insert','orders','{"block_index":310021,"expiration":10,"expire_index":310031,"fee_provided":6800,"fee_provided_remaining":6800,"fee_required":0,"fee_required_remaining":0,"get_asset":"XCP","get_quantity":50000000,"get_remaining":50000000,"give_asset":"BBBB","give_quantity":50000000,"give_remaining":50000000,"source":"2_mn6q3dS2EnDUx3bmyWc6D4szJNVGtaR7zc_mnfAHmddVibnZNSkh8DvKaQoiEfNsxjXzH_mtQheFaSfWELRB2MyMBaiWjdDm6ux9Ezns_3","status":"open","tx_hash":"4408350196e71533e054ef84d1bdc4ba4b0f693d2d98d240d3c697b553078ab7","tx_index":22}',0,'OPEN_ORDER','4408350196e71533e054ef84d1bdc4ba4b0f693d2d98d240d3c697b553078ab7','1e65b8bc5b38810ad22f12e98af94aa8011761343232aed27e3e045d3dfa6a90');
INSERT INTO messages VALUES(174,310021,'parse','transactions','{"supported":true,"tx_hash":"4408350196e71533e054ef84d1bdc4ba4b0f693d2d98d240d3c697b553078ab7","tx_index":22}',0,'TRANSACTION_PARSED','4408350196e71533e054ef84d1bdc4ba4b0f693d2d98d240d3c697b553078ab7','038f8121c78d29022f5d64a2ae0d3f099155a799e7887758ab800b631f1d89d9');
INSERT INTO messages VALUES(175,310021,'parse','blocks','{"block_index":310021,"ledger_hash":"6ad5172a6dcaa6706d5a4f6fd8ada183e103b9faab58e42c1365613a26477490","messages_hash":"0dbf281ecdd5087482b2b54baaee5395046551425fcdc6287d4d34476c10f82e","transaction_count":1,"txlist_hash":"1c207ab28dd2c5d297f47d5ac366699523cd97ccfc8a3e348dbf6fe900c32b5d"}',0,'BLOCK_PARSED',NULL,'ab108abb71afd9f85fbb6a552b9e6b6b38f4372e30c810a8c7499e98ab252436');
INSERT INTO messages VALUES(176,310022,'insert','blocks','{"block_hash":"44435f9a99a0aa12a9bfabdc4cb8119f6ea6a6e1350d2d65445fb66a456db5fc","block_index":310022,"block_time":310022000,"difficulty":null,"ledger_hash":null,"previous_block_hash":null,"txlist_hash":null}',0,'NEW_BLOCK',NULL,'e53ec77e03b698f86d0027f1ccc60e0479c5e1b949732aed6efd45528847c73d');
INSERT INTO messages VALUES(177,310022,'insert','transactions','{"block_hash":"44435f9a99a0aa12a9bfabdc4cb8119f6ea6a6e1350d2d65445fb66a456db5fc","block_index":310022,"block_time":310022000,"btc_amount":100000000,"data":"","destination":"mvCounterpartyXXXXXXXXXXXXXXW24Hef","fee":5625,"source":"2_mn6q3dS2EnDUx3bmyWc6D4szJNVGtaR7zc_mnfAHmddVibnZNSkh8DvKaQoiEfNsxjXzH_mtQheFaSfWELRB2MyMBaiWjdDm6ux9Ezns_3","supported":true,"tx_hash":"181709b341ec136f90975fdaa362c767ebd789e72f16d4e17348ab2985c1bd01","tx_index":23,"utxos_info":" a64251be6598696807b458ee6811a35eefdcd8170ab68e36c37d1c5b0bb84350:0 2 "}',0,'NEW_TRANSACTION',NULL,'61c47cf0518d39eba6a03bf2863fa34dda0ca5511cbb109e251bcad67d57495c');
INSERT INTO messages VALUES(178,310022,'insert','credits','{"address":"2_mn6q3dS2EnDUx3bmyWc6D4szJNVGtaR7zc_mnfAHmddVibnZNSkh8DvKaQoiEfNsxjXzH_mtQheFaSfWELRB2MyMBaiWjdDm6ux9Ezns_3","asset":"XCP","block_index":310022,"calling_function":"burn","event":"181709b341ec136f90975fdaa362c767ebd789e72f16d4e17348ab2985c1bd01","quantity":56999887262,"tx_index":23,"utxo":null,"utxo_address":null}',0,'CREDIT','181709b341ec136f90975fdaa362c767ebd789e72f16d4e17348ab2985c1bd01','e0e4c05f090f04b628f86eaf85fd3d626fbc90d4353bbb03e79bd52ae064d9ef');
INSERT INTO messages VALUES(179,310022,'insert','burns','{"block_index":310022,"burned":38000000,"earned":56999887262,"source":"2_mn6q3dS2EnDUx3bmyWc6D4szJNVGtaR7zc_mnfAHmddVibnZNSkh8DvKaQoiEfNsxjXzH_mtQheFaSfWELRB2MyMBaiWjdDm6ux9Ezns_3","status":"valid","tx_hash":"181709b341ec136f90975fdaa362c767ebd789e72f16d4e17348ab2985c1bd01","tx_index":23}',0,'BURN','181709b341ec136f90975fdaa362c767ebd789e72f16d4e17348ab2985c1bd01','fe84d22f198f662364fe9d6488d7601bacc1dc60c312180895b7d012f8595c29');
INSERT INTO messages VALUES(180,310022,'parse','transactions','{"supported":true,"tx_hash":"181709b341ec136f90975fdaa362c767ebd789e72f16d4e17348ab2985c1bd01","tx_index":23}',0,'TRANSACTION_PARSED','181709b341ec136f90975fdaa362c767ebd789e72f16d4e17348ab2985c1bd01','6a1ce6e1729293a47055e3cef286389de80cd9b6a8dc18fdb461cfa60c3008a7');
INSERT INTO messages VALUES(181,310022,'parse','blocks','{"block_index":310022,"ledger_hash":"c9361fea7f3dd2415969eb6ad7fe893381c9ca65ea391f2e47a966e342db3a90","messages_hash":"e10754992218fd300c9591d582b91a97f6d23061edee28b69c0b7e58a784ade0","transaction_count":1,"txlist_hash":"c0867554bd3d50cd8ca4bb6e2d055250fa0c3c46f47b5f03ce5022b7090e07d4"}',0,'BLOCK_PARSED',NULL,'36e988f9bb6e9272414244667451a302a9a387b10fade05187a8a5f714c3b0c7');
INSERT INTO messages VALUES(182,310023,'insert','blocks','{"block_hash":"d8cf5bec1bbcab8ca4f495352afde3b6572b7e1d61b3976872ebb8e9d30ccb08","block_index":310023,"block_time":310023000,"difficulty":null,"ledger_hash":null,"previous_block_hash":null,"txlist_hash":null}',0,'NEW_BLOCK',NULL,'6b777ab23491deac6f1137ef58d661b14f76198bbb42c083a38f4acd52e4c18a');
INSERT INTO messages VALUES(183,310023,'insert','transactions','{"block_hash":"d8cf5bec1bbcab8ca4f495352afde3b6572b7e1d61b3976872ebb8e9d30ccb08","block_index":310023,"block_time":310023000,"btc_amount":1000,"data":"0000000000000000000047680000000000002710","destination":"2_mn6q3dS2EnDUx3bmyWc6D4szJNVGtaR7zc_mnfAHmddVibnZNSkh8DvKaQoiEfNsxjXzH_mqPCfvqTfYctXMUfmniXeG2nyaN8w6tPmj_3","fee":7650,"source":"2_mn6q3dS2EnDUx3bmyWc6D4szJNVGtaR7zc_mnfAHmddVibnZNSkh8DvKaQoiEfNsxjXzH_mtQheFaSfWELRB2MyMBaiWjdDm6ux9Ezns_3","supported":true,"tx_hash":"f4a0c2582fb141e9451a7c00fa61afc147b9959c2dd20a1978950936fdb53831","tx_index":24,"utxos_info":" 806ec51cd29841b7bb12b0cb41cf9678b3e3e26f9a95d5aeba5e0868330b8e60:0 3 "}',0,'NEW_TRANSACTION',NULL,'0a582ac44c41bfdf6f1a61a9f6c380aea0fd842c7c27e2d233133ca72d19bd47');
INSERT INTO messages VALUES(184,310023,'update','bets','{"status":"expired","tx_hash":"ef92dc4986fdfb4ccb6e101ee949d5307c554e8dd1619307548ec032a973f19c"}',0,'BET_UPDATE',NULL,'9020ed01eb637bcc10edbf64a51dadee9615ba041ce953e3b1da33269fcccca0');
INSERT INTO messages VALUES(185,310023,'insert','credits','{"address":"2_mn6q3dS2EnDUx3bmyWc6D4szJNVGtaR7zc_mnfAHmddVibnZNSkh8DvKaQoiEfNsxjXzH_mtQheFaSfWELRB2MyMBaiWjdDm6ux9Ezns_3","asset":"XCP","block_index":310023,"calling_function":"recredit wager remaining","event":"ef92dc4986fdfb4ccb6e101ee949d5307c554e8dd1619307548ec032a973f19c","quantity":8500000,"tx_index":0,"utxo":null,"utxo_address":null}',0,'CREDIT',NULL,'40e83bdbd5cb3d2b6bb3a9337e6856344c5da5ae37d62d387283a9e2778c4184');
INSERT INTO messages VALUES(186,310023,'insert','bet_expirations','{"bet_hash":"ef92dc4986fdfb4ccb6e101ee949d5307c554e8dd1619307548ec032a973f19c","bet_index":13,"block_index":310023,"source":"2_mn6q3dS2EnDUx3bmyWc6D4szJNVGtaR7zc_mnfAHmddVibnZNSkh8DvKaQoiEfNsxjXzH_mtQheFaSfWELRB2MyMBaiWjdDm6ux9Ezns_3"}',0,'BET_EXPIRATION',NULL,'a61781a329821da967acf7fad1667e560fbe24a204eee791d1e694cecb966896');
INSERT INTO messages VALUES(187,310023,'insert','debits','{"action":"send","address":"2_mn6q3dS2EnDUx3bmyWc6D4szJNVGtaR7zc_mnfAHmddVibnZNSkh8DvKaQoiEfNsxjXzH_mtQheFaSfWELRB2MyMBaiWjdDm6ux9Ezns_3","asset":"BBBC","block_index":310023,"event":"f4a0c2582fb141e9451a7c00fa61afc147b9959c2dd20a1978950936fdb53831","quantity":10000,"tx_index":24,"utxo":null,"utxo_address":null}',0,'DEBIT','f4a0c2582fb141e9451a7c00fa61afc147b9959c2dd20a1978950936fdb53831','9dc5ea318a62b4ccabf532aad4adc2a954c7a5441b48d9bb9d13a5b686b849be');
INSERT INTO messages VALUES(188,310023,'insert','credits','{"address":"2_mn6q3dS2EnDUx3bmyWc6D4szJNVGtaR7zc_mnfAHmddVibnZNSkh8DvKaQoiEfNsxjXzH_mqPCfvqTfYctXMUfmniXeG2nyaN8w6tPmj_3","asset":"BBBC","block_index":310023,"calling_function":"send","event":"f4a0c2582fb141e9451a7c00fa61afc147b9959c2dd20a1978950936fdb53831","quantity":10000,"tx_index":24,"utxo":null,"utxo_address":null}',0,'CREDIT','f4a0c2582fb141e9451a7c00fa61afc147b9959c2dd20a1978950936fdb53831','4acdb8dc32e56ca936318e0e3e58b85bb1493a204cbc3af4cbfe0b80cc6661fe');
INSERT INTO messages VALUES(189,310023,'insert','sends','{"asset":"BBBC","block_index":310023,"destination":"2_mn6q3dS2EnDUx3bmyWc6D4szJNVGtaR7zc_mnfAHmddVibnZNSkh8DvKaQoiEfNsxjXzH_mqPCfvqTfYctXMUfmniXeG2nyaN8w6tPmj_3","quantity":10000,"source":"2_mn6q3dS2EnDUx3bmyWc6D4szJNVGtaR7zc_mnfAHmddVibnZNSkh8DvKaQoiEfNsxjXzH_mtQheFaSfWELRB2MyMBaiWjdDm6ux9Ezns_3","status":"valid","tx_hash":"f4a0c2582fb141e9451a7c00fa61afc147b9959c2dd20a1978950936fdb53831","tx_index":24}',0,'SEND','f4a0c2582fb141e9451a7c00fa61afc147b9959c2dd20a1978950936fdb53831','72a040f85fe89355e2c1fcedb9a2ae76e9ba4d1e57f1b0191936e52313a46c93');
INSERT INTO messages VALUES(190,310023,'parse','transactions','{"supported":true,"tx_hash":"f4a0c2582fb141e9451a7c00fa61afc147b9959c2dd20a1978950936fdb53831","tx_index":24}',0,'TRANSACTION_PARSED','f4a0c2582fb141e9451a7c00fa61afc147b9959c2dd20a1978950936fdb53831','2e0d275068682297b9cbbd18e5c184f8e22c818bb06a8b8c8ca5bb4fa8386915');
INSERT INTO messages VALUES(191,310023,'parse','blocks','{"block_index":310023,"ledger_hash":"f63680db66cf963aaaebf64130629790e7492b5ea9396434c2179a5eb8774412","messages_hash":"8ce5a3834ec48620ff60c846cff7e9cbac734cfc2ce4d094cb3a77ae08a1d88a","transaction_count":1,"txlist_hash":"6a3cc06342da18a8eae7180bd93af2cc3a6f7c51916a19265365814f52a58119"}',0,'BLOCK_PARSED',NULL,'3c3a54920d7bb13e1424166e813ee25b938244f6d814d152160bf4d8a9df47e0');
INSERT INTO messages VALUES(192,310024,'insert','blocks','{"block_hash":"b03042b4e18a222b4c8d1e9e1970d93e6e2a2d41686d227ff8ecf0a839223dc5","block_index":310024,"block_time":310024000,"difficulty":null,"ledger_hash":null,"previous_block_hash":null,"txlist_hash":null}',0,'NEW_BLOCK',NULL,'0e411d0e368f94a3b77212f6858406346d786334623f87f949e14efd49af06c8');
INSERT INTO messages VALUES(193,310024,'parse','blocks','{"block_index":310024,"ledger_hash":"d69ea243fcd5e525ae03af680d5610b654a9d2bad17782e196305aaa110a6ba9","messages_hash":"17c8ef54c1db7cc84b7b99893e646abbff6ce6a5220ca62a792f8f4546c99e4b","transaction_count":0,"txlist_hash":"7e4a0076ce614d5b7bcb0a59c84e79d21702a3507ba88bc0d8ce9e644d7fe692"}',0,'BLOCK_PARSED',NULL,'21f7147045b3c61c5d1acad4cc259846f616128414a064d7f3d33cb57b42b158');
INSERT INTO messages VALUES(194,310025,'insert','blocks','{"block_hash":"a872e560766832cc3b4f7f222228cb6db882ce3c54f6459f62c71d5cd6e90666","block_index":310025,"block_time":310025000,"difficulty":null,"ledger_hash":null,"previous_block_hash":null,"txlist_hash":null}',0,'NEW_BLOCK',NULL,'6d12affef1507db3c254ba7ff0a487478c8daa6541e32310a06560c192e06b0f');
INSERT INTO messages VALUES(195,310025,'parse','blocks','{"block_index":310025,"ledger_hash":"721906ed4cbd1524fafdc8e3ffef27d8b03e0c798bbcbe3eee7bc7f14afe4e81","messages_hash":"512db6606ecc96c3e60e55eba7fad8e044265bf59d48f6579992489fe3bdde22","transaction_count":0,"txlist_hash":"c1596eb8c172f2968ddd2ef70c1a8f125ab989c1a7bb012ab56f6c75cd96bb41"}',0,'BLOCK_PARSED',NULL,'ff4587b5eff92f582cc5dfa2e05cc1ea0f66898a8eb3fb217741797375293e73');
INSERT INTO messages VALUES(196,310026,'insert','blocks','{"block_hash":"6c96350f6f2f05810f19a689de235eff975338587194a36a70dfd0fcd490941a","block_index":310026,"block_time":310026000,"difficulty":null,"ledger_hash":null,"previous_block_hash":null,"txlist_hash":null}',0,'NEW_BLOCK',NULL,'2834fff4b2b06b6f34ce66cab2d06dbe76de7a9a155365343bf41657865946fe');
INSERT INTO messages VALUES(197,310026,'parse','blocks','{"block_index":310026,"ledger_hash":"27912da2afa797876030dd0e50c31aea462d54c7bfa4f89d2f14fdb7b80db6b0","messages_hash":"530b4113469bd3ccd97ece906eaf40994d01ee540d8df8ea7879d414e2aea8ea","transaction_count":0,"txlist_hash":"2d653751a75829265f2cfe2dd7bcc3a594be62492893d36642e3c8815d339fbd"}',0,'BLOCK_PARSED',NULL,'97ac55b1f71779ab64f587c40e7f7f2732d4d88b1683d64fc760384b095dc87a');
INSERT INTO messages VALUES(198,310027,'insert','blocks','{"block_hash":"d7acfac66df393c4482a14c189742c0571b89442eb7f817b34415a560445699e","block_index":310027,"block_time":310027000,"difficulty":null,"ledger_hash":null,"previous_block_hash":null,"txlist_hash":null}',0,'NEW_BLOCK',NULL,'0e031c0b4d682b070dbe7bdeede1f60d5638eebe441cd3fcb93baf4431d2a20c');
INSERT INTO messages VALUES(199,310027,'parse','blocks','{"block_index":310027,"ledger_hash":"cc0734ecfd2bdbd2d04d236b853f60e324feaa9115fae33a8add961c4a5f9436","messages_hash":"5b4f59a584fac7667e49cb8b062ef1c6e51d44ed8fb0cc0fb3f8a0a08e382974","transaction_count":0,"txlist_hash":"3d5c1eb8dafccfee04f7d91b2819d9f51a9fe8df4050c025c19c29ceb18b3575"}',0,'BLOCK_PARSED',NULL,'1573eda37e92784233f31c792e03cce4c2aee2bde4a62a0f870b95ae3ad0a1b8');
INSERT INTO messages VALUES(200,310028,'insert','blocks','{"block_hash":"02409fcf8fa06dafcb7f11e38593181d9c42cc9d5e2ddc304d098f990bd9530b","block_index":310028,"block_time":310028000,"difficulty":null,"ledger_hash":null,"previous_block_hash":null,"txlist_hash":null}',0,'NEW_BLOCK',NULL,'4ac221c4d229de47894e682c78e6674b18c71bb03147b59c3017bce9df091925');
INSERT INTO messages VALUES(201,310028,'parse','blocks','{"block_index":310028,"ledger_hash":"d3f5fbbe85d5a81fef8735c73349f61a43122f4b6f3f7aa61215323a683ce3aa","messages_hash":"1a75e74d6621e80443b2fecddd19bcccc828babe4d0ba42b3fef1bf2fc3d4c39","transaction_count":0,"txlist_hash":"e6600d6d90725ce81afdd7b00220f8df650f85dc3a308d2486fab88edaaa8981"}',0,'BLOCK_PARSED',NULL,'fe49fde7378c3b5b50670520e144cb2142fbee451d42fdea630c573ca6fb606b');
INSERT INTO messages VALUES(202,310029,'insert','blocks','{"block_hash":"3c739fa8b40c118d5547ea356ee8d10ee2898871907643ec02e5db9d00f03cc6","block_index":310029,"block_time":310029000,"difficulty":null,"ledger_hash":null,"previous_block_hash":null,"txlist_hash":null}',0,'NEW_BLOCK',NULL,'2b95ea3ff2f72ec08de140463e4a0fc37fffd8bfdb1d41d13d8ca24705048ee7');
INSERT INTO messages VALUES(203,310029,'parse','blocks','{"block_index":310029,"ledger_hash":"74d08f0d1cad9f7102d0cfe70f50614c7ae7f4844ca6d02390031e1e96c2b418","messages_hash":"d0c2c367514f881b7927dd6ef19e95f2cabdc269ec53ae45f56335d7a404e475","transaction_count":0,"txlist_hash":"341aa44dcd4967cc3356ca23c97111b1cf3ee128c944493a0ebc6458c4f119be"}',0,'BLOCK_PARSED',NULL,'2610156362faa5ce1aeeb23991629b835c3ff600172e09e8724d6caca51fc8f4');
INSERT INTO messages VALUES(204,310030,'insert','blocks','{"block_hash":"d5071cddedf89765ee0fd58f209c1c7d669ba8ea66200a57587da8b189b9e4f5","block_index":310030,"block_time":310030000,"difficulty":null,"ledger_hash":null,"previous_block_hash":null,"txlist_hash":null}',0,'NEW_BLOCK',NULL,'2a8f73e6b83990642930a67135164d2129e978b6ef1824d3759365d1f9e148a0');
INSERT INTO messages VALUES(205,310030,'parse','blocks','{"block_index":310030,"ledger_hash":"753a1a8bb877851ae24dbc33884344f34ee18c6b0d70a4d909231448b943e8cd","messages_hash":"18db164b18ab36bdcf462c834c84814d310a1eba36a2118d18b76b918894e45f","transaction_count":0,"txlist_hash":"b9385290e5bd72f2a1a5d2cc889108a6da0aa888fdcf76170b166888c6301407"}',0,'BLOCK_PARSED',NULL,'7892e4d5241517fe529be113dc4d55272456565f2a867aa54a264db856644c85');
INSERT INTO messages VALUES(206,310031,'insert','blocks','{"block_hash":"0b02b10f41380fff27c543ea8891ecb845bf7a003ac5c87e15932aff3bfcf689","block_index":310031,"block_time":310031000,"difficulty":null,"ledger_hash":null,"previous_block_hash":null,"txlist_hash":null}',0,'NEW_BLOCK',NULL,'d42c9e3da79d8b564cbcd6750d79f4c4fb93ada26c51bf2be721fc64a5be566d');
INSERT INTO messages VALUES(207,310031,'parse','blocks','{"block_index":310031,"ledger_hash":"f7c62d08a4efc854dea6f47249786d3d00778d97223dd84de1d0fd1eef3e2ee7","messages_hash":"f3aefabdb5fd7065ffd0215528764bcf691eb704cf88059c75f9c339c2c5d7df","transaction_count":0,"txlist_hash":"6c27a0cb80d8602b9ccd126f53bb69727d358353b4c1299434c3472b0469d85f"}',0,'BLOCK_PARSED',NULL,'90f87f97934a1791b60be71d4f8b24910b0eb8d0e7cf09a3c73f0ca51d17fd99');
INSERT INTO messages VALUES(208,310032,'insert','blocks','{"block_hash":"66346be81e6ba04544f2ae643b76c2b7b1383f038fc2636e02e49dc7ec144074","block_index":310032,"block_time":310032000,"difficulty":null,"ledger_hash":null,"previous_block_hash":null,"txlist_hash":null}',0,'NEW_BLOCK',NULL,'4fe082a30ff9029385b4dcaa401e44efb57624fd24dde46e8312741b5d2e1ad9');
INSERT INTO messages VALUES(209,310032,'update','orders','{"status":"expired","tx_hash":"4408350196e71533e054ef84d1bdc4ba4b0f693d2d98d240d3c697b553078ab7"}',0,'ORDER_UPDATE',NULL,'e3a8687cca113eb907eee974ee7ca4dd991b5541e5faa9cfdca0d85408e8dfce');
INSERT INTO messages VALUES(210,310032,'insert','credits','{"address":"2_mn6q3dS2EnDUx3bmyWc6D4szJNVGtaR7zc_mnfAHmddVibnZNSkh8DvKaQoiEfNsxjXzH_mtQheFaSfWELRB2MyMBaiWjdDm6ux9Ezns_3","asset":"BBBB","block_index":310032,"calling_function":"cancel order","event":"4408350196e71533e054ef84d1bdc4ba4b0f693d2d98d240d3c697b553078ab7","quantity":50000000,"tx_index":0,"utxo":null,"utxo_address":null}',0,'CREDIT',NULL,'0659339751ad1027eec8275d6b2a6bd82f2887a5d1ed06f4ffb3071371a797c7');
INSERT INTO messages VALUES(211,310032,'insert','order_expirations','{"block_index":310032,"order_hash":"4408350196e71533e054ef84d1bdc4ba4b0f693d2d98d240d3c697b553078ab7","source":"2_mn6q3dS2EnDUx3bmyWc6D4szJNVGtaR7zc_mnfAHmddVibnZNSkh8DvKaQoiEfNsxjXzH_mtQheFaSfWELRB2MyMBaiWjdDm6ux9Ezns_3"}',0,'ORDER_EXPIRATION',NULL,'e0177afc4efc246ad538622c3608eab046bade9a75b93ecfddfce36e0be32684');
INSERT INTO messages VALUES(212,310032,'parse','blocks','{"block_index":310032,"ledger_hash":"833690f195e85b427b61890640fe8f0cc7419e0f4301b6f4738bab12be06dbb8","messages_hash":"f0f94de9822bb095684ad61cea84153fb139e23f2be85530acc7aa416fcf250b","transaction_count":0,"txlist_hash":"cb3ca17e5c792309fead54d49039ee0e00e7b17291868a3a2e86e09bb3dae80e"}',0,'BLOCK_PARSED',NULL,'1502bf7ad152b9b14202ab0b0f2baf93790832b3b0937267b0a4da57f75549ed');
INSERT INTO messages VALUES(213,310033,'insert','blocks','{"block_hash":"999c65df9661f73e8c01f1da1afda09ac16788b72834f0ff5ea3d1464afb4707","block_index":310033,"block_time":310033000,"difficulty":null,"ledger_hash":null,"previous_block_hash":null,"txlist_hash":null}',0,'NEW_BLOCK',NULL,'3ed99e4d7b0baeeda5febe9f50cb8138a475accf65cd2354a55b9429a4568896');
INSERT INTO messages VALUES(214,310033,'parse','blocks','{"block_index":310033,"ledger_hash":"a1e118474a6f70b8f700a67b43ee0272c4609d3309603b5be6434ca587eaa704","messages_hash":"e49b2f2a954c094c3347a405d290f8343a7452188e8bb9ce3a34f019e38894d8","transaction_count":0,"txlist_hash":"2f097bb1b1dff2b4266dcb3b46d29255401e23a2fcfb75f28e9f7184733e14bc"}',0,'BLOCK_PARSED',NULL,'ca72d2410d200fe1301d9ed9dce843d5f2be2430b1143101247524e8ff49e142');
INSERT INTO messages VALUES(215,310034,'insert','blocks','{"block_hash":"f552edd2e0a648230f3668e72ddf0ddfb1e8ac0f4c190f91b89c1a8c2e357208","block_index":310034,"block_time":310034000,"difficulty":null,"ledger_hash":null,"previous_block_hash":null,"txlist_hash":null}',0,'NEW_BLOCK',NULL,'4d863b17f66544b2a9728acece2c20e9a1dce969cca506b174c5818fff025928');
INSERT INTO messages VALUES(216,310034,'parse','blocks','{"block_index":310034,"ledger_hash":"3b6427f61fb59ffd674ed8e0af75687fc4ccf8b462011727d4dc4bdf4c794775","messages_hash":"d6a2e5a070739ea00f4e79895b1e232d98d290c7256d79cd2196160a7eeda0a3","transaction_count":0,"txlist_hash":"be05766d9a1c70d8907d523979a313ccec8cf2900335fd91800b4b90da3bee12"}',0,'BLOCK_PARSED',NULL,'7c27d78177223bb03cb948677c632aaff1a306ca1794cdf62ef6361c45288b13');
INSERT INTO messages VALUES(217,310035,'insert','blocks','{"block_hash":"a13cbb016f3044207a46967a4ba1c87dab411f78c55c1179f2336653c2726ae2","block_index":310035,"block_time":310035000,"difficulty":null,"ledger_hash":null,"previous_block_hash":null,"txlist_hash":null}',0,'NEW_BLOCK',NULL,'a088dc606f4db88b00d1d9f1c946449f7bd1ae6ec0aa4bdf1d3ffe59bc89f69f');
INSERT INTO messages VALUES(218,310035,'parse','blocks','{"block_index":310035,"ledger_hash":"d065384f739c52a718f656717f88eb2fecc10d8567a93ccf823434c003d28c55","messages_hash":"3914f694c485b794f2ad30baf3ca20be4d9b5ede5ee18b47f081e227e2c235fb","transaction_count":0,"txlist_hash":"41cb2236ce676fd45ae98593c9cac6291fa95479ec07a5af615ccb5fbbeab760"}',0,'BLOCK_PARSED',NULL,'06a697a60776414402d11a8015ae5fd953c46a807a9b259c475098e472329aaf');
INSERT INTO messages VALUES(219,310036,'insert','blocks','{"block_hash":"158648a98f1e1bd1875584ce8449eb15a4e91a99a923bbb24c4210135cef0c76","block_index":310036,"block_time":310036000,"difficulty":null,"ledger_hash":null,"previous_block_hash":null,"txlist_hash":null}',0,'NEW_BLOCK',NULL,'b981718293f76e0e3144458343f7944893ced7f6d0e607e8b3903a44da40e510');
INSERT INTO messages VALUES(220,310036,'parse','blocks','{"block_index":310036,"ledger_hash":"22cddc8dbfcbaf4b851fa5379c740a96294acc3d772dcf6d684881bef18d7fbf","messages_hash":"33ce77947ca5948377b9fc0863c9311398231acbbd813b28e1f0c7e81350bec4","transaction_count":0,"txlist_hash":"0beb88a3d4adbf913601c2d5144599cecfd48886ca51f995aecfeb50c56aab1c"}',0,'BLOCK_PARSED',NULL,'76cf57db14a66ea4cdb1466bcb28a8eb08818aa2c5ea61f977284045d04b68e2');
INSERT INTO messages VALUES(221,310037,'insert','blocks','{"block_hash":"563acfd6d991ce256d5655de2e9429975c8dceeb221e76d5ec6e9e24a2c27c07","block_index":310037,"block_time":310037000,"difficulty":null,"ledger_hash":null,"previous_block_hash":null,"txlist_hash":null}',0,'NEW_BLOCK',NULL,'346b6e78125d1eb3547590944b376764559b986bb3af3a84d8505e43c18ec4f8');
INSERT INTO messages VALUES(222,310037,'parse','blocks','{"block_index":310037,"ledger_hash":"93172c51a9c4cb5c33937a199a32ad3c13a40a60f4c194a1187e2c59a15c0ccc","messages_hash":"b312da0d3c1776037ef3ed12310109dde0c69638ca3512d52deedef4128b349a","transaction_count":0,"txlist_hash":"ea276540d3637a9165f482c48e414467e3a78c2c25c6a70bbed0c38f7205920e"}',0,'BLOCK_PARSED',NULL,'9272033e39d8a339a2ff68376382206d230691abd273b37363e077f1f4bec0a0');
INSERT INTO messages VALUES(223,310038,'insert','blocks','{"block_hash":"b44b4cad12431c32df27940e18d51f63897c7472b70950d18454edfd640490b2","block_index":310038,"block_time":310038000,"difficulty":null,"ledger_hash":null,"previous_block_hash":null,"txlist_hash":null}',0,'NEW_BLOCK',NULL,'287b5fc786490860a3e2420d8eb40ee62e9876451a3bc456426e993d755da5df');
INSERT INTO messages VALUES(224,310038,'parse','blocks','{"block_index":310038,"ledger_hash":"7a167a13f7e576c7e066035dbe2a2513659f1386c095a9e63afa494c043b7def","messages_hash":"8168807799d406b528283fb8e55bc3609d95867a77e9eb8bb825554e83c05d9d","transaction_count":0,"txlist_hash":"15ef5d6175a7ce1937554ed6c2b10be6555aa14f7179245b7b140d1a620095fc"}',0,'BLOCK_PARSED',NULL,'69c96599b8487a745fef6f40d39c00dfa7b8da962b5fee0c2e24f2f8c1b5ec72');
INSERT INTO messages VALUES(225,310039,'insert','blocks','{"block_hash":"5fa1ae9c5e8a599247458987b006ad3a57f686df1f7cc240bf119e911b56c347","block_index":310039,"block_time":310039000,"difficulty":null,"ledger_hash":null,"previous_block_hash":null,"txlist_hash":null}',0,'NEW_BLOCK',NULL,'d7109d11ebe2279c11e149575fa7709d679752b3f04f17898bdc744e99fcddc4');
INSERT INTO messages VALUES(226,310039,'parse','blocks','{"block_index":310039,"ledger_hash":"4733d9ada3d4f60bc09f0a6eba3fdcdcd8e8b18adfd38c7bf06372259e2d38f3","messages_hash":"264d1c85082b5f6e98f230b38c28f2458e218a3424352de6205db93a85750316","transaction_count":0,"txlist_hash":"4ac5fe346b8577626d58c9442c95fccd4955506ac712ee3f27b5df6b7ec1d0df"}',0,'BLOCK_PARSED',NULL,'22d91db68fa4b3a63a3471cd32b078bfb5db3920e84fa2b8de78dbe75b83a49f');
INSERT INTO messages VALUES(227,310040,'insert','blocks','{"block_hash":"7200ded406675453eadddfbb2d14c2a4526c7dc2b5de14bd48b29243df5e1aa3","block_index":310040,"block_time":310040000,"difficulty":null,"ledger_hash":null,"previous_block_hash":null,"txlist_hash":null}',0,'NEW_BLOCK',NULL,'dab884462bba856d69391c791d8b95f3ee2e805235d4091a831219eb0b06123a');
INSERT INTO messages VALUES(228,310040,'parse','blocks','{"block_index":310040,"ledger_hash":"b8021bbe3744e58cedfc3dd99220fce48f4e56a8fe8256d7894dd55c7312a76d","messages_hash":"a15a196cf1648e617ab4eee0342d18459447fcc3b39c4b24eda77dd3b4599b1e","transaction_count":0,"txlist_hash":"acbb3114dc5c7599eabdaec4833952c3b6de20dde616233f3945151977d5be16"}',0,'BLOCK_PARSED',NULL,'4765bec8b6a03c735b4bdf239381b7fd3edad516a5389c60dda5c9d0a29291f4');
INSERT INTO messages VALUES(229,310041,'insert','blocks','{"block_hash":"5db592ff9ba5fac1e030cf22d6c13b70d330ba397f415340086ee7357143b359","block_index":310041,"block_time":310041000,"difficulty":null,"ledger_hash":null,"previous_block_hash":null,"txlist_hash":null}',0,'NEW_BLOCK',NULL,'15efb65bb87e8ea5baba7f264ef2a55e28376526094ff0d9a19ce3384bd470da');
INSERT INTO messages VALUES(230,310041,'parse','blocks','{"block_index":310041,"ledger_hash":"017b79a5fb34785dd39964a61a5bde69d676f75ee085c27bbc9e3381983c2dab","messages_hash":"c2f571121b3af85814776d8034c207944900d0609efd1f43c857c1062dc2f36d","transaction_count":0,"txlist_hash":"6cbdfb2d6b3677c91097b1e80a32dafb0172725fabff370adcf444321ee48509"}',0,'BLOCK_PARSED',NULL,'748ffb4a29511b5810414b6e4084afab803741d5191fdc684024e8ff20be5317');
INSERT INTO messages VALUES(231,310042,'insert','blocks','{"block_hash":"826fd4701ef2824e9559b069517cd3cb990aff6a4690830f78fc845ab77fa3e4","block_index":310042,"block_time":310042000,"difficulty":null,"ledger_hash":null,"previous_block_hash":null,"txlist_hash":null}',0,'NEW_BLOCK',NULL,'5e9550e086b110a899fd83e183454155344a102ee7ff5aa03c1f5fecbad498ff');
INSERT INTO messages VALUES(232,310042,'parse','blocks','{"block_index":310042,"ledger_hash":"cf5389c037b6c619025bf95d9718fb5548cd67978c3ebf26f76029873828162e","messages_hash":"c830613368431810251bbe382e9236e8636417944ed19b21ba3fb6d5596a546b","transaction_count":0,"txlist_hash":"a091876d90aaf1dd5b0d53403a3a9b5788710bf3d0c1996184a91961a1f24aa0"}',0,'BLOCK_PARSED',NULL,'4f1914abf789910afb866a2b18d50672804cde0a7e9745066136f2ae8a84d21e');
INSERT INTO messages VALUES(233,310043,'insert','blocks','{"block_hash":"2254a12ada208f1dd57bc17547ecaf3c44720323c47bc7d4b1262477cb7f3c51","block_index":310043,"block_time":310043000,"difficulty":null,"ledger_hash":null,"previous_block_hash":null,"txlist_hash":null}',0,'NEW_BLOCK',NULL,'0e0d18ed041edf4bbc2003a9697f0068966f560ef91653e53bb247b43bd7d13e');
INSERT INTO messages VALUES(234,310043,'parse','blocks','{"block_index":310043,"ledger_hash":"df116ea1fcf5f968644dcc97c1149f0ef6061b188fd56c27152543256ce79009","messages_hash":"15f5ba0e008c04a0bf05962bf11799db3c55d8c3de9e1e82ff7b69aa789be32e","transaction_count":0,"txlist_hash":"eafb7d2cbbb2d1afe4a3eb65ca6bc7be653d7d824238264082d2c5e382757e54"}',0,'BLOCK_PARSED',NULL,'e842a98297267081f7e596e5ff76aeaca19e7d174ab4e91146e2c57745770504');
INSERT INTO messages VALUES(235,310044,'insert','blocks','{"block_hash":"3346d24118d8af0b3c6bcc42f8b85792e7a2e7036ebf6e4c25f4f6723c78e46b","block_index":310044,"block_time":310044000,"difficulty":null,"ledger_hash":null,"previous_block_hash":null,"txlist_hash":null}',0,'NEW_BLOCK',NULL,'f629e6e3ca765af94cf22ce466ffe7a67e9f90c9475519e37585092e404301ff');
INSERT INTO messages VALUES(236,310044,'parse','blocks','{"block_index":310044,"ledger_hash":"c12cfaa984bfb34e781ac93848a87cdc0318c45a1cd9f02d31f5c3a4abe8d918","messages_hash":"4f3b79355b01b7f1595c83faf3e5095a8cd4899a1acfcdac64f3653fdf0ef0ee","transaction_count":0,"txlist_hash":"61cb811c578f90cd6cc9f6963ff80c280f6ad0edb53fe53dd3075a8818404fe8"}',0,'BLOCK_PARSED',NULL,'9d3eb61a70c9aeae63dc8951abf3688430113dc0b5784cea8625ea9a6d1a3a32');
INSERT INTO messages VALUES(237,310045,'insert','blocks','{"block_hash":"7bba0ab243839e91ad1a45a762bf074011f8a9883074d68203c6d1b46fffde98","block_index":310045,"block_time":310045000,"difficulty":null,"ledger_hash":null,"previous_block_hash":null,"txlist_hash":null}',0,'NEW_BLOCK',NULL,'6ceedfbabe4a56d8bced2800ca9d53c73cc0851c1f6a7011dfe2fd0171660161');
INSERT INTO messages VALUES(238,310045,'parse','blocks','{"block_index":310045,"ledger_hash":"999a9ed2673de2db7637e22eb8a1876e0c794e90f09cdd76d1442e56ae12b1c8","messages_hash":"7aba1d84dedceb33a3fffd953080acd3c4856d30aae6495023dec5f2443e3e68","transaction_count":0,"txlist_hash":"ce9e3f0524576a630ed0154cf69c7798065a001e6752c4f369c30b06aebbe378"}',0,'BLOCK_PARSED',NULL,'04ea82c5546462563cedec8a0849fe0721240be2aa4421761719f860ae372c35');
INSERT INTO messages VALUES(239,310046,'insert','blocks','{"block_hash":"47db6788c38f2d6d712764979e41346b55e78cbb4969e0ef5c4336faf18993a6","block_index":310046,"block_time":310046000,"difficulty":null,"ledger_hash":null,"previous_block_hash":null,"txlist_hash":null}',0,'NEW_BLOCK',NULL,'f425691099e02f2c91523be1e36203d5d7edf7393409769495732d4b72af00cd');
INSERT INTO messages VALUES(240,310046,'parse','blocks','{"block_index":310046,"ledger_hash":"240c9a2f6dc918ed868abfb5de6838d7a17f02263fdda0ccd3c7481c09e155d1","messages_hash":"bfd41f3bdaccb1e751557d4bfa55ebab95bb39b8596abdbeddc752ce3418acc4","transaction_count":0,"txlist_hash":"4f83f9bc531841759d1071a92ccda5d898af693fc88db0de16b2d2ca09630d59"}',0,'BLOCK_PARSED',NULL,'998b1531005a7bae09133fbf440c061261a7e12aba7d61f3c17f970004b07bca');
INSERT INTO messages VALUES(241,310047,'insert','blocks','{"block_hash":"a9ccabcc2a098a7d25e4ab8bda7c4e66807eefa42e29890dcd88149a10de7075","block_index":310047,"block_time":310047000,"difficulty":null,"ledger_hash":null,"previous_block_hash":null,"txlist_hash":null}',0,'NEW_BLOCK',NULL,'964643e37e9c085a1f008b9a6ac260b929b83bec07f272fce128709f1a242f24');
INSERT INTO messages VALUES(242,310047,'parse','blocks','{"block_index":310047,"ledger_hash":"79836105e355e25afd709d15632e2c0d1ab53ab251cd3750ffee9fea4a2605b8","messages_hash":"cceae1ae23904aef6c9f5d21c352e2598f3c2d58390b4f8b5c94139dd6673fe7","transaction_count":0,"txlist_hash":"b17c5d4fc0eef05c315095d265b324a0ea7dee28145d7b4e251a944b4b6a16fb"}',0,'BLOCK_PARSED',NULL,'829d057a94fa18fc952295e4d672b88df186b17676f44dec1781d8b76cd15ccf');
INSERT INTO messages VALUES(243,310048,'insert','blocks','{"block_hash":"610bf3935a85b05a98556c55493c6de45bed4d7b3b6c8553a984718765796309","block_index":310048,"block_time":310048000,"difficulty":null,"ledger_hash":null,"previous_block_hash":null,"txlist_hash":null}',0,'NEW_BLOCK',NULL,'956b5a44635a38fb9e5d0ac3024987211032feab984dac7c837a7f4ce1c07e85');
INSERT INTO messages VALUES(244,310048,'parse','blocks','{"block_index":310048,"ledger_hash":"6bf0789392e97311c4283d9f748b37effe7b0d1678076e30ce5725eff345a8c5","messages_hash":"7b1573b9d06664afd6a8f1141fedb200ba69fe35ab3419691fa38ac185dc9749","transaction_count":0,"txlist_hash":"f9f7ec8bdc9301d4ea41a099d04f84631badad709fdbdf43582327f183102590"}',0,'BLOCK_PARSED',NULL,'6800654cdb9f407b972a9d523dd712a9640eeb545e331febb47ecda4473a7a06');
INSERT INTO messages VALUES(245,310049,'insert','blocks','{"block_hash":"4ad2761923ad49ad2b283b640f1832522a2a5d6964486b21591b71df6b33be3c","block_index":310049,"block_time":310049000,"difficulty":null,"ledger_hash":null,"previous_block_hash":null,"txlist_hash":null}',0,'NEW_BLOCK',NULL,'2d58de83ae313771c6a4dbe301b4e2d8032f2e08e316b8952bf9bea4b911c0c2');
INSERT INTO messages VALUES(246,310049,'parse','blocks','{"block_index":310049,"ledger_hash":"1842c46a03800f5e191cb8d641aead6bc80e6d25c2ec826f3a5df426059cc1cb","messages_hash":"e5f0c4442e874295cbc6c6f22eadbf2689ac27e164aa1940e7e39735d76acfa7","transaction_count":0,"txlist_hash":"458e51569acd6ef757e0b36ab3f558e76f239ea3bfbf1b0ce7824f39ec5ac23b"}',0,'BLOCK_PARSED',NULL,'7e5260e43006db3b43b8c735f2a4fa20873f0e2232820f2fe19ab1b822481c4c');
INSERT INTO messages VALUES(247,310050,'insert','blocks','{"block_hash":"8cfeb60a14a4cec6e9be13d699694d49007d82a31065a17890383e262071e348","block_index":310050,"block_time":310050000,"difficulty":null,"ledger_hash":null,"previous_block_hash":null,"txlist_hash":null}',0,'NEW_BLOCK',NULL,'e20db6d6f7992949d70698d07b10fb708f4a2fd6e60666ec39f1a98233fde656');
INSERT INTO messages VALUES(248,310050,'parse','blocks','{"block_index":310050,"ledger_hash":"d424b02109320491b2d32388869d6468ab1fca26d4bf72374cfef729efad866d","messages_hash":"80e961263eefa2b5f3a924c8b3e9754ab3d3a734e2bc3027947b75fd59627a57","transaction_count":0,"txlist_hash":"53e0972193c4f689d3a7216f22607a9b0cb7b8a9f43f144469bfbf25f59edb09"}',0,'BLOCK_PARSED',NULL,'a9e2a4dd521b392839d1a43b1e84aa04950356ddd181e889532c355d144bd1e4');
INSERT INTO messages VALUES(249,310051,'insert','blocks','{"block_hash":"b53c90385dd808306601350920c6af4beb717518493fd23b5c730eea078f33e6","block_index":310051,"block_time":310051000,"difficulty":null,"ledger_hash":null,"previous_block_hash":null,"txlist_hash":null}',0,'NEW_BLOCK',NULL,'3d2e6c9714257663909d91a9c76dccfedf5448e2a688c0ad1a8419e54d0c6a4b');
INSERT INTO messages VALUES(250,310051,'parse','blocks','{"block_index":310051,"ledger_hash":"d1db4181403136b41168ab7786831f2fadfc418a05b7477246ab097bab531859","messages_hash":"87f8f478167e25ef7092ceace3d55ad8d742227042abc2f6a969beb19b4e025b","transaction_count":0,"txlist_hash":"89bbd06ca16ed2098ac6b7accd2296b4e0a2d8236dbf1cc14137e90ebad364e3"}',0,'BLOCK_PARSED',NULL,'e5e4ed5d26f90a5c4d1b1dd38750968440e3bd2acdb4e0dced4ed4887152a152');
INSERT INTO messages VALUES(251,310052,'insert','blocks','{"block_hash":"0acdacf4e4b6fca756479cb055191b367b1fa433aa558956f5f08fa5b7b394e2","block_index":310052,"block_time":310052000,"difficulty":null,"ledger_hash":null,"previous_block_hash":null,"txlist_hash":null}',0,'NEW_BLOCK',NULL,'d9a7b45f581a51807fdd038adbfb5f80db4a3473111668b12389fce0c01e9743');
INSERT INTO messages VALUES(252,310052,'parse','blocks','{"block_index":310052,"ledger_hash":"97fdb6b2c8e636d23109a67af55ab4bb30955a84073274de3fdc788074dc1b6b","messages_hash":"063819dff12bff65686276ed4a7c1ab31a8354af79febee3546ceb67a4f9196f","transaction_count":0,"txlist_hash":"8b8739b799483eb556e0e32f92cc092c349bb2bcb87044e88e762d55d6f1b033"}',0,'BLOCK_PARSED',NULL,'d6c86228cc175046ea3300fc8f6a41aa1171bf7b1542bdc0f322e0372f4be609');
INSERT INTO messages VALUES(253,310053,'insert','blocks','{"block_hash":"68348f01b6dc49b2cb30fe92ac43e527aa90d859093d3bf7cd695c64d2ef744f","block_index":310053,"block_time":310053000,"difficulty":null,"ledger_hash":null,"previous_block_hash":null,"txlist_hash":null}',0,'NEW_BLOCK',NULL,'a6ab60bd8944b648cf54f5bcd42d8f80af9d238764bb80e970310612d5301e4a');
INSERT INTO messages VALUES(254,310053,'parse','blocks','{"block_index":310053,"ledger_hash":"0506be4f04a22058504406210af3f1475dbf6d6834c1c1b7f6ac0fe013b47363","messages_hash":"8c026bc86a5b48e4329c8e9722212432d2794418c5d95a20d2d26666a9ee042c","transaction_count":0,"txlist_hash":"05673a7bf2fc7e9a5daf3732cb03bcf43712df43ef7ecf1bfe89d18f54726b6b"}',0,'BLOCK_PARSED',NULL,'b47506055cff1ef93486421eab55811aa6a83218fcbbfefd3666f38abfb2c54f');
INSERT INTO messages VALUES(255,310054,'insert','blocks','{"block_hash":"a8b5f253df293037e49b998675620d5477445c51d5ec66596e023282bb9cd305","block_index":310054,"block_time":310054000,"difficulty":null,"ledger_hash":null,"previous_block_hash":null,"txlist_hash":null}',0,'NEW_BLOCK',NULL,'9f362353ddf4f524e03420b7b38ceee4f55eadb3cc5fff69a2bd18dd26a8a25e');
INSERT INTO messages VALUES(256,310054,'parse','blocks','{"block_index":310054,"ledger_hash":"3dc7894c1368c9ef5d32a95fdc292e7de8237b73b61365a25b9d0da95eedc2e6","messages_hash":"3e7aa6c12bde5e5365c1825d7c5a04c0ac3eb5691d0459a0764010334c732f6d","transaction_count":0,"txlist_hash":"4651aab35442e5ec1d79ba6422ca0c2b0df02369ee49b33efe1ef54e2ebc7080"}',0,'BLOCK_PARSED',NULL,'ad7c968efc67b3ad4f01b88a57bb7c4850c141f428d26a3e13bfeeb0618d89b1');
INSERT INTO messages VALUES(257,310055,'insert','blocks','{"block_hash":"4b069152e2dc82e96ed8a3c3547c162e8c3aceeb2a4ac07972f8321a535b9356","block_index":310055,"block_time":310055000,"difficulty":null,"ledger_hash":null,"previous_block_hash":null,"txlist_hash":null}',0,'NEW_BLOCK',NULL,'4ddce36d0f119aff533cca73cc43b082fb4d7ca832e4166ce1ef71b3fdedd25a');
INSERT INTO messages VALUES(258,310055,'parse','blocks','{"block_index":310055,"ledger_hash":"a9ef2c8bf3a88c326d2bdd722c3d82ed4f4c10b65620b136d4b893ed93174795","messages_hash":"3de104788931cbdbeadadcbc314a801d00a1a4c252432cbd53536a0006b6cca8","transaction_count":0,"txlist_hash":"d826fea28c0f5e82a6fbefae4d6885a0a49a3180d3c16d6eeb4faff9f57d4d89"}',0,'BLOCK_PARSED',NULL,'289ab5bb3a7bb7b575a44aabad459ce1e5c4b0257a158d72b236fcf77a53c30e');
INSERT INTO messages VALUES(259,310056,'insert','blocks','{"block_hash":"7603eaed418971b745256742f9d2ba70b2c2b2f69f61de6cc70e61ce0336f9d3","block_index":310056,"block_time":310056000,"difficulty":null,"ledger_hash":null,"previous_block_hash":null,"txlist_hash":null}',0,'NEW_BLOCK',NULL,'3e34ed5e4b0b14ab93c2331ed4af88435dc850ccf0a086198d94526e69682850');
INSERT INTO messages VALUES(260,310056,'parse','blocks','{"block_index":310056,"ledger_hash":"13b76edecb04a9733107d5c21420ee20424fd463dcde2ea98424ad99ed3383f0","messages_hash":"be3b5d07c51bec9fa23a8283fdfefc0be5ad6fb896a15817d69b39668c039e43","transaction_count":0,"txlist_hash":"fe620dd60bf5b6f3c610495735deca47cdbfcbb510975ebba2f68c7df6d32a15"}',0,'BLOCK_PARSED',NULL,'70b6234e05f0814f2c8f7cc943e63b55057fdf6f10afdd45dc3df0368b35824f');
INSERT INTO messages VALUES(261,310057,'insert','blocks','{"block_hash":"4a5fdc84f2d66ecb6ee3e3646aad20751ce8694e64e348d3c8aab09d33a3e411","block_index":310057,"block_time":310057000,"difficulty":null,"ledger_hash":null,"previous_block_hash":null,"txlist_hash":null}',0,'NEW_BLOCK',NULL,'fa65bac8184ca8a46a9d1a07371c245e8b7024580fa9673a980317af310be96a');
INSERT INTO messages VALUES(262,310057,'parse','blocks','{"block_index":310057,"ledger_hash":"41c8a47d7bc4e73aa2f09685acb9fac052c5c55764ec3a8250abbbcde40dbe90","messages_hash":"febff12d91951f09095111e691d9d4b621f2b4822e48e9d860a8118c2b0820b9","transaction_count":0,"txlist_hash":"553ea196d7a1045f71dc6261cbfe4b84c78b7dc37de89b8865f4d385cbb42863"}',0,'BLOCK_PARSED',NULL,'95b2883a34bbbafb592dee17c2518db61d5f795aa2e0cfbdab4da299954cc1e5');
INSERT INTO messages VALUES(263,310058,'insert','blocks','{"block_hash":"a6eef3089896f0cae0bfe9423392e45c48f4efe4310b14d8cfbdb1fea613635f","block_index":310058,"block_time":310058000,"difficulty":null,"ledger_hash":null,"previous_block_hash":null,"txlist_hash":null}',0,'NEW_BLOCK',NULL,'0075ab0e5ddf4716cbbb8c2ce161f7e9b48dad147ad0f5670160c87eac920083');
INSERT INTO messages VALUES(264,310058,'parse','blocks','{"block_index":310058,"ledger_hash":"0b8ec211d258206ab8c318c079d9deb33d444a7086d5a05aaba97abc0be137df","messages_hash":"96ac454a54229f58b73297422b2204d4402b3287878d8f3c5489d067d6063a21","transaction_count":0,"txlist_hash":"c3fd7824c9b8413f24feb96ca676285447a980d684f730d10b81c06a440fab7a"}',0,'BLOCK_PARSED',NULL,'3fc66fa090bf8cd611a594dc9d21cc5a7bc17e22adc190b52f73722e0a29a0c4');
INSERT INTO messages VALUES(265,310059,'insert','blocks','{"block_hash":"ab505de874c43f97c90be1c26a769e6c5cb140405c993b4a6cc7afc795f156a9","block_index":310059,"block_time":310059000,"difficulty":null,"ledger_hash":null,"previous_block_hash":null,"txlist_hash":null}',0,'NEW_BLOCK',NULL,'519bbe0fb7cc41e9a1439d5913fd28ac6d21a75583bbacb7dbae23e046c78cf2');
INSERT INTO messages VALUES(266,310059,'parse','blocks','{"block_index":310059,"ledger_hash":"f5c2686408577854893d11b02f52d8ea917e90777dddf67c98aabb36a3339b6f","messages_hash":"20fe45c67052faea6428dc1583ad9fb6852bbbe676fd1f446f348a6b5e45446d","transaction_count":0,"txlist_hash":"3f73e1d36c82dfc8ee58f83502643d962ba6558cbf0fb46d83fea966b5cdfc59"}',0,'BLOCK_PARSED',NULL,'ca97613db47ecfbe6ca442d8b78bf93c263dc90115aac3a51c072b53897e99a2');
INSERT INTO messages VALUES(267,310060,'insert','blocks','{"block_hash":"974ad5fbef621e0a38eab811608dc9afaf10c8ecc85fed913075ba1a145e889b","block_index":310060,"block_time":310060000,"difficulty":null,"ledger_hash":null,"previous_block_hash":null,"txlist_hash":null}',0,'NEW_BLOCK',NULL,'e9c9970de08fd17add2b41d2a3f7501b90f4b7e8a78aefa7d8ef6fa903f68f9d');
INSERT INTO messages VALUES(268,310060,'parse','blocks','{"block_index":310060,"ledger_hash":"b80d446905550494f56f4f8240b501d593b0d0e63b5d98a09e180b1a0a68e3b1","messages_hash":"addf601784ee476c929746c8fbbae1f255802edf4473388bb74f48b63468b719","transaction_count":0,"txlist_hash":"f1995db5beea80756d509ddf79d3467bb14ae96b0d151175499030505d1f648e"}',0,'BLOCK_PARSED',NULL,'211fdb9d467e9626ff788751a1a5ce2f4507fa94633610b861a98fbe07db93c3');
INSERT INTO messages VALUES(269,310061,'insert','blocks','{"block_hash":"35d267d21ad386e7b7632292af1c422b0310dde7ca49a82f9577525a29c138cf","block_index":310061,"block_time":310061000,"difficulty":null,"ledger_hash":null,"previous_block_hash":null,"txlist_hash":null}',0,'NEW_BLOCK',NULL,'a9feb242dc0590fd0553832c4c00bc491f5043e790d27fb669957515d0716ca2');
INSERT INTO messages VALUES(270,310061,'parse','blocks','{"block_index":310061,"ledger_hash":"41b30d23becc727151698b29a1bb733e45ae5086683c5256d073a6f817baaf49","messages_hash":"4f4f774c028dee3df9ac1b48735d86bc82da8875bd01bf034407f234910ef826","transaction_count":0,"txlist_hash":"de6a4e6bbd49de2001ce26387040970beeb7062b4e16911757204d2745f6c409"}',0,'BLOCK_PARSED',NULL,'aa934978f9acae9259047217c9408c68080a746149c872f83a4aaa096c7da0c4');
INSERT INTO messages VALUES(271,310062,'insert','blocks','{"block_hash":"b31a0054145319ef9de8c1cb19df5bcf4dc8a1ece20053aa494e5d3a00a2852f","block_index":310062,"block_time":310062000,"difficulty":null,"ledger_hash":null,"previous_block_hash":null,"txlist_hash":null}',0,'NEW_BLOCK',NULL,'86ecedc29d63a02385c9c60a5e441e4174fb06172cac14986a07ac5978b5a32e');
INSERT INTO messages VALUES(272,310062,'parse','blocks','{"block_index":310062,"ledger_hash":"f873f47e89715e965c98e92616339f8ff4200f6b8ef5cf747e8de2d101cbde02","messages_hash":"89f7a42380bf14fbb242292e7a2be69bbfec9f846a443c041bca4a7d10b4f5c0","transaction_count":0,"txlist_hash":"f2954d07588b07ffc063170f43afbb12548fe61584575a979526d28dd631edaa"}',0,'BLOCK_PARSED',NULL,'2c6394e9af238bac07138e855562bade439fa2eea4b244966cb6ee41003ac30d');
INSERT INTO messages VALUES(273,310063,'insert','blocks','{"block_hash":"0cbcbcd5b7f2dc288e3a34eab3d4212463a5a56e886804fb4f9f1cf929eadebe","block_index":310063,"block_time":310063000,"difficulty":null,"ledger_hash":null,"previous_block_hash":null,"txlist_hash":null}',0,'NEW_BLOCK',NULL,'115313e742fa531ae8a2ecadedb362f7290bd069d80d66a373583c933b16b72c');
INSERT INTO messages VALUES(274,310063,'parse','blocks','{"block_index":310063,"ledger_hash":"14ce21ebfe6a00eccd7bf1aac2d5cf122441d2ebe8c0f5fd6dd14a95b5a209b3","messages_hash":"74d46050f3d24ed3f88109f52501aeea023426656f67f17f4df9b03723e2bda4","transaction_count":0,"txlist_hash":"96b5675e5c3a3b66d7e2bd3424316119cf795c17bbbf2c8677b66872e4659574"}',0,'BLOCK_PARSED',NULL,'28d8fede859aa8582cd40c7ebf3d04f27106b2098a63d87e2a37f00f4dadbd3b');
INSERT INTO messages VALUES(275,310064,'insert','blocks','{"block_hash":"e2db8065a195e85cde9ddb868a17d39893a60fb2b1255aa5f0c88729de7cbf30","block_index":310064,"block_time":310064000,"difficulty":null,"ledger_hash":null,"previous_block_hash":null,"txlist_hash":null}',0,'NEW_BLOCK',NULL,'2133f063b3fa5320ce093dcad8f74eae68633a1e3ee2664556fa35232b9bacf6');
INSERT INTO messages VALUES(276,310064,'parse','blocks','{"block_index":310064,"ledger_hash":"adb05bac5e7f1e6a1679d5c51f252dc877ebd99c2b73a56df69a9c848cef98a7","messages_hash":"0d184067cf3346f92d468e7e52eb2f2732b0d3977127522f45403844d4066b2c","transaction_count":0,"txlist_hash":"243e437b3c00d8106e8c9c2cb08d22376e8a16bd3b62a8b62b86128ddd6d139e"}',0,'BLOCK_PARSED',NULL,'8006e6811279794a403b272e843965f4bfb541702523c796d9c601be648ff5a5');
INSERT INTO messages VALUES(277,310065,'insert','blocks','{"block_hash":"8a7bc7a77c831ac4fd11b8a9d22d1b6a0661b07cef05c2e600c7fb683b861d2a","block_index":310065,"block_time":310065000,"difficulty":null,"ledger_hash":null,"previous_block_hash":null,"txlist_hash":null}',0,'NEW_BLOCK',NULL,'7b9e32afae735797cc131402199c506171777796e8a8a4df549a63cd10af8046');
INSERT INTO messages VALUES(278,310065,'parse','blocks','{"block_index":310065,"ledger_hash":"9065476b6b2cfb122888e036cea71d36f3d5f7d6c72451c63d770b40a4560fac","messages_hash":"dde9902b4dbf4a6a7fee8b6b111d52f63c3302f38cbda8433532688cee6ed816","transaction_count":0,"txlist_hash":"4af47a042289756821ffb0b14aba38fcc8c972fd254220d3991b05642df641e6"}',0,'BLOCK_PARSED',NULL,'dd13b7bb59901e9bee7eaf20e8779ce0da98ebe448cd4f1ecdaa9cb1b94a1149');
INSERT INTO messages VALUES(279,310066,'insert','blocks','{"block_hash":"b6959be51eb084747d301f7ccaf9e75f2292c9404633b1532e3692659939430d","block_index":310066,"block_time":310066000,"difficulty":null,"ledger_hash":null,"previous_block_hash":null,"txlist_hash":null}',0,'NEW_BLOCK',NULL,'499b8b8f8b1098b6fd1a5f22cbdc812d4c6b2f8fa5aadf71be3ac567f4d34da9');
INSERT INTO messages VALUES(280,310066,'parse','blocks','{"block_index":310066,"ledger_hash":"7d5d369827ec0cd44743ed9a519d45003789ff8dc2e511191d2726e1482f58d2","messages_hash":"6703f72360587fb81a8471ee258f705094d94885b41121e3ce53bddf62102fa9","transaction_count":0,"txlist_hash":"4d61dab0197a7a3f452f3751a92cb1f5378106a13be0351f0f8942d011da097d"}',0,'BLOCK_PARSED',NULL,'a66faa818e57f70a3e5cc36ae67db80e3fa6a9297f388eb22100a81656a72323');
INSERT INTO messages VALUES(281,310067,'insert','blocks','{"block_hash":"8b08eae98d7193c9c01863fac6effb9162bda010daeacf9e0347112f233b8577","block_index":310067,"block_time":310067000,"difficulty":null,"ledger_hash":null,"previous_block_hash":null,"txlist_hash":null}',0,'NEW_BLOCK',NULL,'b44b663c692360f4cfaa21905614dfddce84cc62177f3d8ada788dac0cd83e19');
INSERT INTO messages VALUES(282,310067,'parse','blocks','{"block_index":310067,"ledger_hash":"301b22a9338d5dd39bbebf6bf518ac53bbb8e1cf7469322484cbcee2fee666ef","messages_hash":"527db98792db42ce6da467b36e6c354662cc9a90f2c379cbb152bc68c991433f","transaction_count":0,"txlist_hash":"ae0cf0361293deb7b8903f20aca2410197db694ea3aff0aec3b635690168f5a5"}',0,'BLOCK_PARSED',NULL,'ac2bc007fe02e8ed614c9fef28633cbd074d5905bafc22f4d8fa9ea55e4617a7');
INSERT INTO messages VALUES(283,310068,'insert','blocks','{"block_hash":"9280e7297ef6313341bc81787a36acfc9af58f83a415afff5e3154f126cf52b5","block_index":310068,"block_time":310068000,"difficulty":null,"ledger_hash":null,"previous_block_hash":null,"txlist_hash":null}',0,'NEW_BLOCK',NULL,'94ed2d551b1bef9985008ef1011b23742c5f0ebf059769e32c4c64419c902294');
INSERT INTO messages VALUES(284,310068,'parse','blocks','{"block_index":310068,"ledger_hash":"fc281736e1dfe5a89a9a3dd098565c645904a4ad1626dd70ac8e9bc447dfb8b8","messages_hash":"b4996e15c2024bf30cabaf7ab900b7ad966ea3c18186fa006e57b5300b819081","transaction_count":0,"txlist_hash":"460295c507a33a24231d1f4c760e5987b54f29d1e17bc97959db2a712f0339bf"}',0,'BLOCK_PARSED',NULL,'a5c62a9e146dbd3c7bede40385cc87f1467422b6216169b8083d34447e1c5a05');
INSERT INTO messages VALUES(285,310069,'insert','blocks','{"block_hash":"486351f0655bf594ffaab1980cff17353b640b63e9c27239109addece189a6f7","block_index":310069,"block_time":310069000,"difficulty":null,"ledger_hash":null,"previous_block_hash":null,"txlist_hash":null}',0,'NEW_BLOCK',NULL,'44985f708dad028a1b6abeffe1bb97727e05136e9cff2972c4eec6c3574cb751');
INSERT INTO messages VALUES(286,310069,'parse','blocks','{"block_index":310069,"ledger_hash":"b0249a0dfd008a4554adc24085d3c5f44278403cbccb44ba27ee354b23c5627b","messages_hash":"d924e4bc8d30ca886293bb9e0cffedf8058448d758bc245ebcf6e317dace400a","transaction_count":0,"txlist_hash":"d07500b12517493106b918ff5b6c96c371bc10bb3699eb279647539ea7ab1fd5"}',0,'BLOCK_PARSED',NULL,'2358eeaf29ab0e8e4502fb9c579b8c43ec9e5f77654cb0e8314640bee23f1011');
INSERT INTO messages VALUES(287,310070,'insert','blocks','{"block_hash":"8739e99f4dee8bebf1332f37f49a125348b40b93b74fe35579dd52bfba4fa7e5","block_index":310070,"block_time":310070000,"difficulty":null,"ledger_hash":null,"previous_block_hash":null,"txlist_hash":null}',0,'NEW_BLOCK',NULL,'0fe46317bac9c7f9ac83ea9d9b8bc7f32ea41316d017d5dc6386a6b74dcf4246');
INSERT INTO messages VALUES(288,310070,'parse','blocks','{"block_index":310070,"ledger_hash":"d34051879c8db679ac5c49e50edf2085d0ce88dfc1adb971e7b097c0177854c2","messages_hash":"60f26be9d7f9836ea8de714f02990b07a9f3b9c88fcacde7b26a399a8d8d7dc8","transaction_count":0,"txlist_hash":"874e494499820bcc0ba41ac5cd1bd153ac1772f730c9b842b77b289adbb2c2f5"}',0,'BLOCK_PARSED',NULL,'d6d7f9a348ecaf662911cd5a8f6db763359f23cb2c052178365d2ce3886d2d45');
INSERT INTO messages VALUES(289,310071,'insert','blocks','{"block_hash":"7a099aa1bba0ead577f1e44f35263a1f115ed6a868c98d4dd71609072ae7f80b","block_index":310071,"block_time":310071000,"difficulty":null,"ledger_hash":null,"previous_block_hash":null,"txlist_hash":null}',0,'NEW_BLOCK',NULL,'651ef484cbc045680b2eac0439eb2116137da6035fe22031dfc85a44895ce9f5');
INSERT INTO messages VALUES(290,310071,'parse','blocks','{"block_index":310071,"ledger_hash":"0186c5312af19576cc628a85014ce7c33892dc23b5352c8ff5a0f230adfe263b","messages_hash":"fa29a51aedfc12d58002a7dc41a0701083cf6b7d76fcc2349f7db17d4645f320","transaction_count":0,"txlist_hash":"01342c18caeaea6b35f2d815b9aeffbd92228f6ad285103faa13cb25171fdfc6"}',0,'BLOCK_PARSED',NULL,'272697858fcb2b1aff6c2fba6ea8cd9aebd87ebea1aeb457915520668280485a');
INSERT INTO messages VALUES(291,310072,'insert','blocks','{"block_hash":"7b17ecedc07552551b8129e068ae67cb176ca766ea3f6df74b597a94e3a7fc8a","block_index":310072,"block_time":310072000,"difficulty":null,"ledger_hash":null,"previous_block_hash":null,"txlist_hash":null}',0,'NEW_BLOCK',NULL,'01e8271085b57796abffddd6137e3ebd68cab5a951179aa7d6371e395ab9fe3c');
INSERT INTO messages VALUES(292,310072,'parse','blocks','{"block_index":310072,"ledger_hash":"5376530512d61c3967f21cf01418d317ed072976119b8583fefaf3991b93d8b2","messages_hash":"537e38eb0175a48b965f3df276127aafeb45d5418dc1e002c99d2f0eae7649a1","transaction_count":0,"txlist_hash":"72a7d63ad0b15a401210b197da00ca549b6e8c80d8eda1650cf9017bcbc92532"}',0,'BLOCK_PARSED',NULL,'30ea129982e578a32b763e1a1bb201a3707dd9bfccacb0d017dacc6a3ca672c6');
INSERT INTO messages VALUES(293,310073,'insert','blocks','{"block_hash":"ee0fe3cc9b3a48a2746b6090b63b442b97ea6055d48edcf4b2288396764c6943","block_index":310073,"block_time":310073000,"difficulty":null,"ledger_hash":null,"previous_block_hash":null,"txlist_hash":null}',0,'NEW_BLOCK',NULL,'f73c77c94cdb627ae74d91010ea02d3681ba3df90e309d01b44419f5c4c26276');
INSERT INTO messages VALUES(294,310073,'parse','blocks','{"block_index":310073,"ledger_hash":"d15fe704fe5de58e9203ff5ded50218a1a01609b65a1a259aec510b8b9e6d690","messages_hash":"7eeed628b11c8aaff49115ebea935e8c927d1f44c2e9467ed375e53819f68dc0","transaction_count":0,"txlist_hash":"924753a39229b5005b684c4b2dd111b6233347b89179f2fd2732d256b960ace0"}',0,'BLOCK_PARSED',NULL,'25c4a98116ce81c3b0a863ad23d132dadddb8a6a2d871cbc4f896577fe08261e');
INSERT INTO messages VALUES(295,310074,'insert','blocks','{"block_hash":"ceab38dfde01f711a187601731ad575d67cfe0b7dbc61dcd4f15baaef72089fb","block_index":310074,"block_time":310074000,"difficulty":null,"ledger_hash":null,"previous_block_hash":null,"txlist_hash":null}',0,'NEW_BLOCK',NULL,'8ea4e53779aaeb86b731eb214168ee6093421666e07d4989a689e858d39bcbae');
INSERT INTO messages VALUES(296,310074,'parse','blocks','{"block_index":310074,"ledger_hash":"61015667044d0dddac3bdb16db67faa6ebcb71758101bfad898fca8ed183e7c3","messages_hash":"4c02d5c83ca2c92472f40d7f077e89dac1cfba4ebd94b683cbf29c190f94b1ef","transaction_count":0,"txlist_hash":"298ed692f21afcee61b06fd853cf07e5707dbd63a05f0caff6b6a177edc3b613"}',0,'BLOCK_PARSED',NULL,'e1058041ef975a71f7a8b2299d8316f204612051bb3b8603c4110332e82cca51');
INSERT INTO messages VALUES(297,310075,'insert','blocks','{"block_hash":"ef547198c6e36d829f117cfd7077ccde45158e3c545152225fa24dba7a26847b","block_index":310075,"block_time":310075000,"difficulty":null,"ledger_hash":null,"previous_block_hash":null,"txlist_hash":null}',0,'NEW_BLOCK',NULL,'be2e9d652298ed0c5c74e01dbb255d61c3e0886691d07d88648b4541f228059a');
INSERT INTO messages VALUES(298,310075,'parse','blocks','{"block_index":310075,"ledger_hash":"5dd06f32075c46b6e573d73f12c1c31cf82cac5d1588bbdf302b8fe95c4b948b","messages_hash":"97c6a33617285de18cdbbe538ec2dbd6b95f69142bc7dfcfcdfaaad3f939eccd","transaction_count":0,"txlist_hash":"528e4b6aee88202f84f9f2b56611d0aba2336d925b8d8fe47039504e6eea1ebc"}',0,'BLOCK_PARSED',NULL,'9b0900d8e0f6bff4d5ea22e59f2b6d8c93c1a6ffbe2ec44f6a8c2adfe1411a9e');
INSERT INTO messages VALUES(299,310076,'insert','blocks','{"block_hash":"3b0499c2e8e8f0252c7288d4ecf66efc426ca37aad3524424d14c8bc6f8b0d92","block_index":310076,"block_time":310076000,"difficulty":null,"ledger_hash":null,"previous_block_hash":null,"txlist_hash":null}',0,'NEW_BLOCK',NULL,'1120aa3f43754f01a55359e7ce96714f4d2b7f35f62dd5e90f773900ed97b43f');
INSERT INTO messages VALUES(300,310076,'parse','blocks','{"block_index":310076,"ledger_hash":"8e1782c2f35a07fcc4c57b34b2226b70cc4c7af2761386f38fc8fd74d53d5e60","messages_hash":"1b86188f3db0b5a63f835b432e5734cac1d54731ac8aad2839951d6325ed4c60","transaction_count":0,"txlist_hash":"76682f0ffbc6b86d16fbcec967a7562f6f12558c12aa3d9abd8779f51cc870ab"}',0,'BLOCK_PARSED',NULL,'2b77c9544cb3c28f94fcd221117660968afec94d3d2246d29e82a7256650c687');
INSERT INTO messages VALUES(301,310077,'insert','blocks','{"block_hash":"d2adeefa9024ab3ff2822bc36acf19b6c647cea118cf15b86c6bc00c3322e7dd","block_index":310077,"block_time":310077000,"difficulty":null,"ledger_hash":null,"previous_block_hash":null,"txlist_hash":null}',0,'NEW_BLOCK',NULL,'69544add65521474a4d1f1ee8e06bd6b5a4c3157248b06b9bff4e88e45ee9b7d');
INSERT INTO messages VALUES(302,310077,'parse','blocks','{"block_index":310077,"ledger_hash":"6469ff80c3890d274817d30602f33d5d4b0a7c0a9e3b85100d21d7b38d894efb","messages_hash":"55a1f7cfefe8be2e089cf86d59655b497e9eaeb98d26c951c938a49e373b78ed","transaction_count":0,"txlist_hash":"187e9ae8428d46b7f8c8d652ab31dcf7c86a574cc781714a71784857dc0d1365"}',0,'BLOCK_PARSED',NULL,'030e8043a8873a36547bcb1c0ac2f59d70946ce5c7a38b8cbe4198d2030fa305');
INSERT INTO messages VALUES(303,310078,'insert','blocks','{"block_hash":"f6c17115ef0efe489c562bcda4615892b4d4b39db0c9791fe193d4922bd82cd6","block_index":310078,"block_time":310078000,"difficulty":null,"ledger_hash":null,"previous_block_hash":null,"txlist_hash":null}',0,'NEW_BLOCK',NULL,'18336b51dade0a8c82f6499b20fc9f6527cdcb425b8f951c1c07d0b6b643c7a3');
INSERT INTO messages VALUES(304,310078,'parse','blocks','{"block_index":310078,"ledger_hash":"3ca73c2bf37c694281938a0599335633dccf0284a027f5f3b8e17a9e68cbcdf0","messages_hash":"6e82801032f343ee020f38728084b4d6cc41c8d72dcf5bface6cfb06206367be","transaction_count":0,"txlist_hash":"f7830250755fc0566ee5162a06e7308b51c9c0a7a951752be6cff224806a90fa"}',0,'BLOCK_PARSED',NULL,'e07b6df7eed337e6419173a7160a9a79936c033e7f9651f206325dfdbe1660bd');
INSERT INTO messages VALUES(305,310079,'insert','blocks','{"block_hash":"f2fbd2074d804e631db44cb0fb2e1db3fdc367e439c21ffc40d73104c4d7069c","block_index":310079,"block_time":310079000,"difficulty":null,"ledger_hash":null,"previous_block_hash":null,"txlist_hash":null}',0,'NEW_BLOCK',NULL,'3960c1eb23f87214d52b16c8eaa4c3feabe72bc7e7a866f16fd0f7cb630098ed');
INSERT INTO messages VALUES(306,310079,'parse','blocks','{"block_index":310079,"ledger_hash":"ae4a36e1ce7d5e11f059301684573cddce85b70ba69188a116e0611ceba5c140","messages_hash":"2911180f43efa9bc99913bc643224f7236bc6fa99c753d4a425059510b593ed0","transaction_count":0,"txlist_hash":"8d3b4ed30546c5f19f5522a0f57a86c29159ce27bf9e1e183a5ecffd9fbae8a2"}',0,'BLOCK_PARSED',NULL,'ef2f4dbfffccbbac0d5d4b3db1f95f61a1a0803bc29d34234661cf086440bd4b');
INSERT INTO messages VALUES(307,310080,'insert','blocks','{"block_hash":"42943b914d9c367000a78b78a544cc4b84b1df838aadde33fe730964a89a3a6c","block_index":310080,"block_time":310080000,"difficulty":null,"ledger_hash":null,"previous_block_hash":null,"txlist_hash":null}',0,'NEW_BLOCK',NULL,'acc566f8339d935b109b5e6f625152a5a1cbf8bfee85314f588ff542bc6b740f');
INSERT INTO messages VALUES(308,310080,'parse','blocks','{"block_index":310080,"ledger_hash":"c2c0b96c64f1ed555c8553da976e0fcc3a5ef403819ceac49cf22b476281ced1","messages_hash":"c820a19853a81228dd523e1ed4c72355978d4620839e95140a13f4429007b6c5","transaction_count":0,"txlist_hash":"d9ecf83f3f9f40246bee151938855fce34e0f9c636a5c9c2c80c896eb59287b9"}',0,'BLOCK_PARSED',NULL,'fe34436da75cdcad12d9cbae7a1b0b6463fad5e61cd96d050de8e33d06de6aee');
INSERT INTO messages VALUES(309,310081,'insert','blocks','{"block_hash":"6554f9d307976249e7b7e260e08046b3b55d318f8b6af627fed5be3063f123c4","block_index":310081,"block_time":310081000,"difficulty":null,"ledger_hash":null,"previous_block_hash":null,"txlist_hash":null}',0,'NEW_BLOCK',NULL,'41454e8d000a21e774ec8d20951efc0c3a9fe77e868ad083687778a09105a8b9');
INSERT INTO messages VALUES(310,310081,'parse','blocks','{"block_index":310081,"ledger_hash":"88d1b09f8141b90b44740e4618422298f8a64f2b3d11230c6b04084ef8d11b2c","messages_hash":"808749bbec01286d07349e9c84e8bb07e58a4e7b4926856749416a15404e47f2","transaction_count":0,"txlist_hash":"49e2f64485ac3ef523a079732bce9b2197384e2abfb3a4ad9340bca5a7179e31"}',0,'BLOCK_PARSED',NULL,'69cea55492ddb90de3a537ca109afbde7b5db8d78295432344f910b038ccd765');
INSERT INTO messages VALUES(311,310082,'insert','blocks','{"block_hash":"4f1ef91b1dcd575f8ac2e66a67715500cbca154bd6f3b8148bb7015a6aa6c644","block_index":310082,"block_time":310082000,"difficulty":null,"ledger_hash":null,"previous_block_hash":null,"txlist_hash":null}',0,'NEW_BLOCK',NULL,'1a522a4fbe292a99c6aa7abe33febeca2a03ebfbe084fb3331b16b85f14527a7');
INSERT INTO messages VALUES(312,310082,'parse','blocks','{"block_index":310082,"ledger_hash":"dab22ae7a9216033777136cbbac87a3597cf6478a2fd008260caab3cad0cde3f","messages_hash":"07b46197c621d49cbd73064f67860f6455586d5bc3187ee0861b74843e0cffc2","transaction_count":0,"txlist_hash":"5406c6e3c63633910da82fc039c525dbeeb1aa818dc450a9d34d43084eef680f"}',0,'BLOCK_PARSED',NULL,'cdd9deec4dadc7f2dfbaad232b692827a7ba701efdb4864023f2414bbe35d2d5');
INSERT INTO messages VALUES(313,310083,'insert','blocks','{"block_hash":"9b1f6fd6ff9b0dc4e37603cfb0625f49067c775b99e12492afd85392d3c8d850","block_index":310083,"block_time":310083000,"difficulty":null,"ledger_hash":null,"previous_block_hash":null,"txlist_hash":null}',0,'NEW_BLOCK',NULL,'6a27043cd2488f02e59e2ab56a1c1b12ff1d78089a8c17b22132b88b1faa13c8');
INSERT INTO messages VALUES(314,310083,'parse','blocks','{"block_index":310083,"ledger_hash":"a185e60dc97d19a211b0dfaa3f3da154956499b4af146751bf1d776fc68c15b8","messages_hash":"125c74f38454477ae1f818d0f870306760c0eaa748caf9e95eb85c3fccac798b","transaction_count":0,"txlist_hash":"76e009b37822fc739a1e4abccf9f908a5fcdbed7fac540a719efbff8ebc694b7"}',0,'BLOCK_PARSED',NULL,'747fa288da216a7d2e283ee5a043ba49e5264d742188bed0d3c0f8c0d8286f93');
INSERT INTO messages VALUES(315,310084,'insert','blocks','{"block_hash":"1e0972523e80306441b9f4157f171716199f1428db2e818a7f7817ccdc8859e3","block_index":310084,"block_time":310084000,"difficulty":null,"ledger_hash":null,"previous_block_hash":null,"txlist_hash":null}',0,'NEW_BLOCK',NULL,'b4bd5b1058504b282a3effc8f4523b7a85cdb2ad0561a4f5faeac97aeabec3b6');
INSERT INTO messages VALUES(316,310084,'parse','blocks','{"block_index":310084,"ledger_hash":"622c574321be176c535fde918f319e10cfacaab383978be51406334303d14a8d","messages_hash":"c544562ca419396d9693ce2e5bafed471361543b197ed8843c83a3e5d370df51","transaction_count":0,"txlist_hash":"f3a3c37d89eb008f2194267a1eb5a7a52e9443f8b1f5fe51267d93a57eee27c7"}',0,'BLOCK_PARSED',NULL,'3db5f6ede246e4340b394eaf9a82b012876611448cd709f1faeaa53b43f7e710');
INSERT INTO messages VALUES(317,310085,'insert','blocks','{"block_hash":"c5b6e9581831e3bc5848cd7630c499bca26d9ece5156d36579bdb72d54817e34","block_index":310085,"block_time":310085000,"difficulty":null,"ledger_hash":null,"previous_block_hash":null,"txlist_hash":null}',0,'NEW_BLOCK',NULL,'ca97274ba1f8ac5ae0f04de2b7d2ef72152cd3ad57330f91dfbd5e29331ea724');
INSERT INTO messages VALUES(318,310085,'parse','blocks','{"block_index":310085,"ledger_hash":"5556084b92f51175d4de4097fcd820a3c367c2f0630d3a20081296e892462d84","messages_hash":"dc4b1dfa79430c6dae087d47ed485ee96dcfabe9fc39ae17914877e6527f641c","transaction_count":0,"txlist_hash":"f284f757d004154b6ab9b9ee9d18281e6f8dd51f25f3f1fc7cc58450e0ba5f17"}',0,'BLOCK_PARSED',NULL,'977305f6b129b8191731d2bc20275aa054db51743b8b370cd14b844ad73d8299');
INSERT INTO messages VALUES(319,310086,'insert','blocks','{"block_hash":"080c1dc55a4ecf4824cf9840602498cfc35b5f84099f50b71b45cb63834c7a78","block_index":310086,"block_time":310086000,"difficulty":null,"ledger_hash":null,"previous_block_hash":null,"txlist_hash":null}',0,'NEW_BLOCK',NULL,'84e140651a8794fcd4f1f36d30b53bf15578fa69635d11cb982b7e9a2babdd59');
INSERT INTO messages VALUES(320,310086,'parse','blocks','{"block_index":310086,"ledger_hash":"fc9dd8ef92fc7d47b187a75bd16e9698d61fa9ce6b4da7bba75982f59b0fbbc5","messages_hash":"3cc361bd98bc0030a203525a2bdf1b821cddecab01058e91e162622f7fcd06f5","transaction_count":0,"txlist_hash":"e5f9da1d98725423a240687ba2985b42f8acb274ba0122b4e31e25c57619845f"}',0,'BLOCK_PARSED',NULL,'eaf21db3f3a7703f979fb27863cf00d6562a4632702226df776d60b9af2bdaa0');
INSERT INTO messages VALUES(321,310087,'insert','blocks','{"block_hash":"4ec8cb1c38b22904e8087a034a6406b896eff4dd28e7620601c6bddf82e2738c","block_index":310087,"block_time":310087000,"difficulty":null,"ledger_hash":null,"previous_block_hash":null,"txlist_hash":null}',0,'NEW_BLOCK',NULL,'dc244f4af65177cc47b13ff560afa0094212a1e7afd3e003abf53073871f9226');
INSERT INTO messages VALUES(322,310087,'parse','blocks','{"block_index":310087,"ledger_hash":"21f7329fa27373fba176043db9081b0d9f95f75421e5adce87177a3edffcedc0","messages_hash":"37ea94d825841db1e9fcc4dbcfc2d843ad8895ed0cfdf7f29446552d0c51291f","transaction_count":0,"txlist_hash":"7935ee6c215a123367ddfae34507170148723d08f1963aad7e47b68520fa4e70"}',0,'BLOCK_PARSED',NULL,'96c7e9f41f9d81edb2a1178cacb00697a9c64a1a3c301d0e3ea043a21b412b17');
INSERT INTO messages VALUES(323,310088,'insert','blocks','{"block_hash":"e945c815c433cbddd0bf8e66c5c23b51072483492acda98f5c2c201020a8c5b3","block_index":310088,"block_time":310088000,"difficulty":null,"ledger_hash":null,"previous_block_hash":null,"txlist_hash":null}',0,'NEW_BLOCK',NULL,'eb6911e75f78706a01f0a84a85df92586c8fe515093c75d7343277e92b729ed6');
INSERT INTO messages VALUES(324,310088,'parse','blocks','{"block_index":310088,"ledger_hash":"19164a10a0602df57d1add2e3a31ad4eef9d3ef9e53e70174b44aa91de2d6296","messages_hash":"bbee365414081722b5199d23608cafc86027cce8e7016f77656a0805725b7e1d","transaction_count":0,"txlist_hash":"d35a417416c712908cdfbeda76e261a55c605ff8091605a79d4d4fc986ae76cd"}',0,'BLOCK_PARSED',NULL,'4871a961e51541bd9089eac51f7b2ee6757fe0aecfdded5bc18272e95cd5bc3f');
INSERT INTO messages VALUES(325,310089,'insert','blocks','{"block_hash":"0382437f895ef3e7e38bf025fd4f606fd44d4bbd6aea71dbdc4ed11a7cd46f33","block_index":310089,"block_time":310089000,"difficulty":null,"ledger_hash":null,"previous_block_hash":null,"txlist_hash":null}',0,'NEW_BLOCK',NULL,'f304fb630c9dc712aee98d1c61af55586dc65e9958cb7acc6af23beb33bea1eb');
INSERT INTO messages VALUES(326,310089,'parse','blocks','{"block_index":310089,"ledger_hash":"87f1c713c5f2cd84fab28b996008900f86bf9eaad25ceedac1507348a949be7c","messages_hash":"983a6e67e398da78cc504d3809780ac470bcaa7d51e240d353e84212fd9ef08d","transaction_count":0,"txlist_hash":"44c73622e27c362abf0460a5e0d7b836091523b763b6183cb9815cee30d66bef"}',0,'BLOCK_PARSED',NULL,'d358bcbd6f8aab30a6c8e9fb7bfacf88da4ef6f8795139a7e1f10176c2f07747');
INSERT INTO messages VALUES(327,310090,'insert','blocks','{"block_hash":"b756db71dc037b5a4582de354a3347371267d31ebda453e152f0a13bb2fae969","block_index":310090,"block_time":310090000,"difficulty":null,"ledger_hash":null,"previous_block_hash":null,"txlist_hash":null}',0,'NEW_BLOCK',NULL,'c9ec76c4af7b48ffc44298e725f7d2ac52bc632acbfb2a7d116b96def240993d');
INSERT INTO messages VALUES(328,310090,'parse','blocks','{"block_index":310090,"ledger_hash":"75264a6a628d669a60b4a8ca7e24b6b5ef1ad2c74d955b8325959f906c3bc337","messages_hash":"0c025f226abbb9f07d144cfa486c0f16d9e3124fded787edcafc5f9320ff284c","transaction_count":0,"txlist_hash":"c1771520c57b0c705c3a5f0d576622c8dd40c399e4946b63ba153af976b23b0e"}',0,'BLOCK_PARSED',NULL,'b2acd0a42279752dd245642aac06b6ba0c10e6c472d44d803189449f5b5378b7');
INSERT INTO messages VALUES(329,310091,'insert','blocks','{"block_hash":"734a9aa485f36399d5efb74f3b9c47f8b5f6fd68c9967f134b14cfe7e2d7583c","block_index":310091,"block_time":310091000,"difficulty":null,"ledger_hash":null,"previous_block_hash":null,"txlist_hash":null}',0,'NEW_BLOCK',NULL,'2e66c407e9a03f4f9785b69172c1ffa60e1c9eeefd5435cb2c465ff41a02ed40');
INSERT INTO messages VALUES(330,310091,'parse','blocks','{"block_index":310091,"ledger_hash":"27914e38b3ca9d8444275e5c6d24b5cfe0b4093f7c645d5c1fc3c39e0d3a3c60","messages_hash":"a5e30359d9cde8cd304910becae6b13093a4f3a4c6c98a1a4a694c34c40c49e4","transaction_count":0,"txlist_hash":"329ae5ae96b71b9a116cb82d9518110e63d32a9dfcb6fece911201ab6c3a78c5"}',0,'BLOCK_PARSED',NULL,'14d4aba28571c4a7201f2a29c524dcf946a3a44ba53c96726d5b3ae42d7e5576');
INSERT INTO messages VALUES(331,310092,'insert','blocks','{"block_hash":"56386beb65f9228740d4ad43a1c575645f6daf59e0dd9f22551c59215b5e8c3d","block_index":310092,"block_time":310092000,"difficulty":null,"ledger_hash":null,"previous_block_hash":null,"txlist_hash":null}',0,'NEW_BLOCK',NULL,'52adb21e4a7f1212489239a667542779106f08fed4584a69198de18d9104322b');
INSERT INTO messages VALUES(332,310092,'parse','blocks','{"block_index":310092,"ledger_hash":"eca83e762899ace4d990b8acb23183263df5f92be10b63aecab3518b340b975d","messages_hash":"25e097c2be5e9ed7c592bd87bca0df2a0251a10f7be9dc393cb5e59842a2d4a1","transaction_count":0,"txlist_hash":"6183465e58c5e5ef0f359a032e98d12cd247ff080ae44dc7a90ee35006e74e9e"}',0,'BLOCK_PARSED',NULL,'6931ef3e4eec0073ab5df50fe4c59aa98585712e4ef950a7d7027258d97936f9');
INSERT INTO messages VALUES(333,310093,'insert','blocks','{"block_hash":"a74a2425f2f4be24bb5f715173e6756649e1cbf1b064aeb1ef60e0b94b418ddc","block_index":310093,"block_time":310093000,"difficulty":null,"ledger_hash":null,"previous_block_hash":null,"txlist_hash":null}',0,'NEW_BLOCK',NULL,'eb444fb049f21760257309689d55156b17eec44ef9fa90851aa2d978530bc2c8');
INSERT INTO messages VALUES(334,310093,'parse','blocks','{"block_index":310093,"ledger_hash":"3544fab97fe90a35b1f52ba955f88a8149d90329986df38d97e12992201bb187","messages_hash":"2524ed5c28c5e2d6f9ea9cd19d531004475c2aab12755dc91e1fa3eea67bc7f6","transaction_count":0,"txlist_hash":"407c0451107403f827f434f3f8f8e3c9adb33362ab584802d87903afe3851f4d"}',0,'BLOCK_PARSED',NULL,'6fc42281c0d2a286c060c457a8690cae482982a489e9c4be70a32f02fceb64e1');
INSERT INTO messages VALUES(335,310094,'insert','blocks','{"block_hash":"2a8f976f20c4e89ff01071915ac96ee35192d54df3a246bf61fd4a0cccfb5b23","block_index":310094,"block_time":310094000,"difficulty":null,"ledger_hash":null,"previous_block_hash":null,"txlist_hash":null}',0,'NEW_BLOCK',NULL,'dfac8c4c30f5f075d91c27f3d8e109414aaaca6446816d96670314b12a3facd6');
INSERT INTO messages VALUES(336,310094,'parse','blocks','{"block_index":310094,"ledger_hash":"df1e6d8f1be344f78c0b58baf7260c2abdbed3175adc45a122947815c08fcc16","messages_hash":"6e0d7c4767158d82dcb5e07cf4f1b217afc58113c244f0f09299fe0f5a23949f","transaction_count":0,"txlist_hash":"d4bc7124f8beb9fe04930a1b19a66aef57669e6bf790a5d38441beefcc001dbf"}',0,'BLOCK_PARSED',NULL,'d4b101dd0b688b74aa4222baddd9e91edeac4989dd9a92cf7c0792c7f195f229');
INSERT INTO messages VALUES(337,310095,'insert','blocks','{"block_hash":"bed0fa40c9981223fb40b3be8124ca619edc9dd34d0c907369477ea92e5d2cd2","block_index":310095,"block_time":310095000,"difficulty":null,"ledger_hash":null,"previous_block_hash":null,"txlist_hash":null}',0,'NEW_BLOCK',NULL,'7c3de272f24d3f3e7d805e04d0ce59180f06470cac7f6c12923045c4311113e2');
INSERT INTO messages VALUES(338,310095,'parse','blocks','{"block_index":310095,"ledger_hash":"8b9febcfe1a9447f6a820c060f503dfe6e5c02738df4d9d63b007fe03847a6c7","messages_hash":"fbde5af351f8e142ff7efd5e819af8ed1f83fada797d4169152cf6d317d243cf","transaction_count":0,"txlist_hash":"7038d6f46cc32e35793799e50fbce7bde13c52c379e3bea10da0e6443a221c62"}',0,'BLOCK_PARSED',NULL,'415429477afbb3be9b7c3d03574dd8b6099d6986796b1e27b38752555822c27a');
INSERT INTO messages VALUES(339,310096,'insert','blocks','{"block_hash":"306aeec3db435fabffdf88c2f26ee83caa4c2426375a33daa2be041dbd27ea2f","block_index":310096,"block_time":310096000,"difficulty":null,"ledger_hash":null,"previous_block_hash":null,"txlist_hash":null}',0,'NEW_BLOCK',NULL,'d2b659a3077b2238f38be63ddc4b6192ed1d96b9c8d295bbb19a2ab986f770fc');
INSERT INTO messages VALUES(340,310096,'parse','blocks','{"block_index":310096,"ledger_hash":"b927091b4cf42f8537058a9adbec3814b574c1e1ccd242fe44c5f3671a191304","messages_hash":"26524989f84489adc780d4f862e7ad6353272fe022c16a6e4e57d73ba6f34188","transaction_count":0,"txlist_hash":"7640d47e11233c9d27a8e868bec5595acd99b3c7326a480298f7ea38c4a66689"}',0,'BLOCK_PARSED',NULL,'2d3ebf06bd30e0a3f6b8a4f8fe618c274016cd710b2c61afe4683dcfb0bdabef');
INSERT INTO messages VALUES(341,310097,'insert','blocks','{"block_hash":"13e8e16e67c7cdcc80d477491e554b43744f90e8e1a9728439a11fab42cefadf","block_index":310097,"block_time":310097000,"difficulty":null,"ledger_hash":null,"previous_block_hash":null,"txlist_hash":null}',0,'NEW_BLOCK',NULL,'27025a33bfc1cc3f24bee2d1bb2f5048ed33360853bd24a49ec95586a8c67877');
INSERT INTO messages VALUES(342,310097,'parse','blocks','{"block_index":310097,"ledger_hash":"649d094cfc74f90e06bb4514276aaf3b0a0ed45f56397a2f774cae9602d02e6f","messages_hash":"57008b259fa1519b282acfb267e51474f1561f3dab7c131d5d245ed723783bec","transaction_count":0,"txlist_hash":"ce9cdd6db6e1bbea3a9446b50b092e504bcc58900befb237580896e1c107eaab"}',0,'BLOCK_PARSED',NULL,'81bde2662682b06693220cd92966f252cc8122bb966af0c82ddc496674a95ca7');
INSERT INTO messages VALUES(343,310098,'insert','blocks','{"block_hash":"ca5bca4b5ec4fa6183e05176abe921cff884c4e20910fab55b603cef48dc3bca","block_index":310098,"block_time":310098000,"difficulty":null,"ledger_hash":null,"previous_block_hash":null,"txlist_hash":null}',0,'NEW_BLOCK',NULL,'838ee6f7187ca197798d1ee1e8ba92516411722d4ffbbcaea5bdc48fabd1ed90');
INSERT INTO messages VALUES(344,310098,'parse','blocks','{"block_index":310098,"ledger_hash":"c9a9dec300afba2cc3f171f76ff4c07cbeb7a41a86a3f498f712e066a8acbd17","messages_hash":"c8c608c82c528700aece5f2c6ce7a9579f0e987c0141e436993c9e98455eb167","transaction_count":0,"txlist_hash":"7153d6b86e3d8ed76bed0edd2dbd4fe6200e1e6d82d51dd3f812d6b43109f503"}',0,'BLOCK_PARSED',NULL,'52f0626a7b4582b153d5c6395eb9e673730bba3abf587398da821f9415a77728');
INSERT INTO messages VALUES(345,310099,'insert','blocks','{"block_hash":"3c4c2279cd7de0add5ec469648a845875495a7d54ebfb5b012dcc5a197b7992a","block_index":310099,"block_time":310099000,"difficulty":null,"ledger_hash":null,"previous_block_hash":null,"txlist_hash":null}',0,'NEW_BLOCK',NULL,'4e5171530d112e267d9bd9e5c38e0c2a9ecc125ded6138dc68c776e16dbec657');
INSERT INTO messages VALUES(346,310099,'parse','blocks','{"block_index":310099,"ledger_hash":"3c7434887f9373b5370664180ba640fa63c2eb5b85569875105e4f4db67d8c02","messages_hash":"7322c1f80ee19af1be8f85104db5b7437f4a2cb6e946e7f7d00d67a0424384b3","transaction_count":0,"txlist_hash":"adfefb6d18cdf44329bf9330e32f265145f60290f2a75db73fea8dd8ed2eb7d6"}',0,'BLOCK_PARSED',NULL,'1b36c2f4daab1839d417464c94fbdd807fc8a898bf1b8e0ae722de075939d182');
INSERT INTO messages VALUES(347,310100,'insert','blocks','{"block_hash":"96925c05b3c7c80c716f5bef68d161c71d044252c766ca0e3f17f255764242cb","block_index":310100,"block_time":310100000,"difficulty":null,"ledger_hash":null,"previous_block_hash":null,"txlist_hash":null}',0,'NEW_BLOCK',NULL,'53c0f1a302d30e3e78b5fc4f39a47c9ef030896027c0822434074ff02debfc64');
INSERT INTO messages VALUES(348,310100,'parse','blocks','{"block_index":310100,"ledger_hash":"7e6a09386c3d8552a0dcc25b75143876a3046ebac0ff9cb09d6224ea7e2f3df9","messages_hash":"53ebe547b977524afa5c88bba7b436873a4e241e69fd4271d47c7806dc23532e","transaction_count":0,"txlist_hash":"2776deb848ce539546aada2bc1756d9de92b23e0a8d513f5dbfb1b0bb3be3bc5"}',0,'BLOCK_PARSED',NULL,'af411bdddbc4c5bed0d129dea6181a4f645adbdaa362453edf4cb5c277d9a409');
INSERT INTO messages VALUES(349,310101,'insert','blocks','{"block_hash":"369472409995ca1a2ebecbad6bf9dab38c378ab1e67e1bdf13d4ce1346731cd6","block_index":310101,"block_time":310101000,"difficulty":null,"ledger_hash":null,"previous_block_hash":null,"txlist_hash":null}',0,'NEW_BLOCK',NULL,'af2ca728ad32d3048880d969d49b3b59a34f926fb1e168599182b757454a3cab');
INSERT INTO messages VALUES(350,310101,'parse','blocks','{"block_index":310101,"ledger_hash":"6903c0c5941f334f1374aa731e389b010043fc5940d4e9ae8b94480fb4fca030","messages_hash":"79e47f2c7711a32e7bfa6350855b0edc4c8ffe15c083df78c9c60884b171ca23","transaction_count":0,"txlist_hash":"6612c5f602f26ccc2cf4961f27e64c188ba405870cc0d7cf881c4e0fcb9a54ce"}',0,'BLOCK_PARSED',NULL,'d99a98598140b69740dae54513406257e48f2579bb1c3a9eb7194a74cac7e4a4');
-- Triggers and indices on  messages
CREATE TRIGGER block_update_messages
            BEFORE UPDATE ON messages BEGIN
                SELECT RAISE(FAIL, "UPDATES NOT ALLOWED");
            END;
CREATE INDEX messages_block_index_event_idx ON messages (block_index, event)
        ;
CREATE INDEX messages_block_index_idx ON messages (block_index)
        ;
CREATE INDEX messages_block_index_message_index_idx ON messages (block_index, message_index)
        ;
CREATE INDEX messages_event_hash_idx ON messages (event_hash)
        ;
CREATE INDEX messages_event_idx ON messages (event)
        ;
CREATE INDEX messages_tx_hash_idx ON messages (tx_hash)
        ;

COMMIT TRANSACTION;
PRAGMA page_size=4096;
-- PRAGMA encoding='UTF-8';
-- PRAGMA auto_vacuum=FULL;
-- PRAGMA max_page_count=4294967294;

BEGIN TRANSACTION;

-- Table  order_match_expirations
DROP TABLE IF EXISTS order_match_expirations;
CREATE TABLE order_match_expirations(
                                              order_match_id TEXT PRIMARY KEY,
                                              tx0_address TEXT,
                                              tx1_address TEXT,
                                              block_index INTEGER,
                                              FOREIGN KEY (block_index) REFERENCES blocks(block_index));
-- Triggers and indices on  order_match_expirations
CREATE TRIGGER block_update_order_match_expirations
            BEFORE UPDATE ON order_match_expirations BEGIN
                SELECT RAISE(FAIL, "UPDATES NOT ALLOWED");
            END;
CREATE INDEX order_match_expirations_block_index_idx ON order_match_expirations (block_index)
        ;
CREATE INDEX order_match_expirations_tx0_address_idx ON order_match_expirations (tx0_address)
        ;
CREATE INDEX order_match_expirations_tx1_address_idx ON order_match_expirations (tx1_address)
        ;

COMMIT TRANSACTION;
PRAGMA page_size=4096;
-- PRAGMA encoding='UTF-8';
-- PRAGMA auto_vacuum=FULL;
-- PRAGMA max_page_count=4294967294;

BEGIN TRANSACTION;

-- Table  order_matches
DROP TABLE IF EXISTS order_matches;
CREATE TABLE order_matches(
                                    id TEXT,
                                    tx0_index INTEGER,
                                    tx0_hash TEXT,
                                    tx0_address TEXT,
                                    tx1_index INTEGER,
                                    tx1_hash TEXT,
                                    tx1_address TEXT,
                                    forward_asset TEXT,
                                    forward_quantity INTEGER,
                                    backward_asset TEXT,
                                    backward_quantity INTEGER,
                                    tx0_block_index INTEGER,
                                    tx1_block_index INTEGER,
                                    block_index INTEGER,
                                    tx0_expiration INTEGER,
                                    tx1_expiration INTEGER,
                                    match_expire_index INTEGER,
                                    fee_paid INTEGER,
                                    status TEXT);
INSERT INTO order_matches VALUES('c953eb18873ce8aed42456df0ece8e4678e13282d9917916e7a4aec10e828375_89a44a3314b298a83d5d14c8646900a5122b8a1e8f6e0528e73ea82044d1726a',3,'c953eb18873ce8aed42456df0ece8e4678e13282d9917916e7a4aec10e828375','2_mn6q3dS2EnDUx3bmyWc6D4szJNVGtaR7zc_mnfAHmddVibnZNSkh8DvKaQoiEfNsxjXzH_mtQheFaSfWELRB2MyMBaiWjdDm6ux9Ezns_3',4,'89a44a3314b298a83d5d14c8646900a5122b8a1e8f6e0528e73ea82044d1726a','2_mn6q3dS2EnDUx3bmyWc6D4szJNVGtaR7zc_mnfAHmddVibnZNSkh8DvKaQoiEfNsxjXzH_mtQheFaSfWELRB2MyMBaiWjdDm6ux9Ezns_3','BTC',50000000,'XCP',100000000,310002,310003,310003,10,10,310023,857142,'pending');
INSERT INTO order_matches VALUES('c953eb18873ce8aed42456df0ece8e4678e13282d9917916e7a4aec10e828375_89a44a3314b298a83d5d14c8646900a5122b8a1e8f6e0528e73ea82044d1726a',3,'c953eb18873ce8aed42456df0ece8e4678e13282d9917916e7a4aec10e828375','2_mn6q3dS2EnDUx3bmyWc6D4szJNVGtaR7zc_mnfAHmddVibnZNSkh8DvKaQoiEfNsxjXzH_mtQheFaSfWELRB2MyMBaiWjdDm6ux9Ezns_3',4,'89a44a3314b298a83d5d14c8646900a5122b8a1e8f6e0528e73ea82044d1726a','2_mn6q3dS2EnDUx3bmyWc6D4szJNVGtaR7zc_mnfAHmddVibnZNSkh8DvKaQoiEfNsxjXzH_mtQheFaSfWELRB2MyMBaiWjdDm6ux9Ezns_3','BTC',50000000,'XCP',100000000,310002,310003,310004,10,10,310023,857142,'completed');
-- Triggers and indices on  order_matches
CREATE TRIGGER block_update_order_matches
            BEFORE UPDATE ON order_matches BEGIN
                SELECT RAISE(FAIL, "UPDATES NOT ALLOWED");
            END;
CREATE INDEX order_matches_backward_asset_idx ON order_matches (backward_asset)
        ;
CREATE INDEX order_matches_block_index_idx ON order_matches (block_index)
        ;
CREATE INDEX order_matches_forward_asset_idx ON order_matches (forward_asset)
        ;
CREATE INDEX order_matches_id_idx ON order_matches (id)
        ;
CREATE INDEX order_matches_match_expire_index_idx ON order_matches (match_expire_index)
        ;
CREATE INDEX order_matches_status_idx ON order_matches (status)
        ;
CREATE INDEX order_matches_tx0_address_forward_asset_idx ON order_matches (tx0_address, forward_asset)
        ;
CREATE INDEX order_matches_tx0_hash_idx ON order_matches (tx0_hash)
        ;
CREATE INDEX order_matches_tx1_address_backward_asset_idx ON order_matches (tx1_address, backward_asset)
        ;
CREATE INDEX order_matches_tx1_hash_idx ON order_matches (tx1_hash)
        ;

COMMIT TRANSACTION;
PRAGMA page_size=4096;
-- PRAGMA encoding='UTF-8';
-- PRAGMA auto_vacuum=FULL;
-- PRAGMA max_page_count=4294967294;

BEGIN TRANSACTION;

-- Table  order_expirations
DROP TABLE IF EXISTS order_expirations;
CREATE TABLE order_expirations(
                                        order_hash TEXT PRIMARY KEY,
                                        source TEXT,
                                        block_index INTEGER,
                                        FOREIGN KEY (block_index) REFERENCES blocks(block_index));
INSERT INTO order_expirations VALUES('c953eb18873ce8aed42456df0ece8e4678e13282d9917916e7a4aec10e828375','2_mn6q3dS2EnDUx3bmyWc6D4szJNVGtaR7zc_mnfAHmddVibnZNSkh8DvKaQoiEfNsxjXzH_mtQheFaSfWELRB2MyMBaiWjdDm6ux9Ezns_3',310013);
INSERT INTO order_expirations VALUES('89a44a3314b298a83d5d14c8646900a5122b8a1e8f6e0528e73ea82044d1726a','2_mn6q3dS2EnDUx3bmyWc6D4szJNVGtaR7zc_mnfAHmddVibnZNSkh8DvKaQoiEfNsxjXzH_mtQheFaSfWELRB2MyMBaiWjdDm6ux9Ezns_3',310014);
INSERT INTO order_expirations VALUES('4408350196e71533e054ef84d1bdc4ba4b0f693d2d98d240d3c697b553078ab7','2_mn6q3dS2EnDUx3bmyWc6D4szJNVGtaR7zc_mnfAHmddVibnZNSkh8DvKaQoiEfNsxjXzH_mtQheFaSfWELRB2MyMBaiWjdDm6ux9Ezns_3',310032);
-- Triggers and indices on  order_expirations
CREATE TRIGGER block_update_order_expirations
            BEFORE UPDATE ON order_expirations BEGIN
                SELECT RAISE(FAIL, "UPDATES NOT ALLOWED");
            END;
CREATE INDEX order_expirations_block_index_idx ON order_expirations (block_index)
        ;
CREATE INDEX order_expirations_source_idx ON order_expirations (source)
        ;

COMMIT TRANSACTION;
PRAGMA page_size=4096;
-- PRAGMA encoding='UTF-8';
-- PRAGMA auto_vacuum=FULL;
-- PRAGMA max_page_count=4294967294;

BEGIN TRANSACTION;

-- Table  orders
DROP TABLE IF EXISTS orders;
CREATE TABLE orders(
                            tx_index INTEGER,
                            tx_hash TEXT,
                            block_index INTEGER,
                            source TEXT,
                            give_asset TEXT,
                            give_quantity INTEGER,
                            give_remaining INTEGER,
                            get_asset TEXT,
                            get_quantity INTEGER,
                            get_remaining INTEGER,
                            expiration INTEGER,
                            expire_index INTEGER,
                            fee_required INTEGER,
                            fee_required_remaining INTEGER,
                            fee_provided INTEGER,
                            fee_provided_remaining INTEGER,
                            status TEXT);
INSERT INTO orders VALUES(3,'c953eb18873ce8aed42456df0ece8e4678e13282d9917916e7a4aec10e828375',310002,'2_mn6q3dS2EnDUx3bmyWc6D4szJNVGtaR7zc_mnfAHmddVibnZNSkh8DvKaQoiEfNsxjXzH_mtQheFaSfWELRB2MyMBaiWjdDm6ux9Ezns_3','BTC',50000000,50000000,'XCP',100000000,100000000,10,310012,0,0,1000000,1000000,'open');
INSERT INTO orders VALUES(4,'89a44a3314b298a83d5d14c8646900a5122b8a1e8f6e0528e73ea82044d1726a',310003,'2_mn6q3dS2EnDUx3bmyWc6D4szJNVGtaR7zc_mnfAHmddVibnZNSkh8DvKaQoiEfNsxjXzH_mtQheFaSfWELRB2MyMBaiWjdDm6ux9Ezns_3','XCP',105000000,105000000,'BTC',50000000,50000000,10,310013,900000,900000,6800,6800,'open');
INSERT INTO orders VALUES(3,'c953eb18873ce8aed42456df0ece8e4678e13282d9917916e7a4aec10e828375',310003,'2_mn6q3dS2EnDUx3bmyWc6D4szJNVGtaR7zc_mnfAHmddVibnZNSkh8DvKaQoiEfNsxjXzH_mtQheFaSfWELRB2MyMBaiWjdDm6ux9Ezns_3','BTC',50000000,0,'XCP',100000000,0,10,310012,0,0,1000000,142858,'open');
INSERT INTO orders VALUES(4,'89a44a3314b298a83d5d14c8646900a5122b8a1e8f6e0528e73ea82044d1726a',310003,'2_mn6q3dS2EnDUx3bmyWc6D4szJNVGtaR7zc_mnfAHmddVibnZNSkh8DvKaQoiEfNsxjXzH_mtQheFaSfWELRB2MyMBaiWjdDm6ux9Ezns_3','XCP',105000000,5000000,'BTC',50000000,0,10,310013,900000,42858,6800,6800,'open');
INSERT INTO orders VALUES(3,'c953eb18873ce8aed42456df0ece8e4678e13282d9917916e7a4aec10e828375',310013,'2_mn6q3dS2EnDUx3bmyWc6D4szJNVGtaR7zc_mnfAHmddVibnZNSkh8DvKaQoiEfNsxjXzH_mtQheFaSfWELRB2MyMBaiWjdDm6ux9Ezns_3','BTC',50000000,0,'XCP',100000000,0,10,310012,0,0,1000000,142858,'expired');
INSERT INTO orders VALUES(4,'89a44a3314b298a83d5d14c8646900a5122b8a1e8f6e0528e73ea82044d1726a',310014,'2_mn6q3dS2EnDUx3bmyWc6D4szJNVGtaR7zc_mnfAHmddVibnZNSkh8DvKaQoiEfNsxjXzH_mtQheFaSfWELRB2MyMBaiWjdDm6ux9Ezns_3','XCP',105000000,5000000,'BTC',50000000,0,10,310013,900000,42858,6800,6800,'expired');
INSERT INTO orders VALUES(22,'4408350196e71533e054ef84d1bdc4ba4b0f693d2d98d240d3c697b553078ab7',310021,'2_mn6q3dS2EnDUx3bmyWc6D4szJNVGtaR7zc_mnfAHmddVibnZNSkh8DvKaQoiEfNsxjXzH_mtQheFaSfWELRB2MyMBaiWjdDm6ux9Ezns_3','BBBB',50000000,50000000,'XCP',50000000,50000000,10,310031,0,0,6800,6800,'open');
INSERT INTO orders VALUES(22,'4408350196e71533e054ef84d1bdc4ba4b0f693d2d98d240d3c697b553078ab7',310032,'2_mn6q3dS2EnDUx3bmyWc6D4szJNVGtaR7zc_mnfAHmddVibnZNSkh8DvKaQoiEfNsxjXzH_mtQheFaSfWELRB2MyMBaiWjdDm6ux9Ezns_3','BBBB',50000000,50000000,'XCP',50000000,50000000,10,310031,0,0,6800,6800,'expired');
-- Triggers and indices on  orders
CREATE TRIGGER block_update_orders
            BEFORE UPDATE ON orders BEGIN
                SELECT RAISE(FAIL, "UPDATES NOT ALLOWED");
            END;
CREATE INDEX orders_block_index_idx ON orders (block_index)
        ;
CREATE INDEX orders_expire_index_idx ON orders (expire_index)
        ;
CREATE INDEX orders_get_asset_give_asset_idx ON orders (get_asset, give_asset)
        ;
CREATE INDEX orders_get_quantity_idx ON orders (get_quantity)
        ;
CREATE INDEX orders_give_asset_idx ON orders (give_asset)
        ;
CREATE INDEX orders_give_quantity_idx ON orders (give_quantity)
        ;
CREATE INDEX orders_source_give_asset_idx ON orders (source, give_asset)
        ;
CREATE INDEX orders_status_idx ON orders (status)
        ;
CREATE INDEX orders_tx_hash_idx ON orders (tx_hash)
        ;
CREATE INDEX orders_tx_index_tx_hash_idx ON orders (tx_index, tx_hash)
        ;

COMMIT TRANSACTION;
PRAGMA page_size=4096;
-- PRAGMA encoding='UTF-8';
-- PRAGMA auto_vacuum=FULL;
-- PRAGMA max_page_count=4294967294;

BEGIN TRANSACTION;

-- Table  bet_match_expirations
DROP TABLE IF EXISTS bet_match_expirations;
CREATE TABLE bet_match_expirations(
                                          bet_match_id TEXT PRIMARY KEY,
                                          tx0_address TEXT,
                                          tx1_address TEXT,
                                          block_index INTEGER,
                                          FOREIGN KEY (block_index) REFERENCES blocks(block_index));
-- Triggers and indices on  bet_match_expirations
CREATE INDEX bet_match_expirations_block_index_idx ON bet_match_expirations (block_index)
        ;
CREATE INDEX bet_match_expirations_tx0_address_idx ON bet_match_expirations (tx0_address)
        ;
CREATE INDEX bet_match_expirations_tx1_address_idx ON bet_match_expirations (tx1_address)
        ;
CREATE TRIGGER block_update_bet_match_expirations
            BEFORE UPDATE ON bet_match_expirations BEGIN
                SELECT RAISE(FAIL, "UPDATES NOT ALLOWED");
            END;

COMMIT TRANSACTION;
PRAGMA page_size=4096;
-- PRAGMA encoding='UTF-8';
-- PRAGMA auto_vacuum=FULL;
-- PRAGMA max_page_count=4294967294;

BEGIN TRANSACTION;

-- Table  bet_matches
DROP TABLE IF EXISTS bet_matches;
CREATE TABLE bet_matches(
                                id TEXT,
                                tx0_index INTEGER,
                                tx0_hash TEXT,
                                tx0_address TEXT,
                                tx1_index INTEGER,
                                tx1_hash TEXT,
                                tx1_address TEXT,
                                tx0_bet_type INTEGER,
                                tx1_bet_type INTEGER,
                                feed_address TEXT,
                                initial_value INTEGER,
                                deadline INTEGER,
                                target_value REAL,
                                leverage INTEGER,
                                forward_quantity INTEGER,
                                backward_quantity INTEGER,
                                tx0_block_index INTEGER,
                                tx1_block_index INTEGER,
                                block_index INTEGER,
                                tx0_expiration INTEGER,
                                tx1_expiration INTEGER,
                                match_expire_index INTEGER,
                                fee_fraction_int INTEGER,
                                status TEXT);
INSERT INTO bet_matches VALUES('ef92dc4986fdfb4ccb6e101ee949d5307c554e8dd1619307548ec032a973f19c_ce9d3a5ea18ed454ddee80b75bd12abdd47de8e176d9c9dfc768c1233e729943',13,'ef92dc4986fdfb4ccb6e101ee949d5307c554e8dd1619307548ec032a973f19c','2_mn6q3dS2EnDUx3bmyWc6D4szJNVGtaR7zc_mnfAHmddVibnZNSkh8DvKaQoiEfNsxjXzH_mtQheFaSfWELRB2MyMBaiWjdDm6ux9Ezns_3',14,'ce9d3a5ea18ed454ddee80b75bd12abdd47de8e176d9c9dfc768c1233e729943','2_mn6q3dS2EnDUx3bmyWc6D4szJNVGtaR7zc_mnfAHmddVibnZNSkh8DvKaQoiEfNsxjXzH_mtQheFaSfWELRB2MyMBaiWjdDm6ux9Ezns_3',0,1,'2_mn6q3dS2EnDUx3bmyWc6D4szJNVGtaR7zc_mnfAHmddVibnZNSkh8DvKaQoiEfNsxjXzH_mtQheFaSfWELRB2MyMBaiWjdDm6ux9Ezns_3',100,1388000100,0.0,15120,41500000,20750000,310012,310013,310012,10,10,310022,99999999,'pending');
INSERT INTO bet_matches VALUES('6722884208180367a60c5c96ae86865dad3c63525a9498d716e98b5015ec2e3d_10c669ad89d61e1a983e179f66f355b1dd21e53d520fd4dc3bb5a6f9e5e24fcd',15,'6722884208180367a60c5c96ae86865dad3c63525a9498d716e98b5015ec2e3d','2_mn6q3dS2EnDUx3bmyWc6D4szJNVGtaR7zc_mnfAHmddVibnZNSkh8DvKaQoiEfNsxjXzH_mtQheFaSfWELRB2MyMBaiWjdDm6ux9Ezns_3',16,'10c669ad89d61e1a983e179f66f355b1dd21e53d520fd4dc3bb5a6f9e5e24fcd','2_mn6q3dS2EnDUx3bmyWc6D4szJNVGtaR7zc_mnfAHmddVibnZNSkh8DvKaQoiEfNsxjXzH_mtQheFaSfWELRB2MyMBaiWjdDm6ux9Ezns_3',0,1,'2_mn6q3dS2EnDUx3bmyWc6D4szJNVGtaR7zc_mnfAHmddVibnZNSkh8DvKaQoiEfNsxjXzH_mtQheFaSfWELRB2MyMBaiWjdDm6ux9Ezns_3',100,1388000100,0.0,5040,150000000,350000000,310014,310015,310014,10,10,310024,99999999,'pending');
INSERT INTO bet_matches VALUES('caaceb9160747bd86fa4b3b4d090c9e1617285fae312eac2152bf3fabedcd2bc_67497105b77192af401ec8024ad34de211592877dee8532dbe216d8a8f17dd0c',17,'caaceb9160747bd86fa4b3b4d090c9e1617285fae312eac2152bf3fabedcd2bc','2_mn6q3dS2EnDUx3bmyWc6D4szJNVGtaR7zc_mnfAHmddVibnZNSkh8DvKaQoiEfNsxjXzH_mtQheFaSfWELRB2MyMBaiWjdDm6ux9Ezns_3',18,'67497105b77192af401ec8024ad34de211592877dee8532dbe216d8a8f17dd0c','2_mn6q3dS2EnDUx3bmyWc6D4szJNVGtaR7zc_mnfAHmddVibnZNSkh8DvKaQoiEfNsxjXzH_mtQheFaSfWELRB2MyMBaiWjdDm6ux9Ezns_3',2,3,'2_mn6q3dS2EnDUx3bmyWc6D4szJNVGtaR7zc_mnfAHmddVibnZNSkh8DvKaQoiEfNsxjXzH_mtQheFaSfWELRB2MyMBaiWjdDm6ux9Ezns_3',100,1388000200,1.0,5040,750000000,650000000,310016,310017,310016,10,10,310026,99999999,'pending');
INSERT INTO bet_matches VALUES('ef92dc4986fdfb4ccb6e101ee949d5307c554e8dd1619307548ec032a973f19c_ce9d3a5ea18ed454ddee80b75bd12abdd47de8e176d9c9dfc768c1233e729943',13,'ef92dc4986fdfb4ccb6e101ee949d5307c554e8dd1619307548ec032a973f19c','2_mn6q3dS2EnDUx3bmyWc6D4szJNVGtaR7zc_mnfAHmddVibnZNSkh8DvKaQoiEfNsxjXzH_mtQheFaSfWELRB2MyMBaiWjdDm6ux9Ezns_3',14,'ce9d3a5ea18ed454ddee80b75bd12abdd47de8e176d9c9dfc768c1233e729943','2_mn6q3dS2EnDUx3bmyWc6D4szJNVGtaR7zc_mnfAHmddVibnZNSkh8DvKaQoiEfNsxjXzH_mtQheFaSfWELRB2MyMBaiWjdDm6ux9Ezns_3',0,1,'2_mn6q3dS2EnDUx3bmyWc6D4szJNVGtaR7zc_mnfAHmddVibnZNSkh8DvKaQoiEfNsxjXzH_mtQheFaSfWELRB2MyMBaiWjdDm6ux9Ezns_3',100,1388000100,0.0,15120,41500000,20750000,310012,310013,310018,10,10,310022,99999999,'settled: liquidated for bear');
INSERT INTO bet_matches VALUES('6722884208180367a60c5c96ae86865dad3c63525a9498d716e98b5015ec2e3d_10c669ad89d61e1a983e179f66f355b1dd21e53d520fd4dc3bb5a6f9e5e24fcd',15,'6722884208180367a60c5c96ae86865dad3c63525a9498d716e98b5015ec2e3d','2_mn6q3dS2EnDUx3bmyWc6D4szJNVGtaR7zc_mnfAHmddVibnZNSkh8DvKaQoiEfNsxjXzH_mtQheFaSfWELRB2MyMBaiWjdDm6ux9Ezns_3',16,'10c669ad89d61e1a983e179f66f355b1dd21e53d520fd4dc3bb5a6f9e5e24fcd','2_mn6q3dS2EnDUx3bmyWc6D4szJNVGtaR7zc_mnfAHmddVibnZNSkh8DvKaQoiEfNsxjXzH_mtQheFaSfWELRB2MyMBaiWjdDm6ux9Ezns_3',0,1,'2_mn6q3dS2EnDUx3bmyWc6D4szJNVGtaR7zc_mnfAHmddVibnZNSkh8DvKaQoiEfNsxjXzH_mtQheFaSfWELRB2MyMBaiWjdDm6ux9Ezns_3',100,1388000100,0.0,5040,150000000,350000000,310014,310015,310019,10,10,310024,99999999,'settled');
INSERT INTO bet_matches VALUES('caaceb9160747bd86fa4b3b4d090c9e1617285fae312eac2152bf3fabedcd2bc_67497105b77192af401ec8024ad34de211592877dee8532dbe216d8a8f17dd0c',17,'caaceb9160747bd86fa4b3b4d090c9e1617285fae312eac2152bf3fabedcd2bc','2_mn6q3dS2EnDUx3bmyWc6D4szJNVGtaR7zc_mnfAHmddVibnZNSkh8DvKaQoiEfNsxjXzH_mtQheFaSfWELRB2MyMBaiWjdDm6ux9Ezns_3',18,'67497105b77192af401ec8024ad34de211592877dee8532dbe216d8a8f17dd0c','2_mn6q3dS2EnDUx3bmyWc6D4szJNVGtaR7zc_mnfAHmddVibnZNSkh8DvKaQoiEfNsxjXzH_mtQheFaSfWELRB2MyMBaiWjdDm6ux9Ezns_3',2,3,'2_mn6q3dS2EnDUx3bmyWc6D4szJNVGtaR7zc_mnfAHmddVibnZNSkh8DvKaQoiEfNsxjXzH_mtQheFaSfWELRB2MyMBaiWjdDm6ux9Ezns_3',100,1388000200,1.0,5040,750000000,650000000,310016,310017,310020,10,10,310026,99999999,'settled: for notequal');
-- Triggers and indices on  bet_matches
CREATE INDEX bet_matches_block_index_idx ON bet_matches (block_index)
        ;
CREATE INDEX bet_matches_deadline_idx ON bet_matches (deadline)
        ;
CREATE INDEX bet_matches_id_idx ON bet_matches (id)
        ;
CREATE INDEX bet_matches_status_idx ON bet_matches (status)
        ;
CREATE INDEX bet_matches_tx0_address_idx ON bet_matches (tx0_address)
        ;
CREATE INDEX bet_matches_tx1_address_idx ON bet_matches (tx1_address)
        ;
CREATE TRIGGER block_update_bet_matches
            BEFORE UPDATE ON bet_matches BEGIN
                SELECT RAISE(FAIL, "UPDATES NOT ALLOWED");
            END;

COMMIT TRANSACTION;
PRAGMA page_size=4096;
-- PRAGMA encoding='UTF-8';
-- PRAGMA auto_vacuum=FULL;
-- PRAGMA max_page_count=4294967294;

BEGIN TRANSACTION;

-- Table  bet_match_resolutions
DROP TABLE IF EXISTS bet_match_resolutions;
CREATE TABLE bet_match_resolutions(
                                            bet_match_id TEXT PRIMARY KEY,
                                            bet_match_type_id INTEGER,
                                            block_index INTEGER,
                                            winner TEXT,
                                            settled BOOL,
                                            bull_credit INTEGER,
                                            bear_credit INTEGER,
                                            escrow_less_fee INTEGER,
                                            fee INTEGER,
                                            FOREIGN KEY (block_index) REFERENCES blocks(block_index));
INSERT INTO bet_match_resolutions VALUES('ef92dc4986fdfb4ccb6e101ee949d5307c554e8dd1619307548ec032a973f19c_ce9d3a5ea18ed454ddee80b75bd12abdd47de8e176d9c9dfc768c1233e729943',1,310018,NULL,0,0,59137500,NULL,3112500);
INSERT INTO bet_match_resolutions VALUES('6722884208180367a60c5c96ae86865dad3c63525a9498d716e98b5015ec2e3d_10c669ad89d61e1a983e179f66f355b1dd21e53d520fd4dc3bb5a6f9e5e24fcd',1,310019,NULL,1,159300000,315700000,NULL,25000000);
INSERT INTO bet_match_resolutions VALUES('caaceb9160747bd86fa4b3b4d090c9e1617285fae312eac2152bf3fabedcd2bc_67497105b77192af401ec8024ad34de211592877dee8532dbe216d8a8f17dd0c',5,310020,'NotEqual',NULL,NULL,NULL,1330000000,70000000);
-- Triggers and indices on  bet_match_resolutions
CREATE TRIGGER block_update_bet_match_resolutions
            BEFORE UPDATE ON bet_match_resolutions BEGIN
                SELECT RAISE(FAIL, "UPDATES NOT ALLOWED");
            END;

COMMIT TRANSACTION;
PRAGMA page_size=4096;
-- PRAGMA encoding='UTF-8';
-- PRAGMA auto_vacuum=FULL;
-- PRAGMA max_page_count=4294967294;

BEGIN TRANSACTION;

-- Table  bet_expirations
DROP TABLE IF EXISTS bet_expirations;
CREATE TABLE bet_expirations(
                                    bet_index INTEGER PRIMARY KEY,
                                    bet_hash TEXT UNIQUE,
                                    source TEXT,
                                    block_index INTEGER,
                                    FOREIGN KEY (block_index) REFERENCES blocks(block_index));
INSERT INTO bet_expirations VALUES(13,'ef92dc4986fdfb4ccb6e101ee949d5307c554e8dd1619307548ec032a973f19c','2_mn6q3dS2EnDUx3bmyWc6D4szJNVGtaR7zc_mnfAHmddVibnZNSkh8DvKaQoiEfNsxjXzH_mtQheFaSfWELRB2MyMBaiWjdDm6ux9Ezns_3',310023);
-- Triggers and indices on  bet_expirations
CREATE INDEX bet_expirations_block_index_idx ON bet_expirations (block_index)
        ;
CREATE INDEX bet_expirations_source_idx ON bet_expirations (source)
        ;
CREATE TRIGGER block_update_bet_expirations
            BEFORE UPDATE ON bet_expirations BEGIN
                SELECT RAISE(FAIL, "UPDATES NOT ALLOWED");
            END;

COMMIT TRANSACTION;
PRAGMA page_size=4096;
-- PRAGMA encoding='UTF-8';
-- PRAGMA auto_vacuum=FULL;
-- PRAGMA max_page_count=4294967294;

BEGIN TRANSACTION;

-- Table  bets
DROP TABLE IF EXISTS bets;
CREATE TABLE bets(
                        tx_index INTEGER,
                        tx_hash TEXT,
                        block_index INTEGER,
                        source TEXT,
                        feed_address TEXT,
                        bet_type INTEGER,
                        deadline INTEGER,
                        wager_quantity INTEGER,
                        wager_remaining INTEGER,
                        counterwager_quantity INTEGER,
                        counterwager_remaining INTEGER,
                        target_value REAL,
                        leverage INTEGER,
                        expiration INTEGER,
                        expire_index INTEGER,
                        fee_fraction_int INTEGER,
                        status TEXT);
INSERT INTO bets VALUES(13,'ef92dc4986fdfb4ccb6e101ee949d5307c554e8dd1619307548ec032a973f19c',310012,'2_mn6q3dS2EnDUx3bmyWc6D4szJNVGtaR7zc_mnfAHmddVibnZNSkh8DvKaQoiEfNsxjXzH_mtQheFaSfWELRB2MyMBaiWjdDm6ux9Ezns_3','2_mn6q3dS2EnDUx3bmyWc6D4szJNVGtaR7zc_mnfAHmddVibnZNSkh8DvKaQoiEfNsxjXzH_mtQheFaSfWELRB2MyMBaiWjdDm6ux9Ezns_3',0,1388000100,50000000,50000000,25000000,25000000,0.0,15120,10,310022,99999999,'open');
INSERT INTO bets VALUES(14,'ce9d3a5ea18ed454ddee80b75bd12abdd47de8e176d9c9dfc768c1233e729943',310013,'2_mn6q3dS2EnDUx3bmyWc6D4szJNVGtaR7zc_mnfAHmddVibnZNSkh8DvKaQoiEfNsxjXzH_mtQheFaSfWELRB2MyMBaiWjdDm6ux9Ezns_3','2_mn6q3dS2EnDUx3bmyWc6D4szJNVGtaR7zc_mnfAHmddVibnZNSkh8DvKaQoiEfNsxjXzH_mtQheFaSfWELRB2MyMBaiWjdDm6ux9Ezns_3',1,1388000100,25000000,25000000,41500000,41500000,0.0,15120,10,310023,99999999,'open');
INSERT INTO bets VALUES(13,'ef92dc4986fdfb4ccb6e101ee949d5307c554e8dd1619307548ec032a973f19c',310013,'2_mn6q3dS2EnDUx3bmyWc6D4szJNVGtaR7zc_mnfAHmddVibnZNSkh8DvKaQoiEfNsxjXzH_mtQheFaSfWELRB2MyMBaiWjdDm6ux9Ezns_3','2_mn6q3dS2EnDUx3bmyWc6D4szJNVGtaR7zc_mnfAHmddVibnZNSkh8DvKaQoiEfNsxjXzH_mtQheFaSfWELRB2MyMBaiWjdDm6ux9Ezns_3',0,1388000100,50000000,8500000,25000000,4250000,0.0,15120,10,310022,99999999,'open');
INSERT INTO bets VALUES(14,'ce9d3a5ea18ed454ddee80b75bd12abdd47de8e176d9c9dfc768c1233e729943',310013,'2_mn6q3dS2EnDUx3bmyWc6D4szJNVGtaR7zc_mnfAHmddVibnZNSkh8DvKaQoiEfNsxjXzH_mtQheFaSfWELRB2MyMBaiWjdDm6ux9Ezns_3','2_mn6q3dS2EnDUx3bmyWc6D4szJNVGtaR7zc_mnfAHmddVibnZNSkh8DvKaQoiEfNsxjXzH_mtQheFaSfWELRB2MyMBaiWjdDm6ux9Ezns_3',1,1388000100,25000000,4250000,41500000,0,0.0,15120,10,310023,99999999,'filled');
INSERT INTO bets VALUES(15,'6722884208180367a60c5c96ae86865dad3c63525a9498d716e98b5015ec2e3d',310014,'2_mn6q3dS2EnDUx3bmyWc6D4szJNVGtaR7zc_mnfAHmddVibnZNSkh8DvKaQoiEfNsxjXzH_mtQheFaSfWELRB2MyMBaiWjdDm6ux9Ezns_3','2_mn6q3dS2EnDUx3bmyWc6D4szJNVGtaR7zc_mnfAHmddVibnZNSkh8DvKaQoiEfNsxjXzH_mtQheFaSfWELRB2MyMBaiWjdDm6ux9Ezns_3',0,1388000100,150000000,150000000,350000000,350000000,0.0,5040,10,310024,99999999,'open');
INSERT INTO bets VALUES(16,'10c669ad89d61e1a983e179f66f355b1dd21e53d520fd4dc3bb5a6f9e5e24fcd',310015,'2_mn6q3dS2EnDUx3bmyWc6D4szJNVGtaR7zc_mnfAHmddVibnZNSkh8DvKaQoiEfNsxjXzH_mtQheFaSfWELRB2MyMBaiWjdDm6ux9Ezns_3','2_mn6q3dS2EnDUx3bmyWc6D4szJNVGtaR7zc_mnfAHmddVibnZNSkh8DvKaQoiEfNsxjXzH_mtQheFaSfWELRB2MyMBaiWjdDm6ux9Ezns_3',1,1388000100,350000000,350000000,150000000,150000000,0.0,5040,10,310025,99999999,'open');
INSERT INTO bets VALUES(15,'6722884208180367a60c5c96ae86865dad3c63525a9498d716e98b5015ec2e3d',310015,'2_mn6q3dS2EnDUx3bmyWc6D4szJNVGtaR7zc_mnfAHmddVibnZNSkh8DvKaQoiEfNsxjXzH_mtQheFaSfWELRB2MyMBaiWjdDm6ux9Ezns_3','2_mn6q3dS2EnDUx3bmyWc6D4szJNVGtaR7zc_mnfAHmddVibnZNSkh8DvKaQoiEfNsxjXzH_mtQheFaSfWELRB2MyMBaiWjdDm6ux9Ezns_3',0,1388000100,150000000,0,350000000,0,0.0,5040,10,310024,99999999,'filled');
INSERT INTO bets VALUES(16,'10c669ad89d61e1a983e179f66f355b1dd21e53d520fd4dc3bb5a6f9e5e24fcd',310015,'2_mn6q3dS2EnDUx3bmyWc6D4szJNVGtaR7zc_mnfAHmddVibnZNSkh8DvKaQoiEfNsxjXzH_mtQheFaSfWELRB2MyMBaiWjdDm6ux9Ezns_3','2_mn6q3dS2EnDUx3bmyWc6D4szJNVGtaR7zc_mnfAHmddVibnZNSkh8DvKaQoiEfNsxjXzH_mtQheFaSfWELRB2MyMBaiWjdDm6ux9Ezns_3',1,1388000100,350000000,0,150000000,0,0.0,5040,10,310025,99999999,'filled');
INSERT INTO bets VALUES(17,'caaceb9160747bd86fa4b3b4d090c9e1617285fae312eac2152bf3fabedcd2bc',310016,'2_mn6q3dS2EnDUx3bmyWc6D4szJNVGtaR7zc_mnfAHmddVibnZNSkh8DvKaQoiEfNsxjXzH_mtQheFaSfWELRB2MyMBaiWjdDm6ux9Ezns_3','2_mn6q3dS2EnDUx3bmyWc6D4szJNVGtaR7zc_mnfAHmddVibnZNSkh8DvKaQoiEfNsxjXzH_mtQheFaSfWELRB2MyMBaiWjdDm6ux9Ezns_3',2,1388000200,750000000,750000000,650000000,650000000,1.0,5040,10,310026,99999999,'open');
INSERT INTO bets VALUES(18,'67497105b77192af401ec8024ad34de211592877dee8532dbe216d8a8f17dd0c',310017,'2_mn6q3dS2EnDUx3bmyWc6D4szJNVGtaR7zc_mnfAHmddVibnZNSkh8DvKaQoiEfNsxjXzH_mtQheFaSfWELRB2MyMBaiWjdDm6ux9Ezns_3','2_mn6q3dS2EnDUx3bmyWc6D4szJNVGtaR7zc_mnfAHmddVibnZNSkh8DvKaQoiEfNsxjXzH_mtQheFaSfWELRB2MyMBaiWjdDm6ux9Ezns_3',3,1388000200,650000000,650000000,750000000,750000000,1.0,5040,10,310027,99999999,'open');
INSERT INTO bets VALUES(17,'caaceb9160747bd86fa4b3b4d090c9e1617285fae312eac2152bf3fabedcd2bc',310017,'2_mn6q3dS2EnDUx3bmyWc6D4szJNVGtaR7zc_mnfAHmddVibnZNSkh8DvKaQoiEfNsxjXzH_mtQheFaSfWELRB2MyMBaiWjdDm6ux9Ezns_3','2_mn6q3dS2EnDUx3bmyWc6D4szJNVGtaR7zc_mnfAHmddVibnZNSkh8DvKaQoiEfNsxjXzH_mtQheFaSfWELRB2MyMBaiWjdDm6ux9Ezns_3',2,1388000200,750000000,0,650000000,0,1.0,5040,10,310026,99999999,'filled');
INSERT INTO bets VALUES(18,'67497105b77192af401ec8024ad34de211592877dee8532dbe216d8a8f17dd0c',310017,'2_mn6q3dS2EnDUx3bmyWc6D4szJNVGtaR7zc_mnfAHmddVibnZNSkh8DvKaQoiEfNsxjXzH_mtQheFaSfWELRB2MyMBaiWjdDm6ux9Ezns_3','2_mn6q3dS2EnDUx3bmyWc6D4szJNVGtaR7zc_mnfAHmddVibnZNSkh8DvKaQoiEfNsxjXzH_mtQheFaSfWELRB2MyMBaiWjdDm6ux9Ezns_3',3,1388000200,650000000,0,750000000,0,1.0,5040,10,310027,99999999,'filled');
INSERT INTO bets VALUES(13,'ef92dc4986fdfb4ccb6e101ee949d5307c554e8dd1619307548ec032a973f19c',310023,'2_mn6q3dS2EnDUx3bmyWc6D4szJNVGtaR7zc_mnfAHmddVibnZNSkh8DvKaQoiEfNsxjXzH_mtQheFaSfWELRB2MyMBaiWjdDm6ux9Ezns_3','2_mn6q3dS2EnDUx3bmyWc6D4szJNVGtaR7zc_mnfAHmddVibnZNSkh8DvKaQoiEfNsxjXzH_mtQheFaSfWELRB2MyMBaiWjdDm6ux9Ezns_3',0,1388000100,50000000,8500000,25000000,4250000,0.0,15120,10,310022,99999999,'expired');
-- Triggers and indices on  bets
CREATE INDEX bets_block_index_idx ON bets (block_index)
        ;
CREATE INDEX bets_expire_index_idx ON bets (expire_index)
        ;
CREATE INDEX bets_feed_address_bet_type_idx ON bets (feed_address, bet_type)
        ;
CREATE INDEX bets_feed_address_idx ON bets (feed_address)
        ;
CREATE INDEX bets_status_idx ON bets (status)
        ;
CREATE INDEX bets_tx_hash_idx ON bets (tx_hash)
        ;
CREATE INDEX bets_tx_index_tx_hash_idx ON bets (tx_index, tx_hash)
        ;
CREATE TRIGGER block_update_bets
            BEFORE UPDATE ON bets BEGIN
                SELECT RAISE(FAIL, "UPDATES NOT ALLOWED");
            END;

COMMIT TRANSACTION;
PRAGMA page_size=4096;
-- PRAGMA encoding='UTF-8';
-- PRAGMA auto_vacuum=FULL;
-- PRAGMA max_page_count=4294967294;

BEGIN TRANSACTION;

-- Table  broadcasts
DROP TABLE IF EXISTS broadcasts;
CREATE TABLE broadcasts(
                      tx_index INTEGER PRIMARY KEY,
                      tx_hash TEXT UNIQUE,
                      block_index INTEGER,
                      source TEXT,
                      timestamp INTEGER,
                      value REAL,
                      fee_fraction_int INTEGER,
                      text TEXT,
                      locked BOOL,
                      status TEXT,
                      FOREIGN KEY (tx_index, tx_hash, block_index) REFERENCES transactions(tx_index, tx_hash, block_index));
INSERT INTO broadcasts VALUES(12,'9ec74a4822710f9534a3815f0e836a09219f6c766880a57767c7514071d99084',310011,'2_mn6q3dS2EnDUx3bmyWc6D4szJNVGtaR7zc_mnfAHmddVibnZNSkh8DvKaQoiEfNsxjXzH_mtQheFaSfWELRB2MyMBaiWjdDm6ux9Ezns_3',1388000000,100.0,99999999,'Unit Test',0,'valid');
INSERT INTO broadcasts VALUES(19,'e87bf8dfeda7df143873ff042cc7a05dd590a6bef6a55c5832e22db1bd5e3bcd',310018,'2_mn6q3dS2EnDUx3bmyWc6D4szJNVGtaR7zc_mnfAHmddVibnZNSkh8DvKaQoiEfNsxjXzH_mtQheFaSfWELRB2MyMBaiWjdDm6ux9Ezns_3',1388000050,99.86166,5000000,'Unit Test',0,'valid');
INSERT INTO broadcasts VALUES(20,'1fcd2de64aabc6c05796e28cbea31df45a25928c2cd8dd30d774c9e70c4e97df',310019,'2_mn6q3dS2EnDUx3bmyWc6D4szJNVGtaR7zc_mnfAHmddVibnZNSkh8DvKaQoiEfNsxjXzH_mtQheFaSfWELRB2MyMBaiWjdDm6ux9Ezns_3',1388000101,100.343,5000000,'Unit Test',0,'valid');
INSERT INTO broadcasts VALUES(21,'dc4b57ad8a0b23dbc7ffc03f51e8076cd2418edf256b2660783bb0d1be0b8b73',310020,'2_mn6q3dS2EnDUx3bmyWc6D4szJNVGtaR7zc_mnfAHmddVibnZNSkh8DvKaQoiEfNsxjXzH_mtQheFaSfWELRB2MyMBaiWjdDm6ux9Ezns_3',1388000201,2.0,5000000,'Unit Test',0,'valid');
-- Triggers and indices on  broadcasts
CREATE TRIGGER block_update_broadcasts
            BEFORE UPDATE ON broadcasts BEGIN
                SELECT RAISE(FAIL, "UPDATES NOT ALLOWED");
            END;
CREATE INDEX broadcasts_block_index_idx ON broadcasts (block_index)
        ;
CREATE INDEX broadcasts_status_source_tx_index_idx ON broadcasts (status, source, tx_index)
        ;
CREATE INDEX broadcasts_timestamp_idx ON broadcasts (timestamp)
        ;

COMMIT TRANSACTION;
PRAGMA page_size=4096;
-- PRAGMA encoding='UTF-8';
-- PRAGMA auto_vacuum=FULL;
-- PRAGMA max_page_count=4294967294;

BEGIN TRANSACTION;

-- Table  btcpays
DROP TABLE IF EXISTS btcpays;
CREATE TABLE btcpays(
                      tx_index INTEGER PRIMARY KEY,
                      tx_hash TEXT UNIQUE,
                      block_index INTEGER,
                      source TEXT,
                      destination TEXT,
                      btc_amount INTEGER,
                      order_match_id TEXT,
                      status TEXT,
                      FOREIGN KEY (tx_index, tx_hash, block_index) REFERENCES transactions(tx_index, tx_hash, block_index));
INSERT INTO btcpays VALUES(5,'f0c58099c1614dcf2b8fd12be01c63427a5877b8c0367ecadea31ae9eb9714e6',310004,'2_mn6q3dS2EnDUx3bmyWc6D4szJNVGtaR7zc_mnfAHmddVibnZNSkh8DvKaQoiEfNsxjXzH_mtQheFaSfWELRB2MyMBaiWjdDm6ux9Ezns_3','2_mn6q3dS2EnDUx3bmyWc6D4szJNVGtaR7zc_mnfAHmddVibnZNSkh8DvKaQoiEfNsxjXzH_mtQheFaSfWELRB2MyMBaiWjdDm6ux9Ezns_3',50000000,'c953eb18873ce8aed42456df0ece8e4678e13282d9917916e7a4aec10e828375_89a44a3314b298a83d5d14c8646900a5122b8a1e8f6e0528e73ea82044d1726a','valid');
-- Triggers and indices on  btcpays
CREATE TRIGGER block_update_btcpays
            BEFORE UPDATE ON btcpays BEGIN
                SELECT RAISE(FAIL, "UPDATES NOT ALLOWED");
            END;
CREATE INDEX btcpays_block_index_idx ON btcpays (block_index)
        ;
CREATE INDEX btcpays_destination_idx ON btcpays (destination)
        ;
CREATE INDEX btcpays_source_idx ON btcpays (source)
        ;

COMMIT TRANSACTION;
PRAGMA page_size=4096;
-- PRAGMA encoding='UTF-8';
-- PRAGMA auto_vacuum=FULL;
-- PRAGMA max_page_count=4294967294;

BEGIN TRANSACTION;

-- Table  burns
DROP TABLE IF EXISTS burns;
CREATE TABLE burns(
                      tx_index INTEGER PRIMARY KEY,
                      tx_hash TEXT UNIQUE,
                      block_index INTEGER,
                      source TEXT,
                      burned INTEGER,
                      earned INTEGER,
                      status TEXT,
                      FOREIGN KEY (tx_index, tx_hash, block_index) REFERENCES transactions(tx_index, tx_hash, block_index));
INSERT INTO burns VALUES(1,'15b35d5497f454c43576f21a1b61d99bde25dfc5aae1a4796dcf55e739d6a399',310000,'2_mn6q3dS2EnDUx3bmyWc6D4szJNVGtaR7zc_mnfAHmddVibnZNSkh8DvKaQoiEfNsxjXzH_mtQheFaSfWELRB2MyMBaiWjdDm6ux9Ezns_3',62000000,93000000000,'valid');
INSERT INTO burns VALUES(23,'181709b341ec136f90975fdaa362c767ebd789e72f16d4e17348ab2985c1bd01',310022,'2_mn6q3dS2EnDUx3bmyWc6D4szJNVGtaR7zc_mnfAHmddVibnZNSkh8DvKaQoiEfNsxjXzH_mtQheFaSfWELRB2MyMBaiWjdDm6ux9Ezns_3',38000000,56999887262,'valid');
-- Triggers and indices on  burns
CREATE TRIGGER block_update_burns
            BEFORE UPDATE ON burns BEGIN
                SELECT RAISE(FAIL, "UPDATES NOT ALLOWED");
            END;
CREATE INDEX burns_source_idx ON burns (source)
        ;
CREATE INDEX burns_status_idx ON burns (status)
        ;

COMMIT TRANSACTION;
PRAGMA page_size=4096;
-- PRAGMA encoding='UTF-8';
-- PRAGMA auto_vacuum=FULL;
-- PRAGMA max_page_count=4294967294;

BEGIN TRANSACTION;

-- Table  cancels
DROP TABLE IF EXISTS cancels;
CREATE TABLE cancels(
                      tx_index INTEGER PRIMARY KEY,
                      tx_hash TEXT UNIQUE,
                      block_index INTEGER,
                      source TEXT,
                      offer_hash TEXT,
                      status TEXT,
                      FOREIGN KEY (tx_index, tx_hash, block_index) REFERENCES transactions(tx_index, tx_hash, block_index));
-- Triggers and indices on  cancels
CREATE TRIGGER block_update_cancels
            BEFORE UPDATE ON cancels BEGIN
                SELECT RAISE(FAIL, "UPDATES NOT ALLOWED");
            END;
CREATE INDEX cancels_block_index_idx ON cancels (block_index)
        ;
CREATE INDEX cancels_source_idx ON cancels (source)
        ;

COMMIT TRANSACTION;
PRAGMA page_size=4096;
-- PRAGMA encoding='UTF-8';
-- PRAGMA auto_vacuum=FULL;
-- PRAGMA max_page_count=4294967294;

BEGIN TRANSACTION;

-- Table  dividends
DROP TABLE IF EXISTS dividends;
CREATE TABLE dividends(
                      tx_index INTEGER PRIMARY KEY,
                      tx_hash TEXT UNIQUE,
                      block_index INTEGER,
                      source TEXT,
                      asset TEXT,
                      dividend_asset TEXT,
                      quantity_per_unit INTEGER,
                      fee_paid INTEGER,
                      status TEXT,
                      FOREIGN KEY (tx_index, tx_hash, block_index) REFERENCES transactions(tx_index, tx_hash, block_index));
INSERT INTO dividends VALUES(10,'f2f6db13d6bda4def4f1bd759b603c64c962f82017329057a9237ceaf171520a',310009,'2_mn6q3dS2EnDUx3bmyWc6D4szJNVGtaR7zc_mnfAHmddVibnZNSkh8DvKaQoiEfNsxjXzH_mtQheFaSfWELRB2MyMBaiWjdDm6ux9Ezns_3','BBBB','XCP',600,20000,'valid');
INSERT INTO dividends VALUES(11,'a4353c6bd3159d3288f76c9f40fdbde89d681b09ec64d1f2b422b2e9e30c10d8',310010,'2_mn6q3dS2EnDUx3bmyWc6D4szJNVGtaR7zc_mnfAHmddVibnZNSkh8DvKaQoiEfNsxjXzH_mtQheFaSfWELRB2MyMBaiWjdDm6ux9Ezns_3','BBBC','XCP',800,20000,'valid');
-- Triggers and indices on  dividends
CREATE TRIGGER block_update_dividends
            BEFORE UPDATE ON dividends BEGIN
                SELECT RAISE(FAIL, "UPDATES NOT ALLOWED");
            END;
CREATE INDEX dividends_asset_idx ON dividends (asset)
        ;
CREATE INDEX dividends_block_index_idx ON dividends (block_index)
        ;
CREATE INDEX dividends_source_idx ON dividends (source)
        ;

COMMIT TRANSACTION;
PRAGMA page_size=4096;
-- PRAGMA encoding='UTF-8';
-- PRAGMA auto_vacuum=FULL;
-- PRAGMA max_page_count=4294967294;

BEGIN TRANSACTION;

-- Table  issuances
DROP TABLE IF EXISTS issuances;
CREATE TABLE issuances(
            tx_index INTEGER,
            tx_hash TEXT,
            msg_index INTEGER DEFAULT 0,
            block_index INTEGER,
            asset TEXT,
            quantity INTEGER,
            divisible BOOL,
            source TEXT,
            issuer TEXT,
            transfer BOOL,
            callable BOOL,
            call_date INTEGER,
            call_price REAL,
            description TEXT,
            fee_paid INTEGER,
            locked BOOL DEFAULT FALSE,
            status TEXT,
            asset_longname TEXT,
            reset BOOL DEFAULT FALSE,
            description_locked BOOL,
            fair_minting BOOL DEFAULT FALSE,
            asset_events TEXT,
            PRIMARY KEY (tx_index, msg_index),
            UNIQUE (tx_hash, msg_index)
        );
INSERT INTO issuances VALUES(6,'9238105e39efd4b7d428ad14011ad0c0f366bdcd150afa954e1f25c0cf4c2cc9',0,310005,'BBBB',1000000000,1,'2_mn6q3dS2EnDUx3bmyWc6D4szJNVGtaR7zc_mnfAHmddVibnZNSkh8DvKaQoiEfNsxjXzH_mtQheFaSfWELRB2MyMBaiWjdDm6ux9Ezns_3','2_mn6q3dS2EnDUx3bmyWc6D4szJNVGtaR7zc_mnfAHmddVibnZNSkh8DvKaQoiEfNsxjXzH_mtQheFaSfWELRB2MyMBaiWjdDm6ux9Ezns_3',0,0,0,0.0,'',50000000,0,'valid',NULL,0,0,0,'creation');
INSERT INTO issuances VALUES(7,'19d9d6059edf351635fa19ad867ccfa1db3959a5109fc63729430110a661b6e8',0,310006,'BBBC',100000,0,'2_mn6q3dS2EnDUx3bmyWc6D4szJNVGtaR7zc_mnfAHmddVibnZNSkh8DvKaQoiEfNsxjXzH_mtQheFaSfWELRB2MyMBaiWjdDm6ux9Ezns_3','2_mn6q3dS2EnDUx3bmyWc6D4szJNVGtaR7zc_mnfAHmddVibnZNSkh8DvKaQoiEfNsxjXzH_mtQheFaSfWELRB2MyMBaiWjdDm6ux9Ezns_3',0,0,0,0.0,'foobar',50000000,0,'valid',NULL,0,0,0,'creation');
-- Triggers and indices on  issuances
CREATE TRIGGER block_update_issuances
            BEFORE UPDATE ON issuances BEGIN
                SELECT RAISE(FAIL, "UPDATES NOT ALLOWED");
            END;
CREATE INDEX issuances_asset_longname_idx ON issuances (asset_longname)
        ;
CREATE INDEX issuances_block_index_idx ON issuances (block_index)
        ;
CREATE INDEX issuances_issuer_idx ON issuances (issuer)
        ;
CREATE INDEX issuances_source_idx ON issuances (source)
        ;
CREATE INDEX issuances_status_asset_longname_tx_index_idx ON issuances (status, asset_longname, tx_index DESC)
        ;
CREATE INDEX issuances_status_asset_tx_index_idx ON issuances (status, asset, tx_index DESC)
        ;

COMMIT TRANSACTION;
PRAGMA page_size=4096;
-- PRAGMA encoding='UTF-8';
-- PRAGMA auto_vacuum=FULL;
-- PRAGMA max_page_count=4294967294;

BEGIN TRANSACTION;

-- Table  sends
DROP TABLE IF EXISTS sends;
CREATE TABLE "sends"(
                              tx_index INTEGER,
                              tx_hash TEXT,
                              block_index INTEGER,
                              source TEXT,
                              destination TEXT,
                              asset TEXT,
                              quantity INTEGER,
                              status TEXT,
                              msg_index INTEGER DEFAULT 0, memo BLOB, fee_paid INTEGER DEFAULT 0,
                              PRIMARY KEY (tx_index, msg_index),
                              FOREIGN KEY (tx_index, tx_hash, block_index) REFERENCES transactions(tx_index, tx_hash, block_index),
                              UNIQUE (tx_hash, msg_index) ON CONFLICT FAIL);
INSERT INTO sends VALUES(2,'121285e4ce5c17fbd6e0b0277702af982cdc14054735154a9043beecb247b84f',310001,'2_mn6q3dS2EnDUx3bmyWc6D4szJNVGtaR7zc_mnfAHmddVibnZNSkh8DvKaQoiEfNsxjXzH_mtQheFaSfWELRB2MyMBaiWjdDm6ux9Ezns_3','2_mn6q3dS2EnDUx3bmyWc6D4szJNVGtaR7zc_mnfAHmddVibnZNSkh8DvKaQoiEfNsxjXzH_mqPCfvqTfYctXMUfmniXeG2nyaN8w6tPmj_3','XCP',50000000,'valid',0,NULL,0);
INSERT INTO sends VALUES(8,'b25659252f68f162d96cf2cf3070b30e5913b472cbace76985e314b4634641a0',310007,'2_mn6q3dS2EnDUx3bmyWc6D4szJNVGtaR7zc_mnfAHmddVibnZNSkh8DvKaQoiEfNsxjXzH_mtQheFaSfWELRB2MyMBaiWjdDm6ux9Ezns_3','2_mn6q3dS2EnDUx3bmyWc6D4szJNVGtaR7zc_mnfAHmddVibnZNSkh8DvKaQoiEfNsxjXzH_mqPCfvqTfYctXMUfmniXeG2nyaN8w6tPmj_3','BBBB',4000000,'valid',0,NULL,0);
INSERT INTO sends VALUES(9,'592e248181970aa6f97f2cfe133323d3ffb2095dd7f411cfd20b1ab611238a11',310008,'2_mn6q3dS2EnDUx3bmyWc6D4szJNVGtaR7zc_mnfAHmddVibnZNSkh8DvKaQoiEfNsxjXzH_mtQheFaSfWELRB2MyMBaiWjdDm6ux9Ezns_3','2_mn6q3dS2EnDUx3bmyWc6D4szJNVGtaR7zc_mnfAHmddVibnZNSkh8DvKaQoiEfNsxjXzH_mqPCfvqTfYctXMUfmniXeG2nyaN8w6tPmj_3','BBBC',526,'valid',0,NULL,0);
INSERT INTO sends VALUES(24,'f4a0c2582fb141e9451a7c00fa61afc147b9959c2dd20a1978950936fdb53831',310023,'2_mn6q3dS2EnDUx3bmyWc6D4szJNVGtaR7zc_mnfAHmddVibnZNSkh8DvKaQoiEfNsxjXzH_mtQheFaSfWELRB2MyMBaiWjdDm6ux9Ezns_3','2_mn6q3dS2EnDUx3bmyWc6D4szJNVGtaR7zc_mnfAHmddVibnZNSkh8DvKaQoiEfNsxjXzH_mqPCfvqTfYctXMUfmniXeG2nyaN8w6tPmj_3','BBBC',10000,'valid',0,NULL,0);
-- Triggers and indices on  sends
CREATE TRIGGER block_update_sends
            BEFORE UPDATE ON sends BEGIN
                SELECT RAISE(FAIL, "UPDATES NOT ALLOWED");
            END;
CREATE INDEX sends_asset_idx ON sends (asset)
        ;
CREATE INDEX sends_block_index_idx ON sends (block_index)
        ;
CREATE INDEX sends_destination_idx ON sends (destination)
        ;
CREATE INDEX sends_memo_idx ON sends (memo)
        ;
CREATE INDEX sends_source_idx ON sends (source)
        ;

COMMIT TRANSACTION;
PRAGMA page_size=4096;
-- PRAGMA encoding='UTF-8';
-- PRAGMA auto_vacuum=FULL;
-- PRAGMA max_page_count=4294967294;

BEGIN TRANSACTION;

-- Table  rps_match_expirations
DROP TABLE IF EXISTS rps_match_expirations;
CREATE TABLE rps_match_expirations(
                                            rps_match_id TEXT PRIMARY KEY,
                                            tx0_address TEXT,
                                            tx1_address TEXT,
                                            block_index INTEGER,
                                            FOREIGN KEY (block_index) REFERENCES blocks(block_index));
-- Triggers and indices on  rps_match_expirations
CREATE TRIGGER block_update_rps_match_expirations
            BEFORE UPDATE ON rps_match_expirations BEGIN
                SELECT RAISE(FAIL, "UPDATES NOT ALLOWED");
            END;
CREATE INDEX rps_match_expirations_block_index_idx ON rps_match_expirations (block_index)
        ;
CREATE INDEX rps_match_expirations_tx0_address_idx ON rps_match_expirations (tx0_address)
        ;
CREATE INDEX rps_match_expirations_tx1_address_idx ON rps_match_expirations (tx1_address)
        ;

COMMIT TRANSACTION;
PRAGMA page_size=4096;
-- PRAGMA encoding='UTF-8';
-- PRAGMA auto_vacuum=FULL;
-- PRAGMA max_page_count=4294967294;

BEGIN TRANSACTION;

-- Table  rps_expirations
DROP TABLE IF EXISTS rps_expirations;
CREATE TABLE rps_expirations(
                                    rps_index INTEGER PRIMARY KEY,
                                    rps_hash TEXT UNIQUE,
                                    source TEXT,
                                    block_index INTEGER,
                                    FOREIGN KEY (block_index) REFERENCES blocks(block_index));
-- Triggers and indices on  rps_expirations
CREATE TRIGGER block_update_rps_expirations
            BEFORE UPDATE ON rps_expirations BEGIN
                SELECT RAISE(FAIL, "UPDATES NOT ALLOWED");
            END;
CREATE INDEX rps_expirations_block_index_idx ON rps_expirations (block_index)
        ;
CREATE INDEX rps_expirations_source_idx ON rps_expirations (source)
        ;

COMMIT TRANSACTION;
PRAGMA page_size=4096;
-- PRAGMA encoding='UTF-8';
-- PRAGMA auto_vacuum=FULL;
-- PRAGMA max_page_count=4294967294;

BEGIN TRANSACTION;

-- Table  rpsresolves
DROP TABLE IF EXISTS rpsresolves;
CREATE TABLE rpsresolves(
                      tx_index INTEGER PRIMARY KEY,
                      tx_hash TEXT UNIQUE,
                      block_index INTEGER,
                      source TEXT,
                      move INTEGER,
                      random TEXT,
                      rps_match_id TEXT,
                      status TEXT,
                      FOREIGN KEY (tx_index, tx_hash, block_index) REFERENCES transactions(tx_index, tx_hash, block_index));
-- Triggers and indices on  rpsresolves
CREATE TRIGGER block_update_rpsresolves
            BEFORE UPDATE ON rpsresolves BEGIN
                SELECT RAISE(FAIL, "UPDATES NOT ALLOWED");
            END;
CREATE INDEX rpsresolves_block_index_idx ON rpsresolves (block_index)
        ;
CREATE INDEX rpsresolves_rps_match_id_idx ON rpsresolves (rps_match_id)
        ;
CREATE INDEX rpsresolves_source_idx ON rpsresolves (source)
        ;

COMMIT TRANSACTION;
PRAGMA page_size=4096;
-- PRAGMA encoding='UTF-8';
-- PRAGMA auto_vacuum=FULL;
-- PRAGMA max_page_count=4294967294;

BEGIN TRANSACTION;

-- Table  rps_matches
DROP TABLE IF EXISTS rps_matches;
CREATE TABLE rps_matches(
                                id TEXT,
                                tx0_index INTEGER,
                                tx0_hash TEXT,
                                tx0_address TEXT,
                                tx1_index INTEGER,
                                tx1_hash TEXT,
                                tx1_address TEXT,
                                tx0_move_random_hash TEXT,
                                tx1_move_random_hash TEXT,
                                wager INTEGER,
                                possible_moves INTEGER,
                                tx0_block_index INTEGER,
                                tx1_block_index INTEGER,
                                block_index INTEGER,
                                tx0_expiration INTEGER,
                                tx1_expiration INTEGER,
                                match_expire_index INTEGER,
                                status TEXT);
-- Triggers and indices on  rps_matches
CREATE TRIGGER block_update_rps_matches
            BEFORE UPDATE ON rps_matches BEGIN
                SELECT RAISE(FAIL, "UPDATES NOT ALLOWED");
            END;
CREATE INDEX rps_matches_id_idx ON rps_matches (id)
        ;
CREATE INDEX rps_matches_match_expire_index_idx ON rps_matches (match_expire_index)
        ;
CREATE INDEX rps_matches_status_idx ON rps_matches (status)
        ;
CREATE INDEX rps_matches_tx0_address_idx ON rps_matches (tx0_address)
        ;
CREATE INDEX rps_matches_tx1_address_idx ON rps_matches (tx1_address)
        ;

COMMIT TRANSACTION;
PRAGMA page_size=4096;
-- PRAGMA encoding='UTF-8';
-- PRAGMA auto_vacuum=FULL;
-- PRAGMA max_page_count=4294967294;

BEGIN TRANSACTION;

-- Table  rps
DROP TABLE IF EXISTS rps;
CREATE TABLE rps(
                        tx_index INTEGER,
                        tx_hash TEXT,
                        block_index INTEGER,
                        source TEXT,
                        possible_moves INTEGER,
                        wager INTEGER,
                        move_random_hash TEXT,
                        expiration INTEGER,
                        expire_index INTEGER,
                        status TEXT);
-- Triggers and indices on  rps
CREATE TRIGGER block_update_rps
            BEFORE UPDATE ON rps BEGIN
                SELECT RAISE(FAIL, "UPDATES NOT ALLOWED");
            END;
CREATE INDEX rps_expire_index_idx ON rps (expire_index)
        ;
CREATE INDEX rps_source_idx ON rps (source)
        ;
CREATE INDEX rps_status_idx ON rps (status)
        ;
CREATE INDEX rps_tx_hash_idx ON rps (tx_hash)
        ;
CREATE INDEX rps_tx_index_tx_hash_idx ON rps (tx_index, tx_hash)
        ;
CREATE INDEX rps_wager_possible_moves_idx ON rps (wager, possible_moves)
        ;

COMMIT TRANSACTION;
PRAGMA page_size=4096;
-- PRAGMA encoding='UTF-8';
-- PRAGMA auto_vacuum=FULL;
-- PRAGMA max_page_count=4294967294;

BEGIN TRANSACTION;

-- Table  destructions
DROP TABLE IF EXISTS destructions;
CREATE TABLE destructions(
            tx_index INTEGER,
            tx_hash TEXT,
            block_index INTEGER,
            source TEXT,
            asset INTEGER,
            quantity INTEGER,
            tag TEXT,
            status TEXT
        );
-- Triggers and indices on  destructions
CREATE TRIGGER block_update_destructions
            BEFORE UPDATE ON destructions BEGIN
                SELECT RAISE(FAIL, "UPDATES NOT ALLOWED");
            END;
CREATE INDEX destructions_source_idx ON destructions (source)
        ;
CREATE INDEX destructions_status_idx ON destructions (status)
        ;

COMMIT TRANSACTION;
PRAGMA page_size=4096;
-- PRAGMA encoding='UTF-8';
-- PRAGMA auto_vacuum=FULL;
-- PRAGMA max_page_count=4294967294;

BEGIN TRANSACTION;

-- Table  assets
DROP TABLE IF EXISTS assets;
CREATE TABLE assets(
                      asset_id TEXT UNIQUE,
                      asset_name TEXT UNIQUE,
                      block_index INTEGER,
                      asset_longname TEXT);
INSERT INTO assets VALUES('0','BTC',NULL,NULL);
INSERT INTO assets VALUES('1','XCP',NULL,NULL);
INSERT INTO assets VALUES('18279','BBBB',310005,NULL);
INSERT INTO assets VALUES('18280','BBBC',310006,NULL);
-- Triggers and indices on  assets
CREATE INDEX assets_asset_id_idx ON assets (asset_id)
        ;
CREATE UNIQUE INDEX assets_asset_longname_idx ON assets (asset_longname)
        ;
CREATE INDEX assets_asset_name_idx ON assets (asset_name)
        ;
CREATE TRIGGER block_update_assets
            BEFORE UPDATE ON assets BEGIN
                SELECT RAISE(FAIL, "UPDATES NOT ALLOWED");
            END;

COMMIT TRANSACTION;
PRAGMA page_size=4096;
-- PRAGMA encoding='UTF-8';
-- PRAGMA auto_vacuum=FULL;
-- PRAGMA max_page_count=4294967294;

BEGIN TRANSACTION;

-- Table  addresses
DROP TABLE IF EXISTS addresses;
CREATE TABLE addresses(
            address TEXT,
            options INTEGER,
            block_index INTEGER
        );
-- Triggers and indices on  addresses
CREATE INDEX addresses_address_idx ON addresses (address)
        ;
CREATE TRIGGER block_update_addresses
            BEFORE UPDATE ON addresses BEGIN
                SELECT RAISE(FAIL, "UPDATES NOT ALLOWED");
            END;

COMMIT TRANSACTION;
PRAGMA page_size=4096;
-- PRAGMA encoding='UTF-8';
-- PRAGMA auto_vacuum=FULL;
-- PRAGMA max_page_count=4294967294;

BEGIN TRANSACTION;

-- Table  sweeps
DROP TABLE IF EXISTS sweeps;
CREATE TABLE sweeps(
                      tx_index INTEGER PRIMARY KEY,
                      tx_hash TEXT UNIQUE,
                      block_index INTEGER,
                      source TEXT,
                      destination TEXT,
                      flags INTEGER,
                      status TEXT,
                      memo BLOB,
                      fee_paid INTEGER,
                      FOREIGN KEY (tx_index, tx_hash, block_index) REFERENCES transactions(tx_index, tx_hash, block_index));
-- Triggers and indices on  sweeps
CREATE TRIGGER block_update_sweeps
            BEFORE UPDATE ON sweeps BEGIN
                SELECT RAISE(FAIL, "UPDATES NOT ALLOWED");
            END;
CREATE INDEX sweeps_block_index_idx ON sweeps (block_index)
        ;
CREATE INDEX sweeps_destination_idx ON sweeps (destination)
        ;
CREATE INDEX sweeps_memo_idx ON sweeps (memo)
        ;
CREATE INDEX sweeps_source_idx ON sweeps (source)
        ;

COMMIT TRANSACTION;
PRAGMA page_size=4096;
-- PRAGMA encoding='UTF-8';
-- PRAGMA auto_vacuum=FULL;
-- PRAGMA max_page_count=4294967294;

BEGIN TRANSACTION;

-- Table  dispensers
DROP TABLE IF EXISTS dispensers;
CREATE TABLE dispensers(
                                tx_index INTEGER,
                                tx_hash TEXT,
                                block_index INTEGER,
                                source TEXT,
                                asset TEXT,
                                give_quantity INTEGER,
                                escrow_quantity INTEGER,
                                satoshirate INTEGER,
                                status INTEGER,
                                give_remaining INTEGER,
                                oracle_address TEXT,
                                last_status_tx_hash TEXT,
                                origin TEXT,
                                dispense_count INTEGER DEFAULT 0,
                                last_status_tx_source TEXT,
                                close_block_index INTEGER);
-- Triggers and indices on  dispensers
CREATE TRIGGER block_update_dispensers
            BEFORE UPDATE ON dispensers BEGIN
                SELECT RAISE(FAIL, "UPDATES NOT ALLOWED");
            END;
CREATE INDEX dispensers_asset_idx ON dispensers (asset)
        ;
CREATE INDEX dispensers_block_index_idx ON dispensers (block_index)
        ;
CREATE INDEX dispensers_close_block_index_status_idx ON dispensers (close_block_index, status)
        ;
CREATE INDEX dispensers_give_quantity_idx ON dispensers (give_quantity)
        ;
CREATE INDEX dispensers_give_remaining_idx ON dispensers (give_remaining)
        ;
CREATE INDEX dispensers_last_status_tx_hash_idx ON dispensers (last_status_tx_hash)
        ;
CREATE INDEX dispensers_source_asset_origin_status_idx ON dispensers (source, asset, origin, status)
        ;
CREATE INDEX dispensers_source_origin_idx ON dispensers (source, origin)
        ;
CREATE INDEX dispensers_status_block_index_idx ON dispensers (status, block_index)
        ;
CREATE INDEX dispensers_tx_hash_idx ON dispensers (tx_hash)
        ;
CREATE INDEX dispensers_tx_index_idx ON dispensers (tx_index)
        ;

COMMIT TRANSACTION;
PRAGMA page_size=4096;
-- PRAGMA encoding='UTF-8';
-- PRAGMA auto_vacuum=FULL;
-- PRAGMA max_page_count=4294967294;

BEGIN TRANSACTION;

-- Table  dispenses
DROP TABLE IF EXISTS dispenses;
CREATE TABLE dispenses (
                                tx_index INTEGER,
                                dispense_index INTEGER,
                                tx_hash TEXT,
                                block_index INTEGER,
                                source TEXT,
                                destination TEXT,
                                asset TEXT,
                                dispense_quantity INTEGER,
                                dispenser_tx_hash TEXT,
                                btc_amount INTEGER,
                                PRIMARY KEY (tx_index, dispense_index, source, destination),
                                FOREIGN KEY (tx_index, tx_hash, block_index) REFERENCES transactions(tx_index, tx_hash, block_index));
-- Triggers and indices on  dispenses
CREATE TRIGGER block_update_dispenses
            BEFORE UPDATE ON dispenses BEGIN
                SELECT RAISE(FAIL, "UPDATES NOT ALLOWED");
            END;
CREATE INDEX dispenses_asset_idx ON dispenses (asset)
        ;
CREATE INDEX dispenses_block_index_idx ON dispenses (block_index)
        ;
CREATE INDEX dispenses_destination_idx ON dispenses (destination)
        ;
CREATE INDEX dispenses_dispense_quantity_idx ON dispenses (dispense_quantity)
        ;
CREATE INDEX dispenses_dispenser_tx_hash_idx ON dispenses (dispenser_tx_hash)
        ;
CREATE INDEX dispenses_source_idx ON dispenses (source)
        ;
CREATE INDEX dispenses_tx_hash_idx ON dispenses (tx_hash)
        ;

COMMIT TRANSACTION;
PRAGMA page_size=4096;
-- PRAGMA encoding='UTF-8';
-- PRAGMA auto_vacuum=FULL;
-- PRAGMA max_page_count=4294967294;

BEGIN TRANSACTION;

-- Table  dispenser_refills
DROP TABLE IF EXISTS dispenser_refills;
CREATE TABLE dispenser_refills(
                                        tx_index INTEGER,
                                        tx_hash TEXT,
                                        block_index INTEGER,
                                        source TEXT,
                                        destination TEXT,
                                        asset TEXT,
                                        dispense_quantity INTEGER,
                                        dispenser_tx_hash TEXT,
                                        PRIMARY KEY (tx_index, tx_hash, source, destination),
                                        FOREIGN KEY (tx_index, tx_hash, block_index)
                                            REFERENCES transactions(tx_index, tx_hash, block_index));
-- Triggers and indices on  dispenser_refills
CREATE TRIGGER block_update_dispenser_refills
            BEFORE UPDATE ON dispenser_refills BEGIN
                SELECT RAISE(FAIL, "UPDATES NOT ALLOWED");
            END;
CREATE INDEX dispenser_refills_block_index_idx ON dispenser_refills (block_index)
        ;
CREATE INDEX dispenser_refills_tx_hash_idx ON dispenser_refills (tx_hash)
        ;

COMMIT TRANSACTION;
PRAGMA page_size=4096;
-- PRAGMA encoding='UTF-8';
-- PRAGMA auto_vacuum=FULL;
-- PRAGMA max_page_count=4294967294;

BEGIN TRANSACTION;

-- Table  fairminters
DROP TABLE IF EXISTS fairminters;
CREATE TABLE fairminters (
            tx_hash TEXT,
            tx_index INTEGER,
            block_index INTEGER,
            source TEXT,
            asset TEXT,
            asset_parent TEXT,
            asset_longname TEXT,
            description TEXT,
            price INTEGER,
            quantity_by_price INTEGER,
            hard_cap INTEGER,
            burn_payment BOOL,
            max_mint_per_tx INTEGER,
            premint_quantity INTEGER,
            start_block INTEGER,
            end_block INTEGER,
            minted_asset_commission_int INTEGER,
            soft_cap INTEGER,
            soft_cap_deadline_block INTEGER,
            lock_description BOOL,
            lock_quantity BOOL,
            divisible BOOL,
            pre_minted BOOL DEFAULT 0,
            status TEXT
        );
-- Triggers and indices on  fairminters
CREATE TRIGGER block_update_fairminters
            BEFORE UPDATE ON fairminters BEGIN
                SELECT RAISE(FAIL, "UPDATES NOT ALLOWED");
            END;
CREATE INDEX fairminters_asset_idx ON fairminters (asset)
        ;
CREATE INDEX fairminters_asset_longname_idx ON fairminters (asset_longname)
        ;
CREATE INDEX fairminters_asset_parent_idx ON fairminters (asset_parent)
        ;
CREATE INDEX fairminters_block_index_idx ON fairminters (block_index)
        ;
CREATE INDEX fairminters_source_idx ON fairminters (source)
        ;
CREATE INDEX fairminters_status_idx ON fairminters (status)
        ;
CREATE INDEX fairminters_tx_hash_idx ON fairminters (tx_hash)
        ;

COMMIT TRANSACTION;
PRAGMA page_size=4096;
-- PRAGMA encoding='UTF-8';
-- PRAGMA auto_vacuum=FULL;
-- PRAGMA max_page_count=4294967294;

BEGIN TRANSACTION;

-- Table  fairmints
DROP TABLE IF EXISTS fairmints;
CREATE TABLE fairmints (
            tx_hash TEXT PRIMARY KEY,
            tx_index INTEGER,
            block_index INTEGER,
            source TEXT,
            fairminter_tx_hash TEXT,
            asset TEXT,
            earn_quantity INTEGER,
            paid_quantity INTEGER,
            commission INTEGER,
            status TEXT
        );
-- Triggers and indices on  fairmints
CREATE TRIGGER block_update_fairmints
            BEFORE UPDATE ON fairmints BEGIN
                SELECT RAISE(FAIL, "UPDATES NOT ALLOWED");
            END;
CREATE INDEX fairmints_asset_idx ON fairmints (asset)
        ;
CREATE INDEX fairmints_block_index_idx ON fairmints (block_index)
        ;
CREATE INDEX fairmints_fairminter_tx_hash_idx ON fairmints (fairminter_tx_hash)
        ;
CREATE INDEX fairmints_source_idx ON fairmints (source)
        ;
CREATE INDEX fairmints_status_idx ON fairmints (status)
        ;
CREATE INDEX fairmints_tx_hash_idx ON fairmints (tx_hash)
        ;

COMMIT TRANSACTION;
PRAGMA page_size=4096;
-- PRAGMA encoding='UTF-8';
-- PRAGMA auto_vacuum=FULL;
-- PRAGMA max_page_count=4294967294;

BEGIN TRANSACTION;

-- Table  transaction_count
DROP TABLE IF EXISTS transaction_count;
CREATE TABLE transaction_count(
            block_index INTEGER,
            transaction_id INTEGER,
            count INTEGER);
-- Triggers and indices on  transaction_count
CREATE TRIGGER block_update_transaction_count
            BEFORE UPDATE ON transaction_count BEGIN
                SELECT RAISE(FAIL, "UPDATES NOT ALLOWED");
            END;
CREATE INDEX transaction_count_block_index_transaction_id_idx ON transaction_count (block_index, transaction_id)
        ;

COMMIT TRANSACTION;
