PRAGMA page_size=4096;
-- PRAGMA encoding='UTF-8';
-- PRAGMA auto_vacuum=FULL;
-- PRAGMA max_page_count=4294967294;

BEGIN TRANSACTION;

-- Table  blocks
DROP TABLE IF EXISTS blocks;
CREATE TABLE blocks(
                      block_index INTEGER UNIQUE,
                      block_hash TEXT UNIQUE,
                      block_time INTEGER,
                      ledger_hash TEXT,
                      txlist_hash TEXT,
                      messages_hash TEXT,
                      previous_block_hash TEXT UNIQUE,
                      difficulty INTEGER,
                      transaction_count INTEGER,
                      PRIMARY KEY (block_index, block_hash));
INSERT INTO blocks VALUES(309999,'8b3bef249cb3b0fa23a4936c1249b6bd41daeadc848c8d2e409ea1cbc10adfe7',309999000,'63f0fef31d02da85fa779e9a0e1b585b1a6a4e59e14564249e288e074e91c223','63f0fef31d02da85fa779e9a0e1b585b1a6a4e59e14564249e288e074e91c223','63f0fef31d02da85fa779e9a0e1b585b1a6a4e59e14564249e288e074e91c223',NULL,NULL,0);
INSERT INTO blocks VALUES(310000,'505d8d82c4ced7daddef7ed0b05ba12ecc664176887b938ef56c6af276f3b30c',310000000,'cff3ba7c92f6b318eb4a4a5e2b90b655fc055d4e8a82101b813aef6e1c6152e4','be428c6a564896c0f411cb80235f5b548b08ceb2e1d0acf1c2f1535cd1e22f34','7ca2480096fd750340cd649e58cb09c948b944bafe8180985c174ef68b1dcd11',NULL,NULL,1);
INSERT INTO blocks VALUES(310001,'3c9f6a9c6cac46a9273bd3db39ad775acd5bc546378ec2fb0587e06e112cc78e',310001000,'2281de0177f4fcf8d730e2751d7b9fb5da4df741196bbcaff470c7860a2ca0b6','cd426ed8c6b417a0413ee9633998a51ea87f88fa983f19141a4904af1b8da525','357f473abf9bcbf4c501456494c1b537025ede4bf873d0b1e177a10e218020f0',NULL,NULL,1);
INSERT INTO blocks VALUES(310002,'fbb60f1144e1f7d4dc036a4a158a10ea6dea2ba6283a723342a49b8eb5cc9964',310002000,'802742a55d8ab83de24c45efb86d1daa0ad4e565cc4db6dcaa5cedb16ec4125f','05451fbcf54c0d236700c8ead739b77d60da9bd3c64bd9b81cf33d5411ef846c','47bbb340b5813c326fc68caee054bb6307d1b94efa10656d8077ffcd648f6b5f',NULL,NULL,1);
INSERT INTO blocks VALUES(310003,'d50825dcb32bcf6f69994d616eba18de7718d3d859497e80751b2cb67e333e8a',310003000,'ed279c6a985256134cfb39f1283ec97c8dc800b7255a3e8243ca9846884d0378','6371d2847bb653716dfe777ea56ada7bc33b6d491feb0ec7450b51235949be1b','8b33d6d199bcf013605ad9588c991b4e9fd438815e0c7af1eadb4d1d626d2328',NULL,NULL,1);
INSERT INTO blocks VALUES(310004,'60cdc0ac0e3121ceaa2c3885f21f5789f49992ffef6e6ff99f7da80e36744615',310004000,'bba1ec90ee149be7d8a88ff9df1fca931e076e885be21bc822637829a8675e02','8c233be1c2111dcba8e763a91873caf2ef95a85b7adc12cdb27dcd44b00903c6','f39925315303e207ffc69200d595e087991064848880f6005f105d3bc8202f1b',NULL,NULL,1);
INSERT INTO blocks VALUES(310005,'8005c2926b7ecc50376642bc661a49108b6dc62636463a5c492b123e2184cd9a',310005000,'5f8a9d465e686b3e9471041bd15d645b7fc8afee36ee890873aa6c3c51d87bb5','fde9310d06abe77aeecfe5b32a8756723f950112dfb0c2e0310bfee9504da908','936f3a43472378b308b6f6db1ed1292545475cb4686c220f35a5a8a136eca2c9',NULL,NULL,1);
INSERT INTO blocks VALUES(310006,'bdad69d1669eace68b9f246de113161099d4f83322e2acf402c42defef3af2bb',310006000,'153795f1c7ae2dbec7fc19bb25d03dd518f0664bca82b9bb92bb7c4f1e22f040','cff737d56ad6f0fa3d6db0e5ba5cf860cba69ed064137d388b70e7bf813fd8e6','ca7f3055be87a1ed35370cad0b3ad121ca27ba552fad3c8e8b7148ac17e50fc4',NULL,NULL,1);
INSERT INTO blocks VALUES(310007,'10a642b96d60091d08234d17dfdecf3025eca41e4fc8e3bbe71a91c5a457cb4b',310007000,'c5d21baa8c6949a8e9f0d73a37436d431bf4876ab3b60b82553877ec53fc4454','2799eaea12081dd5b45db4fdb607e6ecb2f7ee1eb3c4932585beccac671bd447','f9f044f8c5a34d22d0dcc8ebb8e0658ff5fb5c58c12f3341267e858d99209f9a',NULL,NULL,1);
INSERT INTO blocks VALUES(310008,'47d0e3acbdc6916aeae95e987f9cfa16209b3df1e67bb38143b3422b32322c33',310008000,'579de8204446e9128076fd27a644a82da77ca5ff2793ff56815c24a11218af5e','0d184981148d2ba5c73e9cacb11b38d57e77e887cee2da96ca1ed594530ae2d0','b16ea76c179de1133d5d52ce5f2337ad8bbb7e092031417ebfd52bb5464c3259',NULL,NULL,1);
INSERT INTO blocks VALUES(310009,'4d474992b141620bf3753863db7ee5e8af26cadfbba27725911f44fa657bc1c0',310009000,'c03a6e31f50f172c86029ce6a810ec730e1179ad3e76ba5d4290595ec414bb87','6dd0a0b7968d45f4c39d0a8ead8f586ce064ba4b8c992da8aa9983ee4ea76e78','c4be7a3b48458de71c7f2bdfecd5e6a8e19305e0c75e870810f57a312c06e40e',NULL,NULL,1);
INSERT INTO blocks VALUES(310010,'a58162dff81a32e6a29b075be759dbb9fa9b8b65303e69c78fb4d7b0acc37042',310010000,'804651f6571bb24ef7534c97116ae35fb0b6b31aa6a4574a419aae7fc2900b1c','845d490313b8f584ad18cd78b53d814677d1571fbf261b7144bc72281c06f1d7','8d3e5e02532497cf99d6f3e192391939f2a7d4316c8df5e2f1cdfb5eb82d3c10',NULL,NULL,1);
INSERT INTO blocks VALUES(310011,'8042cc2ef293fd73d050f283fbd075c79dd4c49fdcca054dc0714fc3a50dc1bb',310011000,'a9a18fcba1a83d637dcfd633f32848d55c86c5b499e0c15af6a626653b7424b8','1f1b761422aaa1c82c0c08cdcbc8f1b2f2619b3b5440f4abe1794043bc607edd','021de3f46e85d58ee2dd2059de9c40ed0bbdb5c6c1af649e2c24a630afb4f170',NULL,NULL,1);
INSERT INTO blocks VALUES(310012,'cdba329019d93a67b31b79d05f76ce1b7791d430ea0d6c1c2168fe78d2f67677',310012000,'27298dbdb9026b5d54228b686b7a76f9d42479da79b38b9ef7cd13e4fee27159','7dd6546c34f73ee0fb20c550aa01175f54f1fccfce079756d891b7b4efd00d7f','05a9e1c5aaf1c2f80d13f8b15f747ed8afd1801f3b8dbd0eb5dd71beb91ed8fc',NULL,NULL,1);
INSERT INTO blocks VALUES(310013,'0425e5e832e4286757dc0228cd505b8d572081007218abd3a0983a3bcd502a61',310013000,'f5fbbb8870bb8253cfba52c58765b8c2493ceee6a2db5779a4212ed456bf892e','849bb01d96a8107fdbd04adaf0f5f82ce564b289c5f8ee0a368dc75fae2426f2','a12bfc934c1acafa33a1a99e1ee7a5987a2407fd93e925b6540ae93712709de4',NULL,NULL,1);
INSERT INTO blocks VALUES(310014,'85b28d413ebda2968ed82ae53643677338650151b997ed1e4656158005b9f65f',310014000,'f1e77a7a4d28d64a0cfd878112074b6205ef09055b93b8923b0c6466a07ea500','7992251ac32718a6d868674162cd4943ac1ad617ba6f7e6ecbf78195d2c60128','361f2fd27f7ce4209818efb413936b0533693b9737af3bcd9a8aa84dafb291e1',NULL,NULL,1);
INSERT INTO blocks VALUES(310015,'4cf77d688f18f0c68c077db882f62e49f31859dfa6144372457cd73b29223922',310015000,'014bcc839c0ea0d2fecd9aab3074528ffee3b2dce7f805e4d459e2dfb3d98a51','34fb060829b136848b64d451aa0e8e75003e5ea962017e6073a43f09a84573c8','7db939abc8f310c0016ca1df92a35bf69f3e1bd0bd565e465517149f1bf11585',NULL,NULL,1);
INSERT INTO blocks VALUES(310016,'99dc7d2627efb4e5e618a53b9898b4ca39c70e98fe9bf39f68a6c980f5b64ef9',310016000,'9f72d6a84ee58e1e851a90a62b525dc257c3b1b0c7e9964f93a7e5df6a2e4007','28ea779f98a55b6e4a244f1277081545dcfcfd3b0d7fcb1f30813a7d2edaecb0','f40a8567bcd6c974e421916b1daa9acc01617ad668da0d1e496d85510968171f',NULL,NULL,1);
INSERT INTO blocks VALUES(310017,'8a4fedfbf734b91a5c5761a7bcb3908ea57169777a7018148c51ff611970e4a3',310017000,'5d1e195a7d313d703253640cd98be600b04a7d98aae69b5327a29e740573198d','d11dcbe247eb0eb44fc1192a6f939ec82d67daaa9cdb4f27cea473b268dc9995','83e8537d4f23d1e4608de73dac49b1eb52fa7375bff0a1d8da33ec007965b5e9',NULL,NULL,1);
INSERT INTO blocks VALUES(310018,'35c06f9e3de39e4e56ceb1d1a22008f52361c50dd0d251c0acbe2e3c2dba8ed3',310018000,'f38538a4a2cba9bcf8821b56e1dc877990e027135d3f220338cd8cb11f3eb205','d00741d5965803863ee38fff4a23763a4a76155849d5ffdebc4719aa87fbdd2c','696d3b9e270e0c09b14bdc5c6c27f9cd1210d17e64575d6393373dec16685355',NULL,NULL,1);
INSERT INTO blocks VALUES(310019,'114affa0c4f34b1ebf8e2778c9477641f60b5b9e8a69052158041d4c41893294',310019000,'3a51f1f061d953c940ac7e53f8bb37df041f2d4f42a16f5c5d23707b8b0c0dc6','1b9fd4214c8eed3287b2a7e8a1821b9cd0419d7aa0059bf614d0982d517936e6','136b91d573bc04920df5cbaad91a9ae570b50fd3536c9f199ea36c2e86647010',NULL,NULL,1);
INSERT INTO blocks VALUES(310020,'d93c79920e4a42164af74ecb5c6b903ff6055cdc007376c74dfa692c8d85ebc9',310020000,'cce3284c53fcf79ba268d925e32ab70e3d4df1e6f13dbcbe2920e93fc689128b','252930c5ec4866f72b65397c65d7f9b4f36edd05d03fea5afff5f0b5e0cd82c4','34e340859c5b94b4dd0101844ccc58912212427b7ade50b86e17f286fce027e5',NULL,NULL,1);
INSERT INTO blocks VALUES(310021,'7c2460bb32c5749c856486393239bf7a0ac789587ac71f32e7237910da8097f2',310021000,'6ad5172a6dcaa6706d5a4f6fd8ada183e103b9faab58e42c1365613a26477490','d4ebc75352170d6b10e519448134869e4356cd4a72593c6fdfb13c3f7247d577','bd2f5c8ccbafe8a6eb337e968439e7b8dc5dc4577671f0e1c467f30ba5b7a7a8',NULL,NULL,1);
INSERT INTO blocks VALUES(310022,'44435f9a99a0aa12a9bfabdc4cb8119f6ea6a6e1350d2d65445fb66a456db5fc',310022000,'c9361fea7f3dd2415969eb6ad7fe893381c9ca65ea391f2e47a966e342db3a90','2ae14ba9a3330f0404f34d103ea696ae1ac4ce6920eb32a5156ef821047e47a5','fc1bb458f9720176e072505ef5617cf87d3cd5715fc5a567897fffa716a66f57',NULL,NULL,1);
INSERT INTO blocks VALUES(310023,'d8cf5bec1bbcab8ca4f495352afde3b6572b7e1d61b3976872ebb8e9d30ccb08',310023000,'f63680db66cf963aaaebf64130629790e7492b5ea9396434c2179a5eb8774412','0f49aec4464274804a1659537844a4d5df0a4f33c19c3adb3f07ee15b9abb5c1','889e9c34f11c45e450ac792128403ced2d95f1590b05d96a810813b0e52af213',NULL,NULL,1);
INSERT INTO blocks VALUES(310024,'b03042b4e18a222b4c8d1e9e1970d93e6e2a2d41686d227ff8ecf0a839223dc5',310024000,'d69ea243fcd5e525ae03af680d5610b654a9d2bad17782e196305aaa110a6ba9','d04ef34da40987b7911ae882c73d56b9be00f8f4fc48a31d24a3f1667f737ddf','7f881598d0802760bc16079ba3e2376187e607ebc23186d307125d0f02b851e4',NULL,NULL,0);
INSERT INTO blocks VALUES(310025,'a872e560766832cc3b4f7f222228cb6db882ce3c54f6459f62c71d5cd6e90666',310025000,'721906ed4cbd1524fafdc8e3ffef27d8b03e0c798bbcbe3eee7bc7f14afe4e81','6de12a0f87519b08c107976748f7096fa2ac5f4d1e967491caed18d0629e7c60','a2344c690219d8e7cbb02c56930f16fea01a54a0f6fc394537ad41145d1ebe3d',NULL,NULL,0);
INSERT INTO blocks VALUES(310026,'6c96350f6f2f05810f19a689de235eff975338587194a36a70dfd0fcd490941a',310026000,'27912da2afa797876030dd0e50c31aea462d54c7bfa4f89d2f14fdb7b80db6b0','df1b5b75b4d3c1f3c2ddfd89c2fa35f7fb7c9942cc6d3bb796a85a0269bac0be','fe44d1b24a1114f9614bdea375ec6ed8061effb8b87c2c6f8e391853a2b8b0e2',NULL,NULL,0);
INSERT INTO blocks VALUES(310027,'d7acfac66df393c4482a14c189742c0571b89442eb7f817b34415a560445699e',310027000,'cc0734ecfd2bdbd2d04d236b853f60e324feaa9115fae33a8add961c4a5f9436','4a7006fdfc6d66ec09e7818cb7d49258349c98c7b22171cd5dd7d9f596a0234c','1e5ff41b703e391d06ae72cf028c09beaf0ddb54ecb0f121d9329aa30d87236e',NULL,NULL,0);
INSERT INTO blocks VALUES(310028,'02409fcf8fa06dafcb7f11e38593181d9c42cc9d5e2ddc304d098f990bd9530b',310028000,'d3f5fbbe85d5a81fef8735c73349f61a43122f4b6f3f7aa61215323a683ce3aa','a1a183ad35d1d3ed20f840ca8b4ad9b330f0da830695e85e3f713e0db489e1cd','8101c9b3e604f0411d8be8f4ac358a937bf1025c23ee2f8183f086db4a9d6c4f',NULL,NULL,0);
INSERT INTO blocks VALUES(310029,'3c739fa8b40c118d5547ea356ee8d10ee2898871907643ec02e5db9d00f03cc6',310029000,'74d08f0d1cad9f7102d0cfe70f50614c7ae7f4844ca6d02390031e1e96c2b418','8800c2f9388ead16feeb7acb2850bcb409e269485767255b98d00797394cb07e','89e3722283cca6ee750c536b6c9bc21ebc8dfa9f6ccfa0134a15b2182205b91a',NULL,NULL,0);
INSERT INTO blocks VALUES(310030,'d5071cddedf89765ee0fd58f209c1c7d669ba8ea66200a57587da8b189b9e4f5',310030000,'753a1a8bb877851ae24dbc33884344f34ee18c6b0d70a4d909231448b943e8cd','4ec1f5a8ada60c41d072f595f95dd468d8723c3fa8318230d25e7417e5e25f6e','acd12f35ffb1433f93eaad5a64f26b56c2bc7554fbdcbf88e22d799b0b96d83f',NULL,NULL,0);
INSERT INTO blocks VALUES(310031,'0b02b10f41380fff27c543ea8891ecb845bf7a003ac5c87e15932aff3bfcf689',310031000,'f7c62d08a4efc854dea6f47249786d3d00778d97223dd84de1d0fd1eef3e2ee7','eed079877ba36f9f89da22daafff5f5816714d59d6ff17ada727b0a5342dd43e','0704e0ef658ceb9f18a1dd309110d6b3e1a726113ef682e4250aec5226ac2134',NULL,NULL,0);
INSERT INTO blocks VALUES(310032,'66346be81e6ba04544f2ae643b76c2b7b1383f038fc2636e02e49dc7ec144074',310032000,'833690f195e85b427b61890640fe8f0cc7419e0f4301b6f4738bab12be06dbb8','b0b63dbfb4dcc7c192edf2200a11f34dad95afd7bb882ec93ba9f6b46ee404de','4d004aba571fc0dc5b186944f20125d9346b5e4817ada0908b087ab4a69f1dde',NULL,NULL,0);
INSERT INTO blocks VALUES(310033,'999c65df9661f73e8c01f1da1afda09ac16788b72834f0ff5ea3d1464afb4707',310033000,'a1e118474a6f70b8f700a67b43ee0272c4609d3309603b5be6434ca587eaa704','2740c47328d988bfb3525e055753f9e50129231b8d8e13cd464e49d8ea981c58','2276cb72b2d0fa144b9bcc818df9f4be8109cae7674ae0ef8a47fab704d88382',NULL,NULL,0);
INSERT INTO blocks VALUES(310034,'f552edd2e0a648230f3668e72ddf0ddfb1e8ac0f4c190f91b89c1a8c2e357208',310034000,'3b6427f61fb59ffd674ed8e0af75687fc4ccf8b462011727d4dc4bdf4c794775','d396b710e3535aebe3e14a202d9bc52c661457485345f17467a8dd853eda9e16','22af1f29fee29210990d0ace7287fa4771e82f234601890f75a66f6589abf61a',NULL,NULL,0);
INSERT INTO blocks VALUES(310035,'a13cbb016f3044207a46967a4ba1c87dab411f78c55c1179f2336653c2726ae2',310035000,'d065384f739c52a718f656717f88eb2fecc10d8567a93ccf823434c003d28c55','420199075389a689016d3f178f97a66025781de9c54dff7e837d812c6c7c5543','78811f4fd5ca9bdf76debfae593220a925bb334cb55137d21c949885272b37da',NULL,NULL,0);
INSERT INTO blocks VALUES(310036,'158648a98f1e1bd1875584ce8449eb15a4e91a99a923bbb24c4210135cef0c76',310036000,'22cddc8dbfcbaf4b851fa5379c740a96294acc3d772dcf6d684881bef18d7fbf','4f1085e80f558786c349be5e27070a0d791bb0ffd8ead0ff016442f3746e1ae3','17c9381d42012e9ebdfa941599c85b9465169a8bc524b9b830d58c373800061f',NULL,NULL,0);
INSERT INTO blocks VALUES(310037,'563acfd6d991ce256d5655de2e9429975c8dceeb221e76d5ec6e9e24a2c27c07',310037000,'93172c51a9c4cb5c33937a199a32ad3c13a40a60f4c194a1187e2c59a15c0ccc','4cef9a7e04abbcfe94cdaa91b2f8f26a138bb4b60b5bf1eab84f2771a2fde027','69d79997fdc359cc2d4eeb2ea588325cfab58b332a8655ced471f2aebd3341bb',NULL,NULL,0);
INSERT INTO blocks VALUES(310038,'b44b4cad12431c32df27940e18d51f63897c7472b70950d18454edfd640490b2',310038000,'7a167a13f7e576c7e066035dbe2a2513659f1386c095a9e63afa494c043b7def','877dfecc750266008485bfd57f48265d1dd6b49ab915074147ccc9ffd0cc5a69','206a314c2ec181a04da051f9c554383df073369e13e51b6ed48ff2fc5a7e752e',NULL,NULL,0);
INSERT INTO blocks VALUES(310039,'5fa1ae9c5e8a599247458987b006ad3a57f686df1f7cc240bf119e911b56c347',310039000,'4733d9ada3d4f60bc09f0a6eba3fdcdcd8e8b18adfd38c7bf06372259e2d38f3','1db607f3543a07904db4b3b9b0dcca219183b360661400dd66a22797a8033728','04fec5ed0c66ea4de6c50e9eeea88d513c350b544c987ff3ffe61bd9e5393de3',NULL,NULL,0);
INSERT INTO blocks VALUES(310040,'7200ded406675453eadddfbb2d14c2a4526c7dc2b5de14bd48b29243df5e1aa3',310040000,'b8021bbe3744e58cedfc3dd99220fce48f4e56a8fe8256d7894dd55c7312a76d','d3ecd26335e4a5bbed54c342bb15fae457b128a9b6bc6c7bc6058e04eeb6c91a','5569124e8173343795796fc234d13e9f8cd109991db34c90c47d85a26a572de2',NULL,NULL,0);
INSERT INTO blocks VALUES(310041,'5db592ff9ba5fac1e030cf22d6c13b70d330ba397f415340086ee7357143b359',310041000,'017b79a5fb34785dd39964a61a5bde69d676f75ee085c27bbc9e3381983c2dab','a56c383608f002f78fb9b7fce1e192a8666a1d8fa2b82d444fdf838351f80b04','4b178a4b60d6fc70e9af4e8a8b8a0696530da5ccba3359d9653835bf6b9926e2',NULL,NULL,0);
INSERT INTO blocks VALUES(310042,'826fd4701ef2824e9559b069517cd3cb990aff6a4690830f78fc845ab77fa3e4',310042000,'cf5389c037b6c619025bf95d9718fb5548cd67978c3ebf26f76029873828162e','29f9dee8898a0d3eb95f20de1fdf54b0d3b704580a83246e066ad85c3141a317','d21994e959757544cc8beafaedc6931da6f808c51d5d986fd18dfbd2e3967475',NULL,NULL,0);
INSERT INTO blocks VALUES(310043,'2254a12ada208f1dd57bc17547ecaf3c44720323c47bc7d4b1262477cb7f3c51',310043000,'df116ea1fcf5f968644dcc97c1149f0ef6061b188fd56c27152543256ce79009','0b51c9bb178100baec6cbc8cba68d51c384d3306a679ae2c9c916a6a7d939d12','133143b82a2b82a5842f840aefab65fe632a0bb6a7a1de42e25194d7806f42d6',NULL,NULL,0);
INSERT INTO blocks VALUES(310044,'3346d24118d8af0b3c6bcc42f8b85792e7a2e7036ebf6e4c25f4f6723c78e46b',310044000,'c12cfaa984bfb34e781ac93848a87cdc0318c45a1cd9f02d31f5c3a4abe8d918','ef0070ee35fdd59e5528d4dc9ebf44ca416554c81a77e44931db933a22ab4f15','989d9e8764f9a1bfcf0a217987f4cbf91e67fad4b3ce4d2fb04853c197f21ee0',NULL,NULL,0);
INSERT INTO blocks VALUES(310045,'7bba0ab243839e91ad1a45a762bf074011f8a9883074d68203c6d1b46fffde98',310045000,'999a9ed2673de2db7637e22eb8a1876e0c794e90f09cdd76d1442e56ae12b1c8','5d0fd41ec9b146c715e7c2d406114811c98475d778792f500715f598d14c1b99','ac4e0282c1c4f4c51d9082d113875d321e12c7474a954491825d73b257a24f4e',NULL,NULL,0);
INSERT INTO blocks VALUES(310046,'47db6788c38f2d6d712764979e41346b55e78cbb4969e0ef5c4336faf18993a6',310046000,'240c9a2f6dc918ed868abfb5de6838d7a17f02263fdda0ccd3c7481c09e155d1','6064bd1f87c46152685339c84014cff218615222d911b1190d082634b595967e','4e1aa059f54e8be4c63568bcf4858973bcd57afe1ecb00859365c1a7e7f93149',NULL,NULL,0);
INSERT INTO blocks VALUES(310047,'a9ccabcc2a098a7d25e4ab8bda7c4e66807eefa42e29890dcd88149a10de7075',310047000,'79836105e355e25afd709d15632e2c0d1ab53ab251cd3750ffee9fea4a2605b8','b2f079fb7ae6bdad81422e84f3e359f1c708fca5856cf290a26b042317be6142','fa7196fa831a3574e2ca8fba3ce99cdc0c705e28cb80a0008dc2bcafec565e15',NULL,NULL,0);
INSERT INTO blocks VALUES(310048,'610bf3935a85b05a98556c55493c6de45bed4d7b3b6c8553a984718765796309',310048000,'6bf0789392e97311c4283d9f748b37effe7b0d1678076e30ce5725eff345a8c5','eb5205f38ea0d78e01b03f0d2af3fb5b0d4f2e7082f714f03d07d94c8262da0b','a67b706124e6a96259214fdc491ca74a5572e560154921777fc7cd86569fabac',NULL,NULL,0);
INSERT INTO blocks VALUES(310049,'4ad2761923ad49ad2b283b640f1832522a2a5d6964486b21591b71df6b33be3c',310049000,'1842c46a03800f5e191cb8d641aead6bc80e6d25c2ec826f3a5df426059cc1cb','784efa682a11f25749842b40c0308323ae7f6a26d25204db40d18f1732128efe','62c6e02fde523dcbaf0ab7937ca6cab85a33f4c300008a738f11c2886cce5858',NULL,NULL,0);
INSERT INTO blocks VALUES(310050,'8cfeb60a14a4cec6e9be13d699694d49007d82a31065a17890383e262071e348',310050000,'d424b02109320491b2d32388869d6468ab1fca26d4bf72374cfef729efad866d','d1e44b9df5959bb20f44273338f579ab85abab531926aea3b7d1d09baa8853d7','b9f0dfd937fab7bda2059cda8e1dc8cce428e14264cf1b453416d364ffdacd65',NULL,NULL,0);
INSERT INTO blocks VALUES(310051,'b53c90385dd808306601350920c6af4beb717518493fd23b5c730eea078f33e6',310051000,'d1db4181403136b41168ab7786831f2fadfc418a05b7477246ab097bab531859','be54441a6c34e24d72e7d910e10f3486dea2c9b3c5e3a679c64e0a0c4ebe6de8','f70b3f73a408a5f0e8b3fbc589885823397596ca65e54f131174617ac431815f',NULL,NULL,0);
INSERT INTO blocks VALUES(310052,'0acdacf4e4b6fca756479cb055191b367b1fa433aa558956f5f08fa5b7b394e2',310052000,'97fdb6b2c8e636d23109a67af55ab4bb30955a84073274de3fdc788074dc1b6b','8df0fcb0e66bda816cb8de232bdf15beb933ba8f3d01a7cb9878ca7ff79a6851','13361e4e4162fa93bc5d83b367e0d3ff1471d4aecac71210113fb53936e489a0',NULL,NULL,0);
INSERT INTO blocks VALUES(310053,'68348f01b6dc49b2cb30fe92ac43e527aa90d859093d3bf7cd695c64d2ef744f',310053000,'0506be4f04a22058504406210af3f1475dbf6d6834c1c1b7f6ac0fe013b47363','e8252a302f3c8953f1b34e4caf624e26d623ab9ff1ed6125b051e2a39e14f7ac','bb8aae97ab75462468d8c0ae69462012c6db470e0110c32eb5049c555d72a7c4',NULL,NULL,0);
INSERT INTO blocks VALUES(310054,'a8b5f253df293037e49b998675620d5477445c51d5ec66596e023282bb9cd305',310054000,'3dc7894c1368c9ef5d32a95fdc292e7de8237b73b61365a25b9d0da95eedc2e6','1012d05d3c9ffeea76cdee236b2b45978ed54c8a4d3e9d34a1d0e483dbd82e92','7165c01f82428142e9ce5efd5eca8da969d2adc4f878ee8123fa8d5547a4210d',NULL,NULL,0);
INSERT INTO blocks VALUES(310055,'4b069152e2dc82e96ed8a3c3547c162e8c3aceeb2a4ac07972f8321a535b9356',310055000,'a9ef2c8bf3a88c326d2bdd722c3d82ed4f4c10b65620b136d4b893ed93174795','ea88f9b352c7a46d41913b4ed6253490bd71bdc0dfe9efa0d68c29a63ea8f2da','cbdaa44e12a0ff13c700660da721b893fade5113bd506079404102c1e84b1e5c',NULL,NULL,0);
INSERT INTO blocks VALUES(310056,'7603eaed418971b745256742f9d2ba70b2c2b2f69f61de6cc70e61ce0336f9d3',310056000,'13b76edecb04a9733107d5c21420ee20424fd463dcde2ea98424ad99ed3383f0','40d35eaf2e6d466821244f02fce322eb8b1465b5c33e90fa18766fba6d499ebc','4740fca71e415bd7ee8b4406b43f2931c4f9367a5302090d7e1d811dc0ac1e25',NULL,NULL,0);
INSERT INTO blocks VALUES(310057,'4a5fdc84f2d66ecb6ee3e3646aad20751ce8694e64e348d3c8aab09d33a3e411',310057000,'41c8a47d7bc4e73aa2f09685acb9fac052c5c55764ec3a8250abbbcde40dbe90','bf6f5891a878af3585369a84465a5d12044a2a6dd781f71dcd518a86623351bc','e22cdd2bd4a00b844e1df9e612314ba40bd8a32dac68d0c77a46b047441dda9d',NULL,NULL,0);
INSERT INTO blocks VALUES(310058,'a6eef3089896f0cae0bfe9423392e45c48f4efe4310b14d8cfbdb1fea613635f',310058000,'0b8ec211d258206ab8c318c079d9deb33d444a7086d5a05aaba97abc0be137df','536828b0cf095722e47e8fec178dedca4df0e57be2c44747c85e5a9a4556cf9d','4633c15ba05714d59ae2752800cd9a4fea9e879b4bb0354d7f1940e6064eb921',NULL,NULL,0);
INSERT INTO blocks VALUES(310059,'ab505de874c43f97c90be1c26a769e6c5cb140405c993b4a6cc7afc795f156a9',310059000,'f5c2686408577854893d11b02f52d8ea917e90777dddf67c98aabb36a3339b6f','6f79efaaedafe73c167ebfaf3f99b48090a3c3fed9bb3abe966ad2a5aeba98d4','326c40f9de65b63ab6cde3f486c27447a5a8c3e4114cebca36a82881c3620efa',NULL,NULL,0);
INSERT INTO blocks VALUES(310060,'974ad5fbef621e0a38eab811608dc9afaf10c8ecc85fed913075ba1a145e889b',310060000,'b80d446905550494f56f4f8240b501d593b0d0e63b5d98a09e180b1a0a68e3b1','3499f96590a4a50de73b55c6384b262b35a2fedcaf878f17abe46afffd955aee','35d6c6e8576b52fef146fc267ff68422df3bccfe2a4734a181c37b144a263755',NULL,NULL,0);
INSERT INTO blocks VALUES(310061,'35d267d21ad386e7b7632292af1c422b0310dde7ca49a82f9577525a29c138cf',310061000,'41b30d23becc727151698b29a1bb733e45ae5086683c5256d073a6f817baaf49','3baf86ced26ec8b670e3ecb5bf91ac89015d9ca453632f54100e5739bb93c687','c3bcd387e9caea1f0c23fcab81dd1d32929cf7824bcf0d8fa75eb21393583ef6',NULL,NULL,0);
INSERT INTO blocks VALUES(310062,'b31a0054145319ef9de8c1cb19df5bcf4dc8a1ece20053aa494e5d3a00a2852f',310062000,'f873f47e89715e965c98e92616339f8ff4200f6b8ef5cf747e8de2d101cbde02','6908f8a7a24003b1d773e2a5782db05a4bd5a142e5b0a11b3e977511c6bd7036','1182daa8aa51a4b56150123c06f83c8ab5f600486e24cad5fe30beab855f4fbd',NULL,NULL,0);
INSERT INTO blocks VALUES(310063,'0cbcbcd5b7f2dc288e3a34eab3d4212463a5a56e886804fb4f9f1cf929eadebe',310063000,'14ce21ebfe6a00eccd7bf1aac2d5cf122441d2ebe8c0f5fd6dd14a95b5a209b3','73a04d5875f249e9687a2f549f8736bbdb9c9519baa7ce996e1d3a70aa77b55a','61c11e3e8761492abbac545a128fe1dba81e04b2764b40fd67741537bae1fa5e',NULL,NULL,0);
INSERT INTO blocks VALUES(310064,'e2db8065a195e85cde9ddb868a17d39893a60fb2b1255aa5f0c88729de7cbf30',310064000,'adb05bac5e7f1e6a1679d5c51f252dc877ebd99c2b73a56df69a9c848cef98a7','1f19d1d399365b795eb28be583f5d6a4375920d03b3e90833187725f50f09900','650881c69955bddaceea68d4f9b7f557ff3215425443d1f3418f6620faccc3a6',NULL,NULL,0);
INSERT INTO blocks VALUES(310065,'8a7bc7a77c831ac4fd11b8a9d22d1b6a0661b07cef05c2e600c7fb683b861d2a',310065000,'9065476b6b2cfb122888e036cea71d36f3d5f7d6c72451c63d770b40a4560fac','682ca811995d2569b62819a1f87020414d8078a0b17c33db7ec5e6cc238d2a6e','bab6439e099793aa959e87f60963e9410ea4bf7d70ccdff81579e97c9aaa2af4',NULL,NULL,0);
INSERT INTO blocks VALUES(310066,'b6959be51eb084747d301f7ccaf9e75f2292c9404633b1532e3692659939430d',310066000,'7d5d369827ec0cd44743ed9a519d45003789ff8dc2e511191d2726e1482f58d2','04ed7b459587a208034b0fa3d3b86e4552eb0b134b4dc14cc7a6471454639178','a6a3f8b3b01a48076022d9e68025696f7c606412d07a420a63a7d5b3039702e0',NULL,NULL,0);
INSERT INTO blocks VALUES(310067,'8b08eae98d7193c9c01863fac6effb9162bda010daeacf9e0347112f233b8577',310067000,'301b22a9338d5dd39bbebf6bf518ac53bbb8e1cf7469322484cbcee2fee666ef','e31959d9e6c964d6eae1181157042ac60ded24b2f5c8353c931a1d5eae5870ca','60aef459b3ecd38006e0a2896d9a5a5d9ab0e504ea0ee25e205c2c7e805365f1',NULL,NULL,0);
INSERT INTO blocks VALUES(310068,'9280e7297ef6313341bc81787a36acfc9af58f83a415afff5e3154f126cf52b5',310068000,'fc281736e1dfe5a89a9a3dd098565c645904a4ad1626dd70ac8e9bc447dfb8b8','4a18eae99236f241db1f2b977fdc0206034ea78daf6544e6dc5dbe79e1c53582','36f90a61b2fd165febde78cd7b65fba670db466feb82810131c7af28440ea8cb',NULL,NULL,0);
INSERT INTO blocks VALUES(310069,'486351f0655bf594ffaab1980cff17353b640b63e9c27239109addece189a6f7',310069000,'b0249a0dfd008a4554adc24085d3c5f44278403cbccb44ba27ee354b23c5627b','cee7482a8876b7d4205ae1ea9c231172ea717c5b85d652570dfff4d8d30651b8','695045da03bba7275fb4828bb138da8cad91680a4e2c04de9dfbd88d524a7a9e',NULL,NULL,0);
INSERT INTO blocks VALUES(310070,'8739e99f4dee8bebf1332f37f49a125348b40b93b74fe35579dd52bfba4fa7e5',310070000,'d34051879c8db679ac5c49e50edf2085d0ce88dfc1adb971e7b097c0177854c2','69b3c1314ffdfb9256466c27f90b984f9b046c1adaed0d5fbc45dfea78a6bec3','5a022a3a1671b9d782f01d53180922924fa252fe5a15ddab411ced1c4d47bccc',NULL,NULL,0);
INSERT INTO blocks VALUES(310071,'7a099aa1bba0ead577f1e44f35263a1f115ed6a868c98d4dd71609072ae7f80b',310071000,'0186c5312af19576cc628a85014ce7c33892dc23b5352c8ff5a0f230adfe263b','f658d6a6543269ed56bf2c1b62b3ae52db068de9a044c6d20f0ae189ae710a26','96f0ef06105b19909ef0541017923982a925d36db8bf03071e7c269813c98216',NULL,NULL,0);
INSERT INTO blocks VALUES(310072,'7b17ecedc07552551b8129e068ae67cb176ca766ea3f6df74b597a94e3a7fc8a',310072000,'5376530512d61c3967f21cf01418d317ed072976119b8583fefaf3991b93d8b2','46efdbd89a6afb2c0e32983c1a03738055da8c7809f74653b40702962375e14a','6f4da823cf050cff0cca3c863f319d177faaefb68468c575319b4f95c50f4ec9',NULL,NULL,0);
INSERT INTO blocks VALUES(310073,'ee0fe3cc9b3a48a2746b6090b63b442b97ea6055d48edcf4b2288396764c6943',310073000,'d15fe704fe5de58e9203ff5ded50218a1a01609b65a1a259aec510b8b9e6d690','dbe8f8906afd83a8d537dad5de73b3616d3d4296568105738eb565c658be8fe7','0ca308cad8a6acdb58c2ed8c2c7d148e98985c463894590d596b6299e5f09d1f',NULL,NULL,0);
INSERT INTO blocks VALUES(310074,'ceab38dfde01f711a187601731ad575d67cfe0b7dbc61dcd4f15baaef72089fb',310074000,'61015667044d0dddac3bdb16db67faa6ebcb71758101bfad898fca8ed183e7c3','f2455b6901e819f94961e502dc2fba2f3649bd5579e532e740ade3a18947e772','ced5166c78f207b56774ea694fe5f0c8b5f25342f3270a96a2a7be983a294b5a',NULL,NULL,0);
INSERT INTO blocks VALUES(310075,'ef547198c6e36d829f117cfd7077ccde45158e3c545152225fa24dba7a26847b',310075000,'5dd06f32075c46b6e573d73f12c1c31cf82cac5d1588bbdf302b8fe95c4b948b','649d8d55d25ccc70a537b041a7a934594dc8077ec4e22df072e8645982d154b5','9c3a17f45d7cd82454624a8ae2faa254253e622b41616f71f765e1c4c6427be5',NULL,NULL,0);
INSERT INTO blocks VALUES(310076,'3b0499c2e8e8f0252c7288d4ecf66efc426ca37aad3524424d14c8bc6f8b0d92',310076000,'8e1782c2f35a07fcc4c57b34b2226b70cc4c7af2761386f38fc8fd74d53d5e60','c79aeccfbdf26ab2eb62f4ddfe3720c7b0a5aee50c6d20bf203e50301e527621','9e1e0e0cef49d5226f96fe87d1ee1cdc940a75e8085877816726e5a78141e21f',NULL,NULL,0);
INSERT INTO blocks VALUES(310077,'d2adeefa9024ab3ff2822bc36acf19b6c647cea118cf15b86c6bc00c3322e7dd',310077000,'6469ff80c3890d274817d30602f33d5d4b0a7c0a9e3b85100d21d7b38d894efb','2d5cb6d0b72ca2e30d80c18644d6665c4cc5a6091e757bcfc0c444b4bd67478c','05f6254ecff4512b8ab9c468b84d35ba3c9c16ddc37399a9bf816e145e9023c6',NULL,NULL,0);
INSERT INTO blocks VALUES(310078,'f6c17115ef0efe489c562bcda4615892b4d4b39db0c9791fe193d4922bd82cd6',310078000,'3ca73c2bf37c694281938a0599335633dccf0284a027f5f3b8e17a9e68cbcdf0','1e1860305f8f12dcf8fa481da95d2e547347275d950f5e0e232a1f1fb936e446','a390b2b80773b6f4505760613d9af89c83bfcab0ee7be9dc5e6ab203bb464d53',NULL,NULL,0);
INSERT INTO blocks VALUES(310079,'f2fbd2074d804e631db44cb0fb2e1db3fdc367e439c21ffc40d73104c4d7069c',310079000,'ae4a36e1ce7d5e11f059301684573cddce85b70ba69188a116e0611ceba5c140','de9c7516e45b1633cc6e55855bc7aa97f9830a0314e7eb4277b18e844a18a09c','d5f1b4a6447e744eb8ca77704e20ce6c669f939d369f1d68c1957c82a4dc5e65',NULL,NULL,0);
INSERT INTO blocks VALUES(310080,'42943b914d9c367000a78b78a544cc4b84b1df838aadde33fe730964a89a3a6c',310080000,'c2c0b96c64f1ed555c8553da976e0fcc3a5ef403819ceac49cf22b476281ced1','99650f4b2ad890363f0e8524374862d5cd9eb62a9612f29d0f450dc0fb29b714','6fb5cc59bfc086afaeaf7863de2ba25c770ebd6f446c0ebe7376b61a59457b9e',NULL,NULL,0);
INSERT INTO blocks VALUES(310081,'6554f9d307976249e7b7e260e08046b3b55d318f8b6af627fed5be3063f123c4',310081000,'88d1b09f8141b90b44740e4618422298f8a64f2b3d11230c6b04084ef8d11b2c','1aab7f7916638db09558cb4f54f6e22fc1ad56ae1686f192a9757092852c96b9','f5f17981e8f17a525c00c260386d0d4ae0b4ef5972e3088a5309ee4928959ad4',NULL,NULL,0);
INSERT INTO blocks VALUES(310082,'4f1ef91b1dcd575f8ac2e66a67715500cbca154bd6f3b8148bb7015a6aa6c644',310082000,'dab22ae7a9216033777136cbbac87a3597cf6478a2fd008260caab3cad0cde3f','ae7687e1048647e08bc25d9fdd80c27d46b397cc15609c6468743327cf0ef34b','3d852048008f3d8853223e762ef2cf3a37212ae68abdf53d030259e8b15261e9',NULL,NULL,0);
INSERT INTO blocks VALUES(310083,'9b1f6fd6ff9b0dc4e37603cfb0625f49067c775b99e12492afd85392d3c8d850',310083000,'a185e60dc97d19a211b0dfaa3f3da154956499b4af146751bf1d776fc68c15b8','a2e3bf5735d3d1dbf98b01e8587bbc09c4e07df19ec57591626cbd8fd4f6c9ae','a920c57c155905d1a776049a7b017b131f8f8ccd4cbfa61ea784b7f4a5880df0',NULL,NULL,0);
INSERT INTO blocks VALUES(310084,'1e0972523e80306441b9f4157f171716199f1428db2e818a7f7817ccdc8859e3',310084000,'622c574321be176c535fde918f319e10cfacaab383978be51406334303d14a8d','4c6ffbb54a9c7a25390fbd9424bc089a805b30263fb0ebe701ab5845fd85f002','5dfac1c2b1880d446103fcff6bab6deedba6b63929291ea07c776f7fc6004286',NULL,NULL,0);
INSERT INTO blocks VALUES(310085,'c5b6e9581831e3bc5848cd7630c499bca26d9ece5156d36579bdb72d54817e34',310085000,'5556084b92f51175d4de4097fcd820a3c367c2f0630d3a20081296e892462d84','0d91163f4a613d5c898eb4b834e00c322aa513c7d5b04dcefdf0f170b702a2f4','e22299c8a51daebc6451b6635901d78ab4a860e9c96dc7410757313c93977819',NULL,NULL,0);
INSERT INTO blocks VALUES(310086,'080c1dc55a4ecf4824cf9840602498cfc35b5f84099f50b71b45cb63834c7a78',310086000,'fc9dd8ef92fc7d47b187a75bd16e9698d61fa9ce6b4da7bba75982f59b0fbbc5','3f17e26b0d44681fa7b8e560cd60aa236c86fec042dea1936b940dbe2b8fc384','910d520a66950184ba847fbabb75995986dd9de89e31e096475b3d89f498b36d',NULL,NULL,0);
INSERT INTO blocks VALUES(310087,'4ec8cb1c38b22904e8087a034a6406b896eff4dd28e7620601c6bddf82e2738c',310087000,'21f7329fa27373fba176043db9081b0d9f95f75421e5adce87177a3edffcedc0','55a4acd31938b36d03bedfac0aba6e792044282bcbe8017ab207a8c689b0ffc5','f97ebd7d87a336a9c452978d9ef510372b1b80cdbfa8dd1d831b1471787dd64b',NULL,NULL,0);
INSERT INTO blocks VALUES(310088,'e945c815c433cbddd0bf8e66c5c23b51072483492acda98f5c2c201020a8c5b3',310088000,'19164a10a0602df57d1add2e3a31ad4eef9d3ef9e53e70174b44aa91de2d6296','9ba929dd9897ff851660e7672e42a6a86f79290ef64a3e6f86feb7778bc81c76','d7936d0916591a1ab20cf7791ca43feac6605b9f5ea1cfad675a5f949b846d36',NULL,NULL,0);
INSERT INTO blocks VALUES(310089,'0382437f895ef3e7e38bf025fd4f606fd44d4bbd6aea71dbdc4ed11a7cd46f33',310089000,'87f1c713c5f2cd84fab28b996008900f86bf9eaad25ceedac1507348a949be7c','783bcdc27a02c1da38aaa92b614709d8d55d86f19950baae303971f2adc88fc7','7d7216bba9ba2324cc80a99c14e359d2991964aa836467842731860a77521a61',NULL,NULL,0);
INSERT INTO blocks VALUES(310090,'b756db71dc037b5a4582de354a3347371267d31ebda453e152f0a13bb2fae969',310090000,'75264a6a628d669a60b4a8ca7e24b6b5ef1ad2c74d955b8325959f906c3bc337','b76aa5c59dc5ca4937a0c9fb5aa0a9413900073bf2d7866f0820b4f52f1a8768','404cfabd788b6f01e9cf8ce3bd83a06d956e08c87f6ac1c3858b1ded2f447197',NULL,NULL,0);
INSERT INTO blocks VALUES(310091,'734a9aa485f36399d5efb74f3b9c47f8b5f6fd68c9967f134b14cfe7e2d7583c',310091000,'27914e38b3ca9d8444275e5c6d24b5cfe0b4093f7c645d5c1fc3c39e0d3a3c60','dc1305bc680d25e296385897ef2ca0ad6c1daaa0dde7d468e6e9d64435de0419','9be1607a786e634914f56b42e960986d85e7279fb5b8f390f94261c5d8553350',NULL,NULL,0);
INSERT INTO blocks VALUES(310092,'56386beb65f9228740d4ad43a1c575645f6daf59e0dd9f22551c59215b5e8c3d',310092000,'eca83e762899ace4d990b8acb23183263df5f92be10b63aecab3518b340b975d','03da943c0b86dcaf1e7f08956f001c3c0247b1df9d6e890c01760b17449a9127','58c558aebea3e642aed30f5714b56e7d25b02c6bc0a809235cb3b625e2a7534f',NULL,NULL,0);
INSERT INTO blocks VALUES(310093,'a74a2425f2f4be24bb5f715173e6756649e1cbf1b064aeb1ef60e0b94b418ddc',310093000,'3544fab97fe90a35b1f52ba955f88a8149d90329986df38d97e12992201bb187','16e4455cbf3be8baabefd5a1e3cbfb3515d9d1cc52b03597d4a351d067b71158','c345ac88105921e90fd697d8a4bc8907e573d1b97e70d7e571fcf7a41fa3275c',NULL,NULL,0);
INSERT INTO blocks VALUES(310094,'2a8f976f20c4e89ff01071915ac96ee35192d54df3a246bf61fd4a0cccfb5b23',310094000,'df1e6d8f1be344f78c0b58baf7260c2abdbed3175adc45a122947815c08fcc16','947ba34c312a21b7903850171ad3ac68296073ebea074c5bf766a1c23d9ab5b1','2d44d866d30193eae000be2ee4c559f234ee996370c625ebc08cb804ac596c58',NULL,NULL,0);
INSERT INTO blocks VALUES(310095,'bed0fa40c9981223fb40b3be8124ca619edc9dd34d0c907369477ea92e5d2cd2',310095000,'8b9febcfe1a9447f6a820c060f503dfe6e5c02738df4d9d63b007fe03847a6c7','04d3da8f8fb43a03fe4a545162eee4b1fc22daf64c6de69a64c579c49c13519f','761ceb23f3804f2e2898f995ef4faf8b2ac4fa795eeebab234083c4013d864ad',NULL,NULL,0);
INSERT INTO blocks VALUES(310096,'306aeec3db435fabffdf88c2f26ee83caa4c2426375a33daa2be041dbd27ea2f',310096000,'b927091b4cf42f8537058a9adbec3814b574c1e1ccd242fe44c5f3671a191304','25307764bc06fc623d64968a3efd195d4dff7c914a47c6222e75e6eea11ce28b','b7306af8ffb9d6e38d3d71f5b0b8e0d40761a4187c89c7658ebd778824c81ded',NULL,NULL,0);
INSERT INTO blocks VALUES(310097,'13e8e16e67c7cdcc80d477491e554b43744f90e8e1a9728439a11fab42cefadf',310097000,'649d094cfc74f90e06bb4514276aaf3b0a0ed45f56397a2f774cae9602d02e6f','a201ecf1b4c1f1016b4bf8fe95c5de2aaf20258db0d91e0961be249d55fe9ad7','2f378d1216ef52be72722ca2f378e2ecca9a4bdd804364cb29bd16443c47deea',NULL,NULL,0);
INSERT INTO blocks VALUES(310098,'ca5bca4b5ec4fa6183e05176abe921cff884c4e20910fab55b603cef48dc3bca',310098000,'c9a9dec300afba2cc3f171f76ff4c07cbeb7a41a86a3f498f712e066a8acbd17','33d512a356200ab38148e996768df82aad27293d4d31abfeedb2d02aaa71d138','5697a4f45428f91908b3be4a14cb25d3ff91adc9dc6f5bf3a157198574664c5c',NULL,NULL,0);
INSERT INTO blocks VALUES(310099,'3c4c2279cd7de0add5ec469648a845875495a7d54ebfb5b012dcc5a197b7992a',310099000,'3c7434887f9373b5370664180ba640fa63c2eb5b85569875105e4f4db67d8c02','2844c2119b749744119af5a57465811b6eb871b8ebf0bcd884b2b9c8a885739c','5c77c3a5dfc18332bda26e22a8c5797965fd9ee7ea0a9f3e08a67ef0db610eae',NULL,NULL,0);
INSERT INTO blocks VALUES(310100,'96925c05b3c7c80c716f5bef68d161c71d044252c766ca0e3f17f255764242cb',310100000,'7e6a09386c3d8552a0dcc25b75143876a3046ebac0ff9cb09d6224ea7e2f3df9','97ecac5eaf5caaa52cb59c69a7436baca3967f26a8b3f734d746fe789def84b0','1fb8660ce9369a80f7bf16127def49343289261a830072e7232afddd6614d3c6',NULL,NULL,0);
INSERT INTO blocks VALUES(310101,'369472409995ca1a2ebecbad6bf9dab38c378ab1e67e1bdf13d4ce1346731cd6',310101000,'6903c0c5941f334f1374aa731e389b010043fc5940d4e9ae8b94480fb4fca030','5ff64e7590f713ce1340638bf673c5a66b017be4e2daba13aac96dc22745ba29','2ab63b1afeffded25c9e83244a5b868d63afeac128389d4b007e3aeffe34afcd',NULL,NULL,0);
-- Triggers and indices on  blocks
CREATE INDEX blocks_block_index_block_hash_idx ON blocks (block_index, block_hash)
        ;
CREATE INDEX blocks_ledger_hash_idx ON blocks (ledger_hash)
        ;

COMMIT TRANSACTION;
PRAGMA page_size=4096;
-- PRAGMA encoding='UTF-8';
-- PRAGMA auto_vacuum=FULL;
-- PRAGMA max_page_count=4294967294;

BEGIN TRANSACTION;

-- Table  transactions
DROP TABLE IF EXISTS transactions;
CREATE TABLE transactions(
                      tx_index INTEGER UNIQUE,
                      tx_hash TEXT UNIQUE,
                      block_index INTEGER,
                      block_hash TEXT,
                      block_time INTEGER,
                      source TEXT,
                      destination TEXT,
                      btc_amount INTEGER,
                      fee INTEGER,
                      data BLOB,
                      supported BOOL DEFAULT 1,
                      utxos_info TEXT,
                      transaction_type TEXT,
                      FOREIGN KEY (block_index, block_hash) REFERENCES blocks(block_index, block_hash),
                      PRIMARY KEY (tx_index, tx_hash, block_index));
INSERT INTO transactions VALUES(1,'432e72f9c26053958e4077e3fa4d0b6398238ecdf094ff163dbaa85c4fbdc532',310000,'505d8d82c4ced7daddef7ed0b05ba12ecc664176887b938ef56c6af276f3b30c',310000000,'2_mn6q3dS2EnDUx3bmyWc6D4szJNVGtaR7zc_mnfAHmddVibnZNSkh8DvKaQoiEfNsxjXzH_mtQheFaSfWELRB2MyMBaiWjdDm6ux9Ezns_3','mvCounterpartyXXXXXXXXXXXXXXW24Hef',62000000,1260,X'',1,' 8e7f8bb446195f6f51e254f79de79e9efdf653dc7ccfee50e5739966b2ed4bc4:0 2 ',NULL);
INSERT INTO transactions VALUES(2,'52daf14bcfd09f08129844836d5c01fec90a8359bb3e5fb794788df3a2a5e909',310001,'3c9f6a9c6cac46a9273bd3db39ad775acd5bc546378ec2fb0587e06e112cc78e',310001000,'2_mn6q3dS2EnDUx3bmyWc6D4szJNVGtaR7zc_mnfAHmddVibnZNSkh8DvKaQoiEfNsxjXzH_mtQheFaSfWELRB2MyMBaiWjdDm6ux9Ezns_3','2_mn6q3dS2EnDUx3bmyWc6D4szJNVGtaR7zc_mnfAHmddVibnZNSkh8DvKaQoiEfNsxjXzH_mqPCfvqTfYctXMUfmniXeG2nyaN8w6tPmj_3',1000,3600,X'0000000000000000000000010000000002FAF080',1,' 6dc3ea7e39bea401752f7937ccedf00f936bb4ed1aac3f8babe04b3efc5a4cb0:0 3 ',NULL);
INSERT INTO transactions VALUES(3,'783ebadc94a1a6b12a5de85b74fa63b68383e6e6a94bb8067a6eddd1649a1ccf',310002,'fbb60f1144e1f7d4dc036a4a158a10ea6dea2ba6283a723342a49b8eb5cc9964',310002000,'2_mn6q3dS2EnDUx3bmyWc6D4szJNVGtaR7zc_mnfAHmddVibnZNSkh8DvKaQoiEfNsxjXzH_mtQheFaSfWELRB2MyMBaiWjdDm6ux9Ezns_3','',0,1000000,X'0000000A00000000000000000000000002FAF08000000000000000010000000005F5E100000A0000000000000000',1,' 3b63f1986827e6413dc962cd8b1642559fd4f27000696829f64fa808823f823d:0 2 ',NULL);
INSERT INTO transactions VALUES(4,'f9052fcb3866c44956652b0bdabc4f1a532ae8ab6e39d2604003a9963594cfe1',310003,'d50825dcb32bcf6f69994d616eba18de7718d3d859497e80751b2cb67e333e8a',310003000,'2_mn6q3dS2EnDUx3bmyWc6D4szJNVGtaR7zc_mnfAHmddVibnZNSkh8DvKaQoiEfNsxjXzH_mtQheFaSfWELRB2MyMBaiWjdDm6ux9Ezns_3','',0,2400,X'0000000A00000000000000010000000006422C4000000000000000000000000002FAF080000A00000000000DBBA0',1,' 0d6cb39b3ddec846b6a362b66cb090c72a6607a805001c48cf5c74625ee296ee:0 2 ',NULL);
INSERT INTO transactions VALUES(5,'77c28286f10f872f464f96b6af0691fcbfd1b70371c9e285527d9f9e14af80fa',310004,'60cdc0ac0e3121ceaa2c3885f21f5789f49992ffef6e6ff99f7da80e36744615',310004000,'2_mn6q3dS2EnDUx3bmyWc6D4szJNVGtaR7zc_mnfAHmddVibnZNSkh8DvKaQoiEfNsxjXzH_mtQheFaSfWELRB2MyMBaiWjdDm6ux9Ezns_3','2_mn6q3dS2EnDUx3bmyWc6D4szJNVGtaR7zc_mnfAHmddVibnZNSkh8DvKaQoiEfNsxjXzH_mtQheFaSfWELRB2MyMBaiWjdDm6ux9Ezns_3',50000000,4800,X'0000000B783EBADC94A1A6B12A5DE85B74FA63B68383E6E6A94BB8067A6EDDD1649A1CCFF9052FCB3866C44956652B0BDABC4F1A532AE8AB6E39D2604003A9963594CFE1',1,' c61ffed926fea18f52c06d1d81953726fe21013478aaf5144a3c87c32c8b45b5:0 4 ',NULL);
INSERT INTO transactions VALUES(6,'4aeabf4947b1a05c48f11c509e8bf3ebb17ddeda735d4d4ccebd62123b99bba0',310005,'8005c2926b7ecc50376642bc661a49108b6dc62636463a5c492b123e2184cd9a',310005000,'2_mn6q3dS2EnDUx3bmyWc6D4szJNVGtaR7zc_mnfAHmddVibnZNSkh8DvKaQoiEfNsxjXzH_mtQheFaSfWELRB2MyMBaiWjdDm6ux9Ezns_3','',0,2400,X'000000140000000000004767000000003B9ACA000100000000000000000000',1,' bedb7e26eca37a7e6f48d5af2e00fe86f40b620c47b7a05ee4166b7d9b398fbe:0 2 ',NULL);
INSERT INTO transactions VALUES(7,'3a4efc68aba319c23932f90d0375dbde6ec933dfba933a8d8e5bd3f03b1d4242',310006,'bdad69d1669eace68b9f246de113161099d4f83322e2acf402c42defef3af2bb',310006000,'2_mn6q3dS2EnDUx3bmyWc6D4szJNVGtaR7zc_mnfAHmddVibnZNSkh8DvKaQoiEfNsxjXzH_mtQheFaSfWELRB2MyMBaiWjdDm6ux9Ezns_3','',0,2400,X'00000014000000000000476800000000000186A00000000000000000000006666F6F626172',1,' 0bf1ec3ce1f8c759357680da1a779388f771b79f95455b568738cf95f450bc99:0 2 ',NULL);
INSERT INTO transactions VALUES(8,'c0ceba5f693d59aebc3b02e2c4d976f4f173ae8b32babb0d82f461bd01dfce68',310007,'10a642b96d60091d08234d17dfdecf3025eca41e4fc8e3bbe71a91c5a457cb4b',310007000,'2_mn6q3dS2EnDUx3bmyWc6D4szJNVGtaR7zc_mnfAHmddVibnZNSkh8DvKaQoiEfNsxjXzH_mtQheFaSfWELRB2MyMBaiWjdDm6ux9Ezns_3','2_mn6q3dS2EnDUx3bmyWc6D4szJNVGtaR7zc_mnfAHmddVibnZNSkh8DvKaQoiEfNsxjXzH_mqPCfvqTfYctXMUfmniXeG2nyaN8w6tPmj_3',1000,3600,X'00000000000000000000476700000000003D0900',1,' a49d04ca0ab60d845f11b1fdd407de1abe81921959cbb7f920f3105e9d4a85d4:0 3 ',NULL);
INSERT INTO transactions VALUES(9,'b07d03f91d24509439aa649aa41f74ad7cd0aee11b35c649165d75bc0ea65404',310008,'47d0e3acbdc6916aeae95e987f9cfa16209b3df1e67bb38143b3422b32322c33',310008000,'2_mn6q3dS2EnDUx3bmyWc6D4szJNVGtaR7zc_mnfAHmddVibnZNSkh8DvKaQoiEfNsxjXzH_mtQheFaSfWELRB2MyMBaiWjdDm6ux9Ezns_3','2_mn6q3dS2EnDUx3bmyWc6D4szJNVGtaR7zc_mnfAHmddVibnZNSkh8DvKaQoiEfNsxjXzH_mqPCfvqTfYctXMUfmniXeG2nyaN8w6tPmj_3',1000,3600,X'000000000000000000004768000000000000020E',1,' 65cae08bdb11b1f2d569d0e622df783a3d5915ca29d765062b0575f3cb734b7b:0 3 ',NULL);
INSERT INTO transactions VALUES(10,'54eff2fcb84d71bb09ee9a7f3fe63c9c4b4998ec33a0a33db240fe79efaabb31',310009,'4d474992b141620bf3753863db7ee5e8af26cadfbba27725911f44fa657bc1c0',310009000,'2_mn6q3dS2EnDUx3bmyWc6D4szJNVGtaR7zc_mnfAHmddVibnZNSkh8DvKaQoiEfNsxjXzH_mtQheFaSfWELRB2MyMBaiWjdDm6ux9Ezns_3','',0,2400,X'00000032000000000000025800000000000047670000000000000001',1,' d1f873d0a0c650acfc9a893128795be55cd10d1ff130f6c9bcbb64e13353f14c:0 2 ',NULL);
INSERT INTO transactions VALUES(11,'9b76a3b07b5a4380b449362e7840fdeb92d8a608afeb7460fb5bdb6b5c228746',310010,'a58162dff81a32e6a29b075be759dbb9fa9b8b65303e69c78fb4d7b0acc37042',310010000,'2_mn6q3dS2EnDUx3bmyWc6D4szJNVGtaR7zc_mnfAHmddVibnZNSkh8DvKaQoiEfNsxjXzH_mtQheFaSfWELRB2MyMBaiWjdDm6ux9Ezns_3','',0,2400,X'00000032000000000000032000000000000047680000000000000001',1,' 0728ba7171d8ad4ae3a54527bb426e21b446829183b43e48312f09da18fddef3:0 2 ',NULL);
INSERT INTO transactions VALUES(12,'d193cc2324b1d5abda022912dd0fa206ee6b98b19c7bd95e7170e4334cadda0d',310011,'8042cc2ef293fd73d050f283fbd075c79dd4c49fdcca054dc0714fc3a50dc1bb',310011000,'2_mn6q3dS2EnDUx3bmyWc6D4szJNVGtaR7zc_mnfAHmddVibnZNSkh8DvKaQoiEfNsxjXzH_mtQheFaSfWELRB2MyMBaiWjdDm6ux9Ezns_3','',0,2400,X'0000001E52BB3300405900000000000005F5E0FF09556E69742054657374',1,' 3597b8f21653489ba7dac04e6f6557772aaa823e28c8ff4a27ed6266e9685abf:0 2 ',NULL);
INSERT INTO transactions VALUES(13,'00a8d1eb1f72d21dd642377b862a5650e2f6d3bddfc67b389da001b9e96e3626',310012,'cdba329019d93a67b31b79d05f76ce1b7791d430ea0d6c1c2168fe78d2f67677',310012000,'2_mn6q3dS2EnDUx3bmyWc6D4szJNVGtaR7zc_mnfAHmddVibnZNSkh8DvKaQoiEfNsxjXzH_mtQheFaSfWELRB2MyMBaiWjdDm6ux9Ezns_3','2_mn6q3dS2EnDUx3bmyWc6D4szJNVGtaR7zc_mnfAHmddVibnZNSkh8DvKaQoiEfNsxjXzH_mtQheFaSfWELRB2MyMBaiWjdDm6ux9Ezns_3',1000,3600,X'00000028000052BB33640000000002FAF08000000000017D7840000000000000000000003B100000000A',1,' 312b0e50bb0b36db88faf711e0a4e6bc1df14d621416b0ccd1c208090fbdfe52:0 3 ',NULL);
INSERT INTO transactions VALUES(14,'509a4c348bb7f9fff9f03ad5e7182342655ec01db31bde5eb23f4a813bb716c9',310013,'0425e5e832e4286757dc0228cd505b8d572081007218abd3a0983a3bcd502a61',310013000,'2_mn6q3dS2EnDUx3bmyWc6D4szJNVGtaR7zc_mnfAHmddVibnZNSkh8DvKaQoiEfNsxjXzH_mtQheFaSfWELRB2MyMBaiWjdDm6ux9Ezns_3','2_mn6q3dS2EnDUx3bmyWc6D4szJNVGtaR7zc_mnfAHmddVibnZNSkh8DvKaQoiEfNsxjXzH_mtQheFaSfWELRB2MyMBaiWjdDm6ux9Ezns_3',1000,3600,X'00000028000152BB336400000000017D78400000000002793D60000000000000000000003B100000000A',1,' c492eb2834b64fd76a48e224e9c4c7a3fc30704ccf10b45be67b310ec6c615e9:0 3 ',NULL);
INSERT INTO transactions VALUES(15,'78557eb7d5d0397c0c210220e106345dc88dc7cf95e2b8077c5a3ece2ba93fb6',310014,'85b28d413ebda2968ed82ae53643677338650151b997ed1e4656158005b9f65f',310014000,'2_mn6q3dS2EnDUx3bmyWc6D4szJNVGtaR7zc_mnfAHmddVibnZNSkh8DvKaQoiEfNsxjXzH_mtQheFaSfWELRB2MyMBaiWjdDm6ux9Ezns_3','2_mn6q3dS2EnDUx3bmyWc6D4szJNVGtaR7zc_mnfAHmddVibnZNSkh8DvKaQoiEfNsxjXzH_mtQheFaSfWELRB2MyMBaiWjdDm6ux9Ezns_3',1000,3600,X'00000028000052BB33640000000008F0D1800000000014DC93800000000000000000000013B00000000A',1,' 41444a4aab77387cf7c248371a952c9de70ee6c3f1bdf294a41440dedc43d84a:0 3 ',NULL);
INSERT INTO transactions VALUES(16,'1ba5c7d6abf9225272c75dd48982a589b8a61aaf58bd9f0eafd8145e9c9d9d6a',310015,'4cf77d688f18f0c68c077db882f62e49f31859dfa6144372457cd73b29223922',310015000,'2_mn6q3dS2EnDUx3bmyWc6D4szJNVGtaR7zc_mnfAHmddVibnZNSkh8DvKaQoiEfNsxjXzH_mtQheFaSfWELRB2MyMBaiWjdDm6ux9Ezns_3','2_mn6q3dS2EnDUx3bmyWc6D4szJNVGtaR7zc_mnfAHmddVibnZNSkh8DvKaQoiEfNsxjXzH_mtQheFaSfWELRB2MyMBaiWjdDm6ux9Ezns_3',1000,3600,X'00000028000152BB33640000000014DC93800000000008F0D1800000000000000000000013B00000000A',1,' 1651997556193e317a8bfd10d2efcf8618d44168f695c7a3bac71c4d6e9d6748:0 3 ',NULL);
INSERT INTO transactions VALUES(17,'6c0ce1dec0cf5502ad41b3f9c15859cf40eda9beb0060db8f74485d1b9297e96',310016,'99dc7d2627efb4e5e618a53b9898b4ca39c70e98fe9bf39f68a6c980f5b64ef9',310016000,'2_mn6q3dS2EnDUx3bmyWc6D4szJNVGtaR7zc_mnfAHmddVibnZNSkh8DvKaQoiEfNsxjXzH_mtQheFaSfWELRB2MyMBaiWjdDm6ux9Ezns_3','2_mn6q3dS2EnDUx3bmyWc6D4szJNVGtaR7zc_mnfAHmddVibnZNSkh8DvKaQoiEfNsxjXzH_mtQheFaSfWELRB2MyMBaiWjdDm6ux9Ezns_3',1000,3600,X'00000028000252BB33C8000000002CB417800000000026BE36803FF0000000000000000013B00000000A',1,' 94b6b79426880435a15a9354da94aa4a0755050ffe2f619361808ab0de1e4c4c:0 3 ',NULL);
INSERT INTO transactions VALUES(18,'b9ac4fa5d0dc82c0edd74bb42dcc5114e4160f9c6b05a1dd0399878c9659f90f',310017,'8a4fedfbf734b91a5c5761a7bcb3908ea57169777a7018148c51ff611970e4a3',310017000,'2_mn6q3dS2EnDUx3bmyWc6D4szJNVGtaR7zc_mnfAHmddVibnZNSkh8DvKaQoiEfNsxjXzH_mtQheFaSfWELRB2MyMBaiWjdDm6ux9Ezns_3','2_mn6q3dS2EnDUx3bmyWc6D4szJNVGtaR7zc_mnfAHmddVibnZNSkh8DvKaQoiEfNsxjXzH_mtQheFaSfWELRB2MyMBaiWjdDm6ux9Ezns_3',1000,3600,X'00000028000352BB33C80000000026BE3680000000002CB417803FF0000000000000000013B00000000A',1,' 05c516d28737458a4c3ffaa2d198ed8f4d21dbd88e989b5624cc04e2e65d1bdb:0 3 ',NULL);
INSERT INTO transactions VALUES(19,'47a8cfb0e316c159b24c377931f5dd67353cd8ea8b4aa8e98cfa918095431fba',310018,'35c06f9e3de39e4e56ceb1d1a22008f52361c50dd0d251c0acbe2e3c2dba8ed3',310018000,'2_mn6q3dS2EnDUx3bmyWc6D4szJNVGtaR7zc_mnfAHmddVibnZNSkh8DvKaQoiEfNsxjXzH_mtQheFaSfWELRB2MyMBaiWjdDm6ux9Ezns_3','',0,2400,X'0000001E52BB33324058F7256FFC115E004C4B4009556E69742054657374',1,' fbe7af4b893d47ccd61766a7effc1529d6e3dc79ee6b3db56e8b1d5a99f065f1:0 2 ',NULL);
INSERT INTO transactions VALUES(20,'04b01044d0b0209c01c8218a2f298fbcc9800a83e8a4dccd6552be39d3fe5597',310019,'114affa0c4f34b1ebf8e2778c9477641f60b5b9e8a69052158041d4c41893294',310019000,'2_mn6q3dS2EnDUx3bmyWc6D4szJNVGtaR7zc_mnfAHmddVibnZNSkh8DvKaQoiEfNsxjXzH_mtQheFaSfWELRB2MyMBaiWjdDm6ux9Ezns_3','',0,2400,X'0000001E52BB3365405915F3B645A1CB004C4B4009556E69742054657374',1,' fa72678955d2985b0d1a2c041ea3da5a59f3589038db4abafc579efc91faf14c:0 2 ',NULL);
INSERT INTO transactions VALUES(21,'ae1b0e88a8541bbdb7d549c011cec6da79a9a15edbd91c30c54204c33c3898f0',310020,'d93c79920e4a42164af74ecb5c6b903ff6055cdc007376c74dfa692c8d85ebc9',310020000,'2_mn6q3dS2EnDUx3bmyWc6D4szJNVGtaR7zc_mnfAHmddVibnZNSkh8DvKaQoiEfNsxjXzH_mtQheFaSfWELRB2MyMBaiWjdDm6ux9Ezns_3','',0,2400,X'0000001E52BB33C94000000000000000004C4B4009556E69742054657374',1,' 0d3e0ae6a281383f486b35bd35e5bd505259b44a60188a68043680e4b56c72b6:0 2 ',NULL);
INSERT INTO transactions VALUES(22,'1e9c803dd89119395641881be44c8d1a98f571bf5b53ee683f880ee9ea16e451',310021,'7c2460bb32c5749c856486393239bf7a0ac789587ac71f32e7237910da8097f2',310021000,'2_mn6q3dS2EnDUx3bmyWc6D4szJNVGtaR7zc_mnfAHmddVibnZNSkh8DvKaQoiEfNsxjXzH_mtQheFaSfWELRB2MyMBaiWjdDm6ux9Ezns_3','',0,2400,X'0000000A00000000000047670000000002FAF08000000000000000010000000002FAF080000A0000000000000000',1,' fbe08dac30181c916307dad0d811223937a343004a03bec82c8b50eb52754b05:0 2 ',NULL);
INSERT INTO transactions VALUES(23,'1ac1b607c4b70d60f4fe8c3f496654b12427b918d409b8934bbfdd464ddae1cf',310022,'44435f9a99a0aa12a9bfabdc4cb8119f6ea6a6e1350d2d65445fb66a456db5fc',310022000,'2_mn6q3dS2EnDUx3bmyWc6D4szJNVGtaR7zc_mnfAHmddVibnZNSkh8DvKaQoiEfNsxjXzH_mtQheFaSfWELRB2MyMBaiWjdDm6ux9Ezns_3','mvCounterpartyXXXXXXXXXXXXXXW24Hef',100000000,1260,X'',1,' 20be2a1aaf8b116d818d0f940fdaa2dc9a1647a7f7f7bd526d6dd0b9fc8eab62:0 2 ',NULL);
INSERT INTO transactions VALUES(24,'c9c6b6ac73943d82145147a69956e48c2c5d8489dfbf0b1fea01e0c3c72ab6e1',310023,'d8cf5bec1bbcab8ca4f495352afde3b6572b7e1d61b3976872ebb8e9d30ccb08',310023000,'2_mn6q3dS2EnDUx3bmyWc6D4szJNVGtaR7zc_mnfAHmddVibnZNSkh8DvKaQoiEfNsxjXzH_mtQheFaSfWELRB2MyMBaiWjdDm6ux9Ezns_3','2_mn6q3dS2EnDUx3bmyWc6D4szJNVGtaR7zc_mnfAHmddVibnZNSkh8DvKaQoiEfNsxjXzH_mqPCfvqTfYctXMUfmniXeG2nyaN8w6tPmj_3',1000,3600,X'0000000000000000000047680000000000002710',1,' bea0c9e8eed2725822ce6d5ab47ca1293550f1b8ba8a8abf9e29930792dc06ee:0 3 ',NULL);
-- Triggers and indices on  transactions
CREATE INDEX transactions_block_index_tx_index_idx ON transactions (block_index, tx_index)
        ;
CREATE INDEX transactions_source_idx ON transactions (source)
        ;
CREATE INDEX transactions_transaction_type_idx ON transactions (transaction_type)
        ;
CREATE INDEX transactions_tx_hash_idx ON transactions (tx_hash)
        ;
CREATE INDEX transactions_tx_index_tx_hash_block_index_idx ON transactions (tx_index, tx_hash, block_index)
        ;

COMMIT TRANSACTION;
PRAGMA page_size=4096;
-- PRAGMA encoding='UTF-8';
-- PRAGMA auto_vacuum=FULL;
-- PRAGMA max_page_count=4294967294;

BEGIN TRANSACTION;

-- Table  transaction_outputs
DROP TABLE IF EXISTS transaction_outputs;
CREATE TABLE transaction_outputs(
                        tx_index,
                        tx_hash TEXT,
                        block_index INTEGER,
                        out_index INTEGER,
                        destination TEXT,
                        btc_amount INTEGER,
                        PRIMARY KEY (tx_hash, out_index),
                        FOREIGN KEY (tx_index, tx_hash, block_index) REFERENCES transactions(tx_index, tx_hash, block_index));

COMMIT TRANSACTION;
PRAGMA page_size=4096;
-- PRAGMA encoding='UTF-8';
-- PRAGMA auto_vacuum=FULL;
-- PRAGMA max_page_count=4294967294;

BEGIN TRANSACTION;

-- Table  balances
DROP TABLE IF EXISTS balances;
CREATE TABLE balances(
                      address TEXT,
                      asset TEXT,
                      quantity INTEGER, block_index INTEGER, tx_index INTEGER, utxo TEXT, utxo_address TEXT);
INSERT INTO balances VALUES('2_mn6q3dS2EnDUx3bmyWc6D4szJNVGtaR7zc_mnfAHmddVibnZNSkh8DvKaQoiEfNsxjXzH_mtQheFaSfWELRB2MyMBaiWjdDm6ux9Ezns_3','XCP',93000000000,310000,1,NULL,NULL);
INSERT INTO balances VALUES('2_mn6q3dS2EnDUx3bmyWc6D4szJNVGtaR7zc_mnfAHmddVibnZNSkh8DvKaQoiEfNsxjXzH_mtQheFaSfWELRB2MyMBaiWjdDm6ux9Ezns_3','XCP',92950000000,310001,2,NULL,NULL);
INSERT INTO balances VALUES('2_mn6q3dS2EnDUx3bmyWc6D4szJNVGtaR7zc_mnfAHmddVibnZNSkh8DvKaQoiEfNsxjXzH_mqPCfvqTfYctXMUfmniXeG2nyaN8w6tPmj_3','XCP',50000000,310001,2,NULL,NULL);
INSERT INTO balances VALUES('2_mn6q3dS2EnDUx3bmyWc6D4szJNVGtaR7zc_mnfAHmddVibnZNSkh8DvKaQoiEfNsxjXzH_mtQheFaSfWELRB2MyMBaiWjdDm6ux9Ezns_3','XCP',92845000000,310003,4,NULL,NULL);
INSERT INTO balances VALUES('2_mn6q3dS2EnDUx3bmyWc6D4szJNVGtaR7zc_mnfAHmddVibnZNSkh8DvKaQoiEfNsxjXzH_mtQheFaSfWELRB2MyMBaiWjdDm6ux9Ezns_3','XCP',92945000000,310004,5,NULL,NULL);
INSERT INTO balances VALUES('2_mn6q3dS2EnDUx3bmyWc6D4szJNVGtaR7zc_mnfAHmddVibnZNSkh8DvKaQoiEfNsxjXzH_mtQheFaSfWELRB2MyMBaiWjdDm6ux9Ezns_3','XCP',92895000000,310005,6,NULL,NULL);
INSERT INTO balances VALUES('2_mn6q3dS2EnDUx3bmyWc6D4szJNVGtaR7zc_mnfAHmddVibnZNSkh8DvKaQoiEfNsxjXzH_mtQheFaSfWELRB2MyMBaiWjdDm6ux9Ezns_3','BBBB',1000000000,310005,6,NULL,NULL);
INSERT INTO balances VALUES('2_mn6q3dS2EnDUx3bmyWc6D4szJNVGtaR7zc_mnfAHmddVibnZNSkh8DvKaQoiEfNsxjXzH_mtQheFaSfWELRB2MyMBaiWjdDm6ux9Ezns_3','XCP',92845000000,310006,7,NULL,NULL);
INSERT INTO balances VALUES('2_mn6q3dS2EnDUx3bmyWc6D4szJNVGtaR7zc_mnfAHmddVibnZNSkh8DvKaQoiEfNsxjXzH_mtQheFaSfWELRB2MyMBaiWjdDm6ux9Ezns_3','BBBC',100000,310006,7,NULL,NULL);
INSERT INTO balances VALUES('2_mn6q3dS2EnDUx3bmyWc6D4szJNVGtaR7zc_mnfAHmddVibnZNSkh8DvKaQoiEfNsxjXzH_mtQheFaSfWELRB2MyMBaiWjdDm6ux9Ezns_3','BBBB',996000000,310007,8,NULL,NULL);
INSERT INTO balances VALUES('2_mn6q3dS2EnDUx3bmyWc6D4szJNVGtaR7zc_mnfAHmddVibnZNSkh8DvKaQoiEfNsxjXzH_mqPCfvqTfYctXMUfmniXeG2nyaN8w6tPmj_3','BBBB',4000000,310007,8,NULL,NULL);
INSERT INTO balances VALUES('2_mn6q3dS2EnDUx3bmyWc6D4szJNVGtaR7zc_mnfAHmddVibnZNSkh8DvKaQoiEfNsxjXzH_mtQheFaSfWELRB2MyMBaiWjdDm6ux9Ezns_3','BBBC',99474,310008,9,NULL,NULL);
INSERT INTO balances VALUES('2_mn6q3dS2EnDUx3bmyWc6D4szJNVGtaR7zc_mnfAHmddVibnZNSkh8DvKaQoiEfNsxjXzH_mqPCfvqTfYctXMUfmniXeG2nyaN8w6tPmj_3','BBBC',526,310008,9,NULL,NULL);
INSERT INTO balances VALUES('2_mn6q3dS2EnDUx3bmyWc6D4szJNVGtaR7zc_mnfAHmddVibnZNSkh8DvKaQoiEfNsxjXzH_mtQheFaSfWELRB2MyMBaiWjdDm6ux9Ezns_3','XCP',92844999976,310009,10,NULL,NULL);
INSERT INTO balances VALUES('2_mn6q3dS2EnDUx3bmyWc6D4szJNVGtaR7zc_mnfAHmddVibnZNSkh8DvKaQoiEfNsxjXzH_mtQheFaSfWELRB2MyMBaiWjdDm6ux9Ezns_3','XCP',92844979976,310009,10,NULL,NULL);
INSERT INTO balances VALUES('2_mn6q3dS2EnDUx3bmyWc6D4szJNVGtaR7zc_mnfAHmddVibnZNSkh8DvKaQoiEfNsxjXzH_mqPCfvqTfYctXMUfmniXeG2nyaN8w6tPmj_3','XCP',50000024,310009,10,NULL,NULL);
INSERT INTO balances VALUES('2_mn6q3dS2EnDUx3bmyWc6D4szJNVGtaR7zc_mnfAHmddVibnZNSkh8DvKaQoiEfNsxjXzH_mtQheFaSfWELRB2MyMBaiWjdDm6ux9Ezns_3','XCP',92844559176,310010,11,NULL,NULL);
INSERT INTO balances VALUES('2_mn6q3dS2EnDUx3bmyWc6D4szJNVGtaR7zc_mnfAHmddVibnZNSkh8DvKaQoiEfNsxjXzH_mtQheFaSfWELRB2MyMBaiWjdDm6ux9Ezns_3','XCP',92844539176,310010,11,NULL,NULL);
INSERT INTO balances VALUES('2_mn6q3dS2EnDUx3bmyWc6D4szJNVGtaR7zc_mnfAHmddVibnZNSkh8DvKaQoiEfNsxjXzH_mqPCfvqTfYctXMUfmniXeG2nyaN8w6tPmj_3','XCP',50420824,310010,11,NULL,NULL);
INSERT INTO balances VALUES('2_mn6q3dS2EnDUx3bmyWc6D4szJNVGtaR7zc_mnfAHmddVibnZNSkh8DvKaQoiEfNsxjXzH_mtQheFaSfWELRB2MyMBaiWjdDm6ux9Ezns_3','XCP',92794539176,310012,13,NULL,NULL);
INSERT INTO balances VALUES('2_mn6q3dS2EnDUx3bmyWc6D4szJNVGtaR7zc_mnfAHmddVibnZNSkh8DvKaQoiEfNsxjXzH_mtQheFaSfWELRB2MyMBaiWjdDm6ux9Ezns_3','XCP',92769539176,310013,14,NULL,NULL);
INSERT INTO balances VALUES('2_mn6q3dS2EnDUx3bmyWc6D4szJNVGtaR7zc_mnfAHmddVibnZNSkh8DvKaQoiEfNsxjXzH_mtQheFaSfWELRB2MyMBaiWjdDm6ux9Ezns_3','XCP',92773789176,310013,14,NULL,NULL);
INSERT INTO balances VALUES('2_mn6q3dS2EnDUx3bmyWc6D4szJNVGtaR7zc_mnfAHmddVibnZNSkh8DvKaQoiEfNsxjXzH_mtQheFaSfWELRB2MyMBaiWjdDm6ux9Ezns_3','XCP',92778789176,310014,0,NULL,NULL);
INSERT INTO balances VALUES('2_mn6q3dS2EnDUx3bmyWc6D4szJNVGtaR7zc_mnfAHmddVibnZNSkh8DvKaQoiEfNsxjXzH_mtQheFaSfWELRB2MyMBaiWjdDm6ux9Ezns_3','XCP',92628789176,310014,15,NULL,NULL);
INSERT INTO balances VALUES('2_mn6q3dS2EnDUx3bmyWc6D4szJNVGtaR7zc_mnfAHmddVibnZNSkh8DvKaQoiEfNsxjXzH_mtQheFaSfWELRB2MyMBaiWjdDm6ux9Ezns_3','XCP',92278789176,310015,16,NULL,NULL);
INSERT INTO balances VALUES('2_mn6q3dS2EnDUx3bmyWc6D4szJNVGtaR7zc_mnfAHmddVibnZNSkh8DvKaQoiEfNsxjXzH_mtQheFaSfWELRB2MyMBaiWjdDm6ux9Ezns_3','XCP',92278789176,310015,16,NULL,NULL);
INSERT INTO balances VALUES('2_mn6q3dS2EnDUx3bmyWc6D4szJNVGtaR7zc_mnfAHmddVibnZNSkh8DvKaQoiEfNsxjXzH_mtQheFaSfWELRB2MyMBaiWjdDm6ux9Ezns_3','XCP',92278789176,310015,16,NULL,NULL);
INSERT INTO balances VALUES('2_mn6q3dS2EnDUx3bmyWc6D4szJNVGtaR7zc_mnfAHmddVibnZNSkh8DvKaQoiEfNsxjXzH_mtQheFaSfWELRB2MyMBaiWjdDm6ux9Ezns_3','XCP',91528789176,310016,17,NULL,NULL);
INSERT INTO balances VALUES('2_mn6q3dS2EnDUx3bmyWc6D4szJNVGtaR7zc_mnfAHmddVibnZNSkh8DvKaQoiEfNsxjXzH_mtQheFaSfWELRB2MyMBaiWjdDm6ux9Ezns_3','XCP',90878789176,310017,18,NULL,NULL);
INSERT INTO balances VALUES('2_mn6q3dS2EnDUx3bmyWc6D4szJNVGtaR7zc_mnfAHmddVibnZNSkh8DvKaQoiEfNsxjXzH_mtQheFaSfWELRB2MyMBaiWjdDm6ux9Ezns_3','XCP',90878789176,310017,18,NULL,NULL);
INSERT INTO balances VALUES('2_mn6q3dS2EnDUx3bmyWc6D4szJNVGtaR7zc_mnfAHmddVibnZNSkh8DvKaQoiEfNsxjXzH_mtQheFaSfWELRB2MyMBaiWjdDm6ux9Ezns_3','XCP',90878789176,310017,18,NULL,NULL);
INSERT INTO balances VALUES('2_mn6q3dS2EnDUx3bmyWc6D4szJNVGtaR7zc_mnfAHmddVibnZNSkh8DvKaQoiEfNsxjXzH_mtQheFaSfWELRB2MyMBaiWjdDm6ux9Ezns_3','XCP',90937926676,310018,19,NULL,NULL);
INSERT INTO balances VALUES('2_mn6q3dS2EnDUx3bmyWc6D4szJNVGtaR7zc_mnfAHmddVibnZNSkh8DvKaQoiEfNsxjXzH_mtQheFaSfWELRB2MyMBaiWjdDm6ux9Ezns_3','XCP',90941039176,310018,19,NULL,NULL);
INSERT INTO balances VALUES('2_mn6q3dS2EnDUx3bmyWc6D4szJNVGtaR7zc_mnfAHmddVibnZNSkh8DvKaQoiEfNsxjXzH_mtQheFaSfWELRB2MyMBaiWjdDm6ux9Ezns_3','XCP',91100339176,310019,20,NULL,NULL);
INSERT INTO balances VALUES('2_mn6q3dS2EnDUx3bmyWc6D4szJNVGtaR7zc_mnfAHmddVibnZNSkh8DvKaQoiEfNsxjXzH_mtQheFaSfWELRB2MyMBaiWjdDm6ux9Ezns_3','XCP',91416039176,310019,20,NULL,NULL);
INSERT INTO balances VALUES('2_mn6q3dS2EnDUx3bmyWc6D4szJNVGtaR7zc_mnfAHmddVibnZNSkh8DvKaQoiEfNsxjXzH_mtQheFaSfWELRB2MyMBaiWjdDm6ux9Ezns_3','XCP',91441039176,310019,20,NULL,NULL);
INSERT INTO balances VALUES('2_mn6q3dS2EnDUx3bmyWc6D4szJNVGtaR7zc_mnfAHmddVibnZNSkh8DvKaQoiEfNsxjXzH_mtQheFaSfWELRB2MyMBaiWjdDm6ux9Ezns_3','XCP',92771039176,310020,21,NULL,NULL);
INSERT INTO balances VALUES('2_mn6q3dS2EnDUx3bmyWc6D4szJNVGtaR7zc_mnfAHmddVibnZNSkh8DvKaQoiEfNsxjXzH_mtQheFaSfWELRB2MyMBaiWjdDm6ux9Ezns_3','XCP',92841039176,310020,21,NULL,NULL);
INSERT INTO balances VALUES('2_mn6q3dS2EnDUx3bmyWc6D4szJNVGtaR7zc_mnfAHmddVibnZNSkh8DvKaQoiEfNsxjXzH_mtQheFaSfWELRB2MyMBaiWjdDm6ux9Ezns_3','BBBB',946000000,310021,22,NULL,NULL);
INSERT INTO balances VALUES('2_mn6q3dS2EnDUx3bmyWc6D4szJNVGtaR7zc_mnfAHmddVibnZNSkh8DvKaQoiEfNsxjXzH_mtQheFaSfWELRB2MyMBaiWjdDm6ux9Ezns_3','XCP',149840926438,310022,23,NULL,NULL);
INSERT INTO balances VALUES('2_mn6q3dS2EnDUx3bmyWc6D4szJNVGtaR7zc_mnfAHmddVibnZNSkh8DvKaQoiEfNsxjXzH_mtQheFaSfWELRB2MyMBaiWjdDm6ux9Ezns_3','XCP',149849426438,310023,0,NULL,NULL);
INSERT INTO balances VALUES('2_mn6q3dS2EnDUx3bmyWc6D4szJNVGtaR7zc_mnfAHmddVibnZNSkh8DvKaQoiEfNsxjXzH_mtQheFaSfWELRB2MyMBaiWjdDm6ux9Ezns_3','BBBC',89474,310023,24,NULL,NULL);
INSERT INTO balances VALUES('2_mn6q3dS2EnDUx3bmyWc6D4szJNVGtaR7zc_mnfAHmddVibnZNSkh8DvKaQoiEfNsxjXzH_mqPCfvqTfYctXMUfmniXeG2nyaN8w6tPmj_3','BBBC',10526,310023,24,NULL,NULL);
INSERT INTO balances VALUES('2_mn6q3dS2EnDUx3bmyWc6D4szJNVGtaR7zc_mnfAHmddVibnZNSkh8DvKaQoiEfNsxjXzH_mtQheFaSfWELRB2MyMBaiWjdDm6ux9Ezns_3','BBBB',996000000,310032,0,NULL,NULL);
-- Triggers and indices on  balances
CREATE INDEX balances_address_asset_idx ON balances (address, asset)
        ;
CREATE INDEX balances_address_utxo_asset_idx ON balances (address, utxo, asset)
        ;
CREATE INDEX balances_asset_idx ON balances (asset)
        ;
CREATE INDEX balances_block_index_idx ON balances (block_index)
        ;
CREATE INDEX balances_quantity_idx ON balances (quantity)
        ;
CREATE INDEX balances_utxo_address_idx ON balances (utxo_address)
        ;
CREATE INDEX balances_utxo_asset_idx ON balances (utxo, asset)
        ;
CREATE TRIGGER block_update_balances
            BEFORE UPDATE ON balances BEGIN
                SELECT RAISE(FAIL, "UPDATES NOT ALLOWED");
            END;

COMMIT TRANSACTION;
PRAGMA page_size=4096;
-- PRAGMA encoding='UTF-8';
-- PRAGMA auto_vacuum=FULL;
-- PRAGMA max_page_count=4294967294;

BEGIN TRANSACTION;

-- Table  config
DROP TABLE IF EXISTS config;
CREATE TABLE config (
            name TEXT PRIMARY KEY,
            value TEXT
        );
INSERT INTO config VALUES('FIX_ASSET_EVENTS_FIELD_1','1');
INSERT INTO config VALUES('FIX_ISSUANCES_ASSET_LONGNAME_1','1');
INSERT INTO config VALUES('FIX_ISSUANCES_ASSET_LONGNAME_2','1');
INSERT INTO config VALUES('CLEAN_TRANSACTION_COUNT_1','1');
-- Triggers and indices on  config
CREATE INDEX config_config_name_idx ON config (name);

COMMIT TRANSACTION;
PRAGMA page_size=4096;
-- PRAGMA encoding='UTF-8';
-- PRAGMA auto_vacuum=FULL;
-- PRAGMA max_page_count=4294967294;

BEGIN TRANSACTION;

-- Table  balances
DROP TABLE IF EXISTS balances;
CREATE TABLE balances(
                      address TEXT,
                      asset TEXT,
                      quantity INTEGER, block_index INTEGER, tx_index INTEGER, utxo TEXT, utxo_address TEXT);
INSERT INTO balances VALUES('2_mn6q3dS2EnDUx3bmyWc6D4szJNVGtaR7zc_mnfAHmddVibnZNSkh8DvKaQoiEfNsxjXzH_mtQheFaSfWELRB2MyMBaiWjdDm6ux9Ezns_3','XCP',93000000000,310000,1,NULL,NULL);
INSERT INTO balances VALUES('2_mn6q3dS2EnDUx3bmyWc6D4szJNVGtaR7zc_mnfAHmddVibnZNSkh8DvKaQoiEfNsxjXzH_mtQheFaSfWELRB2MyMBaiWjdDm6ux9Ezns_3','XCP',92950000000,310001,2,NULL,NULL);
INSERT INTO balances VALUES('2_mn6q3dS2EnDUx3bmyWc6D4szJNVGtaR7zc_mnfAHmddVibnZNSkh8DvKaQoiEfNsxjXzH_mqPCfvqTfYctXMUfmniXeG2nyaN8w6tPmj_3','XCP',50000000,310001,2,NULL,NULL);
INSERT INTO balances VALUES('2_mn6q3dS2EnDUx3bmyWc6D4szJNVGtaR7zc_mnfAHmddVibnZNSkh8DvKaQoiEfNsxjXzH_mtQheFaSfWELRB2MyMBaiWjdDm6ux9Ezns_3','XCP',92845000000,310003,4,NULL,NULL);
INSERT INTO balances VALUES('2_mn6q3dS2EnDUx3bmyWc6D4szJNVGtaR7zc_mnfAHmddVibnZNSkh8DvKaQoiEfNsxjXzH_mtQheFaSfWELRB2MyMBaiWjdDm6ux9Ezns_3','XCP',92945000000,310004,5,NULL,NULL);
INSERT INTO balances VALUES('2_mn6q3dS2EnDUx3bmyWc6D4szJNVGtaR7zc_mnfAHmddVibnZNSkh8DvKaQoiEfNsxjXzH_mtQheFaSfWELRB2MyMBaiWjdDm6ux9Ezns_3','XCP',92895000000,310005,6,NULL,NULL);
INSERT INTO balances VALUES('2_mn6q3dS2EnDUx3bmyWc6D4szJNVGtaR7zc_mnfAHmddVibnZNSkh8DvKaQoiEfNsxjXzH_mtQheFaSfWELRB2MyMBaiWjdDm6ux9Ezns_3','BBBB',1000000000,310005,6,NULL,NULL);
INSERT INTO balances VALUES('2_mn6q3dS2EnDUx3bmyWc6D4szJNVGtaR7zc_mnfAHmddVibnZNSkh8DvKaQoiEfNsxjXzH_mtQheFaSfWELRB2MyMBaiWjdDm6ux9Ezns_3','XCP',92845000000,310006,7,NULL,NULL);
INSERT INTO balances VALUES('2_mn6q3dS2EnDUx3bmyWc6D4szJNVGtaR7zc_mnfAHmddVibnZNSkh8DvKaQoiEfNsxjXzH_mtQheFaSfWELRB2MyMBaiWjdDm6ux9Ezns_3','BBBC',100000,310006,7,NULL,NULL);
INSERT INTO balances VALUES('2_mn6q3dS2EnDUx3bmyWc6D4szJNVGtaR7zc_mnfAHmddVibnZNSkh8DvKaQoiEfNsxjXzH_mtQheFaSfWELRB2MyMBaiWjdDm6ux9Ezns_3','BBBB',996000000,310007,8,NULL,NULL);
INSERT INTO balances VALUES('2_mn6q3dS2EnDUx3bmyWc6D4szJNVGtaR7zc_mnfAHmddVibnZNSkh8DvKaQoiEfNsxjXzH_mqPCfvqTfYctXMUfmniXeG2nyaN8w6tPmj_3','BBBB',4000000,310007,8,NULL,NULL);
INSERT INTO balances VALUES('2_mn6q3dS2EnDUx3bmyWc6D4szJNVGtaR7zc_mnfAHmddVibnZNSkh8DvKaQoiEfNsxjXzH_mtQheFaSfWELRB2MyMBaiWjdDm6ux9Ezns_3','BBBC',99474,310008,9,NULL,NULL);
INSERT INTO balances VALUES('2_mn6q3dS2EnDUx3bmyWc6D4szJNVGtaR7zc_mnfAHmddVibnZNSkh8DvKaQoiEfNsxjXzH_mqPCfvqTfYctXMUfmniXeG2nyaN8w6tPmj_3','BBBC',526,310008,9,NULL,NULL);
INSERT INTO balances VALUES('2_mn6q3dS2EnDUx3bmyWc6D4szJNVGtaR7zc_mnfAHmddVibnZNSkh8DvKaQoiEfNsxjXzH_mtQheFaSfWELRB2MyMBaiWjdDm6ux9Ezns_3','XCP',92844999976,310009,10,NULL,NULL);
INSERT INTO balances VALUES('2_mn6q3dS2EnDUx3bmyWc6D4szJNVGtaR7zc_mnfAHmddVibnZNSkh8DvKaQoiEfNsxjXzH_mtQheFaSfWELRB2MyMBaiWjdDm6ux9Ezns_3','XCP',92844979976,310009,10,NULL,NULL);
INSERT INTO balances VALUES('2_mn6q3dS2EnDUx3bmyWc6D4szJNVGtaR7zc_mnfAHmddVibnZNSkh8DvKaQoiEfNsxjXzH_mqPCfvqTfYctXMUfmniXeG2nyaN8w6tPmj_3','XCP',50000024,310009,10,NULL,NULL);
INSERT INTO balances VALUES('2_mn6q3dS2EnDUx3bmyWc6D4szJNVGtaR7zc_mnfAHmddVibnZNSkh8DvKaQoiEfNsxjXzH_mtQheFaSfWELRB2MyMBaiWjdDm6ux9Ezns_3','XCP',92844559176,310010,11,NULL,NULL);
INSERT INTO balances VALUES('2_mn6q3dS2EnDUx3bmyWc6D4szJNVGtaR7zc_mnfAHmddVibnZNSkh8DvKaQoiEfNsxjXzH_mtQheFaSfWELRB2MyMBaiWjdDm6ux9Ezns_3','XCP',92844539176,310010,11,NULL,NULL);
INSERT INTO balances VALUES('2_mn6q3dS2EnDUx3bmyWc6D4szJNVGtaR7zc_mnfAHmddVibnZNSkh8DvKaQoiEfNsxjXzH_mqPCfvqTfYctXMUfmniXeG2nyaN8w6tPmj_3','XCP',50420824,310010,11,NULL,NULL);
INSERT INTO balances VALUES('2_mn6q3dS2EnDUx3bmyWc6D4szJNVGtaR7zc_mnfAHmddVibnZNSkh8DvKaQoiEfNsxjXzH_mtQheFaSfWELRB2MyMBaiWjdDm6ux9Ezns_3','XCP',92794539176,310012,13,NULL,NULL);
INSERT INTO balances VALUES('2_mn6q3dS2EnDUx3bmyWc6D4szJNVGtaR7zc_mnfAHmddVibnZNSkh8DvKaQoiEfNsxjXzH_mtQheFaSfWELRB2MyMBaiWjdDm6ux9Ezns_3','XCP',92769539176,310013,14,NULL,NULL);
INSERT INTO balances VALUES('2_mn6q3dS2EnDUx3bmyWc6D4szJNVGtaR7zc_mnfAHmddVibnZNSkh8DvKaQoiEfNsxjXzH_mtQheFaSfWELRB2MyMBaiWjdDm6ux9Ezns_3','XCP',92773789176,310013,14,NULL,NULL);
INSERT INTO balances VALUES('2_mn6q3dS2EnDUx3bmyWc6D4szJNVGtaR7zc_mnfAHmddVibnZNSkh8DvKaQoiEfNsxjXzH_mtQheFaSfWELRB2MyMBaiWjdDm6ux9Ezns_3','XCP',92778789176,310014,0,NULL,NULL);
INSERT INTO balances VALUES('2_mn6q3dS2EnDUx3bmyWc6D4szJNVGtaR7zc_mnfAHmddVibnZNSkh8DvKaQoiEfNsxjXzH_mtQheFaSfWELRB2MyMBaiWjdDm6ux9Ezns_3','XCP',92628789176,310014,15,NULL,NULL);
INSERT INTO balances VALUES('2_mn6q3dS2EnDUx3bmyWc6D4szJNVGtaR7zc_mnfAHmddVibnZNSkh8DvKaQoiEfNsxjXzH_mtQheFaSfWELRB2MyMBaiWjdDm6ux9Ezns_3','XCP',92278789176,310015,16,NULL,NULL);
INSERT INTO balances VALUES('2_mn6q3dS2EnDUx3bmyWc6D4szJNVGtaR7zc_mnfAHmddVibnZNSkh8DvKaQoiEfNsxjXzH_mtQheFaSfWELRB2MyMBaiWjdDm6ux9Ezns_3','XCP',92278789176,310015,16,NULL,NULL);
INSERT INTO balances VALUES('2_mn6q3dS2EnDUx3bmyWc6D4szJNVGtaR7zc_mnfAHmddVibnZNSkh8DvKaQoiEfNsxjXzH_mtQheFaSfWELRB2MyMBaiWjdDm6ux9Ezns_3','XCP',92278789176,310015,16,NULL,NULL);
INSERT INTO balances VALUES('2_mn6q3dS2EnDUx3bmyWc6D4szJNVGtaR7zc_mnfAHmddVibnZNSkh8DvKaQoiEfNsxjXzH_mtQheFaSfWELRB2MyMBaiWjdDm6ux9Ezns_3','XCP',91528789176,310016,17,NULL,NULL);
INSERT INTO balances VALUES('2_mn6q3dS2EnDUx3bmyWc6D4szJNVGtaR7zc_mnfAHmddVibnZNSkh8DvKaQoiEfNsxjXzH_mtQheFaSfWELRB2MyMBaiWjdDm6ux9Ezns_3','XCP',90878789176,310017,18,NULL,NULL);
INSERT INTO balances VALUES('2_mn6q3dS2EnDUx3bmyWc6D4szJNVGtaR7zc_mnfAHmddVibnZNSkh8DvKaQoiEfNsxjXzH_mtQheFaSfWELRB2MyMBaiWjdDm6ux9Ezns_3','XCP',90878789176,310017,18,NULL,NULL);
INSERT INTO balances VALUES('2_mn6q3dS2EnDUx3bmyWc6D4szJNVGtaR7zc_mnfAHmddVibnZNSkh8DvKaQoiEfNsxjXzH_mtQheFaSfWELRB2MyMBaiWjdDm6ux9Ezns_3','XCP',90878789176,310017,18,NULL,NULL);
INSERT INTO balances VALUES('2_mn6q3dS2EnDUx3bmyWc6D4szJNVGtaR7zc_mnfAHmddVibnZNSkh8DvKaQoiEfNsxjXzH_mtQheFaSfWELRB2MyMBaiWjdDm6ux9Ezns_3','XCP',90937926676,310018,19,NULL,NULL);
INSERT INTO balances VALUES('2_mn6q3dS2EnDUx3bmyWc6D4szJNVGtaR7zc_mnfAHmddVibnZNSkh8DvKaQoiEfNsxjXzH_mtQheFaSfWELRB2MyMBaiWjdDm6ux9Ezns_3','XCP',90941039176,310018,19,NULL,NULL);
INSERT INTO balances VALUES('2_mn6q3dS2EnDUx3bmyWc6D4szJNVGtaR7zc_mnfAHmddVibnZNSkh8DvKaQoiEfNsxjXzH_mtQheFaSfWELRB2MyMBaiWjdDm6ux9Ezns_3','XCP',91100339176,310019,20,NULL,NULL);
INSERT INTO balances VALUES('2_mn6q3dS2EnDUx3bmyWc6D4szJNVGtaR7zc_mnfAHmddVibnZNSkh8DvKaQoiEfNsxjXzH_mtQheFaSfWELRB2MyMBaiWjdDm6ux9Ezns_3','XCP',91416039176,310019,20,NULL,NULL);
INSERT INTO balances VALUES('2_mn6q3dS2EnDUx3bmyWc6D4szJNVGtaR7zc_mnfAHmddVibnZNSkh8DvKaQoiEfNsxjXzH_mtQheFaSfWELRB2MyMBaiWjdDm6ux9Ezns_3','XCP',91441039176,310019,20,NULL,NULL);
INSERT INTO balances VALUES('2_mn6q3dS2EnDUx3bmyWc6D4szJNVGtaR7zc_mnfAHmddVibnZNSkh8DvKaQoiEfNsxjXzH_mtQheFaSfWELRB2MyMBaiWjdDm6ux9Ezns_3','XCP',92771039176,310020,21,NULL,NULL);
INSERT INTO balances VALUES('2_mn6q3dS2EnDUx3bmyWc6D4szJNVGtaR7zc_mnfAHmddVibnZNSkh8DvKaQoiEfNsxjXzH_mtQheFaSfWELRB2MyMBaiWjdDm6ux9Ezns_3','XCP',92841039176,310020,21,NULL,NULL);
INSERT INTO balances VALUES('2_mn6q3dS2EnDUx3bmyWc6D4szJNVGtaR7zc_mnfAHmddVibnZNSkh8DvKaQoiEfNsxjXzH_mtQheFaSfWELRB2MyMBaiWjdDm6ux9Ezns_3','BBBB',946000000,310021,22,NULL,NULL);
INSERT INTO balances VALUES('2_mn6q3dS2EnDUx3bmyWc6D4szJNVGtaR7zc_mnfAHmddVibnZNSkh8DvKaQoiEfNsxjXzH_mtQheFaSfWELRB2MyMBaiWjdDm6ux9Ezns_3','XCP',149840926438,310022,23,NULL,NULL);
INSERT INTO balances VALUES('2_mn6q3dS2EnDUx3bmyWc6D4szJNVGtaR7zc_mnfAHmddVibnZNSkh8DvKaQoiEfNsxjXzH_mtQheFaSfWELRB2MyMBaiWjdDm6ux9Ezns_3','XCP',149849426438,310023,0,NULL,NULL);
INSERT INTO balances VALUES('2_mn6q3dS2EnDUx3bmyWc6D4szJNVGtaR7zc_mnfAHmddVibnZNSkh8DvKaQoiEfNsxjXzH_mtQheFaSfWELRB2MyMBaiWjdDm6ux9Ezns_3','BBBC',89474,310023,24,NULL,NULL);
INSERT INTO balances VALUES('2_mn6q3dS2EnDUx3bmyWc6D4szJNVGtaR7zc_mnfAHmddVibnZNSkh8DvKaQoiEfNsxjXzH_mqPCfvqTfYctXMUfmniXeG2nyaN8w6tPmj_3','BBBC',10526,310023,24,NULL,NULL);
INSERT INTO balances VALUES('2_mn6q3dS2EnDUx3bmyWc6D4szJNVGtaR7zc_mnfAHmddVibnZNSkh8DvKaQoiEfNsxjXzH_mtQheFaSfWELRB2MyMBaiWjdDm6ux9Ezns_3','BBBB',996000000,310032,0,NULL,NULL);
-- Triggers and indices on  balances
CREATE INDEX balances_address_asset_idx ON balances (address, asset)
        ;
CREATE INDEX balances_address_utxo_asset_idx ON balances (address, utxo, asset)
        ;
CREATE INDEX balances_asset_idx ON balances (asset)
        ;
CREATE INDEX balances_block_index_idx ON balances (block_index)
        ;
CREATE INDEX balances_quantity_idx ON balances (quantity)
        ;
CREATE INDEX balances_utxo_address_idx ON balances (utxo_address)
        ;
CREATE INDEX balances_utxo_asset_idx ON balances (utxo, asset)
        ;
CREATE TRIGGER block_update_balances
            BEFORE UPDATE ON balances BEGIN
                SELECT RAISE(FAIL, "UPDATES NOT ALLOWED");
            END;

COMMIT TRANSACTION;
PRAGMA page_size=4096;
-- PRAGMA encoding='UTF-8';
-- PRAGMA auto_vacuum=FULL;
-- PRAGMA max_page_count=4294967294;

BEGIN TRANSACTION;

-- Table  credits
DROP TABLE IF EXISTS credits;
CREATE TABLE credits(
                      block_index INTEGER,
                      address TEXT,
                      asset TEXT,
                      quantity INTEGER,
                      calling_function TEXT,
                      event TEXT, tx_index INTEGER, utxo TEXT, utxo_address TEXT,
                      FOREIGN KEY (block_index) REFERENCES blocks(block_index));
INSERT INTO credits VALUES(310000,'2_mn6q3dS2EnDUx3bmyWc6D4szJNVGtaR7zc_mnfAHmddVibnZNSkh8DvKaQoiEfNsxjXzH_mtQheFaSfWELRB2MyMBaiWjdDm6ux9Ezns_3','XCP',93000000000,'burn','432e72f9c26053958e4077e3fa4d0b6398238ecdf094ff163dbaa85c4fbdc532',1,NULL,NULL);
INSERT INTO credits VALUES(310001,'2_mn6q3dS2EnDUx3bmyWc6D4szJNVGtaR7zc_mnfAHmddVibnZNSkh8DvKaQoiEfNsxjXzH_mqPCfvqTfYctXMUfmniXeG2nyaN8w6tPmj_3','XCP',50000000,'send','52daf14bcfd09f08129844836d5c01fec90a8359bb3e5fb794788df3a2a5e909',2,NULL,NULL);
INSERT INTO credits VALUES(310004,'2_mn6q3dS2EnDUx3bmyWc6D4szJNVGtaR7zc_mnfAHmddVibnZNSkh8DvKaQoiEfNsxjXzH_mtQheFaSfWELRB2MyMBaiWjdDm6ux9Ezns_3','XCP',100000000,'btcpay','77c28286f10f872f464f96b6af0691fcbfd1b70371c9e285527d9f9e14af80fa',5,NULL,NULL);
INSERT INTO credits VALUES(310005,'2_mn6q3dS2EnDUx3bmyWc6D4szJNVGtaR7zc_mnfAHmddVibnZNSkh8DvKaQoiEfNsxjXzH_mtQheFaSfWELRB2MyMBaiWjdDm6ux9Ezns_3','BBBB',1000000000,'issuance','4aeabf4947b1a05c48f11c509e8bf3ebb17ddeda735d4d4ccebd62123b99bba0',6,NULL,NULL);
INSERT INTO credits VALUES(310006,'2_mn6q3dS2EnDUx3bmyWc6D4szJNVGtaR7zc_mnfAHmddVibnZNSkh8DvKaQoiEfNsxjXzH_mtQheFaSfWELRB2MyMBaiWjdDm6ux9Ezns_3','BBBC',100000,'issuance','3a4efc68aba319c23932f90d0375dbde6ec933dfba933a8d8e5bd3f03b1d4242',7,NULL,NULL);
INSERT INTO credits VALUES(310007,'2_mn6q3dS2EnDUx3bmyWc6D4szJNVGtaR7zc_mnfAHmddVibnZNSkh8DvKaQoiEfNsxjXzH_mqPCfvqTfYctXMUfmniXeG2nyaN8w6tPmj_3','BBBB',4000000,'send','c0ceba5f693d59aebc3b02e2c4d976f4f173ae8b32babb0d82f461bd01dfce68',8,NULL,NULL);
INSERT INTO credits VALUES(310008,'2_mn6q3dS2EnDUx3bmyWc6D4szJNVGtaR7zc_mnfAHmddVibnZNSkh8DvKaQoiEfNsxjXzH_mqPCfvqTfYctXMUfmniXeG2nyaN8w6tPmj_3','BBBC',526,'send','b07d03f91d24509439aa649aa41f74ad7cd0aee11b35c649165d75bc0ea65404',9,NULL,NULL);
INSERT INTO credits VALUES(310009,'2_mn6q3dS2EnDUx3bmyWc6D4szJNVGtaR7zc_mnfAHmddVibnZNSkh8DvKaQoiEfNsxjXzH_mqPCfvqTfYctXMUfmniXeG2nyaN8w6tPmj_3','XCP',24,'dividend','54eff2fcb84d71bb09ee9a7f3fe63c9c4b4998ec33a0a33db240fe79efaabb31',10,NULL,NULL);
INSERT INTO credits VALUES(310010,'2_mn6q3dS2EnDUx3bmyWc6D4szJNVGtaR7zc_mnfAHmddVibnZNSkh8DvKaQoiEfNsxjXzH_mqPCfvqTfYctXMUfmniXeG2nyaN8w6tPmj_3','XCP',420800,'dividend','9b76a3b07b5a4380b449362e7840fdeb92d8a608afeb7460fb5bdb6b5c228746',11,NULL,NULL);
INSERT INTO credits VALUES(310013,'2_mn6q3dS2EnDUx3bmyWc6D4szJNVGtaR7zc_mnfAHmddVibnZNSkh8DvKaQoiEfNsxjXzH_mtQheFaSfWELRB2MyMBaiWjdDm6ux9Ezns_3','XCP',4250000,'filled','509a4c348bb7f9fff9f03ad5e7182342655ec01db31bde5eb23f4a813bb716c9',14,NULL,NULL);
INSERT INTO credits VALUES(310014,'2_mn6q3dS2EnDUx3bmyWc6D4szJNVGtaR7zc_mnfAHmddVibnZNSkh8DvKaQoiEfNsxjXzH_mtQheFaSfWELRB2MyMBaiWjdDm6ux9Ezns_3','XCP',5000000,'cancel order','f9052fcb3866c44956652b0bdabc4f1a532ae8ab6e39d2604003a9963594cfe1',0,NULL,NULL);
INSERT INTO credits VALUES(310015,'2_mn6q3dS2EnDUx3bmyWc6D4szJNVGtaR7zc_mnfAHmddVibnZNSkh8DvKaQoiEfNsxjXzH_mtQheFaSfWELRB2MyMBaiWjdDm6ux9Ezns_3','XCP',0,'filled','1ba5c7d6abf9225272c75dd48982a589b8a61aaf58bd9f0eafd8145e9c9d9d6a',16,NULL,NULL);
INSERT INTO credits VALUES(310015,'2_mn6q3dS2EnDUx3bmyWc6D4szJNVGtaR7zc_mnfAHmddVibnZNSkh8DvKaQoiEfNsxjXzH_mtQheFaSfWELRB2MyMBaiWjdDm6ux9Ezns_3','XCP',0,'filled','1ba5c7d6abf9225272c75dd48982a589b8a61aaf58bd9f0eafd8145e9c9d9d6a',16,NULL,NULL);
INSERT INTO credits VALUES(310017,'2_mn6q3dS2EnDUx3bmyWc6D4szJNVGtaR7zc_mnfAHmddVibnZNSkh8DvKaQoiEfNsxjXzH_mtQheFaSfWELRB2MyMBaiWjdDm6ux9Ezns_3','XCP',0,'filled','b9ac4fa5d0dc82c0edd74bb42dcc5114e4160f9c6b05a1dd0399878c9659f90f',18,NULL,NULL);
INSERT INTO credits VALUES(310017,'2_mn6q3dS2EnDUx3bmyWc6D4szJNVGtaR7zc_mnfAHmddVibnZNSkh8DvKaQoiEfNsxjXzH_mtQheFaSfWELRB2MyMBaiWjdDm6ux9Ezns_3','XCP',0,'filled','b9ac4fa5d0dc82c0edd74bb42dcc5114e4160f9c6b05a1dd0399878c9659f90f',18,NULL,NULL);
INSERT INTO credits VALUES(310018,'2_mn6q3dS2EnDUx3bmyWc6D4szJNVGtaR7zc_mnfAHmddVibnZNSkh8DvKaQoiEfNsxjXzH_mtQheFaSfWELRB2MyMBaiWjdDm6ux9Ezns_3','XCP',59137500,'bet settled: liquidated for bear','47a8cfb0e316c159b24c377931f5dd67353cd8ea8b4aa8e98cfa918095431fba',19,NULL,NULL);
INSERT INTO credits VALUES(310018,'2_mn6q3dS2EnDUx3bmyWc6D4szJNVGtaR7zc_mnfAHmddVibnZNSkh8DvKaQoiEfNsxjXzH_mtQheFaSfWELRB2MyMBaiWjdDm6ux9Ezns_3','XCP',3112500,'feed fee','47a8cfb0e316c159b24c377931f5dd67353cd8ea8b4aa8e98cfa918095431fba',19,NULL,NULL);
INSERT INTO credits VALUES(310019,'2_mn6q3dS2EnDUx3bmyWc6D4szJNVGtaR7zc_mnfAHmddVibnZNSkh8DvKaQoiEfNsxjXzH_mtQheFaSfWELRB2MyMBaiWjdDm6ux9Ezns_3','XCP',159300000,'bet settled','04b01044d0b0209c01c8218a2f298fbcc9800a83e8a4dccd6552be39d3fe5597',20,NULL,NULL);
INSERT INTO credits VALUES(310019,'2_mn6q3dS2EnDUx3bmyWc6D4szJNVGtaR7zc_mnfAHmddVibnZNSkh8DvKaQoiEfNsxjXzH_mtQheFaSfWELRB2MyMBaiWjdDm6ux9Ezns_3','XCP',315700000,'bet settled','04b01044d0b0209c01c8218a2f298fbcc9800a83e8a4dccd6552be39d3fe5597',20,NULL,NULL);
INSERT INTO credits VALUES(310019,'2_mn6q3dS2EnDUx3bmyWc6D4szJNVGtaR7zc_mnfAHmddVibnZNSkh8DvKaQoiEfNsxjXzH_mtQheFaSfWELRB2MyMBaiWjdDm6ux9Ezns_3','XCP',25000000,'feed fee','04b01044d0b0209c01c8218a2f298fbcc9800a83e8a4dccd6552be39d3fe5597',20,NULL,NULL);
INSERT INTO credits VALUES(310020,'2_mn6q3dS2EnDUx3bmyWc6D4szJNVGtaR7zc_mnfAHmddVibnZNSkh8DvKaQoiEfNsxjXzH_mtQheFaSfWELRB2MyMBaiWjdDm6ux9Ezns_3','XCP',1330000000,'bet settled: for notequal','ae1b0e88a8541bbdb7d549c011cec6da79a9a15edbd91c30c54204c33c3898f0',21,NULL,NULL);
INSERT INTO credits VALUES(310020,'2_mn6q3dS2EnDUx3bmyWc6D4szJNVGtaR7zc_mnfAHmddVibnZNSkh8DvKaQoiEfNsxjXzH_mtQheFaSfWELRB2MyMBaiWjdDm6ux9Ezns_3','XCP',70000000,'feed fee','ae1b0e88a8541bbdb7d549c011cec6da79a9a15edbd91c30c54204c33c3898f0',21,NULL,NULL);
INSERT INTO credits VALUES(310022,'2_mn6q3dS2EnDUx3bmyWc6D4szJNVGtaR7zc_mnfAHmddVibnZNSkh8DvKaQoiEfNsxjXzH_mtQheFaSfWELRB2MyMBaiWjdDm6ux9Ezns_3','XCP',56999887262,'burn','1ac1b607c4b70d60f4fe8c3f496654b12427b918d409b8934bbfdd464ddae1cf',23,NULL,NULL);
INSERT INTO credits VALUES(310023,'2_mn6q3dS2EnDUx3bmyWc6D4szJNVGtaR7zc_mnfAHmddVibnZNSkh8DvKaQoiEfNsxjXzH_mtQheFaSfWELRB2MyMBaiWjdDm6ux9Ezns_3','XCP',8500000,'recredit wager remaining','00a8d1eb1f72d21dd642377b862a5650e2f6d3bddfc67b389da001b9e96e3626',0,NULL,NULL);
INSERT INTO credits VALUES(310023,'2_mn6q3dS2EnDUx3bmyWc6D4szJNVGtaR7zc_mnfAHmddVibnZNSkh8DvKaQoiEfNsxjXzH_mqPCfvqTfYctXMUfmniXeG2nyaN8w6tPmj_3','BBBC',10000,'send','c9c6b6ac73943d82145147a69956e48c2c5d8489dfbf0b1fea01e0c3c72ab6e1',24,NULL,NULL);
INSERT INTO credits VALUES(310032,'2_mn6q3dS2EnDUx3bmyWc6D4szJNVGtaR7zc_mnfAHmddVibnZNSkh8DvKaQoiEfNsxjXzH_mtQheFaSfWELRB2MyMBaiWjdDm6ux9Ezns_3','BBBB',50000000,'cancel order','1e9c803dd89119395641881be44c8d1a98f571bf5b53ee683f880ee9ea16e451',0,NULL,NULL);
-- Triggers and indices on  credits
CREATE TRIGGER block_update_credits
            BEFORE UPDATE ON credits BEGIN
                SELECT RAISE(FAIL, "UPDATES NOT ALLOWED");
            END;
CREATE INDEX credits_address_idx ON credits (address)
        ;
CREATE INDEX credits_asset_idx ON credits (asset)
        ;
CREATE INDEX credits_block_index_idx ON credits (block_index)
        ;
CREATE INDEX credits_calling_function_idx ON credits (calling_function)
        ;
CREATE INDEX credits_event_idx ON credits (event)
        ;
CREATE INDEX credits_quantity_idx ON credits (quantity)
        ;
CREATE INDEX credits_utxo_address_idx ON credits (utxo_address)
        ;
CREATE INDEX credits_utxo_idx ON credits (utxo)
        ;

COMMIT TRANSACTION;
PRAGMA page_size=4096;
-- PRAGMA encoding='UTF-8';
-- PRAGMA auto_vacuum=FULL;
-- PRAGMA max_page_count=4294967294;

BEGIN TRANSACTION;

-- Table  debits
DROP TABLE IF EXISTS debits;
CREATE TABLE debits(
                      block_index INTEGER,
                      address TEXT,
                      asset TEXT,
                      quantity INTEGER,
                      action TEXT,
                      event TEXT, tx_index INTEGER, utxo TEXT, utxo_address TEXT,
                      FOREIGN KEY (block_index) REFERENCES blocks(block_index));
INSERT INTO debits VALUES(310001,'2_mn6q3dS2EnDUx3bmyWc6D4szJNVGtaR7zc_mnfAHmddVibnZNSkh8DvKaQoiEfNsxjXzH_mtQheFaSfWELRB2MyMBaiWjdDm6ux9Ezns_3','XCP',50000000,'send','52daf14bcfd09f08129844836d5c01fec90a8359bb3e5fb794788df3a2a5e909',2,NULL,NULL);
INSERT INTO debits VALUES(310003,'2_mn6q3dS2EnDUx3bmyWc6D4szJNVGtaR7zc_mnfAHmddVibnZNSkh8DvKaQoiEfNsxjXzH_mtQheFaSfWELRB2MyMBaiWjdDm6ux9Ezns_3','XCP',105000000,'open order','f9052fcb3866c44956652b0bdabc4f1a532ae8ab6e39d2604003a9963594cfe1',4,NULL,NULL);
INSERT INTO debits VALUES(310005,'2_mn6q3dS2EnDUx3bmyWc6D4szJNVGtaR7zc_mnfAHmddVibnZNSkh8DvKaQoiEfNsxjXzH_mtQheFaSfWELRB2MyMBaiWjdDm6ux9Ezns_3','XCP',50000000,'issuance fee','4aeabf4947b1a05c48f11c509e8bf3ebb17ddeda735d4d4ccebd62123b99bba0',6,NULL,NULL);
INSERT INTO debits VALUES(310006,'2_mn6q3dS2EnDUx3bmyWc6D4szJNVGtaR7zc_mnfAHmddVibnZNSkh8DvKaQoiEfNsxjXzH_mtQheFaSfWELRB2MyMBaiWjdDm6ux9Ezns_3','XCP',50000000,'issuance fee','3a4efc68aba319c23932f90d0375dbde6ec933dfba933a8d8e5bd3f03b1d4242',7,NULL,NULL);
INSERT INTO debits VALUES(310007,'2_mn6q3dS2EnDUx3bmyWc6D4szJNVGtaR7zc_mnfAHmddVibnZNSkh8DvKaQoiEfNsxjXzH_mtQheFaSfWELRB2MyMBaiWjdDm6ux9Ezns_3','BBBB',4000000,'send','c0ceba5f693d59aebc3b02e2c4d976f4f173ae8b32babb0d82f461bd01dfce68',8,NULL,NULL);
INSERT INTO debits VALUES(310008,'2_mn6q3dS2EnDUx3bmyWc6D4szJNVGtaR7zc_mnfAHmddVibnZNSkh8DvKaQoiEfNsxjXzH_mtQheFaSfWELRB2MyMBaiWjdDm6ux9Ezns_3','BBBC',526,'send','b07d03f91d24509439aa649aa41f74ad7cd0aee11b35c649165d75bc0ea65404',9,NULL,NULL);
INSERT INTO debits VALUES(310009,'2_mn6q3dS2EnDUx3bmyWc6D4szJNVGtaR7zc_mnfAHmddVibnZNSkh8DvKaQoiEfNsxjXzH_mtQheFaSfWELRB2MyMBaiWjdDm6ux9Ezns_3','XCP',24,'dividend','54eff2fcb84d71bb09ee9a7f3fe63c9c4b4998ec33a0a33db240fe79efaabb31',10,NULL,NULL);
INSERT INTO debits VALUES(310009,'2_mn6q3dS2EnDUx3bmyWc6D4szJNVGtaR7zc_mnfAHmddVibnZNSkh8DvKaQoiEfNsxjXzH_mtQheFaSfWELRB2MyMBaiWjdDm6ux9Ezns_3','XCP',20000,'dividend fee','54eff2fcb84d71bb09ee9a7f3fe63c9c4b4998ec33a0a33db240fe79efaabb31',10,NULL,NULL);
INSERT INTO debits VALUES(310010,'2_mn6q3dS2EnDUx3bmyWc6D4szJNVGtaR7zc_mnfAHmddVibnZNSkh8DvKaQoiEfNsxjXzH_mtQheFaSfWELRB2MyMBaiWjdDm6ux9Ezns_3','XCP',420800,'dividend','9b76a3b07b5a4380b449362e7840fdeb92d8a608afeb7460fb5bdb6b5c228746',11,NULL,NULL);
INSERT INTO debits VALUES(310010,'2_mn6q3dS2EnDUx3bmyWc6D4szJNVGtaR7zc_mnfAHmddVibnZNSkh8DvKaQoiEfNsxjXzH_mtQheFaSfWELRB2MyMBaiWjdDm6ux9Ezns_3','XCP',20000,'dividend fee','9b76a3b07b5a4380b449362e7840fdeb92d8a608afeb7460fb5bdb6b5c228746',11,NULL,NULL);
INSERT INTO debits VALUES(310012,'2_mn6q3dS2EnDUx3bmyWc6D4szJNVGtaR7zc_mnfAHmddVibnZNSkh8DvKaQoiEfNsxjXzH_mtQheFaSfWELRB2MyMBaiWjdDm6ux9Ezns_3','XCP',50000000,'bet','00a8d1eb1f72d21dd642377b862a5650e2f6d3bddfc67b389da001b9e96e3626',13,NULL,NULL);
INSERT INTO debits VALUES(310013,'2_mn6q3dS2EnDUx3bmyWc6D4szJNVGtaR7zc_mnfAHmddVibnZNSkh8DvKaQoiEfNsxjXzH_mtQheFaSfWELRB2MyMBaiWjdDm6ux9Ezns_3','XCP',25000000,'bet','509a4c348bb7f9fff9f03ad5e7182342655ec01db31bde5eb23f4a813bb716c9',14,NULL,NULL);
INSERT INTO debits VALUES(310014,'2_mn6q3dS2EnDUx3bmyWc6D4szJNVGtaR7zc_mnfAHmddVibnZNSkh8DvKaQoiEfNsxjXzH_mtQheFaSfWELRB2MyMBaiWjdDm6ux9Ezns_3','XCP',150000000,'bet','78557eb7d5d0397c0c210220e106345dc88dc7cf95e2b8077c5a3ece2ba93fb6',15,NULL,NULL);
INSERT INTO debits VALUES(310015,'2_mn6q3dS2EnDUx3bmyWc6D4szJNVGtaR7zc_mnfAHmddVibnZNSkh8DvKaQoiEfNsxjXzH_mtQheFaSfWELRB2MyMBaiWjdDm6ux9Ezns_3','XCP',350000000,'bet','1ba5c7d6abf9225272c75dd48982a589b8a61aaf58bd9f0eafd8145e9c9d9d6a',16,NULL,NULL);
INSERT INTO debits VALUES(310016,'2_mn6q3dS2EnDUx3bmyWc6D4szJNVGtaR7zc_mnfAHmddVibnZNSkh8DvKaQoiEfNsxjXzH_mtQheFaSfWELRB2MyMBaiWjdDm6ux9Ezns_3','XCP',750000000,'bet','6c0ce1dec0cf5502ad41b3f9c15859cf40eda9beb0060db8f74485d1b9297e96',17,NULL,NULL);
INSERT INTO debits VALUES(310017,'2_mn6q3dS2EnDUx3bmyWc6D4szJNVGtaR7zc_mnfAHmddVibnZNSkh8DvKaQoiEfNsxjXzH_mtQheFaSfWELRB2MyMBaiWjdDm6ux9Ezns_3','XCP',650000000,'bet','b9ac4fa5d0dc82c0edd74bb42dcc5114e4160f9c6b05a1dd0399878c9659f90f',18,NULL,NULL);
INSERT INTO debits VALUES(310021,'2_mn6q3dS2EnDUx3bmyWc6D4szJNVGtaR7zc_mnfAHmddVibnZNSkh8DvKaQoiEfNsxjXzH_mtQheFaSfWELRB2MyMBaiWjdDm6ux9Ezns_3','BBBB',50000000,'open order','1e9c803dd89119395641881be44c8d1a98f571bf5b53ee683f880ee9ea16e451',22,NULL,NULL);
INSERT INTO debits VALUES(310023,'2_mn6q3dS2EnDUx3bmyWc6D4szJNVGtaR7zc_mnfAHmddVibnZNSkh8DvKaQoiEfNsxjXzH_mtQheFaSfWELRB2MyMBaiWjdDm6ux9Ezns_3','BBBC',10000,'send','c9c6b6ac73943d82145147a69956e48c2c5d8489dfbf0b1fea01e0c3c72ab6e1',24,NULL,NULL);
-- Triggers and indices on  debits
CREATE TRIGGER block_update_debits
            BEFORE UPDATE ON debits BEGIN
                SELECT RAISE(FAIL, "UPDATES NOT ALLOWED");
            END;
CREATE INDEX debits_action_idx ON debits (action)
        ;
CREATE INDEX debits_address_idx ON debits (address)
        ;
CREATE INDEX debits_asset_idx ON debits (asset)
        ;
CREATE INDEX debits_block_index_idx ON debits (block_index)
        ;
CREATE INDEX debits_event_idx ON debits (event)
        ;
CREATE INDEX debits_quantity_idx ON debits (quantity)
        ;
CREATE INDEX debits_utxo_address_idx ON debits (utxo_address)
        ;
CREATE INDEX debits_utxo_idx ON debits (utxo)
        ;

COMMIT TRANSACTION;
PRAGMA page_size=4096;
-- PRAGMA encoding='UTF-8';
-- PRAGMA auto_vacuum=FULL;
-- PRAGMA max_page_count=4294967294;

BEGIN TRANSACTION;

-- Table  messages
DROP TABLE IF EXISTS messages;
CREATE TABLE messages(
                      message_index INTEGER PRIMARY KEY,
                      block_index INTEGER,
                      command TEXT,
                      category TEXT,
                      bindings TEXT,
                      timestamp INTEGER,
                      event TEXT,
                      tx_hash TEXT,
                      event_hash TEXT);
INSERT INTO messages VALUES(0,309999,'insert','blocks','{"block_hash":"8b3bef249cb3b0fa23a4936c1249b6bd41daeadc848c8d2e409ea1cbc10adfe7","block_index":309999,"block_time":309999000,"difficulty":null,"ledger_hash":null,"previous_block_hash":null,"txlist_hash":null}',0,'NEW_BLOCK',NULL,'965f19c821dfa5b0ce29c0b99a18a7d2b1c5f70439e4d44627b946c5ac479db9');
INSERT INTO messages VALUES(1,309999,'parse','blocks','{"block_index":309999,"ledger_hash":"63f0fef31d02da85fa779e9a0e1b585b1a6a4e59e14564249e288e074e91c223","messages_hash":"63f0fef31d02da85fa779e9a0e1b585b1a6a4e59e14564249e288e074e91c223","transaction_count":0,"txlist_hash":"63f0fef31d02da85fa779e9a0e1b585b1a6a4e59e14564249e288e074e91c223"}',0,'BLOCK_PARSED',NULL,'640080d2cb6d2e2a1c1d99da104f34aa7632774837b4090fb36fadb2a306d2a0');
INSERT INTO messages VALUES(2,310000,'insert','blocks','{"block_hash":"505d8d82c4ced7daddef7ed0b05ba12ecc664176887b938ef56c6af276f3b30c","block_index":310000,"block_time":310000000,"difficulty":null,"ledger_hash":null,"previous_block_hash":null,"txlist_hash":null}',0,'NEW_BLOCK',NULL,'4e92402478a1ae3c97bae88f2b0dc960fc81385c88cd9b273ca0b74a0993c1b5');
INSERT INTO messages VALUES(3,310000,'insert','transactions','{"block_hash":"505d8d82c4ced7daddef7ed0b05ba12ecc664176887b938ef56c6af276f3b30c","block_index":310000,"block_time":310000000,"btc_amount":62000000,"data":"","destination":"mvCounterpartyXXXXXXXXXXXXXXW24Hef","fee":1260,"source":"2_mn6q3dS2EnDUx3bmyWc6D4szJNVGtaR7zc_mnfAHmddVibnZNSkh8DvKaQoiEfNsxjXzH_mtQheFaSfWELRB2MyMBaiWjdDm6ux9Ezns_3","supported":true,"tx_hash":"432e72f9c26053958e4077e3fa4d0b6398238ecdf094ff163dbaa85c4fbdc532","tx_index":1,"utxos_info":" 8e7f8bb446195f6f51e254f79de79e9efdf653dc7ccfee50e5739966b2ed4bc4:0 2 "}',0,'NEW_TRANSACTION',NULL,'2c26fa4b28a15c210940958da6b5573caa38cb11bede850129c62593888a0bc3');
INSERT INTO messages VALUES(4,310000,'insert','credits','{"address":"2_mn6q3dS2EnDUx3bmyWc6D4szJNVGtaR7zc_mnfAHmddVibnZNSkh8DvKaQoiEfNsxjXzH_mtQheFaSfWELRB2MyMBaiWjdDm6ux9Ezns_3","asset":"XCP","block_index":310000,"calling_function":"burn","event":"432e72f9c26053958e4077e3fa4d0b6398238ecdf094ff163dbaa85c4fbdc532","quantity":93000000000,"tx_index":1,"utxo":null,"utxo_address":null}',0,'CREDIT','432e72f9c26053958e4077e3fa4d0b6398238ecdf094ff163dbaa85c4fbdc532','b9987ac012f085ead678359b5db68605b22c0ad4f17460a4d797f89da096421d');
INSERT INTO messages VALUES(5,310000,'insert','burns','{"block_index":310000,"burned":62000000,"earned":93000000000,"source":"2_mn6q3dS2EnDUx3bmyWc6D4szJNVGtaR7zc_mnfAHmddVibnZNSkh8DvKaQoiEfNsxjXzH_mtQheFaSfWELRB2MyMBaiWjdDm6ux9Ezns_3","status":"valid","tx_hash":"432e72f9c26053958e4077e3fa4d0b6398238ecdf094ff163dbaa85c4fbdc532","tx_index":1}',0,'BURN','432e72f9c26053958e4077e3fa4d0b6398238ecdf094ff163dbaa85c4fbdc532','1e0328ab10cb6137a39a611340ed5424bfaffbf5144148a05887dd1195f8ab39');
INSERT INTO messages VALUES(6,310000,'parse','transactions','{"supported":true,"tx_hash":"432e72f9c26053958e4077e3fa4d0b6398238ecdf094ff163dbaa85c4fbdc532","tx_index":1}',0,'TRANSACTION_PARSED','432e72f9c26053958e4077e3fa4d0b6398238ecdf094ff163dbaa85c4fbdc532','140db607dbb4e44fe90c1622cfa7c2bf8dda4bfaca2c857fb02432a7edc816d5');
INSERT INTO messages VALUES(7,310000,'parse','blocks','{"block_index":310000,"ledger_hash":"cff3ba7c92f6b318eb4a4a5e2b90b655fc055d4e8a82101b813aef6e1c6152e4","messages_hash":"7ca2480096fd750340cd649e58cb09c948b944bafe8180985c174ef68b1dcd11","transaction_count":1,"txlist_hash":"be428c6a564896c0f411cb80235f5b548b08ceb2e1d0acf1c2f1535cd1e22f34"}',0,'BLOCK_PARSED',NULL,'9f6ce428fa648e2b1b814ca7008635324eaabc62a39bb20a63dbeba2b7ca8370');
INSERT INTO messages VALUES(8,310001,'insert','blocks','{"block_hash":"3c9f6a9c6cac46a9273bd3db39ad775acd5bc546378ec2fb0587e06e112cc78e","block_index":310001,"block_time":310001000,"difficulty":null,"ledger_hash":null,"previous_block_hash":null,"txlist_hash":null}',0,'NEW_BLOCK',NULL,'1e5071ce557561ab627ad679e2b53ff7aadfc67fd1cb7cb669cb334f7bd59e0d');
INSERT INTO messages VALUES(9,310001,'insert','transactions','{"block_hash":"3c9f6a9c6cac46a9273bd3db39ad775acd5bc546378ec2fb0587e06e112cc78e","block_index":310001,"block_time":310001000,"btc_amount":1000,"data":"0000000000000000000000010000000002faf080","destination":"2_mn6q3dS2EnDUx3bmyWc6D4szJNVGtaR7zc_mnfAHmddVibnZNSkh8DvKaQoiEfNsxjXzH_mqPCfvqTfYctXMUfmniXeG2nyaN8w6tPmj_3","fee":3600,"source":"2_mn6q3dS2EnDUx3bmyWc6D4szJNVGtaR7zc_mnfAHmddVibnZNSkh8DvKaQoiEfNsxjXzH_mtQheFaSfWELRB2MyMBaiWjdDm6ux9Ezns_3","supported":true,"tx_hash":"52daf14bcfd09f08129844836d5c01fec90a8359bb3e5fb794788df3a2a5e909","tx_index":2,"utxos_info":" 6dc3ea7e39bea401752f7937ccedf00f936bb4ed1aac3f8babe04b3efc5a4cb0:0 3 "}',0,'NEW_TRANSACTION',NULL,'ef50b69c01a0f6a9f0c3b6e266070e56304d755cc43be84f5deab67ed321e080');
INSERT INTO messages VALUES(10,310001,'insert','debits','{"action":"send","address":"2_mn6q3dS2EnDUx3bmyWc6D4szJNVGtaR7zc_mnfAHmddVibnZNSkh8DvKaQoiEfNsxjXzH_mtQheFaSfWELRB2MyMBaiWjdDm6ux9Ezns_3","asset":"XCP","block_index":310001,"event":"52daf14bcfd09f08129844836d5c01fec90a8359bb3e5fb794788df3a2a5e909","quantity":50000000,"tx_index":2,"utxo":null,"utxo_address":null}',0,'DEBIT','52daf14bcfd09f08129844836d5c01fec90a8359bb3e5fb794788df3a2a5e909','891aead045d201785e503fded61681d9a94720aa5a37d3c2377c5fc90805c2c6');
INSERT INTO messages VALUES(11,310001,'insert','credits','{"address":"2_mn6q3dS2EnDUx3bmyWc6D4szJNVGtaR7zc_mnfAHmddVibnZNSkh8DvKaQoiEfNsxjXzH_mqPCfvqTfYctXMUfmniXeG2nyaN8w6tPmj_3","asset":"XCP","block_index":310001,"calling_function":"send","event":"52daf14bcfd09f08129844836d5c01fec90a8359bb3e5fb794788df3a2a5e909","quantity":50000000,"tx_index":2,"utxo":null,"utxo_address":null}',0,'CREDIT','52daf14bcfd09f08129844836d5c01fec90a8359bb3e5fb794788df3a2a5e909','ff119e5ab5fa3b806ccd47659de1b54cc4d6437604f1a8c89135bb7c5d3dde74');
INSERT INTO messages VALUES(12,310001,'insert','sends','{"asset":"XCP","block_index":310001,"destination":"2_mn6q3dS2EnDUx3bmyWc6D4szJNVGtaR7zc_mnfAHmddVibnZNSkh8DvKaQoiEfNsxjXzH_mqPCfvqTfYctXMUfmniXeG2nyaN8w6tPmj_3","msg_index":0,"quantity":50000000,"send_type":"send","source":"2_mn6q3dS2EnDUx3bmyWc6D4szJNVGtaR7zc_mnfAHmddVibnZNSkh8DvKaQoiEfNsxjXzH_mtQheFaSfWELRB2MyMBaiWjdDm6ux9Ezns_3","status":"valid","tx_hash":"52daf14bcfd09f08129844836d5c01fec90a8359bb3e5fb794788df3a2a5e909","tx_index":2}',0,'SEND','52daf14bcfd09f08129844836d5c01fec90a8359bb3e5fb794788df3a2a5e909','f2a9c7d1024348ab1bb68e735cb125963858bcdc76c5116999a8f5d370499f19');
INSERT INTO messages VALUES(13,310001,'parse','transactions','{"supported":true,"tx_hash":"52daf14bcfd09f08129844836d5c01fec90a8359bb3e5fb794788df3a2a5e909","tx_index":2}',0,'TRANSACTION_PARSED','52daf14bcfd09f08129844836d5c01fec90a8359bb3e5fb794788df3a2a5e909','dec3b8ec9429f5b663619a7f4f7abb3106b4c5380157e8f3ab371f610196a2f3');
INSERT INTO messages VALUES(14,310001,'parse','blocks','{"block_index":310001,"ledger_hash":"2281de0177f4fcf8d730e2751d7b9fb5da4df741196bbcaff470c7860a2ca0b6","messages_hash":"357f473abf9bcbf4c501456494c1b537025ede4bf873d0b1e177a10e218020f0","transaction_count":1,"txlist_hash":"cd426ed8c6b417a0413ee9633998a51ea87f88fa983f19141a4904af1b8da525"}',0,'BLOCK_PARSED',NULL,'73a2ab4b9cc0a54fce6aa31ca66df575fdc44d28dd8b066f21bcf0f94bdf622d');
INSERT INTO messages VALUES(15,310002,'insert','blocks','{"block_hash":"fbb60f1144e1f7d4dc036a4a158a10ea6dea2ba6283a723342a49b8eb5cc9964","block_index":310002,"block_time":310002000,"difficulty":null,"ledger_hash":null,"previous_block_hash":null,"txlist_hash":null}',0,'NEW_BLOCK',NULL,'d392356e10c75904b2346a747b0df2ab2ce00ea6167c5a7fdf1321e9bb95ffca');
INSERT INTO messages VALUES(16,310002,'insert','transactions','{"block_hash":"fbb60f1144e1f7d4dc036a4a158a10ea6dea2ba6283a723342a49b8eb5cc9964","block_index":310002,"block_time":310002000,"btc_amount":0,"data":"0000000a00000000000000000000000002faf08000000000000000010000000005f5e100000a0000000000000000","destination":"","fee":1000000,"source":"2_mn6q3dS2EnDUx3bmyWc6D4szJNVGtaR7zc_mnfAHmddVibnZNSkh8DvKaQoiEfNsxjXzH_mtQheFaSfWELRB2MyMBaiWjdDm6ux9Ezns_3","supported":true,"tx_hash":"783ebadc94a1a6b12a5de85b74fa63b68383e6e6a94bb8067a6eddd1649a1ccf","tx_index":3,"utxos_info":" 3b63f1986827e6413dc962cd8b1642559fd4f27000696829f64fa808823f823d:0 2 "}',0,'NEW_TRANSACTION',NULL,'c9574d9f112ac7d19c0c6bbeae19dfe9d2a7ca3306e08b0801fdf07d81ddf791');
INSERT INTO messages VALUES(17,310002,'insert','orders','{"block_index":310002,"expiration":10,"expire_index":310012,"fee_provided":1000000,"fee_provided_remaining":1000000,"fee_required":0,"fee_required_remaining":0,"get_asset":"XCP","get_quantity":100000000,"get_remaining":100000000,"give_asset":"BTC","give_quantity":50000000,"give_remaining":50000000,"source":"2_mn6q3dS2EnDUx3bmyWc6D4szJNVGtaR7zc_mnfAHmddVibnZNSkh8DvKaQoiEfNsxjXzH_mtQheFaSfWELRB2MyMBaiWjdDm6ux9Ezns_3","status":"open","tx_hash":"783ebadc94a1a6b12a5de85b74fa63b68383e6e6a94bb8067a6eddd1649a1ccf","tx_index":3}',0,'OPEN_ORDER','783ebadc94a1a6b12a5de85b74fa63b68383e6e6a94bb8067a6eddd1649a1ccf','7a92a40efc6b5aa72aa80800684dbc166089428ee7a7479a7bd9e442d79008dd');
INSERT INTO messages VALUES(18,310002,'parse','transactions','{"supported":true,"tx_hash":"783ebadc94a1a6b12a5de85b74fa63b68383e6e6a94bb8067a6eddd1649a1ccf","tx_index":3}',0,'TRANSACTION_PARSED','783ebadc94a1a6b12a5de85b74fa63b68383e6e6a94bb8067a6eddd1649a1ccf','611ddcdde923d492df6a4ac8064f31a02874d5e5af09c2d141b7a543fe096f28');
INSERT INTO messages VALUES(19,310002,'parse','blocks','{"block_index":310002,"ledger_hash":"802742a55d8ab83de24c45efb86d1daa0ad4e565cc4db6dcaa5cedb16ec4125f","messages_hash":"47bbb340b5813c326fc68caee054bb6307d1b94efa10656d8077ffcd648f6b5f","transaction_count":1,"txlist_hash":"05451fbcf54c0d236700c8ead739b77d60da9bd3c64bd9b81cf33d5411ef846c"}',0,'BLOCK_PARSED',NULL,'b1364c27009ed30de51737891d77ee5c0998e39586f2e3b026440ea832c61d44');
INSERT INTO messages VALUES(20,310003,'insert','blocks','{"block_hash":"d50825dcb32bcf6f69994d616eba18de7718d3d859497e80751b2cb67e333e8a","block_index":310003,"block_time":310003000,"difficulty":null,"ledger_hash":null,"previous_block_hash":null,"txlist_hash":null}',0,'NEW_BLOCK',NULL,'4ed508873481660ef50bfd4014a35922dc8f162eb43d5ee86535d670df528ef9');
INSERT INTO messages VALUES(21,310003,'insert','transactions','{"block_hash":"d50825dcb32bcf6f69994d616eba18de7718d3d859497e80751b2cb67e333e8a","block_index":310003,"block_time":310003000,"btc_amount":0,"data":"0000000a00000000000000010000000006422c4000000000000000000000000002faf080000a00000000000dbba0","destination":"","fee":2400,"source":"2_mn6q3dS2EnDUx3bmyWc6D4szJNVGtaR7zc_mnfAHmddVibnZNSkh8DvKaQoiEfNsxjXzH_mtQheFaSfWELRB2MyMBaiWjdDm6ux9Ezns_3","supported":true,"tx_hash":"f9052fcb3866c44956652b0bdabc4f1a532ae8ab6e39d2604003a9963594cfe1","tx_index":4,"utxos_info":" 0d6cb39b3ddec846b6a362b66cb090c72a6607a805001c48cf5c74625ee296ee:0 2 "}',0,'NEW_TRANSACTION',NULL,'2d07083a214ddcaafb7a29eb790ba42accda42c57af0a8f088b198492ba0d651');
INSERT INTO messages VALUES(22,310003,'insert','debits','{"action":"open order","address":"2_mn6q3dS2EnDUx3bmyWc6D4szJNVGtaR7zc_mnfAHmddVibnZNSkh8DvKaQoiEfNsxjXzH_mtQheFaSfWELRB2MyMBaiWjdDm6ux9Ezns_3","asset":"XCP","block_index":310003,"event":"f9052fcb3866c44956652b0bdabc4f1a532ae8ab6e39d2604003a9963594cfe1","quantity":105000000,"tx_index":4,"utxo":null,"utxo_address":null}',0,'DEBIT','f9052fcb3866c44956652b0bdabc4f1a532ae8ab6e39d2604003a9963594cfe1','930b46f04571af002a019f30b4ad964b226925600e1853a24df909f17f354708');
INSERT INTO messages VALUES(23,310003,'insert','orders','{"block_index":310003,"expiration":10,"expire_index":310013,"fee_provided":2400,"fee_provided_remaining":2400,"fee_required":900000,"fee_required_remaining":900000,"get_asset":"BTC","get_quantity":50000000,"get_remaining":50000000,"give_asset":"XCP","give_quantity":105000000,"give_remaining":105000000,"source":"2_mn6q3dS2EnDUx3bmyWc6D4szJNVGtaR7zc_mnfAHmddVibnZNSkh8DvKaQoiEfNsxjXzH_mtQheFaSfWELRB2MyMBaiWjdDm6ux9Ezns_3","status":"open","tx_hash":"f9052fcb3866c44956652b0bdabc4f1a532ae8ab6e39d2604003a9963594cfe1","tx_index":4}',0,'OPEN_ORDER','f9052fcb3866c44956652b0bdabc4f1a532ae8ab6e39d2604003a9963594cfe1','eaab11bb7bade5780da4b3da465cd5c255bda260565c9d099d7a5c089a5d145d');
INSERT INTO messages VALUES(24,310003,'update','orders','{"fee_provided_remaining":142858,"fee_required_remaining":0,"get_remaining":0,"give_remaining":0,"status":"open","tx_hash":"783ebadc94a1a6b12a5de85b74fa63b68383e6e6a94bb8067a6eddd1649a1ccf"}',0,'ORDER_UPDATE','f9052fcb3866c44956652b0bdabc4f1a532ae8ab6e39d2604003a9963594cfe1','dd1210979a4a622803d23789d185b63a79c8ab1541076ade93a77b5cd4a68b6e');
INSERT INTO messages VALUES(25,310003,'update','orders','{"fee_provided_remaining":2400,"fee_required_remaining":42858,"get_remaining":0,"give_remaining":5000000,"status":"open","tx_hash":"f9052fcb3866c44956652b0bdabc4f1a532ae8ab6e39d2604003a9963594cfe1"}',0,'ORDER_UPDATE','f9052fcb3866c44956652b0bdabc4f1a532ae8ab6e39d2604003a9963594cfe1','bc060c598917db4296aa704f2963be288d4cd63e9475d763f42845457133dcb3');
INSERT INTO messages VALUES(26,310003,'insert','order_matches','{"backward_asset":"XCP","backward_quantity":100000000,"block_index":310003,"fee_paid":857142,"forward_asset":"BTC","forward_quantity":50000000,"id":"783ebadc94a1a6b12a5de85b74fa63b68383e6e6a94bb8067a6eddd1649a1ccf_f9052fcb3866c44956652b0bdabc4f1a532ae8ab6e39d2604003a9963594cfe1","match_expire_index":310023,"status":"pending","tx0_address":"2_mn6q3dS2EnDUx3bmyWc6D4szJNVGtaR7zc_mnfAHmddVibnZNSkh8DvKaQoiEfNsxjXzH_mtQheFaSfWELRB2MyMBaiWjdDm6ux9Ezns_3","tx0_block_index":310002,"tx0_expiration":10,"tx0_hash":"783ebadc94a1a6b12a5de85b74fa63b68383e6e6a94bb8067a6eddd1649a1ccf","tx0_index":3,"tx1_address":"2_mn6q3dS2EnDUx3bmyWc6D4szJNVGtaR7zc_mnfAHmddVibnZNSkh8DvKaQoiEfNsxjXzH_mtQheFaSfWELRB2MyMBaiWjdDm6ux9Ezns_3","tx1_block_index":310003,"tx1_expiration":10,"tx1_hash":"f9052fcb3866c44956652b0bdabc4f1a532ae8ab6e39d2604003a9963594cfe1","tx1_index":4}',0,'ORDER_MATCH','f9052fcb3866c44956652b0bdabc4f1a532ae8ab6e39d2604003a9963594cfe1','e8c77a1de33d6c60a5935c8eaf7977e2bd418301b3924d1a11fdf874a85faeda');
INSERT INTO messages VALUES(27,310003,'parse','transactions','{"supported":true,"tx_hash":"f9052fcb3866c44956652b0bdabc4f1a532ae8ab6e39d2604003a9963594cfe1","tx_index":4}',0,'TRANSACTION_PARSED','f9052fcb3866c44956652b0bdabc4f1a532ae8ab6e39d2604003a9963594cfe1','e4c28da6f809f0b841f043e5bfa10c2c7c185f40ea0ef533d1b5c7dbdd6c0274');
INSERT INTO messages VALUES(28,310003,'parse','blocks','{"block_index":310003,"ledger_hash":"ed279c6a985256134cfb39f1283ec97c8dc800b7255a3e8243ca9846884d0378","messages_hash":"8b33d6d199bcf013605ad9588c991b4e9fd438815e0c7af1eadb4d1d626d2328","transaction_count":1,"txlist_hash":"6371d2847bb653716dfe777ea56ada7bc33b6d491feb0ec7450b51235949be1b"}',0,'BLOCK_PARSED',NULL,'148838291a778c09c980c95c94792b4446b638e4c05cacc6dd894a94a268daa1');
INSERT INTO messages VALUES(29,310004,'insert','blocks','{"block_hash":"60cdc0ac0e3121ceaa2c3885f21f5789f49992ffef6e6ff99f7da80e36744615","block_index":310004,"block_time":310004000,"difficulty":null,"ledger_hash":null,"previous_block_hash":null,"txlist_hash":null}',0,'NEW_BLOCK',NULL,'46eba642b55fa550146baa1a5c667c2390323a405cb66fae3d2656c9d1c1b39a');
INSERT INTO messages VALUES(30,310004,'insert','transactions','{"block_hash":"60cdc0ac0e3121ceaa2c3885f21f5789f49992ffef6e6ff99f7da80e36744615","block_index":310004,"block_time":310004000,"btc_amount":50000000,"data":"0000000b783ebadc94a1a6b12a5de85b74fa63b68383e6e6a94bb8067a6eddd1649a1ccff9052fcb3866c44956652b0bdabc4f1a532ae8ab6e39d2604003a9963594cfe1","destination":"2_mn6q3dS2EnDUx3bmyWc6D4szJNVGtaR7zc_mnfAHmddVibnZNSkh8DvKaQoiEfNsxjXzH_mtQheFaSfWELRB2MyMBaiWjdDm6ux9Ezns_3","fee":4800,"source":"2_mn6q3dS2EnDUx3bmyWc6D4szJNVGtaR7zc_mnfAHmddVibnZNSkh8DvKaQoiEfNsxjXzH_mtQheFaSfWELRB2MyMBaiWjdDm6ux9Ezns_3","supported":true,"tx_hash":"77c28286f10f872f464f96b6af0691fcbfd1b70371c9e285527d9f9e14af80fa","tx_index":5,"utxos_info":" c61ffed926fea18f52c06d1d81953726fe21013478aaf5144a3c87c32c8b45b5:0 4 "}',0,'NEW_TRANSACTION',NULL,'8862092513d127e44db61045215e4f5c1fd527e57f08b6a7dcd72f65cd91ca1b');
INSERT INTO messages VALUES(31,310004,'insert','credits','{"address":"2_mn6q3dS2EnDUx3bmyWc6D4szJNVGtaR7zc_mnfAHmddVibnZNSkh8DvKaQoiEfNsxjXzH_mtQheFaSfWELRB2MyMBaiWjdDm6ux9Ezns_3","asset":"XCP","block_index":310004,"calling_function":"btcpay","event":"77c28286f10f872f464f96b6af0691fcbfd1b70371c9e285527d9f9e14af80fa","quantity":100000000,"tx_index":5,"utxo":null,"utxo_address":null}',0,'CREDIT','77c28286f10f872f464f96b6af0691fcbfd1b70371c9e285527d9f9e14af80fa','6f448cf940f547a13bd3d131705b64fc04f6cba5f82fdc7f97315059b67a8dad');
INSERT INTO messages VALUES(32,310004,'update','order_matches','{"id":"783ebadc94a1a6b12a5de85b74fa63b68383e6e6a94bb8067a6eddd1649a1ccf_f9052fcb3866c44956652b0bdabc4f1a532ae8ab6e39d2604003a9963594cfe1","order_match_id":"783ebadc94a1a6b12a5de85b74fa63b68383e6e6a94bb8067a6eddd1649a1ccf_f9052fcb3866c44956652b0bdabc4f1a532ae8ab6e39d2604003a9963594cfe1","status":"completed"}',0,'ORDER_MATCH_UPDATE','77c28286f10f872f464f96b6af0691fcbfd1b70371c9e285527d9f9e14af80fa','31b2c4e102853d6697bd1edc1a4bdeadffa917c15cde4891731392dd0781a6f3');
INSERT INTO messages VALUES(33,310004,'insert','btcpays','{"block_index":310004,"btc_amount":50000000,"destination":"2_mn6q3dS2EnDUx3bmyWc6D4szJNVGtaR7zc_mnfAHmddVibnZNSkh8DvKaQoiEfNsxjXzH_mtQheFaSfWELRB2MyMBaiWjdDm6ux9Ezns_3","order_match_id":"783ebadc94a1a6b12a5de85b74fa63b68383e6e6a94bb8067a6eddd1649a1ccf_f9052fcb3866c44956652b0bdabc4f1a532ae8ab6e39d2604003a9963594cfe1","source":"2_mn6q3dS2EnDUx3bmyWc6D4szJNVGtaR7zc_mnfAHmddVibnZNSkh8DvKaQoiEfNsxjXzH_mtQheFaSfWELRB2MyMBaiWjdDm6ux9Ezns_3","status":"valid","tx_hash":"77c28286f10f872f464f96b6af0691fcbfd1b70371c9e285527d9f9e14af80fa","tx_index":5}',0,'BTC_PAY','77c28286f10f872f464f96b6af0691fcbfd1b70371c9e285527d9f9e14af80fa','2f3e97b2b322ae7bb49ced39cc805440d83049e1cb8e92ab17305ce7d8b9bc2a');
INSERT INTO messages VALUES(34,310004,'parse','transactions','{"supported":true,"tx_hash":"77c28286f10f872f464f96b6af0691fcbfd1b70371c9e285527d9f9e14af80fa","tx_index":5}',0,'TRANSACTION_PARSED','77c28286f10f872f464f96b6af0691fcbfd1b70371c9e285527d9f9e14af80fa','ae739b1971d48f17ee4a07ccaa586acaf1ea814f7d4ca3de0bf811b49cc7a3bc');
INSERT INTO messages VALUES(35,310004,'parse','blocks','{"block_index":310004,"ledger_hash":"bba1ec90ee149be7d8a88ff9df1fca931e076e885be21bc822637829a8675e02","messages_hash":"f39925315303e207ffc69200d595e087991064848880f6005f105d3bc8202f1b","transaction_count":1,"txlist_hash":"8c233be1c2111dcba8e763a91873caf2ef95a85b7adc12cdb27dcd44b00903c6"}',0,'BLOCK_PARSED',NULL,'ba155577826e316ec5363970cfa7a82fc66c6cf352923c7b751df9168cc67580');
INSERT INTO messages VALUES(36,310005,'insert','blocks','{"block_hash":"8005c2926b7ecc50376642bc661a49108b6dc62636463a5c492b123e2184cd9a","block_index":310005,"block_time":310005000,"difficulty":null,"ledger_hash":null,"previous_block_hash":null,"txlist_hash":null}',0,'NEW_BLOCK',NULL,'af2a2d2d9e033ac8721da5713e87bcde039b76539c4af0f2037519a073f6cd63');
INSERT INTO messages VALUES(37,310005,'insert','transactions','{"block_hash":"8005c2926b7ecc50376642bc661a49108b6dc62636463a5c492b123e2184cd9a","block_index":310005,"block_time":310005000,"btc_amount":0,"data":"000000140000000000004767000000003b9aca000100000000000000000000","destination":"","fee":2400,"source":"2_mn6q3dS2EnDUx3bmyWc6D4szJNVGtaR7zc_mnfAHmddVibnZNSkh8DvKaQoiEfNsxjXzH_mtQheFaSfWELRB2MyMBaiWjdDm6ux9Ezns_3","supported":true,"tx_hash":"4aeabf4947b1a05c48f11c509e8bf3ebb17ddeda735d4d4ccebd62123b99bba0","tx_index":6,"utxos_info":" bedb7e26eca37a7e6f48d5af2e00fe86f40b620c47b7a05ee4166b7d9b398fbe:0 2 "}',0,'NEW_TRANSACTION',NULL,'c39fca6678818556daf71147289c4e0c14e1eb257188d73c530cfa39649d274a');
INSERT INTO messages VALUES(38,310005,'insert','debits','{"action":"issuance fee","address":"2_mn6q3dS2EnDUx3bmyWc6D4szJNVGtaR7zc_mnfAHmddVibnZNSkh8DvKaQoiEfNsxjXzH_mtQheFaSfWELRB2MyMBaiWjdDm6ux9Ezns_3","asset":"XCP","block_index":310005,"event":"4aeabf4947b1a05c48f11c509e8bf3ebb17ddeda735d4d4ccebd62123b99bba0","quantity":50000000,"tx_index":6,"utxo":null,"utxo_address":null}',0,'DEBIT','4aeabf4947b1a05c48f11c509e8bf3ebb17ddeda735d4d4ccebd62123b99bba0','ee128af6428a6b652750462fc795edcc68828efb8646cb091f528cf684784059');
INSERT INTO messages VALUES(39,310005,'insert','assets','{"asset_id":"18279","asset_longname":null,"asset_name":"BBBB","block_index":310005}',0,'ASSET_CREATION','4aeabf4947b1a05c48f11c509e8bf3ebb17ddeda735d4d4ccebd62123b99bba0','3e8a53b0a369690a4256878fd18d3c8b117707460a589f6895214eda7e126902');
INSERT INTO messages VALUES(40,310005,'insert','issuances','{"asset":"BBBB","asset_events":"creation","asset_longname":null,"block_index":310005,"call_date":0,"call_price":0.0,"callable":false,"description":"","description_locked":false,"divisible":true,"fee_paid":50000000,"issuer":"2_mn6q3dS2EnDUx3bmyWc6D4szJNVGtaR7zc_mnfAHmddVibnZNSkh8DvKaQoiEfNsxjXzH_mtQheFaSfWELRB2MyMBaiWjdDm6ux9Ezns_3","locked":false,"quantity":1000000000,"reset":false,"source":"2_mn6q3dS2EnDUx3bmyWc6D4szJNVGtaR7zc_mnfAHmddVibnZNSkh8DvKaQoiEfNsxjXzH_mtQheFaSfWELRB2MyMBaiWjdDm6ux9Ezns_3","status":"valid","transfer":false,"tx_hash":"4aeabf4947b1a05c48f11c509e8bf3ebb17ddeda735d4d4ccebd62123b99bba0","tx_index":6}',0,'ASSET_ISSUANCE','4aeabf4947b1a05c48f11c509e8bf3ebb17ddeda735d4d4ccebd62123b99bba0','fb112a4e31ba59ada5256133c2d777e3f1830f518299c1932a1e52d7980ef48f');
INSERT INTO messages VALUES(41,310005,'insert','credits','{"address":"2_mn6q3dS2EnDUx3bmyWc6D4szJNVGtaR7zc_mnfAHmddVibnZNSkh8DvKaQoiEfNsxjXzH_mtQheFaSfWELRB2MyMBaiWjdDm6ux9Ezns_3","asset":"BBBB","block_index":310005,"calling_function":"issuance","event":"4aeabf4947b1a05c48f11c509e8bf3ebb17ddeda735d4d4ccebd62123b99bba0","quantity":1000000000,"tx_index":6,"utxo":null,"utxo_address":null}',0,'CREDIT','4aeabf4947b1a05c48f11c509e8bf3ebb17ddeda735d4d4ccebd62123b99bba0','ff1dd1186bcaad4e00ab103a80f6d5128674622266ab1106fa7609546f6d2de1');
INSERT INTO messages VALUES(42,310005,'parse','transactions','{"supported":true,"tx_hash":"4aeabf4947b1a05c48f11c509e8bf3ebb17ddeda735d4d4ccebd62123b99bba0","tx_index":6}',0,'TRANSACTION_PARSED','4aeabf4947b1a05c48f11c509e8bf3ebb17ddeda735d4d4ccebd62123b99bba0','a3c5861f1b92284f4ea4a4c5d3fd0507aa43abeb848ee7744f8eb3297d9af3a4');
INSERT INTO messages VALUES(43,310005,'parse','blocks','{"block_index":310005,"ledger_hash":"5f8a9d465e686b3e9471041bd15d645b7fc8afee36ee890873aa6c3c51d87bb5","messages_hash":"936f3a43472378b308b6f6db1ed1292545475cb4686c220f35a5a8a136eca2c9","transaction_count":1,"txlist_hash":"fde9310d06abe77aeecfe5b32a8756723f950112dfb0c2e0310bfee9504da908"}',0,'BLOCK_PARSED',NULL,'2a9d3562929d408198ef56d9217a14f02feae49766b284b8dc0c1fdc190fe819');
INSERT INTO messages VALUES(44,310006,'insert','blocks','{"block_hash":"bdad69d1669eace68b9f246de113161099d4f83322e2acf402c42defef3af2bb","block_index":310006,"block_time":310006000,"difficulty":null,"ledger_hash":null,"previous_block_hash":null,"txlist_hash":null}',0,'NEW_BLOCK',NULL,'3f90b048e04e27e08bb9690877a77f58582483a26d500653e72fd7891b7e0903');
INSERT INTO messages VALUES(45,310006,'insert','transactions','{"block_hash":"bdad69d1669eace68b9f246de113161099d4f83322e2acf402c42defef3af2bb","block_index":310006,"block_time":310006000,"btc_amount":0,"data":"00000014000000000000476800000000000186a00000000000000000000006666f6f626172","destination":"","fee":2400,"source":"2_mn6q3dS2EnDUx3bmyWc6D4szJNVGtaR7zc_mnfAHmddVibnZNSkh8DvKaQoiEfNsxjXzH_mtQheFaSfWELRB2MyMBaiWjdDm6ux9Ezns_3","supported":true,"tx_hash":"3a4efc68aba319c23932f90d0375dbde6ec933dfba933a8d8e5bd3f03b1d4242","tx_index":7,"utxos_info":" 0bf1ec3ce1f8c759357680da1a779388f771b79f95455b568738cf95f450bc99:0 2 "}',0,'NEW_TRANSACTION',NULL,'dbd754ff1c4152b32351dbac1fab1c538890eb08df0e08bcf5f3dec8b66501fc');
INSERT INTO messages VALUES(46,310006,'insert','debits','{"action":"issuance fee","address":"2_mn6q3dS2EnDUx3bmyWc6D4szJNVGtaR7zc_mnfAHmddVibnZNSkh8DvKaQoiEfNsxjXzH_mtQheFaSfWELRB2MyMBaiWjdDm6ux9Ezns_3","asset":"XCP","block_index":310006,"event":"3a4efc68aba319c23932f90d0375dbde6ec933dfba933a8d8e5bd3f03b1d4242","quantity":50000000,"tx_index":7,"utxo":null,"utxo_address":null}',0,'DEBIT','3a4efc68aba319c23932f90d0375dbde6ec933dfba933a8d8e5bd3f03b1d4242','ab5f574ff9016b01b031cca93aca8a1bc5fd1613d370e319fdaf3a8a23f51e7e');
INSERT INTO messages VALUES(47,310006,'insert','assets','{"asset_id":"18280","asset_longname":null,"asset_name":"BBBC","block_index":310006}',0,'ASSET_CREATION','3a4efc68aba319c23932f90d0375dbde6ec933dfba933a8d8e5bd3f03b1d4242','2e445992b3c1a3c9d882635e5a0cc10c21c478d887823b20083f3d038755db49');
INSERT INTO messages VALUES(48,310006,'insert','issuances','{"asset":"BBBC","asset_events":"creation","asset_longname":null,"block_index":310006,"call_date":0,"call_price":0.0,"callable":false,"description":"foobar","description_locked":false,"divisible":false,"fee_paid":50000000,"issuer":"2_mn6q3dS2EnDUx3bmyWc6D4szJNVGtaR7zc_mnfAHmddVibnZNSkh8DvKaQoiEfNsxjXzH_mtQheFaSfWELRB2MyMBaiWjdDm6ux9Ezns_3","locked":false,"quantity":100000,"reset":false,"source":"2_mn6q3dS2EnDUx3bmyWc6D4szJNVGtaR7zc_mnfAHmddVibnZNSkh8DvKaQoiEfNsxjXzH_mtQheFaSfWELRB2MyMBaiWjdDm6ux9Ezns_3","status":"valid","transfer":false,"tx_hash":"3a4efc68aba319c23932f90d0375dbde6ec933dfba933a8d8e5bd3f03b1d4242","tx_index":7}',0,'ASSET_ISSUANCE','3a4efc68aba319c23932f90d0375dbde6ec933dfba933a8d8e5bd3f03b1d4242','b2cd725387ad26ec18b825aed6deb15ad4a75156ceec4f46a5138fa7575fb366');
INSERT INTO messages VALUES(49,310006,'insert','credits','{"address":"2_mn6q3dS2EnDUx3bmyWc6D4szJNVGtaR7zc_mnfAHmddVibnZNSkh8DvKaQoiEfNsxjXzH_mtQheFaSfWELRB2MyMBaiWjdDm6ux9Ezns_3","asset":"BBBC","block_index":310006,"calling_function":"issuance","event":"3a4efc68aba319c23932f90d0375dbde6ec933dfba933a8d8e5bd3f03b1d4242","quantity":100000,"tx_index":7,"utxo":null,"utxo_address":null}',0,'CREDIT','3a4efc68aba319c23932f90d0375dbde6ec933dfba933a8d8e5bd3f03b1d4242','cc656134a7db4480b3c46b0937ebf99ce6cd15ee0486aecc9fbb635251063de8');
INSERT INTO messages VALUES(50,310006,'parse','transactions','{"supported":true,"tx_hash":"3a4efc68aba319c23932f90d0375dbde6ec933dfba933a8d8e5bd3f03b1d4242","tx_index":7}',0,'TRANSACTION_PARSED','3a4efc68aba319c23932f90d0375dbde6ec933dfba933a8d8e5bd3f03b1d4242','662aff7656ba8acfa1352a5b58af5b72ab27d98e2814b322871a0b9ef1189895');
INSERT INTO messages VALUES(51,310006,'parse','blocks','{"block_index":310006,"ledger_hash":"153795f1c7ae2dbec7fc19bb25d03dd518f0664bca82b9bb92bb7c4f1e22f040","messages_hash":"ca7f3055be87a1ed35370cad0b3ad121ca27ba552fad3c8e8b7148ac17e50fc4","transaction_count":1,"txlist_hash":"cff737d56ad6f0fa3d6db0e5ba5cf860cba69ed064137d388b70e7bf813fd8e6"}',0,'BLOCK_PARSED',NULL,'cb4a2f0edb4178bca29a74089888cb0a4d6ab67d15e69d50073958bca3bc375a');
INSERT INTO messages VALUES(52,310007,'insert','blocks','{"block_hash":"10a642b96d60091d08234d17dfdecf3025eca41e4fc8e3bbe71a91c5a457cb4b","block_index":310007,"block_time":310007000,"difficulty":null,"ledger_hash":null,"previous_block_hash":null,"txlist_hash":null}',0,'NEW_BLOCK',NULL,'2d805fc857170f9fb958e8f6fdf77f6d94a01d361719cbba36fb408a5a0b4f69');
INSERT INTO messages VALUES(53,310007,'insert','transactions','{"block_hash":"10a642b96d60091d08234d17dfdecf3025eca41e4fc8e3bbe71a91c5a457cb4b","block_index":310007,"block_time":310007000,"btc_amount":1000,"data":"00000000000000000000476700000000003d0900","destination":"2_mn6q3dS2EnDUx3bmyWc6D4szJNVGtaR7zc_mnfAHmddVibnZNSkh8DvKaQoiEfNsxjXzH_mqPCfvqTfYctXMUfmniXeG2nyaN8w6tPmj_3","fee":3600,"source":"2_mn6q3dS2EnDUx3bmyWc6D4szJNVGtaR7zc_mnfAHmddVibnZNSkh8DvKaQoiEfNsxjXzH_mtQheFaSfWELRB2MyMBaiWjdDm6ux9Ezns_3","supported":true,"tx_hash":"c0ceba5f693d59aebc3b02e2c4d976f4f173ae8b32babb0d82f461bd01dfce68","tx_index":8,"utxos_info":" a49d04ca0ab60d845f11b1fdd407de1abe81921959cbb7f920f3105e9d4a85d4:0 3 "}',0,'NEW_TRANSACTION',NULL,'46d115df48281cb5cc22e1cccbcbd4211df1984f0cb9c29794b7a8a2b2d5c12f');
INSERT INTO messages VALUES(54,310007,'insert','debits','{"action":"send","address":"2_mn6q3dS2EnDUx3bmyWc6D4szJNVGtaR7zc_mnfAHmddVibnZNSkh8DvKaQoiEfNsxjXzH_mtQheFaSfWELRB2MyMBaiWjdDm6ux9Ezns_3","asset":"BBBB","block_index":310007,"event":"c0ceba5f693d59aebc3b02e2c4d976f4f173ae8b32babb0d82f461bd01dfce68","quantity":4000000,"tx_index":8,"utxo":null,"utxo_address":null}',0,'DEBIT','c0ceba5f693d59aebc3b02e2c4d976f4f173ae8b32babb0d82f461bd01dfce68','56c396d04f825d12d7d2dc36110dd7b0714f1c3d586bba983cffaa0b7e90ebea');
INSERT INTO messages VALUES(55,310007,'insert','credits','{"address":"2_mn6q3dS2EnDUx3bmyWc6D4szJNVGtaR7zc_mnfAHmddVibnZNSkh8DvKaQoiEfNsxjXzH_mqPCfvqTfYctXMUfmniXeG2nyaN8w6tPmj_3","asset":"BBBB","block_index":310007,"calling_function":"send","event":"c0ceba5f693d59aebc3b02e2c4d976f4f173ae8b32babb0d82f461bd01dfce68","quantity":4000000,"tx_index":8,"utxo":null,"utxo_address":null}',0,'CREDIT','c0ceba5f693d59aebc3b02e2c4d976f4f173ae8b32babb0d82f461bd01dfce68','957c57ae2ad13c9d38d75612b93a51b615ac33093ebfd1ab9ce35e8ba3a178f0');
INSERT INTO messages VALUES(56,310007,'insert','sends','{"asset":"BBBB","block_index":310007,"destination":"2_mn6q3dS2EnDUx3bmyWc6D4szJNVGtaR7zc_mnfAHmddVibnZNSkh8DvKaQoiEfNsxjXzH_mqPCfvqTfYctXMUfmniXeG2nyaN8w6tPmj_3","msg_index":0,"quantity":4000000,"send_type":"send","source":"2_mn6q3dS2EnDUx3bmyWc6D4szJNVGtaR7zc_mnfAHmddVibnZNSkh8DvKaQoiEfNsxjXzH_mtQheFaSfWELRB2MyMBaiWjdDm6ux9Ezns_3","status":"valid","tx_hash":"c0ceba5f693d59aebc3b02e2c4d976f4f173ae8b32babb0d82f461bd01dfce68","tx_index":8}',0,'SEND','c0ceba5f693d59aebc3b02e2c4d976f4f173ae8b32babb0d82f461bd01dfce68','cebbc60d81b33bb265038b09a7b29223733fa34a43bfaf4d85fdc3051c1b0ba4');
INSERT INTO messages VALUES(57,310007,'parse','transactions','{"supported":true,"tx_hash":"c0ceba5f693d59aebc3b02e2c4d976f4f173ae8b32babb0d82f461bd01dfce68","tx_index":8}',0,'TRANSACTION_PARSED','c0ceba5f693d59aebc3b02e2c4d976f4f173ae8b32babb0d82f461bd01dfce68','b1178a3021e1be0db399c633e82e18eb01bfaf3d9b0828e076a4fe99d344cce7');
INSERT INTO messages VALUES(58,310007,'parse','blocks','{"block_index":310007,"ledger_hash":"c5d21baa8c6949a8e9f0d73a37436d431bf4876ab3b60b82553877ec53fc4454","messages_hash":"f9f044f8c5a34d22d0dcc8ebb8e0658ff5fb5c58c12f3341267e858d99209f9a","transaction_count":1,"txlist_hash":"2799eaea12081dd5b45db4fdb607e6ecb2f7ee1eb3c4932585beccac671bd447"}',0,'BLOCK_PARSED',NULL,'264e35e5ddfdcb8cc72c2e483848d03f0416d54f15adcc4b0071212758e7aec5');
INSERT INTO messages VALUES(59,310008,'insert','blocks','{"block_hash":"47d0e3acbdc6916aeae95e987f9cfa16209b3df1e67bb38143b3422b32322c33","block_index":310008,"block_time":310008000,"difficulty":null,"ledger_hash":null,"previous_block_hash":null,"txlist_hash":null}',0,'NEW_BLOCK',NULL,'1cfff0152413631b993f0d2489c494504350bcc6a20e69b2e9e53d10054118ee');
INSERT INTO messages VALUES(60,310008,'insert','transactions','{"block_hash":"47d0e3acbdc6916aeae95e987f9cfa16209b3df1e67bb38143b3422b32322c33","block_index":310008,"block_time":310008000,"btc_amount":1000,"data":"000000000000000000004768000000000000020e","destination":"2_mn6q3dS2EnDUx3bmyWc6D4szJNVGtaR7zc_mnfAHmddVibnZNSkh8DvKaQoiEfNsxjXzH_mqPCfvqTfYctXMUfmniXeG2nyaN8w6tPmj_3","fee":3600,"source":"2_mn6q3dS2EnDUx3bmyWc6D4szJNVGtaR7zc_mnfAHmddVibnZNSkh8DvKaQoiEfNsxjXzH_mtQheFaSfWELRB2MyMBaiWjdDm6ux9Ezns_3","supported":true,"tx_hash":"b07d03f91d24509439aa649aa41f74ad7cd0aee11b35c649165d75bc0ea65404","tx_index":9,"utxos_info":" 65cae08bdb11b1f2d569d0e622df783a3d5915ca29d765062b0575f3cb734b7b:0 3 "}',0,'NEW_TRANSACTION',NULL,'115172d0cb1fc39ced2aa35cf54a029c573973572dbd2aa7fc52d2ae2e598ebb');
INSERT INTO messages VALUES(61,310008,'insert','debits','{"action":"send","address":"2_mn6q3dS2EnDUx3bmyWc6D4szJNVGtaR7zc_mnfAHmddVibnZNSkh8DvKaQoiEfNsxjXzH_mtQheFaSfWELRB2MyMBaiWjdDm6ux9Ezns_3","asset":"BBBC","block_index":310008,"event":"b07d03f91d24509439aa649aa41f74ad7cd0aee11b35c649165d75bc0ea65404","quantity":526,"tx_index":9,"utxo":null,"utxo_address":null}',0,'DEBIT','b07d03f91d24509439aa649aa41f74ad7cd0aee11b35c649165d75bc0ea65404','89322d75ce36dd08ffc64eb0f428dfda9cac4c5d71fa8970ec00c8cc4a8a086a');
INSERT INTO messages VALUES(62,310008,'insert','credits','{"address":"2_mn6q3dS2EnDUx3bmyWc6D4szJNVGtaR7zc_mnfAHmddVibnZNSkh8DvKaQoiEfNsxjXzH_mqPCfvqTfYctXMUfmniXeG2nyaN8w6tPmj_3","asset":"BBBC","block_index":310008,"calling_function":"send","event":"b07d03f91d24509439aa649aa41f74ad7cd0aee11b35c649165d75bc0ea65404","quantity":526,"tx_index":9,"utxo":null,"utxo_address":null}',0,'CREDIT','b07d03f91d24509439aa649aa41f74ad7cd0aee11b35c649165d75bc0ea65404','cc15cd00147342a3af1e83deeae140f35ff5e5d6581b163756158be35fb593d4');
INSERT INTO messages VALUES(63,310008,'insert','sends','{"asset":"BBBC","block_index":310008,"destination":"2_mn6q3dS2EnDUx3bmyWc6D4szJNVGtaR7zc_mnfAHmddVibnZNSkh8DvKaQoiEfNsxjXzH_mqPCfvqTfYctXMUfmniXeG2nyaN8w6tPmj_3","msg_index":0,"quantity":526,"send_type":"send","source":"2_mn6q3dS2EnDUx3bmyWc6D4szJNVGtaR7zc_mnfAHmddVibnZNSkh8DvKaQoiEfNsxjXzH_mtQheFaSfWELRB2MyMBaiWjdDm6ux9Ezns_3","status":"valid","tx_hash":"b07d03f91d24509439aa649aa41f74ad7cd0aee11b35c649165d75bc0ea65404","tx_index":9}',0,'SEND','b07d03f91d24509439aa649aa41f74ad7cd0aee11b35c649165d75bc0ea65404','49b7c9b28686d4a06f1dec81a638282966dc18a427dc68a95538cb325b28f914');
INSERT INTO messages VALUES(64,310008,'parse','transactions','{"supported":true,"tx_hash":"b07d03f91d24509439aa649aa41f74ad7cd0aee11b35c649165d75bc0ea65404","tx_index":9}',0,'TRANSACTION_PARSED','b07d03f91d24509439aa649aa41f74ad7cd0aee11b35c649165d75bc0ea65404','21f98f1c409add5cbbf6755f570c1b3865f97e4aa8155dbfdd7d92da934d0f96');
INSERT INTO messages VALUES(65,310008,'parse','blocks','{"block_index":310008,"ledger_hash":"579de8204446e9128076fd27a644a82da77ca5ff2793ff56815c24a11218af5e","messages_hash":"b16ea76c179de1133d5d52ce5f2337ad8bbb7e092031417ebfd52bb5464c3259","transaction_count":1,"txlist_hash":"0d184981148d2ba5c73e9cacb11b38d57e77e887cee2da96ca1ed594530ae2d0"}',0,'BLOCK_PARSED',NULL,'bdb65e6bef59b292e0a5d2982ad206f44e3c86791afbe9ac59e7cfd406a03607');
INSERT INTO messages VALUES(66,310009,'insert','blocks','{"block_hash":"4d474992b141620bf3753863db7ee5e8af26cadfbba27725911f44fa657bc1c0","block_index":310009,"block_time":310009000,"difficulty":null,"ledger_hash":null,"previous_block_hash":null,"txlist_hash":null}',0,'NEW_BLOCK',NULL,'a548d276594c8205261550997b3f61fd552d8621601ea3c4f76af203b77c20d8');
INSERT INTO messages VALUES(67,310009,'insert','transactions','{"block_hash":"4d474992b141620bf3753863db7ee5e8af26cadfbba27725911f44fa657bc1c0","block_index":310009,"block_time":310009000,"btc_amount":0,"data":"00000032000000000000025800000000000047670000000000000001","destination":"","fee":2400,"source":"2_mn6q3dS2EnDUx3bmyWc6D4szJNVGtaR7zc_mnfAHmddVibnZNSkh8DvKaQoiEfNsxjXzH_mtQheFaSfWELRB2MyMBaiWjdDm6ux9Ezns_3","supported":true,"tx_hash":"54eff2fcb84d71bb09ee9a7f3fe63c9c4b4998ec33a0a33db240fe79efaabb31","tx_index":10,"utxos_info":" d1f873d0a0c650acfc9a893128795be55cd10d1ff130f6c9bcbb64e13353f14c:0 2 "}',0,'NEW_TRANSACTION',NULL,'0c23f5919b5200f57e1a42909aab7c14b056aec4e1209ec2b918163a81cca884');
INSERT INTO messages VALUES(68,310009,'insert','debits','{"action":"dividend","address":"2_mn6q3dS2EnDUx3bmyWc6D4szJNVGtaR7zc_mnfAHmddVibnZNSkh8DvKaQoiEfNsxjXzH_mtQheFaSfWELRB2MyMBaiWjdDm6ux9Ezns_3","asset":"XCP","block_index":310009,"event":"54eff2fcb84d71bb09ee9a7f3fe63c9c4b4998ec33a0a33db240fe79efaabb31","quantity":24,"tx_index":10,"utxo":null,"utxo_address":null}',0,'DEBIT','54eff2fcb84d71bb09ee9a7f3fe63c9c4b4998ec33a0a33db240fe79efaabb31','c6a2079b8712afa94e6904573f0ed507519e07176ae3976665577813d470d5bd');
INSERT INTO messages VALUES(69,310009,'insert','debits','{"action":"dividend fee","address":"2_mn6q3dS2EnDUx3bmyWc6D4szJNVGtaR7zc_mnfAHmddVibnZNSkh8DvKaQoiEfNsxjXzH_mtQheFaSfWELRB2MyMBaiWjdDm6ux9Ezns_3","asset":"XCP","block_index":310009,"event":"54eff2fcb84d71bb09ee9a7f3fe63c9c4b4998ec33a0a33db240fe79efaabb31","quantity":20000,"tx_index":10,"utxo":null,"utxo_address":null}',0,'DEBIT','54eff2fcb84d71bb09ee9a7f3fe63c9c4b4998ec33a0a33db240fe79efaabb31','9d63e6e10d8c217bbf0f6003ffb64a2ab2d5b187f517c7f8f329d150a18c372f');
INSERT INTO messages VALUES(70,310009,'insert','credits','{"address":"2_mn6q3dS2EnDUx3bmyWc6D4szJNVGtaR7zc_mnfAHmddVibnZNSkh8DvKaQoiEfNsxjXzH_mqPCfvqTfYctXMUfmniXeG2nyaN8w6tPmj_3","asset":"XCP","block_index":310009,"calling_function":"dividend","event":"54eff2fcb84d71bb09ee9a7f3fe63c9c4b4998ec33a0a33db240fe79efaabb31","quantity":24,"tx_index":10,"utxo":null,"utxo_address":null}',0,'CREDIT','54eff2fcb84d71bb09ee9a7f3fe63c9c4b4998ec33a0a33db240fe79efaabb31','902f29ed1805dca9b5dc9133c45359bab6843964c9019b312515ef2fe4641884');
INSERT INTO messages VALUES(71,310009,'insert','dividends','{"asset":"BBBB","block_index":310009,"dividend_asset":"XCP","fee_paid":20000,"quantity_per_unit":600,"source":"2_mn6q3dS2EnDUx3bmyWc6D4szJNVGtaR7zc_mnfAHmddVibnZNSkh8DvKaQoiEfNsxjXzH_mtQheFaSfWELRB2MyMBaiWjdDm6ux9Ezns_3","status":"valid","tx_hash":"54eff2fcb84d71bb09ee9a7f3fe63c9c4b4998ec33a0a33db240fe79efaabb31","tx_index":10}',0,'ASSET_DIVIDEND','54eff2fcb84d71bb09ee9a7f3fe63c9c4b4998ec33a0a33db240fe79efaabb31','f62500ad49e64eeb143cdbffc0c30bb1e4ed8b08a101d78c0bbee64f4136406a');
INSERT INTO messages VALUES(72,310009,'parse','transactions','{"supported":true,"tx_hash":"54eff2fcb84d71bb09ee9a7f3fe63c9c4b4998ec33a0a33db240fe79efaabb31","tx_index":10}',0,'TRANSACTION_PARSED','54eff2fcb84d71bb09ee9a7f3fe63c9c4b4998ec33a0a33db240fe79efaabb31','6622bae04d4cbfb678d74b61e44f99d4d682e7a4f3d1db54f898d576b19aaf3e');
INSERT INTO messages VALUES(73,310009,'parse','blocks','{"block_index":310009,"ledger_hash":"c03a6e31f50f172c86029ce6a810ec730e1179ad3e76ba5d4290595ec414bb87","messages_hash":"c4be7a3b48458de71c7f2bdfecd5e6a8e19305e0c75e870810f57a312c06e40e","transaction_count":1,"txlist_hash":"6dd0a0b7968d45f4c39d0a8ead8f586ce064ba4b8c992da8aa9983ee4ea76e78"}',0,'BLOCK_PARSED',NULL,'3fc77a3f840d450ea7e162b7c017ba05494a80c9af2db20e5a8afd9450ab87d8');
INSERT INTO messages VALUES(74,310010,'insert','blocks','{"block_hash":"a58162dff81a32e6a29b075be759dbb9fa9b8b65303e69c78fb4d7b0acc37042","block_index":310010,"block_time":310010000,"difficulty":null,"ledger_hash":null,"previous_block_hash":null,"txlist_hash":null}',0,'NEW_BLOCK',NULL,'cb21dd453b355bdd5c0bca49fdbe7583c5253db7e6ff760bd6df50278b9877ae');
INSERT INTO messages VALUES(75,310010,'insert','transactions','{"block_hash":"a58162dff81a32e6a29b075be759dbb9fa9b8b65303e69c78fb4d7b0acc37042","block_index":310010,"block_time":310010000,"btc_amount":0,"data":"00000032000000000000032000000000000047680000000000000001","destination":"","fee":2400,"source":"2_mn6q3dS2EnDUx3bmyWc6D4szJNVGtaR7zc_mnfAHmddVibnZNSkh8DvKaQoiEfNsxjXzH_mtQheFaSfWELRB2MyMBaiWjdDm6ux9Ezns_3","supported":true,"tx_hash":"9b76a3b07b5a4380b449362e7840fdeb92d8a608afeb7460fb5bdb6b5c228746","tx_index":11,"utxos_info":" 0728ba7171d8ad4ae3a54527bb426e21b446829183b43e48312f09da18fddef3:0 2 "}',0,'NEW_TRANSACTION',NULL,'b5037eea6a055fd48b5b183054fe7e66340fcbc6d99345b1558b57222c741ea9');
INSERT INTO messages VALUES(76,310010,'insert','debits','{"action":"dividend","address":"2_mn6q3dS2EnDUx3bmyWc6D4szJNVGtaR7zc_mnfAHmddVibnZNSkh8DvKaQoiEfNsxjXzH_mtQheFaSfWELRB2MyMBaiWjdDm6ux9Ezns_3","asset":"XCP","block_index":310010,"event":"9b76a3b07b5a4380b449362e7840fdeb92d8a608afeb7460fb5bdb6b5c228746","quantity":420800,"tx_index":11,"utxo":null,"utxo_address":null}',0,'DEBIT','9b76a3b07b5a4380b449362e7840fdeb92d8a608afeb7460fb5bdb6b5c228746','0a2cdfa6d88e4deb8d8bcf8827dc7e671e70d9dd1a6db83ca8059b050b287923');
INSERT INTO messages VALUES(77,310010,'insert','debits','{"action":"dividend fee","address":"2_mn6q3dS2EnDUx3bmyWc6D4szJNVGtaR7zc_mnfAHmddVibnZNSkh8DvKaQoiEfNsxjXzH_mtQheFaSfWELRB2MyMBaiWjdDm6ux9Ezns_3","asset":"XCP","block_index":310010,"event":"9b76a3b07b5a4380b449362e7840fdeb92d8a608afeb7460fb5bdb6b5c228746","quantity":20000,"tx_index":11,"utxo":null,"utxo_address":null}',0,'DEBIT','9b76a3b07b5a4380b449362e7840fdeb92d8a608afeb7460fb5bdb6b5c228746','64f4b742b9e152d5cd41c1c9a5b47a16bc4fab365c90f2216a1d4080dcb7487c');
INSERT INTO messages VALUES(78,310010,'insert','credits','{"address":"2_mn6q3dS2EnDUx3bmyWc6D4szJNVGtaR7zc_mnfAHmddVibnZNSkh8DvKaQoiEfNsxjXzH_mqPCfvqTfYctXMUfmniXeG2nyaN8w6tPmj_3","asset":"XCP","block_index":310010,"calling_function":"dividend","event":"9b76a3b07b5a4380b449362e7840fdeb92d8a608afeb7460fb5bdb6b5c228746","quantity":420800,"tx_index":11,"utxo":null,"utxo_address":null}',0,'CREDIT','9b76a3b07b5a4380b449362e7840fdeb92d8a608afeb7460fb5bdb6b5c228746','631247b77fc498d268d94393481a30e574533fd7085d5d21905952a7d81c8b1e');
INSERT INTO messages VALUES(79,310010,'insert','dividends','{"asset":"BBBC","block_index":310010,"dividend_asset":"XCP","fee_paid":20000,"quantity_per_unit":800,"source":"2_mn6q3dS2EnDUx3bmyWc6D4szJNVGtaR7zc_mnfAHmddVibnZNSkh8DvKaQoiEfNsxjXzH_mtQheFaSfWELRB2MyMBaiWjdDm6ux9Ezns_3","status":"valid","tx_hash":"9b76a3b07b5a4380b449362e7840fdeb92d8a608afeb7460fb5bdb6b5c228746","tx_index":11}',0,'ASSET_DIVIDEND','9b76a3b07b5a4380b449362e7840fdeb92d8a608afeb7460fb5bdb6b5c228746','76472e4117d6a100da3b7090287ed0e94eae74c1333cd884ed4aa754569ea4f4');
INSERT INTO messages VALUES(80,310010,'parse','transactions','{"supported":true,"tx_hash":"9b76a3b07b5a4380b449362e7840fdeb92d8a608afeb7460fb5bdb6b5c228746","tx_index":11}',0,'TRANSACTION_PARSED','9b76a3b07b5a4380b449362e7840fdeb92d8a608afeb7460fb5bdb6b5c228746','0dd004caaa058420a25521f739d744f325a0db7d0f923f39c303ee9857093a35');
INSERT INTO messages VALUES(81,310010,'parse','blocks','{"block_index":310010,"ledger_hash":"804651f6571bb24ef7534c97116ae35fb0b6b31aa6a4574a419aae7fc2900b1c","messages_hash":"8d3e5e02532497cf99d6f3e192391939f2a7d4316c8df5e2f1cdfb5eb82d3c10","transaction_count":1,"txlist_hash":"845d490313b8f584ad18cd78b53d814677d1571fbf261b7144bc72281c06f1d7"}',0,'BLOCK_PARSED',NULL,'592cb6ef86de4f69403bbe203c0b723fe2af0b97b1e255999c83fe13195c2e2a');
INSERT INTO messages VALUES(82,310011,'insert','blocks','{"block_hash":"8042cc2ef293fd73d050f283fbd075c79dd4c49fdcca054dc0714fc3a50dc1bb","block_index":310011,"block_time":310011000,"difficulty":null,"ledger_hash":null,"previous_block_hash":null,"txlist_hash":null}',0,'NEW_BLOCK',NULL,'f89314d1d4210a8d3a95d80d024a46cfaf829311d815dcbe8e111b0331b2e1ca');
INSERT INTO messages VALUES(83,310011,'insert','transactions','{"block_hash":"8042cc2ef293fd73d050f283fbd075c79dd4c49fdcca054dc0714fc3a50dc1bb","block_index":310011,"block_time":310011000,"btc_amount":0,"data":"0000001e52bb3300405900000000000005f5e0ff09556e69742054657374","destination":"","fee":2400,"source":"2_mn6q3dS2EnDUx3bmyWc6D4szJNVGtaR7zc_mnfAHmddVibnZNSkh8DvKaQoiEfNsxjXzH_mtQheFaSfWELRB2MyMBaiWjdDm6ux9Ezns_3","supported":true,"tx_hash":"d193cc2324b1d5abda022912dd0fa206ee6b98b19c7bd95e7170e4334cadda0d","tx_index":12,"utxos_info":" 3597b8f21653489ba7dac04e6f6557772aaa823e28c8ff4a27ed6266e9685abf:0 2 "}',0,'NEW_TRANSACTION',NULL,'f2b8c7aed1ed5dac0eee1fb7a53c34723e4cf569113e33bea71d8de5e4b7ac57');
INSERT INTO messages VALUES(84,310011,'insert','broadcasts','{"block_index":310011,"fee_fraction_int":99999999,"locked":false,"source":"2_mn6q3dS2EnDUx3bmyWc6D4szJNVGtaR7zc_mnfAHmddVibnZNSkh8DvKaQoiEfNsxjXzH_mtQheFaSfWELRB2MyMBaiWjdDm6ux9Ezns_3","status":"valid","text":"Unit Test","timestamp":1388000000,"tx_hash":"d193cc2324b1d5abda022912dd0fa206ee6b98b19c7bd95e7170e4334cadda0d","tx_index":12,"value":100.0}',0,'BROADCAST','d193cc2324b1d5abda022912dd0fa206ee6b98b19c7bd95e7170e4334cadda0d','d6d987d85574fc575b3124217e22e2d5dc7ece53b68d27cd9d93b303b2e91739');
INSERT INTO messages VALUES(85,310011,'parse','transactions','{"supported":true,"tx_hash":"d193cc2324b1d5abda022912dd0fa206ee6b98b19c7bd95e7170e4334cadda0d","tx_index":12}',0,'TRANSACTION_PARSED','d193cc2324b1d5abda022912dd0fa206ee6b98b19c7bd95e7170e4334cadda0d','015d0337d1a6bdaedf3feaead820a340b1e07fffa5f1d2f699065a50eb5083d8');
INSERT INTO messages VALUES(86,310011,'parse','blocks','{"block_index":310011,"ledger_hash":"a9a18fcba1a83d637dcfd633f32848d55c86c5b499e0c15af6a626653b7424b8","messages_hash":"021de3f46e85d58ee2dd2059de9c40ed0bbdb5c6c1af649e2c24a630afb4f170","transaction_count":1,"txlist_hash":"1f1b761422aaa1c82c0c08cdcbc8f1b2f2619b3b5440f4abe1794043bc607edd"}',0,'BLOCK_PARSED',NULL,'314d0744a63ea2af8f98b4b44f2b767a692c674a16b5a097bd22443864e4c971');
INSERT INTO messages VALUES(87,310012,'insert','blocks','{"block_hash":"cdba329019d93a67b31b79d05f76ce1b7791d430ea0d6c1c2168fe78d2f67677","block_index":310012,"block_time":310012000,"difficulty":null,"ledger_hash":null,"previous_block_hash":null,"txlist_hash":null}',0,'NEW_BLOCK',NULL,'59f0022f2add2e69055ca5ad52119fc7cca4cf4c6cfc57d4e3388452e2be38f7');
INSERT INTO messages VALUES(88,310012,'insert','transactions','{"block_hash":"cdba329019d93a67b31b79d05f76ce1b7791d430ea0d6c1c2168fe78d2f67677","block_index":310012,"block_time":310012000,"btc_amount":1000,"data":"00000028000052bb33640000000002faf08000000000017d7840000000000000000000003b100000000a","destination":"2_mn6q3dS2EnDUx3bmyWc6D4szJNVGtaR7zc_mnfAHmddVibnZNSkh8DvKaQoiEfNsxjXzH_mtQheFaSfWELRB2MyMBaiWjdDm6ux9Ezns_3","fee":3600,"source":"2_mn6q3dS2EnDUx3bmyWc6D4szJNVGtaR7zc_mnfAHmddVibnZNSkh8DvKaQoiEfNsxjXzH_mtQheFaSfWELRB2MyMBaiWjdDm6ux9Ezns_3","supported":true,"tx_hash":"00a8d1eb1f72d21dd642377b862a5650e2f6d3bddfc67b389da001b9e96e3626","tx_index":13,"utxos_info":" 312b0e50bb0b36db88faf711e0a4e6bc1df14d621416b0ccd1c208090fbdfe52:0 3 "}',0,'NEW_TRANSACTION',NULL,'f6ea65fac38b893a625cd90d0e417da7a7a7e816e42f8f56d0e56192921fca57');
INSERT INTO messages VALUES(89,310012,'insert','debits','{"action":"bet","address":"2_mn6q3dS2EnDUx3bmyWc6D4szJNVGtaR7zc_mnfAHmddVibnZNSkh8DvKaQoiEfNsxjXzH_mtQheFaSfWELRB2MyMBaiWjdDm6ux9Ezns_3","asset":"XCP","block_index":310012,"event":"00a8d1eb1f72d21dd642377b862a5650e2f6d3bddfc67b389da001b9e96e3626","quantity":50000000,"tx_index":13,"utxo":null,"utxo_address":null}',0,'DEBIT','00a8d1eb1f72d21dd642377b862a5650e2f6d3bddfc67b389da001b9e96e3626','009cf78963f872ca7a320b83fa79adcf6bb18913baec844f1ac90418d3ce06ff');
INSERT INTO messages VALUES(90,310012,'insert','bets','{"bet_type":0,"block_index":310012,"counterwager_quantity":25000000,"counterwager_remaining":25000000,"deadline":1388000100,"expiration":10,"expire_index":310022,"fee_fraction_int":99999999.0,"feed_address":"2_mn6q3dS2EnDUx3bmyWc6D4szJNVGtaR7zc_mnfAHmddVibnZNSkh8DvKaQoiEfNsxjXzH_mtQheFaSfWELRB2MyMBaiWjdDm6ux9Ezns_3","leverage":15120,"source":"2_mn6q3dS2EnDUx3bmyWc6D4szJNVGtaR7zc_mnfAHmddVibnZNSkh8DvKaQoiEfNsxjXzH_mtQheFaSfWELRB2MyMBaiWjdDm6ux9Ezns_3","status":"open","target_value":0.0,"tx_hash":"00a8d1eb1f72d21dd642377b862a5650e2f6d3bddfc67b389da001b9e96e3626","tx_index":13,"wager_quantity":50000000,"wager_remaining":50000000}',0,'OPEN_BET','00a8d1eb1f72d21dd642377b862a5650e2f6d3bddfc67b389da001b9e96e3626','ec7a460f9d88944007688b86e9e9fd46cba6ce47bd9602ad4781ed9dbc8551af');
INSERT INTO messages VALUES(91,310012,'parse','transactions','{"supported":true,"tx_hash":"00a8d1eb1f72d21dd642377b862a5650e2f6d3bddfc67b389da001b9e96e3626","tx_index":13}',0,'TRANSACTION_PARSED','00a8d1eb1f72d21dd642377b862a5650e2f6d3bddfc67b389da001b9e96e3626','73d682a9413f15d8ee8cfa63848fcb78cbf72ed390a5e8149449265409541e08');
INSERT INTO messages VALUES(92,310012,'parse','blocks','{"block_index":310012,"ledger_hash":"27298dbdb9026b5d54228b686b7a76f9d42479da79b38b9ef7cd13e4fee27159","messages_hash":"05a9e1c5aaf1c2f80d13f8b15f747ed8afd1801f3b8dbd0eb5dd71beb91ed8fc","transaction_count":1,"txlist_hash":"7dd6546c34f73ee0fb20c550aa01175f54f1fccfce079756d891b7b4efd00d7f"}',0,'BLOCK_PARSED',NULL,'cbf886d80a95b986dd1bb8bed6bf9b93a7a74d693fe576515b4fc7afab750508');
INSERT INTO messages VALUES(93,310013,'insert','blocks','{"block_hash":"0425e5e832e4286757dc0228cd505b8d572081007218abd3a0983a3bcd502a61","block_index":310013,"block_time":310013000,"difficulty":null,"ledger_hash":null,"previous_block_hash":null,"txlist_hash":null}',0,'NEW_BLOCK',NULL,'7a0389fed5b96a568d3260f2b5364b17750e0c1e0ba0339b8cc0e5224e06fd55');
INSERT INTO messages VALUES(94,310013,'insert','transactions','{"block_hash":"0425e5e832e4286757dc0228cd505b8d572081007218abd3a0983a3bcd502a61","block_index":310013,"block_time":310013000,"btc_amount":1000,"data":"00000028000152bb336400000000017d78400000000002793d60000000000000000000003b100000000a","destination":"2_mn6q3dS2EnDUx3bmyWc6D4szJNVGtaR7zc_mnfAHmddVibnZNSkh8DvKaQoiEfNsxjXzH_mtQheFaSfWELRB2MyMBaiWjdDm6ux9Ezns_3","fee":3600,"source":"2_mn6q3dS2EnDUx3bmyWc6D4szJNVGtaR7zc_mnfAHmddVibnZNSkh8DvKaQoiEfNsxjXzH_mtQheFaSfWELRB2MyMBaiWjdDm6ux9Ezns_3","supported":true,"tx_hash":"509a4c348bb7f9fff9f03ad5e7182342655ec01db31bde5eb23f4a813bb716c9","tx_index":14,"utxos_info":" c492eb2834b64fd76a48e224e9c4c7a3fc30704ccf10b45be67b310ec6c615e9:0 3 "}',0,'NEW_TRANSACTION',NULL,'6f247c3b1039fa7f21e5c7a0474a1ea1d37363aa5a7edfd5f8c631e742ed88af');
INSERT INTO messages VALUES(95,310013,'update','orders','{"status":"expired","tx_hash":"783ebadc94a1a6b12a5de85b74fa63b68383e6e6a94bb8067a6eddd1649a1ccf"}',0,'ORDER_UPDATE',NULL,'3a49cb6c6863cb4ce08a845c00fd0367cc66d3f2c413c580cd62abfc6a058462');
INSERT INTO messages VALUES(96,310013,'insert','order_expirations','{"block_index":310013,"order_hash":"783ebadc94a1a6b12a5de85b74fa63b68383e6e6a94bb8067a6eddd1649a1ccf","source":"2_mn6q3dS2EnDUx3bmyWc6D4szJNVGtaR7zc_mnfAHmddVibnZNSkh8DvKaQoiEfNsxjXzH_mtQheFaSfWELRB2MyMBaiWjdDm6ux9Ezns_3"}',0,'ORDER_EXPIRATION',NULL,'048131466066d91130785765c4846dac2318fc05a1e9bb9ea8427f36360a1e07');
INSERT INTO messages VALUES(97,310013,'insert','debits','{"action":"bet","address":"2_mn6q3dS2EnDUx3bmyWc6D4szJNVGtaR7zc_mnfAHmddVibnZNSkh8DvKaQoiEfNsxjXzH_mtQheFaSfWELRB2MyMBaiWjdDm6ux9Ezns_3","asset":"XCP","block_index":310013,"event":"509a4c348bb7f9fff9f03ad5e7182342655ec01db31bde5eb23f4a813bb716c9","quantity":25000000,"tx_index":14,"utxo":null,"utxo_address":null}',0,'DEBIT','509a4c348bb7f9fff9f03ad5e7182342655ec01db31bde5eb23f4a813bb716c9','2f02dccdff44f2d3ba56d201e35013ced356795fcc0007715566af115c52432e');
INSERT INTO messages VALUES(98,310013,'insert','bets','{"bet_type":1,"block_index":310013,"counterwager_quantity":41500000,"counterwager_remaining":41500000,"deadline":1388000100,"expiration":10,"expire_index":310023,"fee_fraction_int":99999999.0,"feed_address":"2_mn6q3dS2EnDUx3bmyWc6D4szJNVGtaR7zc_mnfAHmddVibnZNSkh8DvKaQoiEfNsxjXzH_mtQheFaSfWELRB2MyMBaiWjdDm6ux9Ezns_3","leverage":15120,"source":"2_mn6q3dS2EnDUx3bmyWc6D4szJNVGtaR7zc_mnfAHmddVibnZNSkh8DvKaQoiEfNsxjXzH_mtQheFaSfWELRB2MyMBaiWjdDm6ux9Ezns_3","status":"open","target_value":0.0,"tx_hash":"509a4c348bb7f9fff9f03ad5e7182342655ec01db31bde5eb23f4a813bb716c9","tx_index":14,"wager_quantity":25000000,"wager_remaining":25000000}',0,'OPEN_BET','509a4c348bb7f9fff9f03ad5e7182342655ec01db31bde5eb23f4a813bb716c9','7473d342d581189b27d8ee5d0cd4a18c26c35774f4a6c029a3b2564bf5a6ffdb');
INSERT INTO messages VALUES(99,310013,'update','bets','{"counterwager_remaining":4250000,"status":"open","tx_hash":"00a8d1eb1f72d21dd642377b862a5650e2f6d3bddfc67b389da001b9e96e3626","wager_remaining":8500000}',0,'BET_UPDATE','509a4c348bb7f9fff9f03ad5e7182342655ec01db31bde5eb23f4a813bb716c9','ba233f89c8799bf1e58b0f9a7c2fd959522b8c51f738ffc1332204004b7faa33');
INSERT INTO messages VALUES(100,310013,'insert','credits','{"address":"2_mn6q3dS2EnDUx3bmyWc6D4szJNVGtaR7zc_mnfAHmddVibnZNSkh8DvKaQoiEfNsxjXzH_mtQheFaSfWELRB2MyMBaiWjdDm6ux9Ezns_3","asset":"XCP","block_index":310013,"calling_function":"filled","event":"509a4c348bb7f9fff9f03ad5e7182342655ec01db31bde5eb23f4a813bb716c9","quantity":4250000,"tx_index":14,"utxo":null,"utxo_address":null}',0,'CREDIT','509a4c348bb7f9fff9f03ad5e7182342655ec01db31bde5eb23f4a813bb716c9','7fded86a2d9baab22efa7fcb1607f7544b8a4a5cf42fbd97f15aaa2daad55dbd');
INSERT INTO messages VALUES(101,310013,'update','bets','{"counterwager_remaining":0,"status":"filled","tx_hash":"509a4c348bb7f9fff9f03ad5e7182342655ec01db31bde5eb23f4a813bb716c9","wager_remaining":4250000}',0,'BET_UPDATE','509a4c348bb7f9fff9f03ad5e7182342655ec01db31bde5eb23f4a813bb716c9','7c3dd66c2e61dcada7933e0caa7e50aaa3d6dd0059efabb9142f450145fc8eb1');
INSERT INTO messages VALUES(102,310013,'insert','bet_matches','{"backward_quantity":20750000,"block_index":310012,"deadline":1388000100,"fee_fraction_int":99999999,"feed_address":"2_mn6q3dS2EnDUx3bmyWc6D4szJNVGtaR7zc_mnfAHmddVibnZNSkh8DvKaQoiEfNsxjXzH_mtQheFaSfWELRB2MyMBaiWjdDm6ux9Ezns_3","forward_quantity":41500000,"id":"00a8d1eb1f72d21dd642377b862a5650e2f6d3bddfc67b389da001b9e96e3626_509a4c348bb7f9fff9f03ad5e7182342655ec01db31bde5eb23f4a813bb716c9","initial_value":100.0,"leverage":15120,"match_expire_index":310022,"status":"pending","target_value":0.0,"tx0_address":"2_mn6q3dS2EnDUx3bmyWc6D4szJNVGtaR7zc_mnfAHmddVibnZNSkh8DvKaQoiEfNsxjXzH_mtQheFaSfWELRB2MyMBaiWjdDm6ux9Ezns_3","tx0_bet_type":0,"tx0_block_index":310012,"tx0_expiration":10,"tx0_hash":"00a8d1eb1f72d21dd642377b862a5650e2f6d3bddfc67b389da001b9e96e3626","tx0_index":13,"tx1_address":"2_mn6q3dS2EnDUx3bmyWc6D4szJNVGtaR7zc_mnfAHmddVibnZNSkh8DvKaQoiEfNsxjXzH_mtQheFaSfWELRB2MyMBaiWjdDm6ux9Ezns_3","tx1_bet_type":1,"tx1_block_index":310013,"tx1_expiration":10,"tx1_hash":"509a4c348bb7f9fff9f03ad5e7182342655ec01db31bde5eb23f4a813bb716c9","tx1_index":14}',0,'BET_MATCH','509a4c348bb7f9fff9f03ad5e7182342655ec01db31bde5eb23f4a813bb716c9','e8e4f911867cc6de7179c7d50d16dbf8c95433b0d84667597994500fa64cfcea');
INSERT INTO messages VALUES(103,310013,'parse','transactions','{"supported":true,"tx_hash":"509a4c348bb7f9fff9f03ad5e7182342655ec01db31bde5eb23f4a813bb716c9","tx_index":14}',0,'TRANSACTION_PARSED','509a4c348bb7f9fff9f03ad5e7182342655ec01db31bde5eb23f4a813bb716c9','e420fe2a2ff417dd0cb149a758ffde3c16eeb1cdecae3c4bbd2d3b69b73dcec7');
INSERT INTO messages VALUES(104,310013,'parse','blocks','{"block_index":310013,"ledger_hash":"f5fbbb8870bb8253cfba52c58765b8c2493ceee6a2db5779a4212ed456bf892e","messages_hash":"a12bfc934c1acafa33a1a99e1ee7a5987a2407fd93e925b6540ae93712709de4","transaction_count":1,"txlist_hash":"849bb01d96a8107fdbd04adaf0f5f82ce564b289c5f8ee0a368dc75fae2426f2"}',0,'BLOCK_PARSED',NULL,'9b4e36ef1c1ce36db090a7e94c4fe3102ab0a26acf8b3943bd853af6dc7be34b');
INSERT INTO messages VALUES(105,310014,'insert','blocks','{"block_hash":"85b28d413ebda2968ed82ae53643677338650151b997ed1e4656158005b9f65f","block_index":310014,"block_time":310014000,"difficulty":null,"ledger_hash":null,"previous_block_hash":null,"txlist_hash":null}',0,'NEW_BLOCK',NULL,'227e383f9e21cd98d22a5c6274e7f91191dd12aebeefb3aa0ec92434d954351a');
INSERT INTO messages VALUES(106,310014,'insert','transactions','{"block_hash":"85b28d413ebda2968ed82ae53643677338650151b997ed1e4656158005b9f65f","block_index":310014,"block_time":310014000,"btc_amount":1000,"data":"00000028000052bb33640000000008f0d1800000000014dc93800000000000000000000013b00000000a","destination":"2_mn6q3dS2EnDUx3bmyWc6D4szJNVGtaR7zc_mnfAHmddVibnZNSkh8DvKaQoiEfNsxjXzH_mtQheFaSfWELRB2MyMBaiWjdDm6ux9Ezns_3","fee":3600,"source":"2_mn6q3dS2EnDUx3bmyWc6D4szJNVGtaR7zc_mnfAHmddVibnZNSkh8DvKaQoiEfNsxjXzH_mtQheFaSfWELRB2MyMBaiWjdDm6ux9Ezns_3","supported":true,"tx_hash":"78557eb7d5d0397c0c210220e106345dc88dc7cf95e2b8077c5a3ece2ba93fb6","tx_index":15,"utxos_info":" 41444a4aab77387cf7c248371a952c9de70ee6c3f1bdf294a41440dedc43d84a:0 3 "}',0,'NEW_TRANSACTION',NULL,'a17e9ca429e4e76ae07bdac44ace6d34224c9649b137704c10c2a72086308aa9');
INSERT INTO messages VALUES(107,310014,'update','orders','{"status":"expired","tx_hash":"f9052fcb3866c44956652b0bdabc4f1a532ae8ab6e39d2604003a9963594cfe1"}',0,'ORDER_UPDATE',NULL,'b215c83f8439345aee0c616ace6694d12e949bf7c6e4e2d99612eb23df6b21ea');
INSERT INTO messages VALUES(108,310014,'insert','credits','{"address":"2_mn6q3dS2EnDUx3bmyWc6D4szJNVGtaR7zc_mnfAHmddVibnZNSkh8DvKaQoiEfNsxjXzH_mtQheFaSfWELRB2MyMBaiWjdDm6ux9Ezns_3","asset":"XCP","block_index":310014,"calling_function":"cancel order","event":"f9052fcb3866c44956652b0bdabc4f1a532ae8ab6e39d2604003a9963594cfe1","quantity":5000000,"tx_index":0,"utxo":null,"utxo_address":null}',0,'CREDIT',NULL,'d9066f2a2a51511518ca92e49104d0c3ca779a0bf0e840fc976b3d2a820730f2');
INSERT INTO messages VALUES(109,310014,'insert','order_expirations','{"block_index":310014,"order_hash":"f9052fcb3866c44956652b0bdabc4f1a532ae8ab6e39d2604003a9963594cfe1","source":"2_mn6q3dS2EnDUx3bmyWc6D4szJNVGtaR7zc_mnfAHmddVibnZNSkh8DvKaQoiEfNsxjXzH_mtQheFaSfWELRB2MyMBaiWjdDm6ux9Ezns_3"}',0,'ORDER_EXPIRATION',NULL,'61a02249f2c822d4887dd3d48598b3a82c86d4a9e5b542e2000250c04223dabf');
INSERT INTO messages VALUES(110,310014,'insert','debits','{"action":"bet","address":"2_mn6q3dS2EnDUx3bmyWc6D4szJNVGtaR7zc_mnfAHmddVibnZNSkh8DvKaQoiEfNsxjXzH_mtQheFaSfWELRB2MyMBaiWjdDm6ux9Ezns_3","asset":"XCP","block_index":310014,"event":"78557eb7d5d0397c0c210220e106345dc88dc7cf95e2b8077c5a3ece2ba93fb6","quantity":150000000,"tx_index":15,"utxo":null,"utxo_address":null}',0,'DEBIT','78557eb7d5d0397c0c210220e106345dc88dc7cf95e2b8077c5a3ece2ba93fb6','d6c0da50c267399ec9d22ea2a4569a045b5abb32bcdfb1e8400ce6abfaac97ff');
INSERT INTO messages VALUES(111,310014,'insert','bets','{"bet_type":0,"block_index":310014,"counterwager_quantity":350000000,"counterwager_remaining":350000000,"deadline":1388000100,"expiration":10,"expire_index":310024,"fee_fraction_int":99999999.0,"feed_address":"2_mn6q3dS2EnDUx3bmyWc6D4szJNVGtaR7zc_mnfAHmddVibnZNSkh8DvKaQoiEfNsxjXzH_mtQheFaSfWELRB2MyMBaiWjdDm6ux9Ezns_3","leverage":5040,"source":"2_mn6q3dS2EnDUx3bmyWc6D4szJNVGtaR7zc_mnfAHmddVibnZNSkh8DvKaQoiEfNsxjXzH_mtQheFaSfWELRB2MyMBaiWjdDm6ux9Ezns_3","status":"open","target_value":0.0,"tx_hash":"78557eb7d5d0397c0c210220e106345dc88dc7cf95e2b8077c5a3ece2ba93fb6","tx_index":15,"wager_quantity":150000000,"wager_remaining":150000000}',0,'OPEN_BET','78557eb7d5d0397c0c210220e106345dc88dc7cf95e2b8077c5a3ece2ba93fb6','85832ec3aa33c33c1af314c96f96b02fd0eacf050772a06c8382035c3a79cd00');
INSERT INTO messages VALUES(112,310014,'parse','transactions','{"supported":true,"tx_hash":"78557eb7d5d0397c0c210220e106345dc88dc7cf95e2b8077c5a3ece2ba93fb6","tx_index":15}',0,'TRANSACTION_PARSED','78557eb7d5d0397c0c210220e106345dc88dc7cf95e2b8077c5a3ece2ba93fb6','d810fd9d917353a297b3ccad14ac08932854fa8e3a465bfb00e53ab7b184b264');
INSERT INTO messages VALUES(113,310014,'parse','blocks','{"block_index":310014,"ledger_hash":"f1e77a7a4d28d64a0cfd878112074b6205ef09055b93b8923b0c6466a07ea500","messages_hash":"361f2fd27f7ce4209818efb413936b0533693b9737af3bcd9a8aa84dafb291e1","transaction_count":1,"txlist_hash":"7992251ac32718a6d868674162cd4943ac1ad617ba6f7e6ecbf78195d2c60128"}',0,'BLOCK_PARSED',NULL,'fee373fd6d13e3ea04f1d99804c127c6586e48f72530c9e6ea8d1376f05c9533');
INSERT INTO messages VALUES(114,310015,'insert','blocks','{"block_hash":"4cf77d688f18f0c68c077db882f62e49f31859dfa6144372457cd73b29223922","block_index":310015,"block_time":310015000,"difficulty":null,"ledger_hash":null,"previous_block_hash":null,"txlist_hash":null}',0,'NEW_BLOCK',NULL,'2d8b4f05b8e5943e6c2200314019ffd30d0da647e653ee4431e7000283b4671c');
INSERT INTO messages VALUES(115,310015,'insert','transactions','{"block_hash":"4cf77d688f18f0c68c077db882f62e49f31859dfa6144372457cd73b29223922","block_index":310015,"block_time":310015000,"btc_amount":1000,"data":"00000028000152bb33640000000014dc93800000000008f0d1800000000000000000000013b00000000a","destination":"2_mn6q3dS2EnDUx3bmyWc6D4szJNVGtaR7zc_mnfAHmddVibnZNSkh8DvKaQoiEfNsxjXzH_mtQheFaSfWELRB2MyMBaiWjdDm6ux9Ezns_3","fee":3600,"source":"2_mn6q3dS2EnDUx3bmyWc6D4szJNVGtaR7zc_mnfAHmddVibnZNSkh8DvKaQoiEfNsxjXzH_mtQheFaSfWELRB2MyMBaiWjdDm6ux9Ezns_3","supported":true,"tx_hash":"1ba5c7d6abf9225272c75dd48982a589b8a61aaf58bd9f0eafd8145e9c9d9d6a","tx_index":16,"utxos_info":" 1651997556193e317a8bfd10d2efcf8618d44168f695c7a3bac71c4d6e9d6748:0 3 "}',0,'NEW_TRANSACTION',NULL,'baae8439bc48e71a2b6f185077c2f0f0613c97b278bdb0c1f3d0373930d9c7e6');
INSERT INTO messages VALUES(116,310015,'insert','debits','{"action":"bet","address":"2_mn6q3dS2EnDUx3bmyWc6D4szJNVGtaR7zc_mnfAHmddVibnZNSkh8DvKaQoiEfNsxjXzH_mtQheFaSfWELRB2MyMBaiWjdDm6ux9Ezns_3","asset":"XCP","block_index":310015,"event":"1ba5c7d6abf9225272c75dd48982a589b8a61aaf58bd9f0eafd8145e9c9d9d6a","quantity":350000000,"tx_index":16,"utxo":null,"utxo_address":null}',0,'DEBIT','1ba5c7d6abf9225272c75dd48982a589b8a61aaf58bd9f0eafd8145e9c9d9d6a','a4f761c51e0e2c692868d8707b4b255608a0de00d28cdef3af166b43b93bbc31');
INSERT INTO messages VALUES(117,310015,'insert','bets','{"bet_type":1,"block_index":310015,"counterwager_quantity":150000000,"counterwager_remaining":150000000,"deadline":1388000100,"expiration":10,"expire_index":310025,"fee_fraction_int":99999999.0,"feed_address":"2_mn6q3dS2EnDUx3bmyWc6D4szJNVGtaR7zc_mnfAHmddVibnZNSkh8DvKaQoiEfNsxjXzH_mtQheFaSfWELRB2MyMBaiWjdDm6ux9Ezns_3","leverage":5040,"source":"2_mn6q3dS2EnDUx3bmyWc6D4szJNVGtaR7zc_mnfAHmddVibnZNSkh8DvKaQoiEfNsxjXzH_mtQheFaSfWELRB2MyMBaiWjdDm6ux9Ezns_3","status":"open","target_value":0.0,"tx_hash":"1ba5c7d6abf9225272c75dd48982a589b8a61aaf58bd9f0eafd8145e9c9d9d6a","tx_index":16,"wager_quantity":350000000,"wager_remaining":350000000}',0,'OPEN_BET','1ba5c7d6abf9225272c75dd48982a589b8a61aaf58bd9f0eafd8145e9c9d9d6a','025d86ae184bdf171a290e563e535836104f2a3eea7693f6e7fe457cb45f01f0');
INSERT INTO messages VALUES(118,310015,'insert','credits','{"address":"2_mn6q3dS2EnDUx3bmyWc6D4szJNVGtaR7zc_mnfAHmddVibnZNSkh8DvKaQoiEfNsxjXzH_mtQheFaSfWELRB2MyMBaiWjdDm6ux9Ezns_3","asset":"XCP","block_index":310015,"calling_function":"filled","event":"1ba5c7d6abf9225272c75dd48982a589b8a61aaf58bd9f0eafd8145e9c9d9d6a","quantity":0,"tx_index":16,"utxo":null,"utxo_address":null}',0,'CREDIT','1ba5c7d6abf9225272c75dd48982a589b8a61aaf58bd9f0eafd8145e9c9d9d6a','65072c6b4a73211e0e6d02d4d731e926b53df075dc6e32f194441040bc9e98de');
INSERT INTO messages VALUES(119,310015,'update','bets','{"counterwager_remaining":0,"status":"filled","tx_hash":"78557eb7d5d0397c0c210220e106345dc88dc7cf95e2b8077c5a3ece2ba93fb6","wager_remaining":0}',0,'BET_UPDATE','1ba5c7d6abf9225272c75dd48982a589b8a61aaf58bd9f0eafd8145e9c9d9d6a','7e36d47bc812878680f2045a78d24d4bd3992c75fe5310ef33b6d5e9f94165e3');
INSERT INTO messages VALUES(120,310015,'insert','credits','{"address":"2_mn6q3dS2EnDUx3bmyWc6D4szJNVGtaR7zc_mnfAHmddVibnZNSkh8DvKaQoiEfNsxjXzH_mtQheFaSfWELRB2MyMBaiWjdDm6ux9Ezns_3","asset":"XCP","block_index":310015,"calling_function":"filled","event":"1ba5c7d6abf9225272c75dd48982a589b8a61aaf58bd9f0eafd8145e9c9d9d6a","quantity":0,"tx_index":16,"utxo":null,"utxo_address":null}',0,'CREDIT','1ba5c7d6abf9225272c75dd48982a589b8a61aaf58bd9f0eafd8145e9c9d9d6a','d638ad508eecce32dc3df769b5222a3a4a9e0b6bf9043622bdff63b06a577098');
INSERT INTO messages VALUES(121,310015,'update','bets','{"counterwager_remaining":0,"status":"filled","tx_hash":"1ba5c7d6abf9225272c75dd48982a589b8a61aaf58bd9f0eafd8145e9c9d9d6a","wager_remaining":0}',0,'BET_UPDATE','1ba5c7d6abf9225272c75dd48982a589b8a61aaf58bd9f0eafd8145e9c9d9d6a','9a0ccfcee6954c7a23a7a09f5e1b073408f93418ff225836df51008f68745df3');
INSERT INTO messages VALUES(122,310015,'insert','bet_matches','{"backward_quantity":350000000,"block_index":310014,"deadline":1388000100,"fee_fraction_int":99999999,"feed_address":"2_mn6q3dS2EnDUx3bmyWc6D4szJNVGtaR7zc_mnfAHmddVibnZNSkh8DvKaQoiEfNsxjXzH_mtQheFaSfWELRB2MyMBaiWjdDm6ux9Ezns_3","forward_quantity":150000000,"id":"78557eb7d5d0397c0c210220e106345dc88dc7cf95e2b8077c5a3ece2ba93fb6_1ba5c7d6abf9225272c75dd48982a589b8a61aaf58bd9f0eafd8145e9c9d9d6a","initial_value":100.0,"leverage":5040,"match_expire_index":310024,"status":"pending","target_value":0.0,"tx0_address":"2_mn6q3dS2EnDUx3bmyWc6D4szJNVGtaR7zc_mnfAHmddVibnZNSkh8DvKaQoiEfNsxjXzH_mtQheFaSfWELRB2MyMBaiWjdDm6ux9Ezns_3","tx0_bet_type":0,"tx0_block_index":310014,"tx0_expiration":10,"tx0_hash":"78557eb7d5d0397c0c210220e106345dc88dc7cf95e2b8077c5a3ece2ba93fb6","tx0_index":15,"tx1_address":"2_mn6q3dS2EnDUx3bmyWc6D4szJNVGtaR7zc_mnfAHmddVibnZNSkh8DvKaQoiEfNsxjXzH_mtQheFaSfWELRB2MyMBaiWjdDm6ux9Ezns_3","tx1_bet_type":1,"tx1_block_index":310015,"tx1_expiration":10,"tx1_hash":"1ba5c7d6abf9225272c75dd48982a589b8a61aaf58bd9f0eafd8145e9c9d9d6a","tx1_index":16}',0,'BET_MATCH','1ba5c7d6abf9225272c75dd48982a589b8a61aaf58bd9f0eafd8145e9c9d9d6a','895236169a01d733da170c76d2d317b8fc2f42996149da87fd6daa9104151e2c');
INSERT INTO messages VALUES(123,310015,'parse','transactions','{"supported":true,"tx_hash":"1ba5c7d6abf9225272c75dd48982a589b8a61aaf58bd9f0eafd8145e9c9d9d6a","tx_index":16}',0,'TRANSACTION_PARSED','1ba5c7d6abf9225272c75dd48982a589b8a61aaf58bd9f0eafd8145e9c9d9d6a','7377f705eacd88d98cd2744a5965f071444ba57907c33cf6966667585ad7e96e');
INSERT INTO messages VALUES(124,310015,'parse','blocks','{"block_index":310015,"ledger_hash":"014bcc839c0ea0d2fecd9aab3074528ffee3b2dce7f805e4d459e2dfb3d98a51","messages_hash":"7db939abc8f310c0016ca1df92a35bf69f3e1bd0bd565e465517149f1bf11585","transaction_count":1,"txlist_hash":"34fb060829b136848b64d451aa0e8e75003e5ea962017e6073a43f09a84573c8"}',0,'BLOCK_PARSED',NULL,'e23d5860073c89042dd74f4f7d644b6a76cec3e634e5f528d9d2d43596906cfa');
INSERT INTO messages VALUES(125,310016,'insert','blocks','{"block_hash":"99dc7d2627efb4e5e618a53b9898b4ca39c70e98fe9bf39f68a6c980f5b64ef9","block_index":310016,"block_time":310016000,"difficulty":null,"ledger_hash":null,"previous_block_hash":null,"txlist_hash":null}',0,'NEW_BLOCK',NULL,'f49a0a1d10b28b5c3b55a039073eebc830376bb3c80964699c721a4aba353145');
INSERT INTO messages VALUES(126,310016,'insert','transactions','{"block_hash":"99dc7d2627efb4e5e618a53b9898b4ca39c70e98fe9bf39f68a6c980f5b64ef9","block_index":310016,"block_time":310016000,"btc_amount":1000,"data":"00000028000252bb33c8000000002cb417800000000026be36803ff0000000000000000013b00000000a","destination":"2_mn6q3dS2EnDUx3bmyWc6D4szJNVGtaR7zc_mnfAHmddVibnZNSkh8DvKaQoiEfNsxjXzH_mtQheFaSfWELRB2MyMBaiWjdDm6ux9Ezns_3","fee":3600,"source":"2_mn6q3dS2EnDUx3bmyWc6D4szJNVGtaR7zc_mnfAHmddVibnZNSkh8DvKaQoiEfNsxjXzH_mtQheFaSfWELRB2MyMBaiWjdDm6ux9Ezns_3","supported":true,"tx_hash":"6c0ce1dec0cf5502ad41b3f9c15859cf40eda9beb0060db8f74485d1b9297e96","tx_index":17,"utxos_info":" 94b6b79426880435a15a9354da94aa4a0755050ffe2f619361808ab0de1e4c4c:0 3 "}',0,'NEW_TRANSACTION',NULL,'42e7e845e20d140d558671327972b7bab5265f7101a63128a72274acd050cc13');
INSERT INTO messages VALUES(127,310016,'insert','debits','{"action":"bet","address":"2_mn6q3dS2EnDUx3bmyWc6D4szJNVGtaR7zc_mnfAHmddVibnZNSkh8DvKaQoiEfNsxjXzH_mtQheFaSfWELRB2MyMBaiWjdDm6ux9Ezns_3","asset":"XCP","block_index":310016,"event":"6c0ce1dec0cf5502ad41b3f9c15859cf40eda9beb0060db8f74485d1b9297e96","quantity":750000000,"tx_index":17,"utxo":null,"utxo_address":null}',0,'DEBIT','6c0ce1dec0cf5502ad41b3f9c15859cf40eda9beb0060db8f74485d1b9297e96','9563f8474130d4e0a311ab0325e2a7e647ac14799366685c81e34d29a6d7e528');
INSERT INTO messages VALUES(128,310016,'insert','bets','{"bet_type":2,"block_index":310016,"counterwager_quantity":650000000,"counterwager_remaining":650000000,"deadline":1388000200,"expiration":10,"expire_index":310026,"fee_fraction_int":99999999.0,"feed_address":"2_mn6q3dS2EnDUx3bmyWc6D4szJNVGtaR7zc_mnfAHmddVibnZNSkh8DvKaQoiEfNsxjXzH_mtQheFaSfWELRB2MyMBaiWjdDm6ux9Ezns_3","leverage":5040,"source":"2_mn6q3dS2EnDUx3bmyWc6D4szJNVGtaR7zc_mnfAHmddVibnZNSkh8DvKaQoiEfNsxjXzH_mtQheFaSfWELRB2MyMBaiWjdDm6ux9Ezns_3","status":"open","target_value":1.0,"tx_hash":"6c0ce1dec0cf5502ad41b3f9c15859cf40eda9beb0060db8f74485d1b9297e96","tx_index":17,"wager_quantity":750000000,"wager_remaining":750000000}',0,'OPEN_BET','6c0ce1dec0cf5502ad41b3f9c15859cf40eda9beb0060db8f74485d1b9297e96','20cd8f3755cf3899f7ed45b201cf52415dd3c2eff4950881131c7e9a5a1a6cd6');
INSERT INTO messages VALUES(129,310016,'parse','transactions','{"supported":true,"tx_hash":"6c0ce1dec0cf5502ad41b3f9c15859cf40eda9beb0060db8f74485d1b9297e96","tx_index":17}',0,'TRANSACTION_PARSED','6c0ce1dec0cf5502ad41b3f9c15859cf40eda9beb0060db8f74485d1b9297e96','3c9ad627a7f1dc3740f5891b2b712594fb7617186cd956c4a820b54b6ed06074');
INSERT INTO messages VALUES(130,310016,'parse','blocks','{"block_index":310016,"ledger_hash":"9f72d6a84ee58e1e851a90a62b525dc257c3b1b0c7e9964f93a7e5df6a2e4007","messages_hash":"f40a8567bcd6c974e421916b1daa9acc01617ad668da0d1e496d85510968171f","transaction_count":1,"txlist_hash":"28ea779f98a55b6e4a244f1277081545dcfcfd3b0d7fcb1f30813a7d2edaecb0"}',0,'BLOCK_PARSED',NULL,'65e82c5e08d52c4304748416f1e0826469ffc938599a1659869864568e4a6425');
INSERT INTO messages VALUES(131,310017,'insert','blocks','{"block_hash":"8a4fedfbf734b91a5c5761a7bcb3908ea57169777a7018148c51ff611970e4a3","block_index":310017,"block_time":310017000,"difficulty":null,"ledger_hash":null,"previous_block_hash":null,"txlist_hash":null}',0,'NEW_BLOCK',NULL,'d9dec18e0c44b689eb56a265221dabde85ba28de76664003c83bb3ecd88a600a');
INSERT INTO messages VALUES(132,310017,'insert','transactions','{"block_hash":"8a4fedfbf734b91a5c5761a7bcb3908ea57169777a7018148c51ff611970e4a3","block_index":310017,"block_time":310017000,"btc_amount":1000,"data":"00000028000352bb33c80000000026be3680000000002cb417803ff0000000000000000013b00000000a","destination":"2_mn6q3dS2EnDUx3bmyWc6D4szJNVGtaR7zc_mnfAHmddVibnZNSkh8DvKaQoiEfNsxjXzH_mtQheFaSfWELRB2MyMBaiWjdDm6ux9Ezns_3","fee":3600,"source":"2_mn6q3dS2EnDUx3bmyWc6D4szJNVGtaR7zc_mnfAHmddVibnZNSkh8DvKaQoiEfNsxjXzH_mtQheFaSfWELRB2MyMBaiWjdDm6ux9Ezns_3","supported":true,"tx_hash":"b9ac4fa5d0dc82c0edd74bb42dcc5114e4160f9c6b05a1dd0399878c9659f90f","tx_index":18,"utxos_info":" 05c516d28737458a4c3ffaa2d198ed8f4d21dbd88e989b5624cc04e2e65d1bdb:0 3 "}',0,'NEW_TRANSACTION',NULL,'6af15bffdf083fba840c903837655e2a3e5873f8b1368d02f97bec7eae2cd0d7');
INSERT INTO messages VALUES(133,310017,'insert','debits','{"action":"bet","address":"2_mn6q3dS2EnDUx3bmyWc6D4szJNVGtaR7zc_mnfAHmddVibnZNSkh8DvKaQoiEfNsxjXzH_mtQheFaSfWELRB2MyMBaiWjdDm6ux9Ezns_3","asset":"XCP","block_index":310017,"event":"b9ac4fa5d0dc82c0edd74bb42dcc5114e4160f9c6b05a1dd0399878c9659f90f","quantity":650000000,"tx_index":18,"utxo":null,"utxo_address":null}',0,'DEBIT','b9ac4fa5d0dc82c0edd74bb42dcc5114e4160f9c6b05a1dd0399878c9659f90f','3b9fb94e24b1475028badd1ed6485127acda9fe449836ff70757a1515db09bef');
INSERT INTO messages VALUES(134,310017,'insert','bets','{"bet_type":3,"block_index":310017,"counterwager_quantity":750000000,"counterwager_remaining":750000000,"deadline":1388000200,"expiration":10,"expire_index":310027,"fee_fraction_int":99999999.0,"feed_address":"2_mn6q3dS2EnDUx3bmyWc6D4szJNVGtaR7zc_mnfAHmddVibnZNSkh8DvKaQoiEfNsxjXzH_mtQheFaSfWELRB2MyMBaiWjdDm6ux9Ezns_3","leverage":5040,"source":"2_mn6q3dS2EnDUx3bmyWc6D4szJNVGtaR7zc_mnfAHmddVibnZNSkh8DvKaQoiEfNsxjXzH_mtQheFaSfWELRB2MyMBaiWjdDm6ux9Ezns_3","status":"open","target_value":1.0,"tx_hash":"b9ac4fa5d0dc82c0edd74bb42dcc5114e4160f9c6b05a1dd0399878c9659f90f","tx_index":18,"wager_quantity":650000000,"wager_remaining":650000000}',0,'OPEN_BET','b9ac4fa5d0dc82c0edd74bb42dcc5114e4160f9c6b05a1dd0399878c9659f90f','97b1b0190cbc12181fe780b5a37d259ab5e5cfe1e96df733f6f1ecbac90a5e63');
INSERT INTO messages VALUES(135,310017,'insert','credits','{"address":"2_mn6q3dS2EnDUx3bmyWc6D4szJNVGtaR7zc_mnfAHmddVibnZNSkh8DvKaQoiEfNsxjXzH_mtQheFaSfWELRB2MyMBaiWjdDm6ux9Ezns_3","asset":"XCP","block_index":310017,"calling_function":"filled","event":"b9ac4fa5d0dc82c0edd74bb42dcc5114e4160f9c6b05a1dd0399878c9659f90f","quantity":0,"tx_index":18,"utxo":null,"utxo_address":null}',0,'CREDIT','b9ac4fa5d0dc82c0edd74bb42dcc5114e4160f9c6b05a1dd0399878c9659f90f','f7e8c1d74a9e7a0f776f8e26d940aa34025a4e8b6e178c379316494570b177d6');
INSERT INTO messages VALUES(136,310017,'update','bets','{"counterwager_remaining":0,"status":"filled","tx_hash":"6c0ce1dec0cf5502ad41b3f9c15859cf40eda9beb0060db8f74485d1b9297e96","wager_remaining":0}',0,'BET_UPDATE','b9ac4fa5d0dc82c0edd74bb42dcc5114e4160f9c6b05a1dd0399878c9659f90f','e27d527b163d37ad718dc6057868c947a44dfcf371f01d8f1be926ff8de1474d');
INSERT INTO messages VALUES(137,310017,'insert','credits','{"address":"2_mn6q3dS2EnDUx3bmyWc6D4szJNVGtaR7zc_mnfAHmddVibnZNSkh8DvKaQoiEfNsxjXzH_mtQheFaSfWELRB2MyMBaiWjdDm6ux9Ezns_3","asset":"XCP","block_index":310017,"calling_function":"filled","event":"b9ac4fa5d0dc82c0edd74bb42dcc5114e4160f9c6b05a1dd0399878c9659f90f","quantity":0,"tx_index":18,"utxo":null,"utxo_address":null}',0,'CREDIT','b9ac4fa5d0dc82c0edd74bb42dcc5114e4160f9c6b05a1dd0399878c9659f90f','28260c9f5f164391f98c37edc5d3d6e62451d0334fa51e66462105bec11514d6');
INSERT INTO messages VALUES(138,310017,'update','bets','{"counterwager_remaining":0,"status":"filled","tx_hash":"b9ac4fa5d0dc82c0edd74bb42dcc5114e4160f9c6b05a1dd0399878c9659f90f","wager_remaining":0}',0,'BET_UPDATE','b9ac4fa5d0dc82c0edd74bb42dcc5114e4160f9c6b05a1dd0399878c9659f90f','44d4960fd7c39153215d826dd77df91b7fc50622660716fd49553258b78c344f');
INSERT INTO messages VALUES(139,310017,'insert','bet_matches','{"backward_quantity":650000000,"block_index":310016,"deadline":1388000200,"fee_fraction_int":99999999,"feed_address":"2_mn6q3dS2EnDUx3bmyWc6D4szJNVGtaR7zc_mnfAHmddVibnZNSkh8DvKaQoiEfNsxjXzH_mtQheFaSfWELRB2MyMBaiWjdDm6ux9Ezns_3","forward_quantity":750000000,"id":"6c0ce1dec0cf5502ad41b3f9c15859cf40eda9beb0060db8f74485d1b9297e96_b9ac4fa5d0dc82c0edd74bb42dcc5114e4160f9c6b05a1dd0399878c9659f90f","initial_value":100.0,"leverage":5040,"match_expire_index":310026,"status":"pending","target_value":1.0,"tx0_address":"2_mn6q3dS2EnDUx3bmyWc6D4szJNVGtaR7zc_mnfAHmddVibnZNSkh8DvKaQoiEfNsxjXzH_mtQheFaSfWELRB2MyMBaiWjdDm6ux9Ezns_3","tx0_bet_type":2,"tx0_block_index":310016,"tx0_expiration":10,"tx0_hash":"6c0ce1dec0cf5502ad41b3f9c15859cf40eda9beb0060db8f74485d1b9297e96","tx0_index":17,"tx1_address":"2_mn6q3dS2EnDUx3bmyWc6D4szJNVGtaR7zc_mnfAHmddVibnZNSkh8DvKaQoiEfNsxjXzH_mtQheFaSfWELRB2MyMBaiWjdDm6ux9Ezns_3","tx1_bet_type":3,"tx1_block_index":310017,"tx1_expiration":10,"tx1_hash":"b9ac4fa5d0dc82c0edd74bb42dcc5114e4160f9c6b05a1dd0399878c9659f90f","tx1_index":18}',0,'BET_MATCH','b9ac4fa5d0dc82c0edd74bb42dcc5114e4160f9c6b05a1dd0399878c9659f90f','65f1fe1ec062fefe969d3d939537ddc3173a19ac43fce4d55146aeafd4a6d887');
INSERT INTO messages VALUES(140,310017,'parse','transactions','{"supported":true,"tx_hash":"b9ac4fa5d0dc82c0edd74bb42dcc5114e4160f9c6b05a1dd0399878c9659f90f","tx_index":18}',0,'TRANSACTION_PARSED','b9ac4fa5d0dc82c0edd74bb42dcc5114e4160f9c6b05a1dd0399878c9659f90f','c3953c85d1967e288777e7be9fdee33aa5080bb361a9ab532d2b80850008f0df');
INSERT INTO messages VALUES(141,310017,'parse','blocks','{"block_index":310017,"ledger_hash":"5d1e195a7d313d703253640cd98be600b04a7d98aae69b5327a29e740573198d","messages_hash":"83e8537d4f23d1e4608de73dac49b1eb52fa7375bff0a1d8da33ec007965b5e9","transaction_count":1,"txlist_hash":"d11dcbe247eb0eb44fc1192a6f939ec82d67daaa9cdb4f27cea473b268dc9995"}',0,'BLOCK_PARSED',NULL,'33392d7e8251457e7e3cdc6a5394a3875082e9461f66bd90d48d26635ce1a00e');
INSERT INTO messages VALUES(142,310018,'insert','blocks','{"block_hash":"35c06f9e3de39e4e56ceb1d1a22008f52361c50dd0d251c0acbe2e3c2dba8ed3","block_index":310018,"block_time":310018000,"difficulty":null,"ledger_hash":null,"previous_block_hash":null,"txlist_hash":null}',0,'NEW_BLOCK',NULL,'acca4f4c86af98d6e088a48cb40f5f0fe9af3de4db8987d3aa520888ead15e41');
INSERT INTO messages VALUES(143,310018,'insert','transactions','{"block_hash":"35c06f9e3de39e4e56ceb1d1a22008f52361c50dd0d251c0acbe2e3c2dba8ed3","block_index":310018,"block_time":310018000,"btc_amount":0,"data":"0000001e52bb33324058f7256ffc115e004c4b4009556e69742054657374","destination":"","fee":2400,"source":"2_mn6q3dS2EnDUx3bmyWc6D4szJNVGtaR7zc_mnfAHmddVibnZNSkh8DvKaQoiEfNsxjXzH_mtQheFaSfWELRB2MyMBaiWjdDm6ux9Ezns_3","supported":true,"tx_hash":"47a8cfb0e316c159b24c377931f5dd67353cd8ea8b4aa8e98cfa918095431fba","tx_index":19,"utxos_info":" fbe7af4b893d47ccd61766a7effc1529d6e3dc79ee6b3db56e8b1d5a99f065f1:0 2 "}',0,'NEW_TRANSACTION',NULL,'98030f2811c76c35127a922a912f6bf6c99a4a06795b8429028f1f330a3bc633');
INSERT INTO messages VALUES(144,310018,'insert','broadcasts','{"block_index":310018,"fee_fraction_int":5000000,"locked":false,"source":"2_mn6q3dS2EnDUx3bmyWc6D4szJNVGtaR7zc_mnfAHmddVibnZNSkh8DvKaQoiEfNsxjXzH_mtQheFaSfWELRB2MyMBaiWjdDm6ux9Ezns_3","status":"valid","text":"Unit Test","timestamp":1388000050,"tx_hash":"47a8cfb0e316c159b24c377931f5dd67353cd8ea8b4aa8e98cfa918095431fba","tx_index":19,"value":99.86166}',0,'BROADCAST','47a8cfb0e316c159b24c377931f5dd67353cd8ea8b4aa8e98cfa918095431fba','48f74ebefa287a0eec0235aa0cdee8f9ba6c61e9b9d4b644a1c32109ce5735c6');
INSERT INTO messages VALUES(145,310018,'insert','credits','{"address":"2_mn6q3dS2EnDUx3bmyWc6D4szJNVGtaR7zc_mnfAHmddVibnZNSkh8DvKaQoiEfNsxjXzH_mtQheFaSfWELRB2MyMBaiWjdDm6ux9Ezns_3","asset":"XCP","block_index":310018,"calling_function":"bet settled: liquidated for bear","event":"47a8cfb0e316c159b24c377931f5dd67353cd8ea8b4aa8e98cfa918095431fba","quantity":59137500,"tx_index":19,"utxo":null,"utxo_address":null}',0,'CREDIT','47a8cfb0e316c159b24c377931f5dd67353cd8ea8b4aa8e98cfa918095431fba','e78d16fd3b3dca7439252e3fe434a84837e9f9d9e0865eb63d0188ffd59153d9');
INSERT INTO messages VALUES(146,310018,'insert','credits','{"address":"2_mn6q3dS2EnDUx3bmyWc6D4szJNVGtaR7zc_mnfAHmddVibnZNSkh8DvKaQoiEfNsxjXzH_mtQheFaSfWELRB2MyMBaiWjdDm6ux9Ezns_3","asset":"XCP","block_index":310018,"calling_function":"feed fee","event":"47a8cfb0e316c159b24c377931f5dd67353cd8ea8b4aa8e98cfa918095431fba","quantity":3112500,"tx_index":19,"utxo":null,"utxo_address":null}',0,'CREDIT','47a8cfb0e316c159b24c377931f5dd67353cd8ea8b4aa8e98cfa918095431fba','70789f3cdd2ef5b7cfa43f65202cbde66303469749e474364174b019d0a4673b');
INSERT INTO messages VALUES(147,310018,'insert','bet_match_resolutions','{"bear_credit":59137500,"bet_match_id":"00a8d1eb1f72d21dd642377b862a5650e2f6d3bddfc67b389da001b9e96e3626_509a4c348bb7f9fff9f03ad5e7182342655ec01db31bde5eb23f4a813bb716c9","bet_match_type_id":1,"block_index":310018,"bull_credit":0,"escrow_less_fee":null,"fee":3112500,"settled":false,"winner":null}',0,'BET_MATCH_RESOLUTON','47a8cfb0e316c159b24c377931f5dd67353cd8ea8b4aa8e98cfa918095431fba','18c96659b68f58fd538a1ea95145d2a06ccecbf438dfad5c08e38ce875e7bcc7');
INSERT INTO messages VALUES(148,310018,'update','bet_matches','{"id":"00a8d1eb1f72d21dd642377b862a5650e2f6d3bddfc67b389da001b9e96e3626_509a4c348bb7f9fff9f03ad5e7182342655ec01db31bde5eb23f4a813bb716c9","status":"settled: liquidated for bear"}',0,'BET_MATCH_UPDATE','47a8cfb0e316c159b24c377931f5dd67353cd8ea8b4aa8e98cfa918095431fba','3d6ed4d0e70ad973d022af78657216b4a53e8140deccfad6b3a7caf5960a93d3');
INSERT INTO messages VALUES(149,310018,'parse','transactions','{"supported":true,"tx_hash":"47a8cfb0e316c159b24c377931f5dd67353cd8ea8b4aa8e98cfa918095431fba","tx_index":19}',0,'TRANSACTION_PARSED','47a8cfb0e316c159b24c377931f5dd67353cd8ea8b4aa8e98cfa918095431fba','2eb21914cfbd08293dcb6e87be54a9d3c59714ece0a4c9e8e4256115d791c1f0');
INSERT INTO messages VALUES(150,310018,'parse','blocks','{"block_index":310018,"ledger_hash":"f38538a4a2cba9bcf8821b56e1dc877990e027135d3f220338cd8cb11f3eb205","messages_hash":"696d3b9e270e0c09b14bdc5c6c27f9cd1210d17e64575d6393373dec16685355","transaction_count":1,"txlist_hash":"d00741d5965803863ee38fff4a23763a4a76155849d5ffdebc4719aa87fbdd2c"}',0,'BLOCK_PARSED',NULL,'382d56755df0bc6aea94095a018c84cd8b2c0179f0869f7afff66d46eaa5283d');
INSERT INTO messages VALUES(151,310019,'insert','blocks','{"block_hash":"114affa0c4f34b1ebf8e2778c9477641f60b5b9e8a69052158041d4c41893294","block_index":310019,"block_time":310019000,"difficulty":null,"ledger_hash":null,"previous_block_hash":null,"txlist_hash":null}',0,'NEW_BLOCK',NULL,'9e21cca425142a555710ef0c95011487f4930da85e6aa4daf333ca04f972fc64');
INSERT INTO messages VALUES(152,310019,'insert','transactions','{"block_hash":"114affa0c4f34b1ebf8e2778c9477641f60b5b9e8a69052158041d4c41893294","block_index":310019,"block_time":310019000,"btc_amount":0,"data":"0000001e52bb3365405915f3b645a1cb004c4b4009556e69742054657374","destination":"","fee":2400,"source":"2_mn6q3dS2EnDUx3bmyWc6D4szJNVGtaR7zc_mnfAHmddVibnZNSkh8DvKaQoiEfNsxjXzH_mtQheFaSfWELRB2MyMBaiWjdDm6ux9Ezns_3","supported":true,"tx_hash":"04b01044d0b0209c01c8218a2f298fbcc9800a83e8a4dccd6552be39d3fe5597","tx_index":20,"utxos_info":" fa72678955d2985b0d1a2c041ea3da5a59f3589038db4abafc579efc91faf14c:0 2 "}',0,'NEW_TRANSACTION',NULL,'8e9bf0baba0d82b0d21aaab8f5f420c05c0c7b6e4c0ab2cd8789f59ca5eccc5a');
INSERT INTO messages VALUES(153,310019,'insert','broadcasts','{"block_index":310019,"fee_fraction_int":5000000,"locked":false,"source":"2_mn6q3dS2EnDUx3bmyWc6D4szJNVGtaR7zc_mnfAHmddVibnZNSkh8DvKaQoiEfNsxjXzH_mtQheFaSfWELRB2MyMBaiWjdDm6ux9Ezns_3","status":"valid","text":"Unit Test","timestamp":1388000101,"tx_hash":"04b01044d0b0209c01c8218a2f298fbcc9800a83e8a4dccd6552be39d3fe5597","tx_index":20,"value":100.343}',0,'BROADCAST','04b01044d0b0209c01c8218a2f298fbcc9800a83e8a4dccd6552be39d3fe5597','4d783296bba6cf98f9fc059e773bba9d37a0c2af3414f6d93836c6f7ea06eb41');
INSERT INTO messages VALUES(154,310019,'insert','credits','{"address":"2_mn6q3dS2EnDUx3bmyWc6D4szJNVGtaR7zc_mnfAHmddVibnZNSkh8DvKaQoiEfNsxjXzH_mtQheFaSfWELRB2MyMBaiWjdDm6ux9Ezns_3","asset":"XCP","block_index":310019,"calling_function":"bet settled","event":"04b01044d0b0209c01c8218a2f298fbcc9800a83e8a4dccd6552be39d3fe5597","quantity":159300000,"tx_index":20,"utxo":null,"utxo_address":null}',0,'CREDIT','04b01044d0b0209c01c8218a2f298fbcc9800a83e8a4dccd6552be39d3fe5597','c79554e89adb404c9635212280e051bb071cfe9f1b3555951c54dc6b81a8eec0');
INSERT INTO messages VALUES(155,310019,'insert','credits','{"address":"2_mn6q3dS2EnDUx3bmyWc6D4szJNVGtaR7zc_mnfAHmddVibnZNSkh8DvKaQoiEfNsxjXzH_mtQheFaSfWELRB2MyMBaiWjdDm6ux9Ezns_3","asset":"XCP","block_index":310019,"calling_function":"bet settled","event":"04b01044d0b0209c01c8218a2f298fbcc9800a83e8a4dccd6552be39d3fe5597","quantity":315700000,"tx_index":20,"utxo":null,"utxo_address":null}',0,'CREDIT','04b01044d0b0209c01c8218a2f298fbcc9800a83e8a4dccd6552be39d3fe5597','6ae4e82aeaf1acf4dc6e6b80272b7c777b897f079b16e52a1d4ac9a03ed3f360');
INSERT INTO messages VALUES(156,310019,'insert','credits','{"address":"2_mn6q3dS2EnDUx3bmyWc6D4szJNVGtaR7zc_mnfAHmddVibnZNSkh8DvKaQoiEfNsxjXzH_mtQheFaSfWELRB2MyMBaiWjdDm6ux9Ezns_3","asset":"XCP","block_index":310019,"calling_function":"feed fee","event":"04b01044d0b0209c01c8218a2f298fbcc9800a83e8a4dccd6552be39d3fe5597","quantity":25000000,"tx_index":20,"utxo":null,"utxo_address":null}',0,'CREDIT','04b01044d0b0209c01c8218a2f298fbcc9800a83e8a4dccd6552be39d3fe5597','a4d1f603be7a63a923237dfdd9e30588f7ef0d0628b86c4a79024f118e68d9bb');
INSERT INTO messages VALUES(157,310019,'insert','bet_match_resolutions','{"bear_credit":315700000,"bet_match_id":"78557eb7d5d0397c0c210220e106345dc88dc7cf95e2b8077c5a3ece2ba93fb6_1ba5c7d6abf9225272c75dd48982a589b8a61aaf58bd9f0eafd8145e9c9d9d6a","bet_match_type_id":1,"block_index":310019,"bull_credit":159300000,"escrow_less_fee":null,"fee":25000000,"settled":true,"winner":null}',0,'BET_MATCH_RESOLUTON','04b01044d0b0209c01c8218a2f298fbcc9800a83e8a4dccd6552be39d3fe5597','0b3cfd2bb39c14588d1dec6805ff9d99f2c145ee73ca4f5d37ac2179cee44eed');
INSERT INTO messages VALUES(158,310019,'update','bet_matches','{"id":"78557eb7d5d0397c0c210220e106345dc88dc7cf95e2b8077c5a3ece2ba93fb6_1ba5c7d6abf9225272c75dd48982a589b8a61aaf58bd9f0eafd8145e9c9d9d6a","status":"settled"}',0,'BET_MATCH_UPDATE','04b01044d0b0209c01c8218a2f298fbcc9800a83e8a4dccd6552be39d3fe5597','c06867e4a773c9ee94fc1150d61523673fbf96c2cec03143cfbedf9e9451e34e');
INSERT INTO messages VALUES(159,310019,'parse','transactions','{"supported":true,"tx_hash":"04b01044d0b0209c01c8218a2f298fbcc9800a83e8a4dccd6552be39d3fe5597","tx_index":20}',0,'TRANSACTION_PARSED','04b01044d0b0209c01c8218a2f298fbcc9800a83e8a4dccd6552be39d3fe5597','150be5de62ec2cafcd3d6b5fc73e6316b5410f10e1b91cfc1ccf385b309ec58a');
INSERT INTO messages VALUES(160,310019,'parse','blocks','{"block_index":310019,"ledger_hash":"3a51f1f061d953c940ac7e53f8bb37df041f2d4f42a16f5c5d23707b8b0c0dc6","messages_hash":"136b91d573bc04920df5cbaad91a9ae570b50fd3536c9f199ea36c2e86647010","transaction_count":1,"txlist_hash":"1b9fd4214c8eed3287b2a7e8a1821b9cd0419d7aa0059bf614d0982d517936e6"}',0,'BLOCK_PARSED',NULL,'21ca4eae0faf37858d6d782af3fac7c9754240b456c13c1016cf4503737bb2e7');
INSERT INTO messages VALUES(161,310020,'insert','blocks','{"block_hash":"d93c79920e4a42164af74ecb5c6b903ff6055cdc007376c74dfa692c8d85ebc9","block_index":310020,"block_time":310020000,"difficulty":null,"ledger_hash":null,"previous_block_hash":null,"txlist_hash":null}',0,'NEW_BLOCK',NULL,'bf0fb906066da30854a705e112b005c17701098870950ea70e6c9932c37a7878');
INSERT INTO messages VALUES(162,310020,'insert','transactions','{"block_hash":"d93c79920e4a42164af74ecb5c6b903ff6055cdc007376c74dfa692c8d85ebc9","block_index":310020,"block_time":310020000,"btc_amount":0,"data":"0000001e52bb33c94000000000000000004c4b4009556e69742054657374","destination":"","fee":2400,"source":"2_mn6q3dS2EnDUx3bmyWc6D4szJNVGtaR7zc_mnfAHmddVibnZNSkh8DvKaQoiEfNsxjXzH_mtQheFaSfWELRB2MyMBaiWjdDm6ux9Ezns_3","supported":true,"tx_hash":"ae1b0e88a8541bbdb7d549c011cec6da79a9a15edbd91c30c54204c33c3898f0","tx_index":21,"utxos_info":" 0d3e0ae6a281383f486b35bd35e5bd505259b44a60188a68043680e4b56c72b6:0 2 "}',0,'NEW_TRANSACTION',NULL,'5fd8846d755e83422d4dbf3dc67bc3f063b0ae953df8204dd8c4ec62d08449fa');
INSERT INTO messages VALUES(163,310020,'insert','broadcasts','{"block_index":310020,"fee_fraction_int":5000000,"locked":false,"source":"2_mn6q3dS2EnDUx3bmyWc6D4szJNVGtaR7zc_mnfAHmddVibnZNSkh8DvKaQoiEfNsxjXzH_mtQheFaSfWELRB2MyMBaiWjdDm6ux9Ezns_3","status":"valid","text":"Unit Test","timestamp":1388000201,"tx_hash":"ae1b0e88a8541bbdb7d549c011cec6da79a9a15edbd91c30c54204c33c3898f0","tx_index":21,"value":2.0}',0,'BROADCAST','ae1b0e88a8541bbdb7d549c011cec6da79a9a15edbd91c30c54204c33c3898f0','0e4e40e3cabcea44ec614955f5b1811b2985fbbb4b5b914237ad75d1f2f7a3ee');
INSERT INTO messages VALUES(164,310020,'insert','credits','{"address":"2_mn6q3dS2EnDUx3bmyWc6D4szJNVGtaR7zc_mnfAHmddVibnZNSkh8DvKaQoiEfNsxjXzH_mtQheFaSfWELRB2MyMBaiWjdDm6ux9Ezns_3","asset":"XCP","block_index":310020,"calling_function":"bet settled: for notequal","event":"ae1b0e88a8541bbdb7d549c011cec6da79a9a15edbd91c30c54204c33c3898f0","quantity":1330000000,"tx_index":21,"utxo":null,"utxo_address":null}',0,'CREDIT','ae1b0e88a8541bbdb7d549c011cec6da79a9a15edbd91c30c54204c33c3898f0','1794dc7a5c1d1d447db0873f9dcf8e6874c375e231a0eff16a2fed868b1a8840');
INSERT INTO messages VALUES(165,310020,'insert','credits','{"address":"2_mn6q3dS2EnDUx3bmyWc6D4szJNVGtaR7zc_mnfAHmddVibnZNSkh8DvKaQoiEfNsxjXzH_mtQheFaSfWELRB2MyMBaiWjdDm6ux9Ezns_3","asset":"XCP","block_index":310020,"calling_function":"feed fee","event":"ae1b0e88a8541bbdb7d549c011cec6da79a9a15edbd91c30c54204c33c3898f0","quantity":70000000,"tx_index":21,"utxo":null,"utxo_address":null}',0,'CREDIT','ae1b0e88a8541bbdb7d549c011cec6da79a9a15edbd91c30c54204c33c3898f0','c3ad39b39c4d89e27916d81bb8637b17115acd3b95ae6fd5b37e7936660522f8');
INSERT INTO messages VALUES(166,310020,'insert','bet_match_resolutions','{"bear_credit":null,"bet_match_id":"6c0ce1dec0cf5502ad41b3f9c15859cf40eda9beb0060db8f74485d1b9297e96_b9ac4fa5d0dc82c0edd74bb42dcc5114e4160f9c6b05a1dd0399878c9659f90f","bet_match_type_id":5,"block_index":310020,"bull_credit":null,"escrow_less_fee":1330000000,"fee":70000000,"settled":null,"winner":"NotEqual"}',0,'BET_MATCH_RESOLUTON','ae1b0e88a8541bbdb7d549c011cec6da79a9a15edbd91c30c54204c33c3898f0','ca4ac13dcf23af1bff347a00b4813f559d0c00d7908b0d7e17619b74fa0c8a7a');
INSERT INTO messages VALUES(167,310020,'update','bet_matches','{"id":"6c0ce1dec0cf5502ad41b3f9c15859cf40eda9beb0060db8f74485d1b9297e96_b9ac4fa5d0dc82c0edd74bb42dcc5114e4160f9c6b05a1dd0399878c9659f90f","status":"settled: for notequal"}',0,'BET_MATCH_UPDATE','ae1b0e88a8541bbdb7d549c011cec6da79a9a15edbd91c30c54204c33c3898f0','cafbf5f01613f259c6af7b1d04f28d41208531845b70814aa0eff02344ab103b');
INSERT INTO messages VALUES(168,310020,'parse','transactions','{"supported":true,"tx_hash":"ae1b0e88a8541bbdb7d549c011cec6da79a9a15edbd91c30c54204c33c3898f0","tx_index":21}',0,'TRANSACTION_PARSED','ae1b0e88a8541bbdb7d549c011cec6da79a9a15edbd91c30c54204c33c3898f0','af0d3da4780d6adfb1e0ca42ea1484f1bf786b4cfde3d23d517862a41ca54db1');
INSERT INTO messages VALUES(169,310020,'parse','blocks','{"block_index":310020,"ledger_hash":"cce3284c53fcf79ba268d925e32ab70e3d4df1e6f13dbcbe2920e93fc689128b","messages_hash":"34e340859c5b94b4dd0101844ccc58912212427b7ade50b86e17f286fce027e5","transaction_count":1,"txlist_hash":"252930c5ec4866f72b65397c65d7f9b4f36edd05d03fea5afff5f0b5e0cd82c4"}',0,'BLOCK_PARSED',NULL,'cb0b43d45d8d9d52bd6a9d196b5465814f91c4b0a55a89e5282f037c78413355');
INSERT INTO messages VALUES(170,310021,'insert','blocks','{"block_hash":"7c2460bb32c5749c856486393239bf7a0ac789587ac71f32e7237910da8097f2","block_index":310021,"block_time":310021000,"difficulty":null,"ledger_hash":null,"previous_block_hash":null,"txlist_hash":null}',0,'NEW_BLOCK',NULL,'f1d33054faa0fbad5d9b4158b7e8f6f81e90d771f7aac56b04e4887232b40ecb');
INSERT INTO messages VALUES(171,310021,'insert','transactions','{"block_hash":"7c2460bb32c5749c856486393239bf7a0ac789587ac71f32e7237910da8097f2","block_index":310021,"block_time":310021000,"btc_amount":0,"data":"0000000a00000000000047670000000002faf08000000000000000010000000002faf080000a0000000000000000","destination":"","fee":2400,"source":"2_mn6q3dS2EnDUx3bmyWc6D4szJNVGtaR7zc_mnfAHmddVibnZNSkh8DvKaQoiEfNsxjXzH_mtQheFaSfWELRB2MyMBaiWjdDm6ux9Ezns_3","supported":true,"tx_hash":"1e9c803dd89119395641881be44c8d1a98f571bf5b53ee683f880ee9ea16e451","tx_index":22,"utxos_info":" fbe08dac30181c916307dad0d811223937a343004a03bec82c8b50eb52754b05:0 2 "}',0,'NEW_TRANSACTION',NULL,'0fb7340f09c6693a54b97ccd75672055625cfc95722bc7c265bb6ba9dc1069cb');
INSERT INTO messages VALUES(172,310021,'insert','debits','{"action":"open order","address":"2_mn6q3dS2EnDUx3bmyWc6D4szJNVGtaR7zc_mnfAHmddVibnZNSkh8DvKaQoiEfNsxjXzH_mtQheFaSfWELRB2MyMBaiWjdDm6ux9Ezns_3","asset":"BBBB","block_index":310021,"event":"1e9c803dd89119395641881be44c8d1a98f571bf5b53ee683f880ee9ea16e451","quantity":50000000,"tx_index":22,"utxo":null,"utxo_address":null}',0,'DEBIT','1e9c803dd89119395641881be44c8d1a98f571bf5b53ee683f880ee9ea16e451','e10e55e85fae4507583378c364bed6ea85e6491eea7d1c1ef8b1bbbb2c87bfb6');
INSERT INTO messages VALUES(173,310021,'insert','orders','{"block_index":310021,"expiration":10,"expire_index":310031,"fee_provided":2400,"fee_provided_remaining":2400,"fee_required":0,"fee_required_remaining":0,"get_asset":"XCP","get_quantity":50000000,"get_remaining":50000000,"give_asset":"BBBB","give_quantity":50000000,"give_remaining":50000000,"source":"2_mn6q3dS2EnDUx3bmyWc6D4szJNVGtaR7zc_mnfAHmddVibnZNSkh8DvKaQoiEfNsxjXzH_mtQheFaSfWELRB2MyMBaiWjdDm6ux9Ezns_3","status":"open","tx_hash":"1e9c803dd89119395641881be44c8d1a98f571bf5b53ee683f880ee9ea16e451","tx_index":22}',0,'OPEN_ORDER','1e9c803dd89119395641881be44c8d1a98f571bf5b53ee683f880ee9ea16e451','03e93c8d47ba1787eef80c8b0d13ee909407f8ea1542e1c5425e9d9e5c673815');
INSERT INTO messages VALUES(174,310021,'parse','transactions','{"supported":true,"tx_hash":"1e9c803dd89119395641881be44c8d1a98f571bf5b53ee683f880ee9ea16e451","tx_index":22}',0,'TRANSACTION_PARSED','1e9c803dd89119395641881be44c8d1a98f571bf5b53ee683f880ee9ea16e451','3f1bbeaa8abdef432893cc9f81a5369a5b41bbe1703f826035f95d7e60af86d2');
INSERT INTO messages VALUES(175,310021,'parse','blocks','{"block_index":310021,"ledger_hash":"6ad5172a6dcaa6706d5a4f6fd8ada183e103b9faab58e42c1365613a26477490","messages_hash":"bd2f5c8ccbafe8a6eb337e968439e7b8dc5dc4577671f0e1c467f30ba5b7a7a8","transaction_count":1,"txlist_hash":"d4ebc75352170d6b10e519448134869e4356cd4a72593c6fdfb13c3f7247d577"}',0,'BLOCK_PARSED',NULL,'a8547c9477981bb700db5edf31a786ea5f9ac2a5c06c9edccaf09f636b7619b2');
INSERT INTO messages VALUES(176,310022,'insert','blocks','{"block_hash":"44435f9a99a0aa12a9bfabdc4cb8119f6ea6a6e1350d2d65445fb66a456db5fc","block_index":310022,"block_time":310022000,"difficulty":null,"ledger_hash":null,"previous_block_hash":null,"txlist_hash":null}',0,'NEW_BLOCK',NULL,'89647271357afb3e16ecda6de7a3d580a670831f22c2456e23a3aa3cb5b41e2e');
INSERT INTO messages VALUES(177,310022,'insert','transactions','{"block_hash":"44435f9a99a0aa12a9bfabdc4cb8119f6ea6a6e1350d2d65445fb66a456db5fc","block_index":310022,"block_time":310022000,"btc_amount":100000000,"data":"","destination":"mvCounterpartyXXXXXXXXXXXXXXW24Hef","fee":1260,"source":"2_mn6q3dS2EnDUx3bmyWc6D4szJNVGtaR7zc_mnfAHmddVibnZNSkh8DvKaQoiEfNsxjXzH_mtQheFaSfWELRB2MyMBaiWjdDm6ux9Ezns_3","supported":true,"tx_hash":"1ac1b607c4b70d60f4fe8c3f496654b12427b918d409b8934bbfdd464ddae1cf","tx_index":23,"utxos_info":" 20be2a1aaf8b116d818d0f940fdaa2dc9a1647a7f7f7bd526d6dd0b9fc8eab62:0 2 "}',0,'NEW_TRANSACTION',NULL,'2c706c907f92379315f986a8bf76b977f44424eb93a8f2a4f64880b838634cc0');
INSERT INTO messages VALUES(178,310022,'insert','credits','{"address":"2_mn6q3dS2EnDUx3bmyWc6D4szJNVGtaR7zc_mnfAHmddVibnZNSkh8DvKaQoiEfNsxjXzH_mtQheFaSfWELRB2MyMBaiWjdDm6ux9Ezns_3","asset":"XCP","block_index":310022,"calling_function":"burn","event":"1ac1b607c4b70d60f4fe8c3f496654b12427b918d409b8934bbfdd464ddae1cf","quantity":56999887262,"tx_index":23,"utxo":null,"utxo_address":null}',0,'CREDIT','1ac1b607c4b70d60f4fe8c3f496654b12427b918d409b8934bbfdd464ddae1cf','471517d6806d9e5f103189317093e93b80fb5a21ca0f1f00733c575895138728');
INSERT INTO messages VALUES(179,310022,'insert','burns','{"block_index":310022,"burned":38000000,"earned":56999887262,"source":"2_mn6q3dS2EnDUx3bmyWc6D4szJNVGtaR7zc_mnfAHmddVibnZNSkh8DvKaQoiEfNsxjXzH_mtQheFaSfWELRB2MyMBaiWjdDm6ux9Ezns_3","status":"valid","tx_hash":"1ac1b607c4b70d60f4fe8c3f496654b12427b918d409b8934bbfdd464ddae1cf","tx_index":23}',0,'BURN','1ac1b607c4b70d60f4fe8c3f496654b12427b918d409b8934bbfdd464ddae1cf','427b6011fffa5fcc4bff41efe633431b244323192356f408126b1dcb1debf76b');
INSERT INTO messages VALUES(180,310022,'parse','transactions','{"supported":true,"tx_hash":"1ac1b607c4b70d60f4fe8c3f496654b12427b918d409b8934bbfdd464ddae1cf","tx_index":23}',0,'TRANSACTION_PARSED','1ac1b607c4b70d60f4fe8c3f496654b12427b918d409b8934bbfdd464ddae1cf','7553e953e23236804e5214f4b8ccd4324d197771de325ef195952b2b50df688b');
INSERT INTO messages VALUES(181,310022,'parse','blocks','{"block_index":310022,"ledger_hash":"c9361fea7f3dd2415969eb6ad7fe893381c9ca65ea391f2e47a966e342db3a90","messages_hash":"fc1bb458f9720176e072505ef5617cf87d3cd5715fc5a567897fffa716a66f57","transaction_count":1,"txlist_hash":"2ae14ba9a3330f0404f34d103ea696ae1ac4ce6920eb32a5156ef821047e47a5"}',0,'BLOCK_PARSED',NULL,'16117d1ebb20a5f4b20ba56a88095a5e6730de35540d554496bab495d1d14832');
INSERT INTO messages VALUES(182,310023,'insert','blocks','{"block_hash":"d8cf5bec1bbcab8ca4f495352afde3b6572b7e1d61b3976872ebb8e9d30ccb08","block_index":310023,"block_time":310023000,"difficulty":null,"ledger_hash":null,"previous_block_hash":null,"txlist_hash":null}',0,'NEW_BLOCK',NULL,'524df2e927a4d3de8bf889df5c8cfd5a86d6ef24ac99605e90e74e2e61c42bc4');
INSERT INTO messages VALUES(183,310023,'insert','transactions','{"block_hash":"d8cf5bec1bbcab8ca4f495352afde3b6572b7e1d61b3976872ebb8e9d30ccb08","block_index":310023,"block_time":310023000,"btc_amount":1000,"data":"0000000000000000000047680000000000002710","destination":"2_mn6q3dS2EnDUx3bmyWc6D4szJNVGtaR7zc_mnfAHmddVibnZNSkh8DvKaQoiEfNsxjXzH_mqPCfvqTfYctXMUfmniXeG2nyaN8w6tPmj_3","fee":3600,"source":"2_mn6q3dS2EnDUx3bmyWc6D4szJNVGtaR7zc_mnfAHmddVibnZNSkh8DvKaQoiEfNsxjXzH_mtQheFaSfWELRB2MyMBaiWjdDm6ux9Ezns_3","supported":true,"tx_hash":"c9c6b6ac73943d82145147a69956e48c2c5d8489dfbf0b1fea01e0c3c72ab6e1","tx_index":24,"utxos_info":" bea0c9e8eed2725822ce6d5ab47ca1293550f1b8ba8a8abf9e29930792dc06ee:0 3 "}',0,'NEW_TRANSACTION',NULL,'645a71b64204be2095cc26f2f73f04bf8b5e6266c4cff8d94904122f6ebbc407');
INSERT INTO messages VALUES(184,310023,'update','bets','{"status":"expired","tx_hash":"00a8d1eb1f72d21dd642377b862a5650e2f6d3bddfc67b389da001b9e96e3626"}',0,'BET_UPDATE',NULL,'86eaf2cb0da30bf4ae4b0e6fa3430fd55f2a760b0a23bec609a26b8ad1bee1de');
INSERT INTO messages VALUES(185,310023,'insert','credits','{"address":"2_mn6q3dS2EnDUx3bmyWc6D4szJNVGtaR7zc_mnfAHmddVibnZNSkh8DvKaQoiEfNsxjXzH_mtQheFaSfWELRB2MyMBaiWjdDm6ux9Ezns_3","asset":"XCP","block_index":310023,"calling_function":"recredit wager remaining","event":"00a8d1eb1f72d21dd642377b862a5650e2f6d3bddfc67b389da001b9e96e3626","quantity":8500000,"tx_index":0,"utxo":null,"utxo_address":null}',0,'CREDIT',NULL,'f3314a0a68f149691a74c1cdf8378d14dfb89c0851c999225465caf3648179d5');
INSERT INTO messages VALUES(186,310023,'insert','bet_expirations','{"bet_hash":"00a8d1eb1f72d21dd642377b862a5650e2f6d3bddfc67b389da001b9e96e3626","bet_index":13,"block_index":310023,"source":"2_mn6q3dS2EnDUx3bmyWc6D4szJNVGtaR7zc_mnfAHmddVibnZNSkh8DvKaQoiEfNsxjXzH_mtQheFaSfWELRB2MyMBaiWjdDm6ux9Ezns_3"}',0,'BET_EXPIRATION',NULL,'d27762119991bf56613e1975df998d357b9c4d07d64470bfe6e72774437524b4');
INSERT INTO messages VALUES(187,310023,'insert','debits','{"action":"send","address":"2_mn6q3dS2EnDUx3bmyWc6D4szJNVGtaR7zc_mnfAHmddVibnZNSkh8DvKaQoiEfNsxjXzH_mtQheFaSfWELRB2MyMBaiWjdDm6ux9Ezns_3","asset":"BBBC","block_index":310023,"event":"c9c6b6ac73943d82145147a69956e48c2c5d8489dfbf0b1fea01e0c3c72ab6e1","quantity":10000,"tx_index":24,"utxo":null,"utxo_address":null}',0,'DEBIT','c9c6b6ac73943d82145147a69956e48c2c5d8489dfbf0b1fea01e0c3c72ab6e1','0eb77babec0b425163e6a4ef0d99d2a8c662829a283b798ecbddfa96906bc894');
INSERT INTO messages VALUES(188,310023,'insert','credits','{"address":"2_mn6q3dS2EnDUx3bmyWc6D4szJNVGtaR7zc_mnfAHmddVibnZNSkh8DvKaQoiEfNsxjXzH_mqPCfvqTfYctXMUfmniXeG2nyaN8w6tPmj_3","asset":"BBBC","block_index":310023,"calling_function":"send","event":"c9c6b6ac73943d82145147a69956e48c2c5d8489dfbf0b1fea01e0c3c72ab6e1","quantity":10000,"tx_index":24,"utxo":null,"utxo_address":null}',0,'CREDIT','c9c6b6ac73943d82145147a69956e48c2c5d8489dfbf0b1fea01e0c3c72ab6e1','597250597ed389eae3f2b3e4679f25427770b7ca60c4618a5c56f96ef9960e75');
INSERT INTO messages VALUES(189,310023,'insert','sends','{"asset":"BBBC","block_index":310023,"destination":"2_mn6q3dS2EnDUx3bmyWc6D4szJNVGtaR7zc_mnfAHmddVibnZNSkh8DvKaQoiEfNsxjXzH_mqPCfvqTfYctXMUfmniXeG2nyaN8w6tPmj_3","msg_index":0,"quantity":10000,"send_type":"send","source":"2_mn6q3dS2EnDUx3bmyWc6D4szJNVGtaR7zc_mnfAHmddVibnZNSkh8DvKaQoiEfNsxjXzH_mtQheFaSfWELRB2MyMBaiWjdDm6ux9Ezns_3","status":"valid","tx_hash":"c9c6b6ac73943d82145147a69956e48c2c5d8489dfbf0b1fea01e0c3c72ab6e1","tx_index":24}',0,'SEND','c9c6b6ac73943d82145147a69956e48c2c5d8489dfbf0b1fea01e0c3c72ab6e1','da10543b7eb65996d8b3bbd2359b981014bd3510c182ac951707bf269f5e69ae');
INSERT INTO messages VALUES(190,310023,'parse','transactions','{"supported":true,"tx_hash":"c9c6b6ac73943d82145147a69956e48c2c5d8489dfbf0b1fea01e0c3c72ab6e1","tx_index":24}',0,'TRANSACTION_PARSED','c9c6b6ac73943d82145147a69956e48c2c5d8489dfbf0b1fea01e0c3c72ab6e1','9e56dd2c23adda1e3b0d42876f8e98bf9b7fc140c3fb80a65de3d18bc2e4b1ba');
INSERT INTO messages VALUES(191,310023,'parse','blocks','{"block_index":310023,"ledger_hash":"f63680db66cf963aaaebf64130629790e7492b5ea9396434c2179a5eb8774412","messages_hash":"889e9c34f11c45e450ac792128403ced2d95f1590b05d96a810813b0e52af213","transaction_count":1,"txlist_hash":"0f49aec4464274804a1659537844a4d5df0a4f33c19c3adb3f07ee15b9abb5c1"}',0,'BLOCK_PARSED',NULL,'c579accb7ab5655baf022924b9eca8ae947a470bd8167fc1e3122639ab993f80');
INSERT INTO messages VALUES(192,310024,'insert','blocks','{"block_hash":"b03042b4e18a222b4c8d1e9e1970d93e6e2a2d41686d227ff8ecf0a839223dc5","block_index":310024,"block_time":310024000,"difficulty":null,"ledger_hash":null,"previous_block_hash":null,"txlist_hash":null}',0,'NEW_BLOCK',NULL,'117f9d4cae967b167e9d463101284368d596610aacb1d7ae84e060b301edb4af');
INSERT INTO messages VALUES(193,310024,'parse','blocks','{"block_index":310024,"ledger_hash":"d69ea243fcd5e525ae03af680d5610b654a9d2bad17782e196305aaa110a6ba9","messages_hash":"7f881598d0802760bc16079ba3e2376187e607ebc23186d307125d0f02b851e4","transaction_count":0,"txlist_hash":"d04ef34da40987b7911ae882c73d56b9be00f8f4fc48a31d24a3f1667f737ddf"}',0,'BLOCK_PARSED',NULL,'93955296c97ee6b0264dc8664527119c5f9bedb15ce0646515a18f58d405a565');
INSERT INTO messages VALUES(194,310025,'insert','blocks','{"block_hash":"a872e560766832cc3b4f7f222228cb6db882ce3c54f6459f62c71d5cd6e90666","block_index":310025,"block_time":310025000,"difficulty":null,"ledger_hash":null,"previous_block_hash":null,"txlist_hash":null}',0,'NEW_BLOCK',NULL,'5f41f2634120f923a22c2baa81bea65e348aab593ea2c05f4943022ebda3bbc5');
INSERT INTO messages VALUES(195,310025,'parse','blocks','{"block_index":310025,"ledger_hash":"721906ed4cbd1524fafdc8e3ffef27d8b03e0c798bbcbe3eee7bc7f14afe4e81","messages_hash":"a2344c690219d8e7cbb02c56930f16fea01a54a0f6fc394537ad41145d1ebe3d","transaction_count":0,"txlist_hash":"6de12a0f87519b08c107976748f7096fa2ac5f4d1e967491caed18d0629e7c60"}',0,'BLOCK_PARSED',NULL,'ae5126c5789900596ba7d375a3c5140ceb7c5129d9a0c6ac1bbe146f870cf525');
INSERT INTO messages VALUES(196,310026,'insert','blocks','{"block_hash":"6c96350f6f2f05810f19a689de235eff975338587194a36a70dfd0fcd490941a","block_index":310026,"block_time":310026000,"difficulty":null,"ledger_hash":null,"previous_block_hash":null,"txlist_hash":null}',0,'NEW_BLOCK',NULL,'9cab05ee9ad0f03fed9d50dad2dcdcc362b7124e30613f190d318a70f53b817e');
INSERT INTO messages VALUES(197,310026,'parse','blocks','{"block_index":310026,"ledger_hash":"27912da2afa797876030dd0e50c31aea462d54c7bfa4f89d2f14fdb7b80db6b0","messages_hash":"fe44d1b24a1114f9614bdea375ec6ed8061effb8b87c2c6f8e391853a2b8b0e2","transaction_count":0,"txlist_hash":"df1b5b75b4d3c1f3c2ddfd89c2fa35f7fb7c9942cc6d3bb796a85a0269bac0be"}',0,'BLOCK_PARSED',NULL,'0f159ca4b795f95ecd0a5c2f9f9182c62721f612f90936dccc9e208139f091e3');
INSERT INTO messages VALUES(198,310027,'insert','blocks','{"block_hash":"d7acfac66df393c4482a14c189742c0571b89442eb7f817b34415a560445699e","block_index":310027,"block_time":310027000,"difficulty":null,"ledger_hash":null,"previous_block_hash":null,"txlist_hash":null}',0,'NEW_BLOCK',NULL,'cd30f5f538afe8bc396052a26a9a1a94897518e4a94d87ef4a9feccf8b16702d');
INSERT INTO messages VALUES(199,310027,'parse','blocks','{"block_index":310027,"ledger_hash":"cc0734ecfd2bdbd2d04d236b853f60e324feaa9115fae33a8add961c4a5f9436","messages_hash":"1e5ff41b703e391d06ae72cf028c09beaf0ddb54ecb0f121d9329aa30d87236e","transaction_count":0,"txlist_hash":"4a7006fdfc6d66ec09e7818cb7d49258349c98c7b22171cd5dd7d9f596a0234c"}',0,'BLOCK_PARSED',NULL,'01022021ecfb418ffe31354860f212e8a5ed89a874fc13818ab3778c47655243');
INSERT INTO messages VALUES(200,310028,'insert','blocks','{"block_hash":"02409fcf8fa06dafcb7f11e38593181d9c42cc9d5e2ddc304d098f990bd9530b","block_index":310028,"block_time":310028000,"difficulty":null,"ledger_hash":null,"previous_block_hash":null,"txlist_hash":null}',0,'NEW_BLOCK',NULL,'8aabc30e77c41373f2a3a15ef478b255d8ded079728335f73172775f3dc4baa9');
INSERT INTO messages VALUES(201,310028,'parse','blocks','{"block_index":310028,"ledger_hash":"d3f5fbbe85d5a81fef8735c73349f61a43122f4b6f3f7aa61215323a683ce3aa","messages_hash":"8101c9b3e604f0411d8be8f4ac358a937bf1025c23ee2f8183f086db4a9d6c4f","transaction_count":0,"txlist_hash":"a1a183ad35d1d3ed20f840ca8b4ad9b330f0da830695e85e3f713e0db489e1cd"}',0,'BLOCK_PARSED',NULL,'4c1b3ccd84f56e16aac3f23539294d552ec289dfbbd5334efa4e3081a8f66295');
INSERT INTO messages VALUES(202,310029,'insert','blocks','{"block_hash":"3c739fa8b40c118d5547ea356ee8d10ee2898871907643ec02e5db9d00f03cc6","block_index":310029,"block_time":310029000,"difficulty":null,"ledger_hash":null,"previous_block_hash":null,"txlist_hash":null}',0,'NEW_BLOCK',NULL,'2ae52ce8f78666e9d0f7e1060b44abc4030dd0c303d87049daeb0d4510ee6172');
INSERT INTO messages VALUES(203,310029,'parse','blocks','{"block_index":310029,"ledger_hash":"74d08f0d1cad9f7102d0cfe70f50614c7ae7f4844ca6d02390031e1e96c2b418","messages_hash":"89e3722283cca6ee750c536b6c9bc21ebc8dfa9f6ccfa0134a15b2182205b91a","transaction_count":0,"txlist_hash":"8800c2f9388ead16feeb7acb2850bcb409e269485767255b98d00797394cb07e"}',0,'BLOCK_PARSED',NULL,'e0b8e5a792ba469868a4aeccc070933cabe1482348191f26279b512416fcc4a9');
INSERT INTO messages VALUES(204,310030,'insert','blocks','{"block_hash":"d5071cddedf89765ee0fd58f209c1c7d669ba8ea66200a57587da8b189b9e4f5","block_index":310030,"block_time":310030000,"difficulty":null,"ledger_hash":null,"previous_block_hash":null,"txlist_hash":null}',0,'NEW_BLOCK',NULL,'c1bcc7b633c4fd6a8d51ea93dcf99f6c856a9e7be0c3602ca7d17cf182b03a84');
INSERT INTO messages VALUES(205,310030,'parse','blocks','{"block_index":310030,"ledger_hash":"753a1a8bb877851ae24dbc33884344f34ee18c6b0d70a4d909231448b943e8cd","messages_hash":"acd12f35ffb1433f93eaad5a64f26b56c2bc7554fbdcbf88e22d799b0b96d83f","transaction_count":0,"txlist_hash":"4ec1f5a8ada60c41d072f595f95dd468d8723c3fa8318230d25e7417e5e25f6e"}',0,'BLOCK_PARSED',NULL,'69a01ae81829ef392711993ebfcaddaa2ab8a78fd6cb469e493714a5edc04c51');
INSERT INTO messages VALUES(206,310031,'insert','blocks','{"block_hash":"0b02b10f41380fff27c543ea8891ecb845bf7a003ac5c87e15932aff3bfcf689","block_index":310031,"block_time":310031000,"difficulty":null,"ledger_hash":null,"previous_block_hash":null,"txlist_hash":null}',0,'NEW_BLOCK',NULL,'2dfdfa1cc7d202ff1c9459627415b21813d82c8813a0d729cbdd9a0b09d22043');
INSERT INTO messages VALUES(207,310031,'parse','blocks','{"block_index":310031,"ledger_hash":"f7c62d08a4efc854dea6f47249786d3d00778d97223dd84de1d0fd1eef3e2ee7","messages_hash":"0704e0ef658ceb9f18a1dd309110d6b3e1a726113ef682e4250aec5226ac2134","transaction_count":0,"txlist_hash":"eed079877ba36f9f89da22daafff5f5816714d59d6ff17ada727b0a5342dd43e"}',0,'BLOCK_PARSED',NULL,'974892d65e91343b7a609d2b60914784823d6590d5365776a38aa5dc3811f131');
INSERT INTO messages VALUES(208,310032,'insert','blocks','{"block_hash":"66346be81e6ba04544f2ae643b76c2b7b1383f038fc2636e02e49dc7ec144074","block_index":310032,"block_time":310032000,"difficulty":null,"ledger_hash":null,"previous_block_hash":null,"txlist_hash":null}',0,'NEW_BLOCK',NULL,'e67800523e26b57d25f8db1c52df031dedb76043ec53bd2981d91cbf7cc71300');
INSERT INTO messages VALUES(209,310032,'update','orders','{"status":"expired","tx_hash":"1e9c803dd89119395641881be44c8d1a98f571bf5b53ee683f880ee9ea16e451"}',0,'ORDER_UPDATE',NULL,'ca339b74882c2f9bf2a598f9f09390ae911c1c5d0a9fdbb1a50c587c63a7dea3');
INSERT INTO messages VALUES(210,310032,'insert','credits','{"address":"2_mn6q3dS2EnDUx3bmyWc6D4szJNVGtaR7zc_mnfAHmddVibnZNSkh8DvKaQoiEfNsxjXzH_mtQheFaSfWELRB2MyMBaiWjdDm6ux9Ezns_3","asset":"BBBB","block_index":310032,"calling_function":"cancel order","event":"1e9c803dd89119395641881be44c8d1a98f571bf5b53ee683f880ee9ea16e451","quantity":50000000,"tx_index":0,"utxo":null,"utxo_address":null}',0,'CREDIT',NULL,'c7691a20d36254eb28624a6eb4904c900f8cfdabf8888c53bafc2bb83e2db3d1');
INSERT INTO messages VALUES(211,310032,'insert','order_expirations','{"block_index":310032,"order_hash":"1e9c803dd89119395641881be44c8d1a98f571bf5b53ee683f880ee9ea16e451","source":"2_mn6q3dS2EnDUx3bmyWc6D4szJNVGtaR7zc_mnfAHmddVibnZNSkh8DvKaQoiEfNsxjXzH_mtQheFaSfWELRB2MyMBaiWjdDm6ux9Ezns_3"}',0,'ORDER_EXPIRATION',NULL,'7673f5d6b85f10b341cfe335c15daecdb2f441199747801a0bad22e9c6c71820');
INSERT INTO messages VALUES(212,310032,'parse','blocks','{"block_index":310032,"ledger_hash":"833690f195e85b427b61890640fe8f0cc7419e0f4301b6f4738bab12be06dbb8","messages_hash":"4d004aba571fc0dc5b186944f20125d9346b5e4817ada0908b087ab4a69f1dde","transaction_count":0,"txlist_hash":"b0b63dbfb4dcc7c192edf2200a11f34dad95afd7bb882ec93ba9f6b46ee404de"}',0,'BLOCK_PARSED',NULL,'04c889b007c05d7e5bc380eb9b834d9a5c1d33c26e77c09ef4e9689e386f919e');
INSERT INTO messages VALUES(213,310033,'insert','blocks','{"block_hash":"999c65df9661f73e8c01f1da1afda09ac16788b72834f0ff5ea3d1464afb4707","block_index":310033,"block_time":310033000,"difficulty":null,"ledger_hash":null,"previous_block_hash":null,"txlist_hash":null}',0,'NEW_BLOCK',NULL,'8329d9e5b03b0d491d5b0849fef88ed18be0d19e4faff6c5779049925fe8ba59');
INSERT INTO messages VALUES(214,310033,'parse','blocks','{"block_index":310033,"ledger_hash":"a1e118474a6f70b8f700a67b43ee0272c4609d3309603b5be6434ca587eaa704","messages_hash":"2276cb72b2d0fa144b9bcc818df9f4be8109cae7674ae0ef8a47fab704d88382","transaction_count":0,"txlist_hash":"2740c47328d988bfb3525e055753f9e50129231b8d8e13cd464e49d8ea981c58"}',0,'BLOCK_PARSED',NULL,'364625faddda535e2a4ea22dd8d627a3f7cc7e94d916b9162f2de89d350ce76a');
INSERT INTO messages VALUES(215,310034,'insert','blocks','{"block_hash":"f552edd2e0a648230f3668e72ddf0ddfb1e8ac0f4c190f91b89c1a8c2e357208","block_index":310034,"block_time":310034000,"difficulty":null,"ledger_hash":null,"previous_block_hash":null,"txlist_hash":null}',0,'NEW_BLOCK',NULL,'162536664cc1419e0ef49d0906d1932a90353d4422373131ab56e5321a53711e');
INSERT INTO messages VALUES(216,310034,'parse','blocks','{"block_index":310034,"ledger_hash":"3b6427f61fb59ffd674ed8e0af75687fc4ccf8b462011727d4dc4bdf4c794775","messages_hash":"22af1f29fee29210990d0ace7287fa4771e82f234601890f75a66f6589abf61a","transaction_count":0,"txlist_hash":"d396b710e3535aebe3e14a202d9bc52c661457485345f17467a8dd853eda9e16"}',0,'BLOCK_PARSED',NULL,'f3c2661dab4534662e6007659084e6fb0eb027a66ea4caaaeba0ef53eaf7d7f5');
INSERT INTO messages VALUES(217,310035,'insert','blocks','{"block_hash":"a13cbb016f3044207a46967a4ba1c87dab411f78c55c1179f2336653c2726ae2","block_index":310035,"block_time":310035000,"difficulty":null,"ledger_hash":null,"previous_block_hash":null,"txlist_hash":null}',0,'NEW_BLOCK',NULL,'794b0a29173ca0f411e24170417b314868c63b7848c0f7af44d17415e37ffd54');
INSERT INTO messages VALUES(218,310035,'parse','blocks','{"block_index":310035,"ledger_hash":"d065384f739c52a718f656717f88eb2fecc10d8567a93ccf823434c003d28c55","messages_hash":"78811f4fd5ca9bdf76debfae593220a925bb334cb55137d21c949885272b37da","transaction_count":0,"txlist_hash":"420199075389a689016d3f178f97a66025781de9c54dff7e837d812c6c7c5543"}',0,'BLOCK_PARSED',NULL,'fe2ce1d0c01a958273d06aec300190cb7532cba5c2bb8e91d30acb65ea8ca103');
INSERT INTO messages VALUES(219,310036,'insert','blocks','{"block_hash":"158648a98f1e1bd1875584ce8449eb15a4e91a99a923bbb24c4210135cef0c76","block_index":310036,"block_time":310036000,"difficulty":null,"ledger_hash":null,"previous_block_hash":null,"txlist_hash":null}',0,'NEW_BLOCK',NULL,'59da7edb4c76144e8e729fd90d66a26a74a63821adbf66aaf00add05b2efa3db');
INSERT INTO messages VALUES(220,310036,'parse','blocks','{"block_index":310036,"ledger_hash":"22cddc8dbfcbaf4b851fa5379c740a96294acc3d772dcf6d684881bef18d7fbf","messages_hash":"17c9381d42012e9ebdfa941599c85b9465169a8bc524b9b830d58c373800061f","transaction_count":0,"txlist_hash":"4f1085e80f558786c349be5e27070a0d791bb0ffd8ead0ff016442f3746e1ae3"}',0,'BLOCK_PARSED',NULL,'547c5f7c2f754262cc156f2e68c1a6bf6fbc14aada013e9bad175074389380ab');
INSERT INTO messages VALUES(221,310037,'insert','blocks','{"block_hash":"563acfd6d991ce256d5655de2e9429975c8dceeb221e76d5ec6e9e24a2c27c07","block_index":310037,"block_time":310037000,"difficulty":null,"ledger_hash":null,"previous_block_hash":null,"txlist_hash":null}',0,'NEW_BLOCK',NULL,'9346867a045ee1ccf6b292b68d5c6dbb2af06d6ced5d3eb9d33f851a05c321b2');
INSERT INTO messages VALUES(222,310037,'parse','blocks','{"block_index":310037,"ledger_hash":"93172c51a9c4cb5c33937a199a32ad3c13a40a60f4c194a1187e2c59a15c0ccc","messages_hash":"69d79997fdc359cc2d4eeb2ea588325cfab58b332a8655ced471f2aebd3341bb","transaction_count":0,"txlist_hash":"4cef9a7e04abbcfe94cdaa91b2f8f26a138bb4b60b5bf1eab84f2771a2fde027"}',0,'BLOCK_PARSED',NULL,'a4e1bcba64487cfc3202ae4f7007ffa1a4d2c89c2bedee433fe85f25cb7a8763');
INSERT INTO messages VALUES(223,310038,'insert','blocks','{"block_hash":"b44b4cad12431c32df27940e18d51f63897c7472b70950d18454edfd640490b2","block_index":310038,"block_time":310038000,"difficulty":null,"ledger_hash":null,"previous_block_hash":null,"txlist_hash":null}',0,'NEW_BLOCK',NULL,'ad2befaf50acb0c4c6353d4acd9062778209d0d49462783957bfcf4b8a997223');
INSERT INTO messages VALUES(224,310038,'parse','blocks','{"block_index":310038,"ledger_hash":"7a167a13f7e576c7e066035dbe2a2513659f1386c095a9e63afa494c043b7def","messages_hash":"206a314c2ec181a04da051f9c554383df073369e13e51b6ed48ff2fc5a7e752e","transaction_count":0,"txlist_hash":"877dfecc750266008485bfd57f48265d1dd6b49ab915074147ccc9ffd0cc5a69"}',0,'BLOCK_PARSED',NULL,'310813811109fe6e2302d234d3ec74ceec89e5b83372c67cd7e574f876adb3c7');
INSERT INTO messages VALUES(225,310039,'insert','blocks','{"block_hash":"5fa1ae9c5e8a599247458987b006ad3a57f686df1f7cc240bf119e911b56c347","block_index":310039,"block_time":310039000,"difficulty":null,"ledger_hash":null,"previous_block_hash":null,"txlist_hash":null}',0,'NEW_BLOCK',NULL,'20be6724f93bb743c35029e59f9c4923e5a34d0c4c8c8282537f26a9b38f187d');
INSERT INTO messages VALUES(226,310039,'parse','blocks','{"block_index":310039,"ledger_hash":"4733d9ada3d4f60bc09f0a6eba3fdcdcd8e8b18adfd38c7bf06372259e2d38f3","messages_hash":"04fec5ed0c66ea4de6c50e9eeea88d513c350b544c987ff3ffe61bd9e5393de3","transaction_count":0,"txlist_hash":"1db607f3543a07904db4b3b9b0dcca219183b360661400dd66a22797a8033728"}',0,'BLOCK_PARSED',NULL,'b36010d74e07df065e07718bf4a1775e2f706e46fbccb46d1ed7c85669678a08');
INSERT INTO messages VALUES(227,310040,'insert','blocks','{"block_hash":"7200ded406675453eadddfbb2d14c2a4526c7dc2b5de14bd48b29243df5e1aa3","block_index":310040,"block_time":310040000,"difficulty":null,"ledger_hash":null,"previous_block_hash":null,"txlist_hash":null}',0,'NEW_BLOCK',NULL,'c88f2a139e3be89427e31d170f02046c6e0d502a89b8520b07e6289dd8025dbe');
INSERT INTO messages VALUES(228,310040,'parse','blocks','{"block_index":310040,"ledger_hash":"b8021bbe3744e58cedfc3dd99220fce48f4e56a8fe8256d7894dd55c7312a76d","messages_hash":"5569124e8173343795796fc234d13e9f8cd109991db34c90c47d85a26a572de2","transaction_count":0,"txlist_hash":"d3ecd26335e4a5bbed54c342bb15fae457b128a9b6bc6c7bc6058e04eeb6c91a"}',0,'BLOCK_PARSED',NULL,'761ece779df318b418cef0ffc403dcaf224ae12b059eeb03bd67eda4408d098a');
INSERT INTO messages VALUES(229,310041,'insert','blocks','{"block_hash":"5db592ff9ba5fac1e030cf22d6c13b70d330ba397f415340086ee7357143b359","block_index":310041,"block_time":310041000,"difficulty":null,"ledger_hash":null,"previous_block_hash":null,"txlist_hash":null}',0,'NEW_BLOCK',NULL,'b616a94d4a790b19e706fe9e751f7e7df903b9c037a54519dcb9d6887fdc7d72');
INSERT INTO messages VALUES(230,310041,'parse','blocks','{"block_index":310041,"ledger_hash":"017b79a5fb34785dd39964a61a5bde69d676f75ee085c27bbc9e3381983c2dab","messages_hash":"4b178a4b60d6fc70e9af4e8a8b8a0696530da5ccba3359d9653835bf6b9926e2","transaction_count":0,"txlist_hash":"a56c383608f002f78fb9b7fce1e192a8666a1d8fa2b82d444fdf838351f80b04"}',0,'BLOCK_PARSED',NULL,'151863e7059c2f8a36ee686997e54a60518ae22bab19c4760a494247a25dd16f');
INSERT INTO messages VALUES(231,310042,'insert','blocks','{"block_hash":"826fd4701ef2824e9559b069517cd3cb990aff6a4690830f78fc845ab77fa3e4","block_index":310042,"block_time":310042000,"difficulty":null,"ledger_hash":null,"previous_block_hash":null,"txlist_hash":null}',0,'NEW_BLOCK',NULL,'2f866f1bc7129ece378670723a4392b6596e1ef6031640927ce3fde69da3eac8');
INSERT INTO messages VALUES(232,310042,'parse','blocks','{"block_index":310042,"ledger_hash":"cf5389c037b6c619025bf95d9718fb5548cd67978c3ebf26f76029873828162e","messages_hash":"d21994e959757544cc8beafaedc6931da6f808c51d5d986fd18dfbd2e3967475","transaction_count":0,"txlist_hash":"29f9dee8898a0d3eb95f20de1fdf54b0d3b704580a83246e066ad85c3141a317"}',0,'BLOCK_PARSED',NULL,'a8b8e5808615c5cdb77886e45bb8afec25ea9f86ad22b10faf98997811583bf2');
INSERT INTO messages VALUES(233,310043,'insert','blocks','{"block_hash":"2254a12ada208f1dd57bc17547ecaf3c44720323c47bc7d4b1262477cb7f3c51","block_index":310043,"block_time":310043000,"difficulty":null,"ledger_hash":null,"previous_block_hash":null,"txlist_hash":null}',0,'NEW_BLOCK',NULL,'4a147340ba62e0e9cdb91aa2f2042a874ebf4176cc32852147e0139767106d76');
INSERT INTO messages VALUES(234,310043,'parse','blocks','{"block_index":310043,"ledger_hash":"df116ea1fcf5f968644dcc97c1149f0ef6061b188fd56c27152543256ce79009","messages_hash":"133143b82a2b82a5842f840aefab65fe632a0bb6a7a1de42e25194d7806f42d6","transaction_count":0,"txlist_hash":"0b51c9bb178100baec6cbc8cba68d51c384d3306a679ae2c9c916a6a7d939d12"}',0,'BLOCK_PARSED',NULL,'ddc986a519f303f902235426ca8999a5e0f7edbfbbe2f2718ecde6f5c65c2592');
INSERT INTO messages VALUES(235,310044,'insert','blocks','{"block_hash":"3346d24118d8af0b3c6bcc42f8b85792e7a2e7036ebf6e4c25f4f6723c78e46b","block_index":310044,"block_time":310044000,"difficulty":null,"ledger_hash":null,"previous_block_hash":null,"txlist_hash":null}',0,'NEW_BLOCK',NULL,'5e758c7aa2642f9bee9b421e41dea237bf8a0c79bceead08b050a74755ff02d1');
INSERT INTO messages VALUES(236,310044,'parse','blocks','{"block_index":310044,"ledger_hash":"c12cfaa984bfb34e781ac93848a87cdc0318c45a1cd9f02d31f5c3a4abe8d918","messages_hash":"989d9e8764f9a1bfcf0a217987f4cbf91e67fad4b3ce4d2fb04853c197f21ee0","transaction_count":0,"txlist_hash":"ef0070ee35fdd59e5528d4dc9ebf44ca416554c81a77e44931db933a22ab4f15"}',0,'BLOCK_PARSED',NULL,'eefa801e7273d34fa0597e87665c996cf3a9a3f265a6577383cb045460b809d5');
INSERT INTO messages VALUES(237,310045,'insert','blocks','{"block_hash":"7bba0ab243839e91ad1a45a762bf074011f8a9883074d68203c6d1b46fffde98","block_index":310045,"block_time":310045000,"difficulty":null,"ledger_hash":null,"previous_block_hash":null,"txlist_hash":null}',0,'NEW_BLOCK',NULL,'5e069939bbe706336b9d7ee200c4fbefc44d24a60800f892246629a1aa2fea08');
INSERT INTO messages VALUES(238,310045,'parse','blocks','{"block_index":310045,"ledger_hash":"999a9ed2673de2db7637e22eb8a1876e0c794e90f09cdd76d1442e56ae12b1c8","messages_hash":"ac4e0282c1c4f4c51d9082d113875d321e12c7474a954491825d73b257a24f4e","transaction_count":0,"txlist_hash":"5d0fd41ec9b146c715e7c2d406114811c98475d778792f500715f598d14c1b99"}',0,'BLOCK_PARSED',NULL,'bed28dfd62c9990fecd045860ce9bb0a823655030f9f9881d28e41cbafe20183');
INSERT INTO messages VALUES(239,310046,'insert','blocks','{"block_hash":"47db6788c38f2d6d712764979e41346b55e78cbb4969e0ef5c4336faf18993a6","block_index":310046,"block_time":310046000,"difficulty":null,"ledger_hash":null,"previous_block_hash":null,"txlist_hash":null}',0,'NEW_BLOCK',NULL,'db10749f29c94d35134d8fe8fa7b84636be6750369bf749f39b1b5ceb12c8cdd');
INSERT INTO messages VALUES(240,310046,'parse','blocks','{"block_index":310046,"ledger_hash":"240c9a2f6dc918ed868abfb5de6838d7a17f02263fdda0ccd3c7481c09e155d1","messages_hash":"4e1aa059f54e8be4c63568bcf4858973bcd57afe1ecb00859365c1a7e7f93149","transaction_count":0,"txlist_hash":"6064bd1f87c46152685339c84014cff218615222d911b1190d082634b595967e"}',0,'BLOCK_PARSED',NULL,'71350bef14b78af6b8c6cb91389fc99a95e8c6951f712db306a67b566f257141');
INSERT INTO messages VALUES(241,310047,'insert','blocks','{"block_hash":"a9ccabcc2a098a7d25e4ab8bda7c4e66807eefa42e29890dcd88149a10de7075","block_index":310047,"block_time":310047000,"difficulty":null,"ledger_hash":null,"previous_block_hash":null,"txlist_hash":null}',0,'NEW_BLOCK',NULL,'169c32018ed44dfedc6a23bcc320368931c5ca5236d1afa77d6cd47a623cefee');
INSERT INTO messages VALUES(242,310047,'parse','blocks','{"block_index":310047,"ledger_hash":"79836105e355e25afd709d15632e2c0d1ab53ab251cd3750ffee9fea4a2605b8","messages_hash":"fa7196fa831a3574e2ca8fba3ce99cdc0c705e28cb80a0008dc2bcafec565e15","transaction_count":0,"txlist_hash":"b2f079fb7ae6bdad81422e84f3e359f1c708fca5856cf290a26b042317be6142"}',0,'BLOCK_PARSED',NULL,'5e3caabeb971d27ee148b159bf6150eabde9fa74c55f73721912ab11d0f1161a');
INSERT INTO messages VALUES(243,310048,'insert','blocks','{"block_hash":"610bf3935a85b05a98556c55493c6de45bed4d7b3b6c8553a984718765796309","block_index":310048,"block_time":310048000,"difficulty":null,"ledger_hash":null,"previous_block_hash":null,"txlist_hash":null}',0,'NEW_BLOCK',NULL,'be7ec809d2c182b06440fe82ec1c679524bb91e31fb7b3d5f6e59b78de42a4ce');
INSERT INTO messages VALUES(244,310048,'parse','blocks','{"block_index":310048,"ledger_hash":"6bf0789392e97311c4283d9f748b37effe7b0d1678076e30ce5725eff345a8c5","messages_hash":"a67b706124e6a96259214fdc491ca74a5572e560154921777fc7cd86569fabac","transaction_count":0,"txlist_hash":"eb5205f38ea0d78e01b03f0d2af3fb5b0d4f2e7082f714f03d07d94c8262da0b"}',0,'BLOCK_PARSED',NULL,'832bc45d2ebe8c73f66639beafe6f7f44e9c58e20fe89e2f3abfcd8682e84b97');
INSERT INTO messages VALUES(245,310049,'insert','blocks','{"block_hash":"4ad2761923ad49ad2b283b640f1832522a2a5d6964486b21591b71df6b33be3c","block_index":310049,"block_time":310049000,"difficulty":null,"ledger_hash":null,"previous_block_hash":null,"txlist_hash":null}',0,'NEW_BLOCK',NULL,'d78906699445cb2e243937b25b382e81b3c6382b2e253577f38f1963356e791d');
INSERT INTO messages VALUES(246,310049,'parse','blocks','{"block_index":310049,"ledger_hash":"1842c46a03800f5e191cb8d641aead6bc80e6d25c2ec826f3a5df426059cc1cb","messages_hash":"62c6e02fde523dcbaf0ab7937ca6cab85a33f4c300008a738f11c2886cce5858","transaction_count":0,"txlist_hash":"784efa682a11f25749842b40c0308323ae7f6a26d25204db40d18f1732128efe"}',0,'BLOCK_PARSED',NULL,'5f015995def00ba566b541cc55884d77db177a7ca4a3a22c7484419e0a8c1d30');
INSERT INTO messages VALUES(247,310050,'insert','blocks','{"block_hash":"8cfeb60a14a4cec6e9be13d699694d49007d82a31065a17890383e262071e348","block_index":310050,"block_time":310050000,"difficulty":null,"ledger_hash":null,"previous_block_hash":null,"txlist_hash":null}',0,'NEW_BLOCK',NULL,'d50a42c34e517b694a66103c2c4d682fbbb8febe42884120bf9d639210117b8c');
INSERT INTO messages VALUES(248,310050,'parse','blocks','{"block_index":310050,"ledger_hash":"d424b02109320491b2d32388869d6468ab1fca26d4bf72374cfef729efad866d","messages_hash":"b9f0dfd937fab7bda2059cda8e1dc8cce428e14264cf1b453416d364ffdacd65","transaction_count":0,"txlist_hash":"d1e44b9df5959bb20f44273338f579ab85abab531926aea3b7d1d09baa8853d7"}',0,'BLOCK_PARSED',NULL,'0c129580816409b3a51103d86d09e3affb6afcddb6ad978b603e875c455cc1a6');
INSERT INTO messages VALUES(249,310051,'insert','blocks','{"block_hash":"b53c90385dd808306601350920c6af4beb717518493fd23b5c730eea078f33e6","block_index":310051,"block_time":310051000,"difficulty":null,"ledger_hash":null,"previous_block_hash":null,"txlist_hash":null}',0,'NEW_BLOCK',NULL,'7551f8482f7ff9f65ad5c9a928604fcaaad6c35d2a912d4e448ca00626667f93');
INSERT INTO messages VALUES(250,310051,'parse','blocks','{"block_index":310051,"ledger_hash":"d1db4181403136b41168ab7786831f2fadfc418a05b7477246ab097bab531859","messages_hash":"f70b3f73a408a5f0e8b3fbc589885823397596ca65e54f131174617ac431815f","transaction_count":0,"txlist_hash":"be54441a6c34e24d72e7d910e10f3486dea2c9b3c5e3a679c64e0a0c4ebe6de8"}',0,'BLOCK_PARSED',NULL,'62bec693760866df93f89692181d07411ccc26132f4a18c2d3d625eda9b8b9f3');
INSERT INTO messages VALUES(251,310052,'insert','blocks','{"block_hash":"0acdacf4e4b6fca756479cb055191b367b1fa433aa558956f5f08fa5b7b394e2","block_index":310052,"block_time":310052000,"difficulty":null,"ledger_hash":null,"previous_block_hash":null,"txlist_hash":null}',0,'NEW_BLOCK',NULL,'1d1e8ed6b499e5a93bbc2d89a8d6a6f4211d227dfe5d3ded674aff3df4248fc8');
INSERT INTO messages VALUES(252,310052,'parse','blocks','{"block_index":310052,"ledger_hash":"97fdb6b2c8e636d23109a67af55ab4bb30955a84073274de3fdc788074dc1b6b","messages_hash":"13361e4e4162fa93bc5d83b367e0d3ff1471d4aecac71210113fb53936e489a0","transaction_count":0,"txlist_hash":"8df0fcb0e66bda816cb8de232bdf15beb933ba8f3d01a7cb9878ca7ff79a6851"}',0,'BLOCK_PARSED',NULL,'780d507ff7864c870c7c627c730c8e61f0499f9bf83db784c96fbbf384e60e0c');
INSERT INTO messages VALUES(253,310053,'insert','blocks','{"block_hash":"68348f01b6dc49b2cb30fe92ac43e527aa90d859093d3bf7cd695c64d2ef744f","block_index":310053,"block_time":310053000,"difficulty":null,"ledger_hash":null,"previous_block_hash":null,"txlist_hash":null}',0,'NEW_BLOCK',NULL,'dce54c68e870743804f0d14ffd8f91face601d6876308d8384c23ac6d32b504e');
INSERT INTO messages VALUES(254,310053,'parse','blocks','{"block_index":310053,"ledger_hash":"0506be4f04a22058504406210af3f1475dbf6d6834c1c1b7f6ac0fe013b47363","messages_hash":"bb8aae97ab75462468d8c0ae69462012c6db470e0110c32eb5049c555d72a7c4","transaction_count":0,"txlist_hash":"e8252a302f3c8953f1b34e4caf624e26d623ab9ff1ed6125b051e2a39e14f7ac"}',0,'BLOCK_PARSED',NULL,'96bdd3bb607076f59a766970aff046ccd92de1293d480642c20e7745950c9ce1');
INSERT INTO messages VALUES(255,310054,'insert','blocks','{"block_hash":"a8b5f253df293037e49b998675620d5477445c51d5ec66596e023282bb9cd305","block_index":310054,"block_time":310054000,"difficulty":null,"ledger_hash":null,"previous_block_hash":null,"txlist_hash":null}',0,'NEW_BLOCK',NULL,'490c8de9ff18a08a16981bbfd29521ac9d0cb175ec42776f8afdc5e7f982a5d4');
INSERT INTO messages VALUES(256,310054,'parse','blocks','{"block_index":310054,"ledger_hash":"3dc7894c1368c9ef5d32a95fdc292e7de8237b73b61365a25b9d0da95eedc2e6","messages_hash":"7165c01f82428142e9ce5efd5eca8da969d2adc4f878ee8123fa8d5547a4210d","transaction_count":0,"txlist_hash":"1012d05d3c9ffeea76cdee236b2b45978ed54c8a4d3e9d34a1d0e483dbd82e92"}',0,'BLOCK_PARSED',NULL,'e98e8e5dc8c3f3cbd2907079ab3ee936c41a76808d11bf64b892cb2b02d6c683');
INSERT INTO messages VALUES(257,310055,'insert','blocks','{"block_hash":"4b069152e2dc82e96ed8a3c3547c162e8c3aceeb2a4ac07972f8321a535b9356","block_index":310055,"block_time":310055000,"difficulty":null,"ledger_hash":null,"previous_block_hash":null,"txlist_hash":null}',0,'NEW_BLOCK',NULL,'58c999cec0be3a1257925f7fe27f2d027d13d6bef34f95e67bce25c3a4663bbb');
INSERT INTO messages VALUES(258,310055,'parse','blocks','{"block_index":310055,"ledger_hash":"a9ef2c8bf3a88c326d2bdd722c3d82ed4f4c10b65620b136d4b893ed93174795","messages_hash":"cbdaa44e12a0ff13c700660da721b893fade5113bd506079404102c1e84b1e5c","transaction_count":0,"txlist_hash":"ea88f9b352c7a46d41913b4ed6253490bd71bdc0dfe9efa0d68c29a63ea8f2da"}',0,'BLOCK_PARSED',NULL,'6cdb52e8514ad670f62324b38ee6c9227947f1bfe31f83638fae834b03929cca');
INSERT INTO messages VALUES(259,310056,'insert','blocks','{"block_hash":"7603eaed418971b745256742f9d2ba70b2c2b2f69f61de6cc70e61ce0336f9d3","block_index":310056,"block_time":310056000,"difficulty":null,"ledger_hash":null,"previous_block_hash":null,"txlist_hash":null}',0,'NEW_BLOCK',NULL,'ce48553c2de5b647fa7225a9d79213a6e7dad8632ed462469aa29bc426a25d7d');
INSERT INTO messages VALUES(260,310056,'parse','blocks','{"block_index":310056,"ledger_hash":"13b76edecb04a9733107d5c21420ee20424fd463dcde2ea98424ad99ed3383f0","messages_hash":"4740fca71e415bd7ee8b4406b43f2931c4f9367a5302090d7e1d811dc0ac1e25","transaction_count":0,"txlist_hash":"40d35eaf2e6d466821244f02fce322eb8b1465b5c33e90fa18766fba6d499ebc"}',0,'BLOCK_PARSED',NULL,'9f76402f1fdde6fe6fd3167ddc3eb73f84e02e67cdcb07a73b5cc4ac1b9034b0');
INSERT INTO messages VALUES(261,310057,'insert','blocks','{"block_hash":"4a5fdc84f2d66ecb6ee3e3646aad20751ce8694e64e348d3c8aab09d33a3e411","block_index":310057,"block_time":310057000,"difficulty":null,"ledger_hash":null,"previous_block_hash":null,"txlist_hash":null}',0,'NEW_BLOCK',NULL,'efa26c13cf1dc0a26d0f8e796ec7205f83c9438433d8b337598bb895c63b7dac');
INSERT INTO messages VALUES(262,310057,'parse','blocks','{"block_index":310057,"ledger_hash":"41c8a47d7bc4e73aa2f09685acb9fac052c5c55764ec3a8250abbbcde40dbe90","messages_hash":"e22cdd2bd4a00b844e1df9e612314ba40bd8a32dac68d0c77a46b047441dda9d","transaction_count":0,"txlist_hash":"bf6f5891a878af3585369a84465a5d12044a2a6dd781f71dcd518a86623351bc"}',0,'BLOCK_PARSED',NULL,'b8719401cd1ba49e2ad99bbb2a1df15e224fd69c6bc9d5bc349b7837199b36d9');
INSERT INTO messages VALUES(263,310058,'insert','blocks','{"block_hash":"a6eef3089896f0cae0bfe9423392e45c48f4efe4310b14d8cfbdb1fea613635f","block_index":310058,"block_time":310058000,"difficulty":null,"ledger_hash":null,"previous_block_hash":null,"txlist_hash":null}',0,'NEW_BLOCK',NULL,'05cef092c3d25bb1c50f15e531e11f1556a351a924f492e9d3101a7499f8a206');
INSERT INTO messages VALUES(264,310058,'parse','blocks','{"block_index":310058,"ledger_hash":"0b8ec211d258206ab8c318c079d9deb33d444a7086d5a05aaba97abc0be137df","messages_hash":"4633c15ba05714d59ae2752800cd9a4fea9e879b4bb0354d7f1940e6064eb921","transaction_count":0,"txlist_hash":"536828b0cf095722e47e8fec178dedca4df0e57be2c44747c85e5a9a4556cf9d"}',0,'BLOCK_PARSED',NULL,'d8c6e697d81ebf1b7f28169954833ceed0993a0de8c8eb062b0f47ada50fb2d4');
INSERT INTO messages VALUES(265,310059,'insert','blocks','{"block_hash":"ab505de874c43f97c90be1c26a769e6c5cb140405c993b4a6cc7afc795f156a9","block_index":310059,"block_time":310059000,"difficulty":null,"ledger_hash":null,"previous_block_hash":null,"txlist_hash":null}',0,'NEW_BLOCK',NULL,'d9f4bac7fb36d439b9de97fe6a9c9a8da79aafac8cb41b84d2be137acad21bd4');
INSERT INTO messages VALUES(266,310059,'parse','blocks','{"block_index":310059,"ledger_hash":"f5c2686408577854893d11b02f52d8ea917e90777dddf67c98aabb36a3339b6f","messages_hash":"326c40f9de65b63ab6cde3f486c27447a5a8c3e4114cebca36a82881c3620efa","transaction_count":0,"txlist_hash":"6f79efaaedafe73c167ebfaf3f99b48090a3c3fed9bb3abe966ad2a5aeba98d4"}',0,'BLOCK_PARSED',NULL,'ef78f44536925cbfacb7b07b47eadf41e17b3afd92b769570edffdd15e044ea5');
INSERT INTO messages VALUES(267,310060,'insert','blocks','{"block_hash":"974ad5fbef621e0a38eab811608dc9afaf10c8ecc85fed913075ba1a145e889b","block_index":310060,"block_time":310060000,"difficulty":null,"ledger_hash":null,"previous_block_hash":null,"txlist_hash":null}',0,'NEW_BLOCK',NULL,'56f396cb23c8c4d3af0a8907f07f92c098486c56544ae3ef2594505ad2052042');
INSERT INTO messages VALUES(268,310060,'parse','blocks','{"block_index":310060,"ledger_hash":"b80d446905550494f56f4f8240b501d593b0d0e63b5d98a09e180b1a0a68e3b1","messages_hash":"35d6c6e8576b52fef146fc267ff68422df3bccfe2a4734a181c37b144a263755","transaction_count":0,"txlist_hash":"3499f96590a4a50de73b55c6384b262b35a2fedcaf878f17abe46afffd955aee"}',0,'BLOCK_PARSED',NULL,'497d69c46bb86480b0e68703670d95c432f065e6e2c3b7f1388d14a2fb880402');
INSERT INTO messages VALUES(269,310061,'insert','blocks','{"block_hash":"35d267d21ad386e7b7632292af1c422b0310dde7ca49a82f9577525a29c138cf","block_index":310061,"block_time":310061000,"difficulty":null,"ledger_hash":null,"previous_block_hash":null,"txlist_hash":null}',0,'NEW_BLOCK',NULL,'3626a683e7bbb41a9b8d1da37ee609a3ad51af6d881f955b1a6663ca15370141');
INSERT INTO messages VALUES(270,310061,'parse','blocks','{"block_index":310061,"ledger_hash":"41b30d23becc727151698b29a1bb733e45ae5086683c5256d073a6f817baaf49","messages_hash":"c3bcd387e9caea1f0c23fcab81dd1d32929cf7824bcf0d8fa75eb21393583ef6","transaction_count":0,"txlist_hash":"3baf86ced26ec8b670e3ecb5bf91ac89015d9ca453632f54100e5739bb93c687"}',0,'BLOCK_PARSED',NULL,'88aa6b4ddfe22eade737e8edee58c97f311069e0df28bacd20fc9bd57f4ca6d7');
INSERT INTO messages VALUES(271,310062,'insert','blocks','{"block_hash":"b31a0054145319ef9de8c1cb19df5bcf4dc8a1ece20053aa494e5d3a00a2852f","block_index":310062,"block_time":310062000,"difficulty":null,"ledger_hash":null,"previous_block_hash":null,"txlist_hash":null}',0,'NEW_BLOCK',NULL,'ce5b1419558081baed52050cd7bd214153e4afa746374f128f2c5d88fe07f5d0');
INSERT INTO messages VALUES(272,310062,'parse','blocks','{"block_index":310062,"ledger_hash":"f873f47e89715e965c98e92616339f8ff4200f6b8ef5cf747e8de2d101cbde02","messages_hash":"1182daa8aa51a4b56150123c06f83c8ab5f600486e24cad5fe30beab855f4fbd","transaction_count":0,"txlist_hash":"6908f8a7a24003b1d773e2a5782db05a4bd5a142e5b0a11b3e977511c6bd7036"}',0,'BLOCK_PARSED',NULL,'2f23b50d681f3efb6fe63c1c3eb0ec2c0cc745b07cefa70d62b1d854b36d4ccd');
INSERT INTO messages VALUES(273,310063,'insert','blocks','{"block_hash":"0cbcbcd5b7f2dc288e3a34eab3d4212463a5a56e886804fb4f9f1cf929eadebe","block_index":310063,"block_time":310063000,"difficulty":null,"ledger_hash":null,"previous_block_hash":null,"txlist_hash":null}',0,'NEW_BLOCK',NULL,'b3129a8521c2e3c959072694a41fa5c2a0d1dbb0811ccb0481b2c566bbf27bb3');
INSERT INTO messages VALUES(274,310063,'parse','blocks','{"block_index":310063,"ledger_hash":"14ce21ebfe6a00eccd7bf1aac2d5cf122441d2ebe8c0f5fd6dd14a95b5a209b3","messages_hash":"61c11e3e8761492abbac545a128fe1dba81e04b2764b40fd67741537bae1fa5e","transaction_count":0,"txlist_hash":"73a04d5875f249e9687a2f549f8736bbdb9c9519baa7ce996e1d3a70aa77b55a"}',0,'BLOCK_PARSED',NULL,'58aab9ea6b882ff18a7ee35ad3b5a346023b7e74eb85f588a098f92f2293ad3e');
INSERT INTO messages VALUES(275,310064,'insert','blocks','{"block_hash":"e2db8065a195e85cde9ddb868a17d39893a60fb2b1255aa5f0c88729de7cbf30","block_index":310064,"block_time":310064000,"difficulty":null,"ledger_hash":null,"previous_block_hash":null,"txlist_hash":null}',0,'NEW_BLOCK',NULL,'3d00d1086fc42ce403e84f8ebdeb8eac1d08e8fbb8d132c07f2ec1e98f16e163');
INSERT INTO messages VALUES(276,310064,'parse','blocks','{"block_index":310064,"ledger_hash":"adb05bac5e7f1e6a1679d5c51f252dc877ebd99c2b73a56df69a9c848cef98a7","messages_hash":"650881c69955bddaceea68d4f9b7f557ff3215425443d1f3418f6620faccc3a6","transaction_count":0,"txlist_hash":"1f19d1d399365b795eb28be583f5d6a4375920d03b3e90833187725f50f09900"}',0,'BLOCK_PARSED',NULL,'a189aaf58c48f2d347fd83aec2da0011fd44c71530dfb6966941cc7f8e24d9d5');
INSERT INTO messages VALUES(277,310065,'insert','blocks','{"block_hash":"8a7bc7a77c831ac4fd11b8a9d22d1b6a0661b07cef05c2e600c7fb683b861d2a","block_index":310065,"block_time":310065000,"difficulty":null,"ledger_hash":null,"previous_block_hash":null,"txlist_hash":null}',0,'NEW_BLOCK',NULL,'e7fc4299baac8cc7c1efc0188f4987d8781eef8e6c8db00f0ebfbf4ddf96e3f4');
INSERT INTO messages VALUES(278,310065,'parse','blocks','{"block_index":310065,"ledger_hash":"9065476b6b2cfb122888e036cea71d36f3d5f7d6c72451c63d770b40a4560fac","messages_hash":"bab6439e099793aa959e87f60963e9410ea4bf7d70ccdff81579e97c9aaa2af4","transaction_count":0,"txlist_hash":"682ca811995d2569b62819a1f87020414d8078a0b17c33db7ec5e6cc238d2a6e"}',0,'BLOCK_PARSED',NULL,'c0966d3e6e54266609b7b59d7e570df260b49fa8ad6d2b9d73307a91dbc52096');
INSERT INTO messages VALUES(279,310066,'insert','blocks','{"block_hash":"b6959be51eb084747d301f7ccaf9e75f2292c9404633b1532e3692659939430d","block_index":310066,"block_time":310066000,"difficulty":null,"ledger_hash":null,"previous_block_hash":null,"txlist_hash":null}',0,'NEW_BLOCK',NULL,'dead1f0f175edd0b5f8b6139e6a363e132068e536296574ab620c9a25b859f31');
INSERT INTO messages VALUES(280,310066,'parse','blocks','{"block_index":310066,"ledger_hash":"7d5d369827ec0cd44743ed9a519d45003789ff8dc2e511191d2726e1482f58d2","messages_hash":"a6a3f8b3b01a48076022d9e68025696f7c606412d07a420a63a7d5b3039702e0","transaction_count":0,"txlist_hash":"04ed7b459587a208034b0fa3d3b86e4552eb0b134b4dc14cc7a6471454639178"}',0,'BLOCK_PARSED',NULL,'3280354cb03b5e8811f56fc6b637aaf945303d2b5e3d88bff957ef35675b26b4');
INSERT INTO messages VALUES(281,310067,'insert','blocks','{"block_hash":"8b08eae98d7193c9c01863fac6effb9162bda010daeacf9e0347112f233b8577","block_index":310067,"block_time":310067000,"difficulty":null,"ledger_hash":null,"previous_block_hash":null,"txlist_hash":null}',0,'NEW_BLOCK',NULL,'78597a1216eb1ec118591239d81aaceff5106f1ef17099ac1f63125f45b14025');
INSERT INTO messages VALUES(282,310067,'parse','blocks','{"block_index":310067,"ledger_hash":"301b22a9338d5dd39bbebf6bf518ac53bbb8e1cf7469322484cbcee2fee666ef","messages_hash":"60aef459b3ecd38006e0a2896d9a5a5d9ab0e504ea0ee25e205c2c7e805365f1","transaction_count":0,"txlist_hash":"e31959d9e6c964d6eae1181157042ac60ded24b2f5c8353c931a1d5eae5870ca"}',0,'BLOCK_PARSED',NULL,'1972bdcb6825ddd232314fc8cafe83845bde025fda3f33e647f1408e91598394');
INSERT INTO messages VALUES(283,310068,'insert','blocks','{"block_hash":"9280e7297ef6313341bc81787a36acfc9af58f83a415afff5e3154f126cf52b5","block_index":310068,"block_time":310068000,"difficulty":null,"ledger_hash":null,"previous_block_hash":null,"txlist_hash":null}',0,'NEW_BLOCK',NULL,'aef00fd4eb3c987b81991d16847e76aa227607b7ab42d75d309b3badac32596a');
INSERT INTO messages VALUES(284,310068,'parse','blocks','{"block_index":310068,"ledger_hash":"fc281736e1dfe5a89a9a3dd098565c645904a4ad1626dd70ac8e9bc447dfb8b8","messages_hash":"36f90a61b2fd165febde78cd7b65fba670db466feb82810131c7af28440ea8cb","transaction_count":0,"txlist_hash":"4a18eae99236f241db1f2b977fdc0206034ea78daf6544e6dc5dbe79e1c53582"}',0,'BLOCK_PARSED',NULL,'66df53b8cf577cee6d231f0b587fd8a244e2522220acfdae3afe1348799be4f1');
INSERT INTO messages VALUES(285,310069,'insert','blocks','{"block_hash":"486351f0655bf594ffaab1980cff17353b640b63e9c27239109addece189a6f7","block_index":310069,"block_time":310069000,"difficulty":null,"ledger_hash":null,"previous_block_hash":null,"txlist_hash":null}',0,'NEW_BLOCK',NULL,'83fa579af7e3de91668eb2c96091e70b5f6005da00b64925913907e9e141d3d6');
INSERT INTO messages VALUES(286,310069,'parse','blocks','{"block_index":310069,"ledger_hash":"b0249a0dfd008a4554adc24085d3c5f44278403cbccb44ba27ee354b23c5627b","messages_hash":"695045da03bba7275fb4828bb138da8cad91680a4e2c04de9dfbd88d524a7a9e","transaction_count":0,"txlist_hash":"cee7482a8876b7d4205ae1ea9c231172ea717c5b85d652570dfff4d8d30651b8"}',0,'BLOCK_PARSED',NULL,'fcd5e081d13bf569091fb0c3a09ec2da0de754498752779bd375f4fa4eb9f56a');
INSERT INTO messages VALUES(287,310070,'insert','blocks','{"block_hash":"8739e99f4dee8bebf1332f37f49a125348b40b93b74fe35579dd52bfba4fa7e5","block_index":310070,"block_time":310070000,"difficulty":null,"ledger_hash":null,"previous_block_hash":null,"txlist_hash":null}',0,'NEW_BLOCK',NULL,'f0f2468d88e29b1b35e0fc432a4cd43ed6aa06e171e700fa2c918f646e37df24');
INSERT INTO messages VALUES(288,310070,'parse','blocks','{"block_index":310070,"ledger_hash":"d34051879c8db679ac5c49e50edf2085d0ce88dfc1adb971e7b097c0177854c2","messages_hash":"5a022a3a1671b9d782f01d53180922924fa252fe5a15ddab411ced1c4d47bccc","transaction_count":0,"txlist_hash":"69b3c1314ffdfb9256466c27f90b984f9b046c1adaed0d5fbc45dfea78a6bec3"}',0,'BLOCK_PARSED',NULL,'82ea1cde99f49df840566be83db1213def0180c39348e53fca3076759805ae65');
INSERT INTO messages VALUES(289,310071,'insert','blocks','{"block_hash":"7a099aa1bba0ead577f1e44f35263a1f115ed6a868c98d4dd71609072ae7f80b","block_index":310071,"block_time":310071000,"difficulty":null,"ledger_hash":null,"previous_block_hash":null,"txlist_hash":null}',0,'NEW_BLOCK',NULL,'9564cee8638e5b46357bd4acce35e9e162e02d58131d22cf3808a6094e99c0a7');
INSERT INTO messages VALUES(290,310071,'parse','blocks','{"block_index":310071,"ledger_hash":"0186c5312af19576cc628a85014ce7c33892dc23b5352c8ff5a0f230adfe263b","messages_hash":"96f0ef06105b19909ef0541017923982a925d36db8bf03071e7c269813c98216","transaction_count":0,"txlist_hash":"f658d6a6543269ed56bf2c1b62b3ae52db068de9a044c6d20f0ae189ae710a26"}',0,'BLOCK_PARSED',NULL,'0b94702c4a7529093d21f64dd0ea8a66f63faf51e8f1995c4c5ce5e2be93459d');
INSERT INTO messages VALUES(291,310072,'insert','blocks','{"block_hash":"7b17ecedc07552551b8129e068ae67cb176ca766ea3f6df74b597a94e3a7fc8a","block_index":310072,"block_time":310072000,"difficulty":null,"ledger_hash":null,"previous_block_hash":null,"txlist_hash":null}',0,'NEW_BLOCK',NULL,'677f436ff3d2dcb6444db06dfe82931831c52ed692d5be240671bcb6c87a0023');
INSERT INTO messages VALUES(292,310072,'parse','blocks','{"block_index":310072,"ledger_hash":"5376530512d61c3967f21cf01418d317ed072976119b8583fefaf3991b93d8b2","messages_hash":"6f4da823cf050cff0cca3c863f319d177faaefb68468c575319b4f95c50f4ec9","transaction_count":0,"txlist_hash":"46efdbd89a6afb2c0e32983c1a03738055da8c7809f74653b40702962375e14a"}',0,'BLOCK_PARSED',NULL,'47e74f3b0b739b6ea9890781b4daeeb3e56bc43e9f7551eaf501812f5899707f');
INSERT INTO messages VALUES(293,310073,'insert','blocks','{"block_hash":"ee0fe3cc9b3a48a2746b6090b63b442b97ea6055d48edcf4b2288396764c6943","block_index":310073,"block_time":310073000,"difficulty":null,"ledger_hash":null,"previous_block_hash":null,"txlist_hash":null}',0,'NEW_BLOCK',NULL,'63acbbeaeddeaee1ab4671cb804aacdf6bf21551422438bdb545d0cc98b4f7df');
INSERT INTO messages VALUES(294,310073,'parse','blocks','{"block_index":310073,"ledger_hash":"d15fe704fe5de58e9203ff5ded50218a1a01609b65a1a259aec510b8b9e6d690","messages_hash":"0ca308cad8a6acdb58c2ed8c2c7d148e98985c463894590d596b6299e5f09d1f","transaction_count":0,"txlist_hash":"dbe8f8906afd83a8d537dad5de73b3616d3d4296568105738eb565c658be8fe7"}',0,'BLOCK_PARSED',NULL,'1afb75da5b1c3f9e13c14dbc3a59397546784b37fe5f5daf637c136f18571c61');
INSERT INTO messages VALUES(295,310074,'insert','blocks','{"block_hash":"ceab38dfde01f711a187601731ad575d67cfe0b7dbc61dcd4f15baaef72089fb","block_index":310074,"block_time":310074000,"difficulty":null,"ledger_hash":null,"previous_block_hash":null,"txlist_hash":null}',0,'NEW_BLOCK',NULL,'f2293ce99a7b9fbeb612714d569d7eada22104020b0361e6f2b9f89d77fa5431');
INSERT INTO messages VALUES(296,310074,'parse','blocks','{"block_index":310074,"ledger_hash":"61015667044d0dddac3bdb16db67faa6ebcb71758101bfad898fca8ed183e7c3","messages_hash":"ced5166c78f207b56774ea694fe5f0c8b5f25342f3270a96a2a7be983a294b5a","transaction_count":0,"txlist_hash":"f2455b6901e819f94961e502dc2fba2f3649bd5579e532e740ade3a18947e772"}',0,'BLOCK_PARSED',NULL,'7ce2b3eca92de4ce558941df5c7393cf08298e0a12f2a1c4f98a3d72626dd2da');
INSERT INTO messages VALUES(297,310075,'insert','blocks','{"block_hash":"ef547198c6e36d829f117cfd7077ccde45158e3c545152225fa24dba7a26847b","block_index":310075,"block_time":310075000,"difficulty":null,"ledger_hash":null,"previous_block_hash":null,"txlist_hash":null}',0,'NEW_BLOCK',NULL,'b87a709caa61180ee111c424a5bfd24da8891431c3de8ac0a77292999897779f');
INSERT INTO messages VALUES(298,310075,'parse','blocks','{"block_index":310075,"ledger_hash":"5dd06f32075c46b6e573d73f12c1c31cf82cac5d1588bbdf302b8fe95c4b948b","messages_hash":"9c3a17f45d7cd82454624a8ae2faa254253e622b41616f71f765e1c4c6427be5","transaction_count":0,"txlist_hash":"649d8d55d25ccc70a537b041a7a934594dc8077ec4e22df072e8645982d154b5"}',0,'BLOCK_PARSED',NULL,'f4fbe89407874b75c20a1d0f8d8c01987a69407ce371dbaa34ab0672a300ab36');
INSERT INTO messages VALUES(299,310076,'insert','blocks','{"block_hash":"3b0499c2e8e8f0252c7288d4ecf66efc426ca37aad3524424d14c8bc6f8b0d92","block_index":310076,"block_time":310076000,"difficulty":null,"ledger_hash":null,"previous_block_hash":null,"txlist_hash":null}',0,'NEW_BLOCK',NULL,'78a4197f2efb469a77e82f01d28a0901fcfa3e68a69593eff056a002871c04b0');
INSERT INTO messages VALUES(300,310076,'parse','blocks','{"block_index":310076,"ledger_hash":"8e1782c2f35a07fcc4c57b34b2226b70cc4c7af2761386f38fc8fd74d53d5e60","messages_hash":"9e1e0e0cef49d5226f96fe87d1ee1cdc940a75e8085877816726e5a78141e21f","transaction_count":0,"txlist_hash":"c79aeccfbdf26ab2eb62f4ddfe3720c7b0a5aee50c6d20bf203e50301e527621"}',0,'BLOCK_PARSED',NULL,'9c843345f2b324c6ca48c17a4a3df31032d80a952e09a11f683a361ffa25ddf8');
INSERT INTO messages VALUES(301,310077,'insert','blocks','{"block_hash":"d2adeefa9024ab3ff2822bc36acf19b6c647cea118cf15b86c6bc00c3322e7dd","block_index":310077,"block_time":310077000,"difficulty":null,"ledger_hash":null,"previous_block_hash":null,"txlist_hash":null}',0,'NEW_BLOCK',NULL,'1189e9a6ae917421524fa6da1246ad1777d72de4dc9b71a08b2b8546d08da03a');
INSERT INTO messages VALUES(302,310077,'parse','blocks','{"block_index":310077,"ledger_hash":"6469ff80c3890d274817d30602f33d5d4b0a7c0a9e3b85100d21d7b38d894efb","messages_hash":"05f6254ecff4512b8ab9c468b84d35ba3c9c16ddc37399a9bf816e145e9023c6","transaction_count":0,"txlist_hash":"2d5cb6d0b72ca2e30d80c18644d6665c4cc5a6091e757bcfc0c444b4bd67478c"}',0,'BLOCK_PARSED',NULL,'b90dfa5516d98f74b40c7bddc388112d079273df6b54795c649fd03e1b2a6d4f');
INSERT INTO messages VALUES(303,310078,'insert','blocks','{"block_hash":"f6c17115ef0efe489c562bcda4615892b4d4b39db0c9791fe193d4922bd82cd6","block_index":310078,"block_time":310078000,"difficulty":null,"ledger_hash":null,"previous_block_hash":null,"txlist_hash":null}',0,'NEW_BLOCK',NULL,'018fd3d6790a9d14ae52127933c8c93647bfba4eb9cc33afc6213022ee330bb3');
INSERT INTO messages VALUES(304,310078,'parse','blocks','{"block_index":310078,"ledger_hash":"3ca73c2bf37c694281938a0599335633dccf0284a027f5f3b8e17a9e68cbcdf0","messages_hash":"a390b2b80773b6f4505760613d9af89c83bfcab0ee7be9dc5e6ab203bb464d53","transaction_count":0,"txlist_hash":"1e1860305f8f12dcf8fa481da95d2e547347275d950f5e0e232a1f1fb936e446"}',0,'BLOCK_PARSED',NULL,'e74db64ee175dd8ef3e83f2d4be7d92cd446293162e972f87e2c3f4e1e73d1dc');
INSERT INTO messages VALUES(305,310079,'insert','blocks','{"block_hash":"f2fbd2074d804e631db44cb0fb2e1db3fdc367e439c21ffc40d73104c4d7069c","block_index":310079,"block_time":310079000,"difficulty":null,"ledger_hash":null,"previous_block_hash":null,"txlist_hash":null}',0,'NEW_BLOCK',NULL,'a7e67aa649e7c1bf1522f7a17ced7d26898e77fa928e7d7355ecbd16a95e1504');
INSERT INTO messages VALUES(306,310079,'parse','blocks','{"block_index":310079,"ledger_hash":"ae4a36e1ce7d5e11f059301684573cddce85b70ba69188a116e0611ceba5c140","messages_hash":"d5f1b4a6447e744eb8ca77704e20ce6c669f939d369f1d68c1957c82a4dc5e65","transaction_count":0,"txlist_hash":"de9c7516e45b1633cc6e55855bc7aa97f9830a0314e7eb4277b18e844a18a09c"}',0,'BLOCK_PARSED',NULL,'d26b82a9a2fd3828dd9928447683e4695f64b6913feb79631e91ec0f0571e162');
INSERT INTO messages VALUES(307,310080,'insert','blocks','{"block_hash":"42943b914d9c367000a78b78a544cc4b84b1df838aadde33fe730964a89a3a6c","block_index":310080,"block_time":310080000,"difficulty":null,"ledger_hash":null,"previous_block_hash":null,"txlist_hash":null}',0,'NEW_BLOCK',NULL,'369c4756a228b696351bb4dee7f1c1cbfc633d9e0590b43890f47bdd25aa4d08');
INSERT INTO messages VALUES(308,310080,'parse','blocks','{"block_index":310080,"ledger_hash":"c2c0b96c64f1ed555c8553da976e0fcc3a5ef403819ceac49cf22b476281ced1","messages_hash":"6fb5cc59bfc086afaeaf7863de2ba25c770ebd6f446c0ebe7376b61a59457b9e","transaction_count":0,"txlist_hash":"99650f4b2ad890363f0e8524374862d5cd9eb62a9612f29d0f450dc0fb29b714"}',0,'BLOCK_PARSED',NULL,'9dd02d3e4a97d48ebda150895e845af7dd3319c1d03535329ab1ff6a586958e6');
INSERT INTO messages VALUES(309,310081,'insert','blocks','{"block_hash":"6554f9d307976249e7b7e260e08046b3b55d318f8b6af627fed5be3063f123c4","block_index":310081,"block_time":310081000,"difficulty":null,"ledger_hash":null,"previous_block_hash":null,"txlist_hash":null}',0,'NEW_BLOCK',NULL,'9cc7f5a8463d5c1934ef48f1e2adb09b4a05c5fa104790eaf5871ae08003f939');
INSERT INTO messages VALUES(310,310081,'parse','blocks','{"block_index":310081,"ledger_hash":"88d1b09f8141b90b44740e4618422298f8a64f2b3d11230c6b04084ef8d11b2c","messages_hash":"f5f17981e8f17a525c00c260386d0d4ae0b4ef5972e3088a5309ee4928959ad4","transaction_count":0,"txlist_hash":"1aab7f7916638db09558cb4f54f6e22fc1ad56ae1686f192a9757092852c96b9"}',0,'BLOCK_PARSED',NULL,'9feddcfd756cbc4d60baa7d11ff4bb67bd4b9ffa3a6b5fd2b75babcb5a061186');
INSERT INTO messages VALUES(311,310082,'insert','blocks','{"block_hash":"4f1ef91b1dcd575f8ac2e66a67715500cbca154bd6f3b8148bb7015a6aa6c644","block_index":310082,"block_time":310082000,"difficulty":null,"ledger_hash":null,"previous_block_hash":null,"txlist_hash":null}',0,'NEW_BLOCK',NULL,'c79b6ecb5bf5c3c9cb45b37aaf65f4acbec601c1e3070748f92e6408e2384d70');
INSERT INTO messages VALUES(312,310082,'parse','blocks','{"block_index":310082,"ledger_hash":"dab22ae7a9216033777136cbbac87a3597cf6478a2fd008260caab3cad0cde3f","messages_hash":"3d852048008f3d8853223e762ef2cf3a37212ae68abdf53d030259e8b15261e9","transaction_count":0,"txlist_hash":"ae7687e1048647e08bc25d9fdd80c27d46b397cc15609c6468743327cf0ef34b"}',0,'BLOCK_PARSED',NULL,'df0e27d6af8b4da64fcbe983532c9e91d40f646f3ac2c4b7947fde0f7d62866c');
INSERT INTO messages VALUES(313,310083,'insert','blocks','{"block_hash":"9b1f6fd6ff9b0dc4e37603cfb0625f49067c775b99e12492afd85392d3c8d850","block_index":310083,"block_time":310083000,"difficulty":null,"ledger_hash":null,"previous_block_hash":null,"txlist_hash":null}',0,'NEW_BLOCK',NULL,'fa85bde799342fcda887e786fba76f226d4a08994a7c7b9d5b88306b354dd76a');
INSERT INTO messages VALUES(314,310083,'parse','blocks','{"block_index":310083,"ledger_hash":"a185e60dc97d19a211b0dfaa3f3da154956499b4af146751bf1d776fc68c15b8","messages_hash":"a920c57c155905d1a776049a7b017b131f8f8ccd4cbfa61ea784b7f4a5880df0","transaction_count":0,"txlist_hash":"a2e3bf5735d3d1dbf98b01e8587bbc09c4e07df19ec57591626cbd8fd4f6c9ae"}',0,'BLOCK_PARSED',NULL,'68fe552621ead108a7d40c87b628e1ac0833614ec62bf54caae069ff4ca289d6');
INSERT INTO messages VALUES(315,310084,'insert','blocks','{"block_hash":"1e0972523e80306441b9f4157f171716199f1428db2e818a7f7817ccdc8859e3","block_index":310084,"block_time":310084000,"difficulty":null,"ledger_hash":null,"previous_block_hash":null,"txlist_hash":null}',0,'NEW_BLOCK',NULL,'9a4c39470269b6df668e5a5b4984bd074dd143a59f51ae2ac59836f801a234ed');
INSERT INTO messages VALUES(316,310084,'parse','blocks','{"block_index":310084,"ledger_hash":"622c574321be176c535fde918f319e10cfacaab383978be51406334303d14a8d","messages_hash":"5dfac1c2b1880d446103fcff6bab6deedba6b63929291ea07c776f7fc6004286","transaction_count":0,"txlist_hash":"4c6ffbb54a9c7a25390fbd9424bc089a805b30263fb0ebe701ab5845fd85f002"}',0,'BLOCK_PARSED',NULL,'16a33f62b11098bfcc2a5446f9b78551c734f267d270d9e27b02a211ffc29428');
INSERT INTO messages VALUES(317,310085,'insert','blocks','{"block_hash":"c5b6e9581831e3bc5848cd7630c499bca26d9ece5156d36579bdb72d54817e34","block_index":310085,"block_time":310085000,"difficulty":null,"ledger_hash":null,"previous_block_hash":null,"txlist_hash":null}',0,'NEW_BLOCK',NULL,'dce79ed13c34124d63cbe6f29078da93c447df2e2632ea19432de4591f9ced25');
INSERT INTO messages VALUES(318,310085,'parse','blocks','{"block_index":310085,"ledger_hash":"5556084b92f51175d4de4097fcd820a3c367c2f0630d3a20081296e892462d84","messages_hash":"e22299c8a51daebc6451b6635901d78ab4a860e9c96dc7410757313c93977819","transaction_count":0,"txlist_hash":"0d91163f4a613d5c898eb4b834e00c322aa513c7d5b04dcefdf0f170b702a2f4"}',0,'BLOCK_PARSED',NULL,'68365114aece992a40aac9fe924b3007159e74e2b8da9015a7e5df833afb4564');
INSERT INTO messages VALUES(319,310086,'insert','blocks','{"block_hash":"080c1dc55a4ecf4824cf9840602498cfc35b5f84099f50b71b45cb63834c7a78","block_index":310086,"block_time":310086000,"difficulty":null,"ledger_hash":null,"previous_block_hash":null,"txlist_hash":null}',0,'NEW_BLOCK',NULL,'1a13aa1cbc3835b720a27927b349d742109a5a63d84ea261db926f4b06fa8b4c');
INSERT INTO messages VALUES(320,310086,'parse','blocks','{"block_index":310086,"ledger_hash":"fc9dd8ef92fc7d47b187a75bd16e9698d61fa9ce6b4da7bba75982f59b0fbbc5","messages_hash":"910d520a66950184ba847fbabb75995986dd9de89e31e096475b3d89f498b36d","transaction_count":0,"txlist_hash":"3f17e26b0d44681fa7b8e560cd60aa236c86fec042dea1936b940dbe2b8fc384"}',0,'BLOCK_PARSED',NULL,'4de792dffa8efc00270e51a9c1d07f02f6c484eb4ede2e3fef46459107c58c23');
INSERT INTO messages VALUES(321,310087,'insert','blocks','{"block_hash":"4ec8cb1c38b22904e8087a034a6406b896eff4dd28e7620601c6bddf82e2738c","block_index":310087,"block_time":310087000,"difficulty":null,"ledger_hash":null,"previous_block_hash":null,"txlist_hash":null}',0,'NEW_BLOCK',NULL,'e24e4094bcc061e796b420274dadc27a157440df51a84f19d993eb5f8437d6b1');
INSERT INTO messages VALUES(322,310087,'parse','blocks','{"block_index":310087,"ledger_hash":"21f7329fa27373fba176043db9081b0d9f95f75421e5adce87177a3edffcedc0","messages_hash":"f97ebd7d87a336a9c452978d9ef510372b1b80cdbfa8dd1d831b1471787dd64b","transaction_count":0,"txlist_hash":"55a4acd31938b36d03bedfac0aba6e792044282bcbe8017ab207a8c689b0ffc5"}',0,'BLOCK_PARSED',NULL,'4373402c4d80fcd875f664c366318f3953c3373ee23262a7a8779dd7b004a2af');
INSERT INTO messages VALUES(323,310088,'insert','blocks','{"block_hash":"e945c815c433cbddd0bf8e66c5c23b51072483492acda98f5c2c201020a8c5b3","block_index":310088,"block_time":310088000,"difficulty":null,"ledger_hash":null,"previous_block_hash":null,"txlist_hash":null}',0,'NEW_BLOCK',NULL,'36826ee94734c0e7be0bb0245d3161804dd5166f64bffbffcd4805d49b12ee0b');
INSERT INTO messages VALUES(324,310088,'parse','blocks','{"block_index":310088,"ledger_hash":"19164a10a0602df57d1add2e3a31ad4eef9d3ef9e53e70174b44aa91de2d6296","messages_hash":"d7936d0916591a1ab20cf7791ca43feac6605b9f5ea1cfad675a5f949b846d36","transaction_count":0,"txlist_hash":"9ba929dd9897ff851660e7672e42a6a86f79290ef64a3e6f86feb7778bc81c76"}',0,'BLOCK_PARSED',NULL,'00d3a616ef1d9a9639035e09b31937cf3d4b691dc9b4d14444bd3f3fede2fae5');
INSERT INTO messages VALUES(325,310089,'insert','blocks','{"block_hash":"0382437f895ef3e7e38bf025fd4f606fd44d4bbd6aea71dbdc4ed11a7cd46f33","block_index":310089,"block_time":310089000,"difficulty":null,"ledger_hash":null,"previous_block_hash":null,"txlist_hash":null}',0,'NEW_BLOCK',NULL,'90501f40a422f49a36ffef00f0da38f9605d8d055f2b586b607ac93735c31e3b');
INSERT INTO messages VALUES(326,310089,'parse','blocks','{"block_index":310089,"ledger_hash":"87f1c713c5f2cd84fab28b996008900f86bf9eaad25ceedac1507348a949be7c","messages_hash":"7d7216bba9ba2324cc80a99c14e359d2991964aa836467842731860a77521a61","transaction_count":0,"txlist_hash":"783bcdc27a02c1da38aaa92b614709d8d55d86f19950baae303971f2adc88fc7"}',0,'BLOCK_PARSED',NULL,'831857d803718991991d0c669bef52a33ca4131f396cdea6c8455016264b19cf');
INSERT INTO messages VALUES(327,310090,'insert','blocks','{"block_hash":"b756db71dc037b5a4582de354a3347371267d31ebda453e152f0a13bb2fae969","block_index":310090,"block_time":310090000,"difficulty":null,"ledger_hash":null,"previous_block_hash":null,"txlist_hash":null}',0,'NEW_BLOCK',NULL,'b48d7dcee5945495f975a2380889d8ddbb5567d9a1736434fe47a0f077c22896');
INSERT INTO messages VALUES(328,310090,'parse','blocks','{"block_index":310090,"ledger_hash":"75264a6a628d669a60b4a8ca7e24b6b5ef1ad2c74d955b8325959f906c3bc337","messages_hash":"404cfabd788b6f01e9cf8ce3bd83a06d956e08c87f6ac1c3858b1ded2f447197","transaction_count":0,"txlist_hash":"b76aa5c59dc5ca4937a0c9fb5aa0a9413900073bf2d7866f0820b4f52f1a8768"}',0,'BLOCK_PARSED',NULL,'c107513b704a9401a87a5df4f4f68d71275d13f213347296366677dfa2f77c0c');
INSERT INTO messages VALUES(329,310091,'insert','blocks','{"block_hash":"734a9aa485f36399d5efb74f3b9c47f8b5f6fd68c9967f134b14cfe7e2d7583c","block_index":310091,"block_time":310091000,"difficulty":null,"ledger_hash":null,"previous_block_hash":null,"txlist_hash":null}',0,'NEW_BLOCK',NULL,'2e40336963c2923250d709e8823d0719d97ec35ad7cb2694213fa261091a87c0');
INSERT INTO messages VALUES(330,310091,'parse','blocks','{"block_index":310091,"ledger_hash":"27914e38b3ca9d8444275e5c6d24b5cfe0b4093f7c645d5c1fc3c39e0d3a3c60","messages_hash":"9be1607a786e634914f56b42e960986d85e7279fb5b8f390f94261c5d8553350","transaction_count":0,"txlist_hash":"dc1305bc680d25e296385897ef2ca0ad6c1daaa0dde7d468e6e9d64435de0419"}',0,'BLOCK_PARSED',NULL,'e573409fb3be6c077aa73b7553241f75eee9f348ff714837ca7d7b55b763e8bb');
INSERT INTO messages VALUES(331,310092,'insert','blocks','{"block_hash":"56386beb65f9228740d4ad43a1c575645f6daf59e0dd9f22551c59215b5e8c3d","block_index":310092,"block_time":310092000,"difficulty":null,"ledger_hash":null,"previous_block_hash":null,"txlist_hash":null}',0,'NEW_BLOCK',NULL,'32615ffac6c2c0aecefe2803c4129e69568244082c6bf473e8c66a0357cbbaba');
INSERT INTO messages VALUES(332,310092,'parse','blocks','{"block_index":310092,"ledger_hash":"eca83e762899ace4d990b8acb23183263df5f92be10b63aecab3518b340b975d","messages_hash":"58c558aebea3e642aed30f5714b56e7d25b02c6bc0a809235cb3b625e2a7534f","transaction_count":0,"txlist_hash":"03da943c0b86dcaf1e7f08956f001c3c0247b1df9d6e890c01760b17449a9127"}',0,'BLOCK_PARSED',NULL,'2830b68ba9390ea621908eade8fc851a22a5d59171508c9e866b42829200cd20');
INSERT INTO messages VALUES(333,310093,'insert','blocks','{"block_hash":"a74a2425f2f4be24bb5f715173e6756649e1cbf1b064aeb1ef60e0b94b418ddc","block_index":310093,"block_time":310093000,"difficulty":null,"ledger_hash":null,"previous_block_hash":null,"txlist_hash":null}',0,'NEW_BLOCK',NULL,'96b6d637093402f633298242380c22ad90b893a584c86a1ce9476c67ab409954');
INSERT INTO messages VALUES(334,310093,'parse','blocks','{"block_index":310093,"ledger_hash":"3544fab97fe90a35b1f52ba955f88a8149d90329986df38d97e12992201bb187","messages_hash":"c345ac88105921e90fd697d8a4bc8907e573d1b97e70d7e571fcf7a41fa3275c","transaction_count":0,"txlist_hash":"16e4455cbf3be8baabefd5a1e3cbfb3515d9d1cc52b03597d4a351d067b71158"}',0,'BLOCK_PARSED',NULL,'4987ef3f48fa4bfd07a159eaefbb0f66b0152b5f6418c38bdaf075f21d3161b2');
INSERT INTO messages VALUES(335,310094,'insert','blocks','{"block_hash":"2a8f976f20c4e89ff01071915ac96ee35192d54df3a246bf61fd4a0cccfb5b23","block_index":310094,"block_time":310094000,"difficulty":null,"ledger_hash":null,"previous_block_hash":null,"txlist_hash":null}',0,'NEW_BLOCK',NULL,'c26ebd8f37dbee53632900e783dfef20c3d900a960700eadd2562df5db369dc3');
INSERT INTO messages VALUES(336,310094,'parse','blocks','{"block_index":310094,"ledger_hash":"df1e6d8f1be344f78c0b58baf7260c2abdbed3175adc45a122947815c08fcc16","messages_hash":"2d44d866d30193eae000be2ee4c559f234ee996370c625ebc08cb804ac596c58","transaction_count":0,"txlist_hash":"947ba34c312a21b7903850171ad3ac68296073ebea074c5bf766a1c23d9ab5b1"}',0,'BLOCK_PARSED',NULL,'abe490b00cf443eb5d232171166fcc11dc21f57c1395a7e055e83824d894284d');
INSERT INTO messages VALUES(337,310095,'insert','blocks','{"block_hash":"bed0fa40c9981223fb40b3be8124ca619edc9dd34d0c907369477ea92e5d2cd2","block_index":310095,"block_time":310095000,"difficulty":null,"ledger_hash":null,"previous_block_hash":null,"txlist_hash":null}',0,'NEW_BLOCK',NULL,'d0bf00a0e24788fb7a612df9e1683bbe6aea2418b2a442d5937417ee7cc7d534');
INSERT INTO messages VALUES(338,310095,'parse','blocks','{"block_index":310095,"ledger_hash":"8b9febcfe1a9447f6a820c060f503dfe6e5c02738df4d9d63b007fe03847a6c7","messages_hash":"761ceb23f3804f2e2898f995ef4faf8b2ac4fa795eeebab234083c4013d864ad","transaction_count":0,"txlist_hash":"04d3da8f8fb43a03fe4a545162eee4b1fc22daf64c6de69a64c579c49c13519f"}',0,'BLOCK_PARSED',NULL,'8675b63265b79e9022e144d5e9237ab614a4a40e1b29fe45ecfd1e8b5bb8db7e');
INSERT INTO messages VALUES(339,310096,'insert','blocks','{"block_hash":"306aeec3db435fabffdf88c2f26ee83caa4c2426375a33daa2be041dbd27ea2f","block_index":310096,"block_time":310096000,"difficulty":null,"ledger_hash":null,"previous_block_hash":null,"txlist_hash":null}',0,'NEW_BLOCK',NULL,'0c688a3d66f61ddcdd3dc68690df12115378e6b58cbb6c8864f87260c0d3892f');
INSERT INTO messages VALUES(340,310096,'parse','blocks','{"block_index":310096,"ledger_hash":"b927091b4cf42f8537058a9adbec3814b574c1e1ccd242fe44c5f3671a191304","messages_hash":"b7306af8ffb9d6e38d3d71f5b0b8e0d40761a4187c89c7658ebd778824c81ded","transaction_count":0,"txlist_hash":"25307764bc06fc623d64968a3efd195d4dff7c914a47c6222e75e6eea11ce28b"}',0,'BLOCK_PARSED',NULL,'3c2481854fdf673523ab8ec33e17441bf2f442cb336c144bcd6589e150190351');
INSERT INTO messages VALUES(341,310097,'insert','blocks','{"block_hash":"13e8e16e67c7cdcc80d477491e554b43744f90e8e1a9728439a11fab42cefadf","block_index":310097,"block_time":310097000,"difficulty":null,"ledger_hash":null,"previous_block_hash":null,"txlist_hash":null}',0,'NEW_BLOCK',NULL,'3b11ebedcb0720d94ad1a22635c4104cc2b121689a367863b6902186e8fc8d07');
INSERT INTO messages VALUES(342,310097,'parse','blocks','{"block_index":310097,"ledger_hash":"649d094cfc74f90e06bb4514276aaf3b0a0ed45f56397a2f774cae9602d02e6f","messages_hash":"2f378d1216ef52be72722ca2f378e2ecca9a4bdd804364cb29bd16443c47deea","transaction_count":0,"txlist_hash":"a201ecf1b4c1f1016b4bf8fe95c5de2aaf20258db0d91e0961be249d55fe9ad7"}',0,'BLOCK_PARSED',NULL,'cf80672369ccdcad16f08a473d568ab6540a962dba190647be8e827910fc294e');
INSERT INTO messages VALUES(343,310098,'insert','blocks','{"block_hash":"ca5bca4b5ec4fa6183e05176abe921cff884c4e20910fab55b603cef48dc3bca","block_index":310098,"block_time":310098000,"difficulty":null,"ledger_hash":null,"previous_block_hash":null,"txlist_hash":null}',0,'NEW_BLOCK',NULL,'f6abed9b001bbb5a7fab7ebee9e68f1d5785b8b0a95e9b49ecbd84eb01b36427');
INSERT INTO messages VALUES(344,310098,'parse','blocks','{"block_index":310098,"ledger_hash":"c9a9dec300afba2cc3f171f76ff4c07cbeb7a41a86a3f498f712e066a8acbd17","messages_hash":"5697a4f45428f91908b3be4a14cb25d3ff91adc9dc6f5bf3a157198574664c5c","transaction_count":0,"txlist_hash":"33d512a356200ab38148e996768df82aad27293d4d31abfeedb2d02aaa71d138"}',0,'BLOCK_PARSED',NULL,'07314454e6fd3d4446e048f64660bb1d33cb007a867b07a571038662ade2e5b6');
INSERT INTO messages VALUES(345,310099,'insert','blocks','{"block_hash":"3c4c2279cd7de0add5ec469648a845875495a7d54ebfb5b012dcc5a197b7992a","block_index":310099,"block_time":310099000,"difficulty":null,"ledger_hash":null,"previous_block_hash":null,"txlist_hash":null}',0,'NEW_BLOCK',NULL,'1dcdb0ce3ac483cfcefb23a83ef53d3e212a058354b46a2cbf0dda81b93691d3');
INSERT INTO messages VALUES(346,310099,'parse','blocks','{"block_index":310099,"ledger_hash":"3c7434887f9373b5370664180ba640fa63c2eb5b85569875105e4f4db67d8c02","messages_hash":"5c77c3a5dfc18332bda26e22a8c5797965fd9ee7ea0a9f3e08a67ef0db610eae","transaction_count":0,"txlist_hash":"2844c2119b749744119af5a57465811b6eb871b8ebf0bcd884b2b9c8a885739c"}',0,'BLOCK_PARSED',NULL,'2cd7e40cc2ac2a650e51c76d7e5befdc842a77cd02ec03a6ae4f8634bb11c1ba');
INSERT INTO messages VALUES(347,310100,'insert','blocks','{"block_hash":"96925c05b3c7c80c716f5bef68d161c71d044252c766ca0e3f17f255764242cb","block_index":310100,"block_time":310100000,"difficulty":null,"ledger_hash":null,"previous_block_hash":null,"txlist_hash":null}',0,'NEW_BLOCK',NULL,'09ef75cd3ff7256e77d59c269281d47a7a99c7c0c4a34ba2456902f739eb1b07');
INSERT INTO messages VALUES(348,310100,'parse','blocks','{"block_index":310100,"ledger_hash":"7e6a09386c3d8552a0dcc25b75143876a3046ebac0ff9cb09d6224ea7e2f3df9","messages_hash":"1fb8660ce9369a80f7bf16127def49343289261a830072e7232afddd6614d3c6","transaction_count":0,"txlist_hash":"97ecac5eaf5caaa52cb59c69a7436baca3967f26a8b3f734d746fe789def84b0"}',0,'BLOCK_PARSED',NULL,'0d3ed6411361eb7ba9dbbcd0abd9fc6c1184b8ca8bde0c6290e35464c5cd2b92');
INSERT INTO messages VALUES(349,310101,'insert','blocks','{"block_hash":"369472409995ca1a2ebecbad6bf9dab38c378ab1e67e1bdf13d4ce1346731cd6","block_index":310101,"block_time":310101000,"difficulty":null,"ledger_hash":null,"previous_block_hash":null,"txlist_hash":null}',0,'NEW_BLOCK',NULL,'c2da5ac6f892d162fd4af862df80b714d6cdd46fc91d3ec1d94fe43f9968f708');
INSERT INTO messages VALUES(350,310101,'parse','blocks','{"block_index":310101,"ledger_hash":"6903c0c5941f334f1374aa731e389b010043fc5940d4e9ae8b94480fb4fca030","messages_hash":"2ab63b1afeffded25c9e83244a5b868d63afeac128389d4b007e3aeffe34afcd","transaction_count":0,"txlist_hash":"5ff64e7590f713ce1340638bf673c5a66b017be4e2daba13aac96dc22745ba29"}',0,'BLOCK_PARSED',NULL,'123d845a172d9c5bbfdbb4eb085159765ad78abd4a0ad0f734fc1ab15b0434bb');
-- Triggers and indices on  messages
CREATE TRIGGER block_update_messages
            BEFORE UPDATE ON messages BEGIN
                SELECT RAISE(FAIL, "UPDATES NOT ALLOWED");
            END;
CREATE INDEX messages_block_index_event_idx ON messages (block_index, event)
        ;
CREATE INDEX messages_block_index_idx ON messages (block_index)
        ;
CREATE INDEX messages_block_index_message_index_idx ON messages (block_index, message_index)
        ;
CREATE INDEX messages_event_hash_idx ON messages (event_hash)
        ;
CREATE INDEX messages_event_idx ON messages (event)
        ;
CREATE INDEX messages_tx_hash_idx ON messages (tx_hash)
        ;

COMMIT TRANSACTION;
PRAGMA page_size=4096;
-- PRAGMA encoding='UTF-8';
-- PRAGMA auto_vacuum=FULL;
-- PRAGMA max_page_count=4294967294;

BEGIN TRANSACTION;

-- Table  order_match_expirations
DROP TABLE IF EXISTS order_match_expirations;
CREATE TABLE order_match_expirations(
                                              order_match_id TEXT PRIMARY KEY,
                                              tx0_address TEXT,
                                              tx1_address TEXT,
                                              block_index INTEGER,
                                              FOREIGN KEY (block_index) REFERENCES blocks(block_index));
-- Triggers and indices on  order_match_expirations
CREATE TRIGGER block_update_order_match_expirations
            BEFORE UPDATE ON order_match_expirations BEGIN
                SELECT RAISE(FAIL, "UPDATES NOT ALLOWED");
            END;
CREATE INDEX order_match_expirations_block_index_idx ON order_match_expirations (block_index)
        ;
CREATE INDEX order_match_expirations_tx0_address_idx ON order_match_expirations (tx0_address)
        ;
CREATE INDEX order_match_expirations_tx1_address_idx ON order_match_expirations (tx1_address)
        ;

COMMIT TRANSACTION;
PRAGMA page_size=4096;
-- PRAGMA encoding='UTF-8';
-- PRAGMA auto_vacuum=FULL;
-- PRAGMA max_page_count=4294967294;

BEGIN TRANSACTION;

-- Table  order_matches
DROP TABLE IF EXISTS order_matches;
CREATE TABLE order_matches(
                                    id TEXT,
                                    tx0_index INTEGER,
                                    tx0_hash TEXT,
                                    tx0_address TEXT,
                                    tx1_index INTEGER,
                                    tx1_hash TEXT,
                                    tx1_address TEXT,
                                    forward_asset TEXT,
                                    forward_quantity INTEGER,
                                    backward_asset TEXT,
                                    backward_quantity INTEGER,
                                    tx0_block_index INTEGER,
                                    tx1_block_index INTEGER,
                                    block_index INTEGER,
                                    tx0_expiration INTEGER,
                                    tx1_expiration INTEGER,
                                    match_expire_index INTEGER,
                                    fee_paid INTEGER,
                                    status TEXT);
INSERT INTO order_matches VALUES('783ebadc94a1a6b12a5de85b74fa63b68383e6e6a94bb8067a6eddd1649a1ccf_f9052fcb3866c44956652b0bdabc4f1a532ae8ab6e39d2604003a9963594cfe1',3,'783ebadc94a1a6b12a5de85b74fa63b68383e6e6a94bb8067a6eddd1649a1ccf','2_mn6q3dS2EnDUx3bmyWc6D4szJNVGtaR7zc_mnfAHmddVibnZNSkh8DvKaQoiEfNsxjXzH_mtQheFaSfWELRB2MyMBaiWjdDm6ux9Ezns_3',4,'f9052fcb3866c44956652b0bdabc4f1a532ae8ab6e39d2604003a9963594cfe1','2_mn6q3dS2EnDUx3bmyWc6D4szJNVGtaR7zc_mnfAHmddVibnZNSkh8DvKaQoiEfNsxjXzH_mtQheFaSfWELRB2MyMBaiWjdDm6ux9Ezns_3','BTC',50000000,'XCP',100000000,310002,310003,310003,10,10,310023,857142,'pending');
INSERT INTO order_matches VALUES('783ebadc94a1a6b12a5de85b74fa63b68383e6e6a94bb8067a6eddd1649a1ccf_f9052fcb3866c44956652b0bdabc4f1a532ae8ab6e39d2604003a9963594cfe1',3,'783ebadc94a1a6b12a5de85b74fa63b68383e6e6a94bb8067a6eddd1649a1ccf','2_mn6q3dS2EnDUx3bmyWc6D4szJNVGtaR7zc_mnfAHmddVibnZNSkh8DvKaQoiEfNsxjXzH_mtQheFaSfWELRB2MyMBaiWjdDm6ux9Ezns_3',4,'f9052fcb3866c44956652b0bdabc4f1a532ae8ab6e39d2604003a9963594cfe1','2_mn6q3dS2EnDUx3bmyWc6D4szJNVGtaR7zc_mnfAHmddVibnZNSkh8DvKaQoiEfNsxjXzH_mtQheFaSfWELRB2MyMBaiWjdDm6ux9Ezns_3','BTC',50000000,'XCP',100000000,310002,310003,310004,10,10,310023,857142,'completed');
-- Triggers and indices on  order_matches
CREATE TRIGGER block_update_order_matches
            BEFORE UPDATE ON order_matches BEGIN
                SELECT RAISE(FAIL, "UPDATES NOT ALLOWED");
            END;
CREATE INDEX order_matches_backward_asset_idx ON order_matches (backward_asset)
        ;
CREATE INDEX order_matches_block_index_idx ON order_matches (block_index)
        ;
CREATE INDEX order_matches_forward_asset_idx ON order_matches (forward_asset)
        ;
CREATE INDEX order_matches_id_idx ON order_matches (id)
        ;
CREATE INDEX order_matches_match_expire_index_idx ON order_matches (match_expire_index)
        ;
CREATE INDEX order_matches_status_idx ON order_matches (status)
        ;
CREATE INDEX order_matches_tx0_address_forward_asset_idx ON order_matches (tx0_address, forward_asset)
        ;
CREATE INDEX order_matches_tx0_hash_idx ON order_matches (tx0_hash)
        ;
CREATE INDEX order_matches_tx1_address_backward_asset_idx ON order_matches (tx1_address, backward_asset)
        ;
CREATE INDEX order_matches_tx1_hash_idx ON order_matches (tx1_hash)
        ;

COMMIT TRANSACTION;
PRAGMA page_size=4096;
-- PRAGMA encoding='UTF-8';
-- PRAGMA auto_vacuum=FULL;
-- PRAGMA max_page_count=4294967294;

BEGIN TRANSACTION;

-- Table  order_expirations
DROP TABLE IF EXISTS order_expirations;
CREATE TABLE order_expirations(
                                        order_hash TEXT PRIMARY KEY,
                                        source TEXT,
                                        block_index INTEGER,
                                        FOREIGN KEY (block_index) REFERENCES blocks(block_index));
INSERT INTO order_expirations VALUES('783ebadc94a1a6b12a5de85b74fa63b68383e6e6a94bb8067a6eddd1649a1ccf','2_mn6q3dS2EnDUx3bmyWc6D4szJNVGtaR7zc_mnfAHmddVibnZNSkh8DvKaQoiEfNsxjXzH_mtQheFaSfWELRB2MyMBaiWjdDm6ux9Ezns_3',310013);
INSERT INTO order_expirations VALUES('f9052fcb3866c44956652b0bdabc4f1a532ae8ab6e39d2604003a9963594cfe1','2_mn6q3dS2EnDUx3bmyWc6D4szJNVGtaR7zc_mnfAHmddVibnZNSkh8DvKaQoiEfNsxjXzH_mtQheFaSfWELRB2MyMBaiWjdDm6ux9Ezns_3',310014);
INSERT INTO order_expirations VALUES('1e9c803dd89119395641881be44c8d1a98f571bf5b53ee683f880ee9ea16e451','2_mn6q3dS2EnDUx3bmyWc6D4szJNVGtaR7zc_mnfAHmddVibnZNSkh8DvKaQoiEfNsxjXzH_mtQheFaSfWELRB2MyMBaiWjdDm6ux9Ezns_3',310032);
-- Triggers and indices on  order_expirations
CREATE TRIGGER block_update_order_expirations
            BEFORE UPDATE ON order_expirations BEGIN
                SELECT RAISE(FAIL, "UPDATES NOT ALLOWED");
            END;
CREATE INDEX order_expirations_block_index_idx ON order_expirations (block_index)
        ;
CREATE INDEX order_expirations_source_idx ON order_expirations (source)
        ;

COMMIT TRANSACTION;
PRAGMA page_size=4096;
-- PRAGMA encoding='UTF-8';
-- PRAGMA auto_vacuum=FULL;
-- PRAGMA max_page_count=4294967294;

BEGIN TRANSACTION;

-- Table  orders
DROP TABLE IF EXISTS orders;
CREATE TABLE orders(
                            tx_index INTEGER,
                            tx_hash TEXT,
                            block_index INTEGER,
                            source TEXT,
                            give_asset TEXT,
                            give_quantity INTEGER,
                            give_remaining INTEGER,
                            get_asset TEXT,
                            get_quantity INTEGER,
                            get_remaining INTEGER,
                            expiration INTEGER,
                            expire_index INTEGER,
                            fee_required INTEGER,
                            fee_required_remaining INTEGER,
                            fee_provided INTEGER,
                            fee_provided_remaining INTEGER,
                            status TEXT);
INSERT INTO orders VALUES(3,'783ebadc94a1a6b12a5de85b74fa63b68383e6e6a94bb8067a6eddd1649a1ccf',310002,'2_mn6q3dS2EnDUx3bmyWc6D4szJNVGtaR7zc_mnfAHmddVibnZNSkh8DvKaQoiEfNsxjXzH_mtQheFaSfWELRB2MyMBaiWjdDm6ux9Ezns_3','BTC',50000000,50000000,'XCP',100000000,100000000,10,310012,0,0,1000000,1000000,'open');
INSERT INTO orders VALUES(4,'f9052fcb3866c44956652b0bdabc4f1a532ae8ab6e39d2604003a9963594cfe1',310003,'2_mn6q3dS2EnDUx3bmyWc6D4szJNVGtaR7zc_mnfAHmddVibnZNSkh8DvKaQoiEfNsxjXzH_mtQheFaSfWELRB2MyMBaiWjdDm6ux9Ezns_3','XCP',105000000,105000000,'BTC',50000000,50000000,10,310013,900000,900000,2400,2400,'open');
INSERT INTO orders VALUES(3,'783ebadc94a1a6b12a5de85b74fa63b68383e6e6a94bb8067a6eddd1649a1ccf',310003,'2_mn6q3dS2EnDUx3bmyWc6D4szJNVGtaR7zc_mnfAHmddVibnZNSkh8DvKaQoiEfNsxjXzH_mtQheFaSfWELRB2MyMBaiWjdDm6ux9Ezns_3','BTC',50000000,0,'XCP',100000000,0,10,310012,0,0,1000000,142858,'open');
INSERT INTO orders VALUES(4,'f9052fcb3866c44956652b0bdabc4f1a532ae8ab6e39d2604003a9963594cfe1',310003,'2_mn6q3dS2EnDUx3bmyWc6D4szJNVGtaR7zc_mnfAHmddVibnZNSkh8DvKaQoiEfNsxjXzH_mtQheFaSfWELRB2MyMBaiWjdDm6ux9Ezns_3','XCP',105000000,5000000,'BTC',50000000,0,10,310013,900000,42858,2400,2400,'open');
INSERT INTO orders VALUES(3,'783ebadc94a1a6b12a5de85b74fa63b68383e6e6a94bb8067a6eddd1649a1ccf',310013,'2_mn6q3dS2EnDUx3bmyWc6D4szJNVGtaR7zc_mnfAHmddVibnZNSkh8DvKaQoiEfNsxjXzH_mtQheFaSfWELRB2MyMBaiWjdDm6ux9Ezns_3','BTC',50000000,0,'XCP',100000000,0,10,310012,0,0,1000000,142858,'expired');
INSERT INTO orders VALUES(4,'f9052fcb3866c44956652b0bdabc4f1a532ae8ab6e39d2604003a9963594cfe1',310014,'2_mn6q3dS2EnDUx3bmyWc6D4szJNVGtaR7zc_mnfAHmddVibnZNSkh8DvKaQoiEfNsxjXzH_mtQheFaSfWELRB2MyMBaiWjdDm6ux9Ezns_3','XCP',105000000,5000000,'BTC',50000000,0,10,310013,900000,42858,2400,2400,'expired');
INSERT INTO orders VALUES(22,'1e9c803dd89119395641881be44c8d1a98f571bf5b53ee683f880ee9ea16e451',310021,'2_mn6q3dS2EnDUx3bmyWc6D4szJNVGtaR7zc_mnfAHmddVibnZNSkh8DvKaQoiEfNsxjXzH_mtQheFaSfWELRB2MyMBaiWjdDm6ux9Ezns_3','BBBB',50000000,50000000,'XCP',50000000,50000000,10,310031,0,0,2400,2400,'open');
INSERT INTO orders VALUES(22,'1e9c803dd89119395641881be44c8d1a98f571bf5b53ee683f880ee9ea16e451',310032,'2_mn6q3dS2EnDUx3bmyWc6D4szJNVGtaR7zc_mnfAHmddVibnZNSkh8DvKaQoiEfNsxjXzH_mtQheFaSfWELRB2MyMBaiWjdDm6ux9Ezns_3','BBBB',50000000,50000000,'XCP',50000000,50000000,10,310031,0,0,2400,2400,'expired');
-- Triggers and indices on  orders
CREATE TRIGGER block_update_orders
            BEFORE UPDATE ON orders BEGIN
                SELECT RAISE(FAIL, "UPDATES NOT ALLOWED");
            END;
CREATE INDEX orders_block_index_idx ON orders (block_index)
        ;
CREATE INDEX orders_expire_index_idx ON orders (expire_index)
        ;
CREATE INDEX orders_get_asset_give_asset_idx ON orders (get_asset, give_asset)
        ;
CREATE INDEX orders_get_quantity_idx ON orders (get_quantity)
        ;
CREATE INDEX orders_give_asset_idx ON orders (give_asset)
        ;
CREATE INDEX orders_give_quantity_idx ON orders (give_quantity)
        ;
CREATE INDEX orders_source_give_asset_idx ON orders (source, give_asset)
        ;
CREATE INDEX orders_status_idx ON orders (status)
        ;
CREATE INDEX orders_tx_hash_idx ON orders (tx_hash)
        ;
CREATE INDEX orders_tx_index_tx_hash_idx ON orders (tx_index, tx_hash)
        ;

COMMIT TRANSACTION;
PRAGMA page_size=4096;
-- PRAGMA encoding='UTF-8';
-- PRAGMA auto_vacuum=FULL;
-- PRAGMA max_page_count=4294967294;

BEGIN TRANSACTION;

-- Table  bet_match_expirations
DROP TABLE IF EXISTS bet_match_expirations;
CREATE TABLE bet_match_expirations(
                                          bet_match_id TEXT PRIMARY KEY,
                                          tx0_address TEXT,
                                          tx1_address TEXT,
                                          block_index INTEGER,
                                          FOREIGN KEY (block_index) REFERENCES blocks(block_index));
-- Triggers and indices on  bet_match_expirations
CREATE INDEX bet_match_expirations_block_index_idx ON bet_match_expirations (block_index)
        ;
CREATE INDEX bet_match_expirations_tx0_address_idx ON bet_match_expirations (tx0_address)
        ;
CREATE INDEX bet_match_expirations_tx1_address_idx ON bet_match_expirations (tx1_address)
        ;
CREATE TRIGGER block_update_bet_match_expirations
            BEFORE UPDATE ON bet_match_expirations BEGIN
                SELECT RAISE(FAIL, "UPDATES NOT ALLOWED");
            END;

COMMIT TRANSACTION;
PRAGMA page_size=4096;
-- PRAGMA encoding='UTF-8';
-- PRAGMA auto_vacuum=FULL;
-- PRAGMA max_page_count=4294967294;

BEGIN TRANSACTION;

-- Table  bet_matches
DROP TABLE IF EXISTS bet_matches;
CREATE TABLE bet_matches(
                                id TEXT,
                                tx0_index INTEGER,
                                tx0_hash TEXT,
                                tx0_address TEXT,
                                tx1_index INTEGER,
                                tx1_hash TEXT,
                                tx1_address TEXT,
                                tx0_bet_type INTEGER,
                                tx1_bet_type INTEGER,
                                feed_address TEXT,
                                initial_value INTEGER,
                                deadline INTEGER,
                                target_value REAL,
                                leverage INTEGER,
                                forward_quantity INTEGER,
                                backward_quantity INTEGER,
                                tx0_block_index INTEGER,
                                tx1_block_index INTEGER,
                                block_index INTEGER,
                                tx0_expiration INTEGER,
                                tx1_expiration INTEGER,
                                match_expire_index INTEGER,
                                fee_fraction_int INTEGER,
                                status TEXT);
INSERT INTO bet_matches VALUES('00a8d1eb1f72d21dd642377b862a5650e2f6d3bddfc67b389da001b9e96e3626_509a4c348bb7f9fff9f03ad5e7182342655ec01db31bde5eb23f4a813bb716c9',13,'00a8d1eb1f72d21dd642377b862a5650e2f6d3bddfc67b389da001b9e96e3626','2_mn6q3dS2EnDUx3bmyWc6D4szJNVGtaR7zc_mnfAHmddVibnZNSkh8DvKaQoiEfNsxjXzH_mtQheFaSfWELRB2MyMBaiWjdDm6ux9Ezns_3',14,'509a4c348bb7f9fff9f03ad5e7182342655ec01db31bde5eb23f4a813bb716c9','2_mn6q3dS2EnDUx3bmyWc6D4szJNVGtaR7zc_mnfAHmddVibnZNSkh8DvKaQoiEfNsxjXzH_mtQheFaSfWELRB2MyMBaiWjdDm6ux9Ezns_3',0,1,'2_mn6q3dS2EnDUx3bmyWc6D4szJNVGtaR7zc_mnfAHmddVibnZNSkh8DvKaQoiEfNsxjXzH_mtQheFaSfWELRB2MyMBaiWjdDm6ux9Ezns_3',100,1388000100,0.0,15120,41500000,20750000,310012,310013,310012,10,10,310022,99999999,'pending');
INSERT INTO bet_matches VALUES('78557eb7d5d0397c0c210220e106345dc88dc7cf95e2b8077c5a3ece2ba93fb6_1ba5c7d6abf9225272c75dd48982a589b8a61aaf58bd9f0eafd8145e9c9d9d6a',15,'78557eb7d5d0397c0c210220e106345dc88dc7cf95e2b8077c5a3ece2ba93fb6','2_mn6q3dS2EnDUx3bmyWc6D4szJNVGtaR7zc_mnfAHmddVibnZNSkh8DvKaQoiEfNsxjXzH_mtQheFaSfWELRB2MyMBaiWjdDm6ux9Ezns_3',16,'1ba5c7d6abf9225272c75dd48982a589b8a61aaf58bd9f0eafd8145e9c9d9d6a','2_mn6q3dS2EnDUx3bmyWc6D4szJNVGtaR7zc_mnfAHmddVibnZNSkh8DvKaQoiEfNsxjXzH_mtQheFaSfWELRB2MyMBaiWjdDm6ux9Ezns_3',0,1,'2_mn6q3dS2EnDUx3bmyWc6D4szJNVGtaR7zc_mnfAHmddVibnZNSkh8DvKaQoiEfNsxjXzH_mtQheFaSfWELRB2MyMBaiWjdDm6ux9Ezns_3',100,1388000100,0.0,5040,150000000,350000000,310014,310015,310014,10,10,310024,99999999,'pending');
INSERT INTO bet_matches VALUES('6c0ce1dec0cf5502ad41b3f9c15859cf40eda9beb0060db8f74485d1b9297e96_b9ac4fa5d0dc82c0edd74bb42dcc5114e4160f9c6b05a1dd0399878c9659f90f',17,'6c0ce1dec0cf5502ad41b3f9c15859cf40eda9beb0060db8f74485d1b9297e96','2_mn6q3dS2EnDUx3bmyWc6D4szJNVGtaR7zc_mnfAHmddVibnZNSkh8DvKaQoiEfNsxjXzH_mtQheFaSfWELRB2MyMBaiWjdDm6ux9Ezns_3',18,'b9ac4fa5d0dc82c0edd74bb42dcc5114e4160f9c6b05a1dd0399878c9659f90f','2_mn6q3dS2EnDUx3bmyWc6D4szJNVGtaR7zc_mnfAHmddVibnZNSkh8DvKaQoiEfNsxjXzH_mtQheFaSfWELRB2MyMBaiWjdDm6ux9Ezns_3',2,3,'2_mn6q3dS2EnDUx3bmyWc6D4szJNVGtaR7zc_mnfAHmddVibnZNSkh8DvKaQoiEfNsxjXzH_mtQheFaSfWELRB2MyMBaiWjdDm6ux9Ezns_3',100,1388000200,1.0,5040,750000000,650000000,310016,310017,310016,10,10,310026,99999999,'pending');
INSERT INTO bet_matches VALUES('00a8d1eb1f72d21dd642377b862a5650e2f6d3bddfc67b389da001b9e96e3626_509a4c348bb7f9fff9f03ad5e7182342655ec01db31bde5eb23f4a813bb716c9',13,'00a8d1eb1f72d21dd642377b862a5650e2f6d3bddfc67b389da001b9e96e3626','2_mn6q3dS2EnDUx3bmyWc6D4szJNVGtaR7zc_mnfAHmddVibnZNSkh8DvKaQoiEfNsxjXzH_mtQheFaSfWELRB2MyMBaiWjdDm6ux9Ezns_3',14,'509a4c348bb7f9fff9f03ad5e7182342655ec01db31bde5eb23f4a813bb716c9','2_mn6q3dS2EnDUx3bmyWc6D4szJNVGtaR7zc_mnfAHmddVibnZNSkh8DvKaQoiEfNsxjXzH_mtQheFaSfWELRB2MyMBaiWjdDm6ux9Ezns_3',0,1,'2_mn6q3dS2EnDUx3bmyWc6D4szJNVGtaR7zc_mnfAHmddVibnZNSkh8DvKaQoiEfNsxjXzH_mtQheFaSfWELRB2MyMBaiWjdDm6ux9Ezns_3',100,1388000100,0.0,15120,41500000,20750000,310012,310013,310018,10,10,310022,99999999,'settled: liquidated for bear');
INSERT INTO bet_matches VALUES('78557eb7d5d0397c0c210220e106345dc88dc7cf95e2b8077c5a3ece2ba93fb6_1ba5c7d6abf9225272c75dd48982a589b8a61aaf58bd9f0eafd8145e9c9d9d6a',15,'78557eb7d5d0397c0c210220e106345dc88dc7cf95e2b8077c5a3ece2ba93fb6','2_mn6q3dS2EnDUx3bmyWc6D4szJNVGtaR7zc_mnfAHmddVibnZNSkh8DvKaQoiEfNsxjXzH_mtQheFaSfWELRB2MyMBaiWjdDm6ux9Ezns_3',16,'1ba5c7d6abf9225272c75dd48982a589b8a61aaf58bd9f0eafd8145e9c9d9d6a','2_mn6q3dS2EnDUx3bmyWc6D4szJNVGtaR7zc_mnfAHmddVibnZNSkh8DvKaQoiEfNsxjXzH_mtQheFaSfWELRB2MyMBaiWjdDm6ux9Ezns_3',0,1,'2_mn6q3dS2EnDUx3bmyWc6D4szJNVGtaR7zc_mnfAHmddVibnZNSkh8DvKaQoiEfNsxjXzH_mtQheFaSfWELRB2MyMBaiWjdDm6ux9Ezns_3',100,1388000100,0.0,5040,150000000,350000000,310014,310015,310019,10,10,310024,99999999,'settled');
INSERT INTO bet_matches VALUES('6c0ce1dec0cf5502ad41b3f9c15859cf40eda9beb0060db8f74485d1b9297e96_b9ac4fa5d0dc82c0edd74bb42dcc5114e4160f9c6b05a1dd0399878c9659f90f',17,'6c0ce1dec0cf5502ad41b3f9c15859cf40eda9beb0060db8f74485d1b9297e96','2_mn6q3dS2EnDUx3bmyWc6D4szJNVGtaR7zc_mnfAHmddVibnZNSkh8DvKaQoiEfNsxjXzH_mtQheFaSfWELRB2MyMBaiWjdDm6ux9Ezns_3',18,'b9ac4fa5d0dc82c0edd74bb42dcc5114e4160f9c6b05a1dd0399878c9659f90f','2_mn6q3dS2EnDUx3bmyWc6D4szJNVGtaR7zc_mnfAHmddVibnZNSkh8DvKaQoiEfNsxjXzH_mtQheFaSfWELRB2MyMBaiWjdDm6ux9Ezns_3',2,3,'2_mn6q3dS2EnDUx3bmyWc6D4szJNVGtaR7zc_mnfAHmddVibnZNSkh8DvKaQoiEfNsxjXzH_mtQheFaSfWELRB2MyMBaiWjdDm6ux9Ezns_3',100,1388000200,1.0,5040,750000000,650000000,310016,310017,310020,10,10,310026,99999999,'settled: for notequal');
-- Triggers and indices on  bet_matches
CREATE INDEX bet_matches_block_index_idx ON bet_matches (block_index)
        ;
CREATE INDEX bet_matches_deadline_idx ON bet_matches (deadline)
        ;
CREATE INDEX bet_matches_id_idx ON bet_matches (id)
        ;
CREATE INDEX bet_matches_status_idx ON bet_matches (status)
        ;
CREATE INDEX bet_matches_tx0_address_idx ON bet_matches (tx0_address)
        ;
CREATE INDEX bet_matches_tx1_address_idx ON bet_matches (tx1_address)
        ;
CREATE TRIGGER block_update_bet_matches
            BEFORE UPDATE ON bet_matches BEGIN
                SELECT RAISE(FAIL, "UPDATES NOT ALLOWED");
            END;

COMMIT TRANSACTION;
PRAGMA page_size=4096;
-- PRAGMA encoding='UTF-8';
-- PRAGMA auto_vacuum=FULL;
-- PRAGMA max_page_count=4294967294;

BEGIN TRANSACTION;

-- Table  bet_match_resolutions
DROP TABLE IF EXISTS bet_match_resolutions;
CREATE TABLE bet_match_resolutions(
                                            bet_match_id TEXT PRIMARY KEY,
                                            bet_match_type_id INTEGER,
                                            block_index INTEGER,
                                            winner TEXT,
                                            settled BOOL,
                                            bull_credit INTEGER,
                                            bear_credit INTEGER,
                                            escrow_less_fee INTEGER,
                                            fee INTEGER,
                                            FOREIGN KEY (block_index) REFERENCES blocks(block_index));
INSERT INTO bet_match_resolutions VALUES('00a8d1eb1f72d21dd642377b862a5650e2f6d3bddfc67b389da001b9e96e3626_509a4c348bb7f9fff9f03ad5e7182342655ec01db31bde5eb23f4a813bb716c9',1,310018,NULL,0,0,59137500,NULL,3112500);
INSERT INTO bet_match_resolutions VALUES('78557eb7d5d0397c0c210220e106345dc88dc7cf95e2b8077c5a3ece2ba93fb6_1ba5c7d6abf9225272c75dd48982a589b8a61aaf58bd9f0eafd8145e9c9d9d6a',1,310019,NULL,1,159300000,315700000,NULL,25000000);
INSERT INTO bet_match_resolutions VALUES('6c0ce1dec0cf5502ad41b3f9c15859cf40eda9beb0060db8f74485d1b9297e96_b9ac4fa5d0dc82c0edd74bb42dcc5114e4160f9c6b05a1dd0399878c9659f90f',5,310020,'NotEqual',NULL,NULL,NULL,1330000000,70000000);
-- Triggers and indices on  bet_match_resolutions
CREATE TRIGGER block_update_bet_match_resolutions
            BEFORE UPDATE ON bet_match_resolutions BEGIN
                SELECT RAISE(FAIL, "UPDATES NOT ALLOWED");
            END;

COMMIT TRANSACTION;
PRAGMA page_size=4096;
-- PRAGMA encoding='UTF-8';
-- PRAGMA auto_vacuum=FULL;
-- PRAGMA max_page_count=4294967294;

BEGIN TRANSACTION;

-- Table  bet_expirations
DROP TABLE IF EXISTS bet_expirations;
CREATE TABLE bet_expirations(
                                    bet_index INTEGER PRIMARY KEY,
                                    bet_hash TEXT UNIQUE,
                                    source TEXT,
                                    block_index INTEGER,
                                    FOREIGN KEY (block_index) REFERENCES blocks(block_index));
INSERT INTO bet_expirations VALUES(13,'00a8d1eb1f72d21dd642377b862a5650e2f6d3bddfc67b389da001b9e96e3626','2_mn6q3dS2EnDUx3bmyWc6D4szJNVGtaR7zc_mnfAHmddVibnZNSkh8DvKaQoiEfNsxjXzH_mtQheFaSfWELRB2MyMBaiWjdDm6ux9Ezns_3',310023);
-- Triggers and indices on  bet_expirations
CREATE INDEX bet_expirations_block_index_idx ON bet_expirations (block_index)
        ;
CREATE INDEX bet_expirations_source_idx ON bet_expirations (source)
        ;
CREATE TRIGGER block_update_bet_expirations
            BEFORE UPDATE ON bet_expirations BEGIN
                SELECT RAISE(FAIL, "UPDATES NOT ALLOWED");
            END;

COMMIT TRANSACTION;
PRAGMA page_size=4096;
-- PRAGMA encoding='UTF-8';
-- PRAGMA auto_vacuum=FULL;
-- PRAGMA max_page_count=4294967294;

BEGIN TRANSACTION;

-- Table  bets
DROP TABLE IF EXISTS bets;
CREATE TABLE bets(
                        tx_index INTEGER,
                        tx_hash TEXT,
                        block_index INTEGER,
                        source TEXT,
                        feed_address TEXT,
                        bet_type INTEGER,
                        deadline INTEGER,
                        wager_quantity INTEGER,
                        wager_remaining INTEGER,
                        counterwager_quantity INTEGER,
                        counterwager_remaining INTEGER,
                        target_value REAL,
                        leverage INTEGER,
                        expiration INTEGER,
                        expire_index INTEGER,
                        fee_fraction_int INTEGER,
                        status TEXT);
INSERT INTO bets VALUES(13,'00a8d1eb1f72d21dd642377b862a5650e2f6d3bddfc67b389da001b9e96e3626',310012,'2_mn6q3dS2EnDUx3bmyWc6D4szJNVGtaR7zc_mnfAHmddVibnZNSkh8DvKaQoiEfNsxjXzH_mtQheFaSfWELRB2MyMBaiWjdDm6ux9Ezns_3','2_mn6q3dS2EnDUx3bmyWc6D4szJNVGtaR7zc_mnfAHmddVibnZNSkh8DvKaQoiEfNsxjXzH_mtQheFaSfWELRB2MyMBaiWjdDm6ux9Ezns_3',0,1388000100,50000000,50000000,25000000,25000000,0.0,15120,10,310022,99999999,'open');
INSERT INTO bets VALUES(14,'509a4c348bb7f9fff9f03ad5e7182342655ec01db31bde5eb23f4a813bb716c9',310013,'2_mn6q3dS2EnDUx3bmyWc6D4szJNVGtaR7zc_mnfAHmddVibnZNSkh8DvKaQoiEfNsxjXzH_mtQheFaSfWELRB2MyMBaiWjdDm6ux9Ezns_3','2_mn6q3dS2EnDUx3bmyWc6D4szJNVGtaR7zc_mnfAHmddVibnZNSkh8DvKaQoiEfNsxjXzH_mtQheFaSfWELRB2MyMBaiWjdDm6ux9Ezns_3',1,1388000100,25000000,25000000,41500000,41500000,0.0,15120,10,310023,99999999,'open');
INSERT INTO bets VALUES(13,'00a8d1eb1f72d21dd642377b862a5650e2f6d3bddfc67b389da001b9e96e3626',310013,'2_mn6q3dS2EnDUx3bmyWc6D4szJNVGtaR7zc_mnfAHmddVibnZNSkh8DvKaQoiEfNsxjXzH_mtQheFaSfWELRB2MyMBaiWjdDm6ux9Ezns_3','2_mn6q3dS2EnDUx3bmyWc6D4szJNVGtaR7zc_mnfAHmddVibnZNSkh8DvKaQoiEfNsxjXzH_mtQheFaSfWELRB2MyMBaiWjdDm6ux9Ezns_3',0,1388000100,50000000,8500000,25000000,4250000,0.0,15120,10,310022,99999999,'open');
INSERT INTO bets VALUES(14,'509a4c348bb7f9fff9f03ad5e7182342655ec01db31bde5eb23f4a813bb716c9',310013,'2_mn6q3dS2EnDUx3bmyWc6D4szJNVGtaR7zc_mnfAHmddVibnZNSkh8DvKaQoiEfNsxjXzH_mtQheFaSfWELRB2MyMBaiWjdDm6ux9Ezns_3','2_mn6q3dS2EnDUx3bmyWc6D4szJNVGtaR7zc_mnfAHmddVibnZNSkh8DvKaQoiEfNsxjXzH_mtQheFaSfWELRB2MyMBaiWjdDm6ux9Ezns_3',1,1388000100,25000000,4250000,41500000,0,0.0,15120,10,310023,99999999,'filled');
INSERT INTO bets VALUES(15,'78557eb7d5d0397c0c210220e106345dc88dc7cf95e2b8077c5a3ece2ba93fb6',310014,'2_mn6q3dS2EnDUx3bmyWc6D4szJNVGtaR7zc_mnfAHmddVibnZNSkh8DvKaQoiEfNsxjXzH_mtQheFaSfWELRB2MyMBaiWjdDm6ux9Ezns_3','2_mn6q3dS2EnDUx3bmyWc6D4szJNVGtaR7zc_mnfAHmddVibnZNSkh8DvKaQoiEfNsxjXzH_mtQheFaSfWELRB2MyMBaiWjdDm6ux9Ezns_3',0,1388000100,150000000,150000000,350000000,350000000,0.0,5040,10,310024,99999999,'open');
INSERT INTO bets VALUES(16,'1ba5c7d6abf9225272c75dd48982a589b8a61aaf58bd9f0eafd8145e9c9d9d6a',310015,'2_mn6q3dS2EnDUx3bmyWc6D4szJNVGtaR7zc_mnfAHmddVibnZNSkh8DvKaQoiEfNsxjXzH_mtQheFaSfWELRB2MyMBaiWjdDm6ux9Ezns_3','2_mn6q3dS2EnDUx3bmyWc6D4szJNVGtaR7zc_mnfAHmddVibnZNSkh8DvKaQoiEfNsxjXzH_mtQheFaSfWELRB2MyMBaiWjdDm6ux9Ezns_3',1,1388000100,350000000,350000000,150000000,150000000,0.0,5040,10,310025,99999999,'open');
INSERT INTO bets VALUES(15,'78557eb7d5d0397c0c210220e106345dc88dc7cf95e2b8077c5a3ece2ba93fb6',310015,'2_mn6q3dS2EnDUx3bmyWc6D4szJNVGtaR7zc_mnfAHmddVibnZNSkh8DvKaQoiEfNsxjXzH_mtQheFaSfWELRB2MyMBaiWjdDm6ux9Ezns_3','2_mn6q3dS2EnDUx3bmyWc6D4szJNVGtaR7zc_mnfAHmddVibnZNSkh8DvKaQoiEfNsxjXzH_mtQheFaSfWELRB2MyMBaiWjdDm6ux9Ezns_3',0,1388000100,150000000,0,350000000,0,0.0,5040,10,310024,99999999,'filled');
INSERT INTO bets VALUES(16,'1ba5c7d6abf9225272c75dd48982a589b8a61aaf58bd9f0eafd8145e9c9d9d6a',310015,'2_mn6q3dS2EnDUx3bmyWc6D4szJNVGtaR7zc_mnfAHmddVibnZNSkh8DvKaQoiEfNsxjXzH_mtQheFaSfWELRB2MyMBaiWjdDm6ux9Ezns_3','2_mn6q3dS2EnDUx3bmyWc6D4szJNVGtaR7zc_mnfAHmddVibnZNSkh8DvKaQoiEfNsxjXzH_mtQheFaSfWELRB2MyMBaiWjdDm6ux9Ezns_3',1,1388000100,350000000,0,150000000,0,0.0,5040,10,310025,99999999,'filled');
INSERT INTO bets VALUES(17,'6c0ce1dec0cf5502ad41b3f9c15859cf40eda9beb0060db8f74485d1b9297e96',310016,'2_mn6q3dS2EnDUx3bmyWc6D4szJNVGtaR7zc_mnfAHmddVibnZNSkh8DvKaQoiEfNsxjXzH_mtQheFaSfWELRB2MyMBaiWjdDm6ux9Ezns_3','2_mn6q3dS2EnDUx3bmyWc6D4szJNVGtaR7zc_mnfAHmddVibnZNSkh8DvKaQoiEfNsxjXzH_mtQheFaSfWELRB2MyMBaiWjdDm6ux9Ezns_3',2,1388000200,750000000,750000000,650000000,650000000,1.0,5040,10,310026,99999999,'open');
INSERT INTO bets VALUES(18,'b9ac4fa5d0dc82c0edd74bb42dcc5114e4160f9c6b05a1dd0399878c9659f90f',310017,'2_mn6q3dS2EnDUx3bmyWc6D4szJNVGtaR7zc_mnfAHmddVibnZNSkh8DvKaQoiEfNsxjXzH_mtQheFaSfWELRB2MyMBaiWjdDm6ux9Ezns_3','2_mn6q3dS2EnDUx3bmyWc6D4szJNVGtaR7zc_mnfAHmddVibnZNSkh8DvKaQoiEfNsxjXzH_mtQheFaSfWELRB2MyMBaiWjdDm6ux9Ezns_3',3,1388000200,650000000,650000000,750000000,750000000,1.0,5040,10,310027,99999999,'open');
INSERT INTO bets VALUES(17,'6c0ce1dec0cf5502ad41b3f9c15859cf40eda9beb0060db8f74485d1b9297e96',310017,'2_mn6q3dS2EnDUx3bmyWc6D4szJNVGtaR7zc_mnfAHmddVibnZNSkh8DvKaQoiEfNsxjXzH_mtQheFaSfWELRB2MyMBaiWjdDm6ux9Ezns_3','2_mn6q3dS2EnDUx3bmyWc6D4szJNVGtaR7zc_mnfAHmddVibnZNSkh8DvKaQoiEfNsxjXzH_mtQheFaSfWELRB2MyMBaiWjdDm6ux9Ezns_3',2,1388000200,750000000,0,650000000,0,1.0,5040,10,310026,99999999,'filled');
INSERT INTO bets VALUES(18,'b9ac4fa5d0dc82c0edd74bb42dcc5114e4160f9c6b05a1dd0399878c9659f90f',310017,'2_mn6q3dS2EnDUx3bmyWc6D4szJNVGtaR7zc_mnfAHmddVibnZNSkh8DvKaQoiEfNsxjXzH_mtQheFaSfWELRB2MyMBaiWjdDm6ux9Ezns_3','2_mn6q3dS2EnDUx3bmyWc6D4szJNVGtaR7zc_mnfAHmddVibnZNSkh8DvKaQoiEfNsxjXzH_mtQheFaSfWELRB2MyMBaiWjdDm6ux9Ezns_3',3,1388000200,650000000,0,750000000,0,1.0,5040,10,310027,99999999,'filled');
INSERT INTO bets VALUES(13,'00a8d1eb1f72d21dd642377b862a5650e2f6d3bddfc67b389da001b9e96e3626',310023,'2_mn6q3dS2EnDUx3bmyWc6D4szJNVGtaR7zc_mnfAHmddVibnZNSkh8DvKaQoiEfNsxjXzH_mtQheFaSfWELRB2MyMBaiWjdDm6ux9Ezns_3','2_mn6q3dS2EnDUx3bmyWc6D4szJNVGtaR7zc_mnfAHmddVibnZNSkh8DvKaQoiEfNsxjXzH_mtQheFaSfWELRB2MyMBaiWjdDm6ux9Ezns_3',0,1388000100,50000000,8500000,25000000,4250000,0.0,15120,10,310022,99999999,'expired');
-- Triggers and indices on  bets
CREATE INDEX bets_block_index_idx ON bets (block_index)
        ;
CREATE INDEX bets_expire_index_idx ON bets (expire_index)
        ;
CREATE INDEX bets_feed_address_bet_type_idx ON bets (feed_address, bet_type)
        ;
CREATE INDEX bets_feed_address_idx ON bets (feed_address)
        ;
CREATE INDEX bets_status_idx ON bets (status)
        ;
CREATE INDEX bets_tx_hash_idx ON bets (tx_hash)
        ;
CREATE INDEX bets_tx_index_tx_hash_idx ON bets (tx_index, tx_hash)
        ;
CREATE TRIGGER block_update_bets
            BEFORE UPDATE ON bets BEGIN
                SELECT RAISE(FAIL, "UPDATES NOT ALLOWED");
            END;

COMMIT TRANSACTION;
PRAGMA page_size=4096;
-- PRAGMA encoding='UTF-8';
-- PRAGMA auto_vacuum=FULL;
-- PRAGMA max_page_count=4294967294;

BEGIN TRANSACTION;

-- Table  broadcasts
DROP TABLE IF EXISTS broadcasts;
CREATE TABLE broadcasts(
                      tx_index INTEGER PRIMARY KEY,
                      tx_hash TEXT UNIQUE,
                      block_index INTEGER,
                      source TEXT,
                      timestamp INTEGER,
                      value REAL,
                      fee_fraction_int INTEGER,
                      text TEXT,
                      locked BOOL,
                      status TEXT,
                      FOREIGN KEY (tx_index, tx_hash, block_index) REFERENCES transactions(tx_index, tx_hash, block_index));
INSERT INTO broadcasts VALUES(12,'d193cc2324b1d5abda022912dd0fa206ee6b98b19c7bd95e7170e4334cadda0d',310011,'2_mn6q3dS2EnDUx3bmyWc6D4szJNVGtaR7zc_mnfAHmddVibnZNSkh8DvKaQoiEfNsxjXzH_mtQheFaSfWELRB2MyMBaiWjdDm6ux9Ezns_3',1388000000,100.0,99999999,'Unit Test',0,'valid');
INSERT INTO broadcasts VALUES(19,'47a8cfb0e316c159b24c377931f5dd67353cd8ea8b4aa8e98cfa918095431fba',310018,'2_mn6q3dS2EnDUx3bmyWc6D4szJNVGtaR7zc_mnfAHmddVibnZNSkh8DvKaQoiEfNsxjXzH_mtQheFaSfWELRB2MyMBaiWjdDm6ux9Ezns_3',1388000050,99.86166,5000000,'Unit Test',0,'valid');
INSERT INTO broadcasts VALUES(20,'04b01044d0b0209c01c8218a2f298fbcc9800a83e8a4dccd6552be39d3fe5597',310019,'2_mn6q3dS2EnDUx3bmyWc6D4szJNVGtaR7zc_mnfAHmddVibnZNSkh8DvKaQoiEfNsxjXzH_mtQheFaSfWELRB2MyMBaiWjdDm6ux9Ezns_3',1388000101,100.343,5000000,'Unit Test',0,'valid');
INSERT INTO broadcasts VALUES(21,'ae1b0e88a8541bbdb7d549c011cec6da79a9a15edbd91c30c54204c33c3898f0',310020,'2_mn6q3dS2EnDUx3bmyWc6D4szJNVGtaR7zc_mnfAHmddVibnZNSkh8DvKaQoiEfNsxjXzH_mtQheFaSfWELRB2MyMBaiWjdDm6ux9Ezns_3',1388000201,2.0,5000000,'Unit Test',0,'valid');
-- Triggers and indices on  broadcasts
CREATE TRIGGER block_update_broadcasts
            BEFORE UPDATE ON broadcasts BEGIN
                SELECT RAISE(FAIL, "UPDATES NOT ALLOWED");
            END;
CREATE INDEX broadcasts_block_index_idx ON broadcasts (block_index)
        ;
CREATE INDEX broadcasts_status_source_tx_index_idx ON broadcasts (status, source, tx_index)
        ;
CREATE INDEX broadcasts_timestamp_idx ON broadcasts (timestamp)
        ;

COMMIT TRANSACTION;
PRAGMA page_size=4096;
-- PRAGMA encoding='UTF-8';
-- PRAGMA auto_vacuum=FULL;
-- PRAGMA max_page_count=4294967294;

BEGIN TRANSACTION;

-- Table  btcpays
DROP TABLE IF EXISTS btcpays;
CREATE TABLE btcpays(
                      tx_index INTEGER PRIMARY KEY,
                      tx_hash TEXT UNIQUE,
                      block_index INTEGER,
                      source TEXT,
                      destination TEXT,
                      btc_amount INTEGER,
                      order_match_id TEXT,
                      status TEXT,
                      FOREIGN KEY (tx_index, tx_hash, block_index) REFERENCES transactions(tx_index, tx_hash, block_index));
INSERT INTO btcpays VALUES(5,'77c28286f10f872f464f96b6af0691fcbfd1b70371c9e285527d9f9e14af80fa',310004,'2_mn6q3dS2EnDUx3bmyWc6D4szJNVGtaR7zc_mnfAHmddVibnZNSkh8DvKaQoiEfNsxjXzH_mtQheFaSfWELRB2MyMBaiWjdDm6ux9Ezns_3','2_mn6q3dS2EnDUx3bmyWc6D4szJNVGtaR7zc_mnfAHmddVibnZNSkh8DvKaQoiEfNsxjXzH_mtQheFaSfWELRB2MyMBaiWjdDm6ux9Ezns_3',50000000,'783ebadc94a1a6b12a5de85b74fa63b68383e6e6a94bb8067a6eddd1649a1ccf_f9052fcb3866c44956652b0bdabc4f1a532ae8ab6e39d2604003a9963594cfe1','valid');
-- Triggers and indices on  btcpays
CREATE TRIGGER block_update_btcpays
            BEFORE UPDATE ON btcpays BEGIN
                SELECT RAISE(FAIL, "UPDATES NOT ALLOWED");
            END;
CREATE INDEX btcpays_block_index_idx ON btcpays (block_index)
        ;
CREATE INDEX btcpays_destination_idx ON btcpays (destination)
        ;
CREATE INDEX btcpays_source_idx ON btcpays (source)
        ;

COMMIT TRANSACTION;
PRAGMA page_size=4096;
-- PRAGMA encoding='UTF-8';
-- PRAGMA auto_vacuum=FULL;
-- PRAGMA max_page_count=4294967294;

BEGIN TRANSACTION;

-- Table  burns
DROP TABLE IF EXISTS burns;
CREATE TABLE burns(
                      tx_index INTEGER PRIMARY KEY,
                      tx_hash TEXT UNIQUE,
                      block_index INTEGER,
                      source TEXT,
                      burned INTEGER,
                      earned INTEGER,
                      status TEXT,
                      FOREIGN KEY (tx_index, tx_hash, block_index) REFERENCES transactions(tx_index, tx_hash, block_index));
INSERT INTO burns VALUES(1,'432e72f9c26053958e4077e3fa4d0b6398238ecdf094ff163dbaa85c4fbdc532',310000,'2_mn6q3dS2EnDUx3bmyWc6D4szJNVGtaR7zc_mnfAHmddVibnZNSkh8DvKaQoiEfNsxjXzH_mtQheFaSfWELRB2MyMBaiWjdDm6ux9Ezns_3',62000000,93000000000,'valid');
INSERT INTO burns VALUES(23,'1ac1b607c4b70d60f4fe8c3f496654b12427b918d409b8934bbfdd464ddae1cf',310022,'2_mn6q3dS2EnDUx3bmyWc6D4szJNVGtaR7zc_mnfAHmddVibnZNSkh8DvKaQoiEfNsxjXzH_mtQheFaSfWELRB2MyMBaiWjdDm6ux9Ezns_3',38000000,56999887262,'valid');
-- Triggers and indices on  burns
CREATE TRIGGER block_update_burns
            BEFORE UPDATE ON burns BEGIN
                SELECT RAISE(FAIL, "UPDATES NOT ALLOWED");
            END;
CREATE INDEX burns_source_idx ON burns (source)
        ;
CREATE INDEX burns_status_idx ON burns (status)
        ;

COMMIT TRANSACTION;
PRAGMA page_size=4096;
-- PRAGMA encoding='UTF-8';
-- PRAGMA auto_vacuum=FULL;
-- PRAGMA max_page_count=4294967294;

BEGIN TRANSACTION;

-- Table  cancels
DROP TABLE IF EXISTS cancels;
CREATE TABLE cancels(
                      tx_index INTEGER PRIMARY KEY,
                      tx_hash TEXT UNIQUE,
                      block_index INTEGER,
                      source TEXT,
                      offer_hash TEXT,
                      status TEXT,
                      FOREIGN KEY (tx_index, tx_hash, block_index) REFERENCES transactions(tx_index, tx_hash, block_index));
-- Triggers and indices on  cancels
CREATE TRIGGER block_update_cancels
            BEFORE UPDATE ON cancels BEGIN
                SELECT RAISE(FAIL, "UPDATES NOT ALLOWED");
            END;
CREATE INDEX cancels_block_index_idx ON cancels (block_index)
        ;
CREATE INDEX cancels_source_idx ON cancels (source)
        ;

COMMIT TRANSACTION;
PRAGMA page_size=4096;
-- PRAGMA encoding='UTF-8';
-- PRAGMA auto_vacuum=FULL;
-- PRAGMA max_page_count=4294967294;

BEGIN TRANSACTION;

-- Table  dividends
DROP TABLE IF EXISTS dividends;
CREATE TABLE dividends(
                      tx_index INTEGER PRIMARY KEY,
                      tx_hash TEXT UNIQUE,
                      block_index INTEGER,
                      source TEXT,
                      asset TEXT,
                      dividend_asset TEXT,
                      quantity_per_unit INTEGER,
                      fee_paid INTEGER,
                      status TEXT,
                      FOREIGN KEY (tx_index, tx_hash, block_index) REFERENCES transactions(tx_index, tx_hash, block_index));
INSERT INTO dividends VALUES(10,'54eff2fcb84d71bb09ee9a7f3fe63c9c4b4998ec33a0a33db240fe79efaabb31',310009,'2_mn6q3dS2EnDUx3bmyWc6D4szJNVGtaR7zc_mnfAHmddVibnZNSkh8DvKaQoiEfNsxjXzH_mtQheFaSfWELRB2MyMBaiWjdDm6ux9Ezns_3','BBBB','XCP',600,20000,'valid');
INSERT INTO dividends VALUES(11,'9b76a3b07b5a4380b449362e7840fdeb92d8a608afeb7460fb5bdb6b5c228746',310010,'2_mn6q3dS2EnDUx3bmyWc6D4szJNVGtaR7zc_mnfAHmddVibnZNSkh8DvKaQoiEfNsxjXzH_mtQheFaSfWELRB2MyMBaiWjdDm6ux9Ezns_3','BBBC','XCP',800,20000,'valid');
-- Triggers and indices on  dividends
CREATE TRIGGER block_update_dividends
            BEFORE UPDATE ON dividends BEGIN
                SELECT RAISE(FAIL, "UPDATES NOT ALLOWED");
            END;
CREATE INDEX dividends_asset_idx ON dividends (asset)
        ;
CREATE INDEX dividends_block_index_idx ON dividends (block_index)
        ;
CREATE INDEX dividends_source_idx ON dividends (source)
        ;

COMMIT TRANSACTION;
PRAGMA page_size=4096;
-- PRAGMA encoding='UTF-8';
-- PRAGMA auto_vacuum=FULL;
-- PRAGMA max_page_count=4294967294;

BEGIN TRANSACTION;

-- Table  issuances
DROP TABLE IF EXISTS issuances;
CREATE TABLE issuances(
            tx_index INTEGER,
            tx_hash TEXT,
            msg_index INTEGER DEFAULT 0,
            block_index INTEGER,
            asset TEXT,
            quantity INTEGER,
            divisible BOOL,
            source TEXT,
            issuer TEXT,
            transfer BOOL,
            callable BOOL,
            call_date INTEGER,
            call_price REAL,
            description TEXT,
            fee_paid INTEGER,
            locked BOOL DEFAULT FALSE,
            status TEXT,
            asset_longname TEXT,
            reset BOOL DEFAULT FALSE,
            description_locked BOOL,
            fair_minting BOOL DEFAULT FALSE,
            asset_events TEXT,
            PRIMARY KEY (tx_index, msg_index),
            UNIQUE (tx_hash, msg_index)
        );
INSERT INTO issuances VALUES(6,'4aeabf4947b1a05c48f11c509e8bf3ebb17ddeda735d4d4ccebd62123b99bba0',0,310005,'BBBB',1000000000,1,'2_mn6q3dS2EnDUx3bmyWc6D4szJNVGtaR7zc_mnfAHmddVibnZNSkh8DvKaQoiEfNsxjXzH_mtQheFaSfWELRB2MyMBaiWjdDm6ux9Ezns_3','2_mn6q3dS2EnDUx3bmyWc6D4szJNVGtaR7zc_mnfAHmddVibnZNSkh8DvKaQoiEfNsxjXzH_mtQheFaSfWELRB2MyMBaiWjdDm6ux9Ezns_3',0,0,0,0.0,'',50000000,0,'valid',NULL,0,0,0,'creation');
INSERT INTO issuances VALUES(7,'3a4efc68aba319c23932f90d0375dbde6ec933dfba933a8d8e5bd3f03b1d4242',0,310006,'BBBC',100000,0,'2_mn6q3dS2EnDUx3bmyWc6D4szJNVGtaR7zc_mnfAHmddVibnZNSkh8DvKaQoiEfNsxjXzH_mtQheFaSfWELRB2MyMBaiWjdDm6ux9Ezns_3','2_mn6q3dS2EnDUx3bmyWc6D4szJNVGtaR7zc_mnfAHmddVibnZNSkh8DvKaQoiEfNsxjXzH_mtQheFaSfWELRB2MyMBaiWjdDm6ux9Ezns_3',0,0,0,0.0,'foobar',50000000,0,'valid',NULL,0,0,0,'creation');
-- Triggers and indices on  issuances
CREATE TRIGGER block_update_issuances
            BEFORE UPDATE ON issuances BEGIN
                SELECT RAISE(FAIL, "UPDATES NOT ALLOWED");
            END;
CREATE INDEX issuances_asset_longname_idx ON issuances (asset_longname)
        ;
CREATE INDEX issuances_block_index_idx ON issuances (block_index)
        ;
CREATE INDEX issuances_issuer_idx ON issuances (issuer)
        ;
CREATE INDEX issuances_source_idx ON issuances (source)
        ;
CREATE INDEX issuances_status_asset_longname_tx_index_idx ON issuances (status, asset_longname, tx_index DESC)
        ;
CREATE INDEX issuances_status_asset_tx_index_idx ON issuances (status, asset, tx_index DESC)
        ;

COMMIT TRANSACTION;
PRAGMA page_size=4096;
-- PRAGMA encoding='UTF-8';
-- PRAGMA auto_vacuum=FULL;
-- PRAGMA max_page_count=4294967294;

BEGIN TRANSACTION;

-- Table  sends
DROP TABLE IF EXISTS sends;
CREATE TABLE "sends"(
                              tx_index INTEGER,
                              tx_hash TEXT,
                              block_index INTEGER,
                              source TEXT,
                              destination TEXT,
                              asset TEXT,
                              quantity INTEGER,
                              status TEXT,
                              msg_index INTEGER DEFAULT 0, memo BLOB, fee_paid INTEGER DEFAULT 0, send_type TEXT, source_address TEXT, destination_address TEXT,
                              PRIMARY KEY (tx_index, msg_index),
                              FOREIGN KEY (tx_index, tx_hash, block_index) REFERENCES transactions(tx_index, tx_hash, block_index),
                              UNIQUE (tx_hash, msg_index) ON CONFLICT FAIL);
INSERT INTO sends VALUES(2,'52daf14bcfd09f08129844836d5c01fec90a8359bb3e5fb794788df3a2a5e909',310001,'2_mn6q3dS2EnDUx3bmyWc6D4szJNVGtaR7zc_mnfAHmddVibnZNSkh8DvKaQoiEfNsxjXzH_mtQheFaSfWELRB2MyMBaiWjdDm6ux9Ezns_3','2_mn6q3dS2EnDUx3bmyWc6D4szJNVGtaR7zc_mnfAHmddVibnZNSkh8DvKaQoiEfNsxjXzH_mqPCfvqTfYctXMUfmniXeG2nyaN8w6tPmj_3','XCP',50000000,'valid',0,NULL,0,'send',NULL,NULL);
INSERT INTO sends VALUES(8,'c0ceba5f693d59aebc3b02e2c4d976f4f173ae8b32babb0d82f461bd01dfce68',310007,'2_mn6q3dS2EnDUx3bmyWc6D4szJNVGtaR7zc_mnfAHmddVibnZNSkh8DvKaQoiEfNsxjXzH_mtQheFaSfWELRB2MyMBaiWjdDm6ux9Ezns_3','2_mn6q3dS2EnDUx3bmyWc6D4szJNVGtaR7zc_mnfAHmddVibnZNSkh8DvKaQoiEfNsxjXzH_mqPCfvqTfYctXMUfmniXeG2nyaN8w6tPmj_3','BBBB',4000000,'valid',0,NULL,0,'send',NULL,NULL);
INSERT INTO sends VALUES(9,'b07d03f91d24509439aa649aa41f74ad7cd0aee11b35c649165d75bc0ea65404',310008,'2_mn6q3dS2EnDUx3bmyWc6D4szJNVGtaR7zc_mnfAHmddVibnZNSkh8DvKaQoiEfNsxjXzH_mtQheFaSfWELRB2MyMBaiWjdDm6ux9Ezns_3','2_mn6q3dS2EnDUx3bmyWc6D4szJNVGtaR7zc_mnfAHmddVibnZNSkh8DvKaQoiEfNsxjXzH_mqPCfvqTfYctXMUfmniXeG2nyaN8w6tPmj_3','BBBC',526,'valid',0,NULL,0,'send',NULL,NULL);
INSERT INTO sends VALUES(24,'c9c6b6ac73943d82145147a69956e48c2c5d8489dfbf0b1fea01e0c3c72ab6e1',310023,'2_mn6q3dS2EnDUx3bmyWc6D4szJNVGtaR7zc_mnfAHmddVibnZNSkh8DvKaQoiEfNsxjXzH_mtQheFaSfWELRB2MyMBaiWjdDm6ux9Ezns_3','2_mn6q3dS2EnDUx3bmyWc6D4szJNVGtaR7zc_mnfAHmddVibnZNSkh8DvKaQoiEfNsxjXzH_mqPCfvqTfYctXMUfmniXeG2nyaN8w6tPmj_3','BBBC',10000,'valid',0,NULL,0,'send',NULL,NULL);
-- Triggers and indices on  sends
CREATE TRIGGER block_update_sends
            BEFORE UPDATE ON sends BEGIN
                SELECT RAISE(FAIL, "UPDATES NOT ALLOWED");
            END;
CREATE INDEX sends_asset_send_type_idx ON sends (asset, send_type)
        ;
CREATE INDEX sends_block_index_send_type_idx ON sends (block_index, send_type)
        ;
CREATE INDEX sends_destination_idx ON sends (destination)
        ;
CREATE INDEX sends_memo_idx ON sends (memo)
        ;
CREATE INDEX sends_send_type_idx ON sends (send_type)
        ;
CREATE INDEX sends_source_idx ON sends (source)
        ;
CREATE INDEX sends_status_idx ON sends (status)
        ;

COMMIT TRANSACTION;
PRAGMA page_size=4096;
-- PRAGMA encoding='UTF-8';
-- PRAGMA auto_vacuum=FULL;
-- PRAGMA max_page_count=4294967294;

BEGIN TRANSACTION;

-- Table  rps_match_expirations
DROP TABLE IF EXISTS rps_match_expirations;
CREATE TABLE rps_match_expirations(
                                            rps_match_id TEXT PRIMARY KEY,
                                            tx0_address TEXT,
                                            tx1_address TEXT,
                                            block_index INTEGER,
                                            FOREIGN KEY (block_index) REFERENCES blocks(block_index));
-- Triggers and indices on  rps_match_expirations
CREATE TRIGGER block_update_rps_match_expirations
            BEFORE UPDATE ON rps_match_expirations BEGIN
                SELECT RAISE(FAIL, "UPDATES NOT ALLOWED");
            END;
CREATE INDEX rps_match_expirations_block_index_idx ON rps_match_expirations (block_index)
        ;
CREATE INDEX rps_match_expirations_tx0_address_idx ON rps_match_expirations (tx0_address)
        ;
CREATE INDEX rps_match_expirations_tx1_address_idx ON rps_match_expirations (tx1_address)
        ;

COMMIT TRANSACTION;
PRAGMA page_size=4096;
-- PRAGMA encoding='UTF-8';
-- PRAGMA auto_vacuum=FULL;
-- PRAGMA max_page_count=4294967294;

BEGIN TRANSACTION;

-- Table  rps_expirations
DROP TABLE IF EXISTS rps_expirations;
CREATE TABLE rps_expirations(
                                    rps_index INTEGER PRIMARY KEY,
                                    rps_hash TEXT UNIQUE,
                                    source TEXT,
                                    block_index INTEGER,
                                    FOREIGN KEY (block_index) REFERENCES blocks(block_index));
-- Triggers and indices on  rps_expirations
CREATE TRIGGER block_update_rps_expirations
            BEFORE UPDATE ON rps_expirations BEGIN
                SELECT RAISE(FAIL, "UPDATES NOT ALLOWED");
            END;
CREATE INDEX rps_expirations_block_index_idx ON rps_expirations (block_index)
        ;
CREATE INDEX rps_expirations_source_idx ON rps_expirations (source)
        ;

COMMIT TRANSACTION;
PRAGMA page_size=4096;
-- PRAGMA encoding='UTF-8';
-- PRAGMA auto_vacuum=FULL;
-- PRAGMA max_page_count=4294967294;

BEGIN TRANSACTION;

-- Table  rpsresolves
DROP TABLE IF EXISTS rpsresolves;
CREATE TABLE rpsresolves(
                      tx_index INTEGER PRIMARY KEY,
                      tx_hash TEXT UNIQUE,
                      block_index INTEGER,
                      source TEXT,
                      move INTEGER,
                      random TEXT,
                      rps_match_id TEXT,
                      status TEXT,
                      FOREIGN KEY (tx_index, tx_hash, block_index) REFERENCES transactions(tx_index, tx_hash, block_index));
-- Triggers and indices on  rpsresolves
CREATE TRIGGER block_update_rpsresolves
            BEFORE UPDATE ON rpsresolves BEGIN
                SELECT RAISE(FAIL, "UPDATES NOT ALLOWED");
            END;
CREATE INDEX rpsresolves_block_index_idx ON rpsresolves (block_index)
        ;
CREATE INDEX rpsresolves_rps_match_id_idx ON rpsresolves (rps_match_id)
        ;
CREATE INDEX rpsresolves_source_idx ON rpsresolves (source)
        ;

COMMIT TRANSACTION;
PRAGMA page_size=4096;
-- PRAGMA encoding='UTF-8';
-- PRAGMA auto_vacuum=FULL;
-- PRAGMA max_page_count=4294967294;

BEGIN TRANSACTION;

-- Table  rps_matches
DROP TABLE IF EXISTS rps_matches;
CREATE TABLE rps_matches(
                                id TEXT,
                                tx0_index INTEGER,
                                tx0_hash TEXT,
                                tx0_address TEXT,
                                tx1_index INTEGER,
                                tx1_hash TEXT,
                                tx1_address TEXT,
                                tx0_move_random_hash TEXT,
                                tx1_move_random_hash TEXT,
                                wager INTEGER,
                                possible_moves INTEGER,
                                tx0_block_index INTEGER,
                                tx1_block_index INTEGER,
                                block_index INTEGER,
                                tx0_expiration INTEGER,
                                tx1_expiration INTEGER,
                                match_expire_index INTEGER,
                                status TEXT);
-- Triggers and indices on  rps_matches
CREATE TRIGGER block_update_rps_matches
            BEFORE UPDATE ON rps_matches BEGIN
                SELECT RAISE(FAIL, "UPDATES NOT ALLOWED");
            END;
CREATE INDEX rps_matches_id_idx ON rps_matches (id)
        ;
CREATE INDEX rps_matches_match_expire_index_idx ON rps_matches (match_expire_index)
        ;
CREATE INDEX rps_matches_status_idx ON rps_matches (status)
        ;
CREATE INDEX rps_matches_tx0_address_idx ON rps_matches (tx0_address)
        ;
CREATE INDEX rps_matches_tx1_address_idx ON rps_matches (tx1_address)
        ;

COMMIT TRANSACTION;
PRAGMA page_size=4096;
-- PRAGMA encoding='UTF-8';
-- PRAGMA auto_vacuum=FULL;
-- PRAGMA max_page_count=4294967294;

BEGIN TRANSACTION;

-- Table  rps
DROP TABLE IF EXISTS rps;
CREATE TABLE rps(
                        tx_index INTEGER,
                        tx_hash TEXT,
                        block_index INTEGER,
                        source TEXT,
                        possible_moves INTEGER,
                        wager INTEGER,
                        move_random_hash TEXT,
                        expiration INTEGER,
                        expire_index INTEGER,
                        status TEXT);
-- Triggers and indices on  rps
CREATE TRIGGER block_update_rps
            BEFORE UPDATE ON rps BEGIN
                SELECT RAISE(FAIL, "UPDATES NOT ALLOWED");
            END;
CREATE INDEX rps_expire_index_idx ON rps (expire_index)
        ;
CREATE INDEX rps_source_idx ON rps (source)
        ;
CREATE INDEX rps_status_idx ON rps (status)
        ;
CREATE INDEX rps_tx_hash_idx ON rps (tx_hash)
        ;
CREATE INDEX rps_tx_index_tx_hash_idx ON rps (tx_index, tx_hash)
        ;
CREATE INDEX rps_wager_possible_moves_idx ON rps (wager, possible_moves)
        ;

COMMIT TRANSACTION;
PRAGMA page_size=4096;
-- PRAGMA encoding='UTF-8';
-- PRAGMA auto_vacuum=FULL;
-- PRAGMA max_page_count=4294967294;

BEGIN TRANSACTION;

-- Table  destructions
DROP TABLE IF EXISTS destructions;
CREATE TABLE destructions(
            tx_index INTEGER,
            tx_hash TEXT,
            block_index INTEGER,
            source TEXT,
            asset INTEGER,
            quantity INTEGER,
            tag TEXT,
            status TEXT
        );
-- Triggers and indices on  destructions
CREATE TRIGGER block_update_destructions
            BEFORE UPDATE ON destructions BEGIN
                SELECT RAISE(FAIL, "UPDATES NOT ALLOWED");
            END;
CREATE INDEX destructions_source_idx ON destructions (source)
        ;
CREATE INDEX destructions_status_idx ON destructions (status)
        ;

COMMIT TRANSACTION;
PRAGMA page_size=4096;
-- PRAGMA encoding='UTF-8';
-- PRAGMA auto_vacuum=FULL;
-- PRAGMA max_page_count=4294967294;

BEGIN TRANSACTION;

-- Table  assets
DROP TABLE IF EXISTS assets;
CREATE TABLE assets(
                      asset_id TEXT UNIQUE,
                      asset_name TEXT UNIQUE,
                      block_index INTEGER,
                      asset_longname TEXT);
INSERT INTO assets VALUES('0','BTC',NULL,NULL);
INSERT INTO assets VALUES('1','XCP',NULL,NULL);
INSERT INTO assets VALUES('18279','BBBB',310005,NULL);
INSERT INTO assets VALUES('18280','BBBC',310006,NULL);
-- Triggers and indices on  assets
CREATE INDEX assets_asset_id_idx ON assets (asset_id)
        ;
CREATE UNIQUE INDEX assets_asset_longname_idx ON assets (asset_longname)
        ;
CREATE INDEX assets_asset_name_idx ON assets (asset_name)
        ;
CREATE TRIGGER block_update_assets
            BEFORE UPDATE ON assets BEGIN
                SELECT RAISE(FAIL, "UPDATES NOT ALLOWED");
            END;

COMMIT TRANSACTION;
PRAGMA page_size=4096;
-- PRAGMA encoding='UTF-8';
-- PRAGMA auto_vacuum=FULL;
-- PRAGMA max_page_count=4294967294;

BEGIN TRANSACTION;

-- Table  addresses
DROP TABLE IF EXISTS addresses;
CREATE TABLE addresses(
            address TEXT,
            options INTEGER,
            block_index INTEGER
        );
-- Triggers and indices on  addresses
CREATE INDEX addresses_address_idx ON addresses (address)
        ;
CREATE TRIGGER block_update_addresses
            BEFORE UPDATE ON addresses BEGIN
                SELECT RAISE(FAIL, "UPDATES NOT ALLOWED");
            END;

COMMIT TRANSACTION;
PRAGMA page_size=4096;
-- PRAGMA encoding='UTF-8';
-- PRAGMA auto_vacuum=FULL;
-- PRAGMA max_page_count=4294967294;

BEGIN TRANSACTION;

-- Table  sweeps
DROP TABLE IF EXISTS sweeps;
CREATE TABLE sweeps(
                      tx_index INTEGER PRIMARY KEY,
                      tx_hash TEXT UNIQUE,
                      block_index INTEGER,
                      source TEXT,
                      destination TEXT,
                      flags INTEGER,
                      status TEXT,
                      memo BLOB,
                      fee_paid INTEGER,
                      FOREIGN KEY (tx_index, tx_hash, block_index) REFERENCES transactions(tx_index, tx_hash, block_index));
-- Triggers and indices on  sweeps
CREATE TRIGGER block_update_sweeps
            BEFORE UPDATE ON sweeps BEGIN
                SELECT RAISE(FAIL, "UPDATES NOT ALLOWED");
            END;
CREATE INDEX sweeps_block_index_idx ON sweeps (block_index)
        ;
CREATE INDEX sweeps_destination_idx ON sweeps (destination)
        ;
CREATE INDEX sweeps_memo_idx ON sweeps (memo)
        ;
CREATE INDEX sweeps_source_idx ON sweeps (source)
        ;

COMMIT TRANSACTION;
PRAGMA page_size=4096;
-- PRAGMA encoding='UTF-8';
-- PRAGMA auto_vacuum=FULL;
-- PRAGMA max_page_count=4294967294;

BEGIN TRANSACTION;

-- Table  dispensers
DROP TABLE IF EXISTS dispensers;
CREATE TABLE dispensers(
                                tx_index INTEGER,
                                tx_hash TEXT,
                                block_index INTEGER,
                                source TEXT,
                                asset TEXT,
                                give_quantity INTEGER,
                                escrow_quantity INTEGER,
                                satoshirate INTEGER,
                                status INTEGER,
                                give_remaining INTEGER,
                                oracle_address TEXT,
                                last_status_tx_hash TEXT,
                                origin TEXT,
                                dispense_count INTEGER DEFAULT 0,
                                last_status_tx_source TEXT,
                                close_block_index INTEGER);
-- Triggers and indices on  dispensers
CREATE TRIGGER block_update_dispensers
            BEFORE UPDATE ON dispensers BEGIN
                SELECT RAISE(FAIL, "UPDATES NOT ALLOWED");
            END;
CREATE INDEX dispensers_asset_idx ON dispensers (asset)
        ;
CREATE INDEX dispensers_block_index_idx ON dispensers (block_index)
        ;
CREATE INDEX dispensers_close_block_index_status_idx ON dispensers (close_block_index, status)
        ;
CREATE INDEX dispensers_give_quantity_idx ON dispensers (give_quantity)
        ;
CREATE INDEX dispensers_give_remaining_idx ON dispensers (give_remaining)
        ;
CREATE INDEX dispensers_last_status_tx_hash_idx ON dispensers (last_status_tx_hash)
        ;
CREATE INDEX dispensers_source_asset_origin_status_idx ON dispensers (source, asset, origin, status)
        ;
CREATE INDEX dispensers_source_origin_idx ON dispensers (source, origin)
        ;
CREATE INDEX dispensers_status_block_index_idx ON dispensers (status, block_index)
        ;
CREATE INDEX dispensers_tx_hash_idx ON dispensers (tx_hash)
        ;
CREATE INDEX dispensers_tx_index_idx ON dispensers (tx_index)
        ;

COMMIT TRANSACTION;
PRAGMA page_size=4096;
-- PRAGMA encoding='UTF-8';
-- PRAGMA auto_vacuum=FULL;
-- PRAGMA max_page_count=4294967294;

BEGIN TRANSACTION;

-- Table  dispenses
DROP TABLE IF EXISTS dispenses;
CREATE TABLE dispenses (
                                tx_index INTEGER,
                                dispense_index INTEGER,
                                tx_hash TEXT,
                                block_index INTEGER,
                                source TEXT,
                                destination TEXT,
                                asset TEXT,
                                dispense_quantity INTEGER,
                                dispenser_tx_hash TEXT,
                                btc_amount INTEGER,
                                PRIMARY KEY (tx_index, dispense_index, source, destination),
                                FOREIGN KEY (tx_index, tx_hash, block_index) REFERENCES transactions(tx_index, tx_hash, block_index));
-- Triggers and indices on  dispenses
CREATE TRIGGER block_update_dispenses
            BEFORE UPDATE ON dispenses BEGIN
                SELECT RAISE(FAIL, "UPDATES NOT ALLOWED");
            END;
CREATE INDEX dispenses_asset_idx ON dispenses (asset)
        ;
CREATE INDEX dispenses_block_index_idx ON dispenses (block_index)
        ;
CREATE INDEX dispenses_destination_idx ON dispenses (destination)
        ;
CREATE INDEX dispenses_dispense_quantity_idx ON dispenses (dispense_quantity)
        ;
CREATE INDEX dispenses_dispenser_tx_hash_idx ON dispenses (dispenser_tx_hash)
        ;
CREATE INDEX dispenses_source_idx ON dispenses (source)
        ;
CREATE INDEX dispenses_tx_hash_idx ON dispenses (tx_hash)
        ;

COMMIT TRANSACTION;
PRAGMA page_size=4096;
-- PRAGMA encoding='UTF-8';
-- PRAGMA auto_vacuum=FULL;
-- PRAGMA max_page_count=4294967294;

BEGIN TRANSACTION;

-- Table  dispenser_refills
DROP TABLE IF EXISTS dispenser_refills;
CREATE TABLE dispenser_refills(
                                        tx_index INTEGER,
                                        tx_hash TEXT,
                                        block_index INTEGER,
                                        source TEXT,
                                        destination TEXT,
                                        asset TEXT,
                                        dispense_quantity INTEGER,
                                        dispenser_tx_hash TEXT,
                                        PRIMARY KEY (tx_index, tx_hash, source, destination),
                                        FOREIGN KEY (tx_index, tx_hash, block_index)
                                            REFERENCES transactions(tx_index, tx_hash, block_index));
-- Triggers and indices on  dispenser_refills
CREATE TRIGGER block_update_dispenser_refills
            BEFORE UPDATE ON dispenser_refills BEGIN
                SELECT RAISE(FAIL, "UPDATES NOT ALLOWED");
            END;
CREATE INDEX dispenser_refills_block_index_idx ON dispenser_refills (block_index)
        ;
CREATE INDEX dispenser_refills_tx_hash_idx ON dispenser_refills (tx_hash)
        ;

COMMIT TRANSACTION;
PRAGMA page_size=4096;
-- PRAGMA encoding='UTF-8';
-- PRAGMA auto_vacuum=FULL;
-- PRAGMA max_page_count=4294967294;

BEGIN TRANSACTION;

-- Table  fairminters
DROP TABLE IF EXISTS fairminters;
CREATE TABLE fairminters (
            tx_hash TEXT,
            tx_index INTEGER,
            block_index INTEGER,
            source TEXT,
            asset TEXT,
            asset_parent TEXT,
            asset_longname TEXT,
            description TEXT,
            price INTEGER,
            quantity_by_price INTEGER,
            hard_cap INTEGER,
            burn_payment BOOL,
            max_mint_per_tx INTEGER,
            premint_quantity INTEGER,
            start_block INTEGER,
            end_block INTEGER,
            minted_asset_commission_int INTEGER,
            soft_cap INTEGER,
            soft_cap_deadline_block INTEGER,
            lock_description BOOL,
            lock_quantity BOOL,
            divisible BOOL,
            pre_minted BOOL DEFAULT 0,
            status TEXT
        );
-- Triggers and indices on  fairminters
CREATE TRIGGER block_update_fairminters
            BEFORE UPDATE ON fairminters BEGIN
                SELECT RAISE(FAIL, "UPDATES NOT ALLOWED");
            END;
CREATE INDEX fairminters_asset_idx ON fairminters (asset)
        ;
CREATE INDEX fairminters_asset_longname_idx ON fairminters (asset_longname)
        ;
CREATE INDEX fairminters_asset_parent_idx ON fairminters (asset_parent)
        ;
CREATE INDEX fairminters_block_index_idx ON fairminters (block_index)
        ;
CREATE INDEX fairminters_source_idx ON fairminters (source)
        ;
CREATE INDEX fairminters_status_idx ON fairminters (status)
        ;
CREATE INDEX fairminters_tx_hash_idx ON fairminters (tx_hash)
        ;

COMMIT TRANSACTION;
PRAGMA page_size=4096;
-- PRAGMA encoding='UTF-8';
-- PRAGMA auto_vacuum=FULL;
-- PRAGMA max_page_count=4294967294;

BEGIN TRANSACTION;

-- Table  fairmints
DROP TABLE IF EXISTS fairmints;
CREATE TABLE fairmints (
            tx_hash TEXT PRIMARY KEY,
            tx_index INTEGER,
            block_index INTEGER,
            source TEXT,
            fairminter_tx_hash TEXT,
            asset TEXT,
            earn_quantity INTEGER,
            paid_quantity INTEGER,
            commission INTEGER,
            status TEXT
        );
-- Triggers and indices on  fairmints
CREATE TRIGGER block_update_fairmints
            BEFORE UPDATE ON fairmints BEGIN
                SELECT RAISE(FAIL, "UPDATES NOT ALLOWED");
            END;
CREATE INDEX fairmints_asset_idx ON fairmints (asset)
        ;
CREATE INDEX fairmints_block_index_idx ON fairmints (block_index)
        ;
CREATE INDEX fairmints_fairminter_tx_hash_idx ON fairmints (fairminter_tx_hash)
        ;
CREATE INDEX fairmints_source_idx ON fairmints (source)
        ;
CREATE INDEX fairmints_status_idx ON fairmints (status)
        ;
CREATE INDEX fairmints_tx_hash_idx ON fairmints (tx_hash)
        ;

COMMIT TRANSACTION;
PRAGMA page_size=4096;
-- PRAGMA encoding='UTF-8';
-- PRAGMA auto_vacuum=FULL;
-- PRAGMA max_page_count=4294967294;

BEGIN TRANSACTION;

-- Table  transaction_count
DROP TABLE IF EXISTS transaction_count;
CREATE TABLE transaction_count(
            block_index INTEGER,
            transaction_id INTEGER,
            count INTEGER);
-- Triggers and indices on  transaction_count
CREATE TRIGGER block_update_transaction_count
            BEFORE UPDATE ON transaction_count BEGIN
                SELECT RAISE(FAIL, "UPDATES NOT ALLOWED");
            END;
CREATE INDEX transaction_count_block_index_transaction_id_idx ON transaction_count (block_index, transaction_id)
        ;

COMMIT TRANSACTION;
