PRAGMA page_size=4096;
-- PRAGMA encoding='UTF-8';
-- PRAGMA auto_vacuum=FULL;
-- PRAGMA max_page_count=4294967294;

BEGIN TRANSACTION;

-- Table  blocks
DROP TABLE IF EXISTS blocks;
CREATE TABLE blocks(
                      block_index INTEGER UNIQUE,
                      block_hash TEXT UNIQUE,
                      block_time INTEGER,
                      ledger_hash TEXT,
                      txlist_hash TEXT,
                      messages_hash TEXT,
                      previous_block_hash TEXT UNIQUE,
                      difficulty INTEGER,
                      transaction_count INTEGER,
                      PRIMARY KEY (block_index, block_hash));
INSERT INTO blocks VALUES(309999,'8b3bef249cb3b0fa23a4936c1249b6bd41daeadc848c8d2e409ea1cbc10adfe7',309999000,'63f0fef31d02da85fa779e9a0e1b585b1a6a4e59e14564249e288e074e91c223','63f0fef31d02da85fa779e9a0e1b585b1a6a4e59e14564249e288e074e91c223','63f0fef31d02da85fa779e9a0e1b585b1a6a4e59e14564249e288e074e91c223',NULL,NULL,0);
INSERT INTO blocks VALUES(310000,'505d8d82c4ced7daddef7ed0b05ba12ecc664176887b938ef56c6af276f3b30c',310000000,'09fa44ed277cd9e448baf3d4a2accc520d57c77fed0d97379ba9bb804e3dda71','bbc713abe81adc339457c88ed204fc893ffb52f5076284de70dec69507706ece','7aedbc5676044fdd4235ef36fa2045284de52d0beba42f38e5caeea0010123a0',NULL,NULL,1);
INSERT INTO blocks VALUES(310001,'3c9f6a9c6cac46a9273bd3db39ad775acd5bc546378ec2fb0587e06e112cc78e',310001000,'b2237a0b0b29b2198355f47d38cb995e013c0e074c29dcbf1b99ed4c0f459c8d','0ab01f96307339952b7e09196b7c5da0d4695d48fdff6b900b90b31c611ad405','62ddfed0149491c52d31ac58221d45e71140cde6cf8a31fed2f1846a2348037c',NULL,NULL,1);
INSERT INTO blocks VALUES(310002,'fbb60f1144e1f7d4dc036a4a158a10ea6dea2ba6283a723342a49b8eb5cc9964',310002000,'a3c393a285361d2981551f0a903d45847e7a0142779692d384bc77bac420db18','92c6610e1a417fbaea4f133225748c828cfc55a0975de4af4f98137fbcbd3d85','3eae85b57fa9557c53db87ae0cff71f5fe6c2bfad0a3bc5aa789f81a9274f0c9',NULL,NULL,1);
INSERT INTO blocks VALUES(310003,'d50825dcb32bcf6f69994d616eba18de7718d3d859497e80751b2cb67e333e8a',310003000,'f96ba90a471ab5524a574cc4ff72a228a8dc7019824482a664569dcb41c126c7','bd2f6bfd656f12b710cf17463c03c03a9c1f7b5b8934f6a91c0144c3a3db4dd5','d74c3262ce8d2848df7de17b0afeb6b6c51d9f4d9e67cabcfd4be43eecdb4407',NULL,NULL,1);
INSERT INTO blocks VALUES(310004,'60cdc0ac0e3121ceaa2c3885f21f5789f49992ffef6e6ff99f7da80e36744615',310004000,'943a23e317f71981b24d636cae98f495b2bb00c949b1603a778eb7500894c844','faf1fdb11ba7bb43b78b737a37459a2c8face377296607690c92d09e09bd07f6','dce79e6359814515782c40df2d4a5b0866098f6651a5e98edaf6c51df562bf40',NULL,NULL,1);
INSERT INTO blocks VALUES(310005,'8005c2926b7ecc50376642bc661a49108b6dc62636463a5c492b123e2184cd9a',310005000,'0c5f3dd2d439a571eec03583442fb051bedf5bc0b0ede92012922b27847af2a1','fba638510ae02699f6b6ee9ce67183df489006067a93929f634499ce5e6d38c9','9d0b191b03ac6c6a34166eafb5e54538573237fcb696d167374b7d0e44e79443',NULL,NULL,1);
INSERT INTO blocks VALUES(310006,'bdad69d1669eace68b9f246de113161099d4f83322e2acf402c42defef3af2bb',310006000,'377fe894d79d60b011958ed747908b6009c5e0261fa177caefc664cb8db4c74b','cbca9349e2f539e5cc48123045a4d46379a5d54432459929363598b6ca0040db','226540f4590091d0b7ca6323ea3981521965497276eb425ecd1466a9056b44d2',NULL,NULL,1);
INSERT INTO blocks VALUES(310007,'10a642b96d60091d08234d17dfdecf3025eca41e4fc8e3bbe71a91c5a457cb4b',310007000,'4be55eb54e78e829306dfa31248b3073d311f49da420d9844f9aedabfbd296e3','73612cf82767f64138c5b387c3d77d784eaef9db204b20d99addbac5cac0d0a7','17ce408c5c433a1125c9ce7ab8bac14e1f2c6464fa32bdf2cd1dae23cda2ed4b',NULL,NULL,1);
INSERT INTO blocks VALUES(310008,'47d0e3acbdc6916aeae95e987f9cfa16209b3df1e67bb38143b3422b32322c33',310008000,'1248da848479b90f9dada38eaa02b9fe1226859e6ed1e3c4a121172786178dea','d3b6d3b580d483c68a5c291f3a2fd16bd3756029d57bd7d4268ceb2f88b9eee2','6dc55c79db4c86edd16dc1a16168ae8cd1230164dc19470b4b27113646060d3c',NULL,NULL,1);
INSERT INTO blocks VALUES(310009,'4d474992b141620bf3753863db7ee5e8af26cadfbba27725911f44fa657bc1c0',310009000,'1e1b07f218127eccdfab98a4bc127ce185cda15314e72328dfe10eb8f2f18726','dd18d5523b9fbd8100aada4078316c8bb284978a2fa6c5bb43e35381ab519fe6','9edd0b56968be0c7cb4d7a0a52b1dab2aa084fa0a2ee19877449b386ff1aa3d4',NULL,NULL,1);
INSERT INTO blocks VALUES(310010,'a58162dff81a32e6a29b075be759dbb9fa9b8b65303e69c78fb4d7b0acc37042',310010000,'03be7c3d8dc521277625164e3e828be106672cba205129c014ce7771a3b8730f','7c9ddb5efa0a37828d7efd69dbd02fe91abec9029ea22529e71bb013c0886e06','ae0e6efd0098eef22500bbd1d70d5c2bcdeef0837354b6e6ef64f6839203067a',NULL,NULL,1);
INSERT INTO blocks VALUES(310011,'8042cc2ef293fd73d050f283fbd075c79dd4c49fdcca054dc0714fc3a50dc1bb',310011000,'db6d49ef7cfb461f9431b2e712f694f0747012ae28f3684e0d41476f77fab667','6e00dc773042e499f518e18d79eb242d47bb4a8c17b1d67e48abdc761e4d47e9','d12c84c9cbe3d402c577ed42dab801ea7bbf15e74028d7e8611f97ed13589096',NULL,NULL,1);
INSERT INTO blocks VALUES(310012,'cdba329019d93a67b31b79d05f76ce1b7791d430ea0d6c1c2168fe78d2f67677',310012000,'ac399d193def488d3457876edef42dd651b30c976025c3d6f810e4d37c88c822','465465e889366bd3e5f4c72feaa6289b72e676f440ab3e1ecd9a2fa553259f3d','e381b0887ac6295cc2d0d287fc7ccbf4820e32e0584a2880fb4103bd21f94bad',NULL,NULL,1);
INSERT INTO blocks VALUES(310013,'0425e5e832e4286757dc0228cd505b8d572081007218abd3a0983a3bcd502a61',310013000,'f6fd6f6280b1c580abe8e31de28bfa0f269d453068946733cad69d29f6874936','90d9286c144099b8458d1fd79744a8265173115f9665732eeb488c9a2e4006bb','f408ca368e3742412b4ae77fbdd019b238fb65d861b822a7b03d359790b90a45',NULL,NULL,1);
INSERT INTO blocks VALUES(310014,'85b28d413ebda2968ed82ae53643677338650151b997ed1e4656158005b9f65f',310014000,'0c52d56c6f7c25da7b757aba30e890e9eff402155b5497a5420e13e69b7cb54b','3cab072cc3d8a5176f7c09a024bea67d20c867e330c2c431a7f5a283e1db832e','3d3d86d5962d87530f0ec2313dcccdfa2d06ee02ef6f167f79fb7499d1ffd90a',NULL,NULL,1);
INSERT INTO blocks VALUES(310015,'4cf77d688f18f0c68c077db882f62e49f31859dfa6144372457cd73b29223922',310015000,'03cd020f708d5f082f5b63e3c1f58e5f25d564a60699ae0f23471115d9e37d5e','1f3b9d10ddeb4852d27207ff4387060fd1e855404f1cb556a1038b9c2261a1dd','e20ad579a3fbef75fc37591bb7a0c428afbf0d8f332bcec10c1be5d6913e5969',NULL,NULL,1);
INSERT INTO blocks VALUES(310016,'99dc7d2627efb4e5e618a53b9898b4ca39c70e98fe9bf39f68a6c980f5b64ef9',310016000,'d95cf7b2af3f578fc64450d484323075e81999a868918d3dbf89160269d68980','a7b63e8727ff0aecbec2c0848fde470354ea0ac27417ac15ab0f1d3b3dc1f0fb','80b34842bbdf74b0c5ddd2831f2904d8a4f90c761c2a3125d8332e119d1b393c',NULL,NULL,1);
INSERT INTO blocks VALUES(310017,'8a4fedfbf734b91a5c5761a7bcb3908ea57169777a7018148c51ff611970e4a3',310017000,'725783dab777f54b11be66fdf47280852fd6b4d8a9b9f2fbba9e92056538ce73','7b3c0262fca8883ba8e2b90f1360d80b0a8871d24714b65abeb40781c14e6caa','ee7a19855304225a349d5844dac29aad94ac946b00f476791744500b378bec7e',NULL,NULL,1);
INSERT INTO blocks VALUES(310018,'35c06f9e3de39e4e56ceb1d1a22008f52361c50dd0d251c0acbe2e3c2dba8ed3',310018000,'05ad248fa836b50ce72a2f61c7465a455cc48ac92f2c0ff9bb9f94e69081d1e7','44bbc646a7123a7b7175d6b5165d4273af41e550560b6e00632ef326d8c7cafb','a15376fa656638c0029a13f57e228a30585356523001d85668cf12d2a18b5471',NULL,NULL,1);
INSERT INTO blocks VALUES(310019,'114affa0c4f34b1ebf8e2778c9477641f60b5b9e8a69052158041d4c41893294',310019000,'0ab8707bce7b77beecc32ad6124482cb561776ed245ce6dce08f5318e2cf396f','f68314bf5db3fb496a7b889b231e65dc0e5d6574e1fe9bcc09ec70f0fc552989','c8bd6672171ee12842489dcbf822c4d66ceb08e212ab4f48b878d9fd2c33ac50',NULL,NULL,1);
INSERT INTO blocks VALUES(310020,'d93c79920e4a42164af74ecb5c6b903ff6055cdc007376c74dfa692c8d85ebc9',310020000,'198edc4bf109549538a2f8f96714536a99a1568fe16fe4254881520474adc68d','4e371c1ddd5155579c972fde30f81aca561b7b1f646a7daa268805fd810976d9','12ed15ada21c58417dc35a6f6f31d1db274b7271f7b88c34db41e2f056588c8b',NULL,NULL,1);
INSERT INTO blocks VALUES(310021,'7c2460bb32c5749c856486393239bf7a0ac789587ac71f32e7237910da8097f2',310021000,'52482033c5c11ad24257707137b090606305497618e29050b2fdd3e13bc822ce','59dc79a2ed5ec521367c672080e8652440ab6aafdf0fc551fc79c360810d9919','69865964d204d41038cd91f6d1b646c64d0e99d7ff753fe20f60cfa9a22363bf',NULL,NULL,1);
INSERT INTO blocks VALUES(310022,'44435f9a99a0aa12a9bfabdc4cb8119f6ea6a6e1350d2d65445fb66a456db5fc',310022000,'85d639cc8147885470da26d3c0470dba0eb8b6870d5941b12bcc4afb8fcd9af1','31b19a8a796978cbbbbf270a231d86455059e4992a665a7f0a749b76f37c38e3','457c1fbcca3538f856580bd243e01e9476e050792738f96c6123a2831f7023f5',NULL,NULL,1);
INSERT INTO blocks VALUES(310023,'d8cf5bec1bbcab8ca4f495352afde3b6572b7e1d61b3976872ebb8e9d30ccb08',310023000,'eb62ce47d68491a84b9a29b92db2742021881f0274072f1bc39dfef08cd7a590','81a0c128e98d37c2dba2a4a9d11e21682ea57adf2ad2f9987d6707822b8dc25c','1388cba73f015f661ec571c951ee596c1bb3c4b03aae9f1a9f0a35c1a31cb22a',NULL,NULL,1);
INSERT INTO blocks VALUES(310024,'b03042b4e18a222b4c8d1e9e1970d93e6e2a2d41686d227ff8ecf0a839223dc5',310024000,'45e73afbc34855b5cbd342a6fb77545e01f3ff4601a04c6dd25dff665aeff484','62353034df70c39cacb345f68e0ec751d3e6f068bb7fb191d4855b8d491b017a','40b2e6f2237ed6a2eac1a71de8a54c7e0c6d96f8b1fb8b639a0d026d7d577c51',NULL,NULL,0);
INSERT INTO blocks VALUES(310025,'a872e560766832cc3b4f7f222228cb6db882ce3c54f6459f62c71d5cd6e90666',310025000,'714702b25559325c7bacffdf28e0af30c47bf48e6b4fda053c21ea31c7604128','c24bec1b6f6bfbb21d1283269ed54067f9f20a1939e51843d477afb58e860281','b5f99bf9fb3bf31091dd9c9b0d4f02917f36e0a427b40edded27c6459d877144',NULL,NULL,0);
INSERT INTO blocks VALUES(310026,'6c96350f6f2f05810f19a689de235eff975338587194a36a70dfd0fcd490941a',310026000,'b305741a1e277ba0ce8436b914784ea0156616ac308282a7f29dbca62a54cc82','c9f22944d7eaaa5b40c523275fa193cf213f9e650022a5b4ac80b130ede4cd62','d7422d1f77f9602731ea851853a35a795d874d878f0011fe240d03ed0b2f92eb',NULL,NULL,0);
INSERT INTO blocks VALUES(310027,'d7acfac66df393c4482a14c189742c0571b89442eb7f817b34415a560445699e',310027000,'1f833f7396917e02b4b65b0a05d19754b6a53b030b659514d0c21cad062d45f9','97cf0187859cf94e464ed9a845475eeb21d5f8fd464a7d3e59d1644056c9406c','29aa53ff9635c60912911beb03ac8a8d63092b661e531be2270c60d453ec0906',NULL,NULL,0);
INSERT INTO blocks VALUES(310028,'02409fcf8fa06dafcb7f11e38593181d9c42cc9d5e2ddc304d098f990bd9530b',310028000,'47b38906beda7ad735a86b9fd63669b0357b7ae0a0c1a54c9827bc8b90185626','2faaf001478f2e3e94f7ac39c92effbfe63319e62ebe6f5da3ad1b72b8a33fef','dfb36f1530465797611e0614c9d5e5d62b818273adbd1eea0a3cfbebcc6893cc',NULL,NULL,0);
INSERT INTO blocks VALUES(310029,'3c739fa8b40c118d5547ea356ee8d10ee2898871907643ec02e5db9d00f03cc6',310029000,'e69f6c9b649ac04920be70f9b076f7909bcebd8312afa715be3d8922794a72e7','91b5ade356e52e96bf80014e57d90b10297ee41f122a206a820c8cc379d25a16','b518d0fa86ff4a9b754211459e9f81bad2a9210185adf58b2ff7055adebd560f',NULL,NULL,0);
INSERT INTO blocks VALUES(310030,'d5071cddedf89765ee0fd58f209c1c7d669ba8ea66200a57587da8b189b9e4f5',310030000,'c51828b04433b000787c92eaa7e5abd5cc0bc31c619cb8479aff675af6e00c55','7e627f5a3e65a35e19cc9c5cc1ca2a1b760c6797e5104d88b3437e8a916294b0','8d7ad346bd88cef365f31657b57dae7cb1d748167d58e5497c5e40739a2b3166',NULL,NULL,0);
INSERT INTO blocks VALUES(310031,'0b02b10f41380fff27c543ea8891ecb845bf7a003ac5c87e15932aff3bfcf689',310031000,'26d91568af76b5ad4b357693ecb0b9341aabbf5de5d5c83f9998dc2f95d76e5e','c39d2bccc6869dfc244581ba9ea40c6688ae690d4a193114a3dce683d0f7ed2b','893d4b3a7d41993f7499f19d252cbb46531d39f233c50938e9d6b7c6b58a39e8',NULL,NULL,0);
INSERT INTO blocks VALUES(310032,'66346be81e6ba04544f2ae643b76c2b7b1383f038fc2636e02e49dc7ec144074',310032000,'21f8da71c386ec1e5e31a35c1190b895f2df52529ea028d5fba25e0d57616952','597fd2b77ac1cc7b33bf7964b066300ad92271c470738021ea8e65bd6de762ac','fee2e73b09af7edb45258f56a2a03a90a7f2f04ddd08a2045f713917262712f2',NULL,NULL,0);
INSERT INTO blocks VALUES(310033,'999c65df9661f73e8c01f1da1afda09ac16788b72834f0ff5ea3d1464afb4707',310033000,'1c844a38fc28e83406c8019615d0c24a1ea84e6ffe4da392d29f353ca676001b','935bbe8bb5b92c48838adf3ab1a4156067f7a0af72d7cfdccf79e279362374e9','ccfe0000b9c8797fd70322215116372ac581157d7145b650809ca82d2788c426',NULL,NULL,0);
INSERT INTO blocks VALUES(310034,'f552edd2e0a648230f3668e72ddf0ddfb1e8ac0f4c190f91b89c1a8c2e357208',310034000,'0533bc0d3bc008b5d65932c569e9f85e3217ea9efbb8937935be93b7a01ec2a8','6b4c530985dd113c88548a6c8a09601605822763431a43ea18e02b189ea19066','46650b295b3b7c2f921c47ada269cf8609f0b68ef1cf8574360068699d9a1d5d',NULL,NULL,0);
INSERT INTO blocks VALUES(310035,'a13cbb016f3044207a46967a4ba1c87dab411f78c55c1179f2336653c2726ae2',310035000,'b5f0b7406fe3b6dbcbb5c3b28fb8fb119e237f07532f500b422058ba898e5b22','bfa442f329224f02bbe373cf9c8b9e1bfbef672c604b1f785026233eb8c32c4a','6c9f81ee67722a69565458502b8913ab3b7b2de19cde1bd2fab3fb3f6915d63e',NULL,NULL,0);
INSERT INTO blocks VALUES(310036,'158648a98f1e1bd1875584ce8449eb15a4e91a99a923bbb24c4210135cef0c76',310036000,'7519ac8cdf4c13b25929d913e3858855aca68bcf3fe6d3636e7371894af27f04','9cb8563575f80ab6510232682d186edf10cfd779c6c1cf4253a0ee83df71919f','d4996d11134218e2cf2d382db97b7585a4de35e0cc26f8759fe5f8be54bfbef7',NULL,NULL,0);
INSERT INTO blocks VALUES(310037,'563acfd6d991ce256d5655de2e9429975c8dceeb221e76d5ec6e9e24a2c27c07',310037000,'f417da67da0c23d4bc44bbb864de5b94057916e28502641ba70764f44165a1fa','c4519ebf935021db64cca01dc946f33c40c7e4d717b7edd820677908757ab37f','733f1771c315b438c8b5674d664dd75deae82c3bb6599f1114850a3641da90b4',NULL,NULL,0);
INSERT INTO blocks VALUES(310038,'b44b4cad12431c32df27940e18d51f63897c7472b70950d18454edfd640490b2',310038000,'098eb6f2b0a1c584d969167f50bb55383ab71593ed1f0ca61d83c4513a209107','b69dff2d418c2d3fa52b052dea86e95086a1d7b072db21bd8960822e9b34a8ad','3abf64aa2c70ecd5afd941f159efb241e020094e70573b37d66d1c94aa81563e',NULL,NULL,0);
INSERT INTO blocks VALUES(310039,'5fa1ae9c5e8a599247458987b006ad3a57f686df1f7cc240bf119e911b56c347',310039000,'a4aa60a1320e47c975628f6650d8fdc44b6a729d26a3178031e32fcb48b59491','a5c65cbaf7f42b8c20e516fcf103e94f998b9d434ccce79523aa62fd5c412fc8','fa0c45a6b78ffdcd9e1cee72335afda0cc5aa6fd60f1e4df901dd44d65055b31',NULL,NULL,0);
INSERT INTO blocks VALUES(310040,'7200ded406675453eadddfbb2d14c2a4526c7dc2b5de14bd48b29243df5e1aa3',310040000,'cc5b2af6948531b635b18a4b6698efa318190762c8e4419aa9ca3634e7ed5d1e','d9f40531f5b7d553db62e3972c23862577f964b8f90c4128ab4a9e84f8d12fb6','41a9536173c03a4448ee834078b4fc0ec6372cfbec428793563d0c188b9b7160',NULL,NULL,0);
INSERT INTO blocks VALUES(310041,'5db592ff9ba5fac1e030cf22d6c13b70d330ba397f415340086ee7357143b359',310041000,'7ad02b4853bde78025942e9f58c212a76c1828337610347e516d4a359af804b5','7d3be6afbbf71964cbca5e08f3c24ab27ffd8c11c44d7a90400884a009c72f61','4c35aafbaf37fda6de66df2af72bc9e818f6b613b5c35522f3ff15b6b824e9cf',NULL,NULL,0);
INSERT INTO blocks VALUES(310042,'826fd4701ef2824e9559b069517cd3cb990aff6a4690830f78fc845ab77fa3e4',310042000,'64a91735950113c13603e49ca549fae9b30092a9fc02d53a32a20eaef64ab6ce','350d211a0406aebed38d55383e5aaa62055334a7a7a77e93e37be287d72604f9','6a49a0cf7b4f803e8dc081172c1d48bf333e28bec58a29d8bbd8ee25432603fb',NULL,NULL,0);
INSERT INTO blocks VALUES(310043,'2254a12ada208f1dd57bc17547ecaf3c44720323c47bc7d4b1262477cb7f3c51',310043000,'68107847c7a9dd19612d8b47c1a39cdc446c752f2c05ea8fcd961a42f835d155','2592f1e4f54085525873675c467e362a0a1876114e628ab9eadf8e59c48b2f5a','ecfbb5f85b1b66ed5498d4e74c8e1d091189039b4ea24cae75fcbed2d43961c3',NULL,NULL,0);
INSERT INTO blocks VALUES(310044,'3346d24118d8af0b3c6bcc42f8b85792e7a2e7036ebf6e4c25f4f6723c78e46b',310044000,'64d4d51adb6994360b3dbf04663c4f067ba223e62912fe1c5a96a190225bb54c','530213751f89f9039692a0e8081d56ee1f20e302148913b97d7083505442db0d','1a9cf9df20395c93df2196ca574809dc99f10f20debea520ada1775c60ee5043',NULL,NULL,0);
INSERT INTO blocks VALUES(310045,'7bba0ab243839e91ad1a45a762bf074011f8a9883074d68203c6d1b46fffde98',310045000,'3ba2d7685f63962f576e9fa94e4d6709ace95249a3064804c3822078c982d11d','253301ac3127630de6d26f1b54047aa6470391ddc34cad244918e62560b11051','ea563564ec7883e4ed482dcfb32310182bbd4e37efcaf5cf9d020e2ad6786fe4',NULL,NULL,0);
INSERT INTO blocks VALUES(310046,'47db6788c38f2d6d712764979e41346b55e78cbb4969e0ef5c4336faf18993a6',310046000,'6502f277568bed2705c5f496e278e5d99310ff6705751a3999cb4b2bc7d725bd','2ef895f906f45bc4f41799afba8190eff1a51c6eeda9b6e03279df834a638ded','431126c1dcf52ca706dead5084f3fe0488e96b4f2cdcef54ffa7be7ecf50582d',NULL,NULL,0);
INSERT INTO blocks VALUES(310047,'a9ccabcc2a098a7d25e4ab8bda7c4e66807eefa42e29890dcd88149a10de7075',310047000,'5dae29289f36e64b87d56f9870af0bd5ad77ca45f1093c1a41140ea397945130','d63238d1eb974f58aa65fbfad8af5de4ef8464976ecf7b633f8c64a87513f40a','a7f3371c57041ea7cf0fac1f4c31df427658e4142fb938ce98591f74d61dde06',NULL,NULL,0);
INSERT INTO blocks VALUES(310048,'610bf3935a85b05a98556c55493c6de45bed4d7b3b6c8553a984718765796309',310048000,'d5dee49d7b78e2ce4dd2a648e345a52bbfa7e0e76de9e970b1dc0b6aea66c130','809cd07a9d4cac935e5be4eae453a5f8acd3fa0fec7fcec2d0c3f2715bde8705','a860e7afc4dd3463060537ea724ebc224792f95a836ff41bb673ebc912b9662b',NULL,NULL,0);
INSERT INTO blocks VALUES(310049,'4ad2761923ad49ad2b283b640f1832522a2a5d6964486b21591b71df6b33be3c',310049000,'2b4c97a93933b8986ebb061d47f2e8bbb1672206058ae3c3ae388bab36b8cbc8','362c473cfb9fac585685904dd71fa2755677c81c0f5295fdfd3e00f16f4f0704','2c98b78b3041be4af019a49e14910d1f48136eff86a328611835b14ccca76c86',NULL,NULL,0);
INSERT INTO blocks VALUES(310050,'8cfeb60a14a4cec6e9be13d699694d49007d82a31065a17890383e262071e348',310050000,'115913763ca7ef5691512a5c6d47cbd49203aee8a3242928f62640912c935872','566da6d26c4de446ea07716db8def841b798043d85ac282bd1702c22f9f141c2','2c42ea360356431d9430f0dc5f80a64e55549de5423dab42cb7897ebda512d3c',NULL,NULL,0);
INSERT INTO blocks VALUES(310051,'b53c90385dd808306601350920c6af4beb717518493fd23b5c730eea078f33e6',310051000,'72f24dc53c759a08aeb447d826bf64aad71ca8f4ab9640e30e440e6bc050a0eb','fcfbfb22282c82217ea4397be4bb58e867381635c5619e9b70627339c1fb90eb','acbd4d36093986f73dd5a6d10501754eb42edecc27657e7e592b0a74e9d50305',NULL,NULL,0);
INSERT INTO blocks VALUES(310052,'0acdacf4e4b6fca756479cb055191b367b1fa433aa558956f5f08fa5b7b394e2',310052000,'07846004f2da033bfd113e13040b0d0d605375370b7437e2ca2ea9467fc80c1a','dc4fac80580c1319b964d333d92639c7c25b6b77ff5dfbc00446b5fddffc26bf','7bbf13519bb89bf0b022ff874040e709b8b9f1671c57f1bec811f7196d620931',NULL,NULL,0);
INSERT INTO blocks VALUES(310053,'68348f01b6dc49b2cb30fe92ac43e527aa90d859093d3bf7cd695c64d2ef744f',310053000,'7bf9a701337c043a7268cecca5ff765c24600a2056137cd03e3ead9d64ef2348','339436b02ffdd1ce220fedfab2ecdd536bb4ec848e5a78a77c21970c8e74194e','760aced262c9243e707fadf6589952c3dd85b6b7f6f0fd373df7be1aeb313570',NULL,NULL,0);
INSERT INTO blocks VALUES(310054,'a8b5f253df293037e49b998675620d5477445c51d5ec66596e023282bb9cd305',310054000,'d544aec17018203fe2f5c9bda52a5da53d41d3364b8026770d1f620aa53e6c36','3bfd7770a2cfdc15e942f7a4aaa259145949d245b3717a1e48f410fcfce760df','41281b0ccd9e376e224bae56cff822ec87da372480b91e6c571fea61543c1186',NULL,NULL,0);
INSERT INTO blocks VALUES(310055,'4b069152e2dc82e96ed8a3c3547c162e8c3aceeb2a4ac07972f8321a535b9356',310055000,'bd3044c66f7e2c24944a9c938b8f162ac8f566a1338444c219396eadf5179d3e','a4ead63bd40b86ae2fdafe553503928fff04722e3548b4e6171657df803d17aa','7ed3d900e3fa88df0edc68b477f651132cc95acc3c75d2e852cdc4f0e9ca1937',NULL,NULL,0);
INSERT INTO blocks VALUES(310056,'7603eaed418971b745256742f9d2ba70b2c2b2f69f61de6cc70e61ce0336f9d3',310056000,'b19346f726636aa9da55af6106a471c596a7f7b93289b70d3d33b45334bca9d3','ea2639c60863e950af5ff3238334831561f1c09657a5460028f9e477aac73b06','839470f92205e8dac197631a769c1ff5d1fd6d9386c67b9d3c1fd2eb312e0e7e',NULL,NULL,0);
INSERT INTO blocks VALUES(310057,'4a5fdc84f2d66ecb6ee3e3646aad20751ce8694e64e348d3c8aab09d33a3e411',310057000,'35c2ad9ccd3bd68cdb0c4d8fd4e30938521b8559c1cec331a29b1802d649947a','27c90ea7e48e15de49d0be8d84c849c535429a60c668d0c3be717e697701ca02','fa9431c5b8645ff40692c6656c734932eedffc49ca2fbbdc5fbbf086a4fedbb8',NULL,NULL,0);
INSERT INTO blocks VALUES(310058,'a6eef3089896f0cae0bfe9423392e45c48f4efe4310b14d8cfbdb1fea613635f',310058000,'e9a705d6661f0345ffe0f45ae26c0d6ba6bd5a125eef2f0e9558d0702ee6d63f','5bc94604b09d51c8d153aacfedd24db57ffcce52518346842ca4c9a457703cb5','cdab1879a3cfe8b51a7b40e8fca1e384ed1d847c6ebe4127d2146ebd06e78358',NULL,NULL,0);
INSERT INTO blocks VALUES(310059,'ab505de874c43f97c90be1c26a769e6c5cb140405c993b4a6cc7afc795f156a9',310059000,'61efe4d33a7f70cae34df86753532aee25fb0b153744acb962142691f6979482','f05a12e9e96b7ca325a18501254315819214a9e63964e214ab0f157a101641bf','cd1042b178ca0ba33a6a6e9b69eb908a371510bae70d29f16a9b85e6be26b1ed',NULL,NULL,0);
INSERT INTO blocks VALUES(310060,'974ad5fbef621e0a38eab811608dc9afaf10c8ecc85fed913075ba1a145e889b',310060000,'59d9785e783c59c12783977087ad439b2dacad9ae1ef2be6384bfc9036da9804','9d53e5923f9e1ef604172a209da0ad1d06e90297a7a37f7ae72ed3c75d49b830','232b09c07f53cb988ed77138a8541ef40876ef62fa03b7cd18f897d90d0c9e72',NULL,NULL,0);
INSERT INTO blocks VALUES(310061,'35d267d21ad386e7b7632292af1c422b0310dde7ca49a82f9577525a29c138cf',310061000,'e257d59ab5dfb01b8396bd12d2fd169f9ac7629365b90bf6e593e627738d3754','7c4bd9b9e7d100533c803257b11d8d2b3be45054766e0a58dd5ecdb2c4a9f26e','94f0d77b42261ec8ddfe3dd62e437486ce3eb1e96c8ce731d9eab2d48feacd36',NULL,NULL,0);
INSERT INTO blocks VALUES(310062,'b31a0054145319ef9de8c1cb19df5bcf4dc8a1ece20053aa494e5d3a00a2852f',310062000,'0dc0317a88a6fc4ac791cd4d45edcf2a142fb83aa2e8a2f299fcac48a2c2e04d','ffbd45a8e993ee3fda6d1bd949a70f74447a78bd3a7b4d5071e3660b3081f108','f93bb2defadd3821e5ceeb7a7d273632075b2de9f1290eeaebb204f3c3a00300',NULL,NULL,0);
INSERT INTO blocks VALUES(310063,'0cbcbcd5b7f2dc288e3a34eab3d4212463a5a56e886804fb4f9f1cf929eadebe',310063000,'892d6a49aebb262f2a626a35c0806c488c836c04d33122c2d65ecd8904fe3d85','0c63f51f584209447ba928a811e99d2a42753ef5aecbde6ea065d786bb53aebd','7ca03b01f71e656af55e3af6e8cb00fca55e39bef33ce94addbf5df5c70c97ae',NULL,NULL,0);
INSERT INTO blocks VALUES(310064,'e2db8065a195e85cde9ddb868a17d39893a60fb2b1255aa5f0c88729de7cbf30',310064000,'e345abbf8dc42737a9f2dd038534409200d63a9ebf5d1cbf3344ea9413c388c0','8f8de4f1e6aed364e265edae83fb7724feb5b89d2b1f7bc052a5fcd02a4bcbd8','21bb381bcf92a3ee3b252418fdab3a71a1fe6c343f22527abdfb48b69b9ddd6a',NULL,NULL,0);
INSERT INTO blocks VALUES(310065,'8a7bc7a77c831ac4fd11b8a9d22d1b6a0661b07cef05c2e600c7fb683b861d2a',310065000,'84ec781d054c0602ed97384cd32cd060b938627ea490a7635fa3ac0babba94cc','b0e1fa484c40e15ae0e2abfa10727ae1ea4c29cb538b0cfb9d87f4a7a61e98bf','5203588435a5ff9b51263103b1cff8ca8de8f91594fe0beb321f0a87966c8642',NULL,NULL,0);
INSERT INTO blocks VALUES(310066,'b6959be51eb084747d301f7ccaf9e75f2292c9404633b1532e3692659939430d',310066000,'3478612a8bb95c2966891fb4d1b35493a1342364a6f08404b83ac9fdda763aa2','9188a7aa026b7a5bfbabdf3aca2a3e9062077ab93b7f4212b39b9bf1f9b0edd8','b1e6fd47ca41e2a376592be6de623241668fc0d553f6de1a4d22c535514aa10c',NULL,NULL,0);
INSERT INTO blocks VALUES(310067,'8b08eae98d7193c9c01863fac6effb9162bda010daeacf9e0347112f233b8577',310067000,'c532c4c5f5e2ae1026ec2582645d9aef06afee46cb9781427a1f40667378ed67','75da8416a84cc8ec4beab30c2c5a7871936a3203b5753a7ef08d116a16591591','7acd6e27c3d61fda2523886efa0311cff5918fee45efef52ab6526187dd07778',NULL,NULL,0);
INSERT INTO blocks VALUES(310068,'9280e7297ef6313341bc81787a36acfc9af58f83a415afff5e3154f126cf52b5',310068000,'5508189396fa6dfe63a7d06fe97a3073e986eb305bcb49430157f99e3848cd69','4aed980de44c04710c722d9bf216497d049e1fa26909ff049d7180e6dba1fabc','db6eb221a6f5087d3ae31377fa1652e24eec5b7dcfab3b80ebedd571b003ed22',NULL,NULL,0);
INSERT INTO blocks VALUES(310069,'486351f0655bf594ffaab1980cff17353b640b63e9c27239109addece189a6f7',310069000,'9b0b5d09dc7aaffaf5a3603fa2b914c54b04755a5ddbf83476320149f802292a','5d34b1cf1c7569bd69b4e207b246b73cb4ad6cc3e4a8fb3301014dcba3a43305','236e1e1e9a7adcdb14f5fc46fb1863e8d2003a6a4a26b73eff119c3ecb2d326b',NULL,NULL,0);
INSERT INTO blocks VALUES(310070,'8739e99f4dee8bebf1332f37f49a125348b40b93b74fe35579dd52bfba4fa7e5',310070000,'2e40d398c2eb131e195a667f1b2b5e8de29e80423a2d0dd3935fad6dd7cc919c','bbe1a8bc6ff0b52e572cbceec30165b16b741b6981ab52c189daa45263925551','98348b0788be77d011b80abec672f5dd8638610f24830ce227cd734fbd6c5c82',NULL,NULL,0);
INSERT INTO blocks VALUES(310071,'7a099aa1bba0ead577f1e44f35263a1f115ed6a868c98d4dd71609072ae7f80b',310071000,'763d3d949dc16a797f5b8a2f5a27fd34b4636fa3dbf33eabed5db048e1a848b4','10c1f6e750953577e8f55c0fbe230520729f8606da4745cfc5192ec825af2627','536aa2e43b027fca61e501c7d304a994ea39dfbdb45690e0cfd795ac50deac0a',NULL,NULL,0);
INSERT INTO blocks VALUES(310072,'7b17ecedc07552551b8129e068ae67cb176ca766ea3f6df74b597a94e3a7fc8a',310072000,'d9b9d6a52f757604a5652aac64c343a47a928160790963521ce33d125486cb0b','11ef2cf80488e2f1c75498156fa895b245b9aca1648fba55d84b700b2db53c58','b498fb081ec662f23c251bb88faa9e4a29b9b138b681ee540dcf8344ad0df38d',NULL,NULL,0);
INSERT INTO blocks VALUES(310073,'ee0fe3cc9b3a48a2746b6090b63b442b97ea6055d48edcf4b2288396764c6943',310073000,'9c1a650b6029cc982e9e617b619da6d88878453ccea68ff82047581d5cc74e9c','b3da902d57518c368ee8c61909eb2b99d8b4dc0090a1e25c868da18abce0a40c','357ff070e4442be8bff550a351d00376d1cf56979e1ee3c84defa02975cffb06',NULL,NULL,0);
INSERT INTO blocks VALUES(310074,'ceab38dfde01f711a187601731ad575d67cfe0b7dbc61dcd4f15baaef72089fb',310074000,'32d648a0d0b99f6826376e8badb278c06f95a0ab781cd873e2f7f55219953b01','271b3f5fff9f7ed7655f797387c4f16e07aaa533b565ad23c49c28ef5a9a4cd8','559569728a6f45819c99063447d296f819bd253ec66c1702957f7a7e285f1bdd',NULL,NULL,0);
INSERT INTO blocks VALUES(310075,'ef547198c6e36d829f117cfd7077ccde45158e3c545152225fa24dba7a26847b',310075000,'67cd615e67e397cae8195fc8753403563e9100ecd623b2796a46b137ca553be2','19a5daf91d5a2af3064a63edaa2f289348a28372cf11e940191d6d56d8474061','0025cfd79db3db5382126eb06ff62fa69199ab5a007cfcb6174ab7a5d55ac97c',NULL,NULL,0);
INSERT INTO blocks VALUES(310076,'3b0499c2e8e8f0252c7288d4ecf66efc426ca37aad3524424d14c8bc6f8b0d92',310076000,'d636f3831cd35437271557e6299024d70c4be6b9a685a4fed61e7d67e61540dd','a072266341769c1c92608365a9bef89374c1b33ed350b68acf0d5167267d0173','0757d39d1389ee401dcb3bfa6eb56f791123b587f40dd888ea8bbd94a6b495cc',NULL,NULL,0);
INSERT INTO blocks VALUES(310077,'d2adeefa9024ab3ff2822bc36acf19b6c647cea118cf15b86c6bc00c3322e7dd',310077000,'abf96247f6b99a24e518d89162c23cffc821d5cae5703f5b7c7c4587e34cdf98','efa459585d526791e1e50aca02fa614ae5b6353837979fe0f7256f0df165b759','af0d105820bbed2ef9ed36ed9e9786e1ad6db44a7fb16105e1a19964a9435f60',NULL,NULL,0);
INSERT INTO blocks VALUES(310078,'f6c17115ef0efe489c562bcda4615892b4d4b39db0c9791fe193d4922bd82cd6',310078000,'06aeace2e79321c6776dd1098982e71bfc0baadc55470721022db67a03bd4478','a7b04ab6e22f015e2752ada3fd006a7532d5f96c1c123fafbc63b021623c2907','fde2509ff2ce2dc2b435df8cd52623ba6ca0b1683b002c45c43f7561750739dd',NULL,NULL,0);
INSERT INTO blocks VALUES(310079,'f2fbd2074d804e631db44cb0fb2e1db3fdc367e439c21ffc40d73104c4d7069c',310079000,'ba2c7078ee940b14e584459985a5a4785156762135541d40a138c31ff9bfe4fb','c0f97fb5720253ee4c7c253615b347efae2a81b359579cf3f74f3e1c6db38612','042418eda62427ee6dd7002d929336a842211bf6f56363d15bb5b1e09f967865',NULL,NULL,0);
INSERT INTO blocks VALUES(310080,'42943b914d9c367000a78b78a544cc4b84b1df838aadde33fe730964a89a3a6c',310080000,'af327b161ed9fa8022f3efd81b695d25ad9ae8f250a6d08739a40b0883262045','86a647305cbfc7a3b69e51f10267b136e466caad987e4c830a4fdb44e98e055a','1af01352cbb48ad81566106876feef008455832dfd51084ed13ced2849031ac7',NULL,NULL,0);
INSERT INTO blocks VALUES(310081,'6554f9d307976249e7b7e260e08046b3b55d318f8b6af627fed5be3063f123c4',310081000,'2c4d6568a9c77737c5942fab33613a1ef055ce21b9f0a9b4a42fcdf6e9536a59','7af8fd9a52b2561e985edd0edd14c866dd01301976e784881e7647d2027e6ff4','ec1c0fdda79b2947912626d64195dd2cba95cdc29c8828f7832598ff4cc1760e',NULL,NULL,0);
INSERT INTO blocks VALUES(310082,'4f1ef91b1dcd575f8ac2e66a67715500cbca154bd6f3b8148bb7015a6aa6c644',310082000,'0b8dcdff637e5e60ae045d4c7646bd47e6047fc992860c99dd422477b9a90d74','e5b0918839329a49633ba07e59ea2ce4e2d644f59652e8359fee5cc78d8bcc59','75ad8346371539991ee65250d1e1be09dc467a1dc38ea75378b0b3d9e2647da4',NULL,NULL,0);
INSERT INTO blocks VALUES(310083,'9b1f6fd6ff9b0dc4e37603cfb0625f49067c775b99e12492afd85392d3c8d850',310083000,'eec6578a8bc1f5766427f4753ded18cb97c53e710f5fff8918bbdadb59678f64','91b4d09ba0d2d61795d69fe08e99310b53a82b48552eee01b0719b43ba199a0b','a6d7c962e9ce5a94937e289015e14e32500884b2c14bd6377944f96d072f8ae2',NULL,NULL,0);
INSERT INTO blocks VALUES(310084,'1e0972523e80306441b9f4157f171716199f1428db2e818a7f7817ccdc8859e3',310084000,'a2b2ed6a61f1c9a3d322a050178c6be119b89d1a0795fa9c9d7484ad8edfcecd','be50613a2148efc110812becc80bb52c46f86497174c4ab55d57bd12364cdfe4','f51bb91b949bbb586d1241bc3bc77b106a021dcbe2b084121f83e8126848a293',NULL,NULL,0);
INSERT INTO blocks VALUES(310085,'c5b6e9581831e3bc5848cd7630c499bca26d9ece5156d36579bdb72d54817e34',310085000,'02828eaf91883ad16beb5563f9c84cb226269c655a886857b31e5e150a1053ec','293c47876563abdc8c74a25f0b97cd6da557be6f1de81802419d413ac5b6a4c3','a3af85559e276b9020cd842a05d15bdeb102b3ef051ad0e218a6646648ee174f',NULL,NULL,0);
INSERT INTO blocks VALUES(310086,'080c1dc55a4ecf4824cf9840602498cfc35b5f84099f50b71b45cb63834c7a78',310086000,'5427b45ed778796c26d0d2ddf73e975856cc9ae081c36762e78d046f6cfc376c','c0067519aa8484de86a4a8a759aebb22cbdccdc0f23e2b6e5341e5979093a342','b5822bc0897017ab78fb62349b3204e638093bf9a2251bab59712b3bd6539a77',NULL,NULL,0);
INSERT INTO blocks VALUES(310087,'4ec8cb1c38b22904e8087a034a6406b896eff4dd28e7620601c6bddf82e2738c',310087000,'34c2664f81b1bbb53c728636097bc4b7cede67bb318ddcc5e5e6b5735bcc55a7','031a945306fc9cd0a5dbb87fb10dc93c852a0e93412d0a5325175ae9f9a92310','8a4ead328e6ee9ae1697197a8ee85cafba1521f489977eb3bf8d28d27a110064',NULL,NULL,0);
INSERT INTO blocks VALUES(310088,'e945c815c433cbddd0bf8e66c5c23b51072483492acda98f5c2c201020a8c5b3',310088000,'14615dfa6194665d43cf2f495b8f65fb9efa04c2e90885172d229ad4a9dd2358','0ef6bdde17c5012326834598007e4d5fbf96e1a58872ab78fd7bf91ef0c9ce3e','738ec6151a758443dd76b466c47b665bfe0c8526f7f3f25679a54b3f0ba04e0c',NULL,NULL,0);
INSERT INTO blocks VALUES(310089,'0382437f895ef3e7e38bf025fd4f606fd44d4bbd6aea71dbdc4ed11a7cd46f33',310089000,'fc0f077548225d481384a1aba2d91ed4ec8b2df0f0a57ab603305c615672b25f','f1dbe68fa3142da86c49db9d99b099565c05b895be2a7678e1a413fbf4608774','de507d4d9e803409efcf634790d0ddbfb7fee6ee6581f54fa80602d63558688c',NULL,NULL,0);
INSERT INTO blocks VALUES(310090,'b756db71dc037b5a4582de354a3347371267d31ebda453e152f0a13bb2fae969',310090000,'5749263295014a597071acf2293fcd185d02a6a7b3a96df859aae3bf146b276e','0b341a078ab9d7b8f9da3b62f2c0e77985b2bd764ebf00e8d125a2da5386938b','0a29a2f5f60ec9cafac47fab2d4b4fcf845e7286356e020bc1faf80c50c14453',NULL,NULL,0);
INSERT INTO blocks VALUES(310091,'734a9aa485f36399d5efb74f3b9c47f8b5f6fd68c9967f134b14cfe7e2d7583c',310091000,'ae369a1ec3e4f2aea602eab8c7ab1181cacd6b8d01582c96c4771fdd7b3de771','70087cf95fd7356e7f724ead0fec1bafdbc3621ffcf2bcce3730c3b9b349d776','7221b15aded14d4c13bff60c5b53e7065037e5908447dcd4b4e22a1f1c58135d',NULL,NULL,0);
INSERT INTO blocks VALUES(310092,'56386beb65f9228740d4ad43a1c575645f6daf59e0dd9f22551c59215b5e8c3d',310092000,'06a2ac591c418d2b01c74edf2524100afd1140c3933f32120c4cc3180c1de3f0','19d77711efaa9b450416c6b89b90036ca369accc5b267c84126cf3284c92f9a1','2c560da86a334a1a44944c53dbbefb76c4b2410540f740f5f3b5ca6753af78d8',NULL,NULL,0);
INSERT INTO blocks VALUES(310093,'a74a2425f2f4be24bb5f715173e6756649e1cbf1b064aeb1ef60e0b94b418ddc',310093000,'cdf0ae4d5d06b8735e3e62f5a76a902fee40742fc760578dae98b43635f2e57a','d574d739d5e691f8e118a756d72891393b9208890b638fea80bbbe0817bcd4e9','f615cb3509f8a278146f2ab42a53b944dfbacb94423029da095907c53383fc23',NULL,NULL,0);
INSERT INTO blocks VALUES(310094,'2a8f976f20c4e89ff01071915ac96ee35192d54df3a246bf61fd4a0cccfb5b23',310094000,'77d836433add0cf3f7691884ec1607dde9a3996df00128703644527fb096bab5','eeba931d69195c2c1a0b5f0c52a342d4f1a390dbdbbc8a529a5f9b90918ffdc2','b4e08ce3a5720b3404d19834dac2429ab86e3a1b94d4a23eb791fd9db5b9fb0b',NULL,NULL,0);
INSERT INTO blocks VALUES(310095,'bed0fa40c9981223fb40b3be8124ca619edc9dd34d0c907369477ea92e5d2cd2',310095000,'770a0187b5c98725dc32e15a414b9323030f407749fcb0652b1e1f2e4e762e7e','400a036f864512a1055c4643c66b21ac112b15fc8b7ca11936ef9de4c780d00f','73eda5026f1a8dd0d70ce05ba87e6412c10e53e4176396dc183ea7aea57d3959',NULL,NULL,0);
INSERT INTO blocks VALUES(310096,'306aeec3db435fabffdf88c2f26ee83caa4c2426375a33daa2be041dbd27ea2f',310096000,'567e91f9456ecd020fbd2fe940d796ac976981485f870db8cb0bc41d77a0fd0f','448450677b9af29ea3a28d74d134f56683f4ada9a90a00220842328cb80d3b57','689879507294ff17558623e0cd2c05d009940b6edb78ed34fa22fb2a49dbcdfd',NULL,NULL,0);
INSERT INTO blocks VALUES(310097,'13e8e16e67c7cdcc80d477491e554b43744f90e8e1a9728439a11fab42cefadf',310097000,'447ceafb93aeb346eb98d87db46f07f4d1f51ffde3d44adc6056a624bea3b0c3','b8fd636a2c99b1a7c4de095766e200e8ae8677ddc68689ec58dd10a1d8143caf','e67339f36ffa988c30acb13fd4c446d0db08fae77aeab07be3b70f0e6fc13c93',NULL,NULL,0);
INSERT INTO blocks VALUES(310098,'ca5bca4b5ec4fa6183e05176abe921cff884c4e20910fab55b603cef48dc3bca',310098000,'f510ec6201f4eb850d4f62b399d0d360d0d8cca7e3d955f849ad59a22fba1677','69edc707a52d4c64f9aa0779e26a9dfd0bb7f4ade35ce01206142cdea95d2a31','87b3a9313e85f8ce047c1b004f23cd5560dc7b311df14fd28d70b33a114098f5',NULL,NULL,0);
INSERT INTO blocks VALUES(310099,'3c4c2279cd7de0add5ec469648a845875495a7d54ebfb5b012dcc5a197b7992a',310099000,'1f956e2c07defac832b7c90982c1e7a1192988c4d1e622b54b40b78065deafef','3796eb3708e3699b6673e9c2ed6cd5e3b7b1fdc6d2adb62aa13d1369c7dc4634','828dcc735a8acf7e0099f80235f9e4f45a0f130096a1a797c880f0bca13578ef',NULL,NULL,0);
INSERT INTO blocks VALUES(310100,'96925c05b3c7c80c716f5bef68d161c71d044252c766ca0e3f17f255764242cb',310100000,'ac4cc3e01feb10ba2211afdff4ec43a4ce13a12e1a90dc6f675c390e6395b1e3','a3d701829bbca6c5bf3bc86067d82ea9d6f628ce4b092b7bd35eda6c917452b5','01a5f48693b767bfe799367620b30654e07de8754befd9ad88ed5192139af9ae',NULL,NULL,0);
INSERT INTO blocks VALUES(310101,'369472409995ca1a2ebecbad6bf9dab38c378ab1e67e1bdf13d4ce1346731cd6',310101000,'0a4bb35bf922a8175ef5559e74084d32caa16f599df84adb5e255de26b92c1c4','ca6a708280378127a36ae7a13b643d76d4cfc5b50647eb6feb6423981666c4d6','fe5f9c1d8f0c95d8658dc21ccaae5c05f9f4d0aba5953a22af0eefab706a9335',NULL,NULL,0);
-- Triggers and indices on  blocks
CREATE INDEX blocks_block_index_block_hash_idx ON blocks (block_index, block_hash)
        ;
CREATE INDEX blocks_ledger_hash_idx ON blocks (ledger_hash)
        ;

COMMIT TRANSACTION;
PRAGMA page_size=4096;
-- PRAGMA encoding='UTF-8';
-- PRAGMA auto_vacuum=FULL;
-- PRAGMA max_page_count=4294967294;

BEGIN TRANSACTION;

-- Table  transactions
DROP TABLE IF EXISTS transactions;
CREATE TABLE transactions(
                      tx_index INTEGER UNIQUE,
                      tx_hash TEXT UNIQUE,
                      block_index INTEGER,
                      block_hash TEXT,
                      block_time INTEGER,
                      source TEXT,
                      destination TEXT,
                      btc_amount INTEGER,
                      fee INTEGER,
                      data BLOB,
                      supported BOOL DEFAULT 1,
                      utxos_info TEXT,
                      transaction_type TEXT,
                      FOREIGN KEY (block_index, block_hash) REFERENCES blocks(block_index, block_hash),
                      PRIMARY KEY (tx_index, tx_hash, block_index));
INSERT INTO transactions VALUES(1,'6cf1e64cd7998653924779a246ee7cf6af6ae1d0fcd0e7e6c63a35f1a57b3901',310000,'505d8d82c4ced7daddef7ed0b05ba12ecc664176887b938ef56c6af276f3b30c',310000000,'3_mn6q3dS2EnDUx3bmyWc6D4szJNVGtaR7zc_mnfAHmddVibnZNSkh8DvKaQoiEfNsxjXzH_mtQheFaSfWELRB2MyMBaiWjdDm6ux9Ezns_3','mvCounterpartyXXXXXXXXXXXXXXW24Hef',62000000,597,X'',1,' 766ba38b914f707c9eecc9273046b7dfe52c4d21dc1f5df5444ba013bcf9a145:0 2 ',NULL);
INSERT INTO transactions VALUES(2,'4ff96f4da9de33ce6146c3a3f352dbb2ad201e481c72d59ae7ddc9bc2f5ab1a4',310001,'3c9f6a9c6cac46a9273bd3db39ad775acd5bc546378ec2fb0587e06e112cc78e',310001000,'3_mn6q3dS2EnDUx3bmyWc6D4szJNVGtaR7zc_mnfAHmddVibnZNSkh8DvKaQoiEfNsxjXzH_mtQheFaSfWELRB2MyMBaiWjdDm6ux9Ezns_3','3_mn6q3dS2EnDUx3bmyWc6D4szJNVGtaR7zc_mnfAHmddVibnZNSkh8DvKaQoiEfNsxjXzH_mqPCfvqTfYctXMUfmniXeG2nyaN8w6tPmj_3',5430,1179,X'0000000000000000000000010000000002FAF080',1,' e3be9934be757bd8d82d571381cf915d571ac5ad1b1fc7b0403477c4b0757de1:0 3 ',NULL);
INSERT INTO transactions VALUES(3,'72c0575d98796a64f7f9a027add4db701610004aba35556827498d270f5607e0',310002,'fbb60f1144e1f7d4dc036a4a158a10ea6dea2ba6283a723342a49b8eb5cc9964',310002000,'3_mn6q3dS2EnDUx3bmyWc6D4szJNVGtaR7zc_mnfAHmddVibnZNSkh8DvKaQoiEfNsxjXzH_mtQheFaSfWELRB2MyMBaiWjdDm6ux9Ezns_3','',0,1000000,X'0000000A00000000000000000000000002FAF08000000000000000010000000005F5E100000A0000000000000000',1,' 4997ea7cb53a9f6b2378e5931eca3e9b97d64d1b0f53484b0cefb26af0ce1f75:0 2 ',NULL);
INSERT INTO transactions VALUES(4,'b1415d3493376a14e9e2378a6243666b7c8e5bd8c26793fd21852458c9926c57',310003,'d50825dcb32bcf6f69994d616eba18de7718d3d859497e80751b2cb67e333e8a',310003000,'3_mn6q3dS2EnDUx3bmyWc6D4szJNVGtaR7zc_mnfAHmddVibnZNSkh8DvKaQoiEfNsxjXzH_mtQheFaSfWELRB2MyMBaiWjdDm6ux9Ezns_3','',0,837,X'0000000A00000000000000010000000006422C4000000000000000000000000002FAF080000A00000000000DBBA0',1,' 2b130baa4b36512fe1aa1a6742b84c0a564521e5581ecc46dae0eefbbbc08e78:0 2 ',NULL);
INSERT INTO transactions VALUES(5,'42146a099c81b81bca16de1825be83eae567568001be8b40549af1e626352ae6',310004,'60cdc0ac0e3121ceaa2c3885f21f5789f49992ffef6e6ff99f7da80e36744615',310004000,'3_mn6q3dS2EnDUx3bmyWc6D4szJNVGtaR7zc_mnfAHmddVibnZNSkh8DvKaQoiEfNsxjXzH_mtQheFaSfWELRB2MyMBaiWjdDm6ux9Ezns_3','3_mn6q3dS2EnDUx3bmyWc6D4szJNVGtaR7zc_mnfAHmddVibnZNSkh8DvKaQoiEfNsxjXzH_mtQheFaSfWELRB2MyMBaiWjdDm6ux9Ezns_3',50000000,1521,X'0000000B72C0575D98796A64F7F9A027ADD4DB701610004ABA35556827498D270F5607E0B1415D3493376A14E9E2378A6243666B7C8E5BD8C26793FD21852458C9926C57',1,' 5ee782ebc821b63509cb876ab5b2000f5f38872b4bc7e43ae64de0198a9f2389:0 4 ',NULL);
INSERT INTO transactions VALUES(6,'a6b39c99d5f729953abeb87189acd2e295d54214272a6ac9bc199754f995315e',310005,'8005c2926b7ecc50376642bc661a49108b6dc62636463a5c492b123e2184cd9a',310005000,'3_mn6q3dS2EnDUx3bmyWc6D4szJNVGtaR7zc_mnfAHmddVibnZNSkh8DvKaQoiEfNsxjXzH_mtQheFaSfWELRB2MyMBaiWjdDm6ux9Ezns_3','',0,837,X'000000140000000000004767000000003B9ACA000100000000000000000000',1,' c1b1c0e603961c441d9bae20ac2c151842ebbec76ee9e96f9dd0fb0613b6bedc:0 2 ',NULL);
INSERT INTO transactions VALUES(7,'ecd364b62bcb98c1236f9015b0a782ad0e35350655405c1c49b4662e8258688e',310006,'bdad69d1669eace68b9f246de113161099d4f83322e2acf402c42defef3af2bb',310006000,'3_mn6q3dS2EnDUx3bmyWc6D4szJNVGtaR7zc_mnfAHmddVibnZNSkh8DvKaQoiEfNsxjXzH_mtQheFaSfWELRB2MyMBaiWjdDm6ux9Ezns_3','',0,837,X'00000014000000000000476800000000000186A00000000000000000000006666F6F626172',1,' 56306fb96edfd3103bcfdf9833ac2c757032d06679945916fede11c4600c8c54:0 2 ',NULL);
INSERT INTO transactions VALUES(8,'652a600b4a066fe75ba07df96820dc2b77ec18adf527cfc9793561f0dcf153be',310007,'10a642b96d60091d08234d17dfdecf3025eca41e4fc8e3bbe71a91c5a457cb4b',310007000,'3_mn6q3dS2EnDUx3bmyWc6D4szJNVGtaR7zc_mnfAHmddVibnZNSkh8DvKaQoiEfNsxjXzH_mtQheFaSfWELRB2MyMBaiWjdDm6ux9Ezns_3','3_mn6q3dS2EnDUx3bmyWc6D4szJNVGtaR7zc_mnfAHmddVibnZNSkh8DvKaQoiEfNsxjXzH_mqPCfvqTfYctXMUfmniXeG2nyaN8w6tPmj_3',5430,1179,X'00000000000000000000476700000000003D0900',1,' 74529a9c7fcbf89af4e4c7b0e4321b0d5733171bfa72b8b4bb5208990abb67ea:0 3 ',NULL);
INSERT INTO transactions VALUES(9,'ed52f86b2c58ea370932008b324e07443332458f6bde63d6fd9be5c50a3df422',310008,'47d0e3acbdc6916aeae95e987f9cfa16209b3df1e67bb38143b3422b32322c33',310008000,'3_mn6q3dS2EnDUx3bmyWc6D4szJNVGtaR7zc_mnfAHmddVibnZNSkh8DvKaQoiEfNsxjXzH_mtQheFaSfWELRB2MyMBaiWjdDm6ux9Ezns_3','3_mn6q3dS2EnDUx3bmyWc6D4szJNVGtaR7zc_mnfAHmddVibnZNSkh8DvKaQoiEfNsxjXzH_mqPCfvqTfYctXMUfmniXeG2nyaN8w6tPmj_3',5430,1179,X'000000000000000000004768000000000000020E',1,' daf1c99951e9d3d7ef9748bad9dd1fbe9db007346df0e7c6fe8cec75f1b156e3:0 3 ',NULL);
INSERT INTO transactions VALUES(10,'7c26c22fcdb0eb629b46e7628a587286533e2452b89a5f6bba27f996e27498d2',310009,'4d474992b141620bf3753863db7ee5e8af26cadfbba27725911f44fa657bc1c0',310009000,'3_mn6q3dS2EnDUx3bmyWc6D4szJNVGtaR7zc_mnfAHmddVibnZNSkh8DvKaQoiEfNsxjXzH_mtQheFaSfWELRB2MyMBaiWjdDm6ux9Ezns_3','',0,837,X'00000032000000000000025800000000000047670000000000000001',1,' 02b3f43d81b7dd1240e0a47ca577db1776b8084ed519d131f810162b4105f986:0 2 ',NULL);
INSERT INTO transactions VALUES(11,'0454dde2a3e592d9e863b00ff6f717a324ba387660eb8243c12f2e842cb7e00b',310010,'a58162dff81a32e6a29b075be759dbb9fa9b8b65303e69c78fb4d7b0acc37042',310010000,'3_mn6q3dS2EnDUx3bmyWc6D4szJNVGtaR7zc_mnfAHmddVibnZNSkh8DvKaQoiEfNsxjXzH_mtQheFaSfWELRB2MyMBaiWjdDm6ux9Ezns_3','',0,837,X'00000032000000000000032000000000000047680000000000000001',1,' 94a8dfa9a54394177f1eca98be3774a8bd23a1eee8eb2a94702207ff0d7199f1:0 2 ',NULL);
INSERT INTO transactions VALUES(12,'d1b41912921e10c07d66c080b0d017633ca87fa3020a004736443e4cb073db5c',310011,'8042cc2ef293fd73d050f283fbd075c79dd4c49fdcca054dc0714fc3a50dc1bb',310011000,'3_mn6q3dS2EnDUx3bmyWc6D4szJNVGtaR7zc_mnfAHmddVibnZNSkh8DvKaQoiEfNsxjXzH_mtQheFaSfWELRB2MyMBaiWjdDm6ux9Ezns_3','',0,837,X'0000001E52BB3300405900000000000005F5E0FF09556E69742054657374',1,' bfe63ad9b55c70f35a496b754f961d83ff538cf65b004e294113b2130708a3c7:0 2 ',NULL);
INSERT INTO transactions VALUES(13,'bffbed634d3025a16efc3c0fc67d1d331252f08c57121b6e6df14b13f468c2ab',310012,'cdba329019d93a67b31b79d05f76ce1b7791d430ea0d6c1c2168fe78d2f67677',310012000,'3_mn6q3dS2EnDUx3bmyWc6D4szJNVGtaR7zc_mnfAHmddVibnZNSkh8DvKaQoiEfNsxjXzH_mtQheFaSfWELRB2MyMBaiWjdDm6ux9Ezns_3','3_mn6q3dS2EnDUx3bmyWc6D4szJNVGtaR7zc_mnfAHmddVibnZNSkh8DvKaQoiEfNsxjXzH_mtQheFaSfWELRB2MyMBaiWjdDm6ux9Ezns_3',5430,1179,X'00000028000052BB33640000000002FAF08000000000017D7840000000000000000000003B100000000A',1,' 122350d48af0901c2b519cbb66af38ae30617fb5b5963cdd302b207d6b7dd467:0 3 ',NULL);
INSERT INTO transactions VALUES(14,'680bf25c98312059770a4c25f5eb42b99f8f471dc82c8cabada5ac179dc12c55',310013,'0425e5e832e4286757dc0228cd505b8d572081007218abd3a0983a3bcd502a61',310013000,'3_mn6q3dS2EnDUx3bmyWc6D4szJNVGtaR7zc_mnfAHmddVibnZNSkh8DvKaQoiEfNsxjXzH_mtQheFaSfWELRB2MyMBaiWjdDm6ux9Ezns_3','3_mn6q3dS2EnDUx3bmyWc6D4szJNVGtaR7zc_mnfAHmddVibnZNSkh8DvKaQoiEfNsxjXzH_mtQheFaSfWELRB2MyMBaiWjdDm6ux9Ezns_3',5430,1179,X'00000028000152BB336400000000017D78400000000002793D60000000000000000000003B100000000A',1,' 73633eb41eb028526cec7bd6aeb032fc9f0a1414f6d4bf791f19cb2255579c8f:0 3 ',NULL);
INSERT INTO transactions VALUES(15,'cd4a6279ddd6a4477cce791232a96b0101535e62b63535197ffd6724169eacd9',310014,'85b28d413ebda2968ed82ae53643677338650151b997ed1e4656158005b9f65f',310014000,'3_mn6q3dS2EnDUx3bmyWc6D4szJNVGtaR7zc_mnfAHmddVibnZNSkh8DvKaQoiEfNsxjXzH_mtQheFaSfWELRB2MyMBaiWjdDm6ux9Ezns_3','3_mn6q3dS2EnDUx3bmyWc6D4szJNVGtaR7zc_mnfAHmddVibnZNSkh8DvKaQoiEfNsxjXzH_mtQheFaSfWELRB2MyMBaiWjdDm6ux9Ezns_3',5430,1179,X'00000028000052BB33640000000008F0D1800000000014DC93800000000000000000000013B00000000A',1,' 2445c4540fef8d283fedb9afc0f0ed28249a03e9ee2be37eb46757d7feae3f1f:0 3 ',NULL);
INSERT INTO transactions VALUES(16,'fd3b6e2bd441ce04b879c4f432e8660970347a688542175ed8d2020a69dfb4cb',310015,'4cf77d688f18f0c68c077db882f62e49f31859dfa6144372457cd73b29223922',310015000,'3_mn6q3dS2EnDUx3bmyWc6D4szJNVGtaR7zc_mnfAHmddVibnZNSkh8DvKaQoiEfNsxjXzH_mtQheFaSfWELRB2MyMBaiWjdDm6ux9Ezns_3','3_mn6q3dS2EnDUx3bmyWc6D4szJNVGtaR7zc_mnfAHmddVibnZNSkh8DvKaQoiEfNsxjXzH_mtQheFaSfWELRB2MyMBaiWjdDm6ux9Ezns_3',5430,1179,X'00000028000152BB33640000000014DC93800000000008F0D1800000000000000000000013B00000000A',1,' 2b46ea43b2f05b03fa5b34299b0ba227ad12e78340f883f7a8b2a7276cfb6efb:0 3 ',NULL);
INSERT INTO transactions VALUES(17,'9c80a6d27fcc339795c78fef61545d15655a99c9cc616649f6b13855230dec16',310016,'99dc7d2627efb4e5e618a53b9898b4ca39c70e98fe9bf39f68a6c980f5b64ef9',310016000,'3_mn6q3dS2EnDUx3bmyWc6D4szJNVGtaR7zc_mnfAHmddVibnZNSkh8DvKaQoiEfNsxjXzH_mtQheFaSfWELRB2MyMBaiWjdDm6ux9Ezns_3','3_mn6q3dS2EnDUx3bmyWc6D4szJNVGtaR7zc_mnfAHmddVibnZNSkh8DvKaQoiEfNsxjXzH_mtQheFaSfWELRB2MyMBaiWjdDm6ux9Ezns_3',5430,1179,X'00000028000252BB33C8000000002CB417800000000026BE36803FF0000000000000000013B00000000A',1,' 81b662539cc671b265844bb2f96e2b96de7e468591e1ad1d5d9e11ac46798cf5:0 3 ',NULL);
INSERT INTO transactions VALUES(18,'afc792d9f398a7861852ef87eba9321394ccc02d646d4d3cfca77b9789ff61ea',310017,'8a4fedfbf734b91a5c5761a7bcb3908ea57169777a7018148c51ff611970e4a3',310017000,'3_mn6q3dS2EnDUx3bmyWc6D4szJNVGtaR7zc_mnfAHmddVibnZNSkh8DvKaQoiEfNsxjXzH_mtQheFaSfWELRB2MyMBaiWjdDm6ux9Ezns_3','3_mn6q3dS2EnDUx3bmyWc6D4szJNVGtaR7zc_mnfAHmddVibnZNSkh8DvKaQoiEfNsxjXzH_mtQheFaSfWELRB2MyMBaiWjdDm6ux9Ezns_3',5430,1179,X'00000028000352BB33C80000000026BE3680000000002CB417803FF0000000000000000013B00000000A',1,' c1878fac1412f374f657236a553c767a251c1594e0aa29b20c26b824b114e00b:0 3 ',NULL);
INSERT INTO transactions VALUES(19,'dfc7ccb92b3319495755fea809d2f354e5c6f2e2f46ac7e5a18730ecaa89b777',310018,'35c06f9e3de39e4e56ceb1d1a22008f52361c50dd0d251c0acbe2e3c2dba8ed3',310018000,'3_mn6q3dS2EnDUx3bmyWc6D4szJNVGtaR7zc_mnfAHmddVibnZNSkh8DvKaQoiEfNsxjXzH_mtQheFaSfWELRB2MyMBaiWjdDm6ux9Ezns_3','',0,837,X'0000001E52BB33324058F7256FFC115E004C4B4009556E69742054657374',1,' 399a1f81162801a55160aca2e12cc124aa0fb7e6366e32a435cf1bd71514a335:0 2 ',NULL);
INSERT INTO transactions VALUES(20,'8e0e04ce2a95cbebfcdf4612072da2754924b1c69219dae98a306c82b3c5edcc',310019,'114affa0c4f34b1ebf8e2778c9477641f60b5b9e8a69052158041d4c41893294',310019000,'3_mn6q3dS2EnDUx3bmyWc6D4szJNVGtaR7zc_mnfAHmddVibnZNSkh8DvKaQoiEfNsxjXzH_mtQheFaSfWELRB2MyMBaiWjdDm6ux9Ezns_3','',0,837,X'0000001E52BB3365405915F3B645A1CB004C4B4009556E69742054657374',1,' a93743bf975016373524e65666e46bba54ba51156f37b037115a8fb27df268e0:0 2 ',NULL);
INSERT INTO transactions VALUES(21,'704e3b0b2496f99adaa2c175955897e0154101c06c222a25913b7554ca5c5a52',310020,'d93c79920e4a42164af74ecb5c6b903ff6055cdc007376c74dfa692c8d85ebc9',310020000,'3_mn6q3dS2EnDUx3bmyWc6D4szJNVGtaR7zc_mnfAHmddVibnZNSkh8DvKaQoiEfNsxjXzH_mtQheFaSfWELRB2MyMBaiWjdDm6ux9Ezns_3','',0,837,X'0000001E52BB33C94000000000000000004C4B4009556E69742054657374',1,' dbdb5ffd10046978a0a3aa08fee1471d28864a18843a1971574ac91d0491410d:0 2 ',NULL);
INSERT INTO transactions VALUES(22,'e9ce757c23cb36e566d824235e575c319faec712759e96a800e0672b2b7cc082',310021,'7c2460bb32c5749c856486393239bf7a0ac789587ac71f32e7237910da8097f2',310021000,'3_mn6q3dS2EnDUx3bmyWc6D4szJNVGtaR7zc_mnfAHmddVibnZNSkh8DvKaQoiEfNsxjXzH_mtQheFaSfWELRB2MyMBaiWjdDm6ux9Ezns_3','',0,837,X'0000000A00000000000047670000000002FAF08000000000000000010000000002FAF080000A0000000000000000',1,' 7b7857adadf5a689978bab276683357bd6b097acc4ffea8558e443f3152b059a:0 2 ',NULL);
INSERT INTO transactions VALUES(23,'16e8d15a1cb0455fbf036cc0267602bd39129f5313d54dcf43461c075aeb9e7b',310022,'44435f9a99a0aa12a9bfabdc4cb8119f6ea6a6e1350d2d65445fb66a456db5fc',310022000,'3_mn6q3dS2EnDUx3bmyWc6D4szJNVGtaR7zc_mnfAHmddVibnZNSkh8DvKaQoiEfNsxjXzH_mtQheFaSfWELRB2MyMBaiWjdDm6ux9Ezns_3','mvCounterpartyXXXXXXXXXXXXXXW24Hef',100000000,597,X'',1,' 7b687cdbf753f7930fe2669f295819bc9d844512a42af1f80aa335c4b7cccaf6:0 2 ',NULL);
INSERT INTO transactions VALUES(24,'9d6c2d1f32224cebd4b2797ee9c2b0f090dd0c7dd9b766763366845eda3b9fce',310023,'d8cf5bec1bbcab8ca4f495352afde3b6572b7e1d61b3976872ebb8e9d30ccb08',310023000,'3_mn6q3dS2EnDUx3bmyWc6D4szJNVGtaR7zc_mnfAHmddVibnZNSkh8DvKaQoiEfNsxjXzH_mtQheFaSfWELRB2MyMBaiWjdDm6ux9Ezns_3','3_mn6q3dS2EnDUx3bmyWc6D4szJNVGtaR7zc_mnfAHmddVibnZNSkh8DvKaQoiEfNsxjXzH_mqPCfvqTfYctXMUfmniXeG2nyaN8w6tPmj_3',5430,1179,X'0000000000000000000047680000000000002710',1,' b48036096f400b5a479d20bbce107cb1ae875e59a0da479b7b6fb1328c1e48b0:0 3 ',NULL);
-- Triggers and indices on  transactions
CREATE INDEX transactions_block_index_tx_index_idx ON transactions (block_index, tx_index)
        ;
CREATE INDEX transactions_source_idx ON transactions (source)
        ;
CREATE INDEX transactions_transaction_type_idx ON transactions (transaction_type)
        ;
CREATE INDEX transactions_tx_hash_idx ON transactions (tx_hash)
        ;
CREATE INDEX transactions_tx_index_tx_hash_block_index_idx ON transactions (tx_index, tx_hash, block_index)
        ;

COMMIT TRANSACTION;
PRAGMA page_size=4096;
-- PRAGMA encoding='UTF-8';
-- PRAGMA auto_vacuum=FULL;
-- PRAGMA max_page_count=4294967294;

BEGIN TRANSACTION;

-- Table  transaction_outputs
DROP TABLE IF EXISTS transaction_outputs;
CREATE TABLE transaction_outputs(
                        tx_index,
                        tx_hash TEXT,
                        block_index INTEGER,
                        out_index INTEGER,
                        destination TEXT,
                        btc_amount INTEGER,
                        PRIMARY KEY (tx_hash, out_index),
                        FOREIGN KEY (tx_index, tx_hash, block_index) REFERENCES transactions(tx_index, tx_hash, block_index));

COMMIT TRANSACTION;
PRAGMA page_size=4096;
-- PRAGMA encoding='UTF-8';
-- PRAGMA auto_vacuum=FULL;
-- PRAGMA max_page_count=4294967294;

BEGIN TRANSACTION;

-- Table  balances
DROP TABLE IF EXISTS balances;
CREATE TABLE balances(
                      address TEXT,
                      asset TEXT,
                      quantity INTEGER, block_index INTEGER, tx_index INTEGER, utxo TEXT, utxo_address TEXT);
INSERT INTO balances VALUES('3_mn6q3dS2EnDUx3bmyWc6D4szJNVGtaR7zc_mnfAHmddVibnZNSkh8DvKaQoiEfNsxjXzH_mtQheFaSfWELRB2MyMBaiWjdDm6ux9Ezns_3','XCP',93000000000,310000,1,NULL,NULL);
INSERT INTO balances VALUES('3_mn6q3dS2EnDUx3bmyWc6D4szJNVGtaR7zc_mnfAHmddVibnZNSkh8DvKaQoiEfNsxjXzH_mtQheFaSfWELRB2MyMBaiWjdDm6ux9Ezns_3','XCP',92950000000,310001,2,NULL,NULL);
INSERT INTO balances VALUES('3_mn6q3dS2EnDUx3bmyWc6D4szJNVGtaR7zc_mnfAHmddVibnZNSkh8DvKaQoiEfNsxjXzH_mqPCfvqTfYctXMUfmniXeG2nyaN8w6tPmj_3','XCP',50000000,310001,2,NULL,NULL);
INSERT INTO balances VALUES('3_mn6q3dS2EnDUx3bmyWc6D4szJNVGtaR7zc_mnfAHmddVibnZNSkh8DvKaQoiEfNsxjXzH_mtQheFaSfWELRB2MyMBaiWjdDm6ux9Ezns_3','XCP',92845000000,310003,4,NULL,NULL);
INSERT INTO balances VALUES('3_mn6q3dS2EnDUx3bmyWc6D4szJNVGtaR7zc_mnfAHmddVibnZNSkh8DvKaQoiEfNsxjXzH_mtQheFaSfWELRB2MyMBaiWjdDm6ux9Ezns_3','XCP',92945000000,310004,5,NULL,NULL);
INSERT INTO balances VALUES('3_mn6q3dS2EnDUx3bmyWc6D4szJNVGtaR7zc_mnfAHmddVibnZNSkh8DvKaQoiEfNsxjXzH_mtQheFaSfWELRB2MyMBaiWjdDm6ux9Ezns_3','XCP',92895000000,310005,6,NULL,NULL);
INSERT INTO balances VALUES('3_mn6q3dS2EnDUx3bmyWc6D4szJNVGtaR7zc_mnfAHmddVibnZNSkh8DvKaQoiEfNsxjXzH_mtQheFaSfWELRB2MyMBaiWjdDm6ux9Ezns_3','BBBB',1000000000,310005,6,NULL,NULL);
INSERT INTO balances VALUES('3_mn6q3dS2EnDUx3bmyWc6D4szJNVGtaR7zc_mnfAHmddVibnZNSkh8DvKaQoiEfNsxjXzH_mtQheFaSfWELRB2MyMBaiWjdDm6ux9Ezns_3','XCP',92845000000,310006,7,NULL,NULL);
INSERT INTO balances VALUES('3_mn6q3dS2EnDUx3bmyWc6D4szJNVGtaR7zc_mnfAHmddVibnZNSkh8DvKaQoiEfNsxjXzH_mtQheFaSfWELRB2MyMBaiWjdDm6ux9Ezns_3','BBBC',100000,310006,7,NULL,NULL);
INSERT INTO balances VALUES('3_mn6q3dS2EnDUx3bmyWc6D4szJNVGtaR7zc_mnfAHmddVibnZNSkh8DvKaQoiEfNsxjXzH_mtQheFaSfWELRB2MyMBaiWjdDm6ux9Ezns_3','BBBB',996000000,310007,8,NULL,NULL);
INSERT INTO balances VALUES('3_mn6q3dS2EnDUx3bmyWc6D4szJNVGtaR7zc_mnfAHmddVibnZNSkh8DvKaQoiEfNsxjXzH_mqPCfvqTfYctXMUfmniXeG2nyaN8w6tPmj_3','BBBB',4000000,310007,8,NULL,NULL);
INSERT INTO balances VALUES('3_mn6q3dS2EnDUx3bmyWc6D4szJNVGtaR7zc_mnfAHmddVibnZNSkh8DvKaQoiEfNsxjXzH_mtQheFaSfWELRB2MyMBaiWjdDm6ux9Ezns_3','BBBC',99474,310008,9,NULL,NULL);
INSERT INTO balances VALUES('3_mn6q3dS2EnDUx3bmyWc6D4szJNVGtaR7zc_mnfAHmddVibnZNSkh8DvKaQoiEfNsxjXzH_mqPCfvqTfYctXMUfmniXeG2nyaN8w6tPmj_3','BBBC',526,310008,9,NULL,NULL);
INSERT INTO balances VALUES('3_mn6q3dS2EnDUx3bmyWc6D4szJNVGtaR7zc_mnfAHmddVibnZNSkh8DvKaQoiEfNsxjXzH_mtQheFaSfWELRB2MyMBaiWjdDm6ux9Ezns_3','XCP',92844999976,310009,10,NULL,NULL);
INSERT INTO balances VALUES('3_mn6q3dS2EnDUx3bmyWc6D4szJNVGtaR7zc_mnfAHmddVibnZNSkh8DvKaQoiEfNsxjXzH_mtQheFaSfWELRB2MyMBaiWjdDm6ux9Ezns_3','XCP',92844979976,310009,10,NULL,NULL);
INSERT INTO balances VALUES('3_mn6q3dS2EnDUx3bmyWc6D4szJNVGtaR7zc_mnfAHmddVibnZNSkh8DvKaQoiEfNsxjXzH_mqPCfvqTfYctXMUfmniXeG2nyaN8w6tPmj_3','XCP',50000024,310009,10,NULL,NULL);
INSERT INTO balances VALUES('3_mn6q3dS2EnDUx3bmyWc6D4szJNVGtaR7zc_mnfAHmddVibnZNSkh8DvKaQoiEfNsxjXzH_mtQheFaSfWELRB2MyMBaiWjdDm6ux9Ezns_3','XCP',92844559176,310010,11,NULL,NULL);
INSERT INTO balances VALUES('3_mn6q3dS2EnDUx3bmyWc6D4szJNVGtaR7zc_mnfAHmddVibnZNSkh8DvKaQoiEfNsxjXzH_mtQheFaSfWELRB2MyMBaiWjdDm6ux9Ezns_3','XCP',92844539176,310010,11,NULL,NULL);
INSERT INTO balances VALUES('3_mn6q3dS2EnDUx3bmyWc6D4szJNVGtaR7zc_mnfAHmddVibnZNSkh8DvKaQoiEfNsxjXzH_mqPCfvqTfYctXMUfmniXeG2nyaN8w6tPmj_3','XCP',50420824,310010,11,NULL,NULL);
INSERT INTO balances VALUES('3_mn6q3dS2EnDUx3bmyWc6D4szJNVGtaR7zc_mnfAHmddVibnZNSkh8DvKaQoiEfNsxjXzH_mtQheFaSfWELRB2MyMBaiWjdDm6ux9Ezns_3','XCP',92794539176,310012,13,NULL,NULL);
INSERT INTO balances VALUES('3_mn6q3dS2EnDUx3bmyWc6D4szJNVGtaR7zc_mnfAHmddVibnZNSkh8DvKaQoiEfNsxjXzH_mtQheFaSfWELRB2MyMBaiWjdDm6ux9Ezns_3','XCP',92769539176,310013,14,NULL,NULL);
INSERT INTO balances VALUES('3_mn6q3dS2EnDUx3bmyWc6D4szJNVGtaR7zc_mnfAHmddVibnZNSkh8DvKaQoiEfNsxjXzH_mtQheFaSfWELRB2MyMBaiWjdDm6ux9Ezns_3','XCP',92773789176,310013,14,NULL,NULL);
INSERT INTO balances VALUES('3_mn6q3dS2EnDUx3bmyWc6D4szJNVGtaR7zc_mnfAHmddVibnZNSkh8DvKaQoiEfNsxjXzH_mtQheFaSfWELRB2MyMBaiWjdDm6ux9Ezns_3','XCP',92778789176,310014,0,NULL,NULL);
INSERT INTO balances VALUES('3_mn6q3dS2EnDUx3bmyWc6D4szJNVGtaR7zc_mnfAHmddVibnZNSkh8DvKaQoiEfNsxjXzH_mtQheFaSfWELRB2MyMBaiWjdDm6ux9Ezns_3','XCP',92628789176,310014,15,NULL,NULL);
INSERT INTO balances VALUES('3_mn6q3dS2EnDUx3bmyWc6D4szJNVGtaR7zc_mnfAHmddVibnZNSkh8DvKaQoiEfNsxjXzH_mtQheFaSfWELRB2MyMBaiWjdDm6ux9Ezns_3','XCP',92278789176,310015,16,NULL,NULL);
INSERT INTO balances VALUES('3_mn6q3dS2EnDUx3bmyWc6D4szJNVGtaR7zc_mnfAHmddVibnZNSkh8DvKaQoiEfNsxjXzH_mtQheFaSfWELRB2MyMBaiWjdDm6ux9Ezns_3','XCP',92278789176,310015,16,NULL,NULL);
INSERT INTO balances VALUES('3_mn6q3dS2EnDUx3bmyWc6D4szJNVGtaR7zc_mnfAHmddVibnZNSkh8DvKaQoiEfNsxjXzH_mtQheFaSfWELRB2MyMBaiWjdDm6ux9Ezns_3','XCP',92278789176,310015,16,NULL,NULL);
INSERT INTO balances VALUES('3_mn6q3dS2EnDUx3bmyWc6D4szJNVGtaR7zc_mnfAHmddVibnZNSkh8DvKaQoiEfNsxjXzH_mtQheFaSfWELRB2MyMBaiWjdDm6ux9Ezns_3','XCP',91528789176,310016,17,NULL,NULL);
INSERT INTO balances VALUES('3_mn6q3dS2EnDUx3bmyWc6D4szJNVGtaR7zc_mnfAHmddVibnZNSkh8DvKaQoiEfNsxjXzH_mtQheFaSfWELRB2MyMBaiWjdDm6ux9Ezns_3','XCP',90878789176,310017,18,NULL,NULL);
INSERT INTO balances VALUES('3_mn6q3dS2EnDUx3bmyWc6D4szJNVGtaR7zc_mnfAHmddVibnZNSkh8DvKaQoiEfNsxjXzH_mtQheFaSfWELRB2MyMBaiWjdDm6ux9Ezns_3','XCP',90878789176,310017,18,NULL,NULL);
INSERT INTO balances VALUES('3_mn6q3dS2EnDUx3bmyWc6D4szJNVGtaR7zc_mnfAHmddVibnZNSkh8DvKaQoiEfNsxjXzH_mtQheFaSfWELRB2MyMBaiWjdDm6ux9Ezns_3','XCP',90878789176,310017,18,NULL,NULL);
INSERT INTO balances VALUES('3_mn6q3dS2EnDUx3bmyWc6D4szJNVGtaR7zc_mnfAHmddVibnZNSkh8DvKaQoiEfNsxjXzH_mtQheFaSfWELRB2MyMBaiWjdDm6ux9Ezns_3','XCP',90937926676,310018,19,NULL,NULL);
INSERT INTO balances VALUES('3_mn6q3dS2EnDUx3bmyWc6D4szJNVGtaR7zc_mnfAHmddVibnZNSkh8DvKaQoiEfNsxjXzH_mtQheFaSfWELRB2MyMBaiWjdDm6ux9Ezns_3','XCP',90941039176,310018,19,NULL,NULL);
INSERT INTO balances VALUES('3_mn6q3dS2EnDUx3bmyWc6D4szJNVGtaR7zc_mnfAHmddVibnZNSkh8DvKaQoiEfNsxjXzH_mtQheFaSfWELRB2MyMBaiWjdDm6ux9Ezns_3','XCP',91100339176,310019,20,NULL,NULL);
INSERT INTO balances VALUES('3_mn6q3dS2EnDUx3bmyWc6D4szJNVGtaR7zc_mnfAHmddVibnZNSkh8DvKaQoiEfNsxjXzH_mtQheFaSfWELRB2MyMBaiWjdDm6ux9Ezns_3','XCP',91416039176,310019,20,NULL,NULL);
INSERT INTO balances VALUES('3_mn6q3dS2EnDUx3bmyWc6D4szJNVGtaR7zc_mnfAHmddVibnZNSkh8DvKaQoiEfNsxjXzH_mtQheFaSfWELRB2MyMBaiWjdDm6ux9Ezns_3','XCP',91441039176,310019,20,NULL,NULL);
INSERT INTO balances VALUES('3_mn6q3dS2EnDUx3bmyWc6D4szJNVGtaR7zc_mnfAHmddVibnZNSkh8DvKaQoiEfNsxjXzH_mtQheFaSfWELRB2MyMBaiWjdDm6ux9Ezns_3','XCP',92771039176,310020,21,NULL,NULL);
INSERT INTO balances VALUES('3_mn6q3dS2EnDUx3bmyWc6D4szJNVGtaR7zc_mnfAHmddVibnZNSkh8DvKaQoiEfNsxjXzH_mtQheFaSfWELRB2MyMBaiWjdDm6ux9Ezns_3','XCP',92841039176,310020,21,NULL,NULL);
INSERT INTO balances VALUES('3_mn6q3dS2EnDUx3bmyWc6D4szJNVGtaR7zc_mnfAHmddVibnZNSkh8DvKaQoiEfNsxjXzH_mtQheFaSfWELRB2MyMBaiWjdDm6ux9Ezns_3','BBBB',946000000,310021,22,NULL,NULL);
INSERT INTO balances VALUES('3_mn6q3dS2EnDUx3bmyWc6D4szJNVGtaR7zc_mnfAHmddVibnZNSkh8DvKaQoiEfNsxjXzH_mtQheFaSfWELRB2MyMBaiWjdDm6ux9Ezns_3','XCP',149840926438,310022,23,NULL,NULL);
INSERT INTO balances VALUES('3_mn6q3dS2EnDUx3bmyWc6D4szJNVGtaR7zc_mnfAHmddVibnZNSkh8DvKaQoiEfNsxjXzH_mtQheFaSfWELRB2MyMBaiWjdDm6ux9Ezns_3','XCP',149849426438,310023,0,NULL,NULL);
INSERT INTO balances VALUES('3_mn6q3dS2EnDUx3bmyWc6D4szJNVGtaR7zc_mnfAHmddVibnZNSkh8DvKaQoiEfNsxjXzH_mtQheFaSfWELRB2MyMBaiWjdDm6ux9Ezns_3','BBBC',89474,310023,24,NULL,NULL);
INSERT INTO balances VALUES('3_mn6q3dS2EnDUx3bmyWc6D4szJNVGtaR7zc_mnfAHmddVibnZNSkh8DvKaQoiEfNsxjXzH_mqPCfvqTfYctXMUfmniXeG2nyaN8w6tPmj_3','BBBC',10526,310023,24,NULL,NULL);
INSERT INTO balances VALUES('3_mn6q3dS2EnDUx3bmyWc6D4szJNVGtaR7zc_mnfAHmddVibnZNSkh8DvKaQoiEfNsxjXzH_mtQheFaSfWELRB2MyMBaiWjdDm6ux9Ezns_3','BBBB',996000000,310032,0,NULL,NULL);
-- Triggers and indices on  balances
CREATE INDEX balances_address_asset_idx ON balances (address, asset)
        ;
CREATE INDEX balances_address_utxo_asset_idx ON balances (address, utxo, asset)
        ;
CREATE INDEX balances_asset_idx ON balances (asset)
        ;
CREATE INDEX balances_block_index_idx ON balances (block_index)
        ;
CREATE INDEX balances_quantity_idx ON balances (quantity)
        ;
CREATE INDEX balances_utxo_address_idx ON balances (utxo_address)
        ;
CREATE INDEX balances_utxo_asset_idx ON balances (utxo, asset)
        ;
CREATE TRIGGER block_update_balances
            BEFORE UPDATE ON balances BEGIN
                SELECT RAISE(FAIL, "UPDATES NOT ALLOWED");
            END;

COMMIT TRANSACTION;
PRAGMA page_size=4096;
-- PRAGMA encoding='UTF-8';
-- PRAGMA auto_vacuum=FULL;
-- PRAGMA max_page_count=4294967294;

BEGIN TRANSACTION;

-- Table  config
DROP TABLE IF EXISTS config;
CREATE TABLE config (
            name TEXT PRIMARY KEY,
            value TEXT
        );
INSERT INTO config VALUES('FIX_ASSET_EVENTS_FIELD_1','1');
INSERT INTO config VALUES('FIX_ISSUANCES_ASSET_LONGNAME_1','1');
INSERT INTO config VALUES('FIX_ISSUANCES_ASSET_LONGNAME_2','1');
INSERT INTO config VALUES('CLEAN_TRANSACTION_COUNT_1','1');
-- Triggers and indices on  config
CREATE INDEX config_config_name_idx ON config (name);

COMMIT TRANSACTION;
PRAGMA page_size=4096;
-- PRAGMA encoding='UTF-8';
-- PRAGMA auto_vacuum=FULL;
-- PRAGMA max_page_count=4294967294;

BEGIN TRANSACTION;

-- Table  balances
DROP TABLE IF EXISTS balances;
CREATE TABLE balances(
                      address TEXT,
                      asset TEXT,
                      quantity INTEGER, block_index INTEGER, tx_index INTEGER, utxo TEXT, utxo_address TEXT);
INSERT INTO balances VALUES('3_mn6q3dS2EnDUx3bmyWc6D4szJNVGtaR7zc_mnfAHmddVibnZNSkh8DvKaQoiEfNsxjXzH_mtQheFaSfWELRB2MyMBaiWjdDm6ux9Ezns_3','XCP',93000000000,310000,1,NULL,NULL);
INSERT INTO balances VALUES('3_mn6q3dS2EnDUx3bmyWc6D4szJNVGtaR7zc_mnfAHmddVibnZNSkh8DvKaQoiEfNsxjXzH_mtQheFaSfWELRB2MyMBaiWjdDm6ux9Ezns_3','XCP',92950000000,310001,2,NULL,NULL);
INSERT INTO balances VALUES('3_mn6q3dS2EnDUx3bmyWc6D4szJNVGtaR7zc_mnfAHmddVibnZNSkh8DvKaQoiEfNsxjXzH_mqPCfvqTfYctXMUfmniXeG2nyaN8w6tPmj_3','XCP',50000000,310001,2,NULL,NULL);
INSERT INTO balances VALUES('3_mn6q3dS2EnDUx3bmyWc6D4szJNVGtaR7zc_mnfAHmddVibnZNSkh8DvKaQoiEfNsxjXzH_mtQheFaSfWELRB2MyMBaiWjdDm6ux9Ezns_3','XCP',92845000000,310003,4,NULL,NULL);
INSERT INTO balances VALUES('3_mn6q3dS2EnDUx3bmyWc6D4szJNVGtaR7zc_mnfAHmddVibnZNSkh8DvKaQoiEfNsxjXzH_mtQheFaSfWELRB2MyMBaiWjdDm6ux9Ezns_3','XCP',92945000000,310004,5,NULL,NULL);
INSERT INTO balances VALUES('3_mn6q3dS2EnDUx3bmyWc6D4szJNVGtaR7zc_mnfAHmddVibnZNSkh8DvKaQoiEfNsxjXzH_mtQheFaSfWELRB2MyMBaiWjdDm6ux9Ezns_3','XCP',92895000000,310005,6,NULL,NULL);
INSERT INTO balances VALUES('3_mn6q3dS2EnDUx3bmyWc6D4szJNVGtaR7zc_mnfAHmddVibnZNSkh8DvKaQoiEfNsxjXzH_mtQheFaSfWELRB2MyMBaiWjdDm6ux9Ezns_3','BBBB',1000000000,310005,6,NULL,NULL);
INSERT INTO balances VALUES('3_mn6q3dS2EnDUx3bmyWc6D4szJNVGtaR7zc_mnfAHmddVibnZNSkh8DvKaQoiEfNsxjXzH_mtQheFaSfWELRB2MyMBaiWjdDm6ux9Ezns_3','XCP',92845000000,310006,7,NULL,NULL);
INSERT INTO balances VALUES('3_mn6q3dS2EnDUx3bmyWc6D4szJNVGtaR7zc_mnfAHmddVibnZNSkh8DvKaQoiEfNsxjXzH_mtQheFaSfWELRB2MyMBaiWjdDm6ux9Ezns_3','BBBC',100000,310006,7,NULL,NULL);
INSERT INTO balances VALUES('3_mn6q3dS2EnDUx3bmyWc6D4szJNVGtaR7zc_mnfAHmddVibnZNSkh8DvKaQoiEfNsxjXzH_mtQheFaSfWELRB2MyMBaiWjdDm6ux9Ezns_3','BBBB',996000000,310007,8,NULL,NULL);
INSERT INTO balances VALUES('3_mn6q3dS2EnDUx3bmyWc6D4szJNVGtaR7zc_mnfAHmddVibnZNSkh8DvKaQoiEfNsxjXzH_mqPCfvqTfYctXMUfmniXeG2nyaN8w6tPmj_3','BBBB',4000000,310007,8,NULL,NULL);
INSERT INTO balances VALUES('3_mn6q3dS2EnDUx3bmyWc6D4szJNVGtaR7zc_mnfAHmddVibnZNSkh8DvKaQoiEfNsxjXzH_mtQheFaSfWELRB2MyMBaiWjdDm6ux9Ezns_3','BBBC',99474,310008,9,NULL,NULL);
INSERT INTO balances VALUES('3_mn6q3dS2EnDUx3bmyWc6D4szJNVGtaR7zc_mnfAHmddVibnZNSkh8DvKaQoiEfNsxjXzH_mqPCfvqTfYctXMUfmniXeG2nyaN8w6tPmj_3','BBBC',526,310008,9,NULL,NULL);
INSERT INTO balances VALUES('3_mn6q3dS2EnDUx3bmyWc6D4szJNVGtaR7zc_mnfAHmddVibnZNSkh8DvKaQoiEfNsxjXzH_mtQheFaSfWELRB2MyMBaiWjdDm6ux9Ezns_3','XCP',92844999976,310009,10,NULL,NULL);
INSERT INTO balances VALUES('3_mn6q3dS2EnDUx3bmyWc6D4szJNVGtaR7zc_mnfAHmddVibnZNSkh8DvKaQoiEfNsxjXzH_mtQheFaSfWELRB2MyMBaiWjdDm6ux9Ezns_3','XCP',92844979976,310009,10,NULL,NULL);
INSERT INTO balances VALUES('3_mn6q3dS2EnDUx3bmyWc6D4szJNVGtaR7zc_mnfAHmddVibnZNSkh8DvKaQoiEfNsxjXzH_mqPCfvqTfYctXMUfmniXeG2nyaN8w6tPmj_3','XCP',50000024,310009,10,NULL,NULL);
INSERT INTO balances VALUES('3_mn6q3dS2EnDUx3bmyWc6D4szJNVGtaR7zc_mnfAHmddVibnZNSkh8DvKaQoiEfNsxjXzH_mtQheFaSfWELRB2MyMBaiWjdDm6ux9Ezns_3','XCP',92844559176,310010,11,NULL,NULL);
INSERT INTO balances VALUES('3_mn6q3dS2EnDUx3bmyWc6D4szJNVGtaR7zc_mnfAHmddVibnZNSkh8DvKaQoiEfNsxjXzH_mtQheFaSfWELRB2MyMBaiWjdDm6ux9Ezns_3','XCP',92844539176,310010,11,NULL,NULL);
INSERT INTO balances VALUES('3_mn6q3dS2EnDUx3bmyWc6D4szJNVGtaR7zc_mnfAHmddVibnZNSkh8DvKaQoiEfNsxjXzH_mqPCfvqTfYctXMUfmniXeG2nyaN8w6tPmj_3','XCP',50420824,310010,11,NULL,NULL);
INSERT INTO balances VALUES('3_mn6q3dS2EnDUx3bmyWc6D4szJNVGtaR7zc_mnfAHmddVibnZNSkh8DvKaQoiEfNsxjXzH_mtQheFaSfWELRB2MyMBaiWjdDm6ux9Ezns_3','XCP',92794539176,310012,13,NULL,NULL);
INSERT INTO balances VALUES('3_mn6q3dS2EnDUx3bmyWc6D4szJNVGtaR7zc_mnfAHmddVibnZNSkh8DvKaQoiEfNsxjXzH_mtQheFaSfWELRB2MyMBaiWjdDm6ux9Ezns_3','XCP',92769539176,310013,14,NULL,NULL);
INSERT INTO balances VALUES('3_mn6q3dS2EnDUx3bmyWc6D4szJNVGtaR7zc_mnfAHmddVibnZNSkh8DvKaQoiEfNsxjXzH_mtQheFaSfWELRB2MyMBaiWjdDm6ux9Ezns_3','XCP',92773789176,310013,14,NULL,NULL);
INSERT INTO balances VALUES('3_mn6q3dS2EnDUx3bmyWc6D4szJNVGtaR7zc_mnfAHmddVibnZNSkh8DvKaQoiEfNsxjXzH_mtQheFaSfWELRB2MyMBaiWjdDm6ux9Ezns_3','XCP',92778789176,310014,0,NULL,NULL);
INSERT INTO balances VALUES('3_mn6q3dS2EnDUx3bmyWc6D4szJNVGtaR7zc_mnfAHmddVibnZNSkh8DvKaQoiEfNsxjXzH_mtQheFaSfWELRB2MyMBaiWjdDm6ux9Ezns_3','XCP',92628789176,310014,15,NULL,NULL);
INSERT INTO balances VALUES('3_mn6q3dS2EnDUx3bmyWc6D4szJNVGtaR7zc_mnfAHmddVibnZNSkh8DvKaQoiEfNsxjXzH_mtQheFaSfWELRB2MyMBaiWjdDm6ux9Ezns_3','XCP',92278789176,310015,16,NULL,NULL);
INSERT INTO balances VALUES('3_mn6q3dS2EnDUx3bmyWc6D4szJNVGtaR7zc_mnfAHmddVibnZNSkh8DvKaQoiEfNsxjXzH_mtQheFaSfWELRB2MyMBaiWjdDm6ux9Ezns_3','XCP',92278789176,310015,16,NULL,NULL);
INSERT INTO balances VALUES('3_mn6q3dS2EnDUx3bmyWc6D4szJNVGtaR7zc_mnfAHmddVibnZNSkh8DvKaQoiEfNsxjXzH_mtQheFaSfWELRB2MyMBaiWjdDm6ux9Ezns_3','XCP',92278789176,310015,16,NULL,NULL);
INSERT INTO balances VALUES('3_mn6q3dS2EnDUx3bmyWc6D4szJNVGtaR7zc_mnfAHmddVibnZNSkh8DvKaQoiEfNsxjXzH_mtQheFaSfWELRB2MyMBaiWjdDm6ux9Ezns_3','XCP',91528789176,310016,17,NULL,NULL);
INSERT INTO balances VALUES('3_mn6q3dS2EnDUx3bmyWc6D4szJNVGtaR7zc_mnfAHmddVibnZNSkh8DvKaQoiEfNsxjXzH_mtQheFaSfWELRB2MyMBaiWjdDm6ux9Ezns_3','XCP',90878789176,310017,18,NULL,NULL);
INSERT INTO balances VALUES('3_mn6q3dS2EnDUx3bmyWc6D4szJNVGtaR7zc_mnfAHmddVibnZNSkh8DvKaQoiEfNsxjXzH_mtQheFaSfWELRB2MyMBaiWjdDm6ux9Ezns_3','XCP',90878789176,310017,18,NULL,NULL);
INSERT INTO balances VALUES('3_mn6q3dS2EnDUx3bmyWc6D4szJNVGtaR7zc_mnfAHmddVibnZNSkh8DvKaQoiEfNsxjXzH_mtQheFaSfWELRB2MyMBaiWjdDm6ux9Ezns_3','XCP',90878789176,310017,18,NULL,NULL);
INSERT INTO balances VALUES('3_mn6q3dS2EnDUx3bmyWc6D4szJNVGtaR7zc_mnfAHmddVibnZNSkh8DvKaQoiEfNsxjXzH_mtQheFaSfWELRB2MyMBaiWjdDm6ux9Ezns_3','XCP',90937926676,310018,19,NULL,NULL);
INSERT INTO balances VALUES('3_mn6q3dS2EnDUx3bmyWc6D4szJNVGtaR7zc_mnfAHmddVibnZNSkh8DvKaQoiEfNsxjXzH_mtQheFaSfWELRB2MyMBaiWjdDm6ux9Ezns_3','XCP',90941039176,310018,19,NULL,NULL);
INSERT INTO balances VALUES('3_mn6q3dS2EnDUx3bmyWc6D4szJNVGtaR7zc_mnfAHmddVibnZNSkh8DvKaQoiEfNsxjXzH_mtQheFaSfWELRB2MyMBaiWjdDm6ux9Ezns_3','XCP',91100339176,310019,20,NULL,NULL);
INSERT INTO balances VALUES('3_mn6q3dS2EnDUx3bmyWc6D4szJNVGtaR7zc_mnfAHmddVibnZNSkh8DvKaQoiEfNsxjXzH_mtQheFaSfWELRB2MyMBaiWjdDm6ux9Ezns_3','XCP',91416039176,310019,20,NULL,NULL);
INSERT INTO balances VALUES('3_mn6q3dS2EnDUx3bmyWc6D4szJNVGtaR7zc_mnfAHmddVibnZNSkh8DvKaQoiEfNsxjXzH_mtQheFaSfWELRB2MyMBaiWjdDm6ux9Ezns_3','XCP',91441039176,310019,20,NULL,NULL);
INSERT INTO balances VALUES('3_mn6q3dS2EnDUx3bmyWc6D4szJNVGtaR7zc_mnfAHmddVibnZNSkh8DvKaQoiEfNsxjXzH_mtQheFaSfWELRB2MyMBaiWjdDm6ux9Ezns_3','XCP',92771039176,310020,21,NULL,NULL);
INSERT INTO balances VALUES('3_mn6q3dS2EnDUx3bmyWc6D4szJNVGtaR7zc_mnfAHmddVibnZNSkh8DvKaQoiEfNsxjXzH_mtQheFaSfWELRB2MyMBaiWjdDm6ux9Ezns_3','XCP',92841039176,310020,21,NULL,NULL);
INSERT INTO balances VALUES('3_mn6q3dS2EnDUx3bmyWc6D4szJNVGtaR7zc_mnfAHmddVibnZNSkh8DvKaQoiEfNsxjXzH_mtQheFaSfWELRB2MyMBaiWjdDm6ux9Ezns_3','BBBB',946000000,310021,22,NULL,NULL);
INSERT INTO balances VALUES('3_mn6q3dS2EnDUx3bmyWc6D4szJNVGtaR7zc_mnfAHmddVibnZNSkh8DvKaQoiEfNsxjXzH_mtQheFaSfWELRB2MyMBaiWjdDm6ux9Ezns_3','XCP',149840926438,310022,23,NULL,NULL);
INSERT INTO balances VALUES('3_mn6q3dS2EnDUx3bmyWc6D4szJNVGtaR7zc_mnfAHmddVibnZNSkh8DvKaQoiEfNsxjXzH_mtQheFaSfWELRB2MyMBaiWjdDm6ux9Ezns_3','XCP',149849426438,310023,0,NULL,NULL);
INSERT INTO balances VALUES('3_mn6q3dS2EnDUx3bmyWc6D4szJNVGtaR7zc_mnfAHmddVibnZNSkh8DvKaQoiEfNsxjXzH_mtQheFaSfWELRB2MyMBaiWjdDm6ux9Ezns_3','BBBC',89474,310023,24,NULL,NULL);
INSERT INTO balances VALUES('3_mn6q3dS2EnDUx3bmyWc6D4szJNVGtaR7zc_mnfAHmddVibnZNSkh8DvKaQoiEfNsxjXzH_mqPCfvqTfYctXMUfmniXeG2nyaN8w6tPmj_3','BBBC',10526,310023,24,NULL,NULL);
INSERT INTO balances VALUES('3_mn6q3dS2EnDUx3bmyWc6D4szJNVGtaR7zc_mnfAHmddVibnZNSkh8DvKaQoiEfNsxjXzH_mtQheFaSfWELRB2MyMBaiWjdDm6ux9Ezns_3','BBBB',996000000,310032,0,NULL,NULL);
-- Triggers and indices on  balances
CREATE INDEX balances_address_asset_idx ON balances (address, asset)
        ;
CREATE INDEX balances_address_utxo_asset_idx ON balances (address, utxo, asset)
        ;
CREATE INDEX balances_asset_idx ON balances (asset)
        ;
CREATE INDEX balances_block_index_idx ON balances (block_index)
        ;
CREATE INDEX balances_quantity_idx ON balances (quantity)
        ;
CREATE INDEX balances_utxo_address_idx ON balances (utxo_address)
        ;
CREATE INDEX balances_utxo_asset_idx ON balances (utxo, asset)
        ;
CREATE TRIGGER block_update_balances
            BEFORE UPDATE ON balances BEGIN
                SELECT RAISE(FAIL, "UPDATES NOT ALLOWED");
            END;

COMMIT TRANSACTION;
PRAGMA page_size=4096;
-- PRAGMA encoding='UTF-8';
-- PRAGMA auto_vacuum=FULL;
-- PRAGMA max_page_count=4294967294;

BEGIN TRANSACTION;

-- Table  credits
DROP TABLE IF EXISTS credits;
CREATE TABLE credits(
                      block_index INTEGER,
                      address TEXT,
                      asset TEXT,
                      quantity INTEGER,
                      calling_function TEXT,
                      event TEXT, tx_index INTEGER, utxo TEXT, utxo_address TEXT,
                      FOREIGN KEY (block_index) REFERENCES blocks(block_index));
INSERT INTO credits VALUES(310000,'3_mn6q3dS2EnDUx3bmyWc6D4szJNVGtaR7zc_mnfAHmddVibnZNSkh8DvKaQoiEfNsxjXzH_mtQheFaSfWELRB2MyMBaiWjdDm6ux9Ezns_3','XCP',93000000000,'burn','6cf1e64cd7998653924779a246ee7cf6af6ae1d0fcd0e7e6c63a35f1a57b3901',1,NULL,NULL);
INSERT INTO credits VALUES(310001,'3_mn6q3dS2EnDUx3bmyWc6D4szJNVGtaR7zc_mnfAHmddVibnZNSkh8DvKaQoiEfNsxjXzH_mqPCfvqTfYctXMUfmniXeG2nyaN8w6tPmj_3','XCP',50000000,'send','4ff96f4da9de33ce6146c3a3f352dbb2ad201e481c72d59ae7ddc9bc2f5ab1a4',2,NULL,NULL);
INSERT INTO credits VALUES(310004,'3_mn6q3dS2EnDUx3bmyWc6D4szJNVGtaR7zc_mnfAHmddVibnZNSkh8DvKaQoiEfNsxjXzH_mtQheFaSfWELRB2MyMBaiWjdDm6ux9Ezns_3','XCP',100000000,'btcpay','42146a099c81b81bca16de1825be83eae567568001be8b40549af1e626352ae6',5,NULL,NULL);
INSERT INTO credits VALUES(310005,'3_mn6q3dS2EnDUx3bmyWc6D4szJNVGtaR7zc_mnfAHmddVibnZNSkh8DvKaQoiEfNsxjXzH_mtQheFaSfWELRB2MyMBaiWjdDm6ux9Ezns_3','BBBB',1000000000,'issuance','a6b39c99d5f729953abeb87189acd2e295d54214272a6ac9bc199754f995315e',6,NULL,NULL);
INSERT INTO credits VALUES(310006,'3_mn6q3dS2EnDUx3bmyWc6D4szJNVGtaR7zc_mnfAHmddVibnZNSkh8DvKaQoiEfNsxjXzH_mtQheFaSfWELRB2MyMBaiWjdDm6ux9Ezns_3','BBBC',100000,'issuance','ecd364b62bcb98c1236f9015b0a782ad0e35350655405c1c49b4662e8258688e',7,NULL,NULL);
INSERT INTO credits VALUES(310007,'3_mn6q3dS2EnDUx3bmyWc6D4szJNVGtaR7zc_mnfAHmddVibnZNSkh8DvKaQoiEfNsxjXzH_mqPCfvqTfYctXMUfmniXeG2nyaN8w6tPmj_3','BBBB',4000000,'send','652a600b4a066fe75ba07df96820dc2b77ec18adf527cfc9793561f0dcf153be',8,NULL,NULL);
INSERT INTO credits VALUES(310008,'3_mn6q3dS2EnDUx3bmyWc6D4szJNVGtaR7zc_mnfAHmddVibnZNSkh8DvKaQoiEfNsxjXzH_mqPCfvqTfYctXMUfmniXeG2nyaN8w6tPmj_3','BBBC',526,'send','ed52f86b2c58ea370932008b324e07443332458f6bde63d6fd9be5c50a3df422',9,NULL,NULL);
INSERT INTO credits VALUES(310009,'3_mn6q3dS2EnDUx3bmyWc6D4szJNVGtaR7zc_mnfAHmddVibnZNSkh8DvKaQoiEfNsxjXzH_mqPCfvqTfYctXMUfmniXeG2nyaN8w6tPmj_3','XCP',24,'dividend','7c26c22fcdb0eb629b46e7628a587286533e2452b89a5f6bba27f996e27498d2',10,NULL,NULL);
INSERT INTO credits VALUES(310010,'3_mn6q3dS2EnDUx3bmyWc6D4szJNVGtaR7zc_mnfAHmddVibnZNSkh8DvKaQoiEfNsxjXzH_mqPCfvqTfYctXMUfmniXeG2nyaN8w6tPmj_3','XCP',420800,'dividend','0454dde2a3e592d9e863b00ff6f717a324ba387660eb8243c12f2e842cb7e00b',11,NULL,NULL);
INSERT INTO credits VALUES(310013,'3_mn6q3dS2EnDUx3bmyWc6D4szJNVGtaR7zc_mnfAHmddVibnZNSkh8DvKaQoiEfNsxjXzH_mtQheFaSfWELRB2MyMBaiWjdDm6ux9Ezns_3','XCP',4250000,'filled','680bf25c98312059770a4c25f5eb42b99f8f471dc82c8cabada5ac179dc12c55',14,NULL,NULL);
INSERT INTO credits VALUES(310014,'3_mn6q3dS2EnDUx3bmyWc6D4szJNVGtaR7zc_mnfAHmddVibnZNSkh8DvKaQoiEfNsxjXzH_mtQheFaSfWELRB2MyMBaiWjdDm6ux9Ezns_3','XCP',5000000,'cancel order','b1415d3493376a14e9e2378a6243666b7c8e5bd8c26793fd21852458c9926c57',0,NULL,NULL);
INSERT INTO credits VALUES(310015,'3_mn6q3dS2EnDUx3bmyWc6D4szJNVGtaR7zc_mnfAHmddVibnZNSkh8DvKaQoiEfNsxjXzH_mtQheFaSfWELRB2MyMBaiWjdDm6ux9Ezns_3','XCP',0,'filled','fd3b6e2bd441ce04b879c4f432e8660970347a688542175ed8d2020a69dfb4cb',16,NULL,NULL);
INSERT INTO credits VALUES(310015,'3_mn6q3dS2EnDUx3bmyWc6D4szJNVGtaR7zc_mnfAHmddVibnZNSkh8DvKaQoiEfNsxjXzH_mtQheFaSfWELRB2MyMBaiWjdDm6ux9Ezns_3','XCP',0,'filled','fd3b6e2bd441ce04b879c4f432e8660970347a688542175ed8d2020a69dfb4cb',16,NULL,NULL);
INSERT INTO credits VALUES(310017,'3_mn6q3dS2EnDUx3bmyWc6D4szJNVGtaR7zc_mnfAHmddVibnZNSkh8DvKaQoiEfNsxjXzH_mtQheFaSfWELRB2MyMBaiWjdDm6ux9Ezns_3','XCP',0,'filled','afc792d9f398a7861852ef87eba9321394ccc02d646d4d3cfca77b9789ff61ea',18,NULL,NULL);
INSERT INTO credits VALUES(310017,'3_mn6q3dS2EnDUx3bmyWc6D4szJNVGtaR7zc_mnfAHmddVibnZNSkh8DvKaQoiEfNsxjXzH_mtQheFaSfWELRB2MyMBaiWjdDm6ux9Ezns_3','XCP',0,'filled','afc792d9f398a7861852ef87eba9321394ccc02d646d4d3cfca77b9789ff61ea',18,NULL,NULL);
INSERT INTO credits VALUES(310018,'3_mn6q3dS2EnDUx3bmyWc6D4szJNVGtaR7zc_mnfAHmddVibnZNSkh8DvKaQoiEfNsxjXzH_mtQheFaSfWELRB2MyMBaiWjdDm6ux9Ezns_3','XCP',59137500,'bet settled: liquidated for bear','dfc7ccb92b3319495755fea809d2f354e5c6f2e2f46ac7e5a18730ecaa89b777',19,NULL,NULL);
INSERT INTO credits VALUES(310018,'3_mn6q3dS2EnDUx3bmyWc6D4szJNVGtaR7zc_mnfAHmddVibnZNSkh8DvKaQoiEfNsxjXzH_mtQheFaSfWELRB2MyMBaiWjdDm6ux9Ezns_3','XCP',3112500,'feed fee','dfc7ccb92b3319495755fea809d2f354e5c6f2e2f46ac7e5a18730ecaa89b777',19,NULL,NULL);
INSERT INTO credits VALUES(310019,'3_mn6q3dS2EnDUx3bmyWc6D4szJNVGtaR7zc_mnfAHmddVibnZNSkh8DvKaQoiEfNsxjXzH_mtQheFaSfWELRB2MyMBaiWjdDm6ux9Ezns_3','XCP',159300000,'bet settled','8e0e04ce2a95cbebfcdf4612072da2754924b1c69219dae98a306c82b3c5edcc',20,NULL,NULL);
INSERT INTO credits VALUES(310019,'3_mn6q3dS2EnDUx3bmyWc6D4szJNVGtaR7zc_mnfAHmddVibnZNSkh8DvKaQoiEfNsxjXzH_mtQheFaSfWELRB2MyMBaiWjdDm6ux9Ezns_3','XCP',315700000,'bet settled','8e0e04ce2a95cbebfcdf4612072da2754924b1c69219dae98a306c82b3c5edcc',20,NULL,NULL);
INSERT INTO credits VALUES(310019,'3_mn6q3dS2EnDUx3bmyWc6D4szJNVGtaR7zc_mnfAHmddVibnZNSkh8DvKaQoiEfNsxjXzH_mtQheFaSfWELRB2MyMBaiWjdDm6ux9Ezns_3','XCP',25000000,'feed fee','8e0e04ce2a95cbebfcdf4612072da2754924b1c69219dae98a306c82b3c5edcc',20,NULL,NULL);
INSERT INTO credits VALUES(310020,'3_mn6q3dS2EnDUx3bmyWc6D4szJNVGtaR7zc_mnfAHmddVibnZNSkh8DvKaQoiEfNsxjXzH_mtQheFaSfWELRB2MyMBaiWjdDm6ux9Ezns_3','XCP',1330000000,'bet settled: for notequal','704e3b0b2496f99adaa2c175955897e0154101c06c222a25913b7554ca5c5a52',21,NULL,NULL);
INSERT INTO credits VALUES(310020,'3_mn6q3dS2EnDUx3bmyWc6D4szJNVGtaR7zc_mnfAHmddVibnZNSkh8DvKaQoiEfNsxjXzH_mtQheFaSfWELRB2MyMBaiWjdDm6ux9Ezns_3','XCP',70000000,'feed fee','704e3b0b2496f99adaa2c175955897e0154101c06c222a25913b7554ca5c5a52',21,NULL,NULL);
INSERT INTO credits VALUES(310022,'3_mn6q3dS2EnDUx3bmyWc6D4szJNVGtaR7zc_mnfAHmddVibnZNSkh8DvKaQoiEfNsxjXzH_mtQheFaSfWELRB2MyMBaiWjdDm6ux9Ezns_3','XCP',56999887262,'burn','16e8d15a1cb0455fbf036cc0267602bd39129f5313d54dcf43461c075aeb9e7b',23,NULL,NULL);
INSERT INTO credits VALUES(310023,'3_mn6q3dS2EnDUx3bmyWc6D4szJNVGtaR7zc_mnfAHmddVibnZNSkh8DvKaQoiEfNsxjXzH_mtQheFaSfWELRB2MyMBaiWjdDm6ux9Ezns_3','XCP',8500000,'recredit wager remaining','bffbed634d3025a16efc3c0fc67d1d331252f08c57121b6e6df14b13f468c2ab',0,NULL,NULL);
INSERT INTO credits VALUES(310023,'3_mn6q3dS2EnDUx3bmyWc6D4szJNVGtaR7zc_mnfAHmddVibnZNSkh8DvKaQoiEfNsxjXzH_mqPCfvqTfYctXMUfmniXeG2nyaN8w6tPmj_3','BBBC',10000,'send','9d6c2d1f32224cebd4b2797ee9c2b0f090dd0c7dd9b766763366845eda3b9fce',24,NULL,NULL);
INSERT INTO credits VALUES(310032,'3_mn6q3dS2EnDUx3bmyWc6D4szJNVGtaR7zc_mnfAHmddVibnZNSkh8DvKaQoiEfNsxjXzH_mtQheFaSfWELRB2MyMBaiWjdDm6ux9Ezns_3','BBBB',50000000,'cancel order','e9ce757c23cb36e566d824235e575c319faec712759e96a800e0672b2b7cc082',0,NULL,NULL);
-- Triggers and indices on  credits
CREATE TRIGGER block_update_credits
            BEFORE UPDATE ON credits BEGIN
                SELECT RAISE(FAIL, "UPDATES NOT ALLOWED");
            END;
CREATE INDEX credits_address_idx ON credits (address)
        ;
CREATE INDEX credits_asset_idx ON credits (asset)
        ;
CREATE INDEX credits_block_index_idx ON credits (block_index)
        ;
CREATE INDEX credits_calling_function_idx ON credits (calling_function)
        ;
CREATE INDEX credits_event_idx ON credits (event)
        ;
CREATE INDEX credits_quantity_idx ON credits (quantity)
        ;
CREATE INDEX credits_utxo_address_idx ON credits (utxo_address)
        ;
CREATE INDEX credits_utxo_idx ON credits (utxo)
        ;

COMMIT TRANSACTION;
PRAGMA page_size=4096;
-- PRAGMA encoding='UTF-8';
-- PRAGMA auto_vacuum=FULL;
-- PRAGMA max_page_count=4294967294;

BEGIN TRANSACTION;

-- Table  debits
DROP TABLE IF EXISTS debits;
CREATE TABLE debits(
                      block_index INTEGER,
                      address TEXT,
                      asset TEXT,
                      quantity INTEGER,
                      action TEXT,
                      event TEXT, tx_index INTEGER, utxo TEXT, utxo_address TEXT,
                      FOREIGN KEY (block_index) REFERENCES blocks(block_index));
INSERT INTO debits VALUES(310001,'3_mn6q3dS2EnDUx3bmyWc6D4szJNVGtaR7zc_mnfAHmddVibnZNSkh8DvKaQoiEfNsxjXzH_mtQheFaSfWELRB2MyMBaiWjdDm6ux9Ezns_3','XCP',50000000,'send','4ff96f4da9de33ce6146c3a3f352dbb2ad201e481c72d59ae7ddc9bc2f5ab1a4',2,NULL,NULL);
INSERT INTO debits VALUES(310003,'3_mn6q3dS2EnDUx3bmyWc6D4szJNVGtaR7zc_mnfAHmddVibnZNSkh8DvKaQoiEfNsxjXzH_mtQheFaSfWELRB2MyMBaiWjdDm6ux9Ezns_3','XCP',105000000,'open order','b1415d3493376a14e9e2378a6243666b7c8e5bd8c26793fd21852458c9926c57',4,NULL,NULL);
INSERT INTO debits VALUES(310005,'3_mn6q3dS2EnDUx3bmyWc6D4szJNVGtaR7zc_mnfAHmddVibnZNSkh8DvKaQoiEfNsxjXzH_mtQheFaSfWELRB2MyMBaiWjdDm6ux9Ezns_3','XCP',50000000,'issuance fee','a6b39c99d5f729953abeb87189acd2e295d54214272a6ac9bc199754f995315e',6,NULL,NULL);
INSERT INTO debits VALUES(310006,'3_mn6q3dS2EnDUx3bmyWc6D4szJNVGtaR7zc_mnfAHmddVibnZNSkh8DvKaQoiEfNsxjXzH_mtQheFaSfWELRB2MyMBaiWjdDm6ux9Ezns_3','XCP',50000000,'issuance fee','ecd364b62bcb98c1236f9015b0a782ad0e35350655405c1c49b4662e8258688e',7,NULL,NULL);
INSERT INTO debits VALUES(310007,'3_mn6q3dS2EnDUx3bmyWc6D4szJNVGtaR7zc_mnfAHmddVibnZNSkh8DvKaQoiEfNsxjXzH_mtQheFaSfWELRB2MyMBaiWjdDm6ux9Ezns_3','BBBB',4000000,'send','652a600b4a066fe75ba07df96820dc2b77ec18adf527cfc9793561f0dcf153be',8,NULL,NULL);
INSERT INTO debits VALUES(310008,'3_mn6q3dS2EnDUx3bmyWc6D4szJNVGtaR7zc_mnfAHmddVibnZNSkh8DvKaQoiEfNsxjXzH_mtQheFaSfWELRB2MyMBaiWjdDm6ux9Ezns_3','BBBC',526,'send','ed52f86b2c58ea370932008b324e07443332458f6bde63d6fd9be5c50a3df422',9,NULL,NULL);
INSERT INTO debits VALUES(310009,'3_mn6q3dS2EnDUx3bmyWc6D4szJNVGtaR7zc_mnfAHmddVibnZNSkh8DvKaQoiEfNsxjXzH_mtQheFaSfWELRB2MyMBaiWjdDm6ux9Ezns_3','XCP',24,'dividend','7c26c22fcdb0eb629b46e7628a587286533e2452b89a5f6bba27f996e27498d2',10,NULL,NULL);
INSERT INTO debits VALUES(310009,'3_mn6q3dS2EnDUx3bmyWc6D4szJNVGtaR7zc_mnfAHmddVibnZNSkh8DvKaQoiEfNsxjXzH_mtQheFaSfWELRB2MyMBaiWjdDm6ux9Ezns_3','XCP',20000,'dividend fee','7c26c22fcdb0eb629b46e7628a587286533e2452b89a5f6bba27f996e27498d2',10,NULL,NULL);
INSERT INTO debits VALUES(310010,'3_mn6q3dS2EnDUx3bmyWc6D4szJNVGtaR7zc_mnfAHmddVibnZNSkh8DvKaQoiEfNsxjXzH_mtQheFaSfWELRB2MyMBaiWjdDm6ux9Ezns_3','XCP',420800,'dividend','0454dde2a3e592d9e863b00ff6f717a324ba387660eb8243c12f2e842cb7e00b',11,NULL,NULL);
INSERT INTO debits VALUES(310010,'3_mn6q3dS2EnDUx3bmyWc6D4szJNVGtaR7zc_mnfAHmddVibnZNSkh8DvKaQoiEfNsxjXzH_mtQheFaSfWELRB2MyMBaiWjdDm6ux9Ezns_3','XCP',20000,'dividend fee','0454dde2a3e592d9e863b00ff6f717a324ba387660eb8243c12f2e842cb7e00b',11,NULL,NULL);
INSERT INTO debits VALUES(310012,'3_mn6q3dS2EnDUx3bmyWc6D4szJNVGtaR7zc_mnfAHmddVibnZNSkh8DvKaQoiEfNsxjXzH_mtQheFaSfWELRB2MyMBaiWjdDm6ux9Ezns_3','XCP',50000000,'bet','bffbed634d3025a16efc3c0fc67d1d331252f08c57121b6e6df14b13f468c2ab',13,NULL,NULL);
INSERT INTO debits VALUES(310013,'3_mn6q3dS2EnDUx3bmyWc6D4szJNVGtaR7zc_mnfAHmddVibnZNSkh8DvKaQoiEfNsxjXzH_mtQheFaSfWELRB2MyMBaiWjdDm6ux9Ezns_3','XCP',25000000,'bet','680bf25c98312059770a4c25f5eb42b99f8f471dc82c8cabada5ac179dc12c55',14,NULL,NULL);
INSERT INTO debits VALUES(310014,'3_mn6q3dS2EnDUx3bmyWc6D4szJNVGtaR7zc_mnfAHmddVibnZNSkh8DvKaQoiEfNsxjXzH_mtQheFaSfWELRB2MyMBaiWjdDm6ux9Ezns_3','XCP',150000000,'bet','cd4a6279ddd6a4477cce791232a96b0101535e62b63535197ffd6724169eacd9',15,NULL,NULL);
INSERT INTO debits VALUES(310015,'3_mn6q3dS2EnDUx3bmyWc6D4szJNVGtaR7zc_mnfAHmddVibnZNSkh8DvKaQoiEfNsxjXzH_mtQheFaSfWELRB2MyMBaiWjdDm6ux9Ezns_3','XCP',350000000,'bet','fd3b6e2bd441ce04b879c4f432e8660970347a688542175ed8d2020a69dfb4cb',16,NULL,NULL);
INSERT INTO debits VALUES(310016,'3_mn6q3dS2EnDUx3bmyWc6D4szJNVGtaR7zc_mnfAHmddVibnZNSkh8DvKaQoiEfNsxjXzH_mtQheFaSfWELRB2MyMBaiWjdDm6ux9Ezns_3','XCP',750000000,'bet','9c80a6d27fcc339795c78fef61545d15655a99c9cc616649f6b13855230dec16',17,NULL,NULL);
INSERT INTO debits VALUES(310017,'3_mn6q3dS2EnDUx3bmyWc6D4szJNVGtaR7zc_mnfAHmddVibnZNSkh8DvKaQoiEfNsxjXzH_mtQheFaSfWELRB2MyMBaiWjdDm6ux9Ezns_3','XCP',650000000,'bet','afc792d9f398a7861852ef87eba9321394ccc02d646d4d3cfca77b9789ff61ea',18,NULL,NULL);
INSERT INTO debits VALUES(310021,'3_mn6q3dS2EnDUx3bmyWc6D4szJNVGtaR7zc_mnfAHmddVibnZNSkh8DvKaQoiEfNsxjXzH_mtQheFaSfWELRB2MyMBaiWjdDm6ux9Ezns_3','BBBB',50000000,'open order','e9ce757c23cb36e566d824235e575c319faec712759e96a800e0672b2b7cc082',22,NULL,NULL);
INSERT INTO debits VALUES(310023,'3_mn6q3dS2EnDUx3bmyWc6D4szJNVGtaR7zc_mnfAHmddVibnZNSkh8DvKaQoiEfNsxjXzH_mtQheFaSfWELRB2MyMBaiWjdDm6ux9Ezns_3','BBBC',10000,'send','9d6c2d1f32224cebd4b2797ee9c2b0f090dd0c7dd9b766763366845eda3b9fce',24,NULL,NULL);
-- Triggers and indices on  debits
CREATE TRIGGER block_update_debits
            BEFORE UPDATE ON debits BEGIN
                SELECT RAISE(FAIL, "UPDATES NOT ALLOWED");
            END;
CREATE INDEX debits_action_idx ON debits (action)
        ;
CREATE INDEX debits_address_idx ON debits (address)
        ;
CREATE INDEX debits_asset_idx ON debits (asset)
        ;
CREATE INDEX debits_block_index_idx ON debits (block_index)
        ;
CREATE INDEX debits_event_idx ON debits (event)
        ;
CREATE INDEX debits_quantity_idx ON debits (quantity)
        ;
CREATE INDEX debits_utxo_address_idx ON debits (utxo_address)
        ;
CREATE INDEX debits_utxo_idx ON debits (utxo)
        ;

COMMIT TRANSACTION;
PRAGMA page_size=4096;
-- PRAGMA encoding='UTF-8';
-- PRAGMA auto_vacuum=FULL;
-- PRAGMA max_page_count=4294967294;

BEGIN TRANSACTION;

-- Table  messages
DROP TABLE IF EXISTS messages;
CREATE TABLE messages(
                      message_index INTEGER PRIMARY KEY,
                      block_index INTEGER,
                      command TEXT,
                      category TEXT,
                      bindings TEXT,
                      timestamp INTEGER,
                      event TEXT,
                      tx_hash TEXT,
                      event_hash TEXT);
INSERT INTO messages VALUES(0,309999,'insert','blocks','{"block_hash":"8b3bef249cb3b0fa23a4936c1249b6bd41daeadc848c8d2e409ea1cbc10adfe7","block_index":309999,"block_time":309999000,"difficulty":null,"ledger_hash":null,"previous_block_hash":null,"txlist_hash":null}',0,'NEW_BLOCK',NULL,'965f19c821dfa5b0ce29c0b99a18a7d2b1c5f70439e4d44627b946c5ac479db9');
INSERT INTO messages VALUES(1,309999,'parse','blocks','{"block_index":309999,"ledger_hash":"63f0fef31d02da85fa779e9a0e1b585b1a6a4e59e14564249e288e074e91c223","messages_hash":"63f0fef31d02da85fa779e9a0e1b585b1a6a4e59e14564249e288e074e91c223","transaction_count":0,"txlist_hash":"63f0fef31d02da85fa779e9a0e1b585b1a6a4e59e14564249e288e074e91c223"}',0,'BLOCK_PARSED',NULL,'640080d2cb6d2e2a1c1d99da104f34aa7632774837b4090fb36fadb2a306d2a0');
INSERT INTO messages VALUES(2,310000,'insert','blocks','{"block_hash":"505d8d82c4ced7daddef7ed0b05ba12ecc664176887b938ef56c6af276f3b30c","block_index":310000,"block_time":310000000,"difficulty":null,"ledger_hash":null,"previous_block_hash":null,"txlist_hash":null}',0,'NEW_BLOCK',NULL,'4e92402478a1ae3c97bae88f2b0dc960fc81385c88cd9b273ca0b74a0993c1b5');
INSERT INTO messages VALUES(3,310000,'insert','transactions','{"block_hash":"505d8d82c4ced7daddef7ed0b05ba12ecc664176887b938ef56c6af276f3b30c","block_index":310000,"block_time":310000000,"btc_amount":62000000,"data":"","destination":"mvCounterpartyXXXXXXXXXXXXXXW24Hef","fee":597,"source":"3_mn6q3dS2EnDUx3bmyWc6D4szJNVGtaR7zc_mnfAHmddVibnZNSkh8DvKaQoiEfNsxjXzH_mtQheFaSfWELRB2MyMBaiWjdDm6ux9Ezns_3","supported":true,"tx_hash":"6cf1e64cd7998653924779a246ee7cf6af6ae1d0fcd0e7e6c63a35f1a57b3901","tx_index":1,"utxos_info":" 766ba38b914f707c9eecc9273046b7dfe52c4d21dc1f5df5444ba013bcf9a145:0 2 "}',0,'NEW_TRANSACTION',NULL,'971e8ebef725136310fe30fe93c4e63587c671e67a0533273eed7f9186ff1962');
INSERT INTO messages VALUES(4,310000,'insert','credits','{"address":"3_mn6q3dS2EnDUx3bmyWc6D4szJNVGtaR7zc_mnfAHmddVibnZNSkh8DvKaQoiEfNsxjXzH_mtQheFaSfWELRB2MyMBaiWjdDm6ux9Ezns_3","asset":"XCP","block_index":310000,"calling_function":"burn","event":"6cf1e64cd7998653924779a246ee7cf6af6ae1d0fcd0e7e6c63a35f1a57b3901","quantity":93000000000,"tx_index":1,"utxo":null,"utxo_address":null}',0,'CREDIT','6cf1e64cd7998653924779a246ee7cf6af6ae1d0fcd0e7e6c63a35f1a57b3901','ede7f1af35891eb17dfaeb989580743393cd83ebb086267d6e1aa9705a92293b');
INSERT INTO messages VALUES(5,310000,'insert','burns','{"block_index":310000,"burned":62000000,"earned":93000000000,"source":"3_mn6q3dS2EnDUx3bmyWc6D4szJNVGtaR7zc_mnfAHmddVibnZNSkh8DvKaQoiEfNsxjXzH_mtQheFaSfWELRB2MyMBaiWjdDm6ux9Ezns_3","status":"valid","tx_hash":"6cf1e64cd7998653924779a246ee7cf6af6ae1d0fcd0e7e6c63a35f1a57b3901","tx_index":1}',0,'BURN','6cf1e64cd7998653924779a246ee7cf6af6ae1d0fcd0e7e6c63a35f1a57b3901','2d81ec14fd0a98c4a6b953018a1ceab45f26eb7aee3ff0a758ef65b06a374228');
INSERT INTO messages VALUES(6,310000,'parse','transactions','{"supported":true,"tx_hash":"6cf1e64cd7998653924779a246ee7cf6af6ae1d0fcd0e7e6c63a35f1a57b3901","tx_index":1}',0,'TRANSACTION_PARSED','6cf1e64cd7998653924779a246ee7cf6af6ae1d0fcd0e7e6c63a35f1a57b3901','ae3d006d1cd8b512164123cf8bbc94b9b07bd2e56f1ed7c260b83191bd915d2d');
INSERT INTO messages VALUES(7,310000,'parse','blocks','{"block_index":310000,"ledger_hash":"09fa44ed277cd9e448baf3d4a2accc520d57c77fed0d97379ba9bb804e3dda71","messages_hash":"7aedbc5676044fdd4235ef36fa2045284de52d0beba42f38e5caeea0010123a0","transaction_count":1,"txlist_hash":"bbc713abe81adc339457c88ed204fc893ffb52f5076284de70dec69507706ece"}',0,'BLOCK_PARSED',NULL,'243568b5b1fa2a6013023dc1ed817b55e835e84ce64735ae2247aed40834a4e9');
INSERT INTO messages VALUES(8,310001,'insert','blocks','{"block_hash":"3c9f6a9c6cac46a9273bd3db39ad775acd5bc546378ec2fb0587e06e112cc78e","block_index":310001,"block_time":310001000,"difficulty":null,"ledger_hash":null,"previous_block_hash":null,"txlist_hash":null}',0,'NEW_BLOCK',NULL,'aa3c39cce4aafbf044d7cd5db4fdecc7b0283495e357055b03883237fc03d5a3');
INSERT INTO messages VALUES(9,310001,'insert','transactions','{"block_hash":"3c9f6a9c6cac46a9273bd3db39ad775acd5bc546378ec2fb0587e06e112cc78e","block_index":310001,"block_time":310001000,"btc_amount":5430,"data":"0000000000000000000000010000000002faf080","destination":"3_mn6q3dS2EnDUx3bmyWc6D4szJNVGtaR7zc_mnfAHmddVibnZNSkh8DvKaQoiEfNsxjXzH_mqPCfvqTfYctXMUfmniXeG2nyaN8w6tPmj_3","fee":1179,"source":"3_mn6q3dS2EnDUx3bmyWc6D4szJNVGtaR7zc_mnfAHmddVibnZNSkh8DvKaQoiEfNsxjXzH_mtQheFaSfWELRB2MyMBaiWjdDm6ux9Ezns_3","supported":true,"tx_hash":"4ff96f4da9de33ce6146c3a3f352dbb2ad201e481c72d59ae7ddc9bc2f5ab1a4","tx_index":2,"utxos_info":" e3be9934be757bd8d82d571381cf915d571ac5ad1b1fc7b0403477c4b0757de1:0 3 "}',0,'NEW_TRANSACTION',NULL,'cd84816ee7ce2b14acd64c2fe1f512f03a5193917577744947d3ce81f23ecd63');
INSERT INTO messages VALUES(10,310001,'insert','debits','{"action":"send","address":"3_mn6q3dS2EnDUx3bmyWc6D4szJNVGtaR7zc_mnfAHmddVibnZNSkh8DvKaQoiEfNsxjXzH_mtQheFaSfWELRB2MyMBaiWjdDm6ux9Ezns_3","asset":"XCP","block_index":310001,"event":"4ff96f4da9de33ce6146c3a3f352dbb2ad201e481c72d59ae7ddc9bc2f5ab1a4","quantity":50000000,"tx_index":2,"utxo":null,"utxo_address":null}',0,'DEBIT','4ff96f4da9de33ce6146c3a3f352dbb2ad201e481c72d59ae7ddc9bc2f5ab1a4','6d17a2efc89cd4b0ebc9c7581072682c3dc8e6e61a056295b6ea41e0eea0f905');
INSERT INTO messages VALUES(11,310001,'insert','credits','{"address":"3_mn6q3dS2EnDUx3bmyWc6D4szJNVGtaR7zc_mnfAHmddVibnZNSkh8DvKaQoiEfNsxjXzH_mqPCfvqTfYctXMUfmniXeG2nyaN8w6tPmj_3","asset":"XCP","block_index":310001,"calling_function":"send","event":"4ff96f4da9de33ce6146c3a3f352dbb2ad201e481c72d59ae7ddc9bc2f5ab1a4","quantity":50000000,"tx_index":2,"utxo":null,"utxo_address":null}',0,'CREDIT','4ff96f4da9de33ce6146c3a3f352dbb2ad201e481c72d59ae7ddc9bc2f5ab1a4','a60c5dadd0e2a4927f0868727e0c0b63a36a8037e1903ca2db9d72533d90c350');
INSERT INTO messages VALUES(12,310001,'insert','sends','{"asset":"XCP","block_index":310001,"destination":"3_mn6q3dS2EnDUx3bmyWc6D4szJNVGtaR7zc_mnfAHmddVibnZNSkh8DvKaQoiEfNsxjXzH_mqPCfvqTfYctXMUfmniXeG2nyaN8w6tPmj_3","msg_index":0,"quantity":50000000,"send_type":"send","source":"3_mn6q3dS2EnDUx3bmyWc6D4szJNVGtaR7zc_mnfAHmddVibnZNSkh8DvKaQoiEfNsxjXzH_mtQheFaSfWELRB2MyMBaiWjdDm6ux9Ezns_3","status":"valid","tx_hash":"4ff96f4da9de33ce6146c3a3f352dbb2ad201e481c72d59ae7ddc9bc2f5ab1a4","tx_index":2}',0,'SEND','4ff96f4da9de33ce6146c3a3f352dbb2ad201e481c72d59ae7ddc9bc2f5ab1a4','5b920391336338931861dfe5cafa4c1f5d9055c489b854e29a237fa7c650bb24');
INSERT INTO messages VALUES(13,310001,'parse','transactions','{"supported":true,"tx_hash":"4ff96f4da9de33ce6146c3a3f352dbb2ad201e481c72d59ae7ddc9bc2f5ab1a4","tx_index":2}',0,'TRANSACTION_PARSED','4ff96f4da9de33ce6146c3a3f352dbb2ad201e481c72d59ae7ddc9bc2f5ab1a4','4af6f56f5553517f0683fdc2847e7b8f351b48076ae33e819fc5736166cdbf57');
INSERT INTO messages VALUES(14,310001,'parse','blocks','{"block_index":310001,"ledger_hash":"b2237a0b0b29b2198355f47d38cb995e013c0e074c29dcbf1b99ed4c0f459c8d","messages_hash":"62ddfed0149491c52d31ac58221d45e71140cde6cf8a31fed2f1846a2348037c","transaction_count":1,"txlist_hash":"0ab01f96307339952b7e09196b7c5da0d4695d48fdff6b900b90b31c611ad405"}',0,'BLOCK_PARSED',NULL,'c65c69349418665fef6fbcd30634b8fb9ea487a90740fdb8cec825c2021bae80');
INSERT INTO messages VALUES(15,310002,'insert','blocks','{"block_hash":"fbb60f1144e1f7d4dc036a4a158a10ea6dea2ba6283a723342a49b8eb5cc9964","block_index":310002,"block_time":310002000,"difficulty":null,"ledger_hash":null,"previous_block_hash":null,"txlist_hash":null}',0,'NEW_BLOCK',NULL,'95f257033cbc7f60fa77d20fd80823c99c81b0130dbcdbc306e6ace7b50ae668');
INSERT INTO messages VALUES(16,310002,'insert','transactions','{"block_hash":"fbb60f1144e1f7d4dc036a4a158a10ea6dea2ba6283a723342a49b8eb5cc9964","block_index":310002,"block_time":310002000,"btc_amount":0,"data":"0000000a00000000000000000000000002faf08000000000000000010000000005f5e100000a0000000000000000","destination":"","fee":1000000,"source":"3_mn6q3dS2EnDUx3bmyWc6D4szJNVGtaR7zc_mnfAHmddVibnZNSkh8DvKaQoiEfNsxjXzH_mtQheFaSfWELRB2MyMBaiWjdDm6ux9Ezns_3","supported":true,"tx_hash":"72c0575d98796a64f7f9a027add4db701610004aba35556827498d270f5607e0","tx_index":3,"utxos_info":" 4997ea7cb53a9f6b2378e5931eca3e9b97d64d1b0f53484b0cefb26af0ce1f75:0 2 "}',0,'NEW_TRANSACTION',NULL,'f91f632fd03ced6dd444cda753dd599ad2829e60b7e28c4bd7bf458f36fce493');
INSERT INTO messages VALUES(17,310002,'insert','orders','{"block_index":310002,"expiration":10,"expire_index":310012,"fee_provided":1000000,"fee_provided_remaining":1000000,"fee_required":0,"fee_required_remaining":0,"get_asset":"XCP","get_quantity":100000000,"get_remaining":100000000,"give_asset":"BTC","give_quantity":50000000,"give_remaining":50000000,"source":"3_mn6q3dS2EnDUx3bmyWc6D4szJNVGtaR7zc_mnfAHmddVibnZNSkh8DvKaQoiEfNsxjXzH_mtQheFaSfWELRB2MyMBaiWjdDm6ux9Ezns_3","status":"open","tx_hash":"72c0575d98796a64f7f9a027add4db701610004aba35556827498d270f5607e0","tx_index":3}',0,'OPEN_ORDER','72c0575d98796a64f7f9a027add4db701610004aba35556827498d270f5607e0','12af456ed0e7a6cc105339d1e544418059bc58d3180ea137592db806bf9b1f14');
INSERT INTO messages VALUES(18,310002,'parse','transactions','{"supported":true,"tx_hash":"72c0575d98796a64f7f9a027add4db701610004aba35556827498d270f5607e0","tx_index":3}',0,'TRANSACTION_PARSED','72c0575d98796a64f7f9a027add4db701610004aba35556827498d270f5607e0','0e4a9ecbff4a6964db98ccfc1941118a84a30d9d716e76cfc8179ae9cf48130a');
INSERT INTO messages VALUES(19,310002,'parse','blocks','{"block_index":310002,"ledger_hash":"a3c393a285361d2981551f0a903d45847e7a0142779692d384bc77bac420db18","messages_hash":"3eae85b57fa9557c53db87ae0cff71f5fe6c2bfad0a3bc5aa789f81a9274f0c9","transaction_count":1,"txlist_hash":"92c6610e1a417fbaea4f133225748c828cfc55a0975de4af4f98137fbcbd3d85"}',0,'BLOCK_PARSED',NULL,'e3000614174d177c3bfee762cfe50b2bffd9f29beaa1d9ca8f845f6f24a65741');
INSERT INTO messages VALUES(20,310003,'insert','blocks','{"block_hash":"d50825dcb32bcf6f69994d616eba18de7718d3d859497e80751b2cb67e333e8a","block_index":310003,"block_time":310003000,"difficulty":null,"ledger_hash":null,"previous_block_hash":null,"txlist_hash":null}',0,'NEW_BLOCK',NULL,'fb58aa213650dacc7085967d9b62ec65afe4c114894abbda9bbc2f673554bd35');
INSERT INTO messages VALUES(21,310003,'insert','transactions','{"block_hash":"d50825dcb32bcf6f69994d616eba18de7718d3d859497e80751b2cb67e333e8a","block_index":310003,"block_time":310003000,"btc_amount":0,"data":"0000000a00000000000000010000000006422c4000000000000000000000000002faf080000a00000000000dbba0","destination":"","fee":837,"source":"3_mn6q3dS2EnDUx3bmyWc6D4szJNVGtaR7zc_mnfAHmddVibnZNSkh8DvKaQoiEfNsxjXzH_mtQheFaSfWELRB2MyMBaiWjdDm6ux9Ezns_3","supported":true,"tx_hash":"b1415d3493376a14e9e2378a6243666b7c8e5bd8c26793fd21852458c9926c57","tx_index":4,"utxos_info":" 2b130baa4b36512fe1aa1a6742b84c0a564521e5581ecc46dae0eefbbbc08e78:0 2 "}',0,'NEW_TRANSACTION',NULL,'d3c1648184003f894a10801da003237c5c43b7ebc904cc9202364513741ba7cc');
INSERT INTO messages VALUES(22,310003,'insert','debits','{"action":"open order","address":"3_mn6q3dS2EnDUx3bmyWc6D4szJNVGtaR7zc_mnfAHmddVibnZNSkh8DvKaQoiEfNsxjXzH_mtQheFaSfWELRB2MyMBaiWjdDm6ux9Ezns_3","asset":"XCP","block_index":310003,"event":"b1415d3493376a14e9e2378a6243666b7c8e5bd8c26793fd21852458c9926c57","quantity":105000000,"tx_index":4,"utxo":null,"utxo_address":null}',0,'DEBIT','b1415d3493376a14e9e2378a6243666b7c8e5bd8c26793fd21852458c9926c57','56abba39b22bdacbe6b070a11838bee076deba5f5ffed8549ba74b89125e48ae');
INSERT INTO messages VALUES(23,310003,'insert','orders','{"block_index":310003,"expiration":10,"expire_index":310013,"fee_provided":837,"fee_provided_remaining":837,"fee_required":900000,"fee_required_remaining":900000,"get_asset":"BTC","get_quantity":50000000,"get_remaining":50000000,"give_asset":"XCP","give_quantity":105000000,"give_remaining":105000000,"source":"3_mn6q3dS2EnDUx3bmyWc6D4szJNVGtaR7zc_mnfAHmddVibnZNSkh8DvKaQoiEfNsxjXzH_mtQheFaSfWELRB2MyMBaiWjdDm6ux9Ezns_3","status":"open","tx_hash":"b1415d3493376a14e9e2378a6243666b7c8e5bd8c26793fd21852458c9926c57","tx_index":4}',0,'OPEN_ORDER','b1415d3493376a14e9e2378a6243666b7c8e5bd8c26793fd21852458c9926c57','020195d6442c2c530e04550ad083e73637809b6fad6ddb063f44d46b5721aaa4');
INSERT INTO messages VALUES(24,310003,'update','orders','{"fee_provided_remaining":142858,"fee_required_remaining":0,"get_remaining":0,"give_remaining":0,"status":"open","tx_hash":"72c0575d98796a64f7f9a027add4db701610004aba35556827498d270f5607e0"}',0,'ORDER_UPDATE','b1415d3493376a14e9e2378a6243666b7c8e5bd8c26793fd21852458c9926c57','0f8f9bec071575f155961c1f8cc5abfcd28e294a17c5030f0f9086036b98385f');
INSERT INTO messages VALUES(25,310003,'update','orders','{"fee_provided_remaining":837,"fee_required_remaining":42858,"get_remaining":0,"give_remaining":5000000,"status":"open","tx_hash":"b1415d3493376a14e9e2378a6243666b7c8e5bd8c26793fd21852458c9926c57"}',0,'ORDER_UPDATE','b1415d3493376a14e9e2378a6243666b7c8e5bd8c26793fd21852458c9926c57','f2e66da48f1165ae16e6416125caff518bc684fd20c374c70f9eeec4e911e36c');
INSERT INTO messages VALUES(26,310003,'insert','order_matches','{"backward_asset":"XCP","backward_quantity":100000000,"block_index":310003,"fee_paid":857142,"forward_asset":"BTC","forward_quantity":50000000,"id":"72c0575d98796a64f7f9a027add4db701610004aba35556827498d270f5607e0_b1415d3493376a14e9e2378a6243666b7c8e5bd8c26793fd21852458c9926c57","match_expire_index":310023,"status":"pending","tx0_address":"3_mn6q3dS2EnDUx3bmyWc6D4szJNVGtaR7zc_mnfAHmddVibnZNSkh8DvKaQoiEfNsxjXzH_mtQheFaSfWELRB2MyMBaiWjdDm6ux9Ezns_3","tx0_block_index":310002,"tx0_expiration":10,"tx0_hash":"72c0575d98796a64f7f9a027add4db701610004aba35556827498d270f5607e0","tx0_index":3,"tx1_address":"3_mn6q3dS2EnDUx3bmyWc6D4szJNVGtaR7zc_mnfAHmddVibnZNSkh8DvKaQoiEfNsxjXzH_mtQheFaSfWELRB2MyMBaiWjdDm6ux9Ezns_3","tx1_block_index":310003,"tx1_expiration":10,"tx1_hash":"b1415d3493376a14e9e2378a6243666b7c8e5bd8c26793fd21852458c9926c57","tx1_index":4}',0,'ORDER_MATCH','b1415d3493376a14e9e2378a6243666b7c8e5bd8c26793fd21852458c9926c57','fb8a759331e8686d11b068a297545bfccc0dada57cb74265b2c19e18db1980fe');
INSERT INTO messages VALUES(27,310003,'parse','transactions','{"supported":true,"tx_hash":"b1415d3493376a14e9e2378a6243666b7c8e5bd8c26793fd21852458c9926c57","tx_index":4}',0,'TRANSACTION_PARSED','b1415d3493376a14e9e2378a6243666b7c8e5bd8c26793fd21852458c9926c57','24f2b1d8375ee2c15af05d8b8bc81df6bf9d4c30f03de5f4aa0941bf22e92c1c');
INSERT INTO messages VALUES(28,310003,'parse','blocks','{"block_index":310003,"ledger_hash":"f96ba90a471ab5524a574cc4ff72a228a8dc7019824482a664569dcb41c126c7","messages_hash":"d74c3262ce8d2848df7de17b0afeb6b6c51d9f4d9e67cabcfd4be43eecdb4407","transaction_count":1,"txlist_hash":"bd2f6bfd656f12b710cf17463c03c03a9c1f7b5b8934f6a91c0144c3a3db4dd5"}',0,'BLOCK_PARSED',NULL,'f876f446af6583cc6dcce29c3afa1acf18a596ede4b03733b9bacbe022920055');
INSERT INTO messages VALUES(29,310004,'insert','blocks','{"block_hash":"60cdc0ac0e3121ceaa2c3885f21f5789f49992ffef6e6ff99f7da80e36744615","block_index":310004,"block_time":310004000,"difficulty":null,"ledger_hash":null,"previous_block_hash":null,"txlist_hash":null}',0,'NEW_BLOCK',NULL,'e855fcd6420b5f0fac17729a53271c362c36c135c3ddfb347debefcc7fb869f2');
INSERT INTO messages VALUES(30,310004,'insert','transactions','{"block_hash":"60cdc0ac0e3121ceaa2c3885f21f5789f49992ffef6e6ff99f7da80e36744615","block_index":310004,"block_time":310004000,"btc_amount":50000000,"data":"0000000b72c0575d98796a64f7f9a027add4db701610004aba35556827498d270f5607e0b1415d3493376a14e9e2378a6243666b7c8e5bd8c26793fd21852458c9926c57","destination":"3_mn6q3dS2EnDUx3bmyWc6D4szJNVGtaR7zc_mnfAHmddVibnZNSkh8DvKaQoiEfNsxjXzH_mtQheFaSfWELRB2MyMBaiWjdDm6ux9Ezns_3","fee":1521,"source":"3_mn6q3dS2EnDUx3bmyWc6D4szJNVGtaR7zc_mnfAHmddVibnZNSkh8DvKaQoiEfNsxjXzH_mtQheFaSfWELRB2MyMBaiWjdDm6ux9Ezns_3","supported":true,"tx_hash":"42146a099c81b81bca16de1825be83eae567568001be8b40549af1e626352ae6","tx_index":5,"utxos_info":" 5ee782ebc821b63509cb876ab5b2000f5f38872b4bc7e43ae64de0198a9f2389:0 4 "}',0,'NEW_TRANSACTION',NULL,'ce98825cac4a80558dada484fafa6dea05a9d7b02c801b201c3fd351d0b1c273');
INSERT INTO messages VALUES(31,310004,'insert','credits','{"address":"3_mn6q3dS2EnDUx3bmyWc6D4szJNVGtaR7zc_mnfAHmddVibnZNSkh8DvKaQoiEfNsxjXzH_mtQheFaSfWELRB2MyMBaiWjdDm6ux9Ezns_3","asset":"XCP","block_index":310004,"calling_function":"btcpay","event":"42146a099c81b81bca16de1825be83eae567568001be8b40549af1e626352ae6","quantity":100000000,"tx_index":5,"utxo":null,"utxo_address":null}',0,'CREDIT','42146a099c81b81bca16de1825be83eae567568001be8b40549af1e626352ae6','603465e7c47b7dd9820a8a53d99848be1f4e62cfe243dc591601b8c052de0eb9');
INSERT INTO messages VALUES(32,310004,'update','order_matches','{"id":"72c0575d98796a64f7f9a027add4db701610004aba35556827498d270f5607e0_b1415d3493376a14e9e2378a6243666b7c8e5bd8c26793fd21852458c9926c57","order_match_id":"72c0575d98796a64f7f9a027add4db701610004aba35556827498d270f5607e0_b1415d3493376a14e9e2378a6243666b7c8e5bd8c26793fd21852458c9926c57","status":"completed"}',0,'ORDER_MATCH_UPDATE','42146a099c81b81bca16de1825be83eae567568001be8b40549af1e626352ae6','c1740d4da40aaa30ca06aee77db74a44724590604f82c98c1c8fa7b5a1bb7c2f');
INSERT INTO messages VALUES(33,310004,'insert','btcpays','{"block_index":310004,"btc_amount":50000000,"destination":"3_mn6q3dS2EnDUx3bmyWc6D4szJNVGtaR7zc_mnfAHmddVibnZNSkh8DvKaQoiEfNsxjXzH_mtQheFaSfWELRB2MyMBaiWjdDm6ux9Ezns_3","order_match_id":"72c0575d98796a64f7f9a027add4db701610004aba35556827498d270f5607e0_b1415d3493376a14e9e2378a6243666b7c8e5bd8c26793fd21852458c9926c57","source":"3_mn6q3dS2EnDUx3bmyWc6D4szJNVGtaR7zc_mnfAHmddVibnZNSkh8DvKaQoiEfNsxjXzH_mtQheFaSfWELRB2MyMBaiWjdDm6ux9Ezns_3","status":"valid","tx_hash":"42146a099c81b81bca16de1825be83eae567568001be8b40549af1e626352ae6","tx_index":5}',0,'BTC_PAY','42146a099c81b81bca16de1825be83eae567568001be8b40549af1e626352ae6','36c122fc645196d62652dfcf43428e826ccb0396472a5c74ecf59369484b3a79');
INSERT INTO messages VALUES(34,310004,'parse','transactions','{"supported":true,"tx_hash":"42146a099c81b81bca16de1825be83eae567568001be8b40549af1e626352ae6","tx_index":5}',0,'TRANSACTION_PARSED','42146a099c81b81bca16de1825be83eae567568001be8b40549af1e626352ae6','7628086f04673d79c63e4c5756c57b40e389a8d1da1dc092f373597fc0ff429a');
INSERT INTO messages VALUES(35,310004,'parse','blocks','{"block_index":310004,"ledger_hash":"943a23e317f71981b24d636cae98f495b2bb00c949b1603a778eb7500894c844","messages_hash":"dce79e6359814515782c40df2d4a5b0866098f6651a5e98edaf6c51df562bf40","transaction_count":1,"txlist_hash":"faf1fdb11ba7bb43b78b737a37459a2c8face377296607690c92d09e09bd07f6"}',0,'BLOCK_PARSED',NULL,'a8f371a76dccf32256720e3dbecd754f086aab1cca55f138428dc073cccb0db2');
INSERT INTO messages VALUES(36,310005,'insert','blocks','{"block_hash":"8005c2926b7ecc50376642bc661a49108b6dc62636463a5c492b123e2184cd9a","block_index":310005,"block_time":310005000,"difficulty":null,"ledger_hash":null,"previous_block_hash":null,"txlist_hash":null}',0,'NEW_BLOCK',NULL,'b3802455c3ccb49cacd07e63e9d3fbb1d6c955b3650298ff34738cfc4f07298e');
INSERT INTO messages VALUES(37,310005,'insert','transactions','{"block_hash":"8005c2926b7ecc50376642bc661a49108b6dc62636463a5c492b123e2184cd9a","block_index":310005,"block_time":310005000,"btc_amount":0,"data":"000000140000000000004767000000003b9aca000100000000000000000000","destination":"","fee":837,"source":"3_mn6q3dS2EnDUx3bmyWc6D4szJNVGtaR7zc_mnfAHmddVibnZNSkh8DvKaQoiEfNsxjXzH_mtQheFaSfWELRB2MyMBaiWjdDm6ux9Ezns_3","supported":true,"tx_hash":"a6b39c99d5f729953abeb87189acd2e295d54214272a6ac9bc199754f995315e","tx_index":6,"utxos_info":" c1b1c0e603961c441d9bae20ac2c151842ebbec76ee9e96f9dd0fb0613b6bedc:0 2 "}',0,'NEW_TRANSACTION',NULL,'ae0432ea6506488719db2082e77fc8f7229cdba34e833da9b3a60f948fe12b83');
INSERT INTO messages VALUES(38,310005,'insert','debits','{"action":"issuance fee","address":"3_mn6q3dS2EnDUx3bmyWc6D4szJNVGtaR7zc_mnfAHmddVibnZNSkh8DvKaQoiEfNsxjXzH_mtQheFaSfWELRB2MyMBaiWjdDm6ux9Ezns_3","asset":"XCP","block_index":310005,"event":"a6b39c99d5f729953abeb87189acd2e295d54214272a6ac9bc199754f995315e","quantity":50000000,"tx_index":6,"utxo":null,"utxo_address":null}',0,'DEBIT','a6b39c99d5f729953abeb87189acd2e295d54214272a6ac9bc199754f995315e','ec37f39c125fcd3efe6f92c47992c24f8dd9a5cef4b8df2d6d038c223ac30a6d');
INSERT INTO messages VALUES(39,310005,'insert','assets','{"asset_id":"18279","asset_longname":null,"asset_name":"BBBB","block_index":310005}',0,'ASSET_CREATION','a6b39c99d5f729953abeb87189acd2e295d54214272a6ac9bc199754f995315e','f75c321110b32f02b44a5a4b5992164a5ebb85e001ca215581c75f449ea1992a');
INSERT INTO messages VALUES(40,310005,'insert','issuances','{"asset":"BBBB","asset_events":"creation","asset_longname":null,"block_index":310005,"call_date":0,"call_price":0.0,"callable":false,"description":"","description_locked":false,"divisible":true,"fee_paid":50000000,"issuer":"3_mn6q3dS2EnDUx3bmyWc6D4szJNVGtaR7zc_mnfAHmddVibnZNSkh8DvKaQoiEfNsxjXzH_mtQheFaSfWELRB2MyMBaiWjdDm6ux9Ezns_3","locked":false,"quantity":1000000000,"reset":false,"source":"3_mn6q3dS2EnDUx3bmyWc6D4szJNVGtaR7zc_mnfAHmddVibnZNSkh8DvKaQoiEfNsxjXzH_mtQheFaSfWELRB2MyMBaiWjdDm6ux9Ezns_3","status":"valid","transfer":false,"tx_hash":"a6b39c99d5f729953abeb87189acd2e295d54214272a6ac9bc199754f995315e","tx_index":6}',0,'ASSET_ISSUANCE','a6b39c99d5f729953abeb87189acd2e295d54214272a6ac9bc199754f995315e','0e105a56d348faa3748e8a213339ab2ba6e8361ca27bb807c970224fcce95dcc');
INSERT INTO messages VALUES(41,310005,'insert','credits','{"address":"3_mn6q3dS2EnDUx3bmyWc6D4szJNVGtaR7zc_mnfAHmddVibnZNSkh8DvKaQoiEfNsxjXzH_mtQheFaSfWELRB2MyMBaiWjdDm6ux9Ezns_3","asset":"BBBB","block_index":310005,"calling_function":"issuance","event":"a6b39c99d5f729953abeb87189acd2e295d54214272a6ac9bc199754f995315e","quantity":1000000000,"tx_index":6,"utxo":null,"utxo_address":null}',0,'CREDIT','a6b39c99d5f729953abeb87189acd2e295d54214272a6ac9bc199754f995315e','cafed27f966ff1894471eb4da096bacfadc2fe66ee1082ddef658f1774c0d747');
INSERT INTO messages VALUES(42,310005,'parse','transactions','{"supported":true,"tx_hash":"a6b39c99d5f729953abeb87189acd2e295d54214272a6ac9bc199754f995315e","tx_index":6}',0,'TRANSACTION_PARSED','a6b39c99d5f729953abeb87189acd2e295d54214272a6ac9bc199754f995315e','8b6338c17b61dcb6be792c9eb3c1b265de389b8ba3e781b357c7f02d0f8a3ea5');
INSERT INTO messages VALUES(43,310005,'parse','blocks','{"block_index":310005,"ledger_hash":"0c5f3dd2d439a571eec03583442fb051bedf5bc0b0ede92012922b27847af2a1","messages_hash":"9d0b191b03ac6c6a34166eafb5e54538573237fcb696d167374b7d0e44e79443","transaction_count":1,"txlist_hash":"fba638510ae02699f6b6ee9ce67183df489006067a93929f634499ce5e6d38c9"}',0,'BLOCK_PARSED',NULL,'22a3b0a73aa0addeefe2c165e8d74c028450123f781bb6156879a5e39eacd37d');
INSERT INTO messages VALUES(44,310006,'insert','blocks','{"block_hash":"bdad69d1669eace68b9f246de113161099d4f83322e2acf402c42defef3af2bb","block_index":310006,"block_time":310006000,"difficulty":null,"ledger_hash":null,"previous_block_hash":null,"txlist_hash":null}',0,'NEW_BLOCK',NULL,'ff00c50c0c5bd80d4f0436ed4a03e90ab45cd32f31596111a99a9d73d14cbb10');
INSERT INTO messages VALUES(45,310006,'insert','transactions','{"block_hash":"bdad69d1669eace68b9f246de113161099d4f83322e2acf402c42defef3af2bb","block_index":310006,"block_time":310006000,"btc_amount":0,"data":"00000014000000000000476800000000000186a00000000000000000000006666f6f626172","destination":"","fee":837,"source":"3_mn6q3dS2EnDUx3bmyWc6D4szJNVGtaR7zc_mnfAHmddVibnZNSkh8DvKaQoiEfNsxjXzH_mtQheFaSfWELRB2MyMBaiWjdDm6ux9Ezns_3","supported":true,"tx_hash":"ecd364b62bcb98c1236f9015b0a782ad0e35350655405c1c49b4662e8258688e","tx_index":7,"utxos_info":" 56306fb96edfd3103bcfdf9833ac2c757032d06679945916fede11c4600c8c54:0 2 "}',0,'NEW_TRANSACTION',NULL,'101c4f9689a69fb59aecb5eba867e7f283286632bc12c60b72f3dcf78055b759');
INSERT INTO messages VALUES(46,310006,'insert','debits','{"action":"issuance fee","address":"3_mn6q3dS2EnDUx3bmyWc6D4szJNVGtaR7zc_mnfAHmddVibnZNSkh8DvKaQoiEfNsxjXzH_mtQheFaSfWELRB2MyMBaiWjdDm6ux9Ezns_3","asset":"XCP","block_index":310006,"event":"ecd364b62bcb98c1236f9015b0a782ad0e35350655405c1c49b4662e8258688e","quantity":50000000,"tx_index":7,"utxo":null,"utxo_address":null}',0,'DEBIT','ecd364b62bcb98c1236f9015b0a782ad0e35350655405c1c49b4662e8258688e','070b06a02592ba5c18101b5619b3b1806c99ea03d4be990a17acf11d2a97cc6f');
INSERT INTO messages VALUES(47,310006,'insert','assets','{"asset_id":"18280","asset_longname":null,"asset_name":"BBBC","block_index":310006}',0,'ASSET_CREATION','ecd364b62bcb98c1236f9015b0a782ad0e35350655405c1c49b4662e8258688e','d8a3b628bcf8c83ffb1caa11e045ad59a8ffd29b5aa225ba223a7dba4195a21c');
INSERT INTO messages VALUES(48,310006,'insert','issuances','{"asset":"BBBC","asset_events":"creation","asset_longname":null,"block_index":310006,"call_date":0,"call_price":0.0,"callable":false,"description":"foobar","description_locked":false,"divisible":false,"fee_paid":50000000,"issuer":"3_mn6q3dS2EnDUx3bmyWc6D4szJNVGtaR7zc_mnfAHmddVibnZNSkh8DvKaQoiEfNsxjXzH_mtQheFaSfWELRB2MyMBaiWjdDm6ux9Ezns_3","locked":false,"quantity":100000,"reset":false,"source":"3_mn6q3dS2EnDUx3bmyWc6D4szJNVGtaR7zc_mnfAHmddVibnZNSkh8DvKaQoiEfNsxjXzH_mtQheFaSfWELRB2MyMBaiWjdDm6ux9Ezns_3","status":"valid","transfer":false,"tx_hash":"ecd364b62bcb98c1236f9015b0a782ad0e35350655405c1c49b4662e8258688e","tx_index":7}',0,'ASSET_ISSUANCE','ecd364b62bcb98c1236f9015b0a782ad0e35350655405c1c49b4662e8258688e','2bc6e416ccb504f58d14d0a44cc68ff3c7a6bea345ab6b50d5b6d973cff0982a');
INSERT INTO messages VALUES(49,310006,'insert','credits','{"address":"3_mn6q3dS2EnDUx3bmyWc6D4szJNVGtaR7zc_mnfAHmddVibnZNSkh8DvKaQoiEfNsxjXzH_mtQheFaSfWELRB2MyMBaiWjdDm6ux9Ezns_3","asset":"BBBC","block_index":310006,"calling_function":"issuance","event":"ecd364b62bcb98c1236f9015b0a782ad0e35350655405c1c49b4662e8258688e","quantity":100000,"tx_index":7,"utxo":null,"utxo_address":null}',0,'CREDIT','ecd364b62bcb98c1236f9015b0a782ad0e35350655405c1c49b4662e8258688e','b6520dfbe8db2c74211e1676771db6a3d573b7c6156c2855addd1aeaa8e4b909');
INSERT INTO messages VALUES(50,310006,'parse','transactions','{"supported":true,"tx_hash":"ecd364b62bcb98c1236f9015b0a782ad0e35350655405c1c49b4662e8258688e","tx_index":7}',0,'TRANSACTION_PARSED','ecd364b62bcb98c1236f9015b0a782ad0e35350655405c1c49b4662e8258688e','2a1952cd8354718e6e65949376076c04a013045a279a91bed4bbd8f4d82cb976');
INSERT INTO messages VALUES(51,310006,'parse','blocks','{"block_index":310006,"ledger_hash":"377fe894d79d60b011958ed747908b6009c5e0261fa177caefc664cb8db4c74b","messages_hash":"226540f4590091d0b7ca6323ea3981521965497276eb425ecd1466a9056b44d2","transaction_count":1,"txlist_hash":"cbca9349e2f539e5cc48123045a4d46379a5d54432459929363598b6ca0040db"}',0,'BLOCK_PARSED',NULL,'ccd719455a83124d383cdd33d02ffd3bfcd3ab256bc00ccfaa647bc43071b1ab');
INSERT INTO messages VALUES(52,310007,'insert','blocks','{"block_hash":"10a642b96d60091d08234d17dfdecf3025eca41e4fc8e3bbe71a91c5a457cb4b","block_index":310007,"block_time":310007000,"difficulty":null,"ledger_hash":null,"previous_block_hash":null,"txlist_hash":null}',0,'NEW_BLOCK',NULL,'3962d5bfb106213f51b52b3fa11873cbab76afcadd95b0bce6c1d8e86104cefb');
INSERT INTO messages VALUES(53,310007,'insert','transactions','{"block_hash":"10a642b96d60091d08234d17dfdecf3025eca41e4fc8e3bbe71a91c5a457cb4b","block_index":310007,"block_time":310007000,"btc_amount":5430,"data":"00000000000000000000476700000000003d0900","destination":"3_mn6q3dS2EnDUx3bmyWc6D4szJNVGtaR7zc_mnfAHmddVibnZNSkh8DvKaQoiEfNsxjXzH_mqPCfvqTfYctXMUfmniXeG2nyaN8w6tPmj_3","fee":1179,"source":"3_mn6q3dS2EnDUx3bmyWc6D4szJNVGtaR7zc_mnfAHmddVibnZNSkh8DvKaQoiEfNsxjXzH_mtQheFaSfWELRB2MyMBaiWjdDm6ux9Ezns_3","supported":true,"tx_hash":"652a600b4a066fe75ba07df96820dc2b77ec18adf527cfc9793561f0dcf153be","tx_index":8,"utxos_info":" 74529a9c7fcbf89af4e4c7b0e4321b0d5733171bfa72b8b4bb5208990abb67ea:0 3 "}',0,'NEW_TRANSACTION',NULL,'94903db9aaeae2179dcd878beb417efeace83d28536c1d7988854c384918daac');
INSERT INTO messages VALUES(54,310007,'insert','debits','{"action":"send","address":"3_mn6q3dS2EnDUx3bmyWc6D4szJNVGtaR7zc_mnfAHmddVibnZNSkh8DvKaQoiEfNsxjXzH_mtQheFaSfWELRB2MyMBaiWjdDm6ux9Ezns_3","asset":"BBBB","block_index":310007,"event":"652a600b4a066fe75ba07df96820dc2b77ec18adf527cfc9793561f0dcf153be","quantity":4000000,"tx_index":8,"utxo":null,"utxo_address":null}',0,'DEBIT','652a600b4a066fe75ba07df96820dc2b77ec18adf527cfc9793561f0dcf153be','acfadb6dee7e899ec236d516999e86b96bccbefd819529c92db1c502e514da5c');
INSERT INTO messages VALUES(55,310007,'insert','credits','{"address":"3_mn6q3dS2EnDUx3bmyWc6D4szJNVGtaR7zc_mnfAHmddVibnZNSkh8DvKaQoiEfNsxjXzH_mqPCfvqTfYctXMUfmniXeG2nyaN8w6tPmj_3","asset":"BBBB","block_index":310007,"calling_function":"send","event":"652a600b4a066fe75ba07df96820dc2b77ec18adf527cfc9793561f0dcf153be","quantity":4000000,"tx_index":8,"utxo":null,"utxo_address":null}',0,'CREDIT','652a600b4a066fe75ba07df96820dc2b77ec18adf527cfc9793561f0dcf153be','dc82ee1ca9e47cb1efae802a270c4fa9ecb6c67f0ccd1e5f6e392a35a518b746');
INSERT INTO messages VALUES(56,310007,'insert','sends','{"asset":"BBBB","block_index":310007,"destination":"3_mn6q3dS2EnDUx3bmyWc6D4szJNVGtaR7zc_mnfAHmddVibnZNSkh8DvKaQoiEfNsxjXzH_mqPCfvqTfYctXMUfmniXeG2nyaN8w6tPmj_3","msg_index":0,"quantity":4000000,"send_type":"send","source":"3_mn6q3dS2EnDUx3bmyWc6D4szJNVGtaR7zc_mnfAHmddVibnZNSkh8DvKaQoiEfNsxjXzH_mtQheFaSfWELRB2MyMBaiWjdDm6ux9Ezns_3","status":"valid","tx_hash":"652a600b4a066fe75ba07df96820dc2b77ec18adf527cfc9793561f0dcf153be","tx_index":8}',0,'SEND','652a600b4a066fe75ba07df96820dc2b77ec18adf527cfc9793561f0dcf153be','bfe25d51642a4304b0250fc13fb94e36f5c0fe634ed0de24b86347547850deb3');
INSERT INTO messages VALUES(57,310007,'parse','transactions','{"supported":true,"tx_hash":"652a600b4a066fe75ba07df96820dc2b77ec18adf527cfc9793561f0dcf153be","tx_index":8}',0,'TRANSACTION_PARSED','652a600b4a066fe75ba07df96820dc2b77ec18adf527cfc9793561f0dcf153be','6ed6be229cb11c5b4310f992b1a9543bc83aa8ae2b70368dba0297cf9e97d588');
INSERT INTO messages VALUES(58,310007,'parse','blocks','{"block_index":310007,"ledger_hash":"4be55eb54e78e829306dfa31248b3073d311f49da420d9844f9aedabfbd296e3","messages_hash":"17ce408c5c433a1125c9ce7ab8bac14e1f2c6464fa32bdf2cd1dae23cda2ed4b","transaction_count":1,"txlist_hash":"73612cf82767f64138c5b387c3d77d784eaef9db204b20d99addbac5cac0d0a7"}',0,'BLOCK_PARSED',NULL,'bd1d557f1c28753a707c4e041761a15746d20342895a44b97cfa595deea836e7');
INSERT INTO messages VALUES(59,310008,'insert','blocks','{"block_hash":"47d0e3acbdc6916aeae95e987f9cfa16209b3df1e67bb38143b3422b32322c33","block_index":310008,"block_time":310008000,"difficulty":null,"ledger_hash":null,"previous_block_hash":null,"txlist_hash":null}',0,'NEW_BLOCK',NULL,'b4ea3f3ebd3d8baa2c25d921fff916047eb91a9607765f11a1ec68627e9372b2');
INSERT INTO messages VALUES(60,310008,'insert','transactions','{"block_hash":"47d0e3acbdc6916aeae95e987f9cfa16209b3df1e67bb38143b3422b32322c33","block_index":310008,"block_time":310008000,"btc_amount":5430,"data":"000000000000000000004768000000000000020e","destination":"3_mn6q3dS2EnDUx3bmyWc6D4szJNVGtaR7zc_mnfAHmddVibnZNSkh8DvKaQoiEfNsxjXzH_mqPCfvqTfYctXMUfmniXeG2nyaN8w6tPmj_3","fee":1179,"source":"3_mn6q3dS2EnDUx3bmyWc6D4szJNVGtaR7zc_mnfAHmddVibnZNSkh8DvKaQoiEfNsxjXzH_mtQheFaSfWELRB2MyMBaiWjdDm6ux9Ezns_3","supported":true,"tx_hash":"ed52f86b2c58ea370932008b324e07443332458f6bde63d6fd9be5c50a3df422","tx_index":9,"utxos_info":" daf1c99951e9d3d7ef9748bad9dd1fbe9db007346df0e7c6fe8cec75f1b156e3:0 3 "}',0,'NEW_TRANSACTION',NULL,'c59f57a508d702f2e24615afabda241fa6216aa1ceff84677b4e9b97bd2b9a71');
INSERT INTO messages VALUES(61,310008,'insert','debits','{"action":"send","address":"3_mn6q3dS2EnDUx3bmyWc6D4szJNVGtaR7zc_mnfAHmddVibnZNSkh8DvKaQoiEfNsxjXzH_mtQheFaSfWELRB2MyMBaiWjdDm6ux9Ezns_3","asset":"BBBC","block_index":310008,"event":"ed52f86b2c58ea370932008b324e07443332458f6bde63d6fd9be5c50a3df422","quantity":526,"tx_index":9,"utxo":null,"utxo_address":null}',0,'DEBIT','ed52f86b2c58ea370932008b324e07443332458f6bde63d6fd9be5c50a3df422','05c1b80a64912810bd48bed1c2cd16fa242d286755be5da80703bba4c5db18de');
INSERT INTO messages VALUES(62,310008,'insert','credits','{"address":"3_mn6q3dS2EnDUx3bmyWc6D4szJNVGtaR7zc_mnfAHmddVibnZNSkh8DvKaQoiEfNsxjXzH_mqPCfvqTfYctXMUfmniXeG2nyaN8w6tPmj_3","asset":"BBBC","block_index":310008,"calling_function":"send","event":"ed52f86b2c58ea370932008b324e07443332458f6bde63d6fd9be5c50a3df422","quantity":526,"tx_index":9,"utxo":null,"utxo_address":null}',0,'CREDIT','ed52f86b2c58ea370932008b324e07443332458f6bde63d6fd9be5c50a3df422','b335047a8d4aae25e5c2f517892464a524e12858cef2e6b828ae66caa3e288e1');
INSERT INTO messages VALUES(63,310008,'insert','sends','{"asset":"BBBC","block_index":310008,"destination":"3_mn6q3dS2EnDUx3bmyWc6D4szJNVGtaR7zc_mnfAHmddVibnZNSkh8DvKaQoiEfNsxjXzH_mqPCfvqTfYctXMUfmniXeG2nyaN8w6tPmj_3","msg_index":0,"quantity":526,"send_type":"send","source":"3_mn6q3dS2EnDUx3bmyWc6D4szJNVGtaR7zc_mnfAHmddVibnZNSkh8DvKaQoiEfNsxjXzH_mtQheFaSfWELRB2MyMBaiWjdDm6ux9Ezns_3","status":"valid","tx_hash":"ed52f86b2c58ea370932008b324e07443332458f6bde63d6fd9be5c50a3df422","tx_index":9}',0,'SEND','ed52f86b2c58ea370932008b324e07443332458f6bde63d6fd9be5c50a3df422','23c445007b5dcc882d2b25b3bdd78f0162bd7208b8c72befa287ff2ec0b572d0');
INSERT INTO messages VALUES(64,310008,'parse','transactions','{"supported":true,"tx_hash":"ed52f86b2c58ea370932008b324e07443332458f6bde63d6fd9be5c50a3df422","tx_index":9}',0,'TRANSACTION_PARSED','ed52f86b2c58ea370932008b324e07443332458f6bde63d6fd9be5c50a3df422','b60fd41cace02e3e27a4a5aec2144c53182f1f57481b7542abd4e6a78ceff447');
INSERT INTO messages VALUES(65,310008,'parse','blocks','{"block_index":310008,"ledger_hash":"1248da848479b90f9dada38eaa02b9fe1226859e6ed1e3c4a121172786178dea","messages_hash":"6dc55c79db4c86edd16dc1a16168ae8cd1230164dc19470b4b27113646060d3c","transaction_count":1,"txlist_hash":"d3b6d3b580d483c68a5c291f3a2fd16bd3756029d57bd7d4268ceb2f88b9eee2"}',0,'BLOCK_PARSED',NULL,'6d1525617d61bd96dd5cb0bb3668fffd0a53b9d6f89147e241da23b1fb75a60b');
INSERT INTO messages VALUES(66,310009,'insert','blocks','{"block_hash":"4d474992b141620bf3753863db7ee5e8af26cadfbba27725911f44fa657bc1c0","block_index":310009,"block_time":310009000,"difficulty":null,"ledger_hash":null,"previous_block_hash":null,"txlist_hash":null}',0,'NEW_BLOCK',NULL,'dc9ff6c62e2643e91cf3fcd336ba4c4b1e06a59f72ad74a8746181ef367cfa44');
INSERT INTO messages VALUES(67,310009,'insert','transactions','{"block_hash":"4d474992b141620bf3753863db7ee5e8af26cadfbba27725911f44fa657bc1c0","block_index":310009,"block_time":310009000,"btc_amount":0,"data":"00000032000000000000025800000000000047670000000000000001","destination":"","fee":837,"source":"3_mn6q3dS2EnDUx3bmyWc6D4szJNVGtaR7zc_mnfAHmddVibnZNSkh8DvKaQoiEfNsxjXzH_mtQheFaSfWELRB2MyMBaiWjdDm6ux9Ezns_3","supported":true,"tx_hash":"7c26c22fcdb0eb629b46e7628a587286533e2452b89a5f6bba27f996e27498d2","tx_index":10,"utxos_info":" 02b3f43d81b7dd1240e0a47ca577db1776b8084ed519d131f810162b4105f986:0 2 "}',0,'NEW_TRANSACTION',NULL,'98cedd388ce3b1699b8a5e4717c5f93ed1fe7970f2fdca39055e3eb6acc23f2a');
INSERT INTO messages VALUES(68,310009,'insert','debits','{"action":"dividend","address":"3_mn6q3dS2EnDUx3bmyWc6D4szJNVGtaR7zc_mnfAHmddVibnZNSkh8DvKaQoiEfNsxjXzH_mtQheFaSfWELRB2MyMBaiWjdDm6ux9Ezns_3","asset":"XCP","block_index":310009,"event":"7c26c22fcdb0eb629b46e7628a587286533e2452b89a5f6bba27f996e27498d2","quantity":24,"tx_index":10,"utxo":null,"utxo_address":null}',0,'DEBIT','7c26c22fcdb0eb629b46e7628a587286533e2452b89a5f6bba27f996e27498d2','c7aff30ad2f64929e8a88196c1a1616f12061108fa676a07aa3608327920fdfd');
INSERT INTO messages VALUES(69,310009,'insert','debits','{"action":"dividend fee","address":"3_mn6q3dS2EnDUx3bmyWc6D4szJNVGtaR7zc_mnfAHmddVibnZNSkh8DvKaQoiEfNsxjXzH_mtQheFaSfWELRB2MyMBaiWjdDm6ux9Ezns_3","asset":"XCP","block_index":310009,"event":"7c26c22fcdb0eb629b46e7628a587286533e2452b89a5f6bba27f996e27498d2","quantity":20000,"tx_index":10,"utxo":null,"utxo_address":null}',0,'DEBIT','7c26c22fcdb0eb629b46e7628a587286533e2452b89a5f6bba27f996e27498d2','fe1809e600485fd09112a24a49832498f247803d3e12a9b205a29b5490cc5189');
INSERT INTO messages VALUES(70,310009,'insert','credits','{"address":"3_mn6q3dS2EnDUx3bmyWc6D4szJNVGtaR7zc_mnfAHmddVibnZNSkh8DvKaQoiEfNsxjXzH_mqPCfvqTfYctXMUfmniXeG2nyaN8w6tPmj_3","asset":"XCP","block_index":310009,"calling_function":"dividend","event":"7c26c22fcdb0eb629b46e7628a587286533e2452b89a5f6bba27f996e27498d2","quantity":24,"tx_index":10,"utxo":null,"utxo_address":null}',0,'CREDIT','7c26c22fcdb0eb629b46e7628a587286533e2452b89a5f6bba27f996e27498d2','505724834c7466f06d160ab889e8ca4be5eba824dc457ea2332efa8299e1a18f');
INSERT INTO messages VALUES(71,310009,'insert','dividends','{"asset":"BBBB","block_index":310009,"dividend_asset":"XCP","fee_paid":20000,"quantity_per_unit":600,"source":"3_mn6q3dS2EnDUx3bmyWc6D4szJNVGtaR7zc_mnfAHmddVibnZNSkh8DvKaQoiEfNsxjXzH_mtQheFaSfWELRB2MyMBaiWjdDm6ux9Ezns_3","status":"valid","tx_hash":"7c26c22fcdb0eb629b46e7628a587286533e2452b89a5f6bba27f996e27498d2","tx_index":10}',0,'ASSET_DIVIDEND','7c26c22fcdb0eb629b46e7628a587286533e2452b89a5f6bba27f996e27498d2','bbb5a2ddb716a63b41ebd9a48d0e199cdfc5ca99658cb4fb2732d683e3ab2781');
INSERT INTO messages VALUES(72,310009,'parse','transactions','{"supported":true,"tx_hash":"7c26c22fcdb0eb629b46e7628a587286533e2452b89a5f6bba27f996e27498d2","tx_index":10}',0,'TRANSACTION_PARSED','7c26c22fcdb0eb629b46e7628a587286533e2452b89a5f6bba27f996e27498d2','afb97d87690baef8ec8efb76c30aa00353e309779bdc36ad3079d6c777c79c39');
INSERT INTO messages VALUES(73,310009,'parse','blocks','{"block_index":310009,"ledger_hash":"1e1b07f218127eccdfab98a4bc127ce185cda15314e72328dfe10eb8f2f18726","messages_hash":"9edd0b56968be0c7cb4d7a0a52b1dab2aa084fa0a2ee19877449b386ff1aa3d4","transaction_count":1,"txlist_hash":"dd18d5523b9fbd8100aada4078316c8bb284978a2fa6c5bb43e35381ab519fe6"}',0,'BLOCK_PARSED',NULL,'4f15d04ffbc9a03f6b786e1a255801193eac7eb6599e021cde846b8391ef6a9d');
INSERT INTO messages VALUES(74,310010,'insert','blocks','{"block_hash":"a58162dff81a32e6a29b075be759dbb9fa9b8b65303e69c78fb4d7b0acc37042","block_index":310010,"block_time":310010000,"difficulty":null,"ledger_hash":null,"previous_block_hash":null,"txlist_hash":null}',0,'NEW_BLOCK',NULL,'07fbbba09b43f3a4366f3cc360b10f3ffa490f1441b7fff2b67654712b8457ae');
INSERT INTO messages VALUES(75,310010,'insert','transactions','{"block_hash":"a58162dff81a32e6a29b075be759dbb9fa9b8b65303e69c78fb4d7b0acc37042","block_index":310010,"block_time":310010000,"btc_amount":0,"data":"00000032000000000000032000000000000047680000000000000001","destination":"","fee":837,"source":"3_mn6q3dS2EnDUx3bmyWc6D4szJNVGtaR7zc_mnfAHmddVibnZNSkh8DvKaQoiEfNsxjXzH_mtQheFaSfWELRB2MyMBaiWjdDm6ux9Ezns_3","supported":true,"tx_hash":"0454dde2a3e592d9e863b00ff6f717a324ba387660eb8243c12f2e842cb7e00b","tx_index":11,"utxos_info":" 94a8dfa9a54394177f1eca98be3774a8bd23a1eee8eb2a94702207ff0d7199f1:0 2 "}',0,'NEW_TRANSACTION',NULL,'b8d67f2164d9607af27691a522a61e5b6e4c2e83309bc55008b4e44cb0aac00b');
INSERT INTO messages VALUES(76,310010,'insert','debits','{"action":"dividend","address":"3_mn6q3dS2EnDUx3bmyWc6D4szJNVGtaR7zc_mnfAHmddVibnZNSkh8DvKaQoiEfNsxjXzH_mtQheFaSfWELRB2MyMBaiWjdDm6ux9Ezns_3","asset":"XCP","block_index":310010,"event":"0454dde2a3e592d9e863b00ff6f717a324ba387660eb8243c12f2e842cb7e00b","quantity":420800,"tx_index":11,"utxo":null,"utxo_address":null}',0,'DEBIT','0454dde2a3e592d9e863b00ff6f717a324ba387660eb8243c12f2e842cb7e00b','ee8642222f0d5e777a908e9aa45df296fc82105b5f9f33220ed5bf8a395ce094');
INSERT INTO messages VALUES(77,310010,'insert','debits','{"action":"dividend fee","address":"3_mn6q3dS2EnDUx3bmyWc6D4szJNVGtaR7zc_mnfAHmddVibnZNSkh8DvKaQoiEfNsxjXzH_mtQheFaSfWELRB2MyMBaiWjdDm6ux9Ezns_3","asset":"XCP","block_index":310010,"event":"0454dde2a3e592d9e863b00ff6f717a324ba387660eb8243c12f2e842cb7e00b","quantity":20000,"tx_index":11,"utxo":null,"utxo_address":null}',0,'DEBIT','0454dde2a3e592d9e863b00ff6f717a324ba387660eb8243c12f2e842cb7e00b','fc7c59ed967bb2df4673c9930a99a6c69b41e6c9fd38466e5cf555d55978e521');
INSERT INTO messages VALUES(78,310010,'insert','credits','{"address":"3_mn6q3dS2EnDUx3bmyWc6D4szJNVGtaR7zc_mnfAHmddVibnZNSkh8DvKaQoiEfNsxjXzH_mqPCfvqTfYctXMUfmniXeG2nyaN8w6tPmj_3","asset":"XCP","block_index":310010,"calling_function":"dividend","event":"0454dde2a3e592d9e863b00ff6f717a324ba387660eb8243c12f2e842cb7e00b","quantity":420800,"tx_index":11,"utxo":null,"utxo_address":null}',0,'CREDIT','0454dde2a3e592d9e863b00ff6f717a324ba387660eb8243c12f2e842cb7e00b','b3695f78552db7991b72fdfa8db924d7b2119eb7aa3bc6c218b067761cb30d6b');
INSERT INTO messages VALUES(79,310010,'insert','dividends','{"asset":"BBBC","block_index":310010,"dividend_asset":"XCP","fee_paid":20000,"quantity_per_unit":800,"source":"3_mn6q3dS2EnDUx3bmyWc6D4szJNVGtaR7zc_mnfAHmddVibnZNSkh8DvKaQoiEfNsxjXzH_mtQheFaSfWELRB2MyMBaiWjdDm6ux9Ezns_3","status":"valid","tx_hash":"0454dde2a3e592d9e863b00ff6f717a324ba387660eb8243c12f2e842cb7e00b","tx_index":11}',0,'ASSET_DIVIDEND','0454dde2a3e592d9e863b00ff6f717a324ba387660eb8243c12f2e842cb7e00b','874321576762af47ee2f6317990eef3df92b74783f7dcf56a8ff132ad2cf28d0');
INSERT INTO messages VALUES(80,310010,'parse','transactions','{"supported":true,"tx_hash":"0454dde2a3e592d9e863b00ff6f717a324ba387660eb8243c12f2e842cb7e00b","tx_index":11}',0,'TRANSACTION_PARSED','0454dde2a3e592d9e863b00ff6f717a324ba387660eb8243c12f2e842cb7e00b','31ecac4e5102034bb8031cfaa084e52920399806495a75116d426114c6101e5f');
INSERT INTO messages VALUES(81,310010,'parse','blocks','{"block_index":310010,"ledger_hash":"03be7c3d8dc521277625164e3e828be106672cba205129c014ce7771a3b8730f","messages_hash":"ae0e6efd0098eef22500bbd1d70d5c2bcdeef0837354b6e6ef64f6839203067a","transaction_count":1,"txlist_hash":"7c9ddb5efa0a37828d7efd69dbd02fe91abec9029ea22529e71bb013c0886e06"}',0,'BLOCK_PARSED',NULL,'f13b03f79746182c788316e44d84af8c3b5c2c265ce28848ce8834b5d5d28ede');
INSERT INTO messages VALUES(82,310011,'insert','blocks','{"block_hash":"8042cc2ef293fd73d050f283fbd075c79dd4c49fdcca054dc0714fc3a50dc1bb","block_index":310011,"block_time":310011000,"difficulty":null,"ledger_hash":null,"previous_block_hash":null,"txlist_hash":null}',0,'NEW_BLOCK',NULL,'bcccbbaabaafb1d26530625b5b3ca5e20aa1a7cfe78d0ff0b1cc4a013700bca5');
INSERT INTO messages VALUES(83,310011,'insert','transactions','{"block_hash":"8042cc2ef293fd73d050f283fbd075c79dd4c49fdcca054dc0714fc3a50dc1bb","block_index":310011,"block_time":310011000,"btc_amount":0,"data":"0000001e52bb3300405900000000000005f5e0ff09556e69742054657374","destination":"","fee":837,"source":"3_mn6q3dS2EnDUx3bmyWc6D4szJNVGtaR7zc_mnfAHmddVibnZNSkh8DvKaQoiEfNsxjXzH_mtQheFaSfWELRB2MyMBaiWjdDm6ux9Ezns_3","supported":true,"tx_hash":"d1b41912921e10c07d66c080b0d017633ca87fa3020a004736443e4cb073db5c","tx_index":12,"utxos_info":" bfe63ad9b55c70f35a496b754f961d83ff538cf65b004e294113b2130708a3c7:0 2 "}',0,'NEW_TRANSACTION',NULL,'decc754432c8ee66c7c7e92e59bc5d9b3b43d71cc0370031e49b23e994492a17');
INSERT INTO messages VALUES(84,310011,'insert','broadcasts','{"block_index":310011,"fee_fraction_int":99999999,"locked":false,"source":"3_mn6q3dS2EnDUx3bmyWc6D4szJNVGtaR7zc_mnfAHmddVibnZNSkh8DvKaQoiEfNsxjXzH_mtQheFaSfWELRB2MyMBaiWjdDm6ux9Ezns_3","status":"valid","text":"Unit Test","timestamp":1388000000,"tx_hash":"d1b41912921e10c07d66c080b0d017633ca87fa3020a004736443e4cb073db5c","tx_index":12,"value":100.0}',0,'BROADCAST','d1b41912921e10c07d66c080b0d017633ca87fa3020a004736443e4cb073db5c','543f4cd63d11bd68a0802f7e8f232bb665ef8e240fa332bd4c959c2ef31ecdba');
INSERT INTO messages VALUES(85,310011,'parse','transactions','{"supported":true,"tx_hash":"d1b41912921e10c07d66c080b0d017633ca87fa3020a004736443e4cb073db5c","tx_index":12}',0,'TRANSACTION_PARSED','d1b41912921e10c07d66c080b0d017633ca87fa3020a004736443e4cb073db5c','24e63b68735efc71b67e8f31024f75b607d982f46d4df707668a96f91b65a7c9');
INSERT INTO messages VALUES(86,310011,'parse','blocks','{"block_index":310011,"ledger_hash":"db6d49ef7cfb461f9431b2e712f694f0747012ae28f3684e0d41476f77fab667","messages_hash":"d12c84c9cbe3d402c577ed42dab801ea7bbf15e74028d7e8611f97ed13589096","transaction_count":1,"txlist_hash":"6e00dc773042e499f518e18d79eb242d47bb4a8c17b1d67e48abdc761e4d47e9"}',0,'BLOCK_PARSED',NULL,'09ddd7bf2e3e6bf5909b6516ac96657b42ef38d7da5621d85d0a6a0c878bcaac');
INSERT INTO messages VALUES(87,310012,'insert','blocks','{"block_hash":"cdba329019d93a67b31b79d05f76ce1b7791d430ea0d6c1c2168fe78d2f67677","block_index":310012,"block_time":310012000,"difficulty":null,"ledger_hash":null,"previous_block_hash":null,"txlist_hash":null}',0,'NEW_BLOCK',NULL,'4e664f5c3749117b65643ce2ee45b1e4e7632fb0f5f890301f3f0c323fe8d427');
INSERT INTO messages VALUES(88,310012,'insert','transactions','{"block_hash":"cdba329019d93a67b31b79d05f76ce1b7791d430ea0d6c1c2168fe78d2f67677","block_index":310012,"block_time":310012000,"btc_amount":5430,"data":"00000028000052bb33640000000002faf08000000000017d7840000000000000000000003b100000000a","destination":"3_mn6q3dS2EnDUx3bmyWc6D4szJNVGtaR7zc_mnfAHmddVibnZNSkh8DvKaQoiEfNsxjXzH_mtQheFaSfWELRB2MyMBaiWjdDm6ux9Ezns_3","fee":1179,"source":"3_mn6q3dS2EnDUx3bmyWc6D4szJNVGtaR7zc_mnfAHmddVibnZNSkh8DvKaQoiEfNsxjXzH_mtQheFaSfWELRB2MyMBaiWjdDm6ux9Ezns_3","supported":true,"tx_hash":"bffbed634d3025a16efc3c0fc67d1d331252f08c57121b6e6df14b13f468c2ab","tx_index":13,"utxos_info":" 122350d48af0901c2b519cbb66af38ae30617fb5b5963cdd302b207d6b7dd467:0 3 "}',0,'NEW_TRANSACTION',NULL,'3891eaca9db8d0d0b0932f45c04c041345142013b6401f0c5dc6b9fb3fa1d89d');
INSERT INTO messages VALUES(89,310012,'insert','debits','{"action":"bet","address":"3_mn6q3dS2EnDUx3bmyWc6D4szJNVGtaR7zc_mnfAHmddVibnZNSkh8DvKaQoiEfNsxjXzH_mtQheFaSfWELRB2MyMBaiWjdDm6ux9Ezns_3","asset":"XCP","block_index":310012,"event":"bffbed634d3025a16efc3c0fc67d1d331252f08c57121b6e6df14b13f468c2ab","quantity":50000000,"tx_index":13,"utxo":null,"utxo_address":null}',0,'DEBIT','bffbed634d3025a16efc3c0fc67d1d331252f08c57121b6e6df14b13f468c2ab','b9e85db78f4da509787a604a6c4523ac3d784cfb15469fa16b46e312683f4a55');
INSERT INTO messages VALUES(90,310012,'insert','bets','{"bet_type":0,"block_index":310012,"counterwager_quantity":25000000,"counterwager_remaining":25000000,"deadline":1388000100,"expiration":10,"expire_index":310022,"fee_fraction_int":99999999.0,"feed_address":"3_mn6q3dS2EnDUx3bmyWc6D4szJNVGtaR7zc_mnfAHmddVibnZNSkh8DvKaQoiEfNsxjXzH_mtQheFaSfWELRB2MyMBaiWjdDm6ux9Ezns_3","leverage":15120,"source":"3_mn6q3dS2EnDUx3bmyWc6D4szJNVGtaR7zc_mnfAHmddVibnZNSkh8DvKaQoiEfNsxjXzH_mtQheFaSfWELRB2MyMBaiWjdDm6ux9Ezns_3","status":"open","target_value":0.0,"tx_hash":"bffbed634d3025a16efc3c0fc67d1d331252f08c57121b6e6df14b13f468c2ab","tx_index":13,"wager_quantity":50000000,"wager_remaining":50000000}',0,'OPEN_BET','bffbed634d3025a16efc3c0fc67d1d331252f08c57121b6e6df14b13f468c2ab','ca018d2b0b83cbd20a989283aa82f1899133d2a7ca2e66f201d081354532a7f2');
INSERT INTO messages VALUES(91,310012,'parse','transactions','{"supported":true,"tx_hash":"bffbed634d3025a16efc3c0fc67d1d331252f08c57121b6e6df14b13f468c2ab","tx_index":13}',0,'TRANSACTION_PARSED','bffbed634d3025a16efc3c0fc67d1d331252f08c57121b6e6df14b13f468c2ab','921ff23b1bcc8f57b8f1cb8e6267cdb809ac3cc87935066fe8ea2a83e36cf3b7');
INSERT INTO messages VALUES(92,310012,'parse','blocks','{"block_index":310012,"ledger_hash":"ac399d193def488d3457876edef42dd651b30c976025c3d6f810e4d37c88c822","messages_hash":"e381b0887ac6295cc2d0d287fc7ccbf4820e32e0584a2880fb4103bd21f94bad","transaction_count":1,"txlist_hash":"465465e889366bd3e5f4c72feaa6289b72e676f440ab3e1ecd9a2fa553259f3d"}',0,'BLOCK_PARSED',NULL,'521c21ea33d87f0e2fcce570f042c29c9409b1bb8b742fc2cd76b285d69555f6');
INSERT INTO messages VALUES(93,310013,'insert','blocks','{"block_hash":"0425e5e832e4286757dc0228cd505b8d572081007218abd3a0983a3bcd502a61","block_index":310013,"block_time":310013000,"difficulty":null,"ledger_hash":null,"previous_block_hash":null,"txlist_hash":null}',0,'NEW_BLOCK',NULL,'194cc02c6434dcc1e80ca891f4d80d24bcd48126906be85d5fdb68bd697ba78f');
INSERT INTO messages VALUES(94,310013,'insert','transactions','{"block_hash":"0425e5e832e4286757dc0228cd505b8d572081007218abd3a0983a3bcd502a61","block_index":310013,"block_time":310013000,"btc_amount":5430,"data":"00000028000152bb336400000000017d78400000000002793d60000000000000000000003b100000000a","destination":"3_mn6q3dS2EnDUx3bmyWc6D4szJNVGtaR7zc_mnfAHmddVibnZNSkh8DvKaQoiEfNsxjXzH_mtQheFaSfWELRB2MyMBaiWjdDm6ux9Ezns_3","fee":1179,"source":"3_mn6q3dS2EnDUx3bmyWc6D4szJNVGtaR7zc_mnfAHmddVibnZNSkh8DvKaQoiEfNsxjXzH_mtQheFaSfWELRB2MyMBaiWjdDm6ux9Ezns_3","supported":true,"tx_hash":"680bf25c98312059770a4c25f5eb42b99f8f471dc82c8cabada5ac179dc12c55","tx_index":14,"utxos_info":" 73633eb41eb028526cec7bd6aeb032fc9f0a1414f6d4bf791f19cb2255579c8f:0 3 "}',0,'NEW_TRANSACTION',NULL,'c5839439fe8b606bbb88bf25571781db28a23b40f76bef97ee955a9d0d0fc2a1');
INSERT INTO messages VALUES(95,310013,'update','orders','{"status":"expired","tx_hash":"72c0575d98796a64f7f9a027add4db701610004aba35556827498d270f5607e0"}',0,'ORDER_UPDATE',NULL,'86eabcb86feac7b06589a3b38d6db598ef09e5f708875e3108fe3dd77045e160');
INSERT INTO messages VALUES(96,310013,'insert','order_expirations','{"block_index":310013,"order_hash":"72c0575d98796a64f7f9a027add4db701610004aba35556827498d270f5607e0","source":"3_mn6q3dS2EnDUx3bmyWc6D4szJNVGtaR7zc_mnfAHmddVibnZNSkh8DvKaQoiEfNsxjXzH_mtQheFaSfWELRB2MyMBaiWjdDm6ux9Ezns_3"}',0,'ORDER_EXPIRATION',NULL,'5c7e4e735a12a01961d5405dfd8b6bab124e9e811729168aedd5d900b447e51e');
INSERT INTO messages VALUES(97,310013,'insert','debits','{"action":"bet","address":"3_mn6q3dS2EnDUx3bmyWc6D4szJNVGtaR7zc_mnfAHmddVibnZNSkh8DvKaQoiEfNsxjXzH_mtQheFaSfWELRB2MyMBaiWjdDm6ux9Ezns_3","asset":"XCP","block_index":310013,"event":"680bf25c98312059770a4c25f5eb42b99f8f471dc82c8cabada5ac179dc12c55","quantity":25000000,"tx_index":14,"utxo":null,"utxo_address":null}',0,'DEBIT','680bf25c98312059770a4c25f5eb42b99f8f471dc82c8cabada5ac179dc12c55','ffc93ad4da47d8749c8b8ffeb630fd8d6d4051273dbac8c3c9a11eefff9869da');
INSERT INTO messages VALUES(98,310013,'insert','bets','{"bet_type":1,"block_index":310013,"counterwager_quantity":41500000,"counterwager_remaining":41500000,"deadline":1388000100,"expiration":10,"expire_index":310023,"fee_fraction_int":99999999.0,"feed_address":"3_mn6q3dS2EnDUx3bmyWc6D4szJNVGtaR7zc_mnfAHmddVibnZNSkh8DvKaQoiEfNsxjXzH_mtQheFaSfWELRB2MyMBaiWjdDm6ux9Ezns_3","leverage":15120,"source":"3_mn6q3dS2EnDUx3bmyWc6D4szJNVGtaR7zc_mnfAHmddVibnZNSkh8DvKaQoiEfNsxjXzH_mtQheFaSfWELRB2MyMBaiWjdDm6ux9Ezns_3","status":"open","target_value":0.0,"tx_hash":"680bf25c98312059770a4c25f5eb42b99f8f471dc82c8cabada5ac179dc12c55","tx_index":14,"wager_quantity":25000000,"wager_remaining":25000000}',0,'OPEN_BET','680bf25c98312059770a4c25f5eb42b99f8f471dc82c8cabada5ac179dc12c55','5a984eff6ee55949d81f977addbe57b4a6f324bea54ef75cec6ca85c2400aa2a');
INSERT INTO messages VALUES(99,310013,'update','bets','{"counterwager_remaining":4250000,"status":"open","tx_hash":"bffbed634d3025a16efc3c0fc67d1d331252f08c57121b6e6df14b13f468c2ab","wager_remaining":8500000}',0,'BET_UPDATE','680bf25c98312059770a4c25f5eb42b99f8f471dc82c8cabada5ac179dc12c55','0dfa242a802360d6f6916ad4eab86206c434496e3abc29ac153130f02705495b');
INSERT INTO messages VALUES(100,310013,'insert','credits','{"address":"3_mn6q3dS2EnDUx3bmyWc6D4szJNVGtaR7zc_mnfAHmddVibnZNSkh8DvKaQoiEfNsxjXzH_mtQheFaSfWELRB2MyMBaiWjdDm6ux9Ezns_3","asset":"XCP","block_index":310013,"calling_function":"filled","event":"680bf25c98312059770a4c25f5eb42b99f8f471dc82c8cabada5ac179dc12c55","quantity":4250000,"tx_index":14,"utxo":null,"utxo_address":null}',0,'CREDIT','680bf25c98312059770a4c25f5eb42b99f8f471dc82c8cabada5ac179dc12c55','2fbf2e2df4fa754d8906978bd8bfa2838030ac501b7e8fed0298ce6aa15ad4f3');
INSERT INTO messages VALUES(101,310013,'update','bets','{"counterwager_remaining":0,"status":"filled","tx_hash":"680bf25c98312059770a4c25f5eb42b99f8f471dc82c8cabada5ac179dc12c55","wager_remaining":4250000}',0,'BET_UPDATE','680bf25c98312059770a4c25f5eb42b99f8f471dc82c8cabada5ac179dc12c55','c5230c2eef7ff364df1da884ba52a4f6ee19c243f938f05fc7f6b7aff2bb57a2');
INSERT INTO messages VALUES(102,310013,'insert','bet_matches','{"backward_quantity":20750000,"block_index":310012,"deadline":1388000100,"fee_fraction_int":99999999,"feed_address":"3_mn6q3dS2EnDUx3bmyWc6D4szJNVGtaR7zc_mnfAHmddVibnZNSkh8DvKaQoiEfNsxjXzH_mtQheFaSfWELRB2MyMBaiWjdDm6ux9Ezns_3","forward_quantity":41500000,"id":"bffbed634d3025a16efc3c0fc67d1d331252f08c57121b6e6df14b13f468c2ab_680bf25c98312059770a4c25f5eb42b99f8f471dc82c8cabada5ac179dc12c55","initial_value":100.0,"leverage":15120,"match_expire_index":310022,"status":"pending","target_value":0.0,"tx0_address":"3_mn6q3dS2EnDUx3bmyWc6D4szJNVGtaR7zc_mnfAHmddVibnZNSkh8DvKaQoiEfNsxjXzH_mtQheFaSfWELRB2MyMBaiWjdDm6ux9Ezns_3","tx0_bet_type":0,"tx0_block_index":310012,"tx0_expiration":10,"tx0_hash":"bffbed634d3025a16efc3c0fc67d1d331252f08c57121b6e6df14b13f468c2ab","tx0_index":13,"tx1_address":"3_mn6q3dS2EnDUx3bmyWc6D4szJNVGtaR7zc_mnfAHmddVibnZNSkh8DvKaQoiEfNsxjXzH_mtQheFaSfWELRB2MyMBaiWjdDm6ux9Ezns_3","tx1_bet_type":1,"tx1_block_index":310013,"tx1_expiration":10,"tx1_hash":"680bf25c98312059770a4c25f5eb42b99f8f471dc82c8cabada5ac179dc12c55","tx1_index":14}',0,'BET_MATCH','680bf25c98312059770a4c25f5eb42b99f8f471dc82c8cabada5ac179dc12c55','865acf02cade0aa4e44148e66d00ec7c8384b6817a936a98aa2ac07be1ac0293');
INSERT INTO messages VALUES(103,310013,'parse','transactions','{"supported":true,"tx_hash":"680bf25c98312059770a4c25f5eb42b99f8f471dc82c8cabada5ac179dc12c55","tx_index":14}',0,'TRANSACTION_PARSED','680bf25c98312059770a4c25f5eb42b99f8f471dc82c8cabada5ac179dc12c55','2b4fa5ec4cb91d69f52eed96897f52e1fbb093502dce4470a3fb36ec1d29825d');
INSERT INTO messages VALUES(104,310013,'parse','blocks','{"block_index":310013,"ledger_hash":"f6fd6f6280b1c580abe8e31de28bfa0f269d453068946733cad69d29f6874936","messages_hash":"f408ca368e3742412b4ae77fbdd019b238fb65d861b822a7b03d359790b90a45","transaction_count":1,"txlist_hash":"90d9286c144099b8458d1fd79744a8265173115f9665732eeb488c9a2e4006bb"}',0,'BLOCK_PARSED',NULL,'b92a5e759b53ade573109c0b4ebaff782c6d9ac885e98cbc1348b5b81664e9ab');
INSERT INTO messages VALUES(105,310014,'insert','blocks','{"block_hash":"85b28d413ebda2968ed82ae53643677338650151b997ed1e4656158005b9f65f","block_index":310014,"block_time":310014000,"difficulty":null,"ledger_hash":null,"previous_block_hash":null,"txlist_hash":null}',0,'NEW_BLOCK',NULL,'551aee7304e91e2f21c4df6944f31409709aa697fe843f038bfc55f635b9df8b');
INSERT INTO messages VALUES(106,310014,'insert','transactions','{"block_hash":"85b28d413ebda2968ed82ae53643677338650151b997ed1e4656158005b9f65f","block_index":310014,"block_time":310014000,"btc_amount":5430,"data":"00000028000052bb33640000000008f0d1800000000014dc93800000000000000000000013b00000000a","destination":"3_mn6q3dS2EnDUx3bmyWc6D4szJNVGtaR7zc_mnfAHmddVibnZNSkh8DvKaQoiEfNsxjXzH_mtQheFaSfWELRB2MyMBaiWjdDm6ux9Ezns_3","fee":1179,"source":"3_mn6q3dS2EnDUx3bmyWc6D4szJNVGtaR7zc_mnfAHmddVibnZNSkh8DvKaQoiEfNsxjXzH_mtQheFaSfWELRB2MyMBaiWjdDm6ux9Ezns_3","supported":true,"tx_hash":"cd4a6279ddd6a4477cce791232a96b0101535e62b63535197ffd6724169eacd9","tx_index":15,"utxos_info":" 2445c4540fef8d283fedb9afc0f0ed28249a03e9ee2be37eb46757d7feae3f1f:0 3 "}',0,'NEW_TRANSACTION',NULL,'8c6bc61440c4f5cd53ddc5d3402b7e8713caa7c6bc31718c1336ebb7c3603852');
INSERT INTO messages VALUES(107,310014,'update','orders','{"status":"expired","tx_hash":"b1415d3493376a14e9e2378a6243666b7c8e5bd8c26793fd21852458c9926c57"}',0,'ORDER_UPDATE',NULL,'16093bb75828a70bb7e4d20a4c20df106d8d73bbd5aed4720c390c763629187e');
INSERT INTO messages VALUES(108,310014,'insert','credits','{"address":"3_mn6q3dS2EnDUx3bmyWc6D4szJNVGtaR7zc_mnfAHmddVibnZNSkh8DvKaQoiEfNsxjXzH_mtQheFaSfWELRB2MyMBaiWjdDm6ux9Ezns_3","asset":"XCP","block_index":310014,"calling_function":"cancel order","event":"b1415d3493376a14e9e2378a6243666b7c8e5bd8c26793fd21852458c9926c57","quantity":5000000,"tx_index":0,"utxo":null,"utxo_address":null}',0,'CREDIT',NULL,'16610f29205f0dd5e123e7f2685d8797ab6ad29b66bf3cfe920a456eb2751f08');
INSERT INTO messages VALUES(109,310014,'insert','order_expirations','{"block_index":310014,"order_hash":"b1415d3493376a14e9e2378a6243666b7c8e5bd8c26793fd21852458c9926c57","source":"3_mn6q3dS2EnDUx3bmyWc6D4szJNVGtaR7zc_mnfAHmddVibnZNSkh8DvKaQoiEfNsxjXzH_mtQheFaSfWELRB2MyMBaiWjdDm6ux9Ezns_3"}',0,'ORDER_EXPIRATION',NULL,'6e75b524be1132635282650cbb483d0b5bf76cc7d2d7df0752ac21589c167cac');
INSERT INTO messages VALUES(110,310014,'insert','debits','{"action":"bet","address":"3_mn6q3dS2EnDUx3bmyWc6D4szJNVGtaR7zc_mnfAHmddVibnZNSkh8DvKaQoiEfNsxjXzH_mtQheFaSfWELRB2MyMBaiWjdDm6ux9Ezns_3","asset":"XCP","block_index":310014,"event":"cd4a6279ddd6a4477cce791232a96b0101535e62b63535197ffd6724169eacd9","quantity":150000000,"tx_index":15,"utxo":null,"utxo_address":null}',0,'DEBIT','cd4a6279ddd6a4477cce791232a96b0101535e62b63535197ffd6724169eacd9','08de4019ae9bf9d3253f94faaadb52e6a363bf481b0af1c501f76279296618e1');
INSERT INTO messages VALUES(111,310014,'insert','bets','{"bet_type":0,"block_index":310014,"counterwager_quantity":350000000,"counterwager_remaining":350000000,"deadline":1388000100,"expiration":10,"expire_index":310024,"fee_fraction_int":99999999.0,"feed_address":"3_mn6q3dS2EnDUx3bmyWc6D4szJNVGtaR7zc_mnfAHmddVibnZNSkh8DvKaQoiEfNsxjXzH_mtQheFaSfWELRB2MyMBaiWjdDm6ux9Ezns_3","leverage":5040,"source":"3_mn6q3dS2EnDUx3bmyWc6D4szJNVGtaR7zc_mnfAHmddVibnZNSkh8DvKaQoiEfNsxjXzH_mtQheFaSfWELRB2MyMBaiWjdDm6ux9Ezns_3","status":"open","target_value":0.0,"tx_hash":"cd4a6279ddd6a4477cce791232a96b0101535e62b63535197ffd6724169eacd9","tx_index":15,"wager_quantity":150000000,"wager_remaining":150000000}',0,'OPEN_BET','cd4a6279ddd6a4477cce791232a96b0101535e62b63535197ffd6724169eacd9','5d2d2d9fd02ab50843c61f3ec283778efb493248ebc37030914684d7b3863046');
INSERT INTO messages VALUES(112,310014,'parse','transactions','{"supported":true,"tx_hash":"cd4a6279ddd6a4477cce791232a96b0101535e62b63535197ffd6724169eacd9","tx_index":15}',0,'TRANSACTION_PARSED','cd4a6279ddd6a4477cce791232a96b0101535e62b63535197ffd6724169eacd9','709e5a27264f445b8c5dbfe8e4d43399959b15a937d3c8dbd4fba1ca3791d327');
INSERT INTO messages VALUES(113,310014,'parse','blocks','{"block_index":310014,"ledger_hash":"0c52d56c6f7c25da7b757aba30e890e9eff402155b5497a5420e13e69b7cb54b","messages_hash":"3d3d86d5962d87530f0ec2313dcccdfa2d06ee02ef6f167f79fb7499d1ffd90a","transaction_count":1,"txlist_hash":"3cab072cc3d8a5176f7c09a024bea67d20c867e330c2c431a7f5a283e1db832e"}',0,'BLOCK_PARSED',NULL,'8744c63a518d102985ceaa7a015046041c8b8f082bf82680515c1a76f59f7883');
INSERT INTO messages VALUES(114,310015,'insert','blocks','{"block_hash":"4cf77d688f18f0c68c077db882f62e49f31859dfa6144372457cd73b29223922","block_index":310015,"block_time":310015000,"difficulty":null,"ledger_hash":null,"previous_block_hash":null,"txlist_hash":null}',0,'NEW_BLOCK',NULL,'0acf8832844dae9cad63fce343e508c1cb6c1cb599b7201b81e87edb035980e3');
INSERT INTO messages VALUES(115,310015,'insert','transactions','{"block_hash":"4cf77d688f18f0c68c077db882f62e49f31859dfa6144372457cd73b29223922","block_index":310015,"block_time":310015000,"btc_amount":5430,"data":"00000028000152bb33640000000014dc93800000000008f0d1800000000000000000000013b00000000a","destination":"3_mn6q3dS2EnDUx3bmyWc6D4szJNVGtaR7zc_mnfAHmddVibnZNSkh8DvKaQoiEfNsxjXzH_mtQheFaSfWELRB2MyMBaiWjdDm6ux9Ezns_3","fee":1179,"source":"3_mn6q3dS2EnDUx3bmyWc6D4szJNVGtaR7zc_mnfAHmddVibnZNSkh8DvKaQoiEfNsxjXzH_mtQheFaSfWELRB2MyMBaiWjdDm6ux9Ezns_3","supported":true,"tx_hash":"fd3b6e2bd441ce04b879c4f432e8660970347a688542175ed8d2020a69dfb4cb","tx_index":16,"utxos_info":" 2b46ea43b2f05b03fa5b34299b0ba227ad12e78340f883f7a8b2a7276cfb6efb:0 3 "}',0,'NEW_TRANSACTION',NULL,'bf830f409b6d1e2428799d03281a66213478b27542b52022d04fe2cd7c6806bb');
INSERT INTO messages VALUES(116,310015,'insert','debits','{"action":"bet","address":"3_mn6q3dS2EnDUx3bmyWc6D4szJNVGtaR7zc_mnfAHmddVibnZNSkh8DvKaQoiEfNsxjXzH_mtQheFaSfWELRB2MyMBaiWjdDm6ux9Ezns_3","asset":"XCP","block_index":310015,"event":"fd3b6e2bd441ce04b879c4f432e8660970347a688542175ed8d2020a69dfb4cb","quantity":350000000,"tx_index":16,"utxo":null,"utxo_address":null}',0,'DEBIT','fd3b6e2bd441ce04b879c4f432e8660970347a688542175ed8d2020a69dfb4cb','d944af53ecde5e99a58eadf3d050826ac5d3c6d79768933f8b7faecd1b504664');
INSERT INTO messages VALUES(117,310015,'insert','bets','{"bet_type":1,"block_index":310015,"counterwager_quantity":150000000,"counterwager_remaining":150000000,"deadline":1388000100,"expiration":10,"expire_index":310025,"fee_fraction_int":99999999.0,"feed_address":"3_mn6q3dS2EnDUx3bmyWc6D4szJNVGtaR7zc_mnfAHmddVibnZNSkh8DvKaQoiEfNsxjXzH_mtQheFaSfWELRB2MyMBaiWjdDm6ux9Ezns_3","leverage":5040,"source":"3_mn6q3dS2EnDUx3bmyWc6D4szJNVGtaR7zc_mnfAHmddVibnZNSkh8DvKaQoiEfNsxjXzH_mtQheFaSfWELRB2MyMBaiWjdDm6ux9Ezns_3","status":"open","target_value":0.0,"tx_hash":"fd3b6e2bd441ce04b879c4f432e8660970347a688542175ed8d2020a69dfb4cb","tx_index":16,"wager_quantity":350000000,"wager_remaining":350000000}',0,'OPEN_BET','fd3b6e2bd441ce04b879c4f432e8660970347a688542175ed8d2020a69dfb4cb','67dd574dec4932e154f2a2003337ddff3736f63c5b7772b70b6c5cd89dc2e33f');
INSERT INTO messages VALUES(118,310015,'insert','credits','{"address":"3_mn6q3dS2EnDUx3bmyWc6D4szJNVGtaR7zc_mnfAHmddVibnZNSkh8DvKaQoiEfNsxjXzH_mtQheFaSfWELRB2MyMBaiWjdDm6ux9Ezns_3","asset":"XCP","block_index":310015,"calling_function":"filled","event":"fd3b6e2bd441ce04b879c4f432e8660970347a688542175ed8d2020a69dfb4cb","quantity":0,"tx_index":16,"utxo":null,"utxo_address":null}',0,'CREDIT','fd3b6e2bd441ce04b879c4f432e8660970347a688542175ed8d2020a69dfb4cb','37c9a1c12d4f90373f7c9f897fa8fbce5e13470c34a015ca8daee86eb88b7235');
INSERT INTO messages VALUES(119,310015,'update','bets','{"counterwager_remaining":0,"status":"filled","tx_hash":"cd4a6279ddd6a4477cce791232a96b0101535e62b63535197ffd6724169eacd9","wager_remaining":0}',0,'BET_UPDATE','fd3b6e2bd441ce04b879c4f432e8660970347a688542175ed8d2020a69dfb4cb','e07fe3847f5e1c1efec21e5f323c3892f8fc2a1e1ccad8d961b658b3cb4d7498');
INSERT INTO messages VALUES(120,310015,'insert','credits','{"address":"3_mn6q3dS2EnDUx3bmyWc6D4szJNVGtaR7zc_mnfAHmddVibnZNSkh8DvKaQoiEfNsxjXzH_mtQheFaSfWELRB2MyMBaiWjdDm6ux9Ezns_3","asset":"XCP","block_index":310015,"calling_function":"filled","event":"fd3b6e2bd441ce04b879c4f432e8660970347a688542175ed8d2020a69dfb4cb","quantity":0,"tx_index":16,"utxo":null,"utxo_address":null}',0,'CREDIT','fd3b6e2bd441ce04b879c4f432e8660970347a688542175ed8d2020a69dfb4cb','4bc3a62f3638de9d59c02a10c82f4213f16d64e3f79a49f83ab9946ef8ee654f');
INSERT INTO messages VALUES(121,310015,'update','bets','{"counterwager_remaining":0,"status":"filled","tx_hash":"fd3b6e2bd441ce04b879c4f432e8660970347a688542175ed8d2020a69dfb4cb","wager_remaining":0}',0,'BET_UPDATE','fd3b6e2bd441ce04b879c4f432e8660970347a688542175ed8d2020a69dfb4cb','54510619352fbd17065760bab9ea4a7a3fe3e631fbc7266d89affa24bd76b8a4');
INSERT INTO messages VALUES(122,310015,'insert','bet_matches','{"backward_quantity":350000000,"block_index":310014,"deadline":1388000100,"fee_fraction_int":99999999,"feed_address":"3_mn6q3dS2EnDUx3bmyWc6D4szJNVGtaR7zc_mnfAHmddVibnZNSkh8DvKaQoiEfNsxjXzH_mtQheFaSfWELRB2MyMBaiWjdDm6ux9Ezns_3","forward_quantity":150000000,"id":"cd4a6279ddd6a4477cce791232a96b0101535e62b63535197ffd6724169eacd9_fd3b6e2bd441ce04b879c4f432e8660970347a688542175ed8d2020a69dfb4cb","initial_value":100.0,"leverage":5040,"match_expire_index":310024,"status":"pending","target_value":0.0,"tx0_address":"3_mn6q3dS2EnDUx3bmyWc6D4szJNVGtaR7zc_mnfAHmddVibnZNSkh8DvKaQoiEfNsxjXzH_mtQheFaSfWELRB2MyMBaiWjdDm6ux9Ezns_3","tx0_bet_type":0,"tx0_block_index":310014,"tx0_expiration":10,"tx0_hash":"cd4a6279ddd6a4477cce791232a96b0101535e62b63535197ffd6724169eacd9","tx0_index":15,"tx1_address":"3_mn6q3dS2EnDUx3bmyWc6D4szJNVGtaR7zc_mnfAHmddVibnZNSkh8DvKaQoiEfNsxjXzH_mtQheFaSfWELRB2MyMBaiWjdDm6ux9Ezns_3","tx1_bet_type":1,"tx1_block_index":310015,"tx1_expiration":10,"tx1_hash":"fd3b6e2bd441ce04b879c4f432e8660970347a688542175ed8d2020a69dfb4cb","tx1_index":16}',0,'BET_MATCH','fd3b6e2bd441ce04b879c4f432e8660970347a688542175ed8d2020a69dfb4cb','53fd22da8fa959460bfc8e85131f42fd206b7f5b4cc9779414e671c762c2e445');
INSERT INTO messages VALUES(123,310015,'parse','transactions','{"supported":true,"tx_hash":"fd3b6e2bd441ce04b879c4f432e8660970347a688542175ed8d2020a69dfb4cb","tx_index":16}',0,'TRANSACTION_PARSED','fd3b6e2bd441ce04b879c4f432e8660970347a688542175ed8d2020a69dfb4cb','2b257e7f4882cfd15e2539b80349973821ad79c26662734d929364e78ace97ad');
INSERT INTO messages VALUES(124,310015,'parse','blocks','{"block_index":310015,"ledger_hash":"03cd020f708d5f082f5b63e3c1f58e5f25d564a60699ae0f23471115d9e37d5e","messages_hash":"e20ad579a3fbef75fc37591bb7a0c428afbf0d8f332bcec10c1be5d6913e5969","transaction_count":1,"txlist_hash":"1f3b9d10ddeb4852d27207ff4387060fd1e855404f1cb556a1038b9c2261a1dd"}',0,'BLOCK_PARSED',NULL,'3215de34a3db3e2507c7f6a1ec53f605a41ea2cf6d2b1d9fcbbe680bfb6aa3b5');
INSERT INTO messages VALUES(125,310016,'insert','blocks','{"block_hash":"99dc7d2627efb4e5e618a53b9898b4ca39c70e98fe9bf39f68a6c980f5b64ef9","block_index":310016,"block_time":310016000,"difficulty":null,"ledger_hash":null,"previous_block_hash":null,"txlist_hash":null}',0,'NEW_BLOCK',NULL,'b1d53fe042de6a9b9a3e838787f0c6b13a178269b68797228abf5a9038a259e3');
INSERT INTO messages VALUES(126,310016,'insert','transactions','{"block_hash":"99dc7d2627efb4e5e618a53b9898b4ca39c70e98fe9bf39f68a6c980f5b64ef9","block_index":310016,"block_time":310016000,"btc_amount":5430,"data":"00000028000252bb33c8000000002cb417800000000026be36803ff0000000000000000013b00000000a","destination":"3_mn6q3dS2EnDUx3bmyWc6D4szJNVGtaR7zc_mnfAHmddVibnZNSkh8DvKaQoiEfNsxjXzH_mtQheFaSfWELRB2MyMBaiWjdDm6ux9Ezns_3","fee":1179,"source":"3_mn6q3dS2EnDUx3bmyWc6D4szJNVGtaR7zc_mnfAHmddVibnZNSkh8DvKaQoiEfNsxjXzH_mtQheFaSfWELRB2MyMBaiWjdDm6ux9Ezns_3","supported":true,"tx_hash":"9c80a6d27fcc339795c78fef61545d15655a99c9cc616649f6b13855230dec16","tx_index":17,"utxos_info":" 81b662539cc671b265844bb2f96e2b96de7e468591e1ad1d5d9e11ac46798cf5:0 3 "}',0,'NEW_TRANSACTION',NULL,'6bd13f0b53f39978ea1b6a3e5ce80f39ab2f8cb80af489d1c3e68f5f51f648eb');
INSERT INTO messages VALUES(127,310016,'insert','debits','{"action":"bet","address":"3_mn6q3dS2EnDUx3bmyWc6D4szJNVGtaR7zc_mnfAHmddVibnZNSkh8DvKaQoiEfNsxjXzH_mtQheFaSfWELRB2MyMBaiWjdDm6ux9Ezns_3","asset":"XCP","block_index":310016,"event":"9c80a6d27fcc339795c78fef61545d15655a99c9cc616649f6b13855230dec16","quantity":750000000,"tx_index":17,"utxo":null,"utxo_address":null}',0,'DEBIT','9c80a6d27fcc339795c78fef61545d15655a99c9cc616649f6b13855230dec16','33c29303683fc4733e503e7d213437432f1cb629e7413e715b08309164118182');
INSERT INTO messages VALUES(128,310016,'insert','bets','{"bet_type":2,"block_index":310016,"counterwager_quantity":650000000,"counterwager_remaining":650000000,"deadline":1388000200,"expiration":10,"expire_index":310026,"fee_fraction_int":99999999.0,"feed_address":"3_mn6q3dS2EnDUx3bmyWc6D4szJNVGtaR7zc_mnfAHmddVibnZNSkh8DvKaQoiEfNsxjXzH_mtQheFaSfWELRB2MyMBaiWjdDm6ux9Ezns_3","leverage":5040,"source":"3_mn6q3dS2EnDUx3bmyWc6D4szJNVGtaR7zc_mnfAHmddVibnZNSkh8DvKaQoiEfNsxjXzH_mtQheFaSfWELRB2MyMBaiWjdDm6ux9Ezns_3","status":"open","target_value":1.0,"tx_hash":"9c80a6d27fcc339795c78fef61545d15655a99c9cc616649f6b13855230dec16","tx_index":17,"wager_quantity":750000000,"wager_remaining":750000000}',0,'OPEN_BET','9c80a6d27fcc339795c78fef61545d15655a99c9cc616649f6b13855230dec16','45239cd0e58aeed710ea1eef8c4af5b83c4eed982d5810d4880969a0438c2af3');
INSERT INTO messages VALUES(129,310016,'parse','transactions','{"supported":true,"tx_hash":"9c80a6d27fcc339795c78fef61545d15655a99c9cc616649f6b13855230dec16","tx_index":17}',0,'TRANSACTION_PARSED','9c80a6d27fcc339795c78fef61545d15655a99c9cc616649f6b13855230dec16','7c18d8e68a43dc8814a109ff79b0380e65210b016c577d816bdd2e86b8a521ca');
INSERT INTO messages VALUES(130,310016,'parse','blocks','{"block_index":310016,"ledger_hash":"d95cf7b2af3f578fc64450d484323075e81999a868918d3dbf89160269d68980","messages_hash":"80b34842bbdf74b0c5ddd2831f2904d8a4f90c761c2a3125d8332e119d1b393c","transaction_count":1,"txlist_hash":"a7b63e8727ff0aecbec2c0848fde470354ea0ac27417ac15ab0f1d3b3dc1f0fb"}',0,'BLOCK_PARSED',NULL,'324b2fb41e230085cbae12f2ba8dbaeed4c4c68a326da99c3ab88dd0b0b0c29f');
INSERT INTO messages VALUES(131,310017,'insert','blocks','{"block_hash":"8a4fedfbf734b91a5c5761a7bcb3908ea57169777a7018148c51ff611970e4a3","block_index":310017,"block_time":310017000,"difficulty":null,"ledger_hash":null,"previous_block_hash":null,"txlist_hash":null}',0,'NEW_BLOCK',NULL,'91c92a3b4f134070327e110a051c9504ac6733d2b4b3bf9c9e9202e9114e47c2');
INSERT INTO messages VALUES(132,310017,'insert','transactions','{"block_hash":"8a4fedfbf734b91a5c5761a7bcb3908ea57169777a7018148c51ff611970e4a3","block_index":310017,"block_time":310017000,"btc_amount":5430,"data":"00000028000352bb33c80000000026be3680000000002cb417803ff0000000000000000013b00000000a","destination":"3_mn6q3dS2EnDUx3bmyWc6D4szJNVGtaR7zc_mnfAHmddVibnZNSkh8DvKaQoiEfNsxjXzH_mtQheFaSfWELRB2MyMBaiWjdDm6ux9Ezns_3","fee":1179,"source":"3_mn6q3dS2EnDUx3bmyWc6D4szJNVGtaR7zc_mnfAHmddVibnZNSkh8DvKaQoiEfNsxjXzH_mtQheFaSfWELRB2MyMBaiWjdDm6ux9Ezns_3","supported":true,"tx_hash":"afc792d9f398a7861852ef87eba9321394ccc02d646d4d3cfca77b9789ff61ea","tx_index":18,"utxos_info":" c1878fac1412f374f657236a553c767a251c1594e0aa29b20c26b824b114e00b:0 3 "}',0,'NEW_TRANSACTION',NULL,'929085d591543317d0446fba60bc0a328b06113e6514f062ce39a0cf1d214907');
INSERT INTO messages VALUES(133,310017,'insert','debits','{"action":"bet","address":"3_mn6q3dS2EnDUx3bmyWc6D4szJNVGtaR7zc_mnfAHmddVibnZNSkh8DvKaQoiEfNsxjXzH_mtQheFaSfWELRB2MyMBaiWjdDm6ux9Ezns_3","asset":"XCP","block_index":310017,"event":"afc792d9f398a7861852ef87eba9321394ccc02d646d4d3cfca77b9789ff61ea","quantity":650000000,"tx_index":18,"utxo":null,"utxo_address":null}',0,'DEBIT','afc792d9f398a7861852ef87eba9321394ccc02d646d4d3cfca77b9789ff61ea','9404e7fb5845b41f8dd0bf2a344adef3d98114b0bc8c71657da316ce1f317933');
INSERT INTO messages VALUES(134,310017,'insert','bets','{"bet_type":3,"block_index":310017,"counterwager_quantity":750000000,"counterwager_remaining":750000000,"deadline":1388000200,"expiration":10,"expire_index":310027,"fee_fraction_int":99999999.0,"feed_address":"3_mn6q3dS2EnDUx3bmyWc6D4szJNVGtaR7zc_mnfAHmddVibnZNSkh8DvKaQoiEfNsxjXzH_mtQheFaSfWELRB2MyMBaiWjdDm6ux9Ezns_3","leverage":5040,"source":"3_mn6q3dS2EnDUx3bmyWc6D4szJNVGtaR7zc_mnfAHmddVibnZNSkh8DvKaQoiEfNsxjXzH_mtQheFaSfWELRB2MyMBaiWjdDm6ux9Ezns_3","status":"open","target_value":1.0,"tx_hash":"afc792d9f398a7861852ef87eba9321394ccc02d646d4d3cfca77b9789ff61ea","tx_index":18,"wager_quantity":650000000,"wager_remaining":650000000}',0,'OPEN_BET','afc792d9f398a7861852ef87eba9321394ccc02d646d4d3cfca77b9789ff61ea','e1546bc77200b7196e6b9ee12e7cf174388c9997ff62390b4b8e8e5c82ac9472');
INSERT INTO messages VALUES(135,310017,'insert','credits','{"address":"3_mn6q3dS2EnDUx3bmyWc6D4szJNVGtaR7zc_mnfAHmddVibnZNSkh8DvKaQoiEfNsxjXzH_mtQheFaSfWELRB2MyMBaiWjdDm6ux9Ezns_3","asset":"XCP","block_index":310017,"calling_function":"filled","event":"afc792d9f398a7861852ef87eba9321394ccc02d646d4d3cfca77b9789ff61ea","quantity":0,"tx_index":18,"utxo":null,"utxo_address":null}',0,'CREDIT','afc792d9f398a7861852ef87eba9321394ccc02d646d4d3cfca77b9789ff61ea','14c88e39047e41be0eed203ead9d8964a724b8d2e33650604efeaabc19ae4835');
INSERT INTO messages VALUES(136,310017,'update','bets','{"counterwager_remaining":0,"status":"filled","tx_hash":"9c80a6d27fcc339795c78fef61545d15655a99c9cc616649f6b13855230dec16","wager_remaining":0}',0,'BET_UPDATE','afc792d9f398a7861852ef87eba9321394ccc02d646d4d3cfca77b9789ff61ea','16565969b26673ad29d024abf695e8ac0c14fd5c933d2e987a963a9f47a5d1c9');
INSERT INTO messages VALUES(137,310017,'insert','credits','{"address":"3_mn6q3dS2EnDUx3bmyWc6D4szJNVGtaR7zc_mnfAHmddVibnZNSkh8DvKaQoiEfNsxjXzH_mtQheFaSfWELRB2MyMBaiWjdDm6ux9Ezns_3","asset":"XCP","block_index":310017,"calling_function":"filled","event":"afc792d9f398a7861852ef87eba9321394ccc02d646d4d3cfca77b9789ff61ea","quantity":0,"tx_index":18,"utxo":null,"utxo_address":null}',0,'CREDIT','afc792d9f398a7861852ef87eba9321394ccc02d646d4d3cfca77b9789ff61ea','7821a6055ea0a7c281d407cdb2e4186c8c1ba5122caf851c067d0325608cc164');
INSERT INTO messages VALUES(138,310017,'update','bets','{"counterwager_remaining":0,"status":"filled","tx_hash":"afc792d9f398a7861852ef87eba9321394ccc02d646d4d3cfca77b9789ff61ea","wager_remaining":0}',0,'BET_UPDATE','afc792d9f398a7861852ef87eba9321394ccc02d646d4d3cfca77b9789ff61ea','de8ea67dfd2827bb9f9b4396849140775e78e7ef66d3804d157cf17d406b70a7');
INSERT INTO messages VALUES(139,310017,'insert','bet_matches','{"backward_quantity":650000000,"block_index":310016,"deadline":1388000200,"fee_fraction_int":99999999,"feed_address":"3_mn6q3dS2EnDUx3bmyWc6D4szJNVGtaR7zc_mnfAHmddVibnZNSkh8DvKaQoiEfNsxjXzH_mtQheFaSfWELRB2MyMBaiWjdDm6ux9Ezns_3","forward_quantity":750000000,"id":"9c80a6d27fcc339795c78fef61545d15655a99c9cc616649f6b13855230dec16_afc792d9f398a7861852ef87eba9321394ccc02d646d4d3cfca77b9789ff61ea","initial_value":100.0,"leverage":5040,"match_expire_index":310026,"status":"pending","target_value":1.0,"tx0_address":"3_mn6q3dS2EnDUx3bmyWc6D4szJNVGtaR7zc_mnfAHmddVibnZNSkh8DvKaQoiEfNsxjXzH_mtQheFaSfWELRB2MyMBaiWjdDm6ux9Ezns_3","tx0_bet_type":2,"tx0_block_index":310016,"tx0_expiration":10,"tx0_hash":"9c80a6d27fcc339795c78fef61545d15655a99c9cc616649f6b13855230dec16","tx0_index":17,"tx1_address":"3_mn6q3dS2EnDUx3bmyWc6D4szJNVGtaR7zc_mnfAHmddVibnZNSkh8DvKaQoiEfNsxjXzH_mtQheFaSfWELRB2MyMBaiWjdDm6ux9Ezns_3","tx1_bet_type":3,"tx1_block_index":310017,"tx1_expiration":10,"tx1_hash":"afc792d9f398a7861852ef87eba9321394ccc02d646d4d3cfca77b9789ff61ea","tx1_index":18}',0,'BET_MATCH','afc792d9f398a7861852ef87eba9321394ccc02d646d4d3cfca77b9789ff61ea','94b11f63e70261d16642f30663fe83b56658a513e81dddc488c47315f2fbbac1');
INSERT INTO messages VALUES(140,310017,'parse','transactions','{"supported":true,"tx_hash":"afc792d9f398a7861852ef87eba9321394ccc02d646d4d3cfca77b9789ff61ea","tx_index":18}',0,'TRANSACTION_PARSED','afc792d9f398a7861852ef87eba9321394ccc02d646d4d3cfca77b9789ff61ea','e3023d9cddf2e70b040462063a405b20fd5e1d23b50bde32233efe60c989ccd2');
INSERT INTO messages VALUES(141,310017,'parse','blocks','{"block_index":310017,"ledger_hash":"725783dab777f54b11be66fdf47280852fd6b4d8a9b9f2fbba9e92056538ce73","messages_hash":"ee7a19855304225a349d5844dac29aad94ac946b00f476791744500b378bec7e","transaction_count":1,"txlist_hash":"7b3c0262fca8883ba8e2b90f1360d80b0a8871d24714b65abeb40781c14e6caa"}',0,'BLOCK_PARSED',NULL,'a5347b09897de9203a3b58cafea9378c5cb48e2c30ec7977c8cc13f57af92da6');
INSERT INTO messages VALUES(142,310018,'insert','blocks','{"block_hash":"35c06f9e3de39e4e56ceb1d1a22008f52361c50dd0d251c0acbe2e3c2dba8ed3","block_index":310018,"block_time":310018000,"difficulty":null,"ledger_hash":null,"previous_block_hash":null,"txlist_hash":null}',0,'NEW_BLOCK',NULL,'e4a1c2a933471fb14657146ba63706a3cbfc2e4497322b416d14d88261644bdd');
INSERT INTO messages VALUES(143,310018,'insert','transactions','{"block_hash":"35c06f9e3de39e4e56ceb1d1a22008f52361c50dd0d251c0acbe2e3c2dba8ed3","block_index":310018,"block_time":310018000,"btc_amount":0,"data":"0000001e52bb33324058f7256ffc115e004c4b4009556e69742054657374","destination":"","fee":837,"source":"3_mn6q3dS2EnDUx3bmyWc6D4szJNVGtaR7zc_mnfAHmddVibnZNSkh8DvKaQoiEfNsxjXzH_mtQheFaSfWELRB2MyMBaiWjdDm6ux9Ezns_3","supported":true,"tx_hash":"dfc7ccb92b3319495755fea809d2f354e5c6f2e2f46ac7e5a18730ecaa89b777","tx_index":19,"utxos_info":" 399a1f81162801a55160aca2e12cc124aa0fb7e6366e32a435cf1bd71514a335:0 2 "}',0,'NEW_TRANSACTION',NULL,'494c018fecc2c98ae59fac59a07bc53f1e6bdf2109b051bc33af6500cfa41468');
INSERT INTO messages VALUES(144,310018,'insert','broadcasts','{"block_index":310018,"fee_fraction_int":5000000,"locked":false,"source":"3_mn6q3dS2EnDUx3bmyWc6D4szJNVGtaR7zc_mnfAHmddVibnZNSkh8DvKaQoiEfNsxjXzH_mtQheFaSfWELRB2MyMBaiWjdDm6ux9Ezns_3","status":"valid","text":"Unit Test","timestamp":1388000050,"tx_hash":"dfc7ccb92b3319495755fea809d2f354e5c6f2e2f46ac7e5a18730ecaa89b777","tx_index":19,"value":99.86166}',0,'BROADCAST','dfc7ccb92b3319495755fea809d2f354e5c6f2e2f46ac7e5a18730ecaa89b777','0e2e59ecbbb2131846bfed1f8d36f690ec3ce9b7421ddd36a1e9ddf4dc6ee024');
INSERT INTO messages VALUES(145,310018,'insert','credits','{"address":"3_mn6q3dS2EnDUx3bmyWc6D4szJNVGtaR7zc_mnfAHmddVibnZNSkh8DvKaQoiEfNsxjXzH_mtQheFaSfWELRB2MyMBaiWjdDm6ux9Ezns_3","asset":"XCP","block_index":310018,"calling_function":"bet settled: liquidated for bear","event":"dfc7ccb92b3319495755fea809d2f354e5c6f2e2f46ac7e5a18730ecaa89b777","quantity":59137500,"tx_index":19,"utxo":null,"utxo_address":null}',0,'CREDIT','dfc7ccb92b3319495755fea809d2f354e5c6f2e2f46ac7e5a18730ecaa89b777','c7e8f8b7110b3a564a62cb93e66cc2f36d806226241ec9229cb9b1e82ab10b55');
INSERT INTO messages VALUES(146,310018,'insert','credits','{"address":"3_mn6q3dS2EnDUx3bmyWc6D4szJNVGtaR7zc_mnfAHmddVibnZNSkh8DvKaQoiEfNsxjXzH_mtQheFaSfWELRB2MyMBaiWjdDm6ux9Ezns_3","asset":"XCP","block_index":310018,"calling_function":"feed fee","event":"dfc7ccb92b3319495755fea809d2f354e5c6f2e2f46ac7e5a18730ecaa89b777","quantity":3112500,"tx_index":19,"utxo":null,"utxo_address":null}',0,'CREDIT','dfc7ccb92b3319495755fea809d2f354e5c6f2e2f46ac7e5a18730ecaa89b777','acdc4d97ac88631ab45d94b3b52587c19a4dc3a331bc4044dcc4faafb3b50bd9');
INSERT INTO messages VALUES(147,310018,'insert','bet_match_resolutions','{"bear_credit":59137500,"bet_match_id":"bffbed634d3025a16efc3c0fc67d1d331252f08c57121b6e6df14b13f468c2ab_680bf25c98312059770a4c25f5eb42b99f8f471dc82c8cabada5ac179dc12c55","bet_match_type_id":1,"block_index":310018,"bull_credit":0,"escrow_less_fee":null,"fee":3112500,"settled":false,"winner":null}',0,'BET_MATCH_RESOLUTON','dfc7ccb92b3319495755fea809d2f354e5c6f2e2f46ac7e5a18730ecaa89b777','e2780db22f2f021c4c691d85a4f92fc3be2516174b995649ef45a110cb3c8b32');
INSERT INTO messages VALUES(148,310018,'update','bet_matches','{"id":"bffbed634d3025a16efc3c0fc67d1d331252f08c57121b6e6df14b13f468c2ab_680bf25c98312059770a4c25f5eb42b99f8f471dc82c8cabada5ac179dc12c55","status":"settled: liquidated for bear"}',0,'BET_MATCH_UPDATE','dfc7ccb92b3319495755fea809d2f354e5c6f2e2f46ac7e5a18730ecaa89b777','8b9baa900b30d7216f3c5f6df421b489b0c60041989ee3ff6be8b4bceb4c8f3d');
INSERT INTO messages VALUES(149,310018,'parse','transactions','{"supported":true,"tx_hash":"dfc7ccb92b3319495755fea809d2f354e5c6f2e2f46ac7e5a18730ecaa89b777","tx_index":19}',0,'TRANSACTION_PARSED','dfc7ccb92b3319495755fea809d2f354e5c6f2e2f46ac7e5a18730ecaa89b777','6520dbaf361e7241b377d46b6e7b1dfc50848fd11958d7e7657de6e9a55dd1f1');
INSERT INTO messages VALUES(150,310018,'parse','blocks','{"block_index":310018,"ledger_hash":"05ad248fa836b50ce72a2f61c7465a455cc48ac92f2c0ff9bb9f94e69081d1e7","messages_hash":"a15376fa656638c0029a13f57e228a30585356523001d85668cf12d2a18b5471","transaction_count":1,"txlist_hash":"44bbc646a7123a7b7175d6b5165d4273af41e550560b6e00632ef326d8c7cafb"}',0,'BLOCK_PARSED',NULL,'e675f5dca22070d3bd7f86bb0c0d63a5fc6617d06757c0a0471cb4ff27da556c');
INSERT INTO messages VALUES(151,310019,'insert','blocks','{"block_hash":"114affa0c4f34b1ebf8e2778c9477641f60b5b9e8a69052158041d4c41893294","block_index":310019,"block_time":310019000,"difficulty":null,"ledger_hash":null,"previous_block_hash":null,"txlist_hash":null}',0,'NEW_BLOCK',NULL,'fb6ba1615807a990a4f0d5900140079f6d37add51f0e781e94efde8a23199bab');
INSERT INTO messages VALUES(152,310019,'insert','transactions','{"block_hash":"114affa0c4f34b1ebf8e2778c9477641f60b5b9e8a69052158041d4c41893294","block_index":310019,"block_time":310019000,"btc_amount":0,"data":"0000001e52bb3365405915f3b645a1cb004c4b4009556e69742054657374","destination":"","fee":837,"source":"3_mn6q3dS2EnDUx3bmyWc6D4szJNVGtaR7zc_mnfAHmddVibnZNSkh8DvKaQoiEfNsxjXzH_mtQheFaSfWELRB2MyMBaiWjdDm6ux9Ezns_3","supported":true,"tx_hash":"8e0e04ce2a95cbebfcdf4612072da2754924b1c69219dae98a306c82b3c5edcc","tx_index":20,"utxos_info":" a93743bf975016373524e65666e46bba54ba51156f37b037115a8fb27df268e0:0 2 "}',0,'NEW_TRANSACTION',NULL,'8af971a17fd6a5cd8e1c7477f88a9b2e3a092a9cc12b2f1ad293864502321c07');
INSERT INTO messages VALUES(153,310019,'insert','broadcasts','{"block_index":310019,"fee_fraction_int":5000000,"locked":false,"source":"3_mn6q3dS2EnDUx3bmyWc6D4szJNVGtaR7zc_mnfAHmddVibnZNSkh8DvKaQoiEfNsxjXzH_mtQheFaSfWELRB2MyMBaiWjdDm6ux9Ezns_3","status":"valid","text":"Unit Test","timestamp":1388000101,"tx_hash":"8e0e04ce2a95cbebfcdf4612072da2754924b1c69219dae98a306c82b3c5edcc","tx_index":20,"value":100.343}',0,'BROADCAST','8e0e04ce2a95cbebfcdf4612072da2754924b1c69219dae98a306c82b3c5edcc','85ef1a577af18c6d314d6e97c8c01952c79f64e1d1ce60b5153fecfe19643773');
INSERT INTO messages VALUES(154,310019,'insert','credits','{"address":"3_mn6q3dS2EnDUx3bmyWc6D4szJNVGtaR7zc_mnfAHmddVibnZNSkh8DvKaQoiEfNsxjXzH_mtQheFaSfWELRB2MyMBaiWjdDm6ux9Ezns_3","asset":"XCP","block_index":310019,"calling_function":"bet settled","event":"8e0e04ce2a95cbebfcdf4612072da2754924b1c69219dae98a306c82b3c5edcc","quantity":159300000,"tx_index":20,"utxo":null,"utxo_address":null}',0,'CREDIT','8e0e04ce2a95cbebfcdf4612072da2754924b1c69219dae98a306c82b3c5edcc','43358a561da55a9b67f6c4eec25671b8b5f70750c31e7fbf7946abc62f5377e1');
INSERT INTO messages VALUES(155,310019,'insert','credits','{"address":"3_mn6q3dS2EnDUx3bmyWc6D4szJNVGtaR7zc_mnfAHmddVibnZNSkh8DvKaQoiEfNsxjXzH_mtQheFaSfWELRB2MyMBaiWjdDm6ux9Ezns_3","asset":"XCP","block_index":310019,"calling_function":"bet settled","event":"8e0e04ce2a95cbebfcdf4612072da2754924b1c69219dae98a306c82b3c5edcc","quantity":315700000,"tx_index":20,"utxo":null,"utxo_address":null}',0,'CREDIT','8e0e04ce2a95cbebfcdf4612072da2754924b1c69219dae98a306c82b3c5edcc','1d9aff7c52a65711b983fd2f8b00b265cad7e7c758da476990bb7f33687d0634');
INSERT INTO messages VALUES(156,310019,'insert','credits','{"address":"3_mn6q3dS2EnDUx3bmyWc6D4szJNVGtaR7zc_mnfAHmddVibnZNSkh8DvKaQoiEfNsxjXzH_mtQheFaSfWELRB2MyMBaiWjdDm6ux9Ezns_3","asset":"XCP","block_index":310019,"calling_function":"feed fee","event":"8e0e04ce2a95cbebfcdf4612072da2754924b1c69219dae98a306c82b3c5edcc","quantity":25000000,"tx_index":20,"utxo":null,"utxo_address":null}',0,'CREDIT','8e0e04ce2a95cbebfcdf4612072da2754924b1c69219dae98a306c82b3c5edcc','7b1d5ffa29b8ad95564205cd9732a3118fbcb6cbe398a10e809dc835b2599539');
INSERT INTO messages VALUES(157,310019,'insert','bet_match_resolutions','{"bear_credit":315700000,"bet_match_id":"cd4a6279ddd6a4477cce791232a96b0101535e62b63535197ffd6724169eacd9_fd3b6e2bd441ce04b879c4f432e8660970347a688542175ed8d2020a69dfb4cb","bet_match_type_id":1,"block_index":310019,"bull_credit":159300000,"escrow_less_fee":null,"fee":25000000,"settled":true,"winner":null}',0,'BET_MATCH_RESOLUTON','8e0e04ce2a95cbebfcdf4612072da2754924b1c69219dae98a306c82b3c5edcc','714f8b1d02dfac3b5d9920dc61c0c235c509d9515597fab8c03115acddf97eab');
INSERT INTO messages VALUES(158,310019,'update','bet_matches','{"id":"cd4a6279ddd6a4477cce791232a96b0101535e62b63535197ffd6724169eacd9_fd3b6e2bd441ce04b879c4f432e8660970347a688542175ed8d2020a69dfb4cb","status":"settled"}',0,'BET_MATCH_UPDATE','8e0e04ce2a95cbebfcdf4612072da2754924b1c69219dae98a306c82b3c5edcc','ba9a453f9dfca5c82caf268e37f112d985c0a127d0157468b7e5f590ea93d075');
INSERT INTO messages VALUES(159,310019,'parse','transactions','{"supported":true,"tx_hash":"8e0e04ce2a95cbebfcdf4612072da2754924b1c69219dae98a306c82b3c5edcc","tx_index":20}',0,'TRANSACTION_PARSED','8e0e04ce2a95cbebfcdf4612072da2754924b1c69219dae98a306c82b3c5edcc','6194c5ffc7d0412a5b2644b4813454d428c561e929b94c7b5b2d5b854cb604ae');
INSERT INTO messages VALUES(160,310019,'parse','blocks','{"block_index":310019,"ledger_hash":"0ab8707bce7b77beecc32ad6124482cb561776ed245ce6dce08f5318e2cf396f","messages_hash":"c8bd6672171ee12842489dcbf822c4d66ceb08e212ab4f48b878d9fd2c33ac50","transaction_count":1,"txlist_hash":"f68314bf5db3fb496a7b889b231e65dc0e5d6574e1fe9bcc09ec70f0fc552989"}',0,'BLOCK_PARSED',NULL,'cc0058c6921b0af1499832de27ca52336b9cc68ba1e313f3860b0cc38978b0e6');
INSERT INTO messages VALUES(161,310020,'insert','blocks','{"block_hash":"d93c79920e4a42164af74ecb5c6b903ff6055cdc007376c74dfa692c8d85ebc9","block_index":310020,"block_time":310020000,"difficulty":null,"ledger_hash":null,"previous_block_hash":null,"txlist_hash":null}',0,'NEW_BLOCK',NULL,'969f5d8c1516499e1ac6f18fc8c5d9915f07eb4bcd3e5d1761e7a72dde450234');
INSERT INTO messages VALUES(162,310020,'insert','transactions','{"block_hash":"d93c79920e4a42164af74ecb5c6b903ff6055cdc007376c74dfa692c8d85ebc9","block_index":310020,"block_time":310020000,"btc_amount":0,"data":"0000001e52bb33c94000000000000000004c4b4009556e69742054657374","destination":"","fee":837,"source":"3_mn6q3dS2EnDUx3bmyWc6D4szJNVGtaR7zc_mnfAHmddVibnZNSkh8DvKaQoiEfNsxjXzH_mtQheFaSfWELRB2MyMBaiWjdDm6ux9Ezns_3","supported":true,"tx_hash":"704e3b0b2496f99adaa2c175955897e0154101c06c222a25913b7554ca5c5a52","tx_index":21,"utxos_info":" dbdb5ffd10046978a0a3aa08fee1471d28864a18843a1971574ac91d0491410d:0 2 "}',0,'NEW_TRANSACTION',NULL,'3cda44846f8e971de4afada8bba1ba72f32db2038b5296b6597fab7083b6b33d');
INSERT INTO messages VALUES(163,310020,'insert','broadcasts','{"block_index":310020,"fee_fraction_int":5000000,"locked":false,"source":"3_mn6q3dS2EnDUx3bmyWc6D4szJNVGtaR7zc_mnfAHmddVibnZNSkh8DvKaQoiEfNsxjXzH_mtQheFaSfWELRB2MyMBaiWjdDm6ux9Ezns_3","status":"valid","text":"Unit Test","timestamp":1388000201,"tx_hash":"704e3b0b2496f99adaa2c175955897e0154101c06c222a25913b7554ca5c5a52","tx_index":21,"value":2.0}',0,'BROADCAST','704e3b0b2496f99adaa2c175955897e0154101c06c222a25913b7554ca5c5a52','f886e26310716db5e6f4f6523d82150fcef8856811e030f8edbb8c9d54a80606');
INSERT INTO messages VALUES(164,310020,'insert','credits','{"address":"3_mn6q3dS2EnDUx3bmyWc6D4szJNVGtaR7zc_mnfAHmddVibnZNSkh8DvKaQoiEfNsxjXzH_mtQheFaSfWELRB2MyMBaiWjdDm6ux9Ezns_3","asset":"XCP","block_index":310020,"calling_function":"bet settled: for notequal","event":"704e3b0b2496f99adaa2c175955897e0154101c06c222a25913b7554ca5c5a52","quantity":1330000000,"tx_index":21,"utxo":null,"utxo_address":null}',0,'CREDIT','704e3b0b2496f99adaa2c175955897e0154101c06c222a25913b7554ca5c5a52','8fa322b79db097fc854f4d661af643fbe35513496d6d60394d3f91cf282a79e2');
INSERT INTO messages VALUES(165,310020,'insert','credits','{"address":"3_mn6q3dS2EnDUx3bmyWc6D4szJNVGtaR7zc_mnfAHmddVibnZNSkh8DvKaQoiEfNsxjXzH_mtQheFaSfWELRB2MyMBaiWjdDm6ux9Ezns_3","asset":"XCP","block_index":310020,"calling_function":"feed fee","event":"704e3b0b2496f99adaa2c175955897e0154101c06c222a25913b7554ca5c5a52","quantity":70000000,"tx_index":21,"utxo":null,"utxo_address":null}',0,'CREDIT','704e3b0b2496f99adaa2c175955897e0154101c06c222a25913b7554ca5c5a52','f90e6b182e73fbbd2f771da3c0a531bd4f3c0ab5e2deb82ca28555429bac5c19');
INSERT INTO messages VALUES(166,310020,'insert','bet_match_resolutions','{"bear_credit":null,"bet_match_id":"9c80a6d27fcc339795c78fef61545d15655a99c9cc616649f6b13855230dec16_afc792d9f398a7861852ef87eba9321394ccc02d646d4d3cfca77b9789ff61ea","bet_match_type_id":5,"block_index":310020,"bull_credit":null,"escrow_less_fee":1330000000,"fee":70000000,"settled":null,"winner":"NotEqual"}',0,'BET_MATCH_RESOLUTON','704e3b0b2496f99adaa2c175955897e0154101c06c222a25913b7554ca5c5a52','30c17295c4fe758b38077d76363c157339568ecc182cf743237fb50bb7383256');
INSERT INTO messages VALUES(167,310020,'update','bet_matches','{"id":"9c80a6d27fcc339795c78fef61545d15655a99c9cc616649f6b13855230dec16_afc792d9f398a7861852ef87eba9321394ccc02d646d4d3cfca77b9789ff61ea","status":"settled: for notequal"}',0,'BET_MATCH_UPDATE','704e3b0b2496f99adaa2c175955897e0154101c06c222a25913b7554ca5c5a52','b6b388fcf06f822c9a02f9af1ef947e623370f1aee6060f9c8a0bdd617c923d9');
INSERT INTO messages VALUES(168,310020,'parse','transactions','{"supported":true,"tx_hash":"704e3b0b2496f99adaa2c175955897e0154101c06c222a25913b7554ca5c5a52","tx_index":21}',0,'TRANSACTION_PARSED','704e3b0b2496f99adaa2c175955897e0154101c06c222a25913b7554ca5c5a52','e2976aea59b634e79a40917af78531520c462f9ee4c8638ecdc3a13567a18ccd');
INSERT INTO messages VALUES(169,310020,'parse','blocks','{"block_index":310020,"ledger_hash":"198edc4bf109549538a2f8f96714536a99a1568fe16fe4254881520474adc68d","messages_hash":"12ed15ada21c58417dc35a6f6f31d1db274b7271f7b88c34db41e2f056588c8b","transaction_count":1,"txlist_hash":"4e371c1ddd5155579c972fde30f81aca561b7b1f646a7daa268805fd810976d9"}',0,'BLOCK_PARSED',NULL,'484e572978302688ba6cb05ea5763485c059fdaab3b265b8aacb231938ddd606');
INSERT INTO messages VALUES(170,310021,'insert','blocks','{"block_hash":"7c2460bb32c5749c856486393239bf7a0ac789587ac71f32e7237910da8097f2","block_index":310021,"block_time":310021000,"difficulty":null,"ledger_hash":null,"previous_block_hash":null,"txlist_hash":null}',0,'NEW_BLOCK',NULL,'d7f1d60a36c72cec3e92a551eae5a7564cca379ba2ca6b0c7f5f63a4cbe76ec8');
INSERT INTO messages VALUES(171,310021,'insert','transactions','{"block_hash":"7c2460bb32c5749c856486393239bf7a0ac789587ac71f32e7237910da8097f2","block_index":310021,"block_time":310021000,"btc_amount":0,"data":"0000000a00000000000047670000000002faf08000000000000000010000000002faf080000a0000000000000000","destination":"","fee":837,"source":"3_mn6q3dS2EnDUx3bmyWc6D4szJNVGtaR7zc_mnfAHmddVibnZNSkh8DvKaQoiEfNsxjXzH_mtQheFaSfWELRB2MyMBaiWjdDm6ux9Ezns_3","supported":true,"tx_hash":"e9ce757c23cb36e566d824235e575c319faec712759e96a800e0672b2b7cc082","tx_index":22,"utxos_info":" 7b7857adadf5a689978bab276683357bd6b097acc4ffea8558e443f3152b059a:0 2 "}',0,'NEW_TRANSACTION',NULL,'26e2ec5c7f95f1b088d117154044640f667a019a07d4ee425fc90927627c4fec');
INSERT INTO messages VALUES(172,310021,'insert','debits','{"action":"open order","address":"3_mn6q3dS2EnDUx3bmyWc6D4szJNVGtaR7zc_mnfAHmddVibnZNSkh8DvKaQoiEfNsxjXzH_mtQheFaSfWELRB2MyMBaiWjdDm6ux9Ezns_3","asset":"BBBB","block_index":310021,"event":"e9ce757c23cb36e566d824235e575c319faec712759e96a800e0672b2b7cc082","quantity":50000000,"tx_index":22,"utxo":null,"utxo_address":null}',0,'DEBIT','e9ce757c23cb36e566d824235e575c319faec712759e96a800e0672b2b7cc082','d444900d45125e6724bfb9b8a765a7b622319a9c4b4a0ac2308303dc6530e707');
INSERT INTO messages VALUES(173,310021,'insert','orders','{"block_index":310021,"expiration":10,"expire_index":310031,"fee_provided":837,"fee_provided_remaining":837,"fee_required":0,"fee_required_remaining":0,"get_asset":"XCP","get_quantity":50000000,"get_remaining":50000000,"give_asset":"BBBB","give_quantity":50000000,"give_remaining":50000000,"source":"3_mn6q3dS2EnDUx3bmyWc6D4szJNVGtaR7zc_mnfAHmddVibnZNSkh8DvKaQoiEfNsxjXzH_mtQheFaSfWELRB2MyMBaiWjdDm6ux9Ezns_3","status":"open","tx_hash":"e9ce757c23cb36e566d824235e575c319faec712759e96a800e0672b2b7cc082","tx_index":22}',0,'OPEN_ORDER','e9ce757c23cb36e566d824235e575c319faec712759e96a800e0672b2b7cc082','6050a3e6fab3acb13959286b91925cd79cdd1a7834ab43b2f8e01079010337a2');
INSERT INTO messages VALUES(174,310021,'parse','transactions','{"supported":true,"tx_hash":"e9ce757c23cb36e566d824235e575c319faec712759e96a800e0672b2b7cc082","tx_index":22}',0,'TRANSACTION_PARSED','e9ce757c23cb36e566d824235e575c319faec712759e96a800e0672b2b7cc082','de27d84306b21d4dfed1d15c791410dad29b4736f5ba71ec832a778cf33d5f63');
INSERT INTO messages VALUES(175,310021,'parse','blocks','{"block_index":310021,"ledger_hash":"52482033c5c11ad24257707137b090606305497618e29050b2fdd3e13bc822ce","messages_hash":"69865964d204d41038cd91f6d1b646c64d0e99d7ff753fe20f60cfa9a22363bf","transaction_count":1,"txlist_hash":"59dc79a2ed5ec521367c672080e8652440ab6aafdf0fc551fc79c360810d9919"}',0,'BLOCK_PARSED',NULL,'942d80089c9ad86650ca77e2babf70e32b44e754228465020390f8334616ae17');
INSERT INTO messages VALUES(176,310022,'insert','blocks','{"block_hash":"44435f9a99a0aa12a9bfabdc4cb8119f6ea6a6e1350d2d65445fb66a456db5fc","block_index":310022,"block_time":310022000,"difficulty":null,"ledger_hash":null,"previous_block_hash":null,"txlist_hash":null}',0,'NEW_BLOCK',NULL,'4bfd9bd97992477128b72af7de9c63da8999730b4446d1e7c057f3bdbaa2a8bd');
INSERT INTO messages VALUES(177,310022,'insert','transactions','{"block_hash":"44435f9a99a0aa12a9bfabdc4cb8119f6ea6a6e1350d2d65445fb66a456db5fc","block_index":310022,"block_time":310022000,"btc_amount":100000000,"data":"","destination":"mvCounterpartyXXXXXXXXXXXXXXW24Hef","fee":597,"source":"3_mn6q3dS2EnDUx3bmyWc6D4szJNVGtaR7zc_mnfAHmddVibnZNSkh8DvKaQoiEfNsxjXzH_mtQheFaSfWELRB2MyMBaiWjdDm6ux9Ezns_3","supported":true,"tx_hash":"16e8d15a1cb0455fbf036cc0267602bd39129f5313d54dcf43461c075aeb9e7b","tx_index":23,"utxos_info":" 7b687cdbf753f7930fe2669f295819bc9d844512a42af1f80aa335c4b7cccaf6:0 2 "}',0,'NEW_TRANSACTION',NULL,'a4bdccf6485af89a0b0554490109aec208cc457b046ee8d13565375bc5773465');
INSERT INTO messages VALUES(178,310022,'insert','credits','{"address":"3_mn6q3dS2EnDUx3bmyWc6D4szJNVGtaR7zc_mnfAHmddVibnZNSkh8DvKaQoiEfNsxjXzH_mtQheFaSfWELRB2MyMBaiWjdDm6ux9Ezns_3","asset":"XCP","block_index":310022,"calling_function":"burn","event":"16e8d15a1cb0455fbf036cc0267602bd39129f5313d54dcf43461c075aeb9e7b","quantity":56999887262,"tx_index":23,"utxo":null,"utxo_address":null}',0,'CREDIT','16e8d15a1cb0455fbf036cc0267602bd39129f5313d54dcf43461c075aeb9e7b','0378433169336c8f70f6d316ebbddb2c3fc03a5151d149906b561f3f6fe0dc91');
INSERT INTO messages VALUES(179,310022,'insert','burns','{"block_index":310022,"burned":38000000,"earned":56999887262,"source":"3_mn6q3dS2EnDUx3bmyWc6D4szJNVGtaR7zc_mnfAHmddVibnZNSkh8DvKaQoiEfNsxjXzH_mtQheFaSfWELRB2MyMBaiWjdDm6ux9Ezns_3","status":"valid","tx_hash":"16e8d15a1cb0455fbf036cc0267602bd39129f5313d54dcf43461c075aeb9e7b","tx_index":23}',0,'BURN','16e8d15a1cb0455fbf036cc0267602bd39129f5313d54dcf43461c075aeb9e7b','2c3db8c0fe60f912ed48aa277860a972def65e4fa8ae9fa31294f2617c3a1e79');
INSERT INTO messages VALUES(180,310022,'parse','transactions','{"supported":true,"tx_hash":"16e8d15a1cb0455fbf036cc0267602bd39129f5313d54dcf43461c075aeb9e7b","tx_index":23}',0,'TRANSACTION_PARSED','16e8d15a1cb0455fbf036cc0267602bd39129f5313d54dcf43461c075aeb9e7b','4ba9aa706e177e07b4475e6bcc12a750263bc8ca145b6b0094a55e418b6dd389');
INSERT INTO messages VALUES(181,310022,'parse','blocks','{"block_index":310022,"ledger_hash":"85d639cc8147885470da26d3c0470dba0eb8b6870d5941b12bcc4afb8fcd9af1","messages_hash":"457c1fbcca3538f856580bd243e01e9476e050792738f96c6123a2831f7023f5","transaction_count":1,"txlist_hash":"31b19a8a796978cbbbbf270a231d86455059e4992a665a7f0a749b76f37c38e3"}',0,'BLOCK_PARSED',NULL,'17c7ae059f0de1b5eb9138205f9af25379e4219710b816ace45b90fdf2c9f91d');
INSERT INTO messages VALUES(182,310023,'insert','blocks','{"block_hash":"d8cf5bec1bbcab8ca4f495352afde3b6572b7e1d61b3976872ebb8e9d30ccb08","block_index":310023,"block_time":310023000,"difficulty":null,"ledger_hash":null,"previous_block_hash":null,"txlist_hash":null}',0,'NEW_BLOCK',NULL,'da81d71d87085adefd21e839974771d83e103084a102285a01fac76792285f1c');
INSERT INTO messages VALUES(183,310023,'insert','transactions','{"block_hash":"d8cf5bec1bbcab8ca4f495352afde3b6572b7e1d61b3976872ebb8e9d30ccb08","block_index":310023,"block_time":310023000,"btc_amount":5430,"data":"0000000000000000000047680000000000002710","destination":"3_mn6q3dS2EnDUx3bmyWc6D4szJNVGtaR7zc_mnfAHmddVibnZNSkh8DvKaQoiEfNsxjXzH_mqPCfvqTfYctXMUfmniXeG2nyaN8w6tPmj_3","fee":1179,"source":"3_mn6q3dS2EnDUx3bmyWc6D4szJNVGtaR7zc_mnfAHmddVibnZNSkh8DvKaQoiEfNsxjXzH_mtQheFaSfWELRB2MyMBaiWjdDm6ux9Ezns_3","supported":true,"tx_hash":"9d6c2d1f32224cebd4b2797ee9c2b0f090dd0c7dd9b766763366845eda3b9fce","tx_index":24,"utxos_info":" b48036096f400b5a479d20bbce107cb1ae875e59a0da479b7b6fb1328c1e48b0:0 3 "}',0,'NEW_TRANSACTION',NULL,'541c7369cb8699f03afe8a9862a23c82d63735fdeab7b7298a53dd9e6ec8ac66');
INSERT INTO messages VALUES(184,310023,'update','bets','{"status":"expired","tx_hash":"bffbed634d3025a16efc3c0fc67d1d331252f08c57121b6e6df14b13f468c2ab"}',0,'BET_UPDATE',NULL,'af52458f55ce4898fd42aef7899ea65fe0c892db8e80b6a37e2982f4601a5f98');
INSERT INTO messages VALUES(185,310023,'insert','credits','{"address":"3_mn6q3dS2EnDUx3bmyWc6D4szJNVGtaR7zc_mnfAHmddVibnZNSkh8DvKaQoiEfNsxjXzH_mtQheFaSfWELRB2MyMBaiWjdDm6ux9Ezns_3","asset":"XCP","block_index":310023,"calling_function":"recredit wager remaining","event":"bffbed634d3025a16efc3c0fc67d1d331252f08c57121b6e6df14b13f468c2ab","quantity":8500000,"tx_index":0,"utxo":null,"utxo_address":null}',0,'CREDIT',NULL,'bae2d049a96b3d387091a8a44828817686d8fccec34a1b4f7387524b3b0c41e5');
INSERT INTO messages VALUES(186,310023,'insert','bet_expirations','{"bet_hash":"bffbed634d3025a16efc3c0fc67d1d331252f08c57121b6e6df14b13f468c2ab","bet_index":13,"block_index":310023,"source":"3_mn6q3dS2EnDUx3bmyWc6D4szJNVGtaR7zc_mnfAHmddVibnZNSkh8DvKaQoiEfNsxjXzH_mtQheFaSfWELRB2MyMBaiWjdDm6ux9Ezns_3"}',0,'BET_EXPIRATION',NULL,'0202e2b709fd08e1d629d64a9eaa9fa947ddc2e55f102ba911ae4659f9bc89d7');
INSERT INTO messages VALUES(187,310023,'insert','debits','{"action":"send","address":"3_mn6q3dS2EnDUx3bmyWc6D4szJNVGtaR7zc_mnfAHmddVibnZNSkh8DvKaQoiEfNsxjXzH_mtQheFaSfWELRB2MyMBaiWjdDm6ux9Ezns_3","asset":"BBBC","block_index":310023,"event":"9d6c2d1f32224cebd4b2797ee9c2b0f090dd0c7dd9b766763366845eda3b9fce","quantity":10000,"tx_index":24,"utxo":null,"utxo_address":null}',0,'DEBIT','9d6c2d1f32224cebd4b2797ee9c2b0f090dd0c7dd9b766763366845eda3b9fce','a0a01df70bc8ed61fd395ace184a3c854679d152803621caae821d2885252061');
INSERT INTO messages VALUES(188,310023,'insert','credits','{"address":"3_mn6q3dS2EnDUx3bmyWc6D4szJNVGtaR7zc_mnfAHmddVibnZNSkh8DvKaQoiEfNsxjXzH_mqPCfvqTfYctXMUfmniXeG2nyaN8w6tPmj_3","asset":"BBBC","block_index":310023,"calling_function":"send","event":"9d6c2d1f32224cebd4b2797ee9c2b0f090dd0c7dd9b766763366845eda3b9fce","quantity":10000,"tx_index":24,"utxo":null,"utxo_address":null}',0,'CREDIT','9d6c2d1f32224cebd4b2797ee9c2b0f090dd0c7dd9b766763366845eda3b9fce','071340696ed4444984c46d0d6c962054ef82b010f58d7e8be32b02fd2ca987b8');
INSERT INTO messages VALUES(189,310023,'insert','sends','{"asset":"BBBC","block_index":310023,"destination":"3_mn6q3dS2EnDUx3bmyWc6D4szJNVGtaR7zc_mnfAHmddVibnZNSkh8DvKaQoiEfNsxjXzH_mqPCfvqTfYctXMUfmniXeG2nyaN8w6tPmj_3","msg_index":0,"quantity":10000,"send_type":"send","source":"3_mn6q3dS2EnDUx3bmyWc6D4szJNVGtaR7zc_mnfAHmddVibnZNSkh8DvKaQoiEfNsxjXzH_mtQheFaSfWELRB2MyMBaiWjdDm6ux9Ezns_3","status":"valid","tx_hash":"9d6c2d1f32224cebd4b2797ee9c2b0f090dd0c7dd9b766763366845eda3b9fce","tx_index":24}',0,'SEND','9d6c2d1f32224cebd4b2797ee9c2b0f090dd0c7dd9b766763366845eda3b9fce','b946cae2de9579dc53f322f73a0904f85fb48bc4e732d8dea3da01fe58d1aad2');
INSERT INTO messages VALUES(190,310023,'parse','transactions','{"supported":true,"tx_hash":"9d6c2d1f32224cebd4b2797ee9c2b0f090dd0c7dd9b766763366845eda3b9fce","tx_index":24}',0,'TRANSACTION_PARSED','9d6c2d1f32224cebd4b2797ee9c2b0f090dd0c7dd9b766763366845eda3b9fce','d2dc9add0d85bab65698f0f8458fb646ddd434f482171af5ca6e4e25dda481e1');
INSERT INTO messages VALUES(191,310023,'parse','blocks','{"block_index":310023,"ledger_hash":"eb62ce47d68491a84b9a29b92db2742021881f0274072f1bc39dfef08cd7a590","messages_hash":"1388cba73f015f661ec571c951ee596c1bb3c4b03aae9f1a9f0a35c1a31cb22a","transaction_count":1,"txlist_hash":"81a0c128e98d37c2dba2a4a9d11e21682ea57adf2ad2f9987d6707822b8dc25c"}',0,'BLOCK_PARSED',NULL,'f89e83044d7160a6dcbbbfd600eea19fe09fa2305b973574379add7d66d808a9');
INSERT INTO messages VALUES(192,310024,'insert','blocks','{"block_hash":"b03042b4e18a222b4c8d1e9e1970d93e6e2a2d41686d227ff8ecf0a839223dc5","block_index":310024,"block_time":310024000,"difficulty":null,"ledger_hash":null,"previous_block_hash":null,"txlist_hash":null}',0,'NEW_BLOCK',NULL,'7a69cb9ec9f0064eabe9c0230e9ce86d347e6255885d90b103ad72eb6c3bf67b');
INSERT INTO messages VALUES(193,310024,'parse','blocks','{"block_index":310024,"ledger_hash":"45e73afbc34855b5cbd342a6fb77545e01f3ff4601a04c6dd25dff665aeff484","messages_hash":"40b2e6f2237ed6a2eac1a71de8a54c7e0c6d96f8b1fb8b639a0d026d7d577c51","transaction_count":0,"txlist_hash":"62353034df70c39cacb345f68e0ec751d3e6f068bb7fb191d4855b8d491b017a"}',0,'BLOCK_PARSED',NULL,'d50d1219928420a3ea7038319ec2b52d4340f3466e194a79306979591ef59da1');
INSERT INTO messages VALUES(194,310025,'insert','blocks','{"block_hash":"a872e560766832cc3b4f7f222228cb6db882ce3c54f6459f62c71d5cd6e90666","block_index":310025,"block_time":310025000,"difficulty":null,"ledger_hash":null,"previous_block_hash":null,"txlist_hash":null}',0,'NEW_BLOCK',NULL,'50cb2dbbce113bfca99c3a54e6cb11e1af011210dbfa62a22da7b6aaa376c975');
INSERT INTO messages VALUES(195,310025,'parse','blocks','{"block_index":310025,"ledger_hash":"714702b25559325c7bacffdf28e0af30c47bf48e6b4fda053c21ea31c7604128","messages_hash":"b5f99bf9fb3bf31091dd9c9b0d4f02917f36e0a427b40edded27c6459d877144","transaction_count":0,"txlist_hash":"c24bec1b6f6bfbb21d1283269ed54067f9f20a1939e51843d477afb58e860281"}',0,'BLOCK_PARSED',NULL,'716b1a459b942cffc7188b859a2e74f7680144e0d89a325b1f6a5ebdfa538f45');
INSERT INTO messages VALUES(196,310026,'insert','blocks','{"block_hash":"6c96350f6f2f05810f19a689de235eff975338587194a36a70dfd0fcd490941a","block_index":310026,"block_time":310026000,"difficulty":null,"ledger_hash":null,"previous_block_hash":null,"txlist_hash":null}',0,'NEW_BLOCK',NULL,'eb597334148eb50347a08ed13bf7acb5f6451c5fdefd86f3a948a8db3f7abbcd');
INSERT INTO messages VALUES(197,310026,'parse','blocks','{"block_index":310026,"ledger_hash":"b305741a1e277ba0ce8436b914784ea0156616ac308282a7f29dbca62a54cc82","messages_hash":"d7422d1f77f9602731ea851853a35a795d874d878f0011fe240d03ed0b2f92eb","transaction_count":0,"txlist_hash":"c9f22944d7eaaa5b40c523275fa193cf213f9e650022a5b4ac80b130ede4cd62"}',0,'BLOCK_PARSED',NULL,'0439d5d5e04251276e8696f0351a5062104df1a7d4fa0a1329299bdfa504a679');
INSERT INTO messages VALUES(198,310027,'insert','blocks','{"block_hash":"d7acfac66df393c4482a14c189742c0571b89442eb7f817b34415a560445699e","block_index":310027,"block_time":310027000,"difficulty":null,"ledger_hash":null,"previous_block_hash":null,"txlist_hash":null}',0,'NEW_BLOCK',NULL,'06d65300ae39bb4f0744c20bebfa1eefcf2b3403c7750b15c89a99ca74e6e2cc');
INSERT INTO messages VALUES(199,310027,'parse','blocks','{"block_index":310027,"ledger_hash":"1f833f7396917e02b4b65b0a05d19754b6a53b030b659514d0c21cad062d45f9","messages_hash":"29aa53ff9635c60912911beb03ac8a8d63092b661e531be2270c60d453ec0906","transaction_count":0,"txlist_hash":"97cf0187859cf94e464ed9a845475eeb21d5f8fd464a7d3e59d1644056c9406c"}',0,'BLOCK_PARSED',NULL,'0cd37cc5f48d5cd4789fc951c7d35924aa724ecbf1aeeed16847033c02977b2d');
INSERT INTO messages VALUES(200,310028,'insert','blocks','{"block_hash":"02409fcf8fa06dafcb7f11e38593181d9c42cc9d5e2ddc304d098f990bd9530b","block_index":310028,"block_time":310028000,"difficulty":null,"ledger_hash":null,"previous_block_hash":null,"txlist_hash":null}',0,'NEW_BLOCK',NULL,'53a5d42e5e455e02386da78b654959adc4edd1cb40293047279d087540526c1e');
INSERT INTO messages VALUES(201,310028,'parse','blocks','{"block_index":310028,"ledger_hash":"47b38906beda7ad735a86b9fd63669b0357b7ae0a0c1a54c9827bc8b90185626","messages_hash":"dfb36f1530465797611e0614c9d5e5d62b818273adbd1eea0a3cfbebcc6893cc","transaction_count":0,"txlist_hash":"2faaf001478f2e3e94f7ac39c92effbfe63319e62ebe6f5da3ad1b72b8a33fef"}',0,'BLOCK_PARSED',NULL,'7711e73297b2842441c31c28e54b85deb9eb9a56710ae6fc48828dd14418478a');
INSERT INTO messages VALUES(202,310029,'insert','blocks','{"block_hash":"3c739fa8b40c118d5547ea356ee8d10ee2898871907643ec02e5db9d00f03cc6","block_index":310029,"block_time":310029000,"difficulty":null,"ledger_hash":null,"previous_block_hash":null,"txlist_hash":null}',0,'NEW_BLOCK',NULL,'cfd8c10ee9536cfc614179d79b2cec0716e794cd9f5e44566bdbe3bb158f98e3');
INSERT INTO messages VALUES(203,310029,'parse','blocks','{"block_index":310029,"ledger_hash":"e69f6c9b649ac04920be70f9b076f7909bcebd8312afa715be3d8922794a72e7","messages_hash":"b518d0fa86ff4a9b754211459e9f81bad2a9210185adf58b2ff7055adebd560f","transaction_count":0,"txlist_hash":"91b5ade356e52e96bf80014e57d90b10297ee41f122a206a820c8cc379d25a16"}',0,'BLOCK_PARSED',NULL,'833d78044e3c7a84fe10f6320086ed31144d27583f2103ca8a9fc4c2fc882464');
INSERT INTO messages VALUES(204,310030,'insert','blocks','{"block_hash":"d5071cddedf89765ee0fd58f209c1c7d669ba8ea66200a57587da8b189b9e4f5","block_index":310030,"block_time":310030000,"difficulty":null,"ledger_hash":null,"previous_block_hash":null,"txlist_hash":null}',0,'NEW_BLOCK',NULL,'19b97ceb4b63bbbc1f9646e62db2d84f959996356b40542ada2640d285b2342b');
INSERT INTO messages VALUES(205,310030,'parse','blocks','{"block_index":310030,"ledger_hash":"c51828b04433b000787c92eaa7e5abd5cc0bc31c619cb8479aff675af6e00c55","messages_hash":"8d7ad346bd88cef365f31657b57dae7cb1d748167d58e5497c5e40739a2b3166","transaction_count":0,"txlist_hash":"7e627f5a3e65a35e19cc9c5cc1ca2a1b760c6797e5104d88b3437e8a916294b0"}',0,'BLOCK_PARSED',NULL,'e027eb8eb6b67b72f1ceb229e9655acb5802ae3462e4e5b7d6106c272b145b6a');
INSERT INTO messages VALUES(206,310031,'insert','blocks','{"block_hash":"0b02b10f41380fff27c543ea8891ecb845bf7a003ac5c87e15932aff3bfcf689","block_index":310031,"block_time":310031000,"difficulty":null,"ledger_hash":null,"previous_block_hash":null,"txlist_hash":null}',0,'NEW_BLOCK',NULL,'359267467f6ccae84cbaf846e8a0a561a4e88a36739e6cdfe82d46cd2964fbf3');
INSERT INTO messages VALUES(207,310031,'parse','blocks','{"block_index":310031,"ledger_hash":"26d91568af76b5ad4b357693ecb0b9341aabbf5de5d5c83f9998dc2f95d76e5e","messages_hash":"893d4b3a7d41993f7499f19d252cbb46531d39f233c50938e9d6b7c6b58a39e8","transaction_count":0,"txlist_hash":"c39d2bccc6869dfc244581ba9ea40c6688ae690d4a193114a3dce683d0f7ed2b"}',0,'BLOCK_PARSED',NULL,'9c9ec4055317558782fd862aa90d1c252614865774515232995d6defd16b13c5');
INSERT INTO messages VALUES(208,310032,'insert','blocks','{"block_hash":"66346be81e6ba04544f2ae643b76c2b7b1383f038fc2636e02e49dc7ec144074","block_index":310032,"block_time":310032000,"difficulty":null,"ledger_hash":null,"previous_block_hash":null,"txlist_hash":null}',0,'NEW_BLOCK',NULL,'c4689a4dd1e54ecb8ccd933ed758ecba5fc414a7e098e0a9577c02f42930f284');
INSERT INTO messages VALUES(209,310032,'update','orders','{"status":"expired","tx_hash":"e9ce757c23cb36e566d824235e575c319faec712759e96a800e0672b2b7cc082"}',0,'ORDER_UPDATE',NULL,'2e8f930c7903323932392069c72059e226f3facae17c318a85a99748552648f9');
INSERT INTO messages VALUES(210,310032,'insert','credits','{"address":"3_mn6q3dS2EnDUx3bmyWc6D4szJNVGtaR7zc_mnfAHmddVibnZNSkh8DvKaQoiEfNsxjXzH_mtQheFaSfWELRB2MyMBaiWjdDm6ux9Ezns_3","asset":"BBBB","block_index":310032,"calling_function":"cancel order","event":"e9ce757c23cb36e566d824235e575c319faec712759e96a800e0672b2b7cc082","quantity":50000000,"tx_index":0,"utxo":null,"utxo_address":null}',0,'CREDIT',NULL,'9c1581b77e9f7778de3970246e85631610ba0219e707d575bc6899a9d23b01ac');
INSERT INTO messages VALUES(211,310032,'insert','order_expirations','{"block_index":310032,"order_hash":"e9ce757c23cb36e566d824235e575c319faec712759e96a800e0672b2b7cc082","source":"3_mn6q3dS2EnDUx3bmyWc6D4szJNVGtaR7zc_mnfAHmddVibnZNSkh8DvKaQoiEfNsxjXzH_mtQheFaSfWELRB2MyMBaiWjdDm6ux9Ezns_3"}',0,'ORDER_EXPIRATION',NULL,'f427cd1e6ed7f0b426886eb0aa6a452af7f8d8c5890bca4699661277aac1775b');
INSERT INTO messages VALUES(212,310032,'parse','blocks','{"block_index":310032,"ledger_hash":"21f8da71c386ec1e5e31a35c1190b895f2df52529ea028d5fba25e0d57616952","messages_hash":"fee2e73b09af7edb45258f56a2a03a90a7f2f04ddd08a2045f713917262712f2","transaction_count":0,"txlist_hash":"597fd2b77ac1cc7b33bf7964b066300ad92271c470738021ea8e65bd6de762ac"}',0,'BLOCK_PARSED',NULL,'a266f0cee71dd47bfb429751c89af33519af853021aaea28f13242fe064e3963');
INSERT INTO messages VALUES(213,310033,'insert','blocks','{"block_hash":"999c65df9661f73e8c01f1da1afda09ac16788b72834f0ff5ea3d1464afb4707","block_index":310033,"block_time":310033000,"difficulty":null,"ledger_hash":null,"previous_block_hash":null,"txlist_hash":null}',0,'NEW_BLOCK',NULL,'5493da7962357c3c392eac188b2b66524516e7f7db7ea960a8eb774538d99e5b');
INSERT INTO messages VALUES(214,310033,'parse','blocks','{"block_index":310033,"ledger_hash":"1c844a38fc28e83406c8019615d0c24a1ea84e6ffe4da392d29f353ca676001b","messages_hash":"ccfe0000b9c8797fd70322215116372ac581157d7145b650809ca82d2788c426","transaction_count":0,"txlist_hash":"935bbe8bb5b92c48838adf3ab1a4156067f7a0af72d7cfdccf79e279362374e9"}',0,'BLOCK_PARSED',NULL,'775b484c8fbf90fe284c715b1ebf44510f786444951cb0b528de3c2dd9b092fa');
INSERT INTO messages VALUES(215,310034,'insert','blocks','{"block_hash":"f552edd2e0a648230f3668e72ddf0ddfb1e8ac0f4c190f91b89c1a8c2e357208","block_index":310034,"block_time":310034000,"difficulty":null,"ledger_hash":null,"previous_block_hash":null,"txlist_hash":null}',0,'NEW_BLOCK',NULL,'d1eba133cac60bf763ec3bc35f8be78086472751ba960805541b249ff9d23bd0');
INSERT INTO messages VALUES(216,310034,'parse','blocks','{"block_index":310034,"ledger_hash":"0533bc0d3bc008b5d65932c569e9f85e3217ea9efbb8937935be93b7a01ec2a8","messages_hash":"46650b295b3b7c2f921c47ada269cf8609f0b68ef1cf8574360068699d9a1d5d","transaction_count":0,"txlist_hash":"6b4c530985dd113c88548a6c8a09601605822763431a43ea18e02b189ea19066"}',0,'BLOCK_PARSED',NULL,'a7e84f10ee5ce639fe1ff2b66b9bc45fa406836004c70fbd6474e678ae7efcf7');
INSERT INTO messages VALUES(217,310035,'insert','blocks','{"block_hash":"a13cbb016f3044207a46967a4ba1c87dab411f78c55c1179f2336653c2726ae2","block_index":310035,"block_time":310035000,"difficulty":null,"ledger_hash":null,"previous_block_hash":null,"txlist_hash":null}',0,'NEW_BLOCK',NULL,'94a83b169e6453ed8d4aa1c2ec59c7ca7214f6c1f16a7ea714e3dafcd8b9b294');
INSERT INTO messages VALUES(218,310035,'parse','blocks','{"block_index":310035,"ledger_hash":"b5f0b7406fe3b6dbcbb5c3b28fb8fb119e237f07532f500b422058ba898e5b22","messages_hash":"6c9f81ee67722a69565458502b8913ab3b7b2de19cde1bd2fab3fb3f6915d63e","transaction_count":0,"txlist_hash":"bfa442f329224f02bbe373cf9c8b9e1bfbef672c604b1f785026233eb8c32c4a"}',0,'BLOCK_PARSED',NULL,'06d59978ac8a4a9993042538466d397cbe9badddbbfb73b29a1b09e447d6d698');
INSERT INTO messages VALUES(219,310036,'insert','blocks','{"block_hash":"158648a98f1e1bd1875584ce8449eb15a4e91a99a923bbb24c4210135cef0c76","block_index":310036,"block_time":310036000,"difficulty":null,"ledger_hash":null,"previous_block_hash":null,"txlist_hash":null}',0,'NEW_BLOCK',NULL,'da06b0939e1de98e218a86827ec4ac79f5a68e682042b5c58e9c1749f07cad1c');
INSERT INTO messages VALUES(220,310036,'parse','blocks','{"block_index":310036,"ledger_hash":"7519ac8cdf4c13b25929d913e3858855aca68bcf3fe6d3636e7371894af27f04","messages_hash":"d4996d11134218e2cf2d382db97b7585a4de35e0cc26f8759fe5f8be54bfbef7","transaction_count":0,"txlist_hash":"9cb8563575f80ab6510232682d186edf10cfd779c6c1cf4253a0ee83df71919f"}',0,'BLOCK_PARSED',NULL,'5dd7043cfc567b558e26fa24c62adb0ce784d9ec2e07bff8f35b831a2fa2a084');
INSERT INTO messages VALUES(221,310037,'insert','blocks','{"block_hash":"563acfd6d991ce256d5655de2e9429975c8dceeb221e76d5ec6e9e24a2c27c07","block_index":310037,"block_time":310037000,"difficulty":null,"ledger_hash":null,"previous_block_hash":null,"txlist_hash":null}',0,'NEW_BLOCK',NULL,'f0e87ec65ca67d63dbf94dfcb244de04c79c77e7fa510833f5148007c5ec56e2');
INSERT INTO messages VALUES(222,310037,'parse','blocks','{"block_index":310037,"ledger_hash":"f417da67da0c23d4bc44bbb864de5b94057916e28502641ba70764f44165a1fa","messages_hash":"733f1771c315b438c8b5674d664dd75deae82c3bb6599f1114850a3641da90b4","transaction_count":0,"txlist_hash":"c4519ebf935021db64cca01dc946f33c40c7e4d717b7edd820677908757ab37f"}',0,'BLOCK_PARSED',NULL,'7d41e66bcc251bc7b5d39bfe341e26030e1071f5ee6ef4b79d294def46f8051f');
INSERT INTO messages VALUES(223,310038,'insert','blocks','{"block_hash":"b44b4cad12431c32df27940e18d51f63897c7472b70950d18454edfd640490b2","block_index":310038,"block_time":310038000,"difficulty":null,"ledger_hash":null,"previous_block_hash":null,"txlist_hash":null}',0,'NEW_BLOCK',NULL,'76074d80f7f5b472fd17781325c0d59113c5003ace259818e30698aed8f884c3');
INSERT INTO messages VALUES(224,310038,'parse','blocks','{"block_index":310038,"ledger_hash":"098eb6f2b0a1c584d969167f50bb55383ab71593ed1f0ca61d83c4513a209107","messages_hash":"3abf64aa2c70ecd5afd941f159efb241e020094e70573b37d66d1c94aa81563e","transaction_count":0,"txlist_hash":"b69dff2d418c2d3fa52b052dea86e95086a1d7b072db21bd8960822e9b34a8ad"}',0,'BLOCK_PARSED',NULL,'2107237d0ea1e0d28ab58a753470b62d9febfbad4fbc02bd71be9ad3cb62dfff');
INSERT INTO messages VALUES(225,310039,'insert','blocks','{"block_hash":"5fa1ae9c5e8a599247458987b006ad3a57f686df1f7cc240bf119e911b56c347","block_index":310039,"block_time":310039000,"difficulty":null,"ledger_hash":null,"previous_block_hash":null,"txlist_hash":null}',0,'NEW_BLOCK',NULL,'4d03bd15652bdf10dc293c4f9bd702eb1324cac654cec5e4726f949d20fc16d5');
INSERT INTO messages VALUES(226,310039,'parse','blocks','{"block_index":310039,"ledger_hash":"a4aa60a1320e47c975628f6650d8fdc44b6a729d26a3178031e32fcb48b59491","messages_hash":"fa0c45a6b78ffdcd9e1cee72335afda0cc5aa6fd60f1e4df901dd44d65055b31","transaction_count":0,"txlist_hash":"a5c65cbaf7f42b8c20e516fcf103e94f998b9d434ccce79523aa62fd5c412fc8"}',0,'BLOCK_PARSED',NULL,'e33958982bc7807122737f1da087be56b193226f275c3bbd867476eeebdf04a5');
INSERT INTO messages VALUES(227,310040,'insert','blocks','{"block_hash":"7200ded406675453eadddfbb2d14c2a4526c7dc2b5de14bd48b29243df5e1aa3","block_index":310040,"block_time":310040000,"difficulty":null,"ledger_hash":null,"previous_block_hash":null,"txlist_hash":null}',0,'NEW_BLOCK',NULL,'475195d2b8679b236e0c0d7490c9fa19e78346ba4202a7c5975b3689e59f92cc');
INSERT INTO messages VALUES(228,310040,'parse','blocks','{"block_index":310040,"ledger_hash":"cc5b2af6948531b635b18a4b6698efa318190762c8e4419aa9ca3634e7ed5d1e","messages_hash":"41a9536173c03a4448ee834078b4fc0ec6372cfbec428793563d0c188b9b7160","transaction_count":0,"txlist_hash":"d9f40531f5b7d553db62e3972c23862577f964b8f90c4128ab4a9e84f8d12fb6"}',0,'BLOCK_PARSED',NULL,'09560223e4cf95065c2e74f30114bd72a433b14ffcb5a787332c5de290522065');
INSERT INTO messages VALUES(229,310041,'insert','blocks','{"block_hash":"5db592ff9ba5fac1e030cf22d6c13b70d330ba397f415340086ee7357143b359","block_index":310041,"block_time":310041000,"difficulty":null,"ledger_hash":null,"previous_block_hash":null,"txlist_hash":null}',0,'NEW_BLOCK',NULL,'3b5b8a97a0525b0cc9871821ac5eb9d1f2d4d7ff5549b55cd561ab2088d47df5');
INSERT INTO messages VALUES(230,310041,'parse','blocks','{"block_index":310041,"ledger_hash":"7ad02b4853bde78025942e9f58c212a76c1828337610347e516d4a359af804b5","messages_hash":"4c35aafbaf37fda6de66df2af72bc9e818f6b613b5c35522f3ff15b6b824e9cf","transaction_count":0,"txlist_hash":"7d3be6afbbf71964cbca5e08f3c24ab27ffd8c11c44d7a90400884a009c72f61"}',0,'BLOCK_PARSED',NULL,'39634fa883f52274f9693bf75da70d876c55ea6d822693bf96adafa8414cd1c1');
INSERT INTO messages VALUES(231,310042,'insert','blocks','{"block_hash":"826fd4701ef2824e9559b069517cd3cb990aff6a4690830f78fc845ab77fa3e4","block_index":310042,"block_time":310042000,"difficulty":null,"ledger_hash":null,"previous_block_hash":null,"txlist_hash":null}',0,'NEW_BLOCK',NULL,'12d553540011bae1711c6ab694dc5b762034daa577295d8cfd138fa64625d4e1');
INSERT INTO messages VALUES(232,310042,'parse','blocks','{"block_index":310042,"ledger_hash":"64a91735950113c13603e49ca549fae9b30092a9fc02d53a32a20eaef64ab6ce","messages_hash":"6a49a0cf7b4f803e8dc081172c1d48bf333e28bec58a29d8bbd8ee25432603fb","transaction_count":0,"txlist_hash":"350d211a0406aebed38d55383e5aaa62055334a7a7a77e93e37be287d72604f9"}',0,'BLOCK_PARSED',NULL,'6efab519480fee4c12dfbec198f664960760ca7d35b66a0a23955cb0b8a3fd3f');
INSERT INTO messages VALUES(233,310043,'insert','blocks','{"block_hash":"2254a12ada208f1dd57bc17547ecaf3c44720323c47bc7d4b1262477cb7f3c51","block_index":310043,"block_time":310043000,"difficulty":null,"ledger_hash":null,"previous_block_hash":null,"txlist_hash":null}',0,'NEW_BLOCK',NULL,'c738a7645c082ebaac67cf8a396a4d97fcdaa0dec945c29f0963eeec1ea651fd');
INSERT INTO messages VALUES(234,310043,'parse','blocks','{"block_index":310043,"ledger_hash":"68107847c7a9dd19612d8b47c1a39cdc446c752f2c05ea8fcd961a42f835d155","messages_hash":"ecfbb5f85b1b66ed5498d4e74c8e1d091189039b4ea24cae75fcbed2d43961c3","transaction_count":0,"txlist_hash":"2592f1e4f54085525873675c467e362a0a1876114e628ab9eadf8e59c48b2f5a"}',0,'BLOCK_PARSED',NULL,'9818602ca62fd505567eb1c3c24a9fa82f53ac33bcbe9db88fadfcb753b8f51c');
INSERT INTO messages VALUES(235,310044,'insert','blocks','{"block_hash":"3346d24118d8af0b3c6bcc42f8b85792e7a2e7036ebf6e4c25f4f6723c78e46b","block_index":310044,"block_time":310044000,"difficulty":null,"ledger_hash":null,"previous_block_hash":null,"txlist_hash":null}',0,'NEW_BLOCK',NULL,'5e63e2c89ca5719b9518b617aabe6f59a4de577ddb2ba841f121de632dcbd021');
INSERT INTO messages VALUES(236,310044,'parse','blocks','{"block_index":310044,"ledger_hash":"64d4d51adb6994360b3dbf04663c4f067ba223e62912fe1c5a96a190225bb54c","messages_hash":"1a9cf9df20395c93df2196ca574809dc99f10f20debea520ada1775c60ee5043","transaction_count":0,"txlist_hash":"530213751f89f9039692a0e8081d56ee1f20e302148913b97d7083505442db0d"}',0,'BLOCK_PARSED',NULL,'aafd79e7cdee689eafac7d61e88e3d5ff553710cbc862e94dca3bb28bc7e2ace');
INSERT INTO messages VALUES(237,310045,'insert','blocks','{"block_hash":"7bba0ab243839e91ad1a45a762bf074011f8a9883074d68203c6d1b46fffde98","block_index":310045,"block_time":310045000,"difficulty":null,"ledger_hash":null,"previous_block_hash":null,"txlist_hash":null}',0,'NEW_BLOCK',NULL,'2c6f64adbfe7e67238a337a6aaf7711b021c1b3f7df58e650b6f8adb5786745c');
INSERT INTO messages VALUES(238,310045,'parse','blocks','{"block_index":310045,"ledger_hash":"3ba2d7685f63962f576e9fa94e4d6709ace95249a3064804c3822078c982d11d","messages_hash":"ea563564ec7883e4ed482dcfb32310182bbd4e37efcaf5cf9d020e2ad6786fe4","transaction_count":0,"txlist_hash":"253301ac3127630de6d26f1b54047aa6470391ddc34cad244918e62560b11051"}',0,'BLOCK_PARSED',NULL,'daf9c27a606ff3bb835250974138890e7390cd1211c3f1aa843c43b6ff7c86a2');
INSERT INTO messages VALUES(239,310046,'insert','blocks','{"block_hash":"47db6788c38f2d6d712764979e41346b55e78cbb4969e0ef5c4336faf18993a6","block_index":310046,"block_time":310046000,"difficulty":null,"ledger_hash":null,"previous_block_hash":null,"txlist_hash":null}',0,'NEW_BLOCK',NULL,'cf68241880e62bd246915ce0eccbce041bbdec2e95a54a3132f6b7e371515340');
INSERT INTO messages VALUES(240,310046,'parse','blocks','{"block_index":310046,"ledger_hash":"6502f277568bed2705c5f496e278e5d99310ff6705751a3999cb4b2bc7d725bd","messages_hash":"431126c1dcf52ca706dead5084f3fe0488e96b4f2cdcef54ffa7be7ecf50582d","transaction_count":0,"txlist_hash":"2ef895f906f45bc4f41799afba8190eff1a51c6eeda9b6e03279df834a638ded"}',0,'BLOCK_PARSED',NULL,'15659194ccfb423366dbb35a95294d40496a6c4fe93305d4de88efbf377845d4');
INSERT INTO messages VALUES(241,310047,'insert','blocks','{"block_hash":"a9ccabcc2a098a7d25e4ab8bda7c4e66807eefa42e29890dcd88149a10de7075","block_index":310047,"block_time":310047000,"difficulty":null,"ledger_hash":null,"previous_block_hash":null,"txlist_hash":null}',0,'NEW_BLOCK',NULL,'ae8bf73f6208e87f8920da284dba39bdf48e19f720a49eece34787c4155d04d5');
INSERT INTO messages VALUES(242,310047,'parse','blocks','{"block_index":310047,"ledger_hash":"5dae29289f36e64b87d56f9870af0bd5ad77ca45f1093c1a41140ea397945130","messages_hash":"a7f3371c57041ea7cf0fac1f4c31df427658e4142fb938ce98591f74d61dde06","transaction_count":0,"txlist_hash":"d63238d1eb974f58aa65fbfad8af5de4ef8464976ecf7b633f8c64a87513f40a"}',0,'BLOCK_PARSED',NULL,'a76f9103db48c2ea6e26eda280a2790777c8dda5742f0c134f3139d18a97ab38');
INSERT INTO messages VALUES(243,310048,'insert','blocks','{"block_hash":"610bf3935a85b05a98556c55493c6de45bed4d7b3b6c8553a984718765796309","block_index":310048,"block_time":310048000,"difficulty":null,"ledger_hash":null,"previous_block_hash":null,"txlist_hash":null}',0,'NEW_BLOCK',NULL,'6c4744b3782240c37dbb4176b4853da9e16ba46838103f29de11482a47d69787');
INSERT INTO messages VALUES(244,310048,'parse','blocks','{"block_index":310048,"ledger_hash":"d5dee49d7b78e2ce4dd2a648e345a52bbfa7e0e76de9e970b1dc0b6aea66c130","messages_hash":"a860e7afc4dd3463060537ea724ebc224792f95a836ff41bb673ebc912b9662b","transaction_count":0,"txlist_hash":"809cd07a9d4cac935e5be4eae453a5f8acd3fa0fec7fcec2d0c3f2715bde8705"}',0,'BLOCK_PARSED',NULL,'4aceda840646b00aca8c7b742fc7849b52542b0cc732f28a6d2ae4d658a9341a');
INSERT INTO messages VALUES(245,310049,'insert','blocks','{"block_hash":"4ad2761923ad49ad2b283b640f1832522a2a5d6964486b21591b71df6b33be3c","block_index":310049,"block_time":310049000,"difficulty":null,"ledger_hash":null,"previous_block_hash":null,"txlist_hash":null}',0,'NEW_BLOCK',NULL,'e7b4086f36b15644a3132047252b49172a4edd883aa48a288b4043966aa5d7ef');
INSERT INTO messages VALUES(246,310049,'parse','blocks','{"block_index":310049,"ledger_hash":"2b4c97a93933b8986ebb061d47f2e8bbb1672206058ae3c3ae388bab36b8cbc8","messages_hash":"2c98b78b3041be4af019a49e14910d1f48136eff86a328611835b14ccca76c86","transaction_count":0,"txlist_hash":"362c473cfb9fac585685904dd71fa2755677c81c0f5295fdfd3e00f16f4f0704"}',0,'BLOCK_PARSED',NULL,'86b7f29332d93c78eaa1d91118642922349c38d81baaf54cd6f13ddbce80034d');
INSERT INTO messages VALUES(247,310050,'insert','blocks','{"block_hash":"8cfeb60a14a4cec6e9be13d699694d49007d82a31065a17890383e262071e348","block_index":310050,"block_time":310050000,"difficulty":null,"ledger_hash":null,"previous_block_hash":null,"txlist_hash":null}',0,'NEW_BLOCK',NULL,'50f00ff9fc40ea39e617ba5d9da83ec5be3b55283802f58107b80a60d07d3c7c');
INSERT INTO messages VALUES(248,310050,'parse','blocks','{"block_index":310050,"ledger_hash":"115913763ca7ef5691512a5c6d47cbd49203aee8a3242928f62640912c935872","messages_hash":"2c42ea360356431d9430f0dc5f80a64e55549de5423dab42cb7897ebda512d3c","transaction_count":0,"txlist_hash":"566da6d26c4de446ea07716db8def841b798043d85ac282bd1702c22f9f141c2"}',0,'BLOCK_PARSED',NULL,'52bbd7ac9371338ec2171cd304d8b84c373af9b63f1f1685b8886e33cc72bea3');
INSERT INTO messages VALUES(249,310051,'insert','blocks','{"block_hash":"b53c90385dd808306601350920c6af4beb717518493fd23b5c730eea078f33e6","block_index":310051,"block_time":310051000,"difficulty":null,"ledger_hash":null,"previous_block_hash":null,"txlist_hash":null}',0,'NEW_BLOCK',NULL,'36221d1777da3cd3aa6e6c497291ceef0d57daee26830740eee17ddb618df845');
INSERT INTO messages VALUES(250,310051,'parse','blocks','{"block_index":310051,"ledger_hash":"72f24dc53c759a08aeb447d826bf64aad71ca8f4ab9640e30e440e6bc050a0eb","messages_hash":"acbd4d36093986f73dd5a6d10501754eb42edecc27657e7e592b0a74e9d50305","transaction_count":0,"txlist_hash":"fcfbfb22282c82217ea4397be4bb58e867381635c5619e9b70627339c1fb90eb"}',0,'BLOCK_PARSED',NULL,'497a85d50fb83961847a5df69d334b6a381b80c3063ce1a30188544ff25e6dbc');
INSERT INTO messages VALUES(251,310052,'insert','blocks','{"block_hash":"0acdacf4e4b6fca756479cb055191b367b1fa433aa558956f5f08fa5b7b394e2","block_index":310052,"block_time":310052000,"difficulty":null,"ledger_hash":null,"previous_block_hash":null,"txlist_hash":null}',0,'NEW_BLOCK',NULL,'845a589a7a6eccc125f5cf4197d5b73a0c37b34c393c5fbae14f42f322401af6');
INSERT INTO messages VALUES(252,310052,'parse','blocks','{"block_index":310052,"ledger_hash":"07846004f2da033bfd113e13040b0d0d605375370b7437e2ca2ea9467fc80c1a","messages_hash":"7bbf13519bb89bf0b022ff874040e709b8b9f1671c57f1bec811f7196d620931","transaction_count":0,"txlist_hash":"dc4fac80580c1319b964d333d92639c7c25b6b77ff5dfbc00446b5fddffc26bf"}',0,'BLOCK_PARSED',NULL,'781d34808834622375f7a7ea60ccd65f5868cc3fc38f4e10f13ab64e0b49ec09');
INSERT INTO messages VALUES(253,310053,'insert','blocks','{"block_hash":"68348f01b6dc49b2cb30fe92ac43e527aa90d859093d3bf7cd695c64d2ef744f","block_index":310053,"block_time":310053000,"difficulty":null,"ledger_hash":null,"previous_block_hash":null,"txlist_hash":null}',0,'NEW_BLOCK',NULL,'bc75281b9d87c0f561c335f9c8fbce534374c6fd65dcf223333a093fab69b432');
INSERT INTO messages VALUES(254,310053,'parse','blocks','{"block_index":310053,"ledger_hash":"7bf9a701337c043a7268cecca5ff765c24600a2056137cd03e3ead9d64ef2348","messages_hash":"760aced262c9243e707fadf6589952c3dd85b6b7f6f0fd373df7be1aeb313570","transaction_count":0,"txlist_hash":"339436b02ffdd1ce220fedfab2ecdd536bb4ec848e5a78a77c21970c8e74194e"}',0,'BLOCK_PARSED',NULL,'e0213076c31b183f949f1d788a9ecb8dc7116b04d6b169cd8f56bc1d401de7e2');
INSERT INTO messages VALUES(255,310054,'insert','blocks','{"block_hash":"a8b5f253df293037e49b998675620d5477445c51d5ec66596e023282bb9cd305","block_index":310054,"block_time":310054000,"difficulty":null,"ledger_hash":null,"previous_block_hash":null,"txlist_hash":null}',0,'NEW_BLOCK',NULL,'9db6c95ed8a0f7841a3a3835a2b3ca6e9cb5691f84f2e75f86d96ac1b33e1e14');
INSERT INTO messages VALUES(256,310054,'parse','blocks','{"block_index":310054,"ledger_hash":"d544aec17018203fe2f5c9bda52a5da53d41d3364b8026770d1f620aa53e6c36","messages_hash":"41281b0ccd9e376e224bae56cff822ec87da372480b91e6c571fea61543c1186","transaction_count":0,"txlist_hash":"3bfd7770a2cfdc15e942f7a4aaa259145949d245b3717a1e48f410fcfce760df"}',0,'BLOCK_PARSED',NULL,'7ea052a214eb4190b512753c65ee8fc87daca029d1a220e09f16ee0ee67ca78f');
INSERT INTO messages VALUES(257,310055,'insert','blocks','{"block_hash":"4b069152e2dc82e96ed8a3c3547c162e8c3aceeb2a4ac07972f8321a535b9356","block_index":310055,"block_time":310055000,"difficulty":null,"ledger_hash":null,"previous_block_hash":null,"txlist_hash":null}',0,'NEW_BLOCK',NULL,'b27eeb83b3d73ee07ba6dfda1fea00b1d5e7187bf847857ab23cc92c84e871b4');
INSERT INTO messages VALUES(258,310055,'parse','blocks','{"block_index":310055,"ledger_hash":"bd3044c66f7e2c24944a9c938b8f162ac8f566a1338444c219396eadf5179d3e","messages_hash":"7ed3d900e3fa88df0edc68b477f651132cc95acc3c75d2e852cdc4f0e9ca1937","transaction_count":0,"txlist_hash":"a4ead63bd40b86ae2fdafe553503928fff04722e3548b4e6171657df803d17aa"}',0,'BLOCK_PARSED',NULL,'898f82af05c915d1833a39d059599b440261319cd419c5acf7d7b7d395b2ad4a');
INSERT INTO messages VALUES(259,310056,'insert','blocks','{"block_hash":"7603eaed418971b745256742f9d2ba70b2c2b2f69f61de6cc70e61ce0336f9d3","block_index":310056,"block_time":310056000,"difficulty":null,"ledger_hash":null,"previous_block_hash":null,"txlist_hash":null}',0,'NEW_BLOCK',NULL,'c07d74cc94d6c5ab0d01202f2f73a9f92347f2c908c219ce786559809efa56d3');
INSERT INTO messages VALUES(260,310056,'parse','blocks','{"block_index":310056,"ledger_hash":"b19346f726636aa9da55af6106a471c596a7f7b93289b70d3d33b45334bca9d3","messages_hash":"839470f92205e8dac197631a769c1ff5d1fd6d9386c67b9d3c1fd2eb312e0e7e","transaction_count":0,"txlist_hash":"ea2639c60863e950af5ff3238334831561f1c09657a5460028f9e477aac73b06"}',0,'BLOCK_PARSED',NULL,'4f14dd1c14abf1fdcf225129065d2c5f548893d20a192b0f5d7d98b04f95086f');
INSERT INTO messages VALUES(261,310057,'insert','blocks','{"block_hash":"4a5fdc84f2d66ecb6ee3e3646aad20751ce8694e64e348d3c8aab09d33a3e411","block_index":310057,"block_time":310057000,"difficulty":null,"ledger_hash":null,"previous_block_hash":null,"txlist_hash":null}',0,'NEW_BLOCK',NULL,'4d1bd7974a5c7ecfe94483b209711f302bc6c87e7b1db84cdd3def2227687de4');
INSERT INTO messages VALUES(262,310057,'parse','blocks','{"block_index":310057,"ledger_hash":"35c2ad9ccd3bd68cdb0c4d8fd4e30938521b8559c1cec331a29b1802d649947a","messages_hash":"fa9431c5b8645ff40692c6656c734932eedffc49ca2fbbdc5fbbf086a4fedbb8","transaction_count":0,"txlist_hash":"27c90ea7e48e15de49d0be8d84c849c535429a60c668d0c3be717e697701ca02"}',0,'BLOCK_PARSED',NULL,'8bb18104138819d554c7d0e1855fa0ab896b5e45537a664dc72863954ca13e33');
INSERT INTO messages VALUES(263,310058,'insert','blocks','{"block_hash":"a6eef3089896f0cae0bfe9423392e45c48f4efe4310b14d8cfbdb1fea613635f","block_index":310058,"block_time":310058000,"difficulty":null,"ledger_hash":null,"previous_block_hash":null,"txlist_hash":null}',0,'NEW_BLOCK',NULL,'447d03af7add8890e9c51e45f25f8d39507e376d7a04be91a7c1545699a4a106');
INSERT INTO messages VALUES(264,310058,'parse','blocks','{"block_index":310058,"ledger_hash":"e9a705d6661f0345ffe0f45ae26c0d6ba6bd5a125eef2f0e9558d0702ee6d63f","messages_hash":"cdab1879a3cfe8b51a7b40e8fca1e384ed1d847c6ebe4127d2146ebd06e78358","transaction_count":0,"txlist_hash":"5bc94604b09d51c8d153aacfedd24db57ffcce52518346842ca4c9a457703cb5"}',0,'BLOCK_PARSED',NULL,'e9ffc4196be7ae09f6ce6844db570ea89586a7ad3db026bc1034c01a003b7d6a');
INSERT INTO messages VALUES(265,310059,'insert','blocks','{"block_hash":"ab505de874c43f97c90be1c26a769e6c5cb140405c993b4a6cc7afc795f156a9","block_index":310059,"block_time":310059000,"difficulty":null,"ledger_hash":null,"previous_block_hash":null,"txlist_hash":null}',0,'NEW_BLOCK',NULL,'41d0d67507cc599dca34c52c760e298f3284e4266cf9508f6703bf0b1b1f0897');
INSERT INTO messages VALUES(266,310059,'parse','blocks','{"block_index":310059,"ledger_hash":"61efe4d33a7f70cae34df86753532aee25fb0b153744acb962142691f6979482","messages_hash":"cd1042b178ca0ba33a6a6e9b69eb908a371510bae70d29f16a9b85e6be26b1ed","transaction_count":0,"txlist_hash":"f05a12e9e96b7ca325a18501254315819214a9e63964e214ab0f157a101641bf"}',0,'BLOCK_PARSED',NULL,'8597e3f7cb3868583c4864d7ae55a6ed3adf4dc358d120be7ccbc72caf27cbc1');
INSERT INTO messages VALUES(267,310060,'insert','blocks','{"block_hash":"974ad5fbef621e0a38eab811608dc9afaf10c8ecc85fed913075ba1a145e889b","block_index":310060,"block_time":310060000,"difficulty":null,"ledger_hash":null,"previous_block_hash":null,"txlist_hash":null}',0,'NEW_BLOCK',NULL,'913be360986b443f4065f8224d4083497dd120fb65439323cc8460175c20419b');
INSERT INTO messages VALUES(268,310060,'parse','blocks','{"block_index":310060,"ledger_hash":"59d9785e783c59c12783977087ad439b2dacad9ae1ef2be6384bfc9036da9804","messages_hash":"232b09c07f53cb988ed77138a8541ef40876ef62fa03b7cd18f897d90d0c9e72","transaction_count":0,"txlist_hash":"9d53e5923f9e1ef604172a209da0ad1d06e90297a7a37f7ae72ed3c75d49b830"}',0,'BLOCK_PARSED',NULL,'d3959490ac1181106802d7eebb10089e06bceac61f4945c8b654fedc2a7f71f1');
INSERT INTO messages VALUES(269,310061,'insert','blocks','{"block_hash":"35d267d21ad386e7b7632292af1c422b0310dde7ca49a82f9577525a29c138cf","block_index":310061,"block_time":310061000,"difficulty":null,"ledger_hash":null,"previous_block_hash":null,"txlist_hash":null}',0,'NEW_BLOCK',NULL,'14c8544dedc24f3bbd7dc02b8ec5fc9d1f9454883eb4ecbd121d14113e6142ec');
INSERT INTO messages VALUES(270,310061,'parse','blocks','{"block_index":310061,"ledger_hash":"e257d59ab5dfb01b8396bd12d2fd169f9ac7629365b90bf6e593e627738d3754","messages_hash":"94f0d77b42261ec8ddfe3dd62e437486ce3eb1e96c8ce731d9eab2d48feacd36","transaction_count":0,"txlist_hash":"7c4bd9b9e7d100533c803257b11d8d2b3be45054766e0a58dd5ecdb2c4a9f26e"}',0,'BLOCK_PARSED',NULL,'c200f8880ba56a65243bdac48e948c63390a03734c9050dd3b35331883f3dade');
INSERT INTO messages VALUES(271,310062,'insert','blocks','{"block_hash":"b31a0054145319ef9de8c1cb19df5bcf4dc8a1ece20053aa494e5d3a00a2852f","block_index":310062,"block_time":310062000,"difficulty":null,"ledger_hash":null,"previous_block_hash":null,"txlist_hash":null}',0,'NEW_BLOCK',NULL,'79fb6e74e411f297baa3167b568f0f2afe298236f40116c142c7f1d88c62ec86');
INSERT INTO messages VALUES(272,310062,'parse','blocks','{"block_index":310062,"ledger_hash":"0dc0317a88a6fc4ac791cd4d45edcf2a142fb83aa2e8a2f299fcac48a2c2e04d","messages_hash":"f93bb2defadd3821e5ceeb7a7d273632075b2de9f1290eeaebb204f3c3a00300","transaction_count":0,"txlist_hash":"ffbd45a8e993ee3fda6d1bd949a70f74447a78bd3a7b4d5071e3660b3081f108"}',0,'BLOCK_PARSED',NULL,'b1aed7f591d87681c684b38e809c9b3eb5fd4fd378847c141dc4ff93005f3638');
INSERT INTO messages VALUES(273,310063,'insert','blocks','{"block_hash":"0cbcbcd5b7f2dc288e3a34eab3d4212463a5a56e886804fb4f9f1cf929eadebe","block_index":310063,"block_time":310063000,"difficulty":null,"ledger_hash":null,"previous_block_hash":null,"txlist_hash":null}',0,'NEW_BLOCK',NULL,'837739c21c995a53fd07783253e1080ef771ae51ead66616a9cb502c0b08708a');
INSERT INTO messages VALUES(274,310063,'parse','blocks','{"block_index":310063,"ledger_hash":"892d6a49aebb262f2a626a35c0806c488c836c04d33122c2d65ecd8904fe3d85","messages_hash":"7ca03b01f71e656af55e3af6e8cb00fca55e39bef33ce94addbf5df5c70c97ae","transaction_count":0,"txlist_hash":"0c63f51f584209447ba928a811e99d2a42753ef5aecbde6ea065d786bb53aebd"}',0,'BLOCK_PARSED',NULL,'e4db019f08678b36c296ae9caea438ab000b7695f9498ab04777918d23bc16c4');
INSERT INTO messages VALUES(275,310064,'insert','blocks','{"block_hash":"e2db8065a195e85cde9ddb868a17d39893a60fb2b1255aa5f0c88729de7cbf30","block_index":310064,"block_time":310064000,"difficulty":null,"ledger_hash":null,"previous_block_hash":null,"txlist_hash":null}',0,'NEW_BLOCK',NULL,'cd248533b57002ac9f57e3c9c5bde468ec40bb9ae1b15b09d2a4235c8fe703c0');
INSERT INTO messages VALUES(276,310064,'parse','blocks','{"block_index":310064,"ledger_hash":"e345abbf8dc42737a9f2dd038534409200d63a9ebf5d1cbf3344ea9413c388c0","messages_hash":"21bb381bcf92a3ee3b252418fdab3a71a1fe6c343f22527abdfb48b69b9ddd6a","transaction_count":0,"txlist_hash":"8f8de4f1e6aed364e265edae83fb7724feb5b89d2b1f7bc052a5fcd02a4bcbd8"}',0,'BLOCK_PARSED',NULL,'7e91559a8b0d61904ae3f97042bb8434e309a2639f1ba3c932e0f6ef29ead3be');
INSERT INTO messages VALUES(277,310065,'insert','blocks','{"block_hash":"8a7bc7a77c831ac4fd11b8a9d22d1b6a0661b07cef05c2e600c7fb683b861d2a","block_index":310065,"block_time":310065000,"difficulty":null,"ledger_hash":null,"previous_block_hash":null,"txlist_hash":null}',0,'NEW_BLOCK',NULL,'67568cb4141cc596cc3010d2ae4cef0484e34f74a86e26d5cfc79d889c752308');
INSERT INTO messages VALUES(278,310065,'parse','blocks','{"block_index":310065,"ledger_hash":"84ec781d054c0602ed97384cd32cd060b938627ea490a7635fa3ac0babba94cc","messages_hash":"5203588435a5ff9b51263103b1cff8ca8de8f91594fe0beb321f0a87966c8642","transaction_count":0,"txlist_hash":"b0e1fa484c40e15ae0e2abfa10727ae1ea4c29cb538b0cfb9d87f4a7a61e98bf"}',0,'BLOCK_PARSED',NULL,'940bc3afacf96e7636691079c2a65b859c2dd99daaa1227514d73c1d07bcc042');
INSERT INTO messages VALUES(279,310066,'insert','blocks','{"block_hash":"b6959be51eb084747d301f7ccaf9e75f2292c9404633b1532e3692659939430d","block_index":310066,"block_time":310066000,"difficulty":null,"ledger_hash":null,"previous_block_hash":null,"txlist_hash":null}',0,'NEW_BLOCK',NULL,'4db04f6e110f95594736ae2e2af41f862744ecccdd81defed888935734caac15');
INSERT INTO messages VALUES(280,310066,'parse','blocks','{"block_index":310066,"ledger_hash":"3478612a8bb95c2966891fb4d1b35493a1342364a6f08404b83ac9fdda763aa2","messages_hash":"b1e6fd47ca41e2a376592be6de623241668fc0d553f6de1a4d22c535514aa10c","transaction_count":0,"txlist_hash":"9188a7aa026b7a5bfbabdf3aca2a3e9062077ab93b7f4212b39b9bf1f9b0edd8"}',0,'BLOCK_PARSED',NULL,'a73b7a734c2572423cc6423be8321988958bfc24ef35db3c904116ddffc754b6');
INSERT INTO messages VALUES(281,310067,'insert','blocks','{"block_hash":"8b08eae98d7193c9c01863fac6effb9162bda010daeacf9e0347112f233b8577","block_index":310067,"block_time":310067000,"difficulty":null,"ledger_hash":null,"previous_block_hash":null,"txlist_hash":null}',0,'NEW_BLOCK',NULL,'fee87b9064d2cebed88d267a9109ea1d7029d4fe6bca7569a194f49c57bc97a7');
INSERT INTO messages VALUES(282,310067,'parse','blocks','{"block_index":310067,"ledger_hash":"c532c4c5f5e2ae1026ec2582645d9aef06afee46cb9781427a1f40667378ed67","messages_hash":"7acd6e27c3d61fda2523886efa0311cff5918fee45efef52ab6526187dd07778","transaction_count":0,"txlist_hash":"75da8416a84cc8ec4beab30c2c5a7871936a3203b5753a7ef08d116a16591591"}',0,'BLOCK_PARSED',NULL,'505055dc12ae0b233f6c37a795116c06eb6eea0549b9747257d43fb831298088');
INSERT INTO messages VALUES(283,310068,'insert','blocks','{"block_hash":"9280e7297ef6313341bc81787a36acfc9af58f83a415afff5e3154f126cf52b5","block_index":310068,"block_time":310068000,"difficulty":null,"ledger_hash":null,"previous_block_hash":null,"txlist_hash":null}',0,'NEW_BLOCK',NULL,'09652a07e55a5c9c972ad3ad9559b1cbd376e527a46ff80ca57d1a4714cc05af');
INSERT INTO messages VALUES(284,310068,'parse','blocks','{"block_index":310068,"ledger_hash":"5508189396fa6dfe63a7d06fe97a3073e986eb305bcb49430157f99e3848cd69","messages_hash":"db6eb221a6f5087d3ae31377fa1652e24eec5b7dcfab3b80ebedd571b003ed22","transaction_count":0,"txlist_hash":"4aed980de44c04710c722d9bf216497d049e1fa26909ff049d7180e6dba1fabc"}',0,'BLOCK_PARSED',NULL,'22fc082004e9d91ba2d2683662e15ed8454d3cc05a111e441391d80bf85bfa07');
INSERT INTO messages VALUES(285,310069,'insert','blocks','{"block_hash":"486351f0655bf594ffaab1980cff17353b640b63e9c27239109addece189a6f7","block_index":310069,"block_time":310069000,"difficulty":null,"ledger_hash":null,"previous_block_hash":null,"txlist_hash":null}',0,'NEW_BLOCK',NULL,'1602c219485fda876b7bc52dd666c2a6c1dda519b4d98818b8df0c0a8bee3690');
INSERT INTO messages VALUES(286,310069,'parse','blocks','{"block_index":310069,"ledger_hash":"9b0b5d09dc7aaffaf5a3603fa2b914c54b04755a5ddbf83476320149f802292a","messages_hash":"236e1e1e9a7adcdb14f5fc46fb1863e8d2003a6a4a26b73eff119c3ecb2d326b","transaction_count":0,"txlist_hash":"5d34b1cf1c7569bd69b4e207b246b73cb4ad6cc3e4a8fb3301014dcba3a43305"}',0,'BLOCK_PARSED',NULL,'8f89ca484c6a2c09448df094ddb422b7f2e1aa8b0791505c0fe123862d06e1b4');
INSERT INTO messages VALUES(287,310070,'insert','blocks','{"block_hash":"8739e99f4dee8bebf1332f37f49a125348b40b93b74fe35579dd52bfba4fa7e5","block_index":310070,"block_time":310070000,"difficulty":null,"ledger_hash":null,"previous_block_hash":null,"txlist_hash":null}',0,'NEW_BLOCK',NULL,'bf1a006b76c59281abbd84aedb5aa7ce2476bb8b0ab09bbffdaff11f859bfdf7');
INSERT INTO messages VALUES(288,310070,'parse','blocks','{"block_index":310070,"ledger_hash":"2e40d398c2eb131e195a667f1b2b5e8de29e80423a2d0dd3935fad6dd7cc919c","messages_hash":"98348b0788be77d011b80abec672f5dd8638610f24830ce227cd734fbd6c5c82","transaction_count":0,"txlist_hash":"bbe1a8bc6ff0b52e572cbceec30165b16b741b6981ab52c189daa45263925551"}',0,'BLOCK_PARSED',NULL,'0b80329d58947a0e06636629073db0315ba6c7fc1e58f1edbbf8a6504542b7f4');
INSERT INTO messages VALUES(289,310071,'insert','blocks','{"block_hash":"7a099aa1bba0ead577f1e44f35263a1f115ed6a868c98d4dd71609072ae7f80b","block_index":310071,"block_time":310071000,"difficulty":null,"ledger_hash":null,"previous_block_hash":null,"txlist_hash":null}',0,'NEW_BLOCK',NULL,'25287101f45859943f547dc5a83ccc8cfa0286ca56305dd5c6a6cd76643ad3e7');
INSERT INTO messages VALUES(290,310071,'parse','blocks','{"block_index":310071,"ledger_hash":"763d3d949dc16a797f5b8a2f5a27fd34b4636fa3dbf33eabed5db048e1a848b4","messages_hash":"536aa2e43b027fca61e501c7d304a994ea39dfbdb45690e0cfd795ac50deac0a","transaction_count":0,"txlist_hash":"10c1f6e750953577e8f55c0fbe230520729f8606da4745cfc5192ec825af2627"}',0,'BLOCK_PARSED',NULL,'19b5c31905da25b068559a0a879c523f565648fcd521df624a140495199e7098');
INSERT INTO messages VALUES(291,310072,'insert','blocks','{"block_hash":"7b17ecedc07552551b8129e068ae67cb176ca766ea3f6df74b597a94e3a7fc8a","block_index":310072,"block_time":310072000,"difficulty":null,"ledger_hash":null,"previous_block_hash":null,"txlist_hash":null}',0,'NEW_BLOCK',NULL,'6c3b65ee8d11f3e436fb34fecc3ce22e955e0666c667a86e71f76ee39d1475bd');
INSERT INTO messages VALUES(292,310072,'parse','blocks','{"block_index":310072,"ledger_hash":"d9b9d6a52f757604a5652aac64c343a47a928160790963521ce33d125486cb0b","messages_hash":"b498fb081ec662f23c251bb88faa9e4a29b9b138b681ee540dcf8344ad0df38d","transaction_count":0,"txlist_hash":"11ef2cf80488e2f1c75498156fa895b245b9aca1648fba55d84b700b2db53c58"}',0,'BLOCK_PARSED',NULL,'609649c79982fc5958538d7f18572210fdea35eac096607bf0cd289e82617d80');
INSERT INTO messages VALUES(293,310073,'insert','blocks','{"block_hash":"ee0fe3cc9b3a48a2746b6090b63b442b97ea6055d48edcf4b2288396764c6943","block_index":310073,"block_time":310073000,"difficulty":null,"ledger_hash":null,"previous_block_hash":null,"txlist_hash":null}',0,'NEW_BLOCK',NULL,'d25b5c9372b01b4e4b495e34bb0a6b37733947c9f8fcd2d7539171c08d04044b');
INSERT INTO messages VALUES(294,310073,'parse','blocks','{"block_index":310073,"ledger_hash":"9c1a650b6029cc982e9e617b619da6d88878453ccea68ff82047581d5cc74e9c","messages_hash":"357ff070e4442be8bff550a351d00376d1cf56979e1ee3c84defa02975cffb06","transaction_count":0,"txlist_hash":"b3da902d57518c368ee8c61909eb2b99d8b4dc0090a1e25c868da18abce0a40c"}',0,'BLOCK_PARSED',NULL,'6beebfc82b51c24be82777231a4c7f26a5bd588b775d769cf01542722beb3dfe');
INSERT INTO messages VALUES(295,310074,'insert','blocks','{"block_hash":"ceab38dfde01f711a187601731ad575d67cfe0b7dbc61dcd4f15baaef72089fb","block_index":310074,"block_time":310074000,"difficulty":null,"ledger_hash":null,"previous_block_hash":null,"txlist_hash":null}',0,'NEW_BLOCK',NULL,'22aad8294aa9b7227eb44789d427fb46f51b48522aea90e33d30edddd0969954');
INSERT INTO messages VALUES(296,310074,'parse','blocks','{"block_index":310074,"ledger_hash":"32d648a0d0b99f6826376e8badb278c06f95a0ab781cd873e2f7f55219953b01","messages_hash":"559569728a6f45819c99063447d296f819bd253ec66c1702957f7a7e285f1bdd","transaction_count":0,"txlist_hash":"271b3f5fff9f7ed7655f797387c4f16e07aaa533b565ad23c49c28ef5a9a4cd8"}',0,'BLOCK_PARSED',NULL,'1a9f039ff77dddf296b9624fdb7e9910a82cda51c5617e6dfdf9f2740b47109b');
INSERT INTO messages VALUES(297,310075,'insert','blocks','{"block_hash":"ef547198c6e36d829f117cfd7077ccde45158e3c545152225fa24dba7a26847b","block_index":310075,"block_time":310075000,"difficulty":null,"ledger_hash":null,"previous_block_hash":null,"txlist_hash":null}',0,'NEW_BLOCK',NULL,'f32a7518c56e55d17d4dc369962f71b26fb41a96193bea5600e766636a2555fd');
INSERT INTO messages VALUES(298,310075,'parse','blocks','{"block_index":310075,"ledger_hash":"67cd615e67e397cae8195fc8753403563e9100ecd623b2796a46b137ca553be2","messages_hash":"0025cfd79db3db5382126eb06ff62fa69199ab5a007cfcb6174ab7a5d55ac97c","transaction_count":0,"txlist_hash":"19a5daf91d5a2af3064a63edaa2f289348a28372cf11e940191d6d56d8474061"}',0,'BLOCK_PARSED',NULL,'c86ac14e7907bd32915055a3b1394cc3b7bd01f51008d3a8aede988e62945057');
INSERT INTO messages VALUES(299,310076,'insert','blocks','{"block_hash":"3b0499c2e8e8f0252c7288d4ecf66efc426ca37aad3524424d14c8bc6f8b0d92","block_index":310076,"block_time":310076000,"difficulty":null,"ledger_hash":null,"previous_block_hash":null,"txlist_hash":null}',0,'NEW_BLOCK',NULL,'4bbe632565411d553267e9688217f1f3cb2556a5f57abbc9ade53e29169f73a5');
INSERT INTO messages VALUES(300,310076,'parse','blocks','{"block_index":310076,"ledger_hash":"d636f3831cd35437271557e6299024d70c4be6b9a685a4fed61e7d67e61540dd","messages_hash":"0757d39d1389ee401dcb3bfa6eb56f791123b587f40dd888ea8bbd94a6b495cc","transaction_count":0,"txlist_hash":"a072266341769c1c92608365a9bef89374c1b33ed350b68acf0d5167267d0173"}',0,'BLOCK_PARSED',NULL,'31e6a1b1124c80b40b56e42aac74c717663f8e844f097b87187785f1646dfb1f');
INSERT INTO messages VALUES(301,310077,'insert','blocks','{"block_hash":"d2adeefa9024ab3ff2822bc36acf19b6c647cea118cf15b86c6bc00c3322e7dd","block_index":310077,"block_time":310077000,"difficulty":null,"ledger_hash":null,"previous_block_hash":null,"txlist_hash":null}',0,'NEW_BLOCK',NULL,'34743aff7428cb495a84a1664303a451180956e7f40444a254aae8b72d8a0a91');
INSERT INTO messages VALUES(302,310077,'parse','blocks','{"block_index":310077,"ledger_hash":"abf96247f6b99a24e518d89162c23cffc821d5cae5703f5b7c7c4587e34cdf98","messages_hash":"af0d105820bbed2ef9ed36ed9e9786e1ad6db44a7fb16105e1a19964a9435f60","transaction_count":0,"txlist_hash":"efa459585d526791e1e50aca02fa614ae5b6353837979fe0f7256f0df165b759"}',0,'BLOCK_PARSED',NULL,'0d70ef9a2e456e503bb52130a12f5f51ac8aa8223d73a26c8ddac55000958784');
INSERT INTO messages VALUES(303,310078,'insert','blocks','{"block_hash":"f6c17115ef0efe489c562bcda4615892b4d4b39db0c9791fe193d4922bd82cd6","block_index":310078,"block_time":310078000,"difficulty":null,"ledger_hash":null,"previous_block_hash":null,"txlist_hash":null}',0,'NEW_BLOCK',NULL,'42ec73ee6714c3759aadf6dc84f0517fa94670feb47bf3d2b82cc68530943873');
INSERT INTO messages VALUES(304,310078,'parse','blocks','{"block_index":310078,"ledger_hash":"06aeace2e79321c6776dd1098982e71bfc0baadc55470721022db67a03bd4478","messages_hash":"fde2509ff2ce2dc2b435df8cd52623ba6ca0b1683b002c45c43f7561750739dd","transaction_count":0,"txlist_hash":"a7b04ab6e22f015e2752ada3fd006a7532d5f96c1c123fafbc63b021623c2907"}',0,'BLOCK_PARSED',NULL,'8396aa718430b8d30c6af55a44a613c387512d6e42ca03d0ac3de088c359e4ac');
INSERT INTO messages VALUES(305,310079,'insert','blocks','{"block_hash":"f2fbd2074d804e631db44cb0fb2e1db3fdc367e439c21ffc40d73104c4d7069c","block_index":310079,"block_time":310079000,"difficulty":null,"ledger_hash":null,"previous_block_hash":null,"txlist_hash":null}',0,'NEW_BLOCK',NULL,'23d9e755ebc1508ed662b4d026101b0f3bc63d0c9efe5af834ce08aaf91ada46');
INSERT INTO messages VALUES(306,310079,'parse','blocks','{"block_index":310079,"ledger_hash":"ba2c7078ee940b14e584459985a5a4785156762135541d40a138c31ff9bfe4fb","messages_hash":"042418eda62427ee6dd7002d929336a842211bf6f56363d15bb5b1e09f967865","transaction_count":0,"txlist_hash":"c0f97fb5720253ee4c7c253615b347efae2a81b359579cf3f74f3e1c6db38612"}',0,'BLOCK_PARSED',NULL,'c1202e3786c6b397bfc930c9cd22d6e048ca4d25214a27361ad29f935e48fb28');
INSERT INTO messages VALUES(307,310080,'insert','blocks','{"block_hash":"42943b914d9c367000a78b78a544cc4b84b1df838aadde33fe730964a89a3a6c","block_index":310080,"block_time":310080000,"difficulty":null,"ledger_hash":null,"previous_block_hash":null,"txlist_hash":null}',0,'NEW_BLOCK',NULL,'ccf5b522786b52d377a753ed2e1f1eedd86c8e39718f3a52ee7922180b1ab699');
INSERT INTO messages VALUES(308,310080,'parse','blocks','{"block_index":310080,"ledger_hash":"af327b161ed9fa8022f3efd81b695d25ad9ae8f250a6d08739a40b0883262045","messages_hash":"1af01352cbb48ad81566106876feef008455832dfd51084ed13ced2849031ac7","transaction_count":0,"txlist_hash":"86a647305cbfc7a3b69e51f10267b136e466caad987e4c830a4fdb44e98e055a"}',0,'BLOCK_PARSED',NULL,'e8f1d6c3481d58c5aa080f05e7722040868f55e3fd52afe0ba32c9ae893a3f43');
INSERT INTO messages VALUES(309,310081,'insert','blocks','{"block_hash":"6554f9d307976249e7b7e260e08046b3b55d318f8b6af627fed5be3063f123c4","block_index":310081,"block_time":310081000,"difficulty":null,"ledger_hash":null,"previous_block_hash":null,"txlist_hash":null}',0,'NEW_BLOCK',NULL,'096c7b5a62019dc1c4e2a9cb79510e2f16165a14966723bd86594c2b8fce78cd');
INSERT INTO messages VALUES(310,310081,'parse','blocks','{"block_index":310081,"ledger_hash":"2c4d6568a9c77737c5942fab33613a1ef055ce21b9f0a9b4a42fcdf6e9536a59","messages_hash":"ec1c0fdda79b2947912626d64195dd2cba95cdc29c8828f7832598ff4cc1760e","transaction_count":0,"txlist_hash":"7af8fd9a52b2561e985edd0edd14c866dd01301976e784881e7647d2027e6ff4"}',0,'BLOCK_PARSED',NULL,'397ee513e03adcea23601b896cb1d4e2cd951d387d76e6b85567bb3fa9d70f8c');
INSERT INTO messages VALUES(311,310082,'insert','blocks','{"block_hash":"4f1ef91b1dcd575f8ac2e66a67715500cbca154bd6f3b8148bb7015a6aa6c644","block_index":310082,"block_time":310082000,"difficulty":null,"ledger_hash":null,"previous_block_hash":null,"txlist_hash":null}',0,'NEW_BLOCK',NULL,'9c2b3aadccced02933f004cd14676bd1ffc2c67da16e0007fc2ca98b0078e96e');
INSERT INTO messages VALUES(312,310082,'parse','blocks','{"block_index":310082,"ledger_hash":"0b8dcdff637e5e60ae045d4c7646bd47e6047fc992860c99dd422477b9a90d74","messages_hash":"75ad8346371539991ee65250d1e1be09dc467a1dc38ea75378b0b3d9e2647da4","transaction_count":0,"txlist_hash":"e5b0918839329a49633ba07e59ea2ce4e2d644f59652e8359fee5cc78d8bcc59"}',0,'BLOCK_PARSED',NULL,'3ba34c1004b21aaf63b36eecd785ff5c5f2e9c2e680358ec9e42fd149eab994d');
INSERT INTO messages VALUES(313,310083,'insert','blocks','{"block_hash":"9b1f6fd6ff9b0dc4e37603cfb0625f49067c775b99e12492afd85392d3c8d850","block_index":310083,"block_time":310083000,"difficulty":null,"ledger_hash":null,"previous_block_hash":null,"txlist_hash":null}',0,'NEW_BLOCK',NULL,'961d7abd5786ed2d66b73cc31202da9289aa05eda01220bb17e914920c9de81f');
INSERT INTO messages VALUES(314,310083,'parse','blocks','{"block_index":310083,"ledger_hash":"eec6578a8bc1f5766427f4753ded18cb97c53e710f5fff8918bbdadb59678f64","messages_hash":"a6d7c962e9ce5a94937e289015e14e32500884b2c14bd6377944f96d072f8ae2","transaction_count":0,"txlist_hash":"91b4d09ba0d2d61795d69fe08e99310b53a82b48552eee01b0719b43ba199a0b"}',0,'BLOCK_PARSED',NULL,'1c0d632be93b19934f750d166cdba2ae879103e49182d91f7363fafa9724e928');
INSERT INTO messages VALUES(315,310084,'insert','blocks','{"block_hash":"1e0972523e80306441b9f4157f171716199f1428db2e818a7f7817ccdc8859e3","block_index":310084,"block_time":310084000,"difficulty":null,"ledger_hash":null,"previous_block_hash":null,"txlist_hash":null}',0,'NEW_BLOCK',NULL,'9a9553adf99a8dc1fef995c917e7589a6299255b61977afcbbfacff60cfef008');
INSERT INTO messages VALUES(316,310084,'parse','blocks','{"block_index":310084,"ledger_hash":"a2b2ed6a61f1c9a3d322a050178c6be119b89d1a0795fa9c9d7484ad8edfcecd","messages_hash":"f51bb91b949bbb586d1241bc3bc77b106a021dcbe2b084121f83e8126848a293","transaction_count":0,"txlist_hash":"be50613a2148efc110812becc80bb52c46f86497174c4ab55d57bd12364cdfe4"}',0,'BLOCK_PARSED',NULL,'4c3e9b6136baf4ff46f416f6b4a574dd39177f91db267e2d10df9b878d66c55c');
INSERT INTO messages VALUES(317,310085,'insert','blocks','{"block_hash":"c5b6e9581831e3bc5848cd7630c499bca26d9ece5156d36579bdb72d54817e34","block_index":310085,"block_time":310085000,"difficulty":null,"ledger_hash":null,"previous_block_hash":null,"txlist_hash":null}',0,'NEW_BLOCK',NULL,'74440814f2c96d1653e5c40339a7c5a8a17264fe3d5f5370497e55af6f1b2778');
INSERT INTO messages VALUES(318,310085,'parse','blocks','{"block_index":310085,"ledger_hash":"02828eaf91883ad16beb5563f9c84cb226269c655a886857b31e5e150a1053ec","messages_hash":"a3af85559e276b9020cd842a05d15bdeb102b3ef051ad0e218a6646648ee174f","transaction_count":0,"txlist_hash":"293c47876563abdc8c74a25f0b97cd6da557be6f1de81802419d413ac5b6a4c3"}',0,'BLOCK_PARSED',NULL,'2a945fb7c7f3571e6c91235fbe76251721bf0739e68936e925e48831e1c21d49');
INSERT INTO messages VALUES(319,310086,'insert','blocks','{"block_hash":"080c1dc55a4ecf4824cf9840602498cfc35b5f84099f50b71b45cb63834c7a78","block_index":310086,"block_time":310086000,"difficulty":null,"ledger_hash":null,"previous_block_hash":null,"txlist_hash":null}',0,'NEW_BLOCK',NULL,'5064277d10041554f2e4df98c9948fda45ae88b0d10da87f962286d319d043d7');
INSERT INTO messages VALUES(320,310086,'parse','blocks','{"block_index":310086,"ledger_hash":"5427b45ed778796c26d0d2ddf73e975856cc9ae081c36762e78d046f6cfc376c","messages_hash":"b5822bc0897017ab78fb62349b3204e638093bf9a2251bab59712b3bd6539a77","transaction_count":0,"txlist_hash":"c0067519aa8484de86a4a8a759aebb22cbdccdc0f23e2b6e5341e5979093a342"}',0,'BLOCK_PARSED',NULL,'e694372a89ab1edcb6941375d7c562ee28dc29ec3f8ee2decf6d9d42946fcedc');
INSERT INTO messages VALUES(321,310087,'insert','blocks','{"block_hash":"4ec8cb1c38b22904e8087a034a6406b896eff4dd28e7620601c6bddf82e2738c","block_index":310087,"block_time":310087000,"difficulty":null,"ledger_hash":null,"previous_block_hash":null,"txlist_hash":null}',0,'NEW_BLOCK',NULL,'96b7d2e914f6dcf13230d4e306f3c0929c0f00196c1c10511cbb4f67fa6c436e');
INSERT INTO messages VALUES(322,310087,'parse','blocks','{"block_index":310087,"ledger_hash":"34c2664f81b1bbb53c728636097bc4b7cede67bb318ddcc5e5e6b5735bcc55a7","messages_hash":"8a4ead328e6ee9ae1697197a8ee85cafba1521f489977eb3bf8d28d27a110064","transaction_count":0,"txlist_hash":"031a945306fc9cd0a5dbb87fb10dc93c852a0e93412d0a5325175ae9f9a92310"}',0,'BLOCK_PARSED',NULL,'84ce05a89402e54171eff2345e53dddc0232d3d5f9b0352d2f606dbf02b91f9b');
INSERT INTO messages VALUES(323,310088,'insert','blocks','{"block_hash":"e945c815c433cbddd0bf8e66c5c23b51072483492acda98f5c2c201020a8c5b3","block_index":310088,"block_time":310088000,"difficulty":null,"ledger_hash":null,"previous_block_hash":null,"txlist_hash":null}',0,'NEW_BLOCK',NULL,'61fc1ba7601923b05cbe46b1868f1a46afb2321d417dc50e82511f2659e7d482');
INSERT INTO messages VALUES(324,310088,'parse','blocks','{"block_index":310088,"ledger_hash":"14615dfa6194665d43cf2f495b8f65fb9efa04c2e90885172d229ad4a9dd2358","messages_hash":"738ec6151a758443dd76b466c47b665bfe0c8526f7f3f25679a54b3f0ba04e0c","transaction_count":0,"txlist_hash":"0ef6bdde17c5012326834598007e4d5fbf96e1a58872ab78fd7bf91ef0c9ce3e"}',0,'BLOCK_PARSED',NULL,'818ef082b5e9d6c3feb32382764d5fbfa04035836d447c15bd3d314f5705f522');
INSERT INTO messages VALUES(325,310089,'insert','blocks','{"block_hash":"0382437f895ef3e7e38bf025fd4f606fd44d4bbd6aea71dbdc4ed11a7cd46f33","block_index":310089,"block_time":310089000,"difficulty":null,"ledger_hash":null,"previous_block_hash":null,"txlist_hash":null}',0,'NEW_BLOCK',NULL,'0889bdae74004a5f7ea70744e128095c9b8b82747cb01777a74c21c1f7c2ed79');
INSERT INTO messages VALUES(326,310089,'parse','blocks','{"block_index":310089,"ledger_hash":"fc0f077548225d481384a1aba2d91ed4ec8b2df0f0a57ab603305c615672b25f","messages_hash":"de507d4d9e803409efcf634790d0ddbfb7fee6ee6581f54fa80602d63558688c","transaction_count":0,"txlist_hash":"f1dbe68fa3142da86c49db9d99b099565c05b895be2a7678e1a413fbf4608774"}',0,'BLOCK_PARSED',NULL,'f51d2f5150986c5b829f7a719e4a94ec3408df4825b7185a5279e7c4c83be3eb');
INSERT INTO messages VALUES(327,310090,'insert','blocks','{"block_hash":"b756db71dc037b5a4582de354a3347371267d31ebda453e152f0a13bb2fae969","block_index":310090,"block_time":310090000,"difficulty":null,"ledger_hash":null,"previous_block_hash":null,"txlist_hash":null}',0,'NEW_BLOCK',NULL,'8626b4750904715e619b065e1da5006d198acf79b51ac6ac9f1b0aea7411c00b');
INSERT INTO messages VALUES(328,310090,'parse','blocks','{"block_index":310090,"ledger_hash":"5749263295014a597071acf2293fcd185d02a6a7b3a96df859aae3bf146b276e","messages_hash":"0a29a2f5f60ec9cafac47fab2d4b4fcf845e7286356e020bc1faf80c50c14453","transaction_count":0,"txlist_hash":"0b341a078ab9d7b8f9da3b62f2c0e77985b2bd764ebf00e8d125a2da5386938b"}',0,'BLOCK_PARSED',NULL,'7db928cbc5dde3a0012688ae45aff34ce7ebffdc09e2dc2b264ed1958baa307b');
INSERT INTO messages VALUES(329,310091,'insert','blocks','{"block_hash":"734a9aa485f36399d5efb74f3b9c47f8b5f6fd68c9967f134b14cfe7e2d7583c","block_index":310091,"block_time":310091000,"difficulty":null,"ledger_hash":null,"previous_block_hash":null,"txlist_hash":null}',0,'NEW_BLOCK',NULL,'32e459a585bf03facdc4fdf5af571adbbd3c2a78fe1ab6fd844e13c163823314');
INSERT INTO messages VALUES(330,310091,'parse','blocks','{"block_index":310091,"ledger_hash":"ae369a1ec3e4f2aea602eab8c7ab1181cacd6b8d01582c96c4771fdd7b3de771","messages_hash":"7221b15aded14d4c13bff60c5b53e7065037e5908447dcd4b4e22a1f1c58135d","transaction_count":0,"txlist_hash":"70087cf95fd7356e7f724ead0fec1bafdbc3621ffcf2bcce3730c3b9b349d776"}',0,'BLOCK_PARSED',NULL,'513de0139126074d1025cae16f55a0c7369df0448bc9cd1ad0fee64faf2ea05b');
INSERT INTO messages VALUES(331,310092,'insert','blocks','{"block_hash":"56386beb65f9228740d4ad43a1c575645f6daf59e0dd9f22551c59215b5e8c3d","block_index":310092,"block_time":310092000,"difficulty":null,"ledger_hash":null,"previous_block_hash":null,"txlist_hash":null}',0,'NEW_BLOCK',NULL,'3c3724a681937c28d9c51390f44e4f5db158a95d4811a1eb2cf57616adcd1e73');
INSERT INTO messages VALUES(332,310092,'parse','blocks','{"block_index":310092,"ledger_hash":"06a2ac591c418d2b01c74edf2524100afd1140c3933f32120c4cc3180c1de3f0","messages_hash":"2c560da86a334a1a44944c53dbbefb76c4b2410540f740f5f3b5ca6753af78d8","transaction_count":0,"txlist_hash":"19d77711efaa9b450416c6b89b90036ca369accc5b267c84126cf3284c92f9a1"}',0,'BLOCK_PARSED',NULL,'54da623221c3ca4b143c13cf6df38d5365dece9e2a8868d7fdd4b29cd2e3f528');
INSERT INTO messages VALUES(333,310093,'insert','blocks','{"block_hash":"a74a2425f2f4be24bb5f715173e6756649e1cbf1b064aeb1ef60e0b94b418ddc","block_index":310093,"block_time":310093000,"difficulty":null,"ledger_hash":null,"previous_block_hash":null,"txlist_hash":null}',0,'NEW_BLOCK',NULL,'a9269ba8a338a4ba16491bfcb7cd46b81ecaef0c8ad77f3ddbf0d98ac5efb3f0');
INSERT INTO messages VALUES(334,310093,'parse','blocks','{"block_index":310093,"ledger_hash":"cdf0ae4d5d06b8735e3e62f5a76a902fee40742fc760578dae98b43635f2e57a","messages_hash":"f615cb3509f8a278146f2ab42a53b944dfbacb94423029da095907c53383fc23","transaction_count":0,"txlist_hash":"d574d739d5e691f8e118a756d72891393b9208890b638fea80bbbe0817bcd4e9"}',0,'BLOCK_PARSED',NULL,'65c87acfdcd605dcc93c4e61f2492a3c8c7ea116e2c955f27fe5efb2170e4989');
INSERT INTO messages VALUES(335,310094,'insert','blocks','{"block_hash":"2a8f976f20c4e89ff01071915ac96ee35192d54df3a246bf61fd4a0cccfb5b23","block_index":310094,"block_time":310094000,"difficulty":null,"ledger_hash":null,"previous_block_hash":null,"txlist_hash":null}',0,'NEW_BLOCK',NULL,'377893bd1c2aab8a709216a9e6de106dda0fea6e5acbbf38db218b4e644420f6');
INSERT INTO messages VALUES(336,310094,'parse','blocks','{"block_index":310094,"ledger_hash":"77d836433add0cf3f7691884ec1607dde9a3996df00128703644527fb096bab5","messages_hash":"b4e08ce3a5720b3404d19834dac2429ab86e3a1b94d4a23eb791fd9db5b9fb0b","transaction_count":0,"txlist_hash":"eeba931d69195c2c1a0b5f0c52a342d4f1a390dbdbbc8a529a5f9b90918ffdc2"}',0,'BLOCK_PARSED',NULL,'aa86ff2f77c67954e33046a0411a52a41795e2de68906b1259ac822ad57552f1');
INSERT INTO messages VALUES(337,310095,'insert','blocks','{"block_hash":"bed0fa40c9981223fb40b3be8124ca619edc9dd34d0c907369477ea92e5d2cd2","block_index":310095,"block_time":310095000,"difficulty":null,"ledger_hash":null,"previous_block_hash":null,"txlist_hash":null}',0,'NEW_BLOCK',NULL,'e38cff5cb30c9b6cd213c269fca314811e8493fdb9bbe44069521df18d489b75');
INSERT INTO messages VALUES(338,310095,'parse','blocks','{"block_index":310095,"ledger_hash":"770a0187b5c98725dc32e15a414b9323030f407749fcb0652b1e1f2e4e762e7e","messages_hash":"73eda5026f1a8dd0d70ce05ba87e6412c10e53e4176396dc183ea7aea57d3959","transaction_count":0,"txlist_hash":"400a036f864512a1055c4643c66b21ac112b15fc8b7ca11936ef9de4c780d00f"}',0,'BLOCK_PARSED',NULL,'26558e7bc8a6567c58f163f8bc8e3ea11530d1065bec29cc9685fc034cc8ac0c');
INSERT INTO messages VALUES(339,310096,'insert','blocks','{"block_hash":"306aeec3db435fabffdf88c2f26ee83caa4c2426375a33daa2be041dbd27ea2f","block_index":310096,"block_time":310096000,"difficulty":null,"ledger_hash":null,"previous_block_hash":null,"txlist_hash":null}',0,'NEW_BLOCK',NULL,'58199b1c8dd1cab8f9802c17a68fc9d3a737d44ba0fb425434b7d1d14e1e92b1');
INSERT INTO messages VALUES(340,310096,'parse','blocks','{"block_index":310096,"ledger_hash":"567e91f9456ecd020fbd2fe940d796ac976981485f870db8cb0bc41d77a0fd0f","messages_hash":"689879507294ff17558623e0cd2c05d009940b6edb78ed34fa22fb2a49dbcdfd","transaction_count":0,"txlist_hash":"448450677b9af29ea3a28d74d134f56683f4ada9a90a00220842328cb80d3b57"}',0,'BLOCK_PARSED',NULL,'675ef0544d318370b33d07d5a39e0ef367a2389f92fc9bce8e7be116c135a228');
INSERT INTO messages VALUES(341,310097,'insert','blocks','{"block_hash":"13e8e16e67c7cdcc80d477491e554b43744f90e8e1a9728439a11fab42cefadf","block_index":310097,"block_time":310097000,"difficulty":null,"ledger_hash":null,"previous_block_hash":null,"txlist_hash":null}',0,'NEW_BLOCK',NULL,'1406341972f458daade1982813ec06b3a70bee1a50a656b7bfa49fa8db01f947');
INSERT INTO messages VALUES(342,310097,'parse','blocks','{"block_index":310097,"ledger_hash":"447ceafb93aeb346eb98d87db46f07f4d1f51ffde3d44adc6056a624bea3b0c3","messages_hash":"e67339f36ffa988c30acb13fd4c446d0db08fae77aeab07be3b70f0e6fc13c93","transaction_count":0,"txlist_hash":"b8fd636a2c99b1a7c4de095766e200e8ae8677ddc68689ec58dd10a1d8143caf"}',0,'BLOCK_PARSED',NULL,'2005bef43a8ff97495d231c18bd965f2d3f763f74f6dcad0cb4d2412511b91c9');
INSERT INTO messages VALUES(343,310098,'insert','blocks','{"block_hash":"ca5bca4b5ec4fa6183e05176abe921cff884c4e20910fab55b603cef48dc3bca","block_index":310098,"block_time":310098000,"difficulty":null,"ledger_hash":null,"previous_block_hash":null,"txlist_hash":null}',0,'NEW_BLOCK',NULL,'6811af1bf2142dc942ecc4dc6b32b14fe131402344de86c56b5d6257056ae800');
INSERT INTO messages VALUES(344,310098,'parse','blocks','{"block_index":310098,"ledger_hash":"f510ec6201f4eb850d4f62b399d0d360d0d8cca7e3d955f849ad59a22fba1677","messages_hash":"87b3a9313e85f8ce047c1b004f23cd5560dc7b311df14fd28d70b33a114098f5","transaction_count":0,"txlist_hash":"69edc707a52d4c64f9aa0779e26a9dfd0bb7f4ade35ce01206142cdea95d2a31"}',0,'BLOCK_PARSED',NULL,'363bc28866a9616a1f54b121e2cad12c855db67332bee101bc98aac4fb42a0a5');
INSERT INTO messages VALUES(345,310099,'insert','blocks','{"block_hash":"3c4c2279cd7de0add5ec469648a845875495a7d54ebfb5b012dcc5a197b7992a","block_index":310099,"block_time":310099000,"difficulty":null,"ledger_hash":null,"previous_block_hash":null,"txlist_hash":null}',0,'NEW_BLOCK',NULL,'d81403aeef56883f661d9efaa1d4e86842b068db2b0f85a25678f0c28d0ec9be');
INSERT INTO messages VALUES(346,310099,'parse','blocks','{"block_index":310099,"ledger_hash":"1f956e2c07defac832b7c90982c1e7a1192988c4d1e622b54b40b78065deafef","messages_hash":"828dcc735a8acf7e0099f80235f9e4f45a0f130096a1a797c880f0bca13578ef","transaction_count":0,"txlist_hash":"3796eb3708e3699b6673e9c2ed6cd5e3b7b1fdc6d2adb62aa13d1369c7dc4634"}',0,'BLOCK_PARSED',NULL,'b8d21df746ff813ce2c6bd7522d37b8709ecfc8ce982843672770982c8969f2a');
INSERT INTO messages VALUES(347,310100,'insert','blocks','{"block_hash":"96925c05b3c7c80c716f5bef68d161c71d044252c766ca0e3f17f255764242cb","block_index":310100,"block_time":310100000,"difficulty":null,"ledger_hash":null,"previous_block_hash":null,"txlist_hash":null}',0,'NEW_BLOCK',NULL,'1f44759303fb0d51fd1831a5e631e8e076edf17fa07536cb254ee00e9379f99f');
INSERT INTO messages VALUES(348,310100,'parse','blocks','{"block_index":310100,"ledger_hash":"ac4cc3e01feb10ba2211afdff4ec43a4ce13a12e1a90dc6f675c390e6395b1e3","messages_hash":"01a5f48693b767bfe799367620b30654e07de8754befd9ad88ed5192139af9ae","transaction_count":0,"txlist_hash":"a3d701829bbca6c5bf3bc86067d82ea9d6f628ce4b092b7bd35eda6c917452b5"}',0,'BLOCK_PARSED',NULL,'dbce86965b5ed118e20b50caec5bef1dc60ab3edb0cd051ced6f2262fa1534a3');
INSERT INTO messages VALUES(349,310101,'insert','blocks','{"block_hash":"369472409995ca1a2ebecbad6bf9dab38c378ab1e67e1bdf13d4ce1346731cd6","block_index":310101,"block_time":310101000,"difficulty":null,"ledger_hash":null,"previous_block_hash":null,"txlist_hash":null}',0,'NEW_BLOCK',NULL,'4a0120e5dd2ec7939995066bf43486ac6ebf55694871d18a891bdcd694acd5fa');
INSERT INTO messages VALUES(350,310101,'parse','blocks','{"block_index":310101,"ledger_hash":"0a4bb35bf922a8175ef5559e74084d32caa16f599df84adb5e255de26b92c1c4","messages_hash":"fe5f9c1d8f0c95d8658dc21ccaae5c05f9f4d0aba5953a22af0eefab706a9335","transaction_count":0,"txlist_hash":"ca6a708280378127a36ae7a13b643d76d4cfc5b50647eb6feb6423981666c4d6"}',0,'BLOCK_PARSED',NULL,'5ab3ac52d37c18148f9adf7300807c1d7729e93402d95431c0a2ac7052c3c167');
-- Triggers and indices on  messages
CREATE TRIGGER block_update_messages
            BEFORE UPDATE ON messages BEGIN
                SELECT RAISE(FAIL, "UPDATES NOT ALLOWED");
            END;
CREATE INDEX messages_block_index_event_idx ON messages (block_index, event)
        ;
CREATE INDEX messages_block_index_idx ON messages (block_index)
        ;
CREATE INDEX messages_block_index_message_index_idx ON messages (block_index, message_index)
        ;
CREATE INDEX messages_event_hash_idx ON messages (event_hash)
        ;
CREATE INDEX messages_event_idx ON messages (event)
        ;
CREATE INDEX messages_tx_hash_idx ON messages (tx_hash)
        ;

COMMIT TRANSACTION;
PRAGMA page_size=4096;
-- PRAGMA encoding='UTF-8';
-- PRAGMA auto_vacuum=FULL;
-- PRAGMA max_page_count=4294967294;

BEGIN TRANSACTION;

-- Table  order_match_expirations
DROP TABLE IF EXISTS order_match_expirations;
CREATE TABLE order_match_expirations(
                                              order_match_id TEXT PRIMARY KEY,
                                              tx0_address TEXT,
                                              tx1_address TEXT,
                                              block_index INTEGER,
                                              FOREIGN KEY (block_index) REFERENCES blocks(block_index));
-- Triggers and indices on  order_match_expirations
CREATE TRIGGER block_update_order_match_expirations
            BEFORE UPDATE ON order_match_expirations BEGIN
                SELECT RAISE(FAIL, "UPDATES NOT ALLOWED");
            END;
CREATE INDEX order_match_expirations_block_index_idx ON order_match_expirations (block_index)
        ;
CREATE INDEX order_match_expirations_tx0_address_idx ON order_match_expirations (tx0_address)
        ;
CREATE INDEX order_match_expirations_tx1_address_idx ON order_match_expirations (tx1_address)
        ;

COMMIT TRANSACTION;
PRAGMA page_size=4096;
-- PRAGMA encoding='UTF-8';
-- PRAGMA auto_vacuum=FULL;
-- PRAGMA max_page_count=4294967294;

BEGIN TRANSACTION;

-- Table  order_matches
DROP TABLE IF EXISTS order_matches;
CREATE TABLE order_matches(
                                    id TEXT,
                                    tx0_index INTEGER,
                                    tx0_hash TEXT,
                                    tx0_address TEXT,
                                    tx1_index INTEGER,
                                    tx1_hash TEXT,
                                    tx1_address TEXT,
                                    forward_asset TEXT,
                                    forward_quantity INTEGER,
                                    backward_asset TEXT,
                                    backward_quantity INTEGER,
                                    tx0_block_index INTEGER,
                                    tx1_block_index INTEGER,
                                    block_index INTEGER,
                                    tx0_expiration INTEGER,
                                    tx1_expiration INTEGER,
                                    match_expire_index INTEGER,
                                    fee_paid INTEGER,
                                    status TEXT);
INSERT INTO order_matches VALUES('72c0575d98796a64f7f9a027add4db701610004aba35556827498d270f5607e0_b1415d3493376a14e9e2378a6243666b7c8e5bd8c26793fd21852458c9926c57',3,'72c0575d98796a64f7f9a027add4db701610004aba35556827498d270f5607e0','3_mn6q3dS2EnDUx3bmyWc6D4szJNVGtaR7zc_mnfAHmddVibnZNSkh8DvKaQoiEfNsxjXzH_mtQheFaSfWELRB2MyMBaiWjdDm6ux9Ezns_3',4,'b1415d3493376a14e9e2378a6243666b7c8e5bd8c26793fd21852458c9926c57','3_mn6q3dS2EnDUx3bmyWc6D4szJNVGtaR7zc_mnfAHmddVibnZNSkh8DvKaQoiEfNsxjXzH_mtQheFaSfWELRB2MyMBaiWjdDm6ux9Ezns_3','BTC',50000000,'XCP',100000000,310002,310003,310003,10,10,310023,857142,'pending');
INSERT INTO order_matches VALUES('72c0575d98796a64f7f9a027add4db701610004aba35556827498d270f5607e0_b1415d3493376a14e9e2378a6243666b7c8e5bd8c26793fd21852458c9926c57',3,'72c0575d98796a64f7f9a027add4db701610004aba35556827498d270f5607e0','3_mn6q3dS2EnDUx3bmyWc6D4szJNVGtaR7zc_mnfAHmddVibnZNSkh8DvKaQoiEfNsxjXzH_mtQheFaSfWELRB2MyMBaiWjdDm6ux9Ezns_3',4,'b1415d3493376a14e9e2378a6243666b7c8e5bd8c26793fd21852458c9926c57','3_mn6q3dS2EnDUx3bmyWc6D4szJNVGtaR7zc_mnfAHmddVibnZNSkh8DvKaQoiEfNsxjXzH_mtQheFaSfWELRB2MyMBaiWjdDm6ux9Ezns_3','BTC',50000000,'XCP',100000000,310002,310003,310004,10,10,310023,857142,'completed');
-- Triggers and indices on  order_matches
CREATE TRIGGER block_update_order_matches
            BEFORE UPDATE ON order_matches BEGIN
                SELECT RAISE(FAIL, "UPDATES NOT ALLOWED");
            END;
CREATE INDEX order_matches_backward_asset_idx ON order_matches (backward_asset)
        ;
CREATE INDEX order_matches_block_index_idx ON order_matches (block_index)
        ;
CREATE INDEX order_matches_forward_asset_idx ON order_matches (forward_asset)
        ;
CREATE INDEX order_matches_id_idx ON order_matches (id)
        ;
CREATE INDEX order_matches_match_expire_index_idx ON order_matches (match_expire_index)
        ;
CREATE INDEX order_matches_status_idx ON order_matches (status)
        ;
CREATE INDEX order_matches_tx0_address_forward_asset_idx ON order_matches (tx0_address, forward_asset)
        ;
CREATE INDEX order_matches_tx0_hash_idx ON order_matches (tx0_hash)
        ;
CREATE INDEX order_matches_tx1_address_backward_asset_idx ON order_matches (tx1_address, backward_asset)
        ;
CREATE INDEX order_matches_tx1_hash_idx ON order_matches (tx1_hash)
        ;

COMMIT TRANSACTION;
PRAGMA page_size=4096;
-- PRAGMA encoding='UTF-8';
-- PRAGMA auto_vacuum=FULL;
-- PRAGMA max_page_count=4294967294;

BEGIN TRANSACTION;

-- Table  order_expirations
DROP TABLE IF EXISTS order_expirations;
CREATE TABLE order_expirations(
                                        order_hash TEXT PRIMARY KEY,
                                        source TEXT,
                                        block_index INTEGER,
                                        FOREIGN KEY (block_index) REFERENCES blocks(block_index));
INSERT INTO order_expirations VALUES('72c0575d98796a64f7f9a027add4db701610004aba35556827498d270f5607e0','3_mn6q3dS2EnDUx3bmyWc6D4szJNVGtaR7zc_mnfAHmddVibnZNSkh8DvKaQoiEfNsxjXzH_mtQheFaSfWELRB2MyMBaiWjdDm6ux9Ezns_3',310013);
INSERT INTO order_expirations VALUES('b1415d3493376a14e9e2378a6243666b7c8e5bd8c26793fd21852458c9926c57','3_mn6q3dS2EnDUx3bmyWc6D4szJNVGtaR7zc_mnfAHmddVibnZNSkh8DvKaQoiEfNsxjXzH_mtQheFaSfWELRB2MyMBaiWjdDm6ux9Ezns_3',310014);
INSERT INTO order_expirations VALUES('e9ce757c23cb36e566d824235e575c319faec712759e96a800e0672b2b7cc082','3_mn6q3dS2EnDUx3bmyWc6D4szJNVGtaR7zc_mnfAHmddVibnZNSkh8DvKaQoiEfNsxjXzH_mtQheFaSfWELRB2MyMBaiWjdDm6ux9Ezns_3',310032);
-- Triggers and indices on  order_expirations
CREATE TRIGGER block_update_order_expirations
            BEFORE UPDATE ON order_expirations BEGIN
                SELECT RAISE(FAIL, "UPDATES NOT ALLOWED");
            END;
CREATE INDEX order_expirations_block_index_idx ON order_expirations (block_index)
        ;
CREATE INDEX order_expirations_source_idx ON order_expirations (source)
        ;

COMMIT TRANSACTION;
PRAGMA page_size=4096;
-- PRAGMA encoding='UTF-8';
-- PRAGMA auto_vacuum=FULL;
-- PRAGMA max_page_count=4294967294;

BEGIN TRANSACTION;

-- Table  orders
DROP TABLE IF EXISTS orders;
CREATE TABLE orders(
                            tx_index INTEGER,
                            tx_hash TEXT,
                            block_index INTEGER,
                            source TEXT,
                            give_asset TEXT,
                            give_quantity INTEGER,
                            give_remaining INTEGER,
                            get_asset TEXT,
                            get_quantity INTEGER,
                            get_remaining INTEGER,
                            expiration INTEGER,
                            expire_index INTEGER,
                            fee_required INTEGER,
                            fee_required_remaining INTEGER,
                            fee_provided INTEGER,
                            fee_provided_remaining INTEGER,
                            status TEXT);
INSERT INTO orders VALUES(3,'72c0575d98796a64f7f9a027add4db701610004aba35556827498d270f5607e0',310002,'3_mn6q3dS2EnDUx3bmyWc6D4szJNVGtaR7zc_mnfAHmddVibnZNSkh8DvKaQoiEfNsxjXzH_mtQheFaSfWELRB2MyMBaiWjdDm6ux9Ezns_3','BTC',50000000,50000000,'XCP',100000000,100000000,10,310012,0,0,1000000,1000000,'open');
INSERT INTO orders VALUES(4,'b1415d3493376a14e9e2378a6243666b7c8e5bd8c26793fd21852458c9926c57',310003,'3_mn6q3dS2EnDUx3bmyWc6D4szJNVGtaR7zc_mnfAHmddVibnZNSkh8DvKaQoiEfNsxjXzH_mtQheFaSfWELRB2MyMBaiWjdDm6ux9Ezns_3','XCP',105000000,105000000,'BTC',50000000,50000000,10,310013,900000,900000,837,837,'open');
INSERT INTO orders VALUES(3,'72c0575d98796a64f7f9a027add4db701610004aba35556827498d270f5607e0',310003,'3_mn6q3dS2EnDUx3bmyWc6D4szJNVGtaR7zc_mnfAHmddVibnZNSkh8DvKaQoiEfNsxjXzH_mtQheFaSfWELRB2MyMBaiWjdDm6ux9Ezns_3','BTC',50000000,0,'XCP',100000000,0,10,310012,0,0,1000000,142858,'open');
INSERT INTO orders VALUES(4,'b1415d3493376a14e9e2378a6243666b7c8e5bd8c26793fd21852458c9926c57',310003,'3_mn6q3dS2EnDUx3bmyWc6D4szJNVGtaR7zc_mnfAHmddVibnZNSkh8DvKaQoiEfNsxjXzH_mtQheFaSfWELRB2MyMBaiWjdDm6ux9Ezns_3','XCP',105000000,5000000,'BTC',50000000,0,10,310013,900000,42858,837,837,'open');
INSERT INTO orders VALUES(3,'72c0575d98796a64f7f9a027add4db701610004aba35556827498d270f5607e0',310013,'3_mn6q3dS2EnDUx3bmyWc6D4szJNVGtaR7zc_mnfAHmddVibnZNSkh8DvKaQoiEfNsxjXzH_mtQheFaSfWELRB2MyMBaiWjdDm6ux9Ezns_3','BTC',50000000,0,'XCP',100000000,0,10,310012,0,0,1000000,142858,'expired');
INSERT INTO orders VALUES(4,'b1415d3493376a14e9e2378a6243666b7c8e5bd8c26793fd21852458c9926c57',310014,'3_mn6q3dS2EnDUx3bmyWc6D4szJNVGtaR7zc_mnfAHmddVibnZNSkh8DvKaQoiEfNsxjXzH_mtQheFaSfWELRB2MyMBaiWjdDm6ux9Ezns_3','XCP',105000000,5000000,'BTC',50000000,0,10,310013,900000,42858,837,837,'expired');
INSERT INTO orders VALUES(22,'e9ce757c23cb36e566d824235e575c319faec712759e96a800e0672b2b7cc082',310021,'3_mn6q3dS2EnDUx3bmyWc6D4szJNVGtaR7zc_mnfAHmddVibnZNSkh8DvKaQoiEfNsxjXzH_mtQheFaSfWELRB2MyMBaiWjdDm6ux9Ezns_3','BBBB',50000000,50000000,'XCP',50000000,50000000,10,310031,0,0,837,837,'open');
INSERT INTO orders VALUES(22,'e9ce757c23cb36e566d824235e575c319faec712759e96a800e0672b2b7cc082',310032,'3_mn6q3dS2EnDUx3bmyWc6D4szJNVGtaR7zc_mnfAHmddVibnZNSkh8DvKaQoiEfNsxjXzH_mtQheFaSfWELRB2MyMBaiWjdDm6ux9Ezns_3','BBBB',50000000,50000000,'XCP',50000000,50000000,10,310031,0,0,837,837,'expired');
-- Triggers and indices on  orders
CREATE TRIGGER block_update_orders
            BEFORE UPDATE ON orders BEGIN
                SELECT RAISE(FAIL, "UPDATES NOT ALLOWED");
            END;
CREATE INDEX orders_block_index_idx ON orders (block_index)
        ;
CREATE INDEX orders_expire_index_idx ON orders (expire_index)
        ;
CREATE INDEX orders_get_asset_give_asset_idx ON orders (get_asset, give_asset)
        ;
CREATE INDEX orders_get_quantity_idx ON orders (get_quantity)
        ;
CREATE INDEX orders_give_asset_idx ON orders (give_asset)
        ;
CREATE INDEX orders_give_quantity_idx ON orders (give_quantity)
        ;
CREATE INDEX orders_source_give_asset_idx ON orders (source, give_asset)
        ;
CREATE INDEX orders_status_idx ON orders (status)
        ;
CREATE INDEX orders_tx_hash_idx ON orders (tx_hash)
        ;
CREATE INDEX orders_tx_index_tx_hash_idx ON orders (tx_index, tx_hash)
        ;

COMMIT TRANSACTION;
PRAGMA page_size=4096;
-- PRAGMA encoding='UTF-8';
-- PRAGMA auto_vacuum=FULL;
-- PRAGMA max_page_count=4294967294;

BEGIN TRANSACTION;

-- Table  bet_match_expirations
DROP TABLE IF EXISTS bet_match_expirations;
CREATE TABLE bet_match_expirations(
                                          bet_match_id TEXT PRIMARY KEY,
                                          tx0_address TEXT,
                                          tx1_address TEXT,
                                          block_index INTEGER,
                                          FOREIGN KEY (block_index) REFERENCES blocks(block_index));
-- Triggers and indices on  bet_match_expirations
CREATE INDEX bet_match_expirations_block_index_idx ON bet_match_expirations (block_index)
        ;
CREATE INDEX bet_match_expirations_tx0_address_idx ON bet_match_expirations (tx0_address)
        ;
CREATE INDEX bet_match_expirations_tx1_address_idx ON bet_match_expirations (tx1_address)
        ;
CREATE TRIGGER block_update_bet_match_expirations
            BEFORE UPDATE ON bet_match_expirations BEGIN
                SELECT RAISE(FAIL, "UPDATES NOT ALLOWED");
            END;

COMMIT TRANSACTION;
PRAGMA page_size=4096;
-- PRAGMA encoding='UTF-8';
-- PRAGMA auto_vacuum=FULL;
-- PRAGMA max_page_count=4294967294;

BEGIN TRANSACTION;

-- Table  bet_matches
DROP TABLE IF EXISTS bet_matches;
CREATE TABLE bet_matches(
                                id TEXT,
                                tx0_index INTEGER,
                                tx0_hash TEXT,
                                tx0_address TEXT,
                                tx1_index INTEGER,
                                tx1_hash TEXT,
                                tx1_address TEXT,
                                tx0_bet_type INTEGER,
                                tx1_bet_type INTEGER,
                                feed_address TEXT,
                                initial_value INTEGER,
                                deadline INTEGER,
                                target_value REAL,
                                leverage INTEGER,
                                forward_quantity INTEGER,
                                backward_quantity INTEGER,
                                tx0_block_index INTEGER,
                                tx1_block_index INTEGER,
                                block_index INTEGER,
                                tx0_expiration INTEGER,
                                tx1_expiration INTEGER,
                                match_expire_index INTEGER,
                                fee_fraction_int INTEGER,
                                status TEXT);
INSERT INTO bet_matches VALUES('bffbed634d3025a16efc3c0fc67d1d331252f08c57121b6e6df14b13f468c2ab_680bf25c98312059770a4c25f5eb42b99f8f471dc82c8cabada5ac179dc12c55',13,'bffbed634d3025a16efc3c0fc67d1d331252f08c57121b6e6df14b13f468c2ab','3_mn6q3dS2EnDUx3bmyWc6D4szJNVGtaR7zc_mnfAHmddVibnZNSkh8DvKaQoiEfNsxjXzH_mtQheFaSfWELRB2MyMBaiWjdDm6ux9Ezns_3',14,'680bf25c98312059770a4c25f5eb42b99f8f471dc82c8cabada5ac179dc12c55','3_mn6q3dS2EnDUx3bmyWc6D4szJNVGtaR7zc_mnfAHmddVibnZNSkh8DvKaQoiEfNsxjXzH_mtQheFaSfWELRB2MyMBaiWjdDm6ux9Ezns_3',0,1,'3_mn6q3dS2EnDUx3bmyWc6D4szJNVGtaR7zc_mnfAHmddVibnZNSkh8DvKaQoiEfNsxjXzH_mtQheFaSfWELRB2MyMBaiWjdDm6ux9Ezns_3',100,1388000100,0.0,15120,41500000,20750000,310012,310013,310012,10,10,310022,99999999,'pending');
INSERT INTO bet_matches VALUES('cd4a6279ddd6a4477cce791232a96b0101535e62b63535197ffd6724169eacd9_fd3b6e2bd441ce04b879c4f432e8660970347a688542175ed8d2020a69dfb4cb',15,'cd4a6279ddd6a4477cce791232a96b0101535e62b63535197ffd6724169eacd9','3_mn6q3dS2EnDUx3bmyWc6D4szJNVGtaR7zc_mnfAHmddVibnZNSkh8DvKaQoiEfNsxjXzH_mtQheFaSfWELRB2MyMBaiWjdDm6ux9Ezns_3',16,'fd3b6e2bd441ce04b879c4f432e8660970347a688542175ed8d2020a69dfb4cb','3_mn6q3dS2EnDUx3bmyWc6D4szJNVGtaR7zc_mnfAHmddVibnZNSkh8DvKaQoiEfNsxjXzH_mtQheFaSfWELRB2MyMBaiWjdDm6ux9Ezns_3',0,1,'3_mn6q3dS2EnDUx3bmyWc6D4szJNVGtaR7zc_mnfAHmddVibnZNSkh8DvKaQoiEfNsxjXzH_mtQheFaSfWELRB2MyMBaiWjdDm6ux9Ezns_3',100,1388000100,0.0,5040,150000000,350000000,310014,310015,310014,10,10,310024,99999999,'pending');
INSERT INTO bet_matches VALUES('9c80a6d27fcc339795c78fef61545d15655a99c9cc616649f6b13855230dec16_afc792d9f398a7861852ef87eba9321394ccc02d646d4d3cfca77b9789ff61ea',17,'9c80a6d27fcc339795c78fef61545d15655a99c9cc616649f6b13855230dec16','3_mn6q3dS2EnDUx3bmyWc6D4szJNVGtaR7zc_mnfAHmddVibnZNSkh8DvKaQoiEfNsxjXzH_mtQheFaSfWELRB2MyMBaiWjdDm6ux9Ezns_3',18,'afc792d9f398a7861852ef87eba9321394ccc02d646d4d3cfca77b9789ff61ea','3_mn6q3dS2EnDUx3bmyWc6D4szJNVGtaR7zc_mnfAHmddVibnZNSkh8DvKaQoiEfNsxjXzH_mtQheFaSfWELRB2MyMBaiWjdDm6ux9Ezns_3',2,3,'3_mn6q3dS2EnDUx3bmyWc6D4szJNVGtaR7zc_mnfAHmddVibnZNSkh8DvKaQoiEfNsxjXzH_mtQheFaSfWELRB2MyMBaiWjdDm6ux9Ezns_3',100,1388000200,1.0,5040,750000000,650000000,310016,310017,310016,10,10,310026,99999999,'pending');
INSERT INTO bet_matches VALUES('bffbed634d3025a16efc3c0fc67d1d331252f08c57121b6e6df14b13f468c2ab_680bf25c98312059770a4c25f5eb42b99f8f471dc82c8cabada5ac179dc12c55',13,'bffbed634d3025a16efc3c0fc67d1d331252f08c57121b6e6df14b13f468c2ab','3_mn6q3dS2EnDUx3bmyWc6D4szJNVGtaR7zc_mnfAHmddVibnZNSkh8DvKaQoiEfNsxjXzH_mtQheFaSfWELRB2MyMBaiWjdDm6ux9Ezns_3',14,'680bf25c98312059770a4c25f5eb42b99f8f471dc82c8cabada5ac179dc12c55','3_mn6q3dS2EnDUx3bmyWc6D4szJNVGtaR7zc_mnfAHmddVibnZNSkh8DvKaQoiEfNsxjXzH_mtQheFaSfWELRB2MyMBaiWjdDm6ux9Ezns_3',0,1,'3_mn6q3dS2EnDUx3bmyWc6D4szJNVGtaR7zc_mnfAHmddVibnZNSkh8DvKaQoiEfNsxjXzH_mtQheFaSfWELRB2MyMBaiWjdDm6ux9Ezns_3',100,1388000100,0.0,15120,41500000,20750000,310012,310013,310018,10,10,310022,99999999,'settled: liquidated for bear');
INSERT INTO bet_matches VALUES('cd4a6279ddd6a4477cce791232a96b0101535e62b63535197ffd6724169eacd9_fd3b6e2bd441ce04b879c4f432e8660970347a688542175ed8d2020a69dfb4cb',15,'cd4a6279ddd6a4477cce791232a96b0101535e62b63535197ffd6724169eacd9','3_mn6q3dS2EnDUx3bmyWc6D4szJNVGtaR7zc_mnfAHmddVibnZNSkh8DvKaQoiEfNsxjXzH_mtQheFaSfWELRB2MyMBaiWjdDm6ux9Ezns_3',16,'fd3b6e2bd441ce04b879c4f432e8660970347a688542175ed8d2020a69dfb4cb','3_mn6q3dS2EnDUx3bmyWc6D4szJNVGtaR7zc_mnfAHmddVibnZNSkh8DvKaQoiEfNsxjXzH_mtQheFaSfWELRB2MyMBaiWjdDm6ux9Ezns_3',0,1,'3_mn6q3dS2EnDUx3bmyWc6D4szJNVGtaR7zc_mnfAHmddVibnZNSkh8DvKaQoiEfNsxjXzH_mtQheFaSfWELRB2MyMBaiWjdDm6ux9Ezns_3',100,1388000100,0.0,5040,150000000,350000000,310014,310015,310019,10,10,310024,99999999,'settled');
INSERT INTO bet_matches VALUES('9c80a6d27fcc339795c78fef61545d15655a99c9cc616649f6b13855230dec16_afc792d9f398a7861852ef87eba9321394ccc02d646d4d3cfca77b9789ff61ea',17,'9c80a6d27fcc339795c78fef61545d15655a99c9cc616649f6b13855230dec16','3_mn6q3dS2EnDUx3bmyWc6D4szJNVGtaR7zc_mnfAHmddVibnZNSkh8DvKaQoiEfNsxjXzH_mtQheFaSfWELRB2MyMBaiWjdDm6ux9Ezns_3',18,'afc792d9f398a7861852ef87eba9321394ccc02d646d4d3cfca77b9789ff61ea','3_mn6q3dS2EnDUx3bmyWc6D4szJNVGtaR7zc_mnfAHmddVibnZNSkh8DvKaQoiEfNsxjXzH_mtQheFaSfWELRB2MyMBaiWjdDm6ux9Ezns_3',2,3,'3_mn6q3dS2EnDUx3bmyWc6D4szJNVGtaR7zc_mnfAHmddVibnZNSkh8DvKaQoiEfNsxjXzH_mtQheFaSfWELRB2MyMBaiWjdDm6ux9Ezns_3',100,1388000200,1.0,5040,750000000,650000000,310016,310017,310020,10,10,310026,99999999,'settled: for notequal');
-- Triggers and indices on  bet_matches
CREATE INDEX bet_matches_block_index_idx ON bet_matches (block_index)
        ;
CREATE INDEX bet_matches_deadline_idx ON bet_matches (deadline)
        ;
CREATE INDEX bet_matches_id_idx ON bet_matches (id)
        ;
CREATE INDEX bet_matches_status_idx ON bet_matches (status)
        ;
CREATE INDEX bet_matches_tx0_address_idx ON bet_matches (tx0_address)
        ;
CREATE INDEX bet_matches_tx1_address_idx ON bet_matches (tx1_address)
        ;
CREATE TRIGGER block_update_bet_matches
            BEFORE UPDATE ON bet_matches BEGIN
                SELECT RAISE(FAIL, "UPDATES NOT ALLOWED");
            END;

COMMIT TRANSACTION;
PRAGMA page_size=4096;
-- PRAGMA encoding='UTF-8';
-- PRAGMA auto_vacuum=FULL;
-- PRAGMA max_page_count=4294967294;

BEGIN TRANSACTION;

-- Table  bet_match_resolutions
DROP TABLE IF EXISTS bet_match_resolutions;
CREATE TABLE bet_match_resolutions(
                                            bet_match_id TEXT PRIMARY KEY,
                                            bet_match_type_id INTEGER,
                                            block_index INTEGER,
                                            winner TEXT,
                                            settled BOOL,
                                            bull_credit INTEGER,
                                            bear_credit INTEGER,
                                            escrow_less_fee INTEGER,
                                            fee INTEGER,
                                            FOREIGN KEY (block_index) REFERENCES blocks(block_index));
INSERT INTO bet_match_resolutions VALUES('bffbed634d3025a16efc3c0fc67d1d331252f08c57121b6e6df14b13f468c2ab_680bf25c98312059770a4c25f5eb42b99f8f471dc82c8cabada5ac179dc12c55',1,310018,NULL,0,0,59137500,NULL,3112500);
INSERT INTO bet_match_resolutions VALUES('cd4a6279ddd6a4477cce791232a96b0101535e62b63535197ffd6724169eacd9_fd3b6e2bd441ce04b879c4f432e8660970347a688542175ed8d2020a69dfb4cb',1,310019,NULL,1,159300000,315700000,NULL,25000000);
INSERT INTO bet_match_resolutions VALUES('9c80a6d27fcc339795c78fef61545d15655a99c9cc616649f6b13855230dec16_afc792d9f398a7861852ef87eba9321394ccc02d646d4d3cfca77b9789ff61ea',5,310020,'NotEqual',NULL,NULL,NULL,1330000000,70000000);
-- Triggers and indices on  bet_match_resolutions
CREATE TRIGGER block_update_bet_match_resolutions
            BEFORE UPDATE ON bet_match_resolutions BEGIN
                SELECT RAISE(FAIL, "UPDATES NOT ALLOWED");
            END;

COMMIT TRANSACTION;
PRAGMA page_size=4096;
-- PRAGMA encoding='UTF-8';
-- PRAGMA auto_vacuum=FULL;
-- PRAGMA max_page_count=4294967294;

BEGIN TRANSACTION;

-- Table  bet_expirations
DROP TABLE IF EXISTS bet_expirations;
CREATE TABLE bet_expirations(
                                    bet_index INTEGER PRIMARY KEY,
                                    bet_hash TEXT UNIQUE,
                                    source TEXT,
                                    block_index INTEGER,
                                    FOREIGN KEY (block_index) REFERENCES blocks(block_index));
INSERT INTO bet_expirations VALUES(13,'bffbed634d3025a16efc3c0fc67d1d331252f08c57121b6e6df14b13f468c2ab','3_mn6q3dS2EnDUx3bmyWc6D4szJNVGtaR7zc_mnfAHmddVibnZNSkh8DvKaQoiEfNsxjXzH_mtQheFaSfWELRB2MyMBaiWjdDm6ux9Ezns_3',310023);
-- Triggers and indices on  bet_expirations
CREATE INDEX bet_expirations_block_index_idx ON bet_expirations (block_index)
        ;
CREATE INDEX bet_expirations_source_idx ON bet_expirations (source)
        ;
CREATE TRIGGER block_update_bet_expirations
            BEFORE UPDATE ON bet_expirations BEGIN
                SELECT RAISE(FAIL, "UPDATES NOT ALLOWED");
            END;

COMMIT TRANSACTION;
PRAGMA page_size=4096;
-- PRAGMA encoding='UTF-8';
-- PRAGMA auto_vacuum=FULL;
-- PRAGMA max_page_count=4294967294;

BEGIN TRANSACTION;

-- Table  bets
DROP TABLE IF EXISTS bets;
CREATE TABLE bets(
                        tx_index INTEGER,
                        tx_hash TEXT,
                        block_index INTEGER,
                        source TEXT,
                        feed_address TEXT,
                        bet_type INTEGER,
                        deadline INTEGER,
                        wager_quantity INTEGER,
                        wager_remaining INTEGER,
                        counterwager_quantity INTEGER,
                        counterwager_remaining INTEGER,
                        target_value REAL,
                        leverage INTEGER,
                        expiration INTEGER,
                        expire_index INTEGER,
                        fee_fraction_int INTEGER,
                        status TEXT);
INSERT INTO bets VALUES(13,'bffbed634d3025a16efc3c0fc67d1d331252f08c57121b6e6df14b13f468c2ab',310012,'3_mn6q3dS2EnDUx3bmyWc6D4szJNVGtaR7zc_mnfAHmddVibnZNSkh8DvKaQoiEfNsxjXzH_mtQheFaSfWELRB2MyMBaiWjdDm6ux9Ezns_3','3_mn6q3dS2EnDUx3bmyWc6D4szJNVGtaR7zc_mnfAHmddVibnZNSkh8DvKaQoiEfNsxjXzH_mtQheFaSfWELRB2MyMBaiWjdDm6ux9Ezns_3',0,1388000100,50000000,50000000,25000000,25000000,0.0,15120,10,310022,99999999,'open');
INSERT INTO bets VALUES(14,'680bf25c98312059770a4c25f5eb42b99f8f471dc82c8cabada5ac179dc12c55',310013,'3_mn6q3dS2EnDUx3bmyWc6D4szJNVGtaR7zc_mnfAHmddVibnZNSkh8DvKaQoiEfNsxjXzH_mtQheFaSfWELRB2MyMBaiWjdDm6ux9Ezns_3','3_mn6q3dS2EnDUx3bmyWc6D4szJNVGtaR7zc_mnfAHmddVibnZNSkh8DvKaQoiEfNsxjXzH_mtQheFaSfWELRB2MyMBaiWjdDm6ux9Ezns_3',1,1388000100,25000000,25000000,41500000,41500000,0.0,15120,10,310023,99999999,'open');
INSERT INTO bets VALUES(13,'bffbed634d3025a16efc3c0fc67d1d331252f08c57121b6e6df14b13f468c2ab',310013,'3_mn6q3dS2EnDUx3bmyWc6D4szJNVGtaR7zc_mnfAHmddVibnZNSkh8DvKaQoiEfNsxjXzH_mtQheFaSfWELRB2MyMBaiWjdDm6ux9Ezns_3','3_mn6q3dS2EnDUx3bmyWc6D4szJNVGtaR7zc_mnfAHmddVibnZNSkh8DvKaQoiEfNsxjXzH_mtQheFaSfWELRB2MyMBaiWjdDm6ux9Ezns_3',0,1388000100,50000000,8500000,25000000,4250000,0.0,15120,10,310022,99999999,'open');
INSERT INTO bets VALUES(14,'680bf25c98312059770a4c25f5eb42b99f8f471dc82c8cabada5ac179dc12c55',310013,'3_mn6q3dS2EnDUx3bmyWc6D4szJNVGtaR7zc_mnfAHmddVibnZNSkh8DvKaQoiEfNsxjXzH_mtQheFaSfWELRB2MyMBaiWjdDm6ux9Ezns_3','3_mn6q3dS2EnDUx3bmyWc6D4szJNVGtaR7zc_mnfAHmddVibnZNSkh8DvKaQoiEfNsxjXzH_mtQheFaSfWELRB2MyMBaiWjdDm6ux9Ezns_3',1,1388000100,25000000,4250000,41500000,0,0.0,15120,10,310023,99999999,'filled');
INSERT INTO bets VALUES(15,'cd4a6279ddd6a4477cce791232a96b0101535e62b63535197ffd6724169eacd9',310014,'3_mn6q3dS2EnDUx3bmyWc6D4szJNVGtaR7zc_mnfAHmddVibnZNSkh8DvKaQoiEfNsxjXzH_mtQheFaSfWELRB2MyMBaiWjdDm6ux9Ezns_3','3_mn6q3dS2EnDUx3bmyWc6D4szJNVGtaR7zc_mnfAHmddVibnZNSkh8DvKaQoiEfNsxjXzH_mtQheFaSfWELRB2MyMBaiWjdDm6ux9Ezns_3',0,1388000100,150000000,150000000,350000000,350000000,0.0,5040,10,310024,99999999,'open');
INSERT INTO bets VALUES(16,'fd3b6e2bd441ce04b879c4f432e8660970347a688542175ed8d2020a69dfb4cb',310015,'3_mn6q3dS2EnDUx3bmyWc6D4szJNVGtaR7zc_mnfAHmddVibnZNSkh8DvKaQoiEfNsxjXzH_mtQheFaSfWELRB2MyMBaiWjdDm6ux9Ezns_3','3_mn6q3dS2EnDUx3bmyWc6D4szJNVGtaR7zc_mnfAHmddVibnZNSkh8DvKaQoiEfNsxjXzH_mtQheFaSfWELRB2MyMBaiWjdDm6ux9Ezns_3',1,1388000100,350000000,350000000,150000000,150000000,0.0,5040,10,310025,99999999,'open');
INSERT INTO bets VALUES(15,'cd4a6279ddd6a4477cce791232a96b0101535e62b63535197ffd6724169eacd9',310015,'3_mn6q3dS2EnDUx3bmyWc6D4szJNVGtaR7zc_mnfAHmddVibnZNSkh8DvKaQoiEfNsxjXzH_mtQheFaSfWELRB2MyMBaiWjdDm6ux9Ezns_3','3_mn6q3dS2EnDUx3bmyWc6D4szJNVGtaR7zc_mnfAHmddVibnZNSkh8DvKaQoiEfNsxjXzH_mtQheFaSfWELRB2MyMBaiWjdDm6ux9Ezns_3',0,1388000100,150000000,0,350000000,0,0.0,5040,10,310024,99999999,'filled');
INSERT INTO bets VALUES(16,'fd3b6e2bd441ce04b879c4f432e8660970347a688542175ed8d2020a69dfb4cb',310015,'3_mn6q3dS2EnDUx3bmyWc6D4szJNVGtaR7zc_mnfAHmddVibnZNSkh8DvKaQoiEfNsxjXzH_mtQheFaSfWELRB2MyMBaiWjdDm6ux9Ezns_3','3_mn6q3dS2EnDUx3bmyWc6D4szJNVGtaR7zc_mnfAHmddVibnZNSkh8DvKaQoiEfNsxjXzH_mtQheFaSfWELRB2MyMBaiWjdDm6ux9Ezns_3',1,1388000100,350000000,0,150000000,0,0.0,5040,10,310025,99999999,'filled');
INSERT INTO bets VALUES(17,'9c80a6d27fcc339795c78fef61545d15655a99c9cc616649f6b13855230dec16',310016,'3_mn6q3dS2EnDUx3bmyWc6D4szJNVGtaR7zc_mnfAHmddVibnZNSkh8DvKaQoiEfNsxjXzH_mtQheFaSfWELRB2MyMBaiWjdDm6ux9Ezns_3','3_mn6q3dS2EnDUx3bmyWc6D4szJNVGtaR7zc_mnfAHmddVibnZNSkh8DvKaQoiEfNsxjXzH_mtQheFaSfWELRB2MyMBaiWjdDm6ux9Ezns_3',2,1388000200,750000000,750000000,650000000,650000000,1.0,5040,10,310026,99999999,'open');
INSERT INTO bets VALUES(18,'afc792d9f398a7861852ef87eba9321394ccc02d646d4d3cfca77b9789ff61ea',310017,'3_mn6q3dS2EnDUx3bmyWc6D4szJNVGtaR7zc_mnfAHmddVibnZNSkh8DvKaQoiEfNsxjXzH_mtQheFaSfWELRB2MyMBaiWjdDm6ux9Ezns_3','3_mn6q3dS2EnDUx3bmyWc6D4szJNVGtaR7zc_mnfAHmddVibnZNSkh8DvKaQoiEfNsxjXzH_mtQheFaSfWELRB2MyMBaiWjdDm6ux9Ezns_3',3,1388000200,650000000,650000000,750000000,750000000,1.0,5040,10,310027,99999999,'open');
INSERT INTO bets VALUES(17,'9c80a6d27fcc339795c78fef61545d15655a99c9cc616649f6b13855230dec16',310017,'3_mn6q3dS2EnDUx3bmyWc6D4szJNVGtaR7zc_mnfAHmddVibnZNSkh8DvKaQoiEfNsxjXzH_mtQheFaSfWELRB2MyMBaiWjdDm6ux9Ezns_3','3_mn6q3dS2EnDUx3bmyWc6D4szJNVGtaR7zc_mnfAHmddVibnZNSkh8DvKaQoiEfNsxjXzH_mtQheFaSfWELRB2MyMBaiWjdDm6ux9Ezns_3',2,1388000200,750000000,0,650000000,0,1.0,5040,10,310026,99999999,'filled');
INSERT INTO bets VALUES(18,'afc792d9f398a7861852ef87eba9321394ccc02d646d4d3cfca77b9789ff61ea',310017,'3_mn6q3dS2EnDUx3bmyWc6D4szJNVGtaR7zc_mnfAHmddVibnZNSkh8DvKaQoiEfNsxjXzH_mtQheFaSfWELRB2MyMBaiWjdDm6ux9Ezns_3','3_mn6q3dS2EnDUx3bmyWc6D4szJNVGtaR7zc_mnfAHmddVibnZNSkh8DvKaQoiEfNsxjXzH_mtQheFaSfWELRB2MyMBaiWjdDm6ux9Ezns_3',3,1388000200,650000000,0,750000000,0,1.0,5040,10,310027,99999999,'filled');
INSERT INTO bets VALUES(13,'bffbed634d3025a16efc3c0fc67d1d331252f08c57121b6e6df14b13f468c2ab',310023,'3_mn6q3dS2EnDUx3bmyWc6D4szJNVGtaR7zc_mnfAHmddVibnZNSkh8DvKaQoiEfNsxjXzH_mtQheFaSfWELRB2MyMBaiWjdDm6ux9Ezns_3','3_mn6q3dS2EnDUx3bmyWc6D4szJNVGtaR7zc_mnfAHmddVibnZNSkh8DvKaQoiEfNsxjXzH_mtQheFaSfWELRB2MyMBaiWjdDm6ux9Ezns_3',0,1388000100,50000000,8500000,25000000,4250000,0.0,15120,10,310022,99999999,'expired');
-- Triggers and indices on  bets
CREATE INDEX bets_block_index_idx ON bets (block_index)
        ;
CREATE INDEX bets_expire_index_idx ON bets (expire_index)
        ;
CREATE INDEX bets_feed_address_bet_type_idx ON bets (feed_address, bet_type)
        ;
CREATE INDEX bets_feed_address_idx ON bets (feed_address)
        ;
CREATE INDEX bets_status_idx ON bets (status)
        ;
CREATE INDEX bets_tx_hash_idx ON bets (tx_hash)
        ;
CREATE INDEX bets_tx_index_tx_hash_idx ON bets (tx_index, tx_hash)
        ;
CREATE TRIGGER block_update_bets
            BEFORE UPDATE ON bets BEGIN
                SELECT RAISE(FAIL, "UPDATES NOT ALLOWED");
            END;

COMMIT TRANSACTION;
PRAGMA page_size=4096;
-- PRAGMA encoding='UTF-8';
-- PRAGMA auto_vacuum=FULL;
-- PRAGMA max_page_count=4294967294;

BEGIN TRANSACTION;

-- Table  broadcasts
DROP TABLE IF EXISTS broadcasts;
CREATE TABLE broadcasts(
                      tx_index INTEGER PRIMARY KEY,
                      tx_hash TEXT UNIQUE,
                      block_index INTEGER,
                      source TEXT,
                      timestamp INTEGER,
                      value REAL,
                      fee_fraction_int INTEGER,
                      text TEXT,
                      locked BOOL,
                      status TEXT,
                      FOREIGN KEY (tx_index, tx_hash, block_index) REFERENCES transactions(tx_index, tx_hash, block_index));
INSERT INTO broadcasts VALUES(12,'d1b41912921e10c07d66c080b0d017633ca87fa3020a004736443e4cb073db5c',310011,'3_mn6q3dS2EnDUx3bmyWc6D4szJNVGtaR7zc_mnfAHmddVibnZNSkh8DvKaQoiEfNsxjXzH_mtQheFaSfWELRB2MyMBaiWjdDm6ux9Ezns_3',1388000000,100.0,99999999,'Unit Test',0,'valid');
INSERT INTO broadcasts VALUES(19,'dfc7ccb92b3319495755fea809d2f354e5c6f2e2f46ac7e5a18730ecaa89b777',310018,'3_mn6q3dS2EnDUx3bmyWc6D4szJNVGtaR7zc_mnfAHmddVibnZNSkh8DvKaQoiEfNsxjXzH_mtQheFaSfWELRB2MyMBaiWjdDm6ux9Ezns_3',1388000050,99.86166,5000000,'Unit Test',0,'valid');
INSERT INTO broadcasts VALUES(20,'8e0e04ce2a95cbebfcdf4612072da2754924b1c69219dae98a306c82b3c5edcc',310019,'3_mn6q3dS2EnDUx3bmyWc6D4szJNVGtaR7zc_mnfAHmddVibnZNSkh8DvKaQoiEfNsxjXzH_mtQheFaSfWELRB2MyMBaiWjdDm6ux9Ezns_3',1388000101,100.343,5000000,'Unit Test',0,'valid');
INSERT INTO broadcasts VALUES(21,'704e3b0b2496f99adaa2c175955897e0154101c06c222a25913b7554ca5c5a52',310020,'3_mn6q3dS2EnDUx3bmyWc6D4szJNVGtaR7zc_mnfAHmddVibnZNSkh8DvKaQoiEfNsxjXzH_mtQheFaSfWELRB2MyMBaiWjdDm6ux9Ezns_3',1388000201,2.0,5000000,'Unit Test',0,'valid');
-- Triggers and indices on  broadcasts
CREATE TRIGGER block_update_broadcasts
            BEFORE UPDATE ON broadcasts BEGIN
                SELECT RAISE(FAIL, "UPDATES NOT ALLOWED");
            END;
CREATE INDEX broadcasts_block_index_idx ON broadcasts (block_index)
        ;
CREATE INDEX broadcasts_status_source_tx_index_idx ON broadcasts (status, source, tx_index)
        ;
CREATE INDEX broadcasts_timestamp_idx ON broadcasts (timestamp)
        ;

COMMIT TRANSACTION;
PRAGMA page_size=4096;
-- PRAGMA encoding='UTF-8';
-- PRAGMA auto_vacuum=FULL;
-- PRAGMA max_page_count=4294967294;

BEGIN TRANSACTION;

-- Table  btcpays
DROP TABLE IF EXISTS btcpays;
CREATE TABLE btcpays(
                      tx_index INTEGER PRIMARY KEY,
                      tx_hash TEXT UNIQUE,
                      block_index INTEGER,
                      source TEXT,
                      destination TEXT,
                      btc_amount INTEGER,
                      order_match_id TEXT,
                      status TEXT,
                      FOREIGN KEY (tx_index, tx_hash, block_index) REFERENCES transactions(tx_index, tx_hash, block_index));
INSERT INTO btcpays VALUES(5,'42146a099c81b81bca16de1825be83eae567568001be8b40549af1e626352ae6',310004,'3_mn6q3dS2EnDUx3bmyWc6D4szJNVGtaR7zc_mnfAHmddVibnZNSkh8DvKaQoiEfNsxjXzH_mtQheFaSfWELRB2MyMBaiWjdDm6ux9Ezns_3','3_mn6q3dS2EnDUx3bmyWc6D4szJNVGtaR7zc_mnfAHmddVibnZNSkh8DvKaQoiEfNsxjXzH_mtQheFaSfWELRB2MyMBaiWjdDm6ux9Ezns_3',50000000,'72c0575d98796a64f7f9a027add4db701610004aba35556827498d270f5607e0_b1415d3493376a14e9e2378a6243666b7c8e5bd8c26793fd21852458c9926c57','valid');
-- Triggers and indices on  btcpays
CREATE TRIGGER block_update_btcpays
            BEFORE UPDATE ON btcpays BEGIN
                SELECT RAISE(FAIL, "UPDATES NOT ALLOWED");
            END;
CREATE INDEX btcpays_block_index_idx ON btcpays (block_index)
        ;
CREATE INDEX btcpays_destination_idx ON btcpays (destination)
        ;
CREATE INDEX btcpays_source_idx ON btcpays (source)
        ;

COMMIT TRANSACTION;
PRAGMA page_size=4096;
-- PRAGMA encoding='UTF-8';
-- PRAGMA auto_vacuum=FULL;
-- PRAGMA max_page_count=4294967294;

BEGIN TRANSACTION;

-- Table  burns
DROP TABLE IF EXISTS burns;
CREATE TABLE burns(
                      tx_index INTEGER PRIMARY KEY,
                      tx_hash TEXT UNIQUE,
                      block_index INTEGER,
                      source TEXT,
                      burned INTEGER,
                      earned INTEGER,
                      status TEXT,
                      FOREIGN KEY (tx_index, tx_hash, block_index) REFERENCES transactions(tx_index, tx_hash, block_index));
INSERT INTO burns VALUES(1,'6cf1e64cd7998653924779a246ee7cf6af6ae1d0fcd0e7e6c63a35f1a57b3901',310000,'3_mn6q3dS2EnDUx3bmyWc6D4szJNVGtaR7zc_mnfAHmddVibnZNSkh8DvKaQoiEfNsxjXzH_mtQheFaSfWELRB2MyMBaiWjdDm6ux9Ezns_3',62000000,93000000000,'valid');
INSERT INTO burns VALUES(23,'16e8d15a1cb0455fbf036cc0267602bd39129f5313d54dcf43461c075aeb9e7b',310022,'3_mn6q3dS2EnDUx3bmyWc6D4szJNVGtaR7zc_mnfAHmddVibnZNSkh8DvKaQoiEfNsxjXzH_mtQheFaSfWELRB2MyMBaiWjdDm6ux9Ezns_3',38000000,56999887262,'valid');
-- Triggers and indices on  burns
CREATE TRIGGER block_update_burns
            BEFORE UPDATE ON burns BEGIN
                SELECT RAISE(FAIL, "UPDATES NOT ALLOWED");
            END;
CREATE INDEX burns_source_idx ON burns (source)
        ;
CREATE INDEX burns_status_idx ON burns (status)
        ;

COMMIT TRANSACTION;
PRAGMA page_size=4096;
-- PRAGMA encoding='UTF-8';
-- PRAGMA auto_vacuum=FULL;
-- PRAGMA max_page_count=4294967294;

BEGIN TRANSACTION;

-- Table  cancels
DROP TABLE IF EXISTS cancels;
CREATE TABLE cancels(
                      tx_index INTEGER PRIMARY KEY,
                      tx_hash TEXT UNIQUE,
                      block_index INTEGER,
                      source TEXT,
                      offer_hash TEXT,
                      status TEXT,
                      FOREIGN KEY (tx_index, tx_hash, block_index) REFERENCES transactions(tx_index, tx_hash, block_index));
-- Triggers and indices on  cancels
CREATE TRIGGER block_update_cancels
            BEFORE UPDATE ON cancels BEGIN
                SELECT RAISE(FAIL, "UPDATES NOT ALLOWED");
            END;
CREATE INDEX cancels_block_index_idx ON cancels (block_index)
        ;
CREATE INDEX cancels_source_idx ON cancels (source)
        ;

COMMIT TRANSACTION;
PRAGMA page_size=4096;
-- PRAGMA encoding='UTF-8';
-- PRAGMA auto_vacuum=FULL;
-- PRAGMA max_page_count=4294967294;

BEGIN TRANSACTION;

-- Table  dividends
DROP TABLE IF EXISTS dividends;
CREATE TABLE dividends(
                      tx_index INTEGER PRIMARY KEY,
                      tx_hash TEXT UNIQUE,
                      block_index INTEGER,
                      source TEXT,
                      asset TEXT,
                      dividend_asset TEXT,
                      quantity_per_unit INTEGER,
                      fee_paid INTEGER,
                      status TEXT,
                      FOREIGN KEY (tx_index, tx_hash, block_index) REFERENCES transactions(tx_index, tx_hash, block_index));
INSERT INTO dividends VALUES(10,'7c26c22fcdb0eb629b46e7628a587286533e2452b89a5f6bba27f996e27498d2',310009,'3_mn6q3dS2EnDUx3bmyWc6D4szJNVGtaR7zc_mnfAHmddVibnZNSkh8DvKaQoiEfNsxjXzH_mtQheFaSfWELRB2MyMBaiWjdDm6ux9Ezns_3','BBBB','XCP',600,20000,'valid');
INSERT INTO dividends VALUES(11,'0454dde2a3e592d9e863b00ff6f717a324ba387660eb8243c12f2e842cb7e00b',310010,'3_mn6q3dS2EnDUx3bmyWc6D4szJNVGtaR7zc_mnfAHmddVibnZNSkh8DvKaQoiEfNsxjXzH_mtQheFaSfWELRB2MyMBaiWjdDm6ux9Ezns_3','BBBC','XCP',800,20000,'valid');
-- Triggers and indices on  dividends
CREATE TRIGGER block_update_dividends
            BEFORE UPDATE ON dividends BEGIN
                SELECT RAISE(FAIL, "UPDATES NOT ALLOWED");
            END;
CREATE INDEX dividends_asset_idx ON dividends (asset)
        ;
CREATE INDEX dividends_block_index_idx ON dividends (block_index)
        ;
CREATE INDEX dividends_source_idx ON dividends (source)
        ;

COMMIT TRANSACTION;
PRAGMA page_size=4096;
-- PRAGMA encoding='UTF-8';
-- PRAGMA auto_vacuum=FULL;
-- PRAGMA max_page_count=4294967294;

BEGIN TRANSACTION;

-- Table  issuances
DROP TABLE IF EXISTS issuances;
CREATE TABLE issuances(
            tx_index INTEGER,
            tx_hash TEXT,
            msg_index INTEGER DEFAULT 0,
            block_index INTEGER,
            asset TEXT,
            quantity INTEGER,
            divisible BOOL,
            source TEXT,
            issuer TEXT,
            transfer BOOL,
            callable BOOL,
            call_date INTEGER,
            call_price REAL,
            description TEXT,
            fee_paid INTEGER,
            locked BOOL DEFAULT FALSE,
            status TEXT,
            asset_longname TEXT,
            reset BOOL DEFAULT FALSE,
            description_locked BOOL,
            fair_minting BOOL DEFAULT FALSE,
            asset_events TEXT,
            PRIMARY KEY (tx_index, msg_index),
            UNIQUE (tx_hash, msg_index)
        );
INSERT INTO issuances VALUES(6,'a6b39c99d5f729953abeb87189acd2e295d54214272a6ac9bc199754f995315e',0,310005,'BBBB',1000000000,1,'3_mn6q3dS2EnDUx3bmyWc6D4szJNVGtaR7zc_mnfAHmddVibnZNSkh8DvKaQoiEfNsxjXzH_mtQheFaSfWELRB2MyMBaiWjdDm6ux9Ezns_3','3_mn6q3dS2EnDUx3bmyWc6D4szJNVGtaR7zc_mnfAHmddVibnZNSkh8DvKaQoiEfNsxjXzH_mtQheFaSfWELRB2MyMBaiWjdDm6ux9Ezns_3',0,0,0,0.0,'',50000000,0,'valid',NULL,0,0,0,'creation');
INSERT INTO issuances VALUES(7,'ecd364b62bcb98c1236f9015b0a782ad0e35350655405c1c49b4662e8258688e',0,310006,'BBBC',100000,0,'3_mn6q3dS2EnDUx3bmyWc6D4szJNVGtaR7zc_mnfAHmddVibnZNSkh8DvKaQoiEfNsxjXzH_mtQheFaSfWELRB2MyMBaiWjdDm6ux9Ezns_3','3_mn6q3dS2EnDUx3bmyWc6D4szJNVGtaR7zc_mnfAHmddVibnZNSkh8DvKaQoiEfNsxjXzH_mtQheFaSfWELRB2MyMBaiWjdDm6ux9Ezns_3',0,0,0,0.0,'foobar',50000000,0,'valid',NULL,0,0,0,'creation');
-- Triggers and indices on  issuances
CREATE TRIGGER block_update_issuances
            BEFORE UPDATE ON issuances BEGIN
                SELECT RAISE(FAIL, "UPDATES NOT ALLOWED");
            END;
CREATE INDEX issuances_asset_longname_idx ON issuances (asset_longname)
        ;
CREATE INDEX issuances_block_index_idx ON issuances (block_index)
        ;
CREATE INDEX issuances_issuer_idx ON issuances (issuer)
        ;
CREATE INDEX issuances_source_idx ON issuances (source)
        ;
CREATE INDEX issuances_status_asset_longname_tx_index_idx ON issuances (status, asset_longname, tx_index DESC)
        ;
CREATE INDEX issuances_status_asset_tx_index_idx ON issuances (status, asset, tx_index DESC)
        ;

COMMIT TRANSACTION;
PRAGMA page_size=4096;
-- PRAGMA encoding='UTF-8';
-- PRAGMA auto_vacuum=FULL;
-- PRAGMA max_page_count=4294967294;

BEGIN TRANSACTION;

-- Table  sends
DROP TABLE IF EXISTS sends;
CREATE TABLE "sends"(
                              tx_index INTEGER,
                              tx_hash TEXT,
                              block_index INTEGER,
                              source TEXT,
                              destination TEXT,
                              asset TEXT,
                              quantity INTEGER,
                              status TEXT,
                              msg_index INTEGER DEFAULT 0, memo BLOB, fee_paid INTEGER DEFAULT 0, send_type TEXT,
                              PRIMARY KEY (tx_index, msg_index),
                              FOREIGN KEY (tx_index, tx_hash, block_index) REFERENCES transactions(tx_index, tx_hash, block_index),
                              UNIQUE (tx_hash, msg_index) ON CONFLICT FAIL);
INSERT INTO sends VALUES(2,'4ff96f4da9de33ce6146c3a3f352dbb2ad201e481c72d59ae7ddc9bc2f5ab1a4',310001,'3_mn6q3dS2EnDUx3bmyWc6D4szJNVGtaR7zc_mnfAHmddVibnZNSkh8DvKaQoiEfNsxjXzH_mtQheFaSfWELRB2MyMBaiWjdDm6ux9Ezns_3','3_mn6q3dS2EnDUx3bmyWc6D4szJNVGtaR7zc_mnfAHmddVibnZNSkh8DvKaQoiEfNsxjXzH_mqPCfvqTfYctXMUfmniXeG2nyaN8w6tPmj_3','XCP',50000000,'valid',0,NULL,0,'send');
INSERT INTO sends VALUES(8,'652a600b4a066fe75ba07df96820dc2b77ec18adf527cfc9793561f0dcf153be',310007,'3_mn6q3dS2EnDUx3bmyWc6D4szJNVGtaR7zc_mnfAHmddVibnZNSkh8DvKaQoiEfNsxjXzH_mtQheFaSfWELRB2MyMBaiWjdDm6ux9Ezns_3','3_mn6q3dS2EnDUx3bmyWc6D4szJNVGtaR7zc_mnfAHmddVibnZNSkh8DvKaQoiEfNsxjXzH_mqPCfvqTfYctXMUfmniXeG2nyaN8w6tPmj_3','BBBB',4000000,'valid',0,NULL,0,'send');
INSERT INTO sends VALUES(9,'ed52f86b2c58ea370932008b324e07443332458f6bde63d6fd9be5c50a3df422',310008,'3_mn6q3dS2EnDUx3bmyWc6D4szJNVGtaR7zc_mnfAHmddVibnZNSkh8DvKaQoiEfNsxjXzH_mtQheFaSfWELRB2MyMBaiWjdDm6ux9Ezns_3','3_mn6q3dS2EnDUx3bmyWc6D4szJNVGtaR7zc_mnfAHmddVibnZNSkh8DvKaQoiEfNsxjXzH_mqPCfvqTfYctXMUfmniXeG2nyaN8w6tPmj_3','BBBC',526,'valid',0,NULL,0,'send');
INSERT INTO sends VALUES(24,'9d6c2d1f32224cebd4b2797ee9c2b0f090dd0c7dd9b766763366845eda3b9fce',310023,'3_mn6q3dS2EnDUx3bmyWc6D4szJNVGtaR7zc_mnfAHmddVibnZNSkh8DvKaQoiEfNsxjXzH_mtQheFaSfWELRB2MyMBaiWjdDm6ux9Ezns_3','3_mn6q3dS2EnDUx3bmyWc6D4szJNVGtaR7zc_mnfAHmddVibnZNSkh8DvKaQoiEfNsxjXzH_mqPCfvqTfYctXMUfmniXeG2nyaN8w6tPmj_3','BBBC',10000,'valid',0,NULL,0,'send');
-- Triggers and indices on  sends
CREATE TRIGGER block_update_sends
            BEFORE UPDATE ON sends BEGIN
                SELECT RAISE(FAIL, "UPDATES NOT ALLOWED");
            END;
CREATE INDEX sends_asset_send_type_idx ON sends (asset, send_type)
        ;
CREATE INDEX sends_block_index_send_type_idx ON sends (block_index, send_type)
        ;
CREATE INDEX sends_destination_idx ON sends (destination)
        ;
CREATE INDEX sends_memo_idx ON sends (memo)
        ;
CREATE INDEX sends_send_type_idx ON sends (send_type)
        ;
CREATE INDEX sends_source_idx ON sends (source)
        ;
CREATE INDEX sends_status_idx ON sends (status)
        ;

COMMIT TRANSACTION;
PRAGMA page_size=4096;
-- PRAGMA encoding='UTF-8';
-- PRAGMA auto_vacuum=FULL;
-- PRAGMA max_page_count=4294967294;

BEGIN TRANSACTION;

-- Table  rps_match_expirations
DROP TABLE IF EXISTS rps_match_expirations;
CREATE TABLE rps_match_expirations(
                                            rps_match_id TEXT PRIMARY KEY,
                                            tx0_address TEXT,
                                            tx1_address TEXT,
                                            block_index INTEGER,
                                            FOREIGN KEY (block_index) REFERENCES blocks(block_index));
-- Triggers and indices on  rps_match_expirations
CREATE TRIGGER block_update_rps_match_expirations
            BEFORE UPDATE ON rps_match_expirations BEGIN
                SELECT RAISE(FAIL, "UPDATES NOT ALLOWED");
            END;
CREATE INDEX rps_match_expirations_block_index_idx ON rps_match_expirations (block_index)
        ;
CREATE INDEX rps_match_expirations_tx0_address_idx ON rps_match_expirations (tx0_address)
        ;
CREATE INDEX rps_match_expirations_tx1_address_idx ON rps_match_expirations (tx1_address)
        ;

COMMIT TRANSACTION;
PRAGMA page_size=4096;
-- PRAGMA encoding='UTF-8';
-- PRAGMA auto_vacuum=FULL;
-- PRAGMA max_page_count=4294967294;

BEGIN TRANSACTION;

-- Table  rps_expirations
DROP TABLE IF EXISTS rps_expirations;
CREATE TABLE rps_expirations(
                                    rps_index INTEGER PRIMARY KEY,
                                    rps_hash TEXT UNIQUE,
                                    source TEXT,
                                    block_index INTEGER,
                                    FOREIGN KEY (block_index) REFERENCES blocks(block_index));
-- Triggers and indices on  rps_expirations
CREATE TRIGGER block_update_rps_expirations
            BEFORE UPDATE ON rps_expirations BEGIN
                SELECT RAISE(FAIL, "UPDATES NOT ALLOWED");
            END;
CREATE INDEX rps_expirations_block_index_idx ON rps_expirations (block_index)
        ;
CREATE INDEX rps_expirations_source_idx ON rps_expirations (source)
        ;

COMMIT TRANSACTION;
PRAGMA page_size=4096;
-- PRAGMA encoding='UTF-8';
-- PRAGMA auto_vacuum=FULL;
-- PRAGMA max_page_count=4294967294;

BEGIN TRANSACTION;

-- Table  rpsresolves
DROP TABLE IF EXISTS rpsresolves;
CREATE TABLE rpsresolves(
                      tx_index INTEGER PRIMARY KEY,
                      tx_hash TEXT UNIQUE,
                      block_index INTEGER,
                      source TEXT,
                      move INTEGER,
                      random TEXT,
                      rps_match_id TEXT,
                      status TEXT,
                      FOREIGN KEY (tx_index, tx_hash, block_index) REFERENCES transactions(tx_index, tx_hash, block_index));
-- Triggers and indices on  rpsresolves
CREATE TRIGGER block_update_rpsresolves
            BEFORE UPDATE ON rpsresolves BEGIN
                SELECT RAISE(FAIL, "UPDATES NOT ALLOWED");
            END;
CREATE INDEX rpsresolves_block_index_idx ON rpsresolves (block_index)
        ;
CREATE INDEX rpsresolves_rps_match_id_idx ON rpsresolves (rps_match_id)
        ;
CREATE INDEX rpsresolves_source_idx ON rpsresolves (source)
        ;

COMMIT TRANSACTION;
PRAGMA page_size=4096;
-- PRAGMA encoding='UTF-8';
-- PRAGMA auto_vacuum=FULL;
-- PRAGMA max_page_count=4294967294;

BEGIN TRANSACTION;

-- Table  rps_matches
DROP TABLE IF EXISTS rps_matches;
CREATE TABLE rps_matches(
                                id TEXT,
                                tx0_index INTEGER,
                                tx0_hash TEXT,
                                tx0_address TEXT,
                                tx1_index INTEGER,
                                tx1_hash TEXT,
                                tx1_address TEXT,
                                tx0_move_random_hash TEXT,
                                tx1_move_random_hash TEXT,
                                wager INTEGER,
                                possible_moves INTEGER,
                                tx0_block_index INTEGER,
                                tx1_block_index INTEGER,
                                block_index INTEGER,
                                tx0_expiration INTEGER,
                                tx1_expiration INTEGER,
                                match_expire_index INTEGER,
                                status TEXT);
-- Triggers and indices on  rps_matches
CREATE TRIGGER block_update_rps_matches
            BEFORE UPDATE ON rps_matches BEGIN
                SELECT RAISE(FAIL, "UPDATES NOT ALLOWED");
            END;
CREATE INDEX rps_matches_id_idx ON rps_matches (id)
        ;
CREATE INDEX rps_matches_match_expire_index_idx ON rps_matches (match_expire_index)
        ;
CREATE INDEX rps_matches_status_idx ON rps_matches (status)
        ;
CREATE INDEX rps_matches_tx0_address_idx ON rps_matches (tx0_address)
        ;
CREATE INDEX rps_matches_tx1_address_idx ON rps_matches (tx1_address)
        ;

COMMIT TRANSACTION;
PRAGMA page_size=4096;
-- PRAGMA encoding='UTF-8';
-- PRAGMA auto_vacuum=FULL;
-- PRAGMA max_page_count=4294967294;

BEGIN TRANSACTION;

-- Table  rps
DROP TABLE IF EXISTS rps;
CREATE TABLE rps(
                        tx_index INTEGER,
                        tx_hash TEXT,
                        block_index INTEGER,
                        source TEXT,
                        possible_moves INTEGER,
                        wager INTEGER,
                        move_random_hash TEXT,
                        expiration INTEGER,
                        expire_index INTEGER,
                        status TEXT);
-- Triggers and indices on  rps
CREATE TRIGGER block_update_rps
            BEFORE UPDATE ON rps BEGIN
                SELECT RAISE(FAIL, "UPDATES NOT ALLOWED");
            END;
CREATE INDEX rps_expire_index_idx ON rps (expire_index)
        ;
CREATE INDEX rps_source_idx ON rps (source)
        ;
CREATE INDEX rps_status_idx ON rps (status)
        ;
CREATE INDEX rps_tx_hash_idx ON rps (tx_hash)
        ;
CREATE INDEX rps_tx_index_tx_hash_idx ON rps (tx_index, tx_hash)
        ;
CREATE INDEX rps_wager_possible_moves_idx ON rps (wager, possible_moves)
        ;

COMMIT TRANSACTION;
PRAGMA page_size=4096;
-- PRAGMA encoding='UTF-8';
-- PRAGMA auto_vacuum=FULL;
-- PRAGMA max_page_count=4294967294;

BEGIN TRANSACTION;

-- Table  destructions
DROP TABLE IF EXISTS destructions;
CREATE TABLE destructions(
            tx_index INTEGER,
            tx_hash TEXT,
            block_index INTEGER,
            source TEXT,
            asset INTEGER,
            quantity INTEGER,
            tag TEXT,
            status TEXT
        );
-- Triggers and indices on  destructions
CREATE TRIGGER block_update_destructions
            BEFORE UPDATE ON destructions BEGIN
                SELECT RAISE(FAIL, "UPDATES NOT ALLOWED");
            END;
CREATE INDEX destructions_source_idx ON destructions (source)
        ;
CREATE INDEX destructions_status_idx ON destructions (status)
        ;

COMMIT TRANSACTION;
PRAGMA page_size=4096;
-- PRAGMA encoding='UTF-8';
-- PRAGMA auto_vacuum=FULL;
-- PRAGMA max_page_count=4294967294;

BEGIN TRANSACTION;

-- Table  assets
DROP TABLE IF EXISTS assets;
CREATE TABLE assets(
                      asset_id TEXT UNIQUE,
                      asset_name TEXT UNIQUE,
                      block_index INTEGER,
                      asset_longname TEXT);
INSERT INTO assets VALUES('0','BTC',NULL,NULL);
INSERT INTO assets VALUES('1','XCP',NULL,NULL);
INSERT INTO assets VALUES('18279','BBBB',310005,NULL);
INSERT INTO assets VALUES('18280','BBBC',310006,NULL);
-- Triggers and indices on  assets
CREATE INDEX assets_asset_id_idx ON assets (asset_id)
        ;
CREATE UNIQUE INDEX assets_asset_longname_idx ON assets (asset_longname)
        ;
CREATE INDEX assets_asset_name_idx ON assets (asset_name)
        ;
CREATE TRIGGER block_update_assets
            BEFORE UPDATE ON assets BEGIN
                SELECT RAISE(FAIL, "UPDATES NOT ALLOWED");
            END;

COMMIT TRANSACTION;
PRAGMA page_size=4096;
-- PRAGMA encoding='UTF-8';
-- PRAGMA auto_vacuum=FULL;
-- PRAGMA max_page_count=4294967294;

BEGIN TRANSACTION;

-- Table  addresses
DROP TABLE IF EXISTS addresses;
CREATE TABLE addresses(
            address TEXT,
            options INTEGER,
            block_index INTEGER
        );
-- Triggers and indices on  addresses
CREATE INDEX addresses_address_idx ON addresses (address)
        ;
CREATE TRIGGER block_update_addresses
            BEFORE UPDATE ON addresses BEGIN
                SELECT RAISE(FAIL, "UPDATES NOT ALLOWED");
            END;

COMMIT TRANSACTION;
PRAGMA page_size=4096;
-- PRAGMA encoding='UTF-8';
-- PRAGMA auto_vacuum=FULL;
-- PRAGMA max_page_count=4294967294;

BEGIN TRANSACTION;

-- Table  sweeps
DROP TABLE IF EXISTS sweeps;
CREATE TABLE sweeps(
                      tx_index INTEGER PRIMARY KEY,
                      tx_hash TEXT UNIQUE,
                      block_index INTEGER,
                      source TEXT,
                      destination TEXT,
                      flags INTEGER,
                      status TEXT,
                      memo BLOB,
                      fee_paid INTEGER,
                      FOREIGN KEY (tx_index, tx_hash, block_index) REFERENCES transactions(tx_index, tx_hash, block_index));
-- Triggers and indices on  sweeps
CREATE TRIGGER block_update_sweeps
            BEFORE UPDATE ON sweeps BEGIN
                SELECT RAISE(FAIL, "UPDATES NOT ALLOWED");
            END;
CREATE INDEX sweeps_block_index_idx ON sweeps (block_index)
        ;
CREATE INDEX sweeps_destination_idx ON sweeps (destination)
        ;
CREATE INDEX sweeps_memo_idx ON sweeps (memo)
        ;
CREATE INDEX sweeps_source_idx ON sweeps (source)
        ;

COMMIT TRANSACTION;
PRAGMA page_size=4096;
-- PRAGMA encoding='UTF-8';
-- PRAGMA auto_vacuum=FULL;
-- PRAGMA max_page_count=4294967294;

BEGIN TRANSACTION;

-- Table  dispensers
DROP TABLE IF EXISTS dispensers;
CREATE TABLE dispensers(
                                tx_index INTEGER,
                                tx_hash TEXT,
                                block_index INTEGER,
                                source TEXT,
                                asset TEXT,
                                give_quantity INTEGER,
                                escrow_quantity INTEGER,
                                satoshirate INTEGER,
                                status INTEGER,
                                give_remaining INTEGER,
                                oracle_address TEXT,
                                last_status_tx_hash TEXT,
                                origin TEXT,
                                dispense_count INTEGER DEFAULT 0,
                                last_status_tx_source TEXT,
                                close_block_index INTEGER);
-- Triggers and indices on  dispensers
CREATE TRIGGER block_update_dispensers
            BEFORE UPDATE ON dispensers BEGIN
                SELECT RAISE(FAIL, "UPDATES NOT ALLOWED");
            END;
CREATE INDEX dispensers_asset_idx ON dispensers (asset)
        ;
CREATE INDEX dispensers_block_index_idx ON dispensers (block_index)
        ;
CREATE INDEX dispensers_close_block_index_status_idx ON dispensers (close_block_index, status)
        ;
CREATE INDEX dispensers_give_quantity_idx ON dispensers (give_quantity)
        ;
CREATE INDEX dispensers_give_remaining_idx ON dispensers (give_remaining)
        ;
CREATE INDEX dispensers_last_status_tx_hash_idx ON dispensers (last_status_tx_hash)
        ;
CREATE INDEX dispensers_source_asset_origin_status_idx ON dispensers (source, asset, origin, status)
        ;
CREATE INDEX dispensers_source_origin_idx ON dispensers (source, origin)
        ;
CREATE INDEX dispensers_status_block_index_idx ON dispensers (status, block_index)
        ;
CREATE INDEX dispensers_tx_hash_idx ON dispensers (tx_hash)
        ;
CREATE INDEX dispensers_tx_index_idx ON dispensers (tx_index)
        ;

COMMIT TRANSACTION;
PRAGMA page_size=4096;
-- PRAGMA encoding='UTF-8';
-- PRAGMA auto_vacuum=FULL;
-- PRAGMA max_page_count=4294967294;

BEGIN TRANSACTION;

-- Table  dispenses
DROP TABLE IF EXISTS dispenses;
CREATE TABLE dispenses (
                                tx_index INTEGER,
                                dispense_index INTEGER,
                                tx_hash TEXT,
                                block_index INTEGER,
                                source TEXT,
                                destination TEXT,
                                asset TEXT,
                                dispense_quantity INTEGER,
                                dispenser_tx_hash TEXT,
                                btc_amount INTEGER,
                                PRIMARY KEY (tx_index, dispense_index, source, destination),
                                FOREIGN KEY (tx_index, tx_hash, block_index) REFERENCES transactions(tx_index, tx_hash, block_index));
-- Triggers and indices on  dispenses
CREATE TRIGGER block_update_dispenses
            BEFORE UPDATE ON dispenses BEGIN
                SELECT RAISE(FAIL, "UPDATES NOT ALLOWED");
            END;
CREATE INDEX dispenses_asset_idx ON dispenses (asset)
        ;
CREATE INDEX dispenses_block_index_idx ON dispenses (block_index)
        ;
CREATE INDEX dispenses_destination_idx ON dispenses (destination)
        ;
CREATE INDEX dispenses_dispense_quantity_idx ON dispenses (dispense_quantity)
        ;
CREATE INDEX dispenses_dispenser_tx_hash_idx ON dispenses (dispenser_tx_hash)
        ;
CREATE INDEX dispenses_source_idx ON dispenses (source)
        ;
CREATE INDEX dispenses_tx_hash_idx ON dispenses (tx_hash)
        ;

COMMIT TRANSACTION;
PRAGMA page_size=4096;
-- PRAGMA encoding='UTF-8';
-- PRAGMA auto_vacuum=FULL;
-- PRAGMA max_page_count=4294967294;

BEGIN TRANSACTION;

-- Table  dispenser_refills
DROP TABLE IF EXISTS dispenser_refills;
CREATE TABLE dispenser_refills(
                                        tx_index INTEGER,
                                        tx_hash TEXT,
                                        block_index INTEGER,
                                        source TEXT,
                                        destination TEXT,
                                        asset TEXT,
                                        dispense_quantity INTEGER,
                                        dispenser_tx_hash TEXT,
                                        PRIMARY KEY (tx_index, tx_hash, source, destination),
                                        FOREIGN KEY (tx_index, tx_hash, block_index)
                                            REFERENCES transactions(tx_index, tx_hash, block_index));
-- Triggers and indices on  dispenser_refills
CREATE TRIGGER block_update_dispenser_refills
            BEFORE UPDATE ON dispenser_refills BEGIN
                SELECT RAISE(FAIL, "UPDATES NOT ALLOWED");
            END;
CREATE INDEX dispenser_refills_block_index_idx ON dispenser_refills (block_index)
        ;
CREATE INDEX dispenser_refills_tx_hash_idx ON dispenser_refills (tx_hash)
        ;

COMMIT TRANSACTION;
PRAGMA page_size=4096;
-- PRAGMA encoding='UTF-8';
-- PRAGMA auto_vacuum=FULL;
-- PRAGMA max_page_count=4294967294;

BEGIN TRANSACTION;

-- Table  fairminters
DROP TABLE IF EXISTS fairminters;
CREATE TABLE fairminters (
            tx_hash TEXT,
            tx_index INTEGER,
            block_index INTEGER,
            source TEXT,
            asset TEXT,
            asset_parent TEXT,
            asset_longname TEXT,
            description TEXT,
            price INTEGER,
            quantity_by_price INTEGER,
            hard_cap INTEGER,
            burn_payment BOOL,
            max_mint_per_tx INTEGER,
            premint_quantity INTEGER,
            start_block INTEGER,
            end_block INTEGER,
            minted_asset_commission_int INTEGER,
            soft_cap INTEGER,
            soft_cap_deadline_block INTEGER,
            lock_description BOOL,
            lock_quantity BOOL,
            divisible BOOL,
            pre_minted BOOL DEFAULT 0,
            status TEXT
        );
-- Triggers and indices on  fairminters
CREATE TRIGGER block_update_fairminters
            BEFORE UPDATE ON fairminters BEGIN
                SELECT RAISE(FAIL, "UPDATES NOT ALLOWED");
            END;
CREATE INDEX fairminters_asset_idx ON fairminters (asset)
        ;
CREATE INDEX fairminters_asset_longname_idx ON fairminters (asset_longname)
        ;
CREATE INDEX fairminters_asset_parent_idx ON fairminters (asset_parent)
        ;
CREATE INDEX fairminters_block_index_idx ON fairminters (block_index)
        ;
CREATE INDEX fairminters_source_idx ON fairminters (source)
        ;
CREATE INDEX fairminters_status_idx ON fairminters (status)
        ;
CREATE INDEX fairminters_tx_hash_idx ON fairminters (tx_hash)
        ;

COMMIT TRANSACTION;
PRAGMA page_size=4096;
-- PRAGMA encoding='UTF-8';
-- PRAGMA auto_vacuum=FULL;
-- PRAGMA max_page_count=4294967294;

BEGIN TRANSACTION;

-- Table  fairmints
DROP TABLE IF EXISTS fairmints;
CREATE TABLE fairmints (
            tx_hash TEXT PRIMARY KEY,
            tx_index INTEGER,
            block_index INTEGER,
            source TEXT,
            fairminter_tx_hash TEXT,
            asset TEXT,
            earn_quantity INTEGER,
            paid_quantity INTEGER,
            commission INTEGER,
            status TEXT
        );
-- Triggers and indices on  fairmints
CREATE TRIGGER block_update_fairmints
            BEFORE UPDATE ON fairmints BEGIN
                SELECT RAISE(FAIL, "UPDATES NOT ALLOWED");
            END;
CREATE INDEX fairmints_asset_idx ON fairmints (asset)
        ;
CREATE INDEX fairmints_block_index_idx ON fairmints (block_index)
        ;
CREATE INDEX fairmints_fairminter_tx_hash_idx ON fairmints (fairminter_tx_hash)
        ;
CREATE INDEX fairmints_source_idx ON fairmints (source)
        ;
CREATE INDEX fairmints_status_idx ON fairmints (status)
        ;
CREATE INDEX fairmints_tx_hash_idx ON fairmints (tx_hash)
        ;

COMMIT TRANSACTION;
PRAGMA page_size=4096;
-- PRAGMA encoding='UTF-8';
-- PRAGMA auto_vacuum=FULL;
-- PRAGMA max_page_count=4294967294;

BEGIN TRANSACTION;

-- Table  transaction_count
DROP TABLE IF EXISTS transaction_count;
CREATE TABLE transaction_count(
            block_index INTEGER,
            transaction_id INTEGER,
            count INTEGER);
-- Triggers and indices on  transaction_count
CREATE TRIGGER block_update_transaction_count
            BEFORE UPDATE ON transaction_count BEGIN
                SELECT RAISE(FAIL, "UPDATES NOT ALLOWED");
            END;
CREATE INDEX transaction_count_block_index_transaction_id_idx ON transaction_count (block_index, transaction_id)
        ;

COMMIT TRANSACTION;
