PRAGMA page_size=4096;
-- PRAGMA encoding='UTF-8';
-- PRAGMA auto_vacuum=FULL;
-- PRAGMA max_page_count=4294967294;

BEGIN TRANSACTION;

-- Table  blocks
DROP TABLE IF EXISTS blocks;
CREATE TABLE blocks(
                      block_index INTEGER UNIQUE,
                      block_hash TEXT UNIQUE,
                      block_time INTEGER,
                      ledger_hash TEXT,
                      txlist_hash TEXT,
                      messages_hash TEXT,
                      previous_block_hash TEXT UNIQUE,
                      difficulty INTEGER,
                      transaction_count INTEGER,
                      PRIMARY KEY (block_index, block_hash));
INSERT INTO blocks VALUES(309999,'8b3bef249cb3b0fa23a4936c1249b6bd41daeadc848c8d2e409ea1cbc10adfe7',309999000,'63f0fef31d02da85fa779e9a0e1b585b1a6a4e59e14564249e288e074e91c223','63f0fef31d02da85fa779e9a0e1b585b1a6a4e59e14564249e288e074e91c223','63f0fef31d02da85fa779e9a0e1b585b1a6a4e59e14564249e288e074e91c223',NULL,NULL,0);
INSERT INTO blocks VALUES(310000,'505d8d82c4ced7daddef7ed0b05ba12ecc664176887b938ef56c6af276f3b30c',310000000,'98ccdf7cd2fb29a8a01cbed5f133b70b6966c6c56354dad00baacedd0673c87e','faf6476a908c85f6e26ca5d182688d6da3f326296602d5ad3aa5979cb8bc110b','b364e4b262b19375281c08af25e2ce24e68e5ec3fb881f680c318fc258e9b02b',NULL,NULL,1);
INSERT INTO blocks VALUES(310001,'3c9f6a9c6cac46a9273bd3db39ad775acd5bc546378ec2fb0587e06e112cc78e',310001000,'fd43dc5efe2ee796ef7d24f8d478a67aa58bf85f538ef4b9a49b983a315deb26','544f7958bf7661b78699c708ba1097da0dbb044acee3d1d8aa9a32d6b659a14d','508f3f345fea51bf28a58de66ce187d1de1f66b1aaf1f2752e6bdbb459d253ac',NULL,NULL,1);
INSERT INTO blocks VALUES(310002,'fbb60f1144e1f7d4dc036a4a158a10ea6dea2ba6283a723342a49b8eb5cc9964',310002000,'dbae4fff32545b4f3c104fb5a051dcaeacecd27401c84c09f93923b8bc30eab5','ee37e75a4eba165ed448b7cf96d188d7f738aca4d90a781c7f473974e12564d5','433747661a40185a36239da6ba39d8d3fe35bfb8080a674d6d46e74f7c71fe9a',NULL,NULL,1);
INSERT INTO blocks VALUES(310003,'d50825dcb32bcf6f69994d616eba18de7718d3d859497e80751b2cb67e333e8a',310003000,'fd0ae9793d9513540246b94ad116fc0531e8e07b2c014752e175a12e2a7a82d4','107902b17490957ebc0d2cb5dba1f5e667e3a393acfd8b3adde9f6b17aaad5c4','01a5158be117031c2249b66ea64def6a7fa907cc99484335d67fadf9b747f3e2',NULL,NULL,1);
INSERT INTO blocks VALUES(310004,'60cdc0ac0e3121ceaa2c3885f21f5789f49992ffef6e6ff99f7da80e36744615',310004000,'bd894777a85b731155a0d6362766b4220c03db4f3e5fbf030d6c2529cb5f3537','65e6a7c64c8439a60fb066d96d5165e6e40974bd1b98812ac6a4172fb1db1511','ffab6b5c0592a131d2ee25f07a31b86d9a35a48ca313bcf129ddeddb84b6b04c',NULL,NULL,1);
INSERT INTO blocks VALUES(310005,'8005c2926b7ecc50376642bc661a49108b6dc62636463a5c492b123e2184cd9a',310005000,'264c98f1d460f78e52def545d25482fd76549a5309d04841bc27b335f06470a2','9ede5548f7cb273af825360a6285fe9a51e9625c9084b2dde7bec013dec24f0e','92d9412fe93d5ea10d281e838ab44f67f61078ca1df6e621b48d9e50a01e18e7',NULL,NULL,1);
INSERT INTO blocks VALUES(310006,'bdad69d1669eace68b9f246de113161099d4f83322e2acf402c42defef3af2bb',310006000,'a1f2aa5a0b8d030c2fc4e1243c3173319ecf68d232262ea3dc8bfdd03a3f923a','afa257be6b0f57581b8f1b932b3c8473ff5c89e4bd6c3d3e3dd6a8c3cd9b09d3','5259477ce9e5a469ba99387b432342722700d86f80912613aa648460421d5261',NULL,NULL,1);
INSERT INTO blocks VALUES(310007,'10a642b96d60091d08234d17dfdecf3025eca41e4fc8e3bbe71a91c5a457cb4b',310007000,'8709aa2d5064ea2b7ab51a887d21f5fddcb7046753cd883317b533ed121f8504','40941bb90c086bd2716de8afc1fba5eb75721143a86a606ef99ee3312de95614','0b9ffff66cfe4698c16889013800547e79cdad7d3f84eff57e14828a3dbe8a52',NULL,NULL,1);
INSERT INTO blocks VALUES(310008,'47d0e3acbdc6916aeae95e987f9cfa16209b3df1e67bb38143b3422b32322c33',310008000,'c1c516176fe38b69b31e3668b5ef20805bd90d3112c77f5652f838af8e7f604a','9b186632fe722ba57daaa01573568c3d3405f7fcb0a729005a6338266a4debfa','7fdd558da169a125a365a206d1606ef1594ce7dc3c8102d9de55a0a08f8036a8',NULL,NULL,1);
INSERT INTO blocks VALUES(310009,'4d474992b141620bf3753863db7ee5e8af26cadfbba27725911f44fa657bc1c0',310009000,'ae8ee9e681f0ac96de96babc1c80e5188b3e0cb91074a0dfd8511ee7d0ae64c8','39f4f154cbeae9a65b43ac831b2d5ad0e6f6575b909b979bd4bd97dadbab4cdd','262ab7169bddff900a7be3663dc902396e4e58f34c0112f1293a2b2040856f03',NULL,NULL,1);
INSERT INTO blocks VALUES(310010,'a58162dff81a32e6a29b075be759dbb9fa9b8b65303e69c78fb4d7b0acc37042',310010000,'0451ffa5d7ffb0e588e58ac7eacf77f6b3e17f1d27c1039f03d7716b16fb234f','0cea2e2e06c6423d1c5ba19f6128fbe8fe6d6c3688316c9c35dd31cf03d38c97','a363f1f103b4d39b9056e391559737a36c56439c6b3a12854f306dca0e1ed067',NULL,NULL,1);
INSERT INTO blocks VALUES(310011,'8042cc2ef293fd73d050f283fbd075c79dd4c49fdcca054dc0714fc3a50dc1bb',310011000,'dfaae3f28c2f75e4bcc49034ff2a191b5a41b88035c5d266181617c8c65ad5d3','0134329cfdaf63e5946b9b5a94b73f59b9a870d4569ca07c0cce078bf13714a5','c6c72bb6b85bbf0d1fa5e18500990cdf69c7b7b1d315d8639f6c6afabcd31a26',NULL,NULL,1);
INSERT INTO blocks VALUES(310012,'cdba329019d93a67b31b79d05f76ce1b7791d430ea0d6c1c2168fe78d2f67677',310012000,'c711e8cf2d9bbed01724a7b22cbd4900a4fd0a126bb7ecbd7c97ca15a6276553','9a3fb4fb846c9ffff3a50a0a31f3ac3900ba7048a60dd69c6e14752734358f1c','7e2be8d32d548626652064d9d37f0942b4a78667630e49c3e8e739d10478fb75',NULL,NULL,1);
INSERT INTO blocks VALUES(310013,'0425e5e832e4286757dc0228cd505b8d572081007218abd3a0983a3bcd502a61',310013000,'3dfa5822de8a4c674f1517b17e50d2ef63ccbb1fc4ae96fe5e1dc05cd353aa4b','6228a449b24d607b8fe1aea60a0292874cfe515a9440bee2829f6e61efa0b2a6','065ed4ebeb7d71c4d6c81c65e46f8682fc8eabaa8c08b0a8298fa93140a6585f',NULL,NULL,1);
INSERT INTO blocks VALUES(310014,'85b28d413ebda2968ed82ae53643677338650151b997ed1e4656158005b9f65f',310014000,'49fcaed957776bc62c9f1feac30dad8c0574596d312f9efee7a453e00bf64866','700cf4c54e23c0cfb4d8b02bc6cb1ca509637dd95312629625aa92d32d5548d2','912195d824c04576868edda92286e9720896de5c90b6477ee927e78553c23283',NULL,NULL,1);
INSERT INTO blocks VALUES(310015,'4cf77d688f18f0c68c077db882f62e49f31859dfa6144372457cd73b29223922',310015000,'4e4abd3e8ab2658a7ac673e3a178ceac76fee41cf48bb6ed007d241c079979bf','288c9c0f37cb0c2e9db66d4b88b165391a67f06016ac84c485e9b9158ee51f2d','b0cc104a22aa13139de9b6ddd2f363738160a44272d0c5f60e9568b4cd718f23',NULL,NULL,1);
INSERT INTO blocks VALUES(310016,'99dc7d2627efb4e5e618a53b9898b4ca39c70e98fe9bf39f68a6c980f5b64ef9',310016000,'17a28cca0777254af26544edfefcad8810e847e5d173fded9a7813719cf1162f','1bf7e0a4aa8356584087591a8c8e8b28185a6ebfe1a15a85f01165a04ff57913','de03065dfd7c73a58301d2ad9411a1f7a4eb42123adaba0ac82f4b26412ab29d',NULL,NULL,1);
INSERT INTO blocks VALUES(310017,'8a4fedfbf734b91a5c5761a7bcb3908ea57169777a7018148c51ff611970e4a3',310017000,'1fb58120e9eb78908fda6265cad12b4a5770701e9a271bd5c4bc94059bd3bab5','62678a570c40b5a12469e442b3a54f1416d9113de2db501f37ed533f345e71c1','22b69c233a30db17deaf78087019583ae1097211b856b9235b11e341b0420b03',NULL,NULL,1);
INSERT INTO blocks VALUES(310018,'35c06f9e3de39e4e56ceb1d1a22008f52361c50dd0d251c0acbe2e3c2dba8ed3',310018000,'304243c1b11644e04d325d7100e4c757c07b874f0349e60163a5a544e84e951f','a174e4813aa967f5466148f27f4f8511ed9404295bf613e112c08b72eb3229ad','277c84ad2141397b5cd35cac07e45452ecdd845668f7684bb1c1679f4ef6a50b',NULL,NULL,1);
INSERT INTO blocks VALUES(310019,'114affa0c4f34b1ebf8e2778c9477641f60b5b9e8a69052158041d4c41893294',310019000,'fc9905ee4863b3cf29a3e558ee690a24ed978a4fd79c464bdde30a34cfff19fe','c551c2094651cd0e06e0cd9d513fec771b69f4bb89c3034f201c89f703cf8a23','0928aaa2af960f1750455c96196f5f331bce38c09b7cc315f40aacfc8b363c3b',NULL,NULL,1);
INSERT INTO blocks VALUES(310020,'d93c79920e4a42164af74ecb5c6b903ff6055cdc007376c74dfa692c8d85ebc9',310020000,'e433feac4a09ad727bd3764b10a568acf5c659745a695e9d7e8790514f6bc98e','087d41720991e4b6bb72c6141334a65c9a289454dd8fd57edc33a09db467d086','859eb68b2ff99d0621c4d634d717d985688b8e0ca83b84e330446a25ccbd5fe1',NULL,NULL,1);
INSERT INTO blocks VALUES(310021,'7c2460bb32c5749c856486393239bf7a0ac789587ac71f32e7237910da8097f2',310021000,'622f92da40eae0b1b57218b32ad18daf7d79c9e0202fed4a288d75b8fdcd19d2','caa77e83354d56437795411f9625dff332c0dd39d059a0ad7381fe1f37e38999','9e323ccc0a72f968a5886d5bd8cd26c990602bd87d0e65e8cbd64343c4b02bfe',NULL,NULL,1);
INSERT INTO blocks VALUES(310022,'44435f9a99a0aa12a9bfabdc4cb8119f6ea6a6e1350d2d65445fb66a456db5fc',310022000,'b7aa8d9ebc37d52d8dcce2cc17431d6edf5a183b73ac85bb3d91276592215cfd','df23960a57099b0b64572553e56794b1eff3004e684ee2b31187b585aeb03587','a9bfc8463d636a888c8ae61b3fc13d2d32768fa1920b980cb5ea967b4863e6ec',NULL,NULL,1);
INSERT INTO blocks VALUES(310023,'d8cf5bec1bbcab8ca4f495352afde3b6572b7e1d61b3976872ebb8e9d30ccb08',310023000,'501c058860063ca599f3b946d465b3bbd84fd483a2a80527e456e3de32b48a19','c680a6d4f839ba4f9420a99f0512e51fc1db0b661ed027332f440c6089eb615a','82ecd86662e345e85c8e68ef7a8dbad744af2415bd71756cdd5824ac35b9655e',NULL,NULL,1);
INSERT INTO blocks VALUES(310024,'b03042b4e18a222b4c8d1e9e1970d93e6e2a2d41686d227ff8ecf0a839223dc5',310024000,'222986ec44fae1a6196d64dec24b79872970823f17bf0459d3b247bdef316675','f40aab7ef7167a17e35279423d9c14d49a9ebc05691fa658b09add1373216959','2d94009516ad0a6a7696d3c90c4a18b18970ed29702a91684120939b7f7e424f',NULL,NULL,0);
INSERT INTO blocks VALUES(310025,'a872e560766832cc3b4f7f222228cb6db882ce3c54f6459f62c71d5cd6e90666',310025000,'bcd88006b9cb98445a74c656d424435e82eeaef95dd9c54e394b42808dc9cb8b','0e3736813d3c0e789cd9474449abcf83118b5559cbc2f4dfd4d3ee51b5847a57','07d351ee43763fbb80ea1d600cb501b6f8b0105cf3d3d277b9a9714527a81235',NULL,NULL,0);
INSERT INTO blocks VALUES(310026,'6c96350f6f2f05810f19a689de235eff975338587194a36a70dfd0fcd490941a',310026000,'3de7bf2043ac2e68bc9eaf8d1c12195a4f2400bc78c8deed0d487af11edf401e','c3572580398fcd71e5a1fef6e10217a99dec1aa605d61830ebb64ea65b7907ae','3b432d9f048634678497de80535eced0de2db802c86b3ecd6f7e3052285f2819',NULL,NULL,0);
INSERT INTO blocks VALUES(310027,'d7acfac66df393c4482a14c189742c0571b89442eb7f817b34415a560445699e',310027000,'6c2a67783cf36e8987dc1805f87532ee1b94f79fb00952d8ee4cf3daaf655f85','b8b9d102d56df94d4fcea6f8aeb92d3cb859d3281c9fac7407842b7f05313737','139682b87ae2b72b9fbd62ca0d3788ab4bf20239f6e27e0142e7b4d810b3138d',NULL,NULL,0);
INSERT INTO blocks VALUES(310028,'02409fcf8fa06dafcb7f11e38593181d9c42cc9d5e2ddc304d098f990bd9530b',310028000,'659c73390e2e7eccc07d690fb438181c604787208bc45f466e57721fa1e21a64','55eafa176bc145ec7b98497c8a156226c68bd3b921cbdd06a890b2bd660ca050','281c45bea9359ef175c8e8b50167fe72be91b589dd7e589d51280d15ffefb8dc',NULL,NULL,0);
INSERT INTO blocks VALUES(310029,'3c739fa8b40c118d5547ea356ee8d10ee2898871907643ec02e5db9d00f03cc6',310029000,'87449e7ff7316e49012934d83c1f5b733cedf39680299a9582eb216e260e0c02','c2fc809ff3ef6b74b10b1439fe15c275c6fd925e92dea73cf9d603948aba0d8f','39af1ee82e4334b2b0596abf86dc82603d9b2c8a5d046c5db281ecf34b303a30',NULL,NULL,0);
INSERT INTO blocks VALUES(310030,'d5071cddedf89765ee0fd58f209c1c7d669ba8ea66200a57587da8b189b9e4f5',310030000,'6c4a7f749d0308edf5c88b3ea4de3b1d497ba3bc06435594d77686318b744b0f','45db1d0cde22349299df8245e7ed24d308e1b1cb227098178606650f20832aaa','eaf3156993560de86b2de78af58593d00da00db7fd7bab33a7f7cc56d49944f6',NULL,NULL,0);
INSERT INTO blocks VALUES(310031,'0b02b10f41380fff27c543ea8891ecb845bf7a003ac5c87e15932aff3bfcf689',310031000,'ecc04b1b2c7803ca17dc2a32adebd0960de2c04c8dbfec9cd88771dd883c885a','981653075dd609f44e0a5673dac2b63824b84e26080ec226547892c67dd7cc33','0806bca89167cf716795644fc4577dc88f73a1ab2420109a4a7fb504dade4e65',NULL,NULL,0);
INSERT INTO blocks VALUES(310032,'66346be81e6ba04544f2ae643b76c2b7b1383f038fc2636e02e49dc7ec144074',310032000,'01e769c5b990db44a9e534bc6c759567eb4283e0ea252578dd525923c7fde02c','81778134948c3577216eeeb6db7fe9687545d855dc3b5f6bdf6053a7edf3eaf3','49cd53ea397947d31318ad902433661e23e78cac31fd544f67ee87f7cf5a5e47',NULL,NULL,0);
INSERT INTO blocks VALUES(310033,'999c65df9661f73e8c01f1da1afda09ac16788b72834f0ff5ea3d1464afb4707',310033000,'2df6b8dca0ffa8d6d55997605188637c2b86300e4dd7ebe3f1f275690169fd46','650b0875a0fb44a0ad1b04edf1a0eb1b50b5ecc423c6ecdd37b5aa60b5e85663','03e1ca09ca2ad95c3d8625cdbdcefd20d69f2442d56a49c570d85c74935e232a',NULL,NULL,0);
INSERT INTO blocks VALUES(310034,'f552edd2e0a648230f3668e72ddf0ddfb1e8ac0f4c190f91b89c1a8c2e357208',310034000,'7f0dc7c1527a7d11831d272f0295eacabcb96fa3599f5a716bd29ba1bb6b7577','e9d6c050b077d8e6902999bf64a0f1bf420c881b8a32c511ae81b0359e83a542','40b21162c2bdec9408ffa79df90b098be7f3adfcbcd8f6bc6e6064d0b3a571ac',NULL,NULL,0);
INSERT INTO blocks VALUES(310035,'a13cbb016f3044207a46967a4ba1c87dab411f78c55c1179f2336653c2726ae2',310035000,'5e0cdf1764ed94672c29144f9c1bd9c3e70784f17c9dd1c9e4ce703a99bb3599','e755b5d80c9995dfa5763b080b9bdd349fd7b5bd940a661836ad418202b77384','aaaa2778599705d04a371a7488537f432426d15e6f3b3230f0d86f8fa7f266a0',NULL,NULL,0);
INSERT INTO blocks VALUES(310036,'158648a98f1e1bd1875584ce8449eb15a4e91a99a923bbb24c4210135cef0c76',310036000,'96da34a5a66b89aa3e8857b4a4edca51a56a0cbbfe600d8153077875624a153e','cbc0139fb09af6a6c63e07847a37f15767a1f7b01d6305cf40179de841c4f093','a68c4c24471575ea622ce59af306b947b521f01abeaa347a8e33eb651cf91a25',NULL,NULL,0);
INSERT INTO blocks VALUES(310037,'563acfd6d991ce256d5655de2e9429975c8dceeb221e76d5ec6e9e24a2c27c07',310037000,'d481358c19b4220aa9a3d135fd0651fada6df8d0f27b9ec954ac07950e876c0c','0493eb6bbab5ced7f25c6f5a3b32e4e2da321a5c761855ef64b5e050ddcfe431','7aa07b58643d61192acc195054c76aa198bc0615a8d1015efd485e6078c84797',NULL,NULL,0);
INSERT INTO blocks VALUES(310038,'b44b4cad12431c32df27940e18d51f63897c7472b70950d18454edfd640490b2',310038000,'4e9fcc454ee53b3617c792eb6577c2eefa6eee6aa4a2925538cb1976d48817c9','64b95af50bbee190166820a564e858e5c86769c04b22a68c2bed5adee0f7292f','d06d2f843297dda75791f6d438a0c22a679fa705606c8a82f71c3a316e24bfdd',NULL,NULL,0);
INSERT INTO blocks VALUES(310039,'5fa1ae9c5e8a599247458987b006ad3a57f686df1f7cc240bf119e911b56c347',310039000,'795c5652d9679942a02060edfb497b072009695d9a72fb144fa3591dba65a2ce','9927f1558918a59509f668789e75198eb432fd63e0a7ffb46160d002c0932188','975d014fa7da9eb851641c145a0f55fde983a0d8670ed0008dbed98bde05f8b7',NULL,NULL,0);
INSERT INTO blocks VALUES(310040,'7200ded406675453eadddfbb2d14c2a4526c7dc2b5de14bd48b29243df5e1aa3',310040000,'e569e6e8083818e594e92b3356833e8dd54fcfcf5ed25af0d09e36e24b9dd441','969f7176f1a56d43e0d1b4da9cbac17cb1a934be64c12b3784ef33b584513271','8f1a984f0da070ff524c9fc9517efd3567d25bacc25f29ba32d03d06a7c43c36',NULL,NULL,0);
INSERT INTO blocks VALUES(310041,'5db592ff9ba5fac1e030cf22d6c13b70d330ba397f415340086ee7357143b359',310041000,'2247fcc633175a91921d226f412e56822379c79ca799117c39ecaaca0a702192','29cb8f1b29affa41416aca0265599863f6b739538f13bc6672f6b3c17e411045','373d191cad758b4644384ebfbef2cf1e49c038716f6672447b5d36e69bad7d88',NULL,NULL,0);
INSERT INTO blocks VALUES(310042,'826fd4701ef2824e9559b069517cd3cb990aff6a4690830f78fc845ab77fa3e4',310042000,'0246c3a2a70b33a038ccdb816f6b0922a50d08310f360cbd5db4df58e97fc4dd','d1ca4c9abe26de83d9a0170461c87f2c219926f8dcb0c48793d74a0cbf01a43a','3758f623adbf54b2e0471b990dd67c65bebbf41d86e3277bda367bcc0a98a8cc',NULL,NULL,0);
INSERT INTO blocks VALUES(310043,'2254a12ada208f1dd57bc17547ecaf3c44720323c47bc7d4b1262477cb7f3c51',310043000,'cbe39e9d1a132cdc568f893bbc3d4f55d27bacf7af31f027ebea1b4bed9f0009','452b2e3ff4075f702cddcb4b8fd9006c756dda7a3527d635f637a200fd621c91','a209a4e543642de2708ff915d0c0e3e966b378dd48feef2430a7d55ac8ff238c',NULL,NULL,0);
INSERT INTO blocks VALUES(310044,'3346d24118d8af0b3c6bcc42f8b85792e7a2e7036ebf6e4c25f4f6723c78e46b',310044000,'1202b05e118f0940ce270d9002d010076115a0197d889fee2d971a77709899bc','527114d86a06f44f12e1f789f095227f9710b47e95251cdbd6f4c03309eae61d','863dbb043614eab0029f0ebafb1eb4b12902fde830dd1c05722c01ba3923403c',NULL,NULL,0);
INSERT INTO blocks VALUES(310045,'7bba0ab243839e91ad1a45a762bf074011f8a9883074d68203c6d1b46fffde98',310045000,'0bc49f765419c0b5b4911cccf03b0d9959aabacda266480b98245de0c0d35fc5','ed6954fc7aadd8f80684cc67580b9cc16f9a402296ac91c021de0148a1ccb4a8','023de4e9ae06942b0e09ae12622949346a414f2a4f3d882786f5bb261639d701',NULL,NULL,0);
INSERT INTO blocks VALUES(310046,'47db6788c38f2d6d712764979e41346b55e78cbb4969e0ef5c4336faf18993a6',310046000,'e42bf9806d0ff3a0663756f7955b30735747d14fcb0915c89884baa12795163d','2e62ee5d03044d0b6086419a6d2fed78b7db3bee75a2bc158bbc04a8f5c34908','b9e8dd64f4addd93fcdc8ea8424e96947da4cbadd60abe13f0f53a6d65a39426',NULL,NULL,0);
INSERT INTO blocks VALUES(310047,'a9ccabcc2a098a7d25e4ab8bda7c4e66807eefa42e29890dcd88149a10de7075',310047000,'b19b5e14741284b4ca06b736120e903363651460a6efb3ede1aca3a4f3c00df1','bd40f4de40c172e5b5997091f4a069ea54d25504421e6225ef3d9ee360fbca6c','36c01e15c47bcc42b22cf98ddcecdad49522ac234a205d5abff4939ee8478dbf',NULL,NULL,0);
INSERT INTO blocks VALUES(310048,'610bf3935a85b05a98556c55493c6de45bed4d7b3b6c8553a984718765796309',310048000,'e870de901ba86d65d0e2053251ffb32cc7dffb55fcc2efbc006a2b9137314a39','d89730ea689c2912f38a2d2dc86caf6dc35a3e183c4d394129f21368f5c1d371','4de4097a707a21573097f67e72cc9f52b502e0a488b2c17934c60ff9aec3ca64',NULL,NULL,0);
INSERT INTO blocks VALUES(310049,'4ad2761923ad49ad2b283b640f1832522a2a5d6964486b21591b71df6b33be3c',310049000,'44cf354cdc8552ed37e5911340397d3531d0ba45100feae27377130d4ddef359','1100866c04ae89913abf573ee61b3a7b56ec8fb7526c7d9c9938d61a187586ab','fefb42b3c87927779046cd4ee3e6956ae79798cf47d9fdcbda09d59f99139479',NULL,NULL,0);
INSERT INTO blocks VALUES(310050,'8cfeb60a14a4cec6e9be13d699694d49007d82a31065a17890383e262071e348',310050000,'7d72f11f48ac99553e1b2c52a7ff5645fbe05728a10a002727b9270dbb32daed','1d95ff7cb416f1915ba7db0099ba9591b97c6bc673cb43296cc82655627eb1ad','ed89674f1bdb8bff262936bdd369f9b33ada1cce1466ea08a7f3bd9fbfc06cd5',NULL,NULL,0);
INSERT INTO blocks VALUES(310051,'b53c90385dd808306601350920c6af4beb717518493fd23b5c730eea078f33e6',310051000,'35a965dc90686fc4eb20450da81ca8db9125e25c2cdd7146fd61d98841d80c24','9d15589506565edb31f7627a37c1f6a6bca01d584b0dc815e8603689f07a80db','a1c291e9a5685784681f9f1a9021d1cd88249d7039460ba4a1ef3a61bc6f1e2f',NULL,NULL,0);
INSERT INTO blocks VALUES(310052,'0acdacf4e4b6fca756479cb055191b367b1fa433aa558956f5f08fa5b7b394e2',310052000,'8604d503e7194ee1c8ebe1143019207b2aad163655107a3d23d018ef26cef550','40053c62babd7f69b9822b6d4223732008d45250146216762da4e13b1b9d3a3b','5554df4e98fed870e873dd4b78c7e5fcf9a2066e573c6a05f48200e435ab1cb7',NULL,NULL,0);
INSERT INTO blocks VALUES(310053,'68348f01b6dc49b2cb30fe92ac43e527aa90d859093d3bf7cd695c64d2ef744f',310053000,'ecdb64ffc44490eeb12199d2da5c1189c07f4102f5b91494cbe4ec68fe6bb6d4','7d74527f370a78a8dca189b60657f9fd15c27ba5f875344546bb8d6e5b54c8c5','408d7c4d46c15335764ec5518c65dbbcbf1a389b3a106332fc8ede93eec63ea9',NULL,NULL,0);
INSERT INTO blocks VALUES(310054,'a8b5f253df293037e49b998675620d5477445c51d5ec66596e023282bb9cd305',310054000,'b96b0d51d6327284f5922b65e5d023afd2b2e44c9e11f435afbe2a71df4e6eb2','70b8a2eccd5c79e1c270abfdf683dc4423ff315a62486db9e5972a12daaf60ea','cfe641f06ebaae19e0167a07956bfc6af2b8022e00f50d59d079ae6a94344aa4',NULL,NULL,0);
INSERT INTO blocks VALUES(310055,'4b069152e2dc82e96ed8a3c3547c162e8c3aceeb2a4ac07972f8321a535b9356',310055000,'c5be3fc23a9c41b7b78cc7df4ed13d1d35fdd7edab77c998cef5a5a5fe2a7d33','0072c2fbc0915dcc39103950d4a48feba19eac28bde001d3dfe0f9ddc25e5152','f398b87ef1257c5cd5f6a09fb7f51a4cbe1687066f25433446f94847cbb8a899',NULL,NULL,0);
INSERT INTO blocks VALUES(310056,'7603eaed418971b745256742f9d2ba70b2c2b2f69f61de6cc70e61ce0336f9d3',310056000,'faa7cf6128f229fe3d408797c77ef2972eb28d16542b32ec87c5fd42d2495018','46c53b0ab86b04c06e8302726aeed5922fb5b3d940102422c53bdf4bafe285e4','ef875ddfb4443cd94d86deac01673964c5f3d1ed4b3afaa0d131445562ce64f8',NULL,NULL,0);
INSERT INTO blocks VALUES(310057,'4a5fdc84f2d66ecb6ee3e3646aad20751ce8694e64e348d3c8aab09d33a3e411',310057000,'135af680c59a3d707ff3e6b67fbbb0aaaf0a97724d36ba584087658ae8c0db19','8b3fe70c1d1b8fa1a247810dfbc2667ca0307860c112002e47107fe4836b8138','98310bdd2da785732bfa6de62ba2f2fbd5d103f4204ff7d1b43fed584907693d',NULL,NULL,0);
INSERT INTO blocks VALUES(310058,'a6eef3089896f0cae0bfe9423392e45c48f4efe4310b14d8cfbdb1fea613635f',310058000,'496b559ef740feabe42d55356bc770bab7b927d79260c22848b7f47d51918f11','ddbb4db386fab0fbbb7edee7c7c45676f994d6feb088f50b0f3edaddcc809e47','5fe661842a118ac1eeb5382d6bb92d8039390ee68fcf9cce1441839dcc558c9a',NULL,NULL,0);
INSERT INTO blocks VALUES(310059,'ab505de874c43f97c90be1c26a769e6c5cb140405c993b4a6cc7afc795f156a9',310059000,'608eb77e572aa596c9e14c6e4cb1dc1993bcbcfe735cf0453124c2801192ecc9','b8d3a5abf9edc13434594de8ec0cdf3b760f6917798eab89ff2a6a4f0bda06d9','00ed7b98e21c3dc58d1ee6c41389fbf40e86522758fed197cf39ef3a7274dbc9',NULL,NULL,0);
INSERT INTO blocks VALUES(310060,'974ad5fbef621e0a38eab811608dc9afaf10c8ecc85fed913075ba1a145e889b',310060000,'bc5c375d1237425486c9f46bd749fba20b5635bcaf3e2d9178b35ddfbb700f14','1766568459fde2e95dbe4a1c1b73a37b6f8443dc1ec36cb44a38fadd95d8f807','4d91b8cb3b7b5363ac2e84f7f3d2f5e52207ef68bae865e09bf9fc89aa42d60a',NULL,NULL,0);
INSERT INTO blocks VALUES(310061,'35d267d21ad386e7b7632292af1c422b0310dde7ca49a82f9577525a29c138cf',310061000,'c6d48d72746c0e18fa0f1b0b16f663869be2c4684a9d98b634e691ea495f4d81','9f6619aae8ab667b4291ec14e89386177dec7f3465def984144d2991d10476ab','d47acf46ad59983e01b9e681527ed2068076ab781880c571426aa808fe36c424',NULL,NULL,0);
INSERT INTO blocks VALUES(310062,'b31a0054145319ef9de8c1cb19df5bcf4dc8a1ece20053aa494e5d3a00a2852f',310062000,'8deffdb1602f1aa2d0d1956d2297ba30ac78901ea27eb223ad8bf7ca83b18110','278612a215aec2522b38d2ddd268f051906a858996b526fa53c48743b1f33c2e','8b051844cfce3c15973994e593d4cd84023384ef7d6e4b0c0fe4d2242f68ec6b',NULL,NULL,0);
INSERT INTO blocks VALUES(310063,'0cbcbcd5b7f2dc288e3a34eab3d4212463a5a56e886804fb4f9f1cf929eadebe',310063000,'34859861f240c6553ffbf63fff9bc884f231276ec6173964d5fc6641a6d79b16','a884effb413598885693dd0eed419a3a2a35db95fe4d6582e580bc141f28377c','dcba300d4efc36a2324491e29a6b0001868b33ab1be391102cef110552178e78',NULL,NULL,0);
INSERT INTO blocks VALUES(310064,'e2db8065a195e85cde9ddb868a17d39893a60fb2b1255aa5f0c88729de7cbf30',310064000,'fa185f9b97a1666ce3b966dc09b8a7870ba55896a54a54f54d3420708d5a8ae0','070c320cd53cca3d81560367d437e1f4cb2afb10ab6339e2f1cfb0a2dd6d6063','d18f5fc35609a49d75347c92c7c9a483e35d9c4192503782bafe4478043ba4c2',NULL,NULL,0);
INSERT INTO blocks VALUES(310065,'8a7bc7a77c831ac4fd11b8a9d22d1b6a0661b07cef05c2e600c7fb683b861d2a',310065000,'9f75da9f944d59b1841d690b2994ead7fb0ee3d679ddbdb0b692e49238f66603','fb310206b118e11d48becbd11a695199fd7cc3553dd8b2a7c29c6a927f5bafb7','18be484e57b9cf23147d188a114137c5948a5b53cd19d657dd973dd265ecd564',NULL,NULL,0);
INSERT INTO blocks VALUES(310066,'b6959be51eb084747d301f7ccaf9e75f2292c9404633b1532e3692659939430d',310066000,'4740587d203632d1b4061343436e25e12941f0f80be03c3ab390a1c08b842b59','041e6429d7ad46da6e1a2547daf274a0df952ac4f9b43eaadfeafa6e005141d6','3443a7b0bee87c7ced9d66afce89399e945d14d182019f4dbc2c014c59abe58f',NULL,NULL,0);
INSERT INTO blocks VALUES(310067,'8b08eae98d7193c9c01863fac6effb9162bda010daeacf9e0347112f233b8577',310067000,'d6eecb0ca22f29b50e52cd5dec8f408250a7b1ddc61bfa9bf6cc6ef0a85a6ffc','f8e9baf27b01e99db390d6ee2e06b8ac7d92951c331d8240fdf0dd711ad75979','169a650e89d34830da0f077b7efebb0a64f43b59d725abf94e3c84ac8b6da6a8',NULL,NULL,0);
INSERT INTO blocks VALUES(310068,'9280e7297ef6313341bc81787a36acfc9af58f83a415afff5e3154f126cf52b5',310068000,'1508605d4796eb2d8b0553b307827f570b5020f4cacf773926b6c8f2c1b003c8','fe7a135af64a7668cee07a66fa146b6a7a54fc78b96eb7c62d0bbd8b8ec4a820','e0b7f166b6b82211e67aec109d3181bee7c6b48dd68f610b57e9a6c0089ce0c8',NULL,NULL,0);
INSERT INTO blocks VALUES(310069,'486351f0655bf594ffaab1980cff17353b640b63e9c27239109addece189a6f7',310069000,'ea7afbe0817cfef5a5a940bf88b057d01d092182dd5d0c7fd156b6750fdf4cb2','561526733017c46e8f7476f6f7f0a1c317a372adf6ccbe2a34e4d8b0fee1a694','50be0edf30243d3f05b2d04582b092f02a3bf48cc36592364f244f1406a7d42e',NULL,NULL,0);
INSERT INTO blocks VALUES(310070,'8739e99f4dee8bebf1332f37f49a125348b40b93b74fe35579dd52bfba4fa7e5',310070000,'f805d8bd0b724ffeb9e466367e8524bcbcf2c0fe0525b8ff2707af2013824a2c','4c10a876e31ee15289cd2d82d8771bd9aaffd0e335c6de15f8d5316e6e7ee81a','99c95d813c0af76a0ba787330b43f1b3eef9c9c12956c734057f5d6af3f173af',NULL,NULL,0);
INSERT INTO blocks VALUES(310071,'7a099aa1bba0ead577f1e44f35263a1f115ed6a868c98d4dd71609072ae7f80b',310071000,'305123423486d17e97e8370399b9079a35977465e4cf8c5b33d50bd7004b463b','660d6afeecb2375668200669bac5cf258dbd18b0f61213eb01d29e133a45917c','600a392fef1ffc97b4862a0eabf83f8bca0be5eacbe68f1a72daa1c9ee52960e',NULL,NULL,0);
INSERT INTO blocks VALUES(310072,'7b17ecedc07552551b8129e068ae67cb176ca766ea3f6df74b597a94e3a7fc8a',310072000,'b04fcd2cf46165fa31626b476aa06f9ad8c8cd1d5aa1cfdc014e0d55fa7e0761','0791350dc66254e276bfea1651fdda43705668f461f5451fd91fb7e084b26aa2','cd91c870d87762425a917c044f5f2f1e3f03abcd3f574f6b738fcf83786a0c09',NULL,NULL,0);
INSERT INTO blocks VALUES(310073,'ee0fe3cc9b3a48a2746b6090b63b442b97ea6055d48edcf4b2288396764c6943',310073000,'209f05567343042c8a9172138cc14e28a2e53f9addf16c7affa469fbea9728ae','4885e82f77b273e102f9019b8451e08910a7d98daf19366a0a2b9db779352c0f','42f0c487366bef15ee290608623baa2021b3106933ea6c19c13c889175f25052',NULL,NULL,0);
INSERT INTO blocks VALUES(310074,'ceab38dfde01f711a187601731ad575d67cfe0b7dbc61dcd4f15baaef72089fb',310074000,'fc18c0dcd6011c4147575f09bdc6e1eb0e6ae7d3144339859054df458651618a','49cbefb674e3da718d86151b10bb37755e158a2bdca642a542897361f15fde66','7cda3663089c12d62dcf16687d67e6c815f59ee61d49b6c7fbf1acef8ff8ad5a',NULL,NULL,0);
INSERT INTO blocks VALUES(310075,'ef547198c6e36d829f117cfd7077ccde45158e3c545152225fa24dba7a26847b',310075000,'f304dbebd02e4536b1754502e6f51e058ed309fdf95a2db8329dd7e5635824ad','b5e7c72a91d779334162c8fcb6282c7e5baeb43ef83d8f8c0eeb4dd0579f0916','19e396d72aff42647cd89d62de2fc077cd5bef0a338dc80d2b23ebd2d3156de5',NULL,NULL,0);
INSERT INTO blocks VALUES(310076,'3b0499c2e8e8f0252c7288d4ecf66efc426ca37aad3524424d14c8bc6f8b0d92',310076000,'f39c071315c869425bdbcf05ff84130a0860f5f47b4f851cea970f58a6edc9f8','e399bd32bd2988f29b4fb003686b343bd72ae59297412480a359bd56ded23ca5','4045738813eb927f7543bde1971329d6f09a7fde63e8d1392a1600c226474aad',NULL,NULL,0);
INSERT INTO blocks VALUES(310077,'d2adeefa9024ab3ff2822bc36acf19b6c647cea118cf15b86c6bc00c3322e7dd',310077000,'20624d783cd8e82044df58c05e6171a744505df43623d9c2a828c1331f505ca8','c587d5426925227ed7d0ef11834b5bb1291fcf0ea3f0bcac864e4356187b6a10','94b7908b589b1c80ea4dd88f05ffe997d078ad2c78b8cad6265626b6d5317132',NULL,NULL,0);
INSERT INTO blocks VALUES(310078,'f6c17115ef0efe489c562bcda4615892b4d4b39db0c9791fe193d4922bd82cd6',310078000,'41ae6610121587bd8171a02da3c50645e8e6d3642aef2c560d46f12707506b66','c8331e225af242d83e283889e6234d601ecb507373f4b7de891b8508d1b7b1b6','365f46087a06fe2306b2c30b88bc3f6779f93b82a0d9496e2674f48e4665cf85',NULL,NULL,0);
INSERT INTO blocks VALUES(310079,'f2fbd2074d804e631db44cb0fb2e1db3fdc367e439c21ffc40d73104c4d7069c',310079000,'bbc2068f2a4b47c86198a5cb7242e26f385077126c7a3294eca6607485b1170b','42ee671f6b45a8e36b4e57dc7edaa2501b075eb75bcfce535435ee4c0cdf2e66','10181469a6450a20a15d45b37942f7dc0ed689640e6555c0ea58b587ec3cbcb2',NULL,NULL,0);
INSERT INTO blocks VALUES(310080,'42943b914d9c367000a78b78a544cc4b84b1df838aadde33fe730964a89a3a6c',310080000,'fc4350d187ec74fa6dfbbca7f6c51849b78356f853c6c713d10ae4a39ee4f7e2','f35b5543ac99e33a4ea6fb61b688d06a2b5b9cc79776df32c24e848b5dad80c0','e753c18bbf377d74cfe933f4e53a00faf32d066f750c6170e31fae4597c446c0',NULL,NULL,0);
INSERT INTO blocks VALUES(310081,'6554f9d307976249e7b7e260e08046b3b55d318f8b6af627fed5be3063f123c4',310081000,'3cadb90f0285d3e3bb107caa2165e88d855cfa057fcff1fccfb278a8f64c9b1c','3ff813ab5112e5adf9f50936955db90036ed0e2ba309022002c69e81473d7c04','bdb06802e00a851facaccffd4e7e0469e99171891e68338fa5c108a59c09e184',NULL,NULL,0);
INSERT INTO blocks VALUES(310082,'4f1ef91b1dcd575f8ac2e66a67715500cbca154bd6f3b8148bb7015a6aa6c644',310082000,'f3390bff59484b5ce0d84f5034fc88f4d862334ef3c0d7addaa9be7f0e67006f','3d843f898e46d0ec4c4cf79709ec7326a0e45d44361a2c9fe45e546bd5f1e630','91548b15232ca3271660eaed9e543d6027ad088d34286d8abdfe4184b3fb91db',NULL,NULL,0);
INSERT INTO blocks VALUES(310083,'9b1f6fd6ff9b0dc4e37603cfb0625f49067c775b99e12492afd85392d3c8d850',310083000,'0354bf318eaec5c79b4a7835c76c89f373ab0e413f9fe4ebdea442f57763a971','6405368df02c1207da46178c106ac287c7c90e5b87a98154aa938f6ef5a570d1','290b3b825f0ac859bbd2db052280d1f45898734f0f89b8fccf96672f6730217f',NULL,NULL,0);
INSERT INTO blocks VALUES(310084,'1e0972523e80306441b9f4157f171716199f1428db2e818a7f7817ccdc8859e3',310084000,'e22b7a64e15ded24f6c54a5f627354dd2c3ed8175c2f4cd31aa5a6789d7b67e4','6f58e857b2891d43f22bb4b44d296ff18f3078de01cf90aeed104283d66342a2','b4f9a9c17f2c4a6bb4fd1a99d9d3ade15eee4ca747d8c5f1132c777d2cf8e04a',NULL,NULL,0);
INSERT INTO blocks VALUES(310085,'c5b6e9581831e3bc5848cd7630c499bca26d9ece5156d36579bdb72d54817e34',310085000,'7b8a6f62709cf4d20820031f43d968ea46d73d8cee4ad40f414da60b9be4e676','51c8a62f3e4c43e6eea75410efb977c8ddd2ad8e64c0d6ce6f63a4e5eb153400','89b34eb4cd1d69d9c578c7d6181985d828e55b6b926bf562c3117dd8b39971bd',NULL,NULL,0);
INSERT INTO blocks VALUES(310086,'080c1dc55a4ecf4824cf9840602498cfc35b5f84099f50b71b45cb63834c7a78',310086000,'ae82ee2f7f1e075937b5b8eef065f8643a7bef0428e00689ee773558905eef19','7358e41e9a61f87d68cc6851768346daea2e100ab896e86c0047e47228e6cc29','845f79869780ce25161caef376dca496190611dbaf591d4b1617202eb1ec6035',NULL,NULL,0);
INSERT INTO blocks VALUES(310087,'4ec8cb1c38b22904e8087a034a6406b896eff4dd28e7620601c6bddf82e2738c',310087000,'ced371f1349e81cc2f179f064e4b9b202650a0f79e9b4513666ace29f0e8b3cb','0e8cd750f8ad91d5b14d2b05b7c03621367036703bed1654555b94592ff41e11','89835847f0386b5a4a4e4f748f643a22b6bef41b1bbd51c9ee6fa3f3526f0899',NULL,NULL,0);
INSERT INTO blocks VALUES(310088,'e945c815c433cbddd0bf8e66c5c23b51072483492acda98f5c2c201020a8c5b3',310088000,'6c343897092c5dfcd32ee96dc8b96f38fedd31fa58cf5757a3e15a254942cd59','c38a183db86650f155005a8828155aaf2fc6d92aa89066d7f0843a123800d771','18faa2da192eaf7d4e7e3ee72a09c146966ce3bae7e2dfe4148d09ec26f6a4fb',NULL,NULL,0);
INSERT INTO blocks VALUES(310089,'0382437f895ef3e7e38bf025fd4f606fd44d4bbd6aea71dbdc4ed11a7cd46f33',310089000,'abc7afdaefa89bf58bc4c28401740657eca24c902ba551f55becb6a1c8992675','609b4f777892b43541593da80d09aa2c3928f2f73600009615196a7f89ca8123','0ed9475500a23bd1df5d9cc2675c3dbe28b137f251b9ce51aeb0e268cc5e1186',NULL,NULL,0);
INSERT INTO blocks VALUES(310090,'b756db71dc037b5a4582de354a3347371267d31ebda453e152f0a13bb2fae969',310090000,'4c8ca9b4eeae7adfec822b20665e7bd6fecb51d4f30cc2c826f18402d8401a9b','fba4f7514306c49b3045912791cc21a26527a23e58dcb1c8adc5563e5c6e901d','1192140c5046ed35037f88bc7dd4fe2a013a2c02a98b861e47b48eb19d80c7c0',NULL,NULL,0);
INSERT INTO blocks VALUES(310091,'734a9aa485f36399d5efb74f3b9c47f8b5f6fd68c9967f134b14cfe7e2d7583c',310091000,'fe7fd2b60c3216d79dfe4e6d38880f6d3b9fde747b619f2c477108825235663d','3a62ce0eeff09c242b3a7c3a8da6dd20bf06c1c2fbf224f73646791557ce3d4c','51f6f931459ba6a532c7c74d462deb1b0a54da7e011486c6af3056b2e65f195b',NULL,NULL,0);
INSERT INTO blocks VALUES(310092,'56386beb65f9228740d4ad43a1c575645f6daf59e0dd9f22551c59215b5e8c3d',310092000,'420b8ff3c159f7e89df2274682e7ef798a0c0233149365114bfd934c38806098','9c866b1985d2ff084264e192e5defce4af96b7aca461a46f58c659008113909a','49487109a4081406fc52526bbedfe3a2f93e749a4685b1633ead6342bf3dd7a0',NULL,NULL,0);
INSERT INTO blocks VALUES(310093,'a74a2425f2f4be24bb5f715173e6756649e1cbf1b064aeb1ef60e0b94b418ddc',310093000,'f4fac6a570b4f6332a628a3f8e27f5f081689fb4255363cff1cd8bd0244eecea','271c5484d7a74166a1b83e9dc6f56cc391d5b01829c9b594deb087e58a22b762','6e9c8dcec7ecbd5d027c038f873ae53e2cc970f49fdd98b3a786fe3c113c38ee',NULL,NULL,0);
INSERT INTO blocks VALUES(310094,'2a8f976f20c4e89ff01071915ac96ee35192d54df3a246bf61fd4a0cccfb5b23',310094000,'adea7b4cacc06ba1f7dc260f30039943936f5baeecf5a8a452d4cbcaa994a70d','7d8deca0e4f444c015cdf98c74255215af14198d17619640186c6486bb3a6be6','c8e0c6e52ed6e0dc0d9b2a7cecaa8b53aa2e36e847c0fb20c0c8ef6029700aa6',NULL,NULL,0);
INSERT INTO blocks VALUES(310095,'bed0fa40c9981223fb40b3be8124ca619edc9dd34d0c907369477ea92e5d2cd2',310095000,'a2290c6a24befab16b4d9ed768c3129d582edbafdf8a2326c7ed50397e5db674','8bab183d2c7670f060de1a64663fe4ec602cc9df957a4d1ccd4b2c5e4876e5ab','142676e0c4985556d710f23cd93b06f98864f2322b458ff58c0ae3e3dff4e5c5',NULL,NULL,0);
INSERT INTO blocks VALUES(310096,'306aeec3db435fabffdf88c2f26ee83caa4c2426375a33daa2be041dbd27ea2f',310096000,'b3c321ea2fb119cbaacfb39f219be47cb346cdd40d895980afd34b4157a3b7ec','6997f2cf50cb2331a8d5cea3f97b32b41a9c40b6006041939b21008016e013c8','b2ff4518567b1d1defaebb078146815cc39ab11dc19d392a5d20d299867aa6da',NULL,NULL,0);
INSERT INTO blocks VALUES(310097,'13e8e16e67c7cdcc80d477491e554b43744f90e8e1a9728439a11fab42cefadf',310097000,'456a1bd4d6b30f24e798a9c1f975af109db030b0bca19db6b29788f938ce6c4d','bd930dddbfc97b06fba95a33417533bd58fd5e95326d8677d2939790850a67de','11771c3c0ce2f3d5e74539f731ce50c4f34cc01f80b3c32c6136080272e8b448',NULL,NULL,0);
INSERT INTO blocks VALUES(310098,'ca5bca4b5ec4fa6183e05176abe921cff884c4e20910fab55b603cef48dc3bca',310098000,'f48d6574488a24155420ae76aa7dcecfe73f6a262a2434a96eb2e93f6bbf02b6','bf2e65b5a1da6ac499a4ebcde81b607f6516de77ed2a10ff363ddb05dd8e288d','4ba3a4a60a0c079e27df1ae65619cee9ef2aedc4ab595b55871fd36c6dca22c6',NULL,NULL,0);
INSERT INTO blocks VALUES(310099,'3c4c2279cd7de0add5ec469648a845875495a7d54ebfb5b012dcc5a197b7992a',310099000,'e936debeb5d219215ba24e56ed34edb435131877c2947c0801824155fdc70c05','d18b9514ed9fda087d3c98eca75ea68388964396143b925cc58ce2e2d5c1c5da','ce9c5786ef39b2358c92af86f3ab6a58251b47487128de33ea86a2d817d74d8d',NULL,NULL,0);
INSERT INTO blocks VALUES(310100,'96925c05b3c7c80c716f5bef68d161c71d044252c766ca0e3f17f255764242cb',310100000,'2b033a615b9eb693ed59daca9bc047f61a3519bec5c2b64f968cf717c75afe79','1c39371c274124af6085dcf02fcdfda68d36d261bb47d7763ea3f09b70d0f62b','00c15802e74c7874cd843b0412cc13a263fce9d4cf4f05dbf222ae1558676140',NULL,NULL,0);
INSERT INTO blocks VALUES(310101,'369472409995ca1a2ebecbad6bf9dab38c378ab1e67e1bdf13d4ce1346731cd6',310101000,'6a41dd11d8b611f6fde79e06a4f65d20fc15419f8336646130c02e9f7d87eff4','e2c84c519b3d759f8efb016894a981411328df6f0a778835c95ed4116fef01f5','9c5d561b9fd34987179149f2720b511024f0a434b35cb960b4185e80596c7697',NULL,NULL,0);
-- Triggers and indices on  blocks
CREATE INDEX blocks_block_index_block_hash_idx ON blocks (block_index, block_hash)
        ;
CREATE INDEX blocks_block_index_idx ON blocks (block_index)
        ;

COMMIT TRANSACTION;
PRAGMA page_size=4096;
-- PRAGMA encoding='UTF-8';
-- PRAGMA auto_vacuum=FULL;
-- PRAGMA max_page_count=4294967294;

BEGIN TRANSACTION;

-- Table  transactions
DROP TABLE IF EXISTS transactions;
CREATE TABLE transactions(
                      tx_index INTEGER UNIQUE,
                      tx_hash TEXT UNIQUE,
                      block_index INTEGER,
                      block_hash TEXT,
                      block_time INTEGER,
                      source TEXT,
                      destination TEXT,
                      btc_amount INTEGER,
                      fee INTEGER,
                      data BLOB,
                      supported BOOL DEFAULT 1,
                      FOREIGN KEY (block_index, block_hash) REFERENCES blocks(block_index, block_hash),
                      PRIMARY KEY (tx_index, tx_hash, block_index));
INSERT INTO transactions VALUES(1,'9b6b1abb696d8d1b70c5beed046d7cddd23cd95b69ef18946cb18c5b56cfde30',310000,'505d8d82c4ced7daddef7ed0b05ba12ecc664176887b938ef56c6af276f3b30c',310000000,'1_mn6q3dS2EnDUx3bmyWc6D4szJNVGtaR7zc_mtQheFaSfWELRB2MyMBaiWjdDm6ux9Ezns_2','mvCounterpartyXXXXXXXXXXXXXXW24Hef',62000000,5625,X'',1);
INSERT INTO transactions VALUES(2,'58e839ec2b1584d3474014093393ce57e5c22d6e686213ee4a7a0abe7bbac33c',310001,'3c9f6a9c6cac46a9273bd3db39ad775acd5bc546378ec2fb0587e06e112cc78e',310001000,'1_mn6q3dS2EnDUx3bmyWc6D4szJNVGtaR7zc_mtQheFaSfWELRB2MyMBaiWjdDm6ux9Ezns_2','1_mnfAHmddVibnZNSkh8DvKaQoiEfNsxjXzH_mtQheFaSfWELRB2MyMBaiWjdDm6ux9Ezns_2',1000,7650,X'0000000000000000000000010000000002FAF080',1);
INSERT INTO transactions VALUES(3,'332b030da57b9565324df01414778b1eafbee6c52343fea80774ee1725484367',310002,'fbb60f1144e1f7d4dc036a4a158a10ea6dea2ba6283a723342a49b8eb5cc9964',310002000,'1_mn6q3dS2EnDUx3bmyWc6D4szJNVGtaR7zc_mtQheFaSfWELRB2MyMBaiWjdDm6ux9Ezns_2','',0,1000000,X'0000000A00000000000000000000000002FAF08000000000000000010000000005F5E100000A0000000000000000',1);
INSERT INTO transactions VALUES(4,'f093b6c00e1bbe85106db6874b1ab4e3f4378d0bf0bcffbd8b51835285dfbf3f',310003,'d50825dcb32bcf6f69994d616eba18de7718d3d859497e80751b2cb67e333e8a',310003000,'1_mn6q3dS2EnDUx3bmyWc6D4szJNVGtaR7zc_mtQheFaSfWELRB2MyMBaiWjdDm6ux9Ezns_2','',0,6800,X'0000000A00000000000000010000000006422C4000000000000000000000000002FAF080000A00000000000DBBA0',1);
INSERT INTO transactions VALUES(5,'ed17dc38233838e15d319a1786825b9e7cdba815554c9d6f4dd527615bce10b8',310004,'60cdc0ac0e3121ceaa2c3885f21f5789f49992ffef6e6ff99f7da80e36744615',310004000,'1_mn6q3dS2EnDUx3bmyWc6D4szJNVGtaR7zc_mtQheFaSfWELRB2MyMBaiWjdDm6ux9Ezns_2','1_mn6q3dS2EnDUx3bmyWc6D4szJNVGtaR7zc_mtQheFaSfWELRB2MyMBaiWjdDm6ux9Ezns_2',50000000,9675,X'0000000B332B030DA57B9565324DF01414778B1EAFBEE6C52343FEA80774EE1725484367F093B6C00E1BBE85106DB6874B1AB4E3F4378D0BF0BCFFBD8B51835285DFBF3F',1);
INSERT INTO transactions VALUES(6,'cd2b44cb56dd5aaae1181c42ab8953ebb9d0fb8e177e960ffe55e3500b3aae25',310005,'8005c2926b7ecc50376642bc661a49108b6dc62636463a5c492b123e2184cd9a',310005000,'1_mn6q3dS2EnDUx3bmyWc6D4szJNVGtaR7zc_mtQheFaSfWELRB2MyMBaiWjdDm6ux9Ezns_2','',0,6800,X'000000140000000000004767000000003B9ACA000100000000000000000000',1);
INSERT INTO transactions VALUES(7,'ddefdf227fd8cd8df1e77f0b531e98a033d2e5b237fa4331b83c003de54877d9',310006,'bdad69d1669eace68b9f246de113161099d4f83322e2acf402c42defef3af2bb',310006000,'1_mn6q3dS2EnDUx3bmyWc6D4szJNVGtaR7zc_mtQheFaSfWELRB2MyMBaiWjdDm6ux9Ezns_2','',0,6800,X'00000014000000000000476800000000000186A00000000000000000000006666F6F626172',1);
INSERT INTO transactions VALUES(8,'f337451a19eac3c2fe66daf7d44d39c41a012d2dfd85de90cc3877bbc2e7d30c',310007,'10a642b96d60091d08234d17dfdecf3025eca41e4fc8e3bbe71a91c5a457cb4b',310007000,'1_mn6q3dS2EnDUx3bmyWc6D4szJNVGtaR7zc_mtQheFaSfWELRB2MyMBaiWjdDm6ux9Ezns_2','1_mnfAHmddVibnZNSkh8DvKaQoiEfNsxjXzH_mtQheFaSfWELRB2MyMBaiWjdDm6ux9Ezns_2',1000,7650,X'00000000000000000000476700000000003D0900',1);
INSERT INTO transactions VALUES(9,'c639e9482b31b487115b4437dd87cff98338003fabf18066bf051e1164aa4394',310008,'47d0e3acbdc6916aeae95e987f9cfa16209b3df1e67bb38143b3422b32322c33',310008000,'1_mn6q3dS2EnDUx3bmyWc6D4szJNVGtaR7zc_mtQheFaSfWELRB2MyMBaiWjdDm6ux9Ezns_2','1_mnfAHmddVibnZNSkh8DvKaQoiEfNsxjXzH_mtQheFaSfWELRB2MyMBaiWjdDm6ux9Ezns_2',1000,7650,X'000000000000000000004768000000000000020E',1);
INSERT INTO transactions VALUES(10,'7881c1fe7881a590d09302dde67cfd888a74154888e0c310bd01575f560b8ac8',310009,'4d474992b141620bf3753863db7ee5e8af26cadfbba27725911f44fa657bc1c0',310009000,'1_mn6q3dS2EnDUx3bmyWc6D4szJNVGtaR7zc_mtQheFaSfWELRB2MyMBaiWjdDm6ux9Ezns_2','',0,6800,X'00000032000000000000025800000000000047670000000000000001',1);
INSERT INTO transactions VALUES(11,'c41898ad625e2236110101070c09e9f28b6fea1ed436ecb78f231f3f99f123f7',310010,'a58162dff81a32e6a29b075be759dbb9fa9b8b65303e69c78fb4d7b0acc37042',310010000,'1_mn6q3dS2EnDUx3bmyWc6D4szJNVGtaR7zc_mtQheFaSfWELRB2MyMBaiWjdDm6ux9Ezns_2','',0,6800,X'00000032000000000000032000000000000047680000000000000001',1);
INSERT INTO transactions VALUES(12,'a21533ad03334823cca2aa8e57c383113a7f93a5810c5df8dd2fa70f6eec416d',310011,'8042cc2ef293fd73d050f283fbd075c79dd4c49fdcca054dc0714fc3a50dc1bb',310011000,'1_mn6q3dS2EnDUx3bmyWc6D4szJNVGtaR7zc_mtQheFaSfWELRB2MyMBaiWjdDm6ux9Ezns_2','',0,6800,X'0000001E52BB3300405900000000000005F5E0FF09556E69742054657374',1);
INSERT INTO transactions VALUES(13,'74062934f0a97c41851735fef2a7df4d9ad9945424f09a54281e145a5e32492f',310012,'cdba329019d93a67b31b79d05f76ce1b7791d430ea0d6c1c2168fe78d2f67677',310012000,'1_mn6q3dS2EnDUx3bmyWc6D4szJNVGtaR7zc_mtQheFaSfWELRB2MyMBaiWjdDm6ux9Ezns_2','1_mn6q3dS2EnDUx3bmyWc6D4szJNVGtaR7zc_mtQheFaSfWELRB2MyMBaiWjdDm6ux9Ezns_2',1000,7650,X'00000028000052BB33640000000002FAF08000000000017D7840000000000000000000003B100000000A',1);
INSERT INTO transactions VALUES(14,'6a5f30666a5f24b6e0e6f31cf06b22ee74d3e692a550297450bdf1d36b1cc167',310013,'0425e5e832e4286757dc0228cd505b8d572081007218abd3a0983a3bcd502a61',310013000,'1_mn6q3dS2EnDUx3bmyWc6D4szJNVGtaR7zc_mtQheFaSfWELRB2MyMBaiWjdDm6ux9Ezns_2','1_mn6q3dS2EnDUx3bmyWc6D4szJNVGtaR7zc_mtQheFaSfWELRB2MyMBaiWjdDm6ux9Ezns_2',1000,7650,X'00000028000152BB336400000000017D78400000000002793D60000000000000000000003B100000000A',1);
INSERT INTO transactions VALUES(15,'2066b9a6b8913412384a0401ef57bfc604e7c5a2c141e23111a8ccc6881b0fb3',310014,'85b28d413ebda2968ed82ae53643677338650151b997ed1e4656158005b9f65f',310014000,'1_mn6q3dS2EnDUx3bmyWc6D4szJNVGtaR7zc_mtQheFaSfWELRB2MyMBaiWjdDm6ux9Ezns_2','1_mn6q3dS2EnDUx3bmyWc6D4szJNVGtaR7zc_mtQheFaSfWELRB2MyMBaiWjdDm6ux9Ezns_2',1000,7650,X'00000028000052BB33640000000008F0D1800000000014DC93800000000000000000000013B00000000A',1);
INSERT INTO transactions VALUES(16,'65db3ab58b65891a947ab9bdba4723e907678bf3b48397add62802dcc65d1d8e',310015,'4cf77d688f18f0c68c077db882f62e49f31859dfa6144372457cd73b29223922',310015000,'1_mn6q3dS2EnDUx3bmyWc6D4szJNVGtaR7zc_mtQheFaSfWELRB2MyMBaiWjdDm6ux9Ezns_2','1_mn6q3dS2EnDUx3bmyWc6D4szJNVGtaR7zc_mtQheFaSfWELRB2MyMBaiWjdDm6ux9Ezns_2',1000,7650,X'00000028000152BB33640000000014DC93800000000008F0D1800000000000000000000013B00000000A',1);
INSERT INTO transactions VALUES(17,'94b11df6b519372bfbcf0ec5f3e6465a63e323c7cd7cff83a8abd78596d4bce4',310016,'99dc7d2627efb4e5e618a53b9898b4ca39c70e98fe9bf39f68a6c980f5b64ef9',310016000,'1_mn6q3dS2EnDUx3bmyWc6D4szJNVGtaR7zc_mtQheFaSfWELRB2MyMBaiWjdDm6ux9Ezns_2','1_mn6q3dS2EnDUx3bmyWc6D4szJNVGtaR7zc_mtQheFaSfWELRB2MyMBaiWjdDm6ux9Ezns_2',1000,7650,X'00000028000252BB33C8000000002CB417800000000026BE36803FF0000000000000000013B00000000A',1);
INSERT INTO transactions VALUES(18,'a7daff1ca2874f6b18a8f1a1e70db27f58c6b39a9f106c353223fbccde57098e',310017,'8a4fedfbf734b91a5c5761a7bcb3908ea57169777a7018148c51ff611970e4a3',310017000,'1_mn6q3dS2EnDUx3bmyWc6D4szJNVGtaR7zc_mtQheFaSfWELRB2MyMBaiWjdDm6ux9Ezns_2','1_mn6q3dS2EnDUx3bmyWc6D4szJNVGtaR7zc_mtQheFaSfWELRB2MyMBaiWjdDm6ux9Ezns_2',1000,7650,X'00000028000352BB33C80000000026BE3680000000002CB417803FF0000000000000000013B00000000A',1);
INSERT INTO transactions VALUES(19,'f020ae6c0b1aadbba4893581678ef87f9d2a925be5e6b08d02440e213f6183b4',310018,'35c06f9e3de39e4e56ceb1d1a22008f52361c50dd0d251c0acbe2e3c2dba8ed3',310018000,'1_mn6q3dS2EnDUx3bmyWc6D4szJNVGtaR7zc_mtQheFaSfWELRB2MyMBaiWjdDm6ux9Ezns_2','',0,6800,X'0000001E52BB33324058F7256FFC115E004C4B4009556E69742054657374',1);
INSERT INTO transactions VALUES(20,'dccbd8852c8d489d32f87be0c86a631b63ec50202b0109a2be6aa96f27f89600',310019,'114affa0c4f34b1ebf8e2778c9477641f60b5b9e8a69052158041d4c41893294',310019000,'1_mn6q3dS2EnDUx3bmyWc6D4szJNVGtaR7zc_mtQheFaSfWELRB2MyMBaiWjdDm6ux9Ezns_2','',0,6800,X'0000001E52BB3365405915F3B645A1CB004C4B4009556E69742054657374',1);
INSERT INTO transactions VALUES(21,'457f36dccce6664a8e28b00ebf47aa60ba4a41b46642aceef0e2a297429eb64e',310020,'d93c79920e4a42164af74ecb5c6b903ff6055cdc007376c74dfa692c8d85ebc9',310020000,'1_mn6q3dS2EnDUx3bmyWc6D4szJNVGtaR7zc_mtQheFaSfWELRB2MyMBaiWjdDm6ux9Ezns_2','',0,6800,X'0000001E52BB33C94000000000000000004C4B4009556E69742054657374',1);
INSERT INTO transactions VALUES(22,'6cb08a1c0547ab0d0d37b74633c1c8a2fd2372d9fd72eb3abdea298f2b245fee',310021,'7c2460bb32c5749c856486393239bf7a0ac789587ac71f32e7237910da8097f2',310021000,'1_mn6q3dS2EnDUx3bmyWc6D4szJNVGtaR7zc_mtQheFaSfWELRB2MyMBaiWjdDm6ux9Ezns_2','',0,6800,X'0000000A00000000000047670000000002FAF08000000000000000010000000002FAF080000A0000000000000000',1);
INSERT INTO transactions VALUES(23,'c81cd36f1efabd22f1a00923714fd5a5f1ba07852ef1f0763223563e3f55dfda',310022,'44435f9a99a0aa12a9bfabdc4cb8119f6ea6a6e1350d2d65445fb66a456db5fc',310022000,'1_mn6q3dS2EnDUx3bmyWc6D4szJNVGtaR7zc_mtQheFaSfWELRB2MyMBaiWjdDm6ux9Ezns_2','mvCounterpartyXXXXXXXXXXXXXXW24Hef',100000000,14675,X'',1);
INSERT INTO transactions VALUES(24,'c576ecde0f86c86725b540c9f5e6ae57a378fe9694260f7859eca55613d9d341',310023,'d8cf5bec1bbcab8ca4f495352afde3b6572b7e1d61b3976872ebb8e9d30ccb08',310023000,'1_mn6q3dS2EnDUx3bmyWc6D4szJNVGtaR7zc_mtQheFaSfWELRB2MyMBaiWjdDm6ux9Ezns_2','1_mnfAHmddVibnZNSkh8DvKaQoiEfNsxjXzH_mtQheFaSfWELRB2MyMBaiWjdDm6ux9Ezns_2',1000,7650,X'0000000000000000000047680000000000002710',1);
-- Triggers and indices on  transactions
CREATE INDEX transactions_block_index_idx ON transactions (block_index)
        ;
CREATE INDEX transactions_block_index_tx_index_idx ON transactions (block_index, tx_index)
        ;
CREATE INDEX transactions_source_idx ON transactions (source)
        ;
CREATE INDEX transactions_tx_hash_idx ON transactions (tx_hash)
        ;
CREATE INDEX transactions_tx_index_idx ON transactions (tx_index)
        ;
CREATE INDEX transactions_tx_index_tx_hash_block_index_idx ON transactions (tx_index, tx_hash, block_index)
        ;

COMMIT TRANSACTION;
PRAGMA page_size=4096;
-- PRAGMA encoding='UTF-8';
-- PRAGMA auto_vacuum=FULL;
-- PRAGMA max_page_count=4294967294;

BEGIN TRANSACTION;

-- Table  transaction_outputs
DROP TABLE IF EXISTS transaction_outputs;
CREATE TABLE transaction_outputs(
                        tx_index,
                        tx_hash TEXT,
                        block_index INTEGER,
                        out_index INTEGER,
                        destination TEXT,
                        btc_amount INTEGER,
                        PRIMARY KEY (tx_hash, out_index),
                        FOREIGN KEY (tx_index, tx_hash, block_index) REFERENCES transactions(tx_index, tx_hash, block_index));

COMMIT TRANSACTION;
PRAGMA page_size=4096;
-- PRAGMA encoding='UTF-8';
-- PRAGMA auto_vacuum=FULL;
-- PRAGMA max_page_count=4294967294;

BEGIN TRANSACTION;

-- Table  balances
DROP TABLE IF EXISTS balances;
CREATE TABLE balances(
                      address TEXT,
                      asset TEXT,
                      quantity INTEGER, block_index INTEGER, tx_index INTEGER);
INSERT INTO balances VALUES('1_mn6q3dS2EnDUx3bmyWc6D4szJNVGtaR7zc_mtQheFaSfWELRB2MyMBaiWjdDm6ux9Ezns_2','XCP',93000000000,310000,1);
INSERT INTO balances VALUES('1_mn6q3dS2EnDUx3bmyWc6D4szJNVGtaR7zc_mtQheFaSfWELRB2MyMBaiWjdDm6ux9Ezns_2','XCP',92950000000,310001,2);
INSERT INTO balances VALUES('1_mnfAHmddVibnZNSkh8DvKaQoiEfNsxjXzH_mtQheFaSfWELRB2MyMBaiWjdDm6ux9Ezns_2','XCP',50000000,310001,2);
INSERT INTO balances VALUES('1_mn6q3dS2EnDUx3bmyWc6D4szJNVGtaR7zc_mtQheFaSfWELRB2MyMBaiWjdDm6ux9Ezns_2','XCP',92845000000,310003,4);
INSERT INTO balances VALUES('1_mn6q3dS2EnDUx3bmyWc6D4szJNVGtaR7zc_mtQheFaSfWELRB2MyMBaiWjdDm6ux9Ezns_2','XCP',92945000000,310004,5);
INSERT INTO balances VALUES('1_mn6q3dS2EnDUx3bmyWc6D4szJNVGtaR7zc_mtQheFaSfWELRB2MyMBaiWjdDm6ux9Ezns_2','XCP',92895000000,310005,6);
INSERT INTO balances VALUES('1_mn6q3dS2EnDUx3bmyWc6D4szJNVGtaR7zc_mtQheFaSfWELRB2MyMBaiWjdDm6ux9Ezns_2','BBBB',1000000000,310005,6);
INSERT INTO balances VALUES('1_mn6q3dS2EnDUx3bmyWc6D4szJNVGtaR7zc_mtQheFaSfWELRB2MyMBaiWjdDm6ux9Ezns_2','XCP',92845000000,310006,7);
INSERT INTO balances VALUES('1_mn6q3dS2EnDUx3bmyWc6D4szJNVGtaR7zc_mtQheFaSfWELRB2MyMBaiWjdDm6ux9Ezns_2','BBBC',100000,310006,7);
INSERT INTO balances VALUES('1_mn6q3dS2EnDUx3bmyWc6D4szJNVGtaR7zc_mtQheFaSfWELRB2MyMBaiWjdDm6ux9Ezns_2','BBBB',996000000,310007,8);
INSERT INTO balances VALUES('1_mnfAHmddVibnZNSkh8DvKaQoiEfNsxjXzH_mtQheFaSfWELRB2MyMBaiWjdDm6ux9Ezns_2','BBBB',4000000,310007,8);
INSERT INTO balances VALUES('1_mn6q3dS2EnDUx3bmyWc6D4szJNVGtaR7zc_mtQheFaSfWELRB2MyMBaiWjdDm6ux9Ezns_2','BBBC',99474,310008,9);
INSERT INTO balances VALUES('1_mnfAHmddVibnZNSkh8DvKaQoiEfNsxjXzH_mtQheFaSfWELRB2MyMBaiWjdDm6ux9Ezns_2','BBBC',526,310008,9);
INSERT INTO balances VALUES('1_mn6q3dS2EnDUx3bmyWc6D4szJNVGtaR7zc_mtQheFaSfWELRB2MyMBaiWjdDm6ux9Ezns_2','XCP',92844999976,310009,10);
INSERT INTO balances VALUES('1_mn6q3dS2EnDUx3bmyWc6D4szJNVGtaR7zc_mtQheFaSfWELRB2MyMBaiWjdDm6ux9Ezns_2','XCP',92844979976,310009,10);
INSERT INTO balances VALUES('1_mnfAHmddVibnZNSkh8DvKaQoiEfNsxjXzH_mtQheFaSfWELRB2MyMBaiWjdDm6ux9Ezns_2','XCP',50000024,310009,10);
INSERT INTO balances VALUES('1_mn6q3dS2EnDUx3bmyWc6D4szJNVGtaR7zc_mtQheFaSfWELRB2MyMBaiWjdDm6ux9Ezns_2','XCP',92844559176,310010,11);
INSERT INTO balances VALUES('1_mn6q3dS2EnDUx3bmyWc6D4szJNVGtaR7zc_mtQheFaSfWELRB2MyMBaiWjdDm6ux9Ezns_2','XCP',92844539176,310010,11);
INSERT INTO balances VALUES('1_mnfAHmddVibnZNSkh8DvKaQoiEfNsxjXzH_mtQheFaSfWELRB2MyMBaiWjdDm6ux9Ezns_2','XCP',50420824,310010,11);
INSERT INTO balances VALUES('1_mn6q3dS2EnDUx3bmyWc6D4szJNVGtaR7zc_mtQheFaSfWELRB2MyMBaiWjdDm6ux9Ezns_2','XCP',92794539176,310012,13);
INSERT INTO balances VALUES('1_mn6q3dS2EnDUx3bmyWc6D4szJNVGtaR7zc_mtQheFaSfWELRB2MyMBaiWjdDm6ux9Ezns_2','XCP',92769539176,310013,14);
INSERT INTO balances VALUES('1_mn6q3dS2EnDUx3bmyWc6D4szJNVGtaR7zc_mtQheFaSfWELRB2MyMBaiWjdDm6ux9Ezns_2','XCP',92773789176,310013,14);
INSERT INTO balances VALUES('1_mn6q3dS2EnDUx3bmyWc6D4szJNVGtaR7zc_mtQheFaSfWELRB2MyMBaiWjdDm6ux9Ezns_2','XCP',92778789176,310014,0);
INSERT INTO balances VALUES('1_mn6q3dS2EnDUx3bmyWc6D4szJNVGtaR7zc_mtQheFaSfWELRB2MyMBaiWjdDm6ux9Ezns_2','XCP',92628789176,310014,15);
INSERT INTO balances VALUES('1_mn6q3dS2EnDUx3bmyWc6D4szJNVGtaR7zc_mtQheFaSfWELRB2MyMBaiWjdDm6ux9Ezns_2','XCP',92278789176,310015,16);
INSERT INTO balances VALUES('1_mn6q3dS2EnDUx3bmyWc6D4szJNVGtaR7zc_mtQheFaSfWELRB2MyMBaiWjdDm6ux9Ezns_2','XCP',92278789176,310015,16);
INSERT INTO balances VALUES('1_mn6q3dS2EnDUx3bmyWc6D4szJNVGtaR7zc_mtQheFaSfWELRB2MyMBaiWjdDm6ux9Ezns_2','XCP',92278789176,310015,16);
INSERT INTO balances VALUES('1_mn6q3dS2EnDUx3bmyWc6D4szJNVGtaR7zc_mtQheFaSfWELRB2MyMBaiWjdDm6ux9Ezns_2','XCP',91528789176,310016,17);
INSERT INTO balances VALUES('1_mn6q3dS2EnDUx3bmyWc6D4szJNVGtaR7zc_mtQheFaSfWELRB2MyMBaiWjdDm6ux9Ezns_2','XCP',90878789176,310017,18);
INSERT INTO balances VALUES('1_mn6q3dS2EnDUx3bmyWc6D4szJNVGtaR7zc_mtQheFaSfWELRB2MyMBaiWjdDm6ux9Ezns_2','XCP',90878789176,310017,18);
INSERT INTO balances VALUES('1_mn6q3dS2EnDUx3bmyWc6D4szJNVGtaR7zc_mtQheFaSfWELRB2MyMBaiWjdDm6ux9Ezns_2','XCP',90878789176,310017,18);
INSERT INTO balances VALUES('1_mn6q3dS2EnDUx3bmyWc6D4szJNVGtaR7zc_mtQheFaSfWELRB2MyMBaiWjdDm6ux9Ezns_2','XCP',90937926676,310018,19);
INSERT INTO balances VALUES('1_mn6q3dS2EnDUx3bmyWc6D4szJNVGtaR7zc_mtQheFaSfWELRB2MyMBaiWjdDm6ux9Ezns_2','XCP',90941039176,310018,19);
INSERT INTO balances VALUES('1_mn6q3dS2EnDUx3bmyWc6D4szJNVGtaR7zc_mtQheFaSfWELRB2MyMBaiWjdDm6ux9Ezns_2','XCP',91100339176,310019,20);
INSERT INTO balances VALUES('1_mn6q3dS2EnDUx3bmyWc6D4szJNVGtaR7zc_mtQheFaSfWELRB2MyMBaiWjdDm6ux9Ezns_2','XCP',91416039176,310019,20);
INSERT INTO balances VALUES('1_mn6q3dS2EnDUx3bmyWc6D4szJNVGtaR7zc_mtQheFaSfWELRB2MyMBaiWjdDm6ux9Ezns_2','XCP',91441039176,310019,20);
INSERT INTO balances VALUES('1_mn6q3dS2EnDUx3bmyWc6D4szJNVGtaR7zc_mtQheFaSfWELRB2MyMBaiWjdDm6ux9Ezns_2','XCP',92771039176,310020,21);
INSERT INTO balances VALUES('1_mn6q3dS2EnDUx3bmyWc6D4szJNVGtaR7zc_mtQheFaSfWELRB2MyMBaiWjdDm6ux9Ezns_2','XCP',92841039176,310020,21);
INSERT INTO balances VALUES('1_mn6q3dS2EnDUx3bmyWc6D4szJNVGtaR7zc_mtQheFaSfWELRB2MyMBaiWjdDm6ux9Ezns_2','BBBB',946000000,310021,22);
INSERT INTO balances VALUES('1_mn6q3dS2EnDUx3bmyWc6D4szJNVGtaR7zc_mtQheFaSfWELRB2MyMBaiWjdDm6ux9Ezns_2','XCP',149840926438,310022,23);
INSERT INTO balances VALUES('1_mn6q3dS2EnDUx3bmyWc6D4szJNVGtaR7zc_mtQheFaSfWELRB2MyMBaiWjdDm6ux9Ezns_2','XCP',149849426438,310023,0);
INSERT INTO balances VALUES('1_mn6q3dS2EnDUx3bmyWc6D4szJNVGtaR7zc_mtQheFaSfWELRB2MyMBaiWjdDm6ux9Ezns_2','BBBC',89474,310023,24);
INSERT INTO balances VALUES('1_mnfAHmddVibnZNSkh8DvKaQoiEfNsxjXzH_mtQheFaSfWELRB2MyMBaiWjdDm6ux9Ezns_2','BBBC',10526,310023,24);
INSERT INTO balances VALUES('1_mn6q3dS2EnDUx3bmyWc6D4szJNVGtaR7zc_mtQheFaSfWELRB2MyMBaiWjdDm6ux9Ezns_2','BBBB',996000000,310032,0);
-- Triggers and indices on  balances
CREATE INDEX balances_address_asset_idx ON balances (address, asset)
        ;
CREATE INDEX balances_address_idx ON balances (address)
        ;
CREATE INDEX balances_asset_idx ON balances (asset)
        ;
CREATE INDEX balances_block_index_idx ON balances (block_index)
        ;
CREATE INDEX balances_quantity_idx ON balances (quantity)
        ;
CREATE TRIGGER block_update_balances
                           BEFORE UPDATE ON balances BEGIN
                               SELECT RAISE(FAIL, "UPDATES NOT ALLOWED");
                           END;

COMMIT TRANSACTION;
PRAGMA page_size=4096;
-- PRAGMA encoding='UTF-8';
-- PRAGMA auto_vacuum=FULL;
-- PRAGMA max_page_count=4294967294;

BEGIN TRANSACTION;

-- Table  balances
DROP TABLE IF EXISTS balances;
CREATE TABLE balances(
                      address TEXT,
                      asset TEXT,
                      quantity INTEGER, block_index INTEGER, tx_index INTEGER);
INSERT INTO balances VALUES('1_mn6q3dS2EnDUx3bmyWc6D4szJNVGtaR7zc_mtQheFaSfWELRB2MyMBaiWjdDm6ux9Ezns_2','XCP',93000000000,310000,1);
INSERT INTO balances VALUES('1_mn6q3dS2EnDUx3bmyWc6D4szJNVGtaR7zc_mtQheFaSfWELRB2MyMBaiWjdDm6ux9Ezns_2','XCP',92950000000,310001,2);
INSERT INTO balances VALUES('1_mnfAHmddVibnZNSkh8DvKaQoiEfNsxjXzH_mtQheFaSfWELRB2MyMBaiWjdDm6ux9Ezns_2','XCP',50000000,310001,2);
INSERT INTO balances VALUES('1_mn6q3dS2EnDUx3bmyWc6D4szJNVGtaR7zc_mtQheFaSfWELRB2MyMBaiWjdDm6ux9Ezns_2','XCP',92845000000,310003,4);
INSERT INTO balances VALUES('1_mn6q3dS2EnDUx3bmyWc6D4szJNVGtaR7zc_mtQheFaSfWELRB2MyMBaiWjdDm6ux9Ezns_2','XCP',92945000000,310004,5);
INSERT INTO balances VALUES('1_mn6q3dS2EnDUx3bmyWc6D4szJNVGtaR7zc_mtQheFaSfWELRB2MyMBaiWjdDm6ux9Ezns_2','XCP',92895000000,310005,6);
INSERT INTO balances VALUES('1_mn6q3dS2EnDUx3bmyWc6D4szJNVGtaR7zc_mtQheFaSfWELRB2MyMBaiWjdDm6ux9Ezns_2','BBBB',1000000000,310005,6);
INSERT INTO balances VALUES('1_mn6q3dS2EnDUx3bmyWc6D4szJNVGtaR7zc_mtQheFaSfWELRB2MyMBaiWjdDm6ux9Ezns_2','XCP',92845000000,310006,7);
INSERT INTO balances VALUES('1_mn6q3dS2EnDUx3bmyWc6D4szJNVGtaR7zc_mtQheFaSfWELRB2MyMBaiWjdDm6ux9Ezns_2','BBBC',100000,310006,7);
INSERT INTO balances VALUES('1_mn6q3dS2EnDUx3bmyWc6D4szJNVGtaR7zc_mtQheFaSfWELRB2MyMBaiWjdDm6ux9Ezns_2','BBBB',996000000,310007,8);
INSERT INTO balances VALUES('1_mnfAHmddVibnZNSkh8DvKaQoiEfNsxjXzH_mtQheFaSfWELRB2MyMBaiWjdDm6ux9Ezns_2','BBBB',4000000,310007,8);
INSERT INTO balances VALUES('1_mn6q3dS2EnDUx3bmyWc6D4szJNVGtaR7zc_mtQheFaSfWELRB2MyMBaiWjdDm6ux9Ezns_2','BBBC',99474,310008,9);
INSERT INTO balances VALUES('1_mnfAHmddVibnZNSkh8DvKaQoiEfNsxjXzH_mtQheFaSfWELRB2MyMBaiWjdDm6ux9Ezns_2','BBBC',526,310008,9);
INSERT INTO balances VALUES('1_mn6q3dS2EnDUx3bmyWc6D4szJNVGtaR7zc_mtQheFaSfWELRB2MyMBaiWjdDm6ux9Ezns_2','XCP',92844999976,310009,10);
INSERT INTO balances VALUES('1_mn6q3dS2EnDUx3bmyWc6D4szJNVGtaR7zc_mtQheFaSfWELRB2MyMBaiWjdDm6ux9Ezns_2','XCP',92844979976,310009,10);
INSERT INTO balances VALUES('1_mnfAHmddVibnZNSkh8DvKaQoiEfNsxjXzH_mtQheFaSfWELRB2MyMBaiWjdDm6ux9Ezns_2','XCP',50000024,310009,10);
INSERT INTO balances VALUES('1_mn6q3dS2EnDUx3bmyWc6D4szJNVGtaR7zc_mtQheFaSfWELRB2MyMBaiWjdDm6ux9Ezns_2','XCP',92844559176,310010,11);
INSERT INTO balances VALUES('1_mn6q3dS2EnDUx3bmyWc6D4szJNVGtaR7zc_mtQheFaSfWELRB2MyMBaiWjdDm6ux9Ezns_2','XCP',92844539176,310010,11);
INSERT INTO balances VALUES('1_mnfAHmddVibnZNSkh8DvKaQoiEfNsxjXzH_mtQheFaSfWELRB2MyMBaiWjdDm6ux9Ezns_2','XCP',50420824,310010,11);
INSERT INTO balances VALUES('1_mn6q3dS2EnDUx3bmyWc6D4szJNVGtaR7zc_mtQheFaSfWELRB2MyMBaiWjdDm6ux9Ezns_2','XCP',92794539176,310012,13);
INSERT INTO balances VALUES('1_mn6q3dS2EnDUx3bmyWc6D4szJNVGtaR7zc_mtQheFaSfWELRB2MyMBaiWjdDm6ux9Ezns_2','XCP',92769539176,310013,14);
INSERT INTO balances VALUES('1_mn6q3dS2EnDUx3bmyWc6D4szJNVGtaR7zc_mtQheFaSfWELRB2MyMBaiWjdDm6ux9Ezns_2','XCP',92773789176,310013,14);
INSERT INTO balances VALUES('1_mn6q3dS2EnDUx3bmyWc6D4szJNVGtaR7zc_mtQheFaSfWELRB2MyMBaiWjdDm6ux9Ezns_2','XCP',92778789176,310014,0);
INSERT INTO balances VALUES('1_mn6q3dS2EnDUx3bmyWc6D4szJNVGtaR7zc_mtQheFaSfWELRB2MyMBaiWjdDm6ux9Ezns_2','XCP',92628789176,310014,15);
INSERT INTO balances VALUES('1_mn6q3dS2EnDUx3bmyWc6D4szJNVGtaR7zc_mtQheFaSfWELRB2MyMBaiWjdDm6ux9Ezns_2','XCP',92278789176,310015,16);
INSERT INTO balances VALUES('1_mn6q3dS2EnDUx3bmyWc6D4szJNVGtaR7zc_mtQheFaSfWELRB2MyMBaiWjdDm6ux9Ezns_2','XCP',92278789176,310015,16);
INSERT INTO balances VALUES('1_mn6q3dS2EnDUx3bmyWc6D4szJNVGtaR7zc_mtQheFaSfWELRB2MyMBaiWjdDm6ux9Ezns_2','XCP',92278789176,310015,16);
INSERT INTO balances VALUES('1_mn6q3dS2EnDUx3bmyWc6D4szJNVGtaR7zc_mtQheFaSfWELRB2MyMBaiWjdDm6ux9Ezns_2','XCP',91528789176,310016,17);
INSERT INTO balances VALUES('1_mn6q3dS2EnDUx3bmyWc6D4szJNVGtaR7zc_mtQheFaSfWELRB2MyMBaiWjdDm6ux9Ezns_2','XCP',90878789176,310017,18);
INSERT INTO balances VALUES('1_mn6q3dS2EnDUx3bmyWc6D4szJNVGtaR7zc_mtQheFaSfWELRB2MyMBaiWjdDm6ux9Ezns_2','XCP',90878789176,310017,18);
INSERT INTO balances VALUES('1_mn6q3dS2EnDUx3bmyWc6D4szJNVGtaR7zc_mtQheFaSfWELRB2MyMBaiWjdDm6ux9Ezns_2','XCP',90878789176,310017,18);
INSERT INTO balances VALUES('1_mn6q3dS2EnDUx3bmyWc6D4szJNVGtaR7zc_mtQheFaSfWELRB2MyMBaiWjdDm6ux9Ezns_2','XCP',90937926676,310018,19);
INSERT INTO balances VALUES('1_mn6q3dS2EnDUx3bmyWc6D4szJNVGtaR7zc_mtQheFaSfWELRB2MyMBaiWjdDm6ux9Ezns_2','XCP',90941039176,310018,19);
INSERT INTO balances VALUES('1_mn6q3dS2EnDUx3bmyWc6D4szJNVGtaR7zc_mtQheFaSfWELRB2MyMBaiWjdDm6ux9Ezns_2','XCP',91100339176,310019,20);
INSERT INTO balances VALUES('1_mn6q3dS2EnDUx3bmyWc6D4szJNVGtaR7zc_mtQheFaSfWELRB2MyMBaiWjdDm6ux9Ezns_2','XCP',91416039176,310019,20);
INSERT INTO balances VALUES('1_mn6q3dS2EnDUx3bmyWc6D4szJNVGtaR7zc_mtQheFaSfWELRB2MyMBaiWjdDm6ux9Ezns_2','XCP',91441039176,310019,20);
INSERT INTO balances VALUES('1_mn6q3dS2EnDUx3bmyWc6D4szJNVGtaR7zc_mtQheFaSfWELRB2MyMBaiWjdDm6ux9Ezns_2','XCP',92771039176,310020,21);
INSERT INTO balances VALUES('1_mn6q3dS2EnDUx3bmyWc6D4szJNVGtaR7zc_mtQheFaSfWELRB2MyMBaiWjdDm6ux9Ezns_2','XCP',92841039176,310020,21);
INSERT INTO balances VALUES('1_mn6q3dS2EnDUx3bmyWc6D4szJNVGtaR7zc_mtQheFaSfWELRB2MyMBaiWjdDm6ux9Ezns_2','BBBB',946000000,310021,22);
INSERT INTO balances VALUES('1_mn6q3dS2EnDUx3bmyWc6D4szJNVGtaR7zc_mtQheFaSfWELRB2MyMBaiWjdDm6ux9Ezns_2','XCP',149840926438,310022,23);
INSERT INTO balances VALUES('1_mn6q3dS2EnDUx3bmyWc6D4szJNVGtaR7zc_mtQheFaSfWELRB2MyMBaiWjdDm6ux9Ezns_2','XCP',149849426438,310023,0);
INSERT INTO balances VALUES('1_mn6q3dS2EnDUx3bmyWc6D4szJNVGtaR7zc_mtQheFaSfWELRB2MyMBaiWjdDm6ux9Ezns_2','BBBC',89474,310023,24);
INSERT INTO balances VALUES('1_mnfAHmddVibnZNSkh8DvKaQoiEfNsxjXzH_mtQheFaSfWELRB2MyMBaiWjdDm6ux9Ezns_2','BBBC',10526,310023,24);
INSERT INTO balances VALUES('1_mn6q3dS2EnDUx3bmyWc6D4szJNVGtaR7zc_mtQheFaSfWELRB2MyMBaiWjdDm6ux9Ezns_2','BBBB',996000000,310032,0);
-- Triggers and indices on  balances
CREATE INDEX balances_address_asset_idx ON balances (address, asset)
        ;
CREATE INDEX balances_address_idx ON balances (address)
        ;
CREATE INDEX balances_asset_idx ON balances (asset)
        ;
CREATE INDEX balances_block_index_idx ON balances (block_index)
        ;
CREATE INDEX balances_quantity_idx ON balances (quantity)
        ;
CREATE TRIGGER block_update_balances
                           BEFORE UPDATE ON balances BEGIN
                               SELECT RAISE(FAIL, "UPDATES NOT ALLOWED");
                           END;

COMMIT TRANSACTION;
PRAGMA page_size=4096;
-- PRAGMA encoding='UTF-8';
-- PRAGMA auto_vacuum=FULL;
-- PRAGMA max_page_count=4294967294;

BEGIN TRANSACTION;

-- Table  credits
DROP TABLE IF EXISTS credits;
CREATE TABLE credits(
                      block_index INTEGER,
                      address TEXT,
                      asset TEXT,
                      quantity INTEGER,
                      calling_function TEXT,
                      event TEXT, tx_index INTEGER,
                      FOREIGN KEY (block_index) REFERENCES blocks(block_index));
INSERT INTO credits VALUES(310000,'1_mn6q3dS2EnDUx3bmyWc6D4szJNVGtaR7zc_mtQheFaSfWELRB2MyMBaiWjdDm6ux9Ezns_2','XCP',93000000000,'burn','9b6b1abb696d8d1b70c5beed046d7cddd23cd95b69ef18946cb18c5b56cfde30',1);
INSERT INTO credits VALUES(310001,'1_mnfAHmddVibnZNSkh8DvKaQoiEfNsxjXzH_mtQheFaSfWELRB2MyMBaiWjdDm6ux9Ezns_2','XCP',50000000,'send','58e839ec2b1584d3474014093393ce57e5c22d6e686213ee4a7a0abe7bbac33c',2);
INSERT INTO credits VALUES(310004,'1_mn6q3dS2EnDUx3bmyWc6D4szJNVGtaR7zc_mtQheFaSfWELRB2MyMBaiWjdDm6ux9Ezns_2','XCP',100000000,'btcpay','ed17dc38233838e15d319a1786825b9e7cdba815554c9d6f4dd527615bce10b8',5);
INSERT INTO credits VALUES(310005,'1_mn6q3dS2EnDUx3bmyWc6D4szJNVGtaR7zc_mtQheFaSfWELRB2MyMBaiWjdDm6ux9Ezns_2','BBBB',1000000000,'issuance','cd2b44cb56dd5aaae1181c42ab8953ebb9d0fb8e177e960ffe55e3500b3aae25',6);
INSERT INTO credits VALUES(310006,'1_mn6q3dS2EnDUx3bmyWc6D4szJNVGtaR7zc_mtQheFaSfWELRB2MyMBaiWjdDm6ux9Ezns_2','BBBC',100000,'issuance','ddefdf227fd8cd8df1e77f0b531e98a033d2e5b237fa4331b83c003de54877d9',7);
INSERT INTO credits VALUES(310007,'1_mnfAHmddVibnZNSkh8DvKaQoiEfNsxjXzH_mtQheFaSfWELRB2MyMBaiWjdDm6ux9Ezns_2','BBBB',4000000,'send','f337451a19eac3c2fe66daf7d44d39c41a012d2dfd85de90cc3877bbc2e7d30c',8);
INSERT INTO credits VALUES(310008,'1_mnfAHmddVibnZNSkh8DvKaQoiEfNsxjXzH_mtQheFaSfWELRB2MyMBaiWjdDm6ux9Ezns_2','BBBC',526,'send','c639e9482b31b487115b4437dd87cff98338003fabf18066bf051e1164aa4394',9);
INSERT INTO credits VALUES(310009,'1_mnfAHmddVibnZNSkh8DvKaQoiEfNsxjXzH_mtQheFaSfWELRB2MyMBaiWjdDm6ux9Ezns_2','XCP',24,'dividend','7881c1fe7881a590d09302dde67cfd888a74154888e0c310bd01575f560b8ac8',10);
INSERT INTO credits VALUES(310010,'1_mnfAHmddVibnZNSkh8DvKaQoiEfNsxjXzH_mtQheFaSfWELRB2MyMBaiWjdDm6ux9Ezns_2','XCP',420800,'dividend','c41898ad625e2236110101070c09e9f28b6fea1ed436ecb78f231f3f99f123f7',11);
INSERT INTO credits VALUES(310013,'1_mn6q3dS2EnDUx3bmyWc6D4szJNVGtaR7zc_mtQheFaSfWELRB2MyMBaiWjdDm6ux9Ezns_2','XCP',4250000,'filled','6a5f30666a5f24b6e0e6f31cf06b22ee74d3e692a550297450bdf1d36b1cc167',14);
INSERT INTO credits VALUES(310014,'1_mn6q3dS2EnDUx3bmyWc6D4szJNVGtaR7zc_mtQheFaSfWELRB2MyMBaiWjdDm6ux9Ezns_2','XCP',5000000,'cancel order','f093b6c00e1bbe85106db6874b1ab4e3f4378d0bf0bcffbd8b51835285dfbf3f',0);
INSERT INTO credits VALUES(310015,'1_mn6q3dS2EnDUx3bmyWc6D4szJNVGtaR7zc_mtQheFaSfWELRB2MyMBaiWjdDm6ux9Ezns_2','XCP',0,'filled','65db3ab58b65891a947ab9bdba4723e907678bf3b48397add62802dcc65d1d8e',16);
INSERT INTO credits VALUES(310015,'1_mn6q3dS2EnDUx3bmyWc6D4szJNVGtaR7zc_mtQheFaSfWELRB2MyMBaiWjdDm6ux9Ezns_2','XCP',0,'filled','65db3ab58b65891a947ab9bdba4723e907678bf3b48397add62802dcc65d1d8e',16);
INSERT INTO credits VALUES(310017,'1_mn6q3dS2EnDUx3bmyWc6D4szJNVGtaR7zc_mtQheFaSfWELRB2MyMBaiWjdDm6ux9Ezns_2','XCP',0,'filled','a7daff1ca2874f6b18a8f1a1e70db27f58c6b39a9f106c353223fbccde57098e',18);
INSERT INTO credits VALUES(310017,'1_mn6q3dS2EnDUx3bmyWc6D4szJNVGtaR7zc_mtQheFaSfWELRB2MyMBaiWjdDm6ux9Ezns_2','XCP',0,'filled','a7daff1ca2874f6b18a8f1a1e70db27f58c6b39a9f106c353223fbccde57098e',18);
INSERT INTO credits VALUES(310018,'1_mn6q3dS2EnDUx3bmyWc6D4szJNVGtaR7zc_mtQheFaSfWELRB2MyMBaiWjdDm6ux9Ezns_2','XCP',59137500,'bet settled: liquidated for bear','f020ae6c0b1aadbba4893581678ef87f9d2a925be5e6b08d02440e213f6183b4',19);
INSERT INTO credits VALUES(310018,'1_mn6q3dS2EnDUx3bmyWc6D4szJNVGtaR7zc_mtQheFaSfWELRB2MyMBaiWjdDm6ux9Ezns_2','XCP',3112500,'feed fee','f020ae6c0b1aadbba4893581678ef87f9d2a925be5e6b08d02440e213f6183b4',19);
INSERT INTO credits VALUES(310019,'1_mn6q3dS2EnDUx3bmyWc6D4szJNVGtaR7zc_mtQheFaSfWELRB2MyMBaiWjdDm6ux9Ezns_2','XCP',159300000,'bet settled','dccbd8852c8d489d32f87be0c86a631b63ec50202b0109a2be6aa96f27f89600',20);
INSERT INTO credits VALUES(310019,'1_mn6q3dS2EnDUx3bmyWc6D4szJNVGtaR7zc_mtQheFaSfWELRB2MyMBaiWjdDm6ux9Ezns_2','XCP',315700000,'bet settled','dccbd8852c8d489d32f87be0c86a631b63ec50202b0109a2be6aa96f27f89600',20);
INSERT INTO credits VALUES(310019,'1_mn6q3dS2EnDUx3bmyWc6D4szJNVGtaR7zc_mtQheFaSfWELRB2MyMBaiWjdDm6ux9Ezns_2','XCP',25000000,'feed fee','dccbd8852c8d489d32f87be0c86a631b63ec50202b0109a2be6aa96f27f89600',20);
INSERT INTO credits VALUES(310020,'1_mn6q3dS2EnDUx3bmyWc6D4szJNVGtaR7zc_mtQheFaSfWELRB2MyMBaiWjdDm6ux9Ezns_2','XCP',1330000000,'bet settled: for notequal','457f36dccce6664a8e28b00ebf47aa60ba4a41b46642aceef0e2a297429eb64e',21);
INSERT INTO credits VALUES(310020,'1_mn6q3dS2EnDUx3bmyWc6D4szJNVGtaR7zc_mtQheFaSfWELRB2MyMBaiWjdDm6ux9Ezns_2','XCP',70000000,'feed fee','457f36dccce6664a8e28b00ebf47aa60ba4a41b46642aceef0e2a297429eb64e',21);
INSERT INTO credits VALUES(310022,'1_mn6q3dS2EnDUx3bmyWc6D4szJNVGtaR7zc_mtQheFaSfWELRB2MyMBaiWjdDm6ux9Ezns_2','XCP',56999887262,'burn','c81cd36f1efabd22f1a00923714fd5a5f1ba07852ef1f0763223563e3f55dfda',23);
INSERT INTO credits VALUES(310023,'1_mn6q3dS2EnDUx3bmyWc6D4szJNVGtaR7zc_mtQheFaSfWELRB2MyMBaiWjdDm6ux9Ezns_2','XCP',8500000,'recredit wager remaining','74062934f0a97c41851735fef2a7df4d9ad9945424f09a54281e145a5e32492f',0);
INSERT INTO credits VALUES(310023,'1_mnfAHmddVibnZNSkh8DvKaQoiEfNsxjXzH_mtQheFaSfWELRB2MyMBaiWjdDm6ux9Ezns_2','BBBC',10000,'send','c576ecde0f86c86725b540c9f5e6ae57a378fe9694260f7859eca55613d9d341',24);
INSERT INTO credits VALUES(310032,'1_mn6q3dS2EnDUx3bmyWc6D4szJNVGtaR7zc_mtQheFaSfWELRB2MyMBaiWjdDm6ux9Ezns_2','BBBB',50000000,'cancel order','6cb08a1c0547ab0d0d37b74633c1c8a2fd2372d9fd72eb3abdea298f2b245fee',0);
-- Triggers and indices on  credits
CREATE TRIGGER block_update_credits
                           BEFORE UPDATE ON credits BEGIN
                               SELECT RAISE(FAIL, "UPDATES NOT ALLOWED");
                           END;
CREATE INDEX credits_address_idx ON credits (address)
        ;
CREATE INDEX credits_asset_idx ON credits (asset)
        ;
CREATE INDEX credits_block_index_idx ON credits (block_index)
        ;
CREATE INDEX credits_calling_function_idx ON credits (calling_function)
        ;
CREATE INDEX credits_event_idx ON credits (event)
        ;
CREATE INDEX credits_quantity_idx ON credits (quantity)
        ;

COMMIT TRANSACTION;
PRAGMA page_size=4096;
-- PRAGMA encoding='UTF-8';
-- PRAGMA auto_vacuum=FULL;
-- PRAGMA max_page_count=4294967294;

BEGIN TRANSACTION;

-- Table  debits
DROP TABLE IF EXISTS debits;
CREATE TABLE debits(
                      block_index INTEGER,
                      address TEXT,
                      asset TEXT,
                      quantity INTEGER,
                      action TEXT,
                      event TEXT, tx_index INTEGER,
                      FOREIGN KEY (block_index) REFERENCES blocks(block_index));
INSERT INTO debits VALUES(310001,'1_mn6q3dS2EnDUx3bmyWc6D4szJNVGtaR7zc_mtQheFaSfWELRB2MyMBaiWjdDm6ux9Ezns_2','XCP',50000000,'send','58e839ec2b1584d3474014093393ce57e5c22d6e686213ee4a7a0abe7bbac33c',2);
INSERT INTO debits VALUES(310003,'1_mn6q3dS2EnDUx3bmyWc6D4szJNVGtaR7zc_mtQheFaSfWELRB2MyMBaiWjdDm6ux9Ezns_2','XCP',105000000,'open order','f093b6c00e1bbe85106db6874b1ab4e3f4378d0bf0bcffbd8b51835285dfbf3f',4);
INSERT INTO debits VALUES(310005,'1_mn6q3dS2EnDUx3bmyWc6D4szJNVGtaR7zc_mtQheFaSfWELRB2MyMBaiWjdDm6ux9Ezns_2','XCP',50000000,'issuance fee','cd2b44cb56dd5aaae1181c42ab8953ebb9d0fb8e177e960ffe55e3500b3aae25',6);
INSERT INTO debits VALUES(310006,'1_mn6q3dS2EnDUx3bmyWc6D4szJNVGtaR7zc_mtQheFaSfWELRB2MyMBaiWjdDm6ux9Ezns_2','XCP',50000000,'issuance fee','ddefdf227fd8cd8df1e77f0b531e98a033d2e5b237fa4331b83c003de54877d9',7);
INSERT INTO debits VALUES(310007,'1_mn6q3dS2EnDUx3bmyWc6D4szJNVGtaR7zc_mtQheFaSfWELRB2MyMBaiWjdDm6ux9Ezns_2','BBBB',4000000,'send','f337451a19eac3c2fe66daf7d44d39c41a012d2dfd85de90cc3877bbc2e7d30c',8);
INSERT INTO debits VALUES(310008,'1_mn6q3dS2EnDUx3bmyWc6D4szJNVGtaR7zc_mtQheFaSfWELRB2MyMBaiWjdDm6ux9Ezns_2','BBBC',526,'send','c639e9482b31b487115b4437dd87cff98338003fabf18066bf051e1164aa4394',9);
INSERT INTO debits VALUES(310009,'1_mn6q3dS2EnDUx3bmyWc6D4szJNVGtaR7zc_mtQheFaSfWELRB2MyMBaiWjdDm6ux9Ezns_2','XCP',24,'dividend','7881c1fe7881a590d09302dde67cfd888a74154888e0c310bd01575f560b8ac8',10);
INSERT INTO debits VALUES(310009,'1_mn6q3dS2EnDUx3bmyWc6D4szJNVGtaR7zc_mtQheFaSfWELRB2MyMBaiWjdDm6ux9Ezns_2','XCP',20000,'dividend fee','7881c1fe7881a590d09302dde67cfd888a74154888e0c310bd01575f560b8ac8',10);
INSERT INTO debits VALUES(310010,'1_mn6q3dS2EnDUx3bmyWc6D4szJNVGtaR7zc_mtQheFaSfWELRB2MyMBaiWjdDm6ux9Ezns_2','XCP',420800,'dividend','c41898ad625e2236110101070c09e9f28b6fea1ed436ecb78f231f3f99f123f7',11);
INSERT INTO debits VALUES(310010,'1_mn6q3dS2EnDUx3bmyWc6D4szJNVGtaR7zc_mtQheFaSfWELRB2MyMBaiWjdDm6ux9Ezns_2','XCP',20000,'dividend fee','c41898ad625e2236110101070c09e9f28b6fea1ed436ecb78f231f3f99f123f7',11);
INSERT INTO debits VALUES(310012,'1_mn6q3dS2EnDUx3bmyWc6D4szJNVGtaR7zc_mtQheFaSfWELRB2MyMBaiWjdDm6ux9Ezns_2','XCP',50000000,'bet','74062934f0a97c41851735fef2a7df4d9ad9945424f09a54281e145a5e32492f',13);
INSERT INTO debits VALUES(310013,'1_mn6q3dS2EnDUx3bmyWc6D4szJNVGtaR7zc_mtQheFaSfWELRB2MyMBaiWjdDm6ux9Ezns_2','XCP',25000000,'bet','6a5f30666a5f24b6e0e6f31cf06b22ee74d3e692a550297450bdf1d36b1cc167',14);
INSERT INTO debits VALUES(310014,'1_mn6q3dS2EnDUx3bmyWc6D4szJNVGtaR7zc_mtQheFaSfWELRB2MyMBaiWjdDm6ux9Ezns_2','XCP',150000000,'bet','2066b9a6b8913412384a0401ef57bfc604e7c5a2c141e23111a8ccc6881b0fb3',15);
INSERT INTO debits VALUES(310015,'1_mn6q3dS2EnDUx3bmyWc6D4szJNVGtaR7zc_mtQheFaSfWELRB2MyMBaiWjdDm6ux9Ezns_2','XCP',350000000,'bet','65db3ab58b65891a947ab9bdba4723e907678bf3b48397add62802dcc65d1d8e',16);
INSERT INTO debits VALUES(310016,'1_mn6q3dS2EnDUx3bmyWc6D4szJNVGtaR7zc_mtQheFaSfWELRB2MyMBaiWjdDm6ux9Ezns_2','XCP',750000000,'bet','94b11df6b519372bfbcf0ec5f3e6465a63e323c7cd7cff83a8abd78596d4bce4',17);
INSERT INTO debits VALUES(310017,'1_mn6q3dS2EnDUx3bmyWc6D4szJNVGtaR7zc_mtQheFaSfWELRB2MyMBaiWjdDm6ux9Ezns_2','XCP',650000000,'bet','a7daff1ca2874f6b18a8f1a1e70db27f58c6b39a9f106c353223fbccde57098e',18);
INSERT INTO debits VALUES(310021,'1_mn6q3dS2EnDUx3bmyWc6D4szJNVGtaR7zc_mtQheFaSfWELRB2MyMBaiWjdDm6ux9Ezns_2','BBBB',50000000,'open order','6cb08a1c0547ab0d0d37b74633c1c8a2fd2372d9fd72eb3abdea298f2b245fee',22);
INSERT INTO debits VALUES(310023,'1_mn6q3dS2EnDUx3bmyWc6D4szJNVGtaR7zc_mtQheFaSfWELRB2MyMBaiWjdDm6ux9Ezns_2','BBBC',10000,'send','c576ecde0f86c86725b540c9f5e6ae57a378fe9694260f7859eca55613d9d341',24);
-- Triggers and indices on  debits
CREATE TRIGGER block_update_debits
                           BEFORE UPDATE ON debits BEGIN
                               SELECT RAISE(FAIL, "UPDATES NOT ALLOWED");
                           END;
CREATE INDEX debits_action_idx ON debits (action)
        ;
CREATE INDEX debits_address_idx ON debits (address)
        ;
CREATE INDEX debits_asset_idx ON debits (asset)
        ;
CREATE INDEX debits_block_index_idx ON debits (block_index)
        ;
CREATE INDEX debits_event_idx ON debits (event)
        ;
CREATE INDEX debits_quantity_idx ON debits (quantity)
        ;

COMMIT TRANSACTION;
PRAGMA page_size=4096;
-- PRAGMA encoding='UTF-8';
-- PRAGMA auto_vacuum=FULL;
-- PRAGMA max_page_count=4294967294;

BEGIN TRANSACTION;

-- Table  messages
DROP TABLE IF EXISTS messages;
CREATE TABLE messages(
                      message_index INTEGER PRIMARY KEY,
                      block_index INTEGER,
                      command TEXT,
                      category TEXT,
                      bindings TEXT,
                      timestamp INTEGER,
                      event TEXT,
                      tx_hash TEXT,
                      event_hash TEXT);
INSERT INTO messages VALUES(0,309999,'insert','blocks','{"block_hash":"8b3bef249cb3b0fa23a4936c1249b6bd41daeadc848c8d2e409ea1cbc10adfe7","block_index":309999,"block_time":309999000,"difficulty":null,"ledger_hash":null,"previous_block_hash":null,"txlist_hash":null}',0,'NEW_BLOCK',NULL,'965f19c821dfa5b0ce29c0b99a18a7d2b1c5f70439e4d44627b946c5ac479db9');
INSERT INTO messages VALUES(1,309999,'parse','blocks','{"block_index":309999,"ledger_hash":"63f0fef31d02da85fa779e9a0e1b585b1a6a4e59e14564249e288e074e91c223","messages_hash":"63f0fef31d02da85fa779e9a0e1b585b1a6a4e59e14564249e288e074e91c223","transaction_count":0,"txlist_hash":"63f0fef31d02da85fa779e9a0e1b585b1a6a4e59e14564249e288e074e91c223"}',0,'BLOCK_PARSED',NULL,'640080d2cb6d2e2a1c1d99da104f34aa7632774837b4090fb36fadb2a306d2a0');
INSERT INTO messages VALUES(2,310000,'insert','blocks','{"block_hash":"505d8d82c4ced7daddef7ed0b05ba12ecc664176887b938ef56c6af276f3b30c","block_index":310000,"block_time":310000000,"difficulty":null,"ledger_hash":null,"previous_block_hash":null,"txlist_hash":null}',0,'NEW_BLOCK',NULL,'4e92402478a1ae3c97bae88f2b0dc960fc81385c88cd9b273ca0b74a0993c1b5');
INSERT INTO messages VALUES(3,310000,'insert','transactions','{"block_hash":"505d8d82c4ced7daddef7ed0b05ba12ecc664176887b938ef56c6af276f3b30c","block_index":310000,"block_time":310000000,"btc_amount":62000000,"data":"","destination":"mvCounterpartyXXXXXXXXXXXXXXW24Hef","fee":5625,"source":"1_mn6q3dS2EnDUx3bmyWc6D4szJNVGtaR7zc_mtQheFaSfWELRB2MyMBaiWjdDm6ux9Ezns_2","supported":true,"tx_hash":"9b6b1abb696d8d1b70c5beed046d7cddd23cd95b69ef18946cb18c5b56cfde30","tx_index":1}',0,'NEW_TRANSACTION',NULL,'c86e192ea15e2629ec89a0c692ea39010519d2549145f9acc06a956afb2ac326');
INSERT INTO messages VALUES(4,310000,'insert','credits','{"address":"1_mn6q3dS2EnDUx3bmyWc6D4szJNVGtaR7zc_mtQheFaSfWELRB2MyMBaiWjdDm6ux9Ezns_2","asset":"XCP","block_index":310000,"calling_function":"burn","event":"9b6b1abb696d8d1b70c5beed046d7cddd23cd95b69ef18946cb18c5b56cfde30","quantity":93000000000,"tx_index":1}',0,'CREDIT','9b6b1abb696d8d1b70c5beed046d7cddd23cd95b69ef18946cb18c5b56cfde30','3c8c2a7f6eedf294d209f58d85bd18e3e70b31e78d50156b7c2e0cd599ac0aa4');
INSERT INTO messages VALUES(5,310000,'insert','burns','{"block_index":310000,"burned":62000000,"earned":93000000000,"source":"1_mn6q3dS2EnDUx3bmyWc6D4szJNVGtaR7zc_mtQheFaSfWELRB2MyMBaiWjdDm6ux9Ezns_2","status":"valid","tx_hash":"9b6b1abb696d8d1b70c5beed046d7cddd23cd95b69ef18946cb18c5b56cfde30","tx_index":1}',0,'BURN','9b6b1abb696d8d1b70c5beed046d7cddd23cd95b69ef18946cb18c5b56cfde30','5fbaefc75f10feb5ad5ccf3a7389ea3dc7bc2a2ed6dcc0bf83d55fb04d9d048d');
INSERT INTO messages VALUES(6,310000,'parse','blocks','{"block_index":310000,"ledger_hash":"98ccdf7cd2fb29a8a01cbed5f133b70b6966c6c56354dad00baacedd0673c87e","messages_hash":"b364e4b262b19375281c08af25e2ce24e68e5ec3fb881f680c318fc258e9b02b","transaction_count":1,"txlist_hash":"faf6476a908c85f6e26ca5d182688d6da3f326296602d5ad3aa5979cb8bc110b"}',0,'BLOCK_PARSED',NULL,'4ccea3585db6ac463680e2567149e2e5a644a408a7e590b8b871c8ac52b9beaa');
INSERT INTO messages VALUES(7,310001,'insert','blocks','{"block_hash":"3c9f6a9c6cac46a9273bd3db39ad775acd5bc546378ec2fb0587e06e112cc78e","block_index":310001,"block_time":310001000,"difficulty":null,"ledger_hash":null,"previous_block_hash":null,"txlist_hash":null}',0,'NEW_BLOCK',NULL,'b4f1f92d7349585a7ed4b5e54523044a3d335f2748cdd310a640d17d5b9a3494');
INSERT INTO messages VALUES(8,310001,'insert','transactions','{"block_hash":"3c9f6a9c6cac46a9273bd3db39ad775acd5bc546378ec2fb0587e06e112cc78e","block_index":310001,"block_time":310001000,"btc_amount":1000,"data":"0000000000000000000000010000000002faf080","destination":"1_mnfAHmddVibnZNSkh8DvKaQoiEfNsxjXzH_mtQheFaSfWELRB2MyMBaiWjdDm6ux9Ezns_2","fee":7650,"source":"1_mn6q3dS2EnDUx3bmyWc6D4szJNVGtaR7zc_mtQheFaSfWELRB2MyMBaiWjdDm6ux9Ezns_2","supported":true,"tx_hash":"58e839ec2b1584d3474014093393ce57e5c22d6e686213ee4a7a0abe7bbac33c","tx_index":2}',0,'NEW_TRANSACTION',NULL,'c7cc9a141c64f50bf164270f32d6a169ac0b467ebd7aa67c496dd55e402651e0');
INSERT INTO messages VALUES(9,310001,'insert','debits','{"action":"send","address":"1_mn6q3dS2EnDUx3bmyWc6D4szJNVGtaR7zc_mtQheFaSfWELRB2MyMBaiWjdDm6ux9Ezns_2","asset":"XCP","block_index":310001,"event":"58e839ec2b1584d3474014093393ce57e5c22d6e686213ee4a7a0abe7bbac33c","quantity":50000000,"tx_index":2}',0,'DEBIT','58e839ec2b1584d3474014093393ce57e5c22d6e686213ee4a7a0abe7bbac33c','264044628fde8f6f4a60a44f1cac07432bf05ef5864686e7c998e34ce553bf67');
INSERT INTO messages VALUES(10,310001,'insert','credits','{"address":"1_mnfAHmddVibnZNSkh8DvKaQoiEfNsxjXzH_mtQheFaSfWELRB2MyMBaiWjdDm6ux9Ezns_2","asset":"XCP","block_index":310001,"calling_function":"send","event":"58e839ec2b1584d3474014093393ce57e5c22d6e686213ee4a7a0abe7bbac33c","quantity":50000000,"tx_index":2}',0,'CREDIT','58e839ec2b1584d3474014093393ce57e5c22d6e686213ee4a7a0abe7bbac33c','c2c5ab12c0a9c940da487275e7aac107a022450d2c624fd30cfc351a923511fc');
INSERT INTO messages VALUES(11,310001,'insert','sends','{"asset":"XCP","block_index":310001,"destination":"1_mnfAHmddVibnZNSkh8DvKaQoiEfNsxjXzH_mtQheFaSfWELRB2MyMBaiWjdDm6ux9Ezns_2","quantity":50000000,"source":"1_mn6q3dS2EnDUx3bmyWc6D4szJNVGtaR7zc_mtQheFaSfWELRB2MyMBaiWjdDm6ux9Ezns_2","status":"valid","tx_hash":"58e839ec2b1584d3474014093393ce57e5c22d6e686213ee4a7a0abe7bbac33c","tx_index":2}',0,'SEND','58e839ec2b1584d3474014093393ce57e5c22d6e686213ee4a7a0abe7bbac33c','0f5e3602312aad4704048a01ef65cd6d05b3d6ea76e2dfb2789ca6baed10017b');
INSERT INTO messages VALUES(12,310001,'parse','transactions','{"supported":true,"tx_hash":"58e839ec2b1584d3474014093393ce57e5c22d6e686213ee4a7a0abe7bbac33c","tx_index":2}',0,'TRANSACTION_PARSED','58e839ec2b1584d3474014093393ce57e5c22d6e686213ee4a7a0abe7bbac33c','57acafe7556b5aa680953f1866432304c1bf1584502016aefe6523ec59bd966d');
INSERT INTO messages VALUES(13,310001,'parse','blocks','{"block_index":310001,"ledger_hash":"fd43dc5efe2ee796ef7d24f8d478a67aa58bf85f538ef4b9a49b983a315deb26","messages_hash":"508f3f345fea51bf28a58de66ce187d1de1f66b1aaf1f2752e6bdbb459d253ac","transaction_count":1,"txlist_hash":"544f7958bf7661b78699c708ba1097da0dbb044acee3d1d8aa9a32d6b659a14d"}',0,'BLOCK_PARSED',NULL,'e9269b56676b1362d7666cd19e37754e1bae32fe7d178984acdb69fb10d7f56e');
INSERT INTO messages VALUES(14,310002,'insert','blocks','{"block_hash":"fbb60f1144e1f7d4dc036a4a158a10ea6dea2ba6283a723342a49b8eb5cc9964","block_index":310002,"block_time":310002000,"difficulty":null,"ledger_hash":null,"previous_block_hash":null,"txlist_hash":null}',0,'NEW_BLOCK',NULL,'5b5bf4e20b344d1b743a99dd0a1a63554ad157d7b36fa8fa82148a62d31a5ea1');
INSERT INTO messages VALUES(15,310002,'insert','transactions','{"block_hash":"fbb60f1144e1f7d4dc036a4a158a10ea6dea2ba6283a723342a49b8eb5cc9964","block_index":310002,"block_time":310002000,"btc_amount":0,"data":"0000000a00000000000000000000000002faf08000000000000000010000000005f5e100000a0000000000000000","destination":"","fee":1000000,"source":"1_mn6q3dS2EnDUx3bmyWc6D4szJNVGtaR7zc_mtQheFaSfWELRB2MyMBaiWjdDm6ux9Ezns_2","supported":true,"tx_hash":"332b030da57b9565324df01414778b1eafbee6c52343fea80774ee1725484367","tx_index":3}',0,'NEW_TRANSACTION',NULL,'3706a0000289f811b1d1058788248070549168116c35724b60b0b510f14153cc');
INSERT INTO messages VALUES(16,310002,'insert','orders','{"block_index":310002,"expiration":10,"expire_index":310012,"fee_provided":1000000,"fee_provided_remaining":1000000,"fee_required":0,"fee_required_remaining":0,"get_asset":"XCP","get_quantity":100000000,"get_remaining":100000000,"give_asset":"BTC","give_quantity":50000000,"give_remaining":50000000,"source":"1_mn6q3dS2EnDUx3bmyWc6D4szJNVGtaR7zc_mtQheFaSfWELRB2MyMBaiWjdDm6ux9Ezns_2","status":"open","tx_hash":"332b030da57b9565324df01414778b1eafbee6c52343fea80774ee1725484367","tx_index":3}',0,'OPEN_ORDER','332b030da57b9565324df01414778b1eafbee6c52343fea80774ee1725484367','b85048770b33dcc700208badf90d5968f5b46bc04cf0a1d69833bdc409573e3c');
INSERT INTO messages VALUES(17,310002,'parse','transactions','{"supported":true,"tx_hash":"332b030da57b9565324df01414778b1eafbee6c52343fea80774ee1725484367","tx_index":3}',0,'TRANSACTION_PARSED','332b030da57b9565324df01414778b1eafbee6c52343fea80774ee1725484367','8f375727a9a955099ce7167d8f292490da047f886263bd29844490a5f212ae33');
INSERT INTO messages VALUES(18,310002,'parse','blocks','{"block_index":310002,"ledger_hash":"dbae4fff32545b4f3c104fb5a051dcaeacecd27401c84c09f93923b8bc30eab5","messages_hash":"433747661a40185a36239da6ba39d8d3fe35bfb8080a674d6d46e74f7c71fe9a","transaction_count":1,"txlist_hash":"ee37e75a4eba165ed448b7cf96d188d7f738aca4d90a781c7f473974e12564d5"}',0,'BLOCK_PARSED',NULL,'a11b6f137e0553d16e22d335eaa76cda998731377aeea6d24093063db68243ae');
INSERT INTO messages VALUES(19,310003,'insert','blocks','{"block_hash":"d50825dcb32bcf6f69994d616eba18de7718d3d859497e80751b2cb67e333e8a","block_index":310003,"block_time":310003000,"difficulty":null,"ledger_hash":null,"previous_block_hash":null,"txlist_hash":null}',0,'NEW_BLOCK',NULL,'870aab37beacf4db91170c6b3bf6f8a3408ade566bdca0407bad5a20a969e944');
INSERT INTO messages VALUES(20,310003,'insert','transactions','{"block_hash":"d50825dcb32bcf6f69994d616eba18de7718d3d859497e80751b2cb67e333e8a","block_index":310003,"block_time":310003000,"btc_amount":0,"data":"0000000a00000000000000010000000006422c4000000000000000000000000002faf080000a00000000000dbba0","destination":"","fee":6800,"source":"1_mn6q3dS2EnDUx3bmyWc6D4szJNVGtaR7zc_mtQheFaSfWELRB2MyMBaiWjdDm6ux9Ezns_2","supported":true,"tx_hash":"f093b6c00e1bbe85106db6874b1ab4e3f4378d0bf0bcffbd8b51835285dfbf3f","tx_index":4}',0,'NEW_TRANSACTION',NULL,'19903334b96008eaa206283f9781ae19346b020b146982e1963be33543cc69ec');
INSERT INTO messages VALUES(21,310003,'insert','debits','{"action":"open order","address":"1_mn6q3dS2EnDUx3bmyWc6D4szJNVGtaR7zc_mtQheFaSfWELRB2MyMBaiWjdDm6ux9Ezns_2","asset":"XCP","block_index":310003,"event":"f093b6c00e1bbe85106db6874b1ab4e3f4378d0bf0bcffbd8b51835285dfbf3f","quantity":105000000,"tx_index":4}',0,'DEBIT','f093b6c00e1bbe85106db6874b1ab4e3f4378d0bf0bcffbd8b51835285dfbf3f','4cc848bc89a66c96b51aba77cb55b432c536db77dad542b999565ef530644e9f');
INSERT INTO messages VALUES(22,310003,'insert','orders','{"block_index":310003,"expiration":10,"expire_index":310013,"fee_provided":6800,"fee_provided_remaining":6800,"fee_required":900000,"fee_required_remaining":900000,"get_asset":"BTC","get_quantity":50000000,"get_remaining":50000000,"give_asset":"XCP","give_quantity":105000000,"give_remaining":105000000,"source":"1_mn6q3dS2EnDUx3bmyWc6D4szJNVGtaR7zc_mtQheFaSfWELRB2MyMBaiWjdDm6ux9Ezns_2","status":"open","tx_hash":"f093b6c00e1bbe85106db6874b1ab4e3f4378d0bf0bcffbd8b51835285dfbf3f","tx_index":4}',0,'OPEN_ORDER','f093b6c00e1bbe85106db6874b1ab4e3f4378d0bf0bcffbd8b51835285dfbf3f','083ba71a9f6c9be55d056368bfe9babf9337c6b9c1522e99ec82ef559be54269');
INSERT INTO messages VALUES(23,310003,'update','orders','{"fee_provided_remaining":142858,"fee_required_remaining":0,"get_remaining":0,"give_remaining":0,"status":"open","tx_hash":"332b030da57b9565324df01414778b1eafbee6c52343fea80774ee1725484367"}',0,'ORDER_UPDATE','f093b6c00e1bbe85106db6874b1ab4e3f4378d0bf0bcffbd8b51835285dfbf3f','f62788feb5076d452507a2315ac288d63379d7f454b75839ed4a801c2d187fd4');
INSERT INTO messages VALUES(24,310003,'update','orders','{"fee_provided_remaining":6800,"fee_required_remaining":42858,"get_remaining":0,"give_remaining":5000000,"status":"open","tx_hash":"f093b6c00e1bbe85106db6874b1ab4e3f4378d0bf0bcffbd8b51835285dfbf3f"}',0,'ORDER_UPDATE','f093b6c00e1bbe85106db6874b1ab4e3f4378d0bf0bcffbd8b51835285dfbf3f','837cbd02e0c25a7e514e07d58fae5667f9b0bdf30a372c1cf4306f33520c6796');
INSERT INTO messages VALUES(25,310003,'insert','order_matches','{"backward_asset":"XCP","backward_quantity":100000000,"block_index":310003,"fee_paid":857142,"forward_asset":"BTC","forward_quantity":50000000,"id":"332b030da57b9565324df01414778b1eafbee6c52343fea80774ee1725484367_f093b6c00e1bbe85106db6874b1ab4e3f4378d0bf0bcffbd8b51835285dfbf3f","match_expire_index":310023,"status":"pending","tx0_address":"1_mn6q3dS2EnDUx3bmyWc6D4szJNVGtaR7zc_mtQheFaSfWELRB2MyMBaiWjdDm6ux9Ezns_2","tx0_block_index":310002,"tx0_expiration":10,"tx0_hash":"332b030da57b9565324df01414778b1eafbee6c52343fea80774ee1725484367","tx0_index":3,"tx1_address":"1_mn6q3dS2EnDUx3bmyWc6D4szJNVGtaR7zc_mtQheFaSfWELRB2MyMBaiWjdDm6ux9Ezns_2","tx1_block_index":310003,"tx1_expiration":10,"tx1_hash":"f093b6c00e1bbe85106db6874b1ab4e3f4378d0bf0bcffbd8b51835285dfbf3f","tx1_index":4}',0,'ORDER_MATCH','f093b6c00e1bbe85106db6874b1ab4e3f4378d0bf0bcffbd8b51835285dfbf3f','109b014aaf169f9c10bc421c4b2d4719e58e348a91e4eff4599f365cd3a8b477');
INSERT INTO messages VALUES(26,310003,'parse','transactions','{"supported":true,"tx_hash":"f093b6c00e1bbe85106db6874b1ab4e3f4378d0bf0bcffbd8b51835285dfbf3f","tx_index":4}',0,'TRANSACTION_PARSED','f093b6c00e1bbe85106db6874b1ab4e3f4378d0bf0bcffbd8b51835285dfbf3f','03d19a4766c4d0fcc726ba799427eb41a79ce54e1dde33f898ad21f41cdf5b92');
INSERT INTO messages VALUES(27,310003,'parse','blocks','{"block_index":310003,"ledger_hash":"fd0ae9793d9513540246b94ad116fc0531e8e07b2c014752e175a12e2a7a82d4","messages_hash":"01a5158be117031c2249b66ea64def6a7fa907cc99484335d67fadf9b747f3e2","transaction_count":1,"txlist_hash":"107902b17490957ebc0d2cb5dba1f5e667e3a393acfd8b3adde9f6b17aaad5c4"}',0,'BLOCK_PARSED',NULL,'bb93328ab531b7b555d486108bb19ba67616ef69634bf95eebf39a5d09fd0c49');
INSERT INTO messages VALUES(28,310004,'insert','blocks','{"block_hash":"60cdc0ac0e3121ceaa2c3885f21f5789f49992ffef6e6ff99f7da80e36744615","block_index":310004,"block_time":310004000,"difficulty":null,"ledger_hash":null,"previous_block_hash":null,"txlist_hash":null}',0,'NEW_BLOCK',NULL,'c6c243a24e0f80ff06932fb1ccd69278e8cb0f61f141c670891c32dcc6e914c8');
INSERT INTO messages VALUES(29,310004,'insert','transactions','{"block_hash":"60cdc0ac0e3121ceaa2c3885f21f5789f49992ffef6e6ff99f7da80e36744615","block_index":310004,"block_time":310004000,"btc_amount":50000000,"data":"0000000b332b030da57b9565324df01414778b1eafbee6c52343fea80774ee1725484367f093b6c00e1bbe85106db6874b1ab4e3f4378d0bf0bcffbd8b51835285dfbf3f","destination":"1_mn6q3dS2EnDUx3bmyWc6D4szJNVGtaR7zc_mtQheFaSfWELRB2MyMBaiWjdDm6ux9Ezns_2","fee":9675,"source":"1_mn6q3dS2EnDUx3bmyWc6D4szJNVGtaR7zc_mtQheFaSfWELRB2MyMBaiWjdDm6ux9Ezns_2","supported":true,"tx_hash":"ed17dc38233838e15d319a1786825b9e7cdba815554c9d6f4dd527615bce10b8","tx_index":5}',0,'NEW_TRANSACTION',NULL,'6b5d62f27b29cf954c49e756540261d837acbdd9279a3fe002ab406d854bb534');
INSERT INTO messages VALUES(30,310004,'insert','credits','{"address":"1_mn6q3dS2EnDUx3bmyWc6D4szJNVGtaR7zc_mtQheFaSfWELRB2MyMBaiWjdDm6ux9Ezns_2","asset":"XCP","block_index":310004,"calling_function":"btcpay","event":"ed17dc38233838e15d319a1786825b9e7cdba815554c9d6f4dd527615bce10b8","quantity":100000000,"tx_index":5}',0,'CREDIT','ed17dc38233838e15d319a1786825b9e7cdba815554c9d6f4dd527615bce10b8','5e533c7f27b7a38d6a522ff7edfd98638eb28bc896d845f0610ba0bc9aaab4d6');
INSERT INTO messages VALUES(31,310004,'update','order_matches','{"id":"332b030da57b9565324df01414778b1eafbee6c52343fea80774ee1725484367_f093b6c00e1bbe85106db6874b1ab4e3f4378d0bf0bcffbd8b51835285dfbf3f","order_match_id":"332b030da57b9565324df01414778b1eafbee6c52343fea80774ee1725484367_f093b6c00e1bbe85106db6874b1ab4e3f4378d0bf0bcffbd8b51835285dfbf3f","status":"completed"}',0,'ORDER_MATCH_UPDATE','ed17dc38233838e15d319a1786825b9e7cdba815554c9d6f4dd527615bce10b8','20879f2aa2ef9c03e699225b6dd3eef16caf1ac691c277fe2890fe2b0cfd5f1a');
INSERT INTO messages VALUES(32,310004,'insert','btcpays','{"block_index":310004,"btc_amount":50000000,"destination":"1_mn6q3dS2EnDUx3bmyWc6D4szJNVGtaR7zc_mtQheFaSfWELRB2MyMBaiWjdDm6ux9Ezns_2","order_match_id":"332b030da57b9565324df01414778b1eafbee6c52343fea80774ee1725484367_f093b6c00e1bbe85106db6874b1ab4e3f4378d0bf0bcffbd8b51835285dfbf3f","source":"1_mn6q3dS2EnDUx3bmyWc6D4szJNVGtaR7zc_mtQheFaSfWELRB2MyMBaiWjdDm6ux9Ezns_2","status":"valid","tx_hash":"ed17dc38233838e15d319a1786825b9e7cdba815554c9d6f4dd527615bce10b8","tx_index":5}',0,'BTC_PAY','ed17dc38233838e15d319a1786825b9e7cdba815554c9d6f4dd527615bce10b8','cac23eac67b86c802e62b8b5fb8229a5d383c79b841bab6a369a5183a7071127');
INSERT INTO messages VALUES(33,310004,'parse','transactions','{"supported":true,"tx_hash":"ed17dc38233838e15d319a1786825b9e7cdba815554c9d6f4dd527615bce10b8","tx_index":5}',0,'TRANSACTION_PARSED','ed17dc38233838e15d319a1786825b9e7cdba815554c9d6f4dd527615bce10b8','c01b77e94afed140a8981012c3e1be2a5e070b522e786e42b9ff05df0f61928e');
INSERT INTO messages VALUES(34,310004,'parse','blocks','{"block_index":310004,"ledger_hash":"bd894777a85b731155a0d6362766b4220c03db4f3e5fbf030d6c2529cb5f3537","messages_hash":"ffab6b5c0592a131d2ee25f07a31b86d9a35a48ca313bcf129ddeddb84b6b04c","transaction_count":1,"txlist_hash":"65e6a7c64c8439a60fb066d96d5165e6e40974bd1b98812ac6a4172fb1db1511"}',0,'BLOCK_PARSED',NULL,'73e51ba7987d909a463aa7677f0a15af3bc9e8528c9e93031e32f6e0e6a60154');
INSERT INTO messages VALUES(35,310005,'insert','blocks','{"block_hash":"8005c2926b7ecc50376642bc661a49108b6dc62636463a5c492b123e2184cd9a","block_index":310005,"block_time":310005000,"difficulty":null,"ledger_hash":null,"previous_block_hash":null,"txlist_hash":null}',0,'NEW_BLOCK',NULL,'9c015115e4a2b9f213419c6c5c26dba647650bfdce31b4a5acd8d58ec9ac1cec');
INSERT INTO messages VALUES(36,310005,'insert','transactions','{"block_hash":"8005c2926b7ecc50376642bc661a49108b6dc62636463a5c492b123e2184cd9a","block_index":310005,"block_time":310005000,"btc_amount":0,"data":"000000140000000000004767000000003b9aca000100000000000000000000","destination":"","fee":6800,"source":"1_mn6q3dS2EnDUx3bmyWc6D4szJNVGtaR7zc_mtQheFaSfWELRB2MyMBaiWjdDm6ux9Ezns_2","supported":true,"tx_hash":"cd2b44cb56dd5aaae1181c42ab8953ebb9d0fb8e177e960ffe55e3500b3aae25","tx_index":6}',0,'NEW_TRANSACTION',NULL,'bdf4739eed2295543e62ecaaacd4bb57393c1c9f1a61dc72fc04ea66e3926c3c');
INSERT INTO messages VALUES(37,310005,'insert','debits','{"action":"issuance fee","address":"1_mn6q3dS2EnDUx3bmyWc6D4szJNVGtaR7zc_mtQheFaSfWELRB2MyMBaiWjdDm6ux9Ezns_2","asset":"XCP","block_index":310005,"event":"cd2b44cb56dd5aaae1181c42ab8953ebb9d0fb8e177e960ffe55e3500b3aae25","quantity":50000000,"tx_index":6}',0,'DEBIT','cd2b44cb56dd5aaae1181c42ab8953ebb9d0fb8e177e960ffe55e3500b3aae25','ec300ea5a2ef5f830fda4c5e94be0680a968ea324efba8199faff1eef810c4a4');
INSERT INTO messages VALUES(38,310005,'insert','assets','{"asset_id":"18279","asset_longname":null,"asset_name":"BBBB","block_index":310005}',0,'ASSET_CREATION','cd2b44cb56dd5aaae1181c42ab8953ebb9d0fb8e177e960ffe55e3500b3aae25','2f5a71e7b0cc8a832a210d99c5dc8a06a0ff11ee9350fc7221134e5a7c1df7a6');
INSERT INTO messages VALUES(39,310005,'insert','issuances','{"asset":"BBBB","asset_longname":null,"block_index":310005,"call_date":0,"call_price":0.0,"callable":false,"description":"","divisible":true,"fee_paid":50000000,"issuer":"1_mn6q3dS2EnDUx3bmyWc6D4szJNVGtaR7zc_mtQheFaSfWELRB2MyMBaiWjdDm6ux9Ezns_2","locked":false,"quantity":1000000000,"reset":false,"source":"1_mn6q3dS2EnDUx3bmyWc6D4szJNVGtaR7zc_mtQheFaSfWELRB2MyMBaiWjdDm6ux9Ezns_2","status":"valid","transfer":false,"tx_hash":"cd2b44cb56dd5aaae1181c42ab8953ebb9d0fb8e177e960ffe55e3500b3aae25","tx_index":6}',0,'ASSET_ISSUANCE','cd2b44cb56dd5aaae1181c42ab8953ebb9d0fb8e177e960ffe55e3500b3aae25','c0b45fac41c9a10bfe6f225f6b01501004cefcb438fa95e77b304c9045ee69f6');
INSERT INTO messages VALUES(40,310005,'insert','credits','{"address":"1_mn6q3dS2EnDUx3bmyWc6D4szJNVGtaR7zc_mtQheFaSfWELRB2MyMBaiWjdDm6ux9Ezns_2","asset":"BBBB","block_index":310005,"calling_function":"issuance","event":"cd2b44cb56dd5aaae1181c42ab8953ebb9d0fb8e177e960ffe55e3500b3aae25","quantity":1000000000,"tx_index":6}',0,'CREDIT','cd2b44cb56dd5aaae1181c42ab8953ebb9d0fb8e177e960ffe55e3500b3aae25','590b29df4c9bd69435a4a6a191d8ac7cd71de3e35cc9f4dc1467093f7ba2f5a7');
INSERT INTO messages VALUES(41,310005,'parse','transactions','{"supported":true,"tx_hash":"cd2b44cb56dd5aaae1181c42ab8953ebb9d0fb8e177e960ffe55e3500b3aae25","tx_index":6}',0,'TRANSACTION_PARSED','cd2b44cb56dd5aaae1181c42ab8953ebb9d0fb8e177e960ffe55e3500b3aae25','f95928ba8fbe72f7e24604446580279b03587d04a966bf6e5c849a46bf3f02ce');
INSERT INTO messages VALUES(42,310005,'parse','blocks','{"block_index":310005,"ledger_hash":"264c98f1d460f78e52def545d25482fd76549a5309d04841bc27b335f06470a2","messages_hash":"92d9412fe93d5ea10d281e838ab44f67f61078ca1df6e621b48d9e50a01e18e7","transaction_count":1,"txlist_hash":"9ede5548f7cb273af825360a6285fe9a51e9625c9084b2dde7bec013dec24f0e"}',0,'BLOCK_PARSED',NULL,'0e5a154d96a94fd36d1fcf7ad918aff687939614c517a00c14dce6d58e24c767');
INSERT INTO messages VALUES(43,310006,'insert','blocks','{"block_hash":"bdad69d1669eace68b9f246de113161099d4f83322e2acf402c42defef3af2bb","block_index":310006,"block_time":310006000,"difficulty":null,"ledger_hash":null,"previous_block_hash":null,"txlist_hash":null}',0,'NEW_BLOCK',NULL,'c83793ade2a6428353a904a1481a2068da304ba5e023cce24a116f12fa704e56');
INSERT INTO messages VALUES(44,310006,'insert','transactions','{"block_hash":"bdad69d1669eace68b9f246de113161099d4f83322e2acf402c42defef3af2bb","block_index":310006,"block_time":310006000,"btc_amount":0,"data":"00000014000000000000476800000000000186a00000000000000000000006666f6f626172","destination":"","fee":6800,"source":"1_mn6q3dS2EnDUx3bmyWc6D4szJNVGtaR7zc_mtQheFaSfWELRB2MyMBaiWjdDm6ux9Ezns_2","supported":true,"tx_hash":"ddefdf227fd8cd8df1e77f0b531e98a033d2e5b237fa4331b83c003de54877d9","tx_index":7}',0,'NEW_TRANSACTION',NULL,'37caaa98437a7c3de178edfd1e17a5a388c89c10d91f55877444964b29bbab18');
INSERT INTO messages VALUES(45,310006,'insert','debits','{"action":"issuance fee","address":"1_mn6q3dS2EnDUx3bmyWc6D4szJNVGtaR7zc_mtQheFaSfWELRB2MyMBaiWjdDm6ux9Ezns_2","asset":"XCP","block_index":310006,"event":"ddefdf227fd8cd8df1e77f0b531e98a033d2e5b237fa4331b83c003de54877d9","quantity":50000000,"tx_index":7}',0,'DEBIT','ddefdf227fd8cd8df1e77f0b531e98a033d2e5b237fa4331b83c003de54877d9','79ddb8fbb96d01d9f517049c7d0bb1a710144231827b99c1060541ba936ecf20');
INSERT INTO messages VALUES(46,310006,'insert','assets','{"asset_id":"18280","asset_longname":null,"asset_name":"BBBC","block_index":310006}',0,'ASSET_CREATION','ddefdf227fd8cd8df1e77f0b531e98a033d2e5b237fa4331b83c003de54877d9','497e6eb0d1f4399bff1059c98e3efcf54ed903f3187dc01e0b58ace397eb18be');
INSERT INTO messages VALUES(47,310006,'insert','issuances','{"asset":"BBBC","asset_longname":null,"block_index":310006,"call_date":0,"call_price":0.0,"callable":false,"description":"foobar","divisible":false,"fee_paid":50000000,"issuer":"1_mn6q3dS2EnDUx3bmyWc6D4szJNVGtaR7zc_mtQheFaSfWELRB2MyMBaiWjdDm6ux9Ezns_2","locked":false,"quantity":100000,"reset":false,"source":"1_mn6q3dS2EnDUx3bmyWc6D4szJNVGtaR7zc_mtQheFaSfWELRB2MyMBaiWjdDm6ux9Ezns_2","status":"valid","transfer":false,"tx_hash":"ddefdf227fd8cd8df1e77f0b531e98a033d2e5b237fa4331b83c003de54877d9","tx_index":7}',0,'ASSET_ISSUANCE','ddefdf227fd8cd8df1e77f0b531e98a033d2e5b237fa4331b83c003de54877d9','a4728bc9e2d5b5c0c69b09c8d2d3efeb50fd71354bc17b7d1e349a790694370a');
INSERT INTO messages VALUES(48,310006,'insert','credits','{"address":"1_mn6q3dS2EnDUx3bmyWc6D4szJNVGtaR7zc_mtQheFaSfWELRB2MyMBaiWjdDm6ux9Ezns_2","asset":"BBBC","block_index":310006,"calling_function":"issuance","event":"ddefdf227fd8cd8df1e77f0b531e98a033d2e5b237fa4331b83c003de54877d9","quantity":100000,"tx_index":7}',0,'CREDIT','ddefdf227fd8cd8df1e77f0b531e98a033d2e5b237fa4331b83c003de54877d9','aa60e13eb589cbe38b45cab9c46e1cb806b178e1a63e76abd9572f9fcadd9233');
INSERT INTO messages VALUES(49,310006,'parse','transactions','{"supported":true,"tx_hash":"ddefdf227fd8cd8df1e77f0b531e98a033d2e5b237fa4331b83c003de54877d9","tx_index":7}',0,'TRANSACTION_PARSED','ddefdf227fd8cd8df1e77f0b531e98a033d2e5b237fa4331b83c003de54877d9','618d46d7991a36c3167d327116ca8607889e44534f6ab3eea2e9a3c060e78be4');
INSERT INTO messages VALUES(50,310006,'parse','blocks','{"block_index":310006,"ledger_hash":"a1f2aa5a0b8d030c2fc4e1243c3173319ecf68d232262ea3dc8bfdd03a3f923a","messages_hash":"5259477ce9e5a469ba99387b432342722700d86f80912613aa648460421d5261","transaction_count":1,"txlist_hash":"afa257be6b0f57581b8f1b932b3c8473ff5c89e4bd6c3d3e3dd6a8c3cd9b09d3"}',0,'BLOCK_PARSED',NULL,'e548ca2a3e4c70f6cd733da8aeedd94e5546fe42e60263c534f3742b1eafb103');
INSERT INTO messages VALUES(51,310007,'insert','blocks','{"block_hash":"10a642b96d60091d08234d17dfdecf3025eca41e4fc8e3bbe71a91c5a457cb4b","block_index":310007,"block_time":310007000,"difficulty":null,"ledger_hash":null,"previous_block_hash":null,"txlist_hash":null}',0,'NEW_BLOCK',NULL,'2c60f8ffbcf73ae44d11d2f852e664376d437b7fa663dc8c0d91771c4b602c57');
INSERT INTO messages VALUES(52,310007,'insert','transactions','{"block_hash":"10a642b96d60091d08234d17dfdecf3025eca41e4fc8e3bbe71a91c5a457cb4b","block_index":310007,"block_time":310007000,"btc_amount":1000,"data":"00000000000000000000476700000000003d0900","destination":"1_mnfAHmddVibnZNSkh8DvKaQoiEfNsxjXzH_mtQheFaSfWELRB2MyMBaiWjdDm6ux9Ezns_2","fee":7650,"source":"1_mn6q3dS2EnDUx3bmyWc6D4szJNVGtaR7zc_mtQheFaSfWELRB2MyMBaiWjdDm6ux9Ezns_2","supported":true,"tx_hash":"f337451a19eac3c2fe66daf7d44d39c41a012d2dfd85de90cc3877bbc2e7d30c","tx_index":8}',0,'NEW_TRANSACTION',NULL,'afd50bfc7df6000d051bbb98587dcb70b49b63312f56f0c3d7297ddc906f712e');
INSERT INTO messages VALUES(53,310007,'insert','debits','{"action":"send","address":"1_mn6q3dS2EnDUx3bmyWc6D4szJNVGtaR7zc_mtQheFaSfWELRB2MyMBaiWjdDm6ux9Ezns_2","asset":"BBBB","block_index":310007,"event":"f337451a19eac3c2fe66daf7d44d39c41a012d2dfd85de90cc3877bbc2e7d30c","quantity":4000000,"tx_index":8}',0,'DEBIT','f337451a19eac3c2fe66daf7d44d39c41a012d2dfd85de90cc3877bbc2e7d30c','25cde353370aa5bd65e3c3776fe6209cda05bf33e2359e10723f01b0ffecbf90');
INSERT INTO messages VALUES(54,310007,'insert','credits','{"address":"1_mnfAHmddVibnZNSkh8DvKaQoiEfNsxjXzH_mtQheFaSfWELRB2MyMBaiWjdDm6ux9Ezns_2","asset":"BBBB","block_index":310007,"calling_function":"send","event":"f337451a19eac3c2fe66daf7d44d39c41a012d2dfd85de90cc3877bbc2e7d30c","quantity":4000000,"tx_index":8}',0,'CREDIT','f337451a19eac3c2fe66daf7d44d39c41a012d2dfd85de90cc3877bbc2e7d30c','1dc879e73291c2a725d193749a2a5620a06a90930a2dc9b2900eb222e7350cae');
INSERT INTO messages VALUES(55,310007,'insert','sends','{"asset":"BBBB","block_index":310007,"destination":"1_mnfAHmddVibnZNSkh8DvKaQoiEfNsxjXzH_mtQheFaSfWELRB2MyMBaiWjdDm6ux9Ezns_2","quantity":4000000,"source":"1_mn6q3dS2EnDUx3bmyWc6D4szJNVGtaR7zc_mtQheFaSfWELRB2MyMBaiWjdDm6ux9Ezns_2","status":"valid","tx_hash":"f337451a19eac3c2fe66daf7d44d39c41a012d2dfd85de90cc3877bbc2e7d30c","tx_index":8}',0,'SEND','f337451a19eac3c2fe66daf7d44d39c41a012d2dfd85de90cc3877bbc2e7d30c','6ea2f015a5c6cf771b01ff704a77089d98507c4ae107e36489404f733dcb7d99');
INSERT INTO messages VALUES(56,310007,'parse','transactions','{"supported":true,"tx_hash":"f337451a19eac3c2fe66daf7d44d39c41a012d2dfd85de90cc3877bbc2e7d30c","tx_index":8}',0,'TRANSACTION_PARSED','f337451a19eac3c2fe66daf7d44d39c41a012d2dfd85de90cc3877bbc2e7d30c','8914a054906e7474e7771c842e23d659c2b1a1dc3791f2f872315827d19ad5e8');
INSERT INTO messages VALUES(57,310007,'parse','blocks','{"block_index":310007,"ledger_hash":"8709aa2d5064ea2b7ab51a887d21f5fddcb7046753cd883317b533ed121f8504","messages_hash":"0b9ffff66cfe4698c16889013800547e79cdad7d3f84eff57e14828a3dbe8a52","transaction_count":1,"txlist_hash":"40941bb90c086bd2716de8afc1fba5eb75721143a86a606ef99ee3312de95614"}',0,'BLOCK_PARSED',NULL,'50fae471dcd1fee5cebd3d2a8236e7cc36fc1f129d0e21344b2cf3c539d8c85f');
INSERT INTO messages VALUES(58,310008,'insert','blocks','{"block_hash":"47d0e3acbdc6916aeae95e987f9cfa16209b3df1e67bb38143b3422b32322c33","block_index":310008,"block_time":310008000,"difficulty":null,"ledger_hash":null,"previous_block_hash":null,"txlist_hash":null}',0,'NEW_BLOCK',NULL,'6655f78936cffb8b8580ce9a400cb6b26b39211788b47670c54292b567b7a790');
INSERT INTO messages VALUES(59,310008,'insert','transactions','{"block_hash":"47d0e3acbdc6916aeae95e987f9cfa16209b3df1e67bb38143b3422b32322c33","block_index":310008,"block_time":310008000,"btc_amount":1000,"data":"000000000000000000004768000000000000020e","destination":"1_mnfAHmddVibnZNSkh8DvKaQoiEfNsxjXzH_mtQheFaSfWELRB2MyMBaiWjdDm6ux9Ezns_2","fee":7650,"source":"1_mn6q3dS2EnDUx3bmyWc6D4szJNVGtaR7zc_mtQheFaSfWELRB2MyMBaiWjdDm6ux9Ezns_2","supported":true,"tx_hash":"c639e9482b31b487115b4437dd87cff98338003fabf18066bf051e1164aa4394","tx_index":9}',0,'NEW_TRANSACTION',NULL,'f6b1e2e9b906b1ff55672eb17c278d6a1b955ccd004b0a8f961f546e2d9e60ea');
INSERT INTO messages VALUES(60,310008,'insert','debits','{"action":"send","address":"1_mn6q3dS2EnDUx3bmyWc6D4szJNVGtaR7zc_mtQheFaSfWELRB2MyMBaiWjdDm6ux9Ezns_2","asset":"BBBC","block_index":310008,"event":"c639e9482b31b487115b4437dd87cff98338003fabf18066bf051e1164aa4394","quantity":526,"tx_index":9}',0,'DEBIT','c639e9482b31b487115b4437dd87cff98338003fabf18066bf051e1164aa4394','c8179c530800cf478d0458b3f1c9e750d7784730bbbbe9d59e1409c5ab44247b');
INSERT INTO messages VALUES(61,310008,'insert','credits','{"address":"1_mnfAHmddVibnZNSkh8DvKaQoiEfNsxjXzH_mtQheFaSfWELRB2MyMBaiWjdDm6ux9Ezns_2","asset":"BBBC","block_index":310008,"calling_function":"send","event":"c639e9482b31b487115b4437dd87cff98338003fabf18066bf051e1164aa4394","quantity":526,"tx_index":9}',0,'CREDIT','c639e9482b31b487115b4437dd87cff98338003fabf18066bf051e1164aa4394','9c474dd221d06e4f3053e4fbef754b5ba111c70a0724d0b94fed7d2f31cb2a8d');
INSERT INTO messages VALUES(62,310008,'insert','sends','{"asset":"BBBC","block_index":310008,"destination":"1_mnfAHmddVibnZNSkh8DvKaQoiEfNsxjXzH_mtQheFaSfWELRB2MyMBaiWjdDm6ux9Ezns_2","quantity":526,"source":"1_mn6q3dS2EnDUx3bmyWc6D4szJNVGtaR7zc_mtQheFaSfWELRB2MyMBaiWjdDm6ux9Ezns_2","status":"valid","tx_hash":"c639e9482b31b487115b4437dd87cff98338003fabf18066bf051e1164aa4394","tx_index":9}',0,'SEND','c639e9482b31b487115b4437dd87cff98338003fabf18066bf051e1164aa4394','f61f07699bb0dfa66d8a8faaed9666de4141e55f11563debe394542144446994');
INSERT INTO messages VALUES(63,310008,'parse','transactions','{"supported":true,"tx_hash":"c639e9482b31b487115b4437dd87cff98338003fabf18066bf051e1164aa4394","tx_index":9}',0,'TRANSACTION_PARSED','c639e9482b31b487115b4437dd87cff98338003fabf18066bf051e1164aa4394','fa009024c6fff73002310a22f39281aa906a70584b85baf42161fd4e8c60920c');
INSERT INTO messages VALUES(64,310008,'parse','blocks','{"block_index":310008,"ledger_hash":"c1c516176fe38b69b31e3668b5ef20805bd90d3112c77f5652f838af8e7f604a","messages_hash":"7fdd558da169a125a365a206d1606ef1594ce7dc3c8102d9de55a0a08f8036a8","transaction_count":1,"txlist_hash":"9b186632fe722ba57daaa01573568c3d3405f7fcb0a729005a6338266a4debfa"}',0,'BLOCK_PARSED',NULL,'7c2ebffb3394a8f522fefc99fe197318385bcfbea9e0c80139d8f7b07f44af86');
INSERT INTO messages VALUES(65,310009,'insert','blocks','{"block_hash":"4d474992b141620bf3753863db7ee5e8af26cadfbba27725911f44fa657bc1c0","block_index":310009,"block_time":310009000,"difficulty":null,"ledger_hash":null,"previous_block_hash":null,"txlist_hash":null}',0,'NEW_BLOCK',NULL,'945abf75007c0fb502c8ab6180c5106ea96461d0699717e70d2b74c4030a972a');
INSERT INTO messages VALUES(66,310009,'insert','transactions','{"block_hash":"4d474992b141620bf3753863db7ee5e8af26cadfbba27725911f44fa657bc1c0","block_index":310009,"block_time":310009000,"btc_amount":0,"data":"00000032000000000000025800000000000047670000000000000001","destination":"","fee":6800,"source":"1_mn6q3dS2EnDUx3bmyWc6D4szJNVGtaR7zc_mtQheFaSfWELRB2MyMBaiWjdDm6ux9Ezns_2","supported":true,"tx_hash":"7881c1fe7881a590d09302dde67cfd888a74154888e0c310bd01575f560b8ac8","tx_index":10}',0,'NEW_TRANSACTION',NULL,'ce0f97295a9d31d98d4640616050997604278c13cf828bb6b68e5b34cb9d6fac');
INSERT INTO messages VALUES(67,310009,'insert','debits','{"action":"dividend","address":"1_mn6q3dS2EnDUx3bmyWc6D4szJNVGtaR7zc_mtQheFaSfWELRB2MyMBaiWjdDm6ux9Ezns_2","asset":"XCP","block_index":310009,"event":"7881c1fe7881a590d09302dde67cfd888a74154888e0c310bd01575f560b8ac8","quantity":24,"tx_index":10}',0,'DEBIT','7881c1fe7881a590d09302dde67cfd888a74154888e0c310bd01575f560b8ac8','6044ced675dca469fa0495b78945f44f5c6a0080dbdfa37bcd3b34d0459e03ed');
INSERT INTO messages VALUES(68,310009,'insert','debits','{"action":"dividend fee","address":"1_mn6q3dS2EnDUx3bmyWc6D4szJNVGtaR7zc_mtQheFaSfWELRB2MyMBaiWjdDm6ux9Ezns_2","asset":"XCP","block_index":310009,"event":"7881c1fe7881a590d09302dde67cfd888a74154888e0c310bd01575f560b8ac8","quantity":20000,"tx_index":10}',0,'DEBIT','7881c1fe7881a590d09302dde67cfd888a74154888e0c310bd01575f560b8ac8','4dc64dea12a990c7a50870a4a904ffef6faaa8eb927e576846a448897348df17');
INSERT INTO messages VALUES(69,310009,'insert','credits','{"address":"1_mnfAHmddVibnZNSkh8DvKaQoiEfNsxjXzH_mtQheFaSfWELRB2MyMBaiWjdDm6ux9Ezns_2","asset":"XCP","block_index":310009,"calling_function":"dividend","event":"7881c1fe7881a590d09302dde67cfd888a74154888e0c310bd01575f560b8ac8","quantity":24,"tx_index":10}',0,'CREDIT','7881c1fe7881a590d09302dde67cfd888a74154888e0c310bd01575f560b8ac8','fea0b450244f11fabe2c09679dc37cb43dd140323eb4f5b2f1a1a2d1365c7acd');
INSERT INTO messages VALUES(70,310009,'insert','dividends','{"asset":"BBBB","block_index":310009,"dividend_asset":"XCP","fee_paid":20000,"quantity_per_unit":600,"source":"1_mn6q3dS2EnDUx3bmyWc6D4szJNVGtaR7zc_mtQheFaSfWELRB2MyMBaiWjdDm6ux9Ezns_2","status":"valid","tx_hash":"7881c1fe7881a590d09302dde67cfd888a74154888e0c310bd01575f560b8ac8","tx_index":10}',0,'ASSET_DIVIDEND','7881c1fe7881a590d09302dde67cfd888a74154888e0c310bd01575f560b8ac8','3c60bcd167a29d31dda69d1fdca3c0a75a5054851bc4be7e92f732c2c77ac4b0');
INSERT INTO messages VALUES(71,310009,'parse','transactions','{"supported":true,"tx_hash":"7881c1fe7881a590d09302dde67cfd888a74154888e0c310bd01575f560b8ac8","tx_index":10}',0,'TRANSACTION_PARSED','7881c1fe7881a590d09302dde67cfd888a74154888e0c310bd01575f560b8ac8','7a7b284a5296f73e3f83faefd16e08819580965dc223a0b752e7e64cbdd222c9');
INSERT INTO messages VALUES(72,310009,'parse','blocks','{"block_index":310009,"ledger_hash":"ae8ee9e681f0ac96de96babc1c80e5188b3e0cb91074a0dfd8511ee7d0ae64c8","messages_hash":"262ab7169bddff900a7be3663dc902396e4e58f34c0112f1293a2b2040856f03","transaction_count":1,"txlist_hash":"39f4f154cbeae9a65b43ac831b2d5ad0e6f6575b909b979bd4bd97dadbab4cdd"}',0,'BLOCK_PARSED',NULL,'589b861eae254c806ff1640907f831fe482eab1de6cb01727a0f5ce74a509afe');
INSERT INTO messages VALUES(73,310010,'insert','blocks','{"block_hash":"a58162dff81a32e6a29b075be759dbb9fa9b8b65303e69c78fb4d7b0acc37042","block_index":310010,"block_time":310010000,"difficulty":null,"ledger_hash":null,"previous_block_hash":null,"txlist_hash":null}',0,'NEW_BLOCK',NULL,'2639f62c99d85fa0fd6f8841832701e209438f47d12d712a9b5031cd39641d55');
INSERT INTO messages VALUES(74,310010,'insert','transactions','{"block_hash":"a58162dff81a32e6a29b075be759dbb9fa9b8b65303e69c78fb4d7b0acc37042","block_index":310010,"block_time":310010000,"btc_amount":0,"data":"00000032000000000000032000000000000047680000000000000001","destination":"","fee":6800,"source":"1_mn6q3dS2EnDUx3bmyWc6D4szJNVGtaR7zc_mtQheFaSfWELRB2MyMBaiWjdDm6ux9Ezns_2","supported":true,"tx_hash":"c41898ad625e2236110101070c09e9f28b6fea1ed436ecb78f231f3f99f123f7","tx_index":11}',0,'NEW_TRANSACTION',NULL,'1a5ffb7afc271c6871c180500ecbb147ba767596c1af7e80febf40ecfb7fb78e');
INSERT INTO messages VALUES(75,310010,'insert','debits','{"action":"dividend","address":"1_mn6q3dS2EnDUx3bmyWc6D4szJNVGtaR7zc_mtQheFaSfWELRB2MyMBaiWjdDm6ux9Ezns_2","asset":"XCP","block_index":310010,"event":"c41898ad625e2236110101070c09e9f28b6fea1ed436ecb78f231f3f99f123f7","quantity":420800,"tx_index":11}',0,'DEBIT','c41898ad625e2236110101070c09e9f28b6fea1ed436ecb78f231f3f99f123f7','dfe2d7f058ea3de09fd1c08a5942083bb9d42ffbe66344e687991da8f58f9a6a');
INSERT INTO messages VALUES(76,310010,'insert','debits','{"action":"dividend fee","address":"1_mn6q3dS2EnDUx3bmyWc6D4szJNVGtaR7zc_mtQheFaSfWELRB2MyMBaiWjdDm6ux9Ezns_2","asset":"XCP","block_index":310010,"event":"c41898ad625e2236110101070c09e9f28b6fea1ed436ecb78f231f3f99f123f7","quantity":20000,"tx_index":11}',0,'DEBIT','c41898ad625e2236110101070c09e9f28b6fea1ed436ecb78f231f3f99f123f7','0295b49a527234ed676894e4c2d86213ef90b6a288b679952afa8039c6d5b431');
INSERT INTO messages VALUES(77,310010,'insert','credits','{"address":"1_mnfAHmddVibnZNSkh8DvKaQoiEfNsxjXzH_mtQheFaSfWELRB2MyMBaiWjdDm6ux9Ezns_2","asset":"XCP","block_index":310010,"calling_function":"dividend","event":"c41898ad625e2236110101070c09e9f28b6fea1ed436ecb78f231f3f99f123f7","quantity":420800,"tx_index":11}',0,'CREDIT','c41898ad625e2236110101070c09e9f28b6fea1ed436ecb78f231f3f99f123f7','652ee2f58caad63e14dbc9069c557e9aeaf8c54520966ba3ae85b71495183d19');
INSERT INTO messages VALUES(78,310010,'insert','dividends','{"asset":"BBBC","block_index":310010,"dividend_asset":"XCP","fee_paid":20000,"quantity_per_unit":800,"source":"1_mn6q3dS2EnDUx3bmyWc6D4szJNVGtaR7zc_mtQheFaSfWELRB2MyMBaiWjdDm6ux9Ezns_2","status":"valid","tx_hash":"c41898ad625e2236110101070c09e9f28b6fea1ed436ecb78f231f3f99f123f7","tx_index":11}',0,'ASSET_DIVIDEND','c41898ad625e2236110101070c09e9f28b6fea1ed436ecb78f231f3f99f123f7','fd7347d3b60fec6db7abfc9712db35bc5577d2e399cf607d9c9f49e8be01eeef');
INSERT INTO messages VALUES(79,310010,'parse','transactions','{"supported":true,"tx_hash":"c41898ad625e2236110101070c09e9f28b6fea1ed436ecb78f231f3f99f123f7","tx_index":11}',0,'TRANSACTION_PARSED','c41898ad625e2236110101070c09e9f28b6fea1ed436ecb78f231f3f99f123f7','a56262590fe469f026a33980c5a98e9c5cc18db30b23cfc1c6a0782628e8b646');
INSERT INTO messages VALUES(80,310010,'parse','blocks','{"block_index":310010,"ledger_hash":"0451ffa5d7ffb0e588e58ac7eacf77f6b3e17f1d27c1039f03d7716b16fb234f","messages_hash":"a363f1f103b4d39b9056e391559737a36c56439c6b3a12854f306dca0e1ed067","transaction_count":1,"txlist_hash":"0cea2e2e06c6423d1c5ba19f6128fbe8fe6d6c3688316c9c35dd31cf03d38c97"}',0,'BLOCK_PARSED',NULL,'d7a963936c7f79b64f4c6c92069c74404776bf6f0ec8a1d4eaad0ddfb1295913');
INSERT INTO messages VALUES(81,310011,'insert','blocks','{"block_hash":"8042cc2ef293fd73d050f283fbd075c79dd4c49fdcca054dc0714fc3a50dc1bb","block_index":310011,"block_time":310011000,"difficulty":null,"ledger_hash":null,"previous_block_hash":null,"txlist_hash":null}',0,'NEW_BLOCK',NULL,'e37b803d3364c4dcb2073aceca2b20bc297ef98b71297a978f75354ad5769915');
INSERT INTO messages VALUES(82,310011,'insert','transactions','{"block_hash":"8042cc2ef293fd73d050f283fbd075c79dd4c49fdcca054dc0714fc3a50dc1bb","block_index":310011,"block_time":310011000,"btc_amount":0,"data":"0000001e52bb3300405900000000000005f5e0ff09556e69742054657374","destination":"","fee":6800,"source":"1_mn6q3dS2EnDUx3bmyWc6D4szJNVGtaR7zc_mtQheFaSfWELRB2MyMBaiWjdDm6ux9Ezns_2","supported":true,"tx_hash":"a21533ad03334823cca2aa8e57c383113a7f93a5810c5df8dd2fa70f6eec416d","tx_index":12}',0,'NEW_TRANSACTION',NULL,'498efeed24f5988463668c77cfa1fe71deb28b9076b2711d16bbc04e918e02f2');
INSERT INTO messages VALUES(83,310011,'insert','broadcasts','{"block_index":310011,"fee_fraction_int":99999999,"locked":false,"source":"1_mn6q3dS2EnDUx3bmyWc6D4szJNVGtaR7zc_mtQheFaSfWELRB2MyMBaiWjdDm6ux9Ezns_2","status":"valid","text":"Unit Test","timestamp":1388000000,"tx_hash":"a21533ad03334823cca2aa8e57c383113a7f93a5810c5df8dd2fa70f6eec416d","tx_index":12,"value":100.0}',0,'BROADCAST','a21533ad03334823cca2aa8e57c383113a7f93a5810c5df8dd2fa70f6eec416d','49e49f167c077f3742b329eb516f1fd357ff50db84a232dadc3ad201ad9ca0c5');
INSERT INTO messages VALUES(84,310011,'parse','transactions','{"supported":true,"tx_hash":"a21533ad03334823cca2aa8e57c383113a7f93a5810c5df8dd2fa70f6eec416d","tx_index":12}',0,'TRANSACTION_PARSED','a21533ad03334823cca2aa8e57c383113a7f93a5810c5df8dd2fa70f6eec416d','f14f085254a257b2e2b8e8435a9b0519a2bbe946e7a571a3924bf7c181b426aa');
INSERT INTO messages VALUES(85,310011,'parse','blocks','{"block_index":310011,"ledger_hash":"dfaae3f28c2f75e4bcc49034ff2a191b5a41b88035c5d266181617c8c65ad5d3","messages_hash":"c6c72bb6b85bbf0d1fa5e18500990cdf69c7b7b1d315d8639f6c6afabcd31a26","transaction_count":1,"txlist_hash":"0134329cfdaf63e5946b9b5a94b73f59b9a870d4569ca07c0cce078bf13714a5"}',0,'BLOCK_PARSED',NULL,'624394e5ebe397e7d8f2f6772ec1a6312d02cf362ce62805b3224f438ae1207f');
INSERT INTO messages VALUES(86,310012,'insert','blocks','{"block_hash":"cdba329019d93a67b31b79d05f76ce1b7791d430ea0d6c1c2168fe78d2f67677","block_index":310012,"block_time":310012000,"difficulty":null,"ledger_hash":null,"previous_block_hash":null,"txlist_hash":null}',0,'NEW_BLOCK',NULL,'559aa11c56f5bddb7a0078054c221b94d5e29fa36390bdea495e0b7dd4b44395');
INSERT INTO messages VALUES(87,310012,'insert','transactions','{"block_hash":"cdba329019d93a67b31b79d05f76ce1b7791d430ea0d6c1c2168fe78d2f67677","block_index":310012,"block_time":310012000,"btc_amount":1000,"data":"00000028000052bb33640000000002faf08000000000017d7840000000000000000000003b100000000a","destination":"1_mn6q3dS2EnDUx3bmyWc6D4szJNVGtaR7zc_mtQheFaSfWELRB2MyMBaiWjdDm6ux9Ezns_2","fee":7650,"source":"1_mn6q3dS2EnDUx3bmyWc6D4szJNVGtaR7zc_mtQheFaSfWELRB2MyMBaiWjdDm6ux9Ezns_2","supported":true,"tx_hash":"74062934f0a97c41851735fef2a7df4d9ad9945424f09a54281e145a5e32492f","tx_index":13}',0,'NEW_TRANSACTION',NULL,'e5ed2535443b7d62dcbb0e8877b7ee6fcc6f6ff4a218136ab6b9619487b9040b');
INSERT INTO messages VALUES(88,310012,'insert','debits','{"action":"bet","address":"1_mn6q3dS2EnDUx3bmyWc6D4szJNVGtaR7zc_mtQheFaSfWELRB2MyMBaiWjdDm6ux9Ezns_2","asset":"XCP","block_index":310012,"event":"74062934f0a97c41851735fef2a7df4d9ad9945424f09a54281e145a5e32492f","quantity":50000000,"tx_index":13}',0,'DEBIT','74062934f0a97c41851735fef2a7df4d9ad9945424f09a54281e145a5e32492f','25495f7f60fd90091e185af046978d2e2304876f8860631973cc83d368b1e2c5');
INSERT INTO messages VALUES(89,310012,'insert','bets','{"bet_type":0,"block_index":310012,"counterwager_quantity":25000000,"counterwager_remaining":25000000,"deadline":1388000100,"expiration":10,"expire_index":310022,"fee_fraction_int":99999999.0,"feed_address":"1_mn6q3dS2EnDUx3bmyWc6D4szJNVGtaR7zc_mtQheFaSfWELRB2MyMBaiWjdDm6ux9Ezns_2","leverage":15120,"source":"1_mn6q3dS2EnDUx3bmyWc6D4szJNVGtaR7zc_mtQheFaSfWELRB2MyMBaiWjdDm6ux9Ezns_2","status":"open","target_value":0.0,"tx_hash":"74062934f0a97c41851735fef2a7df4d9ad9945424f09a54281e145a5e32492f","tx_index":13,"wager_quantity":50000000,"wager_remaining":50000000}',0,'OPEN_BET','74062934f0a97c41851735fef2a7df4d9ad9945424f09a54281e145a5e32492f','5b498e95e9a2f9015f780f117e6e2f9abea008efbb5641d87f9efd62595a3614');
INSERT INTO messages VALUES(90,310012,'parse','transactions','{"supported":true,"tx_hash":"74062934f0a97c41851735fef2a7df4d9ad9945424f09a54281e145a5e32492f","tx_index":13}',0,'TRANSACTION_PARSED','74062934f0a97c41851735fef2a7df4d9ad9945424f09a54281e145a5e32492f','66c642e22603ba75e6891b28af35965ccb511833bacb210c4848f7ba82251426');
INSERT INTO messages VALUES(91,310012,'parse','blocks','{"block_index":310012,"ledger_hash":"c711e8cf2d9bbed01724a7b22cbd4900a4fd0a126bb7ecbd7c97ca15a6276553","messages_hash":"7e2be8d32d548626652064d9d37f0942b4a78667630e49c3e8e739d10478fb75","transaction_count":1,"txlist_hash":"9a3fb4fb846c9ffff3a50a0a31f3ac3900ba7048a60dd69c6e14752734358f1c"}',0,'BLOCK_PARSED',NULL,'39108bd9cb362cb8a4709de8548f9387985bbac3a2bcdb9d04186a80f21f3ddf');
INSERT INTO messages VALUES(92,310013,'insert','blocks','{"block_hash":"0425e5e832e4286757dc0228cd505b8d572081007218abd3a0983a3bcd502a61","block_index":310013,"block_time":310013000,"difficulty":null,"ledger_hash":null,"previous_block_hash":null,"txlist_hash":null}',0,'NEW_BLOCK',NULL,'1f2904b149f5db06ca3796d3c99991f68a57c88af0a4ec6461d54babb54b9ca6');
INSERT INTO messages VALUES(93,310013,'insert','transactions','{"block_hash":"0425e5e832e4286757dc0228cd505b8d572081007218abd3a0983a3bcd502a61","block_index":310013,"block_time":310013000,"btc_amount":1000,"data":"00000028000152bb336400000000017d78400000000002793d60000000000000000000003b100000000a","destination":"1_mn6q3dS2EnDUx3bmyWc6D4szJNVGtaR7zc_mtQheFaSfWELRB2MyMBaiWjdDm6ux9Ezns_2","fee":7650,"source":"1_mn6q3dS2EnDUx3bmyWc6D4szJNVGtaR7zc_mtQheFaSfWELRB2MyMBaiWjdDm6ux9Ezns_2","supported":true,"tx_hash":"6a5f30666a5f24b6e0e6f31cf06b22ee74d3e692a550297450bdf1d36b1cc167","tx_index":14}',0,'NEW_TRANSACTION',NULL,'083268bb40308534e5b034558ff04401ebe3447b024f2ae40e2df5dfa2468f7c');
INSERT INTO messages VALUES(94,310013,'update','orders','{"status":"expired","tx_hash":"332b030da57b9565324df01414778b1eafbee6c52343fea80774ee1725484367"}',0,'ORDER_UPDATE',NULL,'dd7b0cfbaa7a3133face36a283f1e7b8879d3c433f7d9ff858bafbfd2ea8f910');
INSERT INTO messages VALUES(95,310013,'insert','order_expirations','{"block_index":310013,"order_hash":"332b030da57b9565324df01414778b1eafbee6c52343fea80774ee1725484367","source":"1_mn6q3dS2EnDUx3bmyWc6D4szJNVGtaR7zc_mtQheFaSfWELRB2MyMBaiWjdDm6ux9Ezns_2"}',0,'ORDER_EXPIRATION',NULL,'20d807fcbb97c254bff774e6e8ac3f9c41330380ae1433c0ccc61fb2c55d9e41');
INSERT INTO messages VALUES(96,310013,'insert','debits','{"action":"bet","address":"1_mn6q3dS2EnDUx3bmyWc6D4szJNVGtaR7zc_mtQheFaSfWELRB2MyMBaiWjdDm6ux9Ezns_2","asset":"XCP","block_index":310013,"event":"6a5f30666a5f24b6e0e6f31cf06b22ee74d3e692a550297450bdf1d36b1cc167","quantity":25000000,"tx_index":14}',0,'DEBIT','6a5f30666a5f24b6e0e6f31cf06b22ee74d3e692a550297450bdf1d36b1cc167','07afb36b1a49a3f1bc4a99bd470e9c2d9b1fb53884136cbfd358ab7630d92001');
INSERT INTO messages VALUES(97,310013,'insert','bets','{"bet_type":1,"block_index":310013,"counterwager_quantity":41500000,"counterwager_remaining":41500000,"deadline":1388000100,"expiration":10,"expire_index":310023,"fee_fraction_int":99999999.0,"feed_address":"1_mn6q3dS2EnDUx3bmyWc6D4szJNVGtaR7zc_mtQheFaSfWELRB2MyMBaiWjdDm6ux9Ezns_2","leverage":15120,"source":"1_mn6q3dS2EnDUx3bmyWc6D4szJNVGtaR7zc_mtQheFaSfWELRB2MyMBaiWjdDm6ux9Ezns_2","status":"open","target_value":0.0,"tx_hash":"6a5f30666a5f24b6e0e6f31cf06b22ee74d3e692a550297450bdf1d36b1cc167","tx_index":14,"wager_quantity":25000000,"wager_remaining":25000000}',0,'OPEN_BET','6a5f30666a5f24b6e0e6f31cf06b22ee74d3e692a550297450bdf1d36b1cc167','ef99a27387d49122181df61e7dd2f8bb4844144f190b512547d7051a90911bf1');
INSERT INTO messages VALUES(98,310013,'update','bets','{"counterwager_remaining":4250000,"status":"open","tx_hash":"74062934f0a97c41851735fef2a7df4d9ad9945424f09a54281e145a5e32492f","wager_remaining":8500000}',0,'BET_UPDATE','6a5f30666a5f24b6e0e6f31cf06b22ee74d3e692a550297450bdf1d36b1cc167','df153ec4221b4b73ec96637fb6e48b6199ca672f5a6e31917d3b90235968d9e0');
INSERT INTO messages VALUES(99,310013,'insert','credits','{"address":"1_mn6q3dS2EnDUx3bmyWc6D4szJNVGtaR7zc_mtQheFaSfWELRB2MyMBaiWjdDm6ux9Ezns_2","asset":"XCP","block_index":310013,"calling_function":"filled","event":"6a5f30666a5f24b6e0e6f31cf06b22ee74d3e692a550297450bdf1d36b1cc167","quantity":4250000,"tx_index":14}',0,'CREDIT','6a5f30666a5f24b6e0e6f31cf06b22ee74d3e692a550297450bdf1d36b1cc167','8e604a0cc3418df997ed2fbf9be523b51298118edca1d81d15a44c1eba263440');
INSERT INTO messages VALUES(100,310013,'update','bets','{"counterwager_remaining":0,"status":"filled","tx_hash":"6a5f30666a5f24b6e0e6f31cf06b22ee74d3e692a550297450bdf1d36b1cc167","wager_remaining":4250000}',0,'BET_UPDATE','6a5f30666a5f24b6e0e6f31cf06b22ee74d3e692a550297450bdf1d36b1cc167','7dbec440b1b0ade831d2e098006b7f4acd991a49474b975b0199efb2996c1062');
INSERT INTO messages VALUES(101,310013,'insert','bet_matches','{"backward_quantity":20750000,"block_index":310012,"deadline":1388000100,"fee_fraction_int":99999999,"feed_address":"1_mn6q3dS2EnDUx3bmyWc6D4szJNVGtaR7zc_mtQheFaSfWELRB2MyMBaiWjdDm6ux9Ezns_2","forward_quantity":41500000,"id":"74062934f0a97c41851735fef2a7df4d9ad9945424f09a54281e145a5e32492f_6a5f30666a5f24b6e0e6f31cf06b22ee74d3e692a550297450bdf1d36b1cc167","initial_value":100.0,"leverage":15120,"match_expire_index":310022,"status":"pending","target_value":0.0,"tx0_address":"1_mn6q3dS2EnDUx3bmyWc6D4szJNVGtaR7zc_mtQheFaSfWELRB2MyMBaiWjdDm6ux9Ezns_2","tx0_bet_type":0,"tx0_block_index":310012,"tx0_expiration":10,"tx0_hash":"74062934f0a97c41851735fef2a7df4d9ad9945424f09a54281e145a5e32492f","tx0_index":13,"tx1_address":"1_mn6q3dS2EnDUx3bmyWc6D4szJNVGtaR7zc_mtQheFaSfWELRB2MyMBaiWjdDm6ux9Ezns_2","tx1_bet_type":1,"tx1_block_index":310013,"tx1_expiration":10,"tx1_hash":"6a5f30666a5f24b6e0e6f31cf06b22ee74d3e692a550297450bdf1d36b1cc167","tx1_index":14}',0,'BET_MATCH','6a5f30666a5f24b6e0e6f31cf06b22ee74d3e692a550297450bdf1d36b1cc167','7b0b702847f288b8b5e6e0a9281824b1a69bc42df5d066da68b4b7e0ee9adbf7');
INSERT INTO messages VALUES(102,310013,'parse','transactions','{"supported":true,"tx_hash":"6a5f30666a5f24b6e0e6f31cf06b22ee74d3e692a550297450bdf1d36b1cc167","tx_index":14}',0,'TRANSACTION_PARSED','6a5f30666a5f24b6e0e6f31cf06b22ee74d3e692a550297450bdf1d36b1cc167','991d021e7435fe20de91d68a4acd76c1f277305c8d561e569bf81593cd186a8e');
INSERT INTO messages VALUES(103,310013,'parse','blocks','{"block_index":310013,"ledger_hash":"3dfa5822de8a4c674f1517b17e50d2ef63ccbb1fc4ae96fe5e1dc05cd353aa4b","messages_hash":"065ed4ebeb7d71c4d6c81c65e46f8682fc8eabaa8c08b0a8298fa93140a6585f","transaction_count":1,"txlist_hash":"6228a449b24d607b8fe1aea60a0292874cfe515a9440bee2829f6e61efa0b2a6"}',0,'BLOCK_PARSED',NULL,'cf73a4285e72246b8a547958be46a0314d55b8e3bb86e8da355d8f66fa168fb5');
INSERT INTO messages VALUES(104,310014,'insert','blocks','{"block_hash":"85b28d413ebda2968ed82ae53643677338650151b997ed1e4656158005b9f65f","block_index":310014,"block_time":310014000,"difficulty":null,"ledger_hash":null,"previous_block_hash":null,"txlist_hash":null}',0,'NEW_BLOCK',NULL,'26e6c0a60ed43e474c9df30305d97a1ebf571e70f520de3934c77204abdc4b78');
INSERT INTO messages VALUES(105,310014,'insert','transactions','{"block_hash":"85b28d413ebda2968ed82ae53643677338650151b997ed1e4656158005b9f65f","block_index":310014,"block_time":310014000,"btc_amount":1000,"data":"00000028000052bb33640000000008f0d1800000000014dc93800000000000000000000013b00000000a","destination":"1_mn6q3dS2EnDUx3bmyWc6D4szJNVGtaR7zc_mtQheFaSfWELRB2MyMBaiWjdDm6ux9Ezns_2","fee":7650,"source":"1_mn6q3dS2EnDUx3bmyWc6D4szJNVGtaR7zc_mtQheFaSfWELRB2MyMBaiWjdDm6ux9Ezns_2","supported":true,"tx_hash":"2066b9a6b8913412384a0401ef57bfc604e7c5a2c141e23111a8ccc6881b0fb3","tx_index":15}',0,'NEW_TRANSACTION',NULL,'6ce7ba3cc6165a80f509cd8875f441e67c0a8833a71c647dc31a5d37afd2e2cc');
INSERT INTO messages VALUES(106,310014,'update','orders','{"status":"expired","tx_hash":"f093b6c00e1bbe85106db6874b1ab4e3f4378d0bf0bcffbd8b51835285dfbf3f"}',0,'ORDER_UPDATE',NULL,'8e890a29a19ad4a88548adb45be017d4e3775d128a0e9fc81c11a66e4b195d5e');
INSERT INTO messages VALUES(107,310014,'insert','credits','{"address":"1_mn6q3dS2EnDUx3bmyWc6D4szJNVGtaR7zc_mtQheFaSfWELRB2MyMBaiWjdDm6ux9Ezns_2","asset":"XCP","block_index":310014,"calling_function":"cancel order","event":"f093b6c00e1bbe85106db6874b1ab4e3f4378d0bf0bcffbd8b51835285dfbf3f","quantity":5000000,"tx_index":0}',0,'CREDIT',NULL,'9034c11553cb970b024830720a8d0f646e6158b993311e8439322d616a057f01');
INSERT INTO messages VALUES(108,310014,'insert','order_expirations','{"block_index":310014,"order_hash":"f093b6c00e1bbe85106db6874b1ab4e3f4378d0bf0bcffbd8b51835285dfbf3f","source":"1_mn6q3dS2EnDUx3bmyWc6D4szJNVGtaR7zc_mtQheFaSfWELRB2MyMBaiWjdDm6ux9Ezns_2"}',0,'ORDER_EXPIRATION',NULL,'5c54b2d9e963a6a79b9ce2a710f8840e85c2b71eda8c34f6c06b54c11f8bb03a');
INSERT INTO messages VALUES(109,310014,'insert','debits','{"action":"bet","address":"1_mn6q3dS2EnDUx3bmyWc6D4szJNVGtaR7zc_mtQheFaSfWELRB2MyMBaiWjdDm6ux9Ezns_2","asset":"XCP","block_index":310014,"event":"2066b9a6b8913412384a0401ef57bfc604e7c5a2c141e23111a8ccc6881b0fb3","quantity":150000000,"tx_index":15}',0,'DEBIT','2066b9a6b8913412384a0401ef57bfc604e7c5a2c141e23111a8ccc6881b0fb3','48a2bff623b2b93f07def67cdf35f11cc65844f33bac512d1168a73ce875167c');
INSERT INTO messages VALUES(110,310014,'insert','bets','{"bet_type":0,"block_index":310014,"counterwager_quantity":350000000,"counterwager_remaining":350000000,"deadline":1388000100,"expiration":10,"expire_index":310024,"fee_fraction_int":99999999.0,"feed_address":"1_mn6q3dS2EnDUx3bmyWc6D4szJNVGtaR7zc_mtQheFaSfWELRB2MyMBaiWjdDm6ux9Ezns_2","leverage":5040,"source":"1_mn6q3dS2EnDUx3bmyWc6D4szJNVGtaR7zc_mtQheFaSfWELRB2MyMBaiWjdDm6ux9Ezns_2","status":"open","target_value":0.0,"tx_hash":"2066b9a6b8913412384a0401ef57bfc604e7c5a2c141e23111a8ccc6881b0fb3","tx_index":15,"wager_quantity":150000000,"wager_remaining":150000000}',0,'OPEN_BET','2066b9a6b8913412384a0401ef57bfc604e7c5a2c141e23111a8ccc6881b0fb3','ccdea722cf497d7478bbbf92c49db29564ca8c1a88af42410b578213f8734355');
INSERT INTO messages VALUES(111,310014,'parse','transactions','{"supported":true,"tx_hash":"2066b9a6b8913412384a0401ef57bfc604e7c5a2c141e23111a8ccc6881b0fb3","tx_index":15}',0,'TRANSACTION_PARSED','2066b9a6b8913412384a0401ef57bfc604e7c5a2c141e23111a8ccc6881b0fb3','e51156d51baa53d3f7f81846448d20940fb34b04180af909121dd352d07d1ad2');
INSERT INTO messages VALUES(112,310014,'parse','blocks','{"block_index":310014,"ledger_hash":"49fcaed957776bc62c9f1feac30dad8c0574596d312f9efee7a453e00bf64866","messages_hash":"912195d824c04576868edda92286e9720896de5c90b6477ee927e78553c23283","transaction_count":1,"txlist_hash":"700cf4c54e23c0cfb4d8b02bc6cb1ca509637dd95312629625aa92d32d5548d2"}',0,'BLOCK_PARSED',NULL,'17910527af0015c3a240b1897b5d93fc903185e80297b695978ded5f5e0f264a');
INSERT INTO messages VALUES(113,310015,'insert','blocks','{"block_hash":"4cf77d688f18f0c68c077db882f62e49f31859dfa6144372457cd73b29223922","block_index":310015,"block_time":310015000,"difficulty":null,"ledger_hash":null,"previous_block_hash":null,"txlist_hash":null}',0,'NEW_BLOCK',NULL,'1fced7af0201c42463d77b6ea48f85f17e850c3e484d931ef5aebfab6f5c2142');
INSERT INTO messages VALUES(114,310015,'insert','transactions','{"block_hash":"4cf77d688f18f0c68c077db882f62e49f31859dfa6144372457cd73b29223922","block_index":310015,"block_time":310015000,"btc_amount":1000,"data":"00000028000152bb33640000000014dc93800000000008f0d1800000000000000000000013b00000000a","destination":"1_mn6q3dS2EnDUx3bmyWc6D4szJNVGtaR7zc_mtQheFaSfWELRB2MyMBaiWjdDm6ux9Ezns_2","fee":7650,"source":"1_mn6q3dS2EnDUx3bmyWc6D4szJNVGtaR7zc_mtQheFaSfWELRB2MyMBaiWjdDm6ux9Ezns_2","supported":true,"tx_hash":"65db3ab58b65891a947ab9bdba4723e907678bf3b48397add62802dcc65d1d8e","tx_index":16}',0,'NEW_TRANSACTION',NULL,'d189185af10c52c21a9ce1d5d9750dac8656aa6191ed56cbcf700595b45e47af');
INSERT INTO messages VALUES(115,310015,'insert','debits','{"action":"bet","address":"1_mn6q3dS2EnDUx3bmyWc6D4szJNVGtaR7zc_mtQheFaSfWELRB2MyMBaiWjdDm6ux9Ezns_2","asset":"XCP","block_index":310015,"event":"65db3ab58b65891a947ab9bdba4723e907678bf3b48397add62802dcc65d1d8e","quantity":350000000,"tx_index":16}',0,'DEBIT','65db3ab58b65891a947ab9bdba4723e907678bf3b48397add62802dcc65d1d8e','82d9043f4b46db5248f7061d75765e81899b77386d717d644ef59d9cc4806f27');
INSERT INTO messages VALUES(116,310015,'insert','bets','{"bet_type":1,"block_index":310015,"counterwager_quantity":150000000,"counterwager_remaining":150000000,"deadline":1388000100,"expiration":10,"expire_index":310025,"fee_fraction_int":99999999.0,"feed_address":"1_mn6q3dS2EnDUx3bmyWc6D4szJNVGtaR7zc_mtQheFaSfWELRB2MyMBaiWjdDm6ux9Ezns_2","leverage":5040,"source":"1_mn6q3dS2EnDUx3bmyWc6D4szJNVGtaR7zc_mtQheFaSfWELRB2MyMBaiWjdDm6ux9Ezns_2","status":"open","target_value":0.0,"tx_hash":"65db3ab58b65891a947ab9bdba4723e907678bf3b48397add62802dcc65d1d8e","tx_index":16,"wager_quantity":350000000,"wager_remaining":350000000}',0,'OPEN_BET','65db3ab58b65891a947ab9bdba4723e907678bf3b48397add62802dcc65d1d8e','f060bc5e423a8314ec5bde2d6f07908595ce8b16472766a3e87890636edcd44b');
INSERT INTO messages VALUES(117,310015,'insert','credits','{"address":"1_mn6q3dS2EnDUx3bmyWc6D4szJNVGtaR7zc_mtQheFaSfWELRB2MyMBaiWjdDm6ux9Ezns_2","asset":"XCP","block_index":310015,"calling_function":"filled","event":"65db3ab58b65891a947ab9bdba4723e907678bf3b48397add62802dcc65d1d8e","quantity":0,"tx_index":16}',0,'CREDIT','65db3ab58b65891a947ab9bdba4723e907678bf3b48397add62802dcc65d1d8e','e74ee6dcf6eb1215b6a38353c1688ee9dde1458b75d951d3b26dacdf67ed05fb');
INSERT INTO messages VALUES(118,310015,'update','bets','{"counterwager_remaining":0,"status":"filled","tx_hash":"2066b9a6b8913412384a0401ef57bfc604e7c5a2c141e23111a8ccc6881b0fb3","wager_remaining":0}',0,'BET_UPDATE','65db3ab58b65891a947ab9bdba4723e907678bf3b48397add62802dcc65d1d8e','4c91ec5d4509a825b1974b873af8c0d46f5110b1d0ee6879ff3ae507c26bbb95');
INSERT INTO messages VALUES(119,310015,'insert','credits','{"address":"1_mn6q3dS2EnDUx3bmyWc6D4szJNVGtaR7zc_mtQheFaSfWELRB2MyMBaiWjdDm6ux9Ezns_2","asset":"XCP","block_index":310015,"calling_function":"filled","event":"65db3ab58b65891a947ab9bdba4723e907678bf3b48397add62802dcc65d1d8e","quantity":0,"tx_index":16}',0,'CREDIT','65db3ab58b65891a947ab9bdba4723e907678bf3b48397add62802dcc65d1d8e','fbf9178d5b37bb864392f5e47b0fae0abb7df8cb5010774309b1db7370707c10');
INSERT INTO messages VALUES(120,310015,'update','bets','{"counterwager_remaining":0,"status":"filled","tx_hash":"65db3ab58b65891a947ab9bdba4723e907678bf3b48397add62802dcc65d1d8e","wager_remaining":0}',0,'BET_UPDATE','65db3ab58b65891a947ab9bdba4723e907678bf3b48397add62802dcc65d1d8e','a00eeb89884a705e485587f039211916cfb6f0c634421f114d5b56909beccce5');
INSERT INTO messages VALUES(121,310015,'insert','bet_matches','{"backward_quantity":350000000,"block_index":310014,"deadline":1388000100,"fee_fraction_int":99999999,"feed_address":"1_mn6q3dS2EnDUx3bmyWc6D4szJNVGtaR7zc_mtQheFaSfWELRB2MyMBaiWjdDm6ux9Ezns_2","forward_quantity":150000000,"id":"2066b9a6b8913412384a0401ef57bfc604e7c5a2c141e23111a8ccc6881b0fb3_65db3ab58b65891a947ab9bdba4723e907678bf3b48397add62802dcc65d1d8e","initial_value":100.0,"leverage":5040,"match_expire_index":310024,"status":"pending","target_value":0.0,"tx0_address":"1_mn6q3dS2EnDUx3bmyWc6D4szJNVGtaR7zc_mtQheFaSfWELRB2MyMBaiWjdDm6ux9Ezns_2","tx0_bet_type":0,"tx0_block_index":310014,"tx0_expiration":10,"tx0_hash":"2066b9a6b8913412384a0401ef57bfc604e7c5a2c141e23111a8ccc6881b0fb3","tx0_index":15,"tx1_address":"1_mn6q3dS2EnDUx3bmyWc6D4szJNVGtaR7zc_mtQheFaSfWELRB2MyMBaiWjdDm6ux9Ezns_2","tx1_bet_type":1,"tx1_block_index":310015,"tx1_expiration":10,"tx1_hash":"65db3ab58b65891a947ab9bdba4723e907678bf3b48397add62802dcc65d1d8e","tx1_index":16}',0,'BET_MATCH','65db3ab58b65891a947ab9bdba4723e907678bf3b48397add62802dcc65d1d8e','f6cf6673616d562989d9a673d540b983d2fc6ab8b2e273137fe5b45e696271cd');
INSERT INTO messages VALUES(122,310015,'parse','transactions','{"supported":true,"tx_hash":"65db3ab58b65891a947ab9bdba4723e907678bf3b48397add62802dcc65d1d8e","tx_index":16}',0,'TRANSACTION_PARSED','65db3ab58b65891a947ab9bdba4723e907678bf3b48397add62802dcc65d1d8e','9b7f4b0ff805eefe6c6f6b4c25dd1492119ba62b4339e6f19f067e5a3c1823e7');
INSERT INTO messages VALUES(123,310015,'parse','blocks','{"block_index":310015,"ledger_hash":"4e4abd3e8ab2658a7ac673e3a178ceac76fee41cf48bb6ed007d241c079979bf","messages_hash":"b0cc104a22aa13139de9b6ddd2f363738160a44272d0c5f60e9568b4cd718f23","transaction_count":1,"txlist_hash":"288c9c0f37cb0c2e9db66d4b88b165391a67f06016ac84c485e9b9158ee51f2d"}',0,'BLOCK_PARSED',NULL,'5ece24b9d6047f524aaafef208447262070a468ac1af95c0be42c8b52ad6c402');
INSERT INTO messages VALUES(124,310016,'insert','blocks','{"block_hash":"99dc7d2627efb4e5e618a53b9898b4ca39c70e98fe9bf39f68a6c980f5b64ef9","block_index":310016,"block_time":310016000,"difficulty":null,"ledger_hash":null,"previous_block_hash":null,"txlist_hash":null}',0,'NEW_BLOCK',NULL,'93f72c9049883134eaa2bbdaf79347eea0e0bd87b7cb8d52cbcc7ea4268b839e');
INSERT INTO messages VALUES(125,310016,'insert','transactions','{"block_hash":"99dc7d2627efb4e5e618a53b9898b4ca39c70e98fe9bf39f68a6c980f5b64ef9","block_index":310016,"block_time":310016000,"btc_amount":1000,"data":"00000028000252bb33c8000000002cb417800000000026be36803ff0000000000000000013b00000000a","destination":"1_mn6q3dS2EnDUx3bmyWc6D4szJNVGtaR7zc_mtQheFaSfWELRB2MyMBaiWjdDm6ux9Ezns_2","fee":7650,"source":"1_mn6q3dS2EnDUx3bmyWc6D4szJNVGtaR7zc_mtQheFaSfWELRB2MyMBaiWjdDm6ux9Ezns_2","supported":true,"tx_hash":"94b11df6b519372bfbcf0ec5f3e6465a63e323c7cd7cff83a8abd78596d4bce4","tx_index":17}',0,'NEW_TRANSACTION',NULL,'665d52a846dbbbfc3a908aaf3eb46a1d3354adf530dd1fb406e9bcb254dde22d');
INSERT INTO messages VALUES(126,310016,'insert','debits','{"action":"bet","address":"1_mn6q3dS2EnDUx3bmyWc6D4szJNVGtaR7zc_mtQheFaSfWELRB2MyMBaiWjdDm6ux9Ezns_2","asset":"XCP","block_index":310016,"event":"94b11df6b519372bfbcf0ec5f3e6465a63e323c7cd7cff83a8abd78596d4bce4","quantity":750000000,"tx_index":17}',0,'DEBIT','94b11df6b519372bfbcf0ec5f3e6465a63e323c7cd7cff83a8abd78596d4bce4','aff3a50138c3c9241d723808ed698e8da8dee7d524d4b5ca6ef10f13e2f300e5');
INSERT INTO messages VALUES(127,310016,'insert','bets','{"bet_type":2,"block_index":310016,"counterwager_quantity":650000000,"counterwager_remaining":650000000,"deadline":1388000200,"expiration":10,"expire_index":310026,"fee_fraction_int":99999999.0,"feed_address":"1_mn6q3dS2EnDUx3bmyWc6D4szJNVGtaR7zc_mtQheFaSfWELRB2MyMBaiWjdDm6ux9Ezns_2","leverage":5040,"source":"1_mn6q3dS2EnDUx3bmyWc6D4szJNVGtaR7zc_mtQheFaSfWELRB2MyMBaiWjdDm6ux9Ezns_2","status":"open","target_value":1.0,"tx_hash":"94b11df6b519372bfbcf0ec5f3e6465a63e323c7cd7cff83a8abd78596d4bce4","tx_index":17,"wager_quantity":750000000,"wager_remaining":750000000}',0,'OPEN_BET','94b11df6b519372bfbcf0ec5f3e6465a63e323c7cd7cff83a8abd78596d4bce4','90700d5b5f7c48592a5f3d5aefebf78ab9d8c0b6ec7115a2caf941b6496cfc6c');
INSERT INTO messages VALUES(128,310016,'parse','transactions','{"supported":true,"tx_hash":"94b11df6b519372bfbcf0ec5f3e6465a63e323c7cd7cff83a8abd78596d4bce4","tx_index":17}',0,'TRANSACTION_PARSED','94b11df6b519372bfbcf0ec5f3e6465a63e323c7cd7cff83a8abd78596d4bce4','6f0656d1b90633d488ae6c790d70ae1603380cd5858ab2079cf6ee25216b59cf');
INSERT INTO messages VALUES(129,310016,'parse','blocks','{"block_index":310016,"ledger_hash":"17a28cca0777254af26544edfefcad8810e847e5d173fded9a7813719cf1162f","messages_hash":"de03065dfd7c73a58301d2ad9411a1f7a4eb42123adaba0ac82f4b26412ab29d","transaction_count":1,"txlist_hash":"1bf7e0a4aa8356584087591a8c8e8b28185a6ebfe1a15a85f01165a04ff57913"}',0,'BLOCK_PARSED',NULL,'4f3fc42200c44194c0b0d0e769f814b8efbc399aa4db3f9cdf6e872fe615dace');
INSERT INTO messages VALUES(130,310017,'insert','blocks','{"block_hash":"8a4fedfbf734b91a5c5761a7bcb3908ea57169777a7018148c51ff611970e4a3","block_index":310017,"block_time":310017000,"difficulty":null,"ledger_hash":null,"previous_block_hash":null,"txlist_hash":null}',0,'NEW_BLOCK',NULL,'21027d6bdb87078019ec1cfe1c519367c9877d333c9ac0d555215dd0fd825244');
INSERT INTO messages VALUES(131,310017,'insert','transactions','{"block_hash":"8a4fedfbf734b91a5c5761a7bcb3908ea57169777a7018148c51ff611970e4a3","block_index":310017,"block_time":310017000,"btc_amount":1000,"data":"00000028000352bb33c80000000026be3680000000002cb417803ff0000000000000000013b00000000a","destination":"1_mn6q3dS2EnDUx3bmyWc6D4szJNVGtaR7zc_mtQheFaSfWELRB2MyMBaiWjdDm6ux9Ezns_2","fee":7650,"source":"1_mn6q3dS2EnDUx3bmyWc6D4szJNVGtaR7zc_mtQheFaSfWELRB2MyMBaiWjdDm6ux9Ezns_2","supported":true,"tx_hash":"a7daff1ca2874f6b18a8f1a1e70db27f58c6b39a9f106c353223fbccde57098e","tx_index":18}',0,'NEW_TRANSACTION',NULL,'1847c5787464740efd181702b2a7cd06c71418fc65381f583d3fc0080e9457d9');
INSERT INTO messages VALUES(132,310017,'insert','debits','{"action":"bet","address":"1_mn6q3dS2EnDUx3bmyWc6D4szJNVGtaR7zc_mtQheFaSfWELRB2MyMBaiWjdDm6ux9Ezns_2","asset":"XCP","block_index":310017,"event":"a7daff1ca2874f6b18a8f1a1e70db27f58c6b39a9f106c353223fbccde57098e","quantity":650000000,"tx_index":18}',0,'DEBIT','a7daff1ca2874f6b18a8f1a1e70db27f58c6b39a9f106c353223fbccde57098e','607679c3e50b453c4d6230c8bec708c99e2bdc91476eb4bbfaae7f543cc848f7');
INSERT INTO messages VALUES(133,310017,'insert','bets','{"bet_type":3,"block_index":310017,"counterwager_quantity":750000000,"counterwager_remaining":750000000,"deadline":1388000200,"expiration":10,"expire_index":310027,"fee_fraction_int":99999999.0,"feed_address":"1_mn6q3dS2EnDUx3bmyWc6D4szJNVGtaR7zc_mtQheFaSfWELRB2MyMBaiWjdDm6ux9Ezns_2","leverage":5040,"source":"1_mn6q3dS2EnDUx3bmyWc6D4szJNVGtaR7zc_mtQheFaSfWELRB2MyMBaiWjdDm6ux9Ezns_2","status":"open","target_value":1.0,"tx_hash":"a7daff1ca2874f6b18a8f1a1e70db27f58c6b39a9f106c353223fbccde57098e","tx_index":18,"wager_quantity":650000000,"wager_remaining":650000000}',0,'OPEN_BET','a7daff1ca2874f6b18a8f1a1e70db27f58c6b39a9f106c353223fbccde57098e','b07d26cba687f88be3a4a1aec9d6c92e5d43e2230e546624af25bd92e8c23b11');
INSERT INTO messages VALUES(134,310017,'insert','credits','{"address":"1_mn6q3dS2EnDUx3bmyWc6D4szJNVGtaR7zc_mtQheFaSfWELRB2MyMBaiWjdDm6ux9Ezns_2","asset":"XCP","block_index":310017,"calling_function":"filled","event":"a7daff1ca2874f6b18a8f1a1e70db27f58c6b39a9f106c353223fbccde57098e","quantity":0,"tx_index":18}',0,'CREDIT','a7daff1ca2874f6b18a8f1a1e70db27f58c6b39a9f106c353223fbccde57098e','947a3f09f3ad57672510532759d3b5ef686d72e117ceba72c4efd9c5a436e9c5');
INSERT INTO messages VALUES(135,310017,'update','bets','{"counterwager_remaining":0,"status":"filled","tx_hash":"94b11df6b519372bfbcf0ec5f3e6465a63e323c7cd7cff83a8abd78596d4bce4","wager_remaining":0}',0,'BET_UPDATE','a7daff1ca2874f6b18a8f1a1e70db27f58c6b39a9f106c353223fbccde57098e','a63e81bf528edcc240f37aeca457286d4935dc7b15032e4e88aeed5f268fe588');
INSERT INTO messages VALUES(136,310017,'insert','credits','{"address":"1_mn6q3dS2EnDUx3bmyWc6D4szJNVGtaR7zc_mtQheFaSfWELRB2MyMBaiWjdDm6ux9Ezns_2","asset":"XCP","block_index":310017,"calling_function":"filled","event":"a7daff1ca2874f6b18a8f1a1e70db27f58c6b39a9f106c353223fbccde57098e","quantity":0,"tx_index":18}',0,'CREDIT','a7daff1ca2874f6b18a8f1a1e70db27f58c6b39a9f106c353223fbccde57098e','2a5be6341390ea78adf20d3418976d2b5240e128018fa4d193fa53cdcde03a9a');
INSERT INTO messages VALUES(137,310017,'update','bets','{"counterwager_remaining":0,"status":"filled","tx_hash":"a7daff1ca2874f6b18a8f1a1e70db27f58c6b39a9f106c353223fbccde57098e","wager_remaining":0}',0,'BET_UPDATE','a7daff1ca2874f6b18a8f1a1e70db27f58c6b39a9f106c353223fbccde57098e','e95794c767ce1341df23efd0b20a8df217ec486bd8d6028a0b7120d04a236784');
INSERT INTO messages VALUES(138,310017,'insert','bet_matches','{"backward_quantity":650000000,"block_index":310016,"deadline":1388000200,"fee_fraction_int":99999999,"feed_address":"1_mn6q3dS2EnDUx3bmyWc6D4szJNVGtaR7zc_mtQheFaSfWELRB2MyMBaiWjdDm6ux9Ezns_2","forward_quantity":750000000,"id":"94b11df6b519372bfbcf0ec5f3e6465a63e323c7cd7cff83a8abd78596d4bce4_a7daff1ca2874f6b18a8f1a1e70db27f58c6b39a9f106c353223fbccde57098e","initial_value":100.0,"leverage":5040,"match_expire_index":310026,"status":"pending","target_value":1.0,"tx0_address":"1_mn6q3dS2EnDUx3bmyWc6D4szJNVGtaR7zc_mtQheFaSfWELRB2MyMBaiWjdDm6ux9Ezns_2","tx0_bet_type":2,"tx0_block_index":310016,"tx0_expiration":10,"tx0_hash":"94b11df6b519372bfbcf0ec5f3e6465a63e323c7cd7cff83a8abd78596d4bce4","tx0_index":17,"tx1_address":"1_mn6q3dS2EnDUx3bmyWc6D4szJNVGtaR7zc_mtQheFaSfWELRB2MyMBaiWjdDm6ux9Ezns_2","tx1_bet_type":3,"tx1_block_index":310017,"tx1_expiration":10,"tx1_hash":"a7daff1ca2874f6b18a8f1a1e70db27f58c6b39a9f106c353223fbccde57098e","tx1_index":18}',0,'BET_MATCH','a7daff1ca2874f6b18a8f1a1e70db27f58c6b39a9f106c353223fbccde57098e','096426e06c32897f2c8b42fd9294fadc8307f22dbbdef4611de4856a07658351');
INSERT INTO messages VALUES(139,310017,'parse','transactions','{"supported":true,"tx_hash":"a7daff1ca2874f6b18a8f1a1e70db27f58c6b39a9f106c353223fbccde57098e","tx_index":18}',0,'TRANSACTION_PARSED','a7daff1ca2874f6b18a8f1a1e70db27f58c6b39a9f106c353223fbccde57098e','400aa8d723f5ffece92ca484d69713346f9cc0cb9e03d74549d79b9745540fd9');
INSERT INTO messages VALUES(140,310017,'parse','blocks','{"block_index":310017,"ledger_hash":"1fb58120e9eb78908fda6265cad12b4a5770701e9a271bd5c4bc94059bd3bab5","messages_hash":"22b69c233a30db17deaf78087019583ae1097211b856b9235b11e341b0420b03","transaction_count":1,"txlist_hash":"62678a570c40b5a12469e442b3a54f1416d9113de2db501f37ed533f345e71c1"}',0,'BLOCK_PARSED',NULL,'6519c8009fe2757cca76df9776509a4966dc6148032a394ebcec3ed9b84d9615');
INSERT INTO messages VALUES(141,310018,'insert','blocks','{"block_hash":"35c06f9e3de39e4e56ceb1d1a22008f52361c50dd0d251c0acbe2e3c2dba8ed3","block_index":310018,"block_time":310018000,"difficulty":null,"ledger_hash":null,"previous_block_hash":null,"txlist_hash":null}',0,'NEW_BLOCK',NULL,'7edc11228c209a3c163093a4fe7b96c77ddb9c882e9323f3f6128ab230e880f3');
INSERT INTO messages VALUES(142,310018,'insert','transactions','{"block_hash":"35c06f9e3de39e4e56ceb1d1a22008f52361c50dd0d251c0acbe2e3c2dba8ed3","block_index":310018,"block_time":310018000,"btc_amount":0,"data":"0000001e52bb33324058f7256ffc115e004c4b4009556e69742054657374","destination":"","fee":6800,"source":"1_mn6q3dS2EnDUx3bmyWc6D4szJNVGtaR7zc_mtQheFaSfWELRB2MyMBaiWjdDm6ux9Ezns_2","supported":true,"tx_hash":"f020ae6c0b1aadbba4893581678ef87f9d2a925be5e6b08d02440e213f6183b4","tx_index":19}',0,'NEW_TRANSACTION',NULL,'ea36770739537622342322ff4435a6171175773722cca3f8ce2a0afe89d9e462');
INSERT INTO messages VALUES(143,310018,'insert','broadcasts','{"block_index":310018,"fee_fraction_int":5000000,"locked":false,"source":"1_mn6q3dS2EnDUx3bmyWc6D4szJNVGtaR7zc_mtQheFaSfWELRB2MyMBaiWjdDm6ux9Ezns_2","status":"valid","text":"Unit Test","timestamp":1388000050,"tx_hash":"f020ae6c0b1aadbba4893581678ef87f9d2a925be5e6b08d02440e213f6183b4","tx_index":19,"value":99.86166}',0,'BROADCAST','f020ae6c0b1aadbba4893581678ef87f9d2a925be5e6b08d02440e213f6183b4','e7a43a99a95741e84c17654522bac273638c06998b8e97986e322be44eeedcd6');
INSERT INTO messages VALUES(144,310018,'insert','credits','{"address":"1_mn6q3dS2EnDUx3bmyWc6D4szJNVGtaR7zc_mtQheFaSfWELRB2MyMBaiWjdDm6ux9Ezns_2","asset":"XCP","block_index":310018,"calling_function":"bet settled: liquidated for bear","event":"f020ae6c0b1aadbba4893581678ef87f9d2a925be5e6b08d02440e213f6183b4","quantity":59137500,"tx_index":19}',0,'CREDIT','f020ae6c0b1aadbba4893581678ef87f9d2a925be5e6b08d02440e213f6183b4','e8ea829e713718c23c7c614896bf9ddd8f7ccbbec667cc77072220d88419d17a');
INSERT INTO messages VALUES(145,310018,'insert','credits','{"address":"1_mn6q3dS2EnDUx3bmyWc6D4szJNVGtaR7zc_mtQheFaSfWELRB2MyMBaiWjdDm6ux9Ezns_2","asset":"XCP","block_index":310018,"calling_function":"feed fee","event":"f020ae6c0b1aadbba4893581678ef87f9d2a925be5e6b08d02440e213f6183b4","quantity":3112500,"tx_index":19}',0,'CREDIT','f020ae6c0b1aadbba4893581678ef87f9d2a925be5e6b08d02440e213f6183b4','ab69f213eb2bf33c2a30a4f9157af53a5d1f14457693ae997e07d9afd0e0afb7');
INSERT INTO messages VALUES(146,310018,'insert','bet_match_resolutions','{"bear_credit":59137500,"bet_match_id":"74062934f0a97c41851735fef2a7df4d9ad9945424f09a54281e145a5e32492f_6a5f30666a5f24b6e0e6f31cf06b22ee74d3e692a550297450bdf1d36b1cc167","bet_match_type_id":1,"block_index":310018,"bull_credit":0,"escrow_less_fee":null,"fee":3112500,"settled":false,"winner":null}',0,'BET_MATCH_RESOLUTON','f020ae6c0b1aadbba4893581678ef87f9d2a925be5e6b08d02440e213f6183b4','1740cddc5cbb0584e80d50a25028abb6968b02d9c4bf90fec063805411ee8834');
INSERT INTO messages VALUES(147,310018,'update','bet_matches','{"id":"74062934f0a97c41851735fef2a7df4d9ad9945424f09a54281e145a5e32492f_6a5f30666a5f24b6e0e6f31cf06b22ee74d3e692a550297450bdf1d36b1cc167","status":"settled: liquidated for bear"}',0,'BET_MATCH_UPDATE','f020ae6c0b1aadbba4893581678ef87f9d2a925be5e6b08d02440e213f6183b4','5104be7c3f55e7f0c391955f2167a8e0e72de982d8b8d2391969adac0429dd1b');
INSERT INTO messages VALUES(148,310018,'parse','transactions','{"supported":true,"tx_hash":"f020ae6c0b1aadbba4893581678ef87f9d2a925be5e6b08d02440e213f6183b4","tx_index":19}',0,'TRANSACTION_PARSED','f020ae6c0b1aadbba4893581678ef87f9d2a925be5e6b08d02440e213f6183b4','3adba8f0eb54b1fdea037bc8381599b188df366f64a0f6a58af7ab8b20525a98');
INSERT INTO messages VALUES(149,310018,'parse','blocks','{"block_index":310018,"ledger_hash":"304243c1b11644e04d325d7100e4c757c07b874f0349e60163a5a544e84e951f","messages_hash":"277c84ad2141397b5cd35cac07e45452ecdd845668f7684bb1c1679f4ef6a50b","transaction_count":1,"txlist_hash":"a174e4813aa967f5466148f27f4f8511ed9404295bf613e112c08b72eb3229ad"}',0,'BLOCK_PARSED',NULL,'d2c41bd9ebb4f09c39abaceb7fdac874a3d43cd4c2783e3396d2fb6280ebb7ca');
INSERT INTO messages VALUES(150,310019,'insert','blocks','{"block_hash":"114affa0c4f34b1ebf8e2778c9477641f60b5b9e8a69052158041d4c41893294","block_index":310019,"block_time":310019000,"difficulty":null,"ledger_hash":null,"previous_block_hash":null,"txlist_hash":null}',0,'NEW_BLOCK',NULL,'cfbfa9659ad6e00889e7bf5c3990c33c00344b6f746cbad927f7247e31907854');
INSERT INTO messages VALUES(151,310019,'insert','transactions','{"block_hash":"114affa0c4f34b1ebf8e2778c9477641f60b5b9e8a69052158041d4c41893294","block_index":310019,"block_time":310019000,"btc_amount":0,"data":"0000001e52bb3365405915f3b645a1cb004c4b4009556e69742054657374","destination":"","fee":6800,"source":"1_mn6q3dS2EnDUx3bmyWc6D4szJNVGtaR7zc_mtQheFaSfWELRB2MyMBaiWjdDm6ux9Ezns_2","supported":true,"tx_hash":"dccbd8852c8d489d32f87be0c86a631b63ec50202b0109a2be6aa96f27f89600","tx_index":20}',0,'NEW_TRANSACTION',NULL,'9b578cf801683171e079ed50d4591f037ebbd903bc434abad076a87629351b0f');
INSERT INTO messages VALUES(152,310019,'insert','broadcasts','{"block_index":310019,"fee_fraction_int":5000000,"locked":false,"source":"1_mn6q3dS2EnDUx3bmyWc6D4szJNVGtaR7zc_mtQheFaSfWELRB2MyMBaiWjdDm6ux9Ezns_2","status":"valid","text":"Unit Test","timestamp":1388000101,"tx_hash":"dccbd8852c8d489d32f87be0c86a631b63ec50202b0109a2be6aa96f27f89600","tx_index":20,"value":100.343}',0,'BROADCAST','dccbd8852c8d489d32f87be0c86a631b63ec50202b0109a2be6aa96f27f89600','1004e95b480b914ea04ab71037206f79613d1566f7c628a5cebca3c57024b8e5');
INSERT INTO messages VALUES(153,310019,'insert','credits','{"address":"1_mn6q3dS2EnDUx3bmyWc6D4szJNVGtaR7zc_mtQheFaSfWELRB2MyMBaiWjdDm6ux9Ezns_2","asset":"XCP","block_index":310019,"calling_function":"bet settled","event":"dccbd8852c8d489d32f87be0c86a631b63ec50202b0109a2be6aa96f27f89600","quantity":159300000,"tx_index":20}',0,'CREDIT','dccbd8852c8d489d32f87be0c86a631b63ec50202b0109a2be6aa96f27f89600','d8a56890bf9a3fcd2fe07005a997556ab35fc3a983d37658066b197e42a7982d');
INSERT INTO messages VALUES(154,310019,'insert','credits','{"address":"1_mn6q3dS2EnDUx3bmyWc6D4szJNVGtaR7zc_mtQheFaSfWELRB2MyMBaiWjdDm6ux9Ezns_2","asset":"XCP","block_index":310019,"calling_function":"bet settled","event":"dccbd8852c8d489d32f87be0c86a631b63ec50202b0109a2be6aa96f27f89600","quantity":315700000,"tx_index":20}',0,'CREDIT','dccbd8852c8d489d32f87be0c86a631b63ec50202b0109a2be6aa96f27f89600','9bd02e43d8546500af05ff4f239a37b8556bbeb0c18481dbd2d4b941895a3934');
INSERT INTO messages VALUES(155,310019,'insert','credits','{"address":"1_mn6q3dS2EnDUx3bmyWc6D4szJNVGtaR7zc_mtQheFaSfWELRB2MyMBaiWjdDm6ux9Ezns_2","asset":"XCP","block_index":310019,"calling_function":"feed fee","event":"dccbd8852c8d489d32f87be0c86a631b63ec50202b0109a2be6aa96f27f89600","quantity":25000000,"tx_index":20}',0,'CREDIT','dccbd8852c8d489d32f87be0c86a631b63ec50202b0109a2be6aa96f27f89600','bdabbdc48ca1e42a215542dc9b2de74183a220c0360fcfd6928ac8d8f31bb832');
INSERT INTO messages VALUES(156,310019,'insert','bet_match_resolutions','{"bear_credit":315700000,"bet_match_id":"2066b9a6b8913412384a0401ef57bfc604e7c5a2c141e23111a8ccc6881b0fb3_65db3ab58b65891a947ab9bdba4723e907678bf3b48397add62802dcc65d1d8e","bet_match_type_id":1,"block_index":310019,"bull_credit":159300000,"escrow_less_fee":null,"fee":25000000,"settled":true,"winner":null}',0,'BET_MATCH_RESOLUTON','dccbd8852c8d489d32f87be0c86a631b63ec50202b0109a2be6aa96f27f89600','5a12e55bba5e43d46fd4d1acf07223c65bf8863232d3e1b9e3b32a73f86a29d6');
INSERT INTO messages VALUES(157,310019,'update','bet_matches','{"id":"2066b9a6b8913412384a0401ef57bfc604e7c5a2c141e23111a8ccc6881b0fb3_65db3ab58b65891a947ab9bdba4723e907678bf3b48397add62802dcc65d1d8e","status":"settled"}',0,'BET_MATCH_UPDATE','dccbd8852c8d489d32f87be0c86a631b63ec50202b0109a2be6aa96f27f89600','89935cd113da4d072f5b52b4531b3b31d85ad291b20c6955311ab3e049aedffd');
INSERT INTO messages VALUES(158,310019,'parse','transactions','{"supported":true,"tx_hash":"dccbd8852c8d489d32f87be0c86a631b63ec50202b0109a2be6aa96f27f89600","tx_index":20}',0,'TRANSACTION_PARSED','dccbd8852c8d489d32f87be0c86a631b63ec50202b0109a2be6aa96f27f89600','bff5a0b911b0b9a7cac45f82dcab812e75f6a10096431e38122c101cededdafb');
INSERT INTO messages VALUES(159,310019,'parse','blocks','{"block_index":310019,"ledger_hash":"fc9905ee4863b3cf29a3e558ee690a24ed978a4fd79c464bdde30a34cfff19fe","messages_hash":"0928aaa2af960f1750455c96196f5f331bce38c09b7cc315f40aacfc8b363c3b","transaction_count":1,"txlist_hash":"c551c2094651cd0e06e0cd9d513fec771b69f4bb89c3034f201c89f703cf8a23"}',0,'BLOCK_PARSED',NULL,'63ee75c8d593890d08a4fb4d345735d93bff43553ff3bf686d13cfe24c16fb13');
INSERT INTO messages VALUES(160,310020,'insert','blocks','{"block_hash":"d93c79920e4a42164af74ecb5c6b903ff6055cdc007376c74dfa692c8d85ebc9","block_index":310020,"block_time":310020000,"difficulty":null,"ledger_hash":null,"previous_block_hash":null,"txlist_hash":null}',0,'NEW_BLOCK',NULL,'f4fae940620a20419e764924497bf5d8cc2ae37ba03e1a03049b120488bdae6e');
INSERT INTO messages VALUES(161,310020,'insert','transactions','{"block_hash":"d93c79920e4a42164af74ecb5c6b903ff6055cdc007376c74dfa692c8d85ebc9","block_index":310020,"block_time":310020000,"btc_amount":0,"data":"0000001e52bb33c94000000000000000004c4b4009556e69742054657374","destination":"","fee":6800,"source":"1_mn6q3dS2EnDUx3bmyWc6D4szJNVGtaR7zc_mtQheFaSfWELRB2MyMBaiWjdDm6ux9Ezns_2","supported":true,"tx_hash":"457f36dccce6664a8e28b00ebf47aa60ba4a41b46642aceef0e2a297429eb64e","tx_index":21}',0,'NEW_TRANSACTION',NULL,'fd426dd8da3da587eb01ffdb05692504cb7113922a1a60a1fbfa1894ca63d969');
INSERT INTO messages VALUES(162,310020,'insert','broadcasts','{"block_index":310020,"fee_fraction_int":5000000,"locked":false,"source":"1_mn6q3dS2EnDUx3bmyWc6D4szJNVGtaR7zc_mtQheFaSfWELRB2MyMBaiWjdDm6ux9Ezns_2","status":"valid","text":"Unit Test","timestamp":1388000201,"tx_hash":"457f36dccce6664a8e28b00ebf47aa60ba4a41b46642aceef0e2a297429eb64e","tx_index":21,"value":2.0}',0,'BROADCAST','457f36dccce6664a8e28b00ebf47aa60ba4a41b46642aceef0e2a297429eb64e','03bafb81c27bd9f24cdf0a3a1805ceced2b774ef34d10aea1946fb6c505bdf3e');
INSERT INTO messages VALUES(163,310020,'insert','credits','{"address":"1_mn6q3dS2EnDUx3bmyWc6D4szJNVGtaR7zc_mtQheFaSfWELRB2MyMBaiWjdDm6ux9Ezns_2","asset":"XCP","block_index":310020,"calling_function":"bet settled: for notequal","event":"457f36dccce6664a8e28b00ebf47aa60ba4a41b46642aceef0e2a297429eb64e","quantity":1330000000,"tx_index":21}',0,'CREDIT','457f36dccce6664a8e28b00ebf47aa60ba4a41b46642aceef0e2a297429eb64e','a48cebe04aabaca54c2fb5034cb98c315fd00a6b8d216fe1d64d2612f5837867');
INSERT INTO messages VALUES(164,310020,'insert','credits','{"address":"1_mn6q3dS2EnDUx3bmyWc6D4szJNVGtaR7zc_mtQheFaSfWELRB2MyMBaiWjdDm6ux9Ezns_2","asset":"XCP","block_index":310020,"calling_function":"feed fee","event":"457f36dccce6664a8e28b00ebf47aa60ba4a41b46642aceef0e2a297429eb64e","quantity":70000000,"tx_index":21}',0,'CREDIT','457f36dccce6664a8e28b00ebf47aa60ba4a41b46642aceef0e2a297429eb64e','1775ffc6dddebd9b8fec9014c7a3b8a44dbd7728c1e5e81eb082d5a59f5884d8');
INSERT INTO messages VALUES(165,310020,'insert','bet_match_resolutions','{"bear_credit":null,"bet_match_id":"94b11df6b519372bfbcf0ec5f3e6465a63e323c7cd7cff83a8abd78596d4bce4_a7daff1ca2874f6b18a8f1a1e70db27f58c6b39a9f106c353223fbccde57098e","bet_match_type_id":5,"block_index":310020,"bull_credit":null,"escrow_less_fee":1330000000,"fee":70000000,"settled":null,"winner":"NotEqual"}',0,'BET_MATCH_RESOLUTON','457f36dccce6664a8e28b00ebf47aa60ba4a41b46642aceef0e2a297429eb64e','893e83aff98d43f4b993847d509d87b8ef7a26e3706b6e7e9f7144275c800e88');
INSERT INTO messages VALUES(166,310020,'update','bet_matches','{"id":"94b11df6b519372bfbcf0ec5f3e6465a63e323c7cd7cff83a8abd78596d4bce4_a7daff1ca2874f6b18a8f1a1e70db27f58c6b39a9f106c353223fbccde57098e","status":"settled: for notequal"}',0,'BET_MATCH_UPDATE','457f36dccce6664a8e28b00ebf47aa60ba4a41b46642aceef0e2a297429eb64e','6e19d5734c27d1a3ce8c07cf0f876f19c060689ed7d31299d10dbb50a7088275');
INSERT INTO messages VALUES(167,310020,'parse','transactions','{"supported":true,"tx_hash":"457f36dccce6664a8e28b00ebf47aa60ba4a41b46642aceef0e2a297429eb64e","tx_index":21}',0,'TRANSACTION_PARSED','457f36dccce6664a8e28b00ebf47aa60ba4a41b46642aceef0e2a297429eb64e','250ff46e87ee5d306de03d890a137c112506bd4b5a0edeed23f6d501e7e40342');
INSERT INTO messages VALUES(168,310020,'parse','blocks','{"block_index":310020,"ledger_hash":"e433feac4a09ad727bd3764b10a568acf5c659745a695e9d7e8790514f6bc98e","messages_hash":"859eb68b2ff99d0621c4d634d717d985688b8e0ca83b84e330446a25ccbd5fe1","transaction_count":1,"txlist_hash":"087d41720991e4b6bb72c6141334a65c9a289454dd8fd57edc33a09db467d086"}',0,'BLOCK_PARSED',NULL,'a634501f26939538fb274f89c2c39f03365aadeb0fa56617c44fa20cd11c5f67');
INSERT INTO messages VALUES(169,310021,'insert','blocks','{"block_hash":"7c2460bb32c5749c856486393239bf7a0ac789587ac71f32e7237910da8097f2","block_index":310021,"block_time":310021000,"difficulty":null,"ledger_hash":null,"previous_block_hash":null,"txlist_hash":null}',0,'NEW_BLOCK',NULL,'9711988a1f828c65095aa99cab911dd9d6caba68efd7806566472a36a37c2f40');
INSERT INTO messages VALUES(170,310021,'insert','transactions','{"block_hash":"7c2460bb32c5749c856486393239bf7a0ac789587ac71f32e7237910da8097f2","block_index":310021,"block_time":310021000,"btc_amount":0,"data":"0000000a00000000000047670000000002faf08000000000000000010000000002faf080000a0000000000000000","destination":"","fee":6800,"source":"1_mn6q3dS2EnDUx3bmyWc6D4szJNVGtaR7zc_mtQheFaSfWELRB2MyMBaiWjdDm6ux9Ezns_2","supported":true,"tx_hash":"6cb08a1c0547ab0d0d37b74633c1c8a2fd2372d9fd72eb3abdea298f2b245fee","tx_index":22}',0,'NEW_TRANSACTION',NULL,'8bea3f71e2e15ac4634f778ce39c32716778681d726f0574496375da55f43dea');
INSERT INTO messages VALUES(171,310021,'insert','debits','{"action":"open order","address":"1_mn6q3dS2EnDUx3bmyWc6D4szJNVGtaR7zc_mtQheFaSfWELRB2MyMBaiWjdDm6ux9Ezns_2","asset":"BBBB","block_index":310021,"event":"6cb08a1c0547ab0d0d37b74633c1c8a2fd2372d9fd72eb3abdea298f2b245fee","quantity":50000000,"tx_index":22}',0,'DEBIT','6cb08a1c0547ab0d0d37b74633c1c8a2fd2372d9fd72eb3abdea298f2b245fee','24f78c2161edc98f7fbcc539f97c06d3d8501a094cf4bcadd5b0caf059b86dce');
INSERT INTO messages VALUES(172,310021,'insert','orders','{"block_index":310021,"expiration":10,"expire_index":310031,"fee_provided":6800,"fee_provided_remaining":6800,"fee_required":0,"fee_required_remaining":0,"get_asset":"XCP","get_quantity":50000000,"get_remaining":50000000,"give_asset":"BBBB","give_quantity":50000000,"give_remaining":50000000,"source":"1_mn6q3dS2EnDUx3bmyWc6D4szJNVGtaR7zc_mtQheFaSfWELRB2MyMBaiWjdDm6ux9Ezns_2","status":"open","tx_hash":"6cb08a1c0547ab0d0d37b74633c1c8a2fd2372d9fd72eb3abdea298f2b245fee","tx_index":22}',0,'OPEN_ORDER','6cb08a1c0547ab0d0d37b74633c1c8a2fd2372d9fd72eb3abdea298f2b245fee','d876ec6e0e800218f4c7246947db63dd8d3bd57bfd74fa0d6d27c8542d6bc26b');
INSERT INTO messages VALUES(173,310021,'parse','transactions','{"supported":true,"tx_hash":"6cb08a1c0547ab0d0d37b74633c1c8a2fd2372d9fd72eb3abdea298f2b245fee","tx_index":22}',0,'TRANSACTION_PARSED','6cb08a1c0547ab0d0d37b74633c1c8a2fd2372d9fd72eb3abdea298f2b245fee','0c1fc825505fcc46222a6aeef1a5ae03afd6bbd4705c889259e117cd6e798cfe');
INSERT INTO messages VALUES(174,310021,'parse','blocks','{"block_index":310021,"ledger_hash":"622f92da40eae0b1b57218b32ad18daf7d79c9e0202fed4a288d75b8fdcd19d2","messages_hash":"9e323ccc0a72f968a5886d5bd8cd26c990602bd87d0e65e8cbd64343c4b02bfe","transaction_count":1,"txlist_hash":"caa77e83354d56437795411f9625dff332c0dd39d059a0ad7381fe1f37e38999"}',0,'BLOCK_PARSED',NULL,'110d0be0edab70917f35ed3bc2e3070a90dbe86b1210b5110002ef16d52f09de');
INSERT INTO messages VALUES(175,310022,'insert','blocks','{"block_hash":"44435f9a99a0aa12a9bfabdc4cb8119f6ea6a6e1350d2d65445fb66a456db5fc","block_index":310022,"block_time":310022000,"difficulty":null,"ledger_hash":null,"previous_block_hash":null,"txlist_hash":null}',0,'NEW_BLOCK',NULL,'324a172da659006cb39af6bf32d9556efa467c6e950604d4a65282b608266e12');
INSERT INTO messages VALUES(176,310022,'insert','transactions','{"block_hash":"44435f9a99a0aa12a9bfabdc4cb8119f6ea6a6e1350d2d65445fb66a456db5fc","block_index":310022,"block_time":310022000,"btc_amount":100000000,"data":"","destination":"mvCounterpartyXXXXXXXXXXXXXXW24Hef","fee":14675,"source":"1_mn6q3dS2EnDUx3bmyWc6D4szJNVGtaR7zc_mtQheFaSfWELRB2MyMBaiWjdDm6ux9Ezns_2","supported":true,"tx_hash":"c81cd36f1efabd22f1a00923714fd5a5f1ba07852ef1f0763223563e3f55dfda","tx_index":23}',0,'NEW_TRANSACTION',NULL,'d4644b7710d866c38e6367901c0aaf0e668f3b0d6567501d1f54acb05618523b');
INSERT INTO messages VALUES(177,310022,'insert','credits','{"address":"1_mn6q3dS2EnDUx3bmyWc6D4szJNVGtaR7zc_mtQheFaSfWELRB2MyMBaiWjdDm6ux9Ezns_2","asset":"XCP","block_index":310022,"calling_function":"burn","event":"c81cd36f1efabd22f1a00923714fd5a5f1ba07852ef1f0763223563e3f55dfda","quantity":56999887262,"tx_index":23}',0,'CREDIT','c81cd36f1efabd22f1a00923714fd5a5f1ba07852ef1f0763223563e3f55dfda','b357be509a928b7b20620ab84c84341277cfe2c7e9ec2f3cd6ac1de17d435db2');
INSERT INTO messages VALUES(178,310022,'insert','burns','{"block_index":310022,"burned":38000000,"earned":56999887262,"source":"1_mn6q3dS2EnDUx3bmyWc6D4szJNVGtaR7zc_mtQheFaSfWELRB2MyMBaiWjdDm6ux9Ezns_2","status":"valid","tx_hash":"c81cd36f1efabd22f1a00923714fd5a5f1ba07852ef1f0763223563e3f55dfda","tx_index":23}',0,'BURN','c81cd36f1efabd22f1a00923714fd5a5f1ba07852ef1f0763223563e3f55dfda','fa423fb59604b8aa1fabc870b9509cd3d254e2e8b5958c8ca4cbfc7e41346b1c');
INSERT INTO messages VALUES(179,310022,'parse','blocks','{"block_index":310022,"ledger_hash":"b7aa8d9ebc37d52d8dcce2cc17431d6edf5a183b73ac85bb3d91276592215cfd","messages_hash":"a9bfc8463d636a888c8ae61b3fc13d2d32768fa1920b980cb5ea967b4863e6ec","transaction_count":1,"txlist_hash":"df23960a57099b0b64572553e56794b1eff3004e684ee2b31187b585aeb03587"}',0,'BLOCK_PARSED',NULL,'bca94292402d21e07550d8b0066bf9b112cd246d1af6f8b53accfba62a428e5b');
INSERT INTO messages VALUES(180,310023,'insert','blocks','{"block_hash":"d8cf5bec1bbcab8ca4f495352afde3b6572b7e1d61b3976872ebb8e9d30ccb08","block_index":310023,"block_time":310023000,"difficulty":null,"ledger_hash":null,"previous_block_hash":null,"txlist_hash":null}',0,'NEW_BLOCK',NULL,'b30dec84846345e7715dff34cf451639e11e17b608d24c9eeafbec61a0c46bd6');
INSERT INTO messages VALUES(181,310023,'insert','transactions','{"block_hash":"d8cf5bec1bbcab8ca4f495352afde3b6572b7e1d61b3976872ebb8e9d30ccb08","block_index":310023,"block_time":310023000,"btc_amount":1000,"data":"0000000000000000000047680000000000002710","destination":"1_mnfAHmddVibnZNSkh8DvKaQoiEfNsxjXzH_mtQheFaSfWELRB2MyMBaiWjdDm6ux9Ezns_2","fee":7650,"source":"1_mn6q3dS2EnDUx3bmyWc6D4szJNVGtaR7zc_mtQheFaSfWELRB2MyMBaiWjdDm6ux9Ezns_2","supported":true,"tx_hash":"c576ecde0f86c86725b540c9f5e6ae57a378fe9694260f7859eca55613d9d341","tx_index":24}',0,'NEW_TRANSACTION',NULL,'7d1a7512767808ee743ae602b6b26be430197b106f4e45b4c2bfef44b9a069b8');
INSERT INTO messages VALUES(182,310023,'update','bets','{"status":"expired","tx_hash":"74062934f0a97c41851735fef2a7df4d9ad9945424f09a54281e145a5e32492f"}',0,'BET_UPDATE',NULL,'33d33770166288c7c7b1603670cc7aed92a97cc3d0ed7cd417417eca7291eed7');
INSERT INTO messages VALUES(183,310023,'insert','credits','{"address":"1_mn6q3dS2EnDUx3bmyWc6D4szJNVGtaR7zc_mtQheFaSfWELRB2MyMBaiWjdDm6ux9Ezns_2","asset":"XCP","block_index":310023,"calling_function":"recredit wager remaining","event":"74062934f0a97c41851735fef2a7df4d9ad9945424f09a54281e145a5e32492f","quantity":8500000,"tx_index":0}',0,'CREDIT',NULL,'b1d6b3babb53babf9281fbee6205915e5348ee57334ddf8ea0aa8bf6470f51fb');
INSERT INTO messages VALUES(184,310023,'insert','bet_expirations','{"bet_hash":"74062934f0a97c41851735fef2a7df4d9ad9945424f09a54281e145a5e32492f","bet_index":13,"block_index":310023,"source":"1_mn6q3dS2EnDUx3bmyWc6D4szJNVGtaR7zc_mtQheFaSfWELRB2MyMBaiWjdDm6ux9Ezns_2"}',0,'BET_EXPIRATION',NULL,'4b792e52bc9ed41fd24beef19308f558bd002f291c0447aa55eadd67cd95954f');
INSERT INTO messages VALUES(185,310023,'insert','debits','{"action":"send","address":"1_mn6q3dS2EnDUx3bmyWc6D4szJNVGtaR7zc_mtQheFaSfWELRB2MyMBaiWjdDm6ux9Ezns_2","asset":"BBBC","block_index":310023,"event":"c576ecde0f86c86725b540c9f5e6ae57a378fe9694260f7859eca55613d9d341","quantity":10000,"tx_index":24}',0,'DEBIT','c576ecde0f86c86725b540c9f5e6ae57a378fe9694260f7859eca55613d9d341','b0c9d5a401472fb0bbe6c8f26f973d236dcc520e4f5dca63598a7ff7f6b5ce56');
INSERT INTO messages VALUES(186,310023,'insert','credits','{"address":"1_mnfAHmddVibnZNSkh8DvKaQoiEfNsxjXzH_mtQheFaSfWELRB2MyMBaiWjdDm6ux9Ezns_2","asset":"BBBC","block_index":310023,"calling_function":"send","event":"c576ecde0f86c86725b540c9f5e6ae57a378fe9694260f7859eca55613d9d341","quantity":10000,"tx_index":24}',0,'CREDIT','c576ecde0f86c86725b540c9f5e6ae57a378fe9694260f7859eca55613d9d341','c89a059672bbeaef89ee3b20e611714cbb35eebeb2532a1d0f73184b698025c9');
INSERT INTO messages VALUES(187,310023,'insert','sends','{"asset":"BBBC","block_index":310023,"destination":"1_mnfAHmddVibnZNSkh8DvKaQoiEfNsxjXzH_mtQheFaSfWELRB2MyMBaiWjdDm6ux9Ezns_2","quantity":10000,"source":"1_mn6q3dS2EnDUx3bmyWc6D4szJNVGtaR7zc_mtQheFaSfWELRB2MyMBaiWjdDm6ux9Ezns_2","status":"valid","tx_hash":"c576ecde0f86c86725b540c9f5e6ae57a378fe9694260f7859eca55613d9d341","tx_index":24}',0,'SEND','c576ecde0f86c86725b540c9f5e6ae57a378fe9694260f7859eca55613d9d341','d0a012c6eccd2c60fbf10c016e11997efbf4ade0a8b1fabdc8894097617d5e8c');
INSERT INTO messages VALUES(188,310023,'parse','transactions','{"supported":true,"tx_hash":"c576ecde0f86c86725b540c9f5e6ae57a378fe9694260f7859eca55613d9d341","tx_index":24}',0,'TRANSACTION_PARSED','c576ecde0f86c86725b540c9f5e6ae57a378fe9694260f7859eca55613d9d341','2ccc47fd0c6fcd7a8dc8444e39ee31b7354b21d860d7b859dd067038fac172e4');
INSERT INTO messages VALUES(189,310023,'parse','blocks','{"block_index":310023,"ledger_hash":"501c058860063ca599f3b946d465b3bbd84fd483a2a80527e456e3de32b48a19","messages_hash":"82ecd86662e345e85c8e68ef7a8dbad744af2415bd71756cdd5824ac35b9655e","transaction_count":1,"txlist_hash":"c680a6d4f839ba4f9420a99f0512e51fc1db0b661ed027332f440c6089eb615a"}',0,'BLOCK_PARSED',NULL,'3e1db3657f1904bcaa17ebcb34c06a19c8591c70a8f1213428b4247da37874e2');
INSERT INTO messages VALUES(190,310024,'insert','blocks','{"block_hash":"b03042b4e18a222b4c8d1e9e1970d93e6e2a2d41686d227ff8ecf0a839223dc5","block_index":310024,"block_time":310024000,"difficulty":null,"ledger_hash":null,"previous_block_hash":null,"txlist_hash":null}',0,'NEW_BLOCK',NULL,'18980600068be8b0f53b6110c677142cd32505303bb869073bbf1a9a2b8dc5ad');
INSERT INTO messages VALUES(191,310024,'parse','blocks','{"block_index":310024,"ledger_hash":"222986ec44fae1a6196d64dec24b79872970823f17bf0459d3b247bdef316675","messages_hash":"2d94009516ad0a6a7696d3c90c4a18b18970ed29702a91684120939b7f7e424f","transaction_count":0,"txlist_hash":"f40aab7ef7167a17e35279423d9c14d49a9ebc05691fa658b09add1373216959"}',0,'BLOCK_PARSED',NULL,'8edab05e83dc65e495e98a56b1e7ca3073583064a2dddc229c4eecf290d34f88');
INSERT INTO messages VALUES(192,310025,'insert','blocks','{"block_hash":"a872e560766832cc3b4f7f222228cb6db882ce3c54f6459f62c71d5cd6e90666","block_index":310025,"block_time":310025000,"difficulty":null,"ledger_hash":null,"previous_block_hash":null,"txlist_hash":null}',0,'NEW_BLOCK',NULL,'afd6f5d8d8704f164566f1d72516ee2538542fcd3713366a277af55824966fea');
INSERT INTO messages VALUES(193,310025,'parse','blocks','{"block_index":310025,"ledger_hash":"bcd88006b9cb98445a74c656d424435e82eeaef95dd9c54e394b42808dc9cb8b","messages_hash":"07d351ee43763fbb80ea1d600cb501b6f8b0105cf3d3d277b9a9714527a81235","transaction_count":0,"txlist_hash":"0e3736813d3c0e789cd9474449abcf83118b5559cbc2f4dfd4d3ee51b5847a57"}',0,'BLOCK_PARSED',NULL,'31fcdb09d52bc4dd619bc98cc29350c1cf6e4f8ae6dc12f503599a06f9d19a55');
INSERT INTO messages VALUES(194,310026,'insert','blocks','{"block_hash":"6c96350f6f2f05810f19a689de235eff975338587194a36a70dfd0fcd490941a","block_index":310026,"block_time":310026000,"difficulty":null,"ledger_hash":null,"previous_block_hash":null,"txlist_hash":null}',0,'NEW_BLOCK',NULL,'3630fa5a259111de1266c6caa18dc15d5c66bf10b6e478a157c3b59ec7352221');
INSERT INTO messages VALUES(195,310026,'parse','blocks','{"block_index":310026,"ledger_hash":"3de7bf2043ac2e68bc9eaf8d1c12195a4f2400bc78c8deed0d487af11edf401e","messages_hash":"3b432d9f048634678497de80535eced0de2db802c86b3ecd6f7e3052285f2819","transaction_count":0,"txlist_hash":"c3572580398fcd71e5a1fef6e10217a99dec1aa605d61830ebb64ea65b7907ae"}',0,'BLOCK_PARSED',NULL,'e108ce999db97ba89f1ef08e35f3e75eccc8d4d3c66999f0a6da97eef10a4e98');
INSERT INTO messages VALUES(196,310027,'insert','blocks','{"block_hash":"d7acfac66df393c4482a14c189742c0571b89442eb7f817b34415a560445699e","block_index":310027,"block_time":310027000,"difficulty":null,"ledger_hash":null,"previous_block_hash":null,"txlist_hash":null}',0,'NEW_BLOCK',NULL,'5d8062e68c648c295d849cb480762ef3ca415cdd80af76146cd52d617627b3d6');
INSERT INTO messages VALUES(197,310027,'parse','blocks','{"block_index":310027,"ledger_hash":"6c2a67783cf36e8987dc1805f87532ee1b94f79fb00952d8ee4cf3daaf655f85","messages_hash":"139682b87ae2b72b9fbd62ca0d3788ab4bf20239f6e27e0142e7b4d810b3138d","transaction_count":0,"txlist_hash":"b8b9d102d56df94d4fcea6f8aeb92d3cb859d3281c9fac7407842b7f05313737"}',0,'BLOCK_PARSED',NULL,'84b35b4a12db94a94fd0674ae0337789bd33003cb5cf58539912db2ac48a7701');
INSERT INTO messages VALUES(198,310028,'insert','blocks','{"block_hash":"02409fcf8fa06dafcb7f11e38593181d9c42cc9d5e2ddc304d098f990bd9530b","block_index":310028,"block_time":310028000,"difficulty":null,"ledger_hash":null,"previous_block_hash":null,"txlist_hash":null}',0,'NEW_BLOCK',NULL,'d45f490b35a0f5527bfbb7e766cc78e9f0d870ed096acfe0f7fdcf608e22c4e9');
INSERT INTO messages VALUES(199,310028,'parse','blocks','{"block_index":310028,"ledger_hash":"659c73390e2e7eccc07d690fb438181c604787208bc45f466e57721fa1e21a64","messages_hash":"281c45bea9359ef175c8e8b50167fe72be91b589dd7e589d51280d15ffefb8dc","transaction_count":0,"txlist_hash":"55eafa176bc145ec7b98497c8a156226c68bd3b921cbdd06a890b2bd660ca050"}',0,'BLOCK_PARSED',NULL,'e8d17622014a3d00c149e221bb7b91e1e8477b9f95fc6a86165e9d108f7692c7');
INSERT INTO messages VALUES(200,310029,'insert','blocks','{"block_hash":"3c739fa8b40c118d5547ea356ee8d10ee2898871907643ec02e5db9d00f03cc6","block_index":310029,"block_time":310029000,"difficulty":null,"ledger_hash":null,"previous_block_hash":null,"txlist_hash":null}',0,'NEW_BLOCK',NULL,'8ba0f4f79da9c7f1564f0a07cd29f714c07a16d3bdaad49185f7c83088723b8d');
INSERT INTO messages VALUES(201,310029,'parse','blocks','{"block_index":310029,"ledger_hash":"87449e7ff7316e49012934d83c1f5b733cedf39680299a9582eb216e260e0c02","messages_hash":"39af1ee82e4334b2b0596abf86dc82603d9b2c8a5d046c5db281ecf34b303a30","transaction_count":0,"txlist_hash":"c2fc809ff3ef6b74b10b1439fe15c275c6fd925e92dea73cf9d603948aba0d8f"}',0,'BLOCK_PARSED',NULL,'1c243fd9d911e974e6dfe5470efbbe04bb4c401a02345fa833af8b2eed54ea14');
INSERT INTO messages VALUES(202,310030,'insert','blocks','{"block_hash":"d5071cddedf89765ee0fd58f209c1c7d669ba8ea66200a57587da8b189b9e4f5","block_index":310030,"block_time":310030000,"difficulty":null,"ledger_hash":null,"previous_block_hash":null,"txlist_hash":null}',0,'NEW_BLOCK',NULL,'a956dbd678a39fcd1e91112dd2ade9488f240e3bfc5c171a7dfb3a1c44742357');
INSERT INTO messages VALUES(203,310030,'parse','blocks','{"block_index":310030,"ledger_hash":"6c4a7f749d0308edf5c88b3ea4de3b1d497ba3bc06435594d77686318b744b0f","messages_hash":"eaf3156993560de86b2de78af58593d00da00db7fd7bab33a7f7cc56d49944f6","transaction_count":0,"txlist_hash":"45db1d0cde22349299df8245e7ed24d308e1b1cb227098178606650f20832aaa"}',0,'BLOCK_PARSED',NULL,'2e17f7cca466c53b183eaa76e3397cbf1685d10b3a3429f0443d97f18036ac8e');
INSERT INTO messages VALUES(204,310031,'insert','blocks','{"block_hash":"0b02b10f41380fff27c543ea8891ecb845bf7a003ac5c87e15932aff3bfcf689","block_index":310031,"block_time":310031000,"difficulty":null,"ledger_hash":null,"previous_block_hash":null,"txlist_hash":null}',0,'NEW_BLOCK',NULL,'0a485a44cee82b627a6fab7cc59ed5d8c2a89900fc859bc9e414e2fadd1a6ce1');
INSERT INTO messages VALUES(205,310031,'parse','blocks','{"block_index":310031,"ledger_hash":"ecc04b1b2c7803ca17dc2a32adebd0960de2c04c8dbfec9cd88771dd883c885a","messages_hash":"0806bca89167cf716795644fc4577dc88f73a1ab2420109a4a7fb504dade4e65","transaction_count":0,"txlist_hash":"981653075dd609f44e0a5673dac2b63824b84e26080ec226547892c67dd7cc33"}',0,'BLOCK_PARSED',NULL,'cca36302fb6b798c5e7af6fa8607e0f7e2d9cfbd18235b307f4facb78bde8026');
INSERT INTO messages VALUES(206,310032,'insert','blocks','{"block_hash":"66346be81e6ba04544f2ae643b76c2b7b1383f038fc2636e02e49dc7ec144074","block_index":310032,"block_time":310032000,"difficulty":null,"ledger_hash":null,"previous_block_hash":null,"txlist_hash":null}',0,'NEW_BLOCK',NULL,'f5949c81d42392d7122bad992dcac318af33dc6dfca45946a7464b436401158e');
INSERT INTO messages VALUES(207,310032,'update','orders','{"status":"expired","tx_hash":"6cb08a1c0547ab0d0d37b74633c1c8a2fd2372d9fd72eb3abdea298f2b245fee"}',0,'ORDER_UPDATE',NULL,'2997c6b380db864e1c4f4574da654f13d91041c9c70d6ac197bc98b5ebc5b57d');
INSERT INTO messages VALUES(208,310032,'insert','credits','{"address":"1_mn6q3dS2EnDUx3bmyWc6D4szJNVGtaR7zc_mtQheFaSfWELRB2MyMBaiWjdDm6ux9Ezns_2","asset":"BBBB","block_index":310032,"calling_function":"cancel order","event":"6cb08a1c0547ab0d0d37b74633c1c8a2fd2372d9fd72eb3abdea298f2b245fee","quantity":50000000,"tx_index":0}',0,'CREDIT',NULL,'a6e87732a965d9187cb3e8d16ce0abd90726cba12c2eb00f202b3849204fa6b1');
INSERT INTO messages VALUES(209,310032,'insert','order_expirations','{"block_index":310032,"order_hash":"6cb08a1c0547ab0d0d37b74633c1c8a2fd2372d9fd72eb3abdea298f2b245fee","source":"1_mn6q3dS2EnDUx3bmyWc6D4szJNVGtaR7zc_mtQheFaSfWELRB2MyMBaiWjdDm6ux9Ezns_2"}',0,'ORDER_EXPIRATION',NULL,'8353da79bbf13054331dadb4700c2cc93cbcd83c380f66fd4e4788099574993e');
INSERT INTO messages VALUES(210,310032,'parse','blocks','{"block_index":310032,"ledger_hash":"01e769c5b990db44a9e534bc6c759567eb4283e0ea252578dd525923c7fde02c","messages_hash":"49cd53ea397947d31318ad902433661e23e78cac31fd544f67ee87f7cf5a5e47","transaction_count":0,"txlist_hash":"81778134948c3577216eeeb6db7fe9687545d855dc3b5f6bdf6053a7edf3eaf3"}',0,'BLOCK_PARSED',NULL,'a7fc8abf87773f1e8bd23f69bc0edd872973cdcc0739ee9aa9032485cdd16aa1');
INSERT INTO messages VALUES(211,310033,'insert','blocks','{"block_hash":"999c65df9661f73e8c01f1da1afda09ac16788b72834f0ff5ea3d1464afb4707","block_index":310033,"block_time":310033000,"difficulty":null,"ledger_hash":null,"previous_block_hash":null,"txlist_hash":null}',0,'NEW_BLOCK',NULL,'cc6ad65cd6f04214adbaf408f49d3ffc306277c1c2195e5fed6d6624f455810c');
INSERT INTO messages VALUES(212,310033,'parse','blocks','{"block_index":310033,"ledger_hash":"2df6b8dca0ffa8d6d55997605188637c2b86300e4dd7ebe3f1f275690169fd46","messages_hash":"03e1ca09ca2ad95c3d8625cdbdcefd20d69f2442d56a49c570d85c74935e232a","transaction_count":0,"txlist_hash":"650b0875a0fb44a0ad1b04edf1a0eb1b50b5ecc423c6ecdd37b5aa60b5e85663"}',0,'BLOCK_PARSED',NULL,'d98e7c999f2bfced2409c0c6be68e5b13ca1ba21740e64d4d2cc2e0702e0e15a');
INSERT INTO messages VALUES(213,310034,'insert','blocks','{"block_hash":"f552edd2e0a648230f3668e72ddf0ddfb1e8ac0f4c190f91b89c1a8c2e357208","block_index":310034,"block_time":310034000,"difficulty":null,"ledger_hash":null,"previous_block_hash":null,"txlist_hash":null}',0,'NEW_BLOCK',NULL,'fbf2e1b1b44fe4faf486f12fae054504c8eba8240db5bb16d5571b8fbdd02066');
INSERT INTO messages VALUES(214,310034,'parse','blocks','{"block_index":310034,"ledger_hash":"7f0dc7c1527a7d11831d272f0295eacabcb96fa3599f5a716bd29ba1bb6b7577","messages_hash":"40b21162c2bdec9408ffa79df90b098be7f3adfcbcd8f6bc6e6064d0b3a571ac","transaction_count":0,"txlist_hash":"e9d6c050b077d8e6902999bf64a0f1bf420c881b8a32c511ae81b0359e83a542"}',0,'BLOCK_PARSED',NULL,'79e17e8c30ec82a97c3a54125576d6a1df235eea842f8dfd598e24f7256f1f67');
INSERT INTO messages VALUES(215,310035,'insert','blocks','{"block_hash":"a13cbb016f3044207a46967a4ba1c87dab411f78c55c1179f2336653c2726ae2","block_index":310035,"block_time":310035000,"difficulty":null,"ledger_hash":null,"previous_block_hash":null,"txlist_hash":null}',0,'NEW_BLOCK',NULL,'3f64b99d1d40f1d2a010067eccd1f8b9bf61af907bf1ed3ca42b920c0d37004b');
INSERT INTO messages VALUES(216,310035,'parse','blocks','{"block_index":310035,"ledger_hash":"5e0cdf1764ed94672c29144f9c1bd9c3e70784f17c9dd1c9e4ce703a99bb3599","messages_hash":"aaaa2778599705d04a371a7488537f432426d15e6f3b3230f0d86f8fa7f266a0","transaction_count":0,"txlist_hash":"e755b5d80c9995dfa5763b080b9bdd349fd7b5bd940a661836ad418202b77384"}',0,'BLOCK_PARSED',NULL,'93da020618ee322d6e450daf11d9142c7df9789b4ddc5aa8e5408a7f02a041d2');
INSERT INTO messages VALUES(217,310036,'insert','blocks','{"block_hash":"158648a98f1e1bd1875584ce8449eb15a4e91a99a923bbb24c4210135cef0c76","block_index":310036,"block_time":310036000,"difficulty":null,"ledger_hash":null,"previous_block_hash":null,"txlist_hash":null}',0,'NEW_BLOCK',NULL,'0bb6751d7b1e676c504e68a19f345792ca97630636f8599560bb9af4985ab13d');
INSERT INTO messages VALUES(218,310036,'parse','blocks','{"block_index":310036,"ledger_hash":"96da34a5a66b89aa3e8857b4a4edca51a56a0cbbfe600d8153077875624a153e","messages_hash":"a68c4c24471575ea622ce59af306b947b521f01abeaa347a8e33eb651cf91a25","transaction_count":0,"txlist_hash":"cbc0139fb09af6a6c63e07847a37f15767a1f7b01d6305cf40179de841c4f093"}',0,'BLOCK_PARSED',NULL,'1212072206c109584ec7153ad4abbeb468dafa5e2001c04fb5d1167ef5b383f4');
INSERT INTO messages VALUES(219,310037,'insert','blocks','{"block_hash":"563acfd6d991ce256d5655de2e9429975c8dceeb221e76d5ec6e9e24a2c27c07","block_index":310037,"block_time":310037000,"difficulty":null,"ledger_hash":null,"previous_block_hash":null,"txlist_hash":null}',0,'NEW_BLOCK',NULL,'76d3ebc4dcfeb51a19b626df4fa11f2165f188dfca503b18388ebbe3bc1da4ec');
INSERT INTO messages VALUES(220,310037,'parse','blocks','{"block_index":310037,"ledger_hash":"d481358c19b4220aa9a3d135fd0651fada6df8d0f27b9ec954ac07950e876c0c","messages_hash":"7aa07b58643d61192acc195054c76aa198bc0615a8d1015efd485e6078c84797","transaction_count":0,"txlist_hash":"0493eb6bbab5ced7f25c6f5a3b32e4e2da321a5c761855ef64b5e050ddcfe431"}',0,'BLOCK_PARSED',NULL,'057b82ecde7724ec9f66ba5c2c94dbea1d1fa80583653d5c8259329464fcb5d7');
INSERT INTO messages VALUES(221,310038,'insert','blocks','{"block_hash":"b44b4cad12431c32df27940e18d51f63897c7472b70950d18454edfd640490b2","block_index":310038,"block_time":310038000,"difficulty":null,"ledger_hash":null,"previous_block_hash":null,"txlist_hash":null}',0,'NEW_BLOCK',NULL,'995fc12dc3ba56c5c2b5bd33634c691b097f1b20154458569c0a6375011b4246');
INSERT INTO messages VALUES(222,310038,'parse','blocks','{"block_index":310038,"ledger_hash":"4e9fcc454ee53b3617c792eb6577c2eefa6eee6aa4a2925538cb1976d48817c9","messages_hash":"d06d2f843297dda75791f6d438a0c22a679fa705606c8a82f71c3a316e24bfdd","transaction_count":0,"txlist_hash":"64b95af50bbee190166820a564e858e5c86769c04b22a68c2bed5adee0f7292f"}',0,'BLOCK_PARSED',NULL,'5f223dfe2bffe9bef455cab880f1b274236fe4532eac777da9fef5c41b0cc8be');
INSERT INTO messages VALUES(223,310039,'insert','blocks','{"block_hash":"5fa1ae9c5e8a599247458987b006ad3a57f686df1f7cc240bf119e911b56c347","block_index":310039,"block_time":310039000,"difficulty":null,"ledger_hash":null,"previous_block_hash":null,"txlist_hash":null}',0,'NEW_BLOCK',NULL,'10f16754dded812c791b2d9ed62516377884938ff593c1cbf1374d4febaf2e2a');
INSERT INTO messages VALUES(224,310039,'parse','blocks','{"block_index":310039,"ledger_hash":"795c5652d9679942a02060edfb497b072009695d9a72fb144fa3591dba65a2ce","messages_hash":"975d014fa7da9eb851641c145a0f55fde983a0d8670ed0008dbed98bde05f8b7","transaction_count":0,"txlist_hash":"9927f1558918a59509f668789e75198eb432fd63e0a7ffb46160d002c0932188"}',0,'BLOCK_PARSED',NULL,'fbfdcbd666a83dbb43307fc72882ca450b097ae0d4fac98a8c3ccb37ed2ccafa');
INSERT INTO messages VALUES(225,310040,'insert','blocks','{"block_hash":"7200ded406675453eadddfbb2d14c2a4526c7dc2b5de14bd48b29243df5e1aa3","block_index":310040,"block_time":310040000,"difficulty":null,"ledger_hash":null,"previous_block_hash":null,"txlist_hash":null}',0,'NEW_BLOCK',NULL,'c265d96ac02a15589212926cd6461ce1116695a5a7d8a39d941ed374f51bf3aa');
INSERT INTO messages VALUES(226,310040,'parse','blocks','{"block_index":310040,"ledger_hash":"e569e6e8083818e594e92b3356833e8dd54fcfcf5ed25af0d09e36e24b9dd441","messages_hash":"8f1a984f0da070ff524c9fc9517efd3567d25bacc25f29ba32d03d06a7c43c36","transaction_count":0,"txlist_hash":"969f7176f1a56d43e0d1b4da9cbac17cb1a934be64c12b3784ef33b584513271"}',0,'BLOCK_PARSED',NULL,'8c975682658deccea6b94ad4b9c5709e61a293b495df9445650c1bf0ff1a9ed4');
INSERT INTO messages VALUES(227,310041,'insert','blocks','{"block_hash":"5db592ff9ba5fac1e030cf22d6c13b70d330ba397f415340086ee7357143b359","block_index":310041,"block_time":310041000,"difficulty":null,"ledger_hash":null,"previous_block_hash":null,"txlist_hash":null}',0,'NEW_BLOCK',NULL,'6eccb5bb983000bd9e1977303ff83b8a62e67dd565710b587b4b5ed233651ce5');
INSERT INTO messages VALUES(228,310041,'parse','blocks','{"block_index":310041,"ledger_hash":"2247fcc633175a91921d226f412e56822379c79ca799117c39ecaaca0a702192","messages_hash":"373d191cad758b4644384ebfbef2cf1e49c038716f6672447b5d36e69bad7d88","transaction_count":0,"txlist_hash":"29cb8f1b29affa41416aca0265599863f6b739538f13bc6672f6b3c17e411045"}',0,'BLOCK_PARSED',NULL,'4f4072ed6ea276c3c4b1f3e0f6844db89f526824bc5410740c943959bf546910');
INSERT INTO messages VALUES(229,310042,'insert','blocks','{"block_hash":"826fd4701ef2824e9559b069517cd3cb990aff6a4690830f78fc845ab77fa3e4","block_index":310042,"block_time":310042000,"difficulty":null,"ledger_hash":null,"previous_block_hash":null,"txlist_hash":null}',0,'NEW_BLOCK',NULL,'cc0afc306b698e28f0fcfcb64d726a4b2fb34964f8fa07847d58fd4fb8ccbbd9');
INSERT INTO messages VALUES(230,310042,'parse','blocks','{"block_index":310042,"ledger_hash":"0246c3a2a70b33a038ccdb816f6b0922a50d08310f360cbd5db4df58e97fc4dd","messages_hash":"3758f623adbf54b2e0471b990dd67c65bebbf41d86e3277bda367bcc0a98a8cc","transaction_count":0,"txlist_hash":"d1ca4c9abe26de83d9a0170461c87f2c219926f8dcb0c48793d74a0cbf01a43a"}',0,'BLOCK_PARSED',NULL,'7cd7edb1f5063ca5b40fee2ca65e6086e447d7d30787525e8f03df78f5632d33');
INSERT INTO messages VALUES(231,310043,'insert','blocks','{"block_hash":"2254a12ada208f1dd57bc17547ecaf3c44720323c47bc7d4b1262477cb7f3c51","block_index":310043,"block_time":310043000,"difficulty":null,"ledger_hash":null,"previous_block_hash":null,"txlist_hash":null}',0,'NEW_BLOCK',NULL,'2890a2dcb9b2253c9c3bf7f36bd10b33204277e665c17d3e17dd3351c4fa79a2');
INSERT INTO messages VALUES(232,310043,'parse','blocks','{"block_index":310043,"ledger_hash":"cbe39e9d1a132cdc568f893bbc3d4f55d27bacf7af31f027ebea1b4bed9f0009","messages_hash":"a209a4e543642de2708ff915d0c0e3e966b378dd48feef2430a7d55ac8ff238c","transaction_count":0,"txlist_hash":"452b2e3ff4075f702cddcb4b8fd9006c756dda7a3527d635f637a200fd621c91"}',0,'BLOCK_PARSED',NULL,'cc1e3a1ad644f6f7889321f3759c752183883fe38e1b06854666e75ad10818bb');
INSERT INTO messages VALUES(233,310044,'insert','blocks','{"block_hash":"3346d24118d8af0b3c6bcc42f8b85792e7a2e7036ebf6e4c25f4f6723c78e46b","block_index":310044,"block_time":310044000,"difficulty":null,"ledger_hash":null,"previous_block_hash":null,"txlist_hash":null}',0,'NEW_BLOCK',NULL,'d79417732bb6901895a4050c20e964ed97dff6e0f2aa819b78e132a924226117');
INSERT INTO messages VALUES(234,310044,'parse','blocks','{"block_index":310044,"ledger_hash":"1202b05e118f0940ce270d9002d010076115a0197d889fee2d971a77709899bc","messages_hash":"863dbb043614eab0029f0ebafb1eb4b12902fde830dd1c05722c01ba3923403c","transaction_count":0,"txlist_hash":"527114d86a06f44f12e1f789f095227f9710b47e95251cdbd6f4c03309eae61d"}',0,'BLOCK_PARSED',NULL,'3654658f9702f704fa793d216176db9a516442c37758630028dd0be02ec53aaf');
INSERT INTO messages VALUES(235,310045,'insert','blocks','{"block_hash":"7bba0ab243839e91ad1a45a762bf074011f8a9883074d68203c6d1b46fffde98","block_index":310045,"block_time":310045000,"difficulty":null,"ledger_hash":null,"previous_block_hash":null,"txlist_hash":null}',0,'NEW_BLOCK',NULL,'89414095b9025bc9be32107701658e12238ddbfba494745e68bd8937424d6902');
INSERT INTO messages VALUES(236,310045,'parse','blocks','{"block_index":310045,"ledger_hash":"0bc49f765419c0b5b4911cccf03b0d9959aabacda266480b98245de0c0d35fc5","messages_hash":"023de4e9ae06942b0e09ae12622949346a414f2a4f3d882786f5bb261639d701","transaction_count":0,"txlist_hash":"ed6954fc7aadd8f80684cc67580b9cc16f9a402296ac91c021de0148a1ccb4a8"}',0,'BLOCK_PARSED',NULL,'aa3a7cc1d9d18ae82779146ca298a71a8d3962951425ea3cb538b156ab834c0c');
INSERT INTO messages VALUES(237,310046,'insert','blocks','{"block_hash":"47db6788c38f2d6d712764979e41346b55e78cbb4969e0ef5c4336faf18993a6","block_index":310046,"block_time":310046000,"difficulty":null,"ledger_hash":null,"previous_block_hash":null,"txlist_hash":null}',0,'NEW_BLOCK',NULL,'7e6fff99c0f80835295479833e1d331a39824a7c980f769760bfa90ada4bdd75');
INSERT INTO messages VALUES(238,310046,'parse','blocks','{"block_index":310046,"ledger_hash":"e42bf9806d0ff3a0663756f7955b30735747d14fcb0915c89884baa12795163d","messages_hash":"b9e8dd64f4addd93fcdc8ea8424e96947da4cbadd60abe13f0f53a6d65a39426","transaction_count":0,"txlist_hash":"2e62ee5d03044d0b6086419a6d2fed78b7db3bee75a2bc158bbc04a8f5c34908"}',0,'BLOCK_PARSED',NULL,'73dad2a08dd0f80b4c8aa92b8afc38720ef4aac2f8b6a6f5478b8bddd89df54c');
INSERT INTO messages VALUES(239,310047,'insert','blocks','{"block_hash":"a9ccabcc2a098a7d25e4ab8bda7c4e66807eefa42e29890dcd88149a10de7075","block_index":310047,"block_time":310047000,"difficulty":null,"ledger_hash":null,"previous_block_hash":null,"txlist_hash":null}',0,'NEW_BLOCK',NULL,'665ffaf5069a46bf12a83bbfd7c2a1805e07218c817e2f031868c1ba7cbf1fd6');
INSERT INTO messages VALUES(240,310047,'parse','blocks','{"block_index":310047,"ledger_hash":"b19b5e14741284b4ca06b736120e903363651460a6efb3ede1aca3a4f3c00df1","messages_hash":"36c01e15c47bcc42b22cf98ddcecdad49522ac234a205d5abff4939ee8478dbf","transaction_count":0,"txlist_hash":"bd40f4de40c172e5b5997091f4a069ea54d25504421e6225ef3d9ee360fbca6c"}',0,'BLOCK_PARSED',NULL,'35811d14d663b5cec0a6e94bb17b1dc09937a803b23f61529ee7766de009b044');
INSERT INTO messages VALUES(241,310048,'insert','blocks','{"block_hash":"610bf3935a85b05a98556c55493c6de45bed4d7b3b6c8553a984718765796309","block_index":310048,"block_time":310048000,"difficulty":null,"ledger_hash":null,"previous_block_hash":null,"txlist_hash":null}',0,'NEW_BLOCK',NULL,'3d89e4dc03e4a975f0af122fd70c3032e0c638e617d7b229d91ae4d2a0482f16');
INSERT INTO messages VALUES(242,310048,'parse','blocks','{"block_index":310048,"ledger_hash":"e870de901ba86d65d0e2053251ffb32cc7dffb55fcc2efbc006a2b9137314a39","messages_hash":"4de4097a707a21573097f67e72cc9f52b502e0a488b2c17934c60ff9aec3ca64","transaction_count":0,"txlist_hash":"d89730ea689c2912f38a2d2dc86caf6dc35a3e183c4d394129f21368f5c1d371"}',0,'BLOCK_PARSED',NULL,'b44de1cb70272b9a990fb7de7909f93efe4cc9f0b646bfcb3bb5a5a229217d4d');
INSERT INTO messages VALUES(243,310049,'insert','blocks','{"block_hash":"4ad2761923ad49ad2b283b640f1832522a2a5d6964486b21591b71df6b33be3c","block_index":310049,"block_time":310049000,"difficulty":null,"ledger_hash":null,"previous_block_hash":null,"txlist_hash":null}',0,'NEW_BLOCK',NULL,'597b53dc50fb996c3b44274e94d29d5079e45733ab709f7f6b4589e72f7e2797');
INSERT INTO messages VALUES(244,310049,'parse','blocks','{"block_index":310049,"ledger_hash":"44cf354cdc8552ed37e5911340397d3531d0ba45100feae27377130d4ddef359","messages_hash":"fefb42b3c87927779046cd4ee3e6956ae79798cf47d9fdcbda09d59f99139479","transaction_count":0,"txlist_hash":"1100866c04ae89913abf573ee61b3a7b56ec8fb7526c7d9c9938d61a187586ab"}',0,'BLOCK_PARSED',NULL,'2362928a45f82a5499f43dafc94750df624524391164dc2b54f675dee59e240a');
INSERT INTO messages VALUES(245,310050,'insert','blocks','{"block_hash":"8cfeb60a14a4cec6e9be13d699694d49007d82a31065a17890383e262071e348","block_index":310050,"block_time":310050000,"difficulty":null,"ledger_hash":null,"previous_block_hash":null,"txlist_hash":null}',0,'NEW_BLOCK',NULL,'4b6006425b520b56eddb36c829759adb7daa635bde2d5b324de127608c1824c5');
INSERT INTO messages VALUES(246,310050,'parse','blocks','{"block_index":310050,"ledger_hash":"7d72f11f48ac99553e1b2c52a7ff5645fbe05728a10a002727b9270dbb32daed","messages_hash":"ed89674f1bdb8bff262936bdd369f9b33ada1cce1466ea08a7f3bd9fbfc06cd5","transaction_count":0,"txlist_hash":"1d95ff7cb416f1915ba7db0099ba9591b97c6bc673cb43296cc82655627eb1ad"}',0,'BLOCK_PARSED',NULL,'8d07dc640e9a83a7fe2a6b6180b06616d9e5b493956be6eb08b10da13333cf0e');
INSERT INTO messages VALUES(247,310051,'insert','blocks','{"block_hash":"b53c90385dd808306601350920c6af4beb717518493fd23b5c730eea078f33e6","block_index":310051,"block_time":310051000,"difficulty":null,"ledger_hash":null,"previous_block_hash":null,"txlist_hash":null}',0,'NEW_BLOCK',NULL,'21ae4e38a8f1245b717ebd0859be5194ca508654e0a0a83a5d200e7f8f56232f');
INSERT INTO messages VALUES(248,310051,'parse','blocks','{"block_index":310051,"ledger_hash":"35a965dc90686fc4eb20450da81ca8db9125e25c2cdd7146fd61d98841d80c24","messages_hash":"a1c291e9a5685784681f9f1a9021d1cd88249d7039460ba4a1ef3a61bc6f1e2f","transaction_count":0,"txlist_hash":"9d15589506565edb31f7627a37c1f6a6bca01d584b0dc815e8603689f07a80db"}',0,'BLOCK_PARSED',NULL,'1d674c5ae00b7338f4f51def4518bb54c1b76467f84750bd976396a3a403db4c');
INSERT INTO messages VALUES(249,310052,'insert','blocks','{"block_hash":"0acdacf4e4b6fca756479cb055191b367b1fa433aa558956f5f08fa5b7b394e2","block_index":310052,"block_time":310052000,"difficulty":null,"ledger_hash":null,"previous_block_hash":null,"txlist_hash":null}',0,'NEW_BLOCK',NULL,'e667727f026f26bc3f2cb799c83d0dcac075ee24423363f1cb84c30a4a2357f9');
INSERT INTO messages VALUES(250,310052,'parse','blocks','{"block_index":310052,"ledger_hash":"8604d503e7194ee1c8ebe1143019207b2aad163655107a3d23d018ef26cef550","messages_hash":"5554df4e98fed870e873dd4b78c7e5fcf9a2066e573c6a05f48200e435ab1cb7","transaction_count":0,"txlist_hash":"40053c62babd7f69b9822b6d4223732008d45250146216762da4e13b1b9d3a3b"}',0,'BLOCK_PARSED',NULL,'6cf93a5b5212c2ae180fd7e5538c8a9a46b161991803fe39f4793c0be49afc1f');
INSERT INTO messages VALUES(251,310053,'insert','blocks','{"block_hash":"68348f01b6dc49b2cb30fe92ac43e527aa90d859093d3bf7cd695c64d2ef744f","block_index":310053,"block_time":310053000,"difficulty":null,"ledger_hash":null,"previous_block_hash":null,"txlist_hash":null}',0,'NEW_BLOCK',NULL,'f585c33b819351888c43a7dec8580fcb78744002949e6cdea921be98fc15c4e2');
INSERT INTO messages VALUES(252,310053,'parse','blocks','{"block_index":310053,"ledger_hash":"ecdb64ffc44490eeb12199d2da5c1189c07f4102f5b91494cbe4ec68fe6bb6d4","messages_hash":"408d7c4d46c15335764ec5518c65dbbcbf1a389b3a106332fc8ede93eec63ea9","transaction_count":0,"txlist_hash":"7d74527f370a78a8dca189b60657f9fd15c27ba5f875344546bb8d6e5b54c8c5"}',0,'BLOCK_PARSED',NULL,'95d5b590b5c48e5b843a71de7a71a84b720cd345e7316dda2b8379bf16c7abab');
INSERT INTO messages VALUES(253,310054,'insert','blocks','{"block_hash":"a8b5f253df293037e49b998675620d5477445c51d5ec66596e023282bb9cd305","block_index":310054,"block_time":310054000,"difficulty":null,"ledger_hash":null,"previous_block_hash":null,"txlist_hash":null}',0,'NEW_BLOCK',NULL,'0d624216cbdcbbc9b982eb0e9b9701b40997c8b3e68247128ac85d86ed922c20');
INSERT INTO messages VALUES(254,310054,'parse','blocks','{"block_index":310054,"ledger_hash":"b96b0d51d6327284f5922b65e5d023afd2b2e44c9e11f435afbe2a71df4e6eb2","messages_hash":"cfe641f06ebaae19e0167a07956bfc6af2b8022e00f50d59d079ae6a94344aa4","transaction_count":0,"txlist_hash":"70b8a2eccd5c79e1c270abfdf683dc4423ff315a62486db9e5972a12daaf60ea"}',0,'BLOCK_PARSED',NULL,'084ead5e10f8d6e0846fee4f3cd900e8e9627fe14ad58cc19b5cb257295a7230');
INSERT INTO messages VALUES(255,310055,'insert','blocks','{"block_hash":"4b069152e2dc82e96ed8a3c3547c162e8c3aceeb2a4ac07972f8321a535b9356","block_index":310055,"block_time":310055000,"difficulty":null,"ledger_hash":null,"previous_block_hash":null,"txlist_hash":null}',0,'NEW_BLOCK',NULL,'0ec75c8861e880891ab5bd11550acbd21017bd9973c674dfe4139940a77d97fa');
INSERT INTO messages VALUES(256,310055,'parse','blocks','{"block_index":310055,"ledger_hash":"c5be3fc23a9c41b7b78cc7df4ed13d1d35fdd7edab77c998cef5a5a5fe2a7d33","messages_hash":"f398b87ef1257c5cd5f6a09fb7f51a4cbe1687066f25433446f94847cbb8a899","transaction_count":0,"txlist_hash":"0072c2fbc0915dcc39103950d4a48feba19eac28bde001d3dfe0f9ddc25e5152"}',0,'BLOCK_PARSED',NULL,'cf26f3e819322fd67f6c45c262c205514df5c27d7ea73b71cf09657ace0b509c');
INSERT INTO messages VALUES(257,310056,'insert','blocks','{"block_hash":"7603eaed418971b745256742f9d2ba70b2c2b2f69f61de6cc70e61ce0336f9d3","block_index":310056,"block_time":310056000,"difficulty":null,"ledger_hash":null,"previous_block_hash":null,"txlist_hash":null}',0,'NEW_BLOCK',NULL,'27519e3a54042c06eb9ead2f47878ca596e3f6bfada181b2db62f97bc09401c8');
INSERT INTO messages VALUES(258,310056,'parse','blocks','{"block_index":310056,"ledger_hash":"faa7cf6128f229fe3d408797c77ef2972eb28d16542b32ec87c5fd42d2495018","messages_hash":"ef875ddfb4443cd94d86deac01673964c5f3d1ed4b3afaa0d131445562ce64f8","transaction_count":0,"txlist_hash":"46c53b0ab86b04c06e8302726aeed5922fb5b3d940102422c53bdf4bafe285e4"}',0,'BLOCK_PARSED',NULL,'d7dc06a0916bae0cdadc8503d65deb1254f74f3c3096b43caa4cbb24bd148547');
INSERT INTO messages VALUES(259,310057,'insert','blocks','{"block_hash":"4a5fdc84f2d66ecb6ee3e3646aad20751ce8694e64e348d3c8aab09d33a3e411","block_index":310057,"block_time":310057000,"difficulty":null,"ledger_hash":null,"previous_block_hash":null,"txlist_hash":null}',0,'NEW_BLOCK',NULL,'2998d3f2d5d06a8a47cfcd95b7b292e019dd55d740549cc7760b02c4a6f25b23');
INSERT INTO messages VALUES(260,310057,'parse','blocks','{"block_index":310057,"ledger_hash":"135af680c59a3d707ff3e6b67fbbb0aaaf0a97724d36ba584087658ae8c0db19","messages_hash":"98310bdd2da785732bfa6de62ba2f2fbd5d103f4204ff7d1b43fed584907693d","transaction_count":0,"txlist_hash":"8b3fe70c1d1b8fa1a247810dfbc2667ca0307860c112002e47107fe4836b8138"}',0,'BLOCK_PARSED',NULL,'ac92142992fd27f2fbb84431d0744c7903e7c707c31f243dc4a2960d563a2b4a');
INSERT INTO messages VALUES(261,310058,'insert','blocks','{"block_hash":"a6eef3089896f0cae0bfe9423392e45c48f4efe4310b14d8cfbdb1fea613635f","block_index":310058,"block_time":310058000,"difficulty":null,"ledger_hash":null,"previous_block_hash":null,"txlist_hash":null}',0,'NEW_BLOCK',NULL,'9005668b8af00cc6b79c5512a42e15847ab41aa53e692fa4120baeb5e0eab58e');
INSERT INTO messages VALUES(262,310058,'parse','blocks','{"block_index":310058,"ledger_hash":"496b559ef740feabe42d55356bc770bab7b927d79260c22848b7f47d51918f11","messages_hash":"5fe661842a118ac1eeb5382d6bb92d8039390ee68fcf9cce1441839dcc558c9a","transaction_count":0,"txlist_hash":"ddbb4db386fab0fbbb7edee7c7c45676f994d6feb088f50b0f3edaddcc809e47"}',0,'BLOCK_PARSED',NULL,'51b61af19e7aad7eb6f2945042dbcc19c7ea92ce5bb509c622bc20ed0a166a54');
INSERT INTO messages VALUES(263,310059,'insert','blocks','{"block_hash":"ab505de874c43f97c90be1c26a769e6c5cb140405c993b4a6cc7afc795f156a9","block_index":310059,"block_time":310059000,"difficulty":null,"ledger_hash":null,"previous_block_hash":null,"txlist_hash":null}',0,'NEW_BLOCK',NULL,'69beaa604dd6037cd0cb34782972185b8baea24d99cd779b3d00d557162b835a');
INSERT INTO messages VALUES(264,310059,'parse','blocks','{"block_index":310059,"ledger_hash":"608eb77e572aa596c9e14c6e4cb1dc1993bcbcfe735cf0453124c2801192ecc9","messages_hash":"00ed7b98e21c3dc58d1ee6c41389fbf40e86522758fed197cf39ef3a7274dbc9","transaction_count":0,"txlist_hash":"b8d3a5abf9edc13434594de8ec0cdf3b760f6917798eab89ff2a6a4f0bda06d9"}',0,'BLOCK_PARSED',NULL,'60b34642cd09e1eefb03f6600ed2a5012fced0b1040969a816094628485b6c37');
INSERT INTO messages VALUES(265,310060,'insert','blocks','{"block_hash":"974ad5fbef621e0a38eab811608dc9afaf10c8ecc85fed913075ba1a145e889b","block_index":310060,"block_time":310060000,"difficulty":null,"ledger_hash":null,"previous_block_hash":null,"txlist_hash":null}',0,'NEW_BLOCK',NULL,'90ae44035a7efbbdc85f505fa4683982fcd7aaf4e67daaa9006d998512a7e8db');
INSERT INTO messages VALUES(266,310060,'parse','blocks','{"block_index":310060,"ledger_hash":"bc5c375d1237425486c9f46bd749fba20b5635bcaf3e2d9178b35ddfbb700f14","messages_hash":"4d91b8cb3b7b5363ac2e84f7f3d2f5e52207ef68bae865e09bf9fc89aa42d60a","transaction_count":0,"txlist_hash":"1766568459fde2e95dbe4a1c1b73a37b6f8443dc1ec36cb44a38fadd95d8f807"}',0,'BLOCK_PARSED',NULL,'59fa04d325e03a0cf37fc2da95538155b3fe3d7ba23ca6623970d18f8d5fed72');
INSERT INTO messages VALUES(267,310061,'insert','blocks','{"block_hash":"35d267d21ad386e7b7632292af1c422b0310dde7ca49a82f9577525a29c138cf","block_index":310061,"block_time":310061000,"difficulty":null,"ledger_hash":null,"previous_block_hash":null,"txlist_hash":null}',0,'NEW_BLOCK',NULL,'7bb4d5ba29bf3b4c2bd65e46ce7503f2fa6267fc3222e197ebff8c973d9a892e');
INSERT INTO messages VALUES(268,310061,'parse','blocks','{"block_index":310061,"ledger_hash":"c6d48d72746c0e18fa0f1b0b16f663869be2c4684a9d98b634e691ea495f4d81","messages_hash":"d47acf46ad59983e01b9e681527ed2068076ab781880c571426aa808fe36c424","transaction_count":0,"txlist_hash":"9f6619aae8ab667b4291ec14e89386177dec7f3465def984144d2991d10476ab"}',0,'BLOCK_PARSED',NULL,'f2352c792067db0d455d8217c1fa2bf1ca737b012ea0f3b3cbe1cdcd7a2e0699');
INSERT INTO messages VALUES(269,310062,'insert','blocks','{"block_hash":"b31a0054145319ef9de8c1cb19df5bcf4dc8a1ece20053aa494e5d3a00a2852f","block_index":310062,"block_time":310062000,"difficulty":null,"ledger_hash":null,"previous_block_hash":null,"txlist_hash":null}',0,'NEW_BLOCK',NULL,'79b769eb1e4a0c91ca8ed3be7473233a5e3a4db3ab4e69541420af6be18200ad');
INSERT INTO messages VALUES(270,310062,'parse','blocks','{"block_index":310062,"ledger_hash":"8deffdb1602f1aa2d0d1956d2297ba30ac78901ea27eb223ad8bf7ca83b18110","messages_hash":"8b051844cfce3c15973994e593d4cd84023384ef7d6e4b0c0fe4d2242f68ec6b","transaction_count":0,"txlist_hash":"278612a215aec2522b38d2ddd268f051906a858996b526fa53c48743b1f33c2e"}',0,'BLOCK_PARSED',NULL,'c6ef182e7b004e07fc1ac992eb0fd5887aa2acc8a09acacede85ef1a94e02dc2');
INSERT INTO messages VALUES(271,310063,'insert','blocks','{"block_hash":"0cbcbcd5b7f2dc288e3a34eab3d4212463a5a56e886804fb4f9f1cf929eadebe","block_index":310063,"block_time":310063000,"difficulty":null,"ledger_hash":null,"previous_block_hash":null,"txlist_hash":null}',0,'NEW_BLOCK',NULL,'8cde861379c175704fb38822cf0b4c027cdc70018693f853f76ca41f9f8382df');
INSERT INTO messages VALUES(272,310063,'parse','blocks','{"block_index":310063,"ledger_hash":"34859861f240c6553ffbf63fff9bc884f231276ec6173964d5fc6641a6d79b16","messages_hash":"dcba300d4efc36a2324491e29a6b0001868b33ab1be391102cef110552178e78","transaction_count":0,"txlist_hash":"a884effb413598885693dd0eed419a3a2a35db95fe4d6582e580bc141f28377c"}',0,'BLOCK_PARSED',NULL,'97a23425dcbfa6c9f1ed84e10c4952c5a1ad0d14d9406afe50c212ab9b191ae8');
INSERT INTO messages VALUES(273,310064,'insert','blocks','{"block_hash":"e2db8065a195e85cde9ddb868a17d39893a60fb2b1255aa5f0c88729de7cbf30","block_index":310064,"block_time":310064000,"difficulty":null,"ledger_hash":null,"previous_block_hash":null,"txlist_hash":null}',0,'NEW_BLOCK',NULL,'638f4314bd53c8ecfe0f24262bcf99fc27c497fbaae693ca80b1136cdfcac742');
INSERT INTO messages VALUES(274,310064,'parse','blocks','{"block_index":310064,"ledger_hash":"fa185f9b97a1666ce3b966dc09b8a7870ba55896a54a54f54d3420708d5a8ae0","messages_hash":"d18f5fc35609a49d75347c92c7c9a483e35d9c4192503782bafe4478043ba4c2","transaction_count":0,"txlist_hash":"070c320cd53cca3d81560367d437e1f4cb2afb10ab6339e2f1cfb0a2dd6d6063"}',0,'BLOCK_PARSED',NULL,'b317f52e617bba1028fa760333a0057a26890c60929a9c0628d763eb6c1354ce');
INSERT INTO messages VALUES(275,310065,'insert','blocks','{"block_hash":"8a7bc7a77c831ac4fd11b8a9d22d1b6a0661b07cef05c2e600c7fb683b861d2a","block_index":310065,"block_time":310065000,"difficulty":null,"ledger_hash":null,"previous_block_hash":null,"txlist_hash":null}',0,'NEW_BLOCK',NULL,'a741b3545858fd545050bd59c62f16fc31d1085fc2dbdc278cc6a3b7046c0c5c');
INSERT INTO messages VALUES(276,310065,'parse','blocks','{"block_index":310065,"ledger_hash":"9f75da9f944d59b1841d690b2994ead7fb0ee3d679ddbdb0b692e49238f66603","messages_hash":"18be484e57b9cf23147d188a114137c5948a5b53cd19d657dd973dd265ecd564","transaction_count":0,"txlist_hash":"fb310206b118e11d48becbd11a695199fd7cc3553dd8b2a7c29c6a927f5bafb7"}',0,'BLOCK_PARSED',NULL,'a64bceca2b16e03be3cb8bde9f9e88260b9a69040b9e15c9d4197ca26409fe1f');
INSERT INTO messages VALUES(277,310066,'insert','blocks','{"block_hash":"b6959be51eb084747d301f7ccaf9e75f2292c9404633b1532e3692659939430d","block_index":310066,"block_time":310066000,"difficulty":null,"ledger_hash":null,"previous_block_hash":null,"txlist_hash":null}',0,'NEW_BLOCK',NULL,'a987eb7df8df31ad38d0fa4ef941cec5947c14c48e7d4308cebf668d7ef9c37d');
INSERT INTO messages VALUES(278,310066,'parse','blocks','{"block_index":310066,"ledger_hash":"4740587d203632d1b4061343436e25e12941f0f80be03c3ab390a1c08b842b59","messages_hash":"3443a7b0bee87c7ced9d66afce89399e945d14d182019f4dbc2c014c59abe58f","transaction_count":0,"txlist_hash":"041e6429d7ad46da6e1a2547daf274a0df952ac4f9b43eaadfeafa6e005141d6"}',0,'BLOCK_PARSED',NULL,'20852f8a43a82d62bde292f0d7824bfcb12a6a2b57d0fbc777929820d472bccd');
INSERT INTO messages VALUES(279,310067,'insert','blocks','{"block_hash":"8b08eae98d7193c9c01863fac6effb9162bda010daeacf9e0347112f233b8577","block_index":310067,"block_time":310067000,"difficulty":null,"ledger_hash":null,"previous_block_hash":null,"txlist_hash":null}',0,'NEW_BLOCK',NULL,'a021c55d027ec1c48182317a38c7907c76208fb74d503f9c2566bbfc435e3f36');
INSERT INTO messages VALUES(280,310067,'parse','blocks','{"block_index":310067,"ledger_hash":"d6eecb0ca22f29b50e52cd5dec8f408250a7b1ddc61bfa9bf6cc6ef0a85a6ffc","messages_hash":"169a650e89d34830da0f077b7efebb0a64f43b59d725abf94e3c84ac8b6da6a8","transaction_count":0,"txlist_hash":"f8e9baf27b01e99db390d6ee2e06b8ac7d92951c331d8240fdf0dd711ad75979"}',0,'BLOCK_PARSED',NULL,'565f364574ededfde19a090327e1915740f8a4409867e337abd714f06e226457');
INSERT INTO messages VALUES(281,310068,'insert','blocks','{"block_hash":"9280e7297ef6313341bc81787a36acfc9af58f83a415afff5e3154f126cf52b5","block_index":310068,"block_time":310068000,"difficulty":null,"ledger_hash":null,"previous_block_hash":null,"txlist_hash":null}',0,'NEW_BLOCK',NULL,'7204d95fc67dd587bda4d8825faa3c9ebfa97f3abc7a7b0b6a40c7d5b900333a');
INSERT INTO messages VALUES(282,310068,'parse','blocks','{"block_index":310068,"ledger_hash":"1508605d4796eb2d8b0553b307827f570b5020f4cacf773926b6c8f2c1b003c8","messages_hash":"e0b7f166b6b82211e67aec109d3181bee7c6b48dd68f610b57e9a6c0089ce0c8","transaction_count":0,"txlist_hash":"fe7a135af64a7668cee07a66fa146b6a7a54fc78b96eb7c62d0bbd8b8ec4a820"}',0,'BLOCK_PARSED',NULL,'8295f2d45f2121af0814235e248578caf08348c4ecc7a5b699d0de06cf261d1f');
INSERT INTO messages VALUES(283,310069,'insert','blocks','{"block_hash":"486351f0655bf594ffaab1980cff17353b640b63e9c27239109addece189a6f7","block_index":310069,"block_time":310069000,"difficulty":null,"ledger_hash":null,"previous_block_hash":null,"txlist_hash":null}',0,'NEW_BLOCK',NULL,'95b52de24bcff0df7712da2b35d73c0ffa70c79f607ecf305d2a54dd5ed28657');
INSERT INTO messages VALUES(284,310069,'parse','blocks','{"block_index":310069,"ledger_hash":"ea7afbe0817cfef5a5a940bf88b057d01d092182dd5d0c7fd156b6750fdf4cb2","messages_hash":"50be0edf30243d3f05b2d04582b092f02a3bf48cc36592364f244f1406a7d42e","transaction_count":0,"txlist_hash":"561526733017c46e8f7476f6f7f0a1c317a372adf6ccbe2a34e4d8b0fee1a694"}',0,'BLOCK_PARSED',NULL,'f6afd79075cf98222bd841a39987e617f5ed4570f8e04c4892ebb598b803282b');
INSERT INTO messages VALUES(285,310070,'insert','blocks','{"block_hash":"8739e99f4dee8bebf1332f37f49a125348b40b93b74fe35579dd52bfba4fa7e5","block_index":310070,"block_time":310070000,"difficulty":null,"ledger_hash":null,"previous_block_hash":null,"txlist_hash":null}',0,'NEW_BLOCK',NULL,'67f60685568a72ad8dc57055b1c47b90cd080e132143873c96c7c29c5d185aa2');
INSERT INTO messages VALUES(286,310070,'parse','blocks','{"block_index":310070,"ledger_hash":"f805d8bd0b724ffeb9e466367e8524bcbcf2c0fe0525b8ff2707af2013824a2c","messages_hash":"99c95d813c0af76a0ba787330b43f1b3eef9c9c12956c734057f5d6af3f173af","transaction_count":0,"txlist_hash":"4c10a876e31ee15289cd2d82d8771bd9aaffd0e335c6de15f8d5316e6e7ee81a"}',0,'BLOCK_PARSED',NULL,'e6a03d64ee584e637396526d98ef0e058d7e0b2e49b04cf1e29bef48d057db42');
INSERT INTO messages VALUES(287,310071,'insert','blocks','{"block_hash":"7a099aa1bba0ead577f1e44f35263a1f115ed6a868c98d4dd71609072ae7f80b","block_index":310071,"block_time":310071000,"difficulty":null,"ledger_hash":null,"previous_block_hash":null,"txlist_hash":null}',0,'NEW_BLOCK',NULL,'9ad6df41ea011d2ef1f5b47060259f51f986ceb0dae05dd8ed07f6f4415d1728');
INSERT INTO messages VALUES(288,310071,'parse','blocks','{"block_index":310071,"ledger_hash":"305123423486d17e97e8370399b9079a35977465e4cf8c5b33d50bd7004b463b","messages_hash":"600a392fef1ffc97b4862a0eabf83f8bca0be5eacbe68f1a72daa1c9ee52960e","transaction_count":0,"txlist_hash":"660d6afeecb2375668200669bac5cf258dbd18b0f61213eb01d29e133a45917c"}',0,'BLOCK_PARSED',NULL,'83ad9ff705695fd804a2decc68652d873dd392c9fbdeaaf0dbf7888945c38a32');
INSERT INTO messages VALUES(289,310072,'insert','blocks','{"block_hash":"7b17ecedc07552551b8129e068ae67cb176ca766ea3f6df74b597a94e3a7fc8a","block_index":310072,"block_time":310072000,"difficulty":null,"ledger_hash":null,"previous_block_hash":null,"txlist_hash":null}',0,'NEW_BLOCK',NULL,'e3fbc8372fc4bb40b8f1336a2f614506d9faf56e3191bba430eff009c1baa46a');
INSERT INTO messages VALUES(290,310072,'parse','blocks','{"block_index":310072,"ledger_hash":"b04fcd2cf46165fa31626b476aa06f9ad8c8cd1d5aa1cfdc014e0d55fa7e0761","messages_hash":"cd91c870d87762425a917c044f5f2f1e3f03abcd3f574f6b738fcf83786a0c09","transaction_count":0,"txlist_hash":"0791350dc66254e276bfea1651fdda43705668f461f5451fd91fb7e084b26aa2"}',0,'BLOCK_PARSED',NULL,'d805f3af19e23325bced3bbd2e0cf77bbf4b302a8ca9a0e4449480584c4779be');
INSERT INTO messages VALUES(291,310073,'insert','blocks','{"block_hash":"ee0fe3cc9b3a48a2746b6090b63b442b97ea6055d48edcf4b2288396764c6943","block_index":310073,"block_time":310073000,"difficulty":null,"ledger_hash":null,"previous_block_hash":null,"txlist_hash":null}',0,'NEW_BLOCK',NULL,'6d35a688c72c634beccb78ecfdfe3c5164b1acd60959ba15ad6d34c62b9f1b46');
INSERT INTO messages VALUES(292,310073,'parse','blocks','{"block_index":310073,"ledger_hash":"209f05567343042c8a9172138cc14e28a2e53f9addf16c7affa469fbea9728ae","messages_hash":"42f0c487366bef15ee290608623baa2021b3106933ea6c19c13c889175f25052","transaction_count":0,"txlist_hash":"4885e82f77b273e102f9019b8451e08910a7d98daf19366a0a2b9db779352c0f"}',0,'BLOCK_PARSED',NULL,'18ec26d84e12845dc60b956d36ef54d2ad2fa594e6c6c31301b307d83f653640');
INSERT INTO messages VALUES(293,310074,'insert','blocks','{"block_hash":"ceab38dfde01f711a187601731ad575d67cfe0b7dbc61dcd4f15baaef72089fb","block_index":310074,"block_time":310074000,"difficulty":null,"ledger_hash":null,"previous_block_hash":null,"txlist_hash":null}',0,'NEW_BLOCK',NULL,'e51c5b4f734ce0a5a8771c505f062c24515518b68306553f7c0bc73ea469df69');
INSERT INTO messages VALUES(294,310074,'parse','blocks','{"block_index":310074,"ledger_hash":"fc18c0dcd6011c4147575f09bdc6e1eb0e6ae7d3144339859054df458651618a","messages_hash":"7cda3663089c12d62dcf16687d67e6c815f59ee61d49b6c7fbf1acef8ff8ad5a","transaction_count":0,"txlist_hash":"49cbefb674e3da718d86151b10bb37755e158a2bdca642a542897361f15fde66"}',0,'BLOCK_PARSED',NULL,'008661cd41a61a4053a61e1f5a567c712bf8c44c337f4232c5b715f3aa3b10e4');
INSERT INTO messages VALUES(295,310075,'insert','blocks','{"block_hash":"ef547198c6e36d829f117cfd7077ccde45158e3c545152225fa24dba7a26847b","block_index":310075,"block_time":310075000,"difficulty":null,"ledger_hash":null,"previous_block_hash":null,"txlist_hash":null}',0,'NEW_BLOCK',NULL,'ed877cfa1268201e9e2defc9221479693b88abf0ce460b0a0c12e928d7935b43');
INSERT INTO messages VALUES(296,310075,'parse','blocks','{"block_index":310075,"ledger_hash":"f304dbebd02e4536b1754502e6f51e058ed309fdf95a2db8329dd7e5635824ad","messages_hash":"19e396d72aff42647cd89d62de2fc077cd5bef0a338dc80d2b23ebd2d3156de5","transaction_count":0,"txlist_hash":"b5e7c72a91d779334162c8fcb6282c7e5baeb43ef83d8f8c0eeb4dd0579f0916"}',0,'BLOCK_PARSED',NULL,'e2b98f142a419213409b10aff5ee5eb404930c47d4feb08b2e18a4c9aba6abd7');
INSERT INTO messages VALUES(297,310076,'insert','blocks','{"block_hash":"3b0499c2e8e8f0252c7288d4ecf66efc426ca37aad3524424d14c8bc6f8b0d92","block_index":310076,"block_time":310076000,"difficulty":null,"ledger_hash":null,"previous_block_hash":null,"txlist_hash":null}',0,'NEW_BLOCK',NULL,'b833b6b6783ec4d8d033f1caf4b9983ae8693f272ceaa5560421ddab8f8f2148');
INSERT INTO messages VALUES(298,310076,'parse','blocks','{"block_index":310076,"ledger_hash":"f39c071315c869425bdbcf05ff84130a0860f5f47b4f851cea970f58a6edc9f8","messages_hash":"4045738813eb927f7543bde1971329d6f09a7fde63e8d1392a1600c226474aad","transaction_count":0,"txlist_hash":"e399bd32bd2988f29b4fb003686b343bd72ae59297412480a359bd56ded23ca5"}',0,'BLOCK_PARSED',NULL,'4f93b8bba1efc0ad5c5cd5f46806d3c1d15626499138c3ff2e73a4968e6c7862');
INSERT INTO messages VALUES(299,310077,'insert','blocks','{"block_hash":"d2adeefa9024ab3ff2822bc36acf19b6c647cea118cf15b86c6bc00c3322e7dd","block_index":310077,"block_time":310077000,"difficulty":null,"ledger_hash":null,"previous_block_hash":null,"txlist_hash":null}',0,'NEW_BLOCK',NULL,'2cba983969272b3d54aa52ab96be5f2c21b17517272695446123b6b99b76bac3');
INSERT INTO messages VALUES(300,310077,'parse','blocks','{"block_index":310077,"ledger_hash":"20624d783cd8e82044df58c05e6171a744505df43623d9c2a828c1331f505ca8","messages_hash":"94b7908b589b1c80ea4dd88f05ffe997d078ad2c78b8cad6265626b6d5317132","transaction_count":0,"txlist_hash":"c587d5426925227ed7d0ef11834b5bb1291fcf0ea3f0bcac864e4356187b6a10"}',0,'BLOCK_PARSED',NULL,'4c171af8b00486b6285a52b29d25e0a487ac93f5a74f6ed6b858d129af48bc5f');
INSERT INTO messages VALUES(301,310078,'insert','blocks','{"block_hash":"f6c17115ef0efe489c562bcda4615892b4d4b39db0c9791fe193d4922bd82cd6","block_index":310078,"block_time":310078000,"difficulty":null,"ledger_hash":null,"previous_block_hash":null,"txlist_hash":null}',0,'NEW_BLOCK',NULL,'da134803d95a698d9245caf7dceff1235a2a9e1cb6abd651d3da6284fa335720');
INSERT INTO messages VALUES(302,310078,'parse','blocks','{"block_index":310078,"ledger_hash":"41ae6610121587bd8171a02da3c50645e8e6d3642aef2c560d46f12707506b66","messages_hash":"365f46087a06fe2306b2c30b88bc3f6779f93b82a0d9496e2674f48e4665cf85","transaction_count":0,"txlist_hash":"c8331e225af242d83e283889e6234d601ecb507373f4b7de891b8508d1b7b1b6"}',0,'BLOCK_PARSED',NULL,'2f81b38b0d9188889c912b37de34eab1a1905e177285ef9bbe1ac7568ebc72fc');
INSERT INTO messages VALUES(303,310079,'insert','blocks','{"block_hash":"f2fbd2074d804e631db44cb0fb2e1db3fdc367e439c21ffc40d73104c4d7069c","block_index":310079,"block_time":310079000,"difficulty":null,"ledger_hash":null,"previous_block_hash":null,"txlist_hash":null}',0,'NEW_BLOCK',NULL,'d88e66d65586ee42f3cac05978e323978ab71b9b7ac2cc28a9a3142d8b748bf6');
INSERT INTO messages VALUES(304,310079,'parse','blocks','{"block_index":310079,"ledger_hash":"bbc2068f2a4b47c86198a5cb7242e26f385077126c7a3294eca6607485b1170b","messages_hash":"10181469a6450a20a15d45b37942f7dc0ed689640e6555c0ea58b587ec3cbcb2","transaction_count":0,"txlist_hash":"42ee671f6b45a8e36b4e57dc7edaa2501b075eb75bcfce535435ee4c0cdf2e66"}',0,'BLOCK_PARSED',NULL,'ac27b3730977db9e03bb8de59bb9fc2b182fe8068c913e8177d2b8cccead9934');
INSERT INTO messages VALUES(305,310080,'insert','blocks','{"block_hash":"42943b914d9c367000a78b78a544cc4b84b1df838aadde33fe730964a89a3a6c","block_index":310080,"block_time":310080000,"difficulty":null,"ledger_hash":null,"previous_block_hash":null,"txlist_hash":null}',0,'NEW_BLOCK',NULL,'c6b47946ee5e364e4ec83b94ae6338c4ee4afce0ec2859d128d2480afc924b9c');
INSERT INTO messages VALUES(306,310080,'parse','blocks','{"block_index":310080,"ledger_hash":"fc4350d187ec74fa6dfbbca7f6c51849b78356f853c6c713d10ae4a39ee4f7e2","messages_hash":"e753c18bbf377d74cfe933f4e53a00faf32d066f750c6170e31fae4597c446c0","transaction_count":0,"txlist_hash":"f35b5543ac99e33a4ea6fb61b688d06a2b5b9cc79776df32c24e848b5dad80c0"}',0,'BLOCK_PARSED',NULL,'111537c820d4a97d77c9fde7824b605b59dbe90958b0f442172791c45dfe20ee');
INSERT INTO messages VALUES(307,310081,'insert','blocks','{"block_hash":"6554f9d307976249e7b7e260e08046b3b55d318f8b6af627fed5be3063f123c4","block_index":310081,"block_time":310081000,"difficulty":null,"ledger_hash":null,"previous_block_hash":null,"txlist_hash":null}',0,'NEW_BLOCK',NULL,'f51089cc8a2f3637294b7a4900e19f08d28cdd8bdc710bdf1d8a026117422eb6');
INSERT INTO messages VALUES(308,310081,'parse','blocks','{"block_index":310081,"ledger_hash":"3cadb90f0285d3e3bb107caa2165e88d855cfa057fcff1fccfb278a8f64c9b1c","messages_hash":"bdb06802e00a851facaccffd4e7e0469e99171891e68338fa5c108a59c09e184","transaction_count":0,"txlist_hash":"3ff813ab5112e5adf9f50936955db90036ed0e2ba309022002c69e81473d7c04"}',0,'BLOCK_PARSED',NULL,'ae9e9b14c1a4db55daba1cc5c81ead91a62fbe83eb6a3ce031835486f3006808');
INSERT INTO messages VALUES(309,310082,'insert','blocks','{"block_hash":"4f1ef91b1dcd575f8ac2e66a67715500cbca154bd6f3b8148bb7015a6aa6c644","block_index":310082,"block_time":310082000,"difficulty":null,"ledger_hash":null,"previous_block_hash":null,"txlist_hash":null}',0,'NEW_BLOCK',NULL,'cf4ed476c2c6b273ded1c9c02094d9179c25ff3d139f94f05e76591325d7c399');
INSERT INTO messages VALUES(310,310082,'parse','blocks','{"block_index":310082,"ledger_hash":"f3390bff59484b5ce0d84f5034fc88f4d862334ef3c0d7addaa9be7f0e67006f","messages_hash":"91548b15232ca3271660eaed9e543d6027ad088d34286d8abdfe4184b3fb91db","transaction_count":0,"txlist_hash":"3d843f898e46d0ec4c4cf79709ec7326a0e45d44361a2c9fe45e546bd5f1e630"}',0,'BLOCK_PARSED',NULL,'3d5fc2c5b1c272f327397f34793baed1c8c87f93cc60f6769b25f43955460fea');
INSERT INTO messages VALUES(311,310083,'insert','blocks','{"block_hash":"9b1f6fd6ff9b0dc4e37603cfb0625f49067c775b99e12492afd85392d3c8d850","block_index":310083,"block_time":310083000,"difficulty":null,"ledger_hash":null,"previous_block_hash":null,"txlist_hash":null}',0,'NEW_BLOCK',NULL,'796794a91ce728676d5086df750d090b6faf520176fcd0aed8d2e38b6b8fd50e');
INSERT INTO messages VALUES(312,310083,'parse','blocks','{"block_index":310083,"ledger_hash":"0354bf318eaec5c79b4a7835c76c89f373ab0e413f9fe4ebdea442f57763a971","messages_hash":"290b3b825f0ac859bbd2db052280d1f45898734f0f89b8fccf96672f6730217f","transaction_count":0,"txlist_hash":"6405368df02c1207da46178c106ac287c7c90e5b87a98154aa938f6ef5a570d1"}',0,'BLOCK_PARSED',NULL,'dc0b3acc361d608552bae31514dfc2c92280842dffbb683ac83eb4f2d786694f');
INSERT INTO messages VALUES(313,310084,'insert','blocks','{"block_hash":"1e0972523e80306441b9f4157f171716199f1428db2e818a7f7817ccdc8859e3","block_index":310084,"block_time":310084000,"difficulty":null,"ledger_hash":null,"previous_block_hash":null,"txlist_hash":null}',0,'NEW_BLOCK',NULL,'daf5bd7367b2b3f06af04177a214a090d1949d4bc12a10a369dc798a6215e637');
INSERT INTO messages VALUES(314,310084,'parse','blocks','{"block_index":310084,"ledger_hash":"e22b7a64e15ded24f6c54a5f627354dd2c3ed8175c2f4cd31aa5a6789d7b67e4","messages_hash":"b4f9a9c17f2c4a6bb4fd1a99d9d3ade15eee4ca747d8c5f1132c777d2cf8e04a","transaction_count":0,"txlist_hash":"6f58e857b2891d43f22bb4b44d296ff18f3078de01cf90aeed104283d66342a2"}',0,'BLOCK_PARSED',NULL,'f1f9d4fb409c94b822d81b7a4163c1e15884ae7b80d0218f79340bb3b9620ea6');
INSERT INTO messages VALUES(315,310085,'insert','blocks','{"block_hash":"c5b6e9581831e3bc5848cd7630c499bca26d9ece5156d36579bdb72d54817e34","block_index":310085,"block_time":310085000,"difficulty":null,"ledger_hash":null,"previous_block_hash":null,"txlist_hash":null}',0,'NEW_BLOCK',NULL,'c6a9414112e30f58b5d7095fb90d62a3c9c38aa24bf280deb3aa883628cbe383');
INSERT INTO messages VALUES(316,310085,'parse','blocks','{"block_index":310085,"ledger_hash":"7b8a6f62709cf4d20820031f43d968ea46d73d8cee4ad40f414da60b9be4e676","messages_hash":"89b34eb4cd1d69d9c578c7d6181985d828e55b6b926bf562c3117dd8b39971bd","transaction_count":0,"txlist_hash":"51c8a62f3e4c43e6eea75410efb977c8ddd2ad8e64c0d6ce6f63a4e5eb153400"}',0,'BLOCK_PARSED',NULL,'1f23261974cbc712fdef6ab31d6f92be176c8ee6e3bdea0ed359105a38054673');
INSERT INTO messages VALUES(317,310086,'insert','blocks','{"block_hash":"080c1dc55a4ecf4824cf9840602498cfc35b5f84099f50b71b45cb63834c7a78","block_index":310086,"block_time":310086000,"difficulty":null,"ledger_hash":null,"previous_block_hash":null,"txlist_hash":null}',0,'NEW_BLOCK',NULL,'ac5461543421e4342165b4be3b23888fc11368a1431841a21819d51ef1e70a0c');
INSERT INTO messages VALUES(318,310086,'parse','blocks','{"block_index":310086,"ledger_hash":"ae82ee2f7f1e075937b5b8eef065f8643a7bef0428e00689ee773558905eef19","messages_hash":"845f79869780ce25161caef376dca496190611dbaf591d4b1617202eb1ec6035","transaction_count":0,"txlist_hash":"7358e41e9a61f87d68cc6851768346daea2e100ab896e86c0047e47228e6cc29"}',0,'BLOCK_PARSED',NULL,'1f8aabdd6c79409013ac5209e3ec3bca130f0dbd81c6f1058e7dc94c1e7a678b');
INSERT INTO messages VALUES(319,310087,'insert','blocks','{"block_hash":"4ec8cb1c38b22904e8087a034a6406b896eff4dd28e7620601c6bddf82e2738c","block_index":310087,"block_time":310087000,"difficulty":null,"ledger_hash":null,"previous_block_hash":null,"txlist_hash":null}',0,'NEW_BLOCK',NULL,'756960c6a82833a671e21ca1dc849aca1e8d03e5e64e53a68ff45f6e8712091d');
INSERT INTO messages VALUES(320,310087,'parse','blocks','{"block_index":310087,"ledger_hash":"ced371f1349e81cc2f179f064e4b9b202650a0f79e9b4513666ace29f0e8b3cb","messages_hash":"89835847f0386b5a4a4e4f748f643a22b6bef41b1bbd51c9ee6fa3f3526f0899","transaction_count":0,"txlist_hash":"0e8cd750f8ad91d5b14d2b05b7c03621367036703bed1654555b94592ff41e11"}',0,'BLOCK_PARSED',NULL,'84e217aec273c5f099f283180f51bd2e7f744cdc4bdda84409b4f4565463a55f');
INSERT INTO messages VALUES(321,310088,'insert','blocks','{"block_hash":"e945c815c433cbddd0bf8e66c5c23b51072483492acda98f5c2c201020a8c5b3","block_index":310088,"block_time":310088000,"difficulty":null,"ledger_hash":null,"previous_block_hash":null,"txlist_hash":null}',0,'NEW_BLOCK',NULL,'7a80e0c115c1e95d06834c2d4c052c1c84e0c83496339e0895fbc2893985e5f0');
INSERT INTO messages VALUES(322,310088,'parse','blocks','{"block_index":310088,"ledger_hash":"6c343897092c5dfcd32ee96dc8b96f38fedd31fa58cf5757a3e15a254942cd59","messages_hash":"18faa2da192eaf7d4e7e3ee72a09c146966ce3bae7e2dfe4148d09ec26f6a4fb","transaction_count":0,"txlist_hash":"c38a183db86650f155005a8828155aaf2fc6d92aa89066d7f0843a123800d771"}',0,'BLOCK_PARSED',NULL,'8aa54e4fa8daf9fd2bb2f9a238d9c7eedee861f05f5e6279b1079f479c271858');
INSERT INTO messages VALUES(323,310089,'insert','blocks','{"block_hash":"0382437f895ef3e7e38bf025fd4f606fd44d4bbd6aea71dbdc4ed11a7cd46f33","block_index":310089,"block_time":310089000,"difficulty":null,"ledger_hash":null,"previous_block_hash":null,"txlist_hash":null}',0,'NEW_BLOCK',NULL,'49c81d0861facbf5917bb92c8d8a265ffd5cbf9ec87419b630a56c7c252adf85');
INSERT INTO messages VALUES(324,310089,'parse','blocks','{"block_index":310089,"ledger_hash":"abc7afdaefa89bf58bc4c28401740657eca24c902ba551f55becb6a1c8992675","messages_hash":"0ed9475500a23bd1df5d9cc2675c3dbe28b137f251b9ce51aeb0e268cc5e1186","transaction_count":0,"txlist_hash":"609b4f777892b43541593da80d09aa2c3928f2f73600009615196a7f89ca8123"}',0,'BLOCK_PARSED',NULL,'2ff21aa75834bac888888544c4b531ecc92225fa04c1a59db4106e1d0973cb05');
INSERT INTO messages VALUES(325,310090,'insert','blocks','{"block_hash":"b756db71dc037b5a4582de354a3347371267d31ebda453e152f0a13bb2fae969","block_index":310090,"block_time":310090000,"difficulty":null,"ledger_hash":null,"previous_block_hash":null,"txlist_hash":null}',0,'NEW_BLOCK',NULL,'9345339dc8621e7403596b325b70321df2ed5606243a61eed7037fde24b94e58');
INSERT INTO messages VALUES(326,310090,'parse','blocks','{"block_index":310090,"ledger_hash":"4c8ca9b4eeae7adfec822b20665e7bd6fecb51d4f30cc2c826f18402d8401a9b","messages_hash":"1192140c5046ed35037f88bc7dd4fe2a013a2c02a98b861e47b48eb19d80c7c0","transaction_count":0,"txlist_hash":"fba4f7514306c49b3045912791cc21a26527a23e58dcb1c8adc5563e5c6e901d"}',0,'BLOCK_PARSED',NULL,'09ab2d34579c7a5168599fa13a12a0842f3fb734951cc9fcd810635a4f34fcc6');
INSERT INTO messages VALUES(327,310091,'insert','blocks','{"block_hash":"734a9aa485f36399d5efb74f3b9c47f8b5f6fd68c9967f134b14cfe7e2d7583c","block_index":310091,"block_time":310091000,"difficulty":null,"ledger_hash":null,"previous_block_hash":null,"txlist_hash":null}',0,'NEW_BLOCK',NULL,'a5d322ce35110ccfb46fe67db4f57a6af6cc2d383aee8796b4b0bf2804eee265');
INSERT INTO messages VALUES(328,310091,'parse','blocks','{"block_index":310091,"ledger_hash":"fe7fd2b60c3216d79dfe4e6d38880f6d3b9fde747b619f2c477108825235663d","messages_hash":"51f6f931459ba6a532c7c74d462deb1b0a54da7e011486c6af3056b2e65f195b","transaction_count":0,"txlist_hash":"3a62ce0eeff09c242b3a7c3a8da6dd20bf06c1c2fbf224f73646791557ce3d4c"}',0,'BLOCK_PARSED',NULL,'e131539924eb61a8a7818e6533b60adea35ff68c1bfba9298ca21dbba58c95d6');
INSERT INTO messages VALUES(329,310092,'insert','blocks','{"block_hash":"56386beb65f9228740d4ad43a1c575645f6daf59e0dd9f22551c59215b5e8c3d","block_index":310092,"block_time":310092000,"difficulty":null,"ledger_hash":null,"previous_block_hash":null,"txlist_hash":null}',0,'NEW_BLOCK',NULL,'0c54224b6b7d4da2a0430ba093f1ae69c2e6280db8a2a7e5108fcb399ef17ed8');
INSERT INTO messages VALUES(330,310092,'parse','blocks','{"block_index":310092,"ledger_hash":"420b8ff3c159f7e89df2274682e7ef798a0c0233149365114bfd934c38806098","messages_hash":"49487109a4081406fc52526bbedfe3a2f93e749a4685b1633ead6342bf3dd7a0","transaction_count":0,"txlist_hash":"9c866b1985d2ff084264e192e5defce4af96b7aca461a46f58c659008113909a"}',0,'BLOCK_PARSED',NULL,'b7eefb0ae5496ed43be65f158a08d759e590ec4e772e67d5ff6f45ad7c33e7e8');
INSERT INTO messages VALUES(331,310093,'insert','blocks','{"block_hash":"a74a2425f2f4be24bb5f715173e6756649e1cbf1b064aeb1ef60e0b94b418ddc","block_index":310093,"block_time":310093000,"difficulty":null,"ledger_hash":null,"previous_block_hash":null,"txlist_hash":null}',0,'NEW_BLOCK',NULL,'327cb2dfcf8f36d2c5b04fdaa063a6eb537b62cbdf5070734c4bc250c258cbf0');
INSERT INTO messages VALUES(332,310093,'parse','blocks','{"block_index":310093,"ledger_hash":"f4fac6a570b4f6332a628a3f8e27f5f081689fb4255363cff1cd8bd0244eecea","messages_hash":"6e9c8dcec7ecbd5d027c038f873ae53e2cc970f49fdd98b3a786fe3c113c38ee","transaction_count":0,"txlist_hash":"271c5484d7a74166a1b83e9dc6f56cc391d5b01829c9b594deb087e58a22b762"}',0,'BLOCK_PARSED',NULL,'dc14e35c87fa033fe11deb9d4f085ca17321241895cc1f7398763793817dd084');
INSERT INTO messages VALUES(333,310094,'insert','blocks','{"block_hash":"2a8f976f20c4e89ff01071915ac96ee35192d54df3a246bf61fd4a0cccfb5b23","block_index":310094,"block_time":310094000,"difficulty":null,"ledger_hash":null,"previous_block_hash":null,"txlist_hash":null}',0,'NEW_BLOCK',NULL,'6515153e4c139b04ca7df581b2dd0fce278f371655525a5d28a3faa161ec0b0c');
INSERT INTO messages VALUES(334,310094,'parse','blocks','{"block_index":310094,"ledger_hash":"adea7b4cacc06ba1f7dc260f30039943936f5baeecf5a8a452d4cbcaa994a70d","messages_hash":"c8e0c6e52ed6e0dc0d9b2a7cecaa8b53aa2e36e847c0fb20c0c8ef6029700aa6","transaction_count":0,"txlist_hash":"7d8deca0e4f444c015cdf98c74255215af14198d17619640186c6486bb3a6be6"}',0,'BLOCK_PARSED',NULL,'4511043cde20ecb5d7485a9d32d30121926ef18e0a34db35208703f01537675e');
INSERT INTO messages VALUES(335,310095,'insert','blocks','{"block_hash":"bed0fa40c9981223fb40b3be8124ca619edc9dd34d0c907369477ea92e5d2cd2","block_index":310095,"block_time":310095000,"difficulty":null,"ledger_hash":null,"previous_block_hash":null,"txlist_hash":null}',0,'NEW_BLOCK',NULL,'061cec21f9243a514d62a0145c49b9c44c332df2576f0077cd102925c9c6bf61');
INSERT INTO messages VALUES(336,310095,'parse','blocks','{"block_index":310095,"ledger_hash":"a2290c6a24befab16b4d9ed768c3129d582edbafdf8a2326c7ed50397e5db674","messages_hash":"142676e0c4985556d710f23cd93b06f98864f2322b458ff58c0ae3e3dff4e5c5","transaction_count":0,"txlist_hash":"8bab183d2c7670f060de1a64663fe4ec602cc9df957a4d1ccd4b2c5e4876e5ab"}',0,'BLOCK_PARSED',NULL,'b4502719eb6b90057fbfe81185e6f3733633f336f9e33b1ef7fae64d32d154ac');
INSERT INTO messages VALUES(337,310096,'insert','blocks','{"block_hash":"306aeec3db435fabffdf88c2f26ee83caa4c2426375a33daa2be041dbd27ea2f","block_index":310096,"block_time":310096000,"difficulty":null,"ledger_hash":null,"previous_block_hash":null,"txlist_hash":null}',0,'NEW_BLOCK',NULL,'dfa58630b82575f5bf70ec3139104b060e1bc9602da5f0c8f82f846a3f7a1493');
INSERT INTO messages VALUES(338,310096,'parse','blocks','{"block_index":310096,"ledger_hash":"b3c321ea2fb119cbaacfb39f219be47cb346cdd40d895980afd34b4157a3b7ec","messages_hash":"b2ff4518567b1d1defaebb078146815cc39ab11dc19d392a5d20d299867aa6da","transaction_count":0,"txlist_hash":"6997f2cf50cb2331a8d5cea3f97b32b41a9c40b6006041939b21008016e013c8"}',0,'BLOCK_PARSED',NULL,'761d0ac70158a0885d0cfb7b0b43a80485e9bff7f2c7a39cc376d788c93cd5b1');
INSERT INTO messages VALUES(339,310097,'insert','blocks','{"block_hash":"13e8e16e67c7cdcc80d477491e554b43744f90e8e1a9728439a11fab42cefadf","block_index":310097,"block_time":310097000,"difficulty":null,"ledger_hash":null,"previous_block_hash":null,"txlist_hash":null}',0,'NEW_BLOCK',NULL,'fb82437c6f62c5a9a3b9dd829b98f8d41b85e9d856d36ffaad845da5f381f625');
INSERT INTO messages VALUES(340,310097,'parse','blocks','{"block_index":310097,"ledger_hash":"456a1bd4d6b30f24e798a9c1f975af109db030b0bca19db6b29788f938ce6c4d","messages_hash":"11771c3c0ce2f3d5e74539f731ce50c4f34cc01f80b3c32c6136080272e8b448","transaction_count":0,"txlist_hash":"bd930dddbfc97b06fba95a33417533bd58fd5e95326d8677d2939790850a67de"}',0,'BLOCK_PARSED',NULL,'ea43dc313ce4b8f2125223482ec39e793fff811c13703bf3ae194f13377614bf');
INSERT INTO messages VALUES(341,310098,'insert','blocks','{"block_hash":"ca5bca4b5ec4fa6183e05176abe921cff884c4e20910fab55b603cef48dc3bca","block_index":310098,"block_time":310098000,"difficulty":null,"ledger_hash":null,"previous_block_hash":null,"txlist_hash":null}',0,'NEW_BLOCK',NULL,'78f6eb14d14b4e5b59417421d932bc33394b85687219340b0847a90929b648ee');
INSERT INTO messages VALUES(342,310098,'parse','blocks','{"block_index":310098,"ledger_hash":"f48d6574488a24155420ae76aa7dcecfe73f6a262a2434a96eb2e93f6bbf02b6","messages_hash":"4ba3a4a60a0c079e27df1ae65619cee9ef2aedc4ab595b55871fd36c6dca22c6","transaction_count":0,"txlist_hash":"bf2e65b5a1da6ac499a4ebcde81b607f6516de77ed2a10ff363ddb05dd8e288d"}',0,'BLOCK_PARSED',NULL,'684ed35033b837837101439e293fd4c2962b757a92cc9c7260ba138135ef2108');
INSERT INTO messages VALUES(343,310099,'insert','blocks','{"block_hash":"3c4c2279cd7de0add5ec469648a845875495a7d54ebfb5b012dcc5a197b7992a","block_index":310099,"block_time":310099000,"difficulty":null,"ledger_hash":null,"previous_block_hash":null,"txlist_hash":null}',0,'NEW_BLOCK',NULL,'6cf864158d2a0ba38a469c9dc6486648778e3ba503bb11a23d188c5ea31a6930');
INSERT INTO messages VALUES(344,310099,'parse','blocks','{"block_index":310099,"ledger_hash":"e936debeb5d219215ba24e56ed34edb435131877c2947c0801824155fdc70c05","messages_hash":"ce9c5786ef39b2358c92af86f3ab6a58251b47487128de33ea86a2d817d74d8d","transaction_count":0,"txlist_hash":"d18b9514ed9fda087d3c98eca75ea68388964396143b925cc58ce2e2d5c1c5da"}',0,'BLOCK_PARSED',NULL,'9e7749b2ede0da2c5d4503abf89d648b27acc6ec3c1e51bf40800093611f3f04');
INSERT INTO messages VALUES(345,310100,'insert','blocks','{"block_hash":"96925c05b3c7c80c716f5bef68d161c71d044252c766ca0e3f17f255764242cb","block_index":310100,"block_time":310100000,"difficulty":null,"ledger_hash":null,"previous_block_hash":null,"txlist_hash":null}',0,'NEW_BLOCK',NULL,'38b0b11167e3e0848dc02e2dea410402166c676d67f7efe798ae917df4aa2221');
INSERT INTO messages VALUES(346,310100,'parse','blocks','{"block_index":310100,"ledger_hash":"2b033a615b9eb693ed59daca9bc047f61a3519bec5c2b64f968cf717c75afe79","messages_hash":"00c15802e74c7874cd843b0412cc13a263fce9d4cf4f05dbf222ae1558676140","transaction_count":0,"txlist_hash":"1c39371c274124af6085dcf02fcdfda68d36d261bb47d7763ea3f09b70d0f62b"}',0,'BLOCK_PARSED',NULL,'158fd1e11050cd16ea986a7ab1875ee16dcec90428847c7d4f93d923a404b4c0');
INSERT INTO messages VALUES(347,310101,'insert','blocks','{"block_hash":"369472409995ca1a2ebecbad6bf9dab38c378ab1e67e1bdf13d4ce1346731cd6","block_index":310101,"block_time":310101000,"difficulty":null,"ledger_hash":null,"previous_block_hash":null,"txlist_hash":null}',0,'NEW_BLOCK',NULL,'5097d02c47bba9f398fea25594d598350b87f56930c1797fb3d8c40d1f806c78');
INSERT INTO messages VALUES(348,310101,'parse','blocks','{"block_index":310101,"ledger_hash":"6a41dd11d8b611f6fde79e06a4f65d20fc15419f8336646130c02e9f7d87eff4","messages_hash":"9c5d561b9fd34987179149f2720b511024f0a434b35cb960b4185e80596c7697","transaction_count":0,"txlist_hash":"e2c84c519b3d759f8efb016894a981411328df6f0a778835c95ed4116fef01f5"}',0,'BLOCK_PARSED',NULL,'4d6ea9b96bf023c52c91bb393f1c08d45f5f01dbb663da77b88b994d0d3e094b');
-- Triggers and indices on  messages
CREATE TRIGGER block_update_messages
                           BEFORE UPDATE ON messages BEGIN
                               SELECT RAISE(FAIL, "UPDATES NOT ALLOWED");
                           END;
CREATE INDEX messages_block_index_event_idx ON messages (block_index, event)
        ;
CREATE INDEX messages_block_index_idx ON messages (block_index)
        ;
CREATE INDEX messages_block_index_message_index_idx ON messages (block_index, message_index)
        ;
CREATE INDEX messages_event_hash_idx ON messages (event_hash)
        ;
CREATE INDEX messages_event_idx ON messages (event)
        ;
CREATE INDEX messages_tx_hash_idx ON messages (tx_hash)
        ;

COMMIT TRANSACTION;
PRAGMA page_size=4096;
-- PRAGMA encoding='UTF-8';
-- PRAGMA auto_vacuum=FULL;
-- PRAGMA max_page_count=4294967294;

BEGIN TRANSACTION;

-- Table  order_match_expirations
DROP TABLE IF EXISTS order_match_expirations;
CREATE TABLE order_match_expirations(
                                              order_match_id TEXT PRIMARY KEY,
                                              tx0_address TEXT,
                                              tx1_address TEXT,
                                              block_index INTEGER,
                                              FOREIGN KEY (block_index) REFERENCES blocks(block_index));
-- Triggers and indices on  order_match_expirations
CREATE TRIGGER block_update_order_match_expirations
                           BEFORE UPDATE ON order_match_expirations BEGIN
                               SELECT RAISE(FAIL, "UPDATES NOT ALLOWED");
                           END;
CREATE INDEX order_match_expirations_block_index_idx ON order_match_expirations (block_index)
        ;
CREATE INDEX order_match_expirations_tx0_address_idx ON order_match_expirations (tx0_address)
        ;
CREATE INDEX order_match_expirations_tx1_address_idx ON order_match_expirations (tx1_address)
        ;

COMMIT TRANSACTION;
PRAGMA page_size=4096;
-- PRAGMA encoding='UTF-8';
-- PRAGMA auto_vacuum=FULL;
-- PRAGMA max_page_count=4294967294;

BEGIN TRANSACTION;

-- Table  order_matches
DROP TABLE IF EXISTS order_matches;
CREATE TABLE order_matches(
                                    id TEXT,
                                    tx0_index INTEGER,
                                    tx0_hash TEXT,
                                    tx0_address TEXT,
                                    tx1_index INTEGER,
                                    tx1_hash TEXT,
                                    tx1_address TEXT,
                                    forward_asset TEXT,
                                    forward_quantity INTEGER,
                                    backward_asset TEXT,
                                    backward_quantity INTEGER,
                                    tx0_block_index INTEGER,
                                    tx1_block_index INTEGER,
                                    block_index INTEGER,
                                    tx0_expiration INTEGER,
                                    tx1_expiration INTEGER,
                                    match_expire_index INTEGER,
                                    fee_paid INTEGER,
                                    status TEXT);
INSERT INTO order_matches VALUES('332b030da57b9565324df01414778b1eafbee6c52343fea80774ee1725484367_f093b6c00e1bbe85106db6874b1ab4e3f4378d0bf0bcffbd8b51835285dfbf3f',3,'332b030da57b9565324df01414778b1eafbee6c52343fea80774ee1725484367','1_mn6q3dS2EnDUx3bmyWc6D4szJNVGtaR7zc_mtQheFaSfWELRB2MyMBaiWjdDm6ux9Ezns_2',4,'f093b6c00e1bbe85106db6874b1ab4e3f4378d0bf0bcffbd8b51835285dfbf3f','1_mn6q3dS2EnDUx3bmyWc6D4szJNVGtaR7zc_mtQheFaSfWELRB2MyMBaiWjdDm6ux9Ezns_2','BTC',50000000,'XCP',100000000,310002,310003,310003,10,10,310023,857142,'pending');
INSERT INTO order_matches VALUES('332b030da57b9565324df01414778b1eafbee6c52343fea80774ee1725484367_f093b6c00e1bbe85106db6874b1ab4e3f4378d0bf0bcffbd8b51835285dfbf3f',3,'332b030da57b9565324df01414778b1eafbee6c52343fea80774ee1725484367','1_mn6q3dS2EnDUx3bmyWc6D4szJNVGtaR7zc_mtQheFaSfWELRB2MyMBaiWjdDm6ux9Ezns_2',4,'f093b6c00e1bbe85106db6874b1ab4e3f4378d0bf0bcffbd8b51835285dfbf3f','1_mn6q3dS2EnDUx3bmyWc6D4szJNVGtaR7zc_mtQheFaSfWELRB2MyMBaiWjdDm6ux9Ezns_2','BTC',50000000,'XCP',100000000,310002,310003,310004,10,10,310023,857142,'completed');
-- Triggers and indices on  order_matches
CREATE TRIGGER block_update_order_matches
                           BEFORE UPDATE ON order_matches BEGIN
                               SELECT RAISE(FAIL, "UPDATES NOT ALLOWED");
                           END;
CREATE INDEX order_matches_backward_asset_idx ON order_matches (backward_asset)
        ;
CREATE INDEX order_matches_block_index_idx ON order_matches (block_index)
        ;
CREATE INDEX order_matches_forward_asset_idx ON order_matches (forward_asset)
        ;
CREATE INDEX order_matches_id_idx ON order_matches (id)
        ;
CREATE INDEX order_matches_match_expire_index_idx ON order_matches (match_expire_index)
        ;
CREATE INDEX order_matches_status_idx ON order_matches (status)
        ;
CREATE INDEX order_matches_tx0_address_forward_asset_idx ON order_matches (tx0_address, forward_asset)
        ;
CREATE INDEX order_matches_tx0_hash_idx ON order_matches (tx0_hash)
        ;
CREATE INDEX order_matches_tx1_address_backward_asset_idx ON order_matches (tx1_address, backward_asset)
        ;
CREATE INDEX order_matches_tx1_hash_idx ON order_matches (tx1_hash)
        ;

COMMIT TRANSACTION;
PRAGMA page_size=4096;
-- PRAGMA encoding='UTF-8';
-- PRAGMA auto_vacuum=FULL;
-- PRAGMA max_page_count=4294967294;

BEGIN TRANSACTION;

-- Table  order_expirations
DROP TABLE IF EXISTS order_expirations;
CREATE TABLE order_expirations(
                                        order_hash TEXT PRIMARY KEY,
                                        source TEXT,
                                        block_index INTEGER,
                                        FOREIGN KEY (block_index) REFERENCES blocks(block_index));
INSERT INTO order_expirations VALUES('332b030da57b9565324df01414778b1eafbee6c52343fea80774ee1725484367','1_mn6q3dS2EnDUx3bmyWc6D4szJNVGtaR7zc_mtQheFaSfWELRB2MyMBaiWjdDm6ux9Ezns_2',310013);
INSERT INTO order_expirations VALUES('f093b6c00e1bbe85106db6874b1ab4e3f4378d0bf0bcffbd8b51835285dfbf3f','1_mn6q3dS2EnDUx3bmyWc6D4szJNVGtaR7zc_mtQheFaSfWELRB2MyMBaiWjdDm6ux9Ezns_2',310014);
INSERT INTO order_expirations VALUES('6cb08a1c0547ab0d0d37b74633c1c8a2fd2372d9fd72eb3abdea298f2b245fee','1_mn6q3dS2EnDUx3bmyWc6D4szJNVGtaR7zc_mtQheFaSfWELRB2MyMBaiWjdDm6ux9Ezns_2',310032);
-- Triggers and indices on  order_expirations
CREATE TRIGGER block_update_order_expirations
                           BEFORE UPDATE ON order_expirations BEGIN
                               SELECT RAISE(FAIL, "UPDATES NOT ALLOWED");
                           END;
CREATE INDEX order_expirations_block_index_idx ON order_expirations (block_index)
        ;
CREATE INDEX order_expirations_source_idx ON order_expirations (source)
        ;

COMMIT TRANSACTION;
PRAGMA page_size=4096;
-- PRAGMA encoding='UTF-8';
-- PRAGMA auto_vacuum=FULL;
-- PRAGMA max_page_count=4294967294;

BEGIN TRANSACTION;

-- Table  orders
DROP TABLE IF EXISTS orders;
CREATE TABLE orders(
                            tx_index INTEGER,
                            tx_hash TEXT,
                            block_index INTEGER,
                            source TEXT,
                            give_asset TEXT,
                            give_quantity INTEGER,
                            give_remaining INTEGER,
                            get_asset TEXT,
                            get_quantity INTEGER,
                            get_remaining INTEGER,
                            expiration INTEGER,
                            expire_index INTEGER,
                            fee_required INTEGER,
                            fee_required_remaining INTEGER,
                            fee_provided INTEGER,
                            fee_provided_remaining INTEGER,
                            status TEXT);
INSERT INTO orders VALUES(3,'332b030da57b9565324df01414778b1eafbee6c52343fea80774ee1725484367',310002,'1_mn6q3dS2EnDUx3bmyWc6D4szJNVGtaR7zc_mtQheFaSfWELRB2MyMBaiWjdDm6ux9Ezns_2','BTC',50000000,50000000,'XCP',100000000,100000000,10,310012,0,0,1000000,1000000,'open');
INSERT INTO orders VALUES(4,'f093b6c00e1bbe85106db6874b1ab4e3f4378d0bf0bcffbd8b51835285dfbf3f',310003,'1_mn6q3dS2EnDUx3bmyWc6D4szJNVGtaR7zc_mtQheFaSfWELRB2MyMBaiWjdDm6ux9Ezns_2','XCP',105000000,105000000,'BTC',50000000,50000000,10,310013,900000,900000,6800,6800,'open');
INSERT INTO orders VALUES(3,'332b030da57b9565324df01414778b1eafbee6c52343fea80774ee1725484367',310003,'1_mn6q3dS2EnDUx3bmyWc6D4szJNVGtaR7zc_mtQheFaSfWELRB2MyMBaiWjdDm6ux9Ezns_2','BTC',50000000,0,'XCP',100000000,0,10,310012,0,0,1000000,142858,'open');
INSERT INTO orders VALUES(4,'f093b6c00e1bbe85106db6874b1ab4e3f4378d0bf0bcffbd8b51835285dfbf3f',310003,'1_mn6q3dS2EnDUx3bmyWc6D4szJNVGtaR7zc_mtQheFaSfWELRB2MyMBaiWjdDm6ux9Ezns_2','XCP',105000000,5000000,'BTC',50000000,0,10,310013,900000,42858,6800,6800,'open');
INSERT INTO orders VALUES(3,'332b030da57b9565324df01414778b1eafbee6c52343fea80774ee1725484367',310013,'1_mn6q3dS2EnDUx3bmyWc6D4szJNVGtaR7zc_mtQheFaSfWELRB2MyMBaiWjdDm6ux9Ezns_2','BTC',50000000,0,'XCP',100000000,0,10,310012,0,0,1000000,142858,'expired');
INSERT INTO orders VALUES(4,'f093b6c00e1bbe85106db6874b1ab4e3f4378d0bf0bcffbd8b51835285dfbf3f',310014,'1_mn6q3dS2EnDUx3bmyWc6D4szJNVGtaR7zc_mtQheFaSfWELRB2MyMBaiWjdDm6ux9Ezns_2','XCP',105000000,5000000,'BTC',50000000,0,10,310013,900000,42858,6800,6800,'expired');
INSERT INTO orders VALUES(22,'6cb08a1c0547ab0d0d37b74633c1c8a2fd2372d9fd72eb3abdea298f2b245fee',310021,'1_mn6q3dS2EnDUx3bmyWc6D4szJNVGtaR7zc_mtQheFaSfWELRB2MyMBaiWjdDm6ux9Ezns_2','BBBB',50000000,50000000,'XCP',50000000,50000000,10,310031,0,0,6800,6800,'open');
INSERT INTO orders VALUES(22,'6cb08a1c0547ab0d0d37b74633c1c8a2fd2372d9fd72eb3abdea298f2b245fee',310032,'1_mn6q3dS2EnDUx3bmyWc6D4szJNVGtaR7zc_mtQheFaSfWELRB2MyMBaiWjdDm6ux9Ezns_2','BBBB',50000000,50000000,'XCP',50000000,50000000,10,310031,0,0,6800,6800,'expired');
-- Triggers and indices on  orders
CREATE TRIGGER block_update_orders
                           BEFORE UPDATE ON orders BEGIN
                               SELECT RAISE(FAIL, "UPDATES NOT ALLOWED");
                           END;
CREATE INDEX orders_block_index_idx ON orders (block_index)
        ;
CREATE INDEX orders_expire_index_idx ON orders (expire_index)
        ;
CREATE INDEX orders_get_asset_give_asset_idx ON orders (get_asset, give_asset)
        ;
CREATE INDEX orders_get_quantity_idx ON orders (get_quantity)
        ;
CREATE INDEX orders_give_asset_idx ON orders (give_asset)
        ;
CREATE INDEX orders_give_quantity_idx ON orders (give_quantity)
        ;
CREATE INDEX orders_source_give_asset_idx ON orders (source, give_asset)
        ;
CREATE INDEX orders_status_idx ON orders (status)
        ;
CREATE INDEX orders_tx_hash_idx ON orders (tx_hash)
        ;
CREATE INDEX orders_tx_index_tx_hash_idx ON orders (tx_index, tx_hash)
        ;

COMMIT TRANSACTION;
PRAGMA page_size=4096;
-- PRAGMA encoding='UTF-8';
-- PRAGMA auto_vacuum=FULL;
-- PRAGMA max_page_count=4294967294;

BEGIN TRANSACTION;

-- Table  bet_match_expirations
DROP TABLE IF EXISTS bet_match_expirations;
CREATE TABLE bet_match_expirations(
                                          bet_match_id TEXT PRIMARY KEY,
                                          tx0_address TEXT,
                                          tx1_address TEXT,
                                          block_index INTEGER,
                                          FOREIGN KEY (block_index) REFERENCES blocks(block_index));
-- Triggers and indices on  bet_match_expirations
CREATE INDEX bet_match_expirations_block_index_idx ON bet_match_expirations (block_index)
        ;
CREATE INDEX bet_match_expirations_tx0_address_idx ON bet_match_expirations (tx0_address)
        ;
CREATE INDEX bet_match_expirations_tx1_address_idx ON bet_match_expirations (tx1_address)
        ;
CREATE TRIGGER block_update_bet_match_expirations
                           BEFORE UPDATE ON bet_match_expirations BEGIN
                               SELECT RAISE(FAIL, "UPDATES NOT ALLOWED");
                           END;

COMMIT TRANSACTION;
PRAGMA page_size=4096;
-- PRAGMA encoding='UTF-8';
-- PRAGMA auto_vacuum=FULL;
-- PRAGMA max_page_count=4294967294;

BEGIN TRANSACTION;

-- Table  bet_matches
DROP TABLE IF EXISTS bet_matches;
CREATE TABLE bet_matches(
                                id TEXT,
                                tx0_index INTEGER,
                                tx0_hash TEXT,
                                tx0_address TEXT,
                                tx1_index INTEGER,
                                tx1_hash TEXT,
                                tx1_address TEXT,
                                tx0_bet_type INTEGER,
                                tx1_bet_type INTEGER,
                                feed_address TEXT,
                                initial_value INTEGER,
                                deadline INTEGER,
                                target_value REAL,
                                leverage INTEGER,
                                forward_quantity INTEGER,
                                backward_quantity INTEGER,
                                tx0_block_index INTEGER,
                                tx1_block_index INTEGER,
                                block_index INTEGER,
                                tx0_expiration INTEGER,
                                tx1_expiration INTEGER,
                                match_expire_index INTEGER,
                                fee_fraction_int INTEGER,
                                status TEXT);
INSERT INTO bet_matches VALUES('74062934f0a97c41851735fef2a7df4d9ad9945424f09a54281e145a5e32492f_6a5f30666a5f24b6e0e6f31cf06b22ee74d3e692a550297450bdf1d36b1cc167',13,'74062934f0a97c41851735fef2a7df4d9ad9945424f09a54281e145a5e32492f','1_mn6q3dS2EnDUx3bmyWc6D4szJNVGtaR7zc_mtQheFaSfWELRB2MyMBaiWjdDm6ux9Ezns_2',14,'6a5f30666a5f24b6e0e6f31cf06b22ee74d3e692a550297450bdf1d36b1cc167','1_mn6q3dS2EnDUx3bmyWc6D4szJNVGtaR7zc_mtQheFaSfWELRB2MyMBaiWjdDm6ux9Ezns_2',0,1,'1_mn6q3dS2EnDUx3bmyWc6D4szJNVGtaR7zc_mtQheFaSfWELRB2MyMBaiWjdDm6ux9Ezns_2',100,1388000100,0.0,15120,41500000,20750000,310012,310013,310012,10,10,310022,99999999,'pending');
INSERT INTO bet_matches VALUES('2066b9a6b8913412384a0401ef57bfc604e7c5a2c141e23111a8ccc6881b0fb3_65db3ab58b65891a947ab9bdba4723e907678bf3b48397add62802dcc65d1d8e',15,'2066b9a6b8913412384a0401ef57bfc604e7c5a2c141e23111a8ccc6881b0fb3','1_mn6q3dS2EnDUx3bmyWc6D4szJNVGtaR7zc_mtQheFaSfWELRB2MyMBaiWjdDm6ux9Ezns_2',16,'65db3ab58b65891a947ab9bdba4723e907678bf3b48397add62802dcc65d1d8e','1_mn6q3dS2EnDUx3bmyWc6D4szJNVGtaR7zc_mtQheFaSfWELRB2MyMBaiWjdDm6ux9Ezns_2',0,1,'1_mn6q3dS2EnDUx3bmyWc6D4szJNVGtaR7zc_mtQheFaSfWELRB2MyMBaiWjdDm6ux9Ezns_2',100,1388000100,0.0,5040,150000000,350000000,310014,310015,310014,10,10,310024,99999999,'pending');
INSERT INTO bet_matches VALUES('94b11df6b519372bfbcf0ec5f3e6465a63e323c7cd7cff83a8abd78596d4bce4_a7daff1ca2874f6b18a8f1a1e70db27f58c6b39a9f106c353223fbccde57098e',17,'94b11df6b519372bfbcf0ec5f3e6465a63e323c7cd7cff83a8abd78596d4bce4','1_mn6q3dS2EnDUx3bmyWc6D4szJNVGtaR7zc_mtQheFaSfWELRB2MyMBaiWjdDm6ux9Ezns_2',18,'a7daff1ca2874f6b18a8f1a1e70db27f58c6b39a9f106c353223fbccde57098e','1_mn6q3dS2EnDUx3bmyWc6D4szJNVGtaR7zc_mtQheFaSfWELRB2MyMBaiWjdDm6ux9Ezns_2',2,3,'1_mn6q3dS2EnDUx3bmyWc6D4szJNVGtaR7zc_mtQheFaSfWELRB2MyMBaiWjdDm6ux9Ezns_2',100,1388000200,1.0,5040,750000000,650000000,310016,310017,310016,10,10,310026,99999999,'pending');
INSERT INTO bet_matches VALUES('74062934f0a97c41851735fef2a7df4d9ad9945424f09a54281e145a5e32492f_6a5f30666a5f24b6e0e6f31cf06b22ee74d3e692a550297450bdf1d36b1cc167',13,'74062934f0a97c41851735fef2a7df4d9ad9945424f09a54281e145a5e32492f','1_mn6q3dS2EnDUx3bmyWc6D4szJNVGtaR7zc_mtQheFaSfWELRB2MyMBaiWjdDm6ux9Ezns_2',14,'6a5f30666a5f24b6e0e6f31cf06b22ee74d3e692a550297450bdf1d36b1cc167','1_mn6q3dS2EnDUx3bmyWc6D4szJNVGtaR7zc_mtQheFaSfWELRB2MyMBaiWjdDm6ux9Ezns_2',0,1,'1_mn6q3dS2EnDUx3bmyWc6D4szJNVGtaR7zc_mtQheFaSfWELRB2MyMBaiWjdDm6ux9Ezns_2',100,1388000100,0.0,15120,41500000,20750000,310012,310013,310018,10,10,310022,99999999,'settled: liquidated for bear');
INSERT INTO bet_matches VALUES('2066b9a6b8913412384a0401ef57bfc604e7c5a2c141e23111a8ccc6881b0fb3_65db3ab58b65891a947ab9bdba4723e907678bf3b48397add62802dcc65d1d8e',15,'2066b9a6b8913412384a0401ef57bfc604e7c5a2c141e23111a8ccc6881b0fb3','1_mn6q3dS2EnDUx3bmyWc6D4szJNVGtaR7zc_mtQheFaSfWELRB2MyMBaiWjdDm6ux9Ezns_2',16,'65db3ab58b65891a947ab9bdba4723e907678bf3b48397add62802dcc65d1d8e','1_mn6q3dS2EnDUx3bmyWc6D4szJNVGtaR7zc_mtQheFaSfWELRB2MyMBaiWjdDm6ux9Ezns_2',0,1,'1_mn6q3dS2EnDUx3bmyWc6D4szJNVGtaR7zc_mtQheFaSfWELRB2MyMBaiWjdDm6ux9Ezns_2',100,1388000100,0.0,5040,150000000,350000000,310014,310015,310019,10,10,310024,99999999,'settled');
INSERT INTO bet_matches VALUES('94b11df6b519372bfbcf0ec5f3e6465a63e323c7cd7cff83a8abd78596d4bce4_a7daff1ca2874f6b18a8f1a1e70db27f58c6b39a9f106c353223fbccde57098e',17,'94b11df6b519372bfbcf0ec5f3e6465a63e323c7cd7cff83a8abd78596d4bce4','1_mn6q3dS2EnDUx3bmyWc6D4szJNVGtaR7zc_mtQheFaSfWELRB2MyMBaiWjdDm6ux9Ezns_2',18,'a7daff1ca2874f6b18a8f1a1e70db27f58c6b39a9f106c353223fbccde57098e','1_mn6q3dS2EnDUx3bmyWc6D4szJNVGtaR7zc_mtQheFaSfWELRB2MyMBaiWjdDm6ux9Ezns_2',2,3,'1_mn6q3dS2EnDUx3bmyWc6D4szJNVGtaR7zc_mtQheFaSfWELRB2MyMBaiWjdDm6ux9Ezns_2',100,1388000200,1.0,5040,750000000,650000000,310016,310017,310020,10,10,310026,99999999,'settled: for notequal');
-- Triggers and indices on  bet_matches
CREATE INDEX bet_matches_block_index_idx ON bet_matches (block_index)
        ;
CREATE INDEX bet_matches_deadline_idx ON bet_matches (deadline)
        ;
CREATE INDEX bet_matches_id_idx ON bet_matches (id)
        ;
CREATE INDEX bet_matches_status_idx ON bet_matches (status)
        ;
CREATE INDEX bet_matches_tx0_address_idx ON bet_matches (tx0_address)
        ;
CREATE INDEX bet_matches_tx1_address_idx ON bet_matches (tx1_address)
        ;
CREATE TRIGGER block_update_bet_matches
                           BEFORE UPDATE ON bet_matches BEGIN
                               SELECT RAISE(FAIL, "UPDATES NOT ALLOWED");
                           END;

COMMIT TRANSACTION;
PRAGMA page_size=4096;
-- PRAGMA encoding='UTF-8';
-- PRAGMA auto_vacuum=FULL;
-- PRAGMA max_page_count=4294967294;

BEGIN TRANSACTION;

-- Table  bet_match_resolutions
DROP TABLE IF EXISTS bet_match_resolutions;
CREATE TABLE bet_match_resolutions(
                                            bet_match_id TEXT PRIMARY KEY,
                                            bet_match_type_id INTEGER,
                                            block_index INTEGER,
                                            winner TEXT,
                                            settled BOOL,
                                            bull_credit INTEGER,
                                            bear_credit INTEGER,
                                            escrow_less_fee INTEGER,
                                            fee INTEGER,
                                            FOREIGN KEY (block_index) REFERENCES blocks(block_index));
INSERT INTO bet_match_resolutions VALUES('74062934f0a97c41851735fef2a7df4d9ad9945424f09a54281e145a5e32492f_6a5f30666a5f24b6e0e6f31cf06b22ee74d3e692a550297450bdf1d36b1cc167',1,310018,NULL,0,0,59137500,NULL,3112500);
INSERT INTO bet_match_resolutions VALUES('2066b9a6b8913412384a0401ef57bfc604e7c5a2c141e23111a8ccc6881b0fb3_65db3ab58b65891a947ab9bdba4723e907678bf3b48397add62802dcc65d1d8e',1,310019,NULL,1,159300000,315700000,NULL,25000000);
INSERT INTO bet_match_resolutions VALUES('94b11df6b519372bfbcf0ec5f3e6465a63e323c7cd7cff83a8abd78596d4bce4_a7daff1ca2874f6b18a8f1a1e70db27f58c6b39a9f106c353223fbccde57098e',5,310020,'NotEqual',NULL,NULL,NULL,1330000000,70000000);
-- Triggers and indices on  bet_match_resolutions
CREATE TRIGGER block_update_bet_match_resolutions
                           BEFORE UPDATE ON bet_match_resolutions BEGIN
                               SELECT RAISE(FAIL, "UPDATES NOT ALLOWED");
                           END;

COMMIT TRANSACTION;
PRAGMA page_size=4096;
-- PRAGMA encoding='UTF-8';
-- PRAGMA auto_vacuum=FULL;
-- PRAGMA max_page_count=4294967294;

BEGIN TRANSACTION;

-- Table  bet_expirations
DROP TABLE IF EXISTS bet_expirations;
CREATE TABLE bet_expirations(
                                    bet_index INTEGER PRIMARY KEY,
                                    bet_hash TEXT UNIQUE,
                                    source TEXT,
                                    block_index INTEGER,
                                    FOREIGN KEY (block_index) REFERENCES blocks(block_index));
INSERT INTO bet_expirations VALUES(13,'74062934f0a97c41851735fef2a7df4d9ad9945424f09a54281e145a5e32492f','1_mn6q3dS2EnDUx3bmyWc6D4szJNVGtaR7zc_mtQheFaSfWELRB2MyMBaiWjdDm6ux9Ezns_2',310023);
-- Triggers and indices on  bet_expirations
CREATE INDEX bet_expirations_block_index_idx ON bet_expirations (block_index)
        ;
CREATE INDEX bet_expirations_source_idx ON bet_expirations (source)
        ;
CREATE TRIGGER block_update_bet_expirations
                           BEFORE UPDATE ON bet_expirations BEGIN
                               SELECT RAISE(FAIL, "UPDATES NOT ALLOWED");
                           END;

COMMIT TRANSACTION;
PRAGMA page_size=4096;
-- PRAGMA encoding='UTF-8';
-- PRAGMA auto_vacuum=FULL;
-- PRAGMA max_page_count=4294967294;

BEGIN TRANSACTION;

-- Table  bets
DROP TABLE IF EXISTS bets;
CREATE TABLE bets(
                        tx_index INTEGER,
                        tx_hash TEXT,
                        block_index INTEGER,
                        source TEXT,
                        feed_address TEXT,
                        bet_type INTEGER,
                        deadline INTEGER,
                        wager_quantity INTEGER,
                        wager_remaining INTEGER,
                        counterwager_quantity INTEGER,
                        counterwager_remaining INTEGER,
                        target_value REAL,
                        leverage INTEGER,
                        expiration INTEGER,
                        expire_index INTEGER,
                        fee_fraction_int INTEGER,
                        status TEXT);
INSERT INTO bets VALUES(13,'74062934f0a97c41851735fef2a7df4d9ad9945424f09a54281e145a5e32492f',310012,'1_mn6q3dS2EnDUx3bmyWc6D4szJNVGtaR7zc_mtQheFaSfWELRB2MyMBaiWjdDm6ux9Ezns_2','1_mn6q3dS2EnDUx3bmyWc6D4szJNVGtaR7zc_mtQheFaSfWELRB2MyMBaiWjdDm6ux9Ezns_2',0,1388000100,50000000,50000000,25000000,25000000,0.0,15120,10,310022,99999999,'open');
INSERT INTO bets VALUES(14,'6a5f30666a5f24b6e0e6f31cf06b22ee74d3e692a550297450bdf1d36b1cc167',310013,'1_mn6q3dS2EnDUx3bmyWc6D4szJNVGtaR7zc_mtQheFaSfWELRB2MyMBaiWjdDm6ux9Ezns_2','1_mn6q3dS2EnDUx3bmyWc6D4szJNVGtaR7zc_mtQheFaSfWELRB2MyMBaiWjdDm6ux9Ezns_2',1,1388000100,25000000,25000000,41500000,41500000,0.0,15120,10,310023,99999999,'open');
INSERT INTO bets VALUES(13,'74062934f0a97c41851735fef2a7df4d9ad9945424f09a54281e145a5e32492f',310013,'1_mn6q3dS2EnDUx3bmyWc6D4szJNVGtaR7zc_mtQheFaSfWELRB2MyMBaiWjdDm6ux9Ezns_2','1_mn6q3dS2EnDUx3bmyWc6D4szJNVGtaR7zc_mtQheFaSfWELRB2MyMBaiWjdDm6ux9Ezns_2',0,1388000100,50000000,8500000,25000000,4250000,0.0,15120,10,310022,99999999,'open');
INSERT INTO bets VALUES(14,'6a5f30666a5f24b6e0e6f31cf06b22ee74d3e692a550297450bdf1d36b1cc167',310013,'1_mn6q3dS2EnDUx3bmyWc6D4szJNVGtaR7zc_mtQheFaSfWELRB2MyMBaiWjdDm6ux9Ezns_2','1_mn6q3dS2EnDUx3bmyWc6D4szJNVGtaR7zc_mtQheFaSfWELRB2MyMBaiWjdDm6ux9Ezns_2',1,1388000100,25000000,4250000,41500000,0,0.0,15120,10,310023,99999999,'filled');
INSERT INTO bets VALUES(15,'2066b9a6b8913412384a0401ef57bfc604e7c5a2c141e23111a8ccc6881b0fb3',310014,'1_mn6q3dS2EnDUx3bmyWc6D4szJNVGtaR7zc_mtQheFaSfWELRB2MyMBaiWjdDm6ux9Ezns_2','1_mn6q3dS2EnDUx3bmyWc6D4szJNVGtaR7zc_mtQheFaSfWELRB2MyMBaiWjdDm6ux9Ezns_2',0,1388000100,150000000,150000000,350000000,350000000,0.0,5040,10,310024,99999999,'open');
INSERT INTO bets VALUES(16,'65db3ab58b65891a947ab9bdba4723e907678bf3b48397add62802dcc65d1d8e',310015,'1_mn6q3dS2EnDUx3bmyWc6D4szJNVGtaR7zc_mtQheFaSfWELRB2MyMBaiWjdDm6ux9Ezns_2','1_mn6q3dS2EnDUx3bmyWc6D4szJNVGtaR7zc_mtQheFaSfWELRB2MyMBaiWjdDm6ux9Ezns_2',1,1388000100,350000000,350000000,150000000,150000000,0.0,5040,10,310025,99999999,'open');
INSERT INTO bets VALUES(15,'2066b9a6b8913412384a0401ef57bfc604e7c5a2c141e23111a8ccc6881b0fb3',310015,'1_mn6q3dS2EnDUx3bmyWc6D4szJNVGtaR7zc_mtQheFaSfWELRB2MyMBaiWjdDm6ux9Ezns_2','1_mn6q3dS2EnDUx3bmyWc6D4szJNVGtaR7zc_mtQheFaSfWELRB2MyMBaiWjdDm6ux9Ezns_2',0,1388000100,150000000,0,350000000,0,0.0,5040,10,310024,99999999,'filled');
INSERT INTO bets VALUES(16,'65db3ab58b65891a947ab9bdba4723e907678bf3b48397add62802dcc65d1d8e',310015,'1_mn6q3dS2EnDUx3bmyWc6D4szJNVGtaR7zc_mtQheFaSfWELRB2MyMBaiWjdDm6ux9Ezns_2','1_mn6q3dS2EnDUx3bmyWc6D4szJNVGtaR7zc_mtQheFaSfWELRB2MyMBaiWjdDm6ux9Ezns_2',1,1388000100,350000000,0,150000000,0,0.0,5040,10,310025,99999999,'filled');
INSERT INTO bets VALUES(17,'94b11df6b519372bfbcf0ec5f3e6465a63e323c7cd7cff83a8abd78596d4bce4',310016,'1_mn6q3dS2EnDUx3bmyWc6D4szJNVGtaR7zc_mtQheFaSfWELRB2MyMBaiWjdDm6ux9Ezns_2','1_mn6q3dS2EnDUx3bmyWc6D4szJNVGtaR7zc_mtQheFaSfWELRB2MyMBaiWjdDm6ux9Ezns_2',2,1388000200,750000000,750000000,650000000,650000000,1.0,5040,10,310026,99999999,'open');
INSERT INTO bets VALUES(18,'a7daff1ca2874f6b18a8f1a1e70db27f58c6b39a9f106c353223fbccde57098e',310017,'1_mn6q3dS2EnDUx3bmyWc6D4szJNVGtaR7zc_mtQheFaSfWELRB2MyMBaiWjdDm6ux9Ezns_2','1_mn6q3dS2EnDUx3bmyWc6D4szJNVGtaR7zc_mtQheFaSfWELRB2MyMBaiWjdDm6ux9Ezns_2',3,1388000200,650000000,650000000,750000000,750000000,1.0,5040,10,310027,99999999,'open');
INSERT INTO bets VALUES(17,'94b11df6b519372bfbcf0ec5f3e6465a63e323c7cd7cff83a8abd78596d4bce4',310017,'1_mn6q3dS2EnDUx3bmyWc6D4szJNVGtaR7zc_mtQheFaSfWELRB2MyMBaiWjdDm6ux9Ezns_2','1_mn6q3dS2EnDUx3bmyWc6D4szJNVGtaR7zc_mtQheFaSfWELRB2MyMBaiWjdDm6ux9Ezns_2',2,1388000200,750000000,0,650000000,0,1.0,5040,10,310026,99999999,'filled');
INSERT INTO bets VALUES(18,'a7daff1ca2874f6b18a8f1a1e70db27f58c6b39a9f106c353223fbccde57098e',310017,'1_mn6q3dS2EnDUx3bmyWc6D4szJNVGtaR7zc_mtQheFaSfWELRB2MyMBaiWjdDm6ux9Ezns_2','1_mn6q3dS2EnDUx3bmyWc6D4szJNVGtaR7zc_mtQheFaSfWELRB2MyMBaiWjdDm6ux9Ezns_2',3,1388000200,650000000,0,750000000,0,1.0,5040,10,310027,99999999,'filled');
INSERT INTO bets VALUES(13,'74062934f0a97c41851735fef2a7df4d9ad9945424f09a54281e145a5e32492f',310023,'1_mn6q3dS2EnDUx3bmyWc6D4szJNVGtaR7zc_mtQheFaSfWELRB2MyMBaiWjdDm6ux9Ezns_2','1_mn6q3dS2EnDUx3bmyWc6D4szJNVGtaR7zc_mtQheFaSfWELRB2MyMBaiWjdDm6ux9Ezns_2',0,1388000100,50000000,8500000,25000000,4250000,0.0,15120,10,310022,99999999,'expired');
-- Triggers and indices on  bets
CREATE INDEX bets_block_index_idx ON bets (block_index)
        ;
CREATE INDEX bets_expire_index_idx ON bets (expire_index)
        ;
CREATE INDEX bets_feed_address_bet_type_idx ON bets (feed_address, bet_type)
        ;
CREATE INDEX bets_feed_address_idx ON bets (feed_address)
        ;
CREATE INDEX bets_status_idx ON bets (status)
        ;
CREATE INDEX bets_tx_hash_idx ON bets (tx_hash)
        ;
CREATE INDEX bets_tx_index_tx_hash_idx ON bets (tx_index, tx_hash)
        ;
CREATE TRIGGER block_update_bets
                           BEFORE UPDATE ON bets BEGIN
                               SELECT RAISE(FAIL, "UPDATES NOT ALLOWED");
                           END;

COMMIT TRANSACTION;
PRAGMA page_size=4096;
-- PRAGMA encoding='UTF-8';
-- PRAGMA auto_vacuum=FULL;
-- PRAGMA max_page_count=4294967294;

BEGIN TRANSACTION;

-- Table  broadcasts
DROP TABLE IF EXISTS broadcasts;
CREATE TABLE broadcasts(
                      tx_index INTEGER PRIMARY KEY,
                      tx_hash TEXT UNIQUE,
                      block_index INTEGER,
                      source TEXT,
                      timestamp INTEGER,
                      value REAL,
                      fee_fraction_int INTEGER,
                      text TEXT,
                      locked BOOL,
                      status TEXT,
                      FOREIGN KEY (tx_index, tx_hash, block_index) REFERENCES transactions(tx_index, tx_hash, block_index));
INSERT INTO broadcasts VALUES(12,'a21533ad03334823cca2aa8e57c383113a7f93a5810c5df8dd2fa70f6eec416d',310011,'1_mn6q3dS2EnDUx3bmyWc6D4szJNVGtaR7zc_mtQheFaSfWELRB2MyMBaiWjdDm6ux9Ezns_2',1388000000,100.0,99999999,'Unit Test',0,'valid');
INSERT INTO broadcasts VALUES(19,'f020ae6c0b1aadbba4893581678ef87f9d2a925be5e6b08d02440e213f6183b4',310018,'1_mn6q3dS2EnDUx3bmyWc6D4szJNVGtaR7zc_mtQheFaSfWELRB2MyMBaiWjdDm6ux9Ezns_2',1388000050,99.86166,5000000,'Unit Test',0,'valid');
INSERT INTO broadcasts VALUES(20,'dccbd8852c8d489d32f87be0c86a631b63ec50202b0109a2be6aa96f27f89600',310019,'1_mn6q3dS2EnDUx3bmyWc6D4szJNVGtaR7zc_mtQheFaSfWELRB2MyMBaiWjdDm6ux9Ezns_2',1388000101,100.343,5000000,'Unit Test',0,'valid');
INSERT INTO broadcasts VALUES(21,'457f36dccce6664a8e28b00ebf47aa60ba4a41b46642aceef0e2a297429eb64e',310020,'1_mn6q3dS2EnDUx3bmyWc6D4szJNVGtaR7zc_mtQheFaSfWELRB2MyMBaiWjdDm6ux9Ezns_2',1388000201,2.0,5000000,'Unit Test',0,'valid');
-- Triggers and indices on  broadcasts
CREATE TRIGGER block_update_broadcasts
                           BEFORE UPDATE ON broadcasts BEGIN
                               SELECT RAISE(FAIL, "UPDATES NOT ALLOWED");
                           END;
CREATE INDEX broadcasts_block_index_idx ON broadcasts (block_index)
        ;
CREATE INDEX broadcasts_status_source_idx ON broadcasts (status, source)
        ;
CREATE INDEX broadcasts_status_source_tx_index_idx ON broadcasts (status, source, tx_index)
        ;
CREATE INDEX broadcasts_timestamp_idx ON broadcasts (timestamp)
        ;

COMMIT TRANSACTION;
PRAGMA page_size=4096;
-- PRAGMA encoding='UTF-8';
-- PRAGMA auto_vacuum=FULL;
-- PRAGMA max_page_count=4294967294;

BEGIN TRANSACTION;

-- Table  btcpays
DROP TABLE IF EXISTS btcpays;
CREATE TABLE btcpays(
                      tx_index INTEGER PRIMARY KEY,
                      tx_hash TEXT UNIQUE,
                      block_index INTEGER,
                      source TEXT,
                      destination TEXT,
                      btc_amount INTEGER,
                      order_match_id TEXT,
                      status TEXT,
                      FOREIGN KEY (tx_index, tx_hash, block_index) REFERENCES transactions(tx_index, tx_hash, block_index));
INSERT INTO btcpays VALUES(5,'ed17dc38233838e15d319a1786825b9e7cdba815554c9d6f4dd527615bce10b8',310004,'1_mn6q3dS2EnDUx3bmyWc6D4szJNVGtaR7zc_mtQheFaSfWELRB2MyMBaiWjdDm6ux9Ezns_2','1_mn6q3dS2EnDUx3bmyWc6D4szJNVGtaR7zc_mtQheFaSfWELRB2MyMBaiWjdDm6ux9Ezns_2',50000000,'332b030da57b9565324df01414778b1eafbee6c52343fea80774ee1725484367_f093b6c00e1bbe85106db6874b1ab4e3f4378d0bf0bcffbd8b51835285dfbf3f','valid');
-- Triggers and indices on  btcpays
CREATE TRIGGER block_update_btcpays
                           BEFORE UPDATE ON btcpays BEGIN
                               SELECT RAISE(FAIL, "UPDATES NOT ALLOWED");
                           END;
CREATE INDEX btcpays_block_index_idx ON btcpays (block_index)
        ;
CREATE INDEX btcpays_destination_idx ON btcpays (destination)
        ;
CREATE INDEX btcpays_source_idx ON btcpays (source)
        ;

COMMIT TRANSACTION;
PRAGMA page_size=4096;
-- PRAGMA encoding='UTF-8';
-- PRAGMA auto_vacuum=FULL;
-- PRAGMA max_page_count=4294967294;

BEGIN TRANSACTION;

-- Table  burns
DROP TABLE IF EXISTS burns;
CREATE TABLE burns(
                      tx_index INTEGER PRIMARY KEY,
                      tx_hash TEXT UNIQUE,
                      block_index INTEGER,
                      source TEXT,
                      burned INTEGER,
                      earned INTEGER,
                      status TEXT,
                      FOREIGN KEY (tx_index, tx_hash, block_index) REFERENCES transactions(tx_index, tx_hash, block_index));
INSERT INTO burns VALUES(1,'9b6b1abb696d8d1b70c5beed046d7cddd23cd95b69ef18946cb18c5b56cfde30',310000,'1_mn6q3dS2EnDUx3bmyWc6D4szJNVGtaR7zc_mtQheFaSfWELRB2MyMBaiWjdDm6ux9Ezns_2',62000000,93000000000,'valid');
INSERT INTO burns VALUES(23,'c81cd36f1efabd22f1a00923714fd5a5f1ba07852ef1f0763223563e3f55dfda',310022,'1_mn6q3dS2EnDUx3bmyWc6D4szJNVGtaR7zc_mtQheFaSfWELRB2MyMBaiWjdDm6ux9Ezns_2',38000000,56999887262,'valid');
-- Triggers and indices on  burns
CREATE TRIGGER block_update_burns
                           BEFORE UPDATE ON burns BEGIN
                               SELECT RAISE(FAIL, "UPDATES NOT ALLOWED");
                           END;
CREATE INDEX burns_source_idx ON burns (source)
        ;
CREATE INDEX burns_status_idx ON burns (status)
        ;

COMMIT TRANSACTION;
PRAGMA page_size=4096;
-- PRAGMA encoding='UTF-8';
-- PRAGMA auto_vacuum=FULL;
-- PRAGMA max_page_count=4294967294;

BEGIN TRANSACTION;

-- Table  cancels
DROP TABLE IF EXISTS cancels;
CREATE TABLE cancels(
                      tx_index INTEGER PRIMARY KEY,
                      tx_hash TEXT UNIQUE,
                      block_index INTEGER,
                      source TEXT,
                      offer_hash TEXT,
                      status TEXT,
                      FOREIGN KEY (tx_index, tx_hash, block_index) REFERENCES transactions(tx_index, tx_hash, block_index));
-- Triggers and indices on  cancels
CREATE TRIGGER block_update_cancels
                           BEFORE UPDATE ON cancels BEGIN
                               SELECT RAISE(FAIL, "UPDATES NOT ALLOWED");
                           END;
CREATE INDEX cancels_block_index_idx ON cancels (block_index)
        ;
CREATE INDEX cancels_source_idx ON cancels (source)
        ;

COMMIT TRANSACTION;
PRAGMA page_size=4096;
-- PRAGMA encoding='UTF-8';
-- PRAGMA auto_vacuum=FULL;
-- PRAGMA max_page_count=4294967294;

BEGIN TRANSACTION;

-- Table  dividends
DROP TABLE IF EXISTS dividends;
CREATE TABLE dividends(
                      tx_index INTEGER PRIMARY KEY,
                      tx_hash TEXT UNIQUE,
                      block_index INTEGER,
                      source TEXT,
                      asset TEXT,
                      dividend_asset TEXT,
                      quantity_per_unit INTEGER,
                      fee_paid INTEGER,
                      status TEXT,
                      FOREIGN KEY (tx_index, tx_hash, block_index) REFERENCES transactions(tx_index, tx_hash, block_index));
INSERT INTO dividends VALUES(10,'7881c1fe7881a590d09302dde67cfd888a74154888e0c310bd01575f560b8ac8',310009,'1_mn6q3dS2EnDUx3bmyWc6D4szJNVGtaR7zc_mtQheFaSfWELRB2MyMBaiWjdDm6ux9Ezns_2','BBBB','XCP',600,20000,'valid');
INSERT INTO dividends VALUES(11,'c41898ad625e2236110101070c09e9f28b6fea1ed436ecb78f231f3f99f123f7',310010,'1_mn6q3dS2EnDUx3bmyWc6D4szJNVGtaR7zc_mtQheFaSfWELRB2MyMBaiWjdDm6ux9Ezns_2','BBBC','XCP',800,20000,'valid');
-- Triggers and indices on  dividends
CREATE TRIGGER block_update_dividends
                           BEFORE UPDATE ON dividends BEGIN
                               SELECT RAISE(FAIL, "UPDATES NOT ALLOWED");
                           END;
CREATE INDEX dividends_asset_idx ON dividends (asset)
        ;
CREATE INDEX dividends_block_index_idx ON dividends (block_index)
        ;
CREATE INDEX dividends_source_idx ON dividends (source)
        ;

COMMIT TRANSACTION;
PRAGMA page_size=4096;
-- PRAGMA encoding='UTF-8';
-- PRAGMA auto_vacuum=FULL;
-- PRAGMA max_page_count=4294967294;

BEGIN TRANSACTION;

-- Table  issuances
DROP TABLE IF EXISTS issuances;
CREATE TABLE "issuances"(
                              tx_index INTEGER,
                              tx_hash TEXT,
                              msg_index INTEGER DEFAULT 0,
                              block_index INTEGER,
                              asset TEXT,
                              quantity INTEGER,
                              divisible BOOL,
                              source TEXT,
                              issuer TEXT,
                              transfer BOOL,
                              callable BOOL,
                              call_date INTEGER,
                              call_price REAL,
                              description TEXT,
                              fee_paid INTEGER,
                              locked BOOL,
                              status TEXT,
                              asset_longname TEXT,
                              reset BOOL, fair_minting BOOL DEFAULT 0,
                              PRIMARY KEY (tx_index, msg_index),
                              FOREIGN KEY (tx_index, tx_hash, block_index) REFERENCES transactions(tx_index, tx_hash, block_index),
                              UNIQUE (tx_hash, msg_index));
INSERT INTO issuances VALUES(6,'cd2b44cb56dd5aaae1181c42ab8953ebb9d0fb8e177e960ffe55e3500b3aae25',0,310005,'BBBB',1000000000,1,'1_mn6q3dS2EnDUx3bmyWc6D4szJNVGtaR7zc_mtQheFaSfWELRB2MyMBaiWjdDm6ux9Ezns_2','1_mn6q3dS2EnDUx3bmyWc6D4szJNVGtaR7zc_mtQheFaSfWELRB2MyMBaiWjdDm6ux9Ezns_2',0,0,0,0.0,'',50000000,0,'valid',NULL,0,0);
INSERT INTO issuances VALUES(7,'ddefdf227fd8cd8df1e77f0b531e98a033d2e5b237fa4331b83c003de54877d9',0,310006,'BBBC',100000,0,'1_mn6q3dS2EnDUx3bmyWc6D4szJNVGtaR7zc_mtQheFaSfWELRB2MyMBaiWjdDm6ux9Ezns_2','1_mn6q3dS2EnDUx3bmyWc6D4szJNVGtaR7zc_mtQheFaSfWELRB2MyMBaiWjdDm6ux9Ezns_2',0,0,0,0.0,'foobar',50000000,0,'valid',NULL,0,0);
-- Triggers and indices on  issuances
CREATE TRIGGER block_update_issuances
                           BEFORE UPDATE ON issuances BEGIN
                               SELECT RAISE(FAIL, "UPDATES NOT ALLOWED");
                           END;
CREATE INDEX issuances_asset_longname_idx ON issuances (asset_longname)
        ;
CREATE INDEX issuances_asset_status_idx ON issuances (asset, status)
        ;
CREATE INDEX issuances_block_index_idx ON issuances (block_index)
        ;
CREATE INDEX issuances_issuer_idx ON issuances (issuer)
        ;
CREATE INDEX issuances_source_idx ON issuances (source)
        ;
CREATE INDEX issuances_status_asset_tx_index_idx ON issuances (status, asset, tx_index DESC)
        ;
CREATE INDEX issuances_status_idx ON issuances (status)
        ;

COMMIT TRANSACTION;
PRAGMA page_size=4096;
-- PRAGMA encoding='UTF-8';
-- PRAGMA auto_vacuum=FULL;
-- PRAGMA max_page_count=4294967294;

BEGIN TRANSACTION;

-- Table  sends
DROP TABLE IF EXISTS sends;
CREATE TABLE "sends"(
                              tx_index INTEGER,
                              tx_hash TEXT,
                              block_index INTEGER,
                              source TEXT,
                              destination TEXT,
                              asset TEXT,
                              quantity INTEGER,
                              status TEXT,
                              msg_index INTEGER DEFAULT 0, memo BLOB,
                              PRIMARY KEY (tx_index, msg_index),
                              FOREIGN KEY (tx_index, tx_hash, block_index) REFERENCES transactions(tx_index, tx_hash, block_index),
                              UNIQUE (tx_hash, msg_index) ON CONFLICT FAIL);
INSERT INTO sends VALUES(2,'58e839ec2b1584d3474014093393ce57e5c22d6e686213ee4a7a0abe7bbac33c',310001,'1_mn6q3dS2EnDUx3bmyWc6D4szJNVGtaR7zc_mtQheFaSfWELRB2MyMBaiWjdDm6ux9Ezns_2','1_mnfAHmddVibnZNSkh8DvKaQoiEfNsxjXzH_mtQheFaSfWELRB2MyMBaiWjdDm6ux9Ezns_2','XCP',50000000,'valid',0,NULL);
INSERT INTO sends VALUES(8,'f337451a19eac3c2fe66daf7d44d39c41a012d2dfd85de90cc3877bbc2e7d30c',310007,'1_mn6q3dS2EnDUx3bmyWc6D4szJNVGtaR7zc_mtQheFaSfWELRB2MyMBaiWjdDm6ux9Ezns_2','1_mnfAHmddVibnZNSkh8DvKaQoiEfNsxjXzH_mtQheFaSfWELRB2MyMBaiWjdDm6ux9Ezns_2','BBBB',4000000,'valid',0,NULL);
INSERT INTO sends VALUES(9,'c639e9482b31b487115b4437dd87cff98338003fabf18066bf051e1164aa4394',310008,'1_mn6q3dS2EnDUx3bmyWc6D4szJNVGtaR7zc_mtQheFaSfWELRB2MyMBaiWjdDm6ux9Ezns_2','1_mnfAHmddVibnZNSkh8DvKaQoiEfNsxjXzH_mtQheFaSfWELRB2MyMBaiWjdDm6ux9Ezns_2','BBBC',526,'valid',0,NULL);
INSERT INTO sends VALUES(24,'c576ecde0f86c86725b540c9f5e6ae57a378fe9694260f7859eca55613d9d341',310023,'1_mn6q3dS2EnDUx3bmyWc6D4szJNVGtaR7zc_mtQheFaSfWELRB2MyMBaiWjdDm6ux9Ezns_2','1_mnfAHmddVibnZNSkh8DvKaQoiEfNsxjXzH_mtQheFaSfWELRB2MyMBaiWjdDm6ux9Ezns_2','BBBC',10000,'valid',0,NULL);
-- Triggers and indices on  sends
CREATE TRIGGER block_update_sends
                           BEFORE UPDATE ON sends BEGIN
                               SELECT RAISE(FAIL, "UPDATES NOT ALLOWED");
                           END;
CREATE INDEX sends_asset_idx ON sends (asset)
        ;
CREATE INDEX sends_block_index_idx ON sends (block_index)
        ;
CREATE INDEX sends_destination_idx ON sends (destination)
        ;
CREATE INDEX sends_memo_idx ON sends (memo)
        ;
CREATE INDEX sends_source_idx ON sends (source)
        ;

COMMIT TRANSACTION;
PRAGMA page_size=4096;
-- PRAGMA encoding='UTF-8';
-- PRAGMA auto_vacuum=FULL;
-- PRAGMA max_page_count=4294967294;

BEGIN TRANSACTION;

-- Table  rps_match_expirations
DROP TABLE IF EXISTS rps_match_expirations;
CREATE TABLE rps_match_expirations(
                                            rps_match_id TEXT PRIMARY KEY,
                                            tx0_address TEXT,
                                            tx1_address TEXT,
                                            block_index INTEGER,
                                            FOREIGN KEY (block_index) REFERENCES blocks(block_index));
-- Triggers and indices on  rps_match_expirations
CREATE TRIGGER block_update_rps_match_expirations
                           BEFORE UPDATE ON rps_match_expirations BEGIN
                               SELECT RAISE(FAIL, "UPDATES NOT ALLOWED");
                           END;
CREATE INDEX rps_match_expirations_block_index_idx ON rps_match_expirations (block_index)
        ;
CREATE INDEX rps_match_expirations_tx0_address_idx ON rps_match_expirations (tx0_address)
        ;
CREATE INDEX rps_match_expirations_tx1_address_idx ON rps_match_expirations (tx1_address)
        ;

COMMIT TRANSACTION;
PRAGMA page_size=4096;
-- PRAGMA encoding='UTF-8';
-- PRAGMA auto_vacuum=FULL;
-- PRAGMA max_page_count=4294967294;

BEGIN TRANSACTION;

-- Table  rps_expirations
DROP TABLE IF EXISTS rps_expirations;
CREATE TABLE rps_expirations(
                                    rps_index INTEGER PRIMARY KEY,
                                    rps_hash TEXT UNIQUE,
                                    source TEXT,
                                    block_index INTEGER,
                                    FOREIGN KEY (block_index) REFERENCES blocks(block_index));
-- Triggers and indices on  rps_expirations
CREATE TRIGGER block_update_rps_expirations
                           BEFORE UPDATE ON rps_expirations BEGIN
                               SELECT RAISE(FAIL, "UPDATES NOT ALLOWED");
                           END;
CREATE INDEX rps_expirations_block_index_idx ON rps_expirations (block_index)
        ;
CREATE INDEX rps_expirations_source_idx ON rps_expirations (source)
        ;

COMMIT TRANSACTION;
PRAGMA page_size=4096;
-- PRAGMA encoding='UTF-8';
-- PRAGMA auto_vacuum=FULL;
-- PRAGMA max_page_count=4294967294;

BEGIN TRANSACTION;

-- Table  rpsresolves
DROP TABLE IF EXISTS rpsresolves;
CREATE TABLE rpsresolves(
                      tx_index INTEGER PRIMARY KEY,
                      tx_hash TEXT UNIQUE,
                      block_index INTEGER,
                      source TEXT,
                      move INTEGER,
                      random TEXT,
                      rps_match_id TEXT,
                      status TEXT,
                      FOREIGN KEY (tx_index, tx_hash, block_index) REFERENCES transactions(tx_index, tx_hash, block_index));
-- Triggers and indices on  rpsresolves
CREATE TRIGGER block_update_rpsresolves
                           BEFORE UPDATE ON rpsresolves BEGIN
                               SELECT RAISE(FAIL, "UPDATES NOT ALLOWED");
                           END;
CREATE INDEX rpsresolves_block_index_idx ON rpsresolves (block_index)
        ;
CREATE INDEX rpsresolves_rps_match_id_idx ON rpsresolves (rps_match_id)
        ;
CREATE INDEX rpsresolves_source_idx ON rpsresolves (source)
        ;

COMMIT TRANSACTION;
PRAGMA page_size=4096;
-- PRAGMA encoding='UTF-8';
-- PRAGMA auto_vacuum=FULL;
-- PRAGMA max_page_count=4294967294;

BEGIN TRANSACTION;

-- Table  rps_matches
DROP TABLE IF EXISTS rps_matches;
CREATE TABLE rps_matches(
                                id TEXT,
                                tx0_index INTEGER,
                                tx0_hash TEXT,
                                tx0_address TEXT,
                                tx1_index INTEGER,
                                tx1_hash TEXT,
                                tx1_address TEXT,
                                tx0_move_random_hash TEXT,
                                tx1_move_random_hash TEXT,
                                wager INTEGER,
                                possible_moves INTEGER,
                                tx0_block_index INTEGER,
                                tx1_block_index INTEGER,
                                block_index INTEGER,
                                tx0_expiration INTEGER,
                                tx1_expiration INTEGER,
                                match_expire_index INTEGER,
                                status TEXT);
-- Triggers and indices on  rps_matches
CREATE TRIGGER block_update_rps_matches
                           BEFORE UPDATE ON rps_matches BEGIN
                               SELECT RAISE(FAIL, "UPDATES NOT ALLOWED");
                           END;
CREATE INDEX rps_matches_id_idx ON rps_matches (id)
        ;
CREATE INDEX rps_matches_match_expire_index_idx ON rps_matches (match_expire_index)
        ;
CREATE INDEX rps_matches_status_idx ON rps_matches (status)
        ;
CREATE INDEX rps_matches_tx0_address_idx ON rps_matches (tx0_address)
        ;
CREATE INDEX rps_matches_tx1_address_idx ON rps_matches (tx1_address)
        ;

COMMIT TRANSACTION;
PRAGMA page_size=4096;
-- PRAGMA encoding='UTF-8';
-- PRAGMA auto_vacuum=FULL;
-- PRAGMA max_page_count=4294967294;

BEGIN TRANSACTION;

-- Table  rps
DROP TABLE IF EXISTS rps;
CREATE TABLE rps(
                        tx_index INTEGER,
                        tx_hash TEXT,
                        block_index INTEGER,
                        source TEXT,
                        possible_moves INTEGER,
                        wager INTEGER,
                        move_random_hash TEXT,
                        expiration INTEGER,
                        expire_index INTEGER,
                        status TEXT);
-- Triggers and indices on  rps
CREATE TRIGGER block_update_rps
                           BEFORE UPDATE ON rps BEGIN
                               SELECT RAISE(FAIL, "UPDATES NOT ALLOWED");
                           END;
CREATE INDEX rps_expire_index_idx ON rps (expire_index)
        ;
CREATE INDEX rps_source_idx ON rps (source)
        ;
CREATE INDEX rps_status_idx ON rps (status)
        ;
CREATE INDEX rps_tx_hash_idx ON rps (tx_hash)
        ;
CREATE INDEX rps_tx_index_idx ON rps (tx_index)
        ;
CREATE INDEX rps_tx_index_tx_hash_idx ON rps (tx_index, tx_hash)
        ;
CREATE INDEX rps_wager_possible_moves_idx ON rps (wager, possible_moves)
        ;

COMMIT TRANSACTION;
PRAGMA page_size=4096;
-- PRAGMA encoding='UTF-8';
-- PRAGMA auto_vacuum=FULL;
-- PRAGMA max_page_count=4294967294;

BEGIN TRANSACTION;

-- Table  destructions
DROP TABLE IF EXISTS destructions;
CREATE TABLE destructions(
                      tx_index INTEGER PRIMARY KEY,
                      tx_hash TEXT UNIQUE,
                      block_index INTEGER,
                      source TEXT,
                      asset INTEGER,
                      quantity INTEGER,
                      tag TEXT,
                      status TEXT,
                      FOREIGN KEY (tx_index, tx_hash, block_index) REFERENCES transactions(tx_index, tx_hash, block_index));
-- Triggers and indices on  destructions
CREATE TRIGGER block_update_destructions
                           BEFORE UPDATE ON destructions BEGIN
                               SELECT RAISE(FAIL, "UPDATES NOT ALLOWED");
                           END;
CREATE INDEX destructions_source_idx ON destructions (source)
        ;
CREATE INDEX destructions_status_idx ON destructions (status)
        ;

COMMIT TRANSACTION;
PRAGMA page_size=4096;
-- PRAGMA encoding='UTF-8';
-- PRAGMA auto_vacuum=FULL;
-- PRAGMA max_page_count=4294967294;

BEGIN TRANSACTION;

-- Table  assets
DROP TABLE IF EXISTS assets;
CREATE TABLE assets(
                      asset_id TEXT UNIQUE,
                      asset_name TEXT UNIQUE,
                      block_index INTEGER,
                      asset_longname TEXT);
INSERT INTO assets VALUES('0','BTC',NULL,NULL);
INSERT INTO assets VALUES('1','XCP',NULL,NULL);
INSERT INTO assets VALUES('18279','BBBB',310005,NULL);
INSERT INTO assets VALUES('18280','BBBC',310006,NULL);
-- Triggers and indices on  assets
CREATE INDEX assets_asset_id_idx ON assets (asset_id)
        ;
CREATE UNIQUE INDEX assets_asset_longname_idx ON assets (asset_longname)
        ;
CREATE INDEX assets_asset_name_idx ON assets (asset_name)
        ;
CREATE TRIGGER block_update_assets
                           BEFORE UPDATE ON assets BEGIN
                               SELECT RAISE(FAIL, "UPDATES NOT ALLOWED");
                           END;

COMMIT TRANSACTION;
PRAGMA page_size=4096;
-- PRAGMA encoding='UTF-8';
-- PRAGMA auto_vacuum=FULL;
-- PRAGMA max_page_count=4294967294;

BEGIN TRANSACTION;

-- Table  addresses
DROP TABLE IF EXISTS addresses;
CREATE TABLE addresses(
            address TEXT,
            options INTEGER,
            block_index INTEGER
        );
-- Triggers and indices on  addresses
CREATE INDEX addresses_address_idx ON addresses (address)
        ;
CREATE TRIGGER block_update_addresses
                           BEFORE UPDATE ON addresses BEGIN
                               SELECT RAISE(FAIL, "UPDATES NOT ALLOWED");
                           END;

COMMIT TRANSACTION;
PRAGMA page_size=4096;
-- PRAGMA encoding='UTF-8';
-- PRAGMA auto_vacuum=FULL;
-- PRAGMA max_page_count=4294967294;

BEGIN TRANSACTION;

-- Table  sweeps
DROP TABLE IF EXISTS sweeps;
CREATE TABLE sweeps(
                      tx_index INTEGER PRIMARY KEY,
                      tx_hash TEXT UNIQUE,
                      block_index INTEGER,
                      source TEXT,
                      destination TEXT,
                      flags INTEGER,
                      status TEXT,
                      memo BLOB,
                      fee_paid INTEGER,
                      FOREIGN KEY (tx_index, tx_hash, block_index) REFERENCES transactions(tx_index, tx_hash, block_index));
-- Triggers and indices on  sweeps
CREATE TRIGGER block_update_sweeps
                           BEFORE UPDATE ON sweeps BEGIN
                               SELECT RAISE(FAIL, "UPDATES NOT ALLOWED");
                           END;
CREATE INDEX sweeps_block_index_idx ON sweeps (block_index)
        ;
CREATE INDEX sweeps_destination_idx ON sweeps (destination)
        ;
CREATE INDEX sweeps_memo_idx ON sweeps (memo)
        ;
CREATE INDEX sweeps_source_idx ON sweeps (source)
        ;

COMMIT TRANSACTION;
PRAGMA page_size=4096;
-- PRAGMA encoding='UTF-8';
-- PRAGMA auto_vacuum=FULL;
-- PRAGMA max_page_count=4294967294;

BEGIN TRANSACTION;

-- Table  dispensers
DROP TABLE IF EXISTS dispensers;
CREATE TABLE dispensers(
                                tx_index INTEGER,
                                tx_hash TEXT,
                                block_index INTEGER,
                                source TEXT,
                                asset TEXT,
                                give_quantity INTEGER,
                                escrow_quantity INTEGER,
                                satoshirate INTEGER,
                                status INTEGER,
                                give_remaining INTEGER,
                                oracle_address TEXT,
                                last_status_tx_hash TEXT,
                                origin TEXT,
                                dispense_count INTEGER DEFAULT 0,
                                last_status_tx_source TEXT,
                                close_block_index INTEGER);
-- Triggers and indices on  dispensers
CREATE TRIGGER block_update_dispensers
                           BEFORE UPDATE ON dispensers BEGIN
                               SELECT RAISE(FAIL, "UPDATES NOT ALLOWED");
                           END;
CREATE INDEX dispensers_asset_idx ON dispensers (asset)
        ;
CREATE INDEX dispensers_block_index_idx ON dispensers (block_index)
        ;
CREATE INDEX dispensers_close_block_index_status_idx ON dispensers (close_block_index, status)
        ;
CREATE INDEX dispensers_give_quantity_idx ON dispensers (give_quantity)
        ;
CREATE INDEX dispensers_give_remaining_idx ON dispensers (give_remaining)
        ;
CREATE INDEX dispensers_last_status_tx_hash_idx ON dispensers (last_status_tx_hash)
        ;
CREATE INDEX dispensers_source_asset_origin_status_idx ON dispensers (source, asset, origin, status)
        ;
CREATE INDEX dispensers_source_idx ON dispensers (source)
        ;
CREATE INDEX dispensers_source_origin_idx ON dispensers (source, origin)
        ;
CREATE INDEX dispensers_status_block_index_idx ON dispensers (status, block_index)
        ;
CREATE INDEX dispensers_status_idx ON dispensers (status)
        ;
CREATE INDEX dispensers_tx_hash_idx ON dispensers (tx_hash)
        ;
CREATE INDEX dispensers_tx_index_idx ON dispensers (tx_index)
        ;

COMMIT TRANSACTION;
PRAGMA page_size=4096;
-- PRAGMA encoding='UTF-8';
-- PRAGMA auto_vacuum=FULL;
-- PRAGMA max_page_count=4294967294;

BEGIN TRANSACTION;

-- Table  dispenses
DROP TABLE IF EXISTS dispenses;
CREATE TABLE dispenses (
                                tx_index INTEGER,
                                dispense_index INTEGER,
                                tx_hash TEXT,
                                block_index INTEGER,
                                source TEXT,
                                destination TEXT,
                                asset TEXT,
                                dispense_quantity INTEGER,
                                dispenser_tx_hash TEXT,
                                PRIMARY KEY (tx_index, dispense_index, source, destination),
                                FOREIGN KEY (tx_index, tx_hash, block_index) REFERENCES transactions(tx_index, tx_hash, block_index));
-- Triggers and indices on  dispenses
CREATE TRIGGER block_update_dispenses
                           BEFORE UPDATE ON dispenses BEGIN
                               SELECT RAISE(FAIL, "UPDATES NOT ALLOWED");
                           END;
CREATE INDEX dispenses_asset_idx ON dispenses (asset)
        ;
CREATE INDEX dispenses_block_index_idx ON dispenses (block_index)
        ;
CREATE INDEX dispenses_destination_idx ON dispenses (destination)
        ;
CREATE INDEX dispenses_dispense_quantity_idx ON dispenses (dispense_quantity)
        ;
CREATE INDEX dispenses_dispenser_tx_hash_idx ON dispenses (dispenser_tx_hash)
        ;
CREATE INDEX dispenses_source_idx ON dispenses (source)
        ;
CREATE INDEX dispenses_tx_hash_idx ON dispenses (tx_hash)
        ;

COMMIT TRANSACTION;
PRAGMA page_size=4096;
-- PRAGMA encoding='UTF-8';
-- PRAGMA auto_vacuum=FULL;
-- PRAGMA max_page_count=4294967294;

BEGIN TRANSACTION;

-- Table  dispenser_refills
DROP TABLE IF EXISTS dispenser_refills;
CREATE TABLE dispenser_refills(
                                        tx_index INTEGER,
                                        tx_hash TEXT,
                                        block_index INTEGER,
                                        source TEXT,
                                        destination TEXT,
                                        asset TEXT,
                                        dispense_quantity INTEGER,
                                        dispenser_tx_hash TEXT,
                                        PRIMARY KEY (tx_index, tx_hash, source, destination),
                                        FOREIGN KEY (tx_index, tx_hash, block_index)
                                            REFERENCES transactions(tx_index, tx_hash, block_index));
-- Triggers and indices on  dispenser_refills
CREATE TRIGGER block_update_dispenser_refills
                           BEFORE UPDATE ON dispenser_refills BEGIN
                               SELECT RAISE(FAIL, "UPDATES NOT ALLOWED");
                           END;
CREATE INDEX dispenser_refills_block_index_idx ON dispenser_refills (block_index)
        ;
CREATE INDEX dispenser_refills_tx_hash_idx ON dispenser_refills (tx_hash)
        ;

COMMIT TRANSACTION;
PRAGMA page_size=4096;
-- PRAGMA encoding='UTF-8';
-- PRAGMA auto_vacuum=FULL;
-- PRAGMA max_page_count=4294967294;

BEGIN TRANSACTION;

-- Table  fairminters
DROP TABLE IF EXISTS fairminters;
CREATE TABLE fairminters (
            tx_hash TEXT,
            tx_index INTEGER,
            block_index INTEGER,
            source TEXT,
            asset TEXT,
            asset_parent TEXT,
            asset_longname TEXT,
            description TEXT,
            price INTEGER,
            hard_cap INTEGER,
            burn_payment BOOL,
            max_mint_per_tx INTEGER,
            premint_quantity INTEGER,
            start_block INTEGER,
            end_block INTEGER,
            minted_asset_commission_int INTEGER,
            soft_cap INTEGER,
            soft_cap_deadline_block INTEGER,
            lock_description BOOL,
            lock_quantity BOOL,
            divisible BOOL,
            pre_minted BOOL DEFAULT 0,
            status TEXT
        );
-- Triggers and indices on  fairminters
CREATE TRIGGER block_update_fairminters
                           BEFORE UPDATE ON fairminters BEGIN
                               SELECT RAISE(FAIL, "UPDATES NOT ALLOWED");
                           END;
CREATE INDEX fairminters_asset_idx ON fairminters (asset)
        ;
CREATE INDEX fairminters_asset_longname_idx ON fairminters (asset_longname)
        ;
CREATE INDEX fairminters_asset_parent_idx ON fairminters (asset_parent)
        ;
CREATE INDEX fairminters_block_index_idx ON fairminters (block_index)
        ;
CREATE INDEX fairminters_source_idx ON fairminters (source)
        ;
CREATE INDEX fairminters_status_idx ON fairminters (status)
        ;
CREATE INDEX fairminters_tx_hash_idx ON fairminters (tx_hash)
        ;

COMMIT TRANSACTION;
PRAGMA page_size=4096;
-- PRAGMA encoding='UTF-8';
-- PRAGMA auto_vacuum=FULL;
-- PRAGMA max_page_count=4294967294;

BEGIN TRANSACTION;

-- Table  fairmints
DROP TABLE IF EXISTS fairmints;
CREATE TABLE fairmints (
            tx_hash TEXT PRIMARY KEY,
            tx_index INTEGER,
            block_index INTEGER,
            source TEXT,
            fairminter_tx_hash TEXT,
            asset TEXT,
            earn_quantity INTEGER,
            paid_quantity INTEGER,
            commission INTEGER,
            status TEXT
        );
-- Triggers and indices on  fairmints
CREATE TRIGGER block_update_fairmints
                           BEFORE UPDATE ON fairmints BEGIN
                               SELECT RAISE(FAIL, "UPDATES NOT ALLOWED");
                           END;
CREATE INDEX fairmints_asset_idx ON fairmints (asset)
        ;
CREATE INDEX fairmints_block_index_idx ON fairmints (block_index)
        ;
CREATE INDEX fairmints_fairminter_tx_hash_idx ON fairmints (fairminter_tx_hash)
        ;
CREATE INDEX fairmints_source_idx ON fairmints (source)
        ;
CREATE INDEX fairmints_status_idx ON fairmints (status)
        ;
CREATE INDEX fairmints_tx_hash_idx ON fairmints (tx_hash)
        ;

COMMIT TRANSACTION;
