PRAGMA page_size=4096;
-- PRAGMA encoding='UTF-8';
-- PRAGMA auto_vacuum=FULL;
-- PRAGMA max_page_count=4294967294;

BEGIN TRANSACTION;

-- Table  blocks
DROP TABLE IF EXISTS blocks;
CREATE TABLE blocks(
                      block_index INTEGER UNIQUE,
                      block_hash TEXT UNIQUE,
                      block_time INTEGER,
                      ledger_hash TEXT,
                      txlist_hash TEXT,
                      messages_hash TEXT,
                      previous_block_hash TEXT UNIQUE,
                      difficulty INTEGER,
                      transaction_count INTEGER,
                      PRIMARY KEY (block_index, block_hash));
INSERT INTO blocks VALUES(309999,'8b3bef249cb3b0fa23a4936c1249b6bd41daeadc848c8d2e409ea1cbc10adfe7',309999000,'63f0fef31d02da85fa779e9a0e1b585b1a6a4e59e14564249e288e074e91c223','63f0fef31d02da85fa779e9a0e1b585b1a6a4e59e14564249e288e074e91c223','63f0fef31d02da85fa779e9a0e1b585b1a6a4e59e14564249e288e074e91c223',NULL,NULL,0);
INSERT INTO blocks VALUES(310000,'505d8d82c4ced7daddef7ed0b05ba12ecc664176887b938ef56c6af276f3b30c',310000000,'7e1322d444b3395f9d8ce6b1ca6d48e8f0d78e5d72da997fad9520899bdbebe3','e19f24d4ce3c4cd736a6397e016256bf6a41c8151f7c7f073eeb983645345741','28f659d8986d7a44594866ae14e2c6ee3d5f80e2c82ac64438276b926c3191ce',NULL,NULL,1);
INSERT INTO blocks VALUES(310001,'3c9f6a9c6cac46a9273bd3db39ad775acd5bc546378ec2fb0587e06e112cc78e',310001000,'3e18d8a969bce2d869cb86b28c23823d88e6d8a840a3cda905a003b37222ebb8','ec66974ddd8e5e108a2a08f233aa7922f0d784330de3effc24004e6a3aff0f3f','4e65268a03a1bc148368ee9096abb998c3a76293c8f78c3478e854de313f4b87',NULL,NULL,1);
INSERT INTO blocks VALUES(310002,'fbb60f1144e1f7d4dc036a4a158a10ea6dea2ba6283a723342a49b8eb5cc9964',310002000,'71dfa527236bbaf632db18cf1773c63f7ee3a0076fc6562e46db0c955b346a9f','b0533c1a3a0aa3440036f8cddc55d0cb3e58b78217240454be1aae3347052384','2de4b3576f77229566025616466d99556722bef1b40a05398993ecc9e1d37533',NULL,NULL,1);
INSERT INTO blocks VALUES(310003,'d50825dcb32bcf6f69994d616eba18de7718d3d859497e80751b2cb67e333e8a',310003000,'39feff81ad306adcfb9610e6bd8442e35dd6e1924e75a53708c1d2932bda67f6','5db5b17c0c3cdebf3f242256ead793ecad160739a4ad2b96de07ef2b44b9246b','4e9b5407177b186c7e8cf1ec69f95a92d8513662c1e3469911479e817711c042',NULL,NULL,1);
INSERT INTO blocks VALUES(310004,'60cdc0ac0e3121ceaa2c3885f21f5789f49992ffef6e6ff99f7da80e36744615',310004000,'1cee0851ee48eeaa3f71e7a18f9f52fffa28cd3b2e1cbf1f79c0f562618b88c6','652f64205c1ac0a0e8cfe7331713d4a88a36a992adfb6cfafa3d88baae0c113f','a667d8659ceeda400ed6caac5c8d834cb234ae4d89e41efb6517cca6ffc0bac8',NULL,NULL,1);
INSERT INTO blocks VALUES(310005,'8005c2926b7ecc50376642bc661a49108b6dc62636463a5c492b123e2184cd9a',310005000,'89f516c3fbdcd1540125561301db451fb55b1baead9ae8f408156075aed104ad','a4111467f6cc245776b3b8767dc8565679b388bb21081e4752502969bc00b2e6','6bd46adec0ec9a0f4205dc6306ac742751279758d6581555e8b553795dd81f08',NULL,NULL,1);
INSERT INTO blocks VALUES(310006,'bdad69d1669eace68b9f246de113161099d4f83322e2acf402c42defef3af2bb',310006000,'e9a37cfc1055e8c18d369896a14422cad3c5ac8d9b4d5aff6053d8e31dd56336','4167a5c553cebb1a86983be3e1838919b75746980eaf897f2238cda094abffa3','2116c46127d9effa4e57c31b3ce4e4b803dc8ede5f468fa38eadef308bdd5a1f',NULL,NULL,1);
INSERT INTO blocks VALUES(310007,'10a642b96d60091d08234d17dfdecf3025eca41e4fc8e3bbe71a91c5a457cb4b',310007000,'174c7c107c37e0ca2c907b1bc35e086eebbad8eb02493a2f166ff2279ecc013c','5e112a62c65dea043146f8e508e48a411f96de7b1c4d76dfa4d667c59441b191','7456a36992384cc934b240f5fb9c374695621b252694554e875e7ffbc1b0c8cd',NULL,NULL,1);
INSERT INTO blocks VALUES(310008,'47d0e3acbdc6916aeae95e987f9cfa16209b3df1e67bb38143b3422b32322c33',310008000,'1463da3ebe264e703ecc0c708baa98f737b31f51726f85d3ac646f5e301b7c10','b8e089e008cf70095be2d9d9b659290512dcf79d0dfec4f5123db4886f17a459','6315f668fc990ee59fb9f85f30800ab8c8029f1e3d63b56660c4c007ca3fcddc',NULL,NULL,1);
INSERT INTO blocks VALUES(310009,'4d474992b141620bf3753863db7ee5e8af26cadfbba27725911f44fa657bc1c0',310009000,'dfe8c57b4ce4ea12f002d11cfc127f95b7cea7727bcbaf64418b2d584602a250','fb2e4815ef1a810d6a28a5dd22174bc21ae02ee57f6ee8883ba4916c433ad28b','9402081ae65488612ee87d5ec5fe25ce72657bf7ac02f12925be2e1d699221a2',NULL,NULL,1);
INSERT INTO blocks VALUES(310010,'a58162dff81a32e6a29b075be759dbb9fa9b8b65303e69c78fb4d7b0acc37042',310010000,'f9c936d3bb4c8bbc20e544d9262ffa3906fbaeca5e4b2e3b241f6059868f506e','7c826cef4acc45456f273c1a4a3b62b4245910898418dd5854fded6b2d62dd68','93a7b6bf8239e1af99fccb4fdb1becbf338f3f74d70d1ba902c4774fc97bd165',NULL,NULL,1);
INSERT INTO blocks VALUES(310011,'8042cc2ef293fd73d050f283fbd075c79dd4c49fdcca054dc0714fc3a50dc1bb',310011000,'490bfec10bfd72eca7fcbae5887b94ce4739454a82e601dc754e4e9d1030f3c2','686eaec5e1820f03bac7e71a20958bdc8d89ef5d6fc09cd85f47e41893d09238','56ae4c2c79dc00606e1f271ba86668041787468c95063ec303c818feda98323e',NULL,NULL,1);
INSERT INTO blocks VALUES(310012,'cdba329019d93a67b31b79d05f76ce1b7791d430ea0d6c1c2168fe78d2f67677',310012000,'621d39c103bff9a76ada332f41e3ad54c89676bb6057f624942ddf28b31b5927','fe7792324afa4a7b20ab86d6760ae875e9ae631e42571901560ac3ed6b86f966','e5e5866a4c1b795510dccef6457d294bd768f9f4983a4ffc374eebb5c5ae50ff',NULL,NULL,1);
INSERT INTO blocks VALUES(310013,'0425e5e832e4286757dc0228cd505b8d572081007218abd3a0983a3bcd502a61',310013000,'7d31be770d6bb6669bcb0a8a5964e57a758788cbbb942d1d3da1abd25b5dd158','c7c2f4c8072eb5e9171eb1f17539fc5e8805b72326c56cc64ad5a589749d42a9','aee41c500a90640a30164c52bcabea98f38af5f56394aafc2d9fab075d8b9048',NULL,NULL,1);
INSERT INTO blocks VALUES(310014,'85b28d413ebda2968ed82ae53643677338650151b997ed1e4656158005b9f65f',310014000,'3aba9622f8de243bcd5e6a5c88fdf04a79a52d95bdc1778d57586b13f30e501c','c6fd8b229e4181e5cabf17812c5bff2c13147a5c5950fa5954b2f183ea9a1ca5','59e4fcd196ea5b51ca1656745dd8b77d0e664034bcee9150cced31d2d169037c',NULL,NULL,1);
INSERT INTO blocks VALUES(310015,'4cf77d688f18f0c68c077db882f62e49f31859dfa6144372457cd73b29223922',310015000,'342e5dddd2289d3d6e381fade13e5a5e3ed27615b89bd8e06ea2bab8f8b48be8','44d68dac4f4a89f33982621eca8dff32b3d426025d15f3f1d6025314aef3d2d7','00af661a0e1c219358842b488c93a3689fd2fde229452f3bc6fa695e01fccc24',NULL,NULL,1);
INSERT INTO blocks VALUES(310016,'99dc7d2627efb4e5e618a53b9898b4ca39c70e98fe9bf39f68a6c980f5b64ef9',310016000,'51b904e6b18ce4d17bdc491457036ff3a4ba70789ae929862844e9456c3b9b01','200206039aef8f015c7bfa8aaaee09bf684d273cf52a67152fa59222b6e8e643','ffd003b086bb83a18d1b935414d0140b347351945e55f623bc2fbdb0e6b3e442',NULL,NULL,1);
INSERT INTO blocks VALUES(310017,'8a4fedfbf734b91a5c5761a7bcb3908ea57169777a7018148c51ff611970e4a3',310017000,'03a60654bc84711524cb38171f6573acbe8cc2120787bd09e5ec621b2f53929c','81782b68dd012be9cec466b9ce7cfa285e4ce30989d9a6ffc3fdd5b0d2a8d6a0','f0713cf5b720ec9aa959d415a98718c6531415127abdbc03d78c4ac77231d4d1',NULL,NULL,1);
INSERT INTO blocks VALUES(310018,'35c06f9e3de39e4e56ceb1d1a22008f52361c50dd0d251c0acbe2e3c2dba8ed3',310018000,'a590602f34163cf8f880c3620f07a8cd27b9aeba8fc80ccb201d88364eaed210','60b1fdafa96eef747746bdc4f1b3ec6addc916e302602afb7c3078680fe7f207','45950d9163d8a6e908f99c8c927016e96e5e302b8541fc0ebcbb108398349b4d',NULL,NULL,1);
INSERT INTO blocks VALUES(310019,'114affa0c4f34b1ebf8e2778c9477641f60b5b9e8a69052158041d4c41893294',310019000,'1b340e7abac4c458e6a0c6ff2abd6dadaa2913414f450cf926725b5253210950','518f83ec73b691be98c266455022c37565af46248b0af14d4d93caf9cf2dd84c','28fa7c4eb73960c6f4042531dd224ed352998d3c2cb6355d6f8cf9548e4ccb2f',NULL,NULL,1);
INSERT INTO blocks VALUES(310020,'d93c79920e4a42164af74ecb5c6b903ff6055cdc007376c74dfa692c8d85ebc9',310020000,'5a5a31ae9b03a362b44c9e38effadfeac273bd370374ea4816b8402d6b8a8a1a','e88e35ec93ff7a2163206cddc92f8f33ee9c49ace63f698c77ceee0097da5a19','ef2b0b3a344d9ab7949a9c216f350f0c95db8b2e7a936df4cfc6664824dcf731',NULL,NULL,1);
INSERT INTO blocks VALUES(310021,'7c2460bb32c5749c856486393239bf7a0ac789587ac71f32e7237910da8097f2',310021000,'2005a300856ccc74efe80c56927fc13619d5c40ab03ae4ee4fba2050bc2a6b75','cb06b4c683c786f4eead2921fdf0db3c7039236cb497a3fccc6119c5931302ad','a583c81a57956a4005495369010627b7a99bf7fc99c01d97cb1ab00824bdaa28',NULL,NULL,1);
INSERT INTO blocks VALUES(310022,'44435f9a99a0aa12a9bfabdc4cb8119f6ea6a6e1350d2d65445fb66a456db5fc',310022000,'95307de52e23a8433143d79710e7df22ba7205e2651c88a2eda220ebc8e0f289','b42aefdf28fd18988c50d069ee85f198d47c3ccf4242cc80e9fe401fbbff1a15','e3b26c08582e5c75b3fc566f43cc4eaa689f97d6d7a981750a14868d9c516f10',NULL,NULL,1);
INSERT INTO blocks VALUES(310023,'d8cf5bec1bbcab8ca4f495352afde3b6572b7e1d61b3976872ebb8e9d30ccb08',310023000,'de5a22c228bfc58ceaf428d55f180e951ff877537ef463821ce1206f07ab02f3','49e2d8978a91f97211764f1886dc08cfe7270086be147df474a6ea5558202a5a','22890df9fc1bfb884171dd27fdd0eb0349255808dceb0dae936a9e83e3e3f8fa',NULL,NULL,1);
INSERT INTO blocks VALUES(310024,'b03042b4e18a222b4c8d1e9e1970d93e6e2a2d41686d227ff8ecf0a839223dc5',310024000,'e54da9db6c4911087dcfb2824acfd7429431e3297f6b5836dfa8f95165ac9b08','d1bda094e755a874270d443d0680b5422bf2bfcf9855f20ec3beeeb7a950af2d','3379a733ef7797d983d16a68cc9495a946f207568582d22880838f218b7a68c0',NULL,NULL,0);
INSERT INTO blocks VALUES(310025,'a872e560766832cc3b4f7f222228cb6db882ce3c54f6459f62c71d5cd6e90666',310025000,'dac63e0e407785c7a461d839ddd749f020f8a33026cd6ea2acd659567a36c40c','d562c16ebcf1e5aa8db3c314e1d868266e7526e8509c1aaae1afa45c8995633c','38161e971ee31e679f8dbe51a2a499b30bed67b8aaf1619c46bd716ffa0888fb',NULL,NULL,0);
INSERT INTO blocks VALUES(310026,'6c96350f6f2f05810f19a689de235eff975338587194a36a70dfd0fcd490941a',310026000,'0397b7da62fb672aadb96fbdfc37f3265ea04c4d401632d5d9018b9b0ad7cd45','62c1a767b4a8ce047970d5fb1884c8d08e77cf4b16c7ea36766150f8285b76a0','dd8cc5758f77cb408d68a8ed2a9bfa5c97daeeacfb0b2b3bf8aa3c464ce6fd3f',NULL,NULL,0);
INSERT INTO blocks VALUES(310027,'d7acfac66df393c4482a14c189742c0571b89442eb7f817b34415a560445699e',310027000,'dbe43e77c383acc66cb46105991ed066ed5309434016081c26ca1a7dd948b6ce','6c0e9ad1d315c2e74f18a45d8bd3abe9f018f89c9355d03c06efc4fbb812fc0b','e2d131b1d6f5a01a62651f98fb3d2a3e8cb6487a0e67b1b4e3c5053f2f6dcdc8',NULL,NULL,0);
INSERT INTO blocks VALUES(310028,'02409fcf8fa06dafcb7f11e38593181d9c42cc9d5e2ddc304d098f990bd9530b',310028000,'ce1021a584895988014f16dd9f7b7b29bbe59ca8a761914f60c9290b5ec6a16f','0e21ca57a1d625a8e91a7ff804dc0156c7ac576098ab125f26bab42d4e6ba339','c4cb3b13db1599f1d50ed993416a5f0b88f8d7249b8a34d9d5cd13db067ab8ac',NULL,NULL,0);
INSERT INTO blocks VALUES(310029,'3c739fa8b40c118d5547ea356ee8d10ee2898871907643ec02e5db9d00f03cc6',310029000,'4a066ff12cf6f8dad894e23cfbb4fe6a087893b717b3f0c1ec53764b1e922bf4','9330c02e8e40c0db13614000fc24737f8f80a6f045daf340affabcd42aacbb9c','2712a76e2aae88b13a3bad3e2b3a9961b77ecf0eca1edb5be381c6b6910cbe24',NULL,NULL,0);
INSERT INTO blocks VALUES(310030,'d5071cddedf89765ee0fd58f209c1c7d669ba8ea66200a57587da8b189b9e4f5',310030000,'be1cc89117e7cb3fc18eb610103d72f144c31848da4d8001c334aac577f19427','0dc2592370337bbcd4edb92ce1c34d332e879ab591ffd19edb9eb4444d8d3106','0976749ff1ed9a095812ffff897a69ac49ad4dacfc312b73b90eb5099b24f777',NULL,NULL,0);
INSERT INTO blocks VALUES(310031,'0b02b10f41380fff27c543ea8891ecb845bf7a003ac5c87e15932aff3bfcf689',310031000,'a616b3d81a1ad1db1a9b1491b06ff6bcead9037f75552d14a4c7234b6ff56670','e7d6cd21f570124521b007fa830fed22b522ca80dc7340b29df1e8283df18b83','76ef1b651c1bec8c0e2e8f7305356cca27895a20b84e29d5c66dc0f73144f465',NULL,NULL,0);
INSERT INTO blocks VALUES(310032,'66346be81e6ba04544f2ae643b76c2b7b1383f038fc2636e02e49dc7ec144074',310032000,'e7e76fe32ac5c06696c0bda815f29f1e0785a9d48641615f2ef78fa9982d258f','65349239939d43446f116f40a532846d5f976a6324dad7093329d1db7304b648','55aea884ff3ee9efad4379e014addb4d246d0e39e4edd68075fe183ecf1c413a',NULL,NULL,0);
INSERT INTO blocks VALUES(310033,'999c65df9661f73e8c01f1da1afda09ac16788b72834f0ff5ea3d1464afb4707',310033000,'f0d33d2f73f83449c18b9a7bea43857b36effa24eb248283d9356c5280e4992f','fed1f06c481f3027aec35dbc5a8650affa2b46812016481476d1d3c38aa5ef19','c08cdb19e48a3cab738c342ec2a5c69db217e08ac1ee5892805e383cf2ee4e6d',NULL,NULL,0);
INSERT INTO blocks VALUES(310034,'f552edd2e0a648230f3668e72ddf0ddfb1e8ac0f4c190f91b89c1a8c2e357208',310034000,'434d631a1c3ef7d31d136b4eab8b3044dc2b65886bf43642537cc592db0415a3','c170833897caf90780bb28696e966091f04bf6a9de9442c6835937ddf59d17c0','7552af510aed921dbf45e6f60d52d1f46977da43f0ef10436046c29245656dd4',NULL,NULL,0);
INSERT INTO blocks VALUES(310035,'a13cbb016f3044207a46967a4ba1c87dab411f78c55c1179f2336653c2726ae2',310035000,'5ca42816d9c6aaed19f6d25cd02e842b5d834254f90a169630544c83a129c7e5','c6b5511a974c0ce8b9998df731dbf7d41ca1df6ae7967db9d07babb73312fc1b','72210f1a68bb97f7d3dd5b4d9e5828f9a96d2ed3a5ec80c2b4f21a4e43d33827',NULL,NULL,0);
INSERT INTO blocks VALUES(310036,'158648a98f1e1bd1875584ce8449eb15a4e91a99a923bbb24c4210135cef0c76',310036000,'31aecb842ea816f98aead90fed7ad005c010919a2ef2c5d7a8965b71832d3201','f82f0d124ffdaa3ad52102d54a003e27cb67a8788fac5258e2836c5a5050dc51','155bfc9b6b5b8094d1cf88142ebaa21a5da946e69f6b39ccfd3642d88ee231d0',NULL,NULL,0);
INSERT INTO blocks VALUES(310037,'563acfd6d991ce256d5655de2e9429975c8dceeb221e76d5ec6e9e24a2c27c07',310037000,'7a3167eb2c8a80c7c363ac47200ebc8cb6bd53f57da64465bec14bd86cf2c6c7','f949a847e9b1902aac9328803f3c29d59c082bbe64688990ae12b7dbf7f1a357','96b0309f0c70ba294acd3d868faf41b07c29bf2fb3e5739335a2ec4a741e69ea',NULL,NULL,0);
INSERT INTO blocks VALUES(310038,'b44b4cad12431c32df27940e18d51f63897c7472b70950d18454edfd640490b2',310038000,'212bc51956081e57aa618360926e186824dce8987948ee7706403451ab417a0a','ebd9c5fce61270ef26e23464b19a8f9f6031736cd888596fe6fbacf09b5d9b9a','8d13020c8fce78c6b939778e240e793181beb651e45e46d6f91aa3118986d761',NULL,NULL,0);
INSERT INTO blocks VALUES(310039,'5fa1ae9c5e8a599247458987b006ad3a57f686df1f7cc240bf119e911b56c347',310039000,'03e72d7551164403b41956638a0fdec8703c29373ea2b15c770717b0ec39fa95','104fb910b5395ca1f9c3d45e89a6d0e452e2ac58a4a022bc4ca50a96a2f17fb8','42984098751f1130d6f4385f5c728d76cc223911c98de81616191f0c34cda204',NULL,NULL,0);
INSERT INTO blocks VALUES(310040,'7200ded406675453eadddfbb2d14c2a4526c7dc2b5de14bd48b29243df5e1aa3',310040000,'922aa744aa0c08274d1f47a0f80638c7937ecaaf95555e68ceec09449e60d080','9eca59da0f3d4e97f4a8bb993746a5683e3786ae4f1f67413a15de3467f3d548','bfc2860a98501e21ea430887b52f8e2b00245a7fdd9954fd9dc2c258328b1aad',NULL,NULL,0);
INSERT INTO blocks VALUES(310041,'5db592ff9ba5fac1e030cf22d6c13b70d330ba397f415340086ee7357143b359',310041000,'de422fc7f3f11d20b697e0ee57afe101ddeb5e84105153a3bb10f97f9c3f1783','d654c62e5acb5a3bae70fe42bdf16fbec8e4d196bac6245e7d34e75dfff4328e','825bb03fbebe28548c775741063614e5b401226209c86a2c40f73e0d70e9cb7e',NULL,NULL,0);
INSERT INTO blocks VALUES(310042,'826fd4701ef2824e9559b069517cd3cb990aff6a4690830f78fc845ab77fa3e4',310042000,'82d7c9a0c9d63c3f93b125a9eabc2a7b5f560eccc5fb578d71ec071f150c8fac','8d98558fedf83247f89d4f7d1bb738264f0bedd471e7cbb414b812f943ead672','df9a943b075fb4d28ed9957e226fcce3aba2aab48d58e0425191cea8bbe45ec1',NULL,NULL,0);
INSERT INTO blocks VALUES(310043,'2254a12ada208f1dd57bc17547ecaf3c44720323c47bc7d4b1262477cb7f3c51',310043000,'c9232d9cfb183cc9bc09bef78f7c83bac3d9af803e6916c9b14063c4f619d9e6','41f95828ae91fe699936922496c8dd7515c86190879e4a14e206104acd6a233a','99b67b7b47115d54e97d2c6e3b464e6ec7e914b748c7aca09ad92f0b80249bd6',NULL,NULL,0);
INSERT INTO blocks VALUES(310044,'3346d24118d8af0b3c6bcc42f8b85792e7a2e7036ebf6e4c25f4f6723c78e46b',310044000,'71c3e7aa2ad71e35b752dd4e48381b4ca845c370e5c340f2a221dde808966a45','f46e20199f2316a5bcf959c21c3d9b13773eddc48b9e984feba01e1bb72c5a1d','97fd4c1a87a5ce882686744d4ca81a3dbb6e87eb9559b5408725bb01862f0809',NULL,NULL,0);
INSERT INTO blocks VALUES(310045,'7bba0ab243839e91ad1a45a762bf074011f8a9883074d68203c6d1b46fffde98',310045000,'47230be2ba96e7adb6088b18788b52a65aa48183c2c00095b79999f5ea1af514','b758e6774a81b89a9396b19e6fdf079613740c8f2b3648c590dfd620be1fa004','54d64348a9c09339a630ba857d362888ab506e308fad53ba02732176628497cb',NULL,NULL,0);
INSERT INTO blocks VALUES(310046,'47db6788c38f2d6d712764979e41346b55e78cbb4969e0ef5c4336faf18993a6',310046000,'2c306c41049fba2e58a07b5d14f930bcaa465b2afa4df24d8a887958555f0c57','51682386d3a81c19315594f5bb350999b320c08ca501dd39feec66296054dae9','c711ee442fd11b809bbe201c149322130645d3438f7a15f08defc5c54f9b540a',NULL,NULL,0);
INSERT INTO blocks VALUES(310047,'a9ccabcc2a098a7d25e4ab8bda7c4e66807eefa42e29890dcd88149a10de7075',310047000,'95a6325dcb8b9f7aef9da35bd20a46addef23aa5c36795beccacf992bee88d28','f8c1fa6d65d4eb34e842f982255f25a1fc2d45bee528dd1b1b9395bdf21dd414','6e492de6183e817a799c22c06e1959981c44688f190e37a6ee8b1f638ff28211',NULL,NULL,0);
INSERT INTO blocks VALUES(310048,'610bf3935a85b05a98556c55493c6de45bed4d7b3b6c8553a984718765796309',310048000,'8811d6a6b22ff3e0ecf399dd20a28a17ad000e99b17f90e63e02230ed42cf260','57259efa64d87db253d18eb2d9133708e74cf332af1f2a646262a19b0200cd41','cf0ed94154894b382f97edb3c95009fab31a00d2977879bfa3d7f51689897f01',NULL,NULL,0);
INSERT INTO blocks VALUES(310049,'4ad2761923ad49ad2b283b640f1832522a2a5d6964486b21591b71df6b33be3c',310049000,'4bffe3d3071cee255f64108bd8b97652f06190cb73caac5bdc4ef61d3ff9ecd6','76aed141b5d23469fd1d9a0f5228956f528df39b9ee6efe8fb0220ce3c7c5eb7','5b2a926cda56dab96da9279eb43cb96a9bf4a172a572cec002650ef5e3f06e98',NULL,NULL,0);
INSERT INTO blocks VALUES(310050,'8cfeb60a14a4cec6e9be13d699694d49007d82a31065a17890383e262071e348',310050000,'b00d5001e914fde448457f3b373637385114eeb07d79751241f4c1f50cadc050','ca9afb4ee51b772fbf5d2a691b7452fdbc9f83126babf1044c711edde79e6dcc','cf8f397eb9e0eeafb9e69d981f8bdd7693f29e692587d8ff94fc11b71a7658c8',NULL,NULL,0);
INSERT INTO blocks VALUES(310051,'b53c90385dd808306601350920c6af4beb717518493fd23b5c730eea078f33e6',310051000,'90dd8fabe43314ac6ab6f5485275a4b1131c232a1e9d92395fc030659873edb8','00f797ce466cd561a7e1be9182395c143db615d5106ce5056d1463059f5edae5','dc79bc6c569e715bfe5fbcb5b9701f06a9392ef56c36a6aec8326c9fba392e47',NULL,NULL,0);
INSERT INTO blocks VALUES(310052,'0acdacf4e4b6fca756479cb055191b367b1fa433aa558956f5f08fa5b7b394e2',310052000,'923848bdc7906ab89898021e05e201f69305087b12803c459f066f2d681fe9b5','71da0a2efd55fe95c879eb70529cc8f205e567b99dc10c8d5eedebe84d5a8100','dc22d00dfd0c5a556cba1549830a0d51898d741869aeb69c71b741117137c124',NULL,NULL,0);
INSERT INTO blocks VALUES(310053,'68348f01b6dc49b2cb30fe92ac43e527aa90d859093d3bf7cd695c64d2ef744f',310053000,'e5ecdf8c0a2166fa8fe25adea0d374d34131d29a3c901868fec579eb20a5a930','5abf33f1fc171ba30719b38e7a398d42c139d04f8e165a9cce2c48c6083dcc93','ff1c9291ba783eed6b258e6d5255ae42d736d6c05100c80a9b357d368f96d8dc',NULL,NULL,0);
INSERT INTO blocks VALUES(310054,'a8b5f253df293037e49b998675620d5477445c51d5ec66596e023282bb9cd305',310054000,'03cd75c14bbe11800f4d436dce93235787e2521a19b1d5a90796a5de369680d1','b667da440c07b0c67137194acfc7f69d81ee6fa0c22bef714bf5b41c077bed64','a83a8007696b3f3fceb2bea0ea1913f4bc84665e01d7feebff998615389f468d',NULL,NULL,0);
INSERT INTO blocks VALUES(310055,'4b069152e2dc82e96ed8a3c3547c162e8c3aceeb2a4ac07972f8321a535b9356',310055000,'7239560704ca831dfe90791f1cd21ae1f1506275cf6b45933676be9b096d340b','1637fbf888407cf9da83ed6a460879079609aa026cf7980f206f9cc7cafadb7f','fd5c08d5f15b35267580a68327ac57861a76b66d11a44f5f73f4341d45251aae',NULL,NULL,0);
INSERT INTO blocks VALUES(310056,'7603eaed418971b745256742f9d2ba70b2c2b2f69f61de6cc70e61ce0336f9d3',310056000,'3aa4ef8714cbb71c4f0b052dc7ec7795322103ba7b8361db3f33303f564f3815','852398cab8b740cc197a2a148e8d6a9cff5b13af7df2da2f1d9ecaf82e852986','b2f6885c46168c70916249f19d09fc105ccaef9627d2f6648b6b24a1b1919b52',NULL,NULL,0);
INSERT INTO blocks VALUES(310057,'4a5fdc84f2d66ecb6ee3e3646aad20751ce8694e64e348d3c8aab09d33a3e411',310057000,'fee33c0a466c580887106b4bb7a8c6aeb7a049c94987bae64f695ae400c4a4a1','1c306bb532873b9b265572c6bc43e28982941654f1d9000089c11ad1aedae3d2','1abd5e19319a2c7b512c0d7153f425800274b9e132f9d28e5ca61dfd15a7659b',NULL,NULL,0);
INSERT INTO blocks VALUES(310058,'a6eef3089896f0cae0bfe9423392e45c48f4efe4310b14d8cfbdb1fea613635f',310058000,'94d58bd9a65a2e13c7ea2373e521952e916b0e1d31d803eced96e5c8903aa625','4422cd391ebf77dd8205b553939708f90a6f7aedc2f649414da1245c2bd0b666','d1e2216ee2d2ecf1a0581511bef6b5312ec2ba1ec187a51b6b0600fad40d11cc',NULL,NULL,0);
INSERT INTO blocks VALUES(310059,'ab505de874c43f97c90be1c26a769e6c5cb140405c993b4a6cc7afc795f156a9',310059000,'e9c87b2a652d4ef3d48ac74424f57d06dd85893fd542e0784df067c37396b0df','8a2b63cf759cb2a37a2b48949049e94b8302b37c3f36cf9c6e2776aede2394e8','13c7a28e462794adf8a9be025515cae638f15f3500381014595440b39a6582b5',NULL,NULL,0);
INSERT INTO blocks VALUES(310060,'974ad5fbef621e0a38eab811608dc9afaf10c8ecc85fed913075ba1a145e889b',310060000,'b664a0985edab20768aec36096a7b2faa159cef4af7e779ad421942137ee317a','347325a63bf485645a7a92d84c947e559893b77e728a76e97ed81f3adf2c0f53','39c20fb9e1f97663856d1fc865ab2c44b1de0a0b92964bd17e93bd825604163d',NULL,NULL,0);
INSERT INTO blocks VALUES(310061,'35d267d21ad386e7b7632292af1c422b0310dde7ca49a82f9577525a29c138cf',310061000,'5ffa5e1f36c5539b2f5a89a6a60d45ec6372ced770d9b0e0e8dfd61edad84c22','3170bf4b9f60a1b6b4e9a886210f63ffc6726b112b3ed5cac0e3f7eb45ac00b8','3b3305f29526c11627d5b68c8cd964ac145dac5239ce79eaf049226fecc6d6af',NULL,NULL,0);
INSERT INTO blocks VALUES(310062,'b31a0054145319ef9de8c1cb19df5bcf4dc8a1ece20053aa494e5d3a00a2852f',310062000,'fc6f9f23c3b8954c7989b0e4ce40087b66dceabc7c0e407ac7f4b397fe2a1281','aff3a6a91ad60396c2970e577d50b1c4101a528401e65bf4b2f138cc59b07f1a','d843d0d25ca7efb4833782c58f22665fdb651fdb754786ac50915387bd682ca5',NULL,NULL,0);
INSERT INTO blocks VALUES(310063,'0cbcbcd5b7f2dc288e3a34eab3d4212463a5a56e886804fb4f9f1cf929eadebe',310063000,'cc6c3b8cf2c457b2f6afb5b208f968544767be8b86ca53bdab4224619a03121d','ca000b9c56221943a727e27d9e1e5ff747b08e7584ef18bd90a421dbe0e06ef8','9243ab0ff7630d19e97c126c33096e65ef99abf791f86ce588bdaf60432584fe',NULL,NULL,0);
INSERT INTO blocks VALUES(310064,'e2db8065a195e85cde9ddb868a17d39893a60fb2b1255aa5f0c88729de7cbf30',310064000,'cc57ac6aec118ebfb03f5113ad1af749522e60ef4ca201d48bd43478cc0a29e4','2977d05822d50125f1e746e836c59416c5c210cb809a10b444dbb8e26f033ba8','87e0fab5b1ded8710f4b1673de3cc31be6a0dce4584336ffc8dad25865ecbdb1',NULL,NULL,0);
INSERT INTO blocks VALUES(310065,'8a7bc7a77c831ac4fd11b8a9d22d1b6a0661b07cef05c2e600c7fb683b861d2a',310065000,'9999be70079c0943f0a00c54236680bafe0c87dd3bb75c982211f751e7ecdcae','6a13f22a7f3fa93fa1b4459e2e1a9d26d73e4c4694dcf708d0ac63ac114f45a4','1ffa69ee7f77dae5b62b2374edb7fd8273198da7549cdbfd87d1d4e96e53acda',NULL,NULL,0);
INSERT INTO blocks VALUES(310066,'b6959be51eb084747d301f7ccaf9e75f2292c9404633b1532e3692659939430d',310066000,'efb2fcb7b5628bb99994bc1ada157bf80b4516d961497aa011c06da1523801d7','dc55b9fa5be62a07a2d4fb8e502ca6ff85977e767bfd3ca75da428abbb1b6670','d18b9c205d53013cdb5acb903fff7384afc094a5c35734d76905dc52ff7bd074',NULL,NULL,0);
INSERT INTO blocks VALUES(310067,'8b08eae98d7193c9c01863fac6effb9162bda010daeacf9e0347112f233b8577',310067000,'fb396fca9af7816f97b22b8bf1b01951e271a75f1a640dfc64955696dc1c0b7d','1b93e33ab9ac4759b0a38f4b796028f9b7db68b5d13dfa752075a767698ebe5d','ad6442924465f3b37eb730e2f19bb653950fc8e8f6aa07ecc915aaddaa872900',NULL,NULL,0);
INSERT INTO blocks VALUES(310068,'9280e7297ef6313341bc81787a36acfc9af58f83a415afff5e3154f126cf52b5',310068000,'6cbc681ed90e676cc507d07120888bd4c8759873a0b9215f721a0ce707070086','00df7671066a79a502455d992ac35ec6c570620a56523ff5e78267d29439a469','7dafec37e0242a172bac087192d0fd5e12cd6b3b4ccf0a8d62f9508563e68720',NULL,NULL,0);
INSERT INTO blocks VALUES(310069,'486351f0655bf594ffaab1980cff17353b640b63e9c27239109addece189a6f7',310069000,'7cb734eb3e24e92de8915a6bea42b6ef721251c481ac9ec751cdbdc08e110011','8cc5e7d38fff8f81f8147275e3ffd493de207b7ef5e1ecd8de5631ba276d01ae','4075d21e4e772e52aca312c2a00ee2f628cd09fdc36738b2da4c0b2804a754ad',NULL,NULL,0);
INSERT INTO blocks VALUES(310070,'8739e99f4dee8bebf1332f37f49a125348b40b93b74fe35579dd52bfba4fa7e5',310070000,'7b57a4d1ce0995a938e174e52a096cc9829a0ddd59f698ed04d8b43371a78126','02afd7fe5768bb428b687a27c423624ce9bbc739a7d977ee9d2f1b9d9333e252','6b2ae46d964c4af3b7dadcf9bd1c1a6ae0a70e84b991ee6241dff3824ca5d041',NULL,NULL,0);
INSERT INTO blocks VALUES(310071,'7a099aa1bba0ead577f1e44f35263a1f115ed6a868c98d4dd71609072ae7f80b',310071000,'f46f820a64ced97ccf68a56c048459de0b2855ecd4299e447c4b630913ce1749','9b221949c0eee697def0a26be383838afabb2692c3d3db95fe3e682a842fe2f1','6b0db35967f529d42bf7004a35f2768d49b804edbd0b912597cb81de1e6f0561',NULL,NULL,0);
INSERT INTO blocks VALUES(310072,'7b17ecedc07552551b8129e068ae67cb176ca766ea3f6df74b597a94e3a7fc8a',310072000,'878239189ae0afa759af5e59db8a17fd17c0c9a2c017384fd2d0ca789e738050','0876f451da0838bf80101f29074429f94fbec1568451cecf38d7b78feb275db0','d2f79a8b4c0336b5299272e9ed1fc90f83996f6bba18429668e8f58047c40a7e',NULL,NULL,0);
INSERT INTO blocks VALUES(310073,'ee0fe3cc9b3a48a2746b6090b63b442b97ea6055d48edcf4b2288396764c6943',310073000,'d2d86823f727bc075138653a682373a9c76d21d48b5881968adb66042b501e53','f691270d97d983a4e3bcad0b42ea2f6697d7c2d3379656ff48c7dcd772a7ccc5','a229d107ad54fe547890feddc501dfb45565425de08c9ebaa853c0b74ee64367',NULL,NULL,0);
INSERT INTO blocks VALUES(310074,'ceab38dfde01f711a187601731ad575d67cfe0b7dbc61dcd4f15baaef72089fb',310074000,'9fd098fcc7d71c0c46fc741ea278de92589c44a6efc4980ced53843193553ea8','ac6c70368bcc17ec15124557bd86e93f3885628918340be4642d005d6839983b','87c2f78b6f8cef14a19ffd7c952d04c47e8fd2a43da48997a4de5b241d827e0d',NULL,NULL,0);
INSERT INTO blocks VALUES(310075,'ef547198c6e36d829f117cfd7077ccde45158e3c545152225fa24dba7a26847b',310075000,'f1ad21f9b4134bc0225c26fb8969af3565c07997197a7ed9636c01f187f07042','773b7359a0dd0f7c28e37537487a2523f3dab738c7e5ab40b86fa5369c016be2','a7743b6491c318754f4b83aadfec1634642de8857035ccfcd92f1da510ca3cb5',NULL,NULL,0);
INSERT INTO blocks VALUES(310076,'3b0499c2e8e8f0252c7288d4ecf66efc426ca37aad3524424d14c8bc6f8b0d92',310076000,'9a1f3de6b5a255720973fb0c93ae2bc8fe8936565140b8ae991b9d83f86a0002','0e6879ace51640eab2a5007304445fa620daff351ee31840466ca9182633041c','b631dee4029c7edfb00e6c4a540faaa49bfc7a095ec2aa1b4c60427027e6c2cd',NULL,NULL,0);
INSERT INTO blocks VALUES(310077,'d2adeefa9024ab3ff2822bc36acf19b6c647cea118cf15b86c6bc00c3322e7dd',310077000,'ab56d9f59575b2d8ecc4933bbfa1fb0cb81c7a6fe84c1ba81bdee40c3da13164','3ea7fabbd543731ddeefe442cc0a770c19d53ef2c63021474f9b8c65f1fedcca','9e356ca1f554c84dcbb47a57dbc5ddfa168062dff621d2bbf98500b5d63df18d',NULL,NULL,0);
INSERT INTO blocks VALUES(310078,'f6c17115ef0efe489c562bcda4615892b4d4b39db0c9791fe193d4922bd82cd6',310078000,'8399d461b5079a145c716f8f6004d2f7870fe93786bd944fa36ef27134c9517c','3502a4431b3b6e4bea01ef0097c7c863fec0849647ac2ae3d1158e83456e8742','3ff1bad24337c45ec9472440549651604aca2a0f2d125e6e15bc9ca5810715cc',NULL,NULL,0);
INSERT INTO blocks VALUES(310079,'f2fbd2074d804e631db44cb0fb2e1db3fdc367e439c21ffc40d73104c4d7069c',310079000,'b6696a1511704128bbd5ec2c80a1d7d8d3bda6b959f1a674537ace152cb7f8bc','c1c77cdf6d88fbb690c8b961390c45a86c80d99d6375fde0f59ee0e3f5bc5472','4c2f696379ff57a476927db67c16925e14f7bc1a55c898921092d534cd83bb81',NULL,NULL,0);
INSERT INTO blocks VALUES(310080,'42943b914d9c367000a78b78a544cc4b84b1df838aadde33fe730964a89a3a6c',310080000,'9aea0f996c36a815e4103b86ee7fc9be784d7c72549e54d04d84cf7fb8adfb78','3cdc3d34ee4019d518e1984848cba4245b8a6d1ad3d0766914f3440996a975e0','aa9c48d3294b79a22938f7d5918e2628551a8d63ff90fd69f0b12b2d71b72280',NULL,NULL,0);
INSERT INTO blocks VALUES(310081,'6554f9d307976249e7b7e260e08046b3b55d318f8b6af627fed5be3063f123c4',310081000,'7571b554c5600796b60982bb6df3517eed517a2a3627f8383b92a073cc4a5872','40c07e90e7f26fbe17010d676af19340d9b79453c86fe7585eb71e0dbd249ddc','12e17516b460d0a0364aceb87a60c3bc150332526e7d9539d597c797fddbd1c1',NULL,NULL,0);
INSERT INTO blocks VALUES(310082,'4f1ef91b1dcd575f8ac2e66a67715500cbca154bd6f3b8148bb7015a6aa6c644',310082000,'b2507a73ff4f6998582daac667c457308ba78744e3d1d7533c0232092e3eab1f','e6f5eb946ad2b1b68af033e9254e396f83d119174abc3791514bd0d8a5efc9f2','31aea2b78a5f2e90e7b38bf51e612f549081933666a49b77ca6c40673edb3d26',NULL,NULL,0);
INSERT INTO blocks VALUES(310083,'9b1f6fd6ff9b0dc4e37603cfb0625f49067c775b99e12492afd85392d3c8d850',310083000,'18566f22ffb9bc5f98712ef3234f8da84f8f3e382007b23c3bb8e6c910043746','2f67d24a5d08e892b63f72075b1c6ec4746745fbe5efb7eecb4b6b9e28281acb','7a4002cd6fdbb2e31cb0f50181d6063745b0bf7819153d4be09af559b7cfd6e6',NULL,NULL,0);
INSERT INTO blocks VALUES(310084,'1e0972523e80306441b9f4157f171716199f1428db2e818a7f7817ccdc8859e3',310084000,'72c44bddd5b54657623692e444bf893ca7b6d8da992c274bcbaa37c6db903825','36b2d096b29dfc29eb6f70b99a2f03578c3dc8161af12bbbe450352b1f8b4da4','c474774ae2c7d65071ada506ba53d11d50cdae6f5c5f009e7780470017c59a4f',NULL,NULL,0);
INSERT INTO blocks VALUES(310085,'c5b6e9581831e3bc5848cd7630c499bca26d9ece5156d36579bdb72d54817e34',310085000,'1ddc441adb4b262862caf5b811b2375bd376d9b5d7b8ee251c4337478833cde9','3f2b02f3cff570a5db80691306fd0440355929de8c65cac2dc4084edb5f8dc50','28c316076dcb8ea566a9e9afba34b91cf0b6f0e98cb31ef4d8cd4f9fedb69c34',NULL,NULL,0);
INSERT INTO blocks VALUES(310086,'080c1dc55a4ecf4824cf9840602498cfc35b5f84099f50b71b45cb63834c7a78',310086000,'b59447846d380cb8d32639ca13e6e396b68b18483f70b6380296bff65dced3d2','0f2c10569b5b0430c54ee6998570ce3658224c0813964b442a94c1a055317d5a','50d6fc043e0d3f296457bb801283a0699dde68cef5c931ab62dc839e673bbccc',NULL,NULL,0);
INSERT INTO blocks VALUES(310087,'4ec8cb1c38b22904e8087a034a6406b896eff4dd28e7620601c6bddf82e2738c',310087000,'54a1c32d20665e7ff92ea43451ff2e59a98136ad7da576fa6b2614dda700b707','479487cdac9cec19c4194784c33e02fa33f17efb34cfb3cbb196e4e9614264d7','9455c43cc5e9f1bd66a3a7477ca63f52b7daea5b0c52f37f43c892ba0151869d',NULL,NULL,0);
INSERT INTO blocks VALUES(310088,'e945c815c433cbddd0bf8e66c5c23b51072483492acda98f5c2c201020a8c5b3',310088000,'f0bef715c366843e002c75992b8d50d82a3ea54f144350f158e862eb03cb45dd','03a5dccccbbad982d282e46ed9de0ea691d9f1c47e1f6998b6d2c9c2f0dc52e4','3dbb9818a4fa6ec6d75c2fd49ffe060c1d72c1f56aaa6014f547bd0cf6db9435',NULL,NULL,0);
INSERT INTO blocks VALUES(310089,'0382437f895ef3e7e38bf025fd4f606fd44d4bbd6aea71dbdc4ed11a7cd46f33',310089000,'0a4ce98b783b97f81fff9ab73d7a7091087e8511ebb425c81ccf60c3f9edbfd6','0b4a31fd85701e10b440d8278a669d3addc750e2c36aaae374546c40e919a30f','8020978ec1cdc643174361c8731e9ea53ae88168e43a4b197fe4a7e0fa56fd71',NULL,NULL,0);
INSERT INTO blocks VALUES(310090,'b756db71dc037b5a4582de354a3347371267d31ebda453e152f0a13bb2fae969',310090000,'f3b6781eebab3a6928791cf281d4ae7cb4f7fb59c6ae7575eba253e6ec6e447b','7c4458c75469d00b87126143986852e468587d7e1f8fcfa7160b1ac3a8738b57','538f58a04a73847920a6804b05e4bcbfe9fdc6cc54910ba6802ed3d8e4cc7fec',NULL,NULL,0);
INSERT INTO blocks VALUES(310091,'734a9aa485f36399d5efb74f3b9c47f8b5f6fd68c9967f134b14cfe7e2d7583c',310091000,'14261b6b340632c469847700cee16c0163a7f8cad4dac7ad4555efeb5f3235fb','bbb7435472cd8bc25404ff1d24ede5fab4ab708284a78d052f2c6ba59b66e109','809c76a8cb47ee4f53b8ddb2375d0c049dc4efaa9df5d4967697f3c6c72e0c2f',NULL,NULL,0);
INSERT INTO blocks VALUES(310092,'56386beb65f9228740d4ad43a1c575645f6daf59e0dd9f22551c59215b5e8c3d',310092000,'3c033a502e1890e8a3c697e354cd1769e4300ce7f62ee7ac47a7201e1ad5de2c','259e28ed3efcfe609b5c9d3a349c0fef12b1dcffad634e59f8412d100378d16f','b73dab06f97fbee4fd42da0dcf6821e6f9916e227d95e0446342a550aa79d31a',NULL,NULL,0);
INSERT INTO blocks VALUES(310093,'a74a2425f2f4be24bb5f715173e6756649e1cbf1b064aeb1ef60e0b94b418ddc',310093000,'acc1dc4b7ec10c0989af833b57640be486035d76f74b57a50b023fb60f418be2','fe77fe337e875569fc917799338aa49249070aa03d490b44879af593b5239f63','7674495db16b85c37d0d7f3f82a04b4554c00d4e0bb57139147cfcdad054094c',NULL,NULL,0);
INSERT INTO blocks VALUES(310094,'2a8f976f20c4e89ff01071915ac96ee35192d54df3a246bf61fd4a0cccfb5b23',310094000,'1443d97efeeb04291e117b152f1e18537035a59c80fabb574577cb3e66e5db59','52003a2ce9900b7264877952056a283137f838c650298fd3c7ffdae81c048b69','1f91b596e2408286500f39b4e52a3807f00521cf3d8542f9fbb20239c06771d3',NULL,NULL,0);
INSERT INTO blocks VALUES(310095,'bed0fa40c9981223fb40b3be8124ca619edc9dd34d0c907369477ea92e5d2cd2',310095000,'1c74208da191b965f52006e577c3f4df30f29b36b1d137ab457bbfe30737285d','6b5054c3ff4dbf18b771c4918505fa39fe71d27246b8dcd3339443854dca58e0','dcbad42222f8d5525dd58486752e15e715c532ebff076107a4378b315e70581b',NULL,NULL,0);
INSERT INTO blocks VALUES(310096,'306aeec3db435fabffdf88c2f26ee83caa4c2426375a33daa2be041dbd27ea2f',310096000,'662e1b232c5afeba4df756a31d7b63f7f33dbb4aa752abbea9f0b57f1c7c4295','53db6517a32b8040d87d7a789f653cb6393bf7da7e67bccff551c19345d8a808','3b23c1c7520e76c50ee344c90aeece523db84f9e06128cb5bf632ea031898fc9',NULL,NULL,0);
INSERT INTO blocks VALUES(310097,'13e8e16e67c7cdcc80d477491e554b43744f90e8e1a9728439a11fab42cefadf',310097000,'8a1b60657764a35ce95c9e215600f63f0fc8c4933c682ea017553010743c97a2','bd22527a44a2d44898dc677e7573ffa31188a0080d5be4bab5141300f15d546a','789c176226152fcdbe9a72fee6c80648791b1b8a5450413a2bbf7b66c4cc38c7',NULL,NULL,0);
INSERT INTO blocks VALUES(310098,'ca5bca4b5ec4fa6183e05176abe921cff884c4e20910fab55b603cef48dc3bca',310098000,'c2e25d20f3c50a67a4268d9aa3e386c92e5217cf8f106d2affaae19e49b48828','ed52f090b465468dc1217c6c2316ac691079458e081cff35a6a0019c2110b7bd','5c94c57a8c67aef5010bacffa0d320d21da2de60aa786973786672ecdfacd07c',NULL,NULL,0);
INSERT INTO blocks VALUES(310099,'3c4c2279cd7de0add5ec469648a845875495a7d54ebfb5b012dcc5a197b7992a',310099000,'bd7479caeb388072138c99d19624e495200df1bf02f47caf0ae8a5007fd9dfce','2ad928a60ff8cb33861f75f2619eb3ab2368314eb0e056ef2b994482f5afc36a','96a637494f6fd20247b97462200756b3d2c245a7d40d33469ecf232c20443168',NULL,NULL,0);
INSERT INTO blocks VALUES(310100,'96925c05b3c7c80c716f5bef68d161c71d044252c766ca0e3f17f255764242cb',310100000,'ddb8394df96a37e0127c8894e669072cb195ac953e2a3e922b95bf40804820b6','0ba02473efd8d7e7e1bc727b7e6f49c1350f22c17e94515ebc8d8cbe686a19ec','f694683e098125170c7a49adbd8741c074860fc24ceda9d29b722614eaa89ca0',NULL,NULL,0);
INSERT INTO blocks VALUES(310101,'369472409995ca1a2ebecbad6bf9dab38c378ab1e67e1bdf13d4ce1346731cd6',310101000,'3ed7694459a57281ba8e4159ce156333aae4b596aa3ab5193ea6c1901f2c9667','c6ff3e386afe55f8c5c696164e3580bf1e6ef225128377bb3b981944d9922b7a','ddac7ee3f840878f36cf929edd09e1f3ef9206c17a694943e61b1cd6edb500af',NULL,NULL,0);
-- Triggers and indices on  blocks
CREATE INDEX blocks_block_index_block_hash_idx ON blocks (block_index, block_hash);
CREATE INDEX blocks_block_index_idx ON blocks (block_index);
CREATE INDEX blocks_ledger_hash_idx ON blocks (ledger_hash);

COMMIT TRANSACTION;
PRAGMA page_size=4096;
-- PRAGMA encoding='UTF-8';
-- PRAGMA auto_vacuum=FULL;
-- PRAGMA max_page_count=4294967294;

BEGIN TRANSACTION;

-- Table  transactions
DROP TABLE IF EXISTS transactions;
CREATE TABLE transactions(
                      tx_index INTEGER UNIQUE,
                      tx_hash TEXT UNIQUE,
                      block_index INTEGER,
                      block_hash TEXT,
                      block_time INTEGER,
                      source TEXT,
                      destination TEXT,
                      btc_amount INTEGER,
                      fee INTEGER,
                      data BLOB,
                      supported BOOL DEFAULT 1,
                      utxos_info TEXT, transaction_type TEXT,
                      FOREIGN KEY (block_index, block_hash) REFERENCES blocks(block_index, block_hash),
                      PRIMARY KEY (tx_index, tx_hash, block_index));
INSERT INTO transactions VALUES(1,'2e60d82502c67b6f3af1c4018f8c11153b0205f1460cd78f83b7a38b3c5cb8ff',310000,'505d8d82c4ced7daddef7ed0b05ba12ecc664176887b938ef56c6af276f3b30c',310000000,'1_mn6q3dS2EnDUx3bmyWc6D4szJNVGtaR7zc_mnfAHmddVibnZNSkh8DvKaQoiEfNsxjXzH_mtQheFaSfWELRB2MyMBaiWjdDm6ux9Ezns_3','mvCounterpartyXXXXXXXXXXXXXXW24Hef',62000000,1260,X'',1,' a168d6a7350b0307fda45c2f540d05d0ff455acf6d551adaf0847a76497890f9:0 2 ',NULL);
INSERT INTO transactions VALUES(2,'82c9695aa02426ab8128aa572c558392c21374bcb25116e560fbf9b9adb262b0',310001,'3c9f6a9c6cac46a9273bd3db39ad775acd5bc546378ec2fb0587e06e112cc78e',310001000,'1_mn6q3dS2EnDUx3bmyWc6D4szJNVGtaR7zc_mnfAHmddVibnZNSkh8DvKaQoiEfNsxjXzH_mtQheFaSfWELRB2MyMBaiWjdDm6ux9Ezns_3','1_mn6q3dS2EnDUx3bmyWc6D4szJNVGtaR7zc_mnfAHmddVibnZNSkh8DvKaQoiEfNsxjXzH_mqPCfvqTfYctXMUfmniXeG2nyaN8w6tPmj_3',1000,3600,X'0000000000000000000000010000000002FAF080',1,' 137004808fe341dabf8374ba9c6b8ed5eb074cab075229bd9464e882ed0fe7c6:0 3 ',NULL);
INSERT INTO transactions VALUES(3,'9f5de4ea5b89249f8588efd7f086d25be1ba35bc71f6a98a67a854c1ad90ab70',310002,'fbb60f1144e1f7d4dc036a4a158a10ea6dea2ba6283a723342a49b8eb5cc9964',310002000,'1_mn6q3dS2EnDUx3bmyWc6D4szJNVGtaR7zc_mnfAHmddVibnZNSkh8DvKaQoiEfNsxjXzH_mtQheFaSfWELRB2MyMBaiWjdDm6ux9Ezns_3','',0,1000000,X'0000000A00000000000000000000000002FAF08000000000000000010000000005F5E100000A0000000000000000',1,' ddbd8ec55bef65ce764a69772f11cdb83990ccbade7668d0afaf77c3d4999a15:0 2 ',NULL);
INSERT INTO transactions VALUES(4,'f392f7180c4e71a8de800832be946a2d9e86cedf73937031f8d92815ed06ab42',310003,'d50825dcb32bcf6f69994d616eba18de7718d3d859497e80751b2cb67e333e8a',310003000,'1_mn6q3dS2EnDUx3bmyWc6D4szJNVGtaR7zc_mnfAHmddVibnZNSkh8DvKaQoiEfNsxjXzH_mtQheFaSfWELRB2MyMBaiWjdDm6ux9Ezns_3','',0,2400,X'0000000A00000000000000010000000006422C4000000000000000000000000002FAF080000A00000000000DBBA0',1,' 6cf5a372e7ed61de93e74e079d00d8ef5cf559b09ba82d6f7b5302c26149ada4:0 2 ',NULL);
INSERT INTO transactions VALUES(5,'046012990eb2653bde5792c5a08cd6b57859da0ec5877c3227c7eeeb5afb0e98',310004,'60cdc0ac0e3121ceaa2c3885f21f5789f49992ffef6e6ff99f7da80e36744615',310004000,'1_mn6q3dS2EnDUx3bmyWc6D4szJNVGtaR7zc_mnfAHmddVibnZNSkh8DvKaQoiEfNsxjXzH_mtQheFaSfWELRB2MyMBaiWjdDm6ux9Ezns_3','1_mn6q3dS2EnDUx3bmyWc6D4szJNVGtaR7zc_mnfAHmddVibnZNSkh8DvKaQoiEfNsxjXzH_mtQheFaSfWELRB2MyMBaiWjdDm6ux9Ezns_3',50000000,4800,X'0000000B9F5DE4EA5B89249F8588EFD7F086D25BE1BA35BC71F6A98A67A854C1AD90AB70F392F7180C4E71A8DE800832BE946A2D9E86CEDF73937031F8D92815ED06AB42',1,' e2ae5e9cb7e95cb3d9fa288c7a973b1dec84bac2dc86825e52ce19790d37cc15:0 4 ',NULL);
INSERT INTO transactions VALUES(6,'ecd4d713ab56cb35c33896d3cd3ed123d644d0eeaa9dab8abe271802af3f2f36',310005,'8005c2926b7ecc50376642bc661a49108b6dc62636463a5c492b123e2184cd9a',310005000,'1_mn6q3dS2EnDUx3bmyWc6D4szJNVGtaR7zc_mnfAHmddVibnZNSkh8DvKaQoiEfNsxjXzH_mtQheFaSfWELRB2MyMBaiWjdDm6ux9Ezns_3','',0,2400,X'000000140000000000004767000000003B9ACA000100000000000000000000',1,' c642815011b2cbe0a0b4f3aefe30f51fbc4ae9619d67218bed52afd63329203d:0 2 ',NULL);
INSERT INTO transactions VALUES(7,'b8a83d834c54ef312dcd46909df7df6e178b9557eec46794a43ee7710a84e1cd',310006,'bdad69d1669eace68b9f246de113161099d4f83322e2acf402c42defef3af2bb',310006000,'1_mn6q3dS2EnDUx3bmyWc6D4szJNVGtaR7zc_mnfAHmddVibnZNSkh8DvKaQoiEfNsxjXzH_mtQheFaSfWELRB2MyMBaiWjdDm6ux9Ezns_3','',0,2400,X'00000014000000000000476800000000000186A00000000000000000000006666F6F626172',1,' e384026987839ddc69bd3df91647bb898f7031a6dfdbd19d9e26fb92020addc9:0 2 ',NULL);
INSERT INTO transactions VALUES(8,'6faca6c3ed0a650d40ee8afd78e722a1f7565ec5e13190dffdbb1575a6c21c76',310007,'10a642b96d60091d08234d17dfdecf3025eca41e4fc8e3bbe71a91c5a457cb4b',310007000,'1_mn6q3dS2EnDUx3bmyWc6D4szJNVGtaR7zc_mnfAHmddVibnZNSkh8DvKaQoiEfNsxjXzH_mtQheFaSfWELRB2MyMBaiWjdDm6ux9Ezns_3','1_mn6q3dS2EnDUx3bmyWc6D4szJNVGtaR7zc_mnfAHmddVibnZNSkh8DvKaQoiEfNsxjXzH_mqPCfvqTfYctXMUfmniXeG2nyaN8w6tPmj_3',1000,3600,X'00000000000000000000476700000000003D0900',1,' 3c7797ad9fd6c9687019ac50727127f480c8c94f600f21b3958f291d981b3fb9:0 3 ',NULL);
INSERT INTO transactions VALUES(9,'0f7aa52bcad72349993d73bd522734aedf93dc76a13666774cc7d2e8a367fb81',310008,'47d0e3acbdc6916aeae95e987f9cfa16209b3df1e67bb38143b3422b32322c33',310008000,'1_mn6q3dS2EnDUx3bmyWc6D4szJNVGtaR7zc_mnfAHmddVibnZNSkh8DvKaQoiEfNsxjXzH_mtQheFaSfWELRB2MyMBaiWjdDm6ux9Ezns_3','1_mn6q3dS2EnDUx3bmyWc6D4szJNVGtaR7zc_mnfAHmddVibnZNSkh8DvKaQoiEfNsxjXzH_mqPCfvqTfYctXMUfmniXeG2nyaN8w6tPmj_3',1000,3600,X'000000000000000000004768000000000000020E',1,' aeee463119948dca5bb860b0e7d29f386c9554f4e8f686f2dc3039c9849df088:0 3 ',NULL);
INSERT INTO transactions VALUES(10,'78391bc66d0d4554ed3bb24375b9cc0593a9769b5ec51fa17398003eaab15394',310009,'4d474992b141620bf3753863db7ee5e8af26cadfbba27725911f44fa657bc1c0',310009000,'1_mn6q3dS2EnDUx3bmyWc6D4szJNVGtaR7zc_mnfAHmddVibnZNSkh8DvKaQoiEfNsxjXzH_mtQheFaSfWELRB2MyMBaiWjdDm6ux9Ezns_3','',0,2400,X'00000032000000000000025800000000000047670000000000000001',1,' 040b5cea58cf497bc370d5635f876bc17ee7bb729b71feb04d3d86750ae8b0a5:0 2 ',NULL);
INSERT INTO transactions VALUES(11,'1933feb21f90a7a03bdaccece69fa9a900a7c5703c94cf02841ff16bbafa8548',310010,'a58162dff81a32e6a29b075be759dbb9fa9b8b65303e69c78fb4d7b0acc37042',310010000,'1_mn6q3dS2EnDUx3bmyWc6D4szJNVGtaR7zc_mnfAHmddVibnZNSkh8DvKaQoiEfNsxjXzH_mtQheFaSfWELRB2MyMBaiWjdDm6ux9Ezns_3','',0,2400,X'00000032000000000000032000000000000047680000000000000001',1,' d50939f4e56b7d666166167de423ee76abe08d127b0b196915e4670b1799014f:0 2 ',NULL);
INSERT INTO transactions VALUES(12,'6a699fd869d0e62f25414bf85ad8ca8e97b389b1356410b0a9541cc816e612fb',310011,'8042cc2ef293fd73d050f283fbd075c79dd4c49fdcca054dc0714fc3a50dc1bb',310011000,'1_mn6q3dS2EnDUx3bmyWc6D4szJNVGtaR7zc_mnfAHmddVibnZNSkh8DvKaQoiEfNsxjXzH_mtQheFaSfWELRB2MyMBaiWjdDm6ux9Ezns_3','',0,2400,X'0000001E52BB3300405900000000000005F5E0FF09556E69742054657374',1,' f686a674b2257c5de352e8d29d1bf07676717f6109f5d72c487affd209c68d82:0 2 ',NULL);
INSERT INTO transactions VALUES(13,'ce9427a5ebfd0f9424c83adf247ac13dcbbccca6d4bba8a6ae3559284f9a3941',310012,'cdba329019d93a67b31b79d05f76ce1b7791d430ea0d6c1c2168fe78d2f67677',310012000,'1_mn6q3dS2EnDUx3bmyWc6D4szJNVGtaR7zc_mnfAHmddVibnZNSkh8DvKaQoiEfNsxjXzH_mtQheFaSfWELRB2MyMBaiWjdDm6ux9Ezns_3','1_mn6q3dS2EnDUx3bmyWc6D4szJNVGtaR7zc_mnfAHmddVibnZNSkh8DvKaQoiEfNsxjXzH_mtQheFaSfWELRB2MyMBaiWjdDm6ux9Ezns_3',1000,3600,X'00000028000052BB33640000000002FAF08000000000017D7840000000000000000000003B100000000A',1,' fe5465cd42a781dc7931948ea598aa9c5f4f884d0f547107f92ca6ccf7b2d8c9:0 3 ',NULL);
INSERT INTO transactions VALUES(14,'57b85926acd997392661e36850b31261381fb912135159b532412d1584347fd2',310013,'0425e5e832e4286757dc0228cd505b8d572081007218abd3a0983a3bcd502a61',310013000,'1_mn6q3dS2EnDUx3bmyWc6D4szJNVGtaR7zc_mnfAHmddVibnZNSkh8DvKaQoiEfNsxjXzH_mtQheFaSfWELRB2MyMBaiWjdDm6ux9Ezns_3','1_mn6q3dS2EnDUx3bmyWc6D4szJNVGtaR7zc_mnfAHmddVibnZNSkh8DvKaQoiEfNsxjXzH_mtQheFaSfWELRB2MyMBaiWjdDm6ux9Ezns_3',1000,3600,X'00000028000152BB336400000000017D78400000000002793D60000000000000000000003B100000000A',1,' 429f98589742a90d1780b3cdccb71454378319d5750e00dd1230f2c359d211ea:0 3 ',NULL);
INSERT INTO transactions VALUES(15,'1317ca845a8bcd63b3b628541f2b64129f1dafc75598f175cb7286905867bfee',310014,'85b28d413ebda2968ed82ae53643677338650151b997ed1e4656158005b9f65f',310014000,'1_mn6q3dS2EnDUx3bmyWc6D4szJNVGtaR7zc_mnfAHmddVibnZNSkh8DvKaQoiEfNsxjXzH_mtQheFaSfWELRB2MyMBaiWjdDm6ux9Ezns_3','1_mn6q3dS2EnDUx3bmyWc6D4szJNVGtaR7zc_mnfAHmddVibnZNSkh8DvKaQoiEfNsxjXzH_mtQheFaSfWELRB2MyMBaiWjdDm6ux9Ezns_3',1000,3600,X'00000028000052BB33640000000008F0D1800000000014DC93800000000000000000000013B00000000A',1,' 38d0fc8c6fea724a17a172a8d62ff3feb728d6a917d29b2fb45fd7eb4b5bf3aa:0 3 ',NULL);
INSERT INTO transactions VALUES(16,'954d3e77a103644dbff1113de23c1c53f6c4037cd8a3809799a3b55ca4ab9d1e',310015,'4cf77d688f18f0c68c077db882f62e49f31859dfa6144372457cd73b29223922',310015000,'1_mn6q3dS2EnDUx3bmyWc6D4szJNVGtaR7zc_mnfAHmddVibnZNSkh8DvKaQoiEfNsxjXzH_mtQheFaSfWELRB2MyMBaiWjdDm6ux9Ezns_3','1_mn6q3dS2EnDUx3bmyWc6D4szJNVGtaR7zc_mnfAHmddVibnZNSkh8DvKaQoiEfNsxjXzH_mtQheFaSfWELRB2MyMBaiWjdDm6ux9Ezns_3',1000,3600,X'00000028000152BB33640000000014DC93800000000008F0D1800000000000000000000013B00000000A',1,' 5396d39e294449441b24b6b319375fa78b30b46f593ca8a5170c06099a6ba9f6:0 3 ',NULL);
INSERT INTO transactions VALUES(17,'8bf3334242d027e1e0bbae98957302cb11723f56ef1f8199c6001bf8add80382',310016,'99dc7d2627efb4e5e618a53b9898b4ca39c70e98fe9bf39f68a6c980f5b64ef9',310016000,'1_mn6q3dS2EnDUx3bmyWc6D4szJNVGtaR7zc_mnfAHmddVibnZNSkh8DvKaQoiEfNsxjXzH_mtQheFaSfWELRB2MyMBaiWjdDm6ux9Ezns_3','1_mn6q3dS2EnDUx3bmyWc6D4szJNVGtaR7zc_mnfAHmddVibnZNSkh8DvKaQoiEfNsxjXzH_mtQheFaSfWELRB2MyMBaiWjdDm6ux9Ezns_3',1000,3600,X'00000028000252BB33C8000000002CB417800000000026BE36803FF0000000000000000013B00000000A',1,' f358b02da5691836c0208a1bb95d07c69665a095fe6c55c2dda9a5066e464382:0 3 ',NULL);
INSERT INTO transactions VALUES(18,'484b6051771ba0d93664fd77e51c24e64b5a9676f2da4b6cf3530c2363be772a',310017,'8a4fedfbf734b91a5c5761a7bcb3908ea57169777a7018148c51ff611970e4a3',310017000,'1_mn6q3dS2EnDUx3bmyWc6D4szJNVGtaR7zc_mnfAHmddVibnZNSkh8DvKaQoiEfNsxjXzH_mtQheFaSfWELRB2MyMBaiWjdDm6ux9Ezns_3','1_mn6q3dS2EnDUx3bmyWc6D4szJNVGtaR7zc_mnfAHmddVibnZNSkh8DvKaQoiEfNsxjXzH_mtQheFaSfWELRB2MyMBaiWjdDm6ux9Ezns_3',1000,3600,X'00000028000352BB33C80000000026BE3680000000002CB417803FF0000000000000000013B00000000A',1,' b1a63ec3281f245836b4c0219e9a79464113a046c609cdc436323924e9c0d988:0 3 ',NULL);
INSERT INTO transactions VALUES(19,'160e27870a810a91442861c5007d858f12072c3fafe8605a7cbb3de9925bdfd9',310018,'35c06f9e3de39e4e56ceb1d1a22008f52361c50dd0d251c0acbe2e3c2dba8ed3',310018000,'1_mn6q3dS2EnDUx3bmyWc6D4szJNVGtaR7zc_mnfAHmddVibnZNSkh8DvKaQoiEfNsxjXzH_mtQheFaSfWELRB2MyMBaiWjdDm6ux9Ezns_3','',0,2400,X'0000001E52BB33324058F7256FFC115E004C4B4009556E69742054657374',1,' 7c8bbdec0d54280b0c34ed50c30303ea121eecd004761feae236316c1fc1d07b:0 2 ',NULL);
INSERT INTO transactions VALUES(20,'8a0fcbc8028c6b6c315171040dd878997b2ba041261342dc012a5cee9941ad91',310019,'114affa0c4f34b1ebf8e2778c9477641f60b5b9e8a69052158041d4c41893294',310019000,'1_mn6q3dS2EnDUx3bmyWc6D4szJNVGtaR7zc_mnfAHmddVibnZNSkh8DvKaQoiEfNsxjXzH_mtQheFaSfWELRB2MyMBaiWjdDm6ux9Ezns_3','',0,2400,X'0000001E52BB3365405915F3B645A1CB004C4B4009556E69742054657374',1,' 56675710e14e486a2376c0a2458b4fd2f67d5b2e97bcdf7d6589e4d3cd7eb213:0 2 ',NULL);
INSERT INTO transactions VALUES(21,'21e783a1e27314d0b361a9dea430fc845aef83ffaabae48d9eb9e9fec9dbfc5b',310020,'d93c79920e4a42164af74ecb5c6b903ff6055cdc007376c74dfa692c8d85ebc9',310020000,'1_mn6q3dS2EnDUx3bmyWc6D4szJNVGtaR7zc_mnfAHmddVibnZNSkh8DvKaQoiEfNsxjXzH_mtQheFaSfWELRB2MyMBaiWjdDm6ux9Ezns_3','',0,2400,X'0000001E52BB33C94000000000000000004C4B4009556E69742054657374',1,' 02cb97e41f36da35b5da7e22c046cb9cd17dffb67e729e902c58eda03b3f45ba:0 2 ',NULL);
INSERT INTO transactions VALUES(22,'e5ff5c4561c518ac057cd0f430806ec9b7020c83c869ecf9ee1b4423ef74e944',310021,'7c2460bb32c5749c856486393239bf7a0ac789587ac71f32e7237910da8097f2',310021000,'1_mn6q3dS2EnDUx3bmyWc6D4szJNVGtaR7zc_mnfAHmddVibnZNSkh8DvKaQoiEfNsxjXzH_mtQheFaSfWELRB2MyMBaiWjdDm6ux9Ezns_3','',0,2400,X'0000000A00000000000047670000000002FAF08000000000000000010000000002FAF080000A0000000000000000',1,' fdfdac225bece980d6ef209289b5edd91292dd4aaf37e927e827d8c76948ebc9:0 2 ',NULL);
INSERT INTO transactions VALUES(23,'e1e8b29eb0159083434c18a32e7d43eb86a31746f2a8cf1831ba75b080e4d148',310022,'44435f9a99a0aa12a9bfabdc4cb8119f6ea6a6e1350d2d65445fb66a456db5fc',310022000,'1_mn6q3dS2EnDUx3bmyWc6D4szJNVGtaR7zc_mnfAHmddVibnZNSkh8DvKaQoiEfNsxjXzH_mtQheFaSfWELRB2MyMBaiWjdDm6ux9Ezns_3','mvCounterpartyXXXXXXXXXXXXXXW24Hef',100000000,1260,X'',1,' 9f1c9f01b5f75cc733ad5ae97a4080bfb5f2d4ec91714a4b86de2e47b1e7954d:0 2 ',NULL);
INSERT INTO transactions VALUES(24,'3251d12812dd57c1ed9edfb3250d9c67542a3600475324b8de11a596008c9a1a',310023,'d8cf5bec1bbcab8ca4f495352afde3b6572b7e1d61b3976872ebb8e9d30ccb08',310023000,'1_mn6q3dS2EnDUx3bmyWc6D4szJNVGtaR7zc_mnfAHmddVibnZNSkh8DvKaQoiEfNsxjXzH_mtQheFaSfWELRB2MyMBaiWjdDm6ux9Ezns_3','1_mn6q3dS2EnDUx3bmyWc6D4szJNVGtaR7zc_mnfAHmddVibnZNSkh8DvKaQoiEfNsxjXzH_mqPCfvqTfYctXMUfmniXeG2nyaN8w6tPmj_3',1000,3600,X'0000000000000000000047680000000000002710',1,' a18d35834c7300e075f01525daee6ef7bb4c7303eabdf6bc5f4a86c623b9ca64:0 3 ',NULL);
-- Triggers and indices on  transactions
CREATE INDEX transactions_block_index_idx ON transactions (block_index);
CREATE INDEX transactions_block_index_tx_index_idx ON transactions (block_index, tx_index);
CREATE INDEX transactions_source_idx ON transactions (source);
CREATE INDEX transactions_transaction_type_idx ON transactions (transaction_type);
CREATE INDEX transactions_tx_hash_idx ON transactions (tx_hash);
CREATE INDEX transactions_tx_index_idx ON transactions (tx_index);
CREATE INDEX transactions_tx_index_tx_hash_block_index_idx ON transactions (tx_index, tx_hash, block_index);

COMMIT TRANSACTION;
PRAGMA page_size=4096;
-- PRAGMA encoding='UTF-8';
-- PRAGMA auto_vacuum=FULL;
-- PRAGMA max_page_count=4294967294;

BEGIN TRANSACTION;

-- Table  transaction_outputs
DROP TABLE IF EXISTS transaction_outputs;
CREATE TABLE transaction_outputs(
                        tx_index,
                        tx_hash TEXT,
                        block_index INTEGER,
                        out_index INTEGER,
                        destination TEXT,
                        btc_amount INTEGER,
                        PRIMARY KEY (tx_hash, out_index),
                        FOREIGN KEY (tx_index, tx_hash, block_index) REFERENCES transactions(tx_index, tx_hash, block_index));

COMMIT TRANSACTION;
PRAGMA page_size=4096;
-- PRAGMA encoding='UTF-8';
-- PRAGMA auto_vacuum=FULL;
-- PRAGMA max_page_count=4294967294;

BEGIN TRANSACTION;

-- Table  balances
DROP TABLE IF EXISTS balances;
CREATE TABLE balances(
                      address TEXT,
                      asset TEXT,
                      quantity INTEGER, block_index INTEGER, tx_index INTEGER, utxo TEXT, utxo_address TEXT);
INSERT INTO balances VALUES('1_mn6q3dS2EnDUx3bmyWc6D4szJNVGtaR7zc_mnfAHmddVibnZNSkh8DvKaQoiEfNsxjXzH_mtQheFaSfWELRB2MyMBaiWjdDm6ux9Ezns_3','XCP',93000000000,310000,1,NULL,NULL);
INSERT INTO balances VALUES('1_mn6q3dS2EnDUx3bmyWc6D4szJNVGtaR7zc_mnfAHmddVibnZNSkh8DvKaQoiEfNsxjXzH_mtQheFaSfWELRB2MyMBaiWjdDm6ux9Ezns_3','XCP',92950000000,310001,2,NULL,NULL);
INSERT INTO balances VALUES('1_mn6q3dS2EnDUx3bmyWc6D4szJNVGtaR7zc_mnfAHmddVibnZNSkh8DvKaQoiEfNsxjXzH_mqPCfvqTfYctXMUfmniXeG2nyaN8w6tPmj_3','XCP',50000000,310001,2,NULL,NULL);
INSERT INTO balances VALUES('1_mn6q3dS2EnDUx3bmyWc6D4szJNVGtaR7zc_mnfAHmddVibnZNSkh8DvKaQoiEfNsxjXzH_mtQheFaSfWELRB2MyMBaiWjdDm6ux9Ezns_3','XCP',92845000000,310003,4,NULL,NULL);
INSERT INTO balances VALUES('1_mn6q3dS2EnDUx3bmyWc6D4szJNVGtaR7zc_mnfAHmddVibnZNSkh8DvKaQoiEfNsxjXzH_mtQheFaSfWELRB2MyMBaiWjdDm6ux9Ezns_3','XCP',92945000000,310004,5,NULL,NULL);
INSERT INTO balances VALUES('1_mn6q3dS2EnDUx3bmyWc6D4szJNVGtaR7zc_mnfAHmddVibnZNSkh8DvKaQoiEfNsxjXzH_mtQheFaSfWELRB2MyMBaiWjdDm6ux9Ezns_3','XCP',92895000000,310005,6,NULL,NULL);
INSERT INTO balances VALUES('1_mn6q3dS2EnDUx3bmyWc6D4szJNVGtaR7zc_mnfAHmddVibnZNSkh8DvKaQoiEfNsxjXzH_mtQheFaSfWELRB2MyMBaiWjdDm6ux9Ezns_3','BBBB',1000000000,310005,6,NULL,NULL);
INSERT INTO balances VALUES('1_mn6q3dS2EnDUx3bmyWc6D4szJNVGtaR7zc_mnfAHmddVibnZNSkh8DvKaQoiEfNsxjXzH_mtQheFaSfWELRB2MyMBaiWjdDm6ux9Ezns_3','XCP',92845000000,310006,7,NULL,NULL);
INSERT INTO balances VALUES('1_mn6q3dS2EnDUx3bmyWc6D4szJNVGtaR7zc_mnfAHmddVibnZNSkh8DvKaQoiEfNsxjXzH_mtQheFaSfWELRB2MyMBaiWjdDm6ux9Ezns_3','BBBC',100000,310006,7,NULL,NULL);
INSERT INTO balances VALUES('1_mn6q3dS2EnDUx3bmyWc6D4szJNVGtaR7zc_mnfAHmddVibnZNSkh8DvKaQoiEfNsxjXzH_mtQheFaSfWELRB2MyMBaiWjdDm6ux9Ezns_3','BBBB',996000000,310007,8,NULL,NULL);
INSERT INTO balances VALUES('1_mn6q3dS2EnDUx3bmyWc6D4szJNVGtaR7zc_mnfAHmddVibnZNSkh8DvKaQoiEfNsxjXzH_mqPCfvqTfYctXMUfmniXeG2nyaN8w6tPmj_3','BBBB',4000000,310007,8,NULL,NULL);
INSERT INTO balances VALUES('1_mn6q3dS2EnDUx3bmyWc6D4szJNVGtaR7zc_mnfAHmddVibnZNSkh8DvKaQoiEfNsxjXzH_mtQheFaSfWELRB2MyMBaiWjdDm6ux9Ezns_3','BBBC',99474,310008,9,NULL,NULL);
INSERT INTO balances VALUES('1_mn6q3dS2EnDUx3bmyWc6D4szJNVGtaR7zc_mnfAHmddVibnZNSkh8DvKaQoiEfNsxjXzH_mqPCfvqTfYctXMUfmniXeG2nyaN8w6tPmj_3','BBBC',526,310008,9,NULL,NULL);
INSERT INTO balances VALUES('1_mn6q3dS2EnDUx3bmyWc6D4szJNVGtaR7zc_mnfAHmddVibnZNSkh8DvKaQoiEfNsxjXzH_mtQheFaSfWELRB2MyMBaiWjdDm6ux9Ezns_3','XCP',92844999976,310009,10,NULL,NULL);
INSERT INTO balances VALUES('1_mn6q3dS2EnDUx3bmyWc6D4szJNVGtaR7zc_mnfAHmddVibnZNSkh8DvKaQoiEfNsxjXzH_mtQheFaSfWELRB2MyMBaiWjdDm6ux9Ezns_3','XCP',92844979976,310009,10,NULL,NULL);
INSERT INTO balances VALUES('1_mn6q3dS2EnDUx3bmyWc6D4szJNVGtaR7zc_mnfAHmddVibnZNSkh8DvKaQoiEfNsxjXzH_mqPCfvqTfYctXMUfmniXeG2nyaN8w6tPmj_3','XCP',50000024,310009,10,NULL,NULL);
INSERT INTO balances VALUES('1_mn6q3dS2EnDUx3bmyWc6D4szJNVGtaR7zc_mnfAHmddVibnZNSkh8DvKaQoiEfNsxjXzH_mtQheFaSfWELRB2MyMBaiWjdDm6ux9Ezns_3','XCP',92844559176,310010,11,NULL,NULL);
INSERT INTO balances VALUES('1_mn6q3dS2EnDUx3bmyWc6D4szJNVGtaR7zc_mnfAHmddVibnZNSkh8DvKaQoiEfNsxjXzH_mtQheFaSfWELRB2MyMBaiWjdDm6ux9Ezns_3','XCP',92844539176,310010,11,NULL,NULL);
INSERT INTO balances VALUES('1_mn6q3dS2EnDUx3bmyWc6D4szJNVGtaR7zc_mnfAHmddVibnZNSkh8DvKaQoiEfNsxjXzH_mqPCfvqTfYctXMUfmniXeG2nyaN8w6tPmj_3','XCP',50420824,310010,11,NULL,NULL);
INSERT INTO balances VALUES('1_mn6q3dS2EnDUx3bmyWc6D4szJNVGtaR7zc_mnfAHmddVibnZNSkh8DvKaQoiEfNsxjXzH_mtQheFaSfWELRB2MyMBaiWjdDm6ux9Ezns_3','XCP',92794539176,310012,13,NULL,NULL);
INSERT INTO balances VALUES('1_mn6q3dS2EnDUx3bmyWc6D4szJNVGtaR7zc_mnfAHmddVibnZNSkh8DvKaQoiEfNsxjXzH_mtQheFaSfWELRB2MyMBaiWjdDm6ux9Ezns_3','XCP',92769539176,310013,14,NULL,NULL);
INSERT INTO balances VALUES('1_mn6q3dS2EnDUx3bmyWc6D4szJNVGtaR7zc_mnfAHmddVibnZNSkh8DvKaQoiEfNsxjXzH_mtQheFaSfWELRB2MyMBaiWjdDm6ux9Ezns_3','XCP',92773789176,310013,14,NULL,NULL);
INSERT INTO balances VALUES('1_mn6q3dS2EnDUx3bmyWc6D4szJNVGtaR7zc_mnfAHmddVibnZNSkh8DvKaQoiEfNsxjXzH_mtQheFaSfWELRB2MyMBaiWjdDm6ux9Ezns_3','XCP',92778789176,310014,0,NULL,NULL);
INSERT INTO balances VALUES('1_mn6q3dS2EnDUx3bmyWc6D4szJNVGtaR7zc_mnfAHmddVibnZNSkh8DvKaQoiEfNsxjXzH_mtQheFaSfWELRB2MyMBaiWjdDm6ux9Ezns_3','XCP',92628789176,310014,15,NULL,NULL);
INSERT INTO balances VALUES('1_mn6q3dS2EnDUx3bmyWc6D4szJNVGtaR7zc_mnfAHmddVibnZNSkh8DvKaQoiEfNsxjXzH_mtQheFaSfWELRB2MyMBaiWjdDm6ux9Ezns_3','XCP',92278789176,310015,16,NULL,NULL);
INSERT INTO balances VALUES('1_mn6q3dS2EnDUx3bmyWc6D4szJNVGtaR7zc_mnfAHmddVibnZNSkh8DvKaQoiEfNsxjXzH_mtQheFaSfWELRB2MyMBaiWjdDm6ux9Ezns_3','XCP',92278789176,310015,16,NULL,NULL);
INSERT INTO balances VALUES('1_mn6q3dS2EnDUx3bmyWc6D4szJNVGtaR7zc_mnfAHmddVibnZNSkh8DvKaQoiEfNsxjXzH_mtQheFaSfWELRB2MyMBaiWjdDm6ux9Ezns_3','XCP',92278789176,310015,16,NULL,NULL);
INSERT INTO balances VALUES('1_mn6q3dS2EnDUx3bmyWc6D4szJNVGtaR7zc_mnfAHmddVibnZNSkh8DvKaQoiEfNsxjXzH_mtQheFaSfWELRB2MyMBaiWjdDm6ux9Ezns_3','XCP',91528789176,310016,17,NULL,NULL);
INSERT INTO balances VALUES('1_mn6q3dS2EnDUx3bmyWc6D4szJNVGtaR7zc_mnfAHmddVibnZNSkh8DvKaQoiEfNsxjXzH_mtQheFaSfWELRB2MyMBaiWjdDm6ux9Ezns_3','XCP',90878789176,310017,18,NULL,NULL);
INSERT INTO balances VALUES('1_mn6q3dS2EnDUx3bmyWc6D4szJNVGtaR7zc_mnfAHmddVibnZNSkh8DvKaQoiEfNsxjXzH_mtQheFaSfWELRB2MyMBaiWjdDm6ux9Ezns_3','XCP',90878789176,310017,18,NULL,NULL);
INSERT INTO balances VALUES('1_mn6q3dS2EnDUx3bmyWc6D4szJNVGtaR7zc_mnfAHmddVibnZNSkh8DvKaQoiEfNsxjXzH_mtQheFaSfWELRB2MyMBaiWjdDm6ux9Ezns_3','XCP',90878789176,310017,18,NULL,NULL);
INSERT INTO balances VALUES('1_mn6q3dS2EnDUx3bmyWc6D4szJNVGtaR7zc_mnfAHmddVibnZNSkh8DvKaQoiEfNsxjXzH_mtQheFaSfWELRB2MyMBaiWjdDm6ux9Ezns_3','XCP',90937926676,310018,19,NULL,NULL);
INSERT INTO balances VALUES('1_mn6q3dS2EnDUx3bmyWc6D4szJNVGtaR7zc_mnfAHmddVibnZNSkh8DvKaQoiEfNsxjXzH_mtQheFaSfWELRB2MyMBaiWjdDm6ux9Ezns_3','XCP',90941039176,310018,19,NULL,NULL);
INSERT INTO balances VALUES('1_mn6q3dS2EnDUx3bmyWc6D4szJNVGtaR7zc_mnfAHmddVibnZNSkh8DvKaQoiEfNsxjXzH_mtQheFaSfWELRB2MyMBaiWjdDm6ux9Ezns_3','XCP',91100339176,310019,20,NULL,NULL);
INSERT INTO balances VALUES('1_mn6q3dS2EnDUx3bmyWc6D4szJNVGtaR7zc_mnfAHmddVibnZNSkh8DvKaQoiEfNsxjXzH_mtQheFaSfWELRB2MyMBaiWjdDm6ux9Ezns_3','XCP',91416039176,310019,20,NULL,NULL);
INSERT INTO balances VALUES('1_mn6q3dS2EnDUx3bmyWc6D4szJNVGtaR7zc_mnfAHmddVibnZNSkh8DvKaQoiEfNsxjXzH_mtQheFaSfWELRB2MyMBaiWjdDm6ux9Ezns_3','XCP',91441039176,310019,20,NULL,NULL);
INSERT INTO balances VALUES('1_mn6q3dS2EnDUx3bmyWc6D4szJNVGtaR7zc_mnfAHmddVibnZNSkh8DvKaQoiEfNsxjXzH_mtQheFaSfWELRB2MyMBaiWjdDm6ux9Ezns_3','XCP',92771039176,310020,21,NULL,NULL);
INSERT INTO balances VALUES('1_mn6q3dS2EnDUx3bmyWc6D4szJNVGtaR7zc_mnfAHmddVibnZNSkh8DvKaQoiEfNsxjXzH_mtQheFaSfWELRB2MyMBaiWjdDm6ux9Ezns_3','XCP',92841039176,310020,21,NULL,NULL);
INSERT INTO balances VALUES('1_mn6q3dS2EnDUx3bmyWc6D4szJNVGtaR7zc_mnfAHmddVibnZNSkh8DvKaQoiEfNsxjXzH_mtQheFaSfWELRB2MyMBaiWjdDm6ux9Ezns_3','BBBB',946000000,310021,22,NULL,NULL);
INSERT INTO balances VALUES('1_mn6q3dS2EnDUx3bmyWc6D4szJNVGtaR7zc_mnfAHmddVibnZNSkh8DvKaQoiEfNsxjXzH_mtQheFaSfWELRB2MyMBaiWjdDm6ux9Ezns_3','XCP',149840926438,310022,23,NULL,NULL);
INSERT INTO balances VALUES('1_mn6q3dS2EnDUx3bmyWc6D4szJNVGtaR7zc_mnfAHmddVibnZNSkh8DvKaQoiEfNsxjXzH_mtQheFaSfWELRB2MyMBaiWjdDm6ux9Ezns_3','XCP',149849426438,310023,0,NULL,NULL);
INSERT INTO balances VALUES('1_mn6q3dS2EnDUx3bmyWc6D4szJNVGtaR7zc_mnfAHmddVibnZNSkh8DvKaQoiEfNsxjXzH_mtQheFaSfWELRB2MyMBaiWjdDm6ux9Ezns_3','BBBC',89474,310023,24,NULL,NULL);
INSERT INTO balances VALUES('1_mn6q3dS2EnDUx3bmyWc6D4szJNVGtaR7zc_mnfAHmddVibnZNSkh8DvKaQoiEfNsxjXzH_mqPCfvqTfYctXMUfmniXeG2nyaN8w6tPmj_3','BBBC',10526,310023,24,NULL,NULL);
INSERT INTO balances VALUES('1_mn6q3dS2EnDUx3bmyWc6D4szJNVGtaR7zc_mnfAHmddVibnZNSkh8DvKaQoiEfNsxjXzH_mtQheFaSfWELRB2MyMBaiWjdDm6ux9Ezns_3','BBBB',996000000,310032,0,NULL,NULL);
-- Triggers and indices on  balances
CREATE INDEX balances_address_asset_idx ON balances (address, asset);
CREATE INDEX balances_address_idx ON balances (address);
CREATE INDEX balances_address_utxo_asset_idx ON balances (address, utxo, asset);
CREATE INDEX balances_asset_idx ON balances (asset);
CREATE INDEX balances_block_index_idx ON balances (block_index);
CREATE INDEX balances_quantity_idx ON balances (quantity);
CREATE INDEX balances_utxo_address_idx ON balances (utxo_address);
CREATE INDEX balances_utxo_asset_idx ON balances (utxo, asset);
CREATE INDEX balances_utxo_idx ON balances (utxo);
CREATE TRIGGER block_update_balances
                           BEFORE UPDATE ON balances BEGIN
                               SELECT RAISE(FAIL, "UPDATES NOT ALLOWED");
                           END;

COMMIT TRANSACTION;
PRAGMA page_size=4096;
-- PRAGMA encoding='UTF-8';
-- PRAGMA auto_vacuum=FULL;
-- PRAGMA max_page_count=4294967294;

BEGIN TRANSACTION;

-- Table  config
DROP TABLE IF EXISTS config;
CREATE TABLE config (
            name TEXT PRIMARY KEY,
            value TEXT
        );
-- Triggers and indices on  config
CREATE INDEX config_config_name_idx ON config (name);

COMMIT TRANSACTION;
PRAGMA page_size=4096;
-- PRAGMA encoding='UTF-8';
-- PRAGMA auto_vacuum=FULL;
-- PRAGMA max_page_count=4294967294;

BEGIN TRANSACTION;

-- Table  balances
DROP TABLE IF EXISTS balances;
CREATE TABLE balances(
                      address TEXT,
                      asset TEXT,
                      quantity INTEGER, block_index INTEGER, tx_index INTEGER, utxo TEXT, utxo_address TEXT);
INSERT INTO balances VALUES('1_mn6q3dS2EnDUx3bmyWc6D4szJNVGtaR7zc_mnfAHmddVibnZNSkh8DvKaQoiEfNsxjXzH_mtQheFaSfWELRB2MyMBaiWjdDm6ux9Ezns_3','XCP',93000000000,310000,1,NULL,NULL);
INSERT INTO balances VALUES('1_mn6q3dS2EnDUx3bmyWc6D4szJNVGtaR7zc_mnfAHmddVibnZNSkh8DvKaQoiEfNsxjXzH_mtQheFaSfWELRB2MyMBaiWjdDm6ux9Ezns_3','XCP',92950000000,310001,2,NULL,NULL);
INSERT INTO balances VALUES('1_mn6q3dS2EnDUx3bmyWc6D4szJNVGtaR7zc_mnfAHmddVibnZNSkh8DvKaQoiEfNsxjXzH_mqPCfvqTfYctXMUfmniXeG2nyaN8w6tPmj_3','XCP',50000000,310001,2,NULL,NULL);
INSERT INTO balances VALUES('1_mn6q3dS2EnDUx3bmyWc6D4szJNVGtaR7zc_mnfAHmddVibnZNSkh8DvKaQoiEfNsxjXzH_mtQheFaSfWELRB2MyMBaiWjdDm6ux9Ezns_3','XCP',92845000000,310003,4,NULL,NULL);
INSERT INTO balances VALUES('1_mn6q3dS2EnDUx3bmyWc6D4szJNVGtaR7zc_mnfAHmddVibnZNSkh8DvKaQoiEfNsxjXzH_mtQheFaSfWELRB2MyMBaiWjdDm6ux9Ezns_3','XCP',92945000000,310004,5,NULL,NULL);
INSERT INTO balances VALUES('1_mn6q3dS2EnDUx3bmyWc6D4szJNVGtaR7zc_mnfAHmddVibnZNSkh8DvKaQoiEfNsxjXzH_mtQheFaSfWELRB2MyMBaiWjdDm6ux9Ezns_3','XCP',92895000000,310005,6,NULL,NULL);
INSERT INTO balances VALUES('1_mn6q3dS2EnDUx3bmyWc6D4szJNVGtaR7zc_mnfAHmddVibnZNSkh8DvKaQoiEfNsxjXzH_mtQheFaSfWELRB2MyMBaiWjdDm6ux9Ezns_3','BBBB',1000000000,310005,6,NULL,NULL);
INSERT INTO balances VALUES('1_mn6q3dS2EnDUx3bmyWc6D4szJNVGtaR7zc_mnfAHmddVibnZNSkh8DvKaQoiEfNsxjXzH_mtQheFaSfWELRB2MyMBaiWjdDm6ux9Ezns_3','XCP',92845000000,310006,7,NULL,NULL);
INSERT INTO balances VALUES('1_mn6q3dS2EnDUx3bmyWc6D4szJNVGtaR7zc_mnfAHmddVibnZNSkh8DvKaQoiEfNsxjXzH_mtQheFaSfWELRB2MyMBaiWjdDm6ux9Ezns_3','BBBC',100000,310006,7,NULL,NULL);
INSERT INTO balances VALUES('1_mn6q3dS2EnDUx3bmyWc6D4szJNVGtaR7zc_mnfAHmddVibnZNSkh8DvKaQoiEfNsxjXzH_mtQheFaSfWELRB2MyMBaiWjdDm6ux9Ezns_3','BBBB',996000000,310007,8,NULL,NULL);
INSERT INTO balances VALUES('1_mn6q3dS2EnDUx3bmyWc6D4szJNVGtaR7zc_mnfAHmddVibnZNSkh8DvKaQoiEfNsxjXzH_mqPCfvqTfYctXMUfmniXeG2nyaN8w6tPmj_3','BBBB',4000000,310007,8,NULL,NULL);
INSERT INTO balances VALUES('1_mn6q3dS2EnDUx3bmyWc6D4szJNVGtaR7zc_mnfAHmddVibnZNSkh8DvKaQoiEfNsxjXzH_mtQheFaSfWELRB2MyMBaiWjdDm6ux9Ezns_3','BBBC',99474,310008,9,NULL,NULL);
INSERT INTO balances VALUES('1_mn6q3dS2EnDUx3bmyWc6D4szJNVGtaR7zc_mnfAHmddVibnZNSkh8DvKaQoiEfNsxjXzH_mqPCfvqTfYctXMUfmniXeG2nyaN8w6tPmj_3','BBBC',526,310008,9,NULL,NULL);
INSERT INTO balances VALUES('1_mn6q3dS2EnDUx3bmyWc6D4szJNVGtaR7zc_mnfAHmddVibnZNSkh8DvKaQoiEfNsxjXzH_mtQheFaSfWELRB2MyMBaiWjdDm6ux9Ezns_3','XCP',92844999976,310009,10,NULL,NULL);
INSERT INTO balances VALUES('1_mn6q3dS2EnDUx3bmyWc6D4szJNVGtaR7zc_mnfAHmddVibnZNSkh8DvKaQoiEfNsxjXzH_mtQheFaSfWELRB2MyMBaiWjdDm6ux9Ezns_3','XCP',92844979976,310009,10,NULL,NULL);
INSERT INTO balances VALUES('1_mn6q3dS2EnDUx3bmyWc6D4szJNVGtaR7zc_mnfAHmddVibnZNSkh8DvKaQoiEfNsxjXzH_mqPCfvqTfYctXMUfmniXeG2nyaN8w6tPmj_3','XCP',50000024,310009,10,NULL,NULL);
INSERT INTO balances VALUES('1_mn6q3dS2EnDUx3bmyWc6D4szJNVGtaR7zc_mnfAHmddVibnZNSkh8DvKaQoiEfNsxjXzH_mtQheFaSfWELRB2MyMBaiWjdDm6ux9Ezns_3','XCP',92844559176,310010,11,NULL,NULL);
INSERT INTO balances VALUES('1_mn6q3dS2EnDUx3bmyWc6D4szJNVGtaR7zc_mnfAHmddVibnZNSkh8DvKaQoiEfNsxjXzH_mtQheFaSfWELRB2MyMBaiWjdDm6ux9Ezns_3','XCP',92844539176,310010,11,NULL,NULL);
INSERT INTO balances VALUES('1_mn6q3dS2EnDUx3bmyWc6D4szJNVGtaR7zc_mnfAHmddVibnZNSkh8DvKaQoiEfNsxjXzH_mqPCfvqTfYctXMUfmniXeG2nyaN8w6tPmj_3','XCP',50420824,310010,11,NULL,NULL);
INSERT INTO balances VALUES('1_mn6q3dS2EnDUx3bmyWc6D4szJNVGtaR7zc_mnfAHmddVibnZNSkh8DvKaQoiEfNsxjXzH_mtQheFaSfWELRB2MyMBaiWjdDm6ux9Ezns_3','XCP',92794539176,310012,13,NULL,NULL);
INSERT INTO balances VALUES('1_mn6q3dS2EnDUx3bmyWc6D4szJNVGtaR7zc_mnfAHmddVibnZNSkh8DvKaQoiEfNsxjXzH_mtQheFaSfWELRB2MyMBaiWjdDm6ux9Ezns_3','XCP',92769539176,310013,14,NULL,NULL);
INSERT INTO balances VALUES('1_mn6q3dS2EnDUx3bmyWc6D4szJNVGtaR7zc_mnfAHmddVibnZNSkh8DvKaQoiEfNsxjXzH_mtQheFaSfWELRB2MyMBaiWjdDm6ux9Ezns_3','XCP',92773789176,310013,14,NULL,NULL);
INSERT INTO balances VALUES('1_mn6q3dS2EnDUx3bmyWc6D4szJNVGtaR7zc_mnfAHmddVibnZNSkh8DvKaQoiEfNsxjXzH_mtQheFaSfWELRB2MyMBaiWjdDm6ux9Ezns_3','XCP',92778789176,310014,0,NULL,NULL);
INSERT INTO balances VALUES('1_mn6q3dS2EnDUx3bmyWc6D4szJNVGtaR7zc_mnfAHmddVibnZNSkh8DvKaQoiEfNsxjXzH_mtQheFaSfWELRB2MyMBaiWjdDm6ux9Ezns_3','XCP',92628789176,310014,15,NULL,NULL);
INSERT INTO balances VALUES('1_mn6q3dS2EnDUx3bmyWc6D4szJNVGtaR7zc_mnfAHmddVibnZNSkh8DvKaQoiEfNsxjXzH_mtQheFaSfWELRB2MyMBaiWjdDm6ux9Ezns_3','XCP',92278789176,310015,16,NULL,NULL);
INSERT INTO balances VALUES('1_mn6q3dS2EnDUx3bmyWc6D4szJNVGtaR7zc_mnfAHmddVibnZNSkh8DvKaQoiEfNsxjXzH_mtQheFaSfWELRB2MyMBaiWjdDm6ux9Ezns_3','XCP',92278789176,310015,16,NULL,NULL);
INSERT INTO balances VALUES('1_mn6q3dS2EnDUx3bmyWc6D4szJNVGtaR7zc_mnfAHmddVibnZNSkh8DvKaQoiEfNsxjXzH_mtQheFaSfWELRB2MyMBaiWjdDm6ux9Ezns_3','XCP',92278789176,310015,16,NULL,NULL);
INSERT INTO balances VALUES('1_mn6q3dS2EnDUx3bmyWc6D4szJNVGtaR7zc_mnfAHmddVibnZNSkh8DvKaQoiEfNsxjXzH_mtQheFaSfWELRB2MyMBaiWjdDm6ux9Ezns_3','XCP',91528789176,310016,17,NULL,NULL);
INSERT INTO balances VALUES('1_mn6q3dS2EnDUx3bmyWc6D4szJNVGtaR7zc_mnfAHmddVibnZNSkh8DvKaQoiEfNsxjXzH_mtQheFaSfWELRB2MyMBaiWjdDm6ux9Ezns_3','XCP',90878789176,310017,18,NULL,NULL);
INSERT INTO balances VALUES('1_mn6q3dS2EnDUx3bmyWc6D4szJNVGtaR7zc_mnfAHmddVibnZNSkh8DvKaQoiEfNsxjXzH_mtQheFaSfWELRB2MyMBaiWjdDm6ux9Ezns_3','XCP',90878789176,310017,18,NULL,NULL);
INSERT INTO balances VALUES('1_mn6q3dS2EnDUx3bmyWc6D4szJNVGtaR7zc_mnfAHmddVibnZNSkh8DvKaQoiEfNsxjXzH_mtQheFaSfWELRB2MyMBaiWjdDm6ux9Ezns_3','XCP',90878789176,310017,18,NULL,NULL);
INSERT INTO balances VALUES('1_mn6q3dS2EnDUx3bmyWc6D4szJNVGtaR7zc_mnfAHmddVibnZNSkh8DvKaQoiEfNsxjXzH_mtQheFaSfWELRB2MyMBaiWjdDm6ux9Ezns_3','XCP',90937926676,310018,19,NULL,NULL);
INSERT INTO balances VALUES('1_mn6q3dS2EnDUx3bmyWc6D4szJNVGtaR7zc_mnfAHmddVibnZNSkh8DvKaQoiEfNsxjXzH_mtQheFaSfWELRB2MyMBaiWjdDm6ux9Ezns_3','XCP',90941039176,310018,19,NULL,NULL);
INSERT INTO balances VALUES('1_mn6q3dS2EnDUx3bmyWc6D4szJNVGtaR7zc_mnfAHmddVibnZNSkh8DvKaQoiEfNsxjXzH_mtQheFaSfWELRB2MyMBaiWjdDm6ux9Ezns_3','XCP',91100339176,310019,20,NULL,NULL);
INSERT INTO balances VALUES('1_mn6q3dS2EnDUx3bmyWc6D4szJNVGtaR7zc_mnfAHmddVibnZNSkh8DvKaQoiEfNsxjXzH_mtQheFaSfWELRB2MyMBaiWjdDm6ux9Ezns_3','XCP',91416039176,310019,20,NULL,NULL);
INSERT INTO balances VALUES('1_mn6q3dS2EnDUx3bmyWc6D4szJNVGtaR7zc_mnfAHmddVibnZNSkh8DvKaQoiEfNsxjXzH_mtQheFaSfWELRB2MyMBaiWjdDm6ux9Ezns_3','XCP',91441039176,310019,20,NULL,NULL);
INSERT INTO balances VALUES('1_mn6q3dS2EnDUx3bmyWc6D4szJNVGtaR7zc_mnfAHmddVibnZNSkh8DvKaQoiEfNsxjXzH_mtQheFaSfWELRB2MyMBaiWjdDm6ux9Ezns_3','XCP',92771039176,310020,21,NULL,NULL);
INSERT INTO balances VALUES('1_mn6q3dS2EnDUx3bmyWc6D4szJNVGtaR7zc_mnfAHmddVibnZNSkh8DvKaQoiEfNsxjXzH_mtQheFaSfWELRB2MyMBaiWjdDm6ux9Ezns_3','XCP',92841039176,310020,21,NULL,NULL);
INSERT INTO balances VALUES('1_mn6q3dS2EnDUx3bmyWc6D4szJNVGtaR7zc_mnfAHmddVibnZNSkh8DvKaQoiEfNsxjXzH_mtQheFaSfWELRB2MyMBaiWjdDm6ux9Ezns_3','BBBB',946000000,310021,22,NULL,NULL);
INSERT INTO balances VALUES('1_mn6q3dS2EnDUx3bmyWc6D4szJNVGtaR7zc_mnfAHmddVibnZNSkh8DvKaQoiEfNsxjXzH_mtQheFaSfWELRB2MyMBaiWjdDm6ux9Ezns_3','XCP',149840926438,310022,23,NULL,NULL);
INSERT INTO balances VALUES('1_mn6q3dS2EnDUx3bmyWc6D4szJNVGtaR7zc_mnfAHmddVibnZNSkh8DvKaQoiEfNsxjXzH_mtQheFaSfWELRB2MyMBaiWjdDm6ux9Ezns_3','XCP',149849426438,310023,0,NULL,NULL);
INSERT INTO balances VALUES('1_mn6q3dS2EnDUx3bmyWc6D4szJNVGtaR7zc_mnfAHmddVibnZNSkh8DvKaQoiEfNsxjXzH_mtQheFaSfWELRB2MyMBaiWjdDm6ux9Ezns_3','BBBC',89474,310023,24,NULL,NULL);
INSERT INTO balances VALUES('1_mn6q3dS2EnDUx3bmyWc6D4szJNVGtaR7zc_mnfAHmddVibnZNSkh8DvKaQoiEfNsxjXzH_mqPCfvqTfYctXMUfmniXeG2nyaN8w6tPmj_3','BBBC',10526,310023,24,NULL,NULL);
INSERT INTO balances VALUES('1_mn6q3dS2EnDUx3bmyWc6D4szJNVGtaR7zc_mnfAHmddVibnZNSkh8DvKaQoiEfNsxjXzH_mtQheFaSfWELRB2MyMBaiWjdDm6ux9Ezns_3','BBBB',996000000,310032,0,NULL,NULL);
-- Triggers and indices on  balances
CREATE INDEX balances_address_asset_idx ON balances (address, asset);
CREATE INDEX balances_address_idx ON balances (address);
CREATE INDEX balances_address_utxo_asset_idx ON balances (address, utxo, asset);
CREATE INDEX balances_asset_idx ON balances (asset);
CREATE INDEX balances_block_index_idx ON balances (block_index);
CREATE INDEX balances_quantity_idx ON balances (quantity);
CREATE INDEX balances_utxo_address_idx ON balances (utxo_address);
CREATE INDEX balances_utxo_asset_idx ON balances (utxo, asset);
CREATE INDEX balances_utxo_idx ON balances (utxo);
CREATE TRIGGER block_update_balances
                           BEFORE UPDATE ON balances BEGIN
                               SELECT RAISE(FAIL, "UPDATES NOT ALLOWED");
                           END;

COMMIT TRANSACTION;
PRAGMA page_size=4096;
-- PRAGMA encoding='UTF-8';
-- PRAGMA auto_vacuum=FULL;
-- PRAGMA max_page_count=4294967294;

BEGIN TRANSACTION;

-- Table  credits
DROP TABLE IF EXISTS credits;
CREATE TABLE credits(
                      block_index INTEGER,
                      address TEXT,
                      asset TEXT,
                      quantity INTEGER,
                      calling_function TEXT,
                      event TEXT, tx_index INTEGER, utxo TEXT, utxo_address TEXT,
                      FOREIGN KEY (block_index) REFERENCES blocks(block_index));
INSERT INTO credits VALUES(310000,'1_mn6q3dS2EnDUx3bmyWc6D4szJNVGtaR7zc_mnfAHmddVibnZNSkh8DvKaQoiEfNsxjXzH_mtQheFaSfWELRB2MyMBaiWjdDm6ux9Ezns_3','XCP',93000000000,'burn','2e60d82502c67b6f3af1c4018f8c11153b0205f1460cd78f83b7a38b3c5cb8ff',1,NULL,NULL);
INSERT INTO credits VALUES(310001,'1_mn6q3dS2EnDUx3bmyWc6D4szJNVGtaR7zc_mnfAHmddVibnZNSkh8DvKaQoiEfNsxjXzH_mqPCfvqTfYctXMUfmniXeG2nyaN8w6tPmj_3','XCP',50000000,'send','82c9695aa02426ab8128aa572c558392c21374bcb25116e560fbf9b9adb262b0',2,NULL,NULL);
INSERT INTO credits VALUES(310004,'1_mn6q3dS2EnDUx3bmyWc6D4szJNVGtaR7zc_mnfAHmddVibnZNSkh8DvKaQoiEfNsxjXzH_mtQheFaSfWELRB2MyMBaiWjdDm6ux9Ezns_3','XCP',100000000,'btcpay','046012990eb2653bde5792c5a08cd6b57859da0ec5877c3227c7eeeb5afb0e98',5,NULL,NULL);
INSERT INTO credits VALUES(310005,'1_mn6q3dS2EnDUx3bmyWc6D4szJNVGtaR7zc_mnfAHmddVibnZNSkh8DvKaQoiEfNsxjXzH_mtQheFaSfWELRB2MyMBaiWjdDm6ux9Ezns_3','BBBB',1000000000,'issuance','ecd4d713ab56cb35c33896d3cd3ed123d644d0eeaa9dab8abe271802af3f2f36',6,NULL,NULL);
INSERT INTO credits VALUES(310006,'1_mn6q3dS2EnDUx3bmyWc6D4szJNVGtaR7zc_mnfAHmddVibnZNSkh8DvKaQoiEfNsxjXzH_mtQheFaSfWELRB2MyMBaiWjdDm6ux9Ezns_3','BBBC',100000,'issuance','b8a83d834c54ef312dcd46909df7df6e178b9557eec46794a43ee7710a84e1cd',7,NULL,NULL);
INSERT INTO credits VALUES(310007,'1_mn6q3dS2EnDUx3bmyWc6D4szJNVGtaR7zc_mnfAHmddVibnZNSkh8DvKaQoiEfNsxjXzH_mqPCfvqTfYctXMUfmniXeG2nyaN8w6tPmj_3','BBBB',4000000,'send','6faca6c3ed0a650d40ee8afd78e722a1f7565ec5e13190dffdbb1575a6c21c76',8,NULL,NULL);
INSERT INTO credits VALUES(310008,'1_mn6q3dS2EnDUx3bmyWc6D4szJNVGtaR7zc_mnfAHmddVibnZNSkh8DvKaQoiEfNsxjXzH_mqPCfvqTfYctXMUfmniXeG2nyaN8w6tPmj_3','BBBC',526,'send','0f7aa52bcad72349993d73bd522734aedf93dc76a13666774cc7d2e8a367fb81',9,NULL,NULL);
INSERT INTO credits VALUES(310009,'1_mn6q3dS2EnDUx3bmyWc6D4szJNVGtaR7zc_mnfAHmddVibnZNSkh8DvKaQoiEfNsxjXzH_mqPCfvqTfYctXMUfmniXeG2nyaN8w6tPmj_3','XCP',24,'dividend','78391bc66d0d4554ed3bb24375b9cc0593a9769b5ec51fa17398003eaab15394',10,NULL,NULL);
INSERT INTO credits VALUES(310010,'1_mn6q3dS2EnDUx3bmyWc6D4szJNVGtaR7zc_mnfAHmddVibnZNSkh8DvKaQoiEfNsxjXzH_mqPCfvqTfYctXMUfmniXeG2nyaN8w6tPmj_3','XCP',420800,'dividend','1933feb21f90a7a03bdaccece69fa9a900a7c5703c94cf02841ff16bbafa8548',11,NULL,NULL);
INSERT INTO credits VALUES(310013,'1_mn6q3dS2EnDUx3bmyWc6D4szJNVGtaR7zc_mnfAHmddVibnZNSkh8DvKaQoiEfNsxjXzH_mtQheFaSfWELRB2MyMBaiWjdDm6ux9Ezns_3','XCP',4250000,'filled','57b85926acd997392661e36850b31261381fb912135159b532412d1584347fd2',14,NULL,NULL);
INSERT INTO credits VALUES(310014,'1_mn6q3dS2EnDUx3bmyWc6D4szJNVGtaR7zc_mnfAHmddVibnZNSkh8DvKaQoiEfNsxjXzH_mtQheFaSfWELRB2MyMBaiWjdDm6ux9Ezns_3','XCP',5000000,'cancel order','f392f7180c4e71a8de800832be946a2d9e86cedf73937031f8d92815ed06ab42',0,NULL,NULL);
INSERT INTO credits VALUES(310015,'1_mn6q3dS2EnDUx3bmyWc6D4szJNVGtaR7zc_mnfAHmddVibnZNSkh8DvKaQoiEfNsxjXzH_mtQheFaSfWELRB2MyMBaiWjdDm6ux9Ezns_3','XCP',0,'filled','954d3e77a103644dbff1113de23c1c53f6c4037cd8a3809799a3b55ca4ab9d1e',16,NULL,NULL);
INSERT INTO credits VALUES(310015,'1_mn6q3dS2EnDUx3bmyWc6D4szJNVGtaR7zc_mnfAHmddVibnZNSkh8DvKaQoiEfNsxjXzH_mtQheFaSfWELRB2MyMBaiWjdDm6ux9Ezns_3','XCP',0,'filled','954d3e77a103644dbff1113de23c1c53f6c4037cd8a3809799a3b55ca4ab9d1e',16,NULL,NULL);
INSERT INTO credits VALUES(310017,'1_mn6q3dS2EnDUx3bmyWc6D4szJNVGtaR7zc_mnfAHmddVibnZNSkh8DvKaQoiEfNsxjXzH_mtQheFaSfWELRB2MyMBaiWjdDm6ux9Ezns_3','XCP',0,'filled','484b6051771ba0d93664fd77e51c24e64b5a9676f2da4b6cf3530c2363be772a',18,NULL,NULL);
INSERT INTO credits VALUES(310017,'1_mn6q3dS2EnDUx3bmyWc6D4szJNVGtaR7zc_mnfAHmddVibnZNSkh8DvKaQoiEfNsxjXzH_mtQheFaSfWELRB2MyMBaiWjdDm6ux9Ezns_3','XCP',0,'filled','484b6051771ba0d93664fd77e51c24e64b5a9676f2da4b6cf3530c2363be772a',18,NULL,NULL);
INSERT INTO credits VALUES(310018,'1_mn6q3dS2EnDUx3bmyWc6D4szJNVGtaR7zc_mnfAHmddVibnZNSkh8DvKaQoiEfNsxjXzH_mtQheFaSfWELRB2MyMBaiWjdDm6ux9Ezns_3','XCP',59137500,'bet settled: liquidated for bear','160e27870a810a91442861c5007d858f12072c3fafe8605a7cbb3de9925bdfd9',19,NULL,NULL);
INSERT INTO credits VALUES(310018,'1_mn6q3dS2EnDUx3bmyWc6D4szJNVGtaR7zc_mnfAHmddVibnZNSkh8DvKaQoiEfNsxjXzH_mtQheFaSfWELRB2MyMBaiWjdDm6ux9Ezns_3','XCP',3112500,'feed fee','160e27870a810a91442861c5007d858f12072c3fafe8605a7cbb3de9925bdfd9',19,NULL,NULL);
INSERT INTO credits VALUES(310019,'1_mn6q3dS2EnDUx3bmyWc6D4szJNVGtaR7zc_mnfAHmddVibnZNSkh8DvKaQoiEfNsxjXzH_mtQheFaSfWELRB2MyMBaiWjdDm6ux9Ezns_3','XCP',159300000,'bet settled','8a0fcbc8028c6b6c315171040dd878997b2ba041261342dc012a5cee9941ad91',20,NULL,NULL);
INSERT INTO credits VALUES(310019,'1_mn6q3dS2EnDUx3bmyWc6D4szJNVGtaR7zc_mnfAHmddVibnZNSkh8DvKaQoiEfNsxjXzH_mtQheFaSfWELRB2MyMBaiWjdDm6ux9Ezns_3','XCP',315700000,'bet settled','8a0fcbc8028c6b6c315171040dd878997b2ba041261342dc012a5cee9941ad91',20,NULL,NULL);
INSERT INTO credits VALUES(310019,'1_mn6q3dS2EnDUx3bmyWc6D4szJNVGtaR7zc_mnfAHmddVibnZNSkh8DvKaQoiEfNsxjXzH_mtQheFaSfWELRB2MyMBaiWjdDm6ux9Ezns_3','XCP',25000000,'feed fee','8a0fcbc8028c6b6c315171040dd878997b2ba041261342dc012a5cee9941ad91',20,NULL,NULL);
INSERT INTO credits VALUES(310020,'1_mn6q3dS2EnDUx3bmyWc6D4szJNVGtaR7zc_mnfAHmddVibnZNSkh8DvKaQoiEfNsxjXzH_mtQheFaSfWELRB2MyMBaiWjdDm6ux9Ezns_3','XCP',1330000000,'bet settled: for notequal','21e783a1e27314d0b361a9dea430fc845aef83ffaabae48d9eb9e9fec9dbfc5b',21,NULL,NULL);
INSERT INTO credits VALUES(310020,'1_mn6q3dS2EnDUx3bmyWc6D4szJNVGtaR7zc_mnfAHmddVibnZNSkh8DvKaQoiEfNsxjXzH_mtQheFaSfWELRB2MyMBaiWjdDm6ux9Ezns_3','XCP',70000000,'feed fee','21e783a1e27314d0b361a9dea430fc845aef83ffaabae48d9eb9e9fec9dbfc5b',21,NULL,NULL);
INSERT INTO credits VALUES(310022,'1_mn6q3dS2EnDUx3bmyWc6D4szJNVGtaR7zc_mnfAHmddVibnZNSkh8DvKaQoiEfNsxjXzH_mtQheFaSfWELRB2MyMBaiWjdDm6ux9Ezns_3','XCP',56999887262,'burn','e1e8b29eb0159083434c18a32e7d43eb86a31746f2a8cf1831ba75b080e4d148',23,NULL,NULL);
INSERT INTO credits VALUES(310023,'1_mn6q3dS2EnDUx3bmyWc6D4szJNVGtaR7zc_mnfAHmddVibnZNSkh8DvKaQoiEfNsxjXzH_mtQheFaSfWELRB2MyMBaiWjdDm6ux9Ezns_3','XCP',8500000,'recredit wager remaining','ce9427a5ebfd0f9424c83adf247ac13dcbbccca6d4bba8a6ae3559284f9a3941',0,NULL,NULL);
INSERT INTO credits VALUES(310023,'1_mn6q3dS2EnDUx3bmyWc6D4szJNVGtaR7zc_mnfAHmddVibnZNSkh8DvKaQoiEfNsxjXzH_mqPCfvqTfYctXMUfmniXeG2nyaN8w6tPmj_3','BBBC',10000,'send','3251d12812dd57c1ed9edfb3250d9c67542a3600475324b8de11a596008c9a1a',24,NULL,NULL);
INSERT INTO credits VALUES(310032,'1_mn6q3dS2EnDUx3bmyWc6D4szJNVGtaR7zc_mnfAHmddVibnZNSkh8DvKaQoiEfNsxjXzH_mtQheFaSfWELRB2MyMBaiWjdDm6ux9Ezns_3','BBBB',50000000,'cancel order','e5ff5c4561c518ac057cd0f430806ec9b7020c83c869ecf9ee1b4423ef74e944',0,NULL,NULL);
-- Triggers and indices on  credits
CREATE TRIGGER block_update_credits
                           BEFORE UPDATE ON credits BEGIN
                               SELECT RAISE(FAIL, "UPDATES NOT ALLOWED");
                           END;
CREATE INDEX credits_address_idx ON credits (address);
CREATE INDEX credits_asset_idx ON credits (asset);
CREATE INDEX credits_block_index_idx ON credits (block_index);
CREATE INDEX credits_calling_function_idx ON credits (calling_function);
CREATE INDEX credits_event_idx ON credits (event);
CREATE INDEX credits_quantity_idx ON credits (quantity);
CREATE INDEX credits_utxo_address_idx ON credits (utxo_address);
CREATE INDEX credits_utxo_idx ON credits (utxo);

COMMIT TRANSACTION;
PRAGMA page_size=4096;
-- PRAGMA encoding='UTF-8';
-- PRAGMA auto_vacuum=FULL;
-- PRAGMA max_page_count=4294967294;

BEGIN TRANSACTION;

-- Table  debits
DROP TABLE IF EXISTS debits;
CREATE TABLE debits(
                      block_index INTEGER,
                      address TEXT,
                      asset TEXT,
                      quantity INTEGER,
                      action TEXT,
                      event TEXT, tx_index INTEGER, utxo TEXT, utxo_address TEXT,
                      FOREIGN KEY (block_index) REFERENCES blocks(block_index));
INSERT INTO debits VALUES(310001,'1_mn6q3dS2EnDUx3bmyWc6D4szJNVGtaR7zc_mnfAHmddVibnZNSkh8DvKaQoiEfNsxjXzH_mtQheFaSfWELRB2MyMBaiWjdDm6ux9Ezns_3','XCP',50000000,'send','82c9695aa02426ab8128aa572c558392c21374bcb25116e560fbf9b9adb262b0',2,NULL,NULL);
INSERT INTO debits VALUES(310003,'1_mn6q3dS2EnDUx3bmyWc6D4szJNVGtaR7zc_mnfAHmddVibnZNSkh8DvKaQoiEfNsxjXzH_mtQheFaSfWELRB2MyMBaiWjdDm6ux9Ezns_3','XCP',105000000,'open order','f392f7180c4e71a8de800832be946a2d9e86cedf73937031f8d92815ed06ab42',4,NULL,NULL);
INSERT INTO debits VALUES(310005,'1_mn6q3dS2EnDUx3bmyWc6D4szJNVGtaR7zc_mnfAHmddVibnZNSkh8DvKaQoiEfNsxjXzH_mtQheFaSfWELRB2MyMBaiWjdDm6ux9Ezns_3','XCP',50000000,'issuance fee','ecd4d713ab56cb35c33896d3cd3ed123d644d0eeaa9dab8abe271802af3f2f36',6,NULL,NULL);
INSERT INTO debits VALUES(310006,'1_mn6q3dS2EnDUx3bmyWc6D4szJNVGtaR7zc_mnfAHmddVibnZNSkh8DvKaQoiEfNsxjXzH_mtQheFaSfWELRB2MyMBaiWjdDm6ux9Ezns_3','XCP',50000000,'issuance fee','b8a83d834c54ef312dcd46909df7df6e178b9557eec46794a43ee7710a84e1cd',7,NULL,NULL);
INSERT INTO debits VALUES(310007,'1_mn6q3dS2EnDUx3bmyWc6D4szJNVGtaR7zc_mnfAHmddVibnZNSkh8DvKaQoiEfNsxjXzH_mtQheFaSfWELRB2MyMBaiWjdDm6ux9Ezns_3','BBBB',4000000,'send','6faca6c3ed0a650d40ee8afd78e722a1f7565ec5e13190dffdbb1575a6c21c76',8,NULL,NULL);
INSERT INTO debits VALUES(310008,'1_mn6q3dS2EnDUx3bmyWc6D4szJNVGtaR7zc_mnfAHmddVibnZNSkh8DvKaQoiEfNsxjXzH_mtQheFaSfWELRB2MyMBaiWjdDm6ux9Ezns_3','BBBC',526,'send','0f7aa52bcad72349993d73bd522734aedf93dc76a13666774cc7d2e8a367fb81',9,NULL,NULL);
INSERT INTO debits VALUES(310009,'1_mn6q3dS2EnDUx3bmyWc6D4szJNVGtaR7zc_mnfAHmddVibnZNSkh8DvKaQoiEfNsxjXzH_mtQheFaSfWELRB2MyMBaiWjdDm6ux9Ezns_3','XCP',24,'dividend','78391bc66d0d4554ed3bb24375b9cc0593a9769b5ec51fa17398003eaab15394',10,NULL,NULL);
INSERT INTO debits VALUES(310009,'1_mn6q3dS2EnDUx3bmyWc6D4szJNVGtaR7zc_mnfAHmddVibnZNSkh8DvKaQoiEfNsxjXzH_mtQheFaSfWELRB2MyMBaiWjdDm6ux9Ezns_3','XCP',20000,'dividend fee','78391bc66d0d4554ed3bb24375b9cc0593a9769b5ec51fa17398003eaab15394',10,NULL,NULL);
INSERT INTO debits VALUES(310010,'1_mn6q3dS2EnDUx3bmyWc6D4szJNVGtaR7zc_mnfAHmddVibnZNSkh8DvKaQoiEfNsxjXzH_mtQheFaSfWELRB2MyMBaiWjdDm6ux9Ezns_3','XCP',420800,'dividend','1933feb21f90a7a03bdaccece69fa9a900a7c5703c94cf02841ff16bbafa8548',11,NULL,NULL);
INSERT INTO debits VALUES(310010,'1_mn6q3dS2EnDUx3bmyWc6D4szJNVGtaR7zc_mnfAHmddVibnZNSkh8DvKaQoiEfNsxjXzH_mtQheFaSfWELRB2MyMBaiWjdDm6ux9Ezns_3','XCP',20000,'dividend fee','1933feb21f90a7a03bdaccece69fa9a900a7c5703c94cf02841ff16bbafa8548',11,NULL,NULL);
INSERT INTO debits VALUES(310012,'1_mn6q3dS2EnDUx3bmyWc6D4szJNVGtaR7zc_mnfAHmddVibnZNSkh8DvKaQoiEfNsxjXzH_mtQheFaSfWELRB2MyMBaiWjdDm6ux9Ezns_3','XCP',50000000,'bet','ce9427a5ebfd0f9424c83adf247ac13dcbbccca6d4bba8a6ae3559284f9a3941',13,NULL,NULL);
INSERT INTO debits VALUES(310013,'1_mn6q3dS2EnDUx3bmyWc6D4szJNVGtaR7zc_mnfAHmddVibnZNSkh8DvKaQoiEfNsxjXzH_mtQheFaSfWELRB2MyMBaiWjdDm6ux9Ezns_3','XCP',25000000,'bet','57b85926acd997392661e36850b31261381fb912135159b532412d1584347fd2',14,NULL,NULL);
INSERT INTO debits VALUES(310014,'1_mn6q3dS2EnDUx3bmyWc6D4szJNVGtaR7zc_mnfAHmddVibnZNSkh8DvKaQoiEfNsxjXzH_mtQheFaSfWELRB2MyMBaiWjdDm6ux9Ezns_3','XCP',150000000,'bet','1317ca845a8bcd63b3b628541f2b64129f1dafc75598f175cb7286905867bfee',15,NULL,NULL);
INSERT INTO debits VALUES(310015,'1_mn6q3dS2EnDUx3bmyWc6D4szJNVGtaR7zc_mnfAHmddVibnZNSkh8DvKaQoiEfNsxjXzH_mtQheFaSfWELRB2MyMBaiWjdDm6ux9Ezns_3','XCP',350000000,'bet','954d3e77a103644dbff1113de23c1c53f6c4037cd8a3809799a3b55ca4ab9d1e',16,NULL,NULL);
INSERT INTO debits VALUES(310016,'1_mn6q3dS2EnDUx3bmyWc6D4szJNVGtaR7zc_mnfAHmddVibnZNSkh8DvKaQoiEfNsxjXzH_mtQheFaSfWELRB2MyMBaiWjdDm6ux9Ezns_3','XCP',750000000,'bet','8bf3334242d027e1e0bbae98957302cb11723f56ef1f8199c6001bf8add80382',17,NULL,NULL);
INSERT INTO debits VALUES(310017,'1_mn6q3dS2EnDUx3bmyWc6D4szJNVGtaR7zc_mnfAHmddVibnZNSkh8DvKaQoiEfNsxjXzH_mtQheFaSfWELRB2MyMBaiWjdDm6ux9Ezns_3','XCP',650000000,'bet','484b6051771ba0d93664fd77e51c24e64b5a9676f2da4b6cf3530c2363be772a',18,NULL,NULL);
INSERT INTO debits VALUES(310021,'1_mn6q3dS2EnDUx3bmyWc6D4szJNVGtaR7zc_mnfAHmddVibnZNSkh8DvKaQoiEfNsxjXzH_mtQheFaSfWELRB2MyMBaiWjdDm6ux9Ezns_3','BBBB',50000000,'open order','e5ff5c4561c518ac057cd0f430806ec9b7020c83c869ecf9ee1b4423ef74e944',22,NULL,NULL);
INSERT INTO debits VALUES(310023,'1_mn6q3dS2EnDUx3bmyWc6D4szJNVGtaR7zc_mnfAHmddVibnZNSkh8DvKaQoiEfNsxjXzH_mtQheFaSfWELRB2MyMBaiWjdDm6ux9Ezns_3','BBBC',10000,'send','3251d12812dd57c1ed9edfb3250d9c67542a3600475324b8de11a596008c9a1a',24,NULL,NULL);
-- Triggers and indices on  debits
CREATE TRIGGER block_update_debits
                           BEFORE UPDATE ON debits BEGIN
                               SELECT RAISE(FAIL, "UPDATES NOT ALLOWED");
                           END;
CREATE INDEX debits_action_idx ON debits (action);
CREATE INDEX debits_address_idx ON debits (address);
CREATE INDEX debits_asset_idx ON debits (asset);
CREATE INDEX debits_block_index_idx ON debits (block_index);
CREATE INDEX debits_event_idx ON debits (event);
CREATE INDEX debits_quantity_idx ON debits (quantity);
CREATE INDEX debits_utxo_address_idx ON debits (utxo_address);
CREATE INDEX debits_utxo_idx ON debits (utxo);

COMMIT TRANSACTION;
PRAGMA page_size=4096;
-- PRAGMA encoding='UTF-8';
-- PRAGMA auto_vacuum=FULL;
-- PRAGMA max_page_count=4294967294;

BEGIN TRANSACTION;

-- Table  messages
DROP TABLE IF EXISTS messages;
CREATE TABLE messages(
                      message_index INTEGER PRIMARY KEY,
                      block_index INTEGER,
                      command TEXT,
                      category TEXT,
                      bindings TEXT,
                      timestamp INTEGER,
                      event TEXT,
                      tx_hash TEXT,
                      event_hash TEXT);
INSERT INTO messages VALUES(0,309999,'insert','blocks','{"block_hash":"8b3bef249cb3b0fa23a4936c1249b6bd41daeadc848c8d2e409ea1cbc10adfe7","block_index":309999,"block_time":309999000,"difficulty":null,"ledger_hash":null,"previous_block_hash":null,"txlist_hash":null}',0,'NEW_BLOCK',NULL,'965f19c821dfa5b0ce29c0b99a18a7d2b1c5f70439e4d44627b946c5ac479db9');
INSERT INTO messages VALUES(1,309999,'parse','blocks','{"block_index":309999,"ledger_hash":"63f0fef31d02da85fa779e9a0e1b585b1a6a4e59e14564249e288e074e91c223","messages_hash":"63f0fef31d02da85fa779e9a0e1b585b1a6a4e59e14564249e288e074e91c223","transaction_count":0,"txlist_hash":"63f0fef31d02da85fa779e9a0e1b585b1a6a4e59e14564249e288e074e91c223"}',0,'BLOCK_PARSED',NULL,'640080d2cb6d2e2a1c1d99da104f34aa7632774837b4090fb36fadb2a306d2a0');
INSERT INTO messages VALUES(2,310000,'insert','blocks','{"block_hash":"505d8d82c4ced7daddef7ed0b05ba12ecc664176887b938ef56c6af276f3b30c","block_index":310000,"block_time":310000000,"difficulty":null,"ledger_hash":null,"previous_block_hash":null,"txlist_hash":null}',0,'NEW_BLOCK',NULL,'4e92402478a1ae3c97bae88f2b0dc960fc81385c88cd9b273ca0b74a0993c1b5');
INSERT INTO messages VALUES(3,310000,'insert','transactions','{"block_hash":"505d8d82c4ced7daddef7ed0b05ba12ecc664176887b938ef56c6af276f3b30c","block_index":310000,"block_time":310000000,"btc_amount":62000000,"data":"","destination":"mvCounterpartyXXXXXXXXXXXXXXW24Hef","fee":1260,"source":"1_mn6q3dS2EnDUx3bmyWc6D4szJNVGtaR7zc_mnfAHmddVibnZNSkh8DvKaQoiEfNsxjXzH_mtQheFaSfWELRB2MyMBaiWjdDm6ux9Ezns_3","supported":true,"tx_hash":"2e60d82502c67b6f3af1c4018f8c11153b0205f1460cd78f83b7a38b3c5cb8ff","tx_index":1,"utxos_info":" a168d6a7350b0307fda45c2f540d05d0ff455acf6d551adaf0847a76497890f9:0 2 "}',0,'NEW_TRANSACTION',NULL,'d52528e056b032a31d9ad97edf41bc84fc5733e10234cc672482c0dc52597bdd');
INSERT INTO messages VALUES(4,310000,'insert','credits','{"address":"1_mn6q3dS2EnDUx3bmyWc6D4szJNVGtaR7zc_mnfAHmddVibnZNSkh8DvKaQoiEfNsxjXzH_mtQheFaSfWELRB2MyMBaiWjdDm6ux9Ezns_3","asset":"XCP","block_index":310000,"calling_function":"burn","event":"2e60d82502c67b6f3af1c4018f8c11153b0205f1460cd78f83b7a38b3c5cb8ff","quantity":93000000000,"tx_index":1,"utxo":null,"utxo_address":null}',0,'CREDIT','2e60d82502c67b6f3af1c4018f8c11153b0205f1460cd78f83b7a38b3c5cb8ff','15d95a5012cc7ae561b2f171010d0be2ee451e5cebc469c6446ae24396748f53');
INSERT INTO messages VALUES(5,310000,'insert','burns','{"block_index":310000,"burned":62000000,"earned":93000000000,"source":"1_mn6q3dS2EnDUx3bmyWc6D4szJNVGtaR7zc_mnfAHmddVibnZNSkh8DvKaQoiEfNsxjXzH_mtQheFaSfWELRB2MyMBaiWjdDm6ux9Ezns_3","status":"valid","tx_hash":"2e60d82502c67b6f3af1c4018f8c11153b0205f1460cd78f83b7a38b3c5cb8ff","tx_index":1}',0,'BURN','2e60d82502c67b6f3af1c4018f8c11153b0205f1460cd78f83b7a38b3c5cb8ff','23fea35ef46ee0c8780694cb39bd9d7466b8fd4d4029b01e87858932a4f45414');
INSERT INTO messages VALUES(6,310000,'parse','transactions','{"supported":true,"tx_hash":"2e60d82502c67b6f3af1c4018f8c11153b0205f1460cd78f83b7a38b3c5cb8ff","tx_index":1}',0,'TRANSACTION_PARSED','2e60d82502c67b6f3af1c4018f8c11153b0205f1460cd78f83b7a38b3c5cb8ff','e72f7eb60b1b4ae6ec5ceda77089ef6403dfd10e914ada1a02fcbdc462661ea4');
INSERT INTO messages VALUES(7,310000,'parse','blocks','{"block_index":310000,"ledger_hash":"7e1322d444b3395f9d8ce6b1ca6d48e8f0d78e5d72da997fad9520899bdbebe3","messages_hash":"28f659d8986d7a44594866ae14e2c6ee3d5f80e2c82ac64438276b926c3191ce","transaction_count":1,"txlist_hash":"e19f24d4ce3c4cd736a6397e016256bf6a41c8151f7c7f073eeb983645345741"}',0,'BLOCK_PARSED',NULL,'6f8ddd61639cfe5c8f1b6626fb6e461291f553a223427bee21d94c30828c98de');
INSERT INTO messages VALUES(8,310001,'insert','blocks','{"block_hash":"3c9f6a9c6cac46a9273bd3db39ad775acd5bc546378ec2fb0587e06e112cc78e","block_index":310001,"block_time":310001000,"difficulty":null,"ledger_hash":null,"previous_block_hash":null,"txlist_hash":null}',0,'NEW_BLOCK',NULL,'8e22af3676271b561366cc4f9ed8d06ce05ab23328292d4839647a2ed2b69504');
INSERT INTO messages VALUES(9,310001,'insert','transactions','{"block_hash":"3c9f6a9c6cac46a9273bd3db39ad775acd5bc546378ec2fb0587e06e112cc78e","block_index":310001,"block_time":310001000,"btc_amount":1000,"data":"0000000000000000000000010000000002faf080","destination":"1_mn6q3dS2EnDUx3bmyWc6D4szJNVGtaR7zc_mnfAHmddVibnZNSkh8DvKaQoiEfNsxjXzH_mqPCfvqTfYctXMUfmniXeG2nyaN8w6tPmj_3","fee":3600,"source":"1_mn6q3dS2EnDUx3bmyWc6D4szJNVGtaR7zc_mnfAHmddVibnZNSkh8DvKaQoiEfNsxjXzH_mtQheFaSfWELRB2MyMBaiWjdDm6ux9Ezns_3","supported":true,"tx_hash":"82c9695aa02426ab8128aa572c558392c21374bcb25116e560fbf9b9adb262b0","tx_index":2,"utxos_info":" 137004808fe341dabf8374ba9c6b8ed5eb074cab075229bd9464e882ed0fe7c6:0 3 "}',0,'NEW_TRANSACTION',NULL,'d05e90ce507be764e67316ffe67771069def7e274a62e561c5250fc5ca3b26db');
INSERT INTO messages VALUES(10,310001,'insert','debits','{"action":"send","address":"1_mn6q3dS2EnDUx3bmyWc6D4szJNVGtaR7zc_mnfAHmddVibnZNSkh8DvKaQoiEfNsxjXzH_mtQheFaSfWELRB2MyMBaiWjdDm6ux9Ezns_3","asset":"XCP","block_index":310001,"event":"82c9695aa02426ab8128aa572c558392c21374bcb25116e560fbf9b9adb262b0","quantity":50000000,"tx_index":2,"utxo":null,"utxo_address":null}',0,'DEBIT','82c9695aa02426ab8128aa572c558392c21374bcb25116e560fbf9b9adb262b0','8c52bc9192336bb1a358c995d86b41486c38973581759d10df898bedc6479660');
INSERT INTO messages VALUES(11,310001,'insert','credits','{"address":"1_mn6q3dS2EnDUx3bmyWc6D4szJNVGtaR7zc_mnfAHmddVibnZNSkh8DvKaQoiEfNsxjXzH_mqPCfvqTfYctXMUfmniXeG2nyaN8w6tPmj_3","asset":"XCP","block_index":310001,"calling_function":"send","event":"82c9695aa02426ab8128aa572c558392c21374bcb25116e560fbf9b9adb262b0","quantity":50000000,"tx_index":2,"utxo":null,"utxo_address":null}',0,'CREDIT','82c9695aa02426ab8128aa572c558392c21374bcb25116e560fbf9b9adb262b0','f612857bb251cc7169a22a0ce57e2afdd3ea041cd2195453f8235cffc752d9b2');
INSERT INTO messages VALUES(12,310001,'insert','sends','{"asset":"XCP","block_index":310001,"destination":"1_mn6q3dS2EnDUx3bmyWc6D4szJNVGtaR7zc_mnfAHmddVibnZNSkh8DvKaQoiEfNsxjXzH_mqPCfvqTfYctXMUfmniXeG2nyaN8w6tPmj_3","msg_index":0,"quantity":50000000,"send_type":"send","source":"1_mn6q3dS2EnDUx3bmyWc6D4szJNVGtaR7zc_mnfAHmddVibnZNSkh8DvKaQoiEfNsxjXzH_mtQheFaSfWELRB2MyMBaiWjdDm6ux9Ezns_3","status":"valid","tx_hash":"82c9695aa02426ab8128aa572c558392c21374bcb25116e560fbf9b9adb262b0","tx_index":2}',0,'SEND','82c9695aa02426ab8128aa572c558392c21374bcb25116e560fbf9b9adb262b0','507d508b92820bbe08a5729ac54c591fbb3812da1a8e357e4bedb6ca62ef71bc');
INSERT INTO messages VALUES(13,310001,'parse','transactions','{"supported":true,"tx_hash":"82c9695aa02426ab8128aa572c558392c21374bcb25116e560fbf9b9adb262b0","tx_index":2}',0,'TRANSACTION_PARSED','82c9695aa02426ab8128aa572c558392c21374bcb25116e560fbf9b9adb262b0','272f71c11afa02bad53ab83cbc534c33bf8b025dab670946f556d63649e91818');
INSERT INTO messages VALUES(14,310001,'parse','blocks','{"block_index":310001,"ledger_hash":"3e18d8a969bce2d869cb86b28c23823d88e6d8a840a3cda905a003b37222ebb8","messages_hash":"4e65268a03a1bc148368ee9096abb998c3a76293c8f78c3478e854de313f4b87","transaction_count":1,"txlist_hash":"ec66974ddd8e5e108a2a08f233aa7922f0d784330de3effc24004e6a3aff0f3f"}',0,'BLOCK_PARSED',NULL,'43aa5e73ec4f5cc9afe14fd1cf0ed53ac7c48d310025c0767c7630ec2171491c');
INSERT INTO messages VALUES(15,310002,'insert','blocks','{"block_hash":"fbb60f1144e1f7d4dc036a4a158a10ea6dea2ba6283a723342a49b8eb5cc9964","block_index":310002,"block_time":310002000,"difficulty":null,"ledger_hash":null,"previous_block_hash":null,"txlist_hash":null}',0,'NEW_BLOCK',NULL,'07b0cf4dbd534235eb878578c83445df569d3da77a94dcebc1a301be61a36c78');
INSERT INTO messages VALUES(16,310002,'insert','transactions','{"block_hash":"fbb60f1144e1f7d4dc036a4a158a10ea6dea2ba6283a723342a49b8eb5cc9964","block_index":310002,"block_time":310002000,"btc_amount":0,"data":"0000000a00000000000000000000000002faf08000000000000000010000000005f5e100000a0000000000000000","destination":"","fee":1000000,"source":"1_mn6q3dS2EnDUx3bmyWc6D4szJNVGtaR7zc_mnfAHmddVibnZNSkh8DvKaQoiEfNsxjXzH_mtQheFaSfWELRB2MyMBaiWjdDm6ux9Ezns_3","supported":true,"tx_hash":"9f5de4ea5b89249f8588efd7f086d25be1ba35bc71f6a98a67a854c1ad90ab70","tx_index":3,"utxos_info":" ddbd8ec55bef65ce764a69772f11cdb83990ccbade7668d0afaf77c3d4999a15:0 2 "}',0,'NEW_TRANSACTION',NULL,'9ca4c32e87fd851b0369d8a8564b6cac683d925c39eea0edf576621c13da20d0');
INSERT INTO messages VALUES(17,310002,'insert','orders','{"block_index":310002,"expiration":10,"expire_index":310012,"fee_provided":1000000,"fee_provided_remaining":1000000,"fee_required":0,"fee_required_remaining":0,"get_asset":"XCP","get_quantity":100000000,"get_remaining":100000000,"give_asset":"BTC","give_quantity":50000000,"give_remaining":50000000,"source":"1_mn6q3dS2EnDUx3bmyWc6D4szJNVGtaR7zc_mnfAHmddVibnZNSkh8DvKaQoiEfNsxjXzH_mtQheFaSfWELRB2MyMBaiWjdDm6ux9Ezns_3","status":"open","tx_hash":"9f5de4ea5b89249f8588efd7f086d25be1ba35bc71f6a98a67a854c1ad90ab70","tx_index":3}',0,'OPEN_ORDER','9f5de4ea5b89249f8588efd7f086d25be1ba35bc71f6a98a67a854c1ad90ab70','7fc1f62f1160fb3f2425ef4f49d2db0e526539f6d6e874ef093de4d9b2207e60');
INSERT INTO messages VALUES(18,310002,'parse','transactions','{"supported":true,"tx_hash":"9f5de4ea5b89249f8588efd7f086d25be1ba35bc71f6a98a67a854c1ad90ab70","tx_index":3}',0,'TRANSACTION_PARSED','9f5de4ea5b89249f8588efd7f086d25be1ba35bc71f6a98a67a854c1ad90ab70','272b9eb7905eb07edaf8eaf33c3589bd9118b109d4a503d1b6d586faa66f7cf9');
INSERT INTO messages VALUES(19,310002,'parse','blocks','{"block_index":310002,"ledger_hash":"71dfa527236bbaf632db18cf1773c63f7ee3a0076fc6562e46db0c955b346a9f","messages_hash":"2de4b3576f77229566025616466d99556722bef1b40a05398993ecc9e1d37533","transaction_count":1,"txlist_hash":"b0533c1a3a0aa3440036f8cddc55d0cb3e58b78217240454be1aae3347052384"}',0,'BLOCK_PARSED',NULL,'e952a87101e7ed3d999f6376a9a5640b6bea6f3fb3d11aad5312240153436441');
INSERT INTO messages VALUES(20,310003,'insert','blocks','{"block_hash":"d50825dcb32bcf6f69994d616eba18de7718d3d859497e80751b2cb67e333e8a","block_index":310003,"block_time":310003000,"difficulty":null,"ledger_hash":null,"previous_block_hash":null,"txlist_hash":null}',0,'NEW_BLOCK',NULL,'22fec0513dffdd8e1c3b43ab921646968f055206d236e72c12b419ec0c9538c4');
INSERT INTO messages VALUES(21,310003,'insert','transactions','{"block_hash":"d50825dcb32bcf6f69994d616eba18de7718d3d859497e80751b2cb67e333e8a","block_index":310003,"block_time":310003000,"btc_amount":0,"data":"0000000a00000000000000010000000006422c4000000000000000000000000002faf080000a00000000000dbba0","destination":"","fee":2400,"source":"1_mn6q3dS2EnDUx3bmyWc6D4szJNVGtaR7zc_mnfAHmddVibnZNSkh8DvKaQoiEfNsxjXzH_mtQheFaSfWELRB2MyMBaiWjdDm6ux9Ezns_3","supported":true,"tx_hash":"f392f7180c4e71a8de800832be946a2d9e86cedf73937031f8d92815ed06ab42","tx_index":4,"utxos_info":" 6cf5a372e7ed61de93e74e079d00d8ef5cf559b09ba82d6f7b5302c26149ada4:0 2 "}',0,'NEW_TRANSACTION',NULL,'83409510ddf2c870946b7d285cc16a24697e662e04dd023721d21eeab27277f1');
INSERT INTO messages VALUES(22,310003,'insert','debits','{"action":"open order","address":"1_mn6q3dS2EnDUx3bmyWc6D4szJNVGtaR7zc_mnfAHmddVibnZNSkh8DvKaQoiEfNsxjXzH_mtQheFaSfWELRB2MyMBaiWjdDm6ux9Ezns_3","asset":"XCP","block_index":310003,"event":"f392f7180c4e71a8de800832be946a2d9e86cedf73937031f8d92815ed06ab42","quantity":105000000,"tx_index":4,"utxo":null,"utxo_address":null}',0,'DEBIT','f392f7180c4e71a8de800832be946a2d9e86cedf73937031f8d92815ed06ab42','6572d1f6e0de0148aa3dc6c642e14fb3205c6f9ebb236396ba23d8ddee54b2f3');
INSERT INTO messages VALUES(23,310003,'insert','orders','{"block_index":310003,"expiration":10,"expire_index":310013,"fee_provided":2400,"fee_provided_remaining":2400,"fee_required":900000,"fee_required_remaining":900000,"get_asset":"BTC","get_quantity":50000000,"get_remaining":50000000,"give_asset":"XCP","give_quantity":105000000,"give_remaining":105000000,"source":"1_mn6q3dS2EnDUx3bmyWc6D4szJNVGtaR7zc_mnfAHmddVibnZNSkh8DvKaQoiEfNsxjXzH_mtQheFaSfWELRB2MyMBaiWjdDm6ux9Ezns_3","status":"open","tx_hash":"f392f7180c4e71a8de800832be946a2d9e86cedf73937031f8d92815ed06ab42","tx_index":4}',0,'OPEN_ORDER','f392f7180c4e71a8de800832be946a2d9e86cedf73937031f8d92815ed06ab42','2e740ae62b912758abfcaf3e1914f17e51af225c2f795f56acdf1d30d7cc4158');
INSERT INTO messages VALUES(24,310003,'update','orders','{"fee_provided_remaining":142858,"fee_required_remaining":0,"get_remaining":0,"give_remaining":0,"status":"open","tx_hash":"9f5de4ea5b89249f8588efd7f086d25be1ba35bc71f6a98a67a854c1ad90ab70"}',0,'ORDER_UPDATE','f392f7180c4e71a8de800832be946a2d9e86cedf73937031f8d92815ed06ab42','6170480e0169888528a2d390c21c753764fb8bc8dcad7ab75231862b476ede18');
INSERT INTO messages VALUES(25,310003,'update','orders','{"fee_provided_remaining":2400,"fee_required_remaining":42858,"get_remaining":0,"give_remaining":5000000,"status":"open","tx_hash":"f392f7180c4e71a8de800832be946a2d9e86cedf73937031f8d92815ed06ab42"}',0,'ORDER_UPDATE','f392f7180c4e71a8de800832be946a2d9e86cedf73937031f8d92815ed06ab42','234517e89338fcd3742d2809b066eabb8c6c3ae84f985cf3a445e4128642671a');
INSERT INTO messages VALUES(26,310003,'insert','order_matches','{"backward_asset":"XCP","backward_quantity":100000000,"block_index":310003,"fee_paid":857142,"forward_asset":"BTC","forward_quantity":50000000,"id":"9f5de4ea5b89249f8588efd7f086d25be1ba35bc71f6a98a67a854c1ad90ab70_f392f7180c4e71a8de800832be946a2d9e86cedf73937031f8d92815ed06ab42","match_expire_index":310023,"status":"pending","tx0_address":"1_mn6q3dS2EnDUx3bmyWc6D4szJNVGtaR7zc_mnfAHmddVibnZNSkh8DvKaQoiEfNsxjXzH_mtQheFaSfWELRB2MyMBaiWjdDm6ux9Ezns_3","tx0_block_index":310002,"tx0_expiration":10,"tx0_hash":"9f5de4ea5b89249f8588efd7f086d25be1ba35bc71f6a98a67a854c1ad90ab70","tx0_index":3,"tx1_address":"1_mn6q3dS2EnDUx3bmyWc6D4szJNVGtaR7zc_mnfAHmddVibnZNSkh8DvKaQoiEfNsxjXzH_mtQheFaSfWELRB2MyMBaiWjdDm6ux9Ezns_3","tx1_block_index":310003,"tx1_expiration":10,"tx1_hash":"f392f7180c4e71a8de800832be946a2d9e86cedf73937031f8d92815ed06ab42","tx1_index":4}',0,'ORDER_MATCH','f392f7180c4e71a8de800832be946a2d9e86cedf73937031f8d92815ed06ab42','875a07fa2ef8ace82d1ba345f73fa2f8c471fa565c9046b6204f4c8b1d014de8');
INSERT INTO messages VALUES(27,310003,'parse','transactions','{"supported":true,"tx_hash":"f392f7180c4e71a8de800832be946a2d9e86cedf73937031f8d92815ed06ab42","tx_index":4}',0,'TRANSACTION_PARSED','f392f7180c4e71a8de800832be946a2d9e86cedf73937031f8d92815ed06ab42','f75456580ff1510b54adf0e4576858f25ef7e5e8c3cf3b76af57fc68b5f1805c');
INSERT INTO messages VALUES(28,310003,'parse','blocks','{"block_index":310003,"ledger_hash":"39feff81ad306adcfb9610e6bd8442e35dd6e1924e75a53708c1d2932bda67f6","messages_hash":"4e9b5407177b186c7e8cf1ec69f95a92d8513662c1e3469911479e817711c042","transaction_count":1,"txlist_hash":"5db5b17c0c3cdebf3f242256ead793ecad160739a4ad2b96de07ef2b44b9246b"}',0,'BLOCK_PARSED',NULL,'18d12cad549a9a2251664cb70647b8a418905dc290bca4a4894a83e6dbc9ebcb');
INSERT INTO messages VALUES(29,310004,'insert','blocks','{"block_hash":"60cdc0ac0e3121ceaa2c3885f21f5789f49992ffef6e6ff99f7da80e36744615","block_index":310004,"block_time":310004000,"difficulty":null,"ledger_hash":null,"previous_block_hash":null,"txlist_hash":null}',0,'NEW_BLOCK',NULL,'f0926b2be2f295b54e4338963490929a19a16cbde38571f6ec89562b3d1a9e40');
INSERT INTO messages VALUES(30,310004,'insert','transactions','{"block_hash":"60cdc0ac0e3121ceaa2c3885f21f5789f49992ffef6e6ff99f7da80e36744615","block_index":310004,"block_time":310004000,"btc_amount":50000000,"data":"0000000b9f5de4ea5b89249f8588efd7f086d25be1ba35bc71f6a98a67a854c1ad90ab70f392f7180c4e71a8de800832be946a2d9e86cedf73937031f8d92815ed06ab42","destination":"1_mn6q3dS2EnDUx3bmyWc6D4szJNVGtaR7zc_mnfAHmddVibnZNSkh8DvKaQoiEfNsxjXzH_mtQheFaSfWELRB2MyMBaiWjdDm6ux9Ezns_3","fee":4800,"source":"1_mn6q3dS2EnDUx3bmyWc6D4szJNVGtaR7zc_mnfAHmddVibnZNSkh8DvKaQoiEfNsxjXzH_mtQheFaSfWELRB2MyMBaiWjdDm6ux9Ezns_3","supported":true,"tx_hash":"046012990eb2653bde5792c5a08cd6b57859da0ec5877c3227c7eeeb5afb0e98","tx_index":5,"utxos_info":" e2ae5e9cb7e95cb3d9fa288c7a973b1dec84bac2dc86825e52ce19790d37cc15:0 4 "}',0,'NEW_TRANSACTION',NULL,'afa82c893900c6dbb9ee56095c72cc576d45d2f5a7a27332ea50d2d8df7977e3');
INSERT INTO messages VALUES(31,310004,'insert','credits','{"address":"1_mn6q3dS2EnDUx3bmyWc6D4szJNVGtaR7zc_mnfAHmddVibnZNSkh8DvKaQoiEfNsxjXzH_mtQheFaSfWELRB2MyMBaiWjdDm6ux9Ezns_3","asset":"XCP","block_index":310004,"calling_function":"btcpay","event":"046012990eb2653bde5792c5a08cd6b57859da0ec5877c3227c7eeeb5afb0e98","quantity":100000000,"tx_index":5,"utxo":null,"utxo_address":null}',0,'CREDIT','046012990eb2653bde5792c5a08cd6b57859da0ec5877c3227c7eeeb5afb0e98','b7b372e4630984d247789e6eedf268d4745acd5dd1f1b052a52f0242396fd56f');
INSERT INTO messages VALUES(32,310004,'update','order_matches','{"id":"9f5de4ea5b89249f8588efd7f086d25be1ba35bc71f6a98a67a854c1ad90ab70_f392f7180c4e71a8de800832be946a2d9e86cedf73937031f8d92815ed06ab42","order_match_id":"9f5de4ea5b89249f8588efd7f086d25be1ba35bc71f6a98a67a854c1ad90ab70_f392f7180c4e71a8de800832be946a2d9e86cedf73937031f8d92815ed06ab42","status":"completed"}',0,'ORDER_MATCH_UPDATE','046012990eb2653bde5792c5a08cd6b57859da0ec5877c3227c7eeeb5afb0e98','f9b505b4ac0e3fab825c899b0edbbb7cedec8074926970a188b7c80fa9a06e8c');
INSERT INTO messages VALUES(33,310004,'insert','btcpays','{"block_index":310004,"btc_amount":50000000,"destination":"1_mn6q3dS2EnDUx3bmyWc6D4szJNVGtaR7zc_mnfAHmddVibnZNSkh8DvKaQoiEfNsxjXzH_mtQheFaSfWELRB2MyMBaiWjdDm6ux9Ezns_3","order_match_id":"9f5de4ea5b89249f8588efd7f086d25be1ba35bc71f6a98a67a854c1ad90ab70_f392f7180c4e71a8de800832be946a2d9e86cedf73937031f8d92815ed06ab42","source":"1_mn6q3dS2EnDUx3bmyWc6D4szJNVGtaR7zc_mnfAHmddVibnZNSkh8DvKaQoiEfNsxjXzH_mtQheFaSfWELRB2MyMBaiWjdDm6ux9Ezns_3","status":"valid","tx_hash":"046012990eb2653bde5792c5a08cd6b57859da0ec5877c3227c7eeeb5afb0e98","tx_index":5}',0,'BTC_PAY','046012990eb2653bde5792c5a08cd6b57859da0ec5877c3227c7eeeb5afb0e98','f75dfec0be327dafa2db202aebfdcebc2929f0441b59433eafb846d47c3fa7f3');
INSERT INTO messages VALUES(34,310004,'parse','transactions','{"supported":true,"tx_hash":"046012990eb2653bde5792c5a08cd6b57859da0ec5877c3227c7eeeb5afb0e98","tx_index":5}',0,'TRANSACTION_PARSED','046012990eb2653bde5792c5a08cd6b57859da0ec5877c3227c7eeeb5afb0e98','ae82ba274900bdb260365111024c873dd3c617d535a0bd60f21e4681c63b16f8');
INSERT INTO messages VALUES(35,310004,'parse','blocks','{"block_index":310004,"ledger_hash":"1cee0851ee48eeaa3f71e7a18f9f52fffa28cd3b2e1cbf1f79c0f562618b88c6","messages_hash":"a667d8659ceeda400ed6caac5c8d834cb234ae4d89e41efb6517cca6ffc0bac8","transaction_count":1,"txlist_hash":"652f64205c1ac0a0e8cfe7331713d4a88a36a992adfb6cfafa3d88baae0c113f"}',0,'BLOCK_PARSED',NULL,'0ea45d0d6ce6a233d440b63a095691c00d0580404966f4376903596063843250');
INSERT INTO messages VALUES(36,310005,'insert','blocks','{"block_hash":"8005c2926b7ecc50376642bc661a49108b6dc62636463a5c492b123e2184cd9a","block_index":310005,"block_time":310005000,"difficulty":null,"ledger_hash":null,"previous_block_hash":null,"txlist_hash":null}',0,'NEW_BLOCK',NULL,'1ce3f7443426f956fdd28bcb6273480c55bd0953de622172e1cf9744ccf68188');
INSERT INTO messages VALUES(37,310005,'insert','transactions','{"block_hash":"8005c2926b7ecc50376642bc661a49108b6dc62636463a5c492b123e2184cd9a","block_index":310005,"block_time":310005000,"btc_amount":0,"data":"000000140000000000004767000000003b9aca000100000000000000000000","destination":"","fee":2400,"source":"1_mn6q3dS2EnDUx3bmyWc6D4szJNVGtaR7zc_mnfAHmddVibnZNSkh8DvKaQoiEfNsxjXzH_mtQheFaSfWELRB2MyMBaiWjdDm6ux9Ezns_3","supported":true,"tx_hash":"ecd4d713ab56cb35c33896d3cd3ed123d644d0eeaa9dab8abe271802af3f2f36","tx_index":6,"utxos_info":" c642815011b2cbe0a0b4f3aefe30f51fbc4ae9619d67218bed52afd63329203d:0 2 "}',0,'NEW_TRANSACTION',NULL,'042f475e2f0de4719596770d8fc4046e0eea7a56a9cb3762d8b377cbb4e5011e');
INSERT INTO messages VALUES(38,310005,'insert','debits','{"action":"issuance fee","address":"1_mn6q3dS2EnDUx3bmyWc6D4szJNVGtaR7zc_mnfAHmddVibnZNSkh8DvKaQoiEfNsxjXzH_mtQheFaSfWELRB2MyMBaiWjdDm6ux9Ezns_3","asset":"XCP","block_index":310005,"event":"ecd4d713ab56cb35c33896d3cd3ed123d644d0eeaa9dab8abe271802af3f2f36","quantity":50000000,"tx_index":6,"utxo":null,"utxo_address":null}',0,'DEBIT','ecd4d713ab56cb35c33896d3cd3ed123d644d0eeaa9dab8abe271802af3f2f36','30e2c94f7b54af7fafbe577aa11255b134aca34fac47ab593636264f8e6ef742');
INSERT INTO messages VALUES(39,310005,'insert','assets','{"asset_id":"18279","asset_longname":null,"asset_name":"BBBB","block_index":310005}',0,'ASSET_CREATION','ecd4d713ab56cb35c33896d3cd3ed123d644d0eeaa9dab8abe271802af3f2f36','710ee7f70bf64530e9c1f87305e9ec995f45cd6ab2517b9e1c8a18a216b7d9c7');
INSERT INTO messages VALUES(40,310005,'insert','issuances','{"asset":"BBBB","asset_events":"creation","asset_longname":null,"block_index":310005,"call_date":0,"call_price":0.0,"callable":false,"description":"","description_locked":false,"divisible":true,"fee_paid":50000000,"issuer":"1_mn6q3dS2EnDUx3bmyWc6D4szJNVGtaR7zc_mnfAHmddVibnZNSkh8DvKaQoiEfNsxjXzH_mtQheFaSfWELRB2MyMBaiWjdDm6ux9Ezns_3","locked":false,"quantity":1000000000,"reset":false,"source":"1_mn6q3dS2EnDUx3bmyWc6D4szJNVGtaR7zc_mnfAHmddVibnZNSkh8DvKaQoiEfNsxjXzH_mtQheFaSfWELRB2MyMBaiWjdDm6ux9Ezns_3","status":"valid","transfer":false,"tx_hash":"ecd4d713ab56cb35c33896d3cd3ed123d644d0eeaa9dab8abe271802af3f2f36","tx_index":6}',0,'ASSET_ISSUANCE','ecd4d713ab56cb35c33896d3cd3ed123d644d0eeaa9dab8abe271802af3f2f36','caefd9eedaafbc48da10a5c8095b7ebf8ae86933b08913315e5d7be96acb8077');
INSERT INTO messages VALUES(41,310005,'insert','credits','{"address":"1_mn6q3dS2EnDUx3bmyWc6D4szJNVGtaR7zc_mnfAHmddVibnZNSkh8DvKaQoiEfNsxjXzH_mtQheFaSfWELRB2MyMBaiWjdDm6ux9Ezns_3","asset":"BBBB","block_index":310005,"calling_function":"issuance","event":"ecd4d713ab56cb35c33896d3cd3ed123d644d0eeaa9dab8abe271802af3f2f36","quantity":1000000000,"tx_index":6,"utxo":null,"utxo_address":null}',0,'CREDIT','ecd4d713ab56cb35c33896d3cd3ed123d644d0eeaa9dab8abe271802af3f2f36','29a554172ce72793eab9923fa755c458ad7610cffa37c46a792eee58ed1ac199');
INSERT INTO messages VALUES(42,310005,'parse','transactions','{"supported":true,"tx_hash":"ecd4d713ab56cb35c33896d3cd3ed123d644d0eeaa9dab8abe271802af3f2f36","tx_index":6}',0,'TRANSACTION_PARSED','ecd4d713ab56cb35c33896d3cd3ed123d644d0eeaa9dab8abe271802af3f2f36','82ee6860fb2d21fa166e047f6c62a19a80c36c03874827a31062873f45db1cda');
INSERT INTO messages VALUES(43,310005,'parse','blocks','{"block_index":310005,"ledger_hash":"89f516c3fbdcd1540125561301db451fb55b1baead9ae8f408156075aed104ad","messages_hash":"6bd46adec0ec9a0f4205dc6306ac742751279758d6581555e8b553795dd81f08","transaction_count":1,"txlist_hash":"a4111467f6cc245776b3b8767dc8565679b388bb21081e4752502969bc00b2e6"}',0,'BLOCK_PARSED',NULL,'e222bac222dad01b8a6b3bf0d5b0a5bcdb2e61cb3a99dfd697c980d1edf6f2d9');
INSERT INTO messages VALUES(44,310006,'insert','blocks','{"block_hash":"bdad69d1669eace68b9f246de113161099d4f83322e2acf402c42defef3af2bb","block_index":310006,"block_time":310006000,"difficulty":null,"ledger_hash":null,"previous_block_hash":null,"txlist_hash":null}',0,'NEW_BLOCK',NULL,'5fadab6582570c06e3efd68be89cf959d4dca33fb5fe3d233bf06df38db3f552');
INSERT INTO messages VALUES(45,310006,'insert','transactions','{"block_hash":"bdad69d1669eace68b9f246de113161099d4f83322e2acf402c42defef3af2bb","block_index":310006,"block_time":310006000,"btc_amount":0,"data":"00000014000000000000476800000000000186a00000000000000000000006666f6f626172","destination":"","fee":2400,"source":"1_mn6q3dS2EnDUx3bmyWc6D4szJNVGtaR7zc_mnfAHmddVibnZNSkh8DvKaQoiEfNsxjXzH_mtQheFaSfWELRB2MyMBaiWjdDm6ux9Ezns_3","supported":true,"tx_hash":"b8a83d834c54ef312dcd46909df7df6e178b9557eec46794a43ee7710a84e1cd","tx_index":7,"utxos_info":" e384026987839ddc69bd3df91647bb898f7031a6dfdbd19d9e26fb92020addc9:0 2 "}',0,'NEW_TRANSACTION',NULL,'bf6b91fc6cb5dee1d600235f55e6bb35ed9271765b2c1118b7a4314c2e4057f1');
INSERT INTO messages VALUES(46,310006,'insert','debits','{"action":"issuance fee","address":"1_mn6q3dS2EnDUx3bmyWc6D4szJNVGtaR7zc_mnfAHmddVibnZNSkh8DvKaQoiEfNsxjXzH_mtQheFaSfWELRB2MyMBaiWjdDm6ux9Ezns_3","asset":"XCP","block_index":310006,"event":"b8a83d834c54ef312dcd46909df7df6e178b9557eec46794a43ee7710a84e1cd","quantity":50000000,"tx_index":7,"utxo":null,"utxo_address":null}',0,'DEBIT','b8a83d834c54ef312dcd46909df7df6e178b9557eec46794a43ee7710a84e1cd','2949f3b711e0153d3bc45801eb7d36e3f7c5d9720dc30a407b7a39ce5fc3cd91');
INSERT INTO messages VALUES(47,310006,'insert','assets','{"asset_id":"18280","asset_longname":null,"asset_name":"BBBC","block_index":310006}',0,'ASSET_CREATION','b8a83d834c54ef312dcd46909df7df6e178b9557eec46794a43ee7710a84e1cd','6041cb7b4eb6108a080a361f8ad62c70e3e024b1d95cbd673ff879d4e3bd6d8c');
INSERT INTO messages VALUES(48,310006,'insert','issuances','{"asset":"BBBC","asset_events":"creation","asset_longname":null,"block_index":310006,"call_date":0,"call_price":0.0,"callable":false,"description":"foobar","description_locked":false,"divisible":false,"fee_paid":50000000,"issuer":"1_mn6q3dS2EnDUx3bmyWc6D4szJNVGtaR7zc_mnfAHmddVibnZNSkh8DvKaQoiEfNsxjXzH_mtQheFaSfWELRB2MyMBaiWjdDm6ux9Ezns_3","locked":false,"quantity":100000,"reset":false,"source":"1_mn6q3dS2EnDUx3bmyWc6D4szJNVGtaR7zc_mnfAHmddVibnZNSkh8DvKaQoiEfNsxjXzH_mtQheFaSfWELRB2MyMBaiWjdDm6ux9Ezns_3","status":"valid","transfer":false,"tx_hash":"b8a83d834c54ef312dcd46909df7df6e178b9557eec46794a43ee7710a84e1cd","tx_index":7}',0,'ASSET_ISSUANCE','b8a83d834c54ef312dcd46909df7df6e178b9557eec46794a43ee7710a84e1cd','d5ca0c6a0816d06587c9db29eba9eb33ea67dd25b951b3caa3ff03072c8b2587');
INSERT INTO messages VALUES(49,310006,'insert','credits','{"address":"1_mn6q3dS2EnDUx3bmyWc6D4szJNVGtaR7zc_mnfAHmddVibnZNSkh8DvKaQoiEfNsxjXzH_mtQheFaSfWELRB2MyMBaiWjdDm6ux9Ezns_3","asset":"BBBC","block_index":310006,"calling_function":"issuance","event":"b8a83d834c54ef312dcd46909df7df6e178b9557eec46794a43ee7710a84e1cd","quantity":100000,"tx_index":7,"utxo":null,"utxo_address":null}',0,'CREDIT','b8a83d834c54ef312dcd46909df7df6e178b9557eec46794a43ee7710a84e1cd','c2e05a71435b4e37c2ddc7883c31be95435f8d6471b692859c2e01cd469c1699');
INSERT INTO messages VALUES(50,310006,'parse','transactions','{"supported":true,"tx_hash":"b8a83d834c54ef312dcd46909df7df6e178b9557eec46794a43ee7710a84e1cd","tx_index":7}',0,'TRANSACTION_PARSED','b8a83d834c54ef312dcd46909df7df6e178b9557eec46794a43ee7710a84e1cd','735781a2471c2fc9cce6ef2ad979f1c83d31e1da784d53608487921a0081bab5');
INSERT INTO messages VALUES(51,310006,'parse','blocks','{"block_index":310006,"ledger_hash":"e9a37cfc1055e8c18d369896a14422cad3c5ac8d9b4d5aff6053d8e31dd56336","messages_hash":"2116c46127d9effa4e57c31b3ce4e4b803dc8ede5f468fa38eadef308bdd5a1f","transaction_count":1,"txlist_hash":"4167a5c553cebb1a86983be3e1838919b75746980eaf897f2238cda094abffa3"}',0,'BLOCK_PARSED',NULL,'f8de587e531e11b94252efeadc9e3b75cce6c9bc9cfeb4e1d71ca55b3d5d24be');
INSERT INTO messages VALUES(52,310007,'insert','blocks','{"block_hash":"10a642b96d60091d08234d17dfdecf3025eca41e4fc8e3bbe71a91c5a457cb4b","block_index":310007,"block_time":310007000,"difficulty":null,"ledger_hash":null,"previous_block_hash":null,"txlist_hash":null}',0,'NEW_BLOCK',NULL,'3fe28555f43aa92d99d04fea998a6bf7ed57143d5a1b806ad555514784bf1030');
INSERT INTO messages VALUES(53,310007,'insert','transactions','{"block_hash":"10a642b96d60091d08234d17dfdecf3025eca41e4fc8e3bbe71a91c5a457cb4b","block_index":310007,"block_time":310007000,"btc_amount":1000,"data":"00000000000000000000476700000000003d0900","destination":"1_mn6q3dS2EnDUx3bmyWc6D4szJNVGtaR7zc_mnfAHmddVibnZNSkh8DvKaQoiEfNsxjXzH_mqPCfvqTfYctXMUfmniXeG2nyaN8w6tPmj_3","fee":3600,"source":"1_mn6q3dS2EnDUx3bmyWc6D4szJNVGtaR7zc_mnfAHmddVibnZNSkh8DvKaQoiEfNsxjXzH_mtQheFaSfWELRB2MyMBaiWjdDm6ux9Ezns_3","supported":true,"tx_hash":"6faca6c3ed0a650d40ee8afd78e722a1f7565ec5e13190dffdbb1575a6c21c76","tx_index":8,"utxos_info":" 3c7797ad9fd6c9687019ac50727127f480c8c94f600f21b3958f291d981b3fb9:0 3 "}',0,'NEW_TRANSACTION',NULL,'31d7f853ef00c24a6f10b92d8d15d5ee06d8340b4391c9eafa85fb59f321c02d');
INSERT INTO messages VALUES(54,310007,'insert','debits','{"action":"send","address":"1_mn6q3dS2EnDUx3bmyWc6D4szJNVGtaR7zc_mnfAHmddVibnZNSkh8DvKaQoiEfNsxjXzH_mtQheFaSfWELRB2MyMBaiWjdDm6ux9Ezns_3","asset":"BBBB","block_index":310007,"event":"6faca6c3ed0a650d40ee8afd78e722a1f7565ec5e13190dffdbb1575a6c21c76","quantity":4000000,"tx_index":8,"utxo":null,"utxo_address":null}',0,'DEBIT','6faca6c3ed0a650d40ee8afd78e722a1f7565ec5e13190dffdbb1575a6c21c76','a4ffb4bbc8a8d53b22b32de71cf53703ae2fc86cc9aa008ed5303d256705785d');
INSERT INTO messages VALUES(55,310007,'insert','credits','{"address":"1_mn6q3dS2EnDUx3bmyWc6D4szJNVGtaR7zc_mnfAHmddVibnZNSkh8DvKaQoiEfNsxjXzH_mqPCfvqTfYctXMUfmniXeG2nyaN8w6tPmj_3","asset":"BBBB","block_index":310007,"calling_function":"send","event":"6faca6c3ed0a650d40ee8afd78e722a1f7565ec5e13190dffdbb1575a6c21c76","quantity":4000000,"tx_index":8,"utxo":null,"utxo_address":null}',0,'CREDIT','6faca6c3ed0a650d40ee8afd78e722a1f7565ec5e13190dffdbb1575a6c21c76','b33132baea25d1bc7ba8c5f1a6d22ff1baae3008fd9f429d3496e3d4bd391b60');
INSERT INTO messages VALUES(56,310007,'insert','sends','{"asset":"BBBB","block_index":310007,"destination":"1_mn6q3dS2EnDUx3bmyWc6D4szJNVGtaR7zc_mnfAHmddVibnZNSkh8DvKaQoiEfNsxjXzH_mqPCfvqTfYctXMUfmniXeG2nyaN8w6tPmj_3","msg_index":0,"quantity":4000000,"send_type":"send","source":"1_mn6q3dS2EnDUx3bmyWc6D4szJNVGtaR7zc_mnfAHmddVibnZNSkh8DvKaQoiEfNsxjXzH_mtQheFaSfWELRB2MyMBaiWjdDm6ux9Ezns_3","status":"valid","tx_hash":"6faca6c3ed0a650d40ee8afd78e722a1f7565ec5e13190dffdbb1575a6c21c76","tx_index":8}',0,'SEND','6faca6c3ed0a650d40ee8afd78e722a1f7565ec5e13190dffdbb1575a6c21c76','d8d6c5a7e5a836b7da52dacab4999fe1453fa4994902306051e79e0482ec1c73');
INSERT INTO messages VALUES(57,310007,'parse','transactions','{"supported":true,"tx_hash":"6faca6c3ed0a650d40ee8afd78e722a1f7565ec5e13190dffdbb1575a6c21c76","tx_index":8}',0,'TRANSACTION_PARSED','6faca6c3ed0a650d40ee8afd78e722a1f7565ec5e13190dffdbb1575a6c21c76','535f607c7e65cb4e50c09c4d9049aa91efdf0aeb8026c121fab574fdccc8389b');
INSERT INTO messages VALUES(58,310007,'parse','blocks','{"block_index":310007,"ledger_hash":"174c7c107c37e0ca2c907b1bc35e086eebbad8eb02493a2f166ff2279ecc013c","messages_hash":"7456a36992384cc934b240f5fb9c374695621b252694554e875e7ffbc1b0c8cd","transaction_count":1,"txlist_hash":"5e112a62c65dea043146f8e508e48a411f96de7b1c4d76dfa4d667c59441b191"}',0,'BLOCK_PARSED',NULL,'52a49faf61cd5c6e7fa8d50eb4915d4d3d260199e37bc585f55ae8712dfbec9d');
INSERT INTO messages VALUES(59,310008,'insert','blocks','{"block_hash":"47d0e3acbdc6916aeae95e987f9cfa16209b3df1e67bb38143b3422b32322c33","block_index":310008,"block_time":310008000,"difficulty":null,"ledger_hash":null,"previous_block_hash":null,"txlist_hash":null}',0,'NEW_BLOCK',NULL,'b4e9e86e234573afe987809b3f30fd12e211a8bb3e6da71056a1895e99794545');
INSERT INTO messages VALUES(60,310008,'insert','transactions','{"block_hash":"47d0e3acbdc6916aeae95e987f9cfa16209b3df1e67bb38143b3422b32322c33","block_index":310008,"block_time":310008000,"btc_amount":1000,"data":"000000000000000000004768000000000000020e","destination":"1_mn6q3dS2EnDUx3bmyWc6D4szJNVGtaR7zc_mnfAHmddVibnZNSkh8DvKaQoiEfNsxjXzH_mqPCfvqTfYctXMUfmniXeG2nyaN8w6tPmj_3","fee":3600,"source":"1_mn6q3dS2EnDUx3bmyWc6D4szJNVGtaR7zc_mnfAHmddVibnZNSkh8DvKaQoiEfNsxjXzH_mtQheFaSfWELRB2MyMBaiWjdDm6ux9Ezns_3","supported":true,"tx_hash":"0f7aa52bcad72349993d73bd522734aedf93dc76a13666774cc7d2e8a367fb81","tx_index":9,"utxos_info":" aeee463119948dca5bb860b0e7d29f386c9554f4e8f686f2dc3039c9849df088:0 3 "}',0,'NEW_TRANSACTION',NULL,'6da43ef43448d9c2b1a06423a6cdfbd6f86082fd97e142ca1b4338cdf0af32f2');
INSERT INTO messages VALUES(61,310008,'insert','debits','{"action":"send","address":"1_mn6q3dS2EnDUx3bmyWc6D4szJNVGtaR7zc_mnfAHmddVibnZNSkh8DvKaQoiEfNsxjXzH_mtQheFaSfWELRB2MyMBaiWjdDm6ux9Ezns_3","asset":"BBBC","block_index":310008,"event":"0f7aa52bcad72349993d73bd522734aedf93dc76a13666774cc7d2e8a367fb81","quantity":526,"tx_index":9,"utxo":null,"utxo_address":null}',0,'DEBIT','0f7aa52bcad72349993d73bd522734aedf93dc76a13666774cc7d2e8a367fb81','7578b54d024f6c0ab2e2f393eb3231bdd4905a834a850d176b455bf1fc0b0cb2');
INSERT INTO messages VALUES(62,310008,'insert','credits','{"address":"1_mn6q3dS2EnDUx3bmyWc6D4szJNVGtaR7zc_mnfAHmddVibnZNSkh8DvKaQoiEfNsxjXzH_mqPCfvqTfYctXMUfmniXeG2nyaN8w6tPmj_3","asset":"BBBC","block_index":310008,"calling_function":"send","event":"0f7aa52bcad72349993d73bd522734aedf93dc76a13666774cc7d2e8a367fb81","quantity":526,"tx_index":9,"utxo":null,"utxo_address":null}',0,'CREDIT','0f7aa52bcad72349993d73bd522734aedf93dc76a13666774cc7d2e8a367fb81','dceb040e62e89d479ccf7b770afe4b0eb1ad9c3f091440052302350df29d9e7c');
INSERT INTO messages VALUES(63,310008,'insert','sends','{"asset":"BBBC","block_index":310008,"destination":"1_mn6q3dS2EnDUx3bmyWc6D4szJNVGtaR7zc_mnfAHmddVibnZNSkh8DvKaQoiEfNsxjXzH_mqPCfvqTfYctXMUfmniXeG2nyaN8w6tPmj_3","msg_index":0,"quantity":526,"send_type":"send","source":"1_mn6q3dS2EnDUx3bmyWc6D4szJNVGtaR7zc_mnfAHmddVibnZNSkh8DvKaQoiEfNsxjXzH_mtQheFaSfWELRB2MyMBaiWjdDm6ux9Ezns_3","status":"valid","tx_hash":"0f7aa52bcad72349993d73bd522734aedf93dc76a13666774cc7d2e8a367fb81","tx_index":9}',0,'SEND','0f7aa52bcad72349993d73bd522734aedf93dc76a13666774cc7d2e8a367fb81','6b867a237d8ce52ca82f95426722620092029a2b08a2b4d46aad14531a0b2873');
INSERT INTO messages VALUES(64,310008,'parse','transactions','{"supported":true,"tx_hash":"0f7aa52bcad72349993d73bd522734aedf93dc76a13666774cc7d2e8a367fb81","tx_index":9}',0,'TRANSACTION_PARSED','0f7aa52bcad72349993d73bd522734aedf93dc76a13666774cc7d2e8a367fb81','28c5f6d68338af7adc8b2ea73db4bc31906884e0c8053534ec57ca40f5ae2412');
INSERT INTO messages VALUES(65,310008,'parse','blocks','{"block_index":310008,"ledger_hash":"1463da3ebe264e703ecc0c708baa98f737b31f51726f85d3ac646f5e301b7c10","messages_hash":"6315f668fc990ee59fb9f85f30800ab8c8029f1e3d63b56660c4c007ca3fcddc","transaction_count":1,"txlist_hash":"b8e089e008cf70095be2d9d9b659290512dcf79d0dfec4f5123db4886f17a459"}',0,'BLOCK_PARSED',NULL,'0525f5a0838e9d431d26bc83c551d55c4e1b4611fde78cbed1f3ca6c0ddd2c3d');
INSERT INTO messages VALUES(66,310009,'insert','blocks','{"block_hash":"4d474992b141620bf3753863db7ee5e8af26cadfbba27725911f44fa657bc1c0","block_index":310009,"block_time":310009000,"difficulty":null,"ledger_hash":null,"previous_block_hash":null,"txlist_hash":null}',0,'NEW_BLOCK',NULL,'6433a97e091c2b5540a4e2101e58182b28a1ab533f368779d9f35f28863734f6');
INSERT INTO messages VALUES(67,310009,'insert','transactions','{"block_hash":"4d474992b141620bf3753863db7ee5e8af26cadfbba27725911f44fa657bc1c0","block_index":310009,"block_time":310009000,"btc_amount":0,"data":"00000032000000000000025800000000000047670000000000000001","destination":"","fee":2400,"source":"1_mn6q3dS2EnDUx3bmyWc6D4szJNVGtaR7zc_mnfAHmddVibnZNSkh8DvKaQoiEfNsxjXzH_mtQheFaSfWELRB2MyMBaiWjdDm6ux9Ezns_3","supported":true,"tx_hash":"78391bc66d0d4554ed3bb24375b9cc0593a9769b5ec51fa17398003eaab15394","tx_index":10,"utxos_info":" 040b5cea58cf497bc370d5635f876bc17ee7bb729b71feb04d3d86750ae8b0a5:0 2 "}',0,'NEW_TRANSACTION',NULL,'deb2b07d578c83a48fcffc19f247e08743fa671dd65272e46d529a23b6145e08');
INSERT INTO messages VALUES(68,310009,'insert','debits','{"action":"dividend","address":"1_mn6q3dS2EnDUx3bmyWc6D4szJNVGtaR7zc_mnfAHmddVibnZNSkh8DvKaQoiEfNsxjXzH_mtQheFaSfWELRB2MyMBaiWjdDm6ux9Ezns_3","asset":"XCP","block_index":310009,"event":"78391bc66d0d4554ed3bb24375b9cc0593a9769b5ec51fa17398003eaab15394","quantity":24,"tx_index":10,"utxo":null,"utxo_address":null}',0,'DEBIT','78391bc66d0d4554ed3bb24375b9cc0593a9769b5ec51fa17398003eaab15394','c6677249f9a3f265555c1043dfbf0d10818826bc96a2b69ca75e99f4bc748301');
INSERT INTO messages VALUES(69,310009,'insert','debits','{"action":"dividend fee","address":"1_mn6q3dS2EnDUx3bmyWc6D4szJNVGtaR7zc_mnfAHmddVibnZNSkh8DvKaQoiEfNsxjXzH_mtQheFaSfWELRB2MyMBaiWjdDm6ux9Ezns_3","asset":"XCP","block_index":310009,"event":"78391bc66d0d4554ed3bb24375b9cc0593a9769b5ec51fa17398003eaab15394","quantity":20000,"tx_index":10,"utxo":null,"utxo_address":null}',0,'DEBIT','78391bc66d0d4554ed3bb24375b9cc0593a9769b5ec51fa17398003eaab15394','6fe1599175a497ff48f21b3b3a96c530858e69bc1f2ed3e7479e7c80a5bf0fcb');
INSERT INTO messages VALUES(70,310009,'insert','credits','{"address":"1_mn6q3dS2EnDUx3bmyWc6D4szJNVGtaR7zc_mnfAHmddVibnZNSkh8DvKaQoiEfNsxjXzH_mqPCfvqTfYctXMUfmniXeG2nyaN8w6tPmj_3","asset":"XCP","block_index":310009,"calling_function":"dividend","event":"78391bc66d0d4554ed3bb24375b9cc0593a9769b5ec51fa17398003eaab15394","quantity":24,"tx_index":10,"utxo":null,"utxo_address":null}',0,'CREDIT','78391bc66d0d4554ed3bb24375b9cc0593a9769b5ec51fa17398003eaab15394','55cce3934d7d42dd0a6bf41c535bf5f84b760138a5cc35a4de698f0184ad3935');
INSERT INTO messages VALUES(71,310009,'insert','dividends','{"asset":"BBBB","block_index":310009,"dividend_asset":"XCP","fee_paid":20000,"quantity_per_unit":600,"source":"1_mn6q3dS2EnDUx3bmyWc6D4szJNVGtaR7zc_mnfAHmddVibnZNSkh8DvKaQoiEfNsxjXzH_mtQheFaSfWELRB2MyMBaiWjdDm6ux9Ezns_3","status":"valid","tx_hash":"78391bc66d0d4554ed3bb24375b9cc0593a9769b5ec51fa17398003eaab15394","tx_index":10}',0,'ASSET_DIVIDEND','78391bc66d0d4554ed3bb24375b9cc0593a9769b5ec51fa17398003eaab15394','abee14a80bf01ec1cfae06f98319b896217a688a430ab3fe6d5cdcb31256ab29');
INSERT INTO messages VALUES(72,310009,'parse','transactions','{"supported":true,"tx_hash":"78391bc66d0d4554ed3bb24375b9cc0593a9769b5ec51fa17398003eaab15394","tx_index":10}',0,'TRANSACTION_PARSED','78391bc66d0d4554ed3bb24375b9cc0593a9769b5ec51fa17398003eaab15394','0f12b70fc7933c2bfa16aabf0a0f241ccc99b71e634213d38432676711db10fb');
INSERT INTO messages VALUES(73,310009,'parse','blocks','{"block_index":310009,"ledger_hash":"dfe8c57b4ce4ea12f002d11cfc127f95b7cea7727bcbaf64418b2d584602a250","messages_hash":"9402081ae65488612ee87d5ec5fe25ce72657bf7ac02f12925be2e1d699221a2","transaction_count":1,"txlist_hash":"fb2e4815ef1a810d6a28a5dd22174bc21ae02ee57f6ee8883ba4916c433ad28b"}',0,'BLOCK_PARSED',NULL,'9e0b6a670fc9ccb2299f1991769449d37e3bb12256c733461b77d92f556d1967');
INSERT INTO messages VALUES(74,310010,'insert','blocks','{"block_hash":"a58162dff81a32e6a29b075be759dbb9fa9b8b65303e69c78fb4d7b0acc37042","block_index":310010,"block_time":310010000,"difficulty":null,"ledger_hash":null,"previous_block_hash":null,"txlist_hash":null}',0,'NEW_BLOCK',NULL,'50c0b5c98873711db1cea7282501652e3f897ad286fcdf0e07217e2439645e4b');
INSERT INTO messages VALUES(75,310010,'insert','transactions','{"block_hash":"a58162dff81a32e6a29b075be759dbb9fa9b8b65303e69c78fb4d7b0acc37042","block_index":310010,"block_time":310010000,"btc_amount":0,"data":"00000032000000000000032000000000000047680000000000000001","destination":"","fee":2400,"source":"1_mn6q3dS2EnDUx3bmyWc6D4szJNVGtaR7zc_mnfAHmddVibnZNSkh8DvKaQoiEfNsxjXzH_mtQheFaSfWELRB2MyMBaiWjdDm6ux9Ezns_3","supported":true,"tx_hash":"1933feb21f90a7a03bdaccece69fa9a900a7c5703c94cf02841ff16bbafa8548","tx_index":11,"utxos_info":" d50939f4e56b7d666166167de423ee76abe08d127b0b196915e4670b1799014f:0 2 "}',0,'NEW_TRANSACTION',NULL,'ede5dabc8b32d4d540bdfcc0f4919ae4cce3746e72c8f05636a79984cc3d6895');
INSERT INTO messages VALUES(76,310010,'insert','debits','{"action":"dividend","address":"1_mn6q3dS2EnDUx3bmyWc6D4szJNVGtaR7zc_mnfAHmddVibnZNSkh8DvKaQoiEfNsxjXzH_mtQheFaSfWELRB2MyMBaiWjdDm6ux9Ezns_3","asset":"XCP","block_index":310010,"event":"1933feb21f90a7a03bdaccece69fa9a900a7c5703c94cf02841ff16bbafa8548","quantity":420800,"tx_index":11,"utxo":null,"utxo_address":null}',0,'DEBIT','1933feb21f90a7a03bdaccece69fa9a900a7c5703c94cf02841ff16bbafa8548','198c577cda42dcfb182314c4b38c23a0f8103a3f4ad43a294e15a6e3c2e49a5f');
INSERT INTO messages VALUES(77,310010,'insert','debits','{"action":"dividend fee","address":"1_mn6q3dS2EnDUx3bmyWc6D4szJNVGtaR7zc_mnfAHmddVibnZNSkh8DvKaQoiEfNsxjXzH_mtQheFaSfWELRB2MyMBaiWjdDm6ux9Ezns_3","asset":"XCP","block_index":310010,"event":"1933feb21f90a7a03bdaccece69fa9a900a7c5703c94cf02841ff16bbafa8548","quantity":20000,"tx_index":11,"utxo":null,"utxo_address":null}',0,'DEBIT','1933feb21f90a7a03bdaccece69fa9a900a7c5703c94cf02841ff16bbafa8548','89df726d15ba2d24ba097a2bdbdf198736801a414dcc3d31f41ec5321dcd2b9f');
INSERT INTO messages VALUES(78,310010,'insert','credits','{"address":"1_mn6q3dS2EnDUx3bmyWc6D4szJNVGtaR7zc_mnfAHmddVibnZNSkh8DvKaQoiEfNsxjXzH_mqPCfvqTfYctXMUfmniXeG2nyaN8w6tPmj_3","asset":"XCP","block_index":310010,"calling_function":"dividend","event":"1933feb21f90a7a03bdaccece69fa9a900a7c5703c94cf02841ff16bbafa8548","quantity":420800,"tx_index":11,"utxo":null,"utxo_address":null}',0,'CREDIT','1933feb21f90a7a03bdaccece69fa9a900a7c5703c94cf02841ff16bbafa8548','0bf40730dcecc785fee4feee71eaf83113bf1866fb74a7870a7106ad292fe75e');
INSERT INTO messages VALUES(79,310010,'insert','dividends','{"asset":"BBBC","block_index":310010,"dividend_asset":"XCP","fee_paid":20000,"quantity_per_unit":800,"source":"1_mn6q3dS2EnDUx3bmyWc6D4szJNVGtaR7zc_mnfAHmddVibnZNSkh8DvKaQoiEfNsxjXzH_mtQheFaSfWELRB2MyMBaiWjdDm6ux9Ezns_3","status":"valid","tx_hash":"1933feb21f90a7a03bdaccece69fa9a900a7c5703c94cf02841ff16bbafa8548","tx_index":11}',0,'ASSET_DIVIDEND','1933feb21f90a7a03bdaccece69fa9a900a7c5703c94cf02841ff16bbafa8548','b04e232a1780a37c13bf52cc574633a32a99fc1187bc90c32e389eac5f1e7907');
INSERT INTO messages VALUES(80,310010,'parse','transactions','{"supported":true,"tx_hash":"1933feb21f90a7a03bdaccece69fa9a900a7c5703c94cf02841ff16bbafa8548","tx_index":11}',0,'TRANSACTION_PARSED','1933feb21f90a7a03bdaccece69fa9a900a7c5703c94cf02841ff16bbafa8548','e56b4fb7004515aef0f4ad6d1dbdcc83fef4dc05da1a9700a3210db1975efd03');
INSERT INTO messages VALUES(81,310010,'parse','blocks','{"block_index":310010,"ledger_hash":"f9c936d3bb4c8bbc20e544d9262ffa3906fbaeca5e4b2e3b241f6059868f506e","messages_hash":"93a7b6bf8239e1af99fccb4fdb1becbf338f3f74d70d1ba902c4774fc97bd165","transaction_count":1,"txlist_hash":"7c826cef4acc45456f273c1a4a3b62b4245910898418dd5854fded6b2d62dd68"}',0,'BLOCK_PARSED',NULL,'1e347eed0682de68c876cd18d0aa5df53a1798f6f7a0fbcd2ba91c14c66af954');
INSERT INTO messages VALUES(82,310011,'insert','blocks','{"block_hash":"8042cc2ef293fd73d050f283fbd075c79dd4c49fdcca054dc0714fc3a50dc1bb","block_index":310011,"block_time":310011000,"difficulty":null,"ledger_hash":null,"previous_block_hash":null,"txlist_hash":null}',0,'NEW_BLOCK',NULL,'831fd8f42a3d2604627f615e626a1412a16d94411a8b289bcedfbc40170e0793');
INSERT INTO messages VALUES(83,310011,'insert','transactions','{"block_hash":"8042cc2ef293fd73d050f283fbd075c79dd4c49fdcca054dc0714fc3a50dc1bb","block_index":310011,"block_time":310011000,"btc_amount":0,"data":"0000001e52bb3300405900000000000005f5e0ff09556e69742054657374","destination":"","fee":2400,"source":"1_mn6q3dS2EnDUx3bmyWc6D4szJNVGtaR7zc_mnfAHmddVibnZNSkh8DvKaQoiEfNsxjXzH_mtQheFaSfWELRB2MyMBaiWjdDm6ux9Ezns_3","supported":true,"tx_hash":"6a699fd869d0e62f25414bf85ad8ca8e97b389b1356410b0a9541cc816e612fb","tx_index":12,"utxos_info":" f686a674b2257c5de352e8d29d1bf07676717f6109f5d72c487affd209c68d82:0 2 "}',0,'NEW_TRANSACTION',NULL,'3d15bbd01faeea0072b1bc5943dfaa1ede91f4092ca4d5886898c1706e8bdbd1');
INSERT INTO messages VALUES(84,310011,'insert','broadcasts','{"block_index":310011,"fee_fraction_int":99999999,"locked":false,"source":"1_mn6q3dS2EnDUx3bmyWc6D4szJNVGtaR7zc_mnfAHmddVibnZNSkh8DvKaQoiEfNsxjXzH_mtQheFaSfWELRB2MyMBaiWjdDm6ux9Ezns_3","status":"valid","text":"Unit Test","timestamp":1388000000,"tx_hash":"6a699fd869d0e62f25414bf85ad8ca8e97b389b1356410b0a9541cc816e612fb","tx_index":12,"value":100.0}',0,'BROADCAST','6a699fd869d0e62f25414bf85ad8ca8e97b389b1356410b0a9541cc816e612fb','f19d6d09b354c3dfd455002e77e79d74921a291a70d291f290b82dc5e4cdcfbb');
INSERT INTO messages VALUES(85,310011,'parse','transactions','{"supported":true,"tx_hash":"6a699fd869d0e62f25414bf85ad8ca8e97b389b1356410b0a9541cc816e612fb","tx_index":12}',0,'TRANSACTION_PARSED','6a699fd869d0e62f25414bf85ad8ca8e97b389b1356410b0a9541cc816e612fb','d922e7f5ad0cb50d67b350a44a6f1d1e9d0578373889aeeb92a6f25ce674ac98');
INSERT INTO messages VALUES(86,310011,'parse','blocks','{"block_index":310011,"ledger_hash":"490bfec10bfd72eca7fcbae5887b94ce4739454a82e601dc754e4e9d1030f3c2","messages_hash":"56ae4c2c79dc00606e1f271ba86668041787468c95063ec303c818feda98323e","transaction_count":1,"txlist_hash":"686eaec5e1820f03bac7e71a20958bdc8d89ef5d6fc09cd85f47e41893d09238"}',0,'BLOCK_PARSED',NULL,'e7659bf7e41bc904903a23cdf9da7d76c4360a8cd06d62ca3e32b72f62f19bed');
INSERT INTO messages VALUES(87,310012,'insert','blocks','{"block_hash":"cdba329019d93a67b31b79d05f76ce1b7791d430ea0d6c1c2168fe78d2f67677","block_index":310012,"block_time":310012000,"difficulty":null,"ledger_hash":null,"previous_block_hash":null,"txlist_hash":null}',0,'NEW_BLOCK',NULL,'f8007c5f2941f89d5867f1e7a451ebb262c1098f036e0d36ebf5e53f489a25c4');
INSERT INTO messages VALUES(88,310012,'insert','transactions','{"block_hash":"cdba329019d93a67b31b79d05f76ce1b7791d430ea0d6c1c2168fe78d2f67677","block_index":310012,"block_time":310012000,"btc_amount":1000,"data":"00000028000052bb33640000000002faf08000000000017d7840000000000000000000003b100000000a","destination":"1_mn6q3dS2EnDUx3bmyWc6D4szJNVGtaR7zc_mnfAHmddVibnZNSkh8DvKaQoiEfNsxjXzH_mtQheFaSfWELRB2MyMBaiWjdDm6ux9Ezns_3","fee":3600,"source":"1_mn6q3dS2EnDUx3bmyWc6D4szJNVGtaR7zc_mnfAHmddVibnZNSkh8DvKaQoiEfNsxjXzH_mtQheFaSfWELRB2MyMBaiWjdDm6ux9Ezns_3","supported":true,"tx_hash":"ce9427a5ebfd0f9424c83adf247ac13dcbbccca6d4bba8a6ae3559284f9a3941","tx_index":13,"utxos_info":" fe5465cd42a781dc7931948ea598aa9c5f4f884d0f547107f92ca6ccf7b2d8c9:0 3 "}',0,'NEW_TRANSACTION',NULL,'a5e7764057c72b0373c707027c0c528df7ebd42691ee34f109f6f6fdfc06f82e');
INSERT INTO messages VALUES(89,310012,'insert','debits','{"action":"bet","address":"1_mn6q3dS2EnDUx3bmyWc6D4szJNVGtaR7zc_mnfAHmddVibnZNSkh8DvKaQoiEfNsxjXzH_mtQheFaSfWELRB2MyMBaiWjdDm6ux9Ezns_3","asset":"XCP","block_index":310012,"event":"ce9427a5ebfd0f9424c83adf247ac13dcbbccca6d4bba8a6ae3559284f9a3941","quantity":50000000,"tx_index":13,"utxo":null,"utxo_address":null}',0,'DEBIT','ce9427a5ebfd0f9424c83adf247ac13dcbbccca6d4bba8a6ae3559284f9a3941','c570ac826b9cb180c66083707f053c7c3683bb7b888322b931ace563eea06b60');
INSERT INTO messages VALUES(90,310012,'insert','bets','{"bet_type":0,"block_index":310012,"counterwager_quantity":25000000,"counterwager_remaining":25000000,"deadline":1388000100,"expiration":10,"expire_index":310022,"fee_fraction_int":99999999.0,"feed_address":"1_mn6q3dS2EnDUx3bmyWc6D4szJNVGtaR7zc_mnfAHmddVibnZNSkh8DvKaQoiEfNsxjXzH_mtQheFaSfWELRB2MyMBaiWjdDm6ux9Ezns_3","leverage":15120,"source":"1_mn6q3dS2EnDUx3bmyWc6D4szJNVGtaR7zc_mnfAHmddVibnZNSkh8DvKaQoiEfNsxjXzH_mtQheFaSfWELRB2MyMBaiWjdDm6ux9Ezns_3","status":"open","target_value":0.0,"tx_hash":"ce9427a5ebfd0f9424c83adf247ac13dcbbccca6d4bba8a6ae3559284f9a3941","tx_index":13,"wager_quantity":50000000,"wager_remaining":50000000}',0,'OPEN_BET','ce9427a5ebfd0f9424c83adf247ac13dcbbccca6d4bba8a6ae3559284f9a3941','6a5d9b1a9e4a7686e01def7fb153c3d7fdab83c53294d0111c0219eccc17dfaa');
INSERT INTO messages VALUES(91,310012,'parse','transactions','{"supported":true,"tx_hash":"ce9427a5ebfd0f9424c83adf247ac13dcbbccca6d4bba8a6ae3559284f9a3941","tx_index":13}',0,'TRANSACTION_PARSED','ce9427a5ebfd0f9424c83adf247ac13dcbbccca6d4bba8a6ae3559284f9a3941','488a7990aedbc303f1223ddb67ea03cb0d83729705ab69c9403d078e47eeea05');
INSERT INTO messages VALUES(92,310012,'parse','blocks','{"block_index":310012,"ledger_hash":"621d39c103bff9a76ada332f41e3ad54c89676bb6057f624942ddf28b31b5927","messages_hash":"e5e5866a4c1b795510dccef6457d294bd768f9f4983a4ffc374eebb5c5ae50ff","transaction_count":1,"txlist_hash":"fe7792324afa4a7b20ab86d6760ae875e9ae631e42571901560ac3ed6b86f966"}',0,'BLOCK_PARSED',NULL,'cec94645a2ab347c8ae7fc2cd1c950142c53f9667f6a91097e11167309c163d3');
INSERT INTO messages VALUES(93,310013,'insert','blocks','{"block_hash":"0425e5e832e4286757dc0228cd505b8d572081007218abd3a0983a3bcd502a61","block_index":310013,"block_time":310013000,"difficulty":null,"ledger_hash":null,"previous_block_hash":null,"txlist_hash":null}',0,'NEW_BLOCK',NULL,'8ed2c8a854cb30293136b29c6b904caa107ad9c229827bf92a3c88052f718a63');
INSERT INTO messages VALUES(94,310013,'insert','transactions','{"block_hash":"0425e5e832e4286757dc0228cd505b8d572081007218abd3a0983a3bcd502a61","block_index":310013,"block_time":310013000,"btc_amount":1000,"data":"00000028000152bb336400000000017d78400000000002793d60000000000000000000003b100000000a","destination":"1_mn6q3dS2EnDUx3bmyWc6D4szJNVGtaR7zc_mnfAHmddVibnZNSkh8DvKaQoiEfNsxjXzH_mtQheFaSfWELRB2MyMBaiWjdDm6ux9Ezns_3","fee":3600,"source":"1_mn6q3dS2EnDUx3bmyWc6D4szJNVGtaR7zc_mnfAHmddVibnZNSkh8DvKaQoiEfNsxjXzH_mtQheFaSfWELRB2MyMBaiWjdDm6ux9Ezns_3","supported":true,"tx_hash":"57b85926acd997392661e36850b31261381fb912135159b532412d1584347fd2","tx_index":14,"utxos_info":" 429f98589742a90d1780b3cdccb71454378319d5750e00dd1230f2c359d211ea:0 3 "}',0,'NEW_TRANSACTION',NULL,'9f7ecce6b80451d85b9d52564e059a7022a3a8b9516136ff363d797da9f9a7e6');
INSERT INTO messages VALUES(95,310013,'update','orders','{"status":"expired","tx_hash":"9f5de4ea5b89249f8588efd7f086d25be1ba35bc71f6a98a67a854c1ad90ab70"}',0,'ORDER_UPDATE',NULL,'c79b354294772e544f8017f6b5e7d7625de0077f8286de56e398c4060aee4c67');
INSERT INTO messages VALUES(96,310013,'insert','order_expirations','{"block_index":310013,"order_hash":"9f5de4ea5b89249f8588efd7f086d25be1ba35bc71f6a98a67a854c1ad90ab70","source":"1_mn6q3dS2EnDUx3bmyWc6D4szJNVGtaR7zc_mnfAHmddVibnZNSkh8DvKaQoiEfNsxjXzH_mtQheFaSfWELRB2MyMBaiWjdDm6ux9Ezns_3"}',0,'ORDER_EXPIRATION',NULL,'5cfe8834ab65586ad8f5162925704f55a0b564c95f40cf853921c113720c4ac6');
INSERT INTO messages VALUES(97,310013,'insert','debits','{"action":"bet","address":"1_mn6q3dS2EnDUx3bmyWc6D4szJNVGtaR7zc_mnfAHmddVibnZNSkh8DvKaQoiEfNsxjXzH_mtQheFaSfWELRB2MyMBaiWjdDm6ux9Ezns_3","asset":"XCP","block_index":310013,"event":"57b85926acd997392661e36850b31261381fb912135159b532412d1584347fd2","quantity":25000000,"tx_index":14,"utxo":null,"utxo_address":null}',0,'DEBIT','57b85926acd997392661e36850b31261381fb912135159b532412d1584347fd2','aa609e88daa9506e0b24de9e7455aaa21e40ba1884fb050c987b1a3d6d1707fc');
INSERT INTO messages VALUES(98,310013,'insert','bets','{"bet_type":1,"block_index":310013,"counterwager_quantity":41500000,"counterwager_remaining":41500000,"deadline":1388000100,"expiration":10,"expire_index":310023,"fee_fraction_int":99999999.0,"feed_address":"1_mn6q3dS2EnDUx3bmyWc6D4szJNVGtaR7zc_mnfAHmddVibnZNSkh8DvKaQoiEfNsxjXzH_mtQheFaSfWELRB2MyMBaiWjdDm6ux9Ezns_3","leverage":15120,"source":"1_mn6q3dS2EnDUx3bmyWc6D4szJNVGtaR7zc_mnfAHmddVibnZNSkh8DvKaQoiEfNsxjXzH_mtQheFaSfWELRB2MyMBaiWjdDm6ux9Ezns_3","status":"open","target_value":0.0,"tx_hash":"57b85926acd997392661e36850b31261381fb912135159b532412d1584347fd2","tx_index":14,"wager_quantity":25000000,"wager_remaining":25000000}',0,'OPEN_BET','57b85926acd997392661e36850b31261381fb912135159b532412d1584347fd2','51c7eac46e4eb7b4736d2342a96ea17119fc2f41701faef68e219409ad61a3fd');
INSERT INTO messages VALUES(99,310013,'update','bets','{"counterwager_remaining":4250000,"status":"open","tx_hash":"ce9427a5ebfd0f9424c83adf247ac13dcbbccca6d4bba8a6ae3559284f9a3941","wager_remaining":8500000}',0,'BET_UPDATE','57b85926acd997392661e36850b31261381fb912135159b532412d1584347fd2','8b715786ead8f137dc80d6b01ee48e39fa0d2c94b64dd49d1d40be23eafebbff');
INSERT INTO messages VALUES(100,310013,'insert','credits','{"address":"1_mn6q3dS2EnDUx3bmyWc6D4szJNVGtaR7zc_mnfAHmddVibnZNSkh8DvKaQoiEfNsxjXzH_mtQheFaSfWELRB2MyMBaiWjdDm6ux9Ezns_3","asset":"XCP","block_index":310013,"calling_function":"filled","event":"57b85926acd997392661e36850b31261381fb912135159b532412d1584347fd2","quantity":4250000,"tx_index":14,"utxo":null,"utxo_address":null}',0,'CREDIT','57b85926acd997392661e36850b31261381fb912135159b532412d1584347fd2','44ca2f326a7a2af5105ad9087e703e1ae2e7d7cb1cc80c4cf1e3a95b3cfa67b9');
INSERT INTO messages VALUES(101,310013,'update','bets','{"counterwager_remaining":0,"status":"filled","tx_hash":"57b85926acd997392661e36850b31261381fb912135159b532412d1584347fd2","wager_remaining":4250000}',0,'BET_UPDATE','57b85926acd997392661e36850b31261381fb912135159b532412d1584347fd2','aee5ec28225bb4255b3e675c2909e45758af83fc16bb97e287d790763d61993b');
INSERT INTO messages VALUES(102,310013,'insert','bet_matches','{"backward_quantity":20750000,"block_index":310012,"deadline":1388000100,"fee_fraction_int":99999999,"feed_address":"1_mn6q3dS2EnDUx3bmyWc6D4szJNVGtaR7zc_mnfAHmddVibnZNSkh8DvKaQoiEfNsxjXzH_mtQheFaSfWELRB2MyMBaiWjdDm6ux9Ezns_3","forward_quantity":41500000,"id":"ce9427a5ebfd0f9424c83adf247ac13dcbbccca6d4bba8a6ae3559284f9a3941_57b85926acd997392661e36850b31261381fb912135159b532412d1584347fd2","initial_value":100.0,"leverage":15120,"match_expire_index":310022,"status":"pending","target_value":0.0,"tx0_address":"1_mn6q3dS2EnDUx3bmyWc6D4szJNVGtaR7zc_mnfAHmddVibnZNSkh8DvKaQoiEfNsxjXzH_mtQheFaSfWELRB2MyMBaiWjdDm6ux9Ezns_3","tx0_bet_type":0,"tx0_block_index":310012,"tx0_expiration":10,"tx0_hash":"ce9427a5ebfd0f9424c83adf247ac13dcbbccca6d4bba8a6ae3559284f9a3941","tx0_index":13,"tx1_address":"1_mn6q3dS2EnDUx3bmyWc6D4szJNVGtaR7zc_mnfAHmddVibnZNSkh8DvKaQoiEfNsxjXzH_mtQheFaSfWELRB2MyMBaiWjdDm6ux9Ezns_3","tx1_bet_type":1,"tx1_block_index":310013,"tx1_expiration":10,"tx1_hash":"57b85926acd997392661e36850b31261381fb912135159b532412d1584347fd2","tx1_index":14}',0,'BET_MATCH','57b85926acd997392661e36850b31261381fb912135159b532412d1584347fd2','c242e0abf7c264ed8172bc428d9bc0e843503b42a4ee2f5071d9cc362cbab57b');
INSERT INTO messages VALUES(103,310013,'parse','transactions','{"supported":true,"tx_hash":"57b85926acd997392661e36850b31261381fb912135159b532412d1584347fd2","tx_index":14}',0,'TRANSACTION_PARSED','57b85926acd997392661e36850b31261381fb912135159b532412d1584347fd2','68c53b414b0869dfbb77ce7046381ceabdafb2cfe4d17a1b630c9b8b21dfa7dd');
INSERT INTO messages VALUES(104,310013,'parse','blocks','{"block_index":310013,"ledger_hash":"7d31be770d6bb6669bcb0a8a5964e57a758788cbbb942d1d3da1abd25b5dd158","messages_hash":"aee41c500a90640a30164c52bcabea98f38af5f56394aafc2d9fab075d8b9048","transaction_count":1,"txlist_hash":"c7c2f4c8072eb5e9171eb1f17539fc5e8805b72326c56cc64ad5a589749d42a9"}',0,'BLOCK_PARSED',NULL,'3b9f4c08ea92dda43627b5ec3703457f035b4eb17babfbdd1bd33f9954500eb1');
INSERT INTO messages VALUES(105,310014,'insert','blocks','{"block_hash":"85b28d413ebda2968ed82ae53643677338650151b997ed1e4656158005b9f65f","block_index":310014,"block_time":310014000,"difficulty":null,"ledger_hash":null,"previous_block_hash":null,"txlist_hash":null}',0,'NEW_BLOCK',NULL,'e92204bc2dc923cae4064a4d2d05d98314eed465ce91b0a1f52527e48d42b907');
INSERT INTO messages VALUES(106,310014,'insert','transactions','{"block_hash":"85b28d413ebda2968ed82ae53643677338650151b997ed1e4656158005b9f65f","block_index":310014,"block_time":310014000,"btc_amount":1000,"data":"00000028000052bb33640000000008f0d1800000000014dc93800000000000000000000013b00000000a","destination":"1_mn6q3dS2EnDUx3bmyWc6D4szJNVGtaR7zc_mnfAHmddVibnZNSkh8DvKaQoiEfNsxjXzH_mtQheFaSfWELRB2MyMBaiWjdDm6ux9Ezns_3","fee":3600,"source":"1_mn6q3dS2EnDUx3bmyWc6D4szJNVGtaR7zc_mnfAHmddVibnZNSkh8DvKaQoiEfNsxjXzH_mtQheFaSfWELRB2MyMBaiWjdDm6ux9Ezns_3","supported":true,"tx_hash":"1317ca845a8bcd63b3b628541f2b64129f1dafc75598f175cb7286905867bfee","tx_index":15,"utxos_info":" 38d0fc8c6fea724a17a172a8d62ff3feb728d6a917d29b2fb45fd7eb4b5bf3aa:0 3 "}',0,'NEW_TRANSACTION',NULL,'c90b048587961d2b1fe96d908f42feb8c2362d63313e1b1d51d1f7c5f5a2c075');
INSERT INTO messages VALUES(107,310014,'update','orders','{"status":"expired","tx_hash":"f392f7180c4e71a8de800832be946a2d9e86cedf73937031f8d92815ed06ab42"}',0,'ORDER_UPDATE',NULL,'c1f5a1e83168a6571fb8edb533874684a9871a4b0d4a5d832314f663f40e7c98');
INSERT INTO messages VALUES(108,310014,'insert','credits','{"address":"1_mn6q3dS2EnDUx3bmyWc6D4szJNVGtaR7zc_mnfAHmddVibnZNSkh8DvKaQoiEfNsxjXzH_mtQheFaSfWELRB2MyMBaiWjdDm6ux9Ezns_3","asset":"XCP","block_index":310014,"calling_function":"cancel order","event":"f392f7180c4e71a8de800832be946a2d9e86cedf73937031f8d92815ed06ab42","quantity":5000000,"tx_index":0,"utxo":null,"utxo_address":null}',0,'CREDIT',NULL,'ad46ba29a95e53f68f0c304aa8ac566eb63db9d66573fbb1decca936681c754a');
INSERT INTO messages VALUES(109,310014,'insert','order_expirations','{"block_index":310014,"order_hash":"f392f7180c4e71a8de800832be946a2d9e86cedf73937031f8d92815ed06ab42","source":"1_mn6q3dS2EnDUx3bmyWc6D4szJNVGtaR7zc_mnfAHmddVibnZNSkh8DvKaQoiEfNsxjXzH_mtQheFaSfWELRB2MyMBaiWjdDm6ux9Ezns_3"}',0,'ORDER_EXPIRATION',NULL,'d2e93a6e94a49bff3e188f11aa4e77e01c9eda878c039788122297099449c5de');
INSERT INTO messages VALUES(110,310014,'insert','debits','{"action":"bet","address":"1_mn6q3dS2EnDUx3bmyWc6D4szJNVGtaR7zc_mnfAHmddVibnZNSkh8DvKaQoiEfNsxjXzH_mtQheFaSfWELRB2MyMBaiWjdDm6ux9Ezns_3","asset":"XCP","block_index":310014,"event":"1317ca845a8bcd63b3b628541f2b64129f1dafc75598f175cb7286905867bfee","quantity":150000000,"tx_index":15,"utxo":null,"utxo_address":null}',0,'DEBIT','1317ca845a8bcd63b3b628541f2b64129f1dafc75598f175cb7286905867bfee','dcca84d1ef16e38567efec0ccd002b97e089ea243173c77ec57a862ff8a2ad7c');
INSERT INTO messages VALUES(111,310014,'insert','bets','{"bet_type":0,"block_index":310014,"counterwager_quantity":350000000,"counterwager_remaining":350000000,"deadline":1388000100,"expiration":10,"expire_index":310024,"fee_fraction_int":99999999.0,"feed_address":"1_mn6q3dS2EnDUx3bmyWc6D4szJNVGtaR7zc_mnfAHmddVibnZNSkh8DvKaQoiEfNsxjXzH_mtQheFaSfWELRB2MyMBaiWjdDm6ux9Ezns_3","leverage":5040,"source":"1_mn6q3dS2EnDUx3bmyWc6D4szJNVGtaR7zc_mnfAHmddVibnZNSkh8DvKaQoiEfNsxjXzH_mtQheFaSfWELRB2MyMBaiWjdDm6ux9Ezns_3","status":"open","target_value":0.0,"tx_hash":"1317ca845a8bcd63b3b628541f2b64129f1dafc75598f175cb7286905867bfee","tx_index":15,"wager_quantity":150000000,"wager_remaining":150000000}',0,'OPEN_BET','1317ca845a8bcd63b3b628541f2b64129f1dafc75598f175cb7286905867bfee','57679acbf56e25640dbcd9471ee22b40476ad0d5c44525d710c5a88da623f7f5');
INSERT INTO messages VALUES(112,310014,'parse','transactions','{"supported":true,"tx_hash":"1317ca845a8bcd63b3b628541f2b64129f1dafc75598f175cb7286905867bfee","tx_index":15}',0,'TRANSACTION_PARSED','1317ca845a8bcd63b3b628541f2b64129f1dafc75598f175cb7286905867bfee','0610d39e8eec3ab08ed402c0cc4dc8f47ea11584ee4e91c9b75957e7770b3dd8');
INSERT INTO messages VALUES(113,310014,'parse','blocks','{"block_index":310014,"ledger_hash":"3aba9622f8de243bcd5e6a5c88fdf04a79a52d95bdc1778d57586b13f30e501c","messages_hash":"59e4fcd196ea5b51ca1656745dd8b77d0e664034bcee9150cced31d2d169037c","transaction_count":1,"txlist_hash":"c6fd8b229e4181e5cabf17812c5bff2c13147a5c5950fa5954b2f183ea9a1ca5"}',0,'BLOCK_PARSED',NULL,'ed9f84413f650cd32d7d85ff1d87984fe3dba165cebbb24c39416809f19fb421');
INSERT INTO messages VALUES(114,310015,'insert','blocks','{"block_hash":"4cf77d688f18f0c68c077db882f62e49f31859dfa6144372457cd73b29223922","block_index":310015,"block_time":310015000,"difficulty":null,"ledger_hash":null,"previous_block_hash":null,"txlist_hash":null}',0,'NEW_BLOCK',NULL,'367bd2a3000dea0bd858ddf0345e847ba062dcdf8faacdf3cf0e04890a59f76e');
INSERT INTO messages VALUES(115,310015,'insert','transactions','{"block_hash":"4cf77d688f18f0c68c077db882f62e49f31859dfa6144372457cd73b29223922","block_index":310015,"block_time":310015000,"btc_amount":1000,"data":"00000028000152bb33640000000014dc93800000000008f0d1800000000000000000000013b00000000a","destination":"1_mn6q3dS2EnDUx3bmyWc6D4szJNVGtaR7zc_mnfAHmddVibnZNSkh8DvKaQoiEfNsxjXzH_mtQheFaSfWELRB2MyMBaiWjdDm6ux9Ezns_3","fee":3600,"source":"1_mn6q3dS2EnDUx3bmyWc6D4szJNVGtaR7zc_mnfAHmddVibnZNSkh8DvKaQoiEfNsxjXzH_mtQheFaSfWELRB2MyMBaiWjdDm6ux9Ezns_3","supported":true,"tx_hash":"954d3e77a103644dbff1113de23c1c53f6c4037cd8a3809799a3b55ca4ab9d1e","tx_index":16,"utxos_info":" 5396d39e294449441b24b6b319375fa78b30b46f593ca8a5170c06099a6ba9f6:0 3 "}',0,'NEW_TRANSACTION',NULL,'66cc055c9a05e030a4c7473adf85a358674c55b1b975ca045d4f19ca042e058f');
INSERT INTO messages VALUES(116,310015,'insert','debits','{"action":"bet","address":"1_mn6q3dS2EnDUx3bmyWc6D4szJNVGtaR7zc_mnfAHmddVibnZNSkh8DvKaQoiEfNsxjXzH_mtQheFaSfWELRB2MyMBaiWjdDm6ux9Ezns_3","asset":"XCP","block_index":310015,"event":"954d3e77a103644dbff1113de23c1c53f6c4037cd8a3809799a3b55ca4ab9d1e","quantity":350000000,"tx_index":16,"utxo":null,"utxo_address":null}',0,'DEBIT','954d3e77a103644dbff1113de23c1c53f6c4037cd8a3809799a3b55ca4ab9d1e','e5a9a02385c4babc8083cd622d73a5c71295172705d2d10b0af68518a0d042a8');
INSERT INTO messages VALUES(117,310015,'insert','bets','{"bet_type":1,"block_index":310015,"counterwager_quantity":150000000,"counterwager_remaining":150000000,"deadline":1388000100,"expiration":10,"expire_index":310025,"fee_fraction_int":99999999.0,"feed_address":"1_mn6q3dS2EnDUx3bmyWc6D4szJNVGtaR7zc_mnfAHmddVibnZNSkh8DvKaQoiEfNsxjXzH_mtQheFaSfWELRB2MyMBaiWjdDm6ux9Ezns_3","leverage":5040,"source":"1_mn6q3dS2EnDUx3bmyWc6D4szJNVGtaR7zc_mnfAHmddVibnZNSkh8DvKaQoiEfNsxjXzH_mtQheFaSfWELRB2MyMBaiWjdDm6ux9Ezns_3","status":"open","target_value":0.0,"tx_hash":"954d3e77a103644dbff1113de23c1c53f6c4037cd8a3809799a3b55ca4ab9d1e","tx_index":16,"wager_quantity":350000000,"wager_remaining":350000000}',0,'OPEN_BET','954d3e77a103644dbff1113de23c1c53f6c4037cd8a3809799a3b55ca4ab9d1e','d3b44a4fe0c80368b47bfa31e55af4763036667e1ce377dd080ea79205cfdadf');
INSERT INTO messages VALUES(118,310015,'insert','credits','{"address":"1_mn6q3dS2EnDUx3bmyWc6D4szJNVGtaR7zc_mnfAHmddVibnZNSkh8DvKaQoiEfNsxjXzH_mtQheFaSfWELRB2MyMBaiWjdDm6ux9Ezns_3","asset":"XCP","block_index":310015,"calling_function":"filled","event":"954d3e77a103644dbff1113de23c1c53f6c4037cd8a3809799a3b55ca4ab9d1e","quantity":0,"tx_index":16,"utxo":null,"utxo_address":null}',0,'CREDIT','954d3e77a103644dbff1113de23c1c53f6c4037cd8a3809799a3b55ca4ab9d1e','9e7f7f63e672ac3d021425c9114ca2456efca0e7228a180133e76e9d237f864e');
INSERT INTO messages VALUES(119,310015,'update','bets','{"counterwager_remaining":0,"status":"filled","tx_hash":"1317ca845a8bcd63b3b628541f2b64129f1dafc75598f175cb7286905867bfee","wager_remaining":0}',0,'BET_UPDATE','954d3e77a103644dbff1113de23c1c53f6c4037cd8a3809799a3b55ca4ab9d1e','c4a88f3ec5feaaa7eaeae7125cd3726f37b41620276dd44061bc33a89a97462e');
INSERT INTO messages VALUES(120,310015,'insert','credits','{"address":"1_mn6q3dS2EnDUx3bmyWc6D4szJNVGtaR7zc_mnfAHmddVibnZNSkh8DvKaQoiEfNsxjXzH_mtQheFaSfWELRB2MyMBaiWjdDm6ux9Ezns_3","asset":"XCP","block_index":310015,"calling_function":"filled","event":"954d3e77a103644dbff1113de23c1c53f6c4037cd8a3809799a3b55ca4ab9d1e","quantity":0,"tx_index":16,"utxo":null,"utxo_address":null}',0,'CREDIT','954d3e77a103644dbff1113de23c1c53f6c4037cd8a3809799a3b55ca4ab9d1e','40b669113b3a7ffc57cef93479f66ddf70fafc6627833c81c128ccdc5ae35ba9');
INSERT INTO messages VALUES(121,310015,'update','bets','{"counterwager_remaining":0,"status":"filled","tx_hash":"954d3e77a103644dbff1113de23c1c53f6c4037cd8a3809799a3b55ca4ab9d1e","wager_remaining":0}',0,'BET_UPDATE','954d3e77a103644dbff1113de23c1c53f6c4037cd8a3809799a3b55ca4ab9d1e','d7fe675e5c225f5ddea53d2dc881f7dbdf2e36a99d6262f98e4b042b6ed505d7');
INSERT INTO messages VALUES(122,310015,'insert','bet_matches','{"backward_quantity":350000000,"block_index":310014,"deadline":1388000100,"fee_fraction_int":99999999,"feed_address":"1_mn6q3dS2EnDUx3bmyWc6D4szJNVGtaR7zc_mnfAHmddVibnZNSkh8DvKaQoiEfNsxjXzH_mtQheFaSfWELRB2MyMBaiWjdDm6ux9Ezns_3","forward_quantity":150000000,"id":"1317ca845a8bcd63b3b628541f2b64129f1dafc75598f175cb7286905867bfee_954d3e77a103644dbff1113de23c1c53f6c4037cd8a3809799a3b55ca4ab9d1e","initial_value":100.0,"leverage":5040,"match_expire_index":310024,"status":"pending","target_value":0.0,"tx0_address":"1_mn6q3dS2EnDUx3bmyWc6D4szJNVGtaR7zc_mnfAHmddVibnZNSkh8DvKaQoiEfNsxjXzH_mtQheFaSfWELRB2MyMBaiWjdDm6ux9Ezns_3","tx0_bet_type":0,"tx0_block_index":310014,"tx0_expiration":10,"tx0_hash":"1317ca845a8bcd63b3b628541f2b64129f1dafc75598f175cb7286905867bfee","tx0_index":15,"tx1_address":"1_mn6q3dS2EnDUx3bmyWc6D4szJNVGtaR7zc_mnfAHmddVibnZNSkh8DvKaQoiEfNsxjXzH_mtQheFaSfWELRB2MyMBaiWjdDm6ux9Ezns_3","tx1_bet_type":1,"tx1_block_index":310015,"tx1_expiration":10,"tx1_hash":"954d3e77a103644dbff1113de23c1c53f6c4037cd8a3809799a3b55ca4ab9d1e","tx1_index":16}',0,'BET_MATCH','954d3e77a103644dbff1113de23c1c53f6c4037cd8a3809799a3b55ca4ab9d1e','0741f75285189247982c9ac017bc1d270d346771fc75c87755d7efe96006cf5a');
INSERT INTO messages VALUES(123,310015,'parse','transactions','{"supported":true,"tx_hash":"954d3e77a103644dbff1113de23c1c53f6c4037cd8a3809799a3b55ca4ab9d1e","tx_index":16}',0,'TRANSACTION_PARSED','954d3e77a103644dbff1113de23c1c53f6c4037cd8a3809799a3b55ca4ab9d1e','5784d6c1ba7f27e68b5cbdf968eb4985f0b2bba0b951b894613250fb6c1ff242');
INSERT INTO messages VALUES(124,310015,'parse','blocks','{"block_index":310015,"ledger_hash":"342e5dddd2289d3d6e381fade13e5a5e3ed27615b89bd8e06ea2bab8f8b48be8","messages_hash":"00af661a0e1c219358842b488c93a3689fd2fde229452f3bc6fa695e01fccc24","transaction_count":1,"txlist_hash":"44d68dac4f4a89f33982621eca8dff32b3d426025d15f3f1d6025314aef3d2d7"}',0,'BLOCK_PARSED',NULL,'b4852c5fa432939dccd0602fed9d14532c21f5c84817be322dcb7cdd12f07f47');
INSERT INTO messages VALUES(125,310016,'insert','blocks','{"block_hash":"99dc7d2627efb4e5e618a53b9898b4ca39c70e98fe9bf39f68a6c980f5b64ef9","block_index":310016,"block_time":310016000,"difficulty":null,"ledger_hash":null,"previous_block_hash":null,"txlist_hash":null}',0,'NEW_BLOCK',NULL,'ca945f8760b47c5261af8d047c635c9a8fae3aee264c252912427971ae80cc7a');
INSERT INTO messages VALUES(126,310016,'insert','transactions','{"block_hash":"99dc7d2627efb4e5e618a53b9898b4ca39c70e98fe9bf39f68a6c980f5b64ef9","block_index":310016,"block_time":310016000,"btc_amount":1000,"data":"00000028000252bb33c8000000002cb417800000000026be36803ff0000000000000000013b00000000a","destination":"1_mn6q3dS2EnDUx3bmyWc6D4szJNVGtaR7zc_mnfAHmddVibnZNSkh8DvKaQoiEfNsxjXzH_mtQheFaSfWELRB2MyMBaiWjdDm6ux9Ezns_3","fee":3600,"source":"1_mn6q3dS2EnDUx3bmyWc6D4szJNVGtaR7zc_mnfAHmddVibnZNSkh8DvKaQoiEfNsxjXzH_mtQheFaSfWELRB2MyMBaiWjdDm6ux9Ezns_3","supported":true,"tx_hash":"8bf3334242d027e1e0bbae98957302cb11723f56ef1f8199c6001bf8add80382","tx_index":17,"utxos_info":" f358b02da5691836c0208a1bb95d07c69665a095fe6c55c2dda9a5066e464382:0 3 "}',0,'NEW_TRANSACTION',NULL,'a9983d39c8603fdcf9d400dff125091b1942ed7f82a0ebd2bb40707f3efe4d10');
INSERT INTO messages VALUES(127,310016,'insert','debits','{"action":"bet","address":"1_mn6q3dS2EnDUx3bmyWc6D4szJNVGtaR7zc_mnfAHmddVibnZNSkh8DvKaQoiEfNsxjXzH_mtQheFaSfWELRB2MyMBaiWjdDm6ux9Ezns_3","asset":"XCP","block_index":310016,"event":"8bf3334242d027e1e0bbae98957302cb11723f56ef1f8199c6001bf8add80382","quantity":750000000,"tx_index":17,"utxo":null,"utxo_address":null}',0,'DEBIT','8bf3334242d027e1e0bbae98957302cb11723f56ef1f8199c6001bf8add80382','c59851e3dffb1194f82d4791c098f0b89b13a2485af56a64881fc8b2841533b8');
INSERT INTO messages VALUES(128,310016,'insert','bets','{"bet_type":2,"block_index":310016,"counterwager_quantity":650000000,"counterwager_remaining":650000000,"deadline":1388000200,"expiration":10,"expire_index":310026,"fee_fraction_int":99999999.0,"feed_address":"1_mn6q3dS2EnDUx3bmyWc6D4szJNVGtaR7zc_mnfAHmddVibnZNSkh8DvKaQoiEfNsxjXzH_mtQheFaSfWELRB2MyMBaiWjdDm6ux9Ezns_3","leverage":5040,"source":"1_mn6q3dS2EnDUx3bmyWc6D4szJNVGtaR7zc_mnfAHmddVibnZNSkh8DvKaQoiEfNsxjXzH_mtQheFaSfWELRB2MyMBaiWjdDm6ux9Ezns_3","status":"open","target_value":1.0,"tx_hash":"8bf3334242d027e1e0bbae98957302cb11723f56ef1f8199c6001bf8add80382","tx_index":17,"wager_quantity":750000000,"wager_remaining":750000000}',0,'OPEN_BET','8bf3334242d027e1e0bbae98957302cb11723f56ef1f8199c6001bf8add80382','6c22ef1a159117c97a86c0decd99da23755116abb2e313bda3281d7100a2815b');
INSERT INTO messages VALUES(129,310016,'parse','transactions','{"supported":true,"tx_hash":"8bf3334242d027e1e0bbae98957302cb11723f56ef1f8199c6001bf8add80382","tx_index":17}',0,'TRANSACTION_PARSED','8bf3334242d027e1e0bbae98957302cb11723f56ef1f8199c6001bf8add80382','6424a3da5cd6fa581fb3eb7cb859d7680937775b082f98291e6a59bb61a708a4');
INSERT INTO messages VALUES(130,310016,'parse','blocks','{"block_index":310016,"ledger_hash":"51b904e6b18ce4d17bdc491457036ff3a4ba70789ae929862844e9456c3b9b01","messages_hash":"ffd003b086bb83a18d1b935414d0140b347351945e55f623bc2fbdb0e6b3e442","transaction_count":1,"txlist_hash":"200206039aef8f015c7bfa8aaaee09bf684d273cf52a67152fa59222b6e8e643"}',0,'BLOCK_PARSED',NULL,'aa0276c3063cbe945ab2ebf3591f60b410effa26d70af4ddc4c4e376294387fc');
INSERT INTO messages VALUES(131,310017,'insert','blocks','{"block_hash":"8a4fedfbf734b91a5c5761a7bcb3908ea57169777a7018148c51ff611970e4a3","block_index":310017,"block_time":310017000,"difficulty":null,"ledger_hash":null,"previous_block_hash":null,"txlist_hash":null}',0,'NEW_BLOCK',NULL,'3fc838c51fad8156ea1e46c0417e37371f185d0c44fed70ec6851b9dc63bc674');
INSERT INTO messages VALUES(132,310017,'insert','transactions','{"block_hash":"8a4fedfbf734b91a5c5761a7bcb3908ea57169777a7018148c51ff611970e4a3","block_index":310017,"block_time":310017000,"btc_amount":1000,"data":"00000028000352bb33c80000000026be3680000000002cb417803ff0000000000000000013b00000000a","destination":"1_mn6q3dS2EnDUx3bmyWc6D4szJNVGtaR7zc_mnfAHmddVibnZNSkh8DvKaQoiEfNsxjXzH_mtQheFaSfWELRB2MyMBaiWjdDm6ux9Ezns_3","fee":3600,"source":"1_mn6q3dS2EnDUx3bmyWc6D4szJNVGtaR7zc_mnfAHmddVibnZNSkh8DvKaQoiEfNsxjXzH_mtQheFaSfWELRB2MyMBaiWjdDm6ux9Ezns_3","supported":true,"tx_hash":"484b6051771ba0d93664fd77e51c24e64b5a9676f2da4b6cf3530c2363be772a","tx_index":18,"utxos_info":" b1a63ec3281f245836b4c0219e9a79464113a046c609cdc436323924e9c0d988:0 3 "}',0,'NEW_TRANSACTION',NULL,'1bf08110011dbef512e2dfe6629d8b3d029fde08a8c4a4990f71b6f73f50fd91');
INSERT INTO messages VALUES(133,310017,'insert','debits','{"action":"bet","address":"1_mn6q3dS2EnDUx3bmyWc6D4szJNVGtaR7zc_mnfAHmddVibnZNSkh8DvKaQoiEfNsxjXzH_mtQheFaSfWELRB2MyMBaiWjdDm6ux9Ezns_3","asset":"XCP","block_index":310017,"event":"484b6051771ba0d93664fd77e51c24e64b5a9676f2da4b6cf3530c2363be772a","quantity":650000000,"tx_index":18,"utxo":null,"utxo_address":null}',0,'DEBIT','484b6051771ba0d93664fd77e51c24e64b5a9676f2da4b6cf3530c2363be772a','1db67e7fe1306b4aa819559ac5a01fce7de3a11c0fd28eaa8f82a902396d7d6c');
INSERT INTO messages VALUES(134,310017,'insert','bets','{"bet_type":3,"block_index":310017,"counterwager_quantity":750000000,"counterwager_remaining":750000000,"deadline":1388000200,"expiration":10,"expire_index":310027,"fee_fraction_int":99999999.0,"feed_address":"1_mn6q3dS2EnDUx3bmyWc6D4szJNVGtaR7zc_mnfAHmddVibnZNSkh8DvKaQoiEfNsxjXzH_mtQheFaSfWELRB2MyMBaiWjdDm6ux9Ezns_3","leverage":5040,"source":"1_mn6q3dS2EnDUx3bmyWc6D4szJNVGtaR7zc_mnfAHmddVibnZNSkh8DvKaQoiEfNsxjXzH_mtQheFaSfWELRB2MyMBaiWjdDm6ux9Ezns_3","status":"open","target_value":1.0,"tx_hash":"484b6051771ba0d93664fd77e51c24e64b5a9676f2da4b6cf3530c2363be772a","tx_index":18,"wager_quantity":650000000,"wager_remaining":650000000}',0,'OPEN_BET','484b6051771ba0d93664fd77e51c24e64b5a9676f2da4b6cf3530c2363be772a','92782d1053e82a6085d0196c845d069628e6b7ad7f4e081f2df5f27981ed206b');
INSERT INTO messages VALUES(135,310017,'insert','credits','{"address":"1_mn6q3dS2EnDUx3bmyWc6D4szJNVGtaR7zc_mnfAHmddVibnZNSkh8DvKaQoiEfNsxjXzH_mtQheFaSfWELRB2MyMBaiWjdDm6ux9Ezns_3","asset":"XCP","block_index":310017,"calling_function":"filled","event":"484b6051771ba0d93664fd77e51c24e64b5a9676f2da4b6cf3530c2363be772a","quantity":0,"tx_index":18,"utxo":null,"utxo_address":null}',0,'CREDIT','484b6051771ba0d93664fd77e51c24e64b5a9676f2da4b6cf3530c2363be772a','bbb33070276aae88754d5b250b0c35382cbf0f1aca2a78967829246062773084');
INSERT INTO messages VALUES(136,310017,'update','bets','{"counterwager_remaining":0,"status":"filled","tx_hash":"8bf3334242d027e1e0bbae98957302cb11723f56ef1f8199c6001bf8add80382","wager_remaining":0}',0,'BET_UPDATE','484b6051771ba0d93664fd77e51c24e64b5a9676f2da4b6cf3530c2363be772a','049d2acc39a670f2c3e744270f776cbdae6cc034f345a5cbc2bdd3aa79145864');
INSERT INTO messages VALUES(137,310017,'insert','credits','{"address":"1_mn6q3dS2EnDUx3bmyWc6D4szJNVGtaR7zc_mnfAHmddVibnZNSkh8DvKaQoiEfNsxjXzH_mtQheFaSfWELRB2MyMBaiWjdDm6ux9Ezns_3","asset":"XCP","block_index":310017,"calling_function":"filled","event":"484b6051771ba0d93664fd77e51c24e64b5a9676f2da4b6cf3530c2363be772a","quantity":0,"tx_index":18,"utxo":null,"utxo_address":null}',0,'CREDIT','484b6051771ba0d93664fd77e51c24e64b5a9676f2da4b6cf3530c2363be772a','7ee642103f0ef58162766a808fe21f0408e19cec412b23206598f9532e9e3b7c');
INSERT INTO messages VALUES(138,310017,'update','bets','{"counterwager_remaining":0,"status":"filled","tx_hash":"484b6051771ba0d93664fd77e51c24e64b5a9676f2da4b6cf3530c2363be772a","wager_remaining":0}',0,'BET_UPDATE','484b6051771ba0d93664fd77e51c24e64b5a9676f2da4b6cf3530c2363be772a','6532455637124514571373cfc8616b085267e9e2a6a8cdc4a75e3f163d0f8d11');
INSERT INTO messages VALUES(139,310017,'insert','bet_matches','{"backward_quantity":650000000,"block_index":310016,"deadline":1388000200,"fee_fraction_int":99999999,"feed_address":"1_mn6q3dS2EnDUx3bmyWc6D4szJNVGtaR7zc_mnfAHmddVibnZNSkh8DvKaQoiEfNsxjXzH_mtQheFaSfWELRB2MyMBaiWjdDm6ux9Ezns_3","forward_quantity":750000000,"id":"8bf3334242d027e1e0bbae98957302cb11723f56ef1f8199c6001bf8add80382_484b6051771ba0d93664fd77e51c24e64b5a9676f2da4b6cf3530c2363be772a","initial_value":100.0,"leverage":5040,"match_expire_index":310026,"status":"pending","target_value":1.0,"tx0_address":"1_mn6q3dS2EnDUx3bmyWc6D4szJNVGtaR7zc_mnfAHmddVibnZNSkh8DvKaQoiEfNsxjXzH_mtQheFaSfWELRB2MyMBaiWjdDm6ux9Ezns_3","tx0_bet_type":2,"tx0_block_index":310016,"tx0_expiration":10,"tx0_hash":"8bf3334242d027e1e0bbae98957302cb11723f56ef1f8199c6001bf8add80382","tx0_index":17,"tx1_address":"1_mn6q3dS2EnDUx3bmyWc6D4szJNVGtaR7zc_mnfAHmddVibnZNSkh8DvKaQoiEfNsxjXzH_mtQheFaSfWELRB2MyMBaiWjdDm6ux9Ezns_3","tx1_bet_type":3,"tx1_block_index":310017,"tx1_expiration":10,"tx1_hash":"484b6051771ba0d93664fd77e51c24e64b5a9676f2da4b6cf3530c2363be772a","tx1_index":18}',0,'BET_MATCH','484b6051771ba0d93664fd77e51c24e64b5a9676f2da4b6cf3530c2363be772a','3a2950bb338fd0a6885e9de82487599ddb9ab993465cb7954c21eb1132a2af9d');
INSERT INTO messages VALUES(140,310017,'parse','transactions','{"supported":true,"tx_hash":"484b6051771ba0d93664fd77e51c24e64b5a9676f2da4b6cf3530c2363be772a","tx_index":18}',0,'TRANSACTION_PARSED','484b6051771ba0d93664fd77e51c24e64b5a9676f2da4b6cf3530c2363be772a','7a49695dce78dd3938b0a7b3a5f3443b0a45bb185b87a1426a6efdb1b64c2cc9');
INSERT INTO messages VALUES(141,310017,'parse','blocks','{"block_index":310017,"ledger_hash":"03a60654bc84711524cb38171f6573acbe8cc2120787bd09e5ec621b2f53929c","messages_hash":"f0713cf5b720ec9aa959d415a98718c6531415127abdbc03d78c4ac77231d4d1","transaction_count":1,"txlist_hash":"81782b68dd012be9cec466b9ce7cfa285e4ce30989d9a6ffc3fdd5b0d2a8d6a0"}',0,'BLOCK_PARSED',NULL,'81473606f5da262e624f49a33bb5e29fcc523bcdd120782672752dd9553deee0');
INSERT INTO messages VALUES(142,310018,'insert','blocks','{"block_hash":"35c06f9e3de39e4e56ceb1d1a22008f52361c50dd0d251c0acbe2e3c2dba8ed3","block_index":310018,"block_time":310018000,"difficulty":null,"ledger_hash":null,"previous_block_hash":null,"txlist_hash":null}',0,'NEW_BLOCK',NULL,'5a4ba6b96d5fb28b2c771027a07de31bd035e42712d4ad7e7069c6e678f53d2e');
INSERT INTO messages VALUES(143,310018,'insert','transactions','{"block_hash":"35c06f9e3de39e4e56ceb1d1a22008f52361c50dd0d251c0acbe2e3c2dba8ed3","block_index":310018,"block_time":310018000,"btc_amount":0,"data":"0000001e52bb33324058f7256ffc115e004c4b4009556e69742054657374","destination":"","fee":2400,"source":"1_mn6q3dS2EnDUx3bmyWc6D4szJNVGtaR7zc_mnfAHmddVibnZNSkh8DvKaQoiEfNsxjXzH_mtQheFaSfWELRB2MyMBaiWjdDm6ux9Ezns_3","supported":true,"tx_hash":"160e27870a810a91442861c5007d858f12072c3fafe8605a7cbb3de9925bdfd9","tx_index":19,"utxos_info":" 7c8bbdec0d54280b0c34ed50c30303ea121eecd004761feae236316c1fc1d07b:0 2 "}',0,'NEW_TRANSACTION',NULL,'f70979c1695d337df026008ac86a084f736f49981838ce3a5b7d046d215cd40c');
INSERT INTO messages VALUES(144,310018,'insert','broadcasts','{"block_index":310018,"fee_fraction_int":5000000,"locked":false,"source":"1_mn6q3dS2EnDUx3bmyWc6D4szJNVGtaR7zc_mnfAHmddVibnZNSkh8DvKaQoiEfNsxjXzH_mtQheFaSfWELRB2MyMBaiWjdDm6ux9Ezns_3","status":"valid","text":"Unit Test","timestamp":1388000050,"tx_hash":"160e27870a810a91442861c5007d858f12072c3fafe8605a7cbb3de9925bdfd9","tx_index":19,"value":99.86166}',0,'BROADCAST','160e27870a810a91442861c5007d858f12072c3fafe8605a7cbb3de9925bdfd9','08ee7956d5fbf4a56d673fb065c29fa9988478bc4c698468e24469bb98e1d1df');
INSERT INTO messages VALUES(145,310018,'insert','credits','{"address":"1_mn6q3dS2EnDUx3bmyWc6D4szJNVGtaR7zc_mnfAHmddVibnZNSkh8DvKaQoiEfNsxjXzH_mtQheFaSfWELRB2MyMBaiWjdDm6ux9Ezns_3","asset":"XCP","block_index":310018,"calling_function":"bet settled: liquidated for bear","event":"160e27870a810a91442861c5007d858f12072c3fafe8605a7cbb3de9925bdfd9","quantity":59137500,"tx_index":19,"utxo":null,"utxo_address":null}',0,'CREDIT','160e27870a810a91442861c5007d858f12072c3fafe8605a7cbb3de9925bdfd9','158a96864b735bd4bc60dbad0ef0779c870d15dcd09f09b93635feef1eeaa546');
INSERT INTO messages VALUES(146,310018,'insert','credits','{"address":"1_mn6q3dS2EnDUx3bmyWc6D4szJNVGtaR7zc_mnfAHmddVibnZNSkh8DvKaQoiEfNsxjXzH_mtQheFaSfWELRB2MyMBaiWjdDm6ux9Ezns_3","asset":"XCP","block_index":310018,"calling_function":"feed fee","event":"160e27870a810a91442861c5007d858f12072c3fafe8605a7cbb3de9925bdfd9","quantity":3112500,"tx_index":19,"utxo":null,"utxo_address":null}',0,'CREDIT','160e27870a810a91442861c5007d858f12072c3fafe8605a7cbb3de9925bdfd9','1811fa4ce245bada3d00de493d372de9b4e89a74716c70bc1e2559c89e0d8df2');
INSERT INTO messages VALUES(147,310018,'insert','bet_match_resolutions','{"bear_credit":59137500,"bet_match_id":"ce9427a5ebfd0f9424c83adf247ac13dcbbccca6d4bba8a6ae3559284f9a3941_57b85926acd997392661e36850b31261381fb912135159b532412d1584347fd2","bet_match_type_id":1,"block_index":310018,"bull_credit":0,"escrow_less_fee":null,"fee":3112500,"settled":false,"winner":null}',0,'BET_MATCH_RESOLUTON','160e27870a810a91442861c5007d858f12072c3fafe8605a7cbb3de9925bdfd9','d89d9d4414e0cdac52012a4a50e7e4b8b22d30a9061ecf57757571826eda6c76');
INSERT INTO messages VALUES(148,310018,'update','bet_matches','{"id":"ce9427a5ebfd0f9424c83adf247ac13dcbbccca6d4bba8a6ae3559284f9a3941_57b85926acd997392661e36850b31261381fb912135159b532412d1584347fd2","status":"settled: liquidated for bear"}',0,'BET_MATCH_UPDATE','160e27870a810a91442861c5007d858f12072c3fafe8605a7cbb3de9925bdfd9','4369279ddeb0ab2f70d3c29c1d8a05f10019be934044d7393304298097c12567');
INSERT INTO messages VALUES(149,310018,'parse','transactions','{"supported":true,"tx_hash":"160e27870a810a91442861c5007d858f12072c3fafe8605a7cbb3de9925bdfd9","tx_index":19}',0,'TRANSACTION_PARSED','160e27870a810a91442861c5007d858f12072c3fafe8605a7cbb3de9925bdfd9','085b7c908df94cd98ae47dac2df393b088a2643412add7c642d4428c56004af2');
INSERT INTO messages VALUES(150,310018,'parse','blocks','{"block_index":310018,"ledger_hash":"a590602f34163cf8f880c3620f07a8cd27b9aeba8fc80ccb201d88364eaed210","messages_hash":"45950d9163d8a6e908f99c8c927016e96e5e302b8541fc0ebcbb108398349b4d","transaction_count":1,"txlist_hash":"60b1fdafa96eef747746bdc4f1b3ec6addc916e302602afb7c3078680fe7f207"}',0,'BLOCK_PARSED',NULL,'a61dcd1db12b0fe18e8575132d2285f7b46cb08b5ebe5114a3e50705762e2cd6');
INSERT INTO messages VALUES(151,310019,'insert','blocks','{"block_hash":"114affa0c4f34b1ebf8e2778c9477641f60b5b9e8a69052158041d4c41893294","block_index":310019,"block_time":310019000,"difficulty":null,"ledger_hash":null,"previous_block_hash":null,"txlist_hash":null}',0,'NEW_BLOCK',NULL,'09db829f6702c03342615c67d52f1cc1cfbc48d8b776a785a0960b249cdd3854');
INSERT INTO messages VALUES(152,310019,'insert','transactions','{"block_hash":"114affa0c4f34b1ebf8e2778c9477641f60b5b9e8a69052158041d4c41893294","block_index":310019,"block_time":310019000,"btc_amount":0,"data":"0000001e52bb3365405915f3b645a1cb004c4b4009556e69742054657374","destination":"","fee":2400,"source":"1_mn6q3dS2EnDUx3bmyWc6D4szJNVGtaR7zc_mnfAHmddVibnZNSkh8DvKaQoiEfNsxjXzH_mtQheFaSfWELRB2MyMBaiWjdDm6ux9Ezns_3","supported":true,"tx_hash":"8a0fcbc8028c6b6c315171040dd878997b2ba041261342dc012a5cee9941ad91","tx_index":20,"utxos_info":" 56675710e14e486a2376c0a2458b4fd2f67d5b2e97bcdf7d6589e4d3cd7eb213:0 2 "}',0,'NEW_TRANSACTION',NULL,'f40fa53c3f994ff8fd460997aad630cc9814335844667586973bd1635247e500');
INSERT INTO messages VALUES(153,310019,'insert','broadcasts','{"block_index":310019,"fee_fraction_int":5000000,"locked":false,"source":"1_mn6q3dS2EnDUx3bmyWc6D4szJNVGtaR7zc_mnfAHmddVibnZNSkh8DvKaQoiEfNsxjXzH_mtQheFaSfWELRB2MyMBaiWjdDm6ux9Ezns_3","status":"valid","text":"Unit Test","timestamp":1388000101,"tx_hash":"8a0fcbc8028c6b6c315171040dd878997b2ba041261342dc012a5cee9941ad91","tx_index":20,"value":100.343}',0,'BROADCAST','8a0fcbc8028c6b6c315171040dd878997b2ba041261342dc012a5cee9941ad91','0dd6c866e356be5f8a2d38ba571c23886d20aa61ec5791a1c4c86ff314dbf8cc');
INSERT INTO messages VALUES(154,310019,'insert','credits','{"address":"1_mn6q3dS2EnDUx3bmyWc6D4szJNVGtaR7zc_mnfAHmddVibnZNSkh8DvKaQoiEfNsxjXzH_mtQheFaSfWELRB2MyMBaiWjdDm6ux9Ezns_3","asset":"XCP","block_index":310019,"calling_function":"bet settled","event":"8a0fcbc8028c6b6c315171040dd878997b2ba041261342dc012a5cee9941ad91","quantity":159300000,"tx_index":20,"utxo":null,"utxo_address":null}',0,'CREDIT','8a0fcbc8028c6b6c315171040dd878997b2ba041261342dc012a5cee9941ad91','51b3de210e5379ac19626ff4ac3a41204e39b6323c53081e3eca88e5d2089006');
INSERT INTO messages VALUES(155,310019,'insert','credits','{"address":"1_mn6q3dS2EnDUx3bmyWc6D4szJNVGtaR7zc_mnfAHmddVibnZNSkh8DvKaQoiEfNsxjXzH_mtQheFaSfWELRB2MyMBaiWjdDm6ux9Ezns_3","asset":"XCP","block_index":310019,"calling_function":"bet settled","event":"8a0fcbc8028c6b6c315171040dd878997b2ba041261342dc012a5cee9941ad91","quantity":315700000,"tx_index":20,"utxo":null,"utxo_address":null}',0,'CREDIT','8a0fcbc8028c6b6c315171040dd878997b2ba041261342dc012a5cee9941ad91','5bf290aac47533e2dd109e65dfee0c4d57c242680d9df38ff68cd04855afb179');
INSERT INTO messages VALUES(156,310019,'insert','credits','{"address":"1_mn6q3dS2EnDUx3bmyWc6D4szJNVGtaR7zc_mnfAHmddVibnZNSkh8DvKaQoiEfNsxjXzH_mtQheFaSfWELRB2MyMBaiWjdDm6ux9Ezns_3","asset":"XCP","block_index":310019,"calling_function":"feed fee","event":"8a0fcbc8028c6b6c315171040dd878997b2ba041261342dc012a5cee9941ad91","quantity":25000000,"tx_index":20,"utxo":null,"utxo_address":null}',0,'CREDIT','8a0fcbc8028c6b6c315171040dd878997b2ba041261342dc012a5cee9941ad91','dfa37b9aab9a74bbd2fdd33b2e90836e4925c742c0a4a04ca4936e13b138caa7');
INSERT INTO messages VALUES(157,310019,'insert','bet_match_resolutions','{"bear_credit":315700000,"bet_match_id":"1317ca845a8bcd63b3b628541f2b64129f1dafc75598f175cb7286905867bfee_954d3e77a103644dbff1113de23c1c53f6c4037cd8a3809799a3b55ca4ab9d1e","bet_match_type_id":1,"block_index":310019,"bull_credit":159300000,"escrow_less_fee":null,"fee":25000000,"settled":true,"winner":null}',0,'BET_MATCH_RESOLUTON','8a0fcbc8028c6b6c315171040dd878997b2ba041261342dc012a5cee9941ad91','3ee0aa5f2f736f0aab6cc5c276773cb553aa08b56dd446fca96727ca0b3c2e7d');
INSERT INTO messages VALUES(158,310019,'update','bet_matches','{"id":"1317ca845a8bcd63b3b628541f2b64129f1dafc75598f175cb7286905867bfee_954d3e77a103644dbff1113de23c1c53f6c4037cd8a3809799a3b55ca4ab9d1e","status":"settled"}',0,'BET_MATCH_UPDATE','8a0fcbc8028c6b6c315171040dd878997b2ba041261342dc012a5cee9941ad91','817a4339986e96f6a2a37e614615ce8d3c09963ccc9f636841577c3e83927c57');
INSERT INTO messages VALUES(159,310019,'parse','transactions','{"supported":true,"tx_hash":"8a0fcbc8028c6b6c315171040dd878997b2ba041261342dc012a5cee9941ad91","tx_index":20}',0,'TRANSACTION_PARSED','8a0fcbc8028c6b6c315171040dd878997b2ba041261342dc012a5cee9941ad91','7c6642c5ba6910e8ff7a353bb8f07bf0bd85a4fca6b734002cc79ffa12eec9a5');
INSERT INTO messages VALUES(160,310019,'parse','blocks','{"block_index":310019,"ledger_hash":"1b340e7abac4c458e6a0c6ff2abd6dadaa2913414f450cf926725b5253210950","messages_hash":"28fa7c4eb73960c6f4042531dd224ed352998d3c2cb6355d6f8cf9548e4ccb2f","transaction_count":1,"txlist_hash":"518f83ec73b691be98c266455022c37565af46248b0af14d4d93caf9cf2dd84c"}',0,'BLOCK_PARSED',NULL,'da501d943750737afed264a21e4bf2141ce79aa104a57a79527151e2d16f44ef');
INSERT INTO messages VALUES(161,310020,'insert','blocks','{"block_hash":"d93c79920e4a42164af74ecb5c6b903ff6055cdc007376c74dfa692c8d85ebc9","block_index":310020,"block_time":310020000,"difficulty":null,"ledger_hash":null,"previous_block_hash":null,"txlist_hash":null}',0,'NEW_BLOCK',NULL,'9e3e4a58220d420ad036032c216db3de52a24396fcbc3a650aeafb41d459ff8e');
INSERT INTO messages VALUES(162,310020,'insert','transactions','{"block_hash":"d93c79920e4a42164af74ecb5c6b903ff6055cdc007376c74dfa692c8d85ebc9","block_index":310020,"block_time":310020000,"btc_amount":0,"data":"0000001e52bb33c94000000000000000004c4b4009556e69742054657374","destination":"","fee":2400,"source":"1_mn6q3dS2EnDUx3bmyWc6D4szJNVGtaR7zc_mnfAHmddVibnZNSkh8DvKaQoiEfNsxjXzH_mtQheFaSfWELRB2MyMBaiWjdDm6ux9Ezns_3","supported":true,"tx_hash":"21e783a1e27314d0b361a9dea430fc845aef83ffaabae48d9eb9e9fec9dbfc5b","tx_index":21,"utxos_info":" 02cb97e41f36da35b5da7e22c046cb9cd17dffb67e729e902c58eda03b3f45ba:0 2 "}',0,'NEW_TRANSACTION',NULL,'b8d9f73617114701ad9e097a0de0a32d51e32bdfd2de5473ebb717ba52956cf4');
INSERT INTO messages VALUES(163,310020,'insert','broadcasts','{"block_index":310020,"fee_fraction_int":5000000,"locked":false,"source":"1_mn6q3dS2EnDUx3bmyWc6D4szJNVGtaR7zc_mnfAHmddVibnZNSkh8DvKaQoiEfNsxjXzH_mtQheFaSfWELRB2MyMBaiWjdDm6ux9Ezns_3","status":"valid","text":"Unit Test","timestamp":1388000201,"tx_hash":"21e783a1e27314d0b361a9dea430fc845aef83ffaabae48d9eb9e9fec9dbfc5b","tx_index":21,"value":2.0}',0,'BROADCAST','21e783a1e27314d0b361a9dea430fc845aef83ffaabae48d9eb9e9fec9dbfc5b','bf79086d055b1bfcd736fd721116494e1a5ae8f90ac84ef44f3dcd8180df0f8d');
INSERT INTO messages VALUES(164,310020,'insert','credits','{"address":"1_mn6q3dS2EnDUx3bmyWc6D4szJNVGtaR7zc_mnfAHmddVibnZNSkh8DvKaQoiEfNsxjXzH_mtQheFaSfWELRB2MyMBaiWjdDm6ux9Ezns_3","asset":"XCP","block_index":310020,"calling_function":"bet settled: for notequal","event":"21e783a1e27314d0b361a9dea430fc845aef83ffaabae48d9eb9e9fec9dbfc5b","quantity":1330000000,"tx_index":21,"utxo":null,"utxo_address":null}',0,'CREDIT','21e783a1e27314d0b361a9dea430fc845aef83ffaabae48d9eb9e9fec9dbfc5b','ff4eb244ca5a76dbd25e31ab5366b4b32fc11331cb3b885fd8847e4fbd3fdb43');
INSERT INTO messages VALUES(165,310020,'insert','credits','{"address":"1_mn6q3dS2EnDUx3bmyWc6D4szJNVGtaR7zc_mnfAHmddVibnZNSkh8DvKaQoiEfNsxjXzH_mtQheFaSfWELRB2MyMBaiWjdDm6ux9Ezns_3","asset":"XCP","block_index":310020,"calling_function":"feed fee","event":"21e783a1e27314d0b361a9dea430fc845aef83ffaabae48d9eb9e9fec9dbfc5b","quantity":70000000,"tx_index":21,"utxo":null,"utxo_address":null}',0,'CREDIT','21e783a1e27314d0b361a9dea430fc845aef83ffaabae48d9eb9e9fec9dbfc5b','a6b853066dfb0eb81875e550192a16a06da0525851080a3043bc5128ed2c9faf');
INSERT INTO messages VALUES(166,310020,'insert','bet_match_resolutions','{"bear_credit":null,"bet_match_id":"8bf3334242d027e1e0bbae98957302cb11723f56ef1f8199c6001bf8add80382_484b6051771ba0d93664fd77e51c24e64b5a9676f2da4b6cf3530c2363be772a","bet_match_type_id":5,"block_index":310020,"bull_credit":null,"escrow_less_fee":1330000000,"fee":70000000,"settled":null,"winner":"NotEqual"}',0,'BET_MATCH_RESOLUTON','21e783a1e27314d0b361a9dea430fc845aef83ffaabae48d9eb9e9fec9dbfc5b','ab1c0cb7a6f135c51efe988f0cc453e63376ea45f83660f42231f0585d3760ad');
INSERT INTO messages VALUES(167,310020,'update','bet_matches','{"id":"8bf3334242d027e1e0bbae98957302cb11723f56ef1f8199c6001bf8add80382_484b6051771ba0d93664fd77e51c24e64b5a9676f2da4b6cf3530c2363be772a","status":"settled: for notequal"}',0,'BET_MATCH_UPDATE','21e783a1e27314d0b361a9dea430fc845aef83ffaabae48d9eb9e9fec9dbfc5b','5948cf07eb0ed083d923b9d24af784397801c882309b547a4906dbd507fc5287');
INSERT INTO messages VALUES(168,310020,'parse','transactions','{"supported":true,"tx_hash":"21e783a1e27314d0b361a9dea430fc845aef83ffaabae48d9eb9e9fec9dbfc5b","tx_index":21}',0,'TRANSACTION_PARSED','21e783a1e27314d0b361a9dea430fc845aef83ffaabae48d9eb9e9fec9dbfc5b','d7681ccf0af84b58515f8fd3813dd3e104147b07d76bdf0173717aa7118d4708');
INSERT INTO messages VALUES(169,310020,'parse','blocks','{"block_index":310020,"ledger_hash":"5a5a31ae9b03a362b44c9e38effadfeac273bd370374ea4816b8402d6b8a8a1a","messages_hash":"ef2b0b3a344d9ab7949a9c216f350f0c95db8b2e7a936df4cfc6664824dcf731","transaction_count":1,"txlist_hash":"e88e35ec93ff7a2163206cddc92f8f33ee9c49ace63f698c77ceee0097da5a19"}',0,'BLOCK_PARSED',NULL,'f49afaff207b3502f2f9cf498161f7e7869055cd7f7c4759f06f20f56ed4c933');
INSERT INTO messages VALUES(170,310021,'insert','blocks','{"block_hash":"7c2460bb32c5749c856486393239bf7a0ac789587ac71f32e7237910da8097f2","block_index":310021,"block_time":310021000,"difficulty":null,"ledger_hash":null,"previous_block_hash":null,"txlist_hash":null}',0,'NEW_BLOCK',NULL,'f7d5ba0208ad4e4d80a5f192bfec74c01affa3972929809e589aad2c4506c99a');
INSERT INTO messages VALUES(171,310021,'insert','transactions','{"block_hash":"7c2460bb32c5749c856486393239bf7a0ac789587ac71f32e7237910da8097f2","block_index":310021,"block_time":310021000,"btc_amount":0,"data":"0000000a00000000000047670000000002faf08000000000000000010000000002faf080000a0000000000000000","destination":"","fee":2400,"source":"1_mn6q3dS2EnDUx3bmyWc6D4szJNVGtaR7zc_mnfAHmddVibnZNSkh8DvKaQoiEfNsxjXzH_mtQheFaSfWELRB2MyMBaiWjdDm6ux9Ezns_3","supported":true,"tx_hash":"e5ff5c4561c518ac057cd0f430806ec9b7020c83c869ecf9ee1b4423ef74e944","tx_index":22,"utxos_info":" fdfdac225bece980d6ef209289b5edd91292dd4aaf37e927e827d8c76948ebc9:0 2 "}',0,'NEW_TRANSACTION',NULL,'273d517ea42c7b65ba3ec08697c648be71e7a90dc4cad79f239b1f63c9342043');
INSERT INTO messages VALUES(172,310021,'insert','debits','{"action":"open order","address":"1_mn6q3dS2EnDUx3bmyWc6D4szJNVGtaR7zc_mnfAHmddVibnZNSkh8DvKaQoiEfNsxjXzH_mtQheFaSfWELRB2MyMBaiWjdDm6ux9Ezns_3","asset":"BBBB","block_index":310021,"event":"e5ff5c4561c518ac057cd0f430806ec9b7020c83c869ecf9ee1b4423ef74e944","quantity":50000000,"tx_index":22,"utxo":null,"utxo_address":null}',0,'DEBIT','e5ff5c4561c518ac057cd0f430806ec9b7020c83c869ecf9ee1b4423ef74e944','d278172e85360c93f66a3c8f17e786973bbb83f3aa21ea0b6a67d98e1406efce');
INSERT INTO messages VALUES(173,310021,'insert','orders','{"block_index":310021,"expiration":10,"expire_index":310031,"fee_provided":2400,"fee_provided_remaining":2400,"fee_required":0,"fee_required_remaining":0,"get_asset":"XCP","get_quantity":50000000,"get_remaining":50000000,"give_asset":"BBBB","give_quantity":50000000,"give_remaining":50000000,"source":"1_mn6q3dS2EnDUx3bmyWc6D4szJNVGtaR7zc_mnfAHmddVibnZNSkh8DvKaQoiEfNsxjXzH_mtQheFaSfWELRB2MyMBaiWjdDm6ux9Ezns_3","status":"open","tx_hash":"e5ff5c4561c518ac057cd0f430806ec9b7020c83c869ecf9ee1b4423ef74e944","tx_index":22}',0,'OPEN_ORDER','e5ff5c4561c518ac057cd0f430806ec9b7020c83c869ecf9ee1b4423ef74e944','a2a8d5536c2634ed5808579ee12cf23c03e0eb9dc7e92b3641cff4bbdecd2c20');
INSERT INTO messages VALUES(174,310021,'parse','transactions','{"supported":true,"tx_hash":"e5ff5c4561c518ac057cd0f430806ec9b7020c83c869ecf9ee1b4423ef74e944","tx_index":22}',0,'TRANSACTION_PARSED','e5ff5c4561c518ac057cd0f430806ec9b7020c83c869ecf9ee1b4423ef74e944','6b87db7a0d58d1929b60641fed1a3b45f87039ad630bb07ae280345e998030c2');
INSERT INTO messages VALUES(175,310021,'parse','blocks','{"block_index":310021,"ledger_hash":"2005a300856ccc74efe80c56927fc13619d5c40ab03ae4ee4fba2050bc2a6b75","messages_hash":"a583c81a57956a4005495369010627b7a99bf7fc99c01d97cb1ab00824bdaa28","transaction_count":1,"txlist_hash":"cb06b4c683c786f4eead2921fdf0db3c7039236cb497a3fccc6119c5931302ad"}',0,'BLOCK_PARSED',NULL,'714ff3907f91f011757e9b8528d37f29e76fd69b4539c470ab37ae08dfa29c0f');
INSERT INTO messages VALUES(176,310022,'insert','blocks','{"block_hash":"44435f9a99a0aa12a9bfabdc4cb8119f6ea6a6e1350d2d65445fb66a456db5fc","block_index":310022,"block_time":310022000,"difficulty":null,"ledger_hash":null,"previous_block_hash":null,"txlist_hash":null}',0,'NEW_BLOCK',NULL,'cb2861a5a777a11090fe723dd4a7713b5810ce82832be742f1eb8fd22ab99ba8');
INSERT INTO messages VALUES(177,310022,'insert','transactions','{"block_hash":"44435f9a99a0aa12a9bfabdc4cb8119f6ea6a6e1350d2d65445fb66a456db5fc","block_index":310022,"block_time":310022000,"btc_amount":100000000,"data":"","destination":"mvCounterpartyXXXXXXXXXXXXXXW24Hef","fee":1260,"source":"1_mn6q3dS2EnDUx3bmyWc6D4szJNVGtaR7zc_mnfAHmddVibnZNSkh8DvKaQoiEfNsxjXzH_mtQheFaSfWELRB2MyMBaiWjdDm6ux9Ezns_3","supported":true,"tx_hash":"e1e8b29eb0159083434c18a32e7d43eb86a31746f2a8cf1831ba75b080e4d148","tx_index":23,"utxos_info":" 9f1c9f01b5f75cc733ad5ae97a4080bfb5f2d4ec91714a4b86de2e47b1e7954d:0 2 "}',0,'NEW_TRANSACTION',NULL,'9810dccff102b0927e8c85ef6816b64550b164dbc033713e41e9ad006d7ec648');
INSERT INTO messages VALUES(178,310022,'insert','credits','{"address":"1_mn6q3dS2EnDUx3bmyWc6D4szJNVGtaR7zc_mnfAHmddVibnZNSkh8DvKaQoiEfNsxjXzH_mtQheFaSfWELRB2MyMBaiWjdDm6ux9Ezns_3","asset":"XCP","block_index":310022,"calling_function":"burn","event":"e1e8b29eb0159083434c18a32e7d43eb86a31746f2a8cf1831ba75b080e4d148","quantity":56999887262,"tx_index":23,"utxo":null,"utxo_address":null}',0,'CREDIT','e1e8b29eb0159083434c18a32e7d43eb86a31746f2a8cf1831ba75b080e4d148','d22c398cf01bfb48980cae95303940fc1d5b41775a3c524463ee8cedc2e9a930');
INSERT INTO messages VALUES(179,310022,'insert','burns','{"block_index":310022,"burned":38000000,"earned":56999887262,"source":"1_mn6q3dS2EnDUx3bmyWc6D4szJNVGtaR7zc_mnfAHmddVibnZNSkh8DvKaQoiEfNsxjXzH_mtQheFaSfWELRB2MyMBaiWjdDm6ux9Ezns_3","status":"valid","tx_hash":"e1e8b29eb0159083434c18a32e7d43eb86a31746f2a8cf1831ba75b080e4d148","tx_index":23}',0,'BURN','e1e8b29eb0159083434c18a32e7d43eb86a31746f2a8cf1831ba75b080e4d148','87e311674f8aff7c95be7a46ad204e6d499cefa1253c5ad023d0ec94c42e0605');
INSERT INTO messages VALUES(180,310022,'parse','transactions','{"supported":true,"tx_hash":"e1e8b29eb0159083434c18a32e7d43eb86a31746f2a8cf1831ba75b080e4d148","tx_index":23}',0,'TRANSACTION_PARSED','e1e8b29eb0159083434c18a32e7d43eb86a31746f2a8cf1831ba75b080e4d148','54e6c14830dbe7332b3d744384062a37c5279a3bce8825184727aa52716f564e');
INSERT INTO messages VALUES(181,310022,'parse','blocks','{"block_index":310022,"ledger_hash":"95307de52e23a8433143d79710e7df22ba7205e2651c88a2eda220ebc8e0f289","messages_hash":"e3b26c08582e5c75b3fc566f43cc4eaa689f97d6d7a981750a14868d9c516f10","transaction_count":1,"txlist_hash":"b42aefdf28fd18988c50d069ee85f198d47c3ccf4242cc80e9fe401fbbff1a15"}',0,'BLOCK_PARSED',NULL,'d83f918a426fd0a1d725b7a5d8ef7fba3d37fa04bf6063467af8881249f15d1c');
INSERT INTO messages VALUES(182,310023,'insert','blocks','{"block_hash":"d8cf5bec1bbcab8ca4f495352afde3b6572b7e1d61b3976872ebb8e9d30ccb08","block_index":310023,"block_time":310023000,"difficulty":null,"ledger_hash":null,"previous_block_hash":null,"txlist_hash":null}',0,'NEW_BLOCK',NULL,'5139b1324d19f32e7890e261fbb6c8fb1841ca603da91ebaaeb3991e0228eba9');
INSERT INTO messages VALUES(183,310023,'insert','transactions','{"block_hash":"d8cf5bec1bbcab8ca4f495352afde3b6572b7e1d61b3976872ebb8e9d30ccb08","block_index":310023,"block_time":310023000,"btc_amount":1000,"data":"0000000000000000000047680000000000002710","destination":"1_mn6q3dS2EnDUx3bmyWc6D4szJNVGtaR7zc_mnfAHmddVibnZNSkh8DvKaQoiEfNsxjXzH_mqPCfvqTfYctXMUfmniXeG2nyaN8w6tPmj_3","fee":3600,"source":"1_mn6q3dS2EnDUx3bmyWc6D4szJNVGtaR7zc_mnfAHmddVibnZNSkh8DvKaQoiEfNsxjXzH_mtQheFaSfWELRB2MyMBaiWjdDm6ux9Ezns_3","supported":true,"tx_hash":"3251d12812dd57c1ed9edfb3250d9c67542a3600475324b8de11a596008c9a1a","tx_index":24,"utxos_info":" a18d35834c7300e075f01525daee6ef7bb4c7303eabdf6bc5f4a86c623b9ca64:0 3 "}',0,'NEW_TRANSACTION',NULL,'6358ffc4dfd9c6d0eaf6aeadca1d77bea4fe57a6459d4177e5a56c784fd16ec0');
INSERT INTO messages VALUES(184,310023,'update','bets','{"status":"expired","tx_hash":"ce9427a5ebfd0f9424c83adf247ac13dcbbccca6d4bba8a6ae3559284f9a3941"}',0,'BET_UPDATE',NULL,'19b8ee40887a33eb401f8ab1918cb77350033fa3641ae2534298d311f527e3f7');
INSERT INTO messages VALUES(185,310023,'insert','credits','{"address":"1_mn6q3dS2EnDUx3bmyWc6D4szJNVGtaR7zc_mnfAHmddVibnZNSkh8DvKaQoiEfNsxjXzH_mtQheFaSfWELRB2MyMBaiWjdDm6ux9Ezns_3","asset":"XCP","block_index":310023,"calling_function":"recredit wager remaining","event":"ce9427a5ebfd0f9424c83adf247ac13dcbbccca6d4bba8a6ae3559284f9a3941","quantity":8500000,"tx_index":0,"utxo":null,"utxo_address":null}',0,'CREDIT',NULL,'ee7d47ffd83e009bc756ec13354607157437ee50b4ed696a25f48ee8aee006f1');
INSERT INTO messages VALUES(186,310023,'insert','bet_expirations','{"bet_hash":"ce9427a5ebfd0f9424c83adf247ac13dcbbccca6d4bba8a6ae3559284f9a3941","bet_index":13,"block_index":310023,"source":"1_mn6q3dS2EnDUx3bmyWc6D4szJNVGtaR7zc_mnfAHmddVibnZNSkh8DvKaQoiEfNsxjXzH_mtQheFaSfWELRB2MyMBaiWjdDm6ux9Ezns_3"}',0,'BET_EXPIRATION',NULL,'1ee4dfc076c0d969ea28d8b2f1cda4da3fb852657efd73d6771b89be3216ceda');
INSERT INTO messages VALUES(187,310023,'insert','debits','{"action":"send","address":"1_mn6q3dS2EnDUx3bmyWc6D4szJNVGtaR7zc_mnfAHmddVibnZNSkh8DvKaQoiEfNsxjXzH_mtQheFaSfWELRB2MyMBaiWjdDm6ux9Ezns_3","asset":"BBBC","block_index":310023,"event":"3251d12812dd57c1ed9edfb3250d9c67542a3600475324b8de11a596008c9a1a","quantity":10000,"tx_index":24,"utxo":null,"utxo_address":null}',0,'DEBIT','3251d12812dd57c1ed9edfb3250d9c67542a3600475324b8de11a596008c9a1a','e0083ba334245f5f33fb31809602a1baf68bd695f09058943a0519fabad60b8e');
INSERT INTO messages VALUES(188,310023,'insert','credits','{"address":"1_mn6q3dS2EnDUx3bmyWc6D4szJNVGtaR7zc_mnfAHmddVibnZNSkh8DvKaQoiEfNsxjXzH_mqPCfvqTfYctXMUfmniXeG2nyaN8w6tPmj_3","asset":"BBBC","block_index":310023,"calling_function":"send","event":"3251d12812dd57c1ed9edfb3250d9c67542a3600475324b8de11a596008c9a1a","quantity":10000,"tx_index":24,"utxo":null,"utxo_address":null}',0,'CREDIT','3251d12812dd57c1ed9edfb3250d9c67542a3600475324b8de11a596008c9a1a','78f4b477af9755bc51658912d61219b238081ea3e1aa63abf8ac2040fa168b82');
INSERT INTO messages VALUES(189,310023,'insert','sends','{"asset":"BBBC","block_index":310023,"destination":"1_mn6q3dS2EnDUx3bmyWc6D4szJNVGtaR7zc_mnfAHmddVibnZNSkh8DvKaQoiEfNsxjXzH_mqPCfvqTfYctXMUfmniXeG2nyaN8w6tPmj_3","msg_index":0,"quantity":10000,"send_type":"send","source":"1_mn6q3dS2EnDUx3bmyWc6D4szJNVGtaR7zc_mnfAHmddVibnZNSkh8DvKaQoiEfNsxjXzH_mtQheFaSfWELRB2MyMBaiWjdDm6ux9Ezns_3","status":"valid","tx_hash":"3251d12812dd57c1ed9edfb3250d9c67542a3600475324b8de11a596008c9a1a","tx_index":24}',0,'SEND','3251d12812dd57c1ed9edfb3250d9c67542a3600475324b8de11a596008c9a1a','e7d52d4ac98465202b3aaa4dd8b496d1ead356d6fd939dc142df8c753b3c71be');
INSERT INTO messages VALUES(190,310023,'parse','transactions','{"supported":true,"tx_hash":"3251d12812dd57c1ed9edfb3250d9c67542a3600475324b8de11a596008c9a1a","tx_index":24}',0,'TRANSACTION_PARSED','3251d12812dd57c1ed9edfb3250d9c67542a3600475324b8de11a596008c9a1a','6d0df3c06bf9b1215b8cc5b86afafbf099a3d5609fc1d26cf71a374411898ee2');
INSERT INTO messages VALUES(191,310023,'parse','blocks','{"block_index":310023,"ledger_hash":"de5a22c228bfc58ceaf428d55f180e951ff877537ef463821ce1206f07ab02f3","messages_hash":"22890df9fc1bfb884171dd27fdd0eb0349255808dceb0dae936a9e83e3e3f8fa","transaction_count":1,"txlist_hash":"49e2d8978a91f97211764f1886dc08cfe7270086be147df474a6ea5558202a5a"}',0,'BLOCK_PARSED',NULL,'9e21ceddd65e1608f2a43902e3becfdb40ca98a07c04fea49dde77a91e9cb403');
INSERT INTO messages VALUES(192,310024,'insert','blocks','{"block_hash":"b03042b4e18a222b4c8d1e9e1970d93e6e2a2d41686d227ff8ecf0a839223dc5","block_index":310024,"block_time":310024000,"difficulty":null,"ledger_hash":null,"previous_block_hash":null,"txlist_hash":null}',0,'NEW_BLOCK',NULL,'872ba53c6004786cb302b884620928315c6e2e439c55c8edd909dcb1f7510d76');
INSERT INTO messages VALUES(193,310024,'parse','blocks','{"block_index":310024,"ledger_hash":"e54da9db6c4911087dcfb2824acfd7429431e3297f6b5836dfa8f95165ac9b08","messages_hash":"3379a733ef7797d983d16a68cc9495a946f207568582d22880838f218b7a68c0","transaction_count":0,"txlist_hash":"d1bda094e755a874270d443d0680b5422bf2bfcf9855f20ec3beeeb7a950af2d"}',0,'BLOCK_PARSED',NULL,'f6ecb429201126b106a46e42fadc8918430508d9485bc4d6ae535dde6af48769');
INSERT INTO messages VALUES(194,310025,'insert','blocks','{"block_hash":"a872e560766832cc3b4f7f222228cb6db882ce3c54f6459f62c71d5cd6e90666","block_index":310025,"block_time":310025000,"difficulty":null,"ledger_hash":null,"previous_block_hash":null,"txlist_hash":null}',0,'NEW_BLOCK',NULL,'770038210c01748d7d2eb45a18de1eec98c10b71d49b2a23a434bfe90c75ad0d');
INSERT INTO messages VALUES(195,310025,'parse','blocks','{"block_index":310025,"ledger_hash":"dac63e0e407785c7a461d839ddd749f020f8a33026cd6ea2acd659567a36c40c","messages_hash":"38161e971ee31e679f8dbe51a2a499b30bed67b8aaf1619c46bd716ffa0888fb","transaction_count":0,"txlist_hash":"d562c16ebcf1e5aa8db3c314e1d868266e7526e8509c1aaae1afa45c8995633c"}',0,'BLOCK_PARSED',NULL,'877edc4241bb062e6d4c1fb5c7baad0659e3796ac7a3d74c28243aa254e291d1');
INSERT INTO messages VALUES(196,310026,'insert','blocks','{"block_hash":"6c96350f6f2f05810f19a689de235eff975338587194a36a70dfd0fcd490941a","block_index":310026,"block_time":310026000,"difficulty":null,"ledger_hash":null,"previous_block_hash":null,"txlist_hash":null}',0,'NEW_BLOCK',NULL,'239bbeee5606537ce18842310b80402b8deb1078730a2d825894edb7d7a497b4');
INSERT INTO messages VALUES(197,310026,'parse','blocks','{"block_index":310026,"ledger_hash":"0397b7da62fb672aadb96fbdfc37f3265ea04c4d401632d5d9018b9b0ad7cd45","messages_hash":"dd8cc5758f77cb408d68a8ed2a9bfa5c97daeeacfb0b2b3bf8aa3c464ce6fd3f","transaction_count":0,"txlist_hash":"62c1a767b4a8ce047970d5fb1884c8d08e77cf4b16c7ea36766150f8285b76a0"}',0,'BLOCK_PARSED',NULL,'1ec795a61a3f073043b823fcdfc531e8038b78c082f7999b9359c84009470a7b');
INSERT INTO messages VALUES(198,310027,'insert','blocks','{"block_hash":"d7acfac66df393c4482a14c189742c0571b89442eb7f817b34415a560445699e","block_index":310027,"block_time":310027000,"difficulty":null,"ledger_hash":null,"previous_block_hash":null,"txlist_hash":null}',0,'NEW_BLOCK',NULL,'e83d1d4fd4b4a531c0fb821ace4e8d50c69c48b6127da9760dab7d73155c65dd');
INSERT INTO messages VALUES(199,310027,'parse','blocks','{"block_index":310027,"ledger_hash":"dbe43e77c383acc66cb46105991ed066ed5309434016081c26ca1a7dd948b6ce","messages_hash":"e2d131b1d6f5a01a62651f98fb3d2a3e8cb6487a0e67b1b4e3c5053f2f6dcdc8","transaction_count":0,"txlist_hash":"6c0e9ad1d315c2e74f18a45d8bd3abe9f018f89c9355d03c06efc4fbb812fc0b"}',0,'BLOCK_PARSED',NULL,'cfc98732f723d1db8ce8e0b107b874281e80dba3800ea84c5fc049df75d135bd');
INSERT INTO messages VALUES(200,310028,'insert','blocks','{"block_hash":"02409fcf8fa06dafcb7f11e38593181d9c42cc9d5e2ddc304d098f990bd9530b","block_index":310028,"block_time":310028000,"difficulty":null,"ledger_hash":null,"previous_block_hash":null,"txlist_hash":null}',0,'NEW_BLOCK',NULL,'604abf10d114db9dcd7b4c5b52e45f8e24859770e4d10d50364429e0dd93f76f');
INSERT INTO messages VALUES(201,310028,'parse','blocks','{"block_index":310028,"ledger_hash":"ce1021a584895988014f16dd9f7b7b29bbe59ca8a761914f60c9290b5ec6a16f","messages_hash":"c4cb3b13db1599f1d50ed993416a5f0b88f8d7249b8a34d9d5cd13db067ab8ac","transaction_count":0,"txlist_hash":"0e21ca57a1d625a8e91a7ff804dc0156c7ac576098ab125f26bab42d4e6ba339"}',0,'BLOCK_PARSED',NULL,'ef564c09ce7fa5353f91c4b56bd91eff7cefb51281cf0d3b23e6fb332f2eaae2');
INSERT INTO messages VALUES(202,310029,'insert','blocks','{"block_hash":"3c739fa8b40c118d5547ea356ee8d10ee2898871907643ec02e5db9d00f03cc6","block_index":310029,"block_time":310029000,"difficulty":null,"ledger_hash":null,"previous_block_hash":null,"txlist_hash":null}',0,'NEW_BLOCK',NULL,'11ef4d4d02575effbfa77aa9c9bb5542d313097e67cfbc488871766216fefaaf');
INSERT INTO messages VALUES(203,310029,'parse','blocks','{"block_index":310029,"ledger_hash":"4a066ff12cf6f8dad894e23cfbb4fe6a087893b717b3f0c1ec53764b1e922bf4","messages_hash":"2712a76e2aae88b13a3bad3e2b3a9961b77ecf0eca1edb5be381c6b6910cbe24","transaction_count":0,"txlist_hash":"9330c02e8e40c0db13614000fc24737f8f80a6f045daf340affabcd42aacbb9c"}',0,'BLOCK_PARSED',NULL,'d1da0297dfe2e9164622347763f3e1ae681e22ba16b8ae896ad145cfbb645012');
INSERT INTO messages VALUES(204,310030,'insert','blocks','{"block_hash":"d5071cddedf89765ee0fd58f209c1c7d669ba8ea66200a57587da8b189b9e4f5","block_index":310030,"block_time":310030000,"difficulty":null,"ledger_hash":null,"previous_block_hash":null,"txlist_hash":null}',0,'NEW_BLOCK',NULL,'617a9a8d3f555c3cb779e5e7425feaa9beb5e22355a13eae210630077711d9b8');
INSERT INTO messages VALUES(205,310030,'parse','blocks','{"block_index":310030,"ledger_hash":"be1cc89117e7cb3fc18eb610103d72f144c31848da4d8001c334aac577f19427","messages_hash":"0976749ff1ed9a095812ffff897a69ac49ad4dacfc312b73b90eb5099b24f777","transaction_count":0,"txlist_hash":"0dc2592370337bbcd4edb92ce1c34d332e879ab591ffd19edb9eb4444d8d3106"}',0,'BLOCK_PARSED',NULL,'763229f2c1b088d332e21ed59cbbf5cf90f2db2b8521760c3c5b4fc75d6495e3');
INSERT INTO messages VALUES(206,310031,'insert','blocks','{"block_hash":"0b02b10f41380fff27c543ea8891ecb845bf7a003ac5c87e15932aff3bfcf689","block_index":310031,"block_time":310031000,"difficulty":null,"ledger_hash":null,"previous_block_hash":null,"txlist_hash":null}',0,'NEW_BLOCK',NULL,'074d4349401d0f56f9d99bf423b5e61a7216fe365ecf3cda18d4894560a89034');
INSERT INTO messages VALUES(207,310031,'parse','blocks','{"block_index":310031,"ledger_hash":"a616b3d81a1ad1db1a9b1491b06ff6bcead9037f75552d14a4c7234b6ff56670","messages_hash":"76ef1b651c1bec8c0e2e8f7305356cca27895a20b84e29d5c66dc0f73144f465","transaction_count":0,"txlist_hash":"e7d6cd21f570124521b007fa830fed22b522ca80dc7340b29df1e8283df18b83"}',0,'BLOCK_PARSED',NULL,'7c27892b41da7335107023a812779253300362c6b4343259a0eea3e5ba82b191');
INSERT INTO messages VALUES(208,310032,'insert','blocks','{"block_hash":"66346be81e6ba04544f2ae643b76c2b7b1383f038fc2636e02e49dc7ec144074","block_index":310032,"block_time":310032000,"difficulty":null,"ledger_hash":null,"previous_block_hash":null,"txlist_hash":null}',0,'NEW_BLOCK',NULL,'f787f31f627b1153ed89c300289b808f373bd7e0e4847f0cc4c32bd46b73f2e8');
INSERT INTO messages VALUES(209,310032,'update','orders','{"status":"expired","tx_hash":"e5ff5c4561c518ac057cd0f430806ec9b7020c83c869ecf9ee1b4423ef74e944"}',0,'ORDER_UPDATE',NULL,'44bf78e5e911fbceea45cb1f861348e0e3992f12b8df9aac808c9e123d54fa6f');
INSERT INTO messages VALUES(210,310032,'insert','credits','{"address":"1_mn6q3dS2EnDUx3bmyWc6D4szJNVGtaR7zc_mnfAHmddVibnZNSkh8DvKaQoiEfNsxjXzH_mtQheFaSfWELRB2MyMBaiWjdDm6ux9Ezns_3","asset":"BBBB","block_index":310032,"calling_function":"cancel order","event":"e5ff5c4561c518ac057cd0f430806ec9b7020c83c869ecf9ee1b4423ef74e944","quantity":50000000,"tx_index":0,"utxo":null,"utxo_address":null}',0,'CREDIT',NULL,'6bff3310c3df1a4f4783a16872c034466fd4e7558e801ca4e900fd51b4edd8a1');
INSERT INTO messages VALUES(211,310032,'insert','order_expirations','{"block_index":310032,"order_hash":"e5ff5c4561c518ac057cd0f430806ec9b7020c83c869ecf9ee1b4423ef74e944","source":"1_mn6q3dS2EnDUx3bmyWc6D4szJNVGtaR7zc_mnfAHmddVibnZNSkh8DvKaQoiEfNsxjXzH_mtQheFaSfWELRB2MyMBaiWjdDm6ux9Ezns_3"}',0,'ORDER_EXPIRATION',NULL,'9758809df5b71eb4cdaf0bbab7e75446fa2d06ed4948946ffd5d9598c682716e');
INSERT INTO messages VALUES(212,310032,'parse','blocks','{"block_index":310032,"ledger_hash":"e7e76fe32ac5c06696c0bda815f29f1e0785a9d48641615f2ef78fa9982d258f","messages_hash":"55aea884ff3ee9efad4379e014addb4d246d0e39e4edd68075fe183ecf1c413a","transaction_count":0,"txlist_hash":"65349239939d43446f116f40a532846d5f976a6324dad7093329d1db7304b648"}',0,'BLOCK_PARSED',NULL,'c41cd99867571e3dca5bec9b4cd23d3c6a573db322264972b5dcde55ff392eb2');
INSERT INTO messages VALUES(213,310033,'insert','blocks','{"block_hash":"999c65df9661f73e8c01f1da1afda09ac16788b72834f0ff5ea3d1464afb4707","block_index":310033,"block_time":310033000,"difficulty":null,"ledger_hash":null,"previous_block_hash":null,"txlist_hash":null}',0,'NEW_BLOCK',NULL,'60c8037f0d6f05b6310753353ab041e92832fc5ace6b12e4e5f2c53ebeebd8aa');
INSERT INTO messages VALUES(214,310033,'parse','blocks','{"block_index":310033,"ledger_hash":"f0d33d2f73f83449c18b9a7bea43857b36effa24eb248283d9356c5280e4992f","messages_hash":"c08cdb19e48a3cab738c342ec2a5c69db217e08ac1ee5892805e383cf2ee4e6d","transaction_count":0,"txlist_hash":"fed1f06c481f3027aec35dbc5a8650affa2b46812016481476d1d3c38aa5ef19"}',0,'BLOCK_PARSED',NULL,'0dfef40cfc572062f96f26f87017ecdc6743583197984d9691296a60c87d2b50');
INSERT INTO messages VALUES(215,310034,'insert','blocks','{"block_hash":"f552edd2e0a648230f3668e72ddf0ddfb1e8ac0f4c190f91b89c1a8c2e357208","block_index":310034,"block_time":310034000,"difficulty":null,"ledger_hash":null,"previous_block_hash":null,"txlist_hash":null}',0,'NEW_BLOCK',NULL,'4e910752a902c6e00e79abdc5d095172af17f04572db8b9adb0e6ee0d4019fee');
INSERT INTO messages VALUES(216,310034,'parse','blocks','{"block_index":310034,"ledger_hash":"434d631a1c3ef7d31d136b4eab8b3044dc2b65886bf43642537cc592db0415a3","messages_hash":"7552af510aed921dbf45e6f60d52d1f46977da43f0ef10436046c29245656dd4","transaction_count":0,"txlist_hash":"c170833897caf90780bb28696e966091f04bf6a9de9442c6835937ddf59d17c0"}',0,'BLOCK_PARSED',NULL,'da2a68b5279a79faf77d4916caf51caf875b30c0e1e19637c5549d38eadb3087');
INSERT INTO messages VALUES(217,310035,'insert','blocks','{"block_hash":"a13cbb016f3044207a46967a4ba1c87dab411f78c55c1179f2336653c2726ae2","block_index":310035,"block_time":310035000,"difficulty":null,"ledger_hash":null,"previous_block_hash":null,"txlist_hash":null}',0,'NEW_BLOCK',NULL,'69347516e1918c89af6b8e0a99c1cdc92d51fe77a693eeb066a5b3f24c43166d');
INSERT INTO messages VALUES(218,310035,'parse','blocks','{"block_index":310035,"ledger_hash":"5ca42816d9c6aaed19f6d25cd02e842b5d834254f90a169630544c83a129c7e5","messages_hash":"72210f1a68bb97f7d3dd5b4d9e5828f9a96d2ed3a5ec80c2b4f21a4e43d33827","transaction_count":0,"txlist_hash":"c6b5511a974c0ce8b9998df731dbf7d41ca1df6ae7967db9d07babb73312fc1b"}',0,'BLOCK_PARSED',NULL,'f506c64bac1f4a50ed363074593158608331304a3308e6d9e3b0202cb6fe6aff');
INSERT INTO messages VALUES(219,310036,'insert','blocks','{"block_hash":"158648a98f1e1bd1875584ce8449eb15a4e91a99a923bbb24c4210135cef0c76","block_index":310036,"block_time":310036000,"difficulty":null,"ledger_hash":null,"previous_block_hash":null,"txlist_hash":null}',0,'NEW_BLOCK',NULL,'a8bdd8635ed37a97059d04c447237554f22c375065770721d7a8056106a448ed');
INSERT INTO messages VALUES(220,310036,'parse','blocks','{"block_index":310036,"ledger_hash":"31aecb842ea816f98aead90fed7ad005c010919a2ef2c5d7a8965b71832d3201","messages_hash":"155bfc9b6b5b8094d1cf88142ebaa21a5da946e69f6b39ccfd3642d88ee231d0","transaction_count":0,"txlist_hash":"f82f0d124ffdaa3ad52102d54a003e27cb67a8788fac5258e2836c5a5050dc51"}',0,'BLOCK_PARSED',NULL,'e58113832c4569951f5ce6ec1e017a30a576740d378a1e26521361dd841b0b3a');
INSERT INTO messages VALUES(221,310037,'insert','blocks','{"block_hash":"563acfd6d991ce256d5655de2e9429975c8dceeb221e76d5ec6e9e24a2c27c07","block_index":310037,"block_time":310037000,"difficulty":null,"ledger_hash":null,"previous_block_hash":null,"txlist_hash":null}',0,'NEW_BLOCK',NULL,'f24bc9b53432c1d88ef4502c47217325694fcae698cb13fd808aa04caa0bb4fe');
INSERT INTO messages VALUES(222,310037,'parse','blocks','{"block_index":310037,"ledger_hash":"7a3167eb2c8a80c7c363ac47200ebc8cb6bd53f57da64465bec14bd86cf2c6c7","messages_hash":"96b0309f0c70ba294acd3d868faf41b07c29bf2fb3e5739335a2ec4a741e69ea","transaction_count":0,"txlist_hash":"f949a847e9b1902aac9328803f3c29d59c082bbe64688990ae12b7dbf7f1a357"}',0,'BLOCK_PARSED',NULL,'256647bc270885b7cbaba7e0fcd5dd2ea78d8b1589d00b5bd43ca0031619ac59');
INSERT INTO messages VALUES(223,310038,'insert','blocks','{"block_hash":"b44b4cad12431c32df27940e18d51f63897c7472b70950d18454edfd640490b2","block_index":310038,"block_time":310038000,"difficulty":null,"ledger_hash":null,"previous_block_hash":null,"txlist_hash":null}',0,'NEW_BLOCK',NULL,'fa9a48089ee3783919d23682590016aa0f0a1b8c85392af467ac84bc74f2ca52');
INSERT INTO messages VALUES(224,310038,'parse','blocks','{"block_index":310038,"ledger_hash":"212bc51956081e57aa618360926e186824dce8987948ee7706403451ab417a0a","messages_hash":"8d13020c8fce78c6b939778e240e793181beb651e45e46d6f91aa3118986d761","transaction_count":0,"txlist_hash":"ebd9c5fce61270ef26e23464b19a8f9f6031736cd888596fe6fbacf09b5d9b9a"}',0,'BLOCK_PARSED',NULL,'ad91d95c4719cf05e355d74909fcb62d8462643d66eb2ddf6c5cf9cc0d845617');
INSERT INTO messages VALUES(225,310039,'insert','blocks','{"block_hash":"5fa1ae9c5e8a599247458987b006ad3a57f686df1f7cc240bf119e911b56c347","block_index":310039,"block_time":310039000,"difficulty":null,"ledger_hash":null,"previous_block_hash":null,"txlist_hash":null}',0,'NEW_BLOCK',NULL,'d2915687e8d5d703a263f16c407f66b5cab6fc837e870d35626af9132b3b3621');
INSERT INTO messages VALUES(226,310039,'parse','blocks','{"block_index":310039,"ledger_hash":"03e72d7551164403b41956638a0fdec8703c29373ea2b15c770717b0ec39fa95","messages_hash":"42984098751f1130d6f4385f5c728d76cc223911c98de81616191f0c34cda204","transaction_count":0,"txlist_hash":"104fb910b5395ca1f9c3d45e89a6d0e452e2ac58a4a022bc4ca50a96a2f17fb8"}',0,'BLOCK_PARSED',NULL,'f2976835d1421493948d6f47a03376241917bab257b1992a43e0386be9a690ad');
INSERT INTO messages VALUES(227,310040,'insert','blocks','{"block_hash":"7200ded406675453eadddfbb2d14c2a4526c7dc2b5de14bd48b29243df5e1aa3","block_index":310040,"block_time":310040000,"difficulty":null,"ledger_hash":null,"previous_block_hash":null,"txlist_hash":null}',0,'NEW_BLOCK',NULL,'23d01d413ee1570ea33bfe589d90a9fe748cf588bfd58cc34152d52e71b003e9');
INSERT INTO messages VALUES(228,310040,'parse','blocks','{"block_index":310040,"ledger_hash":"922aa744aa0c08274d1f47a0f80638c7937ecaaf95555e68ceec09449e60d080","messages_hash":"bfc2860a98501e21ea430887b52f8e2b00245a7fdd9954fd9dc2c258328b1aad","transaction_count":0,"txlist_hash":"9eca59da0f3d4e97f4a8bb993746a5683e3786ae4f1f67413a15de3467f3d548"}',0,'BLOCK_PARSED',NULL,'478721bce26717509bd8bee23313eae6fd5e9522c4f3bbd94ce03cb9feb25533');
INSERT INTO messages VALUES(229,310041,'insert','blocks','{"block_hash":"5db592ff9ba5fac1e030cf22d6c13b70d330ba397f415340086ee7357143b359","block_index":310041,"block_time":310041000,"difficulty":null,"ledger_hash":null,"previous_block_hash":null,"txlist_hash":null}',0,'NEW_BLOCK',NULL,'0ea251abfde833962e5e9b721dcbd9dea6eeb2f27b6517b78ed96dfb3f483787');
INSERT INTO messages VALUES(230,310041,'parse','blocks','{"block_index":310041,"ledger_hash":"de422fc7f3f11d20b697e0ee57afe101ddeb5e84105153a3bb10f97f9c3f1783","messages_hash":"825bb03fbebe28548c775741063614e5b401226209c86a2c40f73e0d70e9cb7e","transaction_count":0,"txlist_hash":"d654c62e5acb5a3bae70fe42bdf16fbec8e4d196bac6245e7d34e75dfff4328e"}',0,'BLOCK_PARSED',NULL,'501a10550356d0491582961c15d47ac29ad0dfdf1cd9396bf531077ca8eda44f');
INSERT INTO messages VALUES(231,310042,'insert','blocks','{"block_hash":"826fd4701ef2824e9559b069517cd3cb990aff6a4690830f78fc845ab77fa3e4","block_index":310042,"block_time":310042000,"difficulty":null,"ledger_hash":null,"previous_block_hash":null,"txlist_hash":null}',0,'NEW_BLOCK',NULL,'fe19f0214acceda8a81195a3d570c69303b1aaba3be8865871de49f3e2a0aff1');
INSERT INTO messages VALUES(232,310042,'parse','blocks','{"block_index":310042,"ledger_hash":"82d7c9a0c9d63c3f93b125a9eabc2a7b5f560eccc5fb578d71ec071f150c8fac","messages_hash":"df9a943b075fb4d28ed9957e226fcce3aba2aab48d58e0425191cea8bbe45ec1","transaction_count":0,"txlist_hash":"8d98558fedf83247f89d4f7d1bb738264f0bedd471e7cbb414b812f943ead672"}',0,'BLOCK_PARSED',NULL,'e01c66af9c735d43576341c66bf98e9e88367cc80311998db6f0615fe4f4073e');
INSERT INTO messages VALUES(233,310043,'insert','blocks','{"block_hash":"2254a12ada208f1dd57bc17547ecaf3c44720323c47bc7d4b1262477cb7f3c51","block_index":310043,"block_time":310043000,"difficulty":null,"ledger_hash":null,"previous_block_hash":null,"txlist_hash":null}',0,'NEW_BLOCK',NULL,'ac40038d812097313e7749cbdde145cedcae31fe0c3d344aba499efcb32385c5');
INSERT INTO messages VALUES(234,310043,'parse','blocks','{"block_index":310043,"ledger_hash":"c9232d9cfb183cc9bc09bef78f7c83bac3d9af803e6916c9b14063c4f619d9e6","messages_hash":"99b67b7b47115d54e97d2c6e3b464e6ec7e914b748c7aca09ad92f0b80249bd6","transaction_count":0,"txlist_hash":"41f95828ae91fe699936922496c8dd7515c86190879e4a14e206104acd6a233a"}',0,'BLOCK_PARSED',NULL,'722d8f616fd8d0f74057392efc87602dd9c06b17cc61d97fc457a878378d08c5');
INSERT INTO messages VALUES(235,310044,'insert','blocks','{"block_hash":"3346d24118d8af0b3c6bcc42f8b85792e7a2e7036ebf6e4c25f4f6723c78e46b","block_index":310044,"block_time":310044000,"difficulty":null,"ledger_hash":null,"previous_block_hash":null,"txlist_hash":null}',0,'NEW_BLOCK',NULL,'94bb68a664c2187b3a920b452bd717b7024b5c79fb0dfdff5cfb210421e8c5e1');
INSERT INTO messages VALUES(236,310044,'parse','blocks','{"block_index":310044,"ledger_hash":"71c3e7aa2ad71e35b752dd4e48381b4ca845c370e5c340f2a221dde808966a45","messages_hash":"97fd4c1a87a5ce882686744d4ca81a3dbb6e87eb9559b5408725bb01862f0809","transaction_count":0,"txlist_hash":"f46e20199f2316a5bcf959c21c3d9b13773eddc48b9e984feba01e1bb72c5a1d"}',0,'BLOCK_PARSED',NULL,'a3097984d155ff1de476b7a3c42695d5fcf1565227d0123672ffd005c7bf4933');
INSERT INTO messages VALUES(237,310045,'insert','blocks','{"block_hash":"7bba0ab243839e91ad1a45a762bf074011f8a9883074d68203c6d1b46fffde98","block_index":310045,"block_time":310045000,"difficulty":null,"ledger_hash":null,"previous_block_hash":null,"txlist_hash":null}',0,'NEW_BLOCK',NULL,'2389432875fb3731e29fb1c30e93468079924ebca463787396a0abd327363364');
INSERT INTO messages VALUES(238,310045,'parse','blocks','{"block_index":310045,"ledger_hash":"47230be2ba96e7adb6088b18788b52a65aa48183c2c00095b79999f5ea1af514","messages_hash":"54d64348a9c09339a630ba857d362888ab506e308fad53ba02732176628497cb","transaction_count":0,"txlist_hash":"b758e6774a81b89a9396b19e6fdf079613740c8f2b3648c590dfd620be1fa004"}',0,'BLOCK_PARSED',NULL,'d6b4ba9018eb9c4eaa1aecb547ba938aab86b02a28b5eca56110d46b7d216dc7');
INSERT INTO messages VALUES(239,310046,'insert','blocks','{"block_hash":"47db6788c38f2d6d712764979e41346b55e78cbb4969e0ef5c4336faf18993a6","block_index":310046,"block_time":310046000,"difficulty":null,"ledger_hash":null,"previous_block_hash":null,"txlist_hash":null}',0,'NEW_BLOCK',NULL,'b7687cca43a137f2b9e3898715bd630deb6d722eab61a3bf191b0906be8db07f');
INSERT INTO messages VALUES(240,310046,'parse','blocks','{"block_index":310046,"ledger_hash":"2c306c41049fba2e58a07b5d14f930bcaa465b2afa4df24d8a887958555f0c57","messages_hash":"c711ee442fd11b809bbe201c149322130645d3438f7a15f08defc5c54f9b540a","transaction_count":0,"txlist_hash":"51682386d3a81c19315594f5bb350999b320c08ca501dd39feec66296054dae9"}',0,'BLOCK_PARSED',NULL,'1e55d297539f76e95478bfc9fae708c81229ebe6e57dca1858c4eb9858451137');
INSERT INTO messages VALUES(241,310047,'insert','blocks','{"block_hash":"a9ccabcc2a098a7d25e4ab8bda7c4e66807eefa42e29890dcd88149a10de7075","block_index":310047,"block_time":310047000,"difficulty":null,"ledger_hash":null,"previous_block_hash":null,"txlist_hash":null}',0,'NEW_BLOCK',NULL,'c80bbc95207f955b02f9eaf7c92dfa22e32f3a4ba274215b92b7d1a80c9a7a26');
INSERT INTO messages VALUES(242,310047,'parse','blocks','{"block_index":310047,"ledger_hash":"95a6325dcb8b9f7aef9da35bd20a46addef23aa5c36795beccacf992bee88d28","messages_hash":"6e492de6183e817a799c22c06e1959981c44688f190e37a6ee8b1f638ff28211","transaction_count":0,"txlist_hash":"f8c1fa6d65d4eb34e842f982255f25a1fc2d45bee528dd1b1b9395bdf21dd414"}',0,'BLOCK_PARSED',NULL,'c3b580c67988d0b56350fdcf136bea613ede6d41d7bafeb0ca92a42de1749a32');
INSERT INTO messages VALUES(243,310048,'insert','blocks','{"block_hash":"610bf3935a85b05a98556c55493c6de45bed4d7b3b6c8553a984718765796309","block_index":310048,"block_time":310048000,"difficulty":null,"ledger_hash":null,"previous_block_hash":null,"txlist_hash":null}',0,'NEW_BLOCK',NULL,'14fe74226796d039ad4ee7a151d5a8799845597e2fdf2bbf4c886288623ff0be');
INSERT INTO messages VALUES(244,310048,'parse','blocks','{"block_index":310048,"ledger_hash":"8811d6a6b22ff3e0ecf399dd20a28a17ad000e99b17f90e63e02230ed42cf260","messages_hash":"cf0ed94154894b382f97edb3c95009fab31a00d2977879bfa3d7f51689897f01","transaction_count":0,"txlist_hash":"57259efa64d87db253d18eb2d9133708e74cf332af1f2a646262a19b0200cd41"}',0,'BLOCK_PARSED',NULL,'127a3ad2d53085ad5e2257649130ec15dd0c851c186ed54ea3120d128e7bb340');
INSERT INTO messages VALUES(245,310049,'insert','blocks','{"block_hash":"4ad2761923ad49ad2b283b640f1832522a2a5d6964486b21591b71df6b33be3c","block_index":310049,"block_time":310049000,"difficulty":null,"ledger_hash":null,"previous_block_hash":null,"txlist_hash":null}',0,'NEW_BLOCK',NULL,'804452507e8d80c9aab353aa2cce70cc3fd53f2b9ade49db04ee8e5bd11b0e4d');
INSERT INTO messages VALUES(246,310049,'parse','blocks','{"block_index":310049,"ledger_hash":"4bffe3d3071cee255f64108bd8b97652f06190cb73caac5bdc4ef61d3ff9ecd6","messages_hash":"5b2a926cda56dab96da9279eb43cb96a9bf4a172a572cec002650ef5e3f06e98","transaction_count":0,"txlist_hash":"76aed141b5d23469fd1d9a0f5228956f528df39b9ee6efe8fb0220ce3c7c5eb7"}',0,'BLOCK_PARSED',NULL,'0b7cb4da41b3ae744764b4a8848ea1eaa39fcbdaa9b18f26cda5a1b8ff4d90be');
INSERT INTO messages VALUES(247,310050,'insert','blocks','{"block_hash":"8cfeb60a14a4cec6e9be13d699694d49007d82a31065a17890383e262071e348","block_index":310050,"block_time":310050000,"difficulty":null,"ledger_hash":null,"previous_block_hash":null,"txlist_hash":null}',0,'NEW_BLOCK',NULL,'5a469a107adac661d42dcf2db573f14fe7aa41ca54566b043c9b7d4797ae7241');
INSERT INTO messages VALUES(248,310050,'parse','blocks','{"block_index":310050,"ledger_hash":"b00d5001e914fde448457f3b373637385114eeb07d79751241f4c1f50cadc050","messages_hash":"cf8f397eb9e0eeafb9e69d981f8bdd7693f29e692587d8ff94fc11b71a7658c8","transaction_count":0,"txlist_hash":"ca9afb4ee51b772fbf5d2a691b7452fdbc9f83126babf1044c711edde79e6dcc"}',0,'BLOCK_PARSED',NULL,'5c04a0269240609c0fb22f072b0d42610974e450b0c42fe39be1490f9a42b54d');
INSERT INTO messages VALUES(249,310051,'insert','blocks','{"block_hash":"b53c90385dd808306601350920c6af4beb717518493fd23b5c730eea078f33e6","block_index":310051,"block_time":310051000,"difficulty":null,"ledger_hash":null,"previous_block_hash":null,"txlist_hash":null}',0,'NEW_BLOCK',NULL,'5263a6d1d0a34c54e6a253ff16bdf9f7917bb2ef8337779cfc81beed7e2fe33e');
INSERT INTO messages VALUES(250,310051,'parse','blocks','{"block_index":310051,"ledger_hash":"90dd8fabe43314ac6ab6f5485275a4b1131c232a1e9d92395fc030659873edb8","messages_hash":"dc79bc6c569e715bfe5fbcb5b9701f06a9392ef56c36a6aec8326c9fba392e47","transaction_count":0,"txlist_hash":"00f797ce466cd561a7e1be9182395c143db615d5106ce5056d1463059f5edae5"}',0,'BLOCK_PARSED',NULL,'fec182b0039dcca1276dc3f42e00c9946af1574c65d995a2741078205b1b3a9d');
INSERT INTO messages VALUES(251,310052,'insert','blocks','{"block_hash":"0acdacf4e4b6fca756479cb055191b367b1fa433aa558956f5f08fa5b7b394e2","block_index":310052,"block_time":310052000,"difficulty":null,"ledger_hash":null,"previous_block_hash":null,"txlist_hash":null}',0,'NEW_BLOCK',NULL,'f926930c7747da4b24dbda397193aa2433a97896cc74217216fa0b8c4fcd982a');
INSERT INTO messages VALUES(252,310052,'parse','blocks','{"block_index":310052,"ledger_hash":"923848bdc7906ab89898021e05e201f69305087b12803c459f066f2d681fe9b5","messages_hash":"dc22d00dfd0c5a556cba1549830a0d51898d741869aeb69c71b741117137c124","transaction_count":0,"txlist_hash":"71da0a2efd55fe95c879eb70529cc8f205e567b99dc10c8d5eedebe84d5a8100"}',0,'BLOCK_PARSED',NULL,'2e16a3e38c380b149c8752d95c1254c89356b0ed8b5b257274a77cafab220470');
INSERT INTO messages VALUES(253,310053,'insert','blocks','{"block_hash":"68348f01b6dc49b2cb30fe92ac43e527aa90d859093d3bf7cd695c64d2ef744f","block_index":310053,"block_time":310053000,"difficulty":null,"ledger_hash":null,"previous_block_hash":null,"txlist_hash":null}',0,'NEW_BLOCK',NULL,'466593e89d2a3f60fb1589adfa16f864c87dad062f7c66747507d4b93ca431f7');
INSERT INTO messages VALUES(254,310053,'parse','blocks','{"block_index":310053,"ledger_hash":"e5ecdf8c0a2166fa8fe25adea0d374d34131d29a3c901868fec579eb20a5a930","messages_hash":"ff1c9291ba783eed6b258e6d5255ae42d736d6c05100c80a9b357d368f96d8dc","transaction_count":0,"txlist_hash":"5abf33f1fc171ba30719b38e7a398d42c139d04f8e165a9cce2c48c6083dcc93"}',0,'BLOCK_PARSED',NULL,'68c2d73aa6e21187f70817840f6d36ea86e65597541df4de284a3421ae97a8b9');
INSERT INTO messages VALUES(255,310054,'insert','blocks','{"block_hash":"a8b5f253df293037e49b998675620d5477445c51d5ec66596e023282bb9cd305","block_index":310054,"block_time":310054000,"difficulty":null,"ledger_hash":null,"previous_block_hash":null,"txlist_hash":null}',0,'NEW_BLOCK',NULL,'c1d013f897646d5654e65b36bf1e696276649ce0c4ab90dd028286ec9ca1f775');
INSERT INTO messages VALUES(256,310054,'parse','blocks','{"block_index":310054,"ledger_hash":"03cd75c14bbe11800f4d436dce93235787e2521a19b1d5a90796a5de369680d1","messages_hash":"a83a8007696b3f3fceb2bea0ea1913f4bc84665e01d7feebff998615389f468d","transaction_count":0,"txlist_hash":"b667da440c07b0c67137194acfc7f69d81ee6fa0c22bef714bf5b41c077bed64"}',0,'BLOCK_PARSED',NULL,'d1ec7a0c06617921e79071727a79865d03136805b37ae9c94a95911b402cb6ef');
INSERT INTO messages VALUES(257,310055,'insert','blocks','{"block_hash":"4b069152e2dc82e96ed8a3c3547c162e8c3aceeb2a4ac07972f8321a535b9356","block_index":310055,"block_time":310055000,"difficulty":null,"ledger_hash":null,"previous_block_hash":null,"txlist_hash":null}',0,'NEW_BLOCK',NULL,'ca58c7d869d92c527115bd0cffb5a16b47b10349e1c5bf13c024bfdff621162e');
INSERT INTO messages VALUES(258,310055,'parse','blocks','{"block_index":310055,"ledger_hash":"7239560704ca831dfe90791f1cd21ae1f1506275cf6b45933676be9b096d340b","messages_hash":"fd5c08d5f15b35267580a68327ac57861a76b66d11a44f5f73f4341d45251aae","transaction_count":0,"txlist_hash":"1637fbf888407cf9da83ed6a460879079609aa026cf7980f206f9cc7cafadb7f"}',0,'BLOCK_PARSED',NULL,'b62a9095d158798c05b48ca924559308483eaa4835e38ba6aef4244516903c3e');
INSERT INTO messages VALUES(259,310056,'insert','blocks','{"block_hash":"7603eaed418971b745256742f9d2ba70b2c2b2f69f61de6cc70e61ce0336f9d3","block_index":310056,"block_time":310056000,"difficulty":null,"ledger_hash":null,"previous_block_hash":null,"txlist_hash":null}',0,'NEW_BLOCK',NULL,'06ffe31a4c377052cdd0ce5698e462f086315c86aaed219e7b2d2a3fa61651ee');
INSERT INTO messages VALUES(260,310056,'parse','blocks','{"block_index":310056,"ledger_hash":"3aa4ef8714cbb71c4f0b052dc7ec7795322103ba7b8361db3f33303f564f3815","messages_hash":"b2f6885c46168c70916249f19d09fc105ccaef9627d2f6648b6b24a1b1919b52","transaction_count":0,"txlist_hash":"852398cab8b740cc197a2a148e8d6a9cff5b13af7df2da2f1d9ecaf82e852986"}',0,'BLOCK_PARSED',NULL,'ca97c24ee46cd0035ddff3469f47d1f9154ab6381f16f916a20fc34dba8d5992');
INSERT INTO messages VALUES(261,310057,'insert','blocks','{"block_hash":"4a5fdc84f2d66ecb6ee3e3646aad20751ce8694e64e348d3c8aab09d33a3e411","block_index":310057,"block_time":310057000,"difficulty":null,"ledger_hash":null,"previous_block_hash":null,"txlist_hash":null}',0,'NEW_BLOCK',NULL,'b563b104066fde9b6039c6a0560290ade125545172c48b310791b6e97eb5131d');
INSERT INTO messages VALUES(262,310057,'parse','blocks','{"block_index":310057,"ledger_hash":"fee33c0a466c580887106b4bb7a8c6aeb7a049c94987bae64f695ae400c4a4a1","messages_hash":"1abd5e19319a2c7b512c0d7153f425800274b9e132f9d28e5ca61dfd15a7659b","transaction_count":0,"txlist_hash":"1c306bb532873b9b265572c6bc43e28982941654f1d9000089c11ad1aedae3d2"}',0,'BLOCK_PARSED',NULL,'e345a91691ba9259b38e2fccc5e084b81ff30752b764af18d1a915894a615285');
INSERT INTO messages VALUES(263,310058,'insert','blocks','{"block_hash":"a6eef3089896f0cae0bfe9423392e45c48f4efe4310b14d8cfbdb1fea613635f","block_index":310058,"block_time":310058000,"difficulty":null,"ledger_hash":null,"previous_block_hash":null,"txlist_hash":null}',0,'NEW_BLOCK',NULL,'b8f2e80447fb624c85ea3cc50bda348fd216f38e945535dc4c8af63d75cf21d7');
INSERT INTO messages VALUES(264,310058,'parse','blocks','{"block_index":310058,"ledger_hash":"94d58bd9a65a2e13c7ea2373e521952e916b0e1d31d803eced96e5c8903aa625","messages_hash":"d1e2216ee2d2ecf1a0581511bef6b5312ec2ba1ec187a51b6b0600fad40d11cc","transaction_count":0,"txlist_hash":"4422cd391ebf77dd8205b553939708f90a6f7aedc2f649414da1245c2bd0b666"}',0,'BLOCK_PARSED',NULL,'ff96f739c836ceb42352908c60a55ec350e32b45b3c4a0c48e0abd8e4a5246b8');
INSERT INTO messages VALUES(265,310059,'insert','blocks','{"block_hash":"ab505de874c43f97c90be1c26a769e6c5cb140405c993b4a6cc7afc795f156a9","block_index":310059,"block_time":310059000,"difficulty":null,"ledger_hash":null,"previous_block_hash":null,"txlist_hash":null}',0,'NEW_BLOCK',NULL,'10064115e09bb6637e55acea8be2f23dd650a3318ce89e0bd45857b3dba87a97');
INSERT INTO messages VALUES(266,310059,'parse','blocks','{"block_index":310059,"ledger_hash":"e9c87b2a652d4ef3d48ac74424f57d06dd85893fd542e0784df067c37396b0df","messages_hash":"13c7a28e462794adf8a9be025515cae638f15f3500381014595440b39a6582b5","transaction_count":0,"txlist_hash":"8a2b63cf759cb2a37a2b48949049e94b8302b37c3f36cf9c6e2776aede2394e8"}',0,'BLOCK_PARSED',NULL,'70b623f7e3b30b064b6c3905d7c5f2e745587ced1e10fe1f2bb97ee29987f265');
INSERT INTO messages VALUES(267,310060,'insert','blocks','{"block_hash":"974ad5fbef621e0a38eab811608dc9afaf10c8ecc85fed913075ba1a145e889b","block_index":310060,"block_time":310060000,"difficulty":null,"ledger_hash":null,"previous_block_hash":null,"txlist_hash":null}',0,'NEW_BLOCK',NULL,'731759a8d5dd22f5d2322087b83ea81c6a950a6cb2c6950e16dbac8793c8087c');
INSERT INTO messages VALUES(268,310060,'parse','blocks','{"block_index":310060,"ledger_hash":"b664a0985edab20768aec36096a7b2faa159cef4af7e779ad421942137ee317a","messages_hash":"39c20fb9e1f97663856d1fc865ab2c44b1de0a0b92964bd17e93bd825604163d","transaction_count":0,"txlist_hash":"347325a63bf485645a7a92d84c947e559893b77e728a76e97ed81f3adf2c0f53"}',0,'BLOCK_PARSED',NULL,'ef8d833f282cb4848ad46b9c8cb3ab412b604d9f3e1a03271c25939fdda59dc3');
INSERT INTO messages VALUES(269,310061,'insert','blocks','{"block_hash":"35d267d21ad386e7b7632292af1c422b0310dde7ca49a82f9577525a29c138cf","block_index":310061,"block_time":310061000,"difficulty":null,"ledger_hash":null,"previous_block_hash":null,"txlist_hash":null}',0,'NEW_BLOCK',NULL,'6bb10b45fc9badd8fb38c5cfd1c69225abf8706481f3a054e347256aa73d0e51');
INSERT INTO messages VALUES(270,310061,'parse','blocks','{"block_index":310061,"ledger_hash":"5ffa5e1f36c5539b2f5a89a6a60d45ec6372ced770d9b0e0e8dfd61edad84c22","messages_hash":"3b3305f29526c11627d5b68c8cd964ac145dac5239ce79eaf049226fecc6d6af","transaction_count":0,"txlist_hash":"3170bf4b9f60a1b6b4e9a886210f63ffc6726b112b3ed5cac0e3f7eb45ac00b8"}',0,'BLOCK_PARSED',NULL,'33b06963295d33aa1b40461b03b1e52a1550b225b91fb9b6c2aad415418dce92');
INSERT INTO messages VALUES(271,310062,'insert','blocks','{"block_hash":"b31a0054145319ef9de8c1cb19df5bcf4dc8a1ece20053aa494e5d3a00a2852f","block_index":310062,"block_time":310062000,"difficulty":null,"ledger_hash":null,"previous_block_hash":null,"txlist_hash":null}',0,'NEW_BLOCK',NULL,'295954d6dfc2afe425f075b6ad2d4f5e95f5e2d06e62f8d0e239d35678097b83');
INSERT INTO messages VALUES(272,310062,'parse','blocks','{"block_index":310062,"ledger_hash":"fc6f9f23c3b8954c7989b0e4ce40087b66dceabc7c0e407ac7f4b397fe2a1281","messages_hash":"d843d0d25ca7efb4833782c58f22665fdb651fdb754786ac50915387bd682ca5","transaction_count":0,"txlist_hash":"aff3a6a91ad60396c2970e577d50b1c4101a528401e65bf4b2f138cc59b07f1a"}',0,'BLOCK_PARSED',NULL,'1e394a4b9cb43bd06825b0840eb793515e1ffb0decf52e98b3dce35f7ab3207e');
INSERT INTO messages VALUES(273,310063,'insert','blocks','{"block_hash":"0cbcbcd5b7f2dc288e3a34eab3d4212463a5a56e886804fb4f9f1cf929eadebe","block_index":310063,"block_time":310063000,"difficulty":null,"ledger_hash":null,"previous_block_hash":null,"txlist_hash":null}',0,'NEW_BLOCK',NULL,'a89cfc16c08710a2d67d62e720d524a86d0bdce3a9509ec959f3216fd2d6305c');
INSERT INTO messages VALUES(274,310063,'parse','blocks','{"block_index":310063,"ledger_hash":"cc6c3b8cf2c457b2f6afb5b208f968544767be8b86ca53bdab4224619a03121d","messages_hash":"9243ab0ff7630d19e97c126c33096e65ef99abf791f86ce588bdaf60432584fe","transaction_count":0,"txlist_hash":"ca000b9c56221943a727e27d9e1e5ff747b08e7584ef18bd90a421dbe0e06ef8"}',0,'BLOCK_PARSED',NULL,'ef6e59b6202902b9d93cca190af639480d4c9bc31282a130cb2411f0a290a527');
INSERT INTO messages VALUES(275,310064,'insert','blocks','{"block_hash":"e2db8065a195e85cde9ddb868a17d39893a60fb2b1255aa5f0c88729de7cbf30","block_index":310064,"block_time":310064000,"difficulty":null,"ledger_hash":null,"previous_block_hash":null,"txlist_hash":null}',0,'NEW_BLOCK',NULL,'0154f839edd672139c96eb26e891ffdace90ac1e00f2b5d4f8770bfd5df0df9f');
INSERT INTO messages VALUES(276,310064,'parse','blocks','{"block_index":310064,"ledger_hash":"cc57ac6aec118ebfb03f5113ad1af749522e60ef4ca201d48bd43478cc0a29e4","messages_hash":"87e0fab5b1ded8710f4b1673de3cc31be6a0dce4584336ffc8dad25865ecbdb1","transaction_count":0,"txlist_hash":"2977d05822d50125f1e746e836c59416c5c210cb809a10b444dbb8e26f033ba8"}',0,'BLOCK_PARSED',NULL,'798aced9823a2e14a129a28be726375676911ce0b9a8d197ce53f102a51c3ada');
INSERT INTO messages VALUES(277,310065,'insert','blocks','{"block_hash":"8a7bc7a77c831ac4fd11b8a9d22d1b6a0661b07cef05c2e600c7fb683b861d2a","block_index":310065,"block_time":310065000,"difficulty":null,"ledger_hash":null,"previous_block_hash":null,"txlist_hash":null}',0,'NEW_BLOCK',NULL,'e46c4fb512ac686aab7959f43d39c6af00120e793f960cf2afa16904a942bbca');
INSERT INTO messages VALUES(278,310065,'parse','blocks','{"block_index":310065,"ledger_hash":"9999be70079c0943f0a00c54236680bafe0c87dd3bb75c982211f751e7ecdcae","messages_hash":"1ffa69ee7f77dae5b62b2374edb7fd8273198da7549cdbfd87d1d4e96e53acda","transaction_count":0,"txlist_hash":"6a13f22a7f3fa93fa1b4459e2e1a9d26d73e4c4694dcf708d0ac63ac114f45a4"}',0,'BLOCK_PARSED',NULL,'a4deee086c46b13740fbd35ca164633a79e4dcd31f244483fbc08975984f7cf3');
INSERT INTO messages VALUES(279,310066,'insert','blocks','{"block_hash":"b6959be51eb084747d301f7ccaf9e75f2292c9404633b1532e3692659939430d","block_index":310066,"block_time":310066000,"difficulty":null,"ledger_hash":null,"previous_block_hash":null,"txlist_hash":null}',0,'NEW_BLOCK',NULL,'8919231e206126ed104136b52daf45915bcfa2bc9461854be5ba96ece376bb08');
INSERT INTO messages VALUES(280,310066,'parse','blocks','{"block_index":310066,"ledger_hash":"efb2fcb7b5628bb99994bc1ada157bf80b4516d961497aa011c06da1523801d7","messages_hash":"d18b9c205d53013cdb5acb903fff7384afc094a5c35734d76905dc52ff7bd074","transaction_count":0,"txlist_hash":"dc55b9fa5be62a07a2d4fb8e502ca6ff85977e767bfd3ca75da428abbb1b6670"}',0,'BLOCK_PARSED',NULL,'e41738168d1c2e9d0fb1622a3dd7019fcebe2fca9bb6f3e209bffd285a654f29');
INSERT INTO messages VALUES(281,310067,'insert','blocks','{"block_hash":"8b08eae98d7193c9c01863fac6effb9162bda010daeacf9e0347112f233b8577","block_index":310067,"block_time":310067000,"difficulty":null,"ledger_hash":null,"previous_block_hash":null,"txlist_hash":null}',0,'NEW_BLOCK',NULL,'ae39c1065a94218b8e052d48c3c04f4df0c9bda6cdb035c573ba3374e28855a6');
INSERT INTO messages VALUES(282,310067,'parse','blocks','{"block_index":310067,"ledger_hash":"fb396fca9af7816f97b22b8bf1b01951e271a75f1a640dfc64955696dc1c0b7d","messages_hash":"ad6442924465f3b37eb730e2f19bb653950fc8e8f6aa07ecc915aaddaa872900","transaction_count":0,"txlist_hash":"1b93e33ab9ac4759b0a38f4b796028f9b7db68b5d13dfa752075a767698ebe5d"}',0,'BLOCK_PARSED',NULL,'2cc52dc6d8ee9b95b6968f13a6dbf937755484b2184fa769c54f40d26f80e486');
INSERT INTO messages VALUES(283,310068,'insert','blocks','{"block_hash":"9280e7297ef6313341bc81787a36acfc9af58f83a415afff5e3154f126cf52b5","block_index":310068,"block_time":310068000,"difficulty":null,"ledger_hash":null,"previous_block_hash":null,"txlist_hash":null}',0,'NEW_BLOCK',NULL,'51c32fb0100d41e618000e0112782114aed9d1fbf13c2536fc583b5e8ffd14a7');
INSERT INTO messages VALUES(284,310068,'parse','blocks','{"block_index":310068,"ledger_hash":"6cbc681ed90e676cc507d07120888bd4c8759873a0b9215f721a0ce707070086","messages_hash":"7dafec37e0242a172bac087192d0fd5e12cd6b3b4ccf0a8d62f9508563e68720","transaction_count":0,"txlist_hash":"00df7671066a79a502455d992ac35ec6c570620a56523ff5e78267d29439a469"}',0,'BLOCK_PARSED',NULL,'40893fae1322b916d173ef6357de3c89e255e2dc4c95b3f380d967b1508587da');
INSERT INTO messages VALUES(285,310069,'insert','blocks','{"block_hash":"486351f0655bf594ffaab1980cff17353b640b63e9c27239109addece189a6f7","block_index":310069,"block_time":310069000,"difficulty":null,"ledger_hash":null,"previous_block_hash":null,"txlist_hash":null}',0,'NEW_BLOCK',NULL,'d9b8de4ed6d1ff2d42204862819d99a17c7f151c22e3027c72c66daee032bcf4');
INSERT INTO messages VALUES(286,310069,'parse','blocks','{"block_index":310069,"ledger_hash":"7cb734eb3e24e92de8915a6bea42b6ef721251c481ac9ec751cdbdc08e110011","messages_hash":"4075d21e4e772e52aca312c2a00ee2f628cd09fdc36738b2da4c0b2804a754ad","transaction_count":0,"txlist_hash":"8cc5e7d38fff8f81f8147275e3ffd493de207b7ef5e1ecd8de5631ba276d01ae"}',0,'BLOCK_PARSED',NULL,'15a608714959163880b6f7cd227d43c96252afabbb645180e352c372ff362de1');
INSERT INTO messages VALUES(287,310070,'insert','blocks','{"block_hash":"8739e99f4dee8bebf1332f37f49a125348b40b93b74fe35579dd52bfba4fa7e5","block_index":310070,"block_time":310070000,"difficulty":null,"ledger_hash":null,"previous_block_hash":null,"txlist_hash":null}',0,'NEW_BLOCK',NULL,'edd93930a86c18b1e47501b8c16303e83402e868c388ae58c19c9c2d4296bab7');
INSERT INTO messages VALUES(288,310070,'parse','blocks','{"block_index":310070,"ledger_hash":"7b57a4d1ce0995a938e174e52a096cc9829a0ddd59f698ed04d8b43371a78126","messages_hash":"6b2ae46d964c4af3b7dadcf9bd1c1a6ae0a70e84b991ee6241dff3824ca5d041","transaction_count":0,"txlist_hash":"02afd7fe5768bb428b687a27c423624ce9bbc739a7d977ee9d2f1b9d9333e252"}',0,'BLOCK_PARSED',NULL,'05d63e92d85378069d8736dc6707d794fedd793f02832710cfe39d04384e283b');
INSERT INTO messages VALUES(289,310071,'insert','blocks','{"block_hash":"7a099aa1bba0ead577f1e44f35263a1f115ed6a868c98d4dd71609072ae7f80b","block_index":310071,"block_time":310071000,"difficulty":null,"ledger_hash":null,"previous_block_hash":null,"txlist_hash":null}',0,'NEW_BLOCK',NULL,'8f508eac8593c94d5e803fd27c47296a8d5df980272a5dced37b4a6c52fea4e7');
INSERT INTO messages VALUES(290,310071,'parse','blocks','{"block_index":310071,"ledger_hash":"f46f820a64ced97ccf68a56c048459de0b2855ecd4299e447c4b630913ce1749","messages_hash":"6b0db35967f529d42bf7004a35f2768d49b804edbd0b912597cb81de1e6f0561","transaction_count":0,"txlist_hash":"9b221949c0eee697def0a26be383838afabb2692c3d3db95fe3e682a842fe2f1"}',0,'BLOCK_PARSED',NULL,'606f9ecd4c894519693828ac93447d4adc1c371e3f93d85fb98a0022d01b60c2');
INSERT INTO messages VALUES(291,310072,'insert','blocks','{"block_hash":"7b17ecedc07552551b8129e068ae67cb176ca766ea3f6df74b597a94e3a7fc8a","block_index":310072,"block_time":310072000,"difficulty":null,"ledger_hash":null,"previous_block_hash":null,"txlist_hash":null}',0,'NEW_BLOCK',NULL,'b775de3e0e78b8fff22ee9ec313ce3cae62ea6eed357d559b8b7fc7e88e9a1b0');
INSERT INTO messages VALUES(292,310072,'parse','blocks','{"block_index":310072,"ledger_hash":"878239189ae0afa759af5e59db8a17fd17c0c9a2c017384fd2d0ca789e738050","messages_hash":"d2f79a8b4c0336b5299272e9ed1fc90f83996f6bba18429668e8f58047c40a7e","transaction_count":0,"txlist_hash":"0876f451da0838bf80101f29074429f94fbec1568451cecf38d7b78feb275db0"}',0,'BLOCK_PARSED',NULL,'eb2b0eb332c8cd6180ddc0fa26b57748277f380773935fbf45d000c0636a873a');
INSERT INTO messages VALUES(293,310073,'insert','blocks','{"block_hash":"ee0fe3cc9b3a48a2746b6090b63b442b97ea6055d48edcf4b2288396764c6943","block_index":310073,"block_time":310073000,"difficulty":null,"ledger_hash":null,"previous_block_hash":null,"txlist_hash":null}',0,'NEW_BLOCK',NULL,'99b6589427c45bfc63a2c80fe7aaec411ea48ec81c55f67b9dce6c06c62db60a');
INSERT INTO messages VALUES(294,310073,'parse','blocks','{"block_index":310073,"ledger_hash":"d2d86823f727bc075138653a682373a9c76d21d48b5881968adb66042b501e53","messages_hash":"a229d107ad54fe547890feddc501dfb45565425de08c9ebaa853c0b74ee64367","transaction_count":0,"txlist_hash":"f691270d97d983a4e3bcad0b42ea2f6697d7c2d3379656ff48c7dcd772a7ccc5"}',0,'BLOCK_PARSED',NULL,'9e6231819b519e273d10b73eef4145ce23c5ec9289c2fccd0ddfdf1b9eff033e');
INSERT INTO messages VALUES(295,310074,'insert','blocks','{"block_hash":"ceab38dfde01f711a187601731ad575d67cfe0b7dbc61dcd4f15baaef72089fb","block_index":310074,"block_time":310074000,"difficulty":null,"ledger_hash":null,"previous_block_hash":null,"txlist_hash":null}',0,'NEW_BLOCK',NULL,'e3ee630219786971579ffc7bf0d1b6fb826dca1944845d3ae1e72572749c95eb');
INSERT INTO messages VALUES(296,310074,'parse','blocks','{"block_index":310074,"ledger_hash":"9fd098fcc7d71c0c46fc741ea278de92589c44a6efc4980ced53843193553ea8","messages_hash":"87c2f78b6f8cef14a19ffd7c952d04c47e8fd2a43da48997a4de5b241d827e0d","transaction_count":0,"txlist_hash":"ac6c70368bcc17ec15124557bd86e93f3885628918340be4642d005d6839983b"}',0,'BLOCK_PARSED',NULL,'70f6caadc1756771de1e330704bd24fe0d02f35288c876d4eae18238a8206591');
INSERT INTO messages VALUES(297,310075,'insert','blocks','{"block_hash":"ef547198c6e36d829f117cfd7077ccde45158e3c545152225fa24dba7a26847b","block_index":310075,"block_time":310075000,"difficulty":null,"ledger_hash":null,"previous_block_hash":null,"txlist_hash":null}',0,'NEW_BLOCK',NULL,'815e69182d196f6feee59b02e4c32729deecabeed25d587e7a395e6fe83e57f2');
INSERT INTO messages VALUES(298,310075,'parse','blocks','{"block_index":310075,"ledger_hash":"f1ad21f9b4134bc0225c26fb8969af3565c07997197a7ed9636c01f187f07042","messages_hash":"a7743b6491c318754f4b83aadfec1634642de8857035ccfcd92f1da510ca3cb5","transaction_count":0,"txlist_hash":"773b7359a0dd0f7c28e37537487a2523f3dab738c7e5ab40b86fa5369c016be2"}',0,'BLOCK_PARSED',NULL,'b29a3fbbc152666dd3a8872c72eb300f832f03ccc49d0ccef44ccfbe72df0229');
INSERT INTO messages VALUES(299,310076,'insert','blocks','{"block_hash":"3b0499c2e8e8f0252c7288d4ecf66efc426ca37aad3524424d14c8bc6f8b0d92","block_index":310076,"block_time":310076000,"difficulty":null,"ledger_hash":null,"previous_block_hash":null,"txlist_hash":null}',0,'NEW_BLOCK',NULL,'ffce405005506973239cc9610cb6df73aa15f13c55acab4773080a3c149df6dd');
INSERT INTO messages VALUES(300,310076,'parse','blocks','{"block_index":310076,"ledger_hash":"9a1f3de6b5a255720973fb0c93ae2bc8fe8936565140b8ae991b9d83f86a0002","messages_hash":"b631dee4029c7edfb00e6c4a540faaa49bfc7a095ec2aa1b4c60427027e6c2cd","transaction_count":0,"txlist_hash":"0e6879ace51640eab2a5007304445fa620daff351ee31840466ca9182633041c"}',0,'BLOCK_PARSED',NULL,'35251388e3cc0a15ca6dce1dfaea9f091cd2f668a7999c7506e863e8b0c23211');
INSERT INTO messages VALUES(301,310077,'insert','blocks','{"block_hash":"d2adeefa9024ab3ff2822bc36acf19b6c647cea118cf15b86c6bc00c3322e7dd","block_index":310077,"block_time":310077000,"difficulty":null,"ledger_hash":null,"previous_block_hash":null,"txlist_hash":null}',0,'NEW_BLOCK',NULL,'c2da80cd938839d95bfbc20c71c4a38b06cc52962ba00d37b55093a4c6b3ad38');
INSERT INTO messages VALUES(302,310077,'parse','blocks','{"block_index":310077,"ledger_hash":"ab56d9f59575b2d8ecc4933bbfa1fb0cb81c7a6fe84c1ba81bdee40c3da13164","messages_hash":"9e356ca1f554c84dcbb47a57dbc5ddfa168062dff621d2bbf98500b5d63df18d","transaction_count":0,"txlist_hash":"3ea7fabbd543731ddeefe442cc0a770c19d53ef2c63021474f9b8c65f1fedcca"}',0,'BLOCK_PARSED',NULL,'fb876ae2ac0f009c3fd76057edc6888ea4eb07e94f22278c0ad4f486e0c11155');
INSERT INTO messages VALUES(303,310078,'insert','blocks','{"block_hash":"f6c17115ef0efe489c562bcda4615892b4d4b39db0c9791fe193d4922bd82cd6","block_index":310078,"block_time":310078000,"difficulty":null,"ledger_hash":null,"previous_block_hash":null,"txlist_hash":null}',0,'NEW_BLOCK',NULL,'b8be68481a609d957175b4bac23191b1b56d87d3ab2c5541fa8c8953632d862a');
INSERT INTO messages VALUES(304,310078,'parse','blocks','{"block_index":310078,"ledger_hash":"8399d461b5079a145c716f8f6004d2f7870fe93786bd944fa36ef27134c9517c","messages_hash":"3ff1bad24337c45ec9472440549651604aca2a0f2d125e6e15bc9ca5810715cc","transaction_count":0,"txlist_hash":"3502a4431b3b6e4bea01ef0097c7c863fec0849647ac2ae3d1158e83456e8742"}',0,'BLOCK_PARSED',NULL,'90fcded5f7c9ff2035521ef2aa55eec22fd029f4154a2f6c4de9b42b26a9ad87');
INSERT INTO messages VALUES(305,310079,'insert','blocks','{"block_hash":"f2fbd2074d804e631db44cb0fb2e1db3fdc367e439c21ffc40d73104c4d7069c","block_index":310079,"block_time":310079000,"difficulty":null,"ledger_hash":null,"previous_block_hash":null,"txlist_hash":null}',0,'NEW_BLOCK',NULL,'80ab7e0826763356ff90978593050a94b44a74d4248dbc1e5d289b9680b52008');
INSERT INTO messages VALUES(306,310079,'parse','blocks','{"block_index":310079,"ledger_hash":"b6696a1511704128bbd5ec2c80a1d7d8d3bda6b959f1a674537ace152cb7f8bc","messages_hash":"4c2f696379ff57a476927db67c16925e14f7bc1a55c898921092d534cd83bb81","transaction_count":0,"txlist_hash":"c1c77cdf6d88fbb690c8b961390c45a86c80d99d6375fde0f59ee0e3f5bc5472"}',0,'BLOCK_PARSED',NULL,'6a57e72ea87096b48b193492da67d3b5cd76efb8c759416492a0ed8a272ec3d2');
INSERT INTO messages VALUES(307,310080,'insert','blocks','{"block_hash":"42943b914d9c367000a78b78a544cc4b84b1df838aadde33fe730964a89a3a6c","block_index":310080,"block_time":310080000,"difficulty":null,"ledger_hash":null,"previous_block_hash":null,"txlist_hash":null}',0,'NEW_BLOCK',NULL,'ffd458c27b8831bb78d2307e4713b2de810b261d69b0e22fe084e3343ed42d6a');
INSERT INTO messages VALUES(308,310080,'parse','blocks','{"block_index":310080,"ledger_hash":"9aea0f996c36a815e4103b86ee7fc9be784d7c72549e54d04d84cf7fb8adfb78","messages_hash":"aa9c48d3294b79a22938f7d5918e2628551a8d63ff90fd69f0b12b2d71b72280","transaction_count":0,"txlist_hash":"3cdc3d34ee4019d518e1984848cba4245b8a6d1ad3d0766914f3440996a975e0"}',0,'BLOCK_PARSED',NULL,'7138fb69368379776ba0bfffbef282366ee2dbfcfcb72d3d493c6102f2123517');
INSERT INTO messages VALUES(309,310081,'insert','blocks','{"block_hash":"6554f9d307976249e7b7e260e08046b3b55d318f8b6af627fed5be3063f123c4","block_index":310081,"block_time":310081000,"difficulty":null,"ledger_hash":null,"previous_block_hash":null,"txlist_hash":null}',0,'NEW_BLOCK',NULL,'576e282998b8a4ff3b6711208fdc6587ed0aab159eacb9d449b8fc07a24588aa');
INSERT INTO messages VALUES(310,310081,'parse','blocks','{"block_index":310081,"ledger_hash":"7571b554c5600796b60982bb6df3517eed517a2a3627f8383b92a073cc4a5872","messages_hash":"12e17516b460d0a0364aceb87a60c3bc150332526e7d9539d597c797fddbd1c1","transaction_count":0,"txlist_hash":"40c07e90e7f26fbe17010d676af19340d9b79453c86fe7585eb71e0dbd249ddc"}',0,'BLOCK_PARSED',NULL,'191add7e1a8a74f004eb2aaf3e9f6ebaa8ef8d59354e43a5d679fe1ec44a1a50');
INSERT INTO messages VALUES(311,310082,'insert','blocks','{"block_hash":"4f1ef91b1dcd575f8ac2e66a67715500cbca154bd6f3b8148bb7015a6aa6c644","block_index":310082,"block_time":310082000,"difficulty":null,"ledger_hash":null,"previous_block_hash":null,"txlist_hash":null}',0,'NEW_BLOCK',NULL,'f85156cecbeb8ea4d9d38e8e31b1eb382f10dc4435833a1503418db406d14455');
INSERT INTO messages VALUES(312,310082,'parse','blocks','{"block_index":310082,"ledger_hash":"b2507a73ff4f6998582daac667c457308ba78744e3d1d7533c0232092e3eab1f","messages_hash":"31aea2b78a5f2e90e7b38bf51e612f549081933666a49b77ca6c40673edb3d26","transaction_count":0,"txlist_hash":"e6f5eb946ad2b1b68af033e9254e396f83d119174abc3791514bd0d8a5efc9f2"}',0,'BLOCK_PARSED',NULL,'2aa6dc2bcbe032969d554c6d98716a366ab5c2308884ab40a4d08ab89808e2e8');
INSERT INTO messages VALUES(313,310083,'insert','blocks','{"block_hash":"9b1f6fd6ff9b0dc4e37603cfb0625f49067c775b99e12492afd85392d3c8d850","block_index":310083,"block_time":310083000,"difficulty":null,"ledger_hash":null,"previous_block_hash":null,"txlist_hash":null}',0,'NEW_BLOCK',NULL,'f4c34e4cba592f2c34aff5e3fdc362927058d38707c00d95f80e2425bfcbbb7e');
INSERT INTO messages VALUES(314,310083,'parse','blocks','{"block_index":310083,"ledger_hash":"18566f22ffb9bc5f98712ef3234f8da84f8f3e382007b23c3bb8e6c910043746","messages_hash":"7a4002cd6fdbb2e31cb0f50181d6063745b0bf7819153d4be09af559b7cfd6e6","transaction_count":0,"txlist_hash":"2f67d24a5d08e892b63f72075b1c6ec4746745fbe5efb7eecb4b6b9e28281acb"}',0,'BLOCK_PARSED',NULL,'779798ef9a69a7e26c5101e2a744802ba900316695bc0ce5d31e72acf4ecb20b');
INSERT INTO messages VALUES(315,310084,'insert','blocks','{"block_hash":"1e0972523e80306441b9f4157f171716199f1428db2e818a7f7817ccdc8859e3","block_index":310084,"block_time":310084000,"difficulty":null,"ledger_hash":null,"previous_block_hash":null,"txlist_hash":null}',0,'NEW_BLOCK',NULL,'94ac007b662140f6bba09ab3a890eba88409f8acc04d931ddcabef234a131289');
INSERT INTO messages VALUES(316,310084,'parse','blocks','{"block_index":310084,"ledger_hash":"72c44bddd5b54657623692e444bf893ca7b6d8da992c274bcbaa37c6db903825","messages_hash":"c474774ae2c7d65071ada506ba53d11d50cdae6f5c5f009e7780470017c59a4f","transaction_count":0,"txlist_hash":"36b2d096b29dfc29eb6f70b99a2f03578c3dc8161af12bbbe450352b1f8b4da4"}',0,'BLOCK_PARSED',NULL,'30be46aad23caea5aa0970d7d6be8368ddcb7dc7576c6025745608170deddda8');
INSERT INTO messages VALUES(317,310085,'insert','blocks','{"block_hash":"c5b6e9581831e3bc5848cd7630c499bca26d9ece5156d36579bdb72d54817e34","block_index":310085,"block_time":310085000,"difficulty":null,"ledger_hash":null,"previous_block_hash":null,"txlist_hash":null}',0,'NEW_BLOCK',NULL,'84404f84daa2a417930284bea89deae2df83f217d161a8465662696594c39ffe');
INSERT INTO messages VALUES(318,310085,'parse','blocks','{"block_index":310085,"ledger_hash":"1ddc441adb4b262862caf5b811b2375bd376d9b5d7b8ee251c4337478833cde9","messages_hash":"28c316076dcb8ea566a9e9afba34b91cf0b6f0e98cb31ef4d8cd4f9fedb69c34","transaction_count":0,"txlist_hash":"3f2b02f3cff570a5db80691306fd0440355929de8c65cac2dc4084edb5f8dc50"}',0,'BLOCK_PARSED',NULL,'c7a0443a89bd72cc3be6d9920fb63f5eb13309122aba7771a3475be8da98b77a');
INSERT INTO messages VALUES(319,310086,'insert','blocks','{"block_hash":"080c1dc55a4ecf4824cf9840602498cfc35b5f84099f50b71b45cb63834c7a78","block_index":310086,"block_time":310086000,"difficulty":null,"ledger_hash":null,"previous_block_hash":null,"txlist_hash":null}',0,'NEW_BLOCK',NULL,'a5a3a008fd730676a9479200453cb332714a27b129b0e5fe74f7d51550396f83');
INSERT INTO messages VALUES(320,310086,'parse','blocks','{"block_index":310086,"ledger_hash":"b59447846d380cb8d32639ca13e6e396b68b18483f70b6380296bff65dced3d2","messages_hash":"50d6fc043e0d3f296457bb801283a0699dde68cef5c931ab62dc839e673bbccc","transaction_count":0,"txlist_hash":"0f2c10569b5b0430c54ee6998570ce3658224c0813964b442a94c1a055317d5a"}',0,'BLOCK_PARSED',NULL,'d58a6815452d48bfeacee6328c97bf82f81a1324acc6c3e68406dbda181800b7');
INSERT INTO messages VALUES(321,310087,'insert','blocks','{"block_hash":"4ec8cb1c38b22904e8087a034a6406b896eff4dd28e7620601c6bddf82e2738c","block_index":310087,"block_time":310087000,"difficulty":null,"ledger_hash":null,"previous_block_hash":null,"txlist_hash":null}',0,'NEW_BLOCK',NULL,'e5d52546472d7f2503440b1bfa83b4ca739f31a2cdc3099ea8b8932181db88bc');
INSERT INTO messages VALUES(322,310087,'parse','blocks','{"block_index":310087,"ledger_hash":"54a1c32d20665e7ff92ea43451ff2e59a98136ad7da576fa6b2614dda700b707","messages_hash":"9455c43cc5e9f1bd66a3a7477ca63f52b7daea5b0c52f37f43c892ba0151869d","transaction_count":0,"txlist_hash":"479487cdac9cec19c4194784c33e02fa33f17efb34cfb3cbb196e4e9614264d7"}',0,'BLOCK_PARSED',NULL,'6e5d677d6db56c475db80ca6407e73100bf0512fdef14701e4c1dd63ba705c80');
INSERT INTO messages VALUES(323,310088,'insert','blocks','{"block_hash":"e945c815c433cbddd0bf8e66c5c23b51072483492acda98f5c2c201020a8c5b3","block_index":310088,"block_time":310088000,"difficulty":null,"ledger_hash":null,"previous_block_hash":null,"txlist_hash":null}',0,'NEW_BLOCK',NULL,'3fe1ecf9467e1814d2ac4c615f9bb2d7d46147f21239806e27095a15fdf7a7b1');
INSERT INTO messages VALUES(324,310088,'parse','blocks','{"block_index":310088,"ledger_hash":"f0bef715c366843e002c75992b8d50d82a3ea54f144350f158e862eb03cb45dd","messages_hash":"3dbb9818a4fa6ec6d75c2fd49ffe060c1d72c1f56aaa6014f547bd0cf6db9435","transaction_count":0,"txlist_hash":"03a5dccccbbad982d282e46ed9de0ea691d9f1c47e1f6998b6d2c9c2f0dc52e4"}',0,'BLOCK_PARSED',NULL,'7a454b878e840b899083be16f0ed152eb5d5f3474a969d7e471b3c9e8d11168f');
INSERT INTO messages VALUES(325,310089,'insert','blocks','{"block_hash":"0382437f895ef3e7e38bf025fd4f606fd44d4bbd6aea71dbdc4ed11a7cd46f33","block_index":310089,"block_time":310089000,"difficulty":null,"ledger_hash":null,"previous_block_hash":null,"txlist_hash":null}',0,'NEW_BLOCK',NULL,'1c7da61fafc5b2f0436273e5d087b78116d87ff362a10ceb0aa8dc4f3d71d1df');
INSERT INTO messages VALUES(326,310089,'parse','blocks','{"block_index":310089,"ledger_hash":"0a4ce98b783b97f81fff9ab73d7a7091087e8511ebb425c81ccf60c3f9edbfd6","messages_hash":"8020978ec1cdc643174361c8731e9ea53ae88168e43a4b197fe4a7e0fa56fd71","transaction_count":0,"txlist_hash":"0b4a31fd85701e10b440d8278a669d3addc750e2c36aaae374546c40e919a30f"}',0,'BLOCK_PARSED',NULL,'83adbca963ba52e0564649e274b862ceee80857ca745353bdc857836c2e721d9');
INSERT INTO messages VALUES(327,310090,'insert','blocks','{"block_hash":"b756db71dc037b5a4582de354a3347371267d31ebda453e152f0a13bb2fae969","block_index":310090,"block_time":310090000,"difficulty":null,"ledger_hash":null,"previous_block_hash":null,"txlist_hash":null}',0,'NEW_BLOCK',NULL,'2b8cfd51109e037645ddbf13c9151199c2d13bbd9a9975f9e67fdb3ae51fe7f1');
INSERT INTO messages VALUES(328,310090,'parse','blocks','{"block_index":310090,"ledger_hash":"f3b6781eebab3a6928791cf281d4ae7cb4f7fb59c6ae7575eba253e6ec6e447b","messages_hash":"538f58a04a73847920a6804b05e4bcbfe9fdc6cc54910ba6802ed3d8e4cc7fec","transaction_count":0,"txlist_hash":"7c4458c75469d00b87126143986852e468587d7e1f8fcfa7160b1ac3a8738b57"}',0,'BLOCK_PARSED',NULL,'23886b982e3b9fb361660cd689684d27eaffa8f991b5818582fb97660e38150c');
INSERT INTO messages VALUES(329,310091,'insert','blocks','{"block_hash":"734a9aa485f36399d5efb74f3b9c47f8b5f6fd68c9967f134b14cfe7e2d7583c","block_index":310091,"block_time":310091000,"difficulty":null,"ledger_hash":null,"previous_block_hash":null,"txlist_hash":null}',0,'NEW_BLOCK',NULL,'437fcf7461bbf55dfeb47bc89444c129fd57ca12c8954c7cdef764b850eb78d2');
INSERT INTO messages VALUES(330,310091,'parse','blocks','{"block_index":310091,"ledger_hash":"14261b6b340632c469847700cee16c0163a7f8cad4dac7ad4555efeb5f3235fb","messages_hash":"809c76a8cb47ee4f53b8ddb2375d0c049dc4efaa9df5d4967697f3c6c72e0c2f","transaction_count":0,"txlist_hash":"bbb7435472cd8bc25404ff1d24ede5fab4ab708284a78d052f2c6ba59b66e109"}',0,'BLOCK_PARSED',NULL,'5f556e189d74c14f380a6379095f25b81fa6e1f78cc9f09442bb959de1c6bf81');
INSERT INTO messages VALUES(331,310092,'insert','blocks','{"block_hash":"56386beb65f9228740d4ad43a1c575645f6daf59e0dd9f22551c59215b5e8c3d","block_index":310092,"block_time":310092000,"difficulty":null,"ledger_hash":null,"previous_block_hash":null,"txlist_hash":null}',0,'NEW_BLOCK',NULL,'89bf18eb36e0a8ef0b180a15afbbc42ecf7f2b749e3178d56ae9e5a31aba87d3');
INSERT INTO messages VALUES(332,310092,'parse','blocks','{"block_index":310092,"ledger_hash":"3c033a502e1890e8a3c697e354cd1769e4300ce7f62ee7ac47a7201e1ad5de2c","messages_hash":"b73dab06f97fbee4fd42da0dcf6821e6f9916e227d95e0446342a550aa79d31a","transaction_count":0,"txlist_hash":"259e28ed3efcfe609b5c9d3a349c0fef12b1dcffad634e59f8412d100378d16f"}',0,'BLOCK_PARSED',NULL,'2daae37434273d25f9795727448a401294eea87a5ca1b994124220f7c2246723');
INSERT INTO messages VALUES(333,310093,'insert','blocks','{"block_hash":"a74a2425f2f4be24bb5f715173e6756649e1cbf1b064aeb1ef60e0b94b418ddc","block_index":310093,"block_time":310093000,"difficulty":null,"ledger_hash":null,"previous_block_hash":null,"txlist_hash":null}',0,'NEW_BLOCK',NULL,'3d4013b06b152bd0f1b2f9bfb15506f0fd6b8835681abcd027106f27a85a3540');
INSERT INTO messages VALUES(334,310093,'parse','blocks','{"block_index":310093,"ledger_hash":"acc1dc4b7ec10c0989af833b57640be486035d76f74b57a50b023fb60f418be2","messages_hash":"7674495db16b85c37d0d7f3f82a04b4554c00d4e0bb57139147cfcdad054094c","transaction_count":0,"txlist_hash":"fe77fe337e875569fc917799338aa49249070aa03d490b44879af593b5239f63"}',0,'BLOCK_PARSED',NULL,'01a9447613d300ade73c8a2705e27ba5dd9f7baa3455fe7dbc9eb993351f50cb');
INSERT INTO messages VALUES(335,310094,'insert','blocks','{"block_hash":"2a8f976f20c4e89ff01071915ac96ee35192d54df3a246bf61fd4a0cccfb5b23","block_index":310094,"block_time":310094000,"difficulty":null,"ledger_hash":null,"previous_block_hash":null,"txlist_hash":null}',0,'NEW_BLOCK',NULL,'5d356fb04acfdcf00d4e76c52cc3ad695dcd51b909077abc7861390ca98bc37d');
INSERT INTO messages VALUES(336,310094,'parse','blocks','{"block_index":310094,"ledger_hash":"1443d97efeeb04291e117b152f1e18537035a59c80fabb574577cb3e66e5db59","messages_hash":"1f91b596e2408286500f39b4e52a3807f00521cf3d8542f9fbb20239c06771d3","transaction_count":0,"txlist_hash":"52003a2ce9900b7264877952056a283137f838c650298fd3c7ffdae81c048b69"}',0,'BLOCK_PARSED',NULL,'e187f3e32521284b0ef48c400ea788e686243706b714a6b89d4788934c47e54d');
INSERT INTO messages VALUES(337,310095,'insert','blocks','{"block_hash":"bed0fa40c9981223fb40b3be8124ca619edc9dd34d0c907369477ea92e5d2cd2","block_index":310095,"block_time":310095000,"difficulty":null,"ledger_hash":null,"previous_block_hash":null,"txlist_hash":null}',0,'NEW_BLOCK',NULL,'512f63956166e9ad311723982d4af6d1b9f2f9787bfad26c3ed374626062f543');
INSERT INTO messages VALUES(338,310095,'parse','blocks','{"block_index":310095,"ledger_hash":"1c74208da191b965f52006e577c3f4df30f29b36b1d137ab457bbfe30737285d","messages_hash":"dcbad42222f8d5525dd58486752e15e715c532ebff076107a4378b315e70581b","transaction_count":0,"txlist_hash":"6b5054c3ff4dbf18b771c4918505fa39fe71d27246b8dcd3339443854dca58e0"}',0,'BLOCK_PARSED',NULL,'47677a781b08f840af06f38c4621e978cd6774dcc69c9336d4f49f4fdcdaeb8d');
INSERT INTO messages VALUES(339,310096,'insert','blocks','{"block_hash":"306aeec3db435fabffdf88c2f26ee83caa4c2426375a33daa2be041dbd27ea2f","block_index":310096,"block_time":310096000,"difficulty":null,"ledger_hash":null,"previous_block_hash":null,"txlist_hash":null}',0,'NEW_BLOCK',NULL,'860860a6328d46c431f86a03a0db2934fadc28ecb86999a4e6b72d5f724db263');
INSERT INTO messages VALUES(340,310096,'parse','blocks','{"block_index":310096,"ledger_hash":"662e1b232c5afeba4df756a31d7b63f7f33dbb4aa752abbea9f0b57f1c7c4295","messages_hash":"3b23c1c7520e76c50ee344c90aeece523db84f9e06128cb5bf632ea031898fc9","transaction_count":0,"txlist_hash":"53db6517a32b8040d87d7a789f653cb6393bf7da7e67bccff551c19345d8a808"}',0,'BLOCK_PARSED',NULL,'8f69ee68f69c99a8b8c6af77225981317be334c3d7abd8094be6a3a867f3e0a0');
INSERT INTO messages VALUES(341,310097,'insert','blocks','{"block_hash":"13e8e16e67c7cdcc80d477491e554b43744f90e8e1a9728439a11fab42cefadf","block_index":310097,"block_time":310097000,"difficulty":null,"ledger_hash":null,"previous_block_hash":null,"txlist_hash":null}',0,'NEW_BLOCK',NULL,'1a3460c089476f1bffc3786a22e5f45695d64750cb1d3f41d2b2ef1630823dd0');
INSERT INTO messages VALUES(342,310097,'parse','blocks','{"block_index":310097,"ledger_hash":"8a1b60657764a35ce95c9e215600f63f0fc8c4933c682ea017553010743c97a2","messages_hash":"789c176226152fcdbe9a72fee6c80648791b1b8a5450413a2bbf7b66c4cc38c7","transaction_count":0,"txlist_hash":"bd22527a44a2d44898dc677e7573ffa31188a0080d5be4bab5141300f15d546a"}',0,'BLOCK_PARSED',NULL,'14f54e009c8894009a2991755cabbdf1109f245ea448168fc14257573bcac484');
INSERT INTO messages VALUES(343,310098,'insert','blocks','{"block_hash":"ca5bca4b5ec4fa6183e05176abe921cff884c4e20910fab55b603cef48dc3bca","block_index":310098,"block_time":310098000,"difficulty":null,"ledger_hash":null,"previous_block_hash":null,"txlist_hash":null}',0,'NEW_BLOCK',NULL,'e830c82497df761e05c54ab3b94d313b3bf4ccbd6c30bde829b633e17442976d');
INSERT INTO messages VALUES(344,310098,'parse','blocks','{"block_index":310098,"ledger_hash":"c2e25d20f3c50a67a4268d9aa3e386c92e5217cf8f106d2affaae19e49b48828","messages_hash":"5c94c57a8c67aef5010bacffa0d320d21da2de60aa786973786672ecdfacd07c","transaction_count":0,"txlist_hash":"ed52f090b465468dc1217c6c2316ac691079458e081cff35a6a0019c2110b7bd"}',0,'BLOCK_PARSED',NULL,'efacfb9ee56f1a88814b7662a373b2edc049f8e1e20fbfee6b99a3f56a1a285b');
INSERT INTO messages VALUES(345,310099,'insert','blocks','{"block_hash":"3c4c2279cd7de0add5ec469648a845875495a7d54ebfb5b012dcc5a197b7992a","block_index":310099,"block_time":310099000,"difficulty":null,"ledger_hash":null,"previous_block_hash":null,"txlist_hash":null}',0,'NEW_BLOCK',NULL,'c94869789f9ab0a248f8148947eea793267904468ec785906a66ff52a0833b60');
INSERT INTO messages VALUES(346,310099,'parse','blocks','{"block_index":310099,"ledger_hash":"bd7479caeb388072138c99d19624e495200df1bf02f47caf0ae8a5007fd9dfce","messages_hash":"96a637494f6fd20247b97462200756b3d2c245a7d40d33469ecf232c20443168","transaction_count":0,"txlist_hash":"2ad928a60ff8cb33861f75f2619eb3ab2368314eb0e056ef2b994482f5afc36a"}',0,'BLOCK_PARSED',NULL,'5e47dd746995c7edf995729fad537ed1c5e1dfbfdcf45ed417ac3c3db31c1674');
INSERT INTO messages VALUES(347,310100,'insert','blocks','{"block_hash":"96925c05b3c7c80c716f5bef68d161c71d044252c766ca0e3f17f255764242cb","block_index":310100,"block_time":310100000,"difficulty":null,"ledger_hash":null,"previous_block_hash":null,"txlist_hash":null}',0,'NEW_BLOCK',NULL,'e971afbb89d3b40619dbc5403c09db8008a2e83128e94fae0d4aeaa76658c5f3');
INSERT INTO messages VALUES(348,310100,'parse','blocks','{"block_index":310100,"ledger_hash":"ddb8394df96a37e0127c8894e669072cb195ac953e2a3e922b95bf40804820b6","messages_hash":"f694683e098125170c7a49adbd8741c074860fc24ceda9d29b722614eaa89ca0","transaction_count":0,"txlist_hash":"0ba02473efd8d7e7e1bc727b7e6f49c1350f22c17e94515ebc8d8cbe686a19ec"}',0,'BLOCK_PARSED',NULL,'253174a39e5a9de772e8778de84d33e0b704c1124d7bbc02bb921ee70c010ac2');
INSERT INTO messages VALUES(349,310101,'insert','blocks','{"block_hash":"369472409995ca1a2ebecbad6bf9dab38c378ab1e67e1bdf13d4ce1346731cd6","block_index":310101,"block_time":310101000,"difficulty":null,"ledger_hash":null,"previous_block_hash":null,"txlist_hash":null}',0,'NEW_BLOCK',NULL,'872165a0d14fe99071d322219681376266c9b7d29a4584949c250bfc0d173141');
INSERT INTO messages VALUES(350,310101,'parse','blocks','{"block_index":310101,"ledger_hash":"3ed7694459a57281ba8e4159ce156333aae4b596aa3ab5193ea6c1901f2c9667","messages_hash":"ddac7ee3f840878f36cf929edd09e1f3ef9206c17a694943e61b1cd6edb500af","transaction_count":0,"txlist_hash":"c6ff3e386afe55f8c5c696164e3580bf1e6ef225128377bb3b981944d9922b7a"}',0,'BLOCK_PARSED',NULL,'3eae8f6e0b9383398effb9a8f9a671a8a0d222ab53db0f49a8171bdd3fbc9f7c');
-- Triggers and indices on  messages
CREATE TRIGGER block_update_messages
                           BEFORE UPDATE ON messages BEGIN
                               SELECT RAISE(FAIL, "UPDATES NOT ALLOWED");
                           END;
CREATE INDEX messages_block_index_event_idx ON messages (block_index, event);
CREATE INDEX messages_block_index_idx ON messages (block_index);
CREATE INDEX messages_block_index_message_index_idx ON messages (block_index, message_index);
CREATE INDEX messages_event_hash_idx ON messages (event_hash);
CREATE INDEX messages_event_idx ON messages (event);
CREATE INDEX messages_tx_hash_idx ON messages (tx_hash);

COMMIT TRANSACTION;
PRAGMA page_size=4096;
-- PRAGMA encoding='UTF-8';
-- PRAGMA auto_vacuum=FULL;
-- PRAGMA max_page_count=4294967294;

BEGIN TRANSACTION;

-- Table  order_match_expirations
DROP TABLE IF EXISTS order_match_expirations;
CREATE TABLE order_match_expirations(
                                              order_match_id TEXT PRIMARY KEY,
                                              tx0_address TEXT,
                                              tx1_address TEXT,
                                              block_index INTEGER,
                                              FOREIGN KEY (block_index) REFERENCES blocks(block_index));
-- Triggers and indices on  order_match_expirations
CREATE TRIGGER block_update_order_match_expirations
                           BEFORE UPDATE ON order_match_expirations BEGIN
                               SELECT RAISE(FAIL, "UPDATES NOT ALLOWED");
                           END;
CREATE INDEX order_match_expirations_block_index_idx ON order_match_expirations (block_index);
CREATE INDEX order_match_expirations_tx0_address_idx ON order_match_expirations (tx0_address);
CREATE INDEX order_match_expirations_tx1_address_idx ON order_match_expirations (tx1_address);

COMMIT TRANSACTION;
PRAGMA page_size=4096;
-- PRAGMA encoding='UTF-8';
-- PRAGMA auto_vacuum=FULL;
-- PRAGMA max_page_count=4294967294;

BEGIN TRANSACTION;

-- Table  order_matches
DROP TABLE IF EXISTS order_matches;
CREATE TABLE order_matches(
                                    id TEXT,
                                    tx0_index INTEGER,
                                    tx0_hash TEXT,
                                    tx0_address TEXT,
                                    tx1_index INTEGER,
                                    tx1_hash TEXT,
                                    tx1_address TEXT,
                                    forward_asset TEXT,
                                    forward_quantity INTEGER,
                                    backward_asset TEXT,
                                    backward_quantity INTEGER,
                                    tx0_block_index INTEGER,
                                    tx1_block_index INTEGER,
                                    block_index INTEGER,
                                    tx0_expiration INTEGER,
                                    tx1_expiration INTEGER,
                                    match_expire_index INTEGER,
                                    fee_paid INTEGER,
                                    status TEXT);
INSERT INTO order_matches VALUES('9f5de4ea5b89249f8588efd7f086d25be1ba35bc71f6a98a67a854c1ad90ab70_f392f7180c4e71a8de800832be946a2d9e86cedf73937031f8d92815ed06ab42',3,'9f5de4ea5b89249f8588efd7f086d25be1ba35bc71f6a98a67a854c1ad90ab70','1_mn6q3dS2EnDUx3bmyWc6D4szJNVGtaR7zc_mnfAHmddVibnZNSkh8DvKaQoiEfNsxjXzH_mtQheFaSfWELRB2MyMBaiWjdDm6ux9Ezns_3',4,'f392f7180c4e71a8de800832be946a2d9e86cedf73937031f8d92815ed06ab42','1_mn6q3dS2EnDUx3bmyWc6D4szJNVGtaR7zc_mnfAHmddVibnZNSkh8DvKaQoiEfNsxjXzH_mtQheFaSfWELRB2MyMBaiWjdDm6ux9Ezns_3','BTC',50000000,'XCP',100000000,310002,310003,310003,10,10,310023,857142,'pending');
INSERT INTO order_matches VALUES('9f5de4ea5b89249f8588efd7f086d25be1ba35bc71f6a98a67a854c1ad90ab70_f392f7180c4e71a8de800832be946a2d9e86cedf73937031f8d92815ed06ab42',3,'9f5de4ea5b89249f8588efd7f086d25be1ba35bc71f6a98a67a854c1ad90ab70','1_mn6q3dS2EnDUx3bmyWc6D4szJNVGtaR7zc_mnfAHmddVibnZNSkh8DvKaQoiEfNsxjXzH_mtQheFaSfWELRB2MyMBaiWjdDm6ux9Ezns_3',4,'f392f7180c4e71a8de800832be946a2d9e86cedf73937031f8d92815ed06ab42','1_mn6q3dS2EnDUx3bmyWc6D4szJNVGtaR7zc_mnfAHmddVibnZNSkh8DvKaQoiEfNsxjXzH_mtQheFaSfWELRB2MyMBaiWjdDm6ux9Ezns_3','BTC',50000000,'XCP',100000000,310002,310003,310004,10,10,310023,857142,'completed');
-- Triggers and indices on  order_matches
CREATE TRIGGER block_update_order_matches
                           BEFORE UPDATE ON order_matches BEGIN
                               SELECT RAISE(FAIL, "UPDATES NOT ALLOWED");
                           END;
CREATE INDEX order_matches_backward_asset_idx ON order_matches (backward_asset);
CREATE INDEX order_matches_block_index_idx ON order_matches (block_index);
CREATE INDEX order_matches_forward_asset_idx ON order_matches (forward_asset);
CREATE INDEX order_matches_id_idx ON order_matches (id);
CREATE INDEX order_matches_match_expire_index_idx ON order_matches (match_expire_index);
CREATE INDEX order_matches_status_idx ON order_matches (status);
CREATE INDEX order_matches_tx0_address_forward_asset_idx ON order_matches (tx0_address, forward_asset);
CREATE INDEX order_matches_tx0_hash_idx ON order_matches (tx0_hash);
CREATE INDEX order_matches_tx1_address_backward_asset_idx ON order_matches (tx1_address, backward_asset);
CREATE INDEX order_matches_tx1_hash_idx ON order_matches (tx1_hash);

COMMIT TRANSACTION;
PRAGMA page_size=4096;
-- PRAGMA encoding='UTF-8';
-- PRAGMA auto_vacuum=FULL;
-- PRAGMA max_page_count=4294967294;

BEGIN TRANSACTION;

-- Table  order_expirations
DROP TABLE IF EXISTS order_expirations;
CREATE TABLE order_expirations(
                                        order_hash TEXT PRIMARY KEY,
                                        source TEXT,
                                        block_index INTEGER,
                                        FOREIGN KEY (block_index) REFERENCES blocks(block_index));
INSERT INTO order_expirations VALUES('9f5de4ea5b89249f8588efd7f086d25be1ba35bc71f6a98a67a854c1ad90ab70','1_mn6q3dS2EnDUx3bmyWc6D4szJNVGtaR7zc_mnfAHmddVibnZNSkh8DvKaQoiEfNsxjXzH_mtQheFaSfWELRB2MyMBaiWjdDm6ux9Ezns_3',310013);
INSERT INTO order_expirations VALUES('f392f7180c4e71a8de800832be946a2d9e86cedf73937031f8d92815ed06ab42','1_mn6q3dS2EnDUx3bmyWc6D4szJNVGtaR7zc_mnfAHmddVibnZNSkh8DvKaQoiEfNsxjXzH_mtQheFaSfWELRB2MyMBaiWjdDm6ux9Ezns_3',310014);
INSERT INTO order_expirations VALUES('e5ff5c4561c518ac057cd0f430806ec9b7020c83c869ecf9ee1b4423ef74e944','1_mn6q3dS2EnDUx3bmyWc6D4szJNVGtaR7zc_mnfAHmddVibnZNSkh8DvKaQoiEfNsxjXzH_mtQheFaSfWELRB2MyMBaiWjdDm6ux9Ezns_3',310032);
-- Triggers and indices on  order_expirations
CREATE TRIGGER block_update_order_expirations
                           BEFORE UPDATE ON order_expirations BEGIN
                               SELECT RAISE(FAIL, "UPDATES NOT ALLOWED");
                           END;
CREATE INDEX order_expirations_block_index_idx ON order_expirations (block_index);
CREATE INDEX order_expirations_source_idx ON order_expirations (source);

COMMIT TRANSACTION;
PRAGMA page_size=4096;
-- PRAGMA encoding='UTF-8';
-- PRAGMA auto_vacuum=FULL;
-- PRAGMA max_page_count=4294967294;

BEGIN TRANSACTION;

-- Table  orders
DROP TABLE IF EXISTS orders;
CREATE TABLE orders(
                            tx_index INTEGER,
                            tx_hash TEXT,
                            block_index INTEGER,
                            source TEXT,
                            give_asset TEXT,
                            give_quantity INTEGER,
                            give_remaining INTEGER,
                            get_asset TEXT,
                            get_quantity INTEGER,
                            get_remaining INTEGER,
                            expiration INTEGER,
                            expire_index INTEGER,
                            fee_required INTEGER,
                            fee_required_remaining INTEGER,
                            fee_provided INTEGER,
                            fee_provided_remaining INTEGER,
                            status TEXT);
INSERT INTO orders VALUES(3,'9f5de4ea5b89249f8588efd7f086d25be1ba35bc71f6a98a67a854c1ad90ab70',310002,'1_mn6q3dS2EnDUx3bmyWc6D4szJNVGtaR7zc_mnfAHmddVibnZNSkh8DvKaQoiEfNsxjXzH_mtQheFaSfWELRB2MyMBaiWjdDm6ux9Ezns_3','BTC',50000000,50000000,'XCP',100000000,100000000,10,310012,0,0,1000000,1000000,'open');
INSERT INTO orders VALUES(4,'f392f7180c4e71a8de800832be946a2d9e86cedf73937031f8d92815ed06ab42',310003,'1_mn6q3dS2EnDUx3bmyWc6D4szJNVGtaR7zc_mnfAHmddVibnZNSkh8DvKaQoiEfNsxjXzH_mtQheFaSfWELRB2MyMBaiWjdDm6ux9Ezns_3','XCP',105000000,105000000,'BTC',50000000,50000000,10,310013,900000,900000,2400,2400,'open');
INSERT INTO orders VALUES(3,'9f5de4ea5b89249f8588efd7f086d25be1ba35bc71f6a98a67a854c1ad90ab70',310003,'1_mn6q3dS2EnDUx3bmyWc6D4szJNVGtaR7zc_mnfAHmddVibnZNSkh8DvKaQoiEfNsxjXzH_mtQheFaSfWELRB2MyMBaiWjdDm6ux9Ezns_3','BTC',50000000,0,'XCP',100000000,0,10,310012,0,0,1000000,142858,'open');
INSERT INTO orders VALUES(4,'f392f7180c4e71a8de800832be946a2d9e86cedf73937031f8d92815ed06ab42',310003,'1_mn6q3dS2EnDUx3bmyWc6D4szJNVGtaR7zc_mnfAHmddVibnZNSkh8DvKaQoiEfNsxjXzH_mtQheFaSfWELRB2MyMBaiWjdDm6ux9Ezns_3','XCP',105000000,5000000,'BTC',50000000,0,10,310013,900000,42858,2400,2400,'open');
INSERT INTO orders VALUES(3,'9f5de4ea5b89249f8588efd7f086d25be1ba35bc71f6a98a67a854c1ad90ab70',310013,'1_mn6q3dS2EnDUx3bmyWc6D4szJNVGtaR7zc_mnfAHmddVibnZNSkh8DvKaQoiEfNsxjXzH_mtQheFaSfWELRB2MyMBaiWjdDm6ux9Ezns_3','BTC',50000000,0,'XCP',100000000,0,10,310012,0,0,1000000,142858,'expired');
INSERT INTO orders VALUES(4,'f392f7180c4e71a8de800832be946a2d9e86cedf73937031f8d92815ed06ab42',310014,'1_mn6q3dS2EnDUx3bmyWc6D4szJNVGtaR7zc_mnfAHmddVibnZNSkh8DvKaQoiEfNsxjXzH_mtQheFaSfWELRB2MyMBaiWjdDm6ux9Ezns_3','XCP',105000000,5000000,'BTC',50000000,0,10,310013,900000,42858,2400,2400,'expired');
INSERT INTO orders VALUES(22,'e5ff5c4561c518ac057cd0f430806ec9b7020c83c869ecf9ee1b4423ef74e944',310021,'1_mn6q3dS2EnDUx3bmyWc6D4szJNVGtaR7zc_mnfAHmddVibnZNSkh8DvKaQoiEfNsxjXzH_mtQheFaSfWELRB2MyMBaiWjdDm6ux9Ezns_3','BBBB',50000000,50000000,'XCP',50000000,50000000,10,310031,0,0,2400,2400,'open');
INSERT INTO orders VALUES(22,'e5ff5c4561c518ac057cd0f430806ec9b7020c83c869ecf9ee1b4423ef74e944',310032,'1_mn6q3dS2EnDUx3bmyWc6D4szJNVGtaR7zc_mnfAHmddVibnZNSkh8DvKaQoiEfNsxjXzH_mtQheFaSfWELRB2MyMBaiWjdDm6ux9Ezns_3','BBBB',50000000,50000000,'XCP',50000000,50000000,10,310031,0,0,2400,2400,'expired');
-- Triggers and indices on  orders
CREATE TRIGGER block_update_orders
                           BEFORE UPDATE ON orders BEGIN
                               SELECT RAISE(FAIL, "UPDATES NOT ALLOWED");
                           END;
CREATE INDEX orders_block_index_idx ON orders (block_index);
CREATE INDEX orders_expire_index_idx ON orders (expire_index);
CREATE INDEX orders_get_asset_give_asset_idx ON orders (get_asset, give_asset);
CREATE INDEX orders_get_quantity_idx ON orders (get_quantity);
CREATE INDEX orders_give_asset_idx ON orders (give_asset);
CREATE INDEX orders_give_quantity_idx ON orders (give_quantity);
CREATE INDEX orders_source_give_asset_idx ON orders (source, give_asset);
CREATE INDEX orders_status_idx ON orders (status);
CREATE INDEX orders_tx_hash_idx ON orders (tx_hash);
CREATE INDEX orders_tx_index_tx_hash_idx ON orders (tx_index, tx_hash);

COMMIT TRANSACTION;
PRAGMA page_size=4096;
-- PRAGMA encoding='UTF-8';
-- PRAGMA auto_vacuum=FULL;
-- PRAGMA max_page_count=4294967294;

BEGIN TRANSACTION;

-- Table  bet_match_expirations
DROP TABLE IF EXISTS bet_match_expirations;
CREATE TABLE bet_match_expirations(
                                          bet_match_id TEXT PRIMARY KEY,
                                          tx0_address TEXT,
                                          tx1_address TEXT,
                                          block_index INTEGER,
                                          FOREIGN KEY (block_index) REFERENCES blocks(block_index));
-- Triggers and indices on  bet_match_expirations
CREATE INDEX bet_match_expirations_block_index_idx ON bet_match_expirations (block_index);
CREATE INDEX bet_match_expirations_tx0_address_idx ON bet_match_expirations (tx0_address);
CREATE INDEX bet_match_expirations_tx1_address_idx ON bet_match_expirations (tx1_address);
CREATE TRIGGER block_update_bet_match_expirations
                           BEFORE UPDATE ON bet_match_expirations BEGIN
                               SELECT RAISE(FAIL, "UPDATES NOT ALLOWED");
                           END;

COMMIT TRANSACTION;
PRAGMA page_size=4096;
-- PRAGMA encoding='UTF-8';
-- PRAGMA auto_vacuum=FULL;
-- PRAGMA max_page_count=4294967294;

BEGIN TRANSACTION;

-- Table  bet_matches
DROP TABLE IF EXISTS bet_matches;
CREATE TABLE bet_matches(
                                id TEXT,
                                tx0_index INTEGER,
                                tx0_hash TEXT,
                                tx0_address TEXT,
                                tx1_index INTEGER,
                                tx1_hash TEXT,
                                tx1_address TEXT,
                                tx0_bet_type INTEGER,
                                tx1_bet_type INTEGER,
                                feed_address TEXT,
                                initial_value INTEGER,
                                deadline INTEGER,
                                target_value REAL,
                                leverage INTEGER,
                                forward_quantity INTEGER,
                                backward_quantity INTEGER,
                                tx0_block_index INTEGER,
                                tx1_block_index INTEGER,
                                block_index INTEGER,
                                tx0_expiration INTEGER,
                                tx1_expiration INTEGER,
                                match_expire_index INTEGER,
                                fee_fraction_int INTEGER,
                                status TEXT);
INSERT INTO bet_matches VALUES('ce9427a5ebfd0f9424c83adf247ac13dcbbccca6d4bba8a6ae3559284f9a3941_57b85926acd997392661e36850b31261381fb912135159b532412d1584347fd2',13,'ce9427a5ebfd0f9424c83adf247ac13dcbbccca6d4bba8a6ae3559284f9a3941','1_mn6q3dS2EnDUx3bmyWc6D4szJNVGtaR7zc_mnfAHmddVibnZNSkh8DvKaQoiEfNsxjXzH_mtQheFaSfWELRB2MyMBaiWjdDm6ux9Ezns_3',14,'57b85926acd997392661e36850b31261381fb912135159b532412d1584347fd2','1_mn6q3dS2EnDUx3bmyWc6D4szJNVGtaR7zc_mnfAHmddVibnZNSkh8DvKaQoiEfNsxjXzH_mtQheFaSfWELRB2MyMBaiWjdDm6ux9Ezns_3',0,1,'1_mn6q3dS2EnDUx3bmyWc6D4szJNVGtaR7zc_mnfAHmddVibnZNSkh8DvKaQoiEfNsxjXzH_mtQheFaSfWELRB2MyMBaiWjdDm6ux9Ezns_3',100,1388000100,0.0,15120,41500000,20750000,310012,310013,310012,10,10,310022,99999999,'pending');
INSERT INTO bet_matches VALUES('1317ca845a8bcd63b3b628541f2b64129f1dafc75598f175cb7286905867bfee_954d3e77a103644dbff1113de23c1c53f6c4037cd8a3809799a3b55ca4ab9d1e',15,'1317ca845a8bcd63b3b628541f2b64129f1dafc75598f175cb7286905867bfee','1_mn6q3dS2EnDUx3bmyWc6D4szJNVGtaR7zc_mnfAHmddVibnZNSkh8DvKaQoiEfNsxjXzH_mtQheFaSfWELRB2MyMBaiWjdDm6ux9Ezns_3',16,'954d3e77a103644dbff1113de23c1c53f6c4037cd8a3809799a3b55ca4ab9d1e','1_mn6q3dS2EnDUx3bmyWc6D4szJNVGtaR7zc_mnfAHmddVibnZNSkh8DvKaQoiEfNsxjXzH_mtQheFaSfWELRB2MyMBaiWjdDm6ux9Ezns_3',0,1,'1_mn6q3dS2EnDUx3bmyWc6D4szJNVGtaR7zc_mnfAHmddVibnZNSkh8DvKaQoiEfNsxjXzH_mtQheFaSfWELRB2MyMBaiWjdDm6ux9Ezns_3',100,1388000100,0.0,5040,150000000,350000000,310014,310015,310014,10,10,310024,99999999,'pending');
INSERT INTO bet_matches VALUES('8bf3334242d027e1e0bbae98957302cb11723f56ef1f8199c6001bf8add80382_484b6051771ba0d93664fd77e51c24e64b5a9676f2da4b6cf3530c2363be772a',17,'8bf3334242d027e1e0bbae98957302cb11723f56ef1f8199c6001bf8add80382','1_mn6q3dS2EnDUx3bmyWc6D4szJNVGtaR7zc_mnfAHmddVibnZNSkh8DvKaQoiEfNsxjXzH_mtQheFaSfWELRB2MyMBaiWjdDm6ux9Ezns_3',18,'484b6051771ba0d93664fd77e51c24e64b5a9676f2da4b6cf3530c2363be772a','1_mn6q3dS2EnDUx3bmyWc6D4szJNVGtaR7zc_mnfAHmddVibnZNSkh8DvKaQoiEfNsxjXzH_mtQheFaSfWELRB2MyMBaiWjdDm6ux9Ezns_3',2,3,'1_mn6q3dS2EnDUx3bmyWc6D4szJNVGtaR7zc_mnfAHmddVibnZNSkh8DvKaQoiEfNsxjXzH_mtQheFaSfWELRB2MyMBaiWjdDm6ux9Ezns_3',100,1388000200,1.0,5040,750000000,650000000,310016,310017,310016,10,10,310026,99999999,'pending');
INSERT INTO bet_matches VALUES('ce9427a5ebfd0f9424c83adf247ac13dcbbccca6d4bba8a6ae3559284f9a3941_57b85926acd997392661e36850b31261381fb912135159b532412d1584347fd2',13,'ce9427a5ebfd0f9424c83adf247ac13dcbbccca6d4bba8a6ae3559284f9a3941','1_mn6q3dS2EnDUx3bmyWc6D4szJNVGtaR7zc_mnfAHmddVibnZNSkh8DvKaQoiEfNsxjXzH_mtQheFaSfWELRB2MyMBaiWjdDm6ux9Ezns_3',14,'57b85926acd997392661e36850b31261381fb912135159b532412d1584347fd2','1_mn6q3dS2EnDUx3bmyWc6D4szJNVGtaR7zc_mnfAHmddVibnZNSkh8DvKaQoiEfNsxjXzH_mtQheFaSfWELRB2MyMBaiWjdDm6ux9Ezns_3',0,1,'1_mn6q3dS2EnDUx3bmyWc6D4szJNVGtaR7zc_mnfAHmddVibnZNSkh8DvKaQoiEfNsxjXzH_mtQheFaSfWELRB2MyMBaiWjdDm6ux9Ezns_3',100,1388000100,0.0,15120,41500000,20750000,310012,310013,310018,10,10,310022,99999999,'settled: liquidated for bear');
INSERT INTO bet_matches VALUES('1317ca845a8bcd63b3b628541f2b64129f1dafc75598f175cb7286905867bfee_954d3e77a103644dbff1113de23c1c53f6c4037cd8a3809799a3b55ca4ab9d1e',15,'1317ca845a8bcd63b3b628541f2b64129f1dafc75598f175cb7286905867bfee','1_mn6q3dS2EnDUx3bmyWc6D4szJNVGtaR7zc_mnfAHmddVibnZNSkh8DvKaQoiEfNsxjXzH_mtQheFaSfWELRB2MyMBaiWjdDm6ux9Ezns_3',16,'954d3e77a103644dbff1113de23c1c53f6c4037cd8a3809799a3b55ca4ab9d1e','1_mn6q3dS2EnDUx3bmyWc6D4szJNVGtaR7zc_mnfAHmddVibnZNSkh8DvKaQoiEfNsxjXzH_mtQheFaSfWELRB2MyMBaiWjdDm6ux9Ezns_3',0,1,'1_mn6q3dS2EnDUx3bmyWc6D4szJNVGtaR7zc_mnfAHmddVibnZNSkh8DvKaQoiEfNsxjXzH_mtQheFaSfWELRB2MyMBaiWjdDm6ux9Ezns_3',100,1388000100,0.0,5040,150000000,350000000,310014,310015,310019,10,10,310024,99999999,'settled');
INSERT INTO bet_matches VALUES('8bf3334242d027e1e0bbae98957302cb11723f56ef1f8199c6001bf8add80382_484b6051771ba0d93664fd77e51c24e64b5a9676f2da4b6cf3530c2363be772a',17,'8bf3334242d027e1e0bbae98957302cb11723f56ef1f8199c6001bf8add80382','1_mn6q3dS2EnDUx3bmyWc6D4szJNVGtaR7zc_mnfAHmddVibnZNSkh8DvKaQoiEfNsxjXzH_mtQheFaSfWELRB2MyMBaiWjdDm6ux9Ezns_3',18,'484b6051771ba0d93664fd77e51c24e64b5a9676f2da4b6cf3530c2363be772a','1_mn6q3dS2EnDUx3bmyWc6D4szJNVGtaR7zc_mnfAHmddVibnZNSkh8DvKaQoiEfNsxjXzH_mtQheFaSfWELRB2MyMBaiWjdDm6ux9Ezns_3',2,3,'1_mn6q3dS2EnDUx3bmyWc6D4szJNVGtaR7zc_mnfAHmddVibnZNSkh8DvKaQoiEfNsxjXzH_mtQheFaSfWELRB2MyMBaiWjdDm6ux9Ezns_3',100,1388000200,1.0,5040,750000000,650000000,310016,310017,310020,10,10,310026,99999999,'settled: for notequal');
-- Triggers and indices on  bet_matches
CREATE INDEX bet_matches_block_index_idx ON bet_matches (block_index);
CREATE INDEX bet_matches_deadline_idx ON bet_matches (deadline);
CREATE INDEX bet_matches_id_idx ON bet_matches (id);
CREATE INDEX bet_matches_status_idx ON bet_matches (status);
CREATE INDEX bet_matches_tx0_address_idx ON bet_matches (tx0_address);
CREATE INDEX bet_matches_tx1_address_idx ON bet_matches (tx1_address);
CREATE TRIGGER block_update_bet_matches
                           BEFORE UPDATE ON bet_matches BEGIN
                               SELECT RAISE(FAIL, "UPDATES NOT ALLOWED");
                           END;

COMMIT TRANSACTION;
PRAGMA page_size=4096;
-- PRAGMA encoding='UTF-8';
-- PRAGMA auto_vacuum=FULL;
-- PRAGMA max_page_count=4294967294;

BEGIN TRANSACTION;

-- Table  bet_match_resolutions
DROP TABLE IF EXISTS bet_match_resolutions;
CREATE TABLE bet_match_resolutions(
                                            bet_match_id TEXT PRIMARY KEY,
                                            bet_match_type_id INTEGER,
                                            block_index INTEGER,
                                            winner TEXT,
                                            settled BOOL,
                                            bull_credit INTEGER,
                                            bear_credit INTEGER,
                                            escrow_less_fee INTEGER,
                                            fee INTEGER,
                                            FOREIGN KEY (block_index) REFERENCES blocks(block_index));
INSERT INTO bet_match_resolutions VALUES('ce9427a5ebfd0f9424c83adf247ac13dcbbccca6d4bba8a6ae3559284f9a3941_57b85926acd997392661e36850b31261381fb912135159b532412d1584347fd2',1,310018,NULL,0,0,59137500,NULL,3112500);
INSERT INTO bet_match_resolutions VALUES('1317ca845a8bcd63b3b628541f2b64129f1dafc75598f175cb7286905867bfee_954d3e77a103644dbff1113de23c1c53f6c4037cd8a3809799a3b55ca4ab9d1e',1,310019,NULL,1,159300000,315700000,NULL,25000000);
INSERT INTO bet_match_resolutions VALUES('8bf3334242d027e1e0bbae98957302cb11723f56ef1f8199c6001bf8add80382_484b6051771ba0d93664fd77e51c24e64b5a9676f2da4b6cf3530c2363be772a',5,310020,'NotEqual',NULL,NULL,NULL,1330000000,70000000);
-- Triggers and indices on  bet_match_resolutions
CREATE TRIGGER block_update_bet_match_resolutions
                           BEFORE UPDATE ON bet_match_resolutions BEGIN
                               SELECT RAISE(FAIL, "UPDATES NOT ALLOWED");
                           END;

COMMIT TRANSACTION;
PRAGMA page_size=4096;
-- PRAGMA encoding='UTF-8';
-- PRAGMA auto_vacuum=FULL;
-- PRAGMA max_page_count=4294967294;

BEGIN TRANSACTION;

-- Table  bet_expirations
DROP TABLE IF EXISTS bet_expirations;
CREATE TABLE bet_expirations(
                                    bet_index INTEGER PRIMARY KEY,
                                    bet_hash TEXT UNIQUE,
                                    source TEXT,
                                    block_index INTEGER,
                                    FOREIGN KEY (block_index) REFERENCES blocks(block_index));
INSERT INTO bet_expirations VALUES(13,'ce9427a5ebfd0f9424c83adf247ac13dcbbccca6d4bba8a6ae3559284f9a3941','1_mn6q3dS2EnDUx3bmyWc6D4szJNVGtaR7zc_mnfAHmddVibnZNSkh8DvKaQoiEfNsxjXzH_mtQheFaSfWELRB2MyMBaiWjdDm6ux9Ezns_3',310023);
-- Triggers and indices on  bet_expirations
CREATE INDEX bet_expirations_block_index_idx ON bet_expirations (block_index);
CREATE INDEX bet_expirations_source_idx ON bet_expirations (source);
CREATE TRIGGER block_update_bet_expirations
                           BEFORE UPDATE ON bet_expirations BEGIN
                               SELECT RAISE(FAIL, "UPDATES NOT ALLOWED");
                           END;

COMMIT TRANSACTION;
PRAGMA page_size=4096;
-- PRAGMA encoding='UTF-8';
-- PRAGMA auto_vacuum=FULL;
-- PRAGMA max_page_count=4294967294;

BEGIN TRANSACTION;

-- Table  bets
DROP TABLE IF EXISTS bets;
CREATE TABLE bets(
                        tx_index INTEGER,
                        tx_hash TEXT,
                        block_index INTEGER,
                        source TEXT,
                        feed_address TEXT,
                        bet_type INTEGER,
                        deadline INTEGER,
                        wager_quantity INTEGER,
                        wager_remaining INTEGER,
                        counterwager_quantity INTEGER,
                        counterwager_remaining INTEGER,
                        target_value REAL,
                        leverage INTEGER,
                        expiration INTEGER,
                        expire_index INTEGER,
                        fee_fraction_int INTEGER,
                        status TEXT);
INSERT INTO bets VALUES(13,'ce9427a5ebfd0f9424c83adf247ac13dcbbccca6d4bba8a6ae3559284f9a3941',310012,'1_mn6q3dS2EnDUx3bmyWc6D4szJNVGtaR7zc_mnfAHmddVibnZNSkh8DvKaQoiEfNsxjXzH_mtQheFaSfWELRB2MyMBaiWjdDm6ux9Ezns_3','1_mn6q3dS2EnDUx3bmyWc6D4szJNVGtaR7zc_mnfAHmddVibnZNSkh8DvKaQoiEfNsxjXzH_mtQheFaSfWELRB2MyMBaiWjdDm6ux9Ezns_3',0,1388000100,50000000,50000000,25000000,25000000,0.0,15120,10,310022,99999999,'open');
INSERT INTO bets VALUES(14,'57b85926acd997392661e36850b31261381fb912135159b532412d1584347fd2',310013,'1_mn6q3dS2EnDUx3bmyWc6D4szJNVGtaR7zc_mnfAHmddVibnZNSkh8DvKaQoiEfNsxjXzH_mtQheFaSfWELRB2MyMBaiWjdDm6ux9Ezns_3','1_mn6q3dS2EnDUx3bmyWc6D4szJNVGtaR7zc_mnfAHmddVibnZNSkh8DvKaQoiEfNsxjXzH_mtQheFaSfWELRB2MyMBaiWjdDm6ux9Ezns_3',1,1388000100,25000000,25000000,41500000,41500000,0.0,15120,10,310023,99999999,'open');
INSERT INTO bets VALUES(13,'ce9427a5ebfd0f9424c83adf247ac13dcbbccca6d4bba8a6ae3559284f9a3941',310013,'1_mn6q3dS2EnDUx3bmyWc6D4szJNVGtaR7zc_mnfAHmddVibnZNSkh8DvKaQoiEfNsxjXzH_mtQheFaSfWELRB2MyMBaiWjdDm6ux9Ezns_3','1_mn6q3dS2EnDUx3bmyWc6D4szJNVGtaR7zc_mnfAHmddVibnZNSkh8DvKaQoiEfNsxjXzH_mtQheFaSfWELRB2MyMBaiWjdDm6ux9Ezns_3',0,1388000100,50000000,8500000,25000000,4250000,0.0,15120,10,310022,99999999,'open');
INSERT INTO bets VALUES(14,'57b85926acd997392661e36850b31261381fb912135159b532412d1584347fd2',310013,'1_mn6q3dS2EnDUx3bmyWc6D4szJNVGtaR7zc_mnfAHmddVibnZNSkh8DvKaQoiEfNsxjXzH_mtQheFaSfWELRB2MyMBaiWjdDm6ux9Ezns_3','1_mn6q3dS2EnDUx3bmyWc6D4szJNVGtaR7zc_mnfAHmddVibnZNSkh8DvKaQoiEfNsxjXzH_mtQheFaSfWELRB2MyMBaiWjdDm6ux9Ezns_3',1,1388000100,25000000,4250000,41500000,0,0.0,15120,10,310023,99999999,'filled');
INSERT INTO bets VALUES(15,'1317ca845a8bcd63b3b628541f2b64129f1dafc75598f175cb7286905867bfee',310014,'1_mn6q3dS2EnDUx3bmyWc6D4szJNVGtaR7zc_mnfAHmddVibnZNSkh8DvKaQoiEfNsxjXzH_mtQheFaSfWELRB2MyMBaiWjdDm6ux9Ezns_3','1_mn6q3dS2EnDUx3bmyWc6D4szJNVGtaR7zc_mnfAHmddVibnZNSkh8DvKaQoiEfNsxjXzH_mtQheFaSfWELRB2MyMBaiWjdDm6ux9Ezns_3',0,1388000100,150000000,150000000,350000000,350000000,0.0,5040,10,310024,99999999,'open');
INSERT INTO bets VALUES(16,'954d3e77a103644dbff1113de23c1c53f6c4037cd8a3809799a3b55ca4ab9d1e',310015,'1_mn6q3dS2EnDUx3bmyWc6D4szJNVGtaR7zc_mnfAHmddVibnZNSkh8DvKaQoiEfNsxjXzH_mtQheFaSfWELRB2MyMBaiWjdDm6ux9Ezns_3','1_mn6q3dS2EnDUx3bmyWc6D4szJNVGtaR7zc_mnfAHmddVibnZNSkh8DvKaQoiEfNsxjXzH_mtQheFaSfWELRB2MyMBaiWjdDm6ux9Ezns_3',1,1388000100,350000000,350000000,150000000,150000000,0.0,5040,10,310025,99999999,'open');
INSERT INTO bets VALUES(15,'1317ca845a8bcd63b3b628541f2b64129f1dafc75598f175cb7286905867bfee',310015,'1_mn6q3dS2EnDUx3bmyWc6D4szJNVGtaR7zc_mnfAHmddVibnZNSkh8DvKaQoiEfNsxjXzH_mtQheFaSfWELRB2MyMBaiWjdDm6ux9Ezns_3','1_mn6q3dS2EnDUx3bmyWc6D4szJNVGtaR7zc_mnfAHmddVibnZNSkh8DvKaQoiEfNsxjXzH_mtQheFaSfWELRB2MyMBaiWjdDm6ux9Ezns_3',0,1388000100,150000000,0,350000000,0,0.0,5040,10,310024,99999999,'filled');
INSERT INTO bets VALUES(16,'954d3e77a103644dbff1113de23c1c53f6c4037cd8a3809799a3b55ca4ab9d1e',310015,'1_mn6q3dS2EnDUx3bmyWc6D4szJNVGtaR7zc_mnfAHmddVibnZNSkh8DvKaQoiEfNsxjXzH_mtQheFaSfWELRB2MyMBaiWjdDm6ux9Ezns_3','1_mn6q3dS2EnDUx3bmyWc6D4szJNVGtaR7zc_mnfAHmddVibnZNSkh8DvKaQoiEfNsxjXzH_mtQheFaSfWELRB2MyMBaiWjdDm6ux9Ezns_3',1,1388000100,350000000,0,150000000,0,0.0,5040,10,310025,99999999,'filled');
INSERT INTO bets VALUES(17,'8bf3334242d027e1e0bbae98957302cb11723f56ef1f8199c6001bf8add80382',310016,'1_mn6q3dS2EnDUx3bmyWc6D4szJNVGtaR7zc_mnfAHmddVibnZNSkh8DvKaQoiEfNsxjXzH_mtQheFaSfWELRB2MyMBaiWjdDm6ux9Ezns_3','1_mn6q3dS2EnDUx3bmyWc6D4szJNVGtaR7zc_mnfAHmddVibnZNSkh8DvKaQoiEfNsxjXzH_mtQheFaSfWELRB2MyMBaiWjdDm6ux9Ezns_3',2,1388000200,750000000,750000000,650000000,650000000,1.0,5040,10,310026,99999999,'open');
INSERT INTO bets VALUES(18,'484b6051771ba0d93664fd77e51c24e64b5a9676f2da4b6cf3530c2363be772a',310017,'1_mn6q3dS2EnDUx3bmyWc6D4szJNVGtaR7zc_mnfAHmddVibnZNSkh8DvKaQoiEfNsxjXzH_mtQheFaSfWELRB2MyMBaiWjdDm6ux9Ezns_3','1_mn6q3dS2EnDUx3bmyWc6D4szJNVGtaR7zc_mnfAHmddVibnZNSkh8DvKaQoiEfNsxjXzH_mtQheFaSfWELRB2MyMBaiWjdDm6ux9Ezns_3',3,1388000200,650000000,650000000,750000000,750000000,1.0,5040,10,310027,99999999,'open');
INSERT INTO bets VALUES(17,'8bf3334242d027e1e0bbae98957302cb11723f56ef1f8199c6001bf8add80382',310017,'1_mn6q3dS2EnDUx3bmyWc6D4szJNVGtaR7zc_mnfAHmddVibnZNSkh8DvKaQoiEfNsxjXzH_mtQheFaSfWELRB2MyMBaiWjdDm6ux9Ezns_3','1_mn6q3dS2EnDUx3bmyWc6D4szJNVGtaR7zc_mnfAHmddVibnZNSkh8DvKaQoiEfNsxjXzH_mtQheFaSfWELRB2MyMBaiWjdDm6ux9Ezns_3',2,1388000200,750000000,0,650000000,0,1.0,5040,10,310026,99999999,'filled');
INSERT INTO bets VALUES(18,'484b6051771ba0d93664fd77e51c24e64b5a9676f2da4b6cf3530c2363be772a',310017,'1_mn6q3dS2EnDUx3bmyWc6D4szJNVGtaR7zc_mnfAHmddVibnZNSkh8DvKaQoiEfNsxjXzH_mtQheFaSfWELRB2MyMBaiWjdDm6ux9Ezns_3','1_mn6q3dS2EnDUx3bmyWc6D4szJNVGtaR7zc_mnfAHmddVibnZNSkh8DvKaQoiEfNsxjXzH_mtQheFaSfWELRB2MyMBaiWjdDm6ux9Ezns_3',3,1388000200,650000000,0,750000000,0,1.0,5040,10,310027,99999999,'filled');
INSERT INTO bets VALUES(13,'ce9427a5ebfd0f9424c83adf247ac13dcbbccca6d4bba8a6ae3559284f9a3941',310023,'1_mn6q3dS2EnDUx3bmyWc6D4szJNVGtaR7zc_mnfAHmddVibnZNSkh8DvKaQoiEfNsxjXzH_mtQheFaSfWELRB2MyMBaiWjdDm6ux9Ezns_3','1_mn6q3dS2EnDUx3bmyWc6D4szJNVGtaR7zc_mnfAHmddVibnZNSkh8DvKaQoiEfNsxjXzH_mtQheFaSfWELRB2MyMBaiWjdDm6ux9Ezns_3',0,1388000100,50000000,8500000,25000000,4250000,0.0,15120,10,310022,99999999,'expired');
-- Triggers and indices on  bets
CREATE INDEX bets_block_index_idx ON bets (block_index);
CREATE INDEX bets_expire_index_idx ON bets (expire_index);
CREATE INDEX bets_feed_address_bet_type_idx ON bets (feed_address, bet_type);
CREATE INDEX bets_feed_address_idx ON bets (feed_address);
CREATE INDEX bets_status_idx ON bets (status);
CREATE INDEX bets_tx_hash_idx ON bets (tx_hash);
CREATE INDEX bets_tx_index_tx_hash_idx ON bets (tx_index, tx_hash);
CREATE TRIGGER block_update_bets
                           BEFORE UPDATE ON bets BEGIN
                               SELECT RAISE(FAIL, "UPDATES NOT ALLOWED");
                           END;

COMMIT TRANSACTION;
PRAGMA page_size=4096;
-- PRAGMA encoding='UTF-8';
-- PRAGMA auto_vacuum=FULL;
-- PRAGMA max_page_count=4294967294;

BEGIN TRANSACTION;

-- Table  broadcasts
DROP TABLE IF EXISTS broadcasts;
CREATE TABLE broadcasts(
                      tx_index INTEGER PRIMARY KEY,
                      tx_hash TEXT UNIQUE,
                      block_index INTEGER,
                      source TEXT,
                      timestamp INTEGER,
                      value REAL,
                      fee_fraction_int INTEGER,
                      text TEXT,
                      locked BOOL,
                      status TEXT,
                      FOREIGN KEY (tx_index, tx_hash, block_index) REFERENCES transactions(tx_index, tx_hash, block_index));
INSERT INTO broadcasts VALUES(12,'6a699fd869d0e62f25414bf85ad8ca8e97b389b1356410b0a9541cc816e612fb',310011,'1_mn6q3dS2EnDUx3bmyWc6D4szJNVGtaR7zc_mnfAHmddVibnZNSkh8DvKaQoiEfNsxjXzH_mtQheFaSfWELRB2MyMBaiWjdDm6ux9Ezns_3',1388000000,100.0,99999999,'Unit Test',0,'valid');
INSERT INTO broadcasts VALUES(19,'160e27870a810a91442861c5007d858f12072c3fafe8605a7cbb3de9925bdfd9',310018,'1_mn6q3dS2EnDUx3bmyWc6D4szJNVGtaR7zc_mnfAHmddVibnZNSkh8DvKaQoiEfNsxjXzH_mtQheFaSfWELRB2MyMBaiWjdDm6ux9Ezns_3',1388000050,99.86166,5000000,'Unit Test',0,'valid');
INSERT INTO broadcasts VALUES(20,'8a0fcbc8028c6b6c315171040dd878997b2ba041261342dc012a5cee9941ad91',310019,'1_mn6q3dS2EnDUx3bmyWc6D4szJNVGtaR7zc_mnfAHmddVibnZNSkh8DvKaQoiEfNsxjXzH_mtQheFaSfWELRB2MyMBaiWjdDm6ux9Ezns_3',1388000101,100.343,5000000,'Unit Test',0,'valid');
INSERT INTO broadcasts VALUES(21,'21e783a1e27314d0b361a9dea430fc845aef83ffaabae48d9eb9e9fec9dbfc5b',310020,'1_mn6q3dS2EnDUx3bmyWc6D4szJNVGtaR7zc_mnfAHmddVibnZNSkh8DvKaQoiEfNsxjXzH_mtQheFaSfWELRB2MyMBaiWjdDm6ux9Ezns_3',1388000201,2.0,5000000,'Unit Test',0,'valid');
-- Triggers and indices on  broadcasts
CREATE TRIGGER block_update_broadcasts
                           BEFORE UPDATE ON broadcasts BEGIN
                               SELECT RAISE(FAIL, "UPDATES NOT ALLOWED");
                           END;
CREATE INDEX broadcasts_block_index_idx ON broadcasts (block_index);
CREATE INDEX broadcasts_status_source_idx ON broadcasts (status, source);
CREATE INDEX broadcasts_status_source_tx_index_idx ON broadcasts (status, source, tx_index);
CREATE INDEX broadcasts_timestamp_idx ON broadcasts (timestamp);

COMMIT TRANSACTION;
PRAGMA page_size=4096;
-- PRAGMA encoding='UTF-8';
-- PRAGMA auto_vacuum=FULL;
-- PRAGMA max_page_count=4294967294;

BEGIN TRANSACTION;

-- Table  btcpays
DROP TABLE IF EXISTS btcpays;
CREATE TABLE btcpays(
                      tx_index INTEGER PRIMARY KEY,
                      tx_hash TEXT UNIQUE,
                      block_index INTEGER,
                      source TEXT,
                      destination TEXT,
                      btc_amount INTEGER,
                      order_match_id TEXT,
                      status TEXT,
                      FOREIGN KEY (tx_index, tx_hash, block_index) REFERENCES transactions(tx_index, tx_hash, block_index));
INSERT INTO btcpays VALUES(5,'046012990eb2653bde5792c5a08cd6b57859da0ec5877c3227c7eeeb5afb0e98',310004,'1_mn6q3dS2EnDUx3bmyWc6D4szJNVGtaR7zc_mnfAHmddVibnZNSkh8DvKaQoiEfNsxjXzH_mtQheFaSfWELRB2MyMBaiWjdDm6ux9Ezns_3','1_mn6q3dS2EnDUx3bmyWc6D4szJNVGtaR7zc_mnfAHmddVibnZNSkh8DvKaQoiEfNsxjXzH_mtQheFaSfWELRB2MyMBaiWjdDm6ux9Ezns_3',50000000,'9f5de4ea5b89249f8588efd7f086d25be1ba35bc71f6a98a67a854c1ad90ab70_f392f7180c4e71a8de800832be946a2d9e86cedf73937031f8d92815ed06ab42','valid');
-- Triggers and indices on  btcpays
CREATE TRIGGER block_update_btcpays
                           BEFORE UPDATE ON btcpays BEGIN
                               SELECT RAISE(FAIL, "UPDATES NOT ALLOWED");
                           END;
CREATE INDEX btcpays_block_index_idx ON btcpays (block_index);
CREATE INDEX btcpays_destination_idx ON btcpays (destination);
CREATE INDEX btcpays_source_idx ON btcpays (source);

COMMIT TRANSACTION;
PRAGMA page_size=4096;
-- PRAGMA encoding='UTF-8';
-- PRAGMA auto_vacuum=FULL;
-- PRAGMA max_page_count=4294967294;

BEGIN TRANSACTION;

-- Table  burns
DROP TABLE IF EXISTS burns;
CREATE TABLE burns(
                      tx_index INTEGER PRIMARY KEY,
                      tx_hash TEXT UNIQUE,
                      block_index INTEGER,
                      source TEXT,
                      burned INTEGER,
                      earned INTEGER,
                      status TEXT,
                      FOREIGN KEY (tx_index, tx_hash, block_index) REFERENCES transactions(tx_index, tx_hash, block_index));
INSERT INTO burns VALUES(1,'2e60d82502c67b6f3af1c4018f8c11153b0205f1460cd78f83b7a38b3c5cb8ff',310000,'1_mn6q3dS2EnDUx3bmyWc6D4szJNVGtaR7zc_mnfAHmddVibnZNSkh8DvKaQoiEfNsxjXzH_mtQheFaSfWELRB2MyMBaiWjdDm6ux9Ezns_3',62000000,93000000000,'valid');
INSERT INTO burns VALUES(23,'e1e8b29eb0159083434c18a32e7d43eb86a31746f2a8cf1831ba75b080e4d148',310022,'1_mn6q3dS2EnDUx3bmyWc6D4szJNVGtaR7zc_mnfAHmddVibnZNSkh8DvKaQoiEfNsxjXzH_mtQheFaSfWELRB2MyMBaiWjdDm6ux9Ezns_3',38000000,56999887262,'valid');
-- Triggers and indices on  burns
CREATE TRIGGER block_update_burns
                           BEFORE UPDATE ON burns BEGIN
                               SELECT RAISE(FAIL, "UPDATES NOT ALLOWED");
                           END;
CREATE INDEX burns_source_idx ON burns (source);
CREATE INDEX burns_status_idx ON burns (status);

COMMIT TRANSACTION;
PRAGMA page_size=4096;
-- PRAGMA encoding='UTF-8';
-- PRAGMA auto_vacuum=FULL;
-- PRAGMA max_page_count=4294967294;

BEGIN TRANSACTION;

-- Table  cancels
DROP TABLE IF EXISTS cancels;
CREATE TABLE cancels(
                      tx_index INTEGER PRIMARY KEY,
                      tx_hash TEXT UNIQUE,
                      block_index INTEGER,
                      source TEXT,
                      offer_hash TEXT,
                      status TEXT,
                      FOREIGN KEY (tx_index, tx_hash, block_index) REFERENCES transactions(tx_index, tx_hash, block_index));
-- Triggers and indices on  cancels
CREATE TRIGGER block_update_cancels
                           BEFORE UPDATE ON cancels BEGIN
                               SELECT RAISE(FAIL, "UPDATES NOT ALLOWED");
                           END;
CREATE INDEX cancels_block_index_idx ON cancels (block_index);
CREATE INDEX cancels_source_idx ON cancels (source);

COMMIT TRANSACTION;
PRAGMA page_size=4096;
-- PRAGMA encoding='UTF-8';
-- PRAGMA auto_vacuum=FULL;
-- PRAGMA max_page_count=4294967294;

BEGIN TRANSACTION;

-- Table  dividends
DROP TABLE IF EXISTS dividends;
CREATE TABLE dividends(
                      tx_index INTEGER PRIMARY KEY,
                      tx_hash TEXT UNIQUE,
                      block_index INTEGER,
                      source TEXT,
                      asset TEXT,
                      dividend_asset TEXT,
                      quantity_per_unit INTEGER,
                      fee_paid INTEGER,
                      status TEXT,
                      FOREIGN KEY (tx_index, tx_hash, block_index) REFERENCES transactions(tx_index, tx_hash, block_index));
INSERT INTO dividends VALUES(10,'78391bc66d0d4554ed3bb24375b9cc0593a9769b5ec51fa17398003eaab15394',310009,'1_mn6q3dS2EnDUx3bmyWc6D4szJNVGtaR7zc_mnfAHmddVibnZNSkh8DvKaQoiEfNsxjXzH_mtQheFaSfWELRB2MyMBaiWjdDm6ux9Ezns_3','BBBB','XCP',600,20000,'valid');
INSERT INTO dividends VALUES(11,'1933feb21f90a7a03bdaccece69fa9a900a7c5703c94cf02841ff16bbafa8548',310010,'1_mn6q3dS2EnDUx3bmyWc6D4szJNVGtaR7zc_mnfAHmddVibnZNSkh8DvKaQoiEfNsxjXzH_mtQheFaSfWELRB2MyMBaiWjdDm6ux9Ezns_3','BBBC','XCP',800,20000,'valid');
-- Triggers and indices on  dividends
CREATE TRIGGER block_update_dividends
                           BEFORE UPDATE ON dividends BEGIN
                               SELECT RAISE(FAIL, "UPDATES NOT ALLOWED");
                           END;
CREATE INDEX dividends_asset_idx ON dividends (asset);
CREATE INDEX dividends_block_index_idx ON dividends (block_index);
CREATE INDEX dividends_source_idx ON dividends (source);

COMMIT TRANSACTION;
PRAGMA page_size=4096;
-- PRAGMA encoding='UTF-8';
-- PRAGMA auto_vacuum=FULL;
-- PRAGMA max_page_count=4294967294;

BEGIN TRANSACTION;

-- Table  issuances
DROP TABLE IF EXISTS issuances;
CREATE TABLE issuances(
                tx_index INTEGER,
                tx_hash TEXT,
                msg_index INTEGER DEFAULT 0,
                block_index INTEGER,
                asset TEXT,
                quantity INTEGER,
                divisible BOOL,
                source TEXT,
                issuer TEXT,
                transfer BOOL,
                callable BOOL,
                call_date INTEGER,
                call_price REAL,
                description TEXT,
                fee_paid INTEGER,
                status TEXT,
                asset_longname TEXT,
                description_locked BOOL,
                fair_minting BOOL DEFAULT 0, asset_events TEXT, locked BOOL DEFAULT FALSE, reset BOOL DEFAULT FALSE,
                PRIMARY KEY (tx_index, msg_index),
                UNIQUE (tx_hash, msg_index)
            );
INSERT INTO issuances VALUES(6,'ecd4d713ab56cb35c33896d3cd3ed123d644d0eeaa9dab8abe271802af3f2f36',0,310005,'BBBB',1000000000,1,'1_mn6q3dS2EnDUx3bmyWc6D4szJNVGtaR7zc_mnfAHmddVibnZNSkh8DvKaQoiEfNsxjXzH_mtQheFaSfWELRB2MyMBaiWjdDm6ux9Ezns_3','1_mn6q3dS2EnDUx3bmyWc6D4szJNVGtaR7zc_mnfAHmddVibnZNSkh8DvKaQoiEfNsxjXzH_mtQheFaSfWELRB2MyMBaiWjdDm6ux9Ezns_3',0,0,0,0.0,'',50000000,'valid',NULL,0,0,'creation',0,0);
INSERT INTO issuances VALUES(7,'b8a83d834c54ef312dcd46909df7df6e178b9557eec46794a43ee7710a84e1cd',0,310006,'BBBC',100000,0,'1_mn6q3dS2EnDUx3bmyWc6D4szJNVGtaR7zc_mnfAHmddVibnZNSkh8DvKaQoiEfNsxjXzH_mtQheFaSfWELRB2MyMBaiWjdDm6ux9Ezns_3','1_mn6q3dS2EnDUx3bmyWc6D4szJNVGtaR7zc_mnfAHmddVibnZNSkh8DvKaQoiEfNsxjXzH_mtQheFaSfWELRB2MyMBaiWjdDm6ux9Ezns_3',0,0,0,0.0,'foobar',50000000,'valid',NULL,0,0,'creation',0,0);
-- Triggers and indices on  issuances
CREATE TRIGGER block_update_issuances
            BEFORE UPDATE ON issuances BEGIN
                SELECT RAISE(FAIL, "UPDATES NOT ALLOWED");
            END;
CREATE INDEX issuances_asset_longname_idx ON issuances (asset_longname);
CREATE INDEX issuances_asset_status_idx ON issuances (asset, status);
CREATE INDEX issuances_block_index_idx ON issuances (block_index);
CREATE INDEX issuances_issuer_idx ON issuances (issuer);
CREATE INDEX issuances_source_idx ON issuances (source);
CREATE INDEX issuances_status_asset_longname_tx_index_idx ON issuances (status, asset_longname, tx_index DESC);
CREATE INDEX issuances_status_asset_tx_index_idx ON issuances (status, asset, tx_index DESC);
CREATE INDEX issuances_status_idx ON issuances (status);

COMMIT TRANSACTION;
PRAGMA page_size=4096;
-- PRAGMA encoding='UTF-8';
-- PRAGMA auto_vacuum=FULL;
-- PRAGMA max_page_count=4294967294;

BEGIN TRANSACTION;

-- Table  sends
DROP TABLE IF EXISTS sends;
CREATE TABLE "sends"(
                              tx_index INTEGER,
                              tx_hash TEXT,
                              block_index INTEGER,
                              source TEXT,
                              destination TEXT,
                              asset TEXT,
                              quantity INTEGER,
                              status TEXT,
                              msg_index INTEGER DEFAULT 0, memo BLOB, fee_paid INTEGER DEFAULT 0, send_type TEXT, source_address TEXT, destination_address TEXT,
                              PRIMARY KEY (tx_index, msg_index),
                              FOREIGN KEY (tx_index, tx_hash, block_index) REFERENCES transactions(tx_index, tx_hash, block_index),
                              UNIQUE (tx_hash, msg_index) ON CONFLICT FAIL);
INSERT INTO sends VALUES(2,'82c9695aa02426ab8128aa572c558392c21374bcb25116e560fbf9b9adb262b0',310001,'1_mn6q3dS2EnDUx3bmyWc6D4szJNVGtaR7zc_mnfAHmddVibnZNSkh8DvKaQoiEfNsxjXzH_mtQheFaSfWELRB2MyMBaiWjdDm6ux9Ezns_3','1_mn6q3dS2EnDUx3bmyWc6D4szJNVGtaR7zc_mnfAHmddVibnZNSkh8DvKaQoiEfNsxjXzH_mqPCfvqTfYctXMUfmniXeG2nyaN8w6tPmj_3','XCP',50000000,'valid',0,NULL,0,'send',NULL,NULL);
INSERT INTO sends VALUES(8,'6faca6c3ed0a650d40ee8afd78e722a1f7565ec5e13190dffdbb1575a6c21c76',310007,'1_mn6q3dS2EnDUx3bmyWc6D4szJNVGtaR7zc_mnfAHmddVibnZNSkh8DvKaQoiEfNsxjXzH_mtQheFaSfWELRB2MyMBaiWjdDm6ux9Ezns_3','1_mn6q3dS2EnDUx3bmyWc6D4szJNVGtaR7zc_mnfAHmddVibnZNSkh8DvKaQoiEfNsxjXzH_mqPCfvqTfYctXMUfmniXeG2nyaN8w6tPmj_3','BBBB',4000000,'valid',0,NULL,0,'send',NULL,NULL);
INSERT INTO sends VALUES(9,'0f7aa52bcad72349993d73bd522734aedf93dc76a13666774cc7d2e8a367fb81',310008,'1_mn6q3dS2EnDUx3bmyWc6D4szJNVGtaR7zc_mnfAHmddVibnZNSkh8DvKaQoiEfNsxjXzH_mtQheFaSfWELRB2MyMBaiWjdDm6ux9Ezns_3','1_mn6q3dS2EnDUx3bmyWc6D4szJNVGtaR7zc_mnfAHmddVibnZNSkh8DvKaQoiEfNsxjXzH_mqPCfvqTfYctXMUfmniXeG2nyaN8w6tPmj_3','BBBC',526,'valid',0,NULL,0,'send',NULL,NULL);
INSERT INTO sends VALUES(24,'3251d12812dd57c1ed9edfb3250d9c67542a3600475324b8de11a596008c9a1a',310023,'1_mn6q3dS2EnDUx3bmyWc6D4szJNVGtaR7zc_mnfAHmddVibnZNSkh8DvKaQoiEfNsxjXzH_mtQheFaSfWELRB2MyMBaiWjdDm6ux9Ezns_3','1_mn6q3dS2EnDUx3bmyWc6D4szJNVGtaR7zc_mnfAHmddVibnZNSkh8DvKaQoiEfNsxjXzH_mqPCfvqTfYctXMUfmniXeG2nyaN8w6tPmj_3','BBBC',10000,'valid',0,NULL,0,'send',NULL,NULL);
-- Triggers and indices on  sends
CREATE TRIGGER block_update_sends
            BEFORE UPDATE ON sends BEGIN
                SELECT RAISE(FAIL, "UPDATES NOT ALLOWED");
            END;
CREATE INDEX sends_asset_idx ON sends (asset);
CREATE INDEX sends_asset_send_type_idx ON sends (asset, send_type);
CREATE INDEX sends_block_index_idx ON sends (block_index);
CREATE INDEX sends_block_index_send_type_idx ON sends (block_index, send_type);
CREATE INDEX sends_destination_idx ON sends (destination);
CREATE INDEX sends_memo_idx ON sends (memo);
CREATE INDEX sends_send_type_idx ON sends (send_type);
CREATE INDEX sends_source_idx ON sends (source);
CREATE INDEX sends_status_idx ON sends (status);

COMMIT TRANSACTION;
PRAGMA page_size=4096;
-- PRAGMA encoding='UTF-8';
-- PRAGMA auto_vacuum=FULL;
-- PRAGMA max_page_count=4294967294;

BEGIN TRANSACTION;

-- Table  rps_match_expirations
DROP TABLE IF EXISTS rps_match_expirations;
CREATE TABLE rps_match_expirations(
                                            rps_match_id TEXT PRIMARY KEY,
                                            tx0_address TEXT,
                                            tx1_address TEXT,
                                            block_index INTEGER,
                                            FOREIGN KEY (block_index) REFERENCES blocks(block_index));
-- Triggers and indices on  rps_match_expirations
CREATE TRIGGER block_update_rps_match_expirations
                           BEFORE UPDATE ON rps_match_expirations BEGIN
                               SELECT RAISE(FAIL, "UPDATES NOT ALLOWED");
                           END;
CREATE INDEX rps_match_expirations_block_index_idx ON rps_match_expirations (block_index);
CREATE INDEX rps_match_expirations_tx0_address_idx ON rps_match_expirations (tx0_address);
CREATE INDEX rps_match_expirations_tx1_address_idx ON rps_match_expirations (tx1_address);

COMMIT TRANSACTION;
PRAGMA page_size=4096;
-- PRAGMA encoding='UTF-8';
-- PRAGMA auto_vacuum=FULL;
-- PRAGMA max_page_count=4294967294;

BEGIN TRANSACTION;

-- Table  rps_expirations
DROP TABLE IF EXISTS rps_expirations;
CREATE TABLE rps_expirations(
                                    rps_index INTEGER PRIMARY KEY,
                                    rps_hash TEXT UNIQUE,
                                    source TEXT,
                                    block_index INTEGER,
                                    FOREIGN KEY (block_index) REFERENCES blocks(block_index));
-- Triggers and indices on  rps_expirations
CREATE TRIGGER block_update_rps_expirations
                           BEFORE UPDATE ON rps_expirations BEGIN
                               SELECT RAISE(FAIL, "UPDATES NOT ALLOWED");
                           END;
CREATE INDEX rps_expirations_block_index_idx ON rps_expirations (block_index);
CREATE INDEX rps_expirations_source_idx ON rps_expirations (source);

COMMIT TRANSACTION;
PRAGMA page_size=4096;
-- PRAGMA encoding='UTF-8';
-- PRAGMA auto_vacuum=FULL;
-- PRAGMA max_page_count=4294967294;

BEGIN TRANSACTION;

-- Table  rpsresolves
DROP TABLE IF EXISTS rpsresolves;
CREATE TABLE rpsresolves(
                      tx_index INTEGER PRIMARY KEY,
                      tx_hash TEXT UNIQUE,
                      block_index INTEGER,
                      source TEXT,
                      move INTEGER,
                      random TEXT,
                      rps_match_id TEXT,
                      status TEXT,
                      FOREIGN KEY (tx_index, tx_hash, block_index) REFERENCES transactions(tx_index, tx_hash, block_index));
-- Triggers and indices on  rpsresolves
CREATE TRIGGER block_update_rpsresolves
                           BEFORE UPDATE ON rpsresolves BEGIN
                               SELECT RAISE(FAIL, "UPDATES NOT ALLOWED");
                           END;
CREATE INDEX rpsresolves_block_index_idx ON rpsresolves (block_index);
CREATE INDEX rpsresolves_rps_match_id_idx ON rpsresolves (rps_match_id);
CREATE INDEX rpsresolves_source_idx ON rpsresolves (source);

COMMIT TRANSACTION;
PRAGMA page_size=4096;
-- PRAGMA encoding='UTF-8';
-- PRAGMA auto_vacuum=FULL;
-- PRAGMA max_page_count=4294967294;

BEGIN TRANSACTION;

-- Table  rps_matches
DROP TABLE IF EXISTS rps_matches;
CREATE TABLE rps_matches(
                                id TEXT,
                                tx0_index INTEGER,
                                tx0_hash TEXT,
                                tx0_address TEXT,
                                tx1_index INTEGER,
                                tx1_hash TEXT,
                                tx1_address TEXT,
                                tx0_move_random_hash TEXT,
                                tx1_move_random_hash TEXT,
                                wager INTEGER,
                                possible_moves INTEGER,
                                tx0_block_index INTEGER,
                                tx1_block_index INTEGER,
                                block_index INTEGER,
                                tx0_expiration INTEGER,
                                tx1_expiration INTEGER,
                                match_expire_index INTEGER,
                                status TEXT);
-- Triggers and indices on  rps_matches
CREATE TRIGGER block_update_rps_matches
                           BEFORE UPDATE ON rps_matches BEGIN
                               SELECT RAISE(FAIL, "UPDATES NOT ALLOWED");
                           END;
CREATE INDEX rps_matches_id_idx ON rps_matches (id);
CREATE INDEX rps_matches_match_expire_index_idx ON rps_matches (match_expire_index);
CREATE INDEX rps_matches_status_idx ON rps_matches (status);
CREATE INDEX rps_matches_tx0_address_idx ON rps_matches (tx0_address);
CREATE INDEX rps_matches_tx1_address_idx ON rps_matches (tx1_address);

COMMIT TRANSACTION;
PRAGMA page_size=4096;
-- PRAGMA encoding='UTF-8';
-- PRAGMA auto_vacuum=FULL;
-- PRAGMA max_page_count=4294967294;

BEGIN TRANSACTION;

-- Table  rps
DROP TABLE IF EXISTS rps;
CREATE TABLE rps(
                        tx_index INTEGER,
                        tx_hash TEXT,
                        block_index INTEGER,
                        source TEXT,
                        possible_moves INTEGER,
                        wager INTEGER,
                        move_random_hash TEXT,
                        expiration INTEGER,
                        expire_index INTEGER,
                        status TEXT);
-- Triggers and indices on  rps
CREATE TRIGGER block_update_rps
                           BEFORE UPDATE ON rps BEGIN
                               SELECT RAISE(FAIL, "UPDATES NOT ALLOWED");
                           END;
CREATE INDEX rps_expire_index_idx ON rps (expire_index);
CREATE INDEX rps_source_idx ON rps (source);
CREATE INDEX rps_status_idx ON rps (status);
CREATE INDEX rps_tx_hash_idx ON rps (tx_hash);
CREATE INDEX rps_tx_index_idx ON rps (tx_index);
CREATE INDEX rps_tx_index_tx_hash_idx ON rps (tx_index, tx_hash);
CREATE INDEX rps_wager_possible_moves_idx ON rps (wager, possible_moves);

COMMIT TRANSACTION;
PRAGMA page_size=4096;
-- PRAGMA encoding='UTF-8';
-- PRAGMA auto_vacuum=FULL;
-- PRAGMA max_page_count=4294967294;

BEGIN TRANSACTION;

-- Table  destructions
DROP TABLE IF EXISTS destructions;
CREATE TABLE destructions(
            tx_index INTEGER,
            tx_hash TEXT,
            block_index INTEGER,
            source TEXT,
            asset INTEGER,
            quantity INTEGER,
            tag TEXT,
            status TEXT
        );
-- Triggers and indices on  destructions
CREATE TRIGGER block_update_destructions
                           BEFORE UPDATE ON destructions BEGIN
                               SELECT RAISE(FAIL, "UPDATES NOT ALLOWED");
                           END;
CREATE INDEX destructions_asset_idx ON destructions (asset);
CREATE INDEX destructions_source_idx ON destructions (source);
CREATE INDEX destructions_status_idx ON destructions (status);

COMMIT TRANSACTION;
PRAGMA page_size=4096;
-- PRAGMA encoding='UTF-8';
-- PRAGMA auto_vacuum=FULL;
-- PRAGMA max_page_count=4294967294;

BEGIN TRANSACTION;

-- Table  assets
DROP TABLE IF EXISTS assets;
CREATE TABLE assets(
                      asset_id TEXT UNIQUE,
                      asset_name TEXT UNIQUE,
                      block_index INTEGER,
                      asset_longname TEXT);
INSERT INTO assets VALUES('0','BTC',NULL,NULL);
INSERT INTO assets VALUES('1','XCP',NULL,NULL);
INSERT INTO assets VALUES('18279','BBBB',310005,NULL);
INSERT INTO assets VALUES('18280','BBBC',310006,NULL);
-- Triggers and indices on  assets
CREATE INDEX assets_asset_id_idx ON assets (asset_id);
CREATE UNIQUE INDEX assets_asset_longname_idx ON assets (asset_longname);
CREATE INDEX assets_asset_name_idx ON assets (asset_name);
CREATE TRIGGER block_update_assets
                           BEFORE UPDATE ON assets BEGIN
                               SELECT RAISE(FAIL, "UPDATES NOT ALLOWED");
                           END;

COMMIT TRANSACTION;
PRAGMA page_size=4096;
-- PRAGMA encoding='UTF-8';
-- PRAGMA auto_vacuum=FULL;
-- PRAGMA max_page_count=4294967294;

BEGIN TRANSACTION;

-- Table  addresses
DROP TABLE IF EXISTS addresses;
CREATE TABLE addresses(
            address TEXT,
            options INTEGER,
            block_index INTEGER
        );
-- Triggers and indices on  addresses
CREATE INDEX addresses_address_idx ON addresses (address);
CREATE TRIGGER block_update_addresses
                           BEFORE UPDATE ON addresses BEGIN
                               SELECT RAISE(FAIL, "UPDATES NOT ALLOWED");
                           END;

COMMIT TRANSACTION;
PRAGMA page_size=4096;
-- PRAGMA encoding='UTF-8';
-- PRAGMA auto_vacuum=FULL;
-- PRAGMA max_page_count=4294967294;

BEGIN TRANSACTION;

-- Table  sweeps
DROP TABLE IF EXISTS sweeps;
CREATE TABLE sweeps(
                      tx_index INTEGER PRIMARY KEY,
                      tx_hash TEXT UNIQUE,
                      block_index INTEGER,
                      source TEXT,
                      destination TEXT,
                      flags INTEGER,
                      status TEXT,
                      memo BLOB,
                      fee_paid INTEGER,
                      FOREIGN KEY (tx_index, tx_hash, block_index) REFERENCES transactions(tx_index, tx_hash, block_index));
-- Triggers and indices on  sweeps
CREATE TRIGGER block_update_sweeps
                           BEFORE UPDATE ON sweeps BEGIN
                               SELECT RAISE(FAIL, "UPDATES NOT ALLOWED");
                           END;
CREATE INDEX sweeps_block_index_idx ON sweeps (block_index);
CREATE INDEX sweeps_destination_idx ON sweeps (destination);
CREATE INDEX sweeps_memo_idx ON sweeps (memo);
CREATE INDEX sweeps_source_idx ON sweeps (source);

COMMIT TRANSACTION;
PRAGMA page_size=4096;
-- PRAGMA encoding='UTF-8';
-- PRAGMA auto_vacuum=FULL;
-- PRAGMA max_page_count=4294967294;

BEGIN TRANSACTION;

-- Table  dispensers
DROP TABLE IF EXISTS dispensers;
CREATE TABLE dispensers(
                                tx_index INTEGER,
                                tx_hash TEXT,
                                block_index INTEGER,
                                source TEXT,
                                asset TEXT,
                                give_quantity INTEGER,
                                escrow_quantity INTEGER,
                                satoshirate INTEGER,
                                status INTEGER,
                                give_remaining INTEGER,
                                oracle_address TEXT,
                                last_status_tx_hash TEXT,
                                origin TEXT,
                                dispense_count INTEGER DEFAULT 0,
                                last_status_tx_source TEXT,
                                close_block_index INTEGER);
-- Triggers and indices on  dispensers
CREATE TRIGGER block_update_dispensers
                           BEFORE UPDATE ON dispensers BEGIN
                               SELECT RAISE(FAIL, "UPDATES NOT ALLOWED");
                           END;
CREATE INDEX dispensers_asset_idx ON dispensers (asset);
CREATE INDEX dispensers_block_index_idx ON dispensers (block_index);
CREATE INDEX dispensers_close_block_index_status_idx ON dispensers (close_block_index, status);
CREATE INDEX dispensers_give_quantity_idx ON dispensers (give_quantity);
CREATE INDEX dispensers_give_remaining_idx ON dispensers (give_remaining);
CREATE INDEX dispensers_last_status_tx_hash_idx ON dispensers (last_status_tx_hash);
CREATE INDEX dispensers_source_asset_origin_status_idx ON dispensers (source, asset, origin, status);
CREATE INDEX dispensers_source_idx ON dispensers (source);
CREATE INDEX dispensers_source_origin_idx ON dispensers (source, origin);
CREATE INDEX dispensers_status_block_index_idx ON dispensers (status, block_index);
CREATE INDEX dispensers_status_idx ON dispensers (status);
CREATE INDEX dispensers_tx_hash_idx ON dispensers (tx_hash);
CREATE INDEX dispensers_tx_index_idx ON dispensers (tx_index);

COMMIT TRANSACTION;
PRAGMA page_size=4096;
-- PRAGMA encoding='UTF-8';
-- PRAGMA auto_vacuum=FULL;
-- PRAGMA max_page_count=4294967294;

BEGIN TRANSACTION;

-- Table  dispenses
DROP TABLE IF EXISTS dispenses;
CREATE TABLE dispenses (
                                tx_index INTEGER,
                                dispense_index INTEGER,
                                tx_hash TEXT,
                                block_index INTEGER,
                                source TEXT,
                                destination TEXT,
                                asset TEXT,
                                dispense_quantity INTEGER,
                                dispenser_tx_hash TEXT, btc_amount INTEGER,
                                PRIMARY KEY (tx_index, dispense_index, source, destination),
                                FOREIGN KEY (tx_index, tx_hash, block_index) REFERENCES transactions(tx_index, tx_hash, block_index));
-- Triggers and indices on  dispenses
CREATE TRIGGER block_update_dispenses
            BEFORE UPDATE ON dispenses BEGIN
                SELECT RAISE(FAIL, "UPDATES NOT ALLOWED");
            END;
CREATE INDEX dispenses_asset_idx ON dispenses (asset);
CREATE INDEX dispenses_block_index_idx ON dispenses (block_index);
CREATE INDEX dispenses_destination_idx ON dispenses (destination);
CREATE INDEX dispenses_dispense_quantity_idx ON dispenses (dispense_quantity);
CREATE INDEX dispenses_dispenser_tx_hash_idx ON dispenses (dispenser_tx_hash);
CREATE INDEX dispenses_source_idx ON dispenses (source);
CREATE INDEX dispenses_tx_hash_idx ON dispenses (tx_hash);

COMMIT TRANSACTION;
PRAGMA page_size=4096;
-- PRAGMA encoding='UTF-8';
-- PRAGMA auto_vacuum=FULL;
-- PRAGMA max_page_count=4294967294;

BEGIN TRANSACTION;

-- Table  dispenser_refills
DROP TABLE IF EXISTS dispenser_refills;
CREATE TABLE dispenser_refills(
                                        tx_index INTEGER,
                                        tx_hash TEXT,
                                        block_index INTEGER,
                                        source TEXT,
                                        destination TEXT,
                                        asset TEXT,
                                        dispense_quantity INTEGER,
                                        dispenser_tx_hash TEXT,
                                        PRIMARY KEY (tx_index, tx_hash, source, destination),
                                        FOREIGN KEY (tx_index, tx_hash, block_index)
                                            REFERENCES transactions(tx_index, tx_hash, block_index));
-- Triggers and indices on  dispenser_refills
CREATE TRIGGER block_update_dispenser_refills
                           BEFORE UPDATE ON dispenser_refills BEGIN
                               SELECT RAISE(FAIL, "UPDATES NOT ALLOWED");
                           END;
CREATE INDEX dispenser_refills_block_index_idx ON dispenser_refills (block_index);
CREATE INDEX dispenser_refills_tx_hash_idx ON dispenser_refills (tx_hash);

COMMIT TRANSACTION;
PRAGMA page_size=4096;
-- PRAGMA encoding='UTF-8';
-- PRAGMA auto_vacuum=FULL;
-- PRAGMA max_page_count=4294967294;

BEGIN TRANSACTION;

-- Table  fairminters
DROP TABLE IF EXISTS fairminters;
CREATE TABLE fairminters (
            tx_hash TEXT,
            tx_index INTEGER,
            block_index INTEGER,
            source TEXT,
            asset TEXT,
            asset_parent TEXT,
            asset_longname TEXT,
            description TEXT,
            price INTEGER,
            quantity_by_price INTEGER,
            hard_cap INTEGER,
            burn_payment BOOL,
            max_mint_per_tx INTEGER,
            premint_quantity INTEGER,
            start_block INTEGER,
            end_block INTEGER,
            minted_asset_commission_int INTEGER,
            soft_cap INTEGER,
            soft_cap_deadline_block INTEGER,
            lock_description BOOL,
            lock_quantity BOOL,
            divisible BOOL,
            pre_minted BOOL DEFAULT 0,
            status TEXT
        );
-- Triggers and indices on  fairminters
CREATE TRIGGER block_update_fairminters
            BEFORE UPDATE ON fairminters BEGIN
                SELECT RAISE(FAIL, "UPDATES NOT ALLOWED");
            END;
CREATE INDEX fairminters_asset_idx ON fairminters (asset);
CREATE INDEX fairminters_asset_longname_idx ON fairminters (asset_longname);
CREATE INDEX fairminters_asset_parent_idx ON fairminters (asset_parent);
CREATE INDEX fairminters_block_index_idx ON fairminters (block_index);
CREATE INDEX fairminters_source_idx ON fairminters (source);
CREATE INDEX fairminters_status_idx ON fairminters (status);
CREATE INDEX fairminters_tx_hash_idx ON fairminters (tx_hash);

COMMIT TRANSACTION;
PRAGMA page_size=4096;
-- PRAGMA encoding='UTF-8';
-- PRAGMA auto_vacuum=FULL;
-- PRAGMA max_page_count=4294967294;

BEGIN TRANSACTION;

-- Table  fairmints
DROP TABLE IF EXISTS fairmints;
CREATE TABLE fairmints (
            tx_hash TEXT PRIMARY KEY,
            tx_index INTEGER,
            block_index INTEGER,
            source TEXT,
            fairminter_tx_hash TEXT,
            asset TEXT,
            earn_quantity INTEGER,
            paid_quantity INTEGER,
            commission INTEGER,
            status TEXT
        );
-- Triggers and indices on  fairmints
CREATE TRIGGER block_update_fairmints
                           BEFORE UPDATE ON fairmints BEGIN
                               SELECT RAISE(FAIL, "UPDATES NOT ALLOWED");
                           END;
CREATE INDEX fairmints_asset_idx ON fairmints (asset);
CREATE INDEX fairmints_block_index_idx ON fairmints (block_index);
CREATE INDEX fairmints_fairminter_tx_hash_idx ON fairmints (fairminter_tx_hash);
CREATE INDEX fairmints_source_idx ON fairmints (source);
CREATE INDEX fairmints_status_idx ON fairmints (status);
CREATE INDEX fairmints_tx_hash_idx ON fairmints (tx_hash);

COMMIT TRANSACTION;
PRAGMA page_size=4096;
-- PRAGMA encoding='UTF-8';
-- PRAGMA auto_vacuum=FULL;
-- PRAGMA max_page_count=4294967294;

BEGIN TRANSACTION;

-- Table  transaction_count
DROP TABLE IF EXISTS transaction_count;
CREATE TABLE transaction_count(
            block_index INTEGER,
            transaction_id INTEGER,
            count INTEGER);
-- Triggers and indices on  transaction_count
CREATE TRIGGER block_update_transaction_count
            BEFORE UPDATE ON transaction_count BEGIN
                SELECT RAISE(FAIL, "UPDATES NOT ALLOWED");
            END;
CREATE INDEX transaction_count_block_index_transaction_id_idx ON transaction_count (block_index, transaction_id);

COMMIT TRANSACTION;
