PRAGMA page_size=4096;
-- PRAGMA encoding='UTF-8';
-- PRAGMA auto_vacuum=FULL;
-- PRAGMA max_page_count=4294967294;

BEGIN TRANSACTION;

-- Table  blocks
DROP TABLE IF EXISTS blocks;
CREATE TABLE blocks(
                      block_index INTEGER UNIQUE,
                      block_hash TEXT UNIQUE,
                      block_time INTEGER,
                      ledger_hash TEXT,
                      txlist_hash TEXT,
                      messages_hash TEXT,
                      previous_block_hash TEXT UNIQUE,
                      difficulty INTEGER,
                      transaction_count INTEGER,
                      PRIMARY KEY (block_index, block_hash));
INSERT INTO blocks VALUES(309999,'8b3bef249cb3b0fa23a4936c1249b6bd41daeadc848c8d2e409ea1cbc10adfe7',309999000,'63f0fef31d02da85fa779e9a0e1b585b1a6a4e59e14564249e288e074e91c223','63f0fef31d02da85fa779e9a0e1b585b1a6a4e59e14564249e288e074e91c223','63f0fef31d02da85fa779e9a0e1b585b1a6a4e59e14564249e288e074e91c223',NULL,NULL,0);
INSERT INTO blocks VALUES(310000,'505d8d82c4ced7daddef7ed0b05ba12ecc664176887b938ef56c6af276f3b30c',310000000,'09fa44ed277cd9e448baf3d4a2accc520d57c77fed0d97379ba9bb804e3dda71','7d9cd23062d78e9eb1a892f69b154410935e9675ede8e05fe9c1269cd3c54b12','2c5b6bc9e6c49fe33a5f608251c2c70d6a134ea0dc7d4c5aa58b36b16d494efc',NULL,NULL,1);
INSERT INTO blocks VALUES(310001,'3c9f6a9c6cac46a9273bd3db39ad775acd5bc546378ec2fb0587e06e112cc78e',310001000,'b2237a0b0b29b2198355f47d38cb995e013c0e074c29dcbf1b99ed4c0f459c8d','adddb3e1b9020e7ef190f661823c79abbc5951801b15469ad9f483c512af002a','c1565dd0f427c1cbdd05d0d86539103408f582cae19c0c669cc98d79de87ec1d',NULL,NULL,1);
INSERT INTO blocks VALUES(310002,'fbb60f1144e1f7d4dc036a4a158a10ea6dea2ba6283a723342a49b8eb5cc9964',310002000,'a3c393a285361d2981551f0a903d45847e7a0142779692d384bc77bac420db18','6fddb621bb8a1e2d10cf0ec8f507ada12be28578223ee53997aad614097bb35e','2af8809626d9bafbdee803d8035f76b90633985da5d4949327076dedd7c8f238',NULL,NULL,1);
INSERT INTO blocks VALUES(310003,'d50825dcb32bcf6f69994d616eba18de7718d3d859497e80751b2cb67e333e8a',310003000,'f96ba90a471ab5524a574cc4ff72a228a8dc7019824482a664569dcb41c126c7','d6756ca2a0f2a403b0a1714964ddb71bc773e0a18c049008f78670efb7137e18','7ab2bb94aaaf45cb9860a7673b4a9b9e7436adf0c326f96af018f833833d77f9',NULL,NULL,1);
INSERT INTO blocks VALUES(310004,'60cdc0ac0e3121ceaa2c3885f21f5789f49992ffef6e6ff99f7da80e36744615',310004000,'943a23e317f71981b24d636cae98f495b2bb00c949b1603a778eb7500894c844','be04682401f137d4d02c7539d1c776bbc76263dea1bb88fc95197128ec1a700f','2ac7ece79e2143421b6566831c3e44a4a1dc2ad6b6c279b21f12e78f23728c1c',NULL,NULL,1);
INSERT INTO blocks VALUES(310005,'8005c2926b7ecc50376642bc661a49108b6dc62636463a5c492b123e2184cd9a',310005000,'0c5f3dd2d439a571eec03583442fb051bedf5bc0b0ede92012922b27847af2a1','03c8d26098b8e49a297c104f22af44a622378afa711195bd8b91d46f01d68d65','373ca8fbd86b4ede613406280412bda2422c18c45fae236392d140d7b99e37ed',NULL,NULL,1);
INSERT INTO blocks VALUES(310006,'bdad69d1669eace68b9f246de113161099d4f83322e2acf402c42defef3af2bb',310006000,'377fe894d79d60b011958ed747908b6009c5e0261fa177caefc664cb8db4c74b','079ec7423e2fe87820626aee8980e236a78e7d51b453a739fb5768d9d520bef6','ecf47a2ad9319cbe502de203ba26615f08f59fe705460adfb8c50abddc99116c',NULL,NULL,1);
INSERT INTO blocks VALUES(310007,'10a642b96d60091d08234d17dfdecf3025eca41e4fc8e3bbe71a91c5a457cb4b',310007000,'4be55eb54e78e829306dfa31248b3073d311f49da420d9844f9aedabfbd296e3','d57db7ce89eeea61f270e7c676b38d3574c52166322cb0e287f1857a7d085e5a','c2b2944aeaae7eaddfd7d0cac88bb6e0d9df770d242df7066f7e02ece51efe1b',NULL,NULL,1);
INSERT INTO blocks VALUES(310008,'47d0e3acbdc6916aeae95e987f9cfa16209b3df1e67bb38143b3422b32322c33',310008000,'1248da848479b90f9dada38eaa02b9fe1226859e6ed1e3c4a121172786178dea','8727f3f9af7958daaecda9f2cef1bad0303d631cf9f8418636cf130581e4bb79','14e2eca26c147d9d79c3ee75b79dd64927b0ab1776d1a2ee018b9503742b2fd5',NULL,NULL,1);
INSERT INTO blocks VALUES(310009,'4d474992b141620bf3753863db7ee5e8af26cadfbba27725911f44fa657bc1c0',310009000,'1e1b07f218127eccdfab98a4bc127ce185cda15314e72328dfe10eb8f2f18726','baa3b08e70e0db5ecf913bb99da662ec3dc04a5650f99d2d36408eb8ed6cc4ea','52871b53414a31fc93cc7f3dabfdbd0e67f36aebd54ab7133f56287d90aa2b0c',NULL,NULL,1);
INSERT INTO blocks VALUES(310010,'a58162dff81a32e6a29b075be759dbb9fa9b8b65303e69c78fb4d7b0acc37042',310010000,'03be7c3d8dc521277625164e3e828be106672cba205129c014ce7771a3b8730f','5def9d6ed9fcf82c7ec9dbc2247657f349ec4df0b75dac4444f7ff90e24f0955','3cd64bc6ce519a5906fe7e1a6d8a9b743099bc4be6df39964a549cffca4d2c2e',NULL,NULL,1);
INSERT INTO blocks VALUES(310011,'8042cc2ef293fd73d050f283fbd075c79dd4c49fdcca054dc0714fc3a50dc1bb',310011000,'db6d49ef7cfb461f9431b2e712f694f0747012ae28f3684e0d41476f77fab667','f6d1a346abbb2adae7dd7fe6ddd94061bcdae3ed30bd091958d445c8b5f57f4c','a4f62777db61986027904222b5b4643ac8861b5484cc684d3f92065b18f649ae',NULL,NULL,1);
INSERT INTO blocks VALUES(310012,'cdba329019d93a67b31b79d05f76ce1b7791d430ea0d6c1c2168fe78d2f67677',310012000,'ac399d193def488d3457876edef42dd651b30c976025c3d6f810e4d37c88c822','273ce70d30b249ba5afb8382ddf7ded2d0849044d519fb48224a6ea69b7ba6dc','6ae49c6cd2b81ee79992c597c0b5042f0cc00f3e775b5b5358b39b992a119c84',NULL,NULL,1);
INSERT INTO blocks VALUES(310013,'0425e5e832e4286757dc0228cd505b8d572081007218abd3a0983a3bcd502a61',310013000,'f6fd6f6280b1c580abe8e31de28bfa0f269d453068946733cad69d29f6874936','ce4d93afd619a9f22326d72b5ae6c10b24d3075399374184463f65d489a57c51','e7b508b7f5fa8c3d0574729a23f635c9fff2f37c1ee20c647990ee620ee96d26',NULL,NULL,1);
INSERT INTO blocks VALUES(310014,'85b28d413ebda2968ed82ae53643677338650151b997ed1e4656158005b9f65f',310014000,'0c52d56c6f7c25da7b757aba30e890e9eff402155b5497a5420e13e69b7cb54b','7df6ac77f91e828339a1f92ce8197c74ff120f6c00d180bdb19a91f7da14a83a','9b9c8eb0c6ca952a042c2d4d557ac64d8de6d6f19920d26927d671d8192b5563',NULL,NULL,1);
INSERT INTO blocks VALUES(310015,'4cf77d688f18f0c68c077db882f62e49f31859dfa6144372457cd73b29223922',310015000,'03cd020f708d5f082f5b63e3c1f58e5f25d564a60699ae0f23471115d9e37d5e','45379e27de14058cb9100cc29417da1e5b2534e4434bfcd074c811324e46fd06','6626fc98e5f4404defa0616c60139c26c73268c0212bed32c6534ef24a8a0b42',NULL,NULL,1);
INSERT INTO blocks VALUES(310016,'99dc7d2627efb4e5e618a53b9898b4ca39c70e98fe9bf39f68a6c980f5b64ef9',310016000,'d95cf7b2af3f578fc64450d484323075e81999a868918d3dbf89160269d68980','92ed43fd80e4e254ebff7dc725c32962beb79be51dfe8d62d12bd8e123320532','67bd23996c44abf795d46f99324fc81118f4c3e6fe0f361177b1fd95f921b9cc',NULL,NULL,1);
INSERT INTO blocks VALUES(310017,'8a4fedfbf734b91a5c5761a7bcb3908ea57169777a7018148c51ff611970e4a3',310017000,'725783dab777f54b11be66fdf47280852fd6b4d8a9b9f2fbba9e92056538ce73','f21d857139bdc083724362346aeaa455f82caf0fdf13f2ca880db6dbc6e047b2','b3549b4813ffb242f1d9e7a19ec4d54c74801cf6d6160c3fc2f759b616a74596',NULL,NULL,1);
INSERT INTO blocks VALUES(310018,'35c06f9e3de39e4e56ceb1d1a22008f52361c50dd0d251c0acbe2e3c2dba8ed3',310018000,'05ad248fa836b50ce72a2f61c7465a455cc48ac92f2c0ff9bb9f94e69081d1e7','3e8a8361086aee82a316c2a041d8f4e1d7b4000c3e18263ca84a3267a811ee7d','c5b33005ca81543359c7d57676423b6d57005b3533ae8394476dae131127ac90',NULL,NULL,1);
INSERT INTO blocks VALUES(310019,'114affa0c4f34b1ebf8e2778c9477641f60b5b9e8a69052158041d4c41893294',310019000,'0ab8707bce7b77beecc32ad6124482cb561776ed245ce6dce08f5318e2cf396f','d66ff9e099bc707b866c2595b0bb642657601a36ab06cafa070f18e9f3ad30e3','0d3eceb64b91accd442f9aef41abc3d918cb3686461db4fe9b0ad74b70573fea',NULL,NULL,1);
INSERT INTO blocks VALUES(310020,'d93c79920e4a42164af74ecb5c6b903ff6055cdc007376c74dfa692c8d85ebc9',310020000,'198edc4bf109549538a2f8f96714536a99a1568fe16fe4254881520474adc68d','3bd8ef01a2be7a5d817b535f19e456325bcf2d684ac25f09124d4582040fde54','97dbd8fb945fa4d523c2349540fd6002100b7495aef01531f82e37c8c23745ae',NULL,NULL,1);
INSERT INTO blocks VALUES(310021,'7c2460bb32c5749c856486393239bf7a0ac789587ac71f32e7237910da8097f2',310021000,'52482033c5c11ad24257707137b090606305497618e29050b2fdd3e13bc822ce','7d74bbdb4057dc5d0e9b568e983df362b87bdacdddf2724b1ee4c42b6602bd47','e5efa51b52d035a37dfe747b9e806e9fd8b524002e8584d37907a084fdccbcaf',NULL,NULL,1);
INSERT INTO blocks VALUES(310022,'44435f9a99a0aa12a9bfabdc4cb8119f6ea6a6e1350d2d65445fb66a456db5fc',310022000,'85d639cc8147885470da26d3c0470dba0eb8b6870d5941b12bcc4afb8fcd9af1','568bbeb4d12090c110442540d6f12734602dcf84ae5e331f0391a4a47857d059','29236a8e67df847c4fbba3088cdcf10508aff8935969239318544ca66b4799c6',NULL,NULL,1);
INSERT INTO blocks VALUES(310023,'d8cf5bec1bbcab8ca4f495352afde3b6572b7e1d61b3976872ebb8e9d30ccb08',310023000,'eb62ce47d68491a84b9a29b92db2742021881f0274072f1bc39dfef08cd7a590','877a4d466f5f780e8103a42fb7771935ef57486ed7d74aa77757b9cb434893b3','655a03455fa255c8c479144d3f13c87afa2df1eaf3ff1fe61b6b8ff0e19620d8',NULL,NULL,1);
INSERT INTO blocks VALUES(310024,'b03042b4e18a222b4c8d1e9e1970d93e6e2a2d41686d227ff8ecf0a839223dc5',310024000,'45e73afbc34855b5cbd342a6fb77545e01f3ff4601a04c6dd25dff665aeff484','b16082c8d932618c9bd89f7b8d6372190cab18b274ed8dbc1b4f04e5edc2bdbf','fa432a550c7cc909d1920662d8f16ad62ff21047727db58711cc5c459da454d0',NULL,NULL,0);
INSERT INTO blocks VALUES(310025,'a872e560766832cc3b4f7f222228cb6db882ce3c54f6459f62c71d5cd6e90666',310025000,'714702b25559325c7bacffdf28e0af30c47bf48e6b4fda053c21ea31c7604128','391a822509e48a899634f3b8a6b0c99fd298eefd97230b401b40c301dd7e6052','33bae5031d029a2f491a995b10da8ea5ee0e927287e0a3d8fee9587d01a4e4fa',NULL,NULL,0);
INSERT INTO blocks VALUES(310026,'6c96350f6f2f05810f19a689de235eff975338587194a36a70dfd0fcd490941a',310026000,'b305741a1e277ba0ce8436b914784ea0156616ac308282a7f29dbca62a54cc82','16c8d91265aaface472342f436e376984d576675529de1f58a188f994375dea0','c0de4be994d97996db0196df1f37001e4c7e36814302a023bdfc264995320307',NULL,NULL,0);
INSERT INTO blocks VALUES(310027,'d7acfac66df393c4482a14c189742c0571b89442eb7f817b34415a560445699e',310027000,'1f833f7396917e02b4b65b0a05d19754b6a53b030b659514d0c21cad062d45f9','d7a61a46b4f6da78607245b9fdd4e0b1d7499b5687805939342a431ef570711d','84b3a75fc9290c7dfdc2898a6eefb645a0199d9624bdc20d8f5f2756f29ed061',NULL,NULL,0);
INSERT INTO blocks VALUES(310028,'02409fcf8fa06dafcb7f11e38593181d9c42cc9d5e2ddc304d098f990bd9530b',310028000,'47b38906beda7ad735a86b9fd63669b0357b7ae0a0c1a54c9827bc8b90185626','a8a0b67ddb47a15f89fd14f227e118bd374dde04f4bce3205d5ee07a8c7509d7','e1b42daef7798c68f0f5fa06b2f363474607680754c21a2738863f918f35d59f',NULL,NULL,0);
INSERT INTO blocks VALUES(310029,'3c739fa8b40c118d5547ea356ee8d10ee2898871907643ec02e5db9d00f03cc6',310029000,'e69f6c9b649ac04920be70f9b076f7909bcebd8312afa715be3d8922794a72e7','355199be765ee2db25308e58d6cdfd22c6941a296b51800e8f937cea1afedbdf','e9ec874870070875514e20ffad2b5556b870171b1f024381ff7d35f7a68ba017',NULL,NULL,0);
INSERT INTO blocks VALUES(310030,'d5071cddedf89765ee0fd58f209c1c7d669ba8ea66200a57587da8b189b9e4f5',310030000,'c51828b04433b000787c92eaa7e5abd5cc0bc31c619cb8479aff675af6e00c55','b4bb7325ae90ccf0095b0970cb4828c98915a2e6694723ca8af1e9f77523d540','42309cfb5c7098aadd2e2347ab20bf558b411bdedaef3ab1ccdffb727b6d5923',NULL,NULL,0);
INSERT INTO blocks VALUES(310031,'0b02b10f41380fff27c543ea8891ecb845bf7a003ac5c87e15932aff3bfcf689',310031000,'26d91568af76b5ad4b357693ecb0b9341aabbf5de5d5c83f9998dc2f95d76e5e','b13328f7f6011c05736a1c728af4726f63f557ae1eafab7d70b6b7fd60025616','33e1a9bdd0dcad28ae2c6277be992542ea9f2e1fd9afff872e2eb5a871213bc6',NULL,NULL,0);
INSERT INTO blocks VALUES(310032,'66346be81e6ba04544f2ae643b76c2b7b1383f038fc2636e02e49dc7ec144074',310032000,'21f8da71c386ec1e5e31a35c1190b895f2df52529ea028d5fba25e0d57616952','80980b4466ca949fa21a42ffb8c22a2f5853722c4fa02bf0cb962e97365384f1','37b0ac05c8c2b1dd725af33b0ced1daf6575f77539d62d4fa72e2047a1f5639b',NULL,NULL,0);
INSERT INTO blocks VALUES(310033,'999c65df9661f73e8c01f1da1afda09ac16788b72834f0ff5ea3d1464afb4707',310033000,'1c844a38fc28e83406c8019615d0c24a1ea84e6ffe4da392d29f353ca676001b','0c2f46b4f4d5f345399be6073d2f72bf689f6a3a20e57c41ccd541cc0bae76d3','385b8a16ba036128c9933999537143e0743ee97af40b6c32a6b2dfb740c835ae',NULL,NULL,0);
INSERT INTO blocks VALUES(310034,'f552edd2e0a648230f3668e72ddf0ddfb1e8ac0f4c190f91b89c1a8c2e357208',310034000,'0533bc0d3bc008b5d65932c569e9f85e3217ea9efbb8937935be93b7a01ec2a8','9f5f89f0c9821b7de30388b2a0891011612096ac158a70838d4479059a4bfc50','b34b38a3e738d27a177aed97424c60b5a33f29f2e6e12588353c2d574e8d74ca',NULL,NULL,0);
INSERT INTO blocks VALUES(310035,'a13cbb016f3044207a46967a4ba1c87dab411f78c55c1179f2336653c2726ae2',310035000,'b5f0b7406fe3b6dbcbb5c3b28fb8fb119e237f07532f500b422058ba898e5b22','5847c5ec7d8ad0e27d47b3b6ff7df903c4a67a269aa248e69ee918062e58976c','f14745df42da6dc86b2b0e8d4829f8461f505beed4f67887056b697cf308d15c',NULL,NULL,0);
INSERT INTO blocks VALUES(310036,'158648a98f1e1bd1875584ce8449eb15a4e91a99a923bbb24c4210135cef0c76',310036000,'7519ac8cdf4c13b25929d913e3858855aca68bcf3fe6d3636e7371894af27f04','46fea446096a8d96f1f990374d94405f358ef5a3a8bf09aeba2f76977cf867b0','8bec98aee3c1f3b6ec47bf774a12591945455997687beaae5b03fc32e1cb1d41',NULL,NULL,0);
INSERT INTO blocks VALUES(310037,'563acfd6d991ce256d5655de2e9429975c8dceeb221e76d5ec6e9e24a2c27c07',310037000,'f417da67da0c23d4bc44bbb864de5b94057916e28502641ba70764f44165a1fa','e372a6531d2f206be5cca17be0f42a75e2e6617499a6dec377c274f7738620df','4017d8736f1eaa65fdd918186eb6adbd9d2711b24588ff36745aac49c02eb7f7',NULL,NULL,0);
INSERT INTO blocks VALUES(310038,'b44b4cad12431c32df27940e18d51f63897c7472b70950d18454edfd640490b2',310038000,'098eb6f2b0a1c584d969167f50bb55383ab71593ed1f0ca61d83c4513a209107','da7704f6d661aa255af6e2d3ad713fbca0a0e6296b16e3a364989bcb5a4e38ba','bb1cafa3162187e34fee0463f0ec2319e7c7823cddffb735ed476731352282ef',NULL,NULL,0);
INSERT INTO blocks VALUES(310039,'5fa1ae9c5e8a599247458987b006ad3a57f686df1f7cc240bf119e911b56c347',310039000,'a4aa60a1320e47c975628f6650d8fdc44b6a729d26a3178031e32fcb48b59491','02eb5dc168a03d3cd067677480b22185a8ad6731e467c0b3bd5a907834e01013','bbb38202a4f4e6071609b335fc68a3b87580ee854dd4ad2cc1dc894d33d5c827',NULL,NULL,0);
INSERT INTO blocks VALUES(310040,'7200ded406675453eadddfbb2d14c2a4526c7dc2b5de14bd48b29243df5e1aa3',310040000,'cc5b2af6948531b635b18a4b6698efa318190762c8e4419aa9ca3634e7ed5d1e','f6ba96a6e3e2e3442722bbc1bd770d3f6f0f4a4ffe57d0858586539f81e868b8','8f03b7dda24e2324dc8f6973b8aa8ee8f095a7d8e924077821d053e14acd1912',NULL,NULL,0);
INSERT INTO blocks VALUES(310041,'5db592ff9ba5fac1e030cf22d6c13b70d330ba397f415340086ee7357143b359',310041000,'7ad02b4853bde78025942e9f58c212a76c1828337610347e516d4a359af804b5','d8089b22bc20979dce133885c84c5babb754ff0522d7f2193e1d3157c5251631','7d5756b75b3c01d83259ceca4f9ebabfa8eac0e2d6f9e4d63569bac8d9c2fd1e',NULL,NULL,0);
INSERT INTO blocks VALUES(310042,'826fd4701ef2824e9559b069517cd3cb990aff6a4690830f78fc845ab77fa3e4',310042000,'64a91735950113c13603e49ca549fae9b30092a9fc02d53a32a20eaef64ab6ce','554d6b2a2182d87b00111b748a5d904aef85a56b92f1d076ad4f866f0d054041','195b31687111ddc3d4ef6ad656c87a010c587cbcf57f2ca0e796d18d2b92fa8b',NULL,NULL,0);
INSERT INTO blocks VALUES(310043,'2254a12ada208f1dd57bc17547ecaf3c44720323c47bc7d4b1262477cb7f3c51',310043000,'68107847c7a9dd19612d8b47c1a39cdc446c752f2c05ea8fcd961a42f835d155','f2b1800a73d98a15428bfb5289f7ccbb9d3c66b98fb0a36f00ffce8a78279801','7ad121906d497035e6c0a18f0eb3495b72f0d083f3f99724209b86617a6779d5',NULL,NULL,0);
INSERT INTO blocks VALUES(310044,'3346d24118d8af0b3c6bcc42f8b85792e7a2e7036ebf6e4c25f4f6723c78e46b',310044000,'64d4d51adb6994360b3dbf04663c4f067ba223e62912fe1c5a96a190225bb54c','ce4365857faa29eb04e638064e4810620f434fe515efe63eb2ac49c3adce6581','3dfc345cefabc4795926d21e2d0bea0ac646a0d6e8c00df8ff1ae537bda09613',NULL,NULL,0);
INSERT INTO blocks VALUES(310045,'7bba0ab243839e91ad1a45a762bf074011f8a9883074d68203c6d1b46fffde98',310045000,'3ba2d7685f63962f576e9fa94e4d6709ace95249a3064804c3822078c982d11d','94729a0956e8c1b095c9181e01c220b94257ff582e35d87923e3c5ddba3a3566','1b4e9a258df82c21cbed40beba847727db4f377ba611b9ad8a104d6dfb12ebf3',NULL,NULL,0);
INSERT INTO blocks VALUES(310046,'47db6788c38f2d6d712764979e41346b55e78cbb4969e0ef5c4336faf18993a6',310046000,'6502f277568bed2705c5f496e278e5d99310ff6705751a3999cb4b2bc7d725bd','0986f1e944c39e36fe955ff092028c51647a9359492f17a76c682b4346be714e','d2d32625516fe5b68e8fa9ec10e33cab9d5e1a00feea6f3a3bc0a167ec885e22',NULL,NULL,0);
INSERT INTO blocks VALUES(310047,'a9ccabcc2a098a7d25e4ab8bda7c4e66807eefa42e29890dcd88149a10de7075',310047000,'5dae29289f36e64b87d56f9870af0bd5ad77ca45f1093c1a41140ea397945130','f14e3c5de5e186beaed6835c7c61fe2274603bb73e62ebea5899ae2a998e26e2','dcf12bd6d48393f2c4c57cd83b70f366d2c82b030584eae72a8269d2e3e39fc2',NULL,NULL,0);
INSERT INTO blocks VALUES(310048,'610bf3935a85b05a98556c55493c6de45bed4d7b3b6c8553a984718765796309',310048000,'d5dee49d7b78e2ce4dd2a648e345a52bbfa7e0e76de9e970b1dc0b6aea66c130','e31cb01f21f653217b3bff72061a63f3778f45a72a8419988a496d8f388cac1f','1cb0f31f9784ee432bd86c4cb31fd997196478d7feeeb369dac9fdb8dbc2808c',NULL,NULL,0);
INSERT INTO blocks VALUES(310049,'4ad2761923ad49ad2b283b640f1832522a2a5d6964486b21591b71df6b33be3c',310049000,'2b4c97a93933b8986ebb061d47f2e8bbb1672206058ae3c3ae388bab36b8cbc8','eb45cf1a49da1dfd4ce7231e8f6da96b7241b0b034884cb2de57dc107723b7a5','9d0371c3bf6ae3d400868c14846e2682cc6ff59b689e0567dcdf167d04343541',NULL,NULL,0);
INSERT INTO blocks VALUES(310050,'8cfeb60a14a4cec6e9be13d699694d49007d82a31065a17890383e262071e348',310050000,'115913763ca7ef5691512a5c6d47cbd49203aee8a3242928f62640912c935872','db0d0812374555812015a2058ea7f6bc8aebb8aa7d2824eeeb26b7b42d75f97e','a83278d2d0a5860703249ee52b24a8e2fd72562f38288c8a4d2bf3bd7d432ac5',NULL,NULL,0);
INSERT INTO blocks VALUES(310051,'b53c90385dd808306601350920c6af4beb717518493fd23b5c730eea078f33e6',310051000,'72f24dc53c759a08aeb447d826bf64aad71ca8f4ab9640e30e440e6bc050a0eb','b3834012ddc576765f337d3dd8b3c916f66711481c0bfa2464f6ec2678d1512e','8e1fa06418581de2672b39ca710bb9a9d07a89ecbced52b6135467cf4a816e91',NULL,NULL,0);
INSERT INTO blocks VALUES(310052,'0acdacf4e4b6fca756479cb055191b367b1fa433aa558956f5f08fa5b7b394e2',310052000,'07846004f2da033bfd113e13040b0d0d605375370b7437e2ca2ea9467fc80c1a','35357fb0ca94373955c3cdf08be75d20e9665a9632be0df0c90b567875594049','2a09fe3a0652250ba290c8515e68e35263bf5f3b1b6f1954996bf7ce35e2f339',NULL,NULL,0);
INSERT INTO blocks VALUES(310053,'68348f01b6dc49b2cb30fe92ac43e527aa90d859093d3bf7cd695c64d2ef744f',310053000,'7bf9a701337c043a7268cecca5ff765c24600a2056137cd03e3ead9d64ef2348','d177ed9e0bb4b3d77bc5b1a044e724cabb92dee3189747bc1c01d1fee7148fa2','a1ca74d585b31f2a0324d7c0c1c6eca1791fa24954bfc90636e9a7ece1a1ff12',NULL,NULL,0);
INSERT INTO blocks VALUES(310054,'a8b5f253df293037e49b998675620d5477445c51d5ec66596e023282bb9cd305',310054000,'d544aec17018203fe2f5c9bda52a5da53d41d3364b8026770d1f620aa53e6c36','8a3b92aa200f79e8aff4a849618914f7d39c34ef2ed636d3b5633a2ad2f647ea','353cb9b7d2e487facf5e0620317f0a3190be78611af5f362341c3409965b871f',NULL,NULL,0);
INSERT INTO blocks VALUES(310055,'4b069152e2dc82e96ed8a3c3547c162e8c3aceeb2a4ac07972f8321a535b9356',310055000,'bd3044c66f7e2c24944a9c938b8f162ac8f566a1338444c219396eadf5179d3e','59ce208e69d4e1427791ae237a6db6a05efcd50fa386f4f8f56862c6cc3b12d5','f4fce1ba0f021617b78b9229f88240672cffbbc3c1e69b0ec0faff8ccbe3adcb',NULL,NULL,0);
INSERT INTO blocks VALUES(310056,'7603eaed418971b745256742f9d2ba70b2c2b2f69f61de6cc70e61ce0336f9d3',310056000,'b19346f726636aa9da55af6106a471c596a7f7b93289b70d3d33b45334bca9d3','8e9d4b1d3ad7c5e8e479640da0ffd8b7423aee810ff6adc4ae2d37d545169579','57d8a9cd528b101f4c3e5c8b4e1dbf8f8a79558d333ef9a945ee1f742f2e84fd',NULL,NULL,0);
INSERT INTO blocks VALUES(310057,'4a5fdc84f2d66ecb6ee3e3646aad20751ce8694e64e348d3c8aab09d33a3e411',310057000,'35c2ad9ccd3bd68cdb0c4d8fd4e30938521b8559c1cec331a29b1802d649947a','e14484629fa3aa2e8ce54505b3983d0f33e7727d3dacc5de57a574c2e0c69baf','d0af8e92d9464721675bd45c80c71532db45a1d6d2061ea0dee4a62d82e35438',NULL,NULL,0);
INSERT INTO blocks VALUES(310058,'a6eef3089896f0cae0bfe9423392e45c48f4efe4310b14d8cfbdb1fea613635f',310058000,'e9a705d6661f0345ffe0f45ae26c0d6ba6bd5a125eef2f0e9558d0702ee6d63f','cfbb1995e2c28020dabca30e98f72afee01b64fe276acacee7e104b22772de65','765e5b1e0a702bcc12f7543e1a2d3ff11a30bf740d42a37e75d04f2200c8f54b',NULL,NULL,0);
INSERT INTO blocks VALUES(310059,'ab505de874c43f97c90be1c26a769e6c5cb140405c993b4a6cc7afc795f156a9',310059000,'61efe4d33a7f70cae34df86753532aee25fb0b153744acb962142691f6979482','401b057e48ae9e423f354f7ddbb11e70c0ec2209ef1a26dc7ffd0bf6003f1335','29e1f185b2bdc1320e6a9b920061ec823e6ca3a00a6788a24f9c6fea3aa0d841',NULL,NULL,0);
INSERT INTO blocks VALUES(310060,'974ad5fbef621e0a38eab811608dc9afaf10c8ecc85fed913075ba1a145e889b',310060000,'59d9785e783c59c12783977087ad439b2dacad9ae1ef2be6384bfc9036da9804','6010ccb1d9476ce07d8b50633bccb97ecff1a229a0ea7701c802aad32f961be9','5b042cbb6803167a2389b0ccb1d0475fd373754b4de07dd827d9da151198480c',NULL,NULL,0);
INSERT INTO blocks VALUES(310061,'35d267d21ad386e7b7632292af1c422b0310dde7ca49a82f9577525a29c138cf',310061000,'e257d59ab5dfb01b8396bd12d2fd169f9ac7629365b90bf6e593e627738d3754','bda63243caec3f70173e1e93a16867ecbcf45d987b6a5f72d1bea54d361f0ed2','828501d3564861f445e5d5aa8a521d72ccd47862e3bf68fb00e2fb14ea51e113',NULL,NULL,0);
INSERT INTO blocks VALUES(310062,'b31a0054145319ef9de8c1cb19df5bcf4dc8a1ece20053aa494e5d3a00a2852f',310062000,'0dc0317a88a6fc4ac791cd4d45edcf2a142fb83aa2e8a2f299fcac48a2c2e04d','ea9f3db44eb05a8ba1c860cd0a13ea662f84715b59e78a87f49c78377cb6b2c3','c8432f96f25f6893aed0b7cb524215870d7174af01b6e53940d9b50652fed059',NULL,NULL,0);
INSERT INTO blocks VALUES(310063,'0cbcbcd5b7f2dc288e3a34eab3d4212463a5a56e886804fb4f9f1cf929eadebe',310063000,'892d6a49aebb262f2a626a35c0806c488c836c04d33122c2d65ecd8904fe3d85','3fc1380f35c9123d16b9ffbeb23c44f24e4d6001406a484ce30ee5758b8ec965','f330938fe2618e2c12965d2e8fc4da95792decb25a9f17157d29d0a4a5afef59',NULL,NULL,0);
INSERT INTO blocks VALUES(310064,'e2db8065a195e85cde9ddb868a17d39893a60fb2b1255aa5f0c88729de7cbf30',310064000,'e345abbf8dc42737a9f2dd038534409200d63a9ebf5d1cbf3344ea9413c388c0','be23706267b965eb38fa15ec1ce8c17ed5727bfedba0ca4d4be3db2fd703744f','8e148ef39fc1d1f98bee7d552a6ad94291fd8922a4969bb60dc6622e98a1092a',NULL,NULL,0);
INSERT INTO blocks VALUES(310065,'8a7bc7a77c831ac4fd11b8a9d22d1b6a0661b07cef05c2e600c7fb683b861d2a',310065000,'84ec781d054c0602ed97384cd32cd060b938627ea490a7635fa3ac0babba94cc','1f7417cf7a3d9f07e5a8faf658b166c288aff136ee56f244797ef589f9cf98c5','134a40cda27f10bc5cbd39ba42f84d4588d09a34d140296651443d72e37c8ea0',NULL,NULL,0);
INSERT INTO blocks VALUES(310066,'b6959be51eb084747d301f7ccaf9e75f2292c9404633b1532e3692659939430d',310066000,'3478612a8bb95c2966891fb4d1b35493a1342364a6f08404b83ac9fdda763aa2','7b4317e7c2db815ced2d81aaf8efaa6331e475a7a9b3a59041640d43484b1a89','9da881e9c689ce8ff8642aa84532998d8593cceb4391ae81c55dce9c953c0e0a',NULL,NULL,0);
INSERT INTO blocks VALUES(310067,'8b08eae98d7193c9c01863fac6effb9162bda010daeacf9e0347112f233b8577',310067000,'c532c4c5f5e2ae1026ec2582645d9aef06afee46cb9781427a1f40667378ed67','89699fdf437b96128d7eb89a45d58e45d0b829789c6e0b29e8972b48ce5e62de','573a5ab02f92f97c290a5f04091989b94fbfaf5146025c71c50a6948493badaa',NULL,NULL,0);
INSERT INTO blocks VALUES(310068,'9280e7297ef6313341bc81787a36acfc9af58f83a415afff5e3154f126cf52b5',310068000,'5508189396fa6dfe63a7d06fe97a3073e986eb305bcb49430157f99e3848cd69','4c49d9334c909f728f3b06a0ef613fb09f6369dd431b7078db5d269cdf9dd4bd','e769bc03f5340fb53103428d2564c3544ec981379c2d73d36581c97422a9e697',NULL,NULL,0);
INSERT INTO blocks VALUES(310069,'486351f0655bf594ffaab1980cff17353b640b63e9c27239109addece189a6f7',310069000,'9b0b5d09dc7aaffaf5a3603fa2b914c54b04755a5ddbf83476320149f802292a','ef4759403c17482a8f8042fb93a5cae1b741085cdbf73e839638fee316044571','872550e9ba78d94c42a9ae05d82d84b95c1e60a88bbede3ce17aa368945b3c5a',NULL,NULL,0);
INSERT INTO blocks VALUES(310070,'8739e99f4dee8bebf1332f37f49a125348b40b93b74fe35579dd52bfba4fa7e5',310070000,'2e40d398c2eb131e195a667f1b2b5e8de29e80423a2d0dd3935fad6dd7cc919c','18e3230ce4fdaca025887c118a2f2fa6bcbe81fba5c968301a90b43e27f2c7aa','a4643a1c145f23e0394493327cdd32b2ef7d8ff827813a9fe9d1777fa01eb6d3',NULL,NULL,0);
INSERT INTO blocks VALUES(310071,'7a099aa1bba0ead577f1e44f35263a1f115ed6a868c98d4dd71609072ae7f80b',310071000,'763d3d949dc16a797f5b8a2f5a27fd34b4636fa3dbf33eabed5db048e1a848b4','7b10cd9561d4a33c7771570925e5a9a879a501ac503004eccc5e60074d2dedab','f27423e733db4977c355df488440846093c4f918dbf096d76e17d52dbbf1c5b2',NULL,NULL,0);
INSERT INTO blocks VALUES(310072,'7b17ecedc07552551b8129e068ae67cb176ca766ea3f6df74b597a94e3a7fc8a',310072000,'d9b9d6a52f757604a5652aac64c343a47a928160790963521ce33d125486cb0b','deda10c92f292c186698b9b4d371727688a9c0ea194963464fd1c5b429fbbff1','de1f81633e3a238568f33c28b9fcff4e0f6b9a098fcfa9df8990ccccd126fcd4',NULL,NULL,0);
INSERT INTO blocks VALUES(310073,'ee0fe3cc9b3a48a2746b6090b63b442b97ea6055d48edcf4b2288396764c6943',310073000,'9c1a650b6029cc982e9e617b619da6d88878453ccea68ff82047581d5cc74e9c','26e4cfa82a9ed189ffafa596c7022cab40002c8099b48814f3e7fbc48b01b0fa','564f5051bd18b1bbf4fca97fc59e45cb66477a40517469cd4e85edfe8fc86350',NULL,NULL,0);
INSERT INTO blocks VALUES(310074,'ceab38dfde01f711a187601731ad575d67cfe0b7dbc61dcd4f15baaef72089fb',310074000,'32d648a0d0b99f6826376e8badb278c06f95a0ab781cd873e2f7f55219953b01','f10d714905f2e84a57e0c792ebf0dd67158f19f352176a571278dce49aaf778b','99a93544bd08721206515ecae3e0a97db9550e5fff26196a89b0094a185510cd',NULL,NULL,0);
INSERT INTO blocks VALUES(310075,'ef547198c6e36d829f117cfd7077ccde45158e3c545152225fa24dba7a26847b',310075000,'67cd615e67e397cae8195fc8753403563e9100ecd623b2796a46b137ca553be2','d0c0ffcafa826685b59ef036c4315e79cc688ac1ee43097143debf445f6e638b','31bf609d07de131e6cc13aa8b0b07cc74e67b85754fb1ecd81be42548b4d8f55',NULL,NULL,0);
INSERT INTO blocks VALUES(310076,'3b0499c2e8e8f0252c7288d4ecf66efc426ca37aad3524424d14c8bc6f8b0d92',310076000,'d636f3831cd35437271557e6299024d70c4be6b9a685a4fed61e7d67e61540dd','fb11ef8957cdc599585372679a59440580acb37458ed3da092b22974a4857bb6','b80cafb5187b58314b28def659c89bb44854b814a28a0230efd83c3d9cb3556a',NULL,NULL,0);
INSERT INTO blocks VALUES(310077,'d2adeefa9024ab3ff2822bc36acf19b6c647cea118cf15b86c6bc00c3322e7dd',310077000,'abf96247f6b99a24e518d89162c23cffc821d5cae5703f5b7c7c4587e34cdf98','67d8b52c93c5d07ce1a335ea3572f0015a971effdecf921193cca273553466c1','ecd6743cb4bbb1c05879dc5a3adffae19c4e0a1fb5342f67422b61b90ad1fd99',NULL,NULL,0);
INSERT INTO blocks VALUES(310078,'f6c17115ef0efe489c562bcda4615892b4d4b39db0c9791fe193d4922bd82cd6',310078000,'06aeace2e79321c6776dd1098982e71bfc0baadc55470721022db67a03bd4478','2e148e6946d39fee7c6d1b320122beb1689903e929397821a63e612d5216326d','647f41772800f75a590ed7a91d4a90a69c4dd929622ad6c9612aff3d49d82f4c',NULL,NULL,0);
INSERT INTO blocks VALUES(310079,'f2fbd2074d804e631db44cb0fb2e1db3fdc367e439c21ffc40d73104c4d7069c',310079000,'ba2c7078ee940b14e584459985a5a4785156762135541d40a138c31ff9bfe4fb','63832ac6186f8a8e8091579221ada474b43c36f465ae25ddae4ead963207150c','fcd9c0f1a263d4171d199d411c1999142670af7a499931f5f982843d7f6c4a5d',NULL,NULL,0);
INSERT INTO blocks VALUES(310080,'42943b914d9c367000a78b78a544cc4b84b1df838aadde33fe730964a89a3a6c',310080000,'af327b161ed9fa8022f3efd81b695d25ad9ae8f250a6d08739a40b0883262045','47bdbc4933d69cd703c277d9a5e156951ef57791f87f92d16b85c15ab3194061','f0d269c3a0401997aaf4354e4218404c71086a1e922c8b840607257a089f4050',NULL,NULL,0);
INSERT INTO blocks VALUES(310081,'6554f9d307976249e7b7e260e08046b3b55d318f8b6af627fed5be3063f123c4',310081000,'2c4d6568a9c77737c5942fab33613a1ef055ce21b9f0a9b4a42fcdf6e9536a59','7d57db6fdebb83dc0fbd1746eb328a94403f4a66e7e003593fe90c95fdef3e5c','c2145c2b78a525f0b7ad43a2c9c5b63ff48c306bfe1c0e802c8a415ea212849b',NULL,NULL,0);
INSERT INTO blocks VALUES(310082,'4f1ef91b1dcd575f8ac2e66a67715500cbca154bd6f3b8148bb7015a6aa6c644',310082000,'0b8dcdff637e5e60ae045d4c7646bd47e6047fc992860c99dd422477b9a90d74','61316fca3bd986c2398fa5dd92a8b874f4a64095691626d695e82e3c30849e27','1f8023ebe418df52684721e1d56235c57387e0a61b25b858d8ade0d5edc918c2',NULL,NULL,0);
INSERT INTO blocks VALUES(310083,'9b1f6fd6ff9b0dc4e37603cfb0625f49067c775b99e12492afd85392d3c8d850',310083000,'eec6578a8bc1f5766427f4753ded18cb97c53e710f5fff8918bbdadb59678f64','bc5cabb9579b79f03b329c0e5e3c8652d8b0eccde9563d838890218bcc8bd932','b2fc74a847b945db06b8a2e2210287ec5a24af0a82dfd4c6b14408686ef6fa1e',NULL,NULL,0);
INSERT INTO blocks VALUES(310084,'1e0972523e80306441b9f4157f171716199f1428db2e818a7f7817ccdc8859e3',310084000,'a2b2ed6a61f1c9a3d322a050178c6be119b89d1a0795fa9c9d7484ad8edfcecd','86e50073092182d9a5b37cd2453dd5a7a1af175ad0a1150492d5001510b05e6e','eaaefcfe6f2b16bf6628313b818ea1cf45a67ef43db70d658165ce630e59b416',NULL,NULL,0);
INSERT INTO blocks VALUES(310085,'c5b6e9581831e3bc5848cd7630c499bca26d9ece5156d36579bdb72d54817e34',310085000,'02828eaf91883ad16beb5563f9c84cb226269c655a886857b31e5e150a1053ec','bf59d4fe42c11ab04792ba5c95cfd811a6ddf18e125daebb93695bdd829736c3','f3b0e7697eed301492c4a3556975a524d48f62781f5c491cc80b6a5cad229024',NULL,NULL,0);
INSERT INTO blocks VALUES(310086,'080c1dc55a4ecf4824cf9840602498cfc35b5f84099f50b71b45cb63834c7a78',310086000,'5427b45ed778796c26d0d2ddf73e975856cc9ae081c36762e78d046f6cfc376c','ca0801d366e8dc44c01db11f67594bcb3ea3e81a3031cee93d24683b82185461','ea489e2dadbf11f29e771ab3d97ab71720dcba3c77214dbb7dd085399259c778',NULL,NULL,0);
INSERT INTO blocks VALUES(310087,'4ec8cb1c38b22904e8087a034a6406b896eff4dd28e7620601c6bddf82e2738c',310087000,'34c2664f81b1bbb53c728636097bc4b7cede67bb318ddcc5e5e6b5735bcc55a7','321bd59dc3c2996a1a2a6f74905f89a8db172b3b2b35a2d1cbfc6d06f49d09c9','079b8df9d279f39a6f4e87c53d1ad26c69bd30ec7c42fdaa5693357280874996',NULL,NULL,0);
INSERT INTO blocks VALUES(310088,'e945c815c433cbddd0bf8e66c5c23b51072483492acda98f5c2c201020a8c5b3',310088000,'14615dfa6194665d43cf2f495b8f65fb9efa04c2e90885172d229ad4a9dd2358','3ef6f8bdf30073f297852db2b7036374e3d2c1e91b0d087cb2c6c88e400de110','9bd4a81012e1fea13b1b9ab95092ef17ae934f2f01b912d2987842f59e7ce776',NULL,NULL,0);
INSERT INTO blocks VALUES(310089,'0382437f895ef3e7e38bf025fd4f606fd44d4bbd6aea71dbdc4ed11a7cd46f33',310089000,'fc0f077548225d481384a1aba2d91ed4ec8b2df0f0a57ab603305c615672b25f','0788356af4b45cc44c143c457d069e64d54aa12703f8c376cf3b98827052c173','48875b262a6ff5003670975911a89cab3e53e0fc973132b36ae3dd734b51d6cb',NULL,NULL,0);
INSERT INTO blocks VALUES(310090,'b756db71dc037b5a4582de354a3347371267d31ebda453e152f0a13bb2fae969',310090000,'5749263295014a597071acf2293fcd185d02a6a7b3a96df859aae3bf146b276e','02938682157ea8b10c49e9d87ed444c1303a952a00f6acfe33a1661e84868cc8','6d8a692cc7d3d9af5e7673e95f2be50ac1d070472235a85a50c44c4315c219ba',NULL,NULL,0);
INSERT INTO blocks VALUES(310091,'734a9aa485f36399d5efb74f3b9c47f8b5f6fd68c9967f134b14cfe7e2d7583c',310091000,'ae369a1ec3e4f2aea602eab8c7ab1181cacd6b8d01582c96c4771fdd7b3de771','04aaa17c2a3dacf6c38b16ed63d70aea7b9546dc7e733dd51a3c08248ca13eb1','042d8ec7a7a87bb75d52ab87b22bfaf3bc90924a7c2ae4ce316df826f24600c3',NULL,NULL,0);
INSERT INTO blocks VALUES(310092,'56386beb65f9228740d4ad43a1c575645f6daf59e0dd9f22551c59215b5e8c3d',310092000,'06a2ac591c418d2b01c74edf2524100afd1140c3933f32120c4cc3180c1de3f0','421eb90f1258261c97512745b3543fee15ae8d17769d523646033851abde9c75','877aa387049d372bb607b2e483e6d891f7c25245f46f9da5240a0f3435ec2af3',NULL,NULL,0);
INSERT INTO blocks VALUES(310093,'a74a2425f2f4be24bb5f715173e6756649e1cbf1b064aeb1ef60e0b94b418ddc',310093000,'cdf0ae4d5d06b8735e3e62f5a76a902fee40742fc760578dae98b43635f2e57a','cbe924452487ba251291d1bf1ec518a7233eda0aa956d002bc2e0933d0057c53','09b9424e460b17ea81ff7ae3ee19428f6f7df3a7ee633e268d7fd4fd34d32650',NULL,NULL,0);
INSERT INTO blocks VALUES(310094,'2a8f976f20c4e89ff01071915ac96ee35192d54df3a246bf61fd4a0cccfb5b23',310094000,'77d836433add0cf3f7691884ec1607dde9a3996df00128703644527fb096bab5','2dad9d43a8612157867a046cc0dbc8939f30c41cc8f527a1e184c93004cca63e','b84a8a427bef16f083bb7c6a4f0596185036cf11d0138e1a518116e9624c41ef',NULL,NULL,0);
INSERT INTO blocks VALUES(310095,'bed0fa40c9981223fb40b3be8124ca619edc9dd34d0c907369477ea92e5d2cd2',310095000,'770a0187b5c98725dc32e15a414b9323030f407749fcb0652b1e1f2e4e762e7e','251e12514d80ad256c13398d257708ad2dfb3b70db674695a8d72d977337ac90','bb1ef4ae0cf2f8deb537502bb3b8234001bd5404497a3c49cb5d244aebcd750d',NULL,NULL,0);
INSERT INTO blocks VALUES(310096,'306aeec3db435fabffdf88c2f26ee83caa4c2426375a33daa2be041dbd27ea2f',310096000,'567e91f9456ecd020fbd2fe940d796ac976981485f870db8cb0bc41d77a0fd0f','48924c125c80fbe8887ff318ebbab0edf8629e604eed0561dd48444bc4acdab3','532da93d6fbf4250cf0694bbcc0c62584d746e6351d3dcc080a83c23172709ad',NULL,NULL,0);
INSERT INTO blocks VALUES(310097,'13e8e16e67c7cdcc80d477491e554b43744f90e8e1a9728439a11fab42cefadf',310097000,'447ceafb93aeb346eb98d87db46f07f4d1f51ffde3d44adc6056a624bea3b0c3','213f5672119909ebcda9f987e3bf69dd0404134584b36c56acdd3596a1ea6881','ae8b2a389e19132144a040559fefe55b45aac4f1f442d7c489ae2a1916c9067a',NULL,NULL,0);
INSERT INTO blocks VALUES(310098,'ca5bca4b5ec4fa6183e05176abe921cff884c4e20910fab55b603cef48dc3bca',310098000,'f510ec6201f4eb850d4f62b399d0d360d0d8cca7e3d955f849ad59a22fba1677','e504e97b361e32b0256aeb1640291eeda547dc564043835013086c87f5e637c2','18f3454673013e06b959dc72a5eaf7672389ba54c11ee9afb3dbf1420e623159',NULL,NULL,0);
INSERT INTO blocks VALUES(310099,'3c4c2279cd7de0add5ec469648a845875495a7d54ebfb5b012dcc5a197b7992a',310099000,'1f956e2c07defac832b7c90982c1e7a1192988c4d1e622b54b40b78065deafef','891969418c97f41be742eeb562f39cfe92543c159095f58c5f58c8c2b0274423','6c413ae2c15ebf2ae3106a85de7de47a482e1f80571253f4fc3fbd619339e4ce',NULL,NULL,0);
INSERT INTO blocks VALUES(310100,'96925c05b3c7c80c716f5bef68d161c71d044252c766ca0e3f17f255764242cb',310100000,'ac4cc3e01feb10ba2211afdff4ec43a4ce13a12e1a90dc6f675c390e6395b1e3','71e61b2d7aca45ccd7cfb6bda957b18fa076cc16bcbbfb63668e4c4f2749b7f3','7d6d1b233d8c6ac464195d51357613154f68d47d5b3313109ee298c3f64dee9e',NULL,NULL,0);
INSERT INTO blocks VALUES(310101,'369472409995ca1a2ebecbad6bf9dab38c378ab1e67e1bdf13d4ce1346731cd6',310101000,'0a4bb35bf922a8175ef5559e74084d32caa16f599df84adb5e255de26b92c1c4','e716e04989e254c2ed5b1c4b81026153d5799edb5a676adea5b7efb930940b30','8d9845b00f06a28e172afdd79f983b6a44fd4f93fb8537117cbff9b989208578',NULL,NULL,0);
-- Triggers and indices on  blocks
CREATE INDEX blocks_block_index_block_hash_idx ON blocks (block_index, block_hash)
        ;
CREATE INDEX blocks_ledger_hash_idx ON blocks (ledger_hash)
        ;

COMMIT TRANSACTION;
PRAGMA page_size=4096;
-- PRAGMA encoding='UTF-8';
-- PRAGMA auto_vacuum=FULL;
-- PRAGMA max_page_count=4294967294;

BEGIN TRANSACTION;

-- Table  transactions
DROP TABLE IF EXISTS transactions;
CREATE TABLE transactions(
                      tx_index INTEGER UNIQUE,
                      tx_hash TEXT UNIQUE,
                      block_index INTEGER,
                      block_hash TEXT,
                      block_time INTEGER,
                      source TEXT,
                      destination TEXT,
                      btc_amount INTEGER,
                      fee INTEGER,
                      data BLOB,
                      supported BOOL DEFAULT 1,
                      utxos_info TEXT,
                      transaction_type TEXT,
                      FOREIGN KEY (block_index, block_hash) REFERENCES blocks(block_index, block_hash),
                      PRIMARY KEY (tx_index, tx_hash, block_index));
INSERT INTO transactions VALUES(1,'c9ff1be2579378fad6d83ca87e6c91428b1eb8cfd1b0f341b3c7e452764404f5',310000,'505d8d82c4ced7daddef7ed0b05ba12ecc664176887b938ef56c6af276f3b30c',310000000,'3_mn6q3dS2EnDUx3bmyWc6D4szJNVGtaR7zc_mnfAHmddVibnZNSkh8DvKaQoiEfNsxjXzH_mtQheFaSfWELRB2MyMBaiWjdDm6ux9Ezns_3','mvCounterpartyXXXXXXXXXXXXXXW24Hef',62000000,5625,X'',1,' 2d81a3468670b6532dcbc5d7e41697ff15aca083d5e3780778e2f6cba4d7c856:0 2 ',NULL);
INSERT INTO transactions VALUES(2,'8968369ff47b1f5f6959aa67aca82d1385f3763e1cac2180d8cf41b44a515a32',310001,'3c9f6a9c6cac46a9273bd3db39ad775acd5bc546378ec2fb0587e06e112cc78e',310001000,'3_mn6q3dS2EnDUx3bmyWc6D4szJNVGtaR7zc_mnfAHmddVibnZNSkh8DvKaQoiEfNsxjXzH_mtQheFaSfWELRB2MyMBaiWjdDm6ux9Ezns_3','3_mn6q3dS2EnDUx3bmyWc6D4szJNVGtaR7zc_mnfAHmddVibnZNSkh8DvKaQoiEfNsxjXzH_mqPCfvqTfYctXMUfmniXeG2nyaN8w6tPmj_3',1000,7650,X'0000000000000000000000010000000002FAF080',1,' 6ec80f30ffb172559eb7d1af7ed17f317a4128ca3525dbdb86d1bfacc818a5e1:0 3 ',NULL);
INSERT INTO transactions VALUES(3,'1385519ca199f1b39bb89caac062fe3a342f18e393d301d7a56c150a8ab84093',310002,'fbb60f1144e1f7d4dc036a4a158a10ea6dea2ba6283a723342a49b8eb5cc9964',310002000,'3_mn6q3dS2EnDUx3bmyWc6D4szJNVGtaR7zc_mnfAHmddVibnZNSkh8DvKaQoiEfNsxjXzH_mtQheFaSfWELRB2MyMBaiWjdDm6ux9Ezns_3','',0,1000000,X'0000000A00000000000000000000000002FAF08000000000000000010000000005F5E100000A0000000000000000',1,' 70047c0e0eabacdc2f575666720317b02d31d0fb0c0dd12ff8399c9997b80671:0 2 ',NULL);
INSERT INTO transactions VALUES(4,'a2e93083b871e68cb89e216f9a99c4c6aea1eb92cbdbafc5b4b0e160c19c517e',310003,'d50825dcb32bcf6f69994d616eba18de7718d3d859497e80751b2cb67e333e8a',310003000,'3_mn6q3dS2EnDUx3bmyWc6D4szJNVGtaR7zc_mnfAHmddVibnZNSkh8DvKaQoiEfNsxjXzH_mtQheFaSfWELRB2MyMBaiWjdDm6ux9Ezns_3','',0,6800,X'0000000A00000000000000010000000006422C4000000000000000000000000002FAF080000A00000000000DBBA0',1,' cb9968e5706e6aa44a68604e6aed6701eeb63316ab175efc0fa5fa8a080561a4:0 2 ',NULL);
INSERT INTO transactions VALUES(5,'06448effa4c26f1101b315b2dbe3d2b7b888ca18f5755f4365c97215a6c760ac',310004,'60cdc0ac0e3121ceaa2c3885f21f5789f49992ffef6e6ff99f7da80e36744615',310004000,'3_mn6q3dS2EnDUx3bmyWc6D4szJNVGtaR7zc_mnfAHmddVibnZNSkh8DvKaQoiEfNsxjXzH_mtQheFaSfWELRB2MyMBaiWjdDm6ux9Ezns_3','3_mn6q3dS2EnDUx3bmyWc6D4szJNVGtaR7zc_mnfAHmddVibnZNSkh8DvKaQoiEfNsxjXzH_mtQheFaSfWELRB2MyMBaiWjdDm6ux9Ezns_3',50000000,9675,X'0000000B1385519CA199F1B39BB89CAAC062FE3A342F18E393D301D7A56C150A8AB84093A2E93083B871E68CB89E216F9A99C4C6AEA1EB92CBDBAFC5B4B0E160C19C517E',1,' 836b1d6d96f5b1d0c93cca1e36df45a881c8e240bd43d3d690056eb2480a6f56:0 4 ',NULL);
INSERT INTO transactions VALUES(6,'57b34dae586111eefeecae4d16f6d20d6447efa974b72931f7b2cd0f39890406',310005,'8005c2926b7ecc50376642bc661a49108b6dc62636463a5c492b123e2184cd9a',310005000,'3_mn6q3dS2EnDUx3bmyWc6D4szJNVGtaR7zc_mnfAHmddVibnZNSkh8DvKaQoiEfNsxjXzH_mtQheFaSfWELRB2MyMBaiWjdDm6ux9Ezns_3','',0,6800,X'000000140000000000004767000000003B9ACA000100000000000000000000',1,' b5a95d7d655cb40e81800c2006891e40b1e0db52eb074d8bc6bc6eadee0cc255:0 2 ',NULL);
INSERT INTO transactions VALUES(7,'6163ab5e7282e43a2f07a146d28b4b45c55820ee541881bc98d2592f4e6ba975',310006,'bdad69d1669eace68b9f246de113161099d4f83322e2acf402c42defef3af2bb',310006000,'3_mn6q3dS2EnDUx3bmyWc6D4szJNVGtaR7zc_mnfAHmddVibnZNSkh8DvKaQoiEfNsxjXzH_mtQheFaSfWELRB2MyMBaiWjdDm6ux9Ezns_3','',0,6800,X'00000014000000000000476800000000000186A00000000000000000000006666F6F626172',1,' d5e0055606dccdcfbb5a605326bf35341ff6fe56c7fedb31fb17fe0cdc39d905:0 2 ',NULL);
INSERT INTO transactions VALUES(8,'8972d4a117a0c4161ddf2bcdeb3877e0ad4cbf9cb5ce2be3411c69eedc9f718b',310007,'10a642b96d60091d08234d17dfdecf3025eca41e4fc8e3bbe71a91c5a457cb4b',310007000,'3_mn6q3dS2EnDUx3bmyWc6D4szJNVGtaR7zc_mnfAHmddVibnZNSkh8DvKaQoiEfNsxjXzH_mtQheFaSfWELRB2MyMBaiWjdDm6ux9Ezns_3','3_mn6q3dS2EnDUx3bmyWc6D4szJNVGtaR7zc_mnfAHmddVibnZNSkh8DvKaQoiEfNsxjXzH_mqPCfvqTfYctXMUfmniXeG2nyaN8w6tPmj_3',1000,7650,X'00000000000000000000476700000000003D0900',1,' 00d442dc4662614c34b1627d2d88b504afe410cedf903547fa0776f7645afa90:0 3 ',NULL);
INSERT INTO transactions VALUES(9,'3f49e685b22a7cd1a4d20bb7ca9a3f1ec4e593bc6e60c67037de2aab8b992391',310008,'47d0e3acbdc6916aeae95e987f9cfa16209b3df1e67bb38143b3422b32322c33',310008000,'3_mn6q3dS2EnDUx3bmyWc6D4szJNVGtaR7zc_mnfAHmddVibnZNSkh8DvKaQoiEfNsxjXzH_mtQheFaSfWELRB2MyMBaiWjdDm6ux9Ezns_3','3_mn6q3dS2EnDUx3bmyWc6D4szJNVGtaR7zc_mnfAHmddVibnZNSkh8DvKaQoiEfNsxjXzH_mqPCfvqTfYctXMUfmniXeG2nyaN8w6tPmj_3',1000,7650,X'000000000000000000004768000000000000020E',1,' e1fc13f6ea93f3984c4ad70bfe66968407b6e926ca8433d153e3347c505d3cd6:0 3 ',NULL);
INSERT INTO transactions VALUES(10,'6aa6c552e5a302b056768aed88aa8da6e9f78def669d5203904719e15ff1ac29',310009,'4d474992b141620bf3753863db7ee5e8af26cadfbba27725911f44fa657bc1c0',310009000,'3_mn6q3dS2EnDUx3bmyWc6D4szJNVGtaR7zc_mnfAHmddVibnZNSkh8DvKaQoiEfNsxjXzH_mtQheFaSfWELRB2MyMBaiWjdDm6ux9Ezns_3','',0,6800,X'00000032000000000000025800000000000047670000000000000001',1,' 72576f13d48e27ecee32624b00990b0f161c782a80abb4f57b4da1f5a517c2f2:0 2 ',NULL);
INSERT INTO transactions VALUES(11,'8606cbcb3aaa438e207e9ef279191f6f100e34d479b1985268525e32a91c953e',310010,'a58162dff81a32e6a29b075be759dbb9fa9b8b65303e69c78fb4d7b0acc37042',310010000,'3_mn6q3dS2EnDUx3bmyWc6D4szJNVGtaR7zc_mnfAHmddVibnZNSkh8DvKaQoiEfNsxjXzH_mtQheFaSfWELRB2MyMBaiWjdDm6ux9Ezns_3','',0,6800,X'00000032000000000000032000000000000047680000000000000001',1,' 549177a785a6c389185b1b6cf035323f787879bdb7baa3159ca5f92a00c6e6e1:0 2 ',NULL);
INSERT INTO transactions VALUES(12,'47a25bd63a47c61ca2709279bb5c1dc8695f0e93926bf659038be64e6a1c4060',310011,'8042cc2ef293fd73d050f283fbd075c79dd4c49fdcca054dc0714fc3a50dc1bb',310011000,'3_mn6q3dS2EnDUx3bmyWc6D4szJNVGtaR7zc_mnfAHmddVibnZNSkh8DvKaQoiEfNsxjXzH_mtQheFaSfWELRB2MyMBaiWjdDm6ux9Ezns_3','',0,6800,X'0000001E52BB3300405900000000000005F5E0FF09556E69742054657374',1,' 07532d3c2a9697cdcda1ff358b2f4381439deffe5be06598da2cac861a79fd8f:0 2 ',NULL);
INSERT INTO transactions VALUES(13,'5c49e06f8ddf9cc0f83541550664bb00075a2f01df493278097066462497af16',310012,'cdba329019d93a67b31b79d05f76ce1b7791d430ea0d6c1c2168fe78d2f67677',310012000,'3_mn6q3dS2EnDUx3bmyWc6D4szJNVGtaR7zc_mnfAHmddVibnZNSkh8DvKaQoiEfNsxjXzH_mtQheFaSfWELRB2MyMBaiWjdDm6ux9Ezns_3','3_mn6q3dS2EnDUx3bmyWc6D4szJNVGtaR7zc_mnfAHmddVibnZNSkh8DvKaQoiEfNsxjXzH_mtQheFaSfWELRB2MyMBaiWjdDm6ux9Ezns_3',1000,7650,X'00000028000052BB33640000000002FAF08000000000017D7840000000000000000000003B100000000A',1,' 3563ce8b45e350880d0a051b0b157f99ec551fc1ee230a1c8843d21f1682a5f6:0 3 ',NULL);
INSERT INTO transactions VALUES(14,'813e45480753e39c6ea548efd6b77f830120a41ac3b9bd37a4470b14e83301a3',310013,'0425e5e832e4286757dc0228cd505b8d572081007218abd3a0983a3bcd502a61',310013000,'3_mn6q3dS2EnDUx3bmyWc6D4szJNVGtaR7zc_mnfAHmddVibnZNSkh8DvKaQoiEfNsxjXzH_mtQheFaSfWELRB2MyMBaiWjdDm6ux9Ezns_3','3_mn6q3dS2EnDUx3bmyWc6D4szJNVGtaR7zc_mnfAHmddVibnZNSkh8DvKaQoiEfNsxjXzH_mtQheFaSfWELRB2MyMBaiWjdDm6ux9Ezns_3',1000,7650,X'00000028000152BB336400000000017D78400000000002793D60000000000000000000003B100000000A',1,' 0e99c34d5f3649841d71c8c34ed4f5aa1c5ce38c45cda20bf500ad28a260df40:0 3 ',NULL);
INSERT INTO transactions VALUES(15,'33fdca6b108f99ffb56d590f55f9d19c7d16fe83c096b9fbbf71eabeda826a41',310014,'85b28d413ebda2968ed82ae53643677338650151b997ed1e4656158005b9f65f',310014000,'3_mn6q3dS2EnDUx3bmyWc6D4szJNVGtaR7zc_mnfAHmddVibnZNSkh8DvKaQoiEfNsxjXzH_mtQheFaSfWELRB2MyMBaiWjdDm6ux9Ezns_3','3_mn6q3dS2EnDUx3bmyWc6D4szJNVGtaR7zc_mnfAHmddVibnZNSkh8DvKaQoiEfNsxjXzH_mtQheFaSfWELRB2MyMBaiWjdDm6ux9Ezns_3',1000,7650,X'00000028000052BB33640000000008F0D1800000000014DC93800000000000000000000013B00000000A',1,' 820d199eab44dc21110b89e5210bc07d83a257d5d0c7595d0410d5cc9dfc7bd3:0 3 ',NULL);
INSERT INTO transactions VALUES(16,'22375d61ad5cb70e45ca8843ccffa0abe11b028351352d5da874d246c834ab6f',310015,'4cf77d688f18f0c68c077db882f62e49f31859dfa6144372457cd73b29223922',310015000,'3_mn6q3dS2EnDUx3bmyWc6D4szJNVGtaR7zc_mnfAHmddVibnZNSkh8DvKaQoiEfNsxjXzH_mtQheFaSfWELRB2MyMBaiWjdDm6ux9Ezns_3','3_mn6q3dS2EnDUx3bmyWc6D4szJNVGtaR7zc_mnfAHmddVibnZNSkh8DvKaQoiEfNsxjXzH_mtQheFaSfWELRB2MyMBaiWjdDm6ux9Ezns_3',1000,7650,X'00000028000152BB33640000000014DC93800000000008F0D1800000000000000000000013B00000000A',1,' d72265fd12f4ecd9c417122e366bbe23bd1835d99d2554a20e9252d41291fa5a:0 3 ',NULL);
INSERT INTO transactions VALUES(17,'5e0cd8d81531e656dc3a4ae4b7edfd1bec48e455ed0bd69a4a3c22c0c08bbede',310016,'99dc7d2627efb4e5e618a53b9898b4ca39c70e98fe9bf39f68a6c980f5b64ef9',310016000,'3_mn6q3dS2EnDUx3bmyWc6D4szJNVGtaR7zc_mnfAHmddVibnZNSkh8DvKaQoiEfNsxjXzH_mtQheFaSfWELRB2MyMBaiWjdDm6ux9Ezns_3','3_mn6q3dS2EnDUx3bmyWc6D4szJNVGtaR7zc_mnfAHmddVibnZNSkh8DvKaQoiEfNsxjXzH_mtQheFaSfWELRB2MyMBaiWjdDm6ux9Ezns_3',1000,7650,X'00000028000252BB33C8000000002CB417800000000026BE36803FF0000000000000000013B00000000A',1,' f203086e1289aef19494acb2a48a734ecc0bd65149ee60cec66f839cdb37ff9f:0 3 ',NULL);
INSERT INTO transactions VALUES(18,'07d3cbac831b5edb261b1445071e307949d7825565b8d5c8cba1d720d5c7ab4a',310017,'8a4fedfbf734b91a5c5761a7bcb3908ea57169777a7018148c51ff611970e4a3',310017000,'3_mn6q3dS2EnDUx3bmyWc6D4szJNVGtaR7zc_mnfAHmddVibnZNSkh8DvKaQoiEfNsxjXzH_mtQheFaSfWELRB2MyMBaiWjdDm6ux9Ezns_3','3_mn6q3dS2EnDUx3bmyWc6D4szJNVGtaR7zc_mnfAHmddVibnZNSkh8DvKaQoiEfNsxjXzH_mtQheFaSfWELRB2MyMBaiWjdDm6ux9Ezns_3',1000,7650,X'00000028000352BB33C80000000026BE3680000000002CB417803FF0000000000000000013B00000000A',1,' f7c3acafbffbae86eb37a0334e4440425dd54628c1ffe103aaa4332f612b0d5f:0 3 ',NULL);
INSERT INTO transactions VALUES(19,'5a057227535fcb5aeaf56ec919321667cc45f4fa7d11bf940d22abaad909cd66',310018,'35c06f9e3de39e4e56ceb1d1a22008f52361c50dd0d251c0acbe2e3c2dba8ed3',310018000,'3_mn6q3dS2EnDUx3bmyWc6D4szJNVGtaR7zc_mnfAHmddVibnZNSkh8DvKaQoiEfNsxjXzH_mtQheFaSfWELRB2MyMBaiWjdDm6ux9Ezns_3','',0,6800,X'0000001E52BB33324058F7256FFC115E004C4B4009556E69742054657374',1,' 74fb288e8ceaf5f9cdeaefe2cbdde99ec1eafb8ea3b80ab96725cbc6913ef266:0 2 ',NULL);
INSERT INTO transactions VALUES(20,'0baab7280b14d7d8597dc5f570682654fac0453b0b4c374d45cef3d21a7ceb17',310019,'114affa0c4f34b1ebf8e2778c9477641f60b5b9e8a69052158041d4c41893294',310019000,'3_mn6q3dS2EnDUx3bmyWc6D4szJNVGtaR7zc_mnfAHmddVibnZNSkh8DvKaQoiEfNsxjXzH_mtQheFaSfWELRB2MyMBaiWjdDm6ux9Ezns_3','',0,6800,X'0000001E52BB3365405915F3B645A1CB004C4B4009556E69742054657374',1,' 9ff1232263d22ec7f8d8fcd4fa194620e14b9bb67f8704cce671114867664a4b:0 2 ',NULL);
INSERT INTO transactions VALUES(21,'2b39f99114417cb4857c8c2c671b4bc3bc8b3e52865daa91a49ea6d9bdfb6402',310020,'d93c79920e4a42164af74ecb5c6b903ff6055cdc007376c74dfa692c8d85ebc9',310020000,'3_mn6q3dS2EnDUx3bmyWc6D4szJNVGtaR7zc_mnfAHmddVibnZNSkh8DvKaQoiEfNsxjXzH_mtQheFaSfWELRB2MyMBaiWjdDm6ux9Ezns_3','',0,6800,X'0000001E52BB33C94000000000000000004C4B4009556E69742054657374',1,' 5d2638e1c58ffa4055d6ae17293c34a353e57c7c019a5b1a90fab83747fc6113:0 2 ',NULL);
INSERT INTO transactions VALUES(22,'19c6fe5cbf0be99ff3d469077e866e0f9fdc56901824b7fec89b0b523526e323',310021,'7c2460bb32c5749c856486393239bf7a0ac789587ac71f32e7237910da8097f2',310021000,'3_mn6q3dS2EnDUx3bmyWc6D4szJNVGtaR7zc_mnfAHmddVibnZNSkh8DvKaQoiEfNsxjXzH_mtQheFaSfWELRB2MyMBaiWjdDm6ux9Ezns_3','',0,6800,X'0000000A00000000000047670000000002FAF08000000000000000010000000002FAF080000A0000000000000000',1,' 322ca39f1c6a4e524868c74a1bc3ca8d5db6448e33db2511a9989643810625c7:0 2 ',NULL);
INSERT INTO transactions VALUES(23,'3739350ed4c86474468cb1fed825b1ef141304d638b298867d0b2ae58c509c22',310022,'44435f9a99a0aa12a9bfabdc4cb8119f6ea6a6e1350d2d65445fb66a456db5fc',310022000,'3_mn6q3dS2EnDUx3bmyWc6D4szJNVGtaR7zc_mnfAHmddVibnZNSkh8DvKaQoiEfNsxjXzH_mtQheFaSfWELRB2MyMBaiWjdDm6ux9Ezns_3','mvCounterpartyXXXXXXXXXXXXXXW24Hef',100000000,5625,X'',1,' ce8432a1b0579faf1ec3f8b93b7bea7fa3dd3a8b1a3b74b1bda7d3030e701e58:0 2 ',NULL);
INSERT INTO transactions VALUES(24,'72bd448eb70da9b7554d3b58a1e89356171578c847763af014b25c99e70cbb58',310023,'d8cf5bec1bbcab8ca4f495352afde3b6572b7e1d61b3976872ebb8e9d30ccb08',310023000,'3_mn6q3dS2EnDUx3bmyWc6D4szJNVGtaR7zc_mnfAHmddVibnZNSkh8DvKaQoiEfNsxjXzH_mtQheFaSfWELRB2MyMBaiWjdDm6ux9Ezns_3','3_mn6q3dS2EnDUx3bmyWc6D4szJNVGtaR7zc_mnfAHmddVibnZNSkh8DvKaQoiEfNsxjXzH_mqPCfvqTfYctXMUfmniXeG2nyaN8w6tPmj_3',1000,7650,X'0000000000000000000047680000000000002710',1,' 5769ce4243e3d2e898a792c556ec8da59a8f8a1f262af59569e2b617e5867776:0 3 ',NULL);
-- Triggers and indices on  transactions
CREATE INDEX transactions_block_index_tx_index_idx ON transactions (block_index, tx_index)
        ;
CREATE INDEX transactions_source_idx ON transactions (source)
        ;
CREATE INDEX transactions_transaction_type_idx ON transactions (transaction_type)
        ;
CREATE INDEX transactions_tx_hash_idx ON transactions (tx_hash)
        ;
CREATE INDEX transactions_tx_index_tx_hash_block_index_idx ON transactions (tx_index, tx_hash, block_index)
        ;

COMMIT TRANSACTION;
PRAGMA page_size=4096;
-- PRAGMA encoding='UTF-8';
-- PRAGMA auto_vacuum=FULL;
-- PRAGMA max_page_count=4294967294;

BEGIN TRANSACTION;

-- Table  transaction_outputs
DROP TABLE IF EXISTS transaction_outputs;
CREATE TABLE transaction_outputs(
                        tx_index,
                        tx_hash TEXT,
                        block_index INTEGER,
                        out_index INTEGER,
                        destination TEXT,
                        btc_amount INTEGER,
                        PRIMARY KEY (tx_hash, out_index),
                        FOREIGN KEY (tx_index, tx_hash, block_index) REFERENCES transactions(tx_index, tx_hash, block_index));

COMMIT TRANSACTION;
PRAGMA page_size=4096;
-- PRAGMA encoding='UTF-8';
-- PRAGMA auto_vacuum=FULL;
-- PRAGMA max_page_count=4294967294;

BEGIN TRANSACTION;

-- Table  balances
DROP TABLE IF EXISTS balances;
CREATE TABLE balances(
                      address TEXT,
                      asset TEXT,
                      quantity INTEGER, block_index INTEGER, tx_index INTEGER, utxo TEXT, utxo_address TEXT);
INSERT INTO balances VALUES('3_mn6q3dS2EnDUx3bmyWc6D4szJNVGtaR7zc_mnfAHmddVibnZNSkh8DvKaQoiEfNsxjXzH_mtQheFaSfWELRB2MyMBaiWjdDm6ux9Ezns_3','XCP',93000000000,310000,1,NULL,NULL);
INSERT INTO balances VALUES('3_mn6q3dS2EnDUx3bmyWc6D4szJNVGtaR7zc_mnfAHmddVibnZNSkh8DvKaQoiEfNsxjXzH_mtQheFaSfWELRB2MyMBaiWjdDm6ux9Ezns_3','XCP',92950000000,310001,2,NULL,NULL);
INSERT INTO balances VALUES('3_mn6q3dS2EnDUx3bmyWc6D4szJNVGtaR7zc_mnfAHmddVibnZNSkh8DvKaQoiEfNsxjXzH_mqPCfvqTfYctXMUfmniXeG2nyaN8w6tPmj_3','XCP',50000000,310001,2,NULL,NULL);
INSERT INTO balances VALUES('3_mn6q3dS2EnDUx3bmyWc6D4szJNVGtaR7zc_mnfAHmddVibnZNSkh8DvKaQoiEfNsxjXzH_mtQheFaSfWELRB2MyMBaiWjdDm6ux9Ezns_3','XCP',92845000000,310003,4,NULL,NULL);
INSERT INTO balances VALUES('3_mn6q3dS2EnDUx3bmyWc6D4szJNVGtaR7zc_mnfAHmddVibnZNSkh8DvKaQoiEfNsxjXzH_mtQheFaSfWELRB2MyMBaiWjdDm6ux9Ezns_3','XCP',92945000000,310004,5,NULL,NULL);
INSERT INTO balances VALUES('3_mn6q3dS2EnDUx3bmyWc6D4szJNVGtaR7zc_mnfAHmddVibnZNSkh8DvKaQoiEfNsxjXzH_mtQheFaSfWELRB2MyMBaiWjdDm6ux9Ezns_3','XCP',92895000000,310005,6,NULL,NULL);
INSERT INTO balances VALUES('3_mn6q3dS2EnDUx3bmyWc6D4szJNVGtaR7zc_mnfAHmddVibnZNSkh8DvKaQoiEfNsxjXzH_mtQheFaSfWELRB2MyMBaiWjdDm6ux9Ezns_3','BBBB',1000000000,310005,6,NULL,NULL);
INSERT INTO balances VALUES('3_mn6q3dS2EnDUx3bmyWc6D4szJNVGtaR7zc_mnfAHmddVibnZNSkh8DvKaQoiEfNsxjXzH_mtQheFaSfWELRB2MyMBaiWjdDm6ux9Ezns_3','XCP',92845000000,310006,7,NULL,NULL);
INSERT INTO balances VALUES('3_mn6q3dS2EnDUx3bmyWc6D4szJNVGtaR7zc_mnfAHmddVibnZNSkh8DvKaQoiEfNsxjXzH_mtQheFaSfWELRB2MyMBaiWjdDm6ux9Ezns_3','BBBC',100000,310006,7,NULL,NULL);
INSERT INTO balances VALUES('3_mn6q3dS2EnDUx3bmyWc6D4szJNVGtaR7zc_mnfAHmddVibnZNSkh8DvKaQoiEfNsxjXzH_mtQheFaSfWELRB2MyMBaiWjdDm6ux9Ezns_3','BBBB',996000000,310007,8,NULL,NULL);
INSERT INTO balances VALUES('3_mn6q3dS2EnDUx3bmyWc6D4szJNVGtaR7zc_mnfAHmddVibnZNSkh8DvKaQoiEfNsxjXzH_mqPCfvqTfYctXMUfmniXeG2nyaN8w6tPmj_3','BBBB',4000000,310007,8,NULL,NULL);
INSERT INTO balances VALUES('3_mn6q3dS2EnDUx3bmyWc6D4szJNVGtaR7zc_mnfAHmddVibnZNSkh8DvKaQoiEfNsxjXzH_mtQheFaSfWELRB2MyMBaiWjdDm6ux9Ezns_3','BBBC',99474,310008,9,NULL,NULL);
INSERT INTO balances VALUES('3_mn6q3dS2EnDUx3bmyWc6D4szJNVGtaR7zc_mnfAHmddVibnZNSkh8DvKaQoiEfNsxjXzH_mqPCfvqTfYctXMUfmniXeG2nyaN8w6tPmj_3','BBBC',526,310008,9,NULL,NULL);
INSERT INTO balances VALUES('3_mn6q3dS2EnDUx3bmyWc6D4szJNVGtaR7zc_mnfAHmddVibnZNSkh8DvKaQoiEfNsxjXzH_mtQheFaSfWELRB2MyMBaiWjdDm6ux9Ezns_3','XCP',92844999976,310009,10,NULL,NULL);
INSERT INTO balances VALUES('3_mn6q3dS2EnDUx3bmyWc6D4szJNVGtaR7zc_mnfAHmddVibnZNSkh8DvKaQoiEfNsxjXzH_mtQheFaSfWELRB2MyMBaiWjdDm6ux9Ezns_3','XCP',92844979976,310009,10,NULL,NULL);
INSERT INTO balances VALUES('3_mn6q3dS2EnDUx3bmyWc6D4szJNVGtaR7zc_mnfAHmddVibnZNSkh8DvKaQoiEfNsxjXzH_mqPCfvqTfYctXMUfmniXeG2nyaN8w6tPmj_3','XCP',50000024,310009,10,NULL,NULL);
INSERT INTO balances VALUES('3_mn6q3dS2EnDUx3bmyWc6D4szJNVGtaR7zc_mnfAHmddVibnZNSkh8DvKaQoiEfNsxjXzH_mtQheFaSfWELRB2MyMBaiWjdDm6ux9Ezns_3','XCP',92844559176,310010,11,NULL,NULL);
INSERT INTO balances VALUES('3_mn6q3dS2EnDUx3bmyWc6D4szJNVGtaR7zc_mnfAHmddVibnZNSkh8DvKaQoiEfNsxjXzH_mtQheFaSfWELRB2MyMBaiWjdDm6ux9Ezns_3','XCP',92844539176,310010,11,NULL,NULL);
INSERT INTO balances VALUES('3_mn6q3dS2EnDUx3bmyWc6D4szJNVGtaR7zc_mnfAHmddVibnZNSkh8DvKaQoiEfNsxjXzH_mqPCfvqTfYctXMUfmniXeG2nyaN8w6tPmj_3','XCP',50420824,310010,11,NULL,NULL);
INSERT INTO balances VALUES('3_mn6q3dS2EnDUx3bmyWc6D4szJNVGtaR7zc_mnfAHmddVibnZNSkh8DvKaQoiEfNsxjXzH_mtQheFaSfWELRB2MyMBaiWjdDm6ux9Ezns_3','XCP',92794539176,310012,13,NULL,NULL);
INSERT INTO balances VALUES('3_mn6q3dS2EnDUx3bmyWc6D4szJNVGtaR7zc_mnfAHmddVibnZNSkh8DvKaQoiEfNsxjXzH_mtQheFaSfWELRB2MyMBaiWjdDm6ux9Ezns_3','XCP',92769539176,310013,14,NULL,NULL);
INSERT INTO balances VALUES('3_mn6q3dS2EnDUx3bmyWc6D4szJNVGtaR7zc_mnfAHmddVibnZNSkh8DvKaQoiEfNsxjXzH_mtQheFaSfWELRB2MyMBaiWjdDm6ux9Ezns_3','XCP',92773789176,310013,14,NULL,NULL);
INSERT INTO balances VALUES('3_mn6q3dS2EnDUx3bmyWc6D4szJNVGtaR7zc_mnfAHmddVibnZNSkh8DvKaQoiEfNsxjXzH_mtQheFaSfWELRB2MyMBaiWjdDm6ux9Ezns_3','XCP',92778789176,310014,0,NULL,NULL);
INSERT INTO balances VALUES('3_mn6q3dS2EnDUx3bmyWc6D4szJNVGtaR7zc_mnfAHmddVibnZNSkh8DvKaQoiEfNsxjXzH_mtQheFaSfWELRB2MyMBaiWjdDm6ux9Ezns_3','XCP',92628789176,310014,15,NULL,NULL);
INSERT INTO balances VALUES('3_mn6q3dS2EnDUx3bmyWc6D4szJNVGtaR7zc_mnfAHmddVibnZNSkh8DvKaQoiEfNsxjXzH_mtQheFaSfWELRB2MyMBaiWjdDm6ux9Ezns_3','XCP',92278789176,310015,16,NULL,NULL);
INSERT INTO balances VALUES('3_mn6q3dS2EnDUx3bmyWc6D4szJNVGtaR7zc_mnfAHmddVibnZNSkh8DvKaQoiEfNsxjXzH_mtQheFaSfWELRB2MyMBaiWjdDm6ux9Ezns_3','XCP',92278789176,310015,16,NULL,NULL);
INSERT INTO balances VALUES('3_mn6q3dS2EnDUx3bmyWc6D4szJNVGtaR7zc_mnfAHmddVibnZNSkh8DvKaQoiEfNsxjXzH_mtQheFaSfWELRB2MyMBaiWjdDm6ux9Ezns_3','XCP',92278789176,310015,16,NULL,NULL);
INSERT INTO balances VALUES('3_mn6q3dS2EnDUx3bmyWc6D4szJNVGtaR7zc_mnfAHmddVibnZNSkh8DvKaQoiEfNsxjXzH_mtQheFaSfWELRB2MyMBaiWjdDm6ux9Ezns_3','XCP',91528789176,310016,17,NULL,NULL);
INSERT INTO balances VALUES('3_mn6q3dS2EnDUx3bmyWc6D4szJNVGtaR7zc_mnfAHmddVibnZNSkh8DvKaQoiEfNsxjXzH_mtQheFaSfWELRB2MyMBaiWjdDm6ux9Ezns_3','XCP',90878789176,310017,18,NULL,NULL);
INSERT INTO balances VALUES('3_mn6q3dS2EnDUx3bmyWc6D4szJNVGtaR7zc_mnfAHmddVibnZNSkh8DvKaQoiEfNsxjXzH_mtQheFaSfWELRB2MyMBaiWjdDm6ux9Ezns_3','XCP',90878789176,310017,18,NULL,NULL);
INSERT INTO balances VALUES('3_mn6q3dS2EnDUx3bmyWc6D4szJNVGtaR7zc_mnfAHmddVibnZNSkh8DvKaQoiEfNsxjXzH_mtQheFaSfWELRB2MyMBaiWjdDm6ux9Ezns_3','XCP',90878789176,310017,18,NULL,NULL);
INSERT INTO balances VALUES('3_mn6q3dS2EnDUx3bmyWc6D4szJNVGtaR7zc_mnfAHmddVibnZNSkh8DvKaQoiEfNsxjXzH_mtQheFaSfWELRB2MyMBaiWjdDm6ux9Ezns_3','XCP',90937926676,310018,19,NULL,NULL);
INSERT INTO balances VALUES('3_mn6q3dS2EnDUx3bmyWc6D4szJNVGtaR7zc_mnfAHmddVibnZNSkh8DvKaQoiEfNsxjXzH_mtQheFaSfWELRB2MyMBaiWjdDm6ux9Ezns_3','XCP',90941039176,310018,19,NULL,NULL);
INSERT INTO balances VALUES('3_mn6q3dS2EnDUx3bmyWc6D4szJNVGtaR7zc_mnfAHmddVibnZNSkh8DvKaQoiEfNsxjXzH_mtQheFaSfWELRB2MyMBaiWjdDm6ux9Ezns_3','XCP',91100339176,310019,20,NULL,NULL);
INSERT INTO balances VALUES('3_mn6q3dS2EnDUx3bmyWc6D4szJNVGtaR7zc_mnfAHmddVibnZNSkh8DvKaQoiEfNsxjXzH_mtQheFaSfWELRB2MyMBaiWjdDm6ux9Ezns_3','XCP',91416039176,310019,20,NULL,NULL);
INSERT INTO balances VALUES('3_mn6q3dS2EnDUx3bmyWc6D4szJNVGtaR7zc_mnfAHmddVibnZNSkh8DvKaQoiEfNsxjXzH_mtQheFaSfWELRB2MyMBaiWjdDm6ux9Ezns_3','XCP',91441039176,310019,20,NULL,NULL);
INSERT INTO balances VALUES('3_mn6q3dS2EnDUx3bmyWc6D4szJNVGtaR7zc_mnfAHmddVibnZNSkh8DvKaQoiEfNsxjXzH_mtQheFaSfWELRB2MyMBaiWjdDm6ux9Ezns_3','XCP',92771039176,310020,21,NULL,NULL);
INSERT INTO balances VALUES('3_mn6q3dS2EnDUx3bmyWc6D4szJNVGtaR7zc_mnfAHmddVibnZNSkh8DvKaQoiEfNsxjXzH_mtQheFaSfWELRB2MyMBaiWjdDm6ux9Ezns_3','XCP',92841039176,310020,21,NULL,NULL);
INSERT INTO balances VALUES('3_mn6q3dS2EnDUx3bmyWc6D4szJNVGtaR7zc_mnfAHmddVibnZNSkh8DvKaQoiEfNsxjXzH_mtQheFaSfWELRB2MyMBaiWjdDm6ux9Ezns_3','BBBB',946000000,310021,22,NULL,NULL);
INSERT INTO balances VALUES('3_mn6q3dS2EnDUx3bmyWc6D4szJNVGtaR7zc_mnfAHmddVibnZNSkh8DvKaQoiEfNsxjXzH_mtQheFaSfWELRB2MyMBaiWjdDm6ux9Ezns_3','XCP',149840926438,310022,23,NULL,NULL);
INSERT INTO balances VALUES('3_mn6q3dS2EnDUx3bmyWc6D4szJNVGtaR7zc_mnfAHmddVibnZNSkh8DvKaQoiEfNsxjXzH_mtQheFaSfWELRB2MyMBaiWjdDm6ux9Ezns_3','XCP',149849426438,310023,0,NULL,NULL);
INSERT INTO balances VALUES('3_mn6q3dS2EnDUx3bmyWc6D4szJNVGtaR7zc_mnfAHmddVibnZNSkh8DvKaQoiEfNsxjXzH_mtQheFaSfWELRB2MyMBaiWjdDm6ux9Ezns_3','BBBC',89474,310023,24,NULL,NULL);
INSERT INTO balances VALUES('3_mn6q3dS2EnDUx3bmyWc6D4szJNVGtaR7zc_mnfAHmddVibnZNSkh8DvKaQoiEfNsxjXzH_mqPCfvqTfYctXMUfmniXeG2nyaN8w6tPmj_3','BBBC',10526,310023,24,NULL,NULL);
INSERT INTO balances VALUES('3_mn6q3dS2EnDUx3bmyWc6D4szJNVGtaR7zc_mnfAHmddVibnZNSkh8DvKaQoiEfNsxjXzH_mtQheFaSfWELRB2MyMBaiWjdDm6ux9Ezns_3','BBBB',996000000,310032,0,NULL,NULL);
-- Triggers and indices on  balances
CREATE INDEX balances_address_asset_idx ON balances (address, asset)
        ;
CREATE INDEX balances_address_utxo_asset_idx ON balances (address, utxo, asset)
        ;
CREATE INDEX balances_asset_idx ON balances (asset)
        ;
CREATE INDEX balances_block_index_idx ON balances (block_index)
        ;
CREATE INDEX balances_quantity_idx ON balances (quantity)
        ;
CREATE INDEX balances_utxo_address_idx ON balances (utxo_address)
        ;
CREATE INDEX balances_utxo_asset_idx ON balances (utxo, asset)
        ;
CREATE TRIGGER block_update_balances
            BEFORE UPDATE ON balances BEGIN
                SELECT RAISE(FAIL, "UPDATES NOT ALLOWED");
            END;

COMMIT TRANSACTION;
PRAGMA page_size=4096;
-- PRAGMA encoding='UTF-8';
-- PRAGMA auto_vacuum=FULL;
-- PRAGMA max_page_count=4294967294;

BEGIN TRANSACTION;

-- Table  config
DROP TABLE IF EXISTS config;
CREATE TABLE config (
            name TEXT PRIMARY KEY,
            value TEXT
        );
INSERT INTO config VALUES('FIX_ASSET_EVENTS_FIELD_1','1');
INSERT INTO config VALUES('FIX_ISSUANCES_ASSET_LONGNAME_1','1');
INSERT INTO config VALUES('FIX_ISSUANCES_ASSET_LONGNAME_2','1');
INSERT INTO config VALUES('CLEAN_TRANSACTION_COUNT_1','1');
-- Triggers and indices on  config
CREATE INDEX config_config_name_idx ON config (name);

COMMIT TRANSACTION;
PRAGMA page_size=4096;
-- PRAGMA encoding='UTF-8';
-- PRAGMA auto_vacuum=FULL;
-- PRAGMA max_page_count=4294967294;

BEGIN TRANSACTION;

-- Table  balances
DROP TABLE IF EXISTS balances;
CREATE TABLE balances(
                      address TEXT,
                      asset TEXT,
                      quantity INTEGER, block_index INTEGER, tx_index INTEGER, utxo TEXT, utxo_address TEXT);
INSERT INTO balances VALUES('3_mn6q3dS2EnDUx3bmyWc6D4szJNVGtaR7zc_mnfAHmddVibnZNSkh8DvKaQoiEfNsxjXzH_mtQheFaSfWELRB2MyMBaiWjdDm6ux9Ezns_3','XCP',93000000000,310000,1,NULL,NULL);
INSERT INTO balances VALUES('3_mn6q3dS2EnDUx3bmyWc6D4szJNVGtaR7zc_mnfAHmddVibnZNSkh8DvKaQoiEfNsxjXzH_mtQheFaSfWELRB2MyMBaiWjdDm6ux9Ezns_3','XCP',92950000000,310001,2,NULL,NULL);
INSERT INTO balances VALUES('3_mn6q3dS2EnDUx3bmyWc6D4szJNVGtaR7zc_mnfAHmddVibnZNSkh8DvKaQoiEfNsxjXzH_mqPCfvqTfYctXMUfmniXeG2nyaN8w6tPmj_3','XCP',50000000,310001,2,NULL,NULL);
INSERT INTO balances VALUES('3_mn6q3dS2EnDUx3bmyWc6D4szJNVGtaR7zc_mnfAHmddVibnZNSkh8DvKaQoiEfNsxjXzH_mtQheFaSfWELRB2MyMBaiWjdDm6ux9Ezns_3','XCP',92845000000,310003,4,NULL,NULL);
INSERT INTO balances VALUES('3_mn6q3dS2EnDUx3bmyWc6D4szJNVGtaR7zc_mnfAHmddVibnZNSkh8DvKaQoiEfNsxjXzH_mtQheFaSfWELRB2MyMBaiWjdDm6ux9Ezns_3','XCP',92945000000,310004,5,NULL,NULL);
INSERT INTO balances VALUES('3_mn6q3dS2EnDUx3bmyWc6D4szJNVGtaR7zc_mnfAHmddVibnZNSkh8DvKaQoiEfNsxjXzH_mtQheFaSfWELRB2MyMBaiWjdDm6ux9Ezns_3','XCP',92895000000,310005,6,NULL,NULL);
INSERT INTO balances VALUES('3_mn6q3dS2EnDUx3bmyWc6D4szJNVGtaR7zc_mnfAHmddVibnZNSkh8DvKaQoiEfNsxjXzH_mtQheFaSfWELRB2MyMBaiWjdDm6ux9Ezns_3','BBBB',1000000000,310005,6,NULL,NULL);
INSERT INTO balances VALUES('3_mn6q3dS2EnDUx3bmyWc6D4szJNVGtaR7zc_mnfAHmddVibnZNSkh8DvKaQoiEfNsxjXzH_mtQheFaSfWELRB2MyMBaiWjdDm6ux9Ezns_3','XCP',92845000000,310006,7,NULL,NULL);
INSERT INTO balances VALUES('3_mn6q3dS2EnDUx3bmyWc6D4szJNVGtaR7zc_mnfAHmddVibnZNSkh8DvKaQoiEfNsxjXzH_mtQheFaSfWELRB2MyMBaiWjdDm6ux9Ezns_3','BBBC',100000,310006,7,NULL,NULL);
INSERT INTO balances VALUES('3_mn6q3dS2EnDUx3bmyWc6D4szJNVGtaR7zc_mnfAHmddVibnZNSkh8DvKaQoiEfNsxjXzH_mtQheFaSfWELRB2MyMBaiWjdDm6ux9Ezns_3','BBBB',996000000,310007,8,NULL,NULL);
INSERT INTO balances VALUES('3_mn6q3dS2EnDUx3bmyWc6D4szJNVGtaR7zc_mnfAHmddVibnZNSkh8DvKaQoiEfNsxjXzH_mqPCfvqTfYctXMUfmniXeG2nyaN8w6tPmj_3','BBBB',4000000,310007,8,NULL,NULL);
INSERT INTO balances VALUES('3_mn6q3dS2EnDUx3bmyWc6D4szJNVGtaR7zc_mnfAHmddVibnZNSkh8DvKaQoiEfNsxjXzH_mtQheFaSfWELRB2MyMBaiWjdDm6ux9Ezns_3','BBBC',99474,310008,9,NULL,NULL);
INSERT INTO balances VALUES('3_mn6q3dS2EnDUx3bmyWc6D4szJNVGtaR7zc_mnfAHmddVibnZNSkh8DvKaQoiEfNsxjXzH_mqPCfvqTfYctXMUfmniXeG2nyaN8w6tPmj_3','BBBC',526,310008,9,NULL,NULL);
INSERT INTO balances VALUES('3_mn6q3dS2EnDUx3bmyWc6D4szJNVGtaR7zc_mnfAHmddVibnZNSkh8DvKaQoiEfNsxjXzH_mtQheFaSfWELRB2MyMBaiWjdDm6ux9Ezns_3','XCP',92844999976,310009,10,NULL,NULL);
INSERT INTO balances VALUES('3_mn6q3dS2EnDUx3bmyWc6D4szJNVGtaR7zc_mnfAHmddVibnZNSkh8DvKaQoiEfNsxjXzH_mtQheFaSfWELRB2MyMBaiWjdDm6ux9Ezns_3','XCP',92844979976,310009,10,NULL,NULL);
INSERT INTO balances VALUES('3_mn6q3dS2EnDUx3bmyWc6D4szJNVGtaR7zc_mnfAHmddVibnZNSkh8DvKaQoiEfNsxjXzH_mqPCfvqTfYctXMUfmniXeG2nyaN8w6tPmj_3','XCP',50000024,310009,10,NULL,NULL);
INSERT INTO balances VALUES('3_mn6q3dS2EnDUx3bmyWc6D4szJNVGtaR7zc_mnfAHmddVibnZNSkh8DvKaQoiEfNsxjXzH_mtQheFaSfWELRB2MyMBaiWjdDm6ux9Ezns_3','XCP',92844559176,310010,11,NULL,NULL);
INSERT INTO balances VALUES('3_mn6q3dS2EnDUx3bmyWc6D4szJNVGtaR7zc_mnfAHmddVibnZNSkh8DvKaQoiEfNsxjXzH_mtQheFaSfWELRB2MyMBaiWjdDm6ux9Ezns_3','XCP',92844539176,310010,11,NULL,NULL);
INSERT INTO balances VALUES('3_mn6q3dS2EnDUx3bmyWc6D4szJNVGtaR7zc_mnfAHmddVibnZNSkh8DvKaQoiEfNsxjXzH_mqPCfvqTfYctXMUfmniXeG2nyaN8w6tPmj_3','XCP',50420824,310010,11,NULL,NULL);
INSERT INTO balances VALUES('3_mn6q3dS2EnDUx3bmyWc6D4szJNVGtaR7zc_mnfAHmddVibnZNSkh8DvKaQoiEfNsxjXzH_mtQheFaSfWELRB2MyMBaiWjdDm6ux9Ezns_3','XCP',92794539176,310012,13,NULL,NULL);
INSERT INTO balances VALUES('3_mn6q3dS2EnDUx3bmyWc6D4szJNVGtaR7zc_mnfAHmddVibnZNSkh8DvKaQoiEfNsxjXzH_mtQheFaSfWELRB2MyMBaiWjdDm6ux9Ezns_3','XCP',92769539176,310013,14,NULL,NULL);
INSERT INTO balances VALUES('3_mn6q3dS2EnDUx3bmyWc6D4szJNVGtaR7zc_mnfAHmddVibnZNSkh8DvKaQoiEfNsxjXzH_mtQheFaSfWELRB2MyMBaiWjdDm6ux9Ezns_3','XCP',92773789176,310013,14,NULL,NULL);
INSERT INTO balances VALUES('3_mn6q3dS2EnDUx3bmyWc6D4szJNVGtaR7zc_mnfAHmddVibnZNSkh8DvKaQoiEfNsxjXzH_mtQheFaSfWELRB2MyMBaiWjdDm6ux9Ezns_3','XCP',92778789176,310014,0,NULL,NULL);
INSERT INTO balances VALUES('3_mn6q3dS2EnDUx3bmyWc6D4szJNVGtaR7zc_mnfAHmddVibnZNSkh8DvKaQoiEfNsxjXzH_mtQheFaSfWELRB2MyMBaiWjdDm6ux9Ezns_3','XCP',92628789176,310014,15,NULL,NULL);
INSERT INTO balances VALUES('3_mn6q3dS2EnDUx3bmyWc6D4szJNVGtaR7zc_mnfAHmddVibnZNSkh8DvKaQoiEfNsxjXzH_mtQheFaSfWELRB2MyMBaiWjdDm6ux9Ezns_3','XCP',92278789176,310015,16,NULL,NULL);
INSERT INTO balances VALUES('3_mn6q3dS2EnDUx3bmyWc6D4szJNVGtaR7zc_mnfAHmddVibnZNSkh8DvKaQoiEfNsxjXzH_mtQheFaSfWELRB2MyMBaiWjdDm6ux9Ezns_3','XCP',92278789176,310015,16,NULL,NULL);
INSERT INTO balances VALUES('3_mn6q3dS2EnDUx3bmyWc6D4szJNVGtaR7zc_mnfAHmddVibnZNSkh8DvKaQoiEfNsxjXzH_mtQheFaSfWELRB2MyMBaiWjdDm6ux9Ezns_3','XCP',92278789176,310015,16,NULL,NULL);
INSERT INTO balances VALUES('3_mn6q3dS2EnDUx3bmyWc6D4szJNVGtaR7zc_mnfAHmddVibnZNSkh8DvKaQoiEfNsxjXzH_mtQheFaSfWELRB2MyMBaiWjdDm6ux9Ezns_3','XCP',91528789176,310016,17,NULL,NULL);
INSERT INTO balances VALUES('3_mn6q3dS2EnDUx3bmyWc6D4szJNVGtaR7zc_mnfAHmddVibnZNSkh8DvKaQoiEfNsxjXzH_mtQheFaSfWELRB2MyMBaiWjdDm6ux9Ezns_3','XCP',90878789176,310017,18,NULL,NULL);
INSERT INTO balances VALUES('3_mn6q3dS2EnDUx3bmyWc6D4szJNVGtaR7zc_mnfAHmddVibnZNSkh8DvKaQoiEfNsxjXzH_mtQheFaSfWELRB2MyMBaiWjdDm6ux9Ezns_3','XCP',90878789176,310017,18,NULL,NULL);
INSERT INTO balances VALUES('3_mn6q3dS2EnDUx3bmyWc6D4szJNVGtaR7zc_mnfAHmddVibnZNSkh8DvKaQoiEfNsxjXzH_mtQheFaSfWELRB2MyMBaiWjdDm6ux9Ezns_3','XCP',90878789176,310017,18,NULL,NULL);
INSERT INTO balances VALUES('3_mn6q3dS2EnDUx3bmyWc6D4szJNVGtaR7zc_mnfAHmddVibnZNSkh8DvKaQoiEfNsxjXzH_mtQheFaSfWELRB2MyMBaiWjdDm6ux9Ezns_3','XCP',90937926676,310018,19,NULL,NULL);
INSERT INTO balances VALUES('3_mn6q3dS2EnDUx3bmyWc6D4szJNVGtaR7zc_mnfAHmddVibnZNSkh8DvKaQoiEfNsxjXzH_mtQheFaSfWELRB2MyMBaiWjdDm6ux9Ezns_3','XCP',90941039176,310018,19,NULL,NULL);
INSERT INTO balances VALUES('3_mn6q3dS2EnDUx3bmyWc6D4szJNVGtaR7zc_mnfAHmddVibnZNSkh8DvKaQoiEfNsxjXzH_mtQheFaSfWELRB2MyMBaiWjdDm6ux9Ezns_3','XCP',91100339176,310019,20,NULL,NULL);
INSERT INTO balances VALUES('3_mn6q3dS2EnDUx3bmyWc6D4szJNVGtaR7zc_mnfAHmddVibnZNSkh8DvKaQoiEfNsxjXzH_mtQheFaSfWELRB2MyMBaiWjdDm6ux9Ezns_3','XCP',91416039176,310019,20,NULL,NULL);
INSERT INTO balances VALUES('3_mn6q3dS2EnDUx3bmyWc6D4szJNVGtaR7zc_mnfAHmddVibnZNSkh8DvKaQoiEfNsxjXzH_mtQheFaSfWELRB2MyMBaiWjdDm6ux9Ezns_3','XCP',91441039176,310019,20,NULL,NULL);
INSERT INTO balances VALUES('3_mn6q3dS2EnDUx3bmyWc6D4szJNVGtaR7zc_mnfAHmddVibnZNSkh8DvKaQoiEfNsxjXzH_mtQheFaSfWELRB2MyMBaiWjdDm6ux9Ezns_3','XCP',92771039176,310020,21,NULL,NULL);
INSERT INTO balances VALUES('3_mn6q3dS2EnDUx3bmyWc6D4szJNVGtaR7zc_mnfAHmddVibnZNSkh8DvKaQoiEfNsxjXzH_mtQheFaSfWELRB2MyMBaiWjdDm6ux9Ezns_3','XCP',92841039176,310020,21,NULL,NULL);
INSERT INTO balances VALUES('3_mn6q3dS2EnDUx3bmyWc6D4szJNVGtaR7zc_mnfAHmddVibnZNSkh8DvKaQoiEfNsxjXzH_mtQheFaSfWELRB2MyMBaiWjdDm6ux9Ezns_3','BBBB',946000000,310021,22,NULL,NULL);
INSERT INTO balances VALUES('3_mn6q3dS2EnDUx3bmyWc6D4szJNVGtaR7zc_mnfAHmddVibnZNSkh8DvKaQoiEfNsxjXzH_mtQheFaSfWELRB2MyMBaiWjdDm6ux9Ezns_3','XCP',149840926438,310022,23,NULL,NULL);
INSERT INTO balances VALUES('3_mn6q3dS2EnDUx3bmyWc6D4szJNVGtaR7zc_mnfAHmddVibnZNSkh8DvKaQoiEfNsxjXzH_mtQheFaSfWELRB2MyMBaiWjdDm6ux9Ezns_3','XCP',149849426438,310023,0,NULL,NULL);
INSERT INTO balances VALUES('3_mn6q3dS2EnDUx3bmyWc6D4szJNVGtaR7zc_mnfAHmddVibnZNSkh8DvKaQoiEfNsxjXzH_mtQheFaSfWELRB2MyMBaiWjdDm6ux9Ezns_3','BBBC',89474,310023,24,NULL,NULL);
INSERT INTO balances VALUES('3_mn6q3dS2EnDUx3bmyWc6D4szJNVGtaR7zc_mnfAHmddVibnZNSkh8DvKaQoiEfNsxjXzH_mqPCfvqTfYctXMUfmniXeG2nyaN8w6tPmj_3','BBBC',10526,310023,24,NULL,NULL);
INSERT INTO balances VALUES('3_mn6q3dS2EnDUx3bmyWc6D4szJNVGtaR7zc_mnfAHmddVibnZNSkh8DvKaQoiEfNsxjXzH_mtQheFaSfWELRB2MyMBaiWjdDm6ux9Ezns_3','BBBB',996000000,310032,0,NULL,NULL);
-- Triggers and indices on  balances
CREATE INDEX balances_address_asset_idx ON balances (address, asset)
        ;
CREATE INDEX balances_address_utxo_asset_idx ON balances (address, utxo, asset)
        ;
CREATE INDEX balances_asset_idx ON balances (asset)
        ;
CREATE INDEX balances_block_index_idx ON balances (block_index)
        ;
CREATE INDEX balances_quantity_idx ON balances (quantity)
        ;
CREATE INDEX balances_utxo_address_idx ON balances (utxo_address)
        ;
CREATE INDEX balances_utxo_asset_idx ON balances (utxo, asset)
        ;
CREATE TRIGGER block_update_balances
            BEFORE UPDATE ON balances BEGIN
                SELECT RAISE(FAIL, "UPDATES NOT ALLOWED");
            END;

COMMIT TRANSACTION;
PRAGMA page_size=4096;
-- PRAGMA encoding='UTF-8';
-- PRAGMA auto_vacuum=FULL;
-- PRAGMA max_page_count=4294967294;

BEGIN TRANSACTION;

-- Table  credits
DROP TABLE IF EXISTS credits;
CREATE TABLE credits(
                      block_index INTEGER,
                      address TEXT,
                      asset TEXT,
                      quantity INTEGER,
                      calling_function TEXT,
                      event TEXT, tx_index INTEGER, utxo TEXT, utxo_address TEXT,
                      FOREIGN KEY (block_index) REFERENCES blocks(block_index));
INSERT INTO credits VALUES(310000,'3_mn6q3dS2EnDUx3bmyWc6D4szJNVGtaR7zc_mnfAHmddVibnZNSkh8DvKaQoiEfNsxjXzH_mtQheFaSfWELRB2MyMBaiWjdDm6ux9Ezns_3','XCP',93000000000,'burn','c9ff1be2579378fad6d83ca87e6c91428b1eb8cfd1b0f341b3c7e452764404f5',1,NULL,NULL);
INSERT INTO credits VALUES(310001,'3_mn6q3dS2EnDUx3bmyWc6D4szJNVGtaR7zc_mnfAHmddVibnZNSkh8DvKaQoiEfNsxjXzH_mqPCfvqTfYctXMUfmniXeG2nyaN8w6tPmj_3','XCP',50000000,'send','8968369ff47b1f5f6959aa67aca82d1385f3763e1cac2180d8cf41b44a515a32',2,NULL,NULL);
INSERT INTO credits VALUES(310004,'3_mn6q3dS2EnDUx3bmyWc6D4szJNVGtaR7zc_mnfAHmddVibnZNSkh8DvKaQoiEfNsxjXzH_mtQheFaSfWELRB2MyMBaiWjdDm6ux9Ezns_3','XCP',100000000,'btcpay','06448effa4c26f1101b315b2dbe3d2b7b888ca18f5755f4365c97215a6c760ac',5,NULL,NULL);
INSERT INTO credits VALUES(310005,'3_mn6q3dS2EnDUx3bmyWc6D4szJNVGtaR7zc_mnfAHmddVibnZNSkh8DvKaQoiEfNsxjXzH_mtQheFaSfWELRB2MyMBaiWjdDm6ux9Ezns_3','BBBB',1000000000,'issuance','57b34dae586111eefeecae4d16f6d20d6447efa974b72931f7b2cd0f39890406',6,NULL,NULL);
INSERT INTO credits VALUES(310006,'3_mn6q3dS2EnDUx3bmyWc6D4szJNVGtaR7zc_mnfAHmddVibnZNSkh8DvKaQoiEfNsxjXzH_mtQheFaSfWELRB2MyMBaiWjdDm6ux9Ezns_3','BBBC',100000,'issuance','6163ab5e7282e43a2f07a146d28b4b45c55820ee541881bc98d2592f4e6ba975',7,NULL,NULL);
INSERT INTO credits VALUES(310007,'3_mn6q3dS2EnDUx3bmyWc6D4szJNVGtaR7zc_mnfAHmddVibnZNSkh8DvKaQoiEfNsxjXzH_mqPCfvqTfYctXMUfmniXeG2nyaN8w6tPmj_3','BBBB',4000000,'send','8972d4a117a0c4161ddf2bcdeb3877e0ad4cbf9cb5ce2be3411c69eedc9f718b',8,NULL,NULL);
INSERT INTO credits VALUES(310008,'3_mn6q3dS2EnDUx3bmyWc6D4szJNVGtaR7zc_mnfAHmddVibnZNSkh8DvKaQoiEfNsxjXzH_mqPCfvqTfYctXMUfmniXeG2nyaN8w6tPmj_3','BBBC',526,'send','3f49e685b22a7cd1a4d20bb7ca9a3f1ec4e593bc6e60c67037de2aab8b992391',9,NULL,NULL);
INSERT INTO credits VALUES(310009,'3_mn6q3dS2EnDUx3bmyWc6D4szJNVGtaR7zc_mnfAHmddVibnZNSkh8DvKaQoiEfNsxjXzH_mqPCfvqTfYctXMUfmniXeG2nyaN8w6tPmj_3','XCP',24,'dividend','6aa6c552e5a302b056768aed88aa8da6e9f78def669d5203904719e15ff1ac29',10,NULL,NULL);
INSERT INTO credits VALUES(310010,'3_mn6q3dS2EnDUx3bmyWc6D4szJNVGtaR7zc_mnfAHmddVibnZNSkh8DvKaQoiEfNsxjXzH_mqPCfvqTfYctXMUfmniXeG2nyaN8w6tPmj_3','XCP',420800,'dividend','8606cbcb3aaa438e207e9ef279191f6f100e34d479b1985268525e32a91c953e',11,NULL,NULL);
INSERT INTO credits VALUES(310013,'3_mn6q3dS2EnDUx3bmyWc6D4szJNVGtaR7zc_mnfAHmddVibnZNSkh8DvKaQoiEfNsxjXzH_mtQheFaSfWELRB2MyMBaiWjdDm6ux9Ezns_3','XCP',4250000,'filled','813e45480753e39c6ea548efd6b77f830120a41ac3b9bd37a4470b14e83301a3',14,NULL,NULL);
INSERT INTO credits VALUES(310014,'3_mn6q3dS2EnDUx3bmyWc6D4szJNVGtaR7zc_mnfAHmddVibnZNSkh8DvKaQoiEfNsxjXzH_mtQheFaSfWELRB2MyMBaiWjdDm6ux9Ezns_3','XCP',5000000,'cancel order','a2e93083b871e68cb89e216f9a99c4c6aea1eb92cbdbafc5b4b0e160c19c517e',0,NULL,NULL);
INSERT INTO credits VALUES(310015,'3_mn6q3dS2EnDUx3bmyWc6D4szJNVGtaR7zc_mnfAHmddVibnZNSkh8DvKaQoiEfNsxjXzH_mtQheFaSfWELRB2MyMBaiWjdDm6ux9Ezns_3','XCP',0,'filled','22375d61ad5cb70e45ca8843ccffa0abe11b028351352d5da874d246c834ab6f',16,NULL,NULL);
INSERT INTO credits VALUES(310015,'3_mn6q3dS2EnDUx3bmyWc6D4szJNVGtaR7zc_mnfAHmddVibnZNSkh8DvKaQoiEfNsxjXzH_mtQheFaSfWELRB2MyMBaiWjdDm6ux9Ezns_3','XCP',0,'filled','22375d61ad5cb70e45ca8843ccffa0abe11b028351352d5da874d246c834ab6f',16,NULL,NULL);
INSERT INTO credits VALUES(310017,'3_mn6q3dS2EnDUx3bmyWc6D4szJNVGtaR7zc_mnfAHmddVibnZNSkh8DvKaQoiEfNsxjXzH_mtQheFaSfWELRB2MyMBaiWjdDm6ux9Ezns_3','XCP',0,'filled','07d3cbac831b5edb261b1445071e307949d7825565b8d5c8cba1d720d5c7ab4a',18,NULL,NULL);
INSERT INTO credits VALUES(310017,'3_mn6q3dS2EnDUx3bmyWc6D4szJNVGtaR7zc_mnfAHmddVibnZNSkh8DvKaQoiEfNsxjXzH_mtQheFaSfWELRB2MyMBaiWjdDm6ux9Ezns_3','XCP',0,'filled','07d3cbac831b5edb261b1445071e307949d7825565b8d5c8cba1d720d5c7ab4a',18,NULL,NULL);
INSERT INTO credits VALUES(310018,'3_mn6q3dS2EnDUx3bmyWc6D4szJNVGtaR7zc_mnfAHmddVibnZNSkh8DvKaQoiEfNsxjXzH_mtQheFaSfWELRB2MyMBaiWjdDm6ux9Ezns_3','XCP',59137500,'bet settled: liquidated for bear','5a057227535fcb5aeaf56ec919321667cc45f4fa7d11bf940d22abaad909cd66',19,NULL,NULL);
INSERT INTO credits VALUES(310018,'3_mn6q3dS2EnDUx3bmyWc6D4szJNVGtaR7zc_mnfAHmddVibnZNSkh8DvKaQoiEfNsxjXzH_mtQheFaSfWELRB2MyMBaiWjdDm6ux9Ezns_3','XCP',3112500,'feed fee','5a057227535fcb5aeaf56ec919321667cc45f4fa7d11bf940d22abaad909cd66',19,NULL,NULL);
INSERT INTO credits VALUES(310019,'3_mn6q3dS2EnDUx3bmyWc6D4szJNVGtaR7zc_mnfAHmddVibnZNSkh8DvKaQoiEfNsxjXzH_mtQheFaSfWELRB2MyMBaiWjdDm6ux9Ezns_3','XCP',159300000,'bet settled','0baab7280b14d7d8597dc5f570682654fac0453b0b4c374d45cef3d21a7ceb17',20,NULL,NULL);
INSERT INTO credits VALUES(310019,'3_mn6q3dS2EnDUx3bmyWc6D4szJNVGtaR7zc_mnfAHmddVibnZNSkh8DvKaQoiEfNsxjXzH_mtQheFaSfWELRB2MyMBaiWjdDm6ux9Ezns_3','XCP',315700000,'bet settled','0baab7280b14d7d8597dc5f570682654fac0453b0b4c374d45cef3d21a7ceb17',20,NULL,NULL);
INSERT INTO credits VALUES(310019,'3_mn6q3dS2EnDUx3bmyWc6D4szJNVGtaR7zc_mnfAHmddVibnZNSkh8DvKaQoiEfNsxjXzH_mtQheFaSfWELRB2MyMBaiWjdDm6ux9Ezns_3','XCP',25000000,'feed fee','0baab7280b14d7d8597dc5f570682654fac0453b0b4c374d45cef3d21a7ceb17',20,NULL,NULL);
INSERT INTO credits VALUES(310020,'3_mn6q3dS2EnDUx3bmyWc6D4szJNVGtaR7zc_mnfAHmddVibnZNSkh8DvKaQoiEfNsxjXzH_mtQheFaSfWELRB2MyMBaiWjdDm6ux9Ezns_3','XCP',1330000000,'bet settled: for notequal','2b39f99114417cb4857c8c2c671b4bc3bc8b3e52865daa91a49ea6d9bdfb6402',21,NULL,NULL);
INSERT INTO credits VALUES(310020,'3_mn6q3dS2EnDUx3bmyWc6D4szJNVGtaR7zc_mnfAHmddVibnZNSkh8DvKaQoiEfNsxjXzH_mtQheFaSfWELRB2MyMBaiWjdDm6ux9Ezns_3','XCP',70000000,'feed fee','2b39f99114417cb4857c8c2c671b4bc3bc8b3e52865daa91a49ea6d9bdfb6402',21,NULL,NULL);
INSERT INTO credits VALUES(310022,'3_mn6q3dS2EnDUx3bmyWc6D4szJNVGtaR7zc_mnfAHmddVibnZNSkh8DvKaQoiEfNsxjXzH_mtQheFaSfWELRB2MyMBaiWjdDm6ux9Ezns_3','XCP',56999887262,'burn','3739350ed4c86474468cb1fed825b1ef141304d638b298867d0b2ae58c509c22',23,NULL,NULL);
INSERT INTO credits VALUES(310023,'3_mn6q3dS2EnDUx3bmyWc6D4szJNVGtaR7zc_mnfAHmddVibnZNSkh8DvKaQoiEfNsxjXzH_mtQheFaSfWELRB2MyMBaiWjdDm6ux9Ezns_3','XCP',8500000,'recredit wager remaining','5c49e06f8ddf9cc0f83541550664bb00075a2f01df493278097066462497af16',0,NULL,NULL);
INSERT INTO credits VALUES(310023,'3_mn6q3dS2EnDUx3bmyWc6D4szJNVGtaR7zc_mnfAHmddVibnZNSkh8DvKaQoiEfNsxjXzH_mqPCfvqTfYctXMUfmniXeG2nyaN8w6tPmj_3','BBBC',10000,'send','72bd448eb70da9b7554d3b58a1e89356171578c847763af014b25c99e70cbb58',24,NULL,NULL);
INSERT INTO credits VALUES(310032,'3_mn6q3dS2EnDUx3bmyWc6D4szJNVGtaR7zc_mnfAHmddVibnZNSkh8DvKaQoiEfNsxjXzH_mtQheFaSfWELRB2MyMBaiWjdDm6ux9Ezns_3','BBBB',50000000,'cancel order','19c6fe5cbf0be99ff3d469077e866e0f9fdc56901824b7fec89b0b523526e323',0,NULL,NULL);
-- Triggers and indices on  credits
CREATE TRIGGER block_update_credits
            BEFORE UPDATE ON credits BEGIN
                SELECT RAISE(FAIL, "UPDATES NOT ALLOWED");
            END;
CREATE INDEX credits_address_idx ON credits (address)
        ;
CREATE INDEX credits_asset_idx ON credits (asset)
        ;
CREATE INDEX credits_block_index_idx ON credits (block_index)
        ;
CREATE INDEX credits_calling_function_idx ON credits (calling_function)
        ;
CREATE INDEX credits_event_idx ON credits (event)
        ;
CREATE INDEX credits_quantity_idx ON credits (quantity)
        ;
CREATE INDEX credits_utxo_address_idx ON credits (utxo_address)
        ;
CREATE INDEX credits_utxo_idx ON credits (utxo)
        ;

COMMIT TRANSACTION;
PRAGMA page_size=4096;
-- PRAGMA encoding='UTF-8';
-- PRAGMA auto_vacuum=FULL;
-- PRAGMA max_page_count=4294967294;

BEGIN TRANSACTION;

-- Table  debits
DROP TABLE IF EXISTS debits;
CREATE TABLE debits(
                      block_index INTEGER,
                      address TEXT,
                      asset TEXT,
                      quantity INTEGER,
                      action TEXT,
                      event TEXT, tx_index INTEGER, utxo TEXT, utxo_address TEXT,
                      FOREIGN KEY (block_index) REFERENCES blocks(block_index));
INSERT INTO debits VALUES(310001,'3_mn6q3dS2EnDUx3bmyWc6D4szJNVGtaR7zc_mnfAHmddVibnZNSkh8DvKaQoiEfNsxjXzH_mtQheFaSfWELRB2MyMBaiWjdDm6ux9Ezns_3','XCP',50000000,'send','8968369ff47b1f5f6959aa67aca82d1385f3763e1cac2180d8cf41b44a515a32',2,NULL,NULL);
INSERT INTO debits VALUES(310003,'3_mn6q3dS2EnDUx3bmyWc6D4szJNVGtaR7zc_mnfAHmddVibnZNSkh8DvKaQoiEfNsxjXzH_mtQheFaSfWELRB2MyMBaiWjdDm6ux9Ezns_3','XCP',105000000,'open order','a2e93083b871e68cb89e216f9a99c4c6aea1eb92cbdbafc5b4b0e160c19c517e',4,NULL,NULL);
INSERT INTO debits VALUES(310005,'3_mn6q3dS2EnDUx3bmyWc6D4szJNVGtaR7zc_mnfAHmddVibnZNSkh8DvKaQoiEfNsxjXzH_mtQheFaSfWELRB2MyMBaiWjdDm6ux9Ezns_3','XCP',50000000,'issuance fee','57b34dae586111eefeecae4d16f6d20d6447efa974b72931f7b2cd0f39890406',6,NULL,NULL);
INSERT INTO debits VALUES(310006,'3_mn6q3dS2EnDUx3bmyWc6D4szJNVGtaR7zc_mnfAHmddVibnZNSkh8DvKaQoiEfNsxjXzH_mtQheFaSfWELRB2MyMBaiWjdDm6ux9Ezns_3','XCP',50000000,'issuance fee','6163ab5e7282e43a2f07a146d28b4b45c55820ee541881bc98d2592f4e6ba975',7,NULL,NULL);
INSERT INTO debits VALUES(310007,'3_mn6q3dS2EnDUx3bmyWc6D4szJNVGtaR7zc_mnfAHmddVibnZNSkh8DvKaQoiEfNsxjXzH_mtQheFaSfWELRB2MyMBaiWjdDm6ux9Ezns_3','BBBB',4000000,'send','8972d4a117a0c4161ddf2bcdeb3877e0ad4cbf9cb5ce2be3411c69eedc9f718b',8,NULL,NULL);
INSERT INTO debits VALUES(310008,'3_mn6q3dS2EnDUx3bmyWc6D4szJNVGtaR7zc_mnfAHmddVibnZNSkh8DvKaQoiEfNsxjXzH_mtQheFaSfWELRB2MyMBaiWjdDm6ux9Ezns_3','BBBC',526,'send','3f49e685b22a7cd1a4d20bb7ca9a3f1ec4e593bc6e60c67037de2aab8b992391',9,NULL,NULL);
INSERT INTO debits VALUES(310009,'3_mn6q3dS2EnDUx3bmyWc6D4szJNVGtaR7zc_mnfAHmddVibnZNSkh8DvKaQoiEfNsxjXzH_mtQheFaSfWELRB2MyMBaiWjdDm6ux9Ezns_3','XCP',24,'dividend','6aa6c552e5a302b056768aed88aa8da6e9f78def669d5203904719e15ff1ac29',10,NULL,NULL);
INSERT INTO debits VALUES(310009,'3_mn6q3dS2EnDUx3bmyWc6D4szJNVGtaR7zc_mnfAHmddVibnZNSkh8DvKaQoiEfNsxjXzH_mtQheFaSfWELRB2MyMBaiWjdDm6ux9Ezns_3','XCP',20000,'dividend fee','6aa6c552e5a302b056768aed88aa8da6e9f78def669d5203904719e15ff1ac29',10,NULL,NULL);
INSERT INTO debits VALUES(310010,'3_mn6q3dS2EnDUx3bmyWc6D4szJNVGtaR7zc_mnfAHmddVibnZNSkh8DvKaQoiEfNsxjXzH_mtQheFaSfWELRB2MyMBaiWjdDm6ux9Ezns_3','XCP',420800,'dividend','8606cbcb3aaa438e207e9ef279191f6f100e34d479b1985268525e32a91c953e',11,NULL,NULL);
INSERT INTO debits VALUES(310010,'3_mn6q3dS2EnDUx3bmyWc6D4szJNVGtaR7zc_mnfAHmddVibnZNSkh8DvKaQoiEfNsxjXzH_mtQheFaSfWELRB2MyMBaiWjdDm6ux9Ezns_3','XCP',20000,'dividend fee','8606cbcb3aaa438e207e9ef279191f6f100e34d479b1985268525e32a91c953e',11,NULL,NULL);
INSERT INTO debits VALUES(310012,'3_mn6q3dS2EnDUx3bmyWc6D4szJNVGtaR7zc_mnfAHmddVibnZNSkh8DvKaQoiEfNsxjXzH_mtQheFaSfWELRB2MyMBaiWjdDm6ux9Ezns_3','XCP',50000000,'bet','5c49e06f8ddf9cc0f83541550664bb00075a2f01df493278097066462497af16',13,NULL,NULL);
INSERT INTO debits VALUES(310013,'3_mn6q3dS2EnDUx3bmyWc6D4szJNVGtaR7zc_mnfAHmddVibnZNSkh8DvKaQoiEfNsxjXzH_mtQheFaSfWELRB2MyMBaiWjdDm6ux9Ezns_3','XCP',25000000,'bet','813e45480753e39c6ea548efd6b77f830120a41ac3b9bd37a4470b14e83301a3',14,NULL,NULL);
INSERT INTO debits VALUES(310014,'3_mn6q3dS2EnDUx3bmyWc6D4szJNVGtaR7zc_mnfAHmddVibnZNSkh8DvKaQoiEfNsxjXzH_mtQheFaSfWELRB2MyMBaiWjdDm6ux9Ezns_3','XCP',150000000,'bet','33fdca6b108f99ffb56d590f55f9d19c7d16fe83c096b9fbbf71eabeda826a41',15,NULL,NULL);
INSERT INTO debits VALUES(310015,'3_mn6q3dS2EnDUx3bmyWc6D4szJNVGtaR7zc_mnfAHmddVibnZNSkh8DvKaQoiEfNsxjXzH_mtQheFaSfWELRB2MyMBaiWjdDm6ux9Ezns_3','XCP',350000000,'bet','22375d61ad5cb70e45ca8843ccffa0abe11b028351352d5da874d246c834ab6f',16,NULL,NULL);
INSERT INTO debits VALUES(310016,'3_mn6q3dS2EnDUx3bmyWc6D4szJNVGtaR7zc_mnfAHmddVibnZNSkh8DvKaQoiEfNsxjXzH_mtQheFaSfWELRB2MyMBaiWjdDm6ux9Ezns_3','XCP',750000000,'bet','5e0cd8d81531e656dc3a4ae4b7edfd1bec48e455ed0bd69a4a3c22c0c08bbede',17,NULL,NULL);
INSERT INTO debits VALUES(310017,'3_mn6q3dS2EnDUx3bmyWc6D4szJNVGtaR7zc_mnfAHmddVibnZNSkh8DvKaQoiEfNsxjXzH_mtQheFaSfWELRB2MyMBaiWjdDm6ux9Ezns_3','XCP',650000000,'bet','07d3cbac831b5edb261b1445071e307949d7825565b8d5c8cba1d720d5c7ab4a',18,NULL,NULL);
INSERT INTO debits VALUES(310021,'3_mn6q3dS2EnDUx3bmyWc6D4szJNVGtaR7zc_mnfAHmddVibnZNSkh8DvKaQoiEfNsxjXzH_mtQheFaSfWELRB2MyMBaiWjdDm6ux9Ezns_3','BBBB',50000000,'open order','19c6fe5cbf0be99ff3d469077e866e0f9fdc56901824b7fec89b0b523526e323',22,NULL,NULL);
INSERT INTO debits VALUES(310023,'3_mn6q3dS2EnDUx3bmyWc6D4szJNVGtaR7zc_mnfAHmddVibnZNSkh8DvKaQoiEfNsxjXzH_mtQheFaSfWELRB2MyMBaiWjdDm6ux9Ezns_3','BBBC',10000,'send','72bd448eb70da9b7554d3b58a1e89356171578c847763af014b25c99e70cbb58',24,NULL,NULL);
-- Triggers and indices on  debits
CREATE TRIGGER block_update_debits
            BEFORE UPDATE ON debits BEGIN
                SELECT RAISE(FAIL, "UPDATES NOT ALLOWED");
            END;
CREATE INDEX debits_action_idx ON debits (action)
        ;
CREATE INDEX debits_address_idx ON debits (address)
        ;
CREATE INDEX debits_asset_idx ON debits (asset)
        ;
CREATE INDEX debits_block_index_idx ON debits (block_index)
        ;
CREATE INDEX debits_event_idx ON debits (event)
        ;
CREATE INDEX debits_quantity_idx ON debits (quantity)
        ;
CREATE INDEX debits_utxo_address_idx ON debits (utxo_address)
        ;
CREATE INDEX debits_utxo_idx ON debits (utxo)
        ;

COMMIT TRANSACTION;
PRAGMA page_size=4096;
-- PRAGMA encoding='UTF-8';
-- PRAGMA auto_vacuum=FULL;
-- PRAGMA max_page_count=4294967294;

BEGIN TRANSACTION;

-- Table  messages
DROP TABLE IF EXISTS messages;
CREATE TABLE messages(
                      message_index INTEGER PRIMARY KEY,
                      block_index INTEGER,
                      command TEXT,
                      category TEXT,
                      bindings TEXT,
                      timestamp INTEGER,
                      event TEXT,
                      tx_hash TEXT,
                      event_hash TEXT);
INSERT INTO messages VALUES(0,309999,'insert','blocks','{"block_hash":"8b3bef249cb3b0fa23a4936c1249b6bd41daeadc848c8d2e409ea1cbc10adfe7","block_index":309999,"block_time":309999000,"difficulty":null,"ledger_hash":null,"previous_block_hash":null,"txlist_hash":null}',0,'NEW_BLOCK',NULL,'965f19c821dfa5b0ce29c0b99a18a7d2b1c5f70439e4d44627b946c5ac479db9');
INSERT INTO messages VALUES(1,309999,'parse','blocks','{"block_index":309999,"ledger_hash":"63f0fef31d02da85fa779e9a0e1b585b1a6a4e59e14564249e288e074e91c223","messages_hash":"63f0fef31d02da85fa779e9a0e1b585b1a6a4e59e14564249e288e074e91c223","transaction_count":0,"txlist_hash":"63f0fef31d02da85fa779e9a0e1b585b1a6a4e59e14564249e288e074e91c223"}',0,'BLOCK_PARSED',NULL,'640080d2cb6d2e2a1c1d99da104f34aa7632774837b4090fb36fadb2a306d2a0');
INSERT INTO messages VALUES(2,310000,'insert','blocks','{"block_hash":"505d8d82c4ced7daddef7ed0b05ba12ecc664176887b938ef56c6af276f3b30c","block_index":310000,"block_time":310000000,"difficulty":null,"ledger_hash":null,"previous_block_hash":null,"txlist_hash":null}',0,'NEW_BLOCK',NULL,'4e92402478a1ae3c97bae88f2b0dc960fc81385c88cd9b273ca0b74a0993c1b5');
INSERT INTO messages VALUES(3,310000,'insert','transactions','{"block_hash":"505d8d82c4ced7daddef7ed0b05ba12ecc664176887b938ef56c6af276f3b30c","block_index":310000,"block_time":310000000,"btc_amount":62000000,"data":"","destination":"mvCounterpartyXXXXXXXXXXXXXXW24Hef","fee":5625,"source":"3_mn6q3dS2EnDUx3bmyWc6D4szJNVGtaR7zc_mnfAHmddVibnZNSkh8DvKaQoiEfNsxjXzH_mtQheFaSfWELRB2MyMBaiWjdDm6ux9Ezns_3","supported":true,"tx_hash":"c9ff1be2579378fad6d83ca87e6c91428b1eb8cfd1b0f341b3c7e452764404f5","tx_index":1,"utxos_info":" 2d81a3468670b6532dcbc5d7e41697ff15aca083d5e3780778e2f6cba4d7c856:0 2 "}',0,'NEW_TRANSACTION',NULL,'0fcf936267a6bdeb9edda74c33396a6aa09e3d07c416b7f039b304e2123049d2');
INSERT INTO messages VALUES(4,310000,'insert','credits','{"address":"3_mn6q3dS2EnDUx3bmyWc6D4szJNVGtaR7zc_mnfAHmddVibnZNSkh8DvKaQoiEfNsxjXzH_mtQheFaSfWELRB2MyMBaiWjdDm6ux9Ezns_3","asset":"XCP","block_index":310000,"calling_function":"burn","event":"c9ff1be2579378fad6d83ca87e6c91428b1eb8cfd1b0f341b3c7e452764404f5","quantity":93000000000,"tx_index":1,"utxo":null,"utxo_address":null}',0,'CREDIT','c9ff1be2579378fad6d83ca87e6c91428b1eb8cfd1b0f341b3c7e452764404f5','d9bb60d44e1097eeda825dfb016dc0ae41b1ffef2c92b8f88954ac6d0cec365f');
INSERT INTO messages VALUES(5,310000,'insert','burns','{"block_index":310000,"burned":62000000,"earned":93000000000,"source":"3_mn6q3dS2EnDUx3bmyWc6D4szJNVGtaR7zc_mnfAHmddVibnZNSkh8DvKaQoiEfNsxjXzH_mtQheFaSfWELRB2MyMBaiWjdDm6ux9Ezns_3","status":"valid","tx_hash":"c9ff1be2579378fad6d83ca87e6c91428b1eb8cfd1b0f341b3c7e452764404f5","tx_index":1}',0,'BURN','c9ff1be2579378fad6d83ca87e6c91428b1eb8cfd1b0f341b3c7e452764404f5','9e6aa91ab4bb41488728971f572cb04ea3528c6587782478ca2548adc8cca4e0');
INSERT INTO messages VALUES(6,310000,'parse','transactions','{"supported":true,"tx_hash":"c9ff1be2579378fad6d83ca87e6c91428b1eb8cfd1b0f341b3c7e452764404f5","tx_index":1}',0,'TRANSACTION_PARSED','c9ff1be2579378fad6d83ca87e6c91428b1eb8cfd1b0f341b3c7e452764404f5','00a126f1085b3add433aaa369353aa3fd470e06466e83b3a783b8557ada0aa2d');
INSERT INTO messages VALUES(7,310000,'parse','blocks','{"block_index":310000,"ledger_hash":"09fa44ed277cd9e448baf3d4a2accc520d57c77fed0d97379ba9bb804e3dda71","messages_hash":"2c5b6bc9e6c49fe33a5f608251c2c70d6a134ea0dc7d4c5aa58b36b16d494efc","transaction_count":1,"txlist_hash":"7d9cd23062d78e9eb1a892f69b154410935e9675ede8e05fe9c1269cd3c54b12"}',0,'BLOCK_PARSED',NULL,'6871de342e8f180330a73e813928af7570775ff4a5e8c8c9d45ee187b45fce72');
INSERT INTO messages VALUES(8,310001,'insert','blocks','{"block_hash":"3c9f6a9c6cac46a9273bd3db39ad775acd5bc546378ec2fb0587e06e112cc78e","block_index":310001,"block_time":310001000,"difficulty":null,"ledger_hash":null,"previous_block_hash":null,"txlist_hash":null}',0,'NEW_BLOCK',NULL,'914d99fb736e0c66745dd3e50bc09e39fa81ba5a26bae4a1de571f81e525f8c5');
INSERT INTO messages VALUES(9,310001,'insert','transactions','{"block_hash":"3c9f6a9c6cac46a9273bd3db39ad775acd5bc546378ec2fb0587e06e112cc78e","block_index":310001,"block_time":310001000,"btc_amount":1000,"data":"0000000000000000000000010000000002faf080","destination":"3_mn6q3dS2EnDUx3bmyWc6D4szJNVGtaR7zc_mnfAHmddVibnZNSkh8DvKaQoiEfNsxjXzH_mqPCfvqTfYctXMUfmniXeG2nyaN8w6tPmj_3","fee":7650,"source":"3_mn6q3dS2EnDUx3bmyWc6D4szJNVGtaR7zc_mnfAHmddVibnZNSkh8DvKaQoiEfNsxjXzH_mtQheFaSfWELRB2MyMBaiWjdDm6ux9Ezns_3","supported":true,"tx_hash":"8968369ff47b1f5f6959aa67aca82d1385f3763e1cac2180d8cf41b44a515a32","tx_index":2,"utxos_info":" 6ec80f30ffb172559eb7d1af7ed17f317a4128ca3525dbdb86d1bfacc818a5e1:0 3 "}',0,'NEW_TRANSACTION',NULL,'0c4d7d23a38e309c3511e1b3b50c2ed17dbb0d4f42bfc9fe60065b152d6d2e8d');
INSERT INTO messages VALUES(10,310001,'insert','debits','{"action":"send","address":"3_mn6q3dS2EnDUx3bmyWc6D4szJNVGtaR7zc_mnfAHmddVibnZNSkh8DvKaQoiEfNsxjXzH_mtQheFaSfWELRB2MyMBaiWjdDm6ux9Ezns_3","asset":"XCP","block_index":310001,"event":"8968369ff47b1f5f6959aa67aca82d1385f3763e1cac2180d8cf41b44a515a32","quantity":50000000,"tx_index":2,"utxo":null,"utxo_address":null}',0,'DEBIT','8968369ff47b1f5f6959aa67aca82d1385f3763e1cac2180d8cf41b44a515a32','0f002acd5f7932e0e3e3c9351c869b7bf7d155fdefed112485ae0321ac8c2dcc');
INSERT INTO messages VALUES(11,310001,'insert','credits','{"address":"3_mn6q3dS2EnDUx3bmyWc6D4szJNVGtaR7zc_mnfAHmddVibnZNSkh8DvKaQoiEfNsxjXzH_mqPCfvqTfYctXMUfmniXeG2nyaN8w6tPmj_3","asset":"XCP","block_index":310001,"calling_function":"send","event":"8968369ff47b1f5f6959aa67aca82d1385f3763e1cac2180d8cf41b44a515a32","quantity":50000000,"tx_index":2,"utxo":null,"utxo_address":null}',0,'CREDIT','8968369ff47b1f5f6959aa67aca82d1385f3763e1cac2180d8cf41b44a515a32','71271bc299cfe0d2e8b11e1cf1daa4bd1ac08f707446133af078a06742168fc7');
INSERT INTO messages VALUES(12,310001,'insert','sends','{"asset":"XCP","block_index":310001,"destination":"3_mn6q3dS2EnDUx3bmyWc6D4szJNVGtaR7zc_mnfAHmddVibnZNSkh8DvKaQoiEfNsxjXzH_mqPCfvqTfYctXMUfmniXeG2nyaN8w6tPmj_3","msg_index":0,"quantity":50000000,"send_type":"send","source":"3_mn6q3dS2EnDUx3bmyWc6D4szJNVGtaR7zc_mnfAHmddVibnZNSkh8DvKaQoiEfNsxjXzH_mtQheFaSfWELRB2MyMBaiWjdDm6ux9Ezns_3","status":"valid","tx_hash":"8968369ff47b1f5f6959aa67aca82d1385f3763e1cac2180d8cf41b44a515a32","tx_index":2}',0,'SEND','8968369ff47b1f5f6959aa67aca82d1385f3763e1cac2180d8cf41b44a515a32','a4c62ca4939c692efc1662f6ed55564c8b3a11b06d3e45cff9b9fe116a067139');
INSERT INTO messages VALUES(13,310001,'parse','transactions','{"supported":true,"tx_hash":"8968369ff47b1f5f6959aa67aca82d1385f3763e1cac2180d8cf41b44a515a32","tx_index":2}',0,'TRANSACTION_PARSED','8968369ff47b1f5f6959aa67aca82d1385f3763e1cac2180d8cf41b44a515a32','d10694e128947847c16cd75c991a4da47e07d8e31fcb8347b7dc62f013a3b038');
INSERT INTO messages VALUES(14,310001,'parse','blocks','{"block_index":310001,"ledger_hash":"b2237a0b0b29b2198355f47d38cb995e013c0e074c29dcbf1b99ed4c0f459c8d","messages_hash":"c1565dd0f427c1cbdd05d0d86539103408f582cae19c0c669cc98d79de87ec1d","transaction_count":1,"txlist_hash":"adddb3e1b9020e7ef190f661823c79abbc5951801b15469ad9f483c512af002a"}',0,'BLOCK_PARSED',NULL,'9fc3870a7289cba3a2c6f6c7023e419edca67843417471809070c8431da06c21');
INSERT INTO messages VALUES(15,310002,'insert','blocks','{"block_hash":"fbb60f1144e1f7d4dc036a4a158a10ea6dea2ba6283a723342a49b8eb5cc9964","block_index":310002,"block_time":310002000,"difficulty":null,"ledger_hash":null,"previous_block_hash":null,"txlist_hash":null}',0,'NEW_BLOCK',NULL,'3b145107f41a3f4a386d875a18b9efb531b384cac1bbbf329487c9b4a75b6590');
INSERT INTO messages VALUES(16,310002,'insert','transactions','{"block_hash":"fbb60f1144e1f7d4dc036a4a158a10ea6dea2ba6283a723342a49b8eb5cc9964","block_index":310002,"block_time":310002000,"btc_amount":0,"data":"0000000a00000000000000000000000002faf08000000000000000010000000005f5e100000a0000000000000000","destination":"","fee":1000000,"source":"3_mn6q3dS2EnDUx3bmyWc6D4szJNVGtaR7zc_mnfAHmddVibnZNSkh8DvKaQoiEfNsxjXzH_mtQheFaSfWELRB2MyMBaiWjdDm6ux9Ezns_3","supported":true,"tx_hash":"1385519ca199f1b39bb89caac062fe3a342f18e393d301d7a56c150a8ab84093","tx_index":3,"utxos_info":" 70047c0e0eabacdc2f575666720317b02d31d0fb0c0dd12ff8399c9997b80671:0 2 "}',0,'NEW_TRANSACTION',NULL,'df4c0e0176abb4bbe8ce06246cf4b4ffb17ebd402e4e5d4ab4ab20b1f528bdf1');
INSERT INTO messages VALUES(17,310002,'insert','orders','{"block_index":310002,"expiration":10,"expire_index":310012,"fee_provided":1000000,"fee_provided_remaining":1000000,"fee_required":0,"fee_required_remaining":0,"get_asset":"XCP","get_quantity":100000000,"get_remaining":100000000,"give_asset":"BTC","give_quantity":50000000,"give_remaining":50000000,"source":"3_mn6q3dS2EnDUx3bmyWc6D4szJNVGtaR7zc_mnfAHmddVibnZNSkh8DvKaQoiEfNsxjXzH_mtQheFaSfWELRB2MyMBaiWjdDm6ux9Ezns_3","status":"open","tx_hash":"1385519ca199f1b39bb89caac062fe3a342f18e393d301d7a56c150a8ab84093","tx_index":3}',0,'OPEN_ORDER','1385519ca199f1b39bb89caac062fe3a342f18e393d301d7a56c150a8ab84093','f8e7fc6eaf2dfffa7ffb7634bcbff37eb5b30913fc8fc06e8752d5f63644ed7b');
INSERT INTO messages VALUES(18,310002,'parse','transactions','{"supported":true,"tx_hash":"1385519ca199f1b39bb89caac062fe3a342f18e393d301d7a56c150a8ab84093","tx_index":3}',0,'TRANSACTION_PARSED','1385519ca199f1b39bb89caac062fe3a342f18e393d301d7a56c150a8ab84093','7c581af52882dfa39a297007a74bcb0649b2dcc1e125f6bf5e10af1cd6035b9c');
INSERT INTO messages VALUES(19,310002,'parse','blocks','{"block_index":310002,"ledger_hash":"a3c393a285361d2981551f0a903d45847e7a0142779692d384bc77bac420db18","messages_hash":"2af8809626d9bafbdee803d8035f76b90633985da5d4949327076dedd7c8f238","transaction_count":1,"txlist_hash":"6fddb621bb8a1e2d10cf0ec8f507ada12be28578223ee53997aad614097bb35e"}',0,'BLOCK_PARSED',NULL,'5b268a2058736fd26515d588d83027080d6c48363db8ed0338cd7828d7383b95');
INSERT INTO messages VALUES(20,310003,'insert','blocks','{"block_hash":"d50825dcb32bcf6f69994d616eba18de7718d3d859497e80751b2cb67e333e8a","block_index":310003,"block_time":310003000,"difficulty":null,"ledger_hash":null,"previous_block_hash":null,"txlist_hash":null}',0,'NEW_BLOCK',NULL,'57a79dff4157cf58d677bb7cd613443f338ef045465a654175c36f689e63b019');
INSERT INTO messages VALUES(21,310003,'insert','transactions','{"block_hash":"d50825dcb32bcf6f69994d616eba18de7718d3d859497e80751b2cb67e333e8a","block_index":310003,"block_time":310003000,"btc_amount":0,"data":"0000000a00000000000000010000000006422c4000000000000000000000000002faf080000a00000000000dbba0","destination":"","fee":6800,"source":"3_mn6q3dS2EnDUx3bmyWc6D4szJNVGtaR7zc_mnfAHmddVibnZNSkh8DvKaQoiEfNsxjXzH_mtQheFaSfWELRB2MyMBaiWjdDm6ux9Ezns_3","supported":true,"tx_hash":"a2e93083b871e68cb89e216f9a99c4c6aea1eb92cbdbafc5b4b0e160c19c517e","tx_index":4,"utxos_info":" cb9968e5706e6aa44a68604e6aed6701eeb63316ab175efc0fa5fa8a080561a4:0 2 "}',0,'NEW_TRANSACTION',NULL,'52373e8e6a6f8cfc18c79b2f60b93b6d252749dfaca9584af1105dde809d4cfb');
INSERT INTO messages VALUES(22,310003,'insert','debits','{"action":"open order","address":"3_mn6q3dS2EnDUx3bmyWc6D4szJNVGtaR7zc_mnfAHmddVibnZNSkh8DvKaQoiEfNsxjXzH_mtQheFaSfWELRB2MyMBaiWjdDm6ux9Ezns_3","asset":"XCP","block_index":310003,"event":"a2e93083b871e68cb89e216f9a99c4c6aea1eb92cbdbafc5b4b0e160c19c517e","quantity":105000000,"tx_index":4,"utxo":null,"utxo_address":null}',0,'DEBIT','a2e93083b871e68cb89e216f9a99c4c6aea1eb92cbdbafc5b4b0e160c19c517e','dc2715b4cdfc34416196a95443cc1a354ea65b0ca277ee24cd536e859b9605be');
INSERT INTO messages VALUES(23,310003,'insert','orders','{"block_index":310003,"expiration":10,"expire_index":310013,"fee_provided":6800,"fee_provided_remaining":6800,"fee_required":900000,"fee_required_remaining":900000,"get_asset":"BTC","get_quantity":50000000,"get_remaining":50000000,"give_asset":"XCP","give_quantity":105000000,"give_remaining":105000000,"source":"3_mn6q3dS2EnDUx3bmyWc6D4szJNVGtaR7zc_mnfAHmddVibnZNSkh8DvKaQoiEfNsxjXzH_mtQheFaSfWELRB2MyMBaiWjdDm6ux9Ezns_3","status":"open","tx_hash":"a2e93083b871e68cb89e216f9a99c4c6aea1eb92cbdbafc5b4b0e160c19c517e","tx_index":4}',0,'OPEN_ORDER','a2e93083b871e68cb89e216f9a99c4c6aea1eb92cbdbafc5b4b0e160c19c517e','f0b318562075eda9d2b85b50af6d33cd8bd85d893f82fc28f0612f9c80b39b59');
INSERT INTO messages VALUES(24,310003,'update','orders','{"fee_provided_remaining":142858,"fee_required_remaining":0,"get_remaining":0,"give_remaining":0,"status":"open","tx_hash":"1385519ca199f1b39bb89caac062fe3a342f18e393d301d7a56c150a8ab84093"}',0,'ORDER_UPDATE','a2e93083b871e68cb89e216f9a99c4c6aea1eb92cbdbafc5b4b0e160c19c517e','42d828e46c9b87ac143f46ecd6611bb6440e8b2a8ab98ab0765e10d5a06a1f86');
INSERT INTO messages VALUES(25,310003,'update','orders','{"fee_provided_remaining":6800,"fee_required_remaining":42858,"get_remaining":0,"give_remaining":5000000,"status":"open","tx_hash":"a2e93083b871e68cb89e216f9a99c4c6aea1eb92cbdbafc5b4b0e160c19c517e"}',0,'ORDER_UPDATE','a2e93083b871e68cb89e216f9a99c4c6aea1eb92cbdbafc5b4b0e160c19c517e','596aad1abac067ae488deb35190bcdcb5705245fc60d3d0211805938f6a245e7');
INSERT INTO messages VALUES(26,310003,'insert','order_matches','{"backward_asset":"XCP","backward_quantity":100000000,"block_index":310003,"fee_paid":857142,"forward_asset":"BTC","forward_quantity":50000000,"id":"1385519ca199f1b39bb89caac062fe3a342f18e393d301d7a56c150a8ab84093_a2e93083b871e68cb89e216f9a99c4c6aea1eb92cbdbafc5b4b0e160c19c517e","match_expire_index":310023,"status":"pending","tx0_address":"3_mn6q3dS2EnDUx3bmyWc6D4szJNVGtaR7zc_mnfAHmddVibnZNSkh8DvKaQoiEfNsxjXzH_mtQheFaSfWELRB2MyMBaiWjdDm6ux9Ezns_3","tx0_block_index":310002,"tx0_expiration":10,"tx0_hash":"1385519ca199f1b39bb89caac062fe3a342f18e393d301d7a56c150a8ab84093","tx0_index":3,"tx1_address":"3_mn6q3dS2EnDUx3bmyWc6D4szJNVGtaR7zc_mnfAHmddVibnZNSkh8DvKaQoiEfNsxjXzH_mtQheFaSfWELRB2MyMBaiWjdDm6ux9Ezns_3","tx1_block_index":310003,"tx1_expiration":10,"tx1_hash":"a2e93083b871e68cb89e216f9a99c4c6aea1eb92cbdbafc5b4b0e160c19c517e","tx1_index":4}',0,'ORDER_MATCH','a2e93083b871e68cb89e216f9a99c4c6aea1eb92cbdbafc5b4b0e160c19c517e','afaba321426ac6020271a1e839591f874a7269048bf20689d036b524034b6f89');
INSERT INTO messages VALUES(27,310003,'parse','transactions','{"supported":true,"tx_hash":"a2e93083b871e68cb89e216f9a99c4c6aea1eb92cbdbafc5b4b0e160c19c517e","tx_index":4}',0,'TRANSACTION_PARSED','a2e93083b871e68cb89e216f9a99c4c6aea1eb92cbdbafc5b4b0e160c19c517e','63cc7d795c6e5e3e0515656ae973a1603052538172d143004fc0793f4cf5875c');
INSERT INTO messages VALUES(28,310003,'parse','blocks','{"block_index":310003,"ledger_hash":"f96ba90a471ab5524a574cc4ff72a228a8dc7019824482a664569dcb41c126c7","messages_hash":"7ab2bb94aaaf45cb9860a7673b4a9b9e7436adf0c326f96af018f833833d77f9","transaction_count":1,"txlist_hash":"d6756ca2a0f2a403b0a1714964ddb71bc773e0a18c049008f78670efb7137e18"}',0,'BLOCK_PARSED',NULL,'2ecc72a3a68879bb1766329ae53ce0f147e4061be94ea3acee9eae1ac260ecab');
INSERT INTO messages VALUES(29,310004,'insert','blocks','{"block_hash":"60cdc0ac0e3121ceaa2c3885f21f5789f49992ffef6e6ff99f7da80e36744615","block_index":310004,"block_time":310004000,"difficulty":null,"ledger_hash":null,"previous_block_hash":null,"txlist_hash":null}',0,'NEW_BLOCK',NULL,'5a21bc3003d052f1886e83d3aaee06ac7ee6f69b86dae7a4222decf75143c262');
INSERT INTO messages VALUES(30,310004,'insert','transactions','{"block_hash":"60cdc0ac0e3121ceaa2c3885f21f5789f49992ffef6e6ff99f7da80e36744615","block_index":310004,"block_time":310004000,"btc_amount":50000000,"data":"0000000b1385519ca199f1b39bb89caac062fe3a342f18e393d301d7a56c150a8ab84093a2e93083b871e68cb89e216f9a99c4c6aea1eb92cbdbafc5b4b0e160c19c517e","destination":"3_mn6q3dS2EnDUx3bmyWc6D4szJNVGtaR7zc_mnfAHmddVibnZNSkh8DvKaQoiEfNsxjXzH_mtQheFaSfWELRB2MyMBaiWjdDm6ux9Ezns_3","fee":9675,"source":"3_mn6q3dS2EnDUx3bmyWc6D4szJNVGtaR7zc_mnfAHmddVibnZNSkh8DvKaQoiEfNsxjXzH_mtQheFaSfWELRB2MyMBaiWjdDm6ux9Ezns_3","supported":true,"tx_hash":"06448effa4c26f1101b315b2dbe3d2b7b888ca18f5755f4365c97215a6c760ac","tx_index":5,"utxos_info":" 836b1d6d96f5b1d0c93cca1e36df45a881c8e240bd43d3d690056eb2480a6f56:0 4 "}',0,'NEW_TRANSACTION',NULL,'9e078295ce8b89f8b48e2ef5d99a9c8db1a31c027e7bdc97f3ad37a599a8070b');
INSERT INTO messages VALUES(31,310004,'insert','credits','{"address":"3_mn6q3dS2EnDUx3bmyWc6D4szJNVGtaR7zc_mnfAHmddVibnZNSkh8DvKaQoiEfNsxjXzH_mtQheFaSfWELRB2MyMBaiWjdDm6ux9Ezns_3","asset":"XCP","block_index":310004,"calling_function":"btcpay","event":"06448effa4c26f1101b315b2dbe3d2b7b888ca18f5755f4365c97215a6c760ac","quantity":100000000,"tx_index":5,"utxo":null,"utxo_address":null}',0,'CREDIT','06448effa4c26f1101b315b2dbe3d2b7b888ca18f5755f4365c97215a6c760ac','a714426a0fd1d083589e07bcba1707ebe38409667c545cdfa0c3f7a868615c1d');
INSERT INTO messages VALUES(32,310004,'update','order_matches','{"id":"1385519ca199f1b39bb89caac062fe3a342f18e393d301d7a56c150a8ab84093_a2e93083b871e68cb89e216f9a99c4c6aea1eb92cbdbafc5b4b0e160c19c517e","order_match_id":"1385519ca199f1b39bb89caac062fe3a342f18e393d301d7a56c150a8ab84093_a2e93083b871e68cb89e216f9a99c4c6aea1eb92cbdbafc5b4b0e160c19c517e","status":"completed"}',0,'ORDER_MATCH_UPDATE','06448effa4c26f1101b315b2dbe3d2b7b888ca18f5755f4365c97215a6c760ac','fef6e9799da6eb9812aa79a56514afe2e80926c85b0dac655c546fb171108df1');
INSERT INTO messages VALUES(33,310004,'insert','btcpays','{"block_index":310004,"btc_amount":50000000,"destination":"3_mn6q3dS2EnDUx3bmyWc6D4szJNVGtaR7zc_mnfAHmddVibnZNSkh8DvKaQoiEfNsxjXzH_mtQheFaSfWELRB2MyMBaiWjdDm6ux9Ezns_3","order_match_id":"1385519ca199f1b39bb89caac062fe3a342f18e393d301d7a56c150a8ab84093_a2e93083b871e68cb89e216f9a99c4c6aea1eb92cbdbafc5b4b0e160c19c517e","source":"3_mn6q3dS2EnDUx3bmyWc6D4szJNVGtaR7zc_mnfAHmddVibnZNSkh8DvKaQoiEfNsxjXzH_mtQheFaSfWELRB2MyMBaiWjdDm6ux9Ezns_3","status":"valid","tx_hash":"06448effa4c26f1101b315b2dbe3d2b7b888ca18f5755f4365c97215a6c760ac","tx_index":5}',0,'BTC_PAY','06448effa4c26f1101b315b2dbe3d2b7b888ca18f5755f4365c97215a6c760ac','f5090e1424a24b921b9683a7f83b8997bbaf38dd97057175fd8d79654f5e6d20');
INSERT INTO messages VALUES(34,310004,'parse','transactions','{"supported":true,"tx_hash":"06448effa4c26f1101b315b2dbe3d2b7b888ca18f5755f4365c97215a6c760ac","tx_index":5}',0,'TRANSACTION_PARSED','06448effa4c26f1101b315b2dbe3d2b7b888ca18f5755f4365c97215a6c760ac','0bf81c3dd7daf33f9a892e9ae4ddc62ab8e0167ed3ad9abb3a5b06fcb9220803');
INSERT INTO messages VALUES(35,310004,'parse','blocks','{"block_index":310004,"ledger_hash":"943a23e317f71981b24d636cae98f495b2bb00c949b1603a778eb7500894c844","messages_hash":"2ac7ece79e2143421b6566831c3e44a4a1dc2ad6b6c279b21f12e78f23728c1c","transaction_count":1,"txlist_hash":"be04682401f137d4d02c7539d1c776bbc76263dea1bb88fc95197128ec1a700f"}',0,'BLOCK_PARSED',NULL,'a4d2ddcb898d58576a72deff058c31146476565524be2b2665a6712a66574e36');
INSERT INTO messages VALUES(36,310005,'insert','blocks','{"block_hash":"8005c2926b7ecc50376642bc661a49108b6dc62636463a5c492b123e2184cd9a","block_index":310005,"block_time":310005000,"difficulty":null,"ledger_hash":null,"previous_block_hash":null,"txlist_hash":null}',0,'NEW_BLOCK',NULL,'524a8243dd6ad5894bdd8af8eb36dbb0c397277777eb0e47e43435fb44d4cd59');
INSERT INTO messages VALUES(37,310005,'insert','transactions','{"block_hash":"8005c2926b7ecc50376642bc661a49108b6dc62636463a5c492b123e2184cd9a","block_index":310005,"block_time":310005000,"btc_amount":0,"data":"000000140000000000004767000000003b9aca000100000000000000000000","destination":"","fee":6800,"source":"3_mn6q3dS2EnDUx3bmyWc6D4szJNVGtaR7zc_mnfAHmddVibnZNSkh8DvKaQoiEfNsxjXzH_mtQheFaSfWELRB2MyMBaiWjdDm6ux9Ezns_3","supported":true,"tx_hash":"57b34dae586111eefeecae4d16f6d20d6447efa974b72931f7b2cd0f39890406","tx_index":6,"utxos_info":" b5a95d7d655cb40e81800c2006891e40b1e0db52eb074d8bc6bc6eadee0cc255:0 2 "}',0,'NEW_TRANSACTION',NULL,'7b9ea1876d20284a9a71e963969016bbf914df8356b64730f359e73b29325f54');
INSERT INTO messages VALUES(38,310005,'insert','debits','{"action":"issuance fee","address":"3_mn6q3dS2EnDUx3bmyWc6D4szJNVGtaR7zc_mnfAHmddVibnZNSkh8DvKaQoiEfNsxjXzH_mtQheFaSfWELRB2MyMBaiWjdDm6ux9Ezns_3","asset":"XCP","block_index":310005,"event":"57b34dae586111eefeecae4d16f6d20d6447efa974b72931f7b2cd0f39890406","quantity":50000000,"tx_index":6,"utxo":null,"utxo_address":null}',0,'DEBIT','57b34dae586111eefeecae4d16f6d20d6447efa974b72931f7b2cd0f39890406','19888aee0beb5d2225a68555cb9f0a716be2f79eb555b51db82aff2459808daa');
INSERT INTO messages VALUES(39,310005,'insert','assets','{"asset_id":"18279","asset_longname":null,"asset_name":"BBBB","block_index":310005}',0,'ASSET_CREATION','57b34dae586111eefeecae4d16f6d20d6447efa974b72931f7b2cd0f39890406','8eceab5b37c6e11c1258f1d9437520b2ed1f04b5a3d31be3c1e9b6ff57c0494e');
INSERT INTO messages VALUES(40,310005,'insert','issuances','{"asset":"BBBB","asset_events":"creation","asset_longname":null,"block_index":310005,"call_date":0,"call_price":0.0,"callable":false,"description":"","description_locked":false,"divisible":true,"fee_paid":50000000,"issuer":"3_mn6q3dS2EnDUx3bmyWc6D4szJNVGtaR7zc_mnfAHmddVibnZNSkh8DvKaQoiEfNsxjXzH_mtQheFaSfWELRB2MyMBaiWjdDm6ux9Ezns_3","locked":false,"quantity":1000000000,"reset":false,"source":"3_mn6q3dS2EnDUx3bmyWc6D4szJNVGtaR7zc_mnfAHmddVibnZNSkh8DvKaQoiEfNsxjXzH_mtQheFaSfWELRB2MyMBaiWjdDm6ux9Ezns_3","status":"valid","transfer":false,"tx_hash":"57b34dae586111eefeecae4d16f6d20d6447efa974b72931f7b2cd0f39890406","tx_index":6}',0,'ASSET_ISSUANCE','57b34dae586111eefeecae4d16f6d20d6447efa974b72931f7b2cd0f39890406','646bade7dbb6341e51568cb3b866dad65e8c8c1db32b3fff3a2609ef93357e05');
INSERT INTO messages VALUES(41,310005,'insert','credits','{"address":"3_mn6q3dS2EnDUx3bmyWc6D4szJNVGtaR7zc_mnfAHmddVibnZNSkh8DvKaQoiEfNsxjXzH_mtQheFaSfWELRB2MyMBaiWjdDm6ux9Ezns_3","asset":"BBBB","block_index":310005,"calling_function":"issuance","event":"57b34dae586111eefeecae4d16f6d20d6447efa974b72931f7b2cd0f39890406","quantity":1000000000,"tx_index":6,"utxo":null,"utxo_address":null}',0,'CREDIT','57b34dae586111eefeecae4d16f6d20d6447efa974b72931f7b2cd0f39890406','148d4ed82c913537c2f0d060f5fa14ca60034cdcd3557155f2eb448ab3c2b41a');
INSERT INTO messages VALUES(42,310005,'parse','transactions','{"supported":true,"tx_hash":"57b34dae586111eefeecae4d16f6d20d6447efa974b72931f7b2cd0f39890406","tx_index":6}',0,'TRANSACTION_PARSED','57b34dae586111eefeecae4d16f6d20d6447efa974b72931f7b2cd0f39890406','ef22aa0ce9adb77dee8e229a9801cd25804bae1420decc01d2401768a2b151be');
INSERT INTO messages VALUES(43,310005,'parse','blocks','{"block_index":310005,"ledger_hash":"0c5f3dd2d439a571eec03583442fb051bedf5bc0b0ede92012922b27847af2a1","messages_hash":"373ca8fbd86b4ede613406280412bda2422c18c45fae236392d140d7b99e37ed","transaction_count":1,"txlist_hash":"03c8d26098b8e49a297c104f22af44a622378afa711195bd8b91d46f01d68d65"}',0,'BLOCK_PARSED',NULL,'f65932fdc03cb5da9f0ebbed928c03db115ca42218837cf36adaa7bdefa917fa');
INSERT INTO messages VALUES(44,310006,'insert','blocks','{"block_hash":"bdad69d1669eace68b9f246de113161099d4f83322e2acf402c42defef3af2bb","block_index":310006,"block_time":310006000,"difficulty":null,"ledger_hash":null,"previous_block_hash":null,"txlist_hash":null}',0,'NEW_BLOCK',NULL,'7b0012677eb3a8a9f212a0a728fb461bed0cc33c43148196ee84e68c14bba60e');
INSERT INTO messages VALUES(45,310006,'insert','transactions','{"block_hash":"bdad69d1669eace68b9f246de113161099d4f83322e2acf402c42defef3af2bb","block_index":310006,"block_time":310006000,"btc_amount":0,"data":"00000014000000000000476800000000000186a00000000000000000000006666f6f626172","destination":"","fee":6800,"source":"3_mn6q3dS2EnDUx3bmyWc6D4szJNVGtaR7zc_mnfAHmddVibnZNSkh8DvKaQoiEfNsxjXzH_mtQheFaSfWELRB2MyMBaiWjdDm6ux9Ezns_3","supported":true,"tx_hash":"6163ab5e7282e43a2f07a146d28b4b45c55820ee541881bc98d2592f4e6ba975","tx_index":7,"utxos_info":" d5e0055606dccdcfbb5a605326bf35341ff6fe56c7fedb31fb17fe0cdc39d905:0 2 "}',0,'NEW_TRANSACTION',NULL,'583dcc52f8315614df34c5e78389eb0cbbb3869b8fd3ee5c871acb9bca9ba0ef');
INSERT INTO messages VALUES(46,310006,'insert','debits','{"action":"issuance fee","address":"3_mn6q3dS2EnDUx3bmyWc6D4szJNVGtaR7zc_mnfAHmddVibnZNSkh8DvKaQoiEfNsxjXzH_mtQheFaSfWELRB2MyMBaiWjdDm6ux9Ezns_3","asset":"XCP","block_index":310006,"event":"6163ab5e7282e43a2f07a146d28b4b45c55820ee541881bc98d2592f4e6ba975","quantity":50000000,"tx_index":7,"utxo":null,"utxo_address":null}',0,'DEBIT','6163ab5e7282e43a2f07a146d28b4b45c55820ee541881bc98d2592f4e6ba975','b82c668667f200174ef5e21ae6cd110f145fcd4dad194bc52913deb0d00c9a80');
INSERT INTO messages VALUES(47,310006,'insert','assets','{"asset_id":"18280","asset_longname":null,"asset_name":"BBBC","block_index":310006}',0,'ASSET_CREATION','6163ab5e7282e43a2f07a146d28b4b45c55820ee541881bc98d2592f4e6ba975','0b9b69bffe48e8b002a94fa812be3ceaa01a252d46a2d4df67caaca7dc269fe7');
INSERT INTO messages VALUES(48,310006,'insert','issuances','{"asset":"BBBC","asset_events":"creation","asset_longname":null,"block_index":310006,"call_date":0,"call_price":0.0,"callable":false,"description":"foobar","description_locked":false,"divisible":false,"fee_paid":50000000,"issuer":"3_mn6q3dS2EnDUx3bmyWc6D4szJNVGtaR7zc_mnfAHmddVibnZNSkh8DvKaQoiEfNsxjXzH_mtQheFaSfWELRB2MyMBaiWjdDm6ux9Ezns_3","locked":false,"quantity":100000,"reset":false,"source":"3_mn6q3dS2EnDUx3bmyWc6D4szJNVGtaR7zc_mnfAHmddVibnZNSkh8DvKaQoiEfNsxjXzH_mtQheFaSfWELRB2MyMBaiWjdDm6ux9Ezns_3","status":"valid","transfer":false,"tx_hash":"6163ab5e7282e43a2f07a146d28b4b45c55820ee541881bc98d2592f4e6ba975","tx_index":7}',0,'ASSET_ISSUANCE','6163ab5e7282e43a2f07a146d28b4b45c55820ee541881bc98d2592f4e6ba975','b4f5b64a016cd24865d11574ae6a5da6dc887a38b9e1a34927941d205496a32b');
INSERT INTO messages VALUES(49,310006,'insert','credits','{"address":"3_mn6q3dS2EnDUx3bmyWc6D4szJNVGtaR7zc_mnfAHmddVibnZNSkh8DvKaQoiEfNsxjXzH_mtQheFaSfWELRB2MyMBaiWjdDm6ux9Ezns_3","asset":"BBBC","block_index":310006,"calling_function":"issuance","event":"6163ab5e7282e43a2f07a146d28b4b45c55820ee541881bc98d2592f4e6ba975","quantity":100000,"tx_index":7,"utxo":null,"utxo_address":null}',0,'CREDIT','6163ab5e7282e43a2f07a146d28b4b45c55820ee541881bc98d2592f4e6ba975','80f6f47305a91f4972afd49d778ea6a1e5016c7051d01f1762ebdf478e32b643');
INSERT INTO messages VALUES(50,310006,'parse','transactions','{"supported":true,"tx_hash":"6163ab5e7282e43a2f07a146d28b4b45c55820ee541881bc98d2592f4e6ba975","tx_index":7}',0,'TRANSACTION_PARSED','6163ab5e7282e43a2f07a146d28b4b45c55820ee541881bc98d2592f4e6ba975','515b2debca0b1c0909b3499788ad2dd02e7c0602a6ddfda1a2ed0d2582327caa');
INSERT INTO messages VALUES(51,310006,'parse','blocks','{"block_index":310006,"ledger_hash":"377fe894d79d60b011958ed747908b6009c5e0261fa177caefc664cb8db4c74b","messages_hash":"ecf47a2ad9319cbe502de203ba26615f08f59fe705460adfb8c50abddc99116c","transaction_count":1,"txlist_hash":"079ec7423e2fe87820626aee8980e236a78e7d51b453a739fb5768d9d520bef6"}',0,'BLOCK_PARSED',NULL,'6ee348af60ddf3a641e8b0e34b73bbc4f5732bbaf868d347438d93bd27783344');
INSERT INTO messages VALUES(52,310007,'insert','blocks','{"block_hash":"10a642b96d60091d08234d17dfdecf3025eca41e4fc8e3bbe71a91c5a457cb4b","block_index":310007,"block_time":310007000,"difficulty":null,"ledger_hash":null,"previous_block_hash":null,"txlist_hash":null}',0,'NEW_BLOCK',NULL,'a2681e3889fe1359e182920f7e1e0558d27f850f3c7e6c770708125e5c71e3d8');
INSERT INTO messages VALUES(53,310007,'insert','transactions','{"block_hash":"10a642b96d60091d08234d17dfdecf3025eca41e4fc8e3bbe71a91c5a457cb4b","block_index":310007,"block_time":310007000,"btc_amount":1000,"data":"00000000000000000000476700000000003d0900","destination":"3_mn6q3dS2EnDUx3bmyWc6D4szJNVGtaR7zc_mnfAHmddVibnZNSkh8DvKaQoiEfNsxjXzH_mqPCfvqTfYctXMUfmniXeG2nyaN8w6tPmj_3","fee":7650,"source":"3_mn6q3dS2EnDUx3bmyWc6D4szJNVGtaR7zc_mnfAHmddVibnZNSkh8DvKaQoiEfNsxjXzH_mtQheFaSfWELRB2MyMBaiWjdDm6ux9Ezns_3","supported":true,"tx_hash":"8972d4a117a0c4161ddf2bcdeb3877e0ad4cbf9cb5ce2be3411c69eedc9f718b","tx_index":8,"utxos_info":" 00d442dc4662614c34b1627d2d88b504afe410cedf903547fa0776f7645afa90:0 3 "}',0,'NEW_TRANSACTION',NULL,'936793189f6fc8664b4421c9941b9a20223c0de46911b7ff4988b07313fcf757');
INSERT INTO messages VALUES(54,310007,'insert','debits','{"action":"send","address":"3_mn6q3dS2EnDUx3bmyWc6D4szJNVGtaR7zc_mnfAHmddVibnZNSkh8DvKaQoiEfNsxjXzH_mtQheFaSfWELRB2MyMBaiWjdDm6ux9Ezns_3","asset":"BBBB","block_index":310007,"event":"8972d4a117a0c4161ddf2bcdeb3877e0ad4cbf9cb5ce2be3411c69eedc9f718b","quantity":4000000,"tx_index":8,"utxo":null,"utxo_address":null}',0,'DEBIT','8972d4a117a0c4161ddf2bcdeb3877e0ad4cbf9cb5ce2be3411c69eedc9f718b','cc713623e3e8e5cf0c347423186d77d94fd71d3737e6053f831fa665c6b1ce81');
INSERT INTO messages VALUES(55,310007,'insert','credits','{"address":"3_mn6q3dS2EnDUx3bmyWc6D4szJNVGtaR7zc_mnfAHmddVibnZNSkh8DvKaQoiEfNsxjXzH_mqPCfvqTfYctXMUfmniXeG2nyaN8w6tPmj_3","asset":"BBBB","block_index":310007,"calling_function":"send","event":"8972d4a117a0c4161ddf2bcdeb3877e0ad4cbf9cb5ce2be3411c69eedc9f718b","quantity":4000000,"tx_index":8,"utxo":null,"utxo_address":null}',0,'CREDIT','8972d4a117a0c4161ddf2bcdeb3877e0ad4cbf9cb5ce2be3411c69eedc9f718b','1c8ff8eb8a279032ad2c27fb1cfa1c99419f653e678c61082e555e62b265feee');
INSERT INTO messages VALUES(56,310007,'insert','sends','{"asset":"BBBB","block_index":310007,"destination":"3_mn6q3dS2EnDUx3bmyWc6D4szJNVGtaR7zc_mnfAHmddVibnZNSkh8DvKaQoiEfNsxjXzH_mqPCfvqTfYctXMUfmniXeG2nyaN8w6tPmj_3","msg_index":0,"quantity":4000000,"send_type":"send","source":"3_mn6q3dS2EnDUx3bmyWc6D4szJNVGtaR7zc_mnfAHmddVibnZNSkh8DvKaQoiEfNsxjXzH_mtQheFaSfWELRB2MyMBaiWjdDm6ux9Ezns_3","status":"valid","tx_hash":"8972d4a117a0c4161ddf2bcdeb3877e0ad4cbf9cb5ce2be3411c69eedc9f718b","tx_index":8}',0,'SEND','8972d4a117a0c4161ddf2bcdeb3877e0ad4cbf9cb5ce2be3411c69eedc9f718b','1ee5ef9ed641747987930bc8cd622c49b0876fd8a00c3a5e29abfe2451ed6fe1');
INSERT INTO messages VALUES(57,310007,'parse','transactions','{"supported":true,"tx_hash":"8972d4a117a0c4161ddf2bcdeb3877e0ad4cbf9cb5ce2be3411c69eedc9f718b","tx_index":8}',0,'TRANSACTION_PARSED','8972d4a117a0c4161ddf2bcdeb3877e0ad4cbf9cb5ce2be3411c69eedc9f718b','e0a2257a471e6403bb68c7c9f5c5f96755f9b0b81d7c8ee613ae1a1f083be1cc');
INSERT INTO messages VALUES(58,310007,'parse','blocks','{"block_index":310007,"ledger_hash":"4be55eb54e78e829306dfa31248b3073d311f49da420d9844f9aedabfbd296e3","messages_hash":"c2b2944aeaae7eaddfd7d0cac88bb6e0d9df770d242df7066f7e02ece51efe1b","transaction_count":1,"txlist_hash":"d57db7ce89eeea61f270e7c676b38d3574c52166322cb0e287f1857a7d085e5a"}',0,'BLOCK_PARSED',NULL,'671eefb59a4e25552b5973e7d3ce6af75d3b958ad990220b85194453d6bac129');
INSERT INTO messages VALUES(59,310008,'insert','blocks','{"block_hash":"47d0e3acbdc6916aeae95e987f9cfa16209b3df1e67bb38143b3422b32322c33","block_index":310008,"block_time":310008000,"difficulty":null,"ledger_hash":null,"previous_block_hash":null,"txlist_hash":null}',0,'NEW_BLOCK',NULL,'aa39430d43b7f483e046de6d231267fbc701785d910ab97a3132ffdae9a457f0');
INSERT INTO messages VALUES(60,310008,'insert','transactions','{"block_hash":"47d0e3acbdc6916aeae95e987f9cfa16209b3df1e67bb38143b3422b32322c33","block_index":310008,"block_time":310008000,"btc_amount":1000,"data":"000000000000000000004768000000000000020e","destination":"3_mn6q3dS2EnDUx3bmyWc6D4szJNVGtaR7zc_mnfAHmddVibnZNSkh8DvKaQoiEfNsxjXzH_mqPCfvqTfYctXMUfmniXeG2nyaN8w6tPmj_3","fee":7650,"source":"3_mn6q3dS2EnDUx3bmyWc6D4szJNVGtaR7zc_mnfAHmddVibnZNSkh8DvKaQoiEfNsxjXzH_mtQheFaSfWELRB2MyMBaiWjdDm6ux9Ezns_3","supported":true,"tx_hash":"3f49e685b22a7cd1a4d20bb7ca9a3f1ec4e593bc6e60c67037de2aab8b992391","tx_index":9,"utxos_info":" e1fc13f6ea93f3984c4ad70bfe66968407b6e926ca8433d153e3347c505d3cd6:0 3 "}',0,'NEW_TRANSACTION',NULL,'9def64693064482362349e1213842c0b85cd6fd1c5f80aa6738c4ef273c19636');
INSERT INTO messages VALUES(61,310008,'insert','debits','{"action":"send","address":"3_mn6q3dS2EnDUx3bmyWc6D4szJNVGtaR7zc_mnfAHmddVibnZNSkh8DvKaQoiEfNsxjXzH_mtQheFaSfWELRB2MyMBaiWjdDm6ux9Ezns_3","asset":"BBBC","block_index":310008,"event":"3f49e685b22a7cd1a4d20bb7ca9a3f1ec4e593bc6e60c67037de2aab8b992391","quantity":526,"tx_index":9,"utxo":null,"utxo_address":null}',0,'DEBIT','3f49e685b22a7cd1a4d20bb7ca9a3f1ec4e593bc6e60c67037de2aab8b992391','31b567774f38b7c393cc71a1133eb337ef3f2afcdaf50a20c64a5851c5b2f9df');
INSERT INTO messages VALUES(62,310008,'insert','credits','{"address":"3_mn6q3dS2EnDUx3bmyWc6D4szJNVGtaR7zc_mnfAHmddVibnZNSkh8DvKaQoiEfNsxjXzH_mqPCfvqTfYctXMUfmniXeG2nyaN8w6tPmj_3","asset":"BBBC","block_index":310008,"calling_function":"send","event":"3f49e685b22a7cd1a4d20bb7ca9a3f1ec4e593bc6e60c67037de2aab8b992391","quantity":526,"tx_index":9,"utxo":null,"utxo_address":null}',0,'CREDIT','3f49e685b22a7cd1a4d20bb7ca9a3f1ec4e593bc6e60c67037de2aab8b992391','552f979da35ab102b499c1e8c1628aad7bc519c2bcd3de2872d032d14c717b36');
INSERT INTO messages VALUES(63,310008,'insert','sends','{"asset":"BBBC","block_index":310008,"destination":"3_mn6q3dS2EnDUx3bmyWc6D4szJNVGtaR7zc_mnfAHmddVibnZNSkh8DvKaQoiEfNsxjXzH_mqPCfvqTfYctXMUfmniXeG2nyaN8w6tPmj_3","msg_index":0,"quantity":526,"send_type":"send","source":"3_mn6q3dS2EnDUx3bmyWc6D4szJNVGtaR7zc_mnfAHmddVibnZNSkh8DvKaQoiEfNsxjXzH_mtQheFaSfWELRB2MyMBaiWjdDm6ux9Ezns_3","status":"valid","tx_hash":"3f49e685b22a7cd1a4d20bb7ca9a3f1ec4e593bc6e60c67037de2aab8b992391","tx_index":9}',0,'SEND','3f49e685b22a7cd1a4d20bb7ca9a3f1ec4e593bc6e60c67037de2aab8b992391','3e7af68731dbf0e6c1a8f2e591ea58b49ae7b2d943a516716f22c4dcf12bebf9');
INSERT INTO messages VALUES(64,310008,'parse','transactions','{"supported":true,"tx_hash":"3f49e685b22a7cd1a4d20bb7ca9a3f1ec4e593bc6e60c67037de2aab8b992391","tx_index":9}',0,'TRANSACTION_PARSED','3f49e685b22a7cd1a4d20bb7ca9a3f1ec4e593bc6e60c67037de2aab8b992391','ece4bfc29ac5aa27df3c79bf96f0db6eb8f369b795972b559398ff00670b9c97');
INSERT INTO messages VALUES(65,310008,'parse','blocks','{"block_index":310008,"ledger_hash":"1248da848479b90f9dada38eaa02b9fe1226859e6ed1e3c4a121172786178dea","messages_hash":"14e2eca26c147d9d79c3ee75b79dd64927b0ab1776d1a2ee018b9503742b2fd5","transaction_count":1,"txlist_hash":"8727f3f9af7958daaecda9f2cef1bad0303d631cf9f8418636cf130581e4bb79"}',0,'BLOCK_PARSED',NULL,'52c2ca92aa3e340df4fd626b41bd560322bb9ddf55684657fac0ffda21fcce70');
INSERT INTO messages VALUES(66,310009,'insert','blocks','{"block_hash":"4d474992b141620bf3753863db7ee5e8af26cadfbba27725911f44fa657bc1c0","block_index":310009,"block_time":310009000,"difficulty":null,"ledger_hash":null,"previous_block_hash":null,"txlist_hash":null}',0,'NEW_BLOCK',NULL,'fa8111336cd6f319ab92edb095c12f04f5f3773da3034151b47136c2aec33bd1');
INSERT INTO messages VALUES(67,310009,'insert','transactions','{"block_hash":"4d474992b141620bf3753863db7ee5e8af26cadfbba27725911f44fa657bc1c0","block_index":310009,"block_time":310009000,"btc_amount":0,"data":"00000032000000000000025800000000000047670000000000000001","destination":"","fee":6800,"source":"3_mn6q3dS2EnDUx3bmyWc6D4szJNVGtaR7zc_mnfAHmddVibnZNSkh8DvKaQoiEfNsxjXzH_mtQheFaSfWELRB2MyMBaiWjdDm6ux9Ezns_3","supported":true,"tx_hash":"6aa6c552e5a302b056768aed88aa8da6e9f78def669d5203904719e15ff1ac29","tx_index":10,"utxos_info":" 72576f13d48e27ecee32624b00990b0f161c782a80abb4f57b4da1f5a517c2f2:0 2 "}',0,'NEW_TRANSACTION',NULL,'99c0728cfbdf8f56d02a7114190c765ed81394455dca30b4b262f42aba4f2b7d');
INSERT INTO messages VALUES(68,310009,'insert','debits','{"action":"dividend","address":"3_mn6q3dS2EnDUx3bmyWc6D4szJNVGtaR7zc_mnfAHmddVibnZNSkh8DvKaQoiEfNsxjXzH_mtQheFaSfWELRB2MyMBaiWjdDm6ux9Ezns_3","asset":"XCP","block_index":310009,"event":"6aa6c552e5a302b056768aed88aa8da6e9f78def669d5203904719e15ff1ac29","quantity":24,"tx_index":10,"utxo":null,"utxo_address":null}',0,'DEBIT','6aa6c552e5a302b056768aed88aa8da6e9f78def669d5203904719e15ff1ac29','f07640f196c47320147a3bce126afc3f53e0b29f60da28d36b8784969fe61faf');
INSERT INTO messages VALUES(69,310009,'insert','debits','{"action":"dividend fee","address":"3_mn6q3dS2EnDUx3bmyWc6D4szJNVGtaR7zc_mnfAHmddVibnZNSkh8DvKaQoiEfNsxjXzH_mtQheFaSfWELRB2MyMBaiWjdDm6ux9Ezns_3","asset":"XCP","block_index":310009,"event":"6aa6c552e5a302b056768aed88aa8da6e9f78def669d5203904719e15ff1ac29","quantity":20000,"tx_index":10,"utxo":null,"utxo_address":null}',0,'DEBIT','6aa6c552e5a302b056768aed88aa8da6e9f78def669d5203904719e15ff1ac29','7fdfdb50a0da66689f8a4bf828c328e8ba3ab3bd67194922437c48d0715606b4');
INSERT INTO messages VALUES(70,310009,'insert','credits','{"address":"3_mn6q3dS2EnDUx3bmyWc6D4szJNVGtaR7zc_mnfAHmddVibnZNSkh8DvKaQoiEfNsxjXzH_mqPCfvqTfYctXMUfmniXeG2nyaN8w6tPmj_3","asset":"XCP","block_index":310009,"calling_function":"dividend","event":"6aa6c552e5a302b056768aed88aa8da6e9f78def669d5203904719e15ff1ac29","quantity":24,"tx_index":10,"utxo":null,"utxo_address":null}',0,'CREDIT','6aa6c552e5a302b056768aed88aa8da6e9f78def669d5203904719e15ff1ac29','d554337744f0c312a99c01904de34e093ed9f0121ffe5ccd458493d0665334e4');
INSERT INTO messages VALUES(71,310009,'insert','dividends','{"asset":"BBBB","block_index":310009,"dividend_asset":"XCP","fee_paid":20000,"quantity_per_unit":600,"source":"3_mn6q3dS2EnDUx3bmyWc6D4szJNVGtaR7zc_mnfAHmddVibnZNSkh8DvKaQoiEfNsxjXzH_mtQheFaSfWELRB2MyMBaiWjdDm6ux9Ezns_3","status":"valid","tx_hash":"6aa6c552e5a302b056768aed88aa8da6e9f78def669d5203904719e15ff1ac29","tx_index":10}',0,'ASSET_DIVIDEND','6aa6c552e5a302b056768aed88aa8da6e9f78def669d5203904719e15ff1ac29','60f86921c6a3336a2282d9ee4f79cd4406c51d9efd5a7ed40d4de2b4a141e454');
INSERT INTO messages VALUES(72,310009,'parse','transactions','{"supported":true,"tx_hash":"6aa6c552e5a302b056768aed88aa8da6e9f78def669d5203904719e15ff1ac29","tx_index":10}',0,'TRANSACTION_PARSED','6aa6c552e5a302b056768aed88aa8da6e9f78def669d5203904719e15ff1ac29','d53689b232d3373dd35a306981da51caadff0b742c9bfa257409920e5b37790b');
INSERT INTO messages VALUES(73,310009,'parse','blocks','{"block_index":310009,"ledger_hash":"1e1b07f218127eccdfab98a4bc127ce185cda15314e72328dfe10eb8f2f18726","messages_hash":"52871b53414a31fc93cc7f3dabfdbd0e67f36aebd54ab7133f56287d90aa2b0c","transaction_count":1,"txlist_hash":"baa3b08e70e0db5ecf913bb99da662ec3dc04a5650f99d2d36408eb8ed6cc4ea"}',0,'BLOCK_PARSED',NULL,'cbd10debfa91c32b0da891255f46a58f868cc0997893363701ee110cae8f4ebb');
INSERT INTO messages VALUES(74,310010,'insert','blocks','{"block_hash":"a58162dff81a32e6a29b075be759dbb9fa9b8b65303e69c78fb4d7b0acc37042","block_index":310010,"block_time":310010000,"difficulty":null,"ledger_hash":null,"previous_block_hash":null,"txlist_hash":null}',0,'NEW_BLOCK',NULL,'061c1ca490cf4699ec8999e4ff6673abd789c4abd560e383b84d43f930bb8cfc');
INSERT INTO messages VALUES(75,310010,'insert','transactions','{"block_hash":"a58162dff81a32e6a29b075be759dbb9fa9b8b65303e69c78fb4d7b0acc37042","block_index":310010,"block_time":310010000,"btc_amount":0,"data":"00000032000000000000032000000000000047680000000000000001","destination":"","fee":6800,"source":"3_mn6q3dS2EnDUx3bmyWc6D4szJNVGtaR7zc_mnfAHmddVibnZNSkh8DvKaQoiEfNsxjXzH_mtQheFaSfWELRB2MyMBaiWjdDm6ux9Ezns_3","supported":true,"tx_hash":"8606cbcb3aaa438e207e9ef279191f6f100e34d479b1985268525e32a91c953e","tx_index":11,"utxos_info":" 549177a785a6c389185b1b6cf035323f787879bdb7baa3159ca5f92a00c6e6e1:0 2 "}',0,'NEW_TRANSACTION',NULL,'4824144f36c86f70ad04ffa790fd5150eab54507f72803df0d5393347914e93f');
INSERT INTO messages VALUES(76,310010,'insert','debits','{"action":"dividend","address":"3_mn6q3dS2EnDUx3bmyWc6D4szJNVGtaR7zc_mnfAHmddVibnZNSkh8DvKaQoiEfNsxjXzH_mtQheFaSfWELRB2MyMBaiWjdDm6ux9Ezns_3","asset":"XCP","block_index":310010,"event":"8606cbcb3aaa438e207e9ef279191f6f100e34d479b1985268525e32a91c953e","quantity":420800,"tx_index":11,"utxo":null,"utxo_address":null}',0,'DEBIT','8606cbcb3aaa438e207e9ef279191f6f100e34d479b1985268525e32a91c953e','352b9f608ee408a9b5323a2047d280b9b358505102d97ce77966aefe6bbbb8aa');
INSERT INTO messages VALUES(77,310010,'insert','debits','{"action":"dividend fee","address":"3_mn6q3dS2EnDUx3bmyWc6D4szJNVGtaR7zc_mnfAHmddVibnZNSkh8DvKaQoiEfNsxjXzH_mtQheFaSfWELRB2MyMBaiWjdDm6ux9Ezns_3","asset":"XCP","block_index":310010,"event":"8606cbcb3aaa438e207e9ef279191f6f100e34d479b1985268525e32a91c953e","quantity":20000,"tx_index":11,"utxo":null,"utxo_address":null}',0,'DEBIT','8606cbcb3aaa438e207e9ef279191f6f100e34d479b1985268525e32a91c953e','cb030a4b4f0113096c03a7e5d32e0dd5abceac37a7e37450e46508be05904180');
INSERT INTO messages VALUES(78,310010,'insert','credits','{"address":"3_mn6q3dS2EnDUx3bmyWc6D4szJNVGtaR7zc_mnfAHmddVibnZNSkh8DvKaQoiEfNsxjXzH_mqPCfvqTfYctXMUfmniXeG2nyaN8w6tPmj_3","asset":"XCP","block_index":310010,"calling_function":"dividend","event":"8606cbcb3aaa438e207e9ef279191f6f100e34d479b1985268525e32a91c953e","quantity":420800,"tx_index":11,"utxo":null,"utxo_address":null}',0,'CREDIT','8606cbcb3aaa438e207e9ef279191f6f100e34d479b1985268525e32a91c953e','7fb463fefb4e81c85be7935ac0f36b49659701e4c465c420b598d04a55e61fb0');
INSERT INTO messages VALUES(79,310010,'insert','dividends','{"asset":"BBBC","block_index":310010,"dividend_asset":"XCP","fee_paid":20000,"quantity_per_unit":800,"source":"3_mn6q3dS2EnDUx3bmyWc6D4szJNVGtaR7zc_mnfAHmddVibnZNSkh8DvKaQoiEfNsxjXzH_mtQheFaSfWELRB2MyMBaiWjdDm6ux9Ezns_3","status":"valid","tx_hash":"8606cbcb3aaa438e207e9ef279191f6f100e34d479b1985268525e32a91c953e","tx_index":11}',0,'ASSET_DIVIDEND','8606cbcb3aaa438e207e9ef279191f6f100e34d479b1985268525e32a91c953e','91e35f5ac8a725b5405d650c196343c432f6068834316f7a92504737d912afe5');
INSERT INTO messages VALUES(80,310010,'parse','transactions','{"supported":true,"tx_hash":"8606cbcb3aaa438e207e9ef279191f6f100e34d479b1985268525e32a91c953e","tx_index":11}',0,'TRANSACTION_PARSED','8606cbcb3aaa438e207e9ef279191f6f100e34d479b1985268525e32a91c953e','3daf6df657a367c3c71c8695670b8bc941b7bfd3a8d3570fd4254088477a0207');
INSERT INTO messages VALUES(81,310010,'parse','blocks','{"block_index":310010,"ledger_hash":"03be7c3d8dc521277625164e3e828be106672cba205129c014ce7771a3b8730f","messages_hash":"3cd64bc6ce519a5906fe7e1a6d8a9b743099bc4be6df39964a549cffca4d2c2e","transaction_count":1,"txlist_hash":"5def9d6ed9fcf82c7ec9dbc2247657f349ec4df0b75dac4444f7ff90e24f0955"}',0,'BLOCK_PARSED',NULL,'d82fe56ac0019f518b01d3d20e0d5a99f7ee6fd9960c952bb93607617943bbd3');
INSERT INTO messages VALUES(82,310011,'insert','blocks','{"block_hash":"8042cc2ef293fd73d050f283fbd075c79dd4c49fdcca054dc0714fc3a50dc1bb","block_index":310011,"block_time":310011000,"difficulty":null,"ledger_hash":null,"previous_block_hash":null,"txlist_hash":null}',0,'NEW_BLOCK',NULL,'f6ba6a10aa168ec482d27401083896c334f514a1916e393296a5a5f42833a3bc');
INSERT INTO messages VALUES(83,310011,'insert','transactions','{"block_hash":"8042cc2ef293fd73d050f283fbd075c79dd4c49fdcca054dc0714fc3a50dc1bb","block_index":310011,"block_time":310011000,"btc_amount":0,"data":"0000001e52bb3300405900000000000005f5e0ff09556e69742054657374","destination":"","fee":6800,"source":"3_mn6q3dS2EnDUx3bmyWc6D4szJNVGtaR7zc_mnfAHmddVibnZNSkh8DvKaQoiEfNsxjXzH_mtQheFaSfWELRB2MyMBaiWjdDm6ux9Ezns_3","supported":true,"tx_hash":"47a25bd63a47c61ca2709279bb5c1dc8695f0e93926bf659038be64e6a1c4060","tx_index":12,"utxos_info":" 07532d3c2a9697cdcda1ff358b2f4381439deffe5be06598da2cac861a79fd8f:0 2 "}',0,'NEW_TRANSACTION',NULL,'1d5ca70c7377356ce246569ba619b13e9b31761a37a5efbfdbad5fddd431a7d3');
INSERT INTO messages VALUES(84,310011,'insert','broadcasts','{"block_index":310011,"fee_fraction_int":99999999,"locked":false,"source":"3_mn6q3dS2EnDUx3bmyWc6D4szJNVGtaR7zc_mnfAHmddVibnZNSkh8DvKaQoiEfNsxjXzH_mtQheFaSfWELRB2MyMBaiWjdDm6ux9Ezns_3","status":"valid","text":"Unit Test","timestamp":1388000000,"tx_hash":"47a25bd63a47c61ca2709279bb5c1dc8695f0e93926bf659038be64e6a1c4060","tx_index":12,"value":100.0}',0,'BROADCAST','47a25bd63a47c61ca2709279bb5c1dc8695f0e93926bf659038be64e6a1c4060','ed2cd50f3bc06840a2c4698c620b8f1d205b0d36bd9241564d916c521dd3e7f7');
INSERT INTO messages VALUES(85,310011,'parse','transactions','{"supported":true,"tx_hash":"47a25bd63a47c61ca2709279bb5c1dc8695f0e93926bf659038be64e6a1c4060","tx_index":12}',0,'TRANSACTION_PARSED','47a25bd63a47c61ca2709279bb5c1dc8695f0e93926bf659038be64e6a1c4060','91f3d1f1bfc5259372e3ef15e145f8e83e12c30fa2455dd19b5ecec020bb8bfc');
INSERT INTO messages VALUES(86,310011,'parse','blocks','{"block_index":310011,"ledger_hash":"db6d49ef7cfb461f9431b2e712f694f0747012ae28f3684e0d41476f77fab667","messages_hash":"a4f62777db61986027904222b5b4643ac8861b5484cc684d3f92065b18f649ae","transaction_count":1,"txlist_hash":"f6d1a346abbb2adae7dd7fe6ddd94061bcdae3ed30bd091958d445c8b5f57f4c"}',0,'BLOCK_PARSED',NULL,'5ae93a88041a38c504b8b2c3669f02c70abdcb02505bb1caaf6b51857adbedb7');
INSERT INTO messages VALUES(87,310012,'insert','blocks','{"block_hash":"cdba329019d93a67b31b79d05f76ce1b7791d430ea0d6c1c2168fe78d2f67677","block_index":310012,"block_time":310012000,"difficulty":null,"ledger_hash":null,"previous_block_hash":null,"txlist_hash":null}',0,'NEW_BLOCK',NULL,'059a35753622d2a4f6b8b65a884b0136385c4198a28c793b967ee588a920abcd');
INSERT INTO messages VALUES(88,310012,'insert','transactions','{"block_hash":"cdba329019d93a67b31b79d05f76ce1b7791d430ea0d6c1c2168fe78d2f67677","block_index":310012,"block_time":310012000,"btc_amount":1000,"data":"00000028000052bb33640000000002faf08000000000017d7840000000000000000000003b100000000a","destination":"3_mn6q3dS2EnDUx3bmyWc6D4szJNVGtaR7zc_mnfAHmddVibnZNSkh8DvKaQoiEfNsxjXzH_mtQheFaSfWELRB2MyMBaiWjdDm6ux9Ezns_3","fee":7650,"source":"3_mn6q3dS2EnDUx3bmyWc6D4szJNVGtaR7zc_mnfAHmddVibnZNSkh8DvKaQoiEfNsxjXzH_mtQheFaSfWELRB2MyMBaiWjdDm6ux9Ezns_3","supported":true,"tx_hash":"5c49e06f8ddf9cc0f83541550664bb00075a2f01df493278097066462497af16","tx_index":13,"utxos_info":" 3563ce8b45e350880d0a051b0b157f99ec551fc1ee230a1c8843d21f1682a5f6:0 3 "}',0,'NEW_TRANSACTION',NULL,'55b91cda8b8fa3e94834ffedd3605c16cfdb81f004ecf38f9e43486ee68ccc5d');
INSERT INTO messages VALUES(89,310012,'insert','debits','{"action":"bet","address":"3_mn6q3dS2EnDUx3bmyWc6D4szJNVGtaR7zc_mnfAHmddVibnZNSkh8DvKaQoiEfNsxjXzH_mtQheFaSfWELRB2MyMBaiWjdDm6ux9Ezns_3","asset":"XCP","block_index":310012,"event":"5c49e06f8ddf9cc0f83541550664bb00075a2f01df493278097066462497af16","quantity":50000000,"tx_index":13,"utxo":null,"utxo_address":null}',0,'DEBIT','5c49e06f8ddf9cc0f83541550664bb00075a2f01df493278097066462497af16','13f0b9b048357e7672ef3e3e431bc46d34d5e2fd6be55c8cd8dc0dbc5ff773c9');
INSERT INTO messages VALUES(90,310012,'insert','bets','{"bet_type":0,"block_index":310012,"counterwager_quantity":25000000,"counterwager_remaining":25000000,"deadline":1388000100,"expiration":10,"expire_index":310022,"fee_fraction_int":99999999.0,"feed_address":"3_mn6q3dS2EnDUx3bmyWc6D4szJNVGtaR7zc_mnfAHmddVibnZNSkh8DvKaQoiEfNsxjXzH_mtQheFaSfWELRB2MyMBaiWjdDm6ux9Ezns_3","leverage":15120,"source":"3_mn6q3dS2EnDUx3bmyWc6D4szJNVGtaR7zc_mnfAHmddVibnZNSkh8DvKaQoiEfNsxjXzH_mtQheFaSfWELRB2MyMBaiWjdDm6ux9Ezns_3","status":"open","target_value":0.0,"tx_hash":"5c49e06f8ddf9cc0f83541550664bb00075a2f01df493278097066462497af16","tx_index":13,"wager_quantity":50000000,"wager_remaining":50000000}',0,'OPEN_BET','5c49e06f8ddf9cc0f83541550664bb00075a2f01df493278097066462497af16','30850e758da4dbec6a50d2d891fe7d0a653b047829b58083781545c105f131fc');
INSERT INTO messages VALUES(91,310012,'parse','transactions','{"supported":true,"tx_hash":"5c49e06f8ddf9cc0f83541550664bb00075a2f01df493278097066462497af16","tx_index":13}',0,'TRANSACTION_PARSED','5c49e06f8ddf9cc0f83541550664bb00075a2f01df493278097066462497af16','5e2de72056d7650b9fc9a63fcb865cf2c9655cdcd06465126e5a87d2050b77a0');
INSERT INTO messages VALUES(92,310012,'parse','blocks','{"block_index":310012,"ledger_hash":"ac399d193def488d3457876edef42dd651b30c976025c3d6f810e4d37c88c822","messages_hash":"6ae49c6cd2b81ee79992c597c0b5042f0cc00f3e775b5b5358b39b992a119c84","transaction_count":1,"txlist_hash":"273ce70d30b249ba5afb8382ddf7ded2d0849044d519fb48224a6ea69b7ba6dc"}',0,'BLOCK_PARSED',NULL,'7b129a30e86749f2ce5f42976c375b11583624e91f0e2b23476374aa7d593ab5');
INSERT INTO messages VALUES(93,310013,'insert','blocks','{"block_hash":"0425e5e832e4286757dc0228cd505b8d572081007218abd3a0983a3bcd502a61","block_index":310013,"block_time":310013000,"difficulty":null,"ledger_hash":null,"previous_block_hash":null,"txlist_hash":null}',0,'NEW_BLOCK',NULL,'666464145fd5f06ec45fd2eb3c1cbbb7432411c1d68f6c4a0e1097ec4b2b0044');
INSERT INTO messages VALUES(94,310013,'insert','transactions','{"block_hash":"0425e5e832e4286757dc0228cd505b8d572081007218abd3a0983a3bcd502a61","block_index":310013,"block_time":310013000,"btc_amount":1000,"data":"00000028000152bb336400000000017d78400000000002793d60000000000000000000003b100000000a","destination":"3_mn6q3dS2EnDUx3bmyWc6D4szJNVGtaR7zc_mnfAHmddVibnZNSkh8DvKaQoiEfNsxjXzH_mtQheFaSfWELRB2MyMBaiWjdDm6ux9Ezns_3","fee":7650,"source":"3_mn6q3dS2EnDUx3bmyWc6D4szJNVGtaR7zc_mnfAHmddVibnZNSkh8DvKaQoiEfNsxjXzH_mtQheFaSfWELRB2MyMBaiWjdDm6ux9Ezns_3","supported":true,"tx_hash":"813e45480753e39c6ea548efd6b77f830120a41ac3b9bd37a4470b14e83301a3","tx_index":14,"utxos_info":" 0e99c34d5f3649841d71c8c34ed4f5aa1c5ce38c45cda20bf500ad28a260df40:0 3 "}',0,'NEW_TRANSACTION',NULL,'10ecc0757b6ee06c2ea3177b7dd869a4b5e75594abf3fd9706f0d5764b0c454f');
INSERT INTO messages VALUES(95,310013,'update','orders','{"status":"expired","tx_hash":"1385519ca199f1b39bb89caac062fe3a342f18e393d301d7a56c150a8ab84093"}',0,'ORDER_UPDATE',NULL,'f8063182564498307455d76fc7598427a51229f60fb9a9313ff29fbbb851efdd');
INSERT INTO messages VALUES(96,310013,'insert','order_expirations','{"block_index":310013,"order_hash":"1385519ca199f1b39bb89caac062fe3a342f18e393d301d7a56c150a8ab84093","source":"3_mn6q3dS2EnDUx3bmyWc6D4szJNVGtaR7zc_mnfAHmddVibnZNSkh8DvKaQoiEfNsxjXzH_mtQheFaSfWELRB2MyMBaiWjdDm6ux9Ezns_3"}',0,'ORDER_EXPIRATION',NULL,'0ab32bef9c929577ba8e6b08f1770bfb563b066180aba8cdc1dd5838c820fe59');
INSERT INTO messages VALUES(97,310013,'insert','debits','{"action":"bet","address":"3_mn6q3dS2EnDUx3bmyWc6D4szJNVGtaR7zc_mnfAHmddVibnZNSkh8DvKaQoiEfNsxjXzH_mtQheFaSfWELRB2MyMBaiWjdDm6ux9Ezns_3","asset":"XCP","block_index":310013,"event":"813e45480753e39c6ea548efd6b77f830120a41ac3b9bd37a4470b14e83301a3","quantity":25000000,"tx_index":14,"utxo":null,"utxo_address":null}',0,'DEBIT','813e45480753e39c6ea548efd6b77f830120a41ac3b9bd37a4470b14e83301a3','46ad7e2cef589199ee3b8d59d07210428346f033402c7e334df3db3a03ec21fb');
INSERT INTO messages VALUES(98,310013,'insert','bets','{"bet_type":1,"block_index":310013,"counterwager_quantity":41500000,"counterwager_remaining":41500000,"deadline":1388000100,"expiration":10,"expire_index":310023,"fee_fraction_int":99999999.0,"feed_address":"3_mn6q3dS2EnDUx3bmyWc6D4szJNVGtaR7zc_mnfAHmddVibnZNSkh8DvKaQoiEfNsxjXzH_mtQheFaSfWELRB2MyMBaiWjdDm6ux9Ezns_3","leverage":15120,"source":"3_mn6q3dS2EnDUx3bmyWc6D4szJNVGtaR7zc_mnfAHmddVibnZNSkh8DvKaQoiEfNsxjXzH_mtQheFaSfWELRB2MyMBaiWjdDm6ux9Ezns_3","status":"open","target_value":0.0,"tx_hash":"813e45480753e39c6ea548efd6b77f830120a41ac3b9bd37a4470b14e83301a3","tx_index":14,"wager_quantity":25000000,"wager_remaining":25000000}',0,'OPEN_BET','813e45480753e39c6ea548efd6b77f830120a41ac3b9bd37a4470b14e83301a3','47e92e5431d6ff639f4939a27254b206131d8c5ef763b041e2f97fff45abc2b1');
INSERT INTO messages VALUES(99,310013,'update','bets','{"counterwager_remaining":4250000,"status":"open","tx_hash":"5c49e06f8ddf9cc0f83541550664bb00075a2f01df493278097066462497af16","wager_remaining":8500000}',0,'BET_UPDATE','813e45480753e39c6ea548efd6b77f830120a41ac3b9bd37a4470b14e83301a3','afd74bb602d0eaa672696bb6b011ebe49d34a964d7513360325e4fc09c8256eb');
INSERT INTO messages VALUES(100,310013,'insert','credits','{"address":"3_mn6q3dS2EnDUx3bmyWc6D4szJNVGtaR7zc_mnfAHmddVibnZNSkh8DvKaQoiEfNsxjXzH_mtQheFaSfWELRB2MyMBaiWjdDm6ux9Ezns_3","asset":"XCP","block_index":310013,"calling_function":"filled","event":"813e45480753e39c6ea548efd6b77f830120a41ac3b9bd37a4470b14e83301a3","quantity":4250000,"tx_index":14,"utxo":null,"utxo_address":null}',0,'CREDIT','813e45480753e39c6ea548efd6b77f830120a41ac3b9bd37a4470b14e83301a3','080d494dc93bda86d3199e5f9a0dde9ef25d22903e1750cf8f85acbbd73998c3');
INSERT INTO messages VALUES(101,310013,'update','bets','{"counterwager_remaining":0,"status":"filled","tx_hash":"813e45480753e39c6ea548efd6b77f830120a41ac3b9bd37a4470b14e83301a3","wager_remaining":4250000}',0,'BET_UPDATE','813e45480753e39c6ea548efd6b77f830120a41ac3b9bd37a4470b14e83301a3','00eaf1ef1f14d32cf3435dd713bada366c1c66b31cfdac10c60d4a4b2aec50b6');
INSERT INTO messages VALUES(102,310013,'insert','bet_matches','{"backward_quantity":20750000,"block_index":310012,"deadline":1388000100,"fee_fraction_int":99999999,"feed_address":"3_mn6q3dS2EnDUx3bmyWc6D4szJNVGtaR7zc_mnfAHmddVibnZNSkh8DvKaQoiEfNsxjXzH_mtQheFaSfWELRB2MyMBaiWjdDm6ux9Ezns_3","forward_quantity":41500000,"id":"5c49e06f8ddf9cc0f83541550664bb00075a2f01df493278097066462497af16_813e45480753e39c6ea548efd6b77f830120a41ac3b9bd37a4470b14e83301a3","initial_value":100.0,"leverage":15120,"match_expire_index":310022,"status":"pending","target_value":0.0,"tx0_address":"3_mn6q3dS2EnDUx3bmyWc6D4szJNVGtaR7zc_mnfAHmddVibnZNSkh8DvKaQoiEfNsxjXzH_mtQheFaSfWELRB2MyMBaiWjdDm6ux9Ezns_3","tx0_bet_type":0,"tx0_block_index":310012,"tx0_expiration":10,"tx0_hash":"5c49e06f8ddf9cc0f83541550664bb00075a2f01df493278097066462497af16","tx0_index":13,"tx1_address":"3_mn6q3dS2EnDUx3bmyWc6D4szJNVGtaR7zc_mnfAHmddVibnZNSkh8DvKaQoiEfNsxjXzH_mtQheFaSfWELRB2MyMBaiWjdDm6ux9Ezns_3","tx1_bet_type":1,"tx1_block_index":310013,"tx1_expiration":10,"tx1_hash":"813e45480753e39c6ea548efd6b77f830120a41ac3b9bd37a4470b14e83301a3","tx1_index":14}',0,'BET_MATCH','813e45480753e39c6ea548efd6b77f830120a41ac3b9bd37a4470b14e83301a3','62705a909c84526c9ae3c88fe4dc262dbdc638706fe1ef5a89154952cbc5bc34');
INSERT INTO messages VALUES(103,310013,'parse','transactions','{"supported":true,"tx_hash":"813e45480753e39c6ea548efd6b77f830120a41ac3b9bd37a4470b14e83301a3","tx_index":14}',0,'TRANSACTION_PARSED','813e45480753e39c6ea548efd6b77f830120a41ac3b9bd37a4470b14e83301a3','d733a1e3f0b0b7738a326f3841ae35db3070ba0ca9e7e62df7f24c00e96fcbcf');
INSERT INTO messages VALUES(104,310013,'parse','blocks','{"block_index":310013,"ledger_hash":"f6fd6f6280b1c580abe8e31de28bfa0f269d453068946733cad69d29f6874936","messages_hash":"e7b508b7f5fa8c3d0574729a23f635c9fff2f37c1ee20c647990ee620ee96d26","transaction_count":1,"txlist_hash":"ce4d93afd619a9f22326d72b5ae6c10b24d3075399374184463f65d489a57c51"}',0,'BLOCK_PARSED',NULL,'9d87601066f996f93975a01717ceea223b6a8c6ec65e0fba4bae5cf363ec0829');
INSERT INTO messages VALUES(105,310014,'insert','blocks','{"block_hash":"85b28d413ebda2968ed82ae53643677338650151b997ed1e4656158005b9f65f","block_index":310014,"block_time":310014000,"difficulty":null,"ledger_hash":null,"previous_block_hash":null,"txlist_hash":null}',0,'NEW_BLOCK',NULL,'7fda1489c5f0a27ba7e6565de369ac750d3c888d3b7d452d0c477e511852084b');
INSERT INTO messages VALUES(106,310014,'insert','transactions','{"block_hash":"85b28d413ebda2968ed82ae53643677338650151b997ed1e4656158005b9f65f","block_index":310014,"block_time":310014000,"btc_amount":1000,"data":"00000028000052bb33640000000008f0d1800000000014dc93800000000000000000000013b00000000a","destination":"3_mn6q3dS2EnDUx3bmyWc6D4szJNVGtaR7zc_mnfAHmddVibnZNSkh8DvKaQoiEfNsxjXzH_mtQheFaSfWELRB2MyMBaiWjdDm6ux9Ezns_3","fee":7650,"source":"3_mn6q3dS2EnDUx3bmyWc6D4szJNVGtaR7zc_mnfAHmddVibnZNSkh8DvKaQoiEfNsxjXzH_mtQheFaSfWELRB2MyMBaiWjdDm6ux9Ezns_3","supported":true,"tx_hash":"33fdca6b108f99ffb56d590f55f9d19c7d16fe83c096b9fbbf71eabeda826a41","tx_index":15,"utxos_info":" 820d199eab44dc21110b89e5210bc07d83a257d5d0c7595d0410d5cc9dfc7bd3:0 3 "}',0,'NEW_TRANSACTION',NULL,'9bfc87d816cad06dcf69f0a524d8fe9d45200b99b85f763bb48331c914c19ecf');
INSERT INTO messages VALUES(107,310014,'update','orders','{"status":"expired","tx_hash":"a2e93083b871e68cb89e216f9a99c4c6aea1eb92cbdbafc5b4b0e160c19c517e"}',0,'ORDER_UPDATE',NULL,'6fa7578877e1ae500bdddf23a12a993d0df5c1935910a042c50a3526df11cb73');
INSERT INTO messages VALUES(108,310014,'insert','credits','{"address":"3_mn6q3dS2EnDUx3bmyWc6D4szJNVGtaR7zc_mnfAHmddVibnZNSkh8DvKaQoiEfNsxjXzH_mtQheFaSfWELRB2MyMBaiWjdDm6ux9Ezns_3","asset":"XCP","block_index":310014,"calling_function":"cancel order","event":"a2e93083b871e68cb89e216f9a99c4c6aea1eb92cbdbafc5b4b0e160c19c517e","quantity":5000000,"tx_index":0,"utxo":null,"utxo_address":null}',0,'CREDIT',NULL,'d19d040300411ce47de3e2e7122ffb861d38ba3ea4cb1e197a35617783d0fd3c');
INSERT INTO messages VALUES(109,310014,'insert','order_expirations','{"block_index":310014,"order_hash":"a2e93083b871e68cb89e216f9a99c4c6aea1eb92cbdbafc5b4b0e160c19c517e","source":"3_mn6q3dS2EnDUx3bmyWc6D4szJNVGtaR7zc_mnfAHmddVibnZNSkh8DvKaQoiEfNsxjXzH_mtQheFaSfWELRB2MyMBaiWjdDm6ux9Ezns_3"}',0,'ORDER_EXPIRATION',NULL,'e5fe115c1db644a62cea2a88c35c91c8ac7c58f6444f9536020eeb67968d5193');
INSERT INTO messages VALUES(110,310014,'insert','debits','{"action":"bet","address":"3_mn6q3dS2EnDUx3bmyWc6D4szJNVGtaR7zc_mnfAHmddVibnZNSkh8DvKaQoiEfNsxjXzH_mtQheFaSfWELRB2MyMBaiWjdDm6ux9Ezns_3","asset":"XCP","block_index":310014,"event":"33fdca6b108f99ffb56d590f55f9d19c7d16fe83c096b9fbbf71eabeda826a41","quantity":150000000,"tx_index":15,"utxo":null,"utxo_address":null}',0,'DEBIT','33fdca6b108f99ffb56d590f55f9d19c7d16fe83c096b9fbbf71eabeda826a41','0aff78694bf7a95c3429db778b7b16c1d3571e4df220ae06ba3ce62854475af7');
INSERT INTO messages VALUES(111,310014,'insert','bets','{"bet_type":0,"block_index":310014,"counterwager_quantity":350000000,"counterwager_remaining":350000000,"deadline":1388000100,"expiration":10,"expire_index":310024,"fee_fraction_int":99999999.0,"feed_address":"3_mn6q3dS2EnDUx3bmyWc6D4szJNVGtaR7zc_mnfAHmddVibnZNSkh8DvKaQoiEfNsxjXzH_mtQheFaSfWELRB2MyMBaiWjdDm6ux9Ezns_3","leverage":5040,"source":"3_mn6q3dS2EnDUx3bmyWc6D4szJNVGtaR7zc_mnfAHmddVibnZNSkh8DvKaQoiEfNsxjXzH_mtQheFaSfWELRB2MyMBaiWjdDm6ux9Ezns_3","status":"open","target_value":0.0,"tx_hash":"33fdca6b108f99ffb56d590f55f9d19c7d16fe83c096b9fbbf71eabeda826a41","tx_index":15,"wager_quantity":150000000,"wager_remaining":150000000}',0,'OPEN_BET','33fdca6b108f99ffb56d590f55f9d19c7d16fe83c096b9fbbf71eabeda826a41','778ee7d423903b8a88c9fe75e6270ba398ca24dcb1fd37ea4a17c535aedf3b1f');
INSERT INTO messages VALUES(112,310014,'parse','transactions','{"supported":true,"tx_hash":"33fdca6b108f99ffb56d590f55f9d19c7d16fe83c096b9fbbf71eabeda826a41","tx_index":15}',0,'TRANSACTION_PARSED','33fdca6b108f99ffb56d590f55f9d19c7d16fe83c096b9fbbf71eabeda826a41','346428f13a4fa2bcc2ff1806d11c7b7f30c7c8a93addb4110fd5821ed413c0f9');
INSERT INTO messages VALUES(113,310014,'parse','blocks','{"block_index":310014,"ledger_hash":"0c52d56c6f7c25da7b757aba30e890e9eff402155b5497a5420e13e69b7cb54b","messages_hash":"9b9c8eb0c6ca952a042c2d4d557ac64d8de6d6f19920d26927d671d8192b5563","transaction_count":1,"txlist_hash":"7df6ac77f91e828339a1f92ce8197c74ff120f6c00d180bdb19a91f7da14a83a"}',0,'BLOCK_PARSED',NULL,'a67d189ec713b45bd7faf051dc958ac46a5f878d6bb67c25497eafdc5bfca351');
INSERT INTO messages VALUES(114,310015,'insert','blocks','{"block_hash":"4cf77d688f18f0c68c077db882f62e49f31859dfa6144372457cd73b29223922","block_index":310015,"block_time":310015000,"difficulty":null,"ledger_hash":null,"previous_block_hash":null,"txlist_hash":null}',0,'NEW_BLOCK',NULL,'2af251f506162a0db82370eebb752b98299131cfc11cf2e033883826b862597b');
INSERT INTO messages VALUES(115,310015,'insert','transactions','{"block_hash":"4cf77d688f18f0c68c077db882f62e49f31859dfa6144372457cd73b29223922","block_index":310015,"block_time":310015000,"btc_amount":1000,"data":"00000028000152bb33640000000014dc93800000000008f0d1800000000000000000000013b00000000a","destination":"3_mn6q3dS2EnDUx3bmyWc6D4szJNVGtaR7zc_mnfAHmddVibnZNSkh8DvKaQoiEfNsxjXzH_mtQheFaSfWELRB2MyMBaiWjdDm6ux9Ezns_3","fee":7650,"source":"3_mn6q3dS2EnDUx3bmyWc6D4szJNVGtaR7zc_mnfAHmddVibnZNSkh8DvKaQoiEfNsxjXzH_mtQheFaSfWELRB2MyMBaiWjdDm6ux9Ezns_3","supported":true,"tx_hash":"22375d61ad5cb70e45ca8843ccffa0abe11b028351352d5da874d246c834ab6f","tx_index":16,"utxos_info":" d72265fd12f4ecd9c417122e366bbe23bd1835d99d2554a20e9252d41291fa5a:0 3 "}',0,'NEW_TRANSACTION',NULL,'c85f9f7ace59f6f1ead6905ee941016cf1a51b880424f184a714a11399d49d1d');
INSERT INTO messages VALUES(116,310015,'insert','debits','{"action":"bet","address":"3_mn6q3dS2EnDUx3bmyWc6D4szJNVGtaR7zc_mnfAHmddVibnZNSkh8DvKaQoiEfNsxjXzH_mtQheFaSfWELRB2MyMBaiWjdDm6ux9Ezns_3","asset":"XCP","block_index":310015,"event":"22375d61ad5cb70e45ca8843ccffa0abe11b028351352d5da874d246c834ab6f","quantity":350000000,"tx_index":16,"utxo":null,"utxo_address":null}',0,'DEBIT','22375d61ad5cb70e45ca8843ccffa0abe11b028351352d5da874d246c834ab6f','80f9f97649683a152118daef2e02fe9518ccae598ed655f3c8632d452f325ce0');
INSERT INTO messages VALUES(117,310015,'insert','bets','{"bet_type":1,"block_index":310015,"counterwager_quantity":150000000,"counterwager_remaining":150000000,"deadline":1388000100,"expiration":10,"expire_index":310025,"fee_fraction_int":99999999.0,"feed_address":"3_mn6q3dS2EnDUx3bmyWc6D4szJNVGtaR7zc_mnfAHmddVibnZNSkh8DvKaQoiEfNsxjXzH_mtQheFaSfWELRB2MyMBaiWjdDm6ux9Ezns_3","leverage":5040,"source":"3_mn6q3dS2EnDUx3bmyWc6D4szJNVGtaR7zc_mnfAHmddVibnZNSkh8DvKaQoiEfNsxjXzH_mtQheFaSfWELRB2MyMBaiWjdDm6ux9Ezns_3","status":"open","target_value":0.0,"tx_hash":"22375d61ad5cb70e45ca8843ccffa0abe11b028351352d5da874d246c834ab6f","tx_index":16,"wager_quantity":350000000,"wager_remaining":350000000}',0,'OPEN_BET','22375d61ad5cb70e45ca8843ccffa0abe11b028351352d5da874d246c834ab6f','34c066922d42b3bc99322a0e0e541ce7afb786fd36b13df494c4a6f27611807a');
INSERT INTO messages VALUES(118,310015,'insert','credits','{"address":"3_mn6q3dS2EnDUx3bmyWc6D4szJNVGtaR7zc_mnfAHmddVibnZNSkh8DvKaQoiEfNsxjXzH_mtQheFaSfWELRB2MyMBaiWjdDm6ux9Ezns_3","asset":"XCP","block_index":310015,"calling_function":"filled","event":"22375d61ad5cb70e45ca8843ccffa0abe11b028351352d5da874d246c834ab6f","quantity":0,"tx_index":16,"utxo":null,"utxo_address":null}',0,'CREDIT','22375d61ad5cb70e45ca8843ccffa0abe11b028351352d5da874d246c834ab6f','39bef9dff4c4659ddb3558cf0c37be3dc38867e761c7ad70e7295823033b2789');
INSERT INTO messages VALUES(119,310015,'update','bets','{"counterwager_remaining":0,"status":"filled","tx_hash":"33fdca6b108f99ffb56d590f55f9d19c7d16fe83c096b9fbbf71eabeda826a41","wager_remaining":0}',0,'BET_UPDATE','22375d61ad5cb70e45ca8843ccffa0abe11b028351352d5da874d246c834ab6f','57b2f42c2dbecd25db52c7d05e9d47dbebe8c2df23b21b777b63fea6116d192a');
INSERT INTO messages VALUES(120,310015,'insert','credits','{"address":"3_mn6q3dS2EnDUx3bmyWc6D4szJNVGtaR7zc_mnfAHmddVibnZNSkh8DvKaQoiEfNsxjXzH_mtQheFaSfWELRB2MyMBaiWjdDm6ux9Ezns_3","asset":"XCP","block_index":310015,"calling_function":"filled","event":"22375d61ad5cb70e45ca8843ccffa0abe11b028351352d5da874d246c834ab6f","quantity":0,"tx_index":16,"utxo":null,"utxo_address":null}',0,'CREDIT','22375d61ad5cb70e45ca8843ccffa0abe11b028351352d5da874d246c834ab6f','3cdbc228b1bf65dbf5ebf6bb262fef28af4e32d11860d3b56301696d23a90301');
INSERT INTO messages VALUES(121,310015,'update','bets','{"counterwager_remaining":0,"status":"filled","tx_hash":"22375d61ad5cb70e45ca8843ccffa0abe11b028351352d5da874d246c834ab6f","wager_remaining":0}',0,'BET_UPDATE','22375d61ad5cb70e45ca8843ccffa0abe11b028351352d5da874d246c834ab6f','6766ba96d1847f993eefccb0c8e0f9ddba95d29d1f872bad00bd5c8cc19f06dd');
INSERT INTO messages VALUES(122,310015,'insert','bet_matches','{"backward_quantity":350000000,"block_index":310014,"deadline":1388000100,"fee_fraction_int":99999999,"feed_address":"3_mn6q3dS2EnDUx3bmyWc6D4szJNVGtaR7zc_mnfAHmddVibnZNSkh8DvKaQoiEfNsxjXzH_mtQheFaSfWELRB2MyMBaiWjdDm6ux9Ezns_3","forward_quantity":150000000,"id":"33fdca6b108f99ffb56d590f55f9d19c7d16fe83c096b9fbbf71eabeda826a41_22375d61ad5cb70e45ca8843ccffa0abe11b028351352d5da874d246c834ab6f","initial_value":100.0,"leverage":5040,"match_expire_index":310024,"status":"pending","target_value":0.0,"tx0_address":"3_mn6q3dS2EnDUx3bmyWc6D4szJNVGtaR7zc_mnfAHmddVibnZNSkh8DvKaQoiEfNsxjXzH_mtQheFaSfWELRB2MyMBaiWjdDm6ux9Ezns_3","tx0_bet_type":0,"tx0_block_index":310014,"tx0_expiration":10,"tx0_hash":"33fdca6b108f99ffb56d590f55f9d19c7d16fe83c096b9fbbf71eabeda826a41","tx0_index":15,"tx1_address":"3_mn6q3dS2EnDUx3bmyWc6D4szJNVGtaR7zc_mnfAHmddVibnZNSkh8DvKaQoiEfNsxjXzH_mtQheFaSfWELRB2MyMBaiWjdDm6ux9Ezns_3","tx1_bet_type":1,"tx1_block_index":310015,"tx1_expiration":10,"tx1_hash":"22375d61ad5cb70e45ca8843ccffa0abe11b028351352d5da874d246c834ab6f","tx1_index":16}',0,'BET_MATCH','22375d61ad5cb70e45ca8843ccffa0abe11b028351352d5da874d246c834ab6f','5605a0e32e09f4f045a1c9eb63a088b97a30aa281bf01228e3e0359ee741972e');
INSERT INTO messages VALUES(123,310015,'parse','transactions','{"supported":true,"tx_hash":"22375d61ad5cb70e45ca8843ccffa0abe11b028351352d5da874d246c834ab6f","tx_index":16}',0,'TRANSACTION_PARSED','22375d61ad5cb70e45ca8843ccffa0abe11b028351352d5da874d246c834ab6f','84480738d3cda3827d403f082a5f6d861e1e3b15073d2edbf5082a432f39c267');
INSERT INTO messages VALUES(124,310015,'parse','blocks','{"block_index":310015,"ledger_hash":"03cd020f708d5f082f5b63e3c1f58e5f25d564a60699ae0f23471115d9e37d5e","messages_hash":"6626fc98e5f4404defa0616c60139c26c73268c0212bed32c6534ef24a8a0b42","transaction_count":1,"txlist_hash":"45379e27de14058cb9100cc29417da1e5b2534e4434bfcd074c811324e46fd06"}',0,'BLOCK_PARSED',NULL,'d30b824683fadff026111728ed533a940cacffb194c670a793016cb6be25435b');
INSERT INTO messages VALUES(125,310016,'insert','blocks','{"block_hash":"99dc7d2627efb4e5e618a53b9898b4ca39c70e98fe9bf39f68a6c980f5b64ef9","block_index":310016,"block_time":310016000,"difficulty":null,"ledger_hash":null,"previous_block_hash":null,"txlist_hash":null}',0,'NEW_BLOCK',NULL,'89d3a3ef82688391358f626153b174b5bbbbf784885a0dbc3d7de75069c11b55');
INSERT INTO messages VALUES(126,310016,'insert','transactions','{"block_hash":"99dc7d2627efb4e5e618a53b9898b4ca39c70e98fe9bf39f68a6c980f5b64ef9","block_index":310016,"block_time":310016000,"btc_amount":1000,"data":"00000028000252bb33c8000000002cb417800000000026be36803ff0000000000000000013b00000000a","destination":"3_mn6q3dS2EnDUx3bmyWc6D4szJNVGtaR7zc_mnfAHmddVibnZNSkh8DvKaQoiEfNsxjXzH_mtQheFaSfWELRB2MyMBaiWjdDm6ux9Ezns_3","fee":7650,"source":"3_mn6q3dS2EnDUx3bmyWc6D4szJNVGtaR7zc_mnfAHmddVibnZNSkh8DvKaQoiEfNsxjXzH_mtQheFaSfWELRB2MyMBaiWjdDm6ux9Ezns_3","supported":true,"tx_hash":"5e0cd8d81531e656dc3a4ae4b7edfd1bec48e455ed0bd69a4a3c22c0c08bbede","tx_index":17,"utxos_info":" f203086e1289aef19494acb2a48a734ecc0bd65149ee60cec66f839cdb37ff9f:0 3 "}',0,'NEW_TRANSACTION',NULL,'38e6343e090ce75a36a1b5d35e1edecf4ad0e27a909201c9581c2ab4d79f811d');
INSERT INTO messages VALUES(127,310016,'insert','debits','{"action":"bet","address":"3_mn6q3dS2EnDUx3bmyWc6D4szJNVGtaR7zc_mnfAHmddVibnZNSkh8DvKaQoiEfNsxjXzH_mtQheFaSfWELRB2MyMBaiWjdDm6ux9Ezns_3","asset":"XCP","block_index":310016,"event":"5e0cd8d81531e656dc3a4ae4b7edfd1bec48e455ed0bd69a4a3c22c0c08bbede","quantity":750000000,"tx_index":17,"utxo":null,"utxo_address":null}',0,'DEBIT','5e0cd8d81531e656dc3a4ae4b7edfd1bec48e455ed0bd69a4a3c22c0c08bbede','a2baeb920777a0c69f5c7b792dddb70b68e84cf6dccc789d04d4c6f9be1a1909');
INSERT INTO messages VALUES(128,310016,'insert','bets','{"bet_type":2,"block_index":310016,"counterwager_quantity":650000000,"counterwager_remaining":650000000,"deadline":1388000200,"expiration":10,"expire_index":310026,"fee_fraction_int":99999999.0,"feed_address":"3_mn6q3dS2EnDUx3bmyWc6D4szJNVGtaR7zc_mnfAHmddVibnZNSkh8DvKaQoiEfNsxjXzH_mtQheFaSfWELRB2MyMBaiWjdDm6ux9Ezns_3","leverage":5040,"source":"3_mn6q3dS2EnDUx3bmyWc6D4szJNVGtaR7zc_mnfAHmddVibnZNSkh8DvKaQoiEfNsxjXzH_mtQheFaSfWELRB2MyMBaiWjdDm6ux9Ezns_3","status":"open","target_value":1.0,"tx_hash":"5e0cd8d81531e656dc3a4ae4b7edfd1bec48e455ed0bd69a4a3c22c0c08bbede","tx_index":17,"wager_quantity":750000000,"wager_remaining":750000000}',0,'OPEN_BET','5e0cd8d81531e656dc3a4ae4b7edfd1bec48e455ed0bd69a4a3c22c0c08bbede','46eb0bd12d213d2c2cd39ff281c975874d76cb3a70bad9918baf988f1d8a7632');
INSERT INTO messages VALUES(129,310016,'parse','transactions','{"supported":true,"tx_hash":"5e0cd8d81531e656dc3a4ae4b7edfd1bec48e455ed0bd69a4a3c22c0c08bbede","tx_index":17}',0,'TRANSACTION_PARSED','5e0cd8d81531e656dc3a4ae4b7edfd1bec48e455ed0bd69a4a3c22c0c08bbede','e0dcf01c484621958f882c44b511dadae2051c5ada1d81ba624467414239950e');
INSERT INTO messages VALUES(130,310016,'parse','blocks','{"block_index":310016,"ledger_hash":"d95cf7b2af3f578fc64450d484323075e81999a868918d3dbf89160269d68980","messages_hash":"67bd23996c44abf795d46f99324fc81118f4c3e6fe0f361177b1fd95f921b9cc","transaction_count":1,"txlist_hash":"92ed43fd80e4e254ebff7dc725c32962beb79be51dfe8d62d12bd8e123320532"}',0,'BLOCK_PARSED',NULL,'b820325cd61b61ae38ec089eb1c03247fa0152f783a4d883580758c83ab63d89');
INSERT INTO messages VALUES(131,310017,'insert','blocks','{"block_hash":"8a4fedfbf734b91a5c5761a7bcb3908ea57169777a7018148c51ff611970e4a3","block_index":310017,"block_time":310017000,"difficulty":null,"ledger_hash":null,"previous_block_hash":null,"txlist_hash":null}',0,'NEW_BLOCK',NULL,'7405e43d71c082a0e3daac547c29db73317d3d0b2ea304807d70956b41e25f36');
INSERT INTO messages VALUES(132,310017,'insert','transactions','{"block_hash":"8a4fedfbf734b91a5c5761a7bcb3908ea57169777a7018148c51ff611970e4a3","block_index":310017,"block_time":310017000,"btc_amount":1000,"data":"00000028000352bb33c80000000026be3680000000002cb417803ff0000000000000000013b00000000a","destination":"3_mn6q3dS2EnDUx3bmyWc6D4szJNVGtaR7zc_mnfAHmddVibnZNSkh8DvKaQoiEfNsxjXzH_mtQheFaSfWELRB2MyMBaiWjdDm6ux9Ezns_3","fee":7650,"source":"3_mn6q3dS2EnDUx3bmyWc6D4szJNVGtaR7zc_mnfAHmddVibnZNSkh8DvKaQoiEfNsxjXzH_mtQheFaSfWELRB2MyMBaiWjdDm6ux9Ezns_3","supported":true,"tx_hash":"07d3cbac831b5edb261b1445071e307949d7825565b8d5c8cba1d720d5c7ab4a","tx_index":18,"utxos_info":" f7c3acafbffbae86eb37a0334e4440425dd54628c1ffe103aaa4332f612b0d5f:0 3 "}',0,'NEW_TRANSACTION',NULL,'3241a4c8587f73977965cc32390357413860006498f1f46d1eaf9c2bb464f15b');
INSERT INTO messages VALUES(133,310017,'insert','debits','{"action":"bet","address":"3_mn6q3dS2EnDUx3bmyWc6D4szJNVGtaR7zc_mnfAHmddVibnZNSkh8DvKaQoiEfNsxjXzH_mtQheFaSfWELRB2MyMBaiWjdDm6ux9Ezns_3","asset":"XCP","block_index":310017,"event":"07d3cbac831b5edb261b1445071e307949d7825565b8d5c8cba1d720d5c7ab4a","quantity":650000000,"tx_index":18,"utxo":null,"utxo_address":null}',0,'DEBIT','07d3cbac831b5edb261b1445071e307949d7825565b8d5c8cba1d720d5c7ab4a','79ea6b1f91f295913b553384e7cca7dc99de1144719f9495503aa271ad04cfef');
INSERT INTO messages VALUES(134,310017,'insert','bets','{"bet_type":3,"block_index":310017,"counterwager_quantity":750000000,"counterwager_remaining":750000000,"deadline":1388000200,"expiration":10,"expire_index":310027,"fee_fraction_int":99999999.0,"feed_address":"3_mn6q3dS2EnDUx3bmyWc6D4szJNVGtaR7zc_mnfAHmddVibnZNSkh8DvKaQoiEfNsxjXzH_mtQheFaSfWELRB2MyMBaiWjdDm6ux9Ezns_3","leverage":5040,"source":"3_mn6q3dS2EnDUx3bmyWc6D4szJNVGtaR7zc_mnfAHmddVibnZNSkh8DvKaQoiEfNsxjXzH_mtQheFaSfWELRB2MyMBaiWjdDm6ux9Ezns_3","status":"open","target_value":1.0,"tx_hash":"07d3cbac831b5edb261b1445071e307949d7825565b8d5c8cba1d720d5c7ab4a","tx_index":18,"wager_quantity":650000000,"wager_remaining":650000000}',0,'OPEN_BET','07d3cbac831b5edb261b1445071e307949d7825565b8d5c8cba1d720d5c7ab4a','bbe7314b4db3234cd7e2ea9a58b480787dd97b7a2ef9daff533551af97c1167b');
INSERT INTO messages VALUES(135,310017,'insert','credits','{"address":"3_mn6q3dS2EnDUx3bmyWc6D4szJNVGtaR7zc_mnfAHmddVibnZNSkh8DvKaQoiEfNsxjXzH_mtQheFaSfWELRB2MyMBaiWjdDm6ux9Ezns_3","asset":"XCP","block_index":310017,"calling_function":"filled","event":"07d3cbac831b5edb261b1445071e307949d7825565b8d5c8cba1d720d5c7ab4a","quantity":0,"tx_index":18,"utxo":null,"utxo_address":null}',0,'CREDIT','07d3cbac831b5edb261b1445071e307949d7825565b8d5c8cba1d720d5c7ab4a','99b3dfa8fe30a53b606fa3514b836f33257c0d6a489f5d2fea3096e74b946d76');
INSERT INTO messages VALUES(136,310017,'update','bets','{"counterwager_remaining":0,"status":"filled","tx_hash":"5e0cd8d81531e656dc3a4ae4b7edfd1bec48e455ed0bd69a4a3c22c0c08bbede","wager_remaining":0}',0,'BET_UPDATE','07d3cbac831b5edb261b1445071e307949d7825565b8d5c8cba1d720d5c7ab4a','f42b862a039c69b0881ecfaa77bb50dc79a87b6f5a9ef78d69a4317637042ac2');
INSERT INTO messages VALUES(137,310017,'insert','credits','{"address":"3_mn6q3dS2EnDUx3bmyWc6D4szJNVGtaR7zc_mnfAHmddVibnZNSkh8DvKaQoiEfNsxjXzH_mtQheFaSfWELRB2MyMBaiWjdDm6ux9Ezns_3","asset":"XCP","block_index":310017,"calling_function":"filled","event":"07d3cbac831b5edb261b1445071e307949d7825565b8d5c8cba1d720d5c7ab4a","quantity":0,"tx_index":18,"utxo":null,"utxo_address":null}',0,'CREDIT','07d3cbac831b5edb261b1445071e307949d7825565b8d5c8cba1d720d5c7ab4a','d4c77e53ebfb0d0c4b947a42bcbded115f5bd8b48b9c1ea3758683abeb29d660');
INSERT INTO messages VALUES(138,310017,'update','bets','{"counterwager_remaining":0,"status":"filled","tx_hash":"07d3cbac831b5edb261b1445071e307949d7825565b8d5c8cba1d720d5c7ab4a","wager_remaining":0}',0,'BET_UPDATE','07d3cbac831b5edb261b1445071e307949d7825565b8d5c8cba1d720d5c7ab4a','867d5415d2ae9c386e25cdd987f5359bf2608cb36f961fa704fd299f0c038284');
INSERT INTO messages VALUES(139,310017,'insert','bet_matches','{"backward_quantity":650000000,"block_index":310016,"deadline":1388000200,"fee_fraction_int":99999999,"feed_address":"3_mn6q3dS2EnDUx3bmyWc6D4szJNVGtaR7zc_mnfAHmddVibnZNSkh8DvKaQoiEfNsxjXzH_mtQheFaSfWELRB2MyMBaiWjdDm6ux9Ezns_3","forward_quantity":750000000,"id":"5e0cd8d81531e656dc3a4ae4b7edfd1bec48e455ed0bd69a4a3c22c0c08bbede_07d3cbac831b5edb261b1445071e307949d7825565b8d5c8cba1d720d5c7ab4a","initial_value":100.0,"leverage":5040,"match_expire_index":310026,"status":"pending","target_value":1.0,"tx0_address":"3_mn6q3dS2EnDUx3bmyWc6D4szJNVGtaR7zc_mnfAHmddVibnZNSkh8DvKaQoiEfNsxjXzH_mtQheFaSfWELRB2MyMBaiWjdDm6ux9Ezns_3","tx0_bet_type":2,"tx0_block_index":310016,"tx0_expiration":10,"tx0_hash":"5e0cd8d81531e656dc3a4ae4b7edfd1bec48e455ed0bd69a4a3c22c0c08bbede","tx0_index":17,"tx1_address":"3_mn6q3dS2EnDUx3bmyWc6D4szJNVGtaR7zc_mnfAHmddVibnZNSkh8DvKaQoiEfNsxjXzH_mtQheFaSfWELRB2MyMBaiWjdDm6ux9Ezns_3","tx1_bet_type":3,"tx1_block_index":310017,"tx1_expiration":10,"tx1_hash":"07d3cbac831b5edb261b1445071e307949d7825565b8d5c8cba1d720d5c7ab4a","tx1_index":18}',0,'BET_MATCH','07d3cbac831b5edb261b1445071e307949d7825565b8d5c8cba1d720d5c7ab4a','18b8a91c161f892922b153c3687fe7113230790e4ed49eb3de3a452f0ee1cea7');
INSERT INTO messages VALUES(140,310017,'parse','transactions','{"supported":true,"tx_hash":"07d3cbac831b5edb261b1445071e307949d7825565b8d5c8cba1d720d5c7ab4a","tx_index":18}',0,'TRANSACTION_PARSED','07d3cbac831b5edb261b1445071e307949d7825565b8d5c8cba1d720d5c7ab4a','bec883738568cc7355078a189d6d2fec870f9bf5df3fcf926d05c87cb243a77d');
INSERT INTO messages VALUES(141,310017,'parse','blocks','{"block_index":310017,"ledger_hash":"725783dab777f54b11be66fdf47280852fd6b4d8a9b9f2fbba9e92056538ce73","messages_hash":"b3549b4813ffb242f1d9e7a19ec4d54c74801cf6d6160c3fc2f759b616a74596","transaction_count":1,"txlist_hash":"f21d857139bdc083724362346aeaa455f82caf0fdf13f2ca880db6dbc6e047b2"}',0,'BLOCK_PARSED',NULL,'4908c23301c672f3735e03af60088e997f99bfcee149c9e20f5fb7bcf117bd69');
INSERT INTO messages VALUES(142,310018,'insert','blocks','{"block_hash":"35c06f9e3de39e4e56ceb1d1a22008f52361c50dd0d251c0acbe2e3c2dba8ed3","block_index":310018,"block_time":310018000,"difficulty":null,"ledger_hash":null,"previous_block_hash":null,"txlist_hash":null}',0,'NEW_BLOCK',NULL,'1769058cfeb5b31a7a7f04e85a4e56ca4d67e846817580447d252bb59a58b3e9');
INSERT INTO messages VALUES(143,310018,'insert','transactions','{"block_hash":"35c06f9e3de39e4e56ceb1d1a22008f52361c50dd0d251c0acbe2e3c2dba8ed3","block_index":310018,"block_time":310018000,"btc_amount":0,"data":"0000001e52bb33324058f7256ffc115e004c4b4009556e69742054657374","destination":"","fee":6800,"source":"3_mn6q3dS2EnDUx3bmyWc6D4szJNVGtaR7zc_mnfAHmddVibnZNSkh8DvKaQoiEfNsxjXzH_mtQheFaSfWELRB2MyMBaiWjdDm6ux9Ezns_3","supported":true,"tx_hash":"5a057227535fcb5aeaf56ec919321667cc45f4fa7d11bf940d22abaad909cd66","tx_index":19,"utxos_info":" 74fb288e8ceaf5f9cdeaefe2cbdde99ec1eafb8ea3b80ab96725cbc6913ef266:0 2 "}',0,'NEW_TRANSACTION',NULL,'0c195746604ef02d926e8460c2077ed1b6343a674f2906f6ef498cd662a9d3bc');
INSERT INTO messages VALUES(144,310018,'insert','broadcasts','{"block_index":310018,"fee_fraction_int":5000000,"locked":false,"source":"3_mn6q3dS2EnDUx3bmyWc6D4szJNVGtaR7zc_mnfAHmddVibnZNSkh8DvKaQoiEfNsxjXzH_mtQheFaSfWELRB2MyMBaiWjdDm6ux9Ezns_3","status":"valid","text":"Unit Test","timestamp":1388000050,"tx_hash":"5a057227535fcb5aeaf56ec919321667cc45f4fa7d11bf940d22abaad909cd66","tx_index":19,"value":99.86166}',0,'BROADCAST','5a057227535fcb5aeaf56ec919321667cc45f4fa7d11bf940d22abaad909cd66','40afeb7f136fd4d41cf433b3177c870fbd3333a082106598b9c041a13ae2d233');
INSERT INTO messages VALUES(145,310018,'insert','credits','{"address":"3_mn6q3dS2EnDUx3bmyWc6D4szJNVGtaR7zc_mnfAHmddVibnZNSkh8DvKaQoiEfNsxjXzH_mtQheFaSfWELRB2MyMBaiWjdDm6ux9Ezns_3","asset":"XCP","block_index":310018,"calling_function":"bet settled: liquidated for bear","event":"5a057227535fcb5aeaf56ec919321667cc45f4fa7d11bf940d22abaad909cd66","quantity":59137500,"tx_index":19,"utxo":null,"utxo_address":null}',0,'CREDIT','5a057227535fcb5aeaf56ec919321667cc45f4fa7d11bf940d22abaad909cd66','8cdffa6f8dc517b2b552fcbcc182b8b3ad9b5f681871089345addb9a938b8ca7');
INSERT INTO messages VALUES(146,310018,'insert','credits','{"address":"3_mn6q3dS2EnDUx3bmyWc6D4szJNVGtaR7zc_mnfAHmddVibnZNSkh8DvKaQoiEfNsxjXzH_mtQheFaSfWELRB2MyMBaiWjdDm6ux9Ezns_3","asset":"XCP","block_index":310018,"calling_function":"feed fee","event":"5a057227535fcb5aeaf56ec919321667cc45f4fa7d11bf940d22abaad909cd66","quantity":3112500,"tx_index":19,"utxo":null,"utxo_address":null}',0,'CREDIT','5a057227535fcb5aeaf56ec919321667cc45f4fa7d11bf940d22abaad909cd66','bba06809a77742fc6204dc4e8c079ab6c86b1b65ad8e5c584b468d0f2e0dae28');
INSERT INTO messages VALUES(147,310018,'insert','bet_match_resolutions','{"bear_credit":59137500,"bet_match_id":"5c49e06f8ddf9cc0f83541550664bb00075a2f01df493278097066462497af16_813e45480753e39c6ea548efd6b77f830120a41ac3b9bd37a4470b14e83301a3","bet_match_type_id":1,"block_index":310018,"bull_credit":0,"escrow_less_fee":null,"fee":3112500,"settled":false,"winner":null}',0,'BET_MATCH_RESOLUTON','5a057227535fcb5aeaf56ec919321667cc45f4fa7d11bf940d22abaad909cd66','dafce49ecb2cb4c475e56d77e1aeeb3f22a938b258e2e8f25bf9044025af91ca');
INSERT INTO messages VALUES(148,310018,'update','bet_matches','{"id":"5c49e06f8ddf9cc0f83541550664bb00075a2f01df493278097066462497af16_813e45480753e39c6ea548efd6b77f830120a41ac3b9bd37a4470b14e83301a3","status":"settled: liquidated for bear"}',0,'BET_MATCH_UPDATE','5a057227535fcb5aeaf56ec919321667cc45f4fa7d11bf940d22abaad909cd66','a3a24aeb0595d1b798d32bfc23683de798ac98dc1835a9e1fa34b87f41855aa8');
INSERT INTO messages VALUES(149,310018,'parse','transactions','{"supported":true,"tx_hash":"5a057227535fcb5aeaf56ec919321667cc45f4fa7d11bf940d22abaad909cd66","tx_index":19}',0,'TRANSACTION_PARSED','5a057227535fcb5aeaf56ec919321667cc45f4fa7d11bf940d22abaad909cd66','acc31cedd08ff2322c665896ea0eb42536f4667784f26a60698a85e08ca31d77');
INSERT INTO messages VALUES(150,310018,'parse','blocks','{"block_index":310018,"ledger_hash":"05ad248fa836b50ce72a2f61c7465a455cc48ac92f2c0ff9bb9f94e69081d1e7","messages_hash":"c5b33005ca81543359c7d57676423b6d57005b3533ae8394476dae131127ac90","transaction_count":1,"txlist_hash":"3e8a8361086aee82a316c2a041d8f4e1d7b4000c3e18263ca84a3267a811ee7d"}',0,'BLOCK_PARSED',NULL,'da5b519b55ce67aec9e7889ee87afde0c2e312e5fd23fa06e81083248b5011e1');
INSERT INTO messages VALUES(151,310019,'insert','blocks','{"block_hash":"114affa0c4f34b1ebf8e2778c9477641f60b5b9e8a69052158041d4c41893294","block_index":310019,"block_time":310019000,"difficulty":null,"ledger_hash":null,"previous_block_hash":null,"txlist_hash":null}',0,'NEW_BLOCK',NULL,'7414d3350ca4712d34eda4f6c700b96d914481f14d617d64a352fa705babdb8f');
INSERT INTO messages VALUES(152,310019,'insert','transactions','{"block_hash":"114affa0c4f34b1ebf8e2778c9477641f60b5b9e8a69052158041d4c41893294","block_index":310019,"block_time":310019000,"btc_amount":0,"data":"0000001e52bb3365405915f3b645a1cb004c4b4009556e69742054657374","destination":"","fee":6800,"source":"3_mn6q3dS2EnDUx3bmyWc6D4szJNVGtaR7zc_mnfAHmddVibnZNSkh8DvKaQoiEfNsxjXzH_mtQheFaSfWELRB2MyMBaiWjdDm6ux9Ezns_3","supported":true,"tx_hash":"0baab7280b14d7d8597dc5f570682654fac0453b0b4c374d45cef3d21a7ceb17","tx_index":20,"utxos_info":" 9ff1232263d22ec7f8d8fcd4fa194620e14b9bb67f8704cce671114867664a4b:0 2 "}',0,'NEW_TRANSACTION',NULL,'ceb28f694604669f1c4e913fc10628be2a61772df65c18ecdeaa2477b9dfb98d');
INSERT INTO messages VALUES(153,310019,'insert','broadcasts','{"block_index":310019,"fee_fraction_int":5000000,"locked":false,"source":"3_mn6q3dS2EnDUx3bmyWc6D4szJNVGtaR7zc_mnfAHmddVibnZNSkh8DvKaQoiEfNsxjXzH_mtQheFaSfWELRB2MyMBaiWjdDm6ux9Ezns_3","status":"valid","text":"Unit Test","timestamp":1388000101,"tx_hash":"0baab7280b14d7d8597dc5f570682654fac0453b0b4c374d45cef3d21a7ceb17","tx_index":20,"value":100.343}',0,'BROADCAST','0baab7280b14d7d8597dc5f570682654fac0453b0b4c374d45cef3d21a7ceb17','6d79575bb8e272341e4d2435a73610723fa61f302c609ecfad09a7d80dc6825e');
INSERT INTO messages VALUES(154,310019,'insert','credits','{"address":"3_mn6q3dS2EnDUx3bmyWc6D4szJNVGtaR7zc_mnfAHmddVibnZNSkh8DvKaQoiEfNsxjXzH_mtQheFaSfWELRB2MyMBaiWjdDm6ux9Ezns_3","asset":"XCP","block_index":310019,"calling_function":"bet settled","event":"0baab7280b14d7d8597dc5f570682654fac0453b0b4c374d45cef3d21a7ceb17","quantity":159300000,"tx_index":20,"utxo":null,"utxo_address":null}',0,'CREDIT','0baab7280b14d7d8597dc5f570682654fac0453b0b4c374d45cef3d21a7ceb17','a02863a17861a0da753ac095e7ae41df32fe597217f673aabe8b6e4f6ff50a98');
INSERT INTO messages VALUES(155,310019,'insert','credits','{"address":"3_mn6q3dS2EnDUx3bmyWc6D4szJNVGtaR7zc_mnfAHmddVibnZNSkh8DvKaQoiEfNsxjXzH_mtQheFaSfWELRB2MyMBaiWjdDm6ux9Ezns_3","asset":"XCP","block_index":310019,"calling_function":"bet settled","event":"0baab7280b14d7d8597dc5f570682654fac0453b0b4c374d45cef3d21a7ceb17","quantity":315700000,"tx_index":20,"utxo":null,"utxo_address":null}',0,'CREDIT','0baab7280b14d7d8597dc5f570682654fac0453b0b4c374d45cef3d21a7ceb17','1971d594c846643aa853147d5696e08083741b35fedf76697cc6dd5cd7f09122');
INSERT INTO messages VALUES(156,310019,'insert','credits','{"address":"3_mn6q3dS2EnDUx3bmyWc6D4szJNVGtaR7zc_mnfAHmddVibnZNSkh8DvKaQoiEfNsxjXzH_mtQheFaSfWELRB2MyMBaiWjdDm6ux9Ezns_3","asset":"XCP","block_index":310019,"calling_function":"feed fee","event":"0baab7280b14d7d8597dc5f570682654fac0453b0b4c374d45cef3d21a7ceb17","quantity":25000000,"tx_index":20,"utxo":null,"utxo_address":null}',0,'CREDIT','0baab7280b14d7d8597dc5f570682654fac0453b0b4c374d45cef3d21a7ceb17','619c7841a33a35a713b7b4c7d3135b5d299f54e0502999a7d5c16ccbd40700fe');
INSERT INTO messages VALUES(157,310019,'insert','bet_match_resolutions','{"bear_credit":315700000,"bet_match_id":"33fdca6b108f99ffb56d590f55f9d19c7d16fe83c096b9fbbf71eabeda826a41_22375d61ad5cb70e45ca8843ccffa0abe11b028351352d5da874d246c834ab6f","bet_match_type_id":1,"block_index":310019,"bull_credit":159300000,"escrow_less_fee":null,"fee":25000000,"settled":true,"winner":null}',0,'BET_MATCH_RESOLUTON','0baab7280b14d7d8597dc5f570682654fac0453b0b4c374d45cef3d21a7ceb17','c46f4465619d7cee6b70383e5fd37353f102d91aa51392472117100b83ee469a');
INSERT INTO messages VALUES(158,310019,'update','bet_matches','{"id":"33fdca6b108f99ffb56d590f55f9d19c7d16fe83c096b9fbbf71eabeda826a41_22375d61ad5cb70e45ca8843ccffa0abe11b028351352d5da874d246c834ab6f","status":"settled"}',0,'BET_MATCH_UPDATE','0baab7280b14d7d8597dc5f570682654fac0453b0b4c374d45cef3d21a7ceb17','00f9e066312808fba610ef139fb604e7bd092423a3b15e32cf1f85357fe93906');
INSERT INTO messages VALUES(159,310019,'parse','transactions','{"supported":true,"tx_hash":"0baab7280b14d7d8597dc5f570682654fac0453b0b4c374d45cef3d21a7ceb17","tx_index":20}',0,'TRANSACTION_PARSED','0baab7280b14d7d8597dc5f570682654fac0453b0b4c374d45cef3d21a7ceb17','734e912eda5f8a89a8e69b346bf8d8c23a23fb7b25437fdf0ddf1adf034ef024');
INSERT INTO messages VALUES(160,310019,'parse','blocks','{"block_index":310019,"ledger_hash":"0ab8707bce7b77beecc32ad6124482cb561776ed245ce6dce08f5318e2cf396f","messages_hash":"0d3eceb64b91accd442f9aef41abc3d918cb3686461db4fe9b0ad74b70573fea","transaction_count":1,"txlist_hash":"d66ff9e099bc707b866c2595b0bb642657601a36ab06cafa070f18e9f3ad30e3"}',0,'BLOCK_PARSED',NULL,'130b1d85007491416042ef28a9e982a6c3482deb81f2434b22246e33cba8510c');
INSERT INTO messages VALUES(161,310020,'insert','blocks','{"block_hash":"d93c79920e4a42164af74ecb5c6b903ff6055cdc007376c74dfa692c8d85ebc9","block_index":310020,"block_time":310020000,"difficulty":null,"ledger_hash":null,"previous_block_hash":null,"txlist_hash":null}',0,'NEW_BLOCK',NULL,'d6f713cce15fa67e3ce756c140856b206a7d74f68a20c4d74dd46748f73945ae');
INSERT INTO messages VALUES(162,310020,'insert','transactions','{"block_hash":"d93c79920e4a42164af74ecb5c6b903ff6055cdc007376c74dfa692c8d85ebc9","block_index":310020,"block_time":310020000,"btc_amount":0,"data":"0000001e52bb33c94000000000000000004c4b4009556e69742054657374","destination":"","fee":6800,"source":"3_mn6q3dS2EnDUx3bmyWc6D4szJNVGtaR7zc_mnfAHmddVibnZNSkh8DvKaQoiEfNsxjXzH_mtQheFaSfWELRB2MyMBaiWjdDm6ux9Ezns_3","supported":true,"tx_hash":"2b39f99114417cb4857c8c2c671b4bc3bc8b3e52865daa91a49ea6d9bdfb6402","tx_index":21,"utxos_info":" 5d2638e1c58ffa4055d6ae17293c34a353e57c7c019a5b1a90fab83747fc6113:0 2 "}',0,'NEW_TRANSACTION',NULL,'524b688d5e039f8144b3330cc271ee833d851d532801b85e1dbe1ec9f928ee26');
INSERT INTO messages VALUES(163,310020,'insert','broadcasts','{"block_index":310020,"fee_fraction_int":5000000,"locked":false,"source":"3_mn6q3dS2EnDUx3bmyWc6D4szJNVGtaR7zc_mnfAHmddVibnZNSkh8DvKaQoiEfNsxjXzH_mtQheFaSfWELRB2MyMBaiWjdDm6ux9Ezns_3","status":"valid","text":"Unit Test","timestamp":1388000201,"tx_hash":"2b39f99114417cb4857c8c2c671b4bc3bc8b3e52865daa91a49ea6d9bdfb6402","tx_index":21,"value":2.0}',0,'BROADCAST','2b39f99114417cb4857c8c2c671b4bc3bc8b3e52865daa91a49ea6d9bdfb6402','d5485fa66bbbb37fa6ec68052c22f9cb6b579baf94068898104ecbc098dc5bd5');
INSERT INTO messages VALUES(164,310020,'insert','credits','{"address":"3_mn6q3dS2EnDUx3bmyWc6D4szJNVGtaR7zc_mnfAHmddVibnZNSkh8DvKaQoiEfNsxjXzH_mtQheFaSfWELRB2MyMBaiWjdDm6ux9Ezns_3","asset":"XCP","block_index":310020,"calling_function":"bet settled: for notequal","event":"2b39f99114417cb4857c8c2c671b4bc3bc8b3e52865daa91a49ea6d9bdfb6402","quantity":1330000000,"tx_index":21,"utxo":null,"utxo_address":null}',0,'CREDIT','2b39f99114417cb4857c8c2c671b4bc3bc8b3e52865daa91a49ea6d9bdfb6402','7b3f5d2157d286ac42799450811d96b68147aefd66c4d6dbb38f74f8eb64b689');
INSERT INTO messages VALUES(165,310020,'insert','credits','{"address":"3_mn6q3dS2EnDUx3bmyWc6D4szJNVGtaR7zc_mnfAHmddVibnZNSkh8DvKaQoiEfNsxjXzH_mtQheFaSfWELRB2MyMBaiWjdDm6ux9Ezns_3","asset":"XCP","block_index":310020,"calling_function":"feed fee","event":"2b39f99114417cb4857c8c2c671b4bc3bc8b3e52865daa91a49ea6d9bdfb6402","quantity":70000000,"tx_index":21,"utxo":null,"utxo_address":null}',0,'CREDIT','2b39f99114417cb4857c8c2c671b4bc3bc8b3e52865daa91a49ea6d9bdfb6402','e258c6616fab608b19e29a7ef3c8e903f70faabcdef69bf570bbc5e0904c15f6');
INSERT INTO messages VALUES(166,310020,'insert','bet_match_resolutions','{"bear_credit":null,"bet_match_id":"5e0cd8d81531e656dc3a4ae4b7edfd1bec48e455ed0bd69a4a3c22c0c08bbede_07d3cbac831b5edb261b1445071e307949d7825565b8d5c8cba1d720d5c7ab4a","bet_match_type_id":5,"block_index":310020,"bull_credit":null,"escrow_less_fee":1330000000,"fee":70000000,"settled":null,"winner":"NotEqual"}',0,'BET_MATCH_RESOLUTON','2b39f99114417cb4857c8c2c671b4bc3bc8b3e52865daa91a49ea6d9bdfb6402','85e7138dbd771ec0431d721a312bff5814c233a8ba72a19c2f7e3dc4da717ff0');
INSERT INTO messages VALUES(167,310020,'update','bet_matches','{"id":"5e0cd8d81531e656dc3a4ae4b7edfd1bec48e455ed0bd69a4a3c22c0c08bbede_07d3cbac831b5edb261b1445071e307949d7825565b8d5c8cba1d720d5c7ab4a","status":"settled: for notequal"}',0,'BET_MATCH_UPDATE','2b39f99114417cb4857c8c2c671b4bc3bc8b3e52865daa91a49ea6d9bdfb6402','5ecb24ad396248a7d8caf00dd3c739829ff6b19eadc455753d6ad2d03b3b05c9');
INSERT INTO messages VALUES(168,310020,'parse','transactions','{"supported":true,"tx_hash":"2b39f99114417cb4857c8c2c671b4bc3bc8b3e52865daa91a49ea6d9bdfb6402","tx_index":21}',0,'TRANSACTION_PARSED','2b39f99114417cb4857c8c2c671b4bc3bc8b3e52865daa91a49ea6d9bdfb6402','97fcd2d5a80559c1a0d9888aecb748c6200756d200207937073d819ae1be4a44');
INSERT INTO messages VALUES(169,310020,'parse','blocks','{"block_index":310020,"ledger_hash":"198edc4bf109549538a2f8f96714536a99a1568fe16fe4254881520474adc68d","messages_hash":"97dbd8fb945fa4d523c2349540fd6002100b7495aef01531f82e37c8c23745ae","transaction_count":1,"txlist_hash":"3bd8ef01a2be7a5d817b535f19e456325bcf2d684ac25f09124d4582040fde54"}',0,'BLOCK_PARSED',NULL,'2a385899b2c2d7703e8a0d2da8e8fac4ec8597f4592627efa03e96c0ec8371a8');
INSERT INTO messages VALUES(170,310021,'insert','blocks','{"block_hash":"7c2460bb32c5749c856486393239bf7a0ac789587ac71f32e7237910da8097f2","block_index":310021,"block_time":310021000,"difficulty":null,"ledger_hash":null,"previous_block_hash":null,"txlist_hash":null}',0,'NEW_BLOCK',NULL,'811d1fbfbdf8b9ef51438badb6d0604013c1f2ce3400c1ed1151fd8d63381a96');
INSERT INTO messages VALUES(171,310021,'insert','transactions','{"block_hash":"7c2460bb32c5749c856486393239bf7a0ac789587ac71f32e7237910da8097f2","block_index":310021,"block_time":310021000,"btc_amount":0,"data":"0000000a00000000000047670000000002faf08000000000000000010000000002faf080000a0000000000000000","destination":"","fee":6800,"source":"3_mn6q3dS2EnDUx3bmyWc6D4szJNVGtaR7zc_mnfAHmddVibnZNSkh8DvKaQoiEfNsxjXzH_mtQheFaSfWELRB2MyMBaiWjdDm6ux9Ezns_3","supported":true,"tx_hash":"19c6fe5cbf0be99ff3d469077e866e0f9fdc56901824b7fec89b0b523526e323","tx_index":22,"utxos_info":" 322ca39f1c6a4e524868c74a1bc3ca8d5db6448e33db2511a9989643810625c7:0 2 "}',0,'NEW_TRANSACTION',NULL,'c860b48c7f1c693c0f883941f29c3f788a8ded4ce7395985996d2a988aec9954');
INSERT INTO messages VALUES(172,310021,'insert','debits','{"action":"open order","address":"3_mn6q3dS2EnDUx3bmyWc6D4szJNVGtaR7zc_mnfAHmddVibnZNSkh8DvKaQoiEfNsxjXzH_mtQheFaSfWELRB2MyMBaiWjdDm6ux9Ezns_3","asset":"BBBB","block_index":310021,"event":"19c6fe5cbf0be99ff3d469077e866e0f9fdc56901824b7fec89b0b523526e323","quantity":50000000,"tx_index":22,"utxo":null,"utxo_address":null}',0,'DEBIT','19c6fe5cbf0be99ff3d469077e866e0f9fdc56901824b7fec89b0b523526e323','e7e51a5c1e0866aace26cf759994f9a4d5c06d35de63dfb78f8d5545931d7209');
INSERT INTO messages VALUES(173,310021,'insert','orders','{"block_index":310021,"expiration":10,"expire_index":310031,"fee_provided":6800,"fee_provided_remaining":6800,"fee_required":0,"fee_required_remaining":0,"get_asset":"XCP","get_quantity":50000000,"get_remaining":50000000,"give_asset":"BBBB","give_quantity":50000000,"give_remaining":50000000,"source":"3_mn6q3dS2EnDUx3bmyWc6D4szJNVGtaR7zc_mnfAHmddVibnZNSkh8DvKaQoiEfNsxjXzH_mtQheFaSfWELRB2MyMBaiWjdDm6ux9Ezns_3","status":"open","tx_hash":"19c6fe5cbf0be99ff3d469077e866e0f9fdc56901824b7fec89b0b523526e323","tx_index":22}',0,'OPEN_ORDER','19c6fe5cbf0be99ff3d469077e866e0f9fdc56901824b7fec89b0b523526e323','b44458249aeb707280156c78957c117c94d406dea0a470bba0a2deac50b1f1f1');
INSERT INTO messages VALUES(174,310021,'parse','transactions','{"supported":true,"tx_hash":"19c6fe5cbf0be99ff3d469077e866e0f9fdc56901824b7fec89b0b523526e323","tx_index":22}',0,'TRANSACTION_PARSED','19c6fe5cbf0be99ff3d469077e866e0f9fdc56901824b7fec89b0b523526e323','d473f45ce5887dd8a2bc89a3439c15220a43428bdb1275485e81e2126ec5fefb');
INSERT INTO messages VALUES(175,310021,'parse','blocks','{"block_index":310021,"ledger_hash":"52482033c5c11ad24257707137b090606305497618e29050b2fdd3e13bc822ce","messages_hash":"e5efa51b52d035a37dfe747b9e806e9fd8b524002e8584d37907a084fdccbcaf","transaction_count":1,"txlist_hash":"7d74bbdb4057dc5d0e9b568e983df362b87bdacdddf2724b1ee4c42b6602bd47"}',0,'BLOCK_PARSED',NULL,'493d3dcb460c2dfcb8dbb77de7b38048909a7f8018cb2216571f82981606b1bd');
INSERT INTO messages VALUES(176,310022,'insert','blocks','{"block_hash":"44435f9a99a0aa12a9bfabdc4cb8119f6ea6a6e1350d2d65445fb66a456db5fc","block_index":310022,"block_time":310022000,"difficulty":null,"ledger_hash":null,"previous_block_hash":null,"txlist_hash":null}',0,'NEW_BLOCK',NULL,'35324f6236dde79a31a40728a8e6c59173e445b00a179cd1402196ebe8f298ff');
INSERT INTO messages VALUES(177,310022,'insert','transactions','{"block_hash":"44435f9a99a0aa12a9bfabdc4cb8119f6ea6a6e1350d2d65445fb66a456db5fc","block_index":310022,"block_time":310022000,"btc_amount":100000000,"data":"","destination":"mvCounterpartyXXXXXXXXXXXXXXW24Hef","fee":5625,"source":"3_mn6q3dS2EnDUx3bmyWc6D4szJNVGtaR7zc_mnfAHmddVibnZNSkh8DvKaQoiEfNsxjXzH_mtQheFaSfWELRB2MyMBaiWjdDm6ux9Ezns_3","supported":true,"tx_hash":"3739350ed4c86474468cb1fed825b1ef141304d638b298867d0b2ae58c509c22","tx_index":23,"utxos_info":" ce8432a1b0579faf1ec3f8b93b7bea7fa3dd3a8b1a3b74b1bda7d3030e701e58:0 2 "}',0,'NEW_TRANSACTION',NULL,'1c4316a9f4344f691d14f3acc5730a9af5a1aa0cc899f2ddddf3bd274daffa44');
INSERT INTO messages VALUES(178,310022,'insert','credits','{"address":"3_mn6q3dS2EnDUx3bmyWc6D4szJNVGtaR7zc_mnfAHmddVibnZNSkh8DvKaQoiEfNsxjXzH_mtQheFaSfWELRB2MyMBaiWjdDm6ux9Ezns_3","asset":"XCP","block_index":310022,"calling_function":"burn","event":"3739350ed4c86474468cb1fed825b1ef141304d638b298867d0b2ae58c509c22","quantity":56999887262,"tx_index":23,"utxo":null,"utxo_address":null}',0,'CREDIT','3739350ed4c86474468cb1fed825b1ef141304d638b298867d0b2ae58c509c22','e3610b0f42149a2ce96164bc92c706368ef614c8aa491924fb13051315874a2d');
INSERT INTO messages VALUES(179,310022,'insert','burns','{"block_index":310022,"burned":38000000,"earned":56999887262,"source":"3_mn6q3dS2EnDUx3bmyWc6D4szJNVGtaR7zc_mnfAHmddVibnZNSkh8DvKaQoiEfNsxjXzH_mtQheFaSfWELRB2MyMBaiWjdDm6ux9Ezns_3","status":"valid","tx_hash":"3739350ed4c86474468cb1fed825b1ef141304d638b298867d0b2ae58c509c22","tx_index":23}',0,'BURN','3739350ed4c86474468cb1fed825b1ef141304d638b298867d0b2ae58c509c22','78165c7d9cfac4f070c9f54f18daa0c7a8cfee122c93631a5dd3d68d6d639093');
INSERT INTO messages VALUES(180,310022,'parse','transactions','{"supported":true,"tx_hash":"3739350ed4c86474468cb1fed825b1ef141304d638b298867d0b2ae58c509c22","tx_index":23}',0,'TRANSACTION_PARSED','3739350ed4c86474468cb1fed825b1ef141304d638b298867d0b2ae58c509c22','f43cc3bcd7277c713bf1764b902f804acf20b60c3ffc009d9160ff245f09cf0d');
INSERT INTO messages VALUES(181,310022,'parse','blocks','{"block_index":310022,"ledger_hash":"85d639cc8147885470da26d3c0470dba0eb8b6870d5941b12bcc4afb8fcd9af1","messages_hash":"29236a8e67df847c4fbba3088cdcf10508aff8935969239318544ca66b4799c6","transaction_count":1,"txlist_hash":"568bbeb4d12090c110442540d6f12734602dcf84ae5e331f0391a4a47857d059"}',0,'BLOCK_PARSED',NULL,'42a518b6f97869f0d5c140f37d0b49bf208599cf8ac628d907773bc1c1225b47');
INSERT INTO messages VALUES(182,310023,'insert','blocks','{"block_hash":"d8cf5bec1bbcab8ca4f495352afde3b6572b7e1d61b3976872ebb8e9d30ccb08","block_index":310023,"block_time":310023000,"difficulty":null,"ledger_hash":null,"previous_block_hash":null,"txlist_hash":null}',0,'NEW_BLOCK',NULL,'077ca601e6214b5ab6ad2b832594313b7f675089b1c30c2a4da2836792a1dcea');
INSERT INTO messages VALUES(183,310023,'insert','transactions','{"block_hash":"d8cf5bec1bbcab8ca4f495352afde3b6572b7e1d61b3976872ebb8e9d30ccb08","block_index":310023,"block_time":310023000,"btc_amount":1000,"data":"0000000000000000000047680000000000002710","destination":"3_mn6q3dS2EnDUx3bmyWc6D4szJNVGtaR7zc_mnfAHmddVibnZNSkh8DvKaQoiEfNsxjXzH_mqPCfvqTfYctXMUfmniXeG2nyaN8w6tPmj_3","fee":7650,"source":"3_mn6q3dS2EnDUx3bmyWc6D4szJNVGtaR7zc_mnfAHmddVibnZNSkh8DvKaQoiEfNsxjXzH_mtQheFaSfWELRB2MyMBaiWjdDm6ux9Ezns_3","supported":true,"tx_hash":"72bd448eb70da9b7554d3b58a1e89356171578c847763af014b25c99e70cbb58","tx_index":24,"utxos_info":" 5769ce4243e3d2e898a792c556ec8da59a8f8a1f262af59569e2b617e5867776:0 3 "}',0,'NEW_TRANSACTION',NULL,'8f4220126faf9a7df84306675576a4aeff7ee3c7c5f33a1a602d979cf6cda69f');
INSERT INTO messages VALUES(184,310023,'update','bets','{"status":"expired","tx_hash":"5c49e06f8ddf9cc0f83541550664bb00075a2f01df493278097066462497af16"}',0,'BET_UPDATE',NULL,'58b3c45b3cfcd0c91fc957e2d906b858907adc636d406dea881c4c08d2df7bf3');
INSERT INTO messages VALUES(185,310023,'insert','credits','{"address":"3_mn6q3dS2EnDUx3bmyWc6D4szJNVGtaR7zc_mnfAHmddVibnZNSkh8DvKaQoiEfNsxjXzH_mtQheFaSfWELRB2MyMBaiWjdDm6ux9Ezns_3","asset":"XCP","block_index":310023,"calling_function":"recredit wager remaining","event":"5c49e06f8ddf9cc0f83541550664bb00075a2f01df493278097066462497af16","quantity":8500000,"tx_index":0,"utxo":null,"utxo_address":null}',0,'CREDIT',NULL,'137d85649111c9b93a24a02b9783397b5a9be9b6da632688b7280993abad8d17');
INSERT INTO messages VALUES(186,310023,'insert','bet_expirations','{"bet_hash":"5c49e06f8ddf9cc0f83541550664bb00075a2f01df493278097066462497af16","bet_index":13,"block_index":310023,"source":"3_mn6q3dS2EnDUx3bmyWc6D4szJNVGtaR7zc_mnfAHmddVibnZNSkh8DvKaQoiEfNsxjXzH_mtQheFaSfWELRB2MyMBaiWjdDm6ux9Ezns_3"}',0,'BET_EXPIRATION',NULL,'8b73350a83b968e6db4995914a5b166eb8f01a5b79246113f975ec7a3f642bc4');
INSERT INTO messages VALUES(187,310023,'insert','debits','{"action":"send","address":"3_mn6q3dS2EnDUx3bmyWc6D4szJNVGtaR7zc_mnfAHmddVibnZNSkh8DvKaQoiEfNsxjXzH_mtQheFaSfWELRB2MyMBaiWjdDm6ux9Ezns_3","asset":"BBBC","block_index":310023,"event":"72bd448eb70da9b7554d3b58a1e89356171578c847763af014b25c99e70cbb58","quantity":10000,"tx_index":24,"utxo":null,"utxo_address":null}',0,'DEBIT','72bd448eb70da9b7554d3b58a1e89356171578c847763af014b25c99e70cbb58','3ce8fac811c80e91e6057a3da7b9a3f9b52a6c01bbc441cfbe893ad83f39977d');
INSERT INTO messages VALUES(188,310023,'insert','credits','{"address":"3_mn6q3dS2EnDUx3bmyWc6D4szJNVGtaR7zc_mnfAHmddVibnZNSkh8DvKaQoiEfNsxjXzH_mqPCfvqTfYctXMUfmniXeG2nyaN8w6tPmj_3","asset":"BBBC","block_index":310023,"calling_function":"send","event":"72bd448eb70da9b7554d3b58a1e89356171578c847763af014b25c99e70cbb58","quantity":10000,"tx_index":24,"utxo":null,"utxo_address":null}',0,'CREDIT','72bd448eb70da9b7554d3b58a1e89356171578c847763af014b25c99e70cbb58','d11926aa07c83e2b859cfbf1afebc59ec01f522602e33894b2ca610b22ca4abe');
INSERT INTO messages VALUES(189,310023,'insert','sends','{"asset":"BBBC","block_index":310023,"destination":"3_mn6q3dS2EnDUx3bmyWc6D4szJNVGtaR7zc_mnfAHmddVibnZNSkh8DvKaQoiEfNsxjXzH_mqPCfvqTfYctXMUfmniXeG2nyaN8w6tPmj_3","msg_index":0,"quantity":10000,"send_type":"send","source":"3_mn6q3dS2EnDUx3bmyWc6D4szJNVGtaR7zc_mnfAHmddVibnZNSkh8DvKaQoiEfNsxjXzH_mtQheFaSfWELRB2MyMBaiWjdDm6ux9Ezns_3","status":"valid","tx_hash":"72bd448eb70da9b7554d3b58a1e89356171578c847763af014b25c99e70cbb58","tx_index":24}',0,'SEND','72bd448eb70da9b7554d3b58a1e89356171578c847763af014b25c99e70cbb58','4bf5ad08e404adc78056fdad9abf8d59b0f5878d265e2e8188ef2a080a1f3161');
INSERT INTO messages VALUES(190,310023,'parse','transactions','{"supported":true,"tx_hash":"72bd448eb70da9b7554d3b58a1e89356171578c847763af014b25c99e70cbb58","tx_index":24}',0,'TRANSACTION_PARSED','72bd448eb70da9b7554d3b58a1e89356171578c847763af014b25c99e70cbb58','7f42b252a7c8f76ba263fd36091b0f0eb540f71aa23e4d71ba9ce704dc5e5c40');
INSERT INTO messages VALUES(191,310023,'parse','blocks','{"block_index":310023,"ledger_hash":"eb62ce47d68491a84b9a29b92db2742021881f0274072f1bc39dfef08cd7a590","messages_hash":"655a03455fa255c8c479144d3f13c87afa2df1eaf3ff1fe61b6b8ff0e19620d8","transaction_count":1,"txlist_hash":"877a4d466f5f780e8103a42fb7771935ef57486ed7d74aa77757b9cb434893b3"}',0,'BLOCK_PARSED',NULL,'811625fa4dcb89dcfa63da6020e51240a5707a23cae190c227bd679c3b0db272');
INSERT INTO messages VALUES(192,310024,'insert','blocks','{"block_hash":"b03042b4e18a222b4c8d1e9e1970d93e6e2a2d41686d227ff8ecf0a839223dc5","block_index":310024,"block_time":310024000,"difficulty":null,"ledger_hash":null,"previous_block_hash":null,"txlist_hash":null}',0,'NEW_BLOCK',NULL,'7adb7e96c8cc9375294774faea41469523087bbc868fe7ca91bfc80180a90aa4');
INSERT INTO messages VALUES(193,310024,'parse','blocks','{"block_index":310024,"ledger_hash":"45e73afbc34855b5cbd342a6fb77545e01f3ff4601a04c6dd25dff665aeff484","messages_hash":"fa432a550c7cc909d1920662d8f16ad62ff21047727db58711cc5c459da454d0","transaction_count":0,"txlist_hash":"b16082c8d932618c9bd89f7b8d6372190cab18b274ed8dbc1b4f04e5edc2bdbf"}',0,'BLOCK_PARSED',NULL,'947bf25bdbfc07ccb5c605d19d8b26c2dfaae139f93989ccca004b0aed93b5db');
INSERT INTO messages VALUES(194,310025,'insert','blocks','{"block_hash":"a872e560766832cc3b4f7f222228cb6db882ce3c54f6459f62c71d5cd6e90666","block_index":310025,"block_time":310025000,"difficulty":null,"ledger_hash":null,"previous_block_hash":null,"txlist_hash":null}',0,'NEW_BLOCK',NULL,'a7d4b47ee4b9b48e4dfd4f97c6a86ebfa5306a809b776e91acf6498f615d70de');
INSERT INTO messages VALUES(195,310025,'parse','blocks','{"block_index":310025,"ledger_hash":"714702b25559325c7bacffdf28e0af30c47bf48e6b4fda053c21ea31c7604128","messages_hash":"33bae5031d029a2f491a995b10da8ea5ee0e927287e0a3d8fee9587d01a4e4fa","transaction_count":0,"txlist_hash":"391a822509e48a899634f3b8a6b0c99fd298eefd97230b401b40c301dd7e6052"}',0,'BLOCK_PARSED',NULL,'8011e4d17e654d73d3a5f1e653741cafabe5121fa1adff0b980d190b4c70a22a');
INSERT INTO messages VALUES(196,310026,'insert','blocks','{"block_hash":"6c96350f6f2f05810f19a689de235eff975338587194a36a70dfd0fcd490941a","block_index":310026,"block_time":310026000,"difficulty":null,"ledger_hash":null,"previous_block_hash":null,"txlist_hash":null}',0,'NEW_BLOCK',NULL,'6bcb4c7a48e7593ac4ac5bc03be832d6c81feb2de4966aaf0eca518a11823be9');
INSERT INTO messages VALUES(197,310026,'parse','blocks','{"block_index":310026,"ledger_hash":"b305741a1e277ba0ce8436b914784ea0156616ac308282a7f29dbca62a54cc82","messages_hash":"c0de4be994d97996db0196df1f37001e4c7e36814302a023bdfc264995320307","transaction_count":0,"txlist_hash":"16c8d91265aaface472342f436e376984d576675529de1f58a188f994375dea0"}',0,'BLOCK_PARSED',NULL,'ef839a13fc3046ae13eed552025243bd68c29c621a34da15d003fe208ee53a9f');
INSERT INTO messages VALUES(198,310027,'insert','blocks','{"block_hash":"d7acfac66df393c4482a14c189742c0571b89442eb7f817b34415a560445699e","block_index":310027,"block_time":310027000,"difficulty":null,"ledger_hash":null,"previous_block_hash":null,"txlist_hash":null}',0,'NEW_BLOCK',NULL,'3cc41f8b197648a19c95177650044d45198027a62abb3d865845874c0910da09');
INSERT INTO messages VALUES(199,310027,'parse','blocks','{"block_index":310027,"ledger_hash":"1f833f7396917e02b4b65b0a05d19754b6a53b030b659514d0c21cad062d45f9","messages_hash":"84b3a75fc9290c7dfdc2898a6eefb645a0199d9624bdc20d8f5f2756f29ed061","transaction_count":0,"txlist_hash":"d7a61a46b4f6da78607245b9fdd4e0b1d7499b5687805939342a431ef570711d"}',0,'BLOCK_PARSED',NULL,'2bf638392b8d308e6ec6ff91e4ccc7e4c7e9f8cd32458bcf29fc100c28e475c1');
INSERT INTO messages VALUES(200,310028,'insert','blocks','{"block_hash":"02409fcf8fa06dafcb7f11e38593181d9c42cc9d5e2ddc304d098f990bd9530b","block_index":310028,"block_time":310028000,"difficulty":null,"ledger_hash":null,"previous_block_hash":null,"txlist_hash":null}',0,'NEW_BLOCK',NULL,'49979aa7abbc2805d10be52cb70e6656538ffeec54e8cbdcc68dc43f933affb0');
INSERT INTO messages VALUES(201,310028,'parse','blocks','{"block_index":310028,"ledger_hash":"47b38906beda7ad735a86b9fd63669b0357b7ae0a0c1a54c9827bc8b90185626","messages_hash":"e1b42daef7798c68f0f5fa06b2f363474607680754c21a2738863f918f35d59f","transaction_count":0,"txlist_hash":"a8a0b67ddb47a15f89fd14f227e118bd374dde04f4bce3205d5ee07a8c7509d7"}',0,'BLOCK_PARSED',NULL,'92a2e6f417cc5a346230279b9c10875fc1b75b6d4f8bd6388d221ce4cfc3b796');
INSERT INTO messages VALUES(202,310029,'insert','blocks','{"block_hash":"3c739fa8b40c118d5547ea356ee8d10ee2898871907643ec02e5db9d00f03cc6","block_index":310029,"block_time":310029000,"difficulty":null,"ledger_hash":null,"previous_block_hash":null,"txlist_hash":null}',0,'NEW_BLOCK',NULL,'ed1fd29b82bea42662b5841a84b1b4a2640045dc1c0c15f885a61f1a2e100c5d');
INSERT INTO messages VALUES(203,310029,'parse','blocks','{"block_index":310029,"ledger_hash":"e69f6c9b649ac04920be70f9b076f7909bcebd8312afa715be3d8922794a72e7","messages_hash":"e9ec874870070875514e20ffad2b5556b870171b1f024381ff7d35f7a68ba017","transaction_count":0,"txlist_hash":"355199be765ee2db25308e58d6cdfd22c6941a296b51800e8f937cea1afedbdf"}',0,'BLOCK_PARSED',NULL,'18f646bceae4e3051ca1ddbf911b7903a16ba0a13f2053c23802e905b1cbed10');
INSERT INTO messages VALUES(204,310030,'insert','blocks','{"block_hash":"d5071cddedf89765ee0fd58f209c1c7d669ba8ea66200a57587da8b189b9e4f5","block_index":310030,"block_time":310030000,"difficulty":null,"ledger_hash":null,"previous_block_hash":null,"txlist_hash":null}',0,'NEW_BLOCK',NULL,'5cd687a839ed06214214253ac77822ab094f1c79d116d712d842410539193921');
INSERT INTO messages VALUES(205,310030,'parse','blocks','{"block_index":310030,"ledger_hash":"c51828b04433b000787c92eaa7e5abd5cc0bc31c619cb8479aff675af6e00c55","messages_hash":"42309cfb5c7098aadd2e2347ab20bf558b411bdedaef3ab1ccdffb727b6d5923","transaction_count":0,"txlist_hash":"b4bb7325ae90ccf0095b0970cb4828c98915a2e6694723ca8af1e9f77523d540"}',0,'BLOCK_PARSED',NULL,'62f7c0c04163db9dea5c0ecf3baa93af1e0ceb2aaf9876abb8449ff91e456339');
INSERT INTO messages VALUES(206,310031,'insert','blocks','{"block_hash":"0b02b10f41380fff27c543ea8891ecb845bf7a003ac5c87e15932aff3bfcf689","block_index":310031,"block_time":310031000,"difficulty":null,"ledger_hash":null,"previous_block_hash":null,"txlist_hash":null}',0,'NEW_BLOCK',NULL,'d7508ece75b9137b97e8010b99a989d3ccbb60fc39f49c5ab28596027b474852');
INSERT INTO messages VALUES(207,310031,'parse','blocks','{"block_index":310031,"ledger_hash":"26d91568af76b5ad4b357693ecb0b9341aabbf5de5d5c83f9998dc2f95d76e5e","messages_hash":"33e1a9bdd0dcad28ae2c6277be992542ea9f2e1fd9afff872e2eb5a871213bc6","transaction_count":0,"txlist_hash":"b13328f7f6011c05736a1c728af4726f63f557ae1eafab7d70b6b7fd60025616"}',0,'BLOCK_PARSED',NULL,'fb1bb23e80ad4633a36f8d30673ec75a3437e902335fa658acf465416ce4a648');
INSERT INTO messages VALUES(208,310032,'insert','blocks','{"block_hash":"66346be81e6ba04544f2ae643b76c2b7b1383f038fc2636e02e49dc7ec144074","block_index":310032,"block_time":310032000,"difficulty":null,"ledger_hash":null,"previous_block_hash":null,"txlist_hash":null}',0,'NEW_BLOCK',NULL,'289f03048edff28d92cf590057e14a89757f25aa59d55f34ab0ebce7ee2e2e3b');
INSERT INTO messages VALUES(209,310032,'update','orders','{"status":"expired","tx_hash":"19c6fe5cbf0be99ff3d469077e866e0f9fdc56901824b7fec89b0b523526e323"}',0,'ORDER_UPDATE',NULL,'41a85553b000f016a9087333ef6cb9ced35a69386573628144746e1c540f8192');
INSERT INTO messages VALUES(210,310032,'insert','credits','{"address":"3_mn6q3dS2EnDUx3bmyWc6D4szJNVGtaR7zc_mnfAHmddVibnZNSkh8DvKaQoiEfNsxjXzH_mtQheFaSfWELRB2MyMBaiWjdDm6ux9Ezns_3","asset":"BBBB","block_index":310032,"calling_function":"cancel order","event":"19c6fe5cbf0be99ff3d469077e866e0f9fdc56901824b7fec89b0b523526e323","quantity":50000000,"tx_index":0,"utxo":null,"utxo_address":null}',0,'CREDIT',NULL,'6879f44e92312660b5b5b84f20c7275f2273e6caf61224b7cd5f8638ef20a2c0');
INSERT INTO messages VALUES(211,310032,'insert','order_expirations','{"block_index":310032,"order_hash":"19c6fe5cbf0be99ff3d469077e866e0f9fdc56901824b7fec89b0b523526e323","source":"3_mn6q3dS2EnDUx3bmyWc6D4szJNVGtaR7zc_mnfAHmddVibnZNSkh8DvKaQoiEfNsxjXzH_mtQheFaSfWELRB2MyMBaiWjdDm6ux9Ezns_3"}',0,'ORDER_EXPIRATION',NULL,'f2aa6951cb4ff590b404029ad28e38153523635b211e1c1262de4a2f850d6384');
INSERT INTO messages VALUES(212,310032,'parse','blocks','{"block_index":310032,"ledger_hash":"21f8da71c386ec1e5e31a35c1190b895f2df52529ea028d5fba25e0d57616952","messages_hash":"37b0ac05c8c2b1dd725af33b0ced1daf6575f77539d62d4fa72e2047a1f5639b","transaction_count":0,"txlist_hash":"80980b4466ca949fa21a42ffb8c22a2f5853722c4fa02bf0cb962e97365384f1"}',0,'BLOCK_PARSED',NULL,'e3243edb16411a8b4542e8555bef856fa9b3e8313fd013a824f4345e770bc6c7');
INSERT INTO messages VALUES(213,310033,'insert','blocks','{"block_hash":"999c65df9661f73e8c01f1da1afda09ac16788b72834f0ff5ea3d1464afb4707","block_index":310033,"block_time":310033000,"difficulty":null,"ledger_hash":null,"previous_block_hash":null,"txlist_hash":null}',0,'NEW_BLOCK',NULL,'642af46a3d04aa6084dabd29b25fefe7954e27f319c9a7fcc703f528ceb9e1e3');
INSERT INTO messages VALUES(214,310033,'parse','blocks','{"block_index":310033,"ledger_hash":"1c844a38fc28e83406c8019615d0c24a1ea84e6ffe4da392d29f353ca676001b","messages_hash":"385b8a16ba036128c9933999537143e0743ee97af40b6c32a6b2dfb740c835ae","transaction_count":0,"txlist_hash":"0c2f46b4f4d5f345399be6073d2f72bf689f6a3a20e57c41ccd541cc0bae76d3"}',0,'BLOCK_PARSED',NULL,'47424ed8bf134fcf8712df43ace0daecca29ce1616fac73731e204e142b7d87b');
INSERT INTO messages VALUES(215,310034,'insert','blocks','{"block_hash":"f552edd2e0a648230f3668e72ddf0ddfb1e8ac0f4c190f91b89c1a8c2e357208","block_index":310034,"block_time":310034000,"difficulty":null,"ledger_hash":null,"previous_block_hash":null,"txlist_hash":null}',0,'NEW_BLOCK',NULL,'4f92869f0c90fd3b4c519fbaed426b26ea2854b75ad4dd2bd335a719385e5f8e');
INSERT INTO messages VALUES(216,310034,'parse','blocks','{"block_index":310034,"ledger_hash":"0533bc0d3bc008b5d65932c569e9f85e3217ea9efbb8937935be93b7a01ec2a8","messages_hash":"b34b38a3e738d27a177aed97424c60b5a33f29f2e6e12588353c2d574e8d74ca","transaction_count":0,"txlist_hash":"9f5f89f0c9821b7de30388b2a0891011612096ac158a70838d4479059a4bfc50"}',0,'BLOCK_PARSED',NULL,'f3e81bdc7b2caff63398388d528507042b13e6ff5526c23621dcca4a0bf79bec');
INSERT INTO messages VALUES(217,310035,'insert','blocks','{"block_hash":"a13cbb016f3044207a46967a4ba1c87dab411f78c55c1179f2336653c2726ae2","block_index":310035,"block_time":310035000,"difficulty":null,"ledger_hash":null,"previous_block_hash":null,"txlist_hash":null}',0,'NEW_BLOCK',NULL,'e06447383a5c560879243a859249090ef5e47b682f5ef037b716d905acac59b9');
INSERT INTO messages VALUES(218,310035,'parse','blocks','{"block_index":310035,"ledger_hash":"b5f0b7406fe3b6dbcbb5c3b28fb8fb119e237f07532f500b422058ba898e5b22","messages_hash":"f14745df42da6dc86b2b0e8d4829f8461f505beed4f67887056b697cf308d15c","transaction_count":0,"txlist_hash":"5847c5ec7d8ad0e27d47b3b6ff7df903c4a67a269aa248e69ee918062e58976c"}',0,'BLOCK_PARSED',NULL,'546ed848e17b03e0680d420031abd8b4d220c8d229b83784faea6b04c1e94b2f');
INSERT INTO messages VALUES(219,310036,'insert','blocks','{"block_hash":"158648a98f1e1bd1875584ce8449eb15a4e91a99a923bbb24c4210135cef0c76","block_index":310036,"block_time":310036000,"difficulty":null,"ledger_hash":null,"previous_block_hash":null,"txlist_hash":null}',0,'NEW_BLOCK',NULL,'61277df4c41f6ab57273a7d92a50b6d8e3b9833f161b430a636c0cc3b47cd825');
INSERT INTO messages VALUES(220,310036,'parse','blocks','{"block_index":310036,"ledger_hash":"7519ac8cdf4c13b25929d913e3858855aca68bcf3fe6d3636e7371894af27f04","messages_hash":"8bec98aee3c1f3b6ec47bf774a12591945455997687beaae5b03fc32e1cb1d41","transaction_count":0,"txlist_hash":"46fea446096a8d96f1f990374d94405f358ef5a3a8bf09aeba2f76977cf867b0"}',0,'BLOCK_PARSED',NULL,'e330313b58b1f278280aa07451e2f2e2928c07abc66dffd067550f4a829c4e6f');
INSERT INTO messages VALUES(221,310037,'insert','blocks','{"block_hash":"563acfd6d991ce256d5655de2e9429975c8dceeb221e76d5ec6e9e24a2c27c07","block_index":310037,"block_time":310037000,"difficulty":null,"ledger_hash":null,"previous_block_hash":null,"txlist_hash":null}',0,'NEW_BLOCK',NULL,'46a3241a7cd611c7808ebb5fb13e2cc0ec94b7887bab66e2766b4a37e5b59808');
INSERT INTO messages VALUES(222,310037,'parse','blocks','{"block_index":310037,"ledger_hash":"f417da67da0c23d4bc44bbb864de5b94057916e28502641ba70764f44165a1fa","messages_hash":"4017d8736f1eaa65fdd918186eb6adbd9d2711b24588ff36745aac49c02eb7f7","transaction_count":0,"txlist_hash":"e372a6531d2f206be5cca17be0f42a75e2e6617499a6dec377c274f7738620df"}',0,'BLOCK_PARSED',NULL,'e6e2b812feb2c0ee20f6ffaa3d755c415d76a45489641be4a24a0a548fe3e713');
INSERT INTO messages VALUES(223,310038,'insert','blocks','{"block_hash":"b44b4cad12431c32df27940e18d51f63897c7472b70950d18454edfd640490b2","block_index":310038,"block_time":310038000,"difficulty":null,"ledger_hash":null,"previous_block_hash":null,"txlist_hash":null}',0,'NEW_BLOCK',NULL,'6c1b585bec8fed723cde2506c085f1b68dc09079e1dc42081c622deb0cef83bf');
INSERT INTO messages VALUES(224,310038,'parse','blocks','{"block_index":310038,"ledger_hash":"098eb6f2b0a1c584d969167f50bb55383ab71593ed1f0ca61d83c4513a209107","messages_hash":"bb1cafa3162187e34fee0463f0ec2319e7c7823cddffb735ed476731352282ef","transaction_count":0,"txlist_hash":"da7704f6d661aa255af6e2d3ad713fbca0a0e6296b16e3a364989bcb5a4e38ba"}',0,'BLOCK_PARSED',NULL,'641a6560e31cf156d625a398619e3cac6725276aa023e620ca0aeb363dde2b16');
INSERT INTO messages VALUES(225,310039,'insert','blocks','{"block_hash":"5fa1ae9c5e8a599247458987b006ad3a57f686df1f7cc240bf119e911b56c347","block_index":310039,"block_time":310039000,"difficulty":null,"ledger_hash":null,"previous_block_hash":null,"txlist_hash":null}',0,'NEW_BLOCK',NULL,'af7f631063a892204e004a6a0247bbea3f76070ba57f20678d798925690a8f07');
INSERT INTO messages VALUES(226,310039,'parse','blocks','{"block_index":310039,"ledger_hash":"a4aa60a1320e47c975628f6650d8fdc44b6a729d26a3178031e32fcb48b59491","messages_hash":"bbb38202a4f4e6071609b335fc68a3b87580ee854dd4ad2cc1dc894d33d5c827","transaction_count":0,"txlist_hash":"02eb5dc168a03d3cd067677480b22185a8ad6731e467c0b3bd5a907834e01013"}',0,'BLOCK_PARSED',NULL,'f600b5cfd7c8fb2b630075814c8016a7b7b0390db88e2df4d3119f7361ed5485');
INSERT INTO messages VALUES(227,310040,'insert','blocks','{"block_hash":"7200ded406675453eadddfbb2d14c2a4526c7dc2b5de14bd48b29243df5e1aa3","block_index":310040,"block_time":310040000,"difficulty":null,"ledger_hash":null,"previous_block_hash":null,"txlist_hash":null}',0,'NEW_BLOCK',NULL,'236bebc3165155ee1d6fce131c9b0e4301a81907987e6859c83d01e3e4ee0eff');
INSERT INTO messages VALUES(228,310040,'parse','blocks','{"block_index":310040,"ledger_hash":"cc5b2af6948531b635b18a4b6698efa318190762c8e4419aa9ca3634e7ed5d1e","messages_hash":"8f03b7dda24e2324dc8f6973b8aa8ee8f095a7d8e924077821d053e14acd1912","transaction_count":0,"txlist_hash":"f6ba96a6e3e2e3442722bbc1bd770d3f6f0f4a4ffe57d0858586539f81e868b8"}',0,'BLOCK_PARSED',NULL,'129cb4e925fea90595be5d9f70da8a54c1ab217c49966c75d04ecddbe8879bd2');
INSERT INTO messages VALUES(229,310041,'insert','blocks','{"block_hash":"5db592ff9ba5fac1e030cf22d6c13b70d330ba397f415340086ee7357143b359","block_index":310041,"block_time":310041000,"difficulty":null,"ledger_hash":null,"previous_block_hash":null,"txlist_hash":null}',0,'NEW_BLOCK',NULL,'8f92efb3b16f037cee79e1bd50ef57565a723ab6e516bfaef11801a438ed1eb7');
INSERT INTO messages VALUES(230,310041,'parse','blocks','{"block_index":310041,"ledger_hash":"7ad02b4853bde78025942e9f58c212a76c1828337610347e516d4a359af804b5","messages_hash":"7d5756b75b3c01d83259ceca4f9ebabfa8eac0e2d6f9e4d63569bac8d9c2fd1e","transaction_count":0,"txlist_hash":"d8089b22bc20979dce133885c84c5babb754ff0522d7f2193e1d3157c5251631"}',0,'BLOCK_PARSED',NULL,'cfaf95633cca25a1ee1eba66434e66097c1681d81d8c43f61d71f5d271d01747');
INSERT INTO messages VALUES(231,310042,'insert','blocks','{"block_hash":"826fd4701ef2824e9559b069517cd3cb990aff6a4690830f78fc845ab77fa3e4","block_index":310042,"block_time":310042000,"difficulty":null,"ledger_hash":null,"previous_block_hash":null,"txlist_hash":null}',0,'NEW_BLOCK',NULL,'2212ffbff3b2bed177ea0d7a5d941621359e7003d0c80185ee1e6ba7d9031e45');
INSERT INTO messages VALUES(232,310042,'parse','blocks','{"block_index":310042,"ledger_hash":"64a91735950113c13603e49ca549fae9b30092a9fc02d53a32a20eaef64ab6ce","messages_hash":"195b31687111ddc3d4ef6ad656c87a010c587cbcf57f2ca0e796d18d2b92fa8b","transaction_count":0,"txlist_hash":"554d6b2a2182d87b00111b748a5d904aef85a56b92f1d076ad4f866f0d054041"}',0,'BLOCK_PARSED',NULL,'a506704ae97c8f509e813df60a192f127d2f2fa65f6527d35f19834583bbed2a');
INSERT INTO messages VALUES(233,310043,'insert','blocks','{"block_hash":"2254a12ada208f1dd57bc17547ecaf3c44720323c47bc7d4b1262477cb7f3c51","block_index":310043,"block_time":310043000,"difficulty":null,"ledger_hash":null,"previous_block_hash":null,"txlist_hash":null}',0,'NEW_BLOCK',NULL,'c86f2b76ccd6846691b102b1b92bdd1bf9fc72e643b64a79b86b59eeadce4b14');
INSERT INTO messages VALUES(234,310043,'parse','blocks','{"block_index":310043,"ledger_hash":"68107847c7a9dd19612d8b47c1a39cdc446c752f2c05ea8fcd961a42f835d155","messages_hash":"7ad121906d497035e6c0a18f0eb3495b72f0d083f3f99724209b86617a6779d5","transaction_count":0,"txlist_hash":"f2b1800a73d98a15428bfb5289f7ccbb9d3c66b98fb0a36f00ffce8a78279801"}',0,'BLOCK_PARSED',NULL,'8ed8a926ddb8785db46190f8cb0a6a15241f56da99f2a3b24735c2cd4c8f7ffa');
INSERT INTO messages VALUES(235,310044,'insert','blocks','{"block_hash":"3346d24118d8af0b3c6bcc42f8b85792e7a2e7036ebf6e4c25f4f6723c78e46b","block_index":310044,"block_time":310044000,"difficulty":null,"ledger_hash":null,"previous_block_hash":null,"txlist_hash":null}',0,'NEW_BLOCK',NULL,'bafbd1d875582e458d3b2294c7c4bde211a566feee29668c8de93bf5cd271d1c');
INSERT INTO messages VALUES(236,310044,'parse','blocks','{"block_index":310044,"ledger_hash":"64d4d51adb6994360b3dbf04663c4f067ba223e62912fe1c5a96a190225bb54c","messages_hash":"3dfc345cefabc4795926d21e2d0bea0ac646a0d6e8c00df8ff1ae537bda09613","transaction_count":0,"txlist_hash":"ce4365857faa29eb04e638064e4810620f434fe515efe63eb2ac49c3adce6581"}',0,'BLOCK_PARSED',NULL,'bd45c013fd29ac638cad1b6a83df1770d132edf44fe05c97b0f790c5eb74203e');
INSERT INTO messages VALUES(237,310045,'insert','blocks','{"block_hash":"7bba0ab243839e91ad1a45a762bf074011f8a9883074d68203c6d1b46fffde98","block_index":310045,"block_time":310045000,"difficulty":null,"ledger_hash":null,"previous_block_hash":null,"txlist_hash":null}',0,'NEW_BLOCK',NULL,'e6f1d10f68b4dbc8ccccfecd535d7261e3ed61080704165e367e089740efa23a');
INSERT INTO messages VALUES(238,310045,'parse','blocks','{"block_index":310045,"ledger_hash":"3ba2d7685f63962f576e9fa94e4d6709ace95249a3064804c3822078c982d11d","messages_hash":"1b4e9a258df82c21cbed40beba847727db4f377ba611b9ad8a104d6dfb12ebf3","transaction_count":0,"txlist_hash":"94729a0956e8c1b095c9181e01c220b94257ff582e35d87923e3c5ddba3a3566"}',0,'BLOCK_PARSED',NULL,'057e5c5d72eb404105813fa925d1fd2ee8371bc1bfa263bc681e8ebca06e19d0');
INSERT INTO messages VALUES(239,310046,'insert','blocks','{"block_hash":"47db6788c38f2d6d712764979e41346b55e78cbb4969e0ef5c4336faf18993a6","block_index":310046,"block_time":310046000,"difficulty":null,"ledger_hash":null,"previous_block_hash":null,"txlist_hash":null}',0,'NEW_BLOCK',NULL,'7a2d8202a20ccfadd7307f237acdcf713ed4848ada6fe07dbfca11b80d5ba7ac');
INSERT INTO messages VALUES(240,310046,'parse','blocks','{"block_index":310046,"ledger_hash":"6502f277568bed2705c5f496e278e5d99310ff6705751a3999cb4b2bc7d725bd","messages_hash":"d2d32625516fe5b68e8fa9ec10e33cab9d5e1a00feea6f3a3bc0a167ec885e22","transaction_count":0,"txlist_hash":"0986f1e944c39e36fe955ff092028c51647a9359492f17a76c682b4346be714e"}',0,'BLOCK_PARSED',NULL,'02c97a30402c1897c11ec45660d77535f47cd54e3497d6fab302bfa7edf87ef6');
INSERT INTO messages VALUES(241,310047,'insert','blocks','{"block_hash":"a9ccabcc2a098a7d25e4ab8bda7c4e66807eefa42e29890dcd88149a10de7075","block_index":310047,"block_time":310047000,"difficulty":null,"ledger_hash":null,"previous_block_hash":null,"txlist_hash":null}',0,'NEW_BLOCK',NULL,'2b3a017d75dee84534b49f7625219c1b22d83775b77432a850d4a8a9fe928ce4');
INSERT INTO messages VALUES(242,310047,'parse','blocks','{"block_index":310047,"ledger_hash":"5dae29289f36e64b87d56f9870af0bd5ad77ca45f1093c1a41140ea397945130","messages_hash":"dcf12bd6d48393f2c4c57cd83b70f366d2c82b030584eae72a8269d2e3e39fc2","transaction_count":0,"txlist_hash":"f14e3c5de5e186beaed6835c7c61fe2274603bb73e62ebea5899ae2a998e26e2"}',0,'BLOCK_PARSED',NULL,'f4283e7fda1b93d6c413ea5fe458095e860745e135d019a26a682d27bdc631fa');
INSERT INTO messages VALUES(243,310048,'insert','blocks','{"block_hash":"610bf3935a85b05a98556c55493c6de45bed4d7b3b6c8553a984718765796309","block_index":310048,"block_time":310048000,"difficulty":null,"ledger_hash":null,"previous_block_hash":null,"txlist_hash":null}',0,'NEW_BLOCK',NULL,'57ffdb4103c706564d688781b38ef8e98fc3ea49c74b78a8498492e2478cc2a1');
INSERT INTO messages VALUES(244,310048,'parse','blocks','{"block_index":310048,"ledger_hash":"d5dee49d7b78e2ce4dd2a648e345a52bbfa7e0e76de9e970b1dc0b6aea66c130","messages_hash":"1cb0f31f9784ee432bd86c4cb31fd997196478d7feeeb369dac9fdb8dbc2808c","transaction_count":0,"txlist_hash":"e31cb01f21f653217b3bff72061a63f3778f45a72a8419988a496d8f388cac1f"}',0,'BLOCK_PARSED',NULL,'0e1b6c1522680c4b7dfc7a15accb451722b75cefcbcb26229d216de3ef050cd9');
INSERT INTO messages VALUES(245,310049,'insert','blocks','{"block_hash":"4ad2761923ad49ad2b283b640f1832522a2a5d6964486b21591b71df6b33be3c","block_index":310049,"block_time":310049000,"difficulty":null,"ledger_hash":null,"previous_block_hash":null,"txlist_hash":null}',0,'NEW_BLOCK',NULL,'2d0ea804f5e0129db58a449e79a94d0df5c04abfe69fa2b8f5e9eb6398411dae');
INSERT INTO messages VALUES(246,310049,'parse','blocks','{"block_index":310049,"ledger_hash":"2b4c97a93933b8986ebb061d47f2e8bbb1672206058ae3c3ae388bab36b8cbc8","messages_hash":"9d0371c3bf6ae3d400868c14846e2682cc6ff59b689e0567dcdf167d04343541","transaction_count":0,"txlist_hash":"eb45cf1a49da1dfd4ce7231e8f6da96b7241b0b034884cb2de57dc107723b7a5"}',0,'BLOCK_PARSED',NULL,'dd4fe377bc5be9096d508d0db61b4f423041baafbfb08fd961a0a3acf0478b86');
INSERT INTO messages VALUES(247,310050,'insert','blocks','{"block_hash":"8cfeb60a14a4cec6e9be13d699694d49007d82a31065a17890383e262071e348","block_index":310050,"block_time":310050000,"difficulty":null,"ledger_hash":null,"previous_block_hash":null,"txlist_hash":null}',0,'NEW_BLOCK',NULL,'07357f0141f8dae16fdb7cd2d52b8f267697f20dad3a566b0a66188d586b4003');
INSERT INTO messages VALUES(248,310050,'parse','blocks','{"block_index":310050,"ledger_hash":"115913763ca7ef5691512a5c6d47cbd49203aee8a3242928f62640912c935872","messages_hash":"a83278d2d0a5860703249ee52b24a8e2fd72562f38288c8a4d2bf3bd7d432ac5","transaction_count":0,"txlist_hash":"db0d0812374555812015a2058ea7f6bc8aebb8aa7d2824eeeb26b7b42d75f97e"}',0,'BLOCK_PARSED',NULL,'ee35813eb983d6f15685f291aff40f6465bc11b852df1df98fadd1f00c7914f4');
INSERT INTO messages VALUES(249,310051,'insert','blocks','{"block_hash":"b53c90385dd808306601350920c6af4beb717518493fd23b5c730eea078f33e6","block_index":310051,"block_time":310051000,"difficulty":null,"ledger_hash":null,"previous_block_hash":null,"txlist_hash":null}',0,'NEW_BLOCK',NULL,'384a0ee0cbde5d58273526a0f7869900206e1d88b81207b165db15a9b34b61c7');
INSERT INTO messages VALUES(250,310051,'parse','blocks','{"block_index":310051,"ledger_hash":"72f24dc53c759a08aeb447d826bf64aad71ca8f4ab9640e30e440e6bc050a0eb","messages_hash":"8e1fa06418581de2672b39ca710bb9a9d07a89ecbced52b6135467cf4a816e91","transaction_count":0,"txlist_hash":"b3834012ddc576765f337d3dd8b3c916f66711481c0bfa2464f6ec2678d1512e"}',0,'BLOCK_PARSED',NULL,'5944cebd5a12294310b89b850bfa98c587cb5cb7bb66b47393f59c9889baaa20');
INSERT INTO messages VALUES(251,310052,'insert','blocks','{"block_hash":"0acdacf4e4b6fca756479cb055191b367b1fa433aa558956f5f08fa5b7b394e2","block_index":310052,"block_time":310052000,"difficulty":null,"ledger_hash":null,"previous_block_hash":null,"txlist_hash":null}',0,'NEW_BLOCK',NULL,'28e9d7743cd5a5ad56186067af7cb67d6512bc318a5d9acfd9ad35664ff6a4e1');
INSERT INTO messages VALUES(252,310052,'parse','blocks','{"block_index":310052,"ledger_hash":"07846004f2da033bfd113e13040b0d0d605375370b7437e2ca2ea9467fc80c1a","messages_hash":"2a09fe3a0652250ba290c8515e68e35263bf5f3b1b6f1954996bf7ce35e2f339","transaction_count":0,"txlist_hash":"35357fb0ca94373955c3cdf08be75d20e9665a9632be0df0c90b567875594049"}',0,'BLOCK_PARSED',NULL,'7a42e25dd81b4fb41cb8bd99b354254e8a961e3be27725ac39487fb3d5e3676c');
INSERT INTO messages VALUES(253,310053,'insert','blocks','{"block_hash":"68348f01b6dc49b2cb30fe92ac43e527aa90d859093d3bf7cd695c64d2ef744f","block_index":310053,"block_time":310053000,"difficulty":null,"ledger_hash":null,"previous_block_hash":null,"txlist_hash":null}',0,'NEW_BLOCK',NULL,'ad48ab4a692e8d9fa2968e93d3612166d2aa6f39001342d4eb01fc2ef90fd8e6');
INSERT INTO messages VALUES(254,310053,'parse','blocks','{"block_index":310053,"ledger_hash":"7bf9a701337c043a7268cecca5ff765c24600a2056137cd03e3ead9d64ef2348","messages_hash":"a1ca74d585b31f2a0324d7c0c1c6eca1791fa24954bfc90636e9a7ece1a1ff12","transaction_count":0,"txlist_hash":"d177ed9e0bb4b3d77bc5b1a044e724cabb92dee3189747bc1c01d1fee7148fa2"}',0,'BLOCK_PARSED',NULL,'54573df5e6c0b8c0df04a7000285d40eed77872cdb873e2505ea0c53eb0176ce');
INSERT INTO messages VALUES(255,310054,'insert','blocks','{"block_hash":"a8b5f253df293037e49b998675620d5477445c51d5ec66596e023282bb9cd305","block_index":310054,"block_time":310054000,"difficulty":null,"ledger_hash":null,"previous_block_hash":null,"txlist_hash":null}',0,'NEW_BLOCK',NULL,'9c93c5f16a39000aca28104b425a5da5136c75690f68f78e6783a405223b8d59');
INSERT INTO messages VALUES(256,310054,'parse','blocks','{"block_index":310054,"ledger_hash":"d544aec17018203fe2f5c9bda52a5da53d41d3364b8026770d1f620aa53e6c36","messages_hash":"353cb9b7d2e487facf5e0620317f0a3190be78611af5f362341c3409965b871f","transaction_count":0,"txlist_hash":"8a3b92aa200f79e8aff4a849618914f7d39c34ef2ed636d3b5633a2ad2f647ea"}',0,'BLOCK_PARSED',NULL,'99144f4477b9e1b6bdaa9f959ecca9a456c8396ea2be1b753d5436c8c4d8624c');
INSERT INTO messages VALUES(257,310055,'insert','blocks','{"block_hash":"4b069152e2dc82e96ed8a3c3547c162e8c3aceeb2a4ac07972f8321a535b9356","block_index":310055,"block_time":310055000,"difficulty":null,"ledger_hash":null,"previous_block_hash":null,"txlist_hash":null}',0,'NEW_BLOCK',NULL,'25719be3122b12563fbe6d413f9f19d5d21bfa073d3d0808e63cb9a8b2fc1af8');
INSERT INTO messages VALUES(258,310055,'parse','blocks','{"block_index":310055,"ledger_hash":"bd3044c66f7e2c24944a9c938b8f162ac8f566a1338444c219396eadf5179d3e","messages_hash":"f4fce1ba0f021617b78b9229f88240672cffbbc3c1e69b0ec0faff8ccbe3adcb","transaction_count":0,"txlist_hash":"59ce208e69d4e1427791ae237a6db6a05efcd50fa386f4f8f56862c6cc3b12d5"}',0,'BLOCK_PARSED',NULL,'43aaf26e33e59110fd23534c1c967c1c3fbbe30b533e17089c9e661fe68efe10');
INSERT INTO messages VALUES(259,310056,'insert','blocks','{"block_hash":"7603eaed418971b745256742f9d2ba70b2c2b2f69f61de6cc70e61ce0336f9d3","block_index":310056,"block_time":310056000,"difficulty":null,"ledger_hash":null,"previous_block_hash":null,"txlist_hash":null}',0,'NEW_BLOCK',NULL,'6a5b6a47568cadb365fb55db5bbc9957cb7a25e879ca6c94537301501469d31b');
INSERT INTO messages VALUES(260,310056,'parse','blocks','{"block_index":310056,"ledger_hash":"b19346f726636aa9da55af6106a471c596a7f7b93289b70d3d33b45334bca9d3","messages_hash":"57d8a9cd528b101f4c3e5c8b4e1dbf8f8a79558d333ef9a945ee1f742f2e84fd","transaction_count":0,"txlist_hash":"8e9d4b1d3ad7c5e8e479640da0ffd8b7423aee810ff6adc4ae2d37d545169579"}',0,'BLOCK_PARSED',NULL,'770ccfbfdd1648714d1b41b1795454097e32bacadc1bfe4c5a20bb90cd9107e1');
INSERT INTO messages VALUES(261,310057,'insert','blocks','{"block_hash":"4a5fdc84f2d66ecb6ee3e3646aad20751ce8694e64e348d3c8aab09d33a3e411","block_index":310057,"block_time":310057000,"difficulty":null,"ledger_hash":null,"previous_block_hash":null,"txlist_hash":null}',0,'NEW_BLOCK',NULL,'6ea0602725677a36b795fd3895e373a277dcf58e1821a5b73446ad6903b1fe9f');
INSERT INTO messages VALUES(262,310057,'parse','blocks','{"block_index":310057,"ledger_hash":"35c2ad9ccd3bd68cdb0c4d8fd4e30938521b8559c1cec331a29b1802d649947a","messages_hash":"d0af8e92d9464721675bd45c80c71532db45a1d6d2061ea0dee4a62d82e35438","transaction_count":0,"txlist_hash":"e14484629fa3aa2e8ce54505b3983d0f33e7727d3dacc5de57a574c2e0c69baf"}',0,'BLOCK_PARSED',NULL,'61725c0b6e4abd10459672642d78fcc70fad51c824cc4bbc2bb0d24e1d68c1fa');
INSERT INTO messages VALUES(263,310058,'insert','blocks','{"block_hash":"a6eef3089896f0cae0bfe9423392e45c48f4efe4310b14d8cfbdb1fea613635f","block_index":310058,"block_time":310058000,"difficulty":null,"ledger_hash":null,"previous_block_hash":null,"txlist_hash":null}',0,'NEW_BLOCK',NULL,'c31fc6d839601f0fbf745ae72098faece338f19f9790f044ab0326f640061195');
INSERT INTO messages VALUES(264,310058,'parse','blocks','{"block_index":310058,"ledger_hash":"e9a705d6661f0345ffe0f45ae26c0d6ba6bd5a125eef2f0e9558d0702ee6d63f","messages_hash":"765e5b1e0a702bcc12f7543e1a2d3ff11a30bf740d42a37e75d04f2200c8f54b","transaction_count":0,"txlist_hash":"cfbb1995e2c28020dabca30e98f72afee01b64fe276acacee7e104b22772de65"}',0,'BLOCK_PARSED',NULL,'80daba8e80e05a7a2865f0a40f2bef07f102f9e323f60ad1be935d3b3add330d');
INSERT INTO messages VALUES(265,310059,'insert','blocks','{"block_hash":"ab505de874c43f97c90be1c26a769e6c5cb140405c993b4a6cc7afc795f156a9","block_index":310059,"block_time":310059000,"difficulty":null,"ledger_hash":null,"previous_block_hash":null,"txlist_hash":null}',0,'NEW_BLOCK',NULL,'cafc6e0ff847bf0ecdb609ea9025b762a52a4d3b25ce5951af26c4a2b9f97242');
INSERT INTO messages VALUES(266,310059,'parse','blocks','{"block_index":310059,"ledger_hash":"61efe4d33a7f70cae34df86753532aee25fb0b153744acb962142691f6979482","messages_hash":"29e1f185b2bdc1320e6a9b920061ec823e6ca3a00a6788a24f9c6fea3aa0d841","transaction_count":0,"txlist_hash":"401b057e48ae9e423f354f7ddbb11e70c0ec2209ef1a26dc7ffd0bf6003f1335"}',0,'BLOCK_PARSED',NULL,'1725664a4baaabcc1de49c9128abb5ed6ab3eff532d0f168ef8bfe06759d9c20');
INSERT INTO messages VALUES(267,310060,'insert','blocks','{"block_hash":"974ad5fbef621e0a38eab811608dc9afaf10c8ecc85fed913075ba1a145e889b","block_index":310060,"block_time":310060000,"difficulty":null,"ledger_hash":null,"previous_block_hash":null,"txlist_hash":null}',0,'NEW_BLOCK',NULL,'200b114d0046454d04e90dae2fa8fc32ce6069c0bf89d2739a568d134bcb6234');
INSERT INTO messages VALUES(268,310060,'parse','blocks','{"block_index":310060,"ledger_hash":"59d9785e783c59c12783977087ad439b2dacad9ae1ef2be6384bfc9036da9804","messages_hash":"5b042cbb6803167a2389b0ccb1d0475fd373754b4de07dd827d9da151198480c","transaction_count":0,"txlist_hash":"6010ccb1d9476ce07d8b50633bccb97ecff1a229a0ea7701c802aad32f961be9"}',0,'BLOCK_PARSED',NULL,'789fec86dc88ca3564597a01ec7a559f149d52b16a3e05cf16afbc5cfd09430e');
INSERT INTO messages VALUES(269,310061,'insert','blocks','{"block_hash":"35d267d21ad386e7b7632292af1c422b0310dde7ca49a82f9577525a29c138cf","block_index":310061,"block_time":310061000,"difficulty":null,"ledger_hash":null,"previous_block_hash":null,"txlist_hash":null}',0,'NEW_BLOCK',NULL,'d5adf7ea454ba31801e0f65d2af3e5e1d07a3fc92e6bcda867b3f678985dea0d');
INSERT INTO messages VALUES(270,310061,'parse','blocks','{"block_index":310061,"ledger_hash":"e257d59ab5dfb01b8396bd12d2fd169f9ac7629365b90bf6e593e627738d3754","messages_hash":"828501d3564861f445e5d5aa8a521d72ccd47862e3bf68fb00e2fb14ea51e113","transaction_count":0,"txlist_hash":"bda63243caec3f70173e1e93a16867ecbcf45d987b6a5f72d1bea54d361f0ed2"}',0,'BLOCK_PARSED',NULL,'b165e8698f424ee8ea8971f02de6d272d7fe1bfcc0453b45388594c626453f6e');
INSERT INTO messages VALUES(271,310062,'insert','blocks','{"block_hash":"b31a0054145319ef9de8c1cb19df5bcf4dc8a1ece20053aa494e5d3a00a2852f","block_index":310062,"block_time":310062000,"difficulty":null,"ledger_hash":null,"previous_block_hash":null,"txlist_hash":null}',0,'NEW_BLOCK',NULL,'d27001d83983293dc72499fa777210eb8b8dee54c497ebbfaf8ca189fa8278ff');
INSERT INTO messages VALUES(272,310062,'parse','blocks','{"block_index":310062,"ledger_hash":"0dc0317a88a6fc4ac791cd4d45edcf2a142fb83aa2e8a2f299fcac48a2c2e04d","messages_hash":"c8432f96f25f6893aed0b7cb524215870d7174af01b6e53940d9b50652fed059","transaction_count":0,"txlist_hash":"ea9f3db44eb05a8ba1c860cd0a13ea662f84715b59e78a87f49c78377cb6b2c3"}',0,'BLOCK_PARSED',NULL,'497c2bbdfb48421c295ea1670e08976fd2ac44f26b61dfd0e1555b962583cf00');
INSERT INTO messages VALUES(273,310063,'insert','blocks','{"block_hash":"0cbcbcd5b7f2dc288e3a34eab3d4212463a5a56e886804fb4f9f1cf929eadebe","block_index":310063,"block_time":310063000,"difficulty":null,"ledger_hash":null,"previous_block_hash":null,"txlist_hash":null}',0,'NEW_BLOCK',NULL,'18ae8a8e8981a6746198f7e8b9681e0303387b9708a3d0a3e5fa1077256b4a84');
INSERT INTO messages VALUES(274,310063,'parse','blocks','{"block_index":310063,"ledger_hash":"892d6a49aebb262f2a626a35c0806c488c836c04d33122c2d65ecd8904fe3d85","messages_hash":"f330938fe2618e2c12965d2e8fc4da95792decb25a9f17157d29d0a4a5afef59","transaction_count":0,"txlist_hash":"3fc1380f35c9123d16b9ffbeb23c44f24e4d6001406a484ce30ee5758b8ec965"}',0,'BLOCK_PARSED',NULL,'2e54af6a540db4f85c3b6c9d5012928325d3a8f4405f6d6f8876edbb42bde536');
INSERT INTO messages VALUES(275,310064,'insert','blocks','{"block_hash":"e2db8065a195e85cde9ddb868a17d39893a60fb2b1255aa5f0c88729de7cbf30","block_index":310064,"block_time":310064000,"difficulty":null,"ledger_hash":null,"previous_block_hash":null,"txlist_hash":null}',0,'NEW_BLOCK',NULL,'5eaf8607ef3ba91b1c0dfd58a4706133385ff04ab830415dcfc21556aac6ce36');
INSERT INTO messages VALUES(276,310064,'parse','blocks','{"block_index":310064,"ledger_hash":"e345abbf8dc42737a9f2dd038534409200d63a9ebf5d1cbf3344ea9413c388c0","messages_hash":"8e148ef39fc1d1f98bee7d552a6ad94291fd8922a4969bb60dc6622e98a1092a","transaction_count":0,"txlist_hash":"be23706267b965eb38fa15ec1ce8c17ed5727bfedba0ca4d4be3db2fd703744f"}',0,'BLOCK_PARSED',NULL,'6b18967a82ce5bdec30d80d516184427b8f54dd961c77b4d3402ec29abb7606d');
INSERT INTO messages VALUES(277,310065,'insert','blocks','{"block_hash":"8a7bc7a77c831ac4fd11b8a9d22d1b6a0661b07cef05c2e600c7fb683b861d2a","block_index":310065,"block_time":310065000,"difficulty":null,"ledger_hash":null,"previous_block_hash":null,"txlist_hash":null}',0,'NEW_BLOCK',NULL,'4b4ff73f2df6b8aa694f5074fc4867a2177d9cec3921bae6a95c51ae67392f1d');
INSERT INTO messages VALUES(278,310065,'parse','blocks','{"block_index":310065,"ledger_hash":"84ec781d054c0602ed97384cd32cd060b938627ea490a7635fa3ac0babba94cc","messages_hash":"134a40cda27f10bc5cbd39ba42f84d4588d09a34d140296651443d72e37c8ea0","transaction_count":0,"txlist_hash":"1f7417cf7a3d9f07e5a8faf658b166c288aff136ee56f244797ef589f9cf98c5"}',0,'BLOCK_PARSED',NULL,'a6c3c54c771d805bf44e3b4d020086a7548f2d7305e47c4582c6cd775f2fa374');
INSERT INTO messages VALUES(279,310066,'insert','blocks','{"block_hash":"b6959be51eb084747d301f7ccaf9e75f2292c9404633b1532e3692659939430d","block_index":310066,"block_time":310066000,"difficulty":null,"ledger_hash":null,"previous_block_hash":null,"txlist_hash":null}',0,'NEW_BLOCK',NULL,'acd5e5a15a9ae64088ff21b95f2d438040d71dbf5bc99d9ebb3745891bf4c0d6');
INSERT INTO messages VALUES(280,310066,'parse','blocks','{"block_index":310066,"ledger_hash":"3478612a8bb95c2966891fb4d1b35493a1342364a6f08404b83ac9fdda763aa2","messages_hash":"9da881e9c689ce8ff8642aa84532998d8593cceb4391ae81c55dce9c953c0e0a","transaction_count":0,"txlist_hash":"7b4317e7c2db815ced2d81aaf8efaa6331e475a7a9b3a59041640d43484b1a89"}',0,'BLOCK_PARSED',NULL,'7368ed07644bf452bca7da8c60ce5ec7c1fa9744ac4808d5d2b4e076f079a0cd');
INSERT INTO messages VALUES(281,310067,'insert','blocks','{"block_hash":"8b08eae98d7193c9c01863fac6effb9162bda010daeacf9e0347112f233b8577","block_index":310067,"block_time":310067000,"difficulty":null,"ledger_hash":null,"previous_block_hash":null,"txlist_hash":null}',0,'NEW_BLOCK',NULL,'e0dafce6549a1ca228770a87435ac447c6283072a619a840c513ac1f2c0a26ce');
INSERT INTO messages VALUES(282,310067,'parse','blocks','{"block_index":310067,"ledger_hash":"c532c4c5f5e2ae1026ec2582645d9aef06afee46cb9781427a1f40667378ed67","messages_hash":"573a5ab02f92f97c290a5f04091989b94fbfaf5146025c71c50a6948493badaa","transaction_count":0,"txlist_hash":"89699fdf437b96128d7eb89a45d58e45d0b829789c6e0b29e8972b48ce5e62de"}',0,'BLOCK_PARSED',NULL,'ede6db4515b92289113616d6bb313369a0689fa580256e4f69990cee7ce166d3');
INSERT INTO messages VALUES(283,310068,'insert','blocks','{"block_hash":"9280e7297ef6313341bc81787a36acfc9af58f83a415afff5e3154f126cf52b5","block_index":310068,"block_time":310068000,"difficulty":null,"ledger_hash":null,"previous_block_hash":null,"txlist_hash":null}',0,'NEW_BLOCK',NULL,'5db05805e0dd9fcbe75b5e4383ffeb9ecd45c1a01826e047cf3a7aee2f400d4a');
INSERT INTO messages VALUES(284,310068,'parse','blocks','{"block_index":310068,"ledger_hash":"5508189396fa6dfe63a7d06fe97a3073e986eb305bcb49430157f99e3848cd69","messages_hash":"e769bc03f5340fb53103428d2564c3544ec981379c2d73d36581c97422a9e697","transaction_count":0,"txlist_hash":"4c49d9334c909f728f3b06a0ef613fb09f6369dd431b7078db5d269cdf9dd4bd"}',0,'BLOCK_PARSED',NULL,'5436ac11aa1d335ac2e3b7e1cf79f298f059952beea9c87e930bc1fc88fc888f');
INSERT INTO messages VALUES(285,310069,'insert','blocks','{"block_hash":"486351f0655bf594ffaab1980cff17353b640b63e9c27239109addece189a6f7","block_index":310069,"block_time":310069000,"difficulty":null,"ledger_hash":null,"previous_block_hash":null,"txlist_hash":null}',0,'NEW_BLOCK',NULL,'dfdcea519cc2de5f2ab0f01f1c764aa7f4619fb11b3759cc6228ba68e7d2acf4');
INSERT INTO messages VALUES(286,310069,'parse','blocks','{"block_index":310069,"ledger_hash":"9b0b5d09dc7aaffaf5a3603fa2b914c54b04755a5ddbf83476320149f802292a","messages_hash":"872550e9ba78d94c42a9ae05d82d84b95c1e60a88bbede3ce17aa368945b3c5a","transaction_count":0,"txlist_hash":"ef4759403c17482a8f8042fb93a5cae1b741085cdbf73e839638fee316044571"}',0,'BLOCK_PARSED',NULL,'db2a0450fe1d704b1d0384bd7b70716853c81ddf30d7819c8704840319b69e02');
INSERT INTO messages VALUES(287,310070,'insert','blocks','{"block_hash":"8739e99f4dee8bebf1332f37f49a125348b40b93b74fe35579dd52bfba4fa7e5","block_index":310070,"block_time":310070000,"difficulty":null,"ledger_hash":null,"previous_block_hash":null,"txlist_hash":null}',0,'NEW_BLOCK',NULL,'3beee8d269af342b300f25834ccac931b1299912387235ec9f89dfa9ad4929e2');
INSERT INTO messages VALUES(288,310070,'parse','blocks','{"block_index":310070,"ledger_hash":"2e40d398c2eb131e195a667f1b2b5e8de29e80423a2d0dd3935fad6dd7cc919c","messages_hash":"a4643a1c145f23e0394493327cdd32b2ef7d8ff827813a9fe9d1777fa01eb6d3","transaction_count":0,"txlist_hash":"18e3230ce4fdaca025887c118a2f2fa6bcbe81fba5c968301a90b43e27f2c7aa"}',0,'BLOCK_PARSED',NULL,'a3db626b1e2cbc9362e522af144241b3903163f1087be11daba0d4810209ee6c');
INSERT INTO messages VALUES(289,310071,'insert','blocks','{"block_hash":"7a099aa1bba0ead577f1e44f35263a1f115ed6a868c98d4dd71609072ae7f80b","block_index":310071,"block_time":310071000,"difficulty":null,"ledger_hash":null,"previous_block_hash":null,"txlist_hash":null}',0,'NEW_BLOCK',NULL,'14c129d52fa7cf934c3272fa676a6ba9badd79a588a7f0921edc210c523ae053');
INSERT INTO messages VALUES(290,310071,'parse','blocks','{"block_index":310071,"ledger_hash":"763d3d949dc16a797f5b8a2f5a27fd34b4636fa3dbf33eabed5db048e1a848b4","messages_hash":"f27423e733db4977c355df488440846093c4f918dbf096d76e17d52dbbf1c5b2","transaction_count":0,"txlist_hash":"7b10cd9561d4a33c7771570925e5a9a879a501ac503004eccc5e60074d2dedab"}',0,'BLOCK_PARSED',NULL,'f64e5c9c353bf1844a66df788c1d1c281a098d4b48f1a8f2f1be9c68b24ec410');
INSERT INTO messages VALUES(291,310072,'insert','blocks','{"block_hash":"7b17ecedc07552551b8129e068ae67cb176ca766ea3f6df74b597a94e3a7fc8a","block_index":310072,"block_time":310072000,"difficulty":null,"ledger_hash":null,"previous_block_hash":null,"txlist_hash":null}',0,'NEW_BLOCK',NULL,'6ae0162a3aae88c911246ba2aaed37b1648c2d18de8e3d8cf5e505ee341247ef');
INSERT INTO messages VALUES(292,310072,'parse','blocks','{"block_index":310072,"ledger_hash":"d9b9d6a52f757604a5652aac64c343a47a928160790963521ce33d125486cb0b","messages_hash":"de1f81633e3a238568f33c28b9fcff4e0f6b9a098fcfa9df8990ccccd126fcd4","transaction_count":0,"txlist_hash":"deda10c92f292c186698b9b4d371727688a9c0ea194963464fd1c5b429fbbff1"}',0,'BLOCK_PARSED',NULL,'76d089fe7ab8a6246e905c96bfbe9b5bfcca3bc1433072a857412927050f309e');
INSERT INTO messages VALUES(293,310073,'insert','blocks','{"block_hash":"ee0fe3cc9b3a48a2746b6090b63b442b97ea6055d48edcf4b2288396764c6943","block_index":310073,"block_time":310073000,"difficulty":null,"ledger_hash":null,"previous_block_hash":null,"txlist_hash":null}',0,'NEW_BLOCK',NULL,'915b9bf7962fde3fc7459671d7df5a87cdc1a182003ed8c11c07aa4d6e293efe');
INSERT INTO messages VALUES(294,310073,'parse','blocks','{"block_index":310073,"ledger_hash":"9c1a650b6029cc982e9e617b619da6d88878453ccea68ff82047581d5cc74e9c","messages_hash":"564f5051bd18b1bbf4fca97fc59e45cb66477a40517469cd4e85edfe8fc86350","transaction_count":0,"txlist_hash":"26e4cfa82a9ed189ffafa596c7022cab40002c8099b48814f3e7fbc48b01b0fa"}',0,'BLOCK_PARSED',NULL,'fb9fe1bbd84a4f035aebf1ffb3d3e1701c41becf8d1da4d26f81b5c482d884ab');
INSERT INTO messages VALUES(295,310074,'insert','blocks','{"block_hash":"ceab38dfde01f711a187601731ad575d67cfe0b7dbc61dcd4f15baaef72089fb","block_index":310074,"block_time":310074000,"difficulty":null,"ledger_hash":null,"previous_block_hash":null,"txlist_hash":null}',0,'NEW_BLOCK',NULL,'9a92847257bb86ddf7d8ce7297f527401f12ac18853699572054db7011487064');
INSERT INTO messages VALUES(296,310074,'parse','blocks','{"block_index":310074,"ledger_hash":"32d648a0d0b99f6826376e8badb278c06f95a0ab781cd873e2f7f55219953b01","messages_hash":"99a93544bd08721206515ecae3e0a97db9550e5fff26196a89b0094a185510cd","transaction_count":0,"txlist_hash":"f10d714905f2e84a57e0c792ebf0dd67158f19f352176a571278dce49aaf778b"}',0,'BLOCK_PARSED',NULL,'6c1403f57973b9ab1422ccda4a7724684eb42cffc0d61adfa09aa983b76c57ee');
INSERT INTO messages VALUES(297,310075,'insert','blocks','{"block_hash":"ef547198c6e36d829f117cfd7077ccde45158e3c545152225fa24dba7a26847b","block_index":310075,"block_time":310075000,"difficulty":null,"ledger_hash":null,"previous_block_hash":null,"txlist_hash":null}',0,'NEW_BLOCK',NULL,'41d3e9ddf6e93e01374a31494ec16ae0499fd22b6b118f0c926148372a4070d2');
INSERT INTO messages VALUES(298,310075,'parse','blocks','{"block_index":310075,"ledger_hash":"67cd615e67e397cae8195fc8753403563e9100ecd623b2796a46b137ca553be2","messages_hash":"31bf609d07de131e6cc13aa8b0b07cc74e67b85754fb1ecd81be42548b4d8f55","transaction_count":0,"txlist_hash":"d0c0ffcafa826685b59ef036c4315e79cc688ac1ee43097143debf445f6e638b"}',0,'BLOCK_PARSED',NULL,'1b8acb7b0589ab0a3dea099d1c9fc1d644d5d5881f6beb9db181db43eec404f6');
INSERT INTO messages VALUES(299,310076,'insert','blocks','{"block_hash":"3b0499c2e8e8f0252c7288d4ecf66efc426ca37aad3524424d14c8bc6f8b0d92","block_index":310076,"block_time":310076000,"difficulty":null,"ledger_hash":null,"previous_block_hash":null,"txlist_hash":null}',0,'NEW_BLOCK',NULL,'f17efd898917a8869b22eb08a79f6b91e82efb4f4a2d7f1fd3d1b391b574537d');
INSERT INTO messages VALUES(300,310076,'parse','blocks','{"block_index":310076,"ledger_hash":"d636f3831cd35437271557e6299024d70c4be6b9a685a4fed61e7d67e61540dd","messages_hash":"b80cafb5187b58314b28def659c89bb44854b814a28a0230efd83c3d9cb3556a","transaction_count":0,"txlist_hash":"fb11ef8957cdc599585372679a59440580acb37458ed3da092b22974a4857bb6"}',0,'BLOCK_PARSED',NULL,'1cdb8bf9d24829697cfa34998cdfd82835e888e13acc52ba4a47b4f1847201cc');
INSERT INTO messages VALUES(301,310077,'insert','blocks','{"block_hash":"d2adeefa9024ab3ff2822bc36acf19b6c647cea118cf15b86c6bc00c3322e7dd","block_index":310077,"block_time":310077000,"difficulty":null,"ledger_hash":null,"previous_block_hash":null,"txlist_hash":null}',0,'NEW_BLOCK',NULL,'0eb99cf23a684f1da94899c2848a0125e87551c3b0f10fe35df6c65fb2586601');
INSERT INTO messages VALUES(302,310077,'parse','blocks','{"block_index":310077,"ledger_hash":"abf96247f6b99a24e518d89162c23cffc821d5cae5703f5b7c7c4587e34cdf98","messages_hash":"ecd6743cb4bbb1c05879dc5a3adffae19c4e0a1fb5342f67422b61b90ad1fd99","transaction_count":0,"txlist_hash":"67d8b52c93c5d07ce1a335ea3572f0015a971effdecf921193cca273553466c1"}',0,'BLOCK_PARSED',NULL,'6a68e517c1a1a8d97141404d03a9220ba2ca7877f17f97480b93d582bf4fc846');
INSERT INTO messages VALUES(303,310078,'insert','blocks','{"block_hash":"f6c17115ef0efe489c562bcda4615892b4d4b39db0c9791fe193d4922bd82cd6","block_index":310078,"block_time":310078000,"difficulty":null,"ledger_hash":null,"previous_block_hash":null,"txlist_hash":null}',0,'NEW_BLOCK',NULL,'52b050a84f3db6615d512763648eb2cb6d6ddff3da4e3d52834b7bd4b917da76');
INSERT INTO messages VALUES(304,310078,'parse','blocks','{"block_index":310078,"ledger_hash":"06aeace2e79321c6776dd1098982e71bfc0baadc55470721022db67a03bd4478","messages_hash":"647f41772800f75a590ed7a91d4a90a69c4dd929622ad6c9612aff3d49d82f4c","transaction_count":0,"txlist_hash":"2e148e6946d39fee7c6d1b320122beb1689903e929397821a63e612d5216326d"}',0,'BLOCK_PARSED',NULL,'f1e9bdb103a73cf7617f6ca241d403b31c7905d3e88e36384c7dbe75f6efbeef');
INSERT INTO messages VALUES(305,310079,'insert','blocks','{"block_hash":"f2fbd2074d804e631db44cb0fb2e1db3fdc367e439c21ffc40d73104c4d7069c","block_index":310079,"block_time":310079000,"difficulty":null,"ledger_hash":null,"previous_block_hash":null,"txlist_hash":null}',0,'NEW_BLOCK',NULL,'4923a1b1c5be6cc44afd1c5099808910dddbea257bc0b0b2cb2d059f2f817a25');
INSERT INTO messages VALUES(306,310079,'parse','blocks','{"block_index":310079,"ledger_hash":"ba2c7078ee940b14e584459985a5a4785156762135541d40a138c31ff9bfe4fb","messages_hash":"fcd9c0f1a263d4171d199d411c1999142670af7a499931f5f982843d7f6c4a5d","transaction_count":0,"txlist_hash":"63832ac6186f8a8e8091579221ada474b43c36f465ae25ddae4ead963207150c"}',0,'BLOCK_PARSED',NULL,'428c5d48109cce1eef575baabf7c90da803209530b2e47b0517bc60c0a2961e4');
INSERT INTO messages VALUES(307,310080,'insert','blocks','{"block_hash":"42943b914d9c367000a78b78a544cc4b84b1df838aadde33fe730964a89a3a6c","block_index":310080,"block_time":310080000,"difficulty":null,"ledger_hash":null,"previous_block_hash":null,"txlist_hash":null}',0,'NEW_BLOCK',NULL,'c01d206c5392d164d87d2d3041dd6a54fb8ea3a6ebbc11bff81653f22cc5dd34');
INSERT INTO messages VALUES(308,310080,'parse','blocks','{"block_index":310080,"ledger_hash":"af327b161ed9fa8022f3efd81b695d25ad9ae8f250a6d08739a40b0883262045","messages_hash":"f0d269c3a0401997aaf4354e4218404c71086a1e922c8b840607257a089f4050","transaction_count":0,"txlist_hash":"47bdbc4933d69cd703c277d9a5e156951ef57791f87f92d16b85c15ab3194061"}',0,'BLOCK_PARSED',NULL,'1f2a4f5738284e38683b40997abbe1ef813a739f8e997ef78e99b3f0fa61fbe5');
INSERT INTO messages VALUES(309,310081,'insert','blocks','{"block_hash":"6554f9d307976249e7b7e260e08046b3b55d318f8b6af627fed5be3063f123c4","block_index":310081,"block_time":310081000,"difficulty":null,"ledger_hash":null,"previous_block_hash":null,"txlist_hash":null}',0,'NEW_BLOCK',NULL,'735876cda3afd5616b5d34c4eb643085452ab3d9090fee1a6940d486c8521f6f');
INSERT INTO messages VALUES(310,310081,'parse','blocks','{"block_index":310081,"ledger_hash":"2c4d6568a9c77737c5942fab33613a1ef055ce21b9f0a9b4a42fcdf6e9536a59","messages_hash":"c2145c2b78a525f0b7ad43a2c9c5b63ff48c306bfe1c0e802c8a415ea212849b","transaction_count":0,"txlist_hash":"7d57db6fdebb83dc0fbd1746eb328a94403f4a66e7e003593fe90c95fdef3e5c"}',0,'BLOCK_PARSED',NULL,'28488db429e20fbcc1690e34cb00e7b279a54a1e22af37770e45cadc15cbda95');
INSERT INTO messages VALUES(311,310082,'insert','blocks','{"block_hash":"4f1ef91b1dcd575f8ac2e66a67715500cbca154bd6f3b8148bb7015a6aa6c644","block_index":310082,"block_time":310082000,"difficulty":null,"ledger_hash":null,"previous_block_hash":null,"txlist_hash":null}',0,'NEW_BLOCK',NULL,'f3f12f961a42b221d382704c4291e88507afbdfa9912f24d930d658d4f95b00d');
INSERT INTO messages VALUES(312,310082,'parse','blocks','{"block_index":310082,"ledger_hash":"0b8dcdff637e5e60ae045d4c7646bd47e6047fc992860c99dd422477b9a90d74","messages_hash":"1f8023ebe418df52684721e1d56235c57387e0a61b25b858d8ade0d5edc918c2","transaction_count":0,"txlist_hash":"61316fca3bd986c2398fa5dd92a8b874f4a64095691626d695e82e3c30849e27"}',0,'BLOCK_PARSED',NULL,'abc8e77cfc1db00dcc47a6a12b5417a0905735583eb6dcce642e80df83f60fee');
INSERT INTO messages VALUES(313,310083,'insert','blocks','{"block_hash":"9b1f6fd6ff9b0dc4e37603cfb0625f49067c775b99e12492afd85392d3c8d850","block_index":310083,"block_time":310083000,"difficulty":null,"ledger_hash":null,"previous_block_hash":null,"txlist_hash":null}',0,'NEW_BLOCK',NULL,'268520bebcd4f2514604d00d6978d2c0b317e8415f8c2b405a67fb12a21d9977');
INSERT INTO messages VALUES(314,310083,'parse','blocks','{"block_index":310083,"ledger_hash":"eec6578a8bc1f5766427f4753ded18cb97c53e710f5fff8918bbdadb59678f64","messages_hash":"b2fc74a847b945db06b8a2e2210287ec5a24af0a82dfd4c6b14408686ef6fa1e","transaction_count":0,"txlist_hash":"bc5cabb9579b79f03b329c0e5e3c8652d8b0eccde9563d838890218bcc8bd932"}',0,'BLOCK_PARSED',NULL,'cb21f3a63597bec7893dab5a94d7974a7957a5e623f05ebcde2eaada7d307974');
INSERT INTO messages VALUES(315,310084,'insert','blocks','{"block_hash":"1e0972523e80306441b9f4157f171716199f1428db2e818a7f7817ccdc8859e3","block_index":310084,"block_time":310084000,"difficulty":null,"ledger_hash":null,"previous_block_hash":null,"txlist_hash":null}',0,'NEW_BLOCK',NULL,'36cd58d2c78e34155b3b28da5ad90f7fc47e91ae499106e7cf32fcd81547c67f');
INSERT INTO messages VALUES(316,310084,'parse','blocks','{"block_index":310084,"ledger_hash":"a2b2ed6a61f1c9a3d322a050178c6be119b89d1a0795fa9c9d7484ad8edfcecd","messages_hash":"eaaefcfe6f2b16bf6628313b818ea1cf45a67ef43db70d658165ce630e59b416","transaction_count":0,"txlist_hash":"86e50073092182d9a5b37cd2453dd5a7a1af175ad0a1150492d5001510b05e6e"}',0,'BLOCK_PARSED',NULL,'8e944f6efa847474c0c6801a48a48479ec8c576fd138659c6fb898bfc19bbef7');
INSERT INTO messages VALUES(317,310085,'insert','blocks','{"block_hash":"c5b6e9581831e3bc5848cd7630c499bca26d9ece5156d36579bdb72d54817e34","block_index":310085,"block_time":310085000,"difficulty":null,"ledger_hash":null,"previous_block_hash":null,"txlist_hash":null}',0,'NEW_BLOCK',NULL,'04fef0b8922f8fbf04017cb6d8f4d2d91d1fbb7a30a9762b398249ea25a38b44');
INSERT INTO messages VALUES(318,310085,'parse','blocks','{"block_index":310085,"ledger_hash":"02828eaf91883ad16beb5563f9c84cb226269c655a886857b31e5e150a1053ec","messages_hash":"f3b0e7697eed301492c4a3556975a524d48f62781f5c491cc80b6a5cad229024","transaction_count":0,"txlist_hash":"bf59d4fe42c11ab04792ba5c95cfd811a6ddf18e125daebb93695bdd829736c3"}',0,'BLOCK_PARSED',NULL,'75b2b7e5dacdc10b9b305937cf5b81e0cdec2481bbf346041f58f7fa2762960a');
INSERT INTO messages VALUES(319,310086,'insert','blocks','{"block_hash":"080c1dc55a4ecf4824cf9840602498cfc35b5f84099f50b71b45cb63834c7a78","block_index":310086,"block_time":310086000,"difficulty":null,"ledger_hash":null,"previous_block_hash":null,"txlist_hash":null}',0,'NEW_BLOCK',NULL,'44c9a9b85e16a63a1ae8abcb9b1f08e45f92bbd56a97262040db5b3c1415a249');
INSERT INTO messages VALUES(320,310086,'parse','blocks','{"block_index":310086,"ledger_hash":"5427b45ed778796c26d0d2ddf73e975856cc9ae081c36762e78d046f6cfc376c","messages_hash":"ea489e2dadbf11f29e771ab3d97ab71720dcba3c77214dbb7dd085399259c778","transaction_count":0,"txlist_hash":"ca0801d366e8dc44c01db11f67594bcb3ea3e81a3031cee93d24683b82185461"}',0,'BLOCK_PARSED',NULL,'b57c42a41fae043235d6bd271b7f5b4ec180c9b24501fc00beb871adb7e14d3b');
INSERT INTO messages VALUES(321,310087,'insert','blocks','{"block_hash":"4ec8cb1c38b22904e8087a034a6406b896eff4dd28e7620601c6bddf82e2738c","block_index":310087,"block_time":310087000,"difficulty":null,"ledger_hash":null,"previous_block_hash":null,"txlist_hash":null}',0,'NEW_BLOCK',NULL,'b1628a25e013d522b66ae5e9625661c1985e290ae59c911e01e4310b3a994b5f');
INSERT INTO messages VALUES(322,310087,'parse','blocks','{"block_index":310087,"ledger_hash":"34c2664f81b1bbb53c728636097bc4b7cede67bb318ddcc5e5e6b5735bcc55a7","messages_hash":"079b8df9d279f39a6f4e87c53d1ad26c69bd30ec7c42fdaa5693357280874996","transaction_count":0,"txlist_hash":"321bd59dc3c2996a1a2a6f74905f89a8db172b3b2b35a2d1cbfc6d06f49d09c9"}',0,'BLOCK_PARSED',NULL,'fc71588dd2242537e9a5b7d77d76e318b90f6abb08195ae5f9e98a9f505a4b16');
INSERT INTO messages VALUES(323,310088,'insert','blocks','{"block_hash":"e945c815c433cbddd0bf8e66c5c23b51072483492acda98f5c2c201020a8c5b3","block_index":310088,"block_time":310088000,"difficulty":null,"ledger_hash":null,"previous_block_hash":null,"txlist_hash":null}',0,'NEW_BLOCK',NULL,'d6b73dcf50fd25dae741d0dcd33d8552910adddab364f3d90d0dfa6c20ef09d8');
INSERT INTO messages VALUES(324,310088,'parse','blocks','{"block_index":310088,"ledger_hash":"14615dfa6194665d43cf2f495b8f65fb9efa04c2e90885172d229ad4a9dd2358","messages_hash":"9bd4a81012e1fea13b1b9ab95092ef17ae934f2f01b912d2987842f59e7ce776","transaction_count":0,"txlist_hash":"3ef6f8bdf30073f297852db2b7036374e3d2c1e91b0d087cb2c6c88e400de110"}',0,'BLOCK_PARSED',NULL,'eb00fb4c0245099791d74c0745a25f9feefb982ea4092e66f57ad132ca6d2152');
INSERT INTO messages VALUES(325,310089,'insert','blocks','{"block_hash":"0382437f895ef3e7e38bf025fd4f606fd44d4bbd6aea71dbdc4ed11a7cd46f33","block_index":310089,"block_time":310089000,"difficulty":null,"ledger_hash":null,"previous_block_hash":null,"txlist_hash":null}',0,'NEW_BLOCK',NULL,'432695a9d50d161ed36ff43bc41dabca8a9259f3238efacb7a21d0ed79ec5bc9');
INSERT INTO messages VALUES(326,310089,'parse','blocks','{"block_index":310089,"ledger_hash":"fc0f077548225d481384a1aba2d91ed4ec8b2df0f0a57ab603305c615672b25f","messages_hash":"48875b262a6ff5003670975911a89cab3e53e0fc973132b36ae3dd734b51d6cb","transaction_count":0,"txlist_hash":"0788356af4b45cc44c143c457d069e64d54aa12703f8c376cf3b98827052c173"}',0,'BLOCK_PARSED',NULL,'82ce4fceeef3b12b3e3b5f4671f9175b45371071734515509a8833bcbdc07fd0');
INSERT INTO messages VALUES(327,310090,'insert','blocks','{"block_hash":"b756db71dc037b5a4582de354a3347371267d31ebda453e152f0a13bb2fae969","block_index":310090,"block_time":310090000,"difficulty":null,"ledger_hash":null,"previous_block_hash":null,"txlist_hash":null}',0,'NEW_BLOCK',NULL,'ae91f0d7e9554ace0ea9c218e296d758580f384ecbfc4429c724c37e96737d58');
INSERT INTO messages VALUES(328,310090,'parse','blocks','{"block_index":310090,"ledger_hash":"5749263295014a597071acf2293fcd185d02a6a7b3a96df859aae3bf146b276e","messages_hash":"6d8a692cc7d3d9af5e7673e95f2be50ac1d070472235a85a50c44c4315c219ba","transaction_count":0,"txlist_hash":"02938682157ea8b10c49e9d87ed444c1303a952a00f6acfe33a1661e84868cc8"}',0,'BLOCK_PARSED',NULL,'44aa995d8b5c4f66a8880119dfc488b227be38596edc7982c81849a07884ca7b');
INSERT INTO messages VALUES(329,310091,'insert','blocks','{"block_hash":"734a9aa485f36399d5efb74f3b9c47f8b5f6fd68c9967f134b14cfe7e2d7583c","block_index":310091,"block_time":310091000,"difficulty":null,"ledger_hash":null,"previous_block_hash":null,"txlist_hash":null}',0,'NEW_BLOCK',NULL,'49ab568946520c0147326a8573cd1b51a6abf3c9ea51312172affae88b3db93d');
INSERT INTO messages VALUES(330,310091,'parse','blocks','{"block_index":310091,"ledger_hash":"ae369a1ec3e4f2aea602eab8c7ab1181cacd6b8d01582c96c4771fdd7b3de771","messages_hash":"042d8ec7a7a87bb75d52ab87b22bfaf3bc90924a7c2ae4ce316df826f24600c3","transaction_count":0,"txlist_hash":"04aaa17c2a3dacf6c38b16ed63d70aea7b9546dc7e733dd51a3c08248ca13eb1"}',0,'BLOCK_PARSED',NULL,'2a614e8b0ae552a0369bce350d39698b5c537506124461e23c8fb815e890edff');
INSERT INTO messages VALUES(331,310092,'insert','blocks','{"block_hash":"56386beb65f9228740d4ad43a1c575645f6daf59e0dd9f22551c59215b5e8c3d","block_index":310092,"block_time":310092000,"difficulty":null,"ledger_hash":null,"previous_block_hash":null,"txlist_hash":null}',0,'NEW_BLOCK',NULL,'bb511ba5c3018669894b57b34b0f9334ccffb59b5b9e9684849ccd5ec3e54d4f');
INSERT INTO messages VALUES(332,310092,'parse','blocks','{"block_index":310092,"ledger_hash":"06a2ac591c418d2b01c74edf2524100afd1140c3933f32120c4cc3180c1de3f0","messages_hash":"877aa387049d372bb607b2e483e6d891f7c25245f46f9da5240a0f3435ec2af3","transaction_count":0,"txlist_hash":"421eb90f1258261c97512745b3543fee15ae8d17769d523646033851abde9c75"}',0,'BLOCK_PARSED',NULL,'9564988efdbc971490c44aca44003d50de8db92aa67d9c36399dbfc77d144409');
INSERT INTO messages VALUES(333,310093,'insert','blocks','{"block_hash":"a74a2425f2f4be24bb5f715173e6756649e1cbf1b064aeb1ef60e0b94b418ddc","block_index":310093,"block_time":310093000,"difficulty":null,"ledger_hash":null,"previous_block_hash":null,"txlist_hash":null}',0,'NEW_BLOCK',NULL,'b48bfbc7ebf54853031eecd251ad9aedb1f720acb7827f30f93b01b7d7e0e9bf');
INSERT INTO messages VALUES(334,310093,'parse','blocks','{"block_index":310093,"ledger_hash":"cdf0ae4d5d06b8735e3e62f5a76a902fee40742fc760578dae98b43635f2e57a","messages_hash":"09b9424e460b17ea81ff7ae3ee19428f6f7df3a7ee633e268d7fd4fd34d32650","transaction_count":0,"txlist_hash":"cbe924452487ba251291d1bf1ec518a7233eda0aa956d002bc2e0933d0057c53"}',0,'BLOCK_PARSED',NULL,'9f4058227743368aa0a43591381a5034b0e16441c4f7434604032ce8431b7c06');
INSERT INTO messages VALUES(335,310094,'insert','blocks','{"block_hash":"2a8f976f20c4e89ff01071915ac96ee35192d54df3a246bf61fd4a0cccfb5b23","block_index":310094,"block_time":310094000,"difficulty":null,"ledger_hash":null,"previous_block_hash":null,"txlist_hash":null}',0,'NEW_BLOCK',NULL,'0269f07bd884ca4184bf815d095b35b0d26dcfca1fc94ce11383b515cfd0233d');
INSERT INTO messages VALUES(336,310094,'parse','blocks','{"block_index":310094,"ledger_hash":"77d836433add0cf3f7691884ec1607dde9a3996df00128703644527fb096bab5","messages_hash":"b84a8a427bef16f083bb7c6a4f0596185036cf11d0138e1a518116e9624c41ef","transaction_count":0,"txlist_hash":"2dad9d43a8612157867a046cc0dbc8939f30c41cc8f527a1e184c93004cca63e"}',0,'BLOCK_PARSED',NULL,'bac49bb2b2bc37fe87304f4a0dfdcc0cf65898d761f0828e5406d3b415970498');
INSERT INTO messages VALUES(337,310095,'insert','blocks','{"block_hash":"bed0fa40c9981223fb40b3be8124ca619edc9dd34d0c907369477ea92e5d2cd2","block_index":310095,"block_time":310095000,"difficulty":null,"ledger_hash":null,"previous_block_hash":null,"txlist_hash":null}',0,'NEW_BLOCK',NULL,'b48e63e2e10bbf114ea91909e8a7b60c66646f104e6248cf46d2c3566c9a0ffb');
INSERT INTO messages VALUES(338,310095,'parse','blocks','{"block_index":310095,"ledger_hash":"770a0187b5c98725dc32e15a414b9323030f407749fcb0652b1e1f2e4e762e7e","messages_hash":"bb1ef4ae0cf2f8deb537502bb3b8234001bd5404497a3c49cb5d244aebcd750d","transaction_count":0,"txlist_hash":"251e12514d80ad256c13398d257708ad2dfb3b70db674695a8d72d977337ac90"}',0,'BLOCK_PARSED',NULL,'8311f0d5502c30367742cbbc7ffd392b31f11fcb943ab6432753193a39e3edf6');
INSERT INTO messages VALUES(339,310096,'insert','blocks','{"block_hash":"306aeec3db435fabffdf88c2f26ee83caa4c2426375a33daa2be041dbd27ea2f","block_index":310096,"block_time":310096000,"difficulty":null,"ledger_hash":null,"previous_block_hash":null,"txlist_hash":null}',0,'NEW_BLOCK',NULL,'562853db57eb559ec2b2615161280b436a2a030051f82d73680bf910e31830a8');
INSERT INTO messages VALUES(340,310096,'parse','blocks','{"block_index":310096,"ledger_hash":"567e91f9456ecd020fbd2fe940d796ac976981485f870db8cb0bc41d77a0fd0f","messages_hash":"532da93d6fbf4250cf0694bbcc0c62584d746e6351d3dcc080a83c23172709ad","transaction_count":0,"txlist_hash":"48924c125c80fbe8887ff318ebbab0edf8629e604eed0561dd48444bc4acdab3"}',0,'BLOCK_PARSED',NULL,'cbe50dad6694b4862480ce356dff42f03e9b864ac181d62140eb104ebd6ed535');
INSERT INTO messages VALUES(341,310097,'insert','blocks','{"block_hash":"13e8e16e67c7cdcc80d477491e554b43744f90e8e1a9728439a11fab42cefadf","block_index":310097,"block_time":310097000,"difficulty":null,"ledger_hash":null,"previous_block_hash":null,"txlist_hash":null}',0,'NEW_BLOCK',NULL,'34e929b417dc81dc1731419ce9231b5b4fd5e732fcac69f34dfdb1a8552d35f0');
INSERT INTO messages VALUES(342,310097,'parse','blocks','{"block_index":310097,"ledger_hash":"447ceafb93aeb346eb98d87db46f07f4d1f51ffde3d44adc6056a624bea3b0c3","messages_hash":"ae8b2a389e19132144a040559fefe55b45aac4f1f442d7c489ae2a1916c9067a","transaction_count":0,"txlist_hash":"213f5672119909ebcda9f987e3bf69dd0404134584b36c56acdd3596a1ea6881"}',0,'BLOCK_PARSED',NULL,'b54d3c82e5fd97ecbb36d969ef8785ef515948ff9d4924e34c51a796319f2c49');
INSERT INTO messages VALUES(343,310098,'insert','blocks','{"block_hash":"ca5bca4b5ec4fa6183e05176abe921cff884c4e20910fab55b603cef48dc3bca","block_index":310098,"block_time":310098000,"difficulty":null,"ledger_hash":null,"previous_block_hash":null,"txlist_hash":null}',0,'NEW_BLOCK',NULL,'ea9889b5727af22819e282e6650350b45f03afbe6734430227bbd1da1c4cd8fc');
INSERT INTO messages VALUES(344,310098,'parse','blocks','{"block_index":310098,"ledger_hash":"f510ec6201f4eb850d4f62b399d0d360d0d8cca7e3d955f849ad59a22fba1677","messages_hash":"18f3454673013e06b959dc72a5eaf7672389ba54c11ee9afb3dbf1420e623159","transaction_count":0,"txlist_hash":"e504e97b361e32b0256aeb1640291eeda547dc564043835013086c87f5e637c2"}',0,'BLOCK_PARSED',NULL,'b05a281423ddc367f8fb8a9551c4ea7bc7553d5e3c0a0e8074ae43364dba5d91');
INSERT INTO messages VALUES(345,310099,'insert','blocks','{"block_hash":"3c4c2279cd7de0add5ec469648a845875495a7d54ebfb5b012dcc5a197b7992a","block_index":310099,"block_time":310099000,"difficulty":null,"ledger_hash":null,"previous_block_hash":null,"txlist_hash":null}',0,'NEW_BLOCK',NULL,'964a13441ee4b6fc6563557414cf1c6220774a9c28a1c9be8d8f85aa99f35316');
INSERT INTO messages VALUES(346,310099,'parse','blocks','{"block_index":310099,"ledger_hash":"1f956e2c07defac832b7c90982c1e7a1192988c4d1e622b54b40b78065deafef","messages_hash":"6c413ae2c15ebf2ae3106a85de7de47a482e1f80571253f4fc3fbd619339e4ce","transaction_count":0,"txlist_hash":"891969418c97f41be742eeb562f39cfe92543c159095f58c5f58c8c2b0274423"}',0,'BLOCK_PARSED',NULL,'e6646e847ac716b3545e7d87e93ad3705d16e9f2ef15bb2850c903b1424c05cd');
INSERT INTO messages VALUES(347,310100,'insert','blocks','{"block_hash":"96925c05b3c7c80c716f5bef68d161c71d044252c766ca0e3f17f255764242cb","block_index":310100,"block_time":310100000,"difficulty":null,"ledger_hash":null,"previous_block_hash":null,"txlist_hash":null}',0,'NEW_BLOCK',NULL,'8bb1856f0f5bcbbde0278c2fc7265890d2d848f0b0f08be58c9fe7390e6f8456');
INSERT INTO messages VALUES(348,310100,'parse','blocks','{"block_index":310100,"ledger_hash":"ac4cc3e01feb10ba2211afdff4ec43a4ce13a12e1a90dc6f675c390e6395b1e3","messages_hash":"7d6d1b233d8c6ac464195d51357613154f68d47d5b3313109ee298c3f64dee9e","transaction_count":0,"txlist_hash":"71e61b2d7aca45ccd7cfb6bda957b18fa076cc16bcbbfb63668e4c4f2749b7f3"}',0,'BLOCK_PARSED',NULL,'84c70107b17d963a61ce158e7272292b9cda659f7269592706e91c104c99fb7b');
INSERT INTO messages VALUES(349,310101,'insert','blocks','{"block_hash":"369472409995ca1a2ebecbad6bf9dab38c378ab1e67e1bdf13d4ce1346731cd6","block_index":310101,"block_time":310101000,"difficulty":null,"ledger_hash":null,"previous_block_hash":null,"txlist_hash":null}',0,'NEW_BLOCK',NULL,'42db1eea344f407835c64f7214464252fc1aae7919f6fbcf5d96562ec76c00ec');
INSERT INTO messages VALUES(350,310101,'parse','blocks','{"block_index":310101,"ledger_hash":"0a4bb35bf922a8175ef5559e74084d32caa16f599df84adb5e255de26b92c1c4","messages_hash":"8d9845b00f06a28e172afdd79f983b6a44fd4f93fb8537117cbff9b989208578","transaction_count":0,"txlist_hash":"e716e04989e254c2ed5b1c4b81026153d5799edb5a676adea5b7efb930940b30"}',0,'BLOCK_PARSED',NULL,'2f3e8945766978d70c7db482ea27d179091d1f94642da6600dcc1cecf0fffb34');
-- Triggers and indices on  messages
CREATE TRIGGER block_update_messages
            BEFORE UPDATE ON messages BEGIN
                SELECT RAISE(FAIL, "UPDATES NOT ALLOWED");
            END;
CREATE INDEX messages_block_index_event_idx ON messages (block_index, event)
        ;
CREATE INDEX messages_block_index_idx ON messages (block_index)
        ;
CREATE INDEX messages_block_index_message_index_idx ON messages (block_index, message_index)
        ;
CREATE INDEX messages_event_hash_idx ON messages (event_hash)
        ;
CREATE INDEX messages_event_idx ON messages (event)
        ;
CREATE INDEX messages_tx_hash_idx ON messages (tx_hash)
        ;

COMMIT TRANSACTION;
PRAGMA page_size=4096;
-- PRAGMA encoding='UTF-8';
-- PRAGMA auto_vacuum=FULL;
-- PRAGMA max_page_count=4294967294;

BEGIN TRANSACTION;

-- Table  order_match_expirations
DROP TABLE IF EXISTS order_match_expirations;
CREATE TABLE order_match_expirations(
                                              order_match_id TEXT PRIMARY KEY,
                                              tx0_address TEXT,
                                              tx1_address TEXT,
                                              block_index INTEGER,
                                              FOREIGN KEY (block_index) REFERENCES blocks(block_index));
-- Triggers and indices on  order_match_expirations
CREATE TRIGGER block_update_order_match_expirations
            BEFORE UPDATE ON order_match_expirations BEGIN
                SELECT RAISE(FAIL, "UPDATES NOT ALLOWED");
            END;
CREATE INDEX order_match_expirations_block_index_idx ON order_match_expirations (block_index)
        ;
CREATE INDEX order_match_expirations_tx0_address_idx ON order_match_expirations (tx0_address)
        ;
CREATE INDEX order_match_expirations_tx1_address_idx ON order_match_expirations (tx1_address)
        ;

COMMIT TRANSACTION;
PRAGMA page_size=4096;
-- PRAGMA encoding='UTF-8';
-- PRAGMA auto_vacuum=FULL;
-- PRAGMA max_page_count=4294967294;

BEGIN TRANSACTION;

-- Table  order_matches
DROP TABLE IF EXISTS order_matches;
CREATE TABLE order_matches(
                                    id TEXT,
                                    tx0_index INTEGER,
                                    tx0_hash TEXT,
                                    tx0_address TEXT,
                                    tx1_index INTEGER,
                                    tx1_hash TEXT,
                                    tx1_address TEXT,
                                    forward_asset TEXT,
                                    forward_quantity INTEGER,
                                    backward_asset TEXT,
                                    backward_quantity INTEGER,
                                    tx0_block_index INTEGER,
                                    tx1_block_index INTEGER,
                                    block_index INTEGER,
                                    tx0_expiration INTEGER,
                                    tx1_expiration INTEGER,
                                    match_expire_index INTEGER,
                                    fee_paid INTEGER,
                                    status TEXT);
INSERT INTO order_matches VALUES('1385519ca199f1b39bb89caac062fe3a342f18e393d301d7a56c150a8ab84093_a2e93083b871e68cb89e216f9a99c4c6aea1eb92cbdbafc5b4b0e160c19c517e',3,'1385519ca199f1b39bb89caac062fe3a342f18e393d301d7a56c150a8ab84093','3_mn6q3dS2EnDUx3bmyWc6D4szJNVGtaR7zc_mnfAHmddVibnZNSkh8DvKaQoiEfNsxjXzH_mtQheFaSfWELRB2MyMBaiWjdDm6ux9Ezns_3',4,'a2e93083b871e68cb89e216f9a99c4c6aea1eb92cbdbafc5b4b0e160c19c517e','3_mn6q3dS2EnDUx3bmyWc6D4szJNVGtaR7zc_mnfAHmddVibnZNSkh8DvKaQoiEfNsxjXzH_mtQheFaSfWELRB2MyMBaiWjdDm6ux9Ezns_3','BTC',50000000,'XCP',100000000,310002,310003,310003,10,10,310023,857142,'pending');
INSERT INTO order_matches VALUES('1385519ca199f1b39bb89caac062fe3a342f18e393d301d7a56c150a8ab84093_a2e93083b871e68cb89e216f9a99c4c6aea1eb92cbdbafc5b4b0e160c19c517e',3,'1385519ca199f1b39bb89caac062fe3a342f18e393d301d7a56c150a8ab84093','3_mn6q3dS2EnDUx3bmyWc6D4szJNVGtaR7zc_mnfAHmddVibnZNSkh8DvKaQoiEfNsxjXzH_mtQheFaSfWELRB2MyMBaiWjdDm6ux9Ezns_3',4,'a2e93083b871e68cb89e216f9a99c4c6aea1eb92cbdbafc5b4b0e160c19c517e','3_mn6q3dS2EnDUx3bmyWc6D4szJNVGtaR7zc_mnfAHmddVibnZNSkh8DvKaQoiEfNsxjXzH_mtQheFaSfWELRB2MyMBaiWjdDm6ux9Ezns_3','BTC',50000000,'XCP',100000000,310002,310003,310004,10,10,310023,857142,'completed');
-- Triggers and indices on  order_matches
CREATE TRIGGER block_update_order_matches
            BEFORE UPDATE ON order_matches BEGIN
                SELECT RAISE(FAIL, "UPDATES NOT ALLOWED");
            END;
CREATE INDEX order_matches_backward_asset_idx ON order_matches (backward_asset)
        ;
CREATE INDEX order_matches_block_index_idx ON order_matches (block_index)
        ;
CREATE INDEX order_matches_forward_asset_idx ON order_matches (forward_asset)
        ;
CREATE INDEX order_matches_id_idx ON order_matches (id)
        ;
CREATE INDEX order_matches_match_expire_index_idx ON order_matches (match_expire_index)
        ;
CREATE INDEX order_matches_status_idx ON order_matches (status)
        ;
CREATE INDEX order_matches_tx0_address_forward_asset_idx ON order_matches (tx0_address, forward_asset)
        ;
CREATE INDEX order_matches_tx0_hash_idx ON order_matches (tx0_hash)
        ;
CREATE INDEX order_matches_tx1_address_backward_asset_idx ON order_matches (tx1_address, backward_asset)
        ;
CREATE INDEX order_matches_tx1_hash_idx ON order_matches (tx1_hash)
        ;

COMMIT TRANSACTION;
PRAGMA page_size=4096;
-- PRAGMA encoding='UTF-8';
-- PRAGMA auto_vacuum=FULL;
-- PRAGMA max_page_count=4294967294;

BEGIN TRANSACTION;

-- Table  order_expirations
DROP TABLE IF EXISTS order_expirations;
CREATE TABLE order_expirations(
                                        order_hash TEXT PRIMARY KEY,
                                        source TEXT,
                                        block_index INTEGER,
                                        FOREIGN KEY (block_index) REFERENCES blocks(block_index));
INSERT INTO order_expirations VALUES('1385519ca199f1b39bb89caac062fe3a342f18e393d301d7a56c150a8ab84093','3_mn6q3dS2EnDUx3bmyWc6D4szJNVGtaR7zc_mnfAHmddVibnZNSkh8DvKaQoiEfNsxjXzH_mtQheFaSfWELRB2MyMBaiWjdDm6ux9Ezns_3',310013);
INSERT INTO order_expirations VALUES('a2e93083b871e68cb89e216f9a99c4c6aea1eb92cbdbafc5b4b0e160c19c517e','3_mn6q3dS2EnDUx3bmyWc6D4szJNVGtaR7zc_mnfAHmddVibnZNSkh8DvKaQoiEfNsxjXzH_mtQheFaSfWELRB2MyMBaiWjdDm6ux9Ezns_3',310014);
INSERT INTO order_expirations VALUES('19c6fe5cbf0be99ff3d469077e866e0f9fdc56901824b7fec89b0b523526e323','3_mn6q3dS2EnDUx3bmyWc6D4szJNVGtaR7zc_mnfAHmddVibnZNSkh8DvKaQoiEfNsxjXzH_mtQheFaSfWELRB2MyMBaiWjdDm6ux9Ezns_3',310032);
-- Triggers and indices on  order_expirations
CREATE TRIGGER block_update_order_expirations
            BEFORE UPDATE ON order_expirations BEGIN
                SELECT RAISE(FAIL, "UPDATES NOT ALLOWED");
            END;
CREATE INDEX order_expirations_block_index_idx ON order_expirations (block_index)
        ;
CREATE INDEX order_expirations_source_idx ON order_expirations (source)
        ;

COMMIT TRANSACTION;
PRAGMA page_size=4096;
-- PRAGMA encoding='UTF-8';
-- PRAGMA auto_vacuum=FULL;
-- PRAGMA max_page_count=4294967294;

BEGIN TRANSACTION;

-- Table  orders
DROP TABLE IF EXISTS orders;
CREATE TABLE orders(
                            tx_index INTEGER,
                            tx_hash TEXT,
                            block_index INTEGER,
                            source TEXT,
                            give_asset TEXT,
                            give_quantity INTEGER,
                            give_remaining INTEGER,
                            get_asset TEXT,
                            get_quantity INTEGER,
                            get_remaining INTEGER,
                            expiration INTEGER,
                            expire_index INTEGER,
                            fee_required INTEGER,
                            fee_required_remaining INTEGER,
                            fee_provided INTEGER,
                            fee_provided_remaining INTEGER,
                            status TEXT);
INSERT INTO orders VALUES(3,'1385519ca199f1b39bb89caac062fe3a342f18e393d301d7a56c150a8ab84093',310002,'3_mn6q3dS2EnDUx3bmyWc6D4szJNVGtaR7zc_mnfAHmddVibnZNSkh8DvKaQoiEfNsxjXzH_mtQheFaSfWELRB2MyMBaiWjdDm6ux9Ezns_3','BTC',50000000,50000000,'XCP',100000000,100000000,10,310012,0,0,1000000,1000000,'open');
INSERT INTO orders VALUES(4,'a2e93083b871e68cb89e216f9a99c4c6aea1eb92cbdbafc5b4b0e160c19c517e',310003,'3_mn6q3dS2EnDUx3bmyWc6D4szJNVGtaR7zc_mnfAHmddVibnZNSkh8DvKaQoiEfNsxjXzH_mtQheFaSfWELRB2MyMBaiWjdDm6ux9Ezns_3','XCP',105000000,105000000,'BTC',50000000,50000000,10,310013,900000,900000,6800,6800,'open');
INSERT INTO orders VALUES(3,'1385519ca199f1b39bb89caac062fe3a342f18e393d301d7a56c150a8ab84093',310003,'3_mn6q3dS2EnDUx3bmyWc6D4szJNVGtaR7zc_mnfAHmddVibnZNSkh8DvKaQoiEfNsxjXzH_mtQheFaSfWELRB2MyMBaiWjdDm6ux9Ezns_3','BTC',50000000,0,'XCP',100000000,0,10,310012,0,0,1000000,142858,'open');
INSERT INTO orders VALUES(4,'a2e93083b871e68cb89e216f9a99c4c6aea1eb92cbdbafc5b4b0e160c19c517e',310003,'3_mn6q3dS2EnDUx3bmyWc6D4szJNVGtaR7zc_mnfAHmddVibnZNSkh8DvKaQoiEfNsxjXzH_mtQheFaSfWELRB2MyMBaiWjdDm6ux9Ezns_3','XCP',105000000,5000000,'BTC',50000000,0,10,310013,900000,42858,6800,6800,'open');
INSERT INTO orders VALUES(3,'1385519ca199f1b39bb89caac062fe3a342f18e393d301d7a56c150a8ab84093',310013,'3_mn6q3dS2EnDUx3bmyWc6D4szJNVGtaR7zc_mnfAHmddVibnZNSkh8DvKaQoiEfNsxjXzH_mtQheFaSfWELRB2MyMBaiWjdDm6ux9Ezns_3','BTC',50000000,0,'XCP',100000000,0,10,310012,0,0,1000000,142858,'expired');
INSERT INTO orders VALUES(4,'a2e93083b871e68cb89e216f9a99c4c6aea1eb92cbdbafc5b4b0e160c19c517e',310014,'3_mn6q3dS2EnDUx3bmyWc6D4szJNVGtaR7zc_mnfAHmddVibnZNSkh8DvKaQoiEfNsxjXzH_mtQheFaSfWELRB2MyMBaiWjdDm6ux9Ezns_3','XCP',105000000,5000000,'BTC',50000000,0,10,310013,900000,42858,6800,6800,'expired');
INSERT INTO orders VALUES(22,'19c6fe5cbf0be99ff3d469077e866e0f9fdc56901824b7fec89b0b523526e323',310021,'3_mn6q3dS2EnDUx3bmyWc6D4szJNVGtaR7zc_mnfAHmddVibnZNSkh8DvKaQoiEfNsxjXzH_mtQheFaSfWELRB2MyMBaiWjdDm6ux9Ezns_3','BBBB',50000000,50000000,'XCP',50000000,50000000,10,310031,0,0,6800,6800,'open');
INSERT INTO orders VALUES(22,'19c6fe5cbf0be99ff3d469077e866e0f9fdc56901824b7fec89b0b523526e323',310032,'3_mn6q3dS2EnDUx3bmyWc6D4szJNVGtaR7zc_mnfAHmddVibnZNSkh8DvKaQoiEfNsxjXzH_mtQheFaSfWELRB2MyMBaiWjdDm6ux9Ezns_3','BBBB',50000000,50000000,'XCP',50000000,50000000,10,310031,0,0,6800,6800,'expired');
-- Triggers and indices on  orders
CREATE TRIGGER block_update_orders
            BEFORE UPDATE ON orders BEGIN
                SELECT RAISE(FAIL, "UPDATES NOT ALLOWED");
            END;
CREATE INDEX orders_block_index_idx ON orders (block_index)
        ;
CREATE INDEX orders_expire_index_idx ON orders (expire_index)
        ;
CREATE INDEX orders_get_asset_give_asset_idx ON orders (get_asset, give_asset)
        ;
CREATE INDEX orders_get_quantity_idx ON orders (get_quantity)
        ;
CREATE INDEX orders_give_asset_idx ON orders (give_asset)
        ;
CREATE INDEX orders_give_quantity_idx ON orders (give_quantity)
        ;
CREATE INDEX orders_source_give_asset_idx ON orders (source, give_asset)
        ;
CREATE INDEX orders_status_idx ON orders (status)
        ;
CREATE INDEX orders_tx_hash_idx ON orders (tx_hash)
        ;
CREATE INDEX orders_tx_index_tx_hash_idx ON orders (tx_index, tx_hash)
        ;

COMMIT TRANSACTION;
PRAGMA page_size=4096;
-- PRAGMA encoding='UTF-8';
-- PRAGMA auto_vacuum=FULL;
-- PRAGMA max_page_count=4294967294;

BEGIN TRANSACTION;

-- Table  bet_match_expirations
DROP TABLE IF EXISTS bet_match_expirations;
CREATE TABLE bet_match_expirations(
                                          bet_match_id TEXT PRIMARY KEY,
                                          tx0_address TEXT,
                                          tx1_address TEXT,
                                          block_index INTEGER,
                                          FOREIGN KEY (block_index) REFERENCES blocks(block_index));
-- Triggers and indices on  bet_match_expirations
CREATE INDEX bet_match_expirations_block_index_idx ON bet_match_expirations (block_index)
        ;
CREATE INDEX bet_match_expirations_tx0_address_idx ON bet_match_expirations (tx0_address)
        ;
CREATE INDEX bet_match_expirations_tx1_address_idx ON bet_match_expirations (tx1_address)
        ;
CREATE TRIGGER block_update_bet_match_expirations
            BEFORE UPDATE ON bet_match_expirations BEGIN
                SELECT RAISE(FAIL, "UPDATES NOT ALLOWED");
            END;

COMMIT TRANSACTION;
PRAGMA page_size=4096;
-- PRAGMA encoding='UTF-8';
-- PRAGMA auto_vacuum=FULL;
-- PRAGMA max_page_count=4294967294;

BEGIN TRANSACTION;

-- Table  bet_matches
DROP TABLE IF EXISTS bet_matches;
CREATE TABLE bet_matches(
                                id TEXT,
                                tx0_index INTEGER,
                                tx0_hash TEXT,
                                tx0_address TEXT,
                                tx1_index INTEGER,
                                tx1_hash TEXT,
                                tx1_address TEXT,
                                tx0_bet_type INTEGER,
                                tx1_bet_type INTEGER,
                                feed_address TEXT,
                                initial_value INTEGER,
                                deadline INTEGER,
                                target_value REAL,
                                leverage INTEGER,
                                forward_quantity INTEGER,
                                backward_quantity INTEGER,
                                tx0_block_index INTEGER,
                                tx1_block_index INTEGER,
                                block_index INTEGER,
                                tx0_expiration INTEGER,
                                tx1_expiration INTEGER,
                                match_expire_index INTEGER,
                                fee_fraction_int INTEGER,
                                status TEXT);
INSERT INTO bet_matches VALUES('5c49e06f8ddf9cc0f83541550664bb00075a2f01df493278097066462497af16_813e45480753e39c6ea548efd6b77f830120a41ac3b9bd37a4470b14e83301a3',13,'5c49e06f8ddf9cc0f83541550664bb00075a2f01df493278097066462497af16','3_mn6q3dS2EnDUx3bmyWc6D4szJNVGtaR7zc_mnfAHmddVibnZNSkh8DvKaQoiEfNsxjXzH_mtQheFaSfWELRB2MyMBaiWjdDm6ux9Ezns_3',14,'813e45480753e39c6ea548efd6b77f830120a41ac3b9bd37a4470b14e83301a3','3_mn6q3dS2EnDUx3bmyWc6D4szJNVGtaR7zc_mnfAHmddVibnZNSkh8DvKaQoiEfNsxjXzH_mtQheFaSfWELRB2MyMBaiWjdDm6ux9Ezns_3',0,1,'3_mn6q3dS2EnDUx3bmyWc6D4szJNVGtaR7zc_mnfAHmddVibnZNSkh8DvKaQoiEfNsxjXzH_mtQheFaSfWELRB2MyMBaiWjdDm6ux9Ezns_3',100,1388000100,0.0,15120,41500000,20750000,310012,310013,310012,10,10,310022,99999999,'pending');
INSERT INTO bet_matches VALUES('33fdca6b108f99ffb56d590f55f9d19c7d16fe83c096b9fbbf71eabeda826a41_22375d61ad5cb70e45ca8843ccffa0abe11b028351352d5da874d246c834ab6f',15,'33fdca6b108f99ffb56d590f55f9d19c7d16fe83c096b9fbbf71eabeda826a41','3_mn6q3dS2EnDUx3bmyWc6D4szJNVGtaR7zc_mnfAHmddVibnZNSkh8DvKaQoiEfNsxjXzH_mtQheFaSfWELRB2MyMBaiWjdDm6ux9Ezns_3',16,'22375d61ad5cb70e45ca8843ccffa0abe11b028351352d5da874d246c834ab6f','3_mn6q3dS2EnDUx3bmyWc6D4szJNVGtaR7zc_mnfAHmddVibnZNSkh8DvKaQoiEfNsxjXzH_mtQheFaSfWELRB2MyMBaiWjdDm6ux9Ezns_3',0,1,'3_mn6q3dS2EnDUx3bmyWc6D4szJNVGtaR7zc_mnfAHmddVibnZNSkh8DvKaQoiEfNsxjXzH_mtQheFaSfWELRB2MyMBaiWjdDm6ux9Ezns_3',100,1388000100,0.0,5040,150000000,350000000,310014,310015,310014,10,10,310024,99999999,'pending');
INSERT INTO bet_matches VALUES('5e0cd8d81531e656dc3a4ae4b7edfd1bec48e455ed0bd69a4a3c22c0c08bbede_07d3cbac831b5edb261b1445071e307949d7825565b8d5c8cba1d720d5c7ab4a',17,'5e0cd8d81531e656dc3a4ae4b7edfd1bec48e455ed0bd69a4a3c22c0c08bbede','3_mn6q3dS2EnDUx3bmyWc6D4szJNVGtaR7zc_mnfAHmddVibnZNSkh8DvKaQoiEfNsxjXzH_mtQheFaSfWELRB2MyMBaiWjdDm6ux9Ezns_3',18,'07d3cbac831b5edb261b1445071e307949d7825565b8d5c8cba1d720d5c7ab4a','3_mn6q3dS2EnDUx3bmyWc6D4szJNVGtaR7zc_mnfAHmddVibnZNSkh8DvKaQoiEfNsxjXzH_mtQheFaSfWELRB2MyMBaiWjdDm6ux9Ezns_3',2,3,'3_mn6q3dS2EnDUx3bmyWc6D4szJNVGtaR7zc_mnfAHmddVibnZNSkh8DvKaQoiEfNsxjXzH_mtQheFaSfWELRB2MyMBaiWjdDm6ux9Ezns_3',100,1388000200,1.0,5040,750000000,650000000,310016,310017,310016,10,10,310026,99999999,'pending');
INSERT INTO bet_matches VALUES('5c49e06f8ddf9cc0f83541550664bb00075a2f01df493278097066462497af16_813e45480753e39c6ea548efd6b77f830120a41ac3b9bd37a4470b14e83301a3',13,'5c49e06f8ddf9cc0f83541550664bb00075a2f01df493278097066462497af16','3_mn6q3dS2EnDUx3bmyWc6D4szJNVGtaR7zc_mnfAHmddVibnZNSkh8DvKaQoiEfNsxjXzH_mtQheFaSfWELRB2MyMBaiWjdDm6ux9Ezns_3',14,'813e45480753e39c6ea548efd6b77f830120a41ac3b9bd37a4470b14e83301a3','3_mn6q3dS2EnDUx3bmyWc6D4szJNVGtaR7zc_mnfAHmddVibnZNSkh8DvKaQoiEfNsxjXzH_mtQheFaSfWELRB2MyMBaiWjdDm6ux9Ezns_3',0,1,'3_mn6q3dS2EnDUx3bmyWc6D4szJNVGtaR7zc_mnfAHmddVibnZNSkh8DvKaQoiEfNsxjXzH_mtQheFaSfWELRB2MyMBaiWjdDm6ux9Ezns_3',100,1388000100,0.0,15120,41500000,20750000,310012,310013,310018,10,10,310022,99999999,'settled: liquidated for bear');
INSERT INTO bet_matches VALUES('33fdca6b108f99ffb56d590f55f9d19c7d16fe83c096b9fbbf71eabeda826a41_22375d61ad5cb70e45ca8843ccffa0abe11b028351352d5da874d246c834ab6f',15,'33fdca6b108f99ffb56d590f55f9d19c7d16fe83c096b9fbbf71eabeda826a41','3_mn6q3dS2EnDUx3bmyWc6D4szJNVGtaR7zc_mnfAHmddVibnZNSkh8DvKaQoiEfNsxjXzH_mtQheFaSfWELRB2MyMBaiWjdDm6ux9Ezns_3',16,'22375d61ad5cb70e45ca8843ccffa0abe11b028351352d5da874d246c834ab6f','3_mn6q3dS2EnDUx3bmyWc6D4szJNVGtaR7zc_mnfAHmddVibnZNSkh8DvKaQoiEfNsxjXzH_mtQheFaSfWELRB2MyMBaiWjdDm6ux9Ezns_3',0,1,'3_mn6q3dS2EnDUx3bmyWc6D4szJNVGtaR7zc_mnfAHmddVibnZNSkh8DvKaQoiEfNsxjXzH_mtQheFaSfWELRB2MyMBaiWjdDm6ux9Ezns_3',100,1388000100,0.0,5040,150000000,350000000,310014,310015,310019,10,10,310024,99999999,'settled');
INSERT INTO bet_matches VALUES('5e0cd8d81531e656dc3a4ae4b7edfd1bec48e455ed0bd69a4a3c22c0c08bbede_07d3cbac831b5edb261b1445071e307949d7825565b8d5c8cba1d720d5c7ab4a',17,'5e0cd8d81531e656dc3a4ae4b7edfd1bec48e455ed0bd69a4a3c22c0c08bbede','3_mn6q3dS2EnDUx3bmyWc6D4szJNVGtaR7zc_mnfAHmddVibnZNSkh8DvKaQoiEfNsxjXzH_mtQheFaSfWELRB2MyMBaiWjdDm6ux9Ezns_3',18,'07d3cbac831b5edb261b1445071e307949d7825565b8d5c8cba1d720d5c7ab4a','3_mn6q3dS2EnDUx3bmyWc6D4szJNVGtaR7zc_mnfAHmddVibnZNSkh8DvKaQoiEfNsxjXzH_mtQheFaSfWELRB2MyMBaiWjdDm6ux9Ezns_3',2,3,'3_mn6q3dS2EnDUx3bmyWc6D4szJNVGtaR7zc_mnfAHmddVibnZNSkh8DvKaQoiEfNsxjXzH_mtQheFaSfWELRB2MyMBaiWjdDm6ux9Ezns_3',100,1388000200,1.0,5040,750000000,650000000,310016,310017,310020,10,10,310026,99999999,'settled: for notequal');
-- Triggers and indices on  bet_matches
CREATE INDEX bet_matches_block_index_idx ON bet_matches (block_index)
        ;
CREATE INDEX bet_matches_deadline_idx ON bet_matches (deadline)
        ;
CREATE INDEX bet_matches_id_idx ON bet_matches (id)
        ;
CREATE INDEX bet_matches_status_idx ON bet_matches (status)
        ;
CREATE INDEX bet_matches_tx0_address_idx ON bet_matches (tx0_address)
        ;
CREATE INDEX bet_matches_tx1_address_idx ON bet_matches (tx1_address)
        ;
CREATE TRIGGER block_update_bet_matches
            BEFORE UPDATE ON bet_matches BEGIN
                SELECT RAISE(FAIL, "UPDATES NOT ALLOWED");
            END;

COMMIT TRANSACTION;
PRAGMA page_size=4096;
-- PRAGMA encoding='UTF-8';
-- PRAGMA auto_vacuum=FULL;
-- PRAGMA max_page_count=4294967294;

BEGIN TRANSACTION;

-- Table  bet_match_resolutions
DROP TABLE IF EXISTS bet_match_resolutions;
CREATE TABLE bet_match_resolutions(
                                            bet_match_id TEXT PRIMARY KEY,
                                            bet_match_type_id INTEGER,
                                            block_index INTEGER,
                                            winner TEXT,
                                            settled BOOL,
                                            bull_credit INTEGER,
                                            bear_credit INTEGER,
                                            escrow_less_fee INTEGER,
                                            fee INTEGER,
                                            FOREIGN KEY (block_index) REFERENCES blocks(block_index));
INSERT INTO bet_match_resolutions VALUES('5c49e06f8ddf9cc0f83541550664bb00075a2f01df493278097066462497af16_813e45480753e39c6ea548efd6b77f830120a41ac3b9bd37a4470b14e83301a3',1,310018,NULL,0,0,59137500,NULL,3112500);
INSERT INTO bet_match_resolutions VALUES('33fdca6b108f99ffb56d590f55f9d19c7d16fe83c096b9fbbf71eabeda826a41_22375d61ad5cb70e45ca8843ccffa0abe11b028351352d5da874d246c834ab6f',1,310019,NULL,1,159300000,315700000,NULL,25000000);
INSERT INTO bet_match_resolutions VALUES('5e0cd8d81531e656dc3a4ae4b7edfd1bec48e455ed0bd69a4a3c22c0c08bbede_07d3cbac831b5edb261b1445071e307949d7825565b8d5c8cba1d720d5c7ab4a',5,310020,'NotEqual',NULL,NULL,NULL,1330000000,70000000);
-- Triggers and indices on  bet_match_resolutions
CREATE TRIGGER block_update_bet_match_resolutions
            BEFORE UPDATE ON bet_match_resolutions BEGIN
                SELECT RAISE(FAIL, "UPDATES NOT ALLOWED");
            END;

COMMIT TRANSACTION;
PRAGMA page_size=4096;
-- PRAGMA encoding='UTF-8';
-- PRAGMA auto_vacuum=FULL;
-- PRAGMA max_page_count=4294967294;

BEGIN TRANSACTION;

-- Table  bet_expirations
DROP TABLE IF EXISTS bet_expirations;
CREATE TABLE bet_expirations(
                                    bet_index INTEGER PRIMARY KEY,
                                    bet_hash TEXT UNIQUE,
                                    source TEXT,
                                    block_index INTEGER,
                                    FOREIGN KEY (block_index) REFERENCES blocks(block_index));
INSERT INTO bet_expirations VALUES(13,'5c49e06f8ddf9cc0f83541550664bb00075a2f01df493278097066462497af16','3_mn6q3dS2EnDUx3bmyWc6D4szJNVGtaR7zc_mnfAHmddVibnZNSkh8DvKaQoiEfNsxjXzH_mtQheFaSfWELRB2MyMBaiWjdDm6ux9Ezns_3',310023);
-- Triggers and indices on  bet_expirations
CREATE INDEX bet_expirations_block_index_idx ON bet_expirations (block_index)
        ;
CREATE INDEX bet_expirations_source_idx ON bet_expirations (source)
        ;
CREATE TRIGGER block_update_bet_expirations
            BEFORE UPDATE ON bet_expirations BEGIN
                SELECT RAISE(FAIL, "UPDATES NOT ALLOWED");
            END;

COMMIT TRANSACTION;
PRAGMA page_size=4096;
-- PRAGMA encoding='UTF-8';
-- PRAGMA auto_vacuum=FULL;
-- PRAGMA max_page_count=4294967294;

BEGIN TRANSACTION;

-- Table  bets
DROP TABLE IF EXISTS bets;
CREATE TABLE bets(
                        tx_index INTEGER,
                        tx_hash TEXT,
                        block_index INTEGER,
                        source TEXT,
                        feed_address TEXT,
                        bet_type INTEGER,
                        deadline INTEGER,
                        wager_quantity INTEGER,
                        wager_remaining INTEGER,
                        counterwager_quantity INTEGER,
                        counterwager_remaining INTEGER,
                        target_value REAL,
                        leverage INTEGER,
                        expiration INTEGER,
                        expire_index INTEGER,
                        fee_fraction_int INTEGER,
                        status TEXT);
INSERT INTO bets VALUES(13,'5c49e06f8ddf9cc0f83541550664bb00075a2f01df493278097066462497af16',310012,'3_mn6q3dS2EnDUx3bmyWc6D4szJNVGtaR7zc_mnfAHmddVibnZNSkh8DvKaQoiEfNsxjXzH_mtQheFaSfWELRB2MyMBaiWjdDm6ux9Ezns_3','3_mn6q3dS2EnDUx3bmyWc6D4szJNVGtaR7zc_mnfAHmddVibnZNSkh8DvKaQoiEfNsxjXzH_mtQheFaSfWELRB2MyMBaiWjdDm6ux9Ezns_3',0,1388000100,50000000,50000000,25000000,25000000,0.0,15120,10,310022,99999999,'open');
INSERT INTO bets VALUES(14,'813e45480753e39c6ea548efd6b77f830120a41ac3b9bd37a4470b14e83301a3',310013,'3_mn6q3dS2EnDUx3bmyWc6D4szJNVGtaR7zc_mnfAHmddVibnZNSkh8DvKaQoiEfNsxjXzH_mtQheFaSfWELRB2MyMBaiWjdDm6ux9Ezns_3','3_mn6q3dS2EnDUx3bmyWc6D4szJNVGtaR7zc_mnfAHmddVibnZNSkh8DvKaQoiEfNsxjXzH_mtQheFaSfWELRB2MyMBaiWjdDm6ux9Ezns_3',1,1388000100,25000000,25000000,41500000,41500000,0.0,15120,10,310023,99999999,'open');
INSERT INTO bets VALUES(13,'5c49e06f8ddf9cc0f83541550664bb00075a2f01df493278097066462497af16',310013,'3_mn6q3dS2EnDUx3bmyWc6D4szJNVGtaR7zc_mnfAHmddVibnZNSkh8DvKaQoiEfNsxjXzH_mtQheFaSfWELRB2MyMBaiWjdDm6ux9Ezns_3','3_mn6q3dS2EnDUx3bmyWc6D4szJNVGtaR7zc_mnfAHmddVibnZNSkh8DvKaQoiEfNsxjXzH_mtQheFaSfWELRB2MyMBaiWjdDm6ux9Ezns_3',0,1388000100,50000000,8500000,25000000,4250000,0.0,15120,10,310022,99999999,'open');
INSERT INTO bets VALUES(14,'813e45480753e39c6ea548efd6b77f830120a41ac3b9bd37a4470b14e83301a3',310013,'3_mn6q3dS2EnDUx3bmyWc6D4szJNVGtaR7zc_mnfAHmddVibnZNSkh8DvKaQoiEfNsxjXzH_mtQheFaSfWELRB2MyMBaiWjdDm6ux9Ezns_3','3_mn6q3dS2EnDUx3bmyWc6D4szJNVGtaR7zc_mnfAHmddVibnZNSkh8DvKaQoiEfNsxjXzH_mtQheFaSfWELRB2MyMBaiWjdDm6ux9Ezns_3',1,1388000100,25000000,4250000,41500000,0,0.0,15120,10,310023,99999999,'filled');
INSERT INTO bets VALUES(15,'33fdca6b108f99ffb56d590f55f9d19c7d16fe83c096b9fbbf71eabeda826a41',310014,'3_mn6q3dS2EnDUx3bmyWc6D4szJNVGtaR7zc_mnfAHmddVibnZNSkh8DvKaQoiEfNsxjXzH_mtQheFaSfWELRB2MyMBaiWjdDm6ux9Ezns_3','3_mn6q3dS2EnDUx3bmyWc6D4szJNVGtaR7zc_mnfAHmddVibnZNSkh8DvKaQoiEfNsxjXzH_mtQheFaSfWELRB2MyMBaiWjdDm6ux9Ezns_3',0,1388000100,150000000,150000000,350000000,350000000,0.0,5040,10,310024,99999999,'open');
INSERT INTO bets VALUES(16,'22375d61ad5cb70e45ca8843ccffa0abe11b028351352d5da874d246c834ab6f',310015,'3_mn6q3dS2EnDUx3bmyWc6D4szJNVGtaR7zc_mnfAHmddVibnZNSkh8DvKaQoiEfNsxjXzH_mtQheFaSfWELRB2MyMBaiWjdDm6ux9Ezns_3','3_mn6q3dS2EnDUx3bmyWc6D4szJNVGtaR7zc_mnfAHmddVibnZNSkh8DvKaQoiEfNsxjXzH_mtQheFaSfWELRB2MyMBaiWjdDm6ux9Ezns_3',1,1388000100,350000000,350000000,150000000,150000000,0.0,5040,10,310025,99999999,'open');
INSERT INTO bets VALUES(15,'33fdca6b108f99ffb56d590f55f9d19c7d16fe83c096b9fbbf71eabeda826a41',310015,'3_mn6q3dS2EnDUx3bmyWc6D4szJNVGtaR7zc_mnfAHmddVibnZNSkh8DvKaQoiEfNsxjXzH_mtQheFaSfWELRB2MyMBaiWjdDm6ux9Ezns_3','3_mn6q3dS2EnDUx3bmyWc6D4szJNVGtaR7zc_mnfAHmddVibnZNSkh8DvKaQoiEfNsxjXzH_mtQheFaSfWELRB2MyMBaiWjdDm6ux9Ezns_3',0,1388000100,150000000,0,350000000,0,0.0,5040,10,310024,99999999,'filled');
INSERT INTO bets VALUES(16,'22375d61ad5cb70e45ca8843ccffa0abe11b028351352d5da874d246c834ab6f',310015,'3_mn6q3dS2EnDUx3bmyWc6D4szJNVGtaR7zc_mnfAHmddVibnZNSkh8DvKaQoiEfNsxjXzH_mtQheFaSfWELRB2MyMBaiWjdDm6ux9Ezns_3','3_mn6q3dS2EnDUx3bmyWc6D4szJNVGtaR7zc_mnfAHmddVibnZNSkh8DvKaQoiEfNsxjXzH_mtQheFaSfWELRB2MyMBaiWjdDm6ux9Ezns_3',1,1388000100,350000000,0,150000000,0,0.0,5040,10,310025,99999999,'filled');
INSERT INTO bets VALUES(17,'5e0cd8d81531e656dc3a4ae4b7edfd1bec48e455ed0bd69a4a3c22c0c08bbede',310016,'3_mn6q3dS2EnDUx3bmyWc6D4szJNVGtaR7zc_mnfAHmddVibnZNSkh8DvKaQoiEfNsxjXzH_mtQheFaSfWELRB2MyMBaiWjdDm6ux9Ezns_3','3_mn6q3dS2EnDUx3bmyWc6D4szJNVGtaR7zc_mnfAHmddVibnZNSkh8DvKaQoiEfNsxjXzH_mtQheFaSfWELRB2MyMBaiWjdDm6ux9Ezns_3',2,1388000200,750000000,750000000,650000000,650000000,1.0,5040,10,310026,99999999,'open');
INSERT INTO bets VALUES(18,'07d3cbac831b5edb261b1445071e307949d7825565b8d5c8cba1d720d5c7ab4a',310017,'3_mn6q3dS2EnDUx3bmyWc6D4szJNVGtaR7zc_mnfAHmddVibnZNSkh8DvKaQoiEfNsxjXzH_mtQheFaSfWELRB2MyMBaiWjdDm6ux9Ezns_3','3_mn6q3dS2EnDUx3bmyWc6D4szJNVGtaR7zc_mnfAHmddVibnZNSkh8DvKaQoiEfNsxjXzH_mtQheFaSfWELRB2MyMBaiWjdDm6ux9Ezns_3',3,1388000200,650000000,650000000,750000000,750000000,1.0,5040,10,310027,99999999,'open');
INSERT INTO bets VALUES(17,'5e0cd8d81531e656dc3a4ae4b7edfd1bec48e455ed0bd69a4a3c22c0c08bbede',310017,'3_mn6q3dS2EnDUx3bmyWc6D4szJNVGtaR7zc_mnfAHmddVibnZNSkh8DvKaQoiEfNsxjXzH_mtQheFaSfWELRB2MyMBaiWjdDm6ux9Ezns_3','3_mn6q3dS2EnDUx3bmyWc6D4szJNVGtaR7zc_mnfAHmddVibnZNSkh8DvKaQoiEfNsxjXzH_mtQheFaSfWELRB2MyMBaiWjdDm6ux9Ezns_3',2,1388000200,750000000,0,650000000,0,1.0,5040,10,310026,99999999,'filled');
INSERT INTO bets VALUES(18,'07d3cbac831b5edb261b1445071e307949d7825565b8d5c8cba1d720d5c7ab4a',310017,'3_mn6q3dS2EnDUx3bmyWc6D4szJNVGtaR7zc_mnfAHmddVibnZNSkh8DvKaQoiEfNsxjXzH_mtQheFaSfWELRB2MyMBaiWjdDm6ux9Ezns_3','3_mn6q3dS2EnDUx3bmyWc6D4szJNVGtaR7zc_mnfAHmddVibnZNSkh8DvKaQoiEfNsxjXzH_mtQheFaSfWELRB2MyMBaiWjdDm6ux9Ezns_3',3,1388000200,650000000,0,750000000,0,1.0,5040,10,310027,99999999,'filled');
INSERT INTO bets VALUES(13,'5c49e06f8ddf9cc0f83541550664bb00075a2f01df493278097066462497af16',310023,'3_mn6q3dS2EnDUx3bmyWc6D4szJNVGtaR7zc_mnfAHmddVibnZNSkh8DvKaQoiEfNsxjXzH_mtQheFaSfWELRB2MyMBaiWjdDm6ux9Ezns_3','3_mn6q3dS2EnDUx3bmyWc6D4szJNVGtaR7zc_mnfAHmddVibnZNSkh8DvKaQoiEfNsxjXzH_mtQheFaSfWELRB2MyMBaiWjdDm6ux9Ezns_3',0,1388000100,50000000,8500000,25000000,4250000,0.0,15120,10,310022,99999999,'expired');
-- Triggers and indices on  bets
CREATE INDEX bets_block_index_idx ON bets (block_index)
        ;
CREATE INDEX bets_expire_index_idx ON bets (expire_index)
        ;
CREATE INDEX bets_feed_address_bet_type_idx ON bets (feed_address, bet_type)
        ;
CREATE INDEX bets_feed_address_idx ON bets (feed_address)
        ;
CREATE INDEX bets_status_idx ON bets (status)
        ;
CREATE INDEX bets_tx_hash_idx ON bets (tx_hash)
        ;
CREATE INDEX bets_tx_index_tx_hash_idx ON bets (tx_index, tx_hash)
        ;
CREATE TRIGGER block_update_bets
            BEFORE UPDATE ON bets BEGIN
                SELECT RAISE(FAIL, "UPDATES NOT ALLOWED");
            END;

COMMIT TRANSACTION;
PRAGMA page_size=4096;
-- PRAGMA encoding='UTF-8';
-- PRAGMA auto_vacuum=FULL;
-- PRAGMA max_page_count=4294967294;

BEGIN TRANSACTION;

-- Table  broadcasts
DROP TABLE IF EXISTS broadcasts;
CREATE TABLE broadcasts(
                      tx_index INTEGER PRIMARY KEY,
                      tx_hash TEXT UNIQUE,
                      block_index INTEGER,
                      source TEXT,
                      timestamp INTEGER,
                      value REAL,
                      fee_fraction_int INTEGER,
                      text TEXT,
                      locked BOOL,
                      status TEXT,
                      FOREIGN KEY (tx_index, tx_hash, block_index) REFERENCES transactions(tx_index, tx_hash, block_index));
INSERT INTO broadcasts VALUES(12,'47a25bd63a47c61ca2709279bb5c1dc8695f0e93926bf659038be64e6a1c4060',310011,'3_mn6q3dS2EnDUx3bmyWc6D4szJNVGtaR7zc_mnfAHmddVibnZNSkh8DvKaQoiEfNsxjXzH_mtQheFaSfWELRB2MyMBaiWjdDm6ux9Ezns_3',1388000000,100.0,99999999,'Unit Test',0,'valid');
INSERT INTO broadcasts VALUES(19,'5a057227535fcb5aeaf56ec919321667cc45f4fa7d11bf940d22abaad909cd66',310018,'3_mn6q3dS2EnDUx3bmyWc6D4szJNVGtaR7zc_mnfAHmddVibnZNSkh8DvKaQoiEfNsxjXzH_mtQheFaSfWELRB2MyMBaiWjdDm6ux9Ezns_3',1388000050,99.86166,5000000,'Unit Test',0,'valid');
INSERT INTO broadcasts VALUES(20,'0baab7280b14d7d8597dc5f570682654fac0453b0b4c374d45cef3d21a7ceb17',310019,'3_mn6q3dS2EnDUx3bmyWc6D4szJNVGtaR7zc_mnfAHmddVibnZNSkh8DvKaQoiEfNsxjXzH_mtQheFaSfWELRB2MyMBaiWjdDm6ux9Ezns_3',1388000101,100.343,5000000,'Unit Test',0,'valid');
INSERT INTO broadcasts VALUES(21,'2b39f99114417cb4857c8c2c671b4bc3bc8b3e52865daa91a49ea6d9bdfb6402',310020,'3_mn6q3dS2EnDUx3bmyWc6D4szJNVGtaR7zc_mnfAHmddVibnZNSkh8DvKaQoiEfNsxjXzH_mtQheFaSfWELRB2MyMBaiWjdDm6ux9Ezns_3',1388000201,2.0,5000000,'Unit Test',0,'valid');
-- Triggers and indices on  broadcasts
CREATE TRIGGER block_update_broadcasts
            BEFORE UPDATE ON broadcasts BEGIN
                SELECT RAISE(FAIL, "UPDATES NOT ALLOWED");
            END;
CREATE INDEX broadcasts_block_index_idx ON broadcasts (block_index)
        ;
CREATE INDEX broadcasts_status_source_tx_index_idx ON broadcasts (status, source, tx_index)
        ;
CREATE INDEX broadcasts_timestamp_idx ON broadcasts (timestamp)
        ;

COMMIT TRANSACTION;
PRAGMA page_size=4096;
-- PRAGMA encoding='UTF-8';
-- PRAGMA auto_vacuum=FULL;
-- PRAGMA max_page_count=4294967294;

BEGIN TRANSACTION;

-- Table  btcpays
DROP TABLE IF EXISTS btcpays;
CREATE TABLE btcpays(
                      tx_index INTEGER PRIMARY KEY,
                      tx_hash TEXT UNIQUE,
                      block_index INTEGER,
                      source TEXT,
                      destination TEXT,
                      btc_amount INTEGER,
                      order_match_id TEXT,
                      status TEXT,
                      FOREIGN KEY (tx_index, tx_hash, block_index) REFERENCES transactions(tx_index, tx_hash, block_index));
INSERT INTO btcpays VALUES(5,'06448effa4c26f1101b315b2dbe3d2b7b888ca18f5755f4365c97215a6c760ac',310004,'3_mn6q3dS2EnDUx3bmyWc6D4szJNVGtaR7zc_mnfAHmddVibnZNSkh8DvKaQoiEfNsxjXzH_mtQheFaSfWELRB2MyMBaiWjdDm6ux9Ezns_3','3_mn6q3dS2EnDUx3bmyWc6D4szJNVGtaR7zc_mnfAHmddVibnZNSkh8DvKaQoiEfNsxjXzH_mtQheFaSfWELRB2MyMBaiWjdDm6ux9Ezns_3',50000000,'1385519ca199f1b39bb89caac062fe3a342f18e393d301d7a56c150a8ab84093_a2e93083b871e68cb89e216f9a99c4c6aea1eb92cbdbafc5b4b0e160c19c517e','valid');
-- Triggers and indices on  btcpays
CREATE TRIGGER block_update_btcpays
            BEFORE UPDATE ON btcpays BEGIN
                SELECT RAISE(FAIL, "UPDATES NOT ALLOWED");
            END;
CREATE INDEX btcpays_block_index_idx ON btcpays (block_index)
        ;
CREATE INDEX btcpays_destination_idx ON btcpays (destination)
        ;
CREATE INDEX btcpays_source_idx ON btcpays (source)
        ;

COMMIT TRANSACTION;
PRAGMA page_size=4096;
-- PRAGMA encoding='UTF-8';
-- PRAGMA auto_vacuum=FULL;
-- PRAGMA max_page_count=4294967294;

BEGIN TRANSACTION;

-- Table  burns
DROP TABLE IF EXISTS burns;
CREATE TABLE burns(
                      tx_index INTEGER PRIMARY KEY,
                      tx_hash TEXT UNIQUE,
                      block_index INTEGER,
                      source TEXT,
                      burned INTEGER,
                      earned INTEGER,
                      status TEXT,
                      FOREIGN KEY (tx_index, tx_hash, block_index) REFERENCES transactions(tx_index, tx_hash, block_index));
INSERT INTO burns VALUES(1,'c9ff1be2579378fad6d83ca87e6c91428b1eb8cfd1b0f341b3c7e452764404f5',310000,'3_mn6q3dS2EnDUx3bmyWc6D4szJNVGtaR7zc_mnfAHmddVibnZNSkh8DvKaQoiEfNsxjXzH_mtQheFaSfWELRB2MyMBaiWjdDm6ux9Ezns_3',62000000,93000000000,'valid');
INSERT INTO burns VALUES(23,'3739350ed4c86474468cb1fed825b1ef141304d638b298867d0b2ae58c509c22',310022,'3_mn6q3dS2EnDUx3bmyWc6D4szJNVGtaR7zc_mnfAHmddVibnZNSkh8DvKaQoiEfNsxjXzH_mtQheFaSfWELRB2MyMBaiWjdDm6ux9Ezns_3',38000000,56999887262,'valid');
-- Triggers and indices on  burns
CREATE TRIGGER block_update_burns
            BEFORE UPDATE ON burns BEGIN
                SELECT RAISE(FAIL, "UPDATES NOT ALLOWED");
            END;
CREATE INDEX burns_source_idx ON burns (source)
        ;
CREATE INDEX burns_status_idx ON burns (status)
        ;

COMMIT TRANSACTION;
PRAGMA page_size=4096;
-- PRAGMA encoding='UTF-8';
-- PRAGMA auto_vacuum=FULL;
-- PRAGMA max_page_count=4294967294;

BEGIN TRANSACTION;

-- Table  cancels
DROP TABLE IF EXISTS cancels;
CREATE TABLE cancels(
                      tx_index INTEGER PRIMARY KEY,
                      tx_hash TEXT UNIQUE,
                      block_index INTEGER,
                      source TEXT,
                      offer_hash TEXT,
                      status TEXT,
                      FOREIGN KEY (tx_index, tx_hash, block_index) REFERENCES transactions(tx_index, tx_hash, block_index));
-- Triggers and indices on  cancels
CREATE TRIGGER block_update_cancels
            BEFORE UPDATE ON cancels BEGIN
                SELECT RAISE(FAIL, "UPDATES NOT ALLOWED");
            END;
CREATE INDEX cancels_block_index_idx ON cancels (block_index)
        ;
CREATE INDEX cancels_source_idx ON cancels (source)
        ;

COMMIT TRANSACTION;
PRAGMA page_size=4096;
-- PRAGMA encoding='UTF-8';
-- PRAGMA auto_vacuum=FULL;
-- PRAGMA max_page_count=4294967294;

BEGIN TRANSACTION;

-- Table  dividends
DROP TABLE IF EXISTS dividends;
CREATE TABLE dividends(
                      tx_index INTEGER PRIMARY KEY,
                      tx_hash TEXT UNIQUE,
                      block_index INTEGER,
                      source TEXT,
                      asset TEXT,
                      dividend_asset TEXT,
                      quantity_per_unit INTEGER,
                      fee_paid INTEGER,
                      status TEXT,
                      FOREIGN KEY (tx_index, tx_hash, block_index) REFERENCES transactions(tx_index, tx_hash, block_index));
INSERT INTO dividends VALUES(10,'6aa6c552e5a302b056768aed88aa8da6e9f78def669d5203904719e15ff1ac29',310009,'3_mn6q3dS2EnDUx3bmyWc6D4szJNVGtaR7zc_mnfAHmddVibnZNSkh8DvKaQoiEfNsxjXzH_mtQheFaSfWELRB2MyMBaiWjdDm6ux9Ezns_3','BBBB','XCP',600,20000,'valid');
INSERT INTO dividends VALUES(11,'8606cbcb3aaa438e207e9ef279191f6f100e34d479b1985268525e32a91c953e',310010,'3_mn6q3dS2EnDUx3bmyWc6D4szJNVGtaR7zc_mnfAHmddVibnZNSkh8DvKaQoiEfNsxjXzH_mtQheFaSfWELRB2MyMBaiWjdDm6ux9Ezns_3','BBBC','XCP',800,20000,'valid');
-- Triggers and indices on  dividends
CREATE TRIGGER block_update_dividends
            BEFORE UPDATE ON dividends BEGIN
                SELECT RAISE(FAIL, "UPDATES NOT ALLOWED");
            END;
CREATE INDEX dividends_asset_idx ON dividends (asset)
        ;
CREATE INDEX dividends_block_index_idx ON dividends (block_index)
        ;
CREATE INDEX dividends_source_idx ON dividends (source)
        ;

COMMIT TRANSACTION;
PRAGMA page_size=4096;
-- PRAGMA encoding='UTF-8';
-- PRAGMA auto_vacuum=FULL;
-- PRAGMA max_page_count=4294967294;

BEGIN TRANSACTION;

-- Table  issuances
DROP TABLE IF EXISTS issuances;
CREATE TABLE issuances(
            tx_index INTEGER,
            tx_hash TEXT,
            msg_index INTEGER DEFAULT 0,
            block_index INTEGER,
            asset TEXT,
            quantity INTEGER,
            divisible BOOL,
            source TEXT,
            issuer TEXT,
            transfer BOOL,
            callable BOOL,
            call_date INTEGER,
            call_price REAL,
            description TEXT,
            fee_paid INTEGER,
            locked BOOL DEFAULT FALSE,
            status TEXT,
            asset_longname TEXT,
            reset BOOL DEFAULT FALSE,
            description_locked BOOL,
            fair_minting BOOL DEFAULT FALSE,
            asset_events TEXT,
            PRIMARY KEY (tx_index, msg_index),
            UNIQUE (tx_hash, msg_index)
        );
INSERT INTO issuances VALUES(6,'57b34dae586111eefeecae4d16f6d20d6447efa974b72931f7b2cd0f39890406',0,310005,'BBBB',1000000000,1,'3_mn6q3dS2EnDUx3bmyWc6D4szJNVGtaR7zc_mnfAHmddVibnZNSkh8DvKaQoiEfNsxjXzH_mtQheFaSfWELRB2MyMBaiWjdDm6ux9Ezns_3','3_mn6q3dS2EnDUx3bmyWc6D4szJNVGtaR7zc_mnfAHmddVibnZNSkh8DvKaQoiEfNsxjXzH_mtQheFaSfWELRB2MyMBaiWjdDm6ux9Ezns_3',0,0,0,0.0,'',50000000,0,'valid',NULL,0,0,0,'creation');
INSERT INTO issuances VALUES(7,'6163ab5e7282e43a2f07a146d28b4b45c55820ee541881bc98d2592f4e6ba975',0,310006,'BBBC',100000,0,'3_mn6q3dS2EnDUx3bmyWc6D4szJNVGtaR7zc_mnfAHmddVibnZNSkh8DvKaQoiEfNsxjXzH_mtQheFaSfWELRB2MyMBaiWjdDm6ux9Ezns_3','3_mn6q3dS2EnDUx3bmyWc6D4szJNVGtaR7zc_mnfAHmddVibnZNSkh8DvKaQoiEfNsxjXzH_mtQheFaSfWELRB2MyMBaiWjdDm6ux9Ezns_3',0,0,0,0.0,'foobar',50000000,0,'valid',NULL,0,0,0,'creation');
-- Triggers and indices on  issuances
CREATE TRIGGER block_update_issuances
            BEFORE UPDATE ON issuances BEGIN
                SELECT RAISE(FAIL, "UPDATES NOT ALLOWED");
            END;
CREATE INDEX issuances_asset_longname_idx ON issuances (asset_longname)
        ;
CREATE INDEX issuances_block_index_idx ON issuances (block_index)
        ;
CREATE INDEX issuances_issuer_idx ON issuances (issuer)
        ;
CREATE INDEX issuances_source_idx ON issuances (source)
        ;
CREATE INDEX issuances_status_asset_longname_tx_index_idx ON issuances (status, asset_longname, tx_index DESC)
        ;
CREATE INDEX issuances_status_asset_tx_index_idx ON issuances (status, asset, tx_index DESC)
        ;

COMMIT TRANSACTION;
PRAGMA page_size=4096;
-- PRAGMA encoding='UTF-8';
-- PRAGMA auto_vacuum=FULL;
-- PRAGMA max_page_count=4294967294;

BEGIN TRANSACTION;

-- Table  sends
DROP TABLE IF EXISTS sends;
CREATE TABLE "sends"(
                              tx_index INTEGER,
                              tx_hash TEXT,
                              block_index INTEGER,
                              source TEXT,
                              destination TEXT,
                              asset TEXT,
                              quantity INTEGER,
                              status TEXT,
                              msg_index INTEGER DEFAULT 0, memo BLOB, fee_paid INTEGER DEFAULT 0, send_type TEXT,
                              PRIMARY KEY (tx_index, msg_index),
                              FOREIGN KEY (tx_index, tx_hash, block_index) REFERENCES transactions(tx_index, tx_hash, block_index),
                              UNIQUE (tx_hash, msg_index) ON CONFLICT FAIL);
INSERT INTO sends VALUES(2,'8968369ff47b1f5f6959aa67aca82d1385f3763e1cac2180d8cf41b44a515a32',310001,'3_mn6q3dS2EnDUx3bmyWc6D4szJNVGtaR7zc_mnfAHmddVibnZNSkh8DvKaQoiEfNsxjXzH_mtQheFaSfWELRB2MyMBaiWjdDm6ux9Ezns_3','3_mn6q3dS2EnDUx3bmyWc6D4szJNVGtaR7zc_mnfAHmddVibnZNSkh8DvKaQoiEfNsxjXzH_mqPCfvqTfYctXMUfmniXeG2nyaN8w6tPmj_3','XCP',50000000,'valid',0,NULL,0,'send');
INSERT INTO sends VALUES(8,'8972d4a117a0c4161ddf2bcdeb3877e0ad4cbf9cb5ce2be3411c69eedc9f718b',310007,'3_mn6q3dS2EnDUx3bmyWc6D4szJNVGtaR7zc_mnfAHmddVibnZNSkh8DvKaQoiEfNsxjXzH_mtQheFaSfWELRB2MyMBaiWjdDm6ux9Ezns_3','3_mn6q3dS2EnDUx3bmyWc6D4szJNVGtaR7zc_mnfAHmddVibnZNSkh8DvKaQoiEfNsxjXzH_mqPCfvqTfYctXMUfmniXeG2nyaN8w6tPmj_3','BBBB',4000000,'valid',0,NULL,0,'send');
INSERT INTO sends VALUES(9,'3f49e685b22a7cd1a4d20bb7ca9a3f1ec4e593bc6e60c67037de2aab8b992391',310008,'3_mn6q3dS2EnDUx3bmyWc6D4szJNVGtaR7zc_mnfAHmddVibnZNSkh8DvKaQoiEfNsxjXzH_mtQheFaSfWELRB2MyMBaiWjdDm6ux9Ezns_3','3_mn6q3dS2EnDUx3bmyWc6D4szJNVGtaR7zc_mnfAHmddVibnZNSkh8DvKaQoiEfNsxjXzH_mqPCfvqTfYctXMUfmniXeG2nyaN8w6tPmj_3','BBBC',526,'valid',0,NULL,0,'send');
INSERT INTO sends VALUES(24,'72bd448eb70da9b7554d3b58a1e89356171578c847763af014b25c99e70cbb58',310023,'3_mn6q3dS2EnDUx3bmyWc6D4szJNVGtaR7zc_mnfAHmddVibnZNSkh8DvKaQoiEfNsxjXzH_mtQheFaSfWELRB2MyMBaiWjdDm6ux9Ezns_3','3_mn6q3dS2EnDUx3bmyWc6D4szJNVGtaR7zc_mnfAHmddVibnZNSkh8DvKaQoiEfNsxjXzH_mqPCfvqTfYctXMUfmniXeG2nyaN8w6tPmj_3','BBBC',10000,'valid',0,NULL,0,'send');
-- Triggers and indices on  sends
CREATE TRIGGER block_update_sends
            BEFORE UPDATE ON sends BEGIN
                SELECT RAISE(FAIL, "UPDATES NOT ALLOWED");
            END;
CREATE INDEX sends_asset_send_type_idx ON sends (asset, send_type)
        ;
CREATE INDEX sends_block_index_send_type_idx ON sends (block_index, send_type)
        ;
CREATE INDEX sends_destination_idx ON sends (destination)
        ;
CREATE INDEX sends_memo_idx ON sends (memo)
        ;
CREATE INDEX sends_send_type_idx ON sends (send_type)
        ;
CREATE INDEX sends_source_idx ON sends (source)
        ;
CREATE INDEX sends_status_idx ON sends (status)
        ;

COMMIT TRANSACTION;
PRAGMA page_size=4096;
-- PRAGMA encoding='UTF-8';
-- PRAGMA auto_vacuum=FULL;
-- PRAGMA max_page_count=4294967294;

BEGIN TRANSACTION;

-- Table  rps_match_expirations
DROP TABLE IF EXISTS rps_match_expirations;
CREATE TABLE rps_match_expirations(
                                            rps_match_id TEXT PRIMARY KEY,
                                            tx0_address TEXT,
                                            tx1_address TEXT,
                                            block_index INTEGER,
                                            FOREIGN KEY (block_index) REFERENCES blocks(block_index));
-- Triggers and indices on  rps_match_expirations
CREATE TRIGGER block_update_rps_match_expirations
            BEFORE UPDATE ON rps_match_expirations BEGIN
                SELECT RAISE(FAIL, "UPDATES NOT ALLOWED");
            END;
CREATE INDEX rps_match_expirations_block_index_idx ON rps_match_expirations (block_index)
        ;
CREATE INDEX rps_match_expirations_tx0_address_idx ON rps_match_expirations (tx0_address)
        ;
CREATE INDEX rps_match_expirations_tx1_address_idx ON rps_match_expirations (tx1_address)
        ;

COMMIT TRANSACTION;
PRAGMA page_size=4096;
-- PRAGMA encoding='UTF-8';
-- PRAGMA auto_vacuum=FULL;
-- PRAGMA max_page_count=4294967294;

BEGIN TRANSACTION;

-- Table  rps_expirations
DROP TABLE IF EXISTS rps_expirations;
CREATE TABLE rps_expirations(
                                    rps_index INTEGER PRIMARY KEY,
                                    rps_hash TEXT UNIQUE,
                                    source TEXT,
                                    block_index INTEGER,
                                    FOREIGN KEY (block_index) REFERENCES blocks(block_index));
-- Triggers and indices on  rps_expirations
CREATE TRIGGER block_update_rps_expirations
            BEFORE UPDATE ON rps_expirations BEGIN
                SELECT RAISE(FAIL, "UPDATES NOT ALLOWED");
            END;
CREATE INDEX rps_expirations_block_index_idx ON rps_expirations (block_index)
        ;
CREATE INDEX rps_expirations_source_idx ON rps_expirations (source)
        ;

COMMIT TRANSACTION;
PRAGMA page_size=4096;
-- PRAGMA encoding='UTF-8';
-- PRAGMA auto_vacuum=FULL;
-- PRAGMA max_page_count=4294967294;

BEGIN TRANSACTION;

-- Table  rpsresolves
DROP TABLE IF EXISTS rpsresolves;
CREATE TABLE rpsresolves(
                      tx_index INTEGER PRIMARY KEY,
                      tx_hash TEXT UNIQUE,
                      block_index INTEGER,
                      source TEXT,
                      move INTEGER,
                      random TEXT,
                      rps_match_id TEXT,
                      status TEXT,
                      FOREIGN KEY (tx_index, tx_hash, block_index) REFERENCES transactions(tx_index, tx_hash, block_index));
-- Triggers and indices on  rpsresolves
CREATE TRIGGER block_update_rpsresolves
            BEFORE UPDATE ON rpsresolves BEGIN
                SELECT RAISE(FAIL, "UPDATES NOT ALLOWED");
            END;
CREATE INDEX rpsresolves_block_index_idx ON rpsresolves (block_index)
        ;
CREATE INDEX rpsresolves_rps_match_id_idx ON rpsresolves (rps_match_id)
        ;
CREATE INDEX rpsresolves_source_idx ON rpsresolves (source)
        ;

COMMIT TRANSACTION;
PRAGMA page_size=4096;
-- PRAGMA encoding='UTF-8';
-- PRAGMA auto_vacuum=FULL;
-- PRAGMA max_page_count=4294967294;

BEGIN TRANSACTION;

-- Table  rps_matches
DROP TABLE IF EXISTS rps_matches;
CREATE TABLE rps_matches(
                                id TEXT,
                                tx0_index INTEGER,
                                tx0_hash TEXT,
                                tx0_address TEXT,
                                tx1_index INTEGER,
                                tx1_hash TEXT,
                                tx1_address TEXT,
                                tx0_move_random_hash TEXT,
                                tx1_move_random_hash TEXT,
                                wager INTEGER,
                                possible_moves INTEGER,
                                tx0_block_index INTEGER,
                                tx1_block_index INTEGER,
                                block_index INTEGER,
                                tx0_expiration INTEGER,
                                tx1_expiration INTEGER,
                                match_expire_index INTEGER,
                                status TEXT);
-- Triggers and indices on  rps_matches
CREATE TRIGGER block_update_rps_matches
            BEFORE UPDATE ON rps_matches BEGIN
                SELECT RAISE(FAIL, "UPDATES NOT ALLOWED");
            END;
CREATE INDEX rps_matches_id_idx ON rps_matches (id)
        ;
CREATE INDEX rps_matches_match_expire_index_idx ON rps_matches (match_expire_index)
        ;
CREATE INDEX rps_matches_status_idx ON rps_matches (status)
        ;
CREATE INDEX rps_matches_tx0_address_idx ON rps_matches (tx0_address)
        ;
CREATE INDEX rps_matches_tx1_address_idx ON rps_matches (tx1_address)
        ;

COMMIT TRANSACTION;
PRAGMA page_size=4096;
-- PRAGMA encoding='UTF-8';
-- PRAGMA auto_vacuum=FULL;
-- PRAGMA max_page_count=4294967294;

BEGIN TRANSACTION;

-- Table  rps
DROP TABLE IF EXISTS rps;
CREATE TABLE rps(
                        tx_index INTEGER,
                        tx_hash TEXT,
                        block_index INTEGER,
                        source TEXT,
                        possible_moves INTEGER,
                        wager INTEGER,
                        move_random_hash TEXT,
                        expiration INTEGER,
                        expire_index INTEGER,
                        status TEXT);
-- Triggers and indices on  rps
CREATE TRIGGER block_update_rps
            BEFORE UPDATE ON rps BEGIN
                SELECT RAISE(FAIL, "UPDATES NOT ALLOWED");
            END;
CREATE INDEX rps_expire_index_idx ON rps (expire_index)
        ;
CREATE INDEX rps_source_idx ON rps (source)
        ;
CREATE INDEX rps_status_idx ON rps (status)
        ;
CREATE INDEX rps_tx_hash_idx ON rps (tx_hash)
        ;
CREATE INDEX rps_tx_index_tx_hash_idx ON rps (tx_index, tx_hash)
        ;
CREATE INDEX rps_wager_possible_moves_idx ON rps (wager, possible_moves)
        ;

COMMIT TRANSACTION;
PRAGMA page_size=4096;
-- PRAGMA encoding='UTF-8';
-- PRAGMA auto_vacuum=FULL;
-- PRAGMA max_page_count=4294967294;

BEGIN TRANSACTION;

-- Table  destructions
DROP TABLE IF EXISTS destructions;
CREATE TABLE destructions(
            tx_index INTEGER,
            tx_hash TEXT,
            block_index INTEGER,
            source TEXT,
            asset INTEGER,
            quantity INTEGER,
            tag TEXT,
            status TEXT
        );
-- Triggers and indices on  destructions
CREATE TRIGGER block_update_destructions
            BEFORE UPDATE ON destructions BEGIN
                SELECT RAISE(FAIL, "UPDATES NOT ALLOWED");
            END;
CREATE INDEX destructions_source_idx ON destructions (source)
        ;
CREATE INDEX destructions_status_idx ON destructions (status)
        ;

COMMIT TRANSACTION;
PRAGMA page_size=4096;
-- PRAGMA encoding='UTF-8';
-- PRAGMA auto_vacuum=FULL;
-- PRAGMA max_page_count=4294967294;

BEGIN TRANSACTION;

-- Table  assets
DROP TABLE IF EXISTS assets;
CREATE TABLE assets(
                      asset_id TEXT UNIQUE,
                      asset_name TEXT UNIQUE,
                      block_index INTEGER,
                      asset_longname TEXT);
INSERT INTO assets VALUES('0','BTC',NULL,NULL);
INSERT INTO assets VALUES('1','XCP',NULL,NULL);
INSERT INTO assets VALUES('18279','BBBB',310005,NULL);
INSERT INTO assets VALUES('18280','BBBC',310006,NULL);
-- Triggers and indices on  assets
CREATE INDEX assets_asset_id_idx ON assets (asset_id)
        ;
CREATE UNIQUE INDEX assets_asset_longname_idx ON assets (asset_longname)
        ;
CREATE INDEX assets_asset_name_idx ON assets (asset_name)
        ;
CREATE TRIGGER block_update_assets
            BEFORE UPDATE ON assets BEGIN
                SELECT RAISE(FAIL, "UPDATES NOT ALLOWED");
            END;

COMMIT TRANSACTION;
PRAGMA page_size=4096;
-- PRAGMA encoding='UTF-8';
-- PRAGMA auto_vacuum=FULL;
-- PRAGMA max_page_count=4294967294;

BEGIN TRANSACTION;

-- Table  addresses
DROP TABLE IF EXISTS addresses;
CREATE TABLE addresses(
            address TEXT,
            options INTEGER,
            block_index INTEGER
        );
-- Triggers and indices on  addresses
CREATE INDEX addresses_address_idx ON addresses (address)
        ;
CREATE TRIGGER block_update_addresses
            BEFORE UPDATE ON addresses BEGIN
                SELECT RAISE(FAIL, "UPDATES NOT ALLOWED");
            END;

COMMIT TRANSACTION;
PRAGMA page_size=4096;
-- PRAGMA encoding='UTF-8';
-- PRAGMA auto_vacuum=FULL;
-- PRAGMA max_page_count=4294967294;

BEGIN TRANSACTION;

-- Table  sweeps
DROP TABLE IF EXISTS sweeps;
CREATE TABLE sweeps(
                      tx_index INTEGER PRIMARY KEY,
                      tx_hash TEXT UNIQUE,
                      block_index INTEGER,
                      source TEXT,
                      destination TEXT,
                      flags INTEGER,
                      status TEXT,
                      memo BLOB,
                      fee_paid INTEGER,
                      FOREIGN KEY (tx_index, tx_hash, block_index) REFERENCES transactions(tx_index, tx_hash, block_index));
-- Triggers and indices on  sweeps
CREATE TRIGGER block_update_sweeps
            BEFORE UPDATE ON sweeps BEGIN
                SELECT RAISE(FAIL, "UPDATES NOT ALLOWED");
            END;
CREATE INDEX sweeps_block_index_idx ON sweeps (block_index)
        ;
CREATE INDEX sweeps_destination_idx ON sweeps (destination)
        ;
CREATE INDEX sweeps_memo_idx ON sweeps (memo)
        ;
CREATE INDEX sweeps_source_idx ON sweeps (source)
        ;

COMMIT TRANSACTION;
PRAGMA page_size=4096;
-- PRAGMA encoding='UTF-8';
-- PRAGMA auto_vacuum=FULL;
-- PRAGMA max_page_count=4294967294;

BEGIN TRANSACTION;

-- Table  dispensers
DROP TABLE IF EXISTS dispensers;
CREATE TABLE dispensers(
                                tx_index INTEGER,
                                tx_hash TEXT,
                                block_index INTEGER,
                                source TEXT,
                                asset TEXT,
                                give_quantity INTEGER,
                                escrow_quantity INTEGER,
                                satoshirate INTEGER,
                                status INTEGER,
                                give_remaining INTEGER,
                                oracle_address TEXT,
                                last_status_tx_hash TEXT,
                                origin TEXT,
                                dispense_count INTEGER DEFAULT 0,
                                last_status_tx_source TEXT,
                                close_block_index INTEGER);
-- Triggers and indices on  dispensers
CREATE TRIGGER block_update_dispensers
            BEFORE UPDATE ON dispensers BEGIN
                SELECT RAISE(FAIL, "UPDATES NOT ALLOWED");
            END;
CREATE INDEX dispensers_asset_idx ON dispensers (asset)
        ;
CREATE INDEX dispensers_block_index_idx ON dispensers (block_index)
        ;
CREATE INDEX dispensers_close_block_index_status_idx ON dispensers (close_block_index, status)
        ;
CREATE INDEX dispensers_give_quantity_idx ON dispensers (give_quantity)
        ;
CREATE INDEX dispensers_give_remaining_idx ON dispensers (give_remaining)
        ;
CREATE INDEX dispensers_last_status_tx_hash_idx ON dispensers (last_status_tx_hash)
        ;
CREATE INDEX dispensers_source_asset_origin_status_idx ON dispensers (source, asset, origin, status)
        ;
CREATE INDEX dispensers_source_origin_idx ON dispensers (source, origin)
        ;
CREATE INDEX dispensers_status_block_index_idx ON dispensers (status, block_index)
        ;
CREATE INDEX dispensers_tx_hash_idx ON dispensers (tx_hash)
        ;
CREATE INDEX dispensers_tx_index_idx ON dispensers (tx_index)
        ;

COMMIT TRANSACTION;
PRAGMA page_size=4096;
-- PRAGMA encoding='UTF-8';
-- PRAGMA auto_vacuum=FULL;
-- PRAGMA max_page_count=4294967294;

BEGIN TRANSACTION;

-- Table  dispenses
DROP TABLE IF EXISTS dispenses;
CREATE TABLE dispenses (
                                tx_index INTEGER,
                                dispense_index INTEGER,
                                tx_hash TEXT,
                                block_index INTEGER,
                                source TEXT,
                                destination TEXT,
                                asset TEXT,
                                dispense_quantity INTEGER,
                                dispenser_tx_hash TEXT,
                                btc_amount INTEGER,
                                PRIMARY KEY (tx_index, dispense_index, source, destination),
                                FOREIGN KEY (tx_index, tx_hash, block_index) REFERENCES transactions(tx_index, tx_hash, block_index));
-- Triggers and indices on  dispenses
CREATE TRIGGER block_update_dispenses
            BEFORE UPDATE ON dispenses BEGIN
                SELECT RAISE(FAIL, "UPDATES NOT ALLOWED");
            END;
CREATE INDEX dispenses_asset_idx ON dispenses (asset)
        ;
CREATE INDEX dispenses_block_index_idx ON dispenses (block_index)
        ;
CREATE INDEX dispenses_destination_idx ON dispenses (destination)
        ;
CREATE INDEX dispenses_dispense_quantity_idx ON dispenses (dispense_quantity)
        ;
CREATE INDEX dispenses_dispenser_tx_hash_idx ON dispenses (dispenser_tx_hash)
        ;
CREATE INDEX dispenses_source_idx ON dispenses (source)
        ;
CREATE INDEX dispenses_tx_hash_idx ON dispenses (tx_hash)
        ;

COMMIT TRANSACTION;
PRAGMA page_size=4096;
-- PRAGMA encoding='UTF-8';
-- PRAGMA auto_vacuum=FULL;
-- PRAGMA max_page_count=4294967294;

BEGIN TRANSACTION;

-- Table  dispenser_refills
DROP TABLE IF EXISTS dispenser_refills;
CREATE TABLE dispenser_refills(
                                        tx_index INTEGER,
                                        tx_hash TEXT,
                                        block_index INTEGER,
                                        source TEXT,
                                        destination TEXT,
                                        asset TEXT,
                                        dispense_quantity INTEGER,
                                        dispenser_tx_hash TEXT,
                                        PRIMARY KEY (tx_index, tx_hash, source, destination),
                                        FOREIGN KEY (tx_index, tx_hash, block_index)
                                            REFERENCES transactions(tx_index, tx_hash, block_index));
-- Triggers and indices on  dispenser_refills
CREATE TRIGGER block_update_dispenser_refills
            BEFORE UPDATE ON dispenser_refills BEGIN
                SELECT RAISE(FAIL, "UPDATES NOT ALLOWED");
            END;
CREATE INDEX dispenser_refills_block_index_idx ON dispenser_refills (block_index)
        ;
CREATE INDEX dispenser_refills_tx_hash_idx ON dispenser_refills (tx_hash)
        ;

COMMIT TRANSACTION;
PRAGMA page_size=4096;
-- PRAGMA encoding='UTF-8';
-- PRAGMA auto_vacuum=FULL;
-- PRAGMA max_page_count=4294967294;

BEGIN TRANSACTION;

-- Table  fairminters
DROP TABLE IF EXISTS fairminters;
CREATE TABLE fairminters (
            tx_hash TEXT,
            tx_index INTEGER,
            block_index INTEGER,
            source TEXT,
            asset TEXT,
            asset_parent TEXT,
            asset_longname TEXT,
            description TEXT,
            price INTEGER,
            quantity_by_price INTEGER,
            hard_cap INTEGER,
            burn_payment BOOL,
            max_mint_per_tx INTEGER,
            premint_quantity INTEGER,
            start_block INTEGER,
            end_block INTEGER,
            minted_asset_commission_int INTEGER,
            soft_cap INTEGER,
            soft_cap_deadline_block INTEGER,
            lock_description BOOL,
            lock_quantity BOOL,
            divisible BOOL,
            pre_minted BOOL DEFAULT 0,
            status TEXT
        );
-- Triggers and indices on  fairminters
CREATE TRIGGER block_update_fairminters
            BEFORE UPDATE ON fairminters BEGIN
                SELECT RAISE(FAIL, "UPDATES NOT ALLOWED");
            END;
CREATE INDEX fairminters_asset_idx ON fairminters (asset)
        ;
CREATE INDEX fairminters_asset_longname_idx ON fairminters (asset_longname)
        ;
CREATE INDEX fairminters_asset_parent_idx ON fairminters (asset_parent)
        ;
CREATE INDEX fairminters_block_index_idx ON fairminters (block_index)
        ;
CREATE INDEX fairminters_source_idx ON fairminters (source)
        ;
CREATE INDEX fairminters_status_idx ON fairminters (status)
        ;
CREATE INDEX fairminters_tx_hash_idx ON fairminters (tx_hash)
        ;

COMMIT TRANSACTION;
PRAGMA page_size=4096;
-- PRAGMA encoding='UTF-8';
-- PRAGMA auto_vacuum=FULL;
-- PRAGMA max_page_count=4294967294;

BEGIN TRANSACTION;

-- Table  fairmints
DROP TABLE IF EXISTS fairmints;
CREATE TABLE fairmints (
            tx_hash TEXT PRIMARY KEY,
            tx_index INTEGER,
            block_index INTEGER,
            source TEXT,
            fairminter_tx_hash TEXT,
            asset TEXT,
            earn_quantity INTEGER,
            paid_quantity INTEGER,
            commission INTEGER,
            status TEXT
        );
-- Triggers and indices on  fairmints
CREATE TRIGGER block_update_fairmints
            BEFORE UPDATE ON fairmints BEGIN
                SELECT RAISE(FAIL, "UPDATES NOT ALLOWED");
            END;
CREATE INDEX fairmints_asset_idx ON fairmints (asset)
        ;
CREATE INDEX fairmints_block_index_idx ON fairmints (block_index)
        ;
CREATE INDEX fairmints_fairminter_tx_hash_idx ON fairmints (fairminter_tx_hash)
        ;
CREATE INDEX fairmints_source_idx ON fairmints (source)
        ;
CREATE INDEX fairmints_status_idx ON fairmints (status)
        ;
CREATE INDEX fairmints_tx_hash_idx ON fairmints (tx_hash)
        ;

COMMIT TRANSACTION;
PRAGMA page_size=4096;
-- PRAGMA encoding='UTF-8';
-- PRAGMA auto_vacuum=FULL;
-- PRAGMA max_page_count=4294967294;

BEGIN TRANSACTION;

-- Table  transaction_count
DROP TABLE IF EXISTS transaction_count;
CREATE TABLE transaction_count(
            block_index INTEGER,
            transaction_id INTEGER,
            count INTEGER);
-- Triggers and indices on  transaction_count
CREATE TRIGGER block_update_transaction_count
            BEFORE UPDATE ON transaction_count BEGIN
                SELECT RAISE(FAIL, "UPDATES NOT ALLOWED");
            END;
CREATE INDEX transaction_count_block_index_transaction_id_idx ON transaction_count (block_index, transaction_id)
        ;

COMMIT TRANSACTION;
