PRAGMA page_size=4096;
-- PRAGMA encoding='UTF-8';
-- PRAGMA auto_vacuum=FULL;
-- PRAGMA max_page_count=4294967294;

BEGIN TRANSACTION;

-- Table  blocks
DROP TABLE IF EXISTS blocks;
CREATE TABLE blocks(
                      block_index INTEGER UNIQUE,
                      block_hash TEXT UNIQUE,
                      block_time INTEGER,
                      ledger_hash TEXT,
                      txlist_hash TEXT,
                      messages_hash TEXT,
                      previous_block_hash TEXT UNIQUE,
                      difficulty INTEGER,
                      transaction_count INTEGER,
                      PRIMARY KEY (block_index, block_hash));
INSERT INTO blocks VALUES(309999,'8b3bef249cb3b0fa23a4936c1249b6bd41daeadc848c8d2e409ea1cbc10adfe7',309999000,'63f0fef31d02da85fa779e9a0e1b585b1a6a4e59e14564249e288e074e91c223','63f0fef31d02da85fa779e9a0e1b585b1a6a4e59e14564249e288e074e91c223','63f0fef31d02da85fa779e9a0e1b585b1a6a4e59e14564249e288e074e91c223',NULL,NULL,0);
INSERT INTO blocks VALUES(310000,'505d8d82c4ced7daddef7ed0b05ba12ecc664176887b938ef56c6af276f3b30c',310000000,'cf0ea1d313e22ba5f413075b88e07dffc5c00e59f95eeb6d6dec935bd77f5ae4','126bb8ce66f55bcf82b60e152ce866255b80cfcaf453e9e8bd3d275c88a11798','53f101c53bb704c0da32643ce3b8f56b8d99f650488e300b721620ad3f860471',NULL,NULL,1);
INSERT INTO blocks VALUES(310001,'3c9f6a9c6cac46a9273bd3db39ad775acd5bc546378ec2fb0587e06e112cc78e',310001000,'bdf1308701712d94da26f53fef4c440ea2fb7b0ef7361f424ba9263e747272bd','af80b1041d3462c3c34542864423b9e930b4be91451b64109a1aedf3bf2e1613','170cb16609b85ffcf229232cac1f21392b2f447622d7cb716f00014200983b2f',NULL,NULL,1);
INSERT INTO blocks VALUES(310002,'fbb60f1144e1f7d4dc036a4a158a10ea6dea2ba6283a723342a49b8eb5cc9964',310002000,'cf830f949715ebeac09d4441878f60ac04d691c09d6c25c62a0d30fb5886cba9','ee5236b81177778d6891d9c57b0e31befa8091ddc05361936576eab1e0359c68','645dd351f6ef6d230eb81c34e9cdeb5e439ded4cfba9db5f476c51f492d64f88',NULL,NULL,1);
INSERT INTO blocks VALUES(310003,'d50825dcb32bcf6f69994d616eba18de7718d3d859497e80751b2cb67e333e8a',310003000,'e881a675a38c4649cd44e6406ddc494996c761671bc349dcdea1de430a84258d','a75d5567b7a76cd220eb5e6d9a469f683e0bb0279d0f59e63dbda1849b2d5c66','48d53789dcb58955bc8e8e6078ea033d615564b576bc657241ce2f6b876fdb3d',NULL,NULL,1);
INSERT INTO blocks VALUES(310004,'60cdc0ac0e3121ceaa2c3885f21f5789f49992ffef6e6ff99f7da80e36744615',310004000,'13e0c6276f297ff1ca77705f1b18d807ca22f53735fba52f4f5c3766dc4b04e8','3a03d56b37fbf9d5d13d049c62a1217cf7dc3fd8e4597c088c30d4f8db0e490f','63dba2435134d27d2753299da1122755d36e94f79374e66c4b6e1fcdfbc51f11',NULL,NULL,1);
INSERT INTO blocks VALUES(310005,'8005c2926b7ecc50376642bc661a49108b6dc62636463a5c492b123e2184cd9a',310005000,'765896f532b411af9f889687a750d44414296c20002f3e2abed9551a6822937d','9f3e39aad1a4066fed45fe53f60fd3643e4aba1da215d42a5699fb49ac627516','986e0235743530627d3086dbff85829ac09263d4fde8dcbaad7e90327ebed6ea',NULL,NULL,1);
INSERT INTO blocks VALUES(310006,'bdad69d1669eace68b9f246de113161099d4f83322e2acf402c42defef3af2bb',310006000,'853e3a8d39c4e8bdb36a0ec01a8d20f12335fcc00a00ac271e9d83be471d394f','628da99388299cffd50c0d4980a553e35bdfa4b87fe3f66894ef0b03881b69b7','8693ac0bc48699f6700d53c2317f6f5bbc4081ed03209dff771b84ce004f52b0',NULL,NULL,1);
INSERT INTO blocks VALUES(310007,'10a642b96d60091d08234d17dfdecf3025eca41e4fc8e3bbe71a91c5a457cb4b',310007000,'f2b2d250a94afa158f9ed84434c3ac7a0bfc97b4387e5e3c099afc95b8a6ad9c','05f85b8dec535259c79994a0145a9e4b1d4f3d32371fbe9266f09614dd3805e4','e630714d22dbd2445ec3118444a8802d5cba630a0483d5b95c89608b78884871',NULL,NULL,1);
INSERT INTO blocks VALUES(310008,'47d0e3acbdc6916aeae95e987f9cfa16209b3df1e67bb38143b3422b32322c33',310008000,'8c44f15f5606b6fe984a9fa7df8d7d5381fe87a6c8b634469804328885668569','e7c9c2dc0e88834cf0a11cc2cff3499eccee2d36e750cab1b07f4bd5a9345613','403108b58ef5958cb4e91abab3253b581a224c76926748830c130e9d2ec33c86',NULL,NULL,1);
INSERT INTO blocks VALUES(310009,'4d474992b141620bf3753863db7ee5e8af26cadfbba27725911f44fa657bc1c0',310009000,'ba378e9192f290d3f9d3dd1e46aeef3a185bd5aff1be809c8974fca8dc142987','310ca3b3e075aff16d59d655057d97b62b12b2ad5e4803a21fc32dfce4aea1b7','147b58ce6aadf5b6c8f2a725473ea113740a17bab45a7bfa6cd6a9f93e06caf3',NULL,NULL,1);
INSERT INTO blocks VALUES(310010,'a58162dff81a32e6a29b075be759dbb9fa9b8b65303e69c78fb4d7b0acc37042',310010000,'64f78f9eedce2931aedfe413b4f4bdeb728752e1c897e0bd44c7db665976a723','0b77c69fa610b8852ae5d8b4eda78564baced8c387874e9d099d92fa5d068901','26b968a8fbf80cd3e1ac387ece20b1723a35dc56240d8c84e9a15d38011cf2e7',NULL,NULL,1);
INSERT INTO blocks VALUES(310011,'8042cc2ef293fd73d050f283fbd075c79dd4c49fdcca054dc0714fc3a50dc1bb',310011000,'671a1b4e1edd1f96dcfcc96d521fb2125ae5b9d2d01a76fc66686b7ed20c5662','98fcdb2b477998fa2e78f31f0e053c100651fba4732aacf314878109cf4df38c','057d2ab197b4f491863981c9eec9d3983982184698ccc9cc9b2635c909b2c260',NULL,NULL,1);
INSERT INTO blocks VALUES(310012,'cdba329019d93a67b31b79d05f76ce1b7791d430ea0d6c1c2168fe78d2f67677',310012000,'1f5b502c341699b5a59b87566c0fc02b7db5c657919f014e41a00303aa53efc8','12c7e8a54c5e5f143e02f7215925190e6febed89e5ee69c93ba43ce4111b660c','10c94b805aafcb2958bb4191d22eb3ebd44845b546aa45687c2455722c7e3c08',NULL,NULL,1);
INSERT INTO blocks VALUES(310013,'0425e5e832e4286757dc0228cd505b8d572081007218abd3a0983a3bcd502a61',310013000,'cd0cfff6de5dd4381301929c740015d5910339ba915a83eb4229ecb91ae84c17','c94c74dd04e03181e83c6bb5cb930a74829390a09bea4ed4fce3afe47b9adb6d','7b12cc5e920632b521e212f59216fb2efdccc401cd6dd97995da7f139e0c0b61',NULL,NULL,1);
INSERT INTO blocks VALUES(310014,'85b28d413ebda2968ed82ae53643677338650151b997ed1e4656158005b9f65f',310014000,'5012d84065c7a39b5563f4fadeaf30670b47df3856f43d40fda74de663753e4e','95c06f39e9d8f2beb6f9af6d0d4c2972a57d8b8485a2b0619a003e2d5bc79ea2','f19ad037c648f156baac37b0f5b297218c7120287024320d25ee5fe1a6d9d8e4',NULL,NULL,1);
INSERT INTO blocks VALUES(310015,'4cf77d688f18f0c68c077db882f62e49f31859dfa6144372457cd73b29223922',310015000,'0356494d376b2b65b9f4b066b9d2baf2ae90d82369b87914bb58a67927ced5af','37030d81e4b593294fe6f869d203d08d06228fb0a6db021a18a5ad98f151ae38','9d2633d238d0b4c682b611b29aa8de861f009707161d8d48472efde938b24274',NULL,NULL,1);
INSERT INTO blocks VALUES(310016,'99dc7d2627efb4e5e618a53b9898b4ca39c70e98fe9bf39f68a6c980f5b64ef9',310016000,'c90ff439bd04970ed9e6e25cbfce32160450925a37ba3360f40df8854529b52d','36be84f8342e860cc48d23443b32dd164f3cd1aa7d0a3a8424796e0a17189db5','b97c2d2ca3579831c2a60cc79dca4377e5879e539ef1e2d6eddd8edb6a22bb5c',NULL,NULL,1);
INSERT INTO blocks VALUES(310017,'8a4fedfbf734b91a5c5761a7bcb3908ea57169777a7018148c51ff611970e4a3',310017000,'19cf18f708dab6a983a2642802deb38d25b6fc205ea663059a0569fa38bdaf8d','afabe692967a4726d8d1a8e1493d162f462bfdef54694e582c05bbf4cdf6389d','6f826ac038c72e5b8b8861b0e23e28b12e51c1aa241378c12d2e587a0f76803e',NULL,NULL,1);
INSERT INTO blocks VALUES(310018,'35c06f9e3de39e4e56ceb1d1a22008f52361c50dd0d251c0acbe2e3c2dba8ed3',310018000,'d9ac565fbe7bf18c1d899dab8e0c98e070880e36fa51710382017d46ddf837cf','1108a26ea93513afe81c515f3adcd87326e63946755a9c77b3ee7154d10f8fda','43aca6b5de6c7afc056d71c2b3e88f2353d0d5a01f7fbf14ae6db33d3bc76250',NULL,NULL,1);
INSERT INTO blocks VALUES(310019,'114affa0c4f34b1ebf8e2778c9477641f60b5b9e8a69052158041d4c41893294',310019000,'b66661deef419a50557d171cc1bcae04f5bc260ed1f5ff56cf08ef39158617a1','b00b30cadadc3e401c39f3f1fa2dde76d8fdc24483aca103ad49429ded803e32','7b46dc6173095ee87a00748891e03beba1a0a509fdf7a5430268f532a76a537b',NULL,NULL,1);
INSERT INTO blocks VALUES(310020,'d93c79920e4a42164af74ecb5c6b903ff6055cdc007376c74dfa692c8d85ebc9',310020000,'57a6c53e41338011cb06cd60118961dcec0e800f62a2c4b1e9381c666319680f','399bff1e6450060df1ef090452be4aaae0185203a8c4f8cc4c5b238a0bfca04f','9d35818cd9cbe50896197e29cd5c134f761d6ad77087b86de3294adbdd78c3ff',NULL,NULL,1);
INSERT INTO blocks VALUES(310021,'7c2460bb32c5749c856486393239bf7a0ac789587ac71f32e7237910da8097f2',310021000,'66c16af10125f298796da828f1a6c2b43123cda38e3dfc57ccc25b00f3da17f8','5e77584396388981d0c2d3624d018ab11c061bfc1a4b0b4683e74e6b81723ae2','dda5edd53a2f153758d8aabf09d2fb98be83d881454ce3f490bec4ac7360bb59',NULL,NULL,1);
INSERT INTO blocks VALUES(310022,'44435f9a99a0aa12a9bfabdc4cb8119f6ea6a6e1350d2d65445fb66a456db5fc',310022000,'43b6213cad601a389aed2a4e912be118dfab6cca5358d86bac03f4bee6765493','53c381e72115657ff9395c634cb03e6f2e03efee8291616998b5968c667cbe38','e47599f7e1b09a6e209ecd54f3e59ea7f6dc7c0177ade7472c2dc2c575adbca5',NULL,NULL,1);
INSERT INTO blocks VALUES(310023,'d8cf5bec1bbcab8ca4f495352afde3b6572b7e1d61b3976872ebb8e9d30ccb08',310023000,'8a9758963891bbfbdcb6515d8d3e49c941fedba7de82038776e9f8ed65e803c1','df10c4b6d77b6ae1578528ae18e1bd06e0046838988c91fdc98ccb157410cc82','ea31d20962f7b07f6b3c97cf9ac1e03e9ad92bcede22c87b8dcba4c3052a68f3',NULL,NULL,1);
INSERT INTO blocks VALUES(310024,'b03042b4e18a222b4c8d1e9e1970d93e6e2a2d41686d227ff8ecf0a839223dc5',310024000,'cb034ab4a3e252fdfe9973a672e208295741a52634c9332b1501d612e0012e19','90fa5d49b643a6c092b03de1cbd4a6dc7a7fecefffbe0712c4dab12bbfc553ac','ccecf7acd6717ab22e6e666e5a7481b32459780098c279534289ba47361d858d',NULL,NULL,0);
INSERT INTO blocks VALUES(310025,'a872e560766832cc3b4f7f222228cb6db882ce3c54f6459f62c71d5cd6e90666',310025000,'5addc8253469d5c729cdffc1c637b75d9e8886a633d4406dedf2b1c16ba5b92a','b79379daa5299f4b98cb77a4f2259214977d53a595f93d35e4b7608ec00b60fa','4e85769b20fa3dfc57988ec2b17e3f831f78ad9810335fe142d73939839e2a32',NULL,NULL,0);
INSERT INTO blocks VALUES(310026,'6c96350f6f2f05810f19a689de235eff975338587194a36a70dfd0fcd490941a',310026000,'8620bd0283c320330631185d1b2351718f174732bd099324a0880719cdfc18c7','af66459df7ed58e4cf41fbe0acadf901caade38d932a4d93de71760e50bfc2cc','e8cbdd2e224f8dde16d992a3a46f6f6de9c3b23d88ef0b661e896a5671c4b537',NULL,NULL,0);
INSERT INTO blocks VALUES(310027,'d7acfac66df393c4482a14c189742c0571b89442eb7f817b34415a560445699e',310027000,'96960e09478184f4f0ad38d1fc03f0c0240e58715a0a29745a6dc58c40003249','54fe484130a5d23e046c48bc0ab362df59656489ea99e34eae8aa9e02452367d','0f87b20c42c0bcd0d0c6598cb362c17c9c99d91892804345ec444b0aa338aebe',NULL,NULL,0);
INSERT INTO blocks VALUES(310028,'02409fcf8fa06dafcb7f11e38593181d9c42cc9d5e2ddc304d098f990bd9530b',310028000,'2f556d2528abe1c4e9d31f6ed70d400d94633d4dfb54c9a4f250e1b054f9a384','493ce3676b93fb4ddc4b687a0209df50328b9e5104358af446f01088a58b0d06','eac4117927ec80e26577156de40ee47d5ee60331594622296a6dd32fc897fdfe',NULL,NULL,0);
INSERT INTO blocks VALUES(310029,'3c739fa8b40c118d5547ea356ee8d10ee2898871907643ec02e5db9d00f03cc6',310029000,'be195b1f7b7b55dcefb83907d954736d4bf059a9e32055131efd16602d7761d6','e73a00b921c2ad3a416f35c164343a459e51c19b62b83f820ac89203a6345ec1','7e6899c16db9e79fddd61b531e0b56cf07140a0fa487288bc4d83c99fbb8eece',NULL,NULL,0);
INSERT INTO blocks VALUES(310030,'d5071cddedf89765ee0fd58f209c1c7d669ba8ea66200a57587da8b189b9e4f5',310030000,'d3a25656dbb63eecf1c89820581fcab193d750f3a09ca8ab34a5008c8d89051d','a5c17c5f4be0db33441dd310d988b29cf5189c88d91e2b319d4a63fec35ca148','c4a3f136ffb4f699b1efa248f7a87a8e2c6df80582072e1352d7ec7908909183',NULL,NULL,0);
INSERT INTO blocks VALUES(310031,'0b02b10f41380fff27c543ea8891ecb845bf7a003ac5c87e15932aff3bfcf689',310031000,'0edb535f8c6a40062a86e4ea327cf7fb70310b6d55a6654d5a23e54498aa3159','4c0027d45e3162aa7ed98744eece4d37910844d338f5ec6a9948405373374fe4','7673b72ba974eebd77333ffa0633016b8ae01a6bb0a15182454753a368b46b79',NULL,NULL,0);
INSERT INTO blocks VALUES(310032,'66346be81e6ba04544f2ae643b76c2b7b1383f038fc2636e02e49dc7ec144074',310032000,'a9208a1b7f782852d652e5089c6485744031176b4d285ea985bbc1df0ccf49c0','effa61cb350813cd71cdcfa72ac79638fe8d8298e78b30d6478b5d39fcded439','fa8704ae74394da703a2085856a962c851aefdfe2760ec9bf4dfb9e66fd88974',NULL,NULL,0);
INSERT INTO blocks VALUES(310033,'999c65df9661f73e8c01f1da1afda09ac16788b72834f0ff5ea3d1464afb4707',310033000,'c8a973eb6bdd28dcab4f1b2a5e29e104944745e57a54e6d87b370aafb2e589f6','8691f7a9f20716aae30f9c88b20add893e24377a9a1c159a2bbe860eb83cf652','51a1180965c149d3c7f996a90915f7fd4e997eae5ebe307b8f7dc2bff857f832',NULL,NULL,0);
INSERT INTO blocks VALUES(310034,'f552edd2e0a648230f3668e72ddf0ddfb1e8ac0f4c190f91b89c1a8c2e357208',310034000,'0d7b5809b7a5aa5ff854cfe141490a78c9b33e16f8102a8e804dbf0a0a8c0842','25d7cd8721c2f899cf84e037076c2fcff7ea861e80c5c8670c0b78d88377fdb6','8aeb7d9a02bc1313228477f16199d495ec484738f7bba8892abfbb0b93f1bdba',NULL,NULL,0);
INSERT INTO blocks VALUES(310035,'a13cbb016f3044207a46967a4ba1c87dab411f78c55c1179f2336653c2726ae2',310035000,'6b4c99289086445a7bf575110172a661c1cd37c418b70afd8ef3be0982041f5e','427aff35c323384bf07742daf06e9cb5578265aa6f1e20815d364cd0b4565bd6','ecdd3341a45f0e6bf727f8015b5fba8721c57af0f299ea494026a0e261650d51',NULL,NULL,0);
INSERT INTO blocks VALUES(310036,'158648a98f1e1bd1875584ce8449eb15a4e91a99a923bbb24c4210135cef0c76',310036000,'f20b81389b2f4c9c9be4442b3c68f87da881406f1490637c7d93d63539155a7e','a3374ae29ee23264c4130735d90ae5d383651335e8956253f3dc69ce4c478fd5','93cb0b7dc378e789d4a690cfd6c91d4e8bb114586daf2db1a915b59d776b16fc',NULL,NULL,0);
INSERT INTO blocks VALUES(310037,'563acfd6d991ce256d5655de2e9429975c8dceeb221e76d5ec6e9e24a2c27c07',310037000,'52d554e6b53b853066a3a8f931fc37779f3596c4388e277a9f66a95e001a09eb','df6e431757e1d88b1680a21b2fd092c29b2b143def3819a87e799f7f9917adfd','e7f936ff9368493cebed389287e8d207b492b666fed36b31a3fac7bcab7bc0c7',NULL,NULL,0);
INSERT INTO blocks VALUES(310038,'b44b4cad12431c32df27940e18d51f63897c7472b70950d18454edfd640490b2',310038000,'08a949af614ff73a79313a5a949908b368efe1f8c131eeeb51ed610baf65ac46','190acecfe4ead040c105b488bab44ac3293c486aae3788e8a7d222e0e06b197d','a74ae4c1e6e4f01269273f5bbf4a3e2fa60a7b8b3467cd57885d2bd5a71386c1',NULL,NULL,0);
INSERT INTO blocks VALUES(310039,'5fa1ae9c5e8a599247458987b006ad3a57f686df1f7cc240bf119e911b56c347',310039000,'7ff8b2408ee1124a5ee573d31023660aabcdb21599bdcfb4a3bc1895d7910094','aef38c7fa3c0a94001385805d6f55f6e398a803bc92fb0a8a2625fe69eea7394','bd7ba5e479eb179990e6fe7f54c84267b72e0dc1c322308c4d5d83f8237c44c3',NULL,NULL,0);
INSERT INTO blocks VALUES(310040,'7200ded406675453eadddfbb2d14c2a4526c7dc2b5de14bd48b29243df5e1aa3',310040000,'c687e753c01711e94cfcad1f16d2976a12ef5d6c3731c64db26f969c988fe7c3','798e3a37a5384df81aa791f92030ad04f139558e529f5ad169c2415f4dfab322','9f84878534fc28b9cafd39db20bfc499fc2108693b92403926dd331185e4b5d0',NULL,NULL,0);
INSERT INTO blocks VALUES(310041,'5db592ff9ba5fac1e030cf22d6c13b70d330ba397f415340086ee7357143b359',310041000,'66f493ec8b5cf8140d1f627f008c50624d3069f56828df90286b53a2d6cbf47e','58396c5b926ab540e601afbf53e5b3b9c3e2654c13062fd15033ddb05ebc503d','d4c21f1ceaae304ab8c8993263522d9f5a0a1ea0c7dc64d38ec2289485b999b6',NULL,NULL,0);
INSERT INTO blocks VALUES(310042,'826fd4701ef2824e9559b069517cd3cb990aff6a4690830f78fc845ab77fa3e4',310042000,'33acd319bde452aa81b589435a31ee3add742870a928ef2c15a7a447b4b4e0fa','805813fac6ed5ad3c35d928c887922e98ec9f67888f78eb963197e01fb8b13b9','6f5773b1376181710b0adee3df7c7f0ffcea2d2bbbafeab4c2af6d822b180fa8',NULL,NULL,0);
INSERT INTO blocks VALUES(310043,'2254a12ada208f1dd57bc17547ecaf3c44720323c47bc7d4b1262477cb7f3c51',310043000,'83997825aa2597adb0292e265f01e937f621cc75d8cc18e23a4bd0c1fb0920c7','c8d58695cd879ea936a4931cfcd7aab327ab4804ffa2cd3c0416819ca88685b1','70b1f50cee1c96d3e5cb191298cea4b6e3695d9dd8c44517fffcfaec33ff5ff9',NULL,NULL,0);
INSERT INTO blocks VALUES(310044,'3346d24118d8af0b3c6bcc42f8b85792e7a2e7036ebf6e4c25f4f6723c78e46b',310044000,'9890bca86442f329b2abf1b3bbf4d94e8ab54d10dfa7823a53f02fcfef030d88','af303ebcb849e293e6ef539aaf412ce32e56f816960e4197ef465ebb91191a06','80fb04fac76b0af24b560f1e33960b0ff2af0ba74c6838230626440fd366565c',NULL,NULL,0);
INSERT INTO blocks VALUES(310045,'7bba0ab243839e91ad1a45a762bf074011f8a9883074d68203c6d1b46fffde98',310045000,'a909f658a8f405ef1f5cd8bbab03cbd865235544ae1c2f4dc20e2a4393181efc','51f3ced1dabd7fa5348a63f3f668d4c53f55028de4484a7651e59f5c4df11055','e774cf0fc4df36d0b06951a1bee5222df50e97581af50656210339534d7c1f48',NULL,NULL,0);
INSERT INTO blocks VALUES(310046,'47db6788c38f2d6d712764979e41346b55e78cbb4969e0ef5c4336faf18993a6',310046000,'713d2ccc66a1aa7797ea9b6af18b04245478c7582a8aee76cf2c7f3f3060df3a','850127c37d0c3d8ece70492763ed58e5eefaf0dd1a0d491ee5ac9e962254507e','551e6e7e4b61ab6b2c33881d65f6c785fc6c8157d08b4de80edb2d291bc65d10',NULL,NULL,0);
INSERT INTO blocks VALUES(310047,'a9ccabcc2a098a7d25e4ab8bda7c4e66807eefa42e29890dcd88149a10de7075',310047000,'534500ae61a04841771193d57384d27b54fa2bb92c0698beaa46509b3d39eb1c','b6b2c3390d5b3a955c425b78a4539ceb7aa92211c812aec76c5ab560742df3a3','00d3d541c3e8f7026f1118b25207ec29000878d84d59a9541ce699f382d0f9be',NULL,NULL,0);
INSERT INTO blocks VALUES(310048,'610bf3935a85b05a98556c55493c6de45bed4d7b3b6c8553a984718765796309',310048000,'48c8e5d9ab1887f092731ba2881a330d22d4f03f601dccc096fa5147042a3d55','13f78cb320940569d1b5b5717e9ff0ae84e19e566211d0ebc290cabf28af8ead','bce43ca6067fb856b2b5ad343c9fd9ce01cfcd4a9f9a92b5edb7c1e3f133bf04',NULL,NULL,0);
INSERT INTO blocks VALUES(310049,'4ad2761923ad49ad2b283b640f1832522a2a5d6964486b21591b71df6b33be3c',310049000,'6c5ec3d2b7d8a724175559db977cb9ab78eecd39b9239688b30d6d3350cb01fe','0515d964f7532ab2449a83d0b552b26eba4fb24ff5d583ceae9e6f46e444b7f5','6063153fa4aa5bbffa302f95b84c7c2b5bc9d621648641a7a66f98bce8b2e994',NULL,NULL,0);
INSERT INTO blocks VALUES(310050,'8cfeb60a14a4cec6e9be13d699694d49007d82a31065a17890383e262071e348',310050000,'817dc86594b3820de76f1d2bc2400d702475d558d6ee5bef4313fc154bbdaca2','a5493ecfe2cae410a1232e970a79c5fd6144ab7e2672261c9fd004e412cfc9fe','7bca44c8fda924f0b8d704a7d5bab347b8e0a36c7fd7ecb27e9d315959ef1f64',NULL,NULL,0);
INSERT INTO blocks VALUES(310051,'b53c90385dd808306601350920c6af4beb717518493fd23b5c730eea078f33e6',310051000,'00916e6bac2f648f953c8d6dff21438a6ec53ad198b33f90667e8d4564e00e78','bd78f6a1ca3b359fcf2b2c2023b22c7809b68ba3bce66c2db19c7c4454894587','0643b7957e8b11bbb76dfde58a0f08503072518856162d093b6e46f5570f8cfb',NULL,NULL,0);
INSERT INTO blocks VALUES(310052,'0acdacf4e4b6fca756479cb055191b367b1fa433aa558956f5f08fa5b7b394e2',310052000,'959df962b9bc7ef215f1530b886613404adaf81552d6eeb4b1401ea265ad5f4f','8dddb5f77f1c0a0c43a4c65de0f208bacc9e3f037c687398ad953065f64b7dbc','1ee6302cc29046a005a3a1c90bf9564f22abcab79c654ecf0aa8d5bf0da46a3a',NULL,NULL,0);
INSERT INTO blocks VALUES(310053,'68348f01b6dc49b2cb30fe92ac43e527aa90d859093d3bf7cd695c64d2ef744f',310053000,'d76b639ebddd434e5269de084de0b502e7f0eaff71b4e99de2d4ebdd1fc61380','bb1479a92bb185abc84e00e2a6c6803d82621826c9755d3999a0fb1d7a2aec58','56e524736de153c170168c54bda5420105b25f7d6d64dad755eb50d03e7eb2f5',NULL,NULL,0);
INSERT INTO blocks VALUES(310054,'a8b5f253df293037e49b998675620d5477445c51d5ec66596e023282bb9cd305',310054000,'525e8cabfc993080d128faf38a5e5c9e9afa61423a5f20a90d68cdcacc96b59b','569974ff1bb6985079ddf3574a8fef807202bf34bdcf3f8541b96378d0823fe4','08f9839d63227fbd96d343b8ec413ed7ce2afd784ff76826f12908831c24a118',NULL,NULL,0);
INSERT INTO blocks VALUES(310055,'4b069152e2dc82e96ed8a3c3547c162e8c3aceeb2a4ac07972f8321a535b9356',310055000,'155ffdc74a2077a3da7d5c068833468c7d0758dfb525a799f910cdb1543beadb','1d69b34759e01e79560e5f34554f27307afe8539477872367af7d618b32e1d9c','51f9b16cd40e0d652706ffcc7df7724cb75eb992c7afbf6d5b6fcc6d3098af40',NULL,NULL,0);
INSERT INTO blocks VALUES(310056,'7603eaed418971b745256742f9d2ba70b2c2b2f69f61de6cc70e61ce0336f9d3',310056000,'4f6fe786e34af90927bcd888b4b2a8fc69d3ccdfe4c4bb37edb2007901ce234a','4aeece3f80282654cdcf85c6c712407a6cc0a4aa9890d3cba3fe7db53f81e174','4766e759a206dbe1e540578e7440f9b565a7269120367d0da519c25caf547668',NULL,NULL,0);
INSERT INTO blocks VALUES(310057,'4a5fdc84f2d66ecb6ee3e3646aad20751ce8694e64e348d3c8aab09d33a3e411',310057000,'30978d87fd8e32d9d27c92a0d4ca19d179b515ed95410fa96bf496b4cd8aa5e2','c6b896d8c5bd5cf4e90a8e3e2bf2f567d2a945296d4f34f8ae8f531197a0da66','22c0c3d25f012d0882b70c47f11036a0323c4d370659242b1e4ace7d134e1ee6',NULL,NULL,0);
INSERT INTO blocks VALUES(310058,'a6eef3089896f0cae0bfe9423392e45c48f4efe4310b14d8cfbdb1fea613635f',310058000,'a0760bc5d2f04b381cc46aca84aa3788e8e3fbc833379a26ae812807d3a04fc5','2b4a9b4c19f0eb7af22fcf4e19cb3e5477633953cb101d17bac3604b30f673ae','609e6783752f21e0e1c01a006aea0ba5538e881fe008b7dce98371d4a0b2b615',NULL,NULL,0);
INSERT INTO blocks VALUES(310059,'ab505de874c43f97c90be1c26a769e6c5cb140405c993b4a6cc7afc795f156a9',310059000,'26dcef9e54b1a34b6024f8402ddebb6e9449cd90c270e3db75354a001484b1a1','6ec3715184069313b9d9737f2864848b1af84b69f9d18d2214b7e3d5efb25e2a','71bd37c6da0c04b07880babbfe354c826e57491a153171f174355459030a065c',NULL,NULL,0);
INSERT INTO blocks VALUES(310060,'974ad5fbef621e0a38eab811608dc9afaf10c8ecc85fed913075ba1a145e889b',310060000,'810ebcdb63a08af5a26d1fd4e7a3604afd03bd06ff620d6a86c665e1c81116d2','64d0a293b8c17e5b8511aa4ef735eecb685ea11a769cd3fca15b0ef9b9e794a5','6eba3f1d71ce82c4a4ec63addd57eddeac42f03be7499140476171194a99652d',NULL,NULL,0);
INSERT INTO blocks VALUES(310061,'35d267d21ad386e7b7632292af1c422b0310dde7ca49a82f9577525a29c138cf',310061000,'1edfc24d186c7e7267b11c03b0a29e57926e9ab25f668231a18a499cbd08c702','e14d1a3cc5ecbacfe5616bb7955cdfb95eac01a5fe7e19be8f7bbddd9c4b6998','caf5a409047e2fe2779aa6e98a21b7182de3bcf8ce660dbe0b3e161a8e996fef',NULL,NULL,0);
INSERT INTO blocks VALUES(310062,'b31a0054145319ef9de8c1cb19df5bcf4dc8a1ece20053aa494e5d3a00a2852f',310062000,'b0de9503f019c9548a97bd198e6b1b58b57d6a7c231ace2d72adb0421b29e9b7','cc3c2f5308601bfb863452fbb2c29a7f2f9d785712b585da5550f52e7a152c7c','49b4cdcccc27ce22ec6a162f38227f0dfc5553a08a20418c04a2e4fb476ebe15',NULL,NULL,0);
INSERT INTO blocks VALUES(310063,'0cbcbcd5b7f2dc288e3a34eab3d4212463a5a56e886804fb4f9f1cf929eadebe',310063000,'62e41caff168eb4b15eb67ab2130510ba3f17ac186f8516cf5b5c6f168988345','009f4bfde5a01002f720a39f7b25b709be1b32cf45c87c266ade0b3ab16137f5','130e300720ced0b53b3aac8b2cd599f7901550e0e95cee8333a55f2617adbebf',NULL,NULL,0);
INSERT INTO blocks VALUES(310064,'e2db8065a195e85cde9ddb868a17d39893a60fb2b1255aa5f0c88729de7cbf30',310064000,'a444b1535d27bb2917478019c4c59abf9474e87128f9ec1e44c20eea1f014f3c','a7cbc14270380dea3a682c5e0add6f354aa32ac0d0498d0ce130acf971ad80a2','eb399fd34f004d8121ab13a5bd46de4de567890f7c27dffd005ac51d2c67df0a',NULL,NULL,0);
INSERT INTO blocks VALUES(310065,'8a7bc7a77c831ac4fd11b8a9d22d1b6a0661b07cef05c2e600c7fb683b861d2a',310065000,'0ad978671f587f99e5e1c1b6f68ac3d18bb03a3bd7ea9afb63590bcef25160c8','c70d4fe080137f0509f824af8ec87252cddc8962e5908ad32e672dc6de77b54f','5b75f4f95fa030103dfcbca50af512128210ae307b2e13a8ae47c6916fb3de75',NULL,NULL,0);
INSERT INTO blocks VALUES(310066,'b6959be51eb084747d301f7ccaf9e75f2292c9404633b1532e3692659939430d',310066000,'a6bb36829770b24fa0b960b85566a0138360a60b52cec62d94d7df8cb0b8f8b4','84abb47b92b4ce6368e154d87b5a12d564c041800f043cc34535ab49585647f6','16e9a91c8aa3a4780de4f870ea96f3086e86bc333628caf55cadcc76e3333ed0',NULL,NULL,0);
INSERT INTO blocks VALUES(310067,'8b08eae98d7193c9c01863fac6effb9162bda010daeacf9e0347112f233b8577',310067000,'9b8ceda9b170429d8b9ed517f0db95487b3058397e20d7e786577c8e46b389b8','b6a27dfd965423becd99bc0fbcd6cf229944cb2c52ceadaed84840196acd3473','070912119566a3f234c61730bc181519a015b041d192491aeccaf5b919a0286b',NULL,NULL,0);
INSERT INTO blocks VALUES(310068,'9280e7297ef6313341bc81787a36acfc9af58f83a415afff5e3154f126cf52b5',310068000,'cee2e41baf86f1af24d555e9ab4a0c023b5f1ab2b054707d4434b4f60d31862a','99ed1e88b7a7d47e1c6dbfd5beab3ba21525b3b28cc14bcb0bd6666cd52c247a','7408f5bead5164dd9be571a0c1f3d968c048c4bf2713e57554ce9916e8526a9e',NULL,NULL,0);
INSERT INTO blocks VALUES(310069,'486351f0655bf594ffaab1980cff17353b640b63e9c27239109addece189a6f7',310069000,'cbfd7ff728f05ba3f1db5972f1449618a79d3fd0d76bf7fe990aed2eb2316a38','50fd5f28597694c624733689ce8eb05d8d580f8f69e65bf144bb76f24663cbb4','6577bd79b019061fe07cc302144d5c82b3b5767766dae669dc25d9d565c5633d',NULL,NULL,0);
INSERT INTO blocks VALUES(310070,'8739e99f4dee8bebf1332f37f49a125348b40b93b74fe35579dd52bfba4fa7e5',310070000,'9af85cd995c83b5a5f0cac66351cabdf9dc9faecfee080638fc76019663faaa6','f133f1f49619840fe0d69e2e1d849a68dd98b3ca287f1b3ea58c1cc8703775d5','e488f8f5c814788c739321d27ea459979bc0ce028f47c3e822f7ecb1f1461d99',NULL,NULL,0);
INSERT INTO blocks VALUES(310071,'7a099aa1bba0ead577f1e44f35263a1f115ed6a868c98d4dd71609072ae7f80b',310071000,'a3c547e84db6b29630b87fa566e37796e0632ba616dd6d521d558632c3b55370','e506b6aa1d55dd6da35365fc308e7c1ae76330264bcf9dc733a781b1c005467d','98c92f434b63fb58248bb0ecb286b53f6ca4365e55d5795cb25f0a67dee2a62b',NULL,NULL,0);
INSERT INTO blocks VALUES(310072,'7b17ecedc07552551b8129e068ae67cb176ca766ea3f6df74b597a94e3a7fc8a',310072000,'a0170d8a72a0f8642c0863899bf034e754596e3fd8ddffefa91e7e9a7addf944','4bc3a678ddd9d83f9e44c37e7dc06e233cc5f5e7d26bc4ea10f012fc2131f9ca','47594e5320f132da08057c7f0cd4968255e468eaaf92ef725b94ffa2e6e25bcd',NULL,NULL,0);
INSERT INTO blocks VALUES(310073,'ee0fe3cc9b3a48a2746b6090b63b442b97ea6055d48edcf4b2288396764c6943',310073000,'e0179a21342fcf35fa169567f1ef35bd6b0b1b048a98e90c049fdf3ee58e9da4','2e2871d87aa0ba229af512e40df4e739a3421e380d0970db1e6e4d4fd95aeeec','0c4c54b4b496381872977b7b427ca08a591077fc3b4c453afdca9d20b223b0cd',NULL,NULL,0);
INSERT INTO blocks VALUES(310074,'ceab38dfde01f711a187601731ad575d67cfe0b7dbc61dcd4f15baaef72089fb',310074000,'8855ace296b0b078d90aa24fcd30ca9f9cccf9d3961f3dba4985a3ff187a02ac','552d07a1f7ee6ffd7a05e5c6348842e88c37cc600034bf43ac9f1fb244782c7a','ba133ab59dcb4a0e3505fb91514f1c42145200696b65da8c814f81882e5ba5fd',NULL,NULL,0);
INSERT INTO blocks VALUES(310075,'ef547198c6e36d829f117cfd7077ccde45158e3c545152225fa24dba7a26847b',310075000,'bde3a6c6cc31b96d58f466d3ce0361cc6366c8c239778f21b696d4063cf6d89e','2167d6d7d08d97e452022aa46af5662cbeca1460901b36bda318bba25f27233a','96e98ede156f08f9f79cd2a22591665557a1cb390288876f729fb922b2c111c6',NULL,NULL,0);
INSERT INTO blocks VALUES(310076,'3b0499c2e8e8f0252c7288d4ecf66efc426ca37aad3524424d14c8bc6f8b0d92',310076000,'f562851b32a7005ee02b9e2491c0195dddce451e8fecb428209d087e69345303','d8555224396dc67f2ce9c90df3026f02afaa58144f0362d3370bd23f76edd98b','15c97c63a300bbe451b3accc7cc1601eb12c49ba5c618b04717fb43e2a40b1c1',NULL,NULL,0);
INSERT INTO blocks VALUES(310077,'d2adeefa9024ab3ff2822bc36acf19b6c647cea118cf15b86c6bc00c3322e7dd',310077000,'996cda7b65e623747deef936d61491cedd0159f44faa1e3536de1b6d6c474097','c2a5d72c15f87c660a2b47ae4b3d02f44ba21cd912e69d692d9d0012c5a88d35','4248f89e143aea874257f3f858bd368c4084daaab950907eb5f405f886a7cdf0',NULL,NULL,0);
INSERT INTO blocks VALUES(310078,'f6c17115ef0efe489c562bcda4615892b4d4b39db0c9791fe193d4922bd82cd6',310078000,'c8286f73cc3a070f4251b7c59bb485e611437a1916fd39ffac831dc78df54ecd','937719413746c37cd24cd19f7a8a22b7fcff4f2439905b096ed3d563fe6d4c3b','0e937c43020dd6a39d1aae079ebb8c00e18d809c48cde2e224658ceb85b844c4',NULL,NULL,0);
INSERT INTO blocks VALUES(310079,'f2fbd2074d804e631db44cb0fb2e1db3fdc367e439c21ffc40d73104c4d7069c',310079000,'ef9dab42700918027fac849f2088d2248a6291dc7bc24be583b556f37739631b','cb4a47a1c8b0d4e308d2ca70b536c59501ba9844c60670f301ac3340c234aa52','6e1ddb366becc61ed4df6651ee59109de4c037c4a42aa676a46fd51b425d2768',NULL,NULL,0);
INSERT INTO blocks VALUES(310080,'42943b914d9c367000a78b78a544cc4b84b1df838aadde33fe730964a89a3a6c',310080000,'c6bbc52f1e8f907b2d66378f4352f41ae3d354985aaab5f16d737d75a7e6b1d8','295115b351dfeaf72cc5beec97540562df1ae9b540d2cb065daf0f14c25e9703','b261b764ec5a9670c3c92dd8dea11ad90f3da1c8b4834f60b6fefe6632047112',NULL,NULL,0);
INSERT INTO blocks VALUES(310081,'6554f9d307976249e7b7e260e08046b3b55d318f8b6af627fed5be3063f123c4',310081000,'66f7b7ff8f0217ed62938a5931d4a6a232546e5d58e09dfd3ba5a792c35fa560','701f87bfa83e7e3b512b8ef5c4e3030d04169274c1cdb7812606e3203e3c41e3','5c32be6e07e0b66679f39affad07562c5a5d6a22e39670ab375fcc92bafe790b',NULL,NULL,0);
INSERT INTO blocks VALUES(310082,'4f1ef91b1dcd575f8ac2e66a67715500cbca154bd6f3b8148bb7015a6aa6c644',310082000,'2b26c6d901ca9790987331432372046d9620d10ea163f4824208d6b23e8e7a35','0e4775adb1b912e7ed857cf64abef71e9453b6ebc64db33caa44b3a661f0aa88','e5a6cd37c157aa0987e642a195a2fa507e83283bc0af5bb7a4e5eb5260b46798',NULL,NULL,0);
INSERT INTO blocks VALUES(310083,'9b1f6fd6ff9b0dc4e37603cfb0625f49067c775b99e12492afd85392d3c8d850',310083000,'0d6d774dce93e94e870835005b0e8b04f010fb25158aa69a0fa0321d1577e987','528d8233c2955248daf2a4bfdc4ed1bd9874bfc13ce7031a7e9bcb6836beb8c2','ff40f8bb68f420cc92598eb34a2394321cb111e10dd306126de5f24aa29d0c4a',NULL,NULL,0);
INSERT INTO blocks VALUES(310084,'1e0972523e80306441b9f4157f171716199f1428db2e818a7f7817ccdc8859e3',310084000,'9dbd171e3606b1662f6b576339b1e9aaa3da8a9f8a246bab905af255add4a762','4a1cf5af41f56761f9f7fa7c620a05ce4767c601d7705b32c4ad76df9d46edb1','af2f22bd3c2db073542e513aadcd0d7353ba4ff30f21ef58baf67bb5a324f99a',NULL,NULL,0);
INSERT INTO blocks VALUES(310085,'c5b6e9581831e3bc5848cd7630c499bca26d9ece5156d36579bdb72d54817e34',310085000,'db67b5dc6b0c0ddec22d0e716b72aa8cb6fa9702316f2a8e12659ee229094c16','137290ac75a4a2431845d757f64e6de5cadbe6a6b670abf73a92b0a1bbc4f7bd','5740c93d3b6c55a7236a971631a473b17a6ea9a7e237ae393824062e1ed2b842',NULL,NULL,0);
INSERT INTO blocks VALUES(310086,'080c1dc55a4ecf4824cf9840602498cfc35b5f84099f50b71b45cb63834c7a78',310086000,'7cf70b5298dbb36efbec2fb880b76e2514e3bad9d5200875fa3eb3ceb7719ee8','28c59a9f06ccd051b4474cce258b961029634092300a07d2e2444a9e14c41f72','204f94953b7bc7956dbcb816e3fe8754b85fc7338d2b8d2b769777c56c2090fa',NULL,NULL,0);
INSERT INTO blocks VALUES(310087,'4ec8cb1c38b22904e8087a034a6406b896eff4dd28e7620601c6bddf82e2738c',310087000,'27106f400fe1ee93bde42f3bf3cf39737fb856bbf0df3f90fe0838cf7d38798c','3986a63a20f55219f92345a49d9ed912ed7d5168a0acb1d477948814f85ae5ab','ae83dc82151e4115a8d167073a51d5cedb46eb10d468a06aa96df31c4a33f292',NULL,NULL,0);
INSERT INTO blocks VALUES(310088,'e945c815c433cbddd0bf8e66c5c23b51072483492acda98f5c2c201020a8c5b3',310088000,'28c9833eded6d68967f206e5884616f83bb9ad16b9d7a507031b96480aecc799','12caea8c4172d2f1e8e826e23fe95286bd5d9305f32323cf9c509cb12613c109','30c9d4e607d2966c52bb2e47f4793afd581e2a928df6db47daac59858b9ef638',NULL,NULL,0);
INSERT INTO blocks VALUES(310089,'0382437f895ef3e7e38bf025fd4f606fd44d4bbd6aea71dbdc4ed11a7cd46f33',310089000,'cdac6435934ea6e67a311495325c85237158ef30c009ea44c562c2127d79e696','5fc9609828634cdcf39958cfda9a1d876b9f10fee3daaec8244b9c23d9edf30d','4f5cd2bf211f7b08be5f97680d2c9b520a5aad8c400422cca15014364d51f3ee',NULL,NULL,0);
INSERT INTO blocks VALUES(310090,'b756db71dc037b5a4582de354a3347371267d31ebda453e152f0a13bb2fae969',310090000,'cb33e420348e7969a2310445a6c17c79e647d3c6f3106d4fd0c0a1249e11ed6f','f4ac2e3d647fe0ba9305ef6c4fd993a6ddc742a0983235692a6b818ac87ac910','5130a990d36e56c5abb03f93bdafebe6dfa9744afe7145adb62e27dda92b52d4',NULL,NULL,0);
INSERT INTO blocks VALUES(310091,'734a9aa485f36399d5efb74f3b9c47f8b5f6fd68c9967f134b14cfe7e2d7583c',310091000,'dda2531cf7db78a3f27c1ce70189b3f6efb69ddd24b61639f9deff42566bba2a','8f8d1688d558a6c4d3af2282c0790bd55816c0d0306b20f777145b4f4b4f47b1','9189331685d9d285a75a55450f7507f3f4f5bb2a710ab5f2c441fb08e2db57f3',NULL,NULL,0);
INSERT INTO blocks VALUES(310092,'56386beb65f9228740d4ad43a1c575645f6daf59e0dd9f22551c59215b5e8c3d',310092000,'9ca7d9e1da0c6e4465d9e1c76990b6c48e62ee3a0b3b83189dc7a0f2c03a3006','8b27db3a70fdd89a2cca6e91b174d7b4864e89fc61860eef29469f74fc7b19d1','ba096507d1f98dd1776931867a2a2c31b135b848bfebe41bf6e9414b2f7bbfd7',NULL,NULL,0);
INSERT INTO blocks VALUES(310093,'a74a2425f2f4be24bb5f715173e6756649e1cbf1b064aeb1ef60e0b94b418ddc',310093000,'c6fc005e874909cf0393ac1bee7267f66cc5355c549d8657234a0ed6b429c869','63450b47a0202b74ae405c43483ef1074d763879328b8a06fc9387dfd366ce4a','385578f224a8d32266c252140217ae81b3e1ef1e1aad09fa3eeded13c61823da',NULL,NULL,0);
INSERT INTO blocks VALUES(310094,'2a8f976f20c4e89ff01071915ac96ee35192d54df3a246bf61fd4a0cccfb5b23',310094000,'14dacaec0b37ca20f271e500d0ec1837a63006eb464728c067107738ad3167c6','50e0fdb393db3f3facd7a9ab5e117ccaa3479e04d9e31622db84a96959925417','16d6abce13caabf0ef71670eb77835bb658a359d43b0440caec18d4653419785',NULL,NULL,0);
INSERT INTO blocks VALUES(310095,'bed0fa40c9981223fb40b3be8124ca619edc9dd34d0c907369477ea92e5d2cd2',310095000,'05bd680c082185147e83785e7464d8890908d1550359b4fac79018b510475e01','835bb9a4c02258bbeb900ffd72844df730cb559a80b5827bde2c8590f64346c3','e5370575e05eb99048ca8958a36cef84a3b7f0b1d8084ec3938ef477362c6a19',NULL,NULL,0);
INSERT INTO blocks VALUES(310096,'306aeec3db435fabffdf88c2f26ee83caa4c2426375a33daa2be041dbd27ea2f',310096000,'b50805d750ebd26f8dbced919948118f1f97ce7d117aa1760e7a3c4895f51e13','35a0a872faf213bb150cac69b996c9c93cb0c8fed1d25c7123d8cf4bf4e6c644','df7098355905a77271b0dfdcd4741a67e08a1dc8fd9cc30c50e939d13957b44d',NULL,NULL,0);
INSERT INTO blocks VALUES(310097,'13e8e16e67c7cdcc80d477491e554b43744f90e8e1a9728439a11fab42cefadf',310097000,'dde96405c241e1d57334670e4eff7ed8db92056e6867cae10475a9bc30ba4619','6b6dcd66f67160244555412b77deb7229dee9126289e3cff3f3d26f87a3b6d5b','cc8c671ff403a97815e93051d591c7ef6fe148ba4e3e2fd6901f3305f95c51a3',NULL,NULL,0);
INSERT INTO blocks VALUES(310098,'ca5bca4b5ec4fa6183e05176abe921cff884c4e20910fab55b603cef48dc3bca',310098000,'613d78fbabba246a4d1cd9d50317e732795a59812df8395472347e15cec1ee9b','b84b34ec8e0e8325367fc886ef5e720f00b7693fd8ddcd90a06e7d2bdb34fe16','63b94e4d660c02ddbf3f838548ad313cf01ba18ffe3b19f9faaeb666ed319c2d',NULL,NULL,0);
INSERT INTO blocks VALUES(310099,'3c4c2279cd7de0add5ec469648a845875495a7d54ebfb5b012dcc5a197b7992a',310099000,'e535ca5960d2ce7508bd2157dd0cac3ea1f9ab14532a40884d522b4bba0d4979','157c4eaced2af2a1eb2a8d3add58af2c27b30b682a3799c5a6de48633359e37f','b16c7830d4f12426993bff12af3e7e654398586b1fd6a06ace973b5ed3cc899f',NULL,NULL,0);
INSERT INTO blocks VALUES(310100,'96925c05b3c7c80c716f5bef68d161c71d044252c766ca0e3f17f255764242cb',310100000,'970865291b7a6d8173d6ad2ae97335cb2e89d80cbbb7a79bb2328cf6c67fa6cd','0de8d61a34c619ae14db1aef6b05aac30abb2f614aac047e13370d85d087ad63','c84148dd49e9af2149f3b35ca31cb9b94224b64dc231bc7a61d1fe1d65777562',NULL,NULL,0);
INSERT INTO blocks VALUES(310101,'369472409995ca1a2ebecbad6bf9dab38c378ab1e67e1bdf13d4ce1346731cd6',310101000,'0741e57ad88cdada65134c9f131ff5bfd9498cb054378d829e34715e8db2aa6d','556993f39b0831366242de97819100cca7b58d6f33df18e95c7fff680c411dcd','ec0a81c838d688af198a5128494c58e01d6a40ab70fd0d0839ca526ef5f5488c',NULL,NULL,0);
-- Triggers and indices on  blocks
CREATE INDEX blocks_block_index_block_hash_idx ON blocks (block_index, block_hash)
        ;
CREATE INDEX blocks_ledger_hash_idx ON blocks (ledger_hash)
        ;

COMMIT TRANSACTION;
PRAGMA page_size=4096;
-- PRAGMA encoding='UTF-8';
-- PRAGMA auto_vacuum=FULL;
-- PRAGMA max_page_count=4294967294;

BEGIN TRANSACTION;

-- Table  transactions
DROP TABLE IF EXISTS transactions;
CREATE TABLE transactions(
                      tx_index INTEGER UNIQUE,
                      tx_hash TEXT UNIQUE,
                      block_index INTEGER,
                      block_hash TEXT,
                      block_time INTEGER,
                      source TEXT,
                      destination TEXT,
                      btc_amount INTEGER,
                      fee INTEGER,
                      data BLOB,
                      supported BOOL DEFAULT 1,
                      utxos_info TEXT,
                      transaction_type TEXT,
                      FOREIGN KEY (block_index, block_hash) REFERENCES blocks(block_index, block_hash),
                      PRIMARY KEY (tx_index, tx_hash, block_index));
INSERT INTO transactions VALUES(1,'b37d91f0a3451e89035a780c7f0e84ed135d4dd4cd39227cda35ac6da0d3f10e',310000,'505d8d82c4ced7daddef7ed0b05ba12ecc664176887b938ef56c6af276f3b30c',310000000,'mn6q3dS2EnDUx3bmyWc6D4szJNVGtaR7zc','mvCounterpartyXXXXXXXXXXXXXXW24Hef',62000000,678,X'',1,' bb63974365ff2a47e7e60de246784a270a9de244c7f8ebd4dd79d07dab1cbaeb:0 2 ',NULL);
INSERT INTO transactions VALUES(2,'7eee08f923f9781a5de58d0b699d8cc7845dfe943ac7a8233e2ef6f405d01187',310001,'3c9f6a9c6cac46a9273bd3db39ad775acd5bc546378ec2fb0587e06e112cc78e',310001000,'mn6q3dS2EnDUx3bmyWc6D4szJNVGtaR7zc','mtQheFaSfWELRB2MyMBaiWjdDm6ux9Ezns',5430,1320,X'0000000000000000000000010000000002FAF080',1,' 0e8fd9b3ec1e82c80763415c720cc4e6778b6b39a335d5e94a51b012703b7b81:0 3 ',NULL);
INSERT INTO transactions VALUES(3,'b0f0182d8ab4340522ceb7dc780683d9061f252ecc1123b14215e82ee6ff8675',310002,'fbb60f1144e1f7d4dc036a4a158a10ea6dea2ba6283a723342a49b8eb5cc9964',310002000,'mn6q3dS2EnDUx3bmyWc6D4szJNVGtaR7zc','',0,1000000,X'0000000A00000000000000000000000002FAF08000000000000000010000000005F5E100000A0000000000000000',1,' e9f28a3be730bd8edefdff0b670fe8f3121650c1068316322ca964426c7be7e5:0 2 ',NULL);
INSERT INTO transactions VALUES(4,'4433dfcde6e34bbe07bf8ae00c26556f8e3e07b6d8a290fc1d7ba63f07a7bb15',310003,'d50825dcb32bcf6f69994d616eba18de7718d3d859497e80751b2cb67e333e8a',310003000,'mn6q3dS2EnDUx3bmyWc6D4szJNVGtaR7zc','',0,1260,X'0000000A00000000000000010000000006422C4000000000000000000000000002FAF080000A00000000000DBBA0',1,' de26d81e13b3a57e5cef4ea34812745d37cca1f5fa4642c141cd1954befe1b31:0 2 ',NULL);
INSERT INTO transactions VALUES(5,'3a935e00a9e28bd722eb053be8cf20d256e0d04b5f6d101920d4984574eba026',310004,'60cdc0ac0e3121ceaa2c3885f21f5789f49992ffef6e6ff99f7da80e36744615',310004000,'mn6q3dS2EnDUx3bmyWc6D4szJNVGtaR7zc','mn6q3dS2EnDUx3bmyWc6D4szJNVGtaR7zc',50000000,2520,X'0000000BB0F0182D8AB4340522CEB7DC780683D9061F252ECC1123B14215E82EE6FF86754433DFCDE6E34BBE07BF8AE00C26556F8E3E07B6D8A290FC1D7BA63F07A7BB15',1,' d0fd90f65874f3c8a9ce6a51008b64af707094d78948142ebfc1f87b6a8a9126:0 4 ',NULL);
INSERT INTO transactions VALUES(6,'cb6f7cdcb1309c82cdcd03b017b1fe1823a7757a9db871c14fbc1678672a5263',310005,'8005c2926b7ecc50376642bc661a49108b6dc62636463a5c492b123e2184cd9a',310005000,'mn6q3dS2EnDUx3bmyWc6D4szJNVGtaR7zc','',0,1260,X'000000140000000000004767000000003B9ACA000100000000000000000000',1,' 32b4b47a89e385ca6d376ef92eaa5d182d953ee582f0b5984f73de983bfb7aa9:0 2 ',NULL);
INSERT INTO transactions VALUES(7,'11437e87f173ab32015a2d9831255435de19d7228e196b803a87ae6120dfb057',310006,'bdad69d1669eace68b9f246de113161099d4f83322e2acf402c42defef3af2bb',310006000,'mn6q3dS2EnDUx3bmyWc6D4szJNVGtaR7zc','',0,1260,X'00000014000000000000476800000000000186A00000000000000000000006666F6F626172',1,' e86d3c7f36e41bb67545822d269626e7314d77387bd5df99f63cfd9ac2f2a9a9:0 2 ',NULL);
INSERT INTO transactions VALUES(8,'674fffed0250afa55a85844959ed7545bc27f15c67a51fd215ac27f682c350d9',310007,'10a642b96d60091d08234d17dfdecf3025eca41e4fc8e3bbe71a91c5a457cb4b',310007000,'mn6q3dS2EnDUx3bmyWc6D4szJNVGtaR7zc','mtQheFaSfWELRB2MyMBaiWjdDm6ux9Ezns',5430,1320,X'00000000000000000000476700000000003D0900',1,' 369eaa80c0aaedf0c80a258069bdf698b0d26d85e1f607f1b836b6cf74aa602d:0 3 ',NULL);
INSERT INTO transactions VALUES(9,'954cd50d4cb0977da58976a4e3ee7b67b8dd4ada597a8b079037ccfb6502967b',310008,'47d0e3acbdc6916aeae95e987f9cfa16209b3df1e67bb38143b3422b32322c33',310008000,'mn6q3dS2EnDUx3bmyWc6D4szJNVGtaR7zc','mtQheFaSfWELRB2MyMBaiWjdDm6ux9Ezns',5430,1320,X'000000000000000000004768000000000000020E',1,' f7d186eca6ed726eb9997b8329ae53f23b38cb274a9ccf5359ae39650455a33a:0 3 ',NULL);
INSERT INTO transactions VALUES(10,'7b8bdac8da6a08b4db92b46c59ee8e5c2fd5d6c600f4d1576f7edc13c65d3578',310009,'4d474992b141620bf3753863db7ee5e8af26cadfbba27725911f44fa657bc1c0',310009000,'mn6q3dS2EnDUx3bmyWc6D4szJNVGtaR7zc','',0,1260,X'00000032000000000000025800000000000047670000000000000001',1,' 461fa44d5758551f3623872ccb1b1a86fb32d4d9c4576f0636e52f0826d3cd80:0 2 ',NULL);
INSERT INTO transactions VALUES(11,'e36dbc52abaffa262d214acec2f04ca8a434144a50a42f79795a34228ef84005',310010,'a58162dff81a32e6a29b075be759dbb9fa9b8b65303e69c78fb4d7b0acc37042',310010000,'mn6q3dS2EnDUx3bmyWc6D4szJNVGtaR7zc','',0,1260,X'00000032000000000000032000000000000047680000000000000001',1,' dc96df197f99854beb2f97944d6476e9de3889a88c99ac967495d75c05662f88:0 2 ',NULL);
INSERT INTO transactions VALUES(12,'e0a06f7eda9ee9fd6ae37bb1d25ba5bd2061dcae240c37fcebbc1b0a4d256b0e',310011,'8042cc2ef293fd73d050f283fbd075c79dd4c49fdcca054dc0714fc3a50dc1bb',310011000,'mn6q3dS2EnDUx3bmyWc6D4szJNVGtaR7zc','',0,1260,X'0000001E52BB3300405900000000000005F5E0FF09556E69742054657374',1,' 5e8030e6f3d7fd32116fc0f9dae942c97d6527b12c76ef2c0ba6f810faaa4957:0 2 ',NULL);
INSERT INTO transactions VALUES(13,'4c983a7fab208a12497cd705c73fb136c6e2cf5d6fbcab4486aa591dd3ef5e0c',310012,'cdba329019d93a67b31b79d05f76ce1b7791d430ea0d6c1c2168fe78d2f67677',310012000,'mn6q3dS2EnDUx3bmyWc6D4szJNVGtaR7zc','mn6q3dS2EnDUx3bmyWc6D4szJNVGtaR7zc',5430,1320,X'00000028000052BB33640000000002FAF08000000000017D7840000000000000000000003B100000000A',1,' 3574a6096d37d26645696d36e6613496ad383db53b6b0963094818a3e6cfaef4:0 3 ',NULL);
INSERT INTO transactions VALUES(14,'36b3a6a2dcdcaeec9ad25443e03395c109fa10a27e10e0436cf7feb51836306e',310013,'0425e5e832e4286757dc0228cd505b8d572081007218abd3a0983a3bcd502a61',310013000,'mn6q3dS2EnDUx3bmyWc6D4szJNVGtaR7zc','mn6q3dS2EnDUx3bmyWc6D4szJNVGtaR7zc',5430,1320,X'00000028000152BB336400000000017D78400000000002793D60000000000000000000003B100000000A',1,' ff02440fd8cd96ea4e3cffc74694e56ba97950314df2473092cbf19597d9843a:0 3 ',NULL);
INSERT INTO transactions VALUES(15,'66e7001c9849c9df61cadb460f078cb69f239bf6c19e428a4b4431f58e1e53f1',310014,'85b28d413ebda2968ed82ae53643677338650151b997ed1e4656158005b9f65f',310014000,'mn6q3dS2EnDUx3bmyWc6D4szJNVGtaR7zc','mn6q3dS2EnDUx3bmyWc6D4szJNVGtaR7zc',5430,1320,X'00000028000052BB33640000000008F0D1800000000014DC93800000000000000000000013B00000000A',1,' e6e319286e3ff719abc9c23d266561efba17418a4d5111f6193064c1fbf93236:0 3 ',NULL);
INSERT INTO transactions VALUES(16,'ba2f85d2051649ce6a0835825c70f89ae179ec147362ddecbc4dcdb9f5b3caf2',310015,'4cf77d688f18f0c68c077db882f62e49f31859dfa6144372457cd73b29223922',310015000,'mn6q3dS2EnDUx3bmyWc6D4szJNVGtaR7zc','mn6q3dS2EnDUx3bmyWc6D4szJNVGtaR7zc',5430,1320,X'00000028000152BB33640000000014DC93800000000008F0D1800000000000000000000013B00000000A',1,' f6f557621c4eb008fc5635c1f540f2ea097802356a281db821a2ca1093cdd57b:0 3 ',NULL);
INSERT INTO transactions VALUES(17,'318fe271074109954e35ca005f999ab3585cd5aea24afc7bcfcac46003f4dee9',310016,'99dc7d2627efb4e5e618a53b9898b4ca39c70e98fe9bf39f68a6c980f5b64ef9',310016000,'mn6q3dS2EnDUx3bmyWc6D4szJNVGtaR7zc','mn6q3dS2EnDUx3bmyWc6D4szJNVGtaR7zc',5430,1320,X'00000028000252BB33C8000000002CB417800000000026BE36803FF0000000000000000013B00000000A',1,' 0c1f16fd1b167ed6521bfeee6849c250cd78b70c52a7f73e790ab096b96696c5:0 3 ',NULL);
INSERT INTO transactions VALUES(18,'f206f68fcbfdb79939f6bb9932fd5413b00a9590f6b1616a335802e6c62cedbd',310017,'8a4fedfbf734b91a5c5761a7bcb3908ea57169777a7018148c51ff611970e4a3',310017000,'mn6q3dS2EnDUx3bmyWc6D4szJNVGtaR7zc','mn6q3dS2EnDUx3bmyWc6D4szJNVGtaR7zc',5430,1320,X'00000028000352BB33C80000000026BE3680000000002CB417803FF0000000000000000013B00000000A',1,' 47a64f23416dcc37607910ade802411fdf1204ffb8f32587d0bb9c594bec4f41:0 3 ',NULL);
INSERT INTO transactions VALUES(19,'db19d01045220ed625e816d7741bbe3c54f4ed5fbffbe2f89c2cca4be94bfb42',310018,'35c06f9e3de39e4e56ceb1d1a22008f52361c50dd0d251c0acbe2e3c2dba8ed3',310018000,'mn6q3dS2EnDUx3bmyWc6D4szJNVGtaR7zc','',0,1260,X'0000001E52BB33324058F7256FFC115E004C4B4009556E69742054657374',1,' a471fc11af5365d995f7abceedf95a0057cf18c038f5271096e37f0cfbcdec9c:0 2 ',NULL);
INSERT INTO transactions VALUES(20,'859eeb1cb8607ad1d3f4580977ba489371385a5b0e69b657aba22eee671781b4',310019,'114affa0c4f34b1ebf8e2778c9477641f60b5b9e8a69052158041d4c41893294',310019000,'mn6q3dS2EnDUx3bmyWc6D4szJNVGtaR7zc','',0,1260,X'0000001E52BB3365405915F3B645A1CB004C4B4009556E69742054657374',1,' dade42960789b09c55c0ca5b8f2744a988067169545ad05b2a200e77dacfafd9:0 2 ',NULL);
INSERT INTO transactions VALUES(21,'2ef530a785f2b27c6a072cfd29d9264f57c43519a7ea6dbc99e95dad43dd5877',310020,'d93c79920e4a42164af74ecb5c6b903ff6055cdc007376c74dfa692c8d85ebc9',310020000,'mn6q3dS2EnDUx3bmyWc6D4szJNVGtaR7zc','',0,1260,X'0000001E52BB33C94000000000000000004C4B4009556E69742054657374',1,' 7a69fa841a7107f476776130f913ac1aaea988a43334837ce694636a59948c39:0 2 ',NULL);
INSERT INTO transactions VALUES(22,'fa0a06be464e47e29a9c635a718a46aca07f80a05f4ae1f3dc18391fc5b81004',310021,'7c2460bb32c5749c856486393239bf7a0ac789587ac71f32e7237910da8097f2',310021000,'mn6q3dS2EnDUx3bmyWc6D4szJNVGtaR7zc','',0,1260,X'0000000A00000000000047670000000002FAF08000000000000000010000000002FAF080000A0000000000000000',1,' e1d2f426c7d96646a4a1e0418ea917463b1c2896693ef2b6d25abb48c57289d7:0 2 ',NULL);
INSERT INTO transactions VALUES(23,'77d4da76d66b220298ce985c0bd9e5835e359d10ddb6c03b9d3bef27ee077559',310022,'44435f9a99a0aa12a9bfabdc4cb8119f6ea6a6e1350d2d65445fb66a456db5fc',310022000,'mn6q3dS2EnDUx3bmyWc6D4szJNVGtaR7zc','mvCounterpartyXXXXXXXXXXXXXXW24Hef',100000000,1122,X'',1,' 27c13e12178fbc309c4918095cd9aed2494323f7fbfe8e01dc1f95a36310b9ac:0 2 ',NULL);
INSERT INTO transactions VALUES(24,'fff4861a55ca1cd8d615966a9d5ff49cd7eec6dd40b652ce8b9d3b26b55c19b7',310023,'d8cf5bec1bbcab8ca4f495352afde3b6572b7e1d61b3976872ebb8e9d30ccb08',310023000,'mn6q3dS2EnDUx3bmyWc6D4szJNVGtaR7zc','mtQheFaSfWELRB2MyMBaiWjdDm6ux9Ezns',5430,1320,X'0000000000000000000047680000000000002710',1,' 050122a388e51b9b007250f63be7717bb8de24589e6a3563144b1012ecc36ad6:0 3 ',NULL);
-- Triggers and indices on  transactions
CREATE INDEX transactions_block_index_tx_index_idx ON transactions (block_index, tx_index)
        ;
CREATE INDEX transactions_source_idx ON transactions (source)
        ;
CREATE INDEX transactions_transaction_type_idx ON transactions (transaction_type)
        ;
CREATE INDEX transactions_tx_hash_idx ON transactions (tx_hash)
        ;
CREATE INDEX transactions_tx_index_tx_hash_block_index_idx ON transactions (tx_index, tx_hash, block_index)
        ;

COMMIT TRANSACTION;
PRAGMA page_size=4096;
-- PRAGMA encoding='UTF-8';
-- PRAGMA auto_vacuum=FULL;
-- PRAGMA max_page_count=4294967294;

BEGIN TRANSACTION;

-- Table  transaction_outputs
DROP TABLE IF EXISTS transaction_outputs;
CREATE TABLE transaction_outputs(
                        tx_index,
                        tx_hash TEXT,
                        block_index INTEGER,
                        out_index INTEGER,
                        destination TEXT,
                        btc_amount INTEGER,
                        PRIMARY KEY (tx_hash, out_index),
                        FOREIGN KEY (tx_index, tx_hash, block_index) REFERENCES transactions(tx_index, tx_hash, block_index));

COMMIT TRANSACTION;
PRAGMA page_size=4096;
-- PRAGMA encoding='UTF-8';
-- PRAGMA auto_vacuum=FULL;
-- PRAGMA max_page_count=4294967294;

BEGIN TRANSACTION;

-- Table  balances
DROP TABLE IF EXISTS balances;
CREATE TABLE balances(
                      address TEXT,
                      asset TEXT,
                      quantity INTEGER, block_index INTEGER, tx_index INTEGER, utxo TEXT, utxo_address TEXT);
INSERT INTO balances VALUES('mn6q3dS2EnDUx3bmyWc6D4szJNVGtaR7zc','XCP',93000000000,310000,1,NULL,NULL);
INSERT INTO balances VALUES('mn6q3dS2EnDUx3bmyWc6D4szJNVGtaR7zc','XCP',92950000000,310001,2,NULL,NULL);
INSERT INTO balances VALUES('mtQheFaSfWELRB2MyMBaiWjdDm6ux9Ezns','XCP',50000000,310001,2,NULL,NULL);
INSERT INTO balances VALUES('mn6q3dS2EnDUx3bmyWc6D4szJNVGtaR7zc','XCP',92845000000,310003,4,NULL,NULL);
INSERT INTO balances VALUES('mn6q3dS2EnDUx3bmyWc6D4szJNVGtaR7zc','XCP',92945000000,310004,5,NULL,NULL);
INSERT INTO balances VALUES('mn6q3dS2EnDUx3bmyWc6D4szJNVGtaR7zc','XCP',92895000000,310005,6,NULL,NULL);
INSERT INTO balances VALUES('mn6q3dS2EnDUx3bmyWc6D4szJNVGtaR7zc','BBBB',1000000000,310005,6,NULL,NULL);
INSERT INTO balances VALUES('mn6q3dS2EnDUx3bmyWc6D4szJNVGtaR7zc','XCP',92845000000,310006,7,NULL,NULL);
INSERT INTO balances VALUES('mn6q3dS2EnDUx3bmyWc6D4szJNVGtaR7zc','BBBC',100000,310006,7,NULL,NULL);
INSERT INTO balances VALUES('mn6q3dS2EnDUx3bmyWc6D4szJNVGtaR7zc','BBBB',996000000,310007,8,NULL,NULL);
INSERT INTO balances VALUES('mtQheFaSfWELRB2MyMBaiWjdDm6ux9Ezns','BBBB',4000000,310007,8,NULL,NULL);
INSERT INTO balances VALUES('mn6q3dS2EnDUx3bmyWc6D4szJNVGtaR7zc','BBBC',99474,310008,9,NULL,NULL);
INSERT INTO balances VALUES('mtQheFaSfWELRB2MyMBaiWjdDm6ux9Ezns','BBBC',526,310008,9,NULL,NULL);
INSERT INTO balances VALUES('mn6q3dS2EnDUx3bmyWc6D4szJNVGtaR7zc','XCP',92844999976,310009,10,NULL,NULL);
INSERT INTO balances VALUES('mn6q3dS2EnDUx3bmyWc6D4szJNVGtaR7zc','XCP',92844979976,310009,10,NULL,NULL);
INSERT INTO balances VALUES('mtQheFaSfWELRB2MyMBaiWjdDm6ux9Ezns','XCP',50000024,310009,10,NULL,NULL);
INSERT INTO balances VALUES('mn6q3dS2EnDUx3bmyWc6D4szJNVGtaR7zc','XCP',92844559176,310010,11,NULL,NULL);
INSERT INTO balances VALUES('mn6q3dS2EnDUx3bmyWc6D4szJNVGtaR7zc','XCP',92844539176,310010,11,NULL,NULL);
INSERT INTO balances VALUES('mtQheFaSfWELRB2MyMBaiWjdDm6ux9Ezns','XCP',50420824,310010,11,NULL,NULL);
INSERT INTO balances VALUES('mn6q3dS2EnDUx3bmyWc6D4szJNVGtaR7zc','XCP',92794539176,310012,13,NULL,NULL);
INSERT INTO balances VALUES('mn6q3dS2EnDUx3bmyWc6D4szJNVGtaR7zc','XCP',92769539176,310013,14,NULL,NULL);
INSERT INTO balances VALUES('mn6q3dS2EnDUx3bmyWc6D4szJNVGtaR7zc','XCP',92773789176,310013,14,NULL,NULL);
INSERT INTO balances VALUES('mn6q3dS2EnDUx3bmyWc6D4szJNVGtaR7zc','XCP',92778789176,310014,0,NULL,NULL);
INSERT INTO balances VALUES('mn6q3dS2EnDUx3bmyWc6D4szJNVGtaR7zc','XCP',92628789176,310014,15,NULL,NULL);
INSERT INTO balances VALUES('mn6q3dS2EnDUx3bmyWc6D4szJNVGtaR7zc','XCP',92278789176,310015,16,NULL,NULL);
INSERT INTO balances VALUES('mn6q3dS2EnDUx3bmyWc6D4szJNVGtaR7zc','XCP',92278789176,310015,16,NULL,NULL);
INSERT INTO balances VALUES('mn6q3dS2EnDUx3bmyWc6D4szJNVGtaR7zc','XCP',92278789176,310015,16,NULL,NULL);
INSERT INTO balances VALUES('mn6q3dS2EnDUx3bmyWc6D4szJNVGtaR7zc','XCP',91528789176,310016,17,NULL,NULL);
INSERT INTO balances VALUES('mn6q3dS2EnDUx3bmyWc6D4szJNVGtaR7zc','XCP',90878789176,310017,18,NULL,NULL);
INSERT INTO balances VALUES('mn6q3dS2EnDUx3bmyWc6D4szJNVGtaR7zc','XCP',90878789176,310017,18,NULL,NULL);
INSERT INTO balances VALUES('mn6q3dS2EnDUx3bmyWc6D4szJNVGtaR7zc','XCP',90878789176,310017,18,NULL,NULL);
INSERT INTO balances VALUES('mn6q3dS2EnDUx3bmyWc6D4szJNVGtaR7zc','XCP',90937926676,310018,19,NULL,NULL);
INSERT INTO balances VALUES('mn6q3dS2EnDUx3bmyWc6D4szJNVGtaR7zc','XCP',90941039176,310018,19,NULL,NULL);
INSERT INTO balances VALUES('mn6q3dS2EnDUx3bmyWc6D4szJNVGtaR7zc','XCP',91100339176,310019,20,NULL,NULL);
INSERT INTO balances VALUES('mn6q3dS2EnDUx3bmyWc6D4szJNVGtaR7zc','XCP',91416039176,310019,20,NULL,NULL);
INSERT INTO balances VALUES('mn6q3dS2EnDUx3bmyWc6D4szJNVGtaR7zc','XCP',91441039176,310019,20,NULL,NULL);
INSERT INTO balances VALUES('mn6q3dS2EnDUx3bmyWc6D4szJNVGtaR7zc','XCP',92771039176,310020,21,NULL,NULL);
INSERT INTO balances VALUES('mn6q3dS2EnDUx3bmyWc6D4szJNVGtaR7zc','XCP',92841039176,310020,21,NULL,NULL);
INSERT INTO balances VALUES('mn6q3dS2EnDUx3bmyWc6D4szJNVGtaR7zc','BBBB',946000000,310021,22,NULL,NULL);
INSERT INTO balances VALUES('mn6q3dS2EnDUx3bmyWc6D4szJNVGtaR7zc','XCP',149840926438,310022,23,NULL,NULL);
INSERT INTO balances VALUES('mn6q3dS2EnDUx3bmyWc6D4szJNVGtaR7zc','XCP',149849426438,310023,0,NULL,NULL);
INSERT INTO balances VALUES('mn6q3dS2EnDUx3bmyWc6D4szJNVGtaR7zc','BBBC',89474,310023,24,NULL,NULL);
INSERT INTO balances VALUES('mtQheFaSfWELRB2MyMBaiWjdDm6ux9Ezns','BBBC',10526,310023,24,NULL,NULL);
INSERT INTO balances VALUES('mn6q3dS2EnDUx3bmyWc6D4szJNVGtaR7zc','BBBB',996000000,310032,0,NULL,NULL);
-- Triggers and indices on  balances
CREATE INDEX balances_address_asset_idx ON balances (address, asset)
        ;
CREATE INDEX balances_address_utxo_asset_idx ON balances (address, utxo, asset)
        ;
CREATE INDEX balances_asset_idx ON balances (asset)
        ;
CREATE INDEX balances_block_index_idx ON balances (block_index)
        ;
CREATE INDEX balances_quantity_idx ON balances (quantity)
        ;
CREATE INDEX balances_utxo_address_idx ON balances (utxo_address)
        ;
CREATE INDEX balances_utxo_asset_idx ON balances (utxo, asset)
        ;
CREATE TRIGGER block_update_balances
            BEFORE UPDATE ON balances BEGIN
                SELECT RAISE(FAIL, "UPDATES NOT ALLOWED");
            END;

COMMIT TRANSACTION;
PRAGMA page_size=4096;
-- PRAGMA encoding='UTF-8';
-- PRAGMA auto_vacuum=FULL;
-- PRAGMA max_page_count=4294967294;

BEGIN TRANSACTION;

-- Table  config
DROP TABLE IF EXISTS config;
CREATE TABLE config (
            name TEXT PRIMARY KEY,
            value TEXT
        );
INSERT INTO config VALUES('FIX_ASSET_EVENTS_FIELD_1','1');
INSERT INTO config VALUES('FIX_ISSUANCES_ASSET_LONGNAME_1','1');
INSERT INTO config VALUES('FIX_ISSUANCES_ASSET_LONGNAME_2','1');
INSERT INTO config VALUES('CLEAN_TRANSACTION_COUNT_1','1');
-- Triggers and indices on  config
CREATE INDEX config_config_name_idx ON config (name);

COMMIT TRANSACTION;
PRAGMA page_size=4096;
-- PRAGMA encoding='UTF-8';
-- PRAGMA auto_vacuum=FULL;
-- PRAGMA max_page_count=4294967294;

BEGIN TRANSACTION;

-- Table  balances
DROP TABLE IF EXISTS balances;
CREATE TABLE balances(
                      address TEXT,
                      asset TEXT,
                      quantity INTEGER, block_index INTEGER, tx_index INTEGER, utxo TEXT, utxo_address TEXT);
INSERT INTO balances VALUES('mn6q3dS2EnDUx3bmyWc6D4szJNVGtaR7zc','XCP',93000000000,310000,1,NULL,NULL);
INSERT INTO balances VALUES('mn6q3dS2EnDUx3bmyWc6D4szJNVGtaR7zc','XCP',92950000000,310001,2,NULL,NULL);
INSERT INTO balances VALUES('mtQheFaSfWELRB2MyMBaiWjdDm6ux9Ezns','XCP',50000000,310001,2,NULL,NULL);
INSERT INTO balances VALUES('mn6q3dS2EnDUx3bmyWc6D4szJNVGtaR7zc','XCP',92845000000,310003,4,NULL,NULL);
INSERT INTO balances VALUES('mn6q3dS2EnDUx3bmyWc6D4szJNVGtaR7zc','XCP',92945000000,310004,5,NULL,NULL);
INSERT INTO balances VALUES('mn6q3dS2EnDUx3bmyWc6D4szJNVGtaR7zc','XCP',92895000000,310005,6,NULL,NULL);
INSERT INTO balances VALUES('mn6q3dS2EnDUx3bmyWc6D4szJNVGtaR7zc','BBBB',1000000000,310005,6,NULL,NULL);
INSERT INTO balances VALUES('mn6q3dS2EnDUx3bmyWc6D4szJNVGtaR7zc','XCP',92845000000,310006,7,NULL,NULL);
INSERT INTO balances VALUES('mn6q3dS2EnDUx3bmyWc6D4szJNVGtaR7zc','BBBC',100000,310006,7,NULL,NULL);
INSERT INTO balances VALUES('mn6q3dS2EnDUx3bmyWc6D4szJNVGtaR7zc','BBBB',996000000,310007,8,NULL,NULL);
INSERT INTO balances VALUES('mtQheFaSfWELRB2MyMBaiWjdDm6ux9Ezns','BBBB',4000000,310007,8,NULL,NULL);
INSERT INTO balances VALUES('mn6q3dS2EnDUx3bmyWc6D4szJNVGtaR7zc','BBBC',99474,310008,9,NULL,NULL);
INSERT INTO balances VALUES('mtQheFaSfWELRB2MyMBaiWjdDm6ux9Ezns','BBBC',526,310008,9,NULL,NULL);
INSERT INTO balances VALUES('mn6q3dS2EnDUx3bmyWc6D4szJNVGtaR7zc','XCP',92844999976,310009,10,NULL,NULL);
INSERT INTO balances VALUES('mn6q3dS2EnDUx3bmyWc6D4szJNVGtaR7zc','XCP',92844979976,310009,10,NULL,NULL);
INSERT INTO balances VALUES('mtQheFaSfWELRB2MyMBaiWjdDm6ux9Ezns','XCP',50000024,310009,10,NULL,NULL);
INSERT INTO balances VALUES('mn6q3dS2EnDUx3bmyWc6D4szJNVGtaR7zc','XCP',92844559176,310010,11,NULL,NULL);
INSERT INTO balances VALUES('mn6q3dS2EnDUx3bmyWc6D4szJNVGtaR7zc','XCP',92844539176,310010,11,NULL,NULL);
INSERT INTO balances VALUES('mtQheFaSfWELRB2MyMBaiWjdDm6ux9Ezns','XCP',50420824,310010,11,NULL,NULL);
INSERT INTO balances VALUES('mn6q3dS2EnDUx3bmyWc6D4szJNVGtaR7zc','XCP',92794539176,310012,13,NULL,NULL);
INSERT INTO balances VALUES('mn6q3dS2EnDUx3bmyWc6D4szJNVGtaR7zc','XCP',92769539176,310013,14,NULL,NULL);
INSERT INTO balances VALUES('mn6q3dS2EnDUx3bmyWc6D4szJNVGtaR7zc','XCP',92773789176,310013,14,NULL,NULL);
INSERT INTO balances VALUES('mn6q3dS2EnDUx3bmyWc6D4szJNVGtaR7zc','XCP',92778789176,310014,0,NULL,NULL);
INSERT INTO balances VALUES('mn6q3dS2EnDUx3bmyWc6D4szJNVGtaR7zc','XCP',92628789176,310014,15,NULL,NULL);
INSERT INTO balances VALUES('mn6q3dS2EnDUx3bmyWc6D4szJNVGtaR7zc','XCP',92278789176,310015,16,NULL,NULL);
INSERT INTO balances VALUES('mn6q3dS2EnDUx3bmyWc6D4szJNVGtaR7zc','XCP',92278789176,310015,16,NULL,NULL);
INSERT INTO balances VALUES('mn6q3dS2EnDUx3bmyWc6D4szJNVGtaR7zc','XCP',92278789176,310015,16,NULL,NULL);
INSERT INTO balances VALUES('mn6q3dS2EnDUx3bmyWc6D4szJNVGtaR7zc','XCP',91528789176,310016,17,NULL,NULL);
INSERT INTO balances VALUES('mn6q3dS2EnDUx3bmyWc6D4szJNVGtaR7zc','XCP',90878789176,310017,18,NULL,NULL);
INSERT INTO balances VALUES('mn6q3dS2EnDUx3bmyWc6D4szJNVGtaR7zc','XCP',90878789176,310017,18,NULL,NULL);
INSERT INTO balances VALUES('mn6q3dS2EnDUx3bmyWc6D4szJNVGtaR7zc','XCP',90878789176,310017,18,NULL,NULL);
INSERT INTO balances VALUES('mn6q3dS2EnDUx3bmyWc6D4szJNVGtaR7zc','XCP',90937926676,310018,19,NULL,NULL);
INSERT INTO balances VALUES('mn6q3dS2EnDUx3bmyWc6D4szJNVGtaR7zc','XCP',90941039176,310018,19,NULL,NULL);
INSERT INTO balances VALUES('mn6q3dS2EnDUx3bmyWc6D4szJNVGtaR7zc','XCP',91100339176,310019,20,NULL,NULL);
INSERT INTO balances VALUES('mn6q3dS2EnDUx3bmyWc6D4szJNVGtaR7zc','XCP',91416039176,310019,20,NULL,NULL);
INSERT INTO balances VALUES('mn6q3dS2EnDUx3bmyWc6D4szJNVGtaR7zc','XCP',91441039176,310019,20,NULL,NULL);
INSERT INTO balances VALUES('mn6q3dS2EnDUx3bmyWc6D4szJNVGtaR7zc','XCP',92771039176,310020,21,NULL,NULL);
INSERT INTO balances VALUES('mn6q3dS2EnDUx3bmyWc6D4szJNVGtaR7zc','XCP',92841039176,310020,21,NULL,NULL);
INSERT INTO balances VALUES('mn6q3dS2EnDUx3bmyWc6D4szJNVGtaR7zc','BBBB',946000000,310021,22,NULL,NULL);
INSERT INTO balances VALUES('mn6q3dS2EnDUx3bmyWc6D4szJNVGtaR7zc','XCP',149840926438,310022,23,NULL,NULL);
INSERT INTO balances VALUES('mn6q3dS2EnDUx3bmyWc6D4szJNVGtaR7zc','XCP',149849426438,310023,0,NULL,NULL);
INSERT INTO balances VALUES('mn6q3dS2EnDUx3bmyWc6D4szJNVGtaR7zc','BBBC',89474,310023,24,NULL,NULL);
INSERT INTO balances VALUES('mtQheFaSfWELRB2MyMBaiWjdDm6ux9Ezns','BBBC',10526,310023,24,NULL,NULL);
INSERT INTO balances VALUES('mn6q3dS2EnDUx3bmyWc6D4szJNVGtaR7zc','BBBB',996000000,310032,0,NULL,NULL);
-- Triggers and indices on  balances
CREATE INDEX balances_address_asset_idx ON balances (address, asset)
        ;
CREATE INDEX balances_address_utxo_asset_idx ON balances (address, utxo, asset)
        ;
CREATE INDEX balances_asset_idx ON balances (asset)
        ;
CREATE INDEX balances_block_index_idx ON balances (block_index)
        ;
CREATE INDEX balances_quantity_idx ON balances (quantity)
        ;
CREATE INDEX balances_utxo_address_idx ON balances (utxo_address)
        ;
CREATE INDEX balances_utxo_asset_idx ON balances (utxo, asset)
        ;
CREATE TRIGGER block_update_balances
            BEFORE UPDATE ON balances BEGIN
                SELECT RAISE(FAIL, "UPDATES NOT ALLOWED");
            END;

COMMIT TRANSACTION;
PRAGMA page_size=4096;
-- PRAGMA encoding='UTF-8';
-- PRAGMA auto_vacuum=FULL;
-- PRAGMA max_page_count=4294967294;

BEGIN TRANSACTION;

-- Table  credits
DROP TABLE IF EXISTS credits;
CREATE TABLE credits(
                      block_index INTEGER,
                      address TEXT,
                      asset TEXT,
                      quantity INTEGER,
                      calling_function TEXT,
                      event TEXT, tx_index INTEGER, utxo TEXT, utxo_address TEXT,
                      FOREIGN KEY (block_index) REFERENCES blocks(block_index));
INSERT INTO credits VALUES(310000,'mn6q3dS2EnDUx3bmyWc6D4szJNVGtaR7zc','XCP',93000000000,'burn','b37d91f0a3451e89035a780c7f0e84ed135d4dd4cd39227cda35ac6da0d3f10e',1,NULL,NULL);
INSERT INTO credits VALUES(310001,'mtQheFaSfWELRB2MyMBaiWjdDm6ux9Ezns','XCP',50000000,'send','7eee08f923f9781a5de58d0b699d8cc7845dfe943ac7a8233e2ef6f405d01187',2,NULL,NULL);
INSERT INTO credits VALUES(310004,'mn6q3dS2EnDUx3bmyWc6D4szJNVGtaR7zc','XCP',100000000,'btcpay','3a935e00a9e28bd722eb053be8cf20d256e0d04b5f6d101920d4984574eba026',5,NULL,NULL);
INSERT INTO credits VALUES(310005,'mn6q3dS2EnDUx3bmyWc6D4szJNVGtaR7zc','BBBB',1000000000,'issuance','cb6f7cdcb1309c82cdcd03b017b1fe1823a7757a9db871c14fbc1678672a5263',6,NULL,NULL);
INSERT INTO credits VALUES(310006,'mn6q3dS2EnDUx3bmyWc6D4szJNVGtaR7zc','BBBC',100000,'issuance','11437e87f173ab32015a2d9831255435de19d7228e196b803a87ae6120dfb057',7,NULL,NULL);
INSERT INTO credits VALUES(310007,'mtQheFaSfWELRB2MyMBaiWjdDm6ux9Ezns','BBBB',4000000,'send','674fffed0250afa55a85844959ed7545bc27f15c67a51fd215ac27f682c350d9',8,NULL,NULL);
INSERT INTO credits VALUES(310008,'mtQheFaSfWELRB2MyMBaiWjdDm6ux9Ezns','BBBC',526,'send','954cd50d4cb0977da58976a4e3ee7b67b8dd4ada597a8b079037ccfb6502967b',9,NULL,NULL);
INSERT INTO credits VALUES(310009,'mtQheFaSfWELRB2MyMBaiWjdDm6ux9Ezns','XCP',24,'dividend','7b8bdac8da6a08b4db92b46c59ee8e5c2fd5d6c600f4d1576f7edc13c65d3578',10,NULL,NULL);
INSERT INTO credits VALUES(310010,'mtQheFaSfWELRB2MyMBaiWjdDm6ux9Ezns','XCP',420800,'dividend','e36dbc52abaffa262d214acec2f04ca8a434144a50a42f79795a34228ef84005',11,NULL,NULL);
INSERT INTO credits VALUES(310013,'mn6q3dS2EnDUx3bmyWc6D4szJNVGtaR7zc','XCP',4250000,'filled','36b3a6a2dcdcaeec9ad25443e03395c109fa10a27e10e0436cf7feb51836306e',14,NULL,NULL);
INSERT INTO credits VALUES(310014,'mn6q3dS2EnDUx3bmyWc6D4szJNVGtaR7zc','XCP',5000000,'cancel order','4433dfcde6e34bbe07bf8ae00c26556f8e3e07b6d8a290fc1d7ba63f07a7bb15',0,NULL,NULL);
INSERT INTO credits VALUES(310015,'mn6q3dS2EnDUx3bmyWc6D4szJNVGtaR7zc','XCP',0,'filled','ba2f85d2051649ce6a0835825c70f89ae179ec147362ddecbc4dcdb9f5b3caf2',16,NULL,NULL);
INSERT INTO credits VALUES(310015,'mn6q3dS2EnDUx3bmyWc6D4szJNVGtaR7zc','XCP',0,'filled','ba2f85d2051649ce6a0835825c70f89ae179ec147362ddecbc4dcdb9f5b3caf2',16,NULL,NULL);
INSERT INTO credits VALUES(310017,'mn6q3dS2EnDUx3bmyWc6D4szJNVGtaR7zc','XCP',0,'filled','f206f68fcbfdb79939f6bb9932fd5413b00a9590f6b1616a335802e6c62cedbd',18,NULL,NULL);
INSERT INTO credits VALUES(310017,'mn6q3dS2EnDUx3bmyWc6D4szJNVGtaR7zc','XCP',0,'filled','f206f68fcbfdb79939f6bb9932fd5413b00a9590f6b1616a335802e6c62cedbd',18,NULL,NULL);
INSERT INTO credits VALUES(310018,'mn6q3dS2EnDUx3bmyWc6D4szJNVGtaR7zc','XCP',59137500,'bet settled: liquidated for bear','db19d01045220ed625e816d7741bbe3c54f4ed5fbffbe2f89c2cca4be94bfb42',19,NULL,NULL);
INSERT INTO credits VALUES(310018,'mn6q3dS2EnDUx3bmyWc6D4szJNVGtaR7zc','XCP',3112500,'feed fee','db19d01045220ed625e816d7741bbe3c54f4ed5fbffbe2f89c2cca4be94bfb42',19,NULL,NULL);
INSERT INTO credits VALUES(310019,'mn6q3dS2EnDUx3bmyWc6D4szJNVGtaR7zc','XCP',159300000,'bet settled','859eeb1cb8607ad1d3f4580977ba489371385a5b0e69b657aba22eee671781b4',20,NULL,NULL);
INSERT INTO credits VALUES(310019,'mn6q3dS2EnDUx3bmyWc6D4szJNVGtaR7zc','XCP',315700000,'bet settled','859eeb1cb8607ad1d3f4580977ba489371385a5b0e69b657aba22eee671781b4',20,NULL,NULL);
INSERT INTO credits VALUES(310019,'mn6q3dS2EnDUx3bmyWc6D4szJNVGtaR7zc','XCP',25000000,'feed fee','859eeb1cb8607ad1d3f4580977ba489371385a5b0e69b657aba22eee671781b4',20,NULL,NULL);
INSERT INTO credits VALUES(310020,'mn6q3dS2EnDUx3bmyWc6D4szJNVGtaR7zc','XCP',1330000000,'bet settled: for notequal','2ef530a785f2b27c6a072cfd29d9264f57c43519a7ea6dbc99e95dad43dd5877',21,NULL,NULL);
INSERT INTO credits VALUES(310020,'mn6q3dS2EnDUx3bmyWc6D4szJNVGtaR7zc','XCP',70000000,'feed fee','2ef530a785f2b27c6a072cfd29d9264f57c43519a7ea6dbc99e95dad43dd5877',21,NULL,NULL);
INSERT INTO credits VALUES(310022,'mn6q3dS2EnDUx3bmyWc6D4szJNVGtaR7zc','XCP',56999887262,'burn','77d4da76d66b220298ce985c0bd9e5835e359d10ddb6c03b9d3bef27ee077559',23,NULL,NULL);
INSERT INTO credits VALUES(310023,'mn6q3dS2EnDUx3bmyWc6D4szJNVGtaR7zc','XCP',8500000,'recredit wager remaining','4c983a7fab208a12497cd705c73fb136c6e2cf5d6fbcab4486aa591dd3ef5e0c',0,NULL,NULL);
INSERT INTO credits VALUES(310023,'mtQheFaSfWELRB2MyMBaiWjdDm6ux9Ezns','BBBC',10000,'send','fff4861a55ca1cd8d615966a9d5ff49cd7eec6dd40b652ce8b9d3b26b55c19b7',24,NULL,NULL);
INSERT INTO credits VALUES(310032,'mn6q3dS2EnDUx3bmyWc6D4szJNVGtaR7zc','BBBB',50000000,'cancel order','fa0a06be464e47e29a9c635a718a46aca07f80a05f4ae1f3dc18391fc5b81004',0,NULL,NULL);
-- Triggers and indices on  credits
CREATE TRIGGER block_update_credits
            BEFORE UPDATE ON credits BEGIN
                SELECT RAISE(FAIL, "UPDATES NOT ALLOWED");
            END;
CREATE INDEX credits_address_idx ON credits (address)
        ;
CREATE INDEX credits_asset_idx ON credits (asset)
        ;
CREATE INDEX credits_block_index_idx ON credits (block_index)
        ;
CREATE INDEX credits_calling_function_idx ON credits (calling_function)
        ;
CREATE INDEX credits_event_idx ON credits (event)
        ;
CREATE INDEX credits_quantity_idx ON credits (quantity)
        ;
CREATE INDEX credits_utxo_address_idx ON credits (utxo_address)
        ;
CREATE INDEX credits_utxo_idx ON credits (utxo)
        ;

COMMIT TRANSACTION;
PRAGMA page_size=4096;
-- PRAGMA encoding='UTF-8';
-- PRAGMA auto_vacuum=FULL;
-- PRAGMA max_page_count=4294967294;

BEGIN TRANSACTION;

-- Table  debits
DROP TABLE IF EXISTS debits;
CREATE TABLE debits(
                      block_index INTEGER,
                      address TEXT,
                      asset TEXT,
                      quantity INTEGER,
                      action TEXT,
                      event TEXT, tx_index INTEGER, utxo TEXT, utxo_address TEXT,
                      FOREIGN KEY (block_index) REFERENCES blocks(block_index));
INSERT INTO debits VALUES(310001,'mn6q3dS2EnDUx3bmyWc6D4szJNVGtaR7zc','XCP',50000000,'send','7eee08f923f9781a5de58d0b699d8cc7845dfe943ac7a8233e2ef6f405d01187',2,NULL,NULL);
INSERT INTO debits VALUES(310003,'mn6q3dS2EnDUx3bmyWc6D4szJNVGtaR7zc','XCP',105000000,'open order','4433dfcde6e34bbe07bf8ae00c26556f8e3e07b6d8a290fc1d7ba63f07a7bb15',4,NULL,NULL);
INSERT INTO debits VALUES(310005,'mn6q3dS2EnDUx3bmyWc6D4szJNVGtaR7zc','XCP',50000000,'issuance fee','cb6f7cdcb1309c82cdcd03b017b1fe1823a7757a9db871c14fbc1678672a5263',6,NULL,NULL);
INSERT INTO debits VALUES(310006,'mn6q3dS2EnDUx3bmyWc6D4szJNVGtaR7zc','XCP',50000000,'issuance fee','11437e87f173ab32015a2d9831255435de19d7228e196b803a87ae6120dfb057',7,NULL,NULL);
INSERT INTO debits VALUES(310007,'mn6q3dS2EnDUx3bmyWc6D4szJNVGtaR7zc','BBBB',4000000,'send','674fffed0250afa55a85844959ed7545bc27f15c67a51fd215ac27f682c350d9',8,NULL,NULL);
INSERT INTO debits VALUES(310008,'mn6q3dS2EnDUx3bmyWc6D4szJNVGtaR7zc','BBBC',526,'send','954cd50d4cb0977da58976a4e3ee7b67b8dd4ada597a8b079037ccfb6502967b',9,NULL,NULL);
INSERT INTO debits VALUES(310009,'mn6q3dS2EnDUx3bmyWc6D4szJNVGtaR7zc','XCP',24,'dividend','7b8bdac8da6a08b4db92b46c59ee8e5c2fd5d6c600f4d1576f7edc13c65d3578',10,NULL,NULL);
INSERT INTO debits VALUES(310009,'mn6q3dS2EnDUx3bmyWc6D4szJNVGtaR7zc','XCP',20000,'dividend fee','7b8bdac8da6a08b4db92b46c59ee8e5c2fd5d6c600f4d1576f7edc13c65d3578',10,NULL,NULL);
INSERT INTO debits VALUES(310010,'mn6q3dS2EnDUx3bmyWc6D4szJNVGtaR7zc','XCP',420800,'dividend','e36dbc52abaffa262d214acec2f04ca8a434144a50a42f79795a34228ef84005',11,NULL,NULL);
INSERT INTO debits VALUES(310010,'mn6q3dS2EnDUx3bmyWc6D4szJNVGtaR7zc','XCP',20000,'dividend fee','e36dbc52abaffa262d214acec2f04ca8a434144a50a42f79795a34228ef84005',11,NULL,NULL);
INSERT INTO debits VALUES(310012,'mn6q3dS2EnDUx3bmyWc6D4szJNVGtaR7zc','XCP',50000000,'bet','4c983a7fab208a12497cd705c73fb136c6e2cf5d6fbcab4486aa591dd3ef5e0c',13,NULL,NULL);
INSERT INTO debits VALUES(310013,'mn6q3dS2EnDUx3bmyWc6D4szJNVGtaR7zc','XCP',25000000,'bet','36b3a6a2dcdcaeec9ad25443e03395c109fa10a27e10e0436cf7feb51836306e',14,NULL,NULL);
INSERT INTO debits VALUES(310014,'mn6q3dS2EnDUx3bmyWc6D4szJNVGtaR7zc','XCP',150000000,'bet','66e7001c9849c9df61cadb460f078cb69f239bf6c19e428a4b4431f58e1e53f1',15,NULL,NULL);
INSERT INTO debits VALUES(310015,'mn6q3dS2EnDUx3bmyWc6D4szJNVGtaR7zc','XCP',350000000,'bet','ba2f85d2051649ce6a0835825c70f89ae179ec147362ddecbc4dcdb9f5b3caf2',16,NULL,NULL);
INSERT INTO debits VALUES(310016,'mn6q3dS2EnDUx3bmyWc6D4szJNVGtaR7zc','XCP',750000000,'bet','318fe271074109954e35ca005f999ab3585cd5aea24afc7bcfcac46003f4dee9',17,NULL,NULL);
INSERT INTO debits VALUES(310017,'mn6q3dS2EnDUx3bmyWc6D4szJNVGtaR7zc','XCP',650000000,'bet','f206f68fcbfdb79939f6bb9932fd5413b00a9590f6b1616a335802e6c62cedbd',18,NULL,NULL);
INSERT INTO debits VALUES(310021,'mn6q3dS2EnDUx3bmyWc6D4szJNVGtaR7zc','BBBB',50000000,'open order','fa0a06be464e47e29a9c635a718a46aca07f80a05f4ae1f3dc18391fc5b81004',22,NULL,NULL);
INSERT INTO debits VALUES(310023,'mn6q3dS2EnDUx3bmyWc6D4szJNVGtaR7zc','BBBC',10000,'send','fff4861a55ca1cd8d615966a9d5ff49cd7eec6dd40b652ce8b9d3b26b55c19b7',24,NULL,NULL);
-- Triggers and indices on  debits
CREATE TRIGGER block_update_debits
            BEFORE UPDATE ON debits BEGIN
                SELECT RAISE(FAIL, "UPDATES NOT ALLOWED");
            END;
CREATE INDEX debits_action_idx ON debits (action)
        ;
CREATE INDEX debits_address_idx ON debits (address)
        ;
CREATE INDEX debits_asset_idx ON debits (asset)
        ;
CREATE INDEX debits_block_index_idx ON debits (block_index)
        ;
CREATE INDEX debits_event_idx ON debits (event)
        ;
CREATE INDEX debits_quantity_idx ON debits (quantity)
        ;
CREATE INDEX debits_utxo_address_idx ON debits (utxo_address)
        ;
CREATE INDEX debits_utxo_idx ON debits (utxo)
        ;

COMMIT TRANSACTION;
PRAGMA page_size=4096;
-- PRAGMA encoding='UTF-8';
-- PRAGMA auto_vacuum=FULL;
-- PRAGMA max_page_count=4294967294;

BEGIN TRANSACTION;

-- Table  messages
DROP TABLE IF EXISTS messages;
CREATE TABLE messages(
                      message_index INTEGER PRIMARY KEY,
                      block_index INTEGER,
                      command TEXT,
                      category TEXT,
                      bindings TEXT,
                      timestamp INTEGER,
                      event TEXT,
                      tx_hash TEXT,
                      event_hash TEXT);
INSERT INTO messages VALUES(0,309999,'insert','blocks','{"block_hash":"8b3bef249cb3b0fa23a4936c1249b6bd41daeadc848c8d2e409ea1cbc10adfe7","block_index":309999,"block_time":309999000,"difficulty":null,"ledger_hash":null,"previous_block_hash":null,"txlist_hash":null}',0,'NEW_BLOCK',NULL,'965f19c821dfa5b0ce29c0b99a18a7d2b1c5f70439e4d44627b946c5ac479db9');
INSERT INTO messages VALUES(1,309999,'parse','blocks','{"block_index":309999,"ledger_hash":"63f0fef31d02da85fa779e9a0e1b585b1a6a4e59e14564249e288e074e91c223","messages_hash":"63f0fef31d02da85fa779e9a0e1b585b1a6a4e59e14564249e288e074e91c223","transaction_count":0,"txlist_hash":"63f0fef31d02da85fa779e9a0e1b585b1a6a4e59e14564249e288e074e91c223"}',0,'BLOCK_PARSED',NULL,'640080d2cb6d2e2a1c1d99da104f34aa7632774837b4090fb36fadb2a306d2a0');
INSERT INTO messages VALUES(2,310000,'insert','blocks','{"block_hash":"505d8d82c4ced7daddef7ed0b05ba12ecc664176887b938ef56c6af276f3b30c","block_index":310000,"block_time":310000000,"difficulty":null,"ledger_hash":null,"previous_block_hash":null,"txlist_hash":null}',0,'NEW_BLOCK',NULL,'4e92402478a1ae3c97bae88f2b0dc960fc81385c88cd9b273ca0b74a0993c1b5');
INSERT INTO messages VALUES(3,310000,'insert','transactions','{"block_hash":"505d8d82c4ced7daddef7ed0b05ba12ecc664176887b938ef56c6af276f3b30c","block_index":310000,"block_time":310000000,"btc_amount":62000000,"data":"","destination":"mvCounterpartyXXXXXXXXXXXXXXW24Hef","fee":678,"source":"mn6q3dS2EnDUx3bmyWc6D4szJNVGtaR7zc","supported":true,"tx_hash":"b37d91f0a3451e89035a780c7f0e84ed135d4dd4cd39227cda35ac6da0d3f10e","tx_index":1,"utxos_info":" bb63974365ff2a47e7e60de246784a270a9de244c7f8ebd4dd79d07dab1cbaeb:0 2 "}',0,'NEW_TRANSACTION',NULL,'7415da853b33767a6cba9c2709442e0c95e2cf3911e88b6094f0cca4694821da');
INSERT INTO messages VALUES(4,310000,'insert','credits','{"address":"mn6q3dS2EnDUx3bmyWc6D4szJNVGtaR7zc","asset":"XCP","block_index":310000,"calling_function":"burn","event":"b37d91f0a3451e89035a780c7f0e84ed135d4dd4cd39227cda35ac6da0d3f10e","quantity":93000000000,"tx_index":1,"utxo":null,"utxo_address":null}',0,'CREDIT','b37d91f0a3451e89035a780c7f0e84ed135d4dd4cd39227cda35ac6da0d3f10e','833a988a1e4efc1f6919d2f929fc5119802858337be6f23a5b28949c139d42bd');
INSERT INTO messages VALUES(5,310000,'insert','burns','{"block_index":310000,"burned":62000000,"earned":93000000000,"source":"mn6q3dS2EnDUx3bmyWc6D4szJNVGtaR7zc","status":"valid","tx_hash":"b37d91f0a3451e89035a780c7f0e84ed135d4dd4cd39227cda35ac6da0d3f10e","tx_index":1}',0,'BURN','b37d91f0a3451e89035a780c7f0e84ed135d4dd4cd39227cda35ac6da0d3f10e','6074e1fd98def72a341cfb7891a6580530ed4112de810934d04005ae6139c7e5');
INSERT INTO messages VALUES(6,310000,'parse','transactions','{"supported":true,"tx_hash":"b37d91f0a3451e89035a780c7f0e84ed135d4dd4cd39227cda35ac6da0d3f10e","tx_index":1}',0,'TRANSACTION_PARSED','b37d91f0a3451e89035a780c7f0e84ed135d4dd4cd39227cda35ac6da0d3f10e','c9f09bb596f5e4b0928913e9113eda30b71cce9251d2ba69fb68ba95e7bb0baf');
INSERT INTO messages VALUES(7,310000,'parse','blocks','{"block_index":310000,"ledger_hash":"cf0ea1d313e22ba5f413075b88e07dffc5c00e59f95eeb6d6dec935bd77f5ae4","messages_hash":"53f101c53bb704c0da32643ce3b8f56b8d99f650488e300b721620ad3f860471","transaction_count":1,"txlist_hash":"126bb8ce66f55bcf82b60e152ce866255b80cfcaf453e9e8bd3d275c88a11798"}',0,'BLOCK_PARSED',NULL,'70d5d25a52b34fe06922146ba904c8e098c36412430e4e0c2aaedeea2e28cf60');
INSERT INTO messages VALUES(8,310001,'insert','blocks','{"block_hash":"3c9f6a9c6cac46a9273bd3db39ad775acd5bc546378ec2fb0587e06e112cc78e","block_index":310001,"block_time":310001000,"difficulty":null,"ledger_hash":null,"previous_block_hash":null,"txlist_hash":null}',0,'NEW_BLOCK',NULL,'b5a54ee216e98975d66975d31c7731750f88d6d4ae41e1f2235d51888615529f');
INSERT INTO messages VALUES(9,310001,'insert','transactions','{"block_hash":"3c9f6a9c6cac46a9273bd3db39ad775acd5bc546378ec2fb0587e06e112cc78e","block_index":310001,"block_time":310001000,"btc_amount":5430,"data":"0000000000000000000000010000000002faf080","destination":"mtQheFaSfWELRB2MyMBaiWjdDm6ux9Ezns","fee":1320,"source":"mn6q3dS2EnDUx3bmyWc6D4szJNVGtaR7zc","supported":true,"tx_hash":"7eee08f923f9781a5de58d0b699d8cc7845dfe943ac7a8233e2ef6f405d01187","tx_index":2,"utxos_info":" 0e8fd9b3ec1e82c80763415c720cc4e6778b6b39a335d5e94a51b012703b7b81:0 3 "}',0,'NEW_TRANSACTION',NULL,'d0d8683f1a2f083c65b72fbdd9a1eb3dfb7c3eef8db13afee3352149d25e4025');
INSERT INTO messages VALUES(10,310001,'insert','debits','{"action":"send","address":"mn6q3dS2EnDUx3bmyWc6D4szJNVGtaR7zc","asset":"XCP","block_index":310001,"event":"7eee08f923f9781a5de58d0b699d8cc7845dfe943ac7a8233e2ef6f405d01187","quantity":50000000,"tx_index":2,"utxo":null,"utxo_address":null}',0,'DEBIT','7eee08f923f9781a5de58d0b699d8cc7845dfe943ac7a8233e2ef6f405d01187','35b306b8a52ae0b0028c80facc1cecca3086303d64e8ac1bd1f1a3338fd560cf');
INSERT INTO messages VALUES(11,310001,'insert','credits','{"address":"mtQheFaSfWELRB2MyMBaiWjdDm6ux9Ezns","asset":"XCP","block_index":310001,"calling_function":"send","event":"7eee08f923f9781a5de58d0b699d8cc7845dfe943ac7a8233e2ef6f405d01187","quantity":50000000,"tx_index":2,"utxo":null,"utxo_address":null}',0,'CREDIT','7eee08f923f9781a5de58d0b699d8cc7845dfe943ac7a8233e2ef6f405d01187','01d8e3cd02d6fe6c27b1a96ee1f54c5a18075854e14a0ee07be4236e9508c764');
INSERT INTO messages VALUES(12,310001,'insert','sends','{"asset":"XCP","block_index":310001,"destination":"mtQheFaSfWELRB2MyMBaiWjdDm6ux9Ezns","msg_index":0,"quantity":50000000,"send_type":"send","source":"mn6q3dS2EnDUx3bmyWc6D4szJNVGtaR7zc","status":"valid","tx_hash":"7eee08f923f9781a5de58d0b699d8cc7845dfe943ac7a8233e2ef6f405d01187","tx_index":2}',0,'SEND','7eee08f923f9781a5de58d0b699d8cc7845dfe943ac7a8233e2ef6f405d01187','54649f2dc13e4837668e0d795becfa6c4624fa4ca006cde1733e3eb3c359716e');
INSERT INTO messages VALUES(13,310001,'parse','transactions','{"supported":true,"tx_hash":"7eee08f923f9781a5de58d0b699d8cc7845dfe943ac7a8233e2ef6f405d01187","tx_index":2}',0,'TRANSACTION_PARSED','7eee08f923f9781a5de58d0b699d8cc7845dfe943ac7a8233e2ef6f405d01187','8910f4248d931ac845415a69ad2930063d1aa7f2c131243de2ea13f84cb81bf4');
INSERT INTO messages VALUES(14,310001,'parse','blocks','{"block_index":310001,"ledger_hash":"bdf1308701712d94da26f53fef4c440ea2fb7b0ef7361f424ba9263e747272bd","messages_hash":"170cb16609b85ffcf229232cac1f21392b2f447622d7cb716f00014200983b2f","transaction_count":1,"txlist_hash":"af80b1041d3462c3c34542864423b9e930b4be91451b64109a1aedf3bf2e1613"}',0,'BLOCK_PARSED',NULL,'bca89ccb785b57a17362a2c4ff52faed807793869e1b05fee62cfba3bc581bb7');
INSERT INTO messages VALUES(15,310002,'insert','blocks','{"block_hash":"fbb60f1144e1f7d4dc036a4a158a10ea6dea2ba6283a723342a49b8eb5cc9964","block_index":310002,"block_time":310002000,"difficulty":null,"ledger_hash":null,"previous_block_hash":null,"txlist_hash":null}',0,'NEW_BLOCK',NULL,'fe8e61b5f2871d7eb482ab159a871189fb15b2cb2a8f34cbf792be4f047f69f4');
INSERT INTO messages VALUES(16,310002,'insert','transactions','{"block_hash":"fbb60f1144e1f7d4dc036a4a158a10ea6dea2ba6283a723342a49b8eb5cc9964","block_index":310002,"block_time":310002000,"btc_amount":0,"data":"0000000a00000000000000000000000002faf08000000000000000010000000005f5e100000a0000000000000000","destination":"","fee":1000000,"source":"mn6q3dS2EnDUx3bmyWc6D4szJNVGtaR7zc","supported":true,"tx_hash":"b0f0182d8ab4340522ceb7dc780683d9061f252ecc1123b14215e82ee6ff8675","tx_index":3,"utxos_info":" e9f28a3be730bd8edefdff0b670fe8f3121650c1068316322ca964426c7be7e5:0 2 "}',0,'NEW_TRANSACTION',NULL,'96351e34d150ad9d155cec92e601b73cbf36e7dbd894a949f2bfd48dfac8f24a');
INSERT INTO messages VALUES(17,310002,'insert','orders','{"block_index":310002,"expiration":10,"expire_index":310012,"fee_provided":1000000,"fee_provided_remaining":1000000,"fee_required":0,"fee_required_remaining":0,"get_asset":"XCP","get_quantity":100000000,"get_remaining":100000000,"give_asset":"BTC","give_quantity":50000000,"give_remaining":50000000,"source":"mn6q3dS2EnDUx3bmyWc6D4szJNVGtaR7zc","status":"open","tx_hash":"b0f0182d8ab4340522ceb7dc780683d9061f252ecc1123b14215e82ee6ff8675","tx_index":3}',0,'OPEN_ORDER','b0f0182d8ab4340522ceb7dc780683d9061f252ecc1123b14215e82ee6ff8675','5f628921443b2f16ae153c2a281291fe69a2e448380b0eea3a4eeaa44347f81e');
INSERT INTO messages VALUES(18,310002,'parse','transactions','{"supported":true,"tx_hash":"b0f0182d8ab4340522ceb7dc780683d9061f252ecc1123b14215e82ee6ff8675","tx_index":3}',0,'TRANSACTION_PARSED','b0f0182d8ab4340522ceb7dc780683d9061f252ecc1123b14215e82ee6ff8675','9da3a23d1839565b5362e5cc42045564b9c688acc9e6a39d7f383a4ac7ee77b3');
INSERT INTO messages VALUES(19,310002,'parse','blocks','{"block_index":310002,"ledger_hash":"cf830f949715ebeac09d4441878f60ac04d691c09d6c25c62a0d30fb5886cba9","messages_hash":"645dd351f6ef6d230eb81c34e9cdeb5e439ded4cfba9db5f476c51f492d64f88","transaction_count":1,"txlist_hash":"ee5236b81177778d6891d9c57b0e31befa8091ddc05361936576eab1e0359c68"}',0,'BLOCK_PARSED',NULL,'0cfd8bb43b31f1ac38f2dcf1db83c8e91d8a4bee9d5985e6bb7a28533ef8eb11');
INSERT INTO messages VALUES(20,310003,'insert','blocks','{"block_hash":"d50825dcb32bcf6f69994d616eba18de7718d3d859497e80751b2cb67e333e8a","block_index":310003,"block_time":310003000,"difficulty":null,"ledger_hash":null,"previous_block_hash":null,"txlist_hash":null}',0,'NEW_BLOCK',NULL,'315070b78b35e8702e647b8474a9b73ce57a2c9c9a73bd0bcbccd2e04acac761');
INSERT INTO messages VALUES(21,310003,'insert','transactions','{"block_hash":"d50825dcb32bcf6f69994d616eba18de7718d3d859497e80751b2cb67e333e8a","block_index":310003,"block_time":310003000,"btc_amount":0,"data":"0000000a00000000000000010000000006422c4000000000000000000000000002faf080000a00000000000dbba0","destination":"","fee":1260,"source":"mn6q3dS2EnDUx3bmyWc6D4szJNVGtaR7zc","supported":true,"tx_hash":"4433dfcde6e34bbe07bf8ae00c26556f8e3e07b6d8a290fc1d7ba63f07a7bb15","tx_index":4,"utxos_info":" de26d81e13b3a57e5cef4ea34812745d37cca1f5fa4642c141cd1954befe1b31:0 2 "}',0,'NEW_TRANSACTION',NULL,'17df40ca9e78c95c71cd199eccd8a07c0db621099757a4fdda5cc7418d29b15d');
INSERT INTO messages VALUES(22,310003,'insert','debits','{"action":"open order","address":"mn6q3dS2EnDUx3bmyWc6D4szJNVGtaR7zc","asset":"XCP","block_index":310003,"event":"4433dfcde6e34bbe07bf8ae00c26556f8e3e07b6d8a290fc1d7ba63f07a7bb15","quantity":105000000,"tx_index":4,"utxo":null,"utxo_address":null}',0,'DEBIT','4433dfcde6e34bbe07bf8ae00c26556f8e3e07b6d8a290fc1d7ba63f07a7bb15','157291d8ad09b02b3f88889948a84e91699677018da7c4ad718a8927c4b6e9c2');
INSERT INTO messages VALUES(23,310003,'insert','orders','{"block_index":310003,"expiration":10,"expire_index":310013,"fee_provided":1260,"fee_provided_remaining":1260,"fee_required":900000,"fee_required_remaining":900000,"get_asset":"BTC","get_quantity":50000000,"get_remaining":50000000,"give_asset":"XCP","give_quantity":105000000,"give_remaining":105000000,"source":"mn6q3dS2EnDUx3bmyWc6D4szJNVGtaR7zc","status":"open","tx_hash":"4433dfcde6e34bbe07bf8ae00c26556f8e3e07b6d8a290fc1d7ba63f07a7bb15","tx_index":4}',0,'OPEN_ORDER','4433dfcde6e34bbe07bf8ae00c26556f8e3e07b6d8a290fc1d7ba63f07a7bb15','e044b8a52c0433f1f5a2b266a66ba54a5c068c203faf99f2e38f08a15550980e');
INSERT INTO messages VALUES(24,310003,'update','orders','{"fee_provided_remaining":142858,"fee_required_remaining":0,"get_remaining":0,"give_remaining":0,"status":"open","tx_hash":"b0f0182d8ab4340522ceb7dc780683d9061f252ecc1123b14215e82ee6ff8675"}',0,'ORDER_UPDATE','4433dfcde6e34bbe07bf8ae00c26556f8e3e07b6d8a290fc1d7ba63f07a7bb15','99ca2483e356720e125d0f775d7cbc1050dbb523320f39105842d6cf3da5c589');
INSERT INTO messages VALUES(25,310003,'update','orders','{"fee_provided_remaining":1260,"fee_required_remaining":42858,"get_remaining":0,"give_remaining":5000000,"status":"open","tx_hash":"4433dfcde6e34bbe07bf8ae00c26556f8e3e07b6d8a290fc1d7ba63f07a7bb15"}',0,'ORDER_UPDATE','4433dfcde6e34bbe07bf8ae00c26556f8e3e07b6d8a290fc1d7ba63f07a7bb15','f36d6b4ebf7c21cc12c06db5c4de5b1528bdaff60b27c599ff3ce5443d3eeb8e');
INSERT INTO messages VALUES(26,310003,'insert','order_matches','{"backward_asset":"XCP","backward_quantity":100000000,"block_index":310003,"fee_paid":857142,"forward_asset":"BTC","forward_quantity":50000000,"id":"b0f0182d8ab4340522ceb7dc780683d9061f252ecc1123b14215e82ee6ff8675_4433dfcde6e34bbe07bf8ae00c26556f8e3e07b6d8a290fc1d7ba63f07a7bb15","match_expire_index":310023,"status":"pending","tx0_address":"mn6q3dS2EnDUx3bmyWc6D4szJNVGtaR7zc","tx0_block_index":310002,"tx0_expiration":10,"tx0_hash":"b0f0182d8ab4340522ceb7dc780683d9061f252ecc1123b14215e82ee6ff8675","tx0_index":3,"tx1_address":"mn6q3dS2EnDUx3bmyWc6D4szJNVGtaR7zc","tx1_block_index":310003,"tx1_expiration":10,"tx1_hash":"4433dfcde6e34bbe07bf8ae00c26556f8e3e07b6d8a290fc1d7ba63f07a7bb15","tx1_index":4}',0,'ORDER_MATCH','4433dfcde6e34bbe07bf8ae00c26556f8e3e07b6d8a290fc1d7ba63f07a7bb15','f6fddc7d49ba370852526d1f62d5301f1a9cf550584c53276b0dc9744e7c1923');
INSERT INTO messages VALUES(27,310003,'parse','transactions','{"supported":true,"tx_hash":"4433dfcde6e34bbe07bf8ae00c26556f8e3e07b6d8a290fc1d7ba63f07a7bb15","tx_index":4}',0,'TRANSACTION_PARSED','4433dfcde6e34bbe07bf8ae00c26556f8e3e07b6d8a290fc1d7ba63f07a7bb15','28313466304374f9dbba9394b752f59c7aa3fca984e21c969f0d31f0881d3f31');
INSERT INTO messages VALUES(28,310003,'parse','blocks','{"block_index":310003,"ledger_hash":"e881a675a38c4649cd44e6406ddc494996c761671bc349dcdea1de430a84258d","messages_hash":"48d53789dcb58955bc8e8e6078ea033d615564b576bc657241ce2f6b876fdb3d","transaction_count":1,"txlist_hash":"a75d5567b7a76cd220eb5e6d9a469f683e0bb0279d0f59e63dbda1849b2d5c66"}',0,'BLOCK_PARSED',NULL,'ac7e59f0c893efba0d3bb8035902506b41b8529db061081e4b5a9cb922541569');
INSERT INTO messages VALUES(29,310004,'insert','blocks','{"block_hash":"60cdc0ac0e3121ceaa2c3885f21f5789f49992ffef6e6ff99f7da80e36744615","block_index":310004,"block_time":310004000,"difficulty":null,"ledger_hash":null,"previous_block_hash":null,"txlist_hash":null}',0,'NEW_BLOCK',NULL,'29d02a291cf6486af4c00c6a67037597595759d0fc896640a54e1fb7df5c53b4');
INSERT INTO messages VALUES(30,310004,'insert','transactions','{"block_hash":"60cdc0ac0e3121ceaa2c3885f21f5789f49992ffef6e6ff99f7da80e36744615","block_index":310004,"block_time":310004000,"btc_amount":50000000,"data":"0000000bb0f0182d8ab4340522ceb7dc780683d9061f252ecc1123b14215e82ee6ff86754433dfcde6e34bbe07bf8ae00c26556f8e3e07b6d8a290fc1d7ba63f07a7bb15","destination":"mn6q3dS2EnDUx3bmyWc6D4szJNVGtaR7zc","fee":2520,"source":"mn6q3dS2EnDUx3bmyWc6D4szJNVGtaR7zc","supported":true,"tx_hash":"3a935e00a9e28bd722eb053be8cf20d256e0d04b5f6d101920d4984574eba026","tx_index":5,"utxos_info":" d0fd90f65874f3c8a9ce6a51008b64af707094d78948142ebfc1f87b6a8a9126:0 4 "}',0,'NEW_TRANSACTION',NULL,'de0dd87772ae9625b2d9f25091299b9fa2067ab57d11796240bc2bb10404082f');
INSERT INTO messages VALUES(31,310004,'insert','credits','{"address":"mn6q3dS2EnDUx3bmyWc6D4szJNVGtaR7zc","asset":"XCP","block_index":310004,"calling_function":"btcpay","event":"3a935e00a9e28bd722eb053be8cf20d256e0d04b5f6d101920d4984574eba026","quantity":100000000,"tx_index":5,"utxo":null,"utxo_address":null}',0,'CREDIT','3a935e00a9e28bd722eb053be8cf20d256e0d04b5f6d101920d4984574eba026','201412fa48705c21310bb1d9647d66706090ead34eda880aafd92b6fdf266a90');
INSERT INTO messages VALUES(32,310004,'update','order_matches','{"id":"b0f0182d8ab4340522ceb7dc780683d9061f252ecc1123b14215e82ee6ff8675_4433dfcde6e34bbe07bf8ae00c26556f8e3e07b6d8a290fc1d7ba63f07a7bb15","order_match_id":"b0f0182d8ab4340522ceb7dc780683d9061f252ecc1123b14215e82ee6ff8675_4433dfcde6e34bbe07bf8ae00c26556f8e3e07b6d8a290fc1d7ba63f07a7bb15","status":"completed"}',0,'ORDER_MATCH_UPDATE','3a935e00a9e28bd722eb053be8cf20d256e0d04b5f6d101920d4984574eba026','a348f7395e3071f96e194b7a54ef4b627d83839cb625a5bfbb45be7e2b77dadf');
INSERT INTO messages VALUES(33,310004,'insert','btcpays','{"block_index":310004,"btc_amount":50000000,"destination":"mn6q3dS2EnDUx3bmyWc6D4szJNVGtaR7zc","order_match_id":"b0f0182d8ab4340522ceb7dc780683d9061f252ecc1123b14215e82ee6ff8675_4433dfcde6e34bbe07bf8ae00c26556f8e3e07b6d8a290fc1d7ba63f07a7bb15","source":"mn6q3dS2EnDUx3bmyWc6D4szJNVGtaR7zc","status":"valid","tx_hash":"3a935e00a9e28bd722eb053be8cf20d256e0d04b5f6d101920d4984574eba026","tx_index":5}',0,'BTC_PAY','3a935e00a9e28bd722eb053be8cf20d256e0d04b5f6d101920d4984574eba026','1fe01a735b12ce863503e947424948a2f91028574e1f7ab90340ba5f60c7bdd4');
INSERT INTO messages VALUES(34,310004,'parse','transactions','{"supported":true,"tx_hash":"3a935e00a9e28bd722eb053be8cf20d256e0d04b5f6d101920d4984574eba026","tx_index":5}',0,'TRANSACTION_PARSED','3a935e00a9e28bd722eb053be8cf20d256e0d04b5f6d101920d4984574eba026','af284186de755ad146626c2af0ecdca1b21511ee0999dd19ca7b705054a4d4eb');
INSERT INTO messages VALUES(35,310004,'parse','blocks','{"block_index":310004,"ledger_hash":"13e0c6276f297ff1ca77705f1b18d807ca22f53735fba52f4f5c3766dc4b04e8","messages_hash":"63dba2435134d27d2753299da1122755d36e94f79374e66c4b6e1fcdfbc51f11","transaction_count":1,"txlist_hash":"3a03d56b37fbf9d5d13d049c62a1217cf7dc3fd8e4597c088c30d4f8db0e490f"}',0,'BLOCK_PARSED',NULL,'d1f3b66e79b3e88440cef2c29597c31a599f031fb64300ff698ecbdef92547a8');
INSERT INTO messages VALUES(36,310005,'insert','blocks','{"block_hash":"8005c2926b7ecc50376642bc661a49108b6dc62636463a5c492b123e2184cd9a","block_index":310005,"block_time":310005000,"difficulty":null,"ledger_hash":null,"previous_block_hash":null,"txlist_hash":null}',0,'NEW_BLOCK',NULL,'e42b878b7d06cdf42fb6becca0dcb4b94577af62b29d5c30a2dc6dcd7aadee95');
INSERT INTO messages VALUES(37,310005,'insert','transactions','{"block_hash":"8005c2926b7ecc50376642bc661a49108b6dc62636463a5c492b123e2184cd9a","block_index":310005,"block_time":310005000,"btc_amount":0,"data":"000000140000000000004767000000003b9aca000100000000000000000000","destination":"","fee":1260,"source":"mn6q3dS2EnDUx3bmyWc6D4szJNVGtaR7zc","supported":true,"tx_hash":"cb6f7cdcb1309c82cdcd03b017b1fe1823a7757a9db871c14fbc1678672a5263","tx_index":6,"utxos_info":" 32b4b47a89e385ca6d376ef92eaa5d182d953ee582f0b5984f73de983bfb7aa9:0 2 "}',0,'NEW_TRANSACTION',NULL,'071fcac67e33f4702fd84f0a0dd8a9d57c86334391b364b095939f8773780de2');
INSERT INTO messages VALUES(38,310005,'insert','debits','{"action":"issuance fee","address":"mn6q3dS2EnDUx3bmyWc6D4szJNVGtaR7zc","asset":"XCP","block_index":310005,"event":"cb6f7cdcb1309c82cdcd03b017b1fe1823a7757a9db871c14fbc1678672a5263","quantity":50000000,"tx_index":6,"utxo":null,"utxo_address":null}',0,'DEBIT','cb6f7cdcb1309c82cdcd03b017b1fe1823a7757a9db871c14fbc1678672a5263','dd194462ca5744c863b281dab7b1d1837910a7983354abaacc31ce6fb1401615');
INSERT INTO messages VALUES(39,310005,'insert','assets','{"asset_id":"18279","asset_longname":null,"asset_name":"BBBB","block_index":310005}',0,'ASSET_CREATION','cb6f7cdcb1309c82cdcd03b017b1fe1823a7757a9db871c14fbc1678672a5263','a46f65729abef575d4ed49c678fbb0dd1d8e465d8cc2c0b9ef3967fba70b237a');
INSERT INTO messages VALUES(40,310005,'insert','issuances','{"asset":"BBBB","asset_events":"creation","asset_longname":null,"block_index":310005,"call_date":0,"call_price":0.0,"callable":false,"description":"","description_locked":false,"divisible":true,"fee_paid":50000000,"issuer":"mn6q3dS2EnDUx3bmyWc6D4szJNVGtaR7zc","locked":false,"quantity":1000000000,"reset":false,"source":"mn6q3dS2EnDUx3bmyWc6D4szJNVGtaR7zc","status":"valid","transfer":false,"tx_hash":"cb6f7cdcb1309c82cdcd03b017b1fe1823a7757a9db871c14fbc1678672a5263","tx_index":6}',0,'ASSET_ISSUANCE','cb6f7cdcb1309c82cdcd03b017b1fe1823a7757a9db871c14fbc1678672a5263','a515bec6adee7bafb32acef186b9dc30513dd48a11085dd1becddfa26edb9243');
INSERT INTO messages VALUES(41,310005,'insert','credits','{"address":"mn6q3dS2EnDUx3bmyWc6D4szJNVGtaR7zc","asset":"BBBB","block_index":310005,"calling_function":"issuance","event":"cb6f7cdcb1309c82cdcd03b017b1fe1823a7757a9db871c14fbc1678672a5263","quantity":1000000000,"tx_index":6,"utxo":null,"utxo_address":null}',0,'CREDIT','cb6f7cdcb1309c82cdcd03b017b1fe1823a7757a9db871c14fbc1678672a5263','bcd796fb2c58f23b1017fd97de219b06cb8baaf5aa3a65c15fcd6844ae51c856');
INSERT INTO messages VALUES(42,310005,'parse','transactions','{"supported":true,"tx_hash":"cb6f7cdcb1309c82cdcd03b017b1fe1823a7757a9db871c14fbc1678672a5263","tx_index":6}',0,'TRANSACTION_PARSED','cb6f7cdcb1309c82cdcd03b017b1fe1823a7757a9db871c14fbc1678672a5263','6d3e1b32e17205249cc6586845f4383f151ec1bdef34f1a45fc742f36b7c397e');
INSERT INTO messages VALUES(43,310005,'parse','blocks','{"block_index":310005,"ledger_hash":"765896f532b411af9f889687a750d44414296c20002f3e2abed9551a6822937d","messages_hash":"986e0235743530627d3086dbff85829ac09263d4fde8dcbaad7e90327ebed6ea","transaction_count":1,"txlist_hash":"9f3e39aad1a4066fed45fe53f60fd3643e4aba1da215d42a5699fb49ac627516"}',0,'BLOCK_PARSED',NULL,'07ed465a3a81c1e313123534ba4f0484aa1465df3e31330796cd5195e542ecf2');
INSERT INTO messages VALUES(44,310006,'insert','blocks','{"block_hash":"bdad69d1669eace68b9f246de113161099d4f83322e2acf402c42defef3af2bb","block_index":310006,"block_time":310006000,"difficulty":null,"ledger_hash":null,"previous_block_hash":null,"txlist_hash":null}',0,'NEW_BLOCK',NULL,'ccc51b1e75251a66731dba747fedfc6eeef053ed5eb9ddab447eb7e38d909d0e');
INSERT INTO messages VALUES(45,310006,'insert','transactions','{"block_hash":"bdad69d1669eace68b9f246de113161099d4f83322e2acf402c42defef3af2bb","block_index":310006,"block_time":310006000,"btc_amount":0,"data":"00000014000000000000476800000000000186a00000000000000000000006666f6f626172","destination":"","fee":1260,"source":"mn6q3dS2EnDUx3bmyWc6D4szJNVGtaR7zc","supported":true,"tx_hash":"11437e87f173ab32015a2d9831255435de19d7228e196b803a87ae6120dfb057","tx_index":7,"utxos_info":" e86d3c7f36e41bb67545822d269626e7314d77387bd5df99f63cfd9ac2f2a9a9:0 2 "}',0,'NEW_TRANSACTION',NULL,'6caf631c5d263f0319ab82910f05f5b06f60780d79d069babdb4a7b1f4e14eb4');
INSERT INTO messages VALUES(46,310006,'insert','debits','{"action":"issuance fee","address":"mn6q3dS2EnDUx3bmyWc6D4szJNVGtaR7zc","asset":"XCP","block_index":310006,"event":"11437e87f173ab32015a2d9831255435de19d7228e196b803a87ae6120dfb057","quantity":50000000,"tx_index":7,"utxo":null,"utxo_address":null}',0,'DEBIT','11437e87f173ab32015a2d9831255435de19d7228e196b803a87ae6120dfb057','f7176d200f62a21956a205f5a8706aa6b4dfc3210e36e772aa1bd71e9f3bafc2');
INSERT INTO messages VALUES(47,310006,'insert','assets','{"asset_id":"18280","asset_longname":null,"asset_name":"BBBC","block_index":310006}',0,'ASSET_CREATION','11437e87f173ab32015a2d9831255435de19d7228e196b803a87ae6120dfb057','1a3d8c300667e49ceb3851237d02b1b380b77b089b80854ac673a83584e0c839');
INSERT INTO messages VALUES(48,310006,'insert','issuances','{"asset":"BBBC","asset_events":"creation","asset_longname":null,"block_index":310006,"call_date":0,"call_price":0.0,"callable":false,"description":"foobar","description_locked":false,"divisible":false,"fee_paid":50000000,"issuer":"mn6q3dS2EnDUx3bmyWc6D4szJNVGtaR7zc","locked":false,"quantity":100000,"reset":false,"source":"mn6q3dS2EnDUx3bmyWc6D4szJNVGtaR7zc","status":"valid","transfer":false,"tx_hash":"11437e87f173ab32015a2d9831255435de19d7228e196b803a87ae6120dfb057","tx_index":7}',0,'ASSET_ISSUANCE','11437e87f173ab32015a2d9831255435de19d7228e196b803a87ae6120dfb057','3cd1a012cefc35ca4b593c10d6108c2a7c8f00ed6564eab21ac549b4252bd5ae');
INSERT INTO messages VALUES(49,310006,'insert','credits','{"address":"mn6q3dS2EnDUx3bmyWc6D4szJNVGtaR7zc","asset":"BBBC","block_index":310006,"calling_function":"issuance","event":"11437e87f173ab32015a2d9831255435de19d7228e196b803a87ae6120dfb057","quantity":100000,"tx_index":7,"utxo":null,"utxo_address":null}',0,'CREDIT','11437e87f173ab32015a2d9831255435de19d7228e196b803a87ae6120dfb057','c463c00174eafa44d1190bb16d78541c73d05ea0bc531d5e078522fe1ad45712');
INSERT INTO messages VALUES(50,310006,'parse','transactions','{"supported":true,"tx_hash":"11437e87f173ab32015a2d9831255435de19d7228e196b803a87ae6120dfb057","tx_index":7}',0,'TRANSACTION_PARSED','11437e87f173ab32015a2d9831255435de19d7228e196b803a87ae6120dfb057','6a22c958231241ff92ca99f7c52992deb3b46fb1ab2e81212af44366d26eb953');
INSERT INTO messages VALUES(51,310006,'parse','blocks','{"block_index":310006,"ledger_hash":"853e3a8d39c4e8bdb36a0ec01a8d20f12335fcc00a00ac271e9d83be471d394f","messages_hash":"8693ac0bc48699f6700d53c2317f6f5bbc4081ed03209dff771b84ce004f52b0","transaction_count":1,"txlist_hash":"628da99388299cffd50c0d4980a553e35bdfa4b87fe3f66894ef0b03881b69b7"}',0,'BLOCK_PARSED',NULL,'ad54a83c9fc353e98c7245665d00db5c33b0ebc20c75a480988171412d2e9f05');
INSERT INTO messages VALUES(52,310007,'insert','blocks','{"block_hash":"10a642b96d60091d08234d17dfdecf3025eca41e4fc8e3bbe71a91c5a457cb4b","block_index":310007,"block_time":310007000,"difficulty":null,"ledger_hash":null,"previous_block_hash":null,"txlist_hash":null}',0,'NEW_BLOCK',NULL,'a4108d6114c303ceba48800282f2fbe6048469c10006f359a7e0c3395588f35b');
INSERT INTO messages VALUES(53,310007,'insert','transactions','{"block_hash":"10a642b96d60091d08234d17dfdecf3025eca41e4fc8e3bbe71a91c5a457cb4b","block_index":310007,"block_time":310007000,"btc_amount":5430,"data":"00000000000000000000476700000000003d0900","destination":"mtQheFaSfWELRB2MyMBaiWjdDm6ux9Ezns","fee":1320,"source":"mn6q3dS2EnDUx3bmyWc6D4szJNVGtaR7zc","supported":true,"tx_hash":"674fffed0250afa55a85844959ed7545bc27f15c67a51fd215ac27f682c350d9","tx_index":8,"utxos_info":" 369eaa80c0aaedf0c80a258069bdf698b0d26d85e1f607f1b836b6cf74aa602d:0 3 "}',0,'NEW_TRANSACTION',NULL,'f87a8bc2eca8dfba4038b960381ab054a2d0bdf9852334869483d2e43741bcb0');
INSERT INTO messages VALUES(54,310007,'insert','debits','{"action":"send","address":"mn6q3dS2EnDUx3bmyWc6D4szJNVGtaR7zc","asset":"BBBB","block_index":310007,"event":"674fffed0250afa55a85844959ed7545bc27f15c67a51fd215ac27f682c350d9","quantity":4000000,"tx_index":8,"utxo":null,"utxo_address":null}',0,'DEBIT','674fffed0250afa55a85844959ed7545bc27f15c67a51fd215ac27f682c350d9','3bc0ef59ab60692c38d9b4bfe0327d4f62a78b2a9e9cf5ca7916eba5d27ebbef');
INSERT INTO messages VALUES(55,310007,'insert','credits','{"address":"mtQheFaSfWELRB2MyMBaiWjdDm6ux9Ezns","asset":"BBBB","block_index":310007,"calling_function":"send","event":"674fffed0250afa55a85844959ed7545bc27f15c67a51fd215ac27f682c350d9","quantity":4000000,"tx_index":8,"utxo":null,"utxo_address":null}',0,'CREDIT','674fffed0250afa55a85844959ed7545bc27f15c67a51fd215ac27f682c350d9','c4596054161f93f0ca17dd6e23439a70e86f92d3c8c9b2bb134464b1c5a8377b');
INSERT INTO messages VALUES(56,310007,'insert','sends','{"asset":"BBBB","block_index":310007,"destination":"mtQheFaSfWELRB2MyMBaiWjdDm6ux9Ezns","msg_index":0,"quantity":4000000,"send_type":"send","source":"mn6q3dS2EnDUx3bmyWc6D4szJNVGtaR7zc","status":"valid","tx_hash":"674fffed0250afa55a85844959ed7545bc27f15c67a51fd215ac27f682c350d9","tx_index":8}',0,'SEND','674fffed0250afa55a85844959ed7545bc27f15c67a51fd215ac27f682c350d9','c53df411d403439cdc3d91fb7f2b7dbf121d97e7cd6c50c9eb36150d31bf4de4');
INSERT INTO messages VALUES(57,310007,'parse','transactions','{"supported":true,"tx_hash":"674fffed0250afa55a85844959ed7545bc27f15c67a51fd215ac27f682c350d9","tx_index":8}',0,'TRANSACTION_PARSED','674fffed0250afa55a85844959ed7545bc27f15c67a51fd215ac27f682c350d9','9a787ac6c646fecf15c789b8c65463e8e27ebcd9dcf4ce70de4e6f7388980586');
INSERT INTO messages VALUES(58,310007,'parse','blocks','{"block_index":310007,"ledger_hash":"f2b2d250a94afa158f9ed84434c3ac7a0bfc97b4387e5e3c099afc95b8a6ad9c","messages_hash":"e630714d22dbd2445ec3118444a8802d5cba630a0483d5b95c89608b78884871","transaction_count":1,"txlist_hash":"05f85b8dec535259c79994a0145a9e4b1d4f3d32371fbe9266f09614dd3805e4"}',0,'BLOCK_PARSED',NULL,'0482bb2a1e69dfc326f9d4e4d4060c6d913402eb1071916adea664c53c88ff90');
INSERT INTO messages VALUES(59,310008,'insert','blocks','{"block_hash":"47d0e3acbdc6916aeae95e987f9cfa16209b3df1e67bb38143b3422b32322c33","block_index":310008,"block_time":310008000,"difficulty":null,"ledger_hash":null,"previous_block_hash":null,"txlist_hash":null}',0,'NEW_BLOCK',NULL,'5cb9d3a092dca469d059f29c5cb8cb3bfffe25abdce88730ffa2af5df1e438d1');
INSERT INTO messages VALUES(60,310008,'insert','transactions','{"block_hash":"47d0e3acbdc6916aeae95e987f9cfa16209b3df1e67bb38143b3422b32322c33","block_index":310008,"block_time":310008000,"btc_amount":5430,"data":"000000000000000000004768000000000000020e","destination":"mtQheFaSfWELRB2MyMBaiWjdDm6ux9Ezns","fee":1320,"source":"mn6q3dS2EnDUx3bmyWc6D4szJNVGtaR7zc","supported":true,"tx_hash":"954cd50d4cb0977da58976a4e3ee7b67b8dd4ada597a8b079037ccfb6502967b","tx_index":9,"utxos_info":" f7d186eca6ed726eb9997b8329ae53f23b38cb274a9ccf5359ae39650455a33a:0 3 "}',0,'NEW_TRANSACTION',NULL,'f6c2b45f933fbade1f5634de43b31c443b07cf2b8627c78c1759cfd1ffe382f3');
INSERT INTO messages VALUES(61,310008,'insert','debits','{"action":"send","address":"mn6q3dS2EnDUx3bmyWc6D4szJNVGtaR7zc","asset":"BBBC","block_index":310008,"event":"954cd50d4cb0977da58976a4e3ee7b67b8dd4ada597a8b079037ccfb6502967b","quantity":526,"tx_index":9,"utxo":null,"utxo_address":null}',0,'DEBIT','954cd50d4cb0977da58976a4e3ee7b67b8dd4ada597a8b079037ccfb6502967b','608dec558ef51523c122431efa3b0fe7dbb23a204fd95d7228a173f671b5fada');
INSERT INTO messages VALUES(62,310008,'insert','credits','{"address":"mtQheFaSfWELRB2MyMBaiWjdDm6ux9Ezns","asset":"BBBC","block_index":310008,"calling_function":"send","event":"954cd50d4cb0977da58976a4e3ee7b67b8dd4ada597a8b079037ccfb6502967b","quantity":526,"tx_index":9,"utxo":null,"utxo_address":null}',0,'CREDIT','954cd50d4cb0977da58976a4e3ee7b67b8dd4ada597a8b079037ccfb6502967b','c6766b28fdabe8a1ba28c3f37d1ba0daa482886ec24d07af06e51cb2974dc3d4');
INSERT INTO messages VALUES(63,310008,'insert','sends','{"asset":"BBBC","block_index":310008,"destination":"mtQheFaSfWELRB2MyMBaiWjdDm6ux9Ezns","msg_index":0,"quantity":526,"send_type":"send","source":"mn6q3dS2EnDUx3bmyWc6D4szJNVGtaR7zc","status":"valid","tx_hash":"954cd50d4cb0977da58976a4e3ee7b67b8dd4ada597a8b079037ccfb6502967b","tx_index":9}',0,'SEND','954cd50d4cb0977da58976a4e3ee7b67b8dd4ada597a8b079037ccfb6502967b','9428c23e96345af20a33618a7635704b1c6e54ae9895ce96bab48d668de7d455');
INSERT INTO messages VALUES(64,310008,'parse','transactions','{"supported":true,"tx_hash":"954cd50d4cb0977da58976a4e3ee7b67b8dd4ada597a8b079037ccfb6502967b","tx_index":9}',0,'TRANSACTION_PARSED','954cd50d4cb0977da58976a4e3ee7b67b8dd4ada597a8b079037ccfb6502967b','cb214cbb31e62d092eb4772b0bb82c2381d4b2a9372d1c68db5f2eaab7bea434');
INSERT INTO messages VALUES(65,310008,'parse','blocks','{"block_index":310008,"ledger_hash":"8c44f15f5606b6fe984a9fa7df8d7d5381fe87a6c8b634469804328885668569","messages_hash":"403108b58ef5958cb4e91abab3253b581a224c76926748830c130e9d2ec33c86","transaction_count":1,"txlist_hash":"e7c9c2dc0e88834cf0a11cc2cff3499eccee2d36e750cab1b07f4bd5a9345613"}',0,'BLOCK_PARSED',NULL,'e51dcb4a2dd113a79b0fc2ef8487e50634ba2ff12f6452996449ef7cebd23098');
INSERT INTO messages VALUES(66,310009,'insert','blocks','{"block_hash":"4d474992b141620bf3753863db7ee5e8af26cadfbba27725911f44fa657bc1c0","block_index":310009,"block_time":310009000,"difficulty":null,"ledger_hash":null,"previous_block_hash":null,"txlist_hash":null}',0,'NEW_BLOCK',NULL,'2a5b5e808fa4612cc807bccda113d23719398dc4a229f409c2cf206a85c1dd53');
INSERT INTO messages VALUES(67,310009,'insert','transactions','{"block_hash":"4d474992b141620bf3753863db7ee5e8af26cadfbba27725911f44fa657bc1c0","block_index":310009,"block_time":310009000,"btc_amount":0,"data":"00000032000000000000025800000000000047670000000000000001","destination":"","fee":1260,"source":"mn6q3dS2EnDUx3bmyWc6D4szJNVGtaR7zc","supported":true,"tx_hash":"7b8bdac8da6a08b4db92b46c59ee8e5c2fd5d6c600f4d1576f7edc13c65d3578","tx_index":10,"utxos_info":" 461fa44d5758551f3623872ccb1b1a86fb32d4d9c4576f0636e52f0826d3cd80:0 2 "}',0,'NEW_TRANSACTION',NULL,'c11465a9b33f99c2d65b03a94446f41e75a0436b5ec8a6bc9cf89372074df8e0');
INSERT INTO messages VALUES(68,310009,'insert','debits','{"action":"dividend","address":"mn6q3dS2EnDUx3bmyWc6D4szJNVGtaR7zc","asset":"XCP","block_index":310009,"event":"7b8bdac8da6a08b4db92b46c59ee8e5c2fd5d6c600f4d1576f7edc13c65d3578","quantity":24,"tx_index":10,"utxo":null,"utxo_address":null}',0,'DEBIT','7b8bdac8da6a08b4db92b46c59ee8e5c2fd5d6c600f4d1576f7edc13c65d3578','c243303eeab6e444b53d0588aef277ef496debdfd48ca4ca0ad4b0a579a73abb');
INSERT INTO messages VALUES(69,310009,'insert','debits','{"action":"dividend fee","address":"mn6q3dS2EnDUx3bmyWc6D4szJNVGtaR7zc","asset":"XCP","block_index":310009,"event":"7b8bdac8da6a08b4db92b46c59ee8e5c2fd5d6c600f4d1576f7edc13c65d3578","quantity":20000,"tx_index":10,"utxo":null,"utxo_address":null}',0,'DEBIT','7b8bdac8da6a08b4db92b46c59ee8e5c2fd5d6c600f4d1576f7edc13c65d3578','59f7c1682140532dd0df2f982dad664409636f35d4e3627d8ce322f0676cc4a3');
INSERT INTO messages VALUES(70,310009,'insert','credits','{"address":"mtQheFaSfWELRB2MyMBaiWjdDm6ux9Ezns","asset":"XCP","block_index":310009,"calling_function":"dividend","event":"7b8bdac8da6a08b4db92b46c59ee8e5c2fd5d6c600f4d1576f7edc13c65d3578","quantity":24,"tx_index":10,"utxo":null,"utxo_address":null}',0,'CREDIT','7b8bdac8da6a08b4db92b46c59ee8e5c2fd5d6c600f4d1576f7edc13c65d3578','f51ed93bf4a99978fa5ddf957bb1e3fd5cf9323e458014848409786b42b09cc4');
INSERT INTO messages VALUES(71,310009,'insert','dividends','{"asset":"BBBB","block_index":310009,"dividend_asset":"XCP","fee_paid":20000,"quantity_per_unit":600,"source":"mn6q3dS2EnDUx3bmyWc6D4szJNVGtaR7zc","status":"valid","tx_hash":"7b8bdac8da6a08b4db92b46c59ee8e5c2fd5d6c600f4d1576f7edc13c65d3578","tx_index":10}',0,'ASSET_DIVIDEND','7b8bdac8da6a08b4db92b46c59ee8e5c2fd5d6c600f4d1576f7edc13c65d3578','54e62fade2c6db8ca5e3c76f391cf1d9c5ca29fbaa1646b171ef28fa5b17044d');
INSERT INTO messages VALUES(72,310009,'parse','transactions','{"supported":true,"tx_hash":"7b8bdac8da6a08b4db92b46c59ee8e5c2fd5d6c600f4d1576f7edc13c65d3578","tx_index":10}',0,'TRANSACTION_PARSED','7b8bdac8da6a08b4db92b46c59ee8e5c2fd5d6c600f4d1576f7edc13c65d3578','ea0df658d57493f5764949959b06f3df20bd45939ccee7e25e426e2d272102be');
INSERT INTO messages VALUES(73,310009,'parse','blocks','{"block_index":310009,"ledger_hash":"ba378e9192f290d3f9d3dd1e46aeef3a185bd5aff1be809c8974fca8dc142987","messages_hash":"147b58ce6aadf5b6c8f2a725473ea113740a17bab45a7bfa6cd6a9f93e06caf3","transaction_count":1,"txlist_hash":"310ca3b3e075aff16d59d655057d97b62b12b2ad5e4803a21fc32dfce4aea1b7"}',0,'BLOCK_PARSED',NULL,'9de7ea7791e8b57ef4532c1b0400d535b13c600219078ce9e83260d7cdf6228d');
INSERT INTO messages VALUES(74,310010,'insert','blocks','{"block_hash":"a58162dff81a32e6a29b075be759dbb9fa9b8b65303e69c78fb4d7b0acc37042","block_index":310010,"block_time":310010000,"difficulty":null,"ledger_hash":null,"previous_block_hash":null,"txlist_hash":null}',0,'NEW_BLOCK',NULL,'8bae65c7e481e608a4e9b72140593cf5ab8b91ed546a7a94c5b7e9260204f165');
INSERT INTO messages VALUES(75,310010,'insert','transactions','{"block_hash":"a58162dff81a32e6a29b075be759dbb9fa9b8b65303e69c78fb4d7b0acc37042","block_index":310010,"block_time":310010000,"btc_amount":0,"data":"00000032000000000000032000000000000047680000000000000001","destination":"","fee":1260,"source":"mn6q3dS2EnDUx3bmyWc6D4szJNVGtaR7zc","supported":true,"tx_hash":"e36dbc52abaffa262d214acec2f04ca8a434144a50a42f79795a34228ef84005","tx_index":11,"utxos_info":" dc96df197f99854beb2f97944d6476e9de3889a88c99ac967495d75c05662f88:0 2 "}',0,'NEW_TRANSACTION',NULL,'e84774311476dee3776e0f7e5f240c171c6409517e32c88367f6a958e450fd03');
INSERT INTO messages VALUES(76,310010,'insert','debits','{"action":"dividend","address":"mn6q3dS2EnDUx3bmyWc6D4szJNVGtaR7zc","asset":"XCP","block_index":310010,"event":"e36dbc52abaffa262d214acec2f04ca8a434144a50a42f79795a34228ef84005","quantity":420800,"tx_index":11,"utxo":null,"utxo_address":null}',0,'DEBIT','e36dbc52abaffa262d214acec2f04ca8a434144a50a42f79795a34228ef84005','6e9dd49193b62cbd985accd421dad8f3f7924683cf65dc00b286a77537742a54');
INSERT INTO messages VALUES(77,310010,'insert','debits','{"action":"dividend fee","address":"mn6q3dS2EnDUx3bmyWc6D4szJNVGtaR7zc","asset":"XCP","block_index":310010,"event":"e36dbc52abaffa262d214acec2f04ca8a434144a50a42f79795a34228ef84005","quantity":20000,"tx_index":11,"utxo":null,"utxo_address":null}',0,'DEBIT','e36dbc52abaffa262d214acec2f04ca8a434144a50a42f79795a34228ef84005','2ae502bc761239e07a3e6c4408be1bcecb9327b86c12f288b4d2d12a37bac15e');
INSERT INTO messages VALUES(78,310010,'insert','credits','{"address":"mtQheFaSfWELRB2MyMBaiWjdDm6ux9Ezns","asset":"XCP","block_index":310010,"calling_function":"dividend","event":"e36dbc52abaffa262d214acec2f04ca8a434144a50a42f79795a34228ef84005","quantity":420800,"tx_index":11,"utxo":null,"utxo_address":null}',0,'CREDIT','e36dbc52abaffa262d214acec2f04ca8a434144a50a42f79795a34228ef84005','0073c16b2baaeb87382628b08ddc48c7ba3b3b1cdd50e591e63175a4ff7a29e0');
INSERT INTO messages VALUES(79,310010,'insert','dividends','{"asset":"BBBC","block_index":310010,"dividend_asset":"XCP","fee_paid":20000,"quantity_per_unit":800,"source":"mn6q3dS2EnDUx3bmyWc6D4szJNVGtaR7zc","status":"valid","tx_hash":"e36dbc52abaffa262d214acec2f04ca8a434144a50a42f79795a34228ef84005","tx_index":11}',0,'ASSET_DIVIDEND','e36dbc52abaffa262d214acec2f04ca8a434144a50a42f79795a34228ef84005','2a8275d98d23278864ba036cd2084ed6aa96f784b55e1a2c927487ecd2a27121');
INSERT INTO messages VALUES(80,310010,'parse','transactions','{"supported":true,"tx_hash":"e36dbc52abaffa262d214acec2f04ca8a434144a50a42f79795a34228ef84005","tx_index":11}',0,'TRANSACTION_PARSED','e36dbc52abaffa262d214acec2f04ca8a434144a50a42f79795a34228ef84005','b8ffcad33723a515ebcb090108e3a993615a82dea4c8498819d714d094a0eed7');
INSERT INTO messages VALUES(81,310010,'parse','blocks','{"block_index":310010,"ledger_hash":"64f78f9eedce2931aedfe413b4f4bdeb728752e1c897e0bd44c7db665976a723","messages_hash":"26b968a8fbf80cd3e1ac387ece20b1723a35dc56240d8c84e9a15d38011cf2e7","transaction_count":1,"txlist_hash":"0b77c69fa610b8852ae5d8b4eda78564baced8c387874e9d099d92fa5d068901"}',0,'BLOCK_PARSED',NULL,'c090f9a00f377a75a9682ed88abc575d8fb43f1db4092c7d0ae03612091a2e4a');
INSERT INTO messages VALUES(82,310011,'insert','blocks','{"block_hash":"8042cc2ef293fd73d050f283fbd075c79dd4c49fdcca054dc0714fc3a50dc1bb","block_index":310011,"block_time":310011000,"difficulty":null,"ledger_hash":null,"previous_block_hash":null,"txlist_hash":null}',0,'NEW_BLOCK',NULL,'aed1881d70e8fe917a37b9a2996b298a3613a3403491b4e9894ca198dfc29a20');
INSERT INTO messages VALUES(83,310011,'insert','transactions','{"block_hash":"8042cc2ef293fd73d050f283fbd075c79dd4c49fdcca054dc0714fc3a50dc1bb","block_index":310011,"block_time":310011000,"btc_amount":0,"data":"0000001e52bb3300405900000000000005f5e0ff09556e69742054657374","destination":"","fee":1260,"source":"mn6q3dS2EnDUx3bmyWc6D4szJNVGtaR7zc","supported":true,"tx_hash":"e0a06f7eda9ee9fd6ae37bb1d25ba5bd2061dcae240c37fcebbc1b0a4d256b0e","tx_index":12,"utxos_info":" 5e8030e6f3d7fd32116fc0f9dae942c97d6527b12c76ef2c0ba6f810faaa4957:0 2 "}',0,'NEW_TRANSACTION',NULL,'0fd624f9b5b7f55ede93681571b6e2d2bddffaaa438e9500a12b5b04c88b6cbf');
INSERT INTO messages VALUES(84,310011,'insert','broadcasts','{"block_index":310011,"fee_fraction_int":99999999,"locked":false,"source":"mn6q3dS2EnDUx3bmyWc6D4szJNVGtaR7zc","status":"valid","text":"Unit Test","timestamp":1388000000,"tx_hash":"e0a06f7eda9ee9fd6ae37bb1d25ba5bd2061dcae240c37fcebbc1b0a4d256b0e","tx_index":12,"value":100.0}',0,'BROADCAST','e0a06f7eda9ee9fd6ae37bb1d25ba5bd2061dcae240c37fcebbc1b0a4d256b0e','5bb12f464d6b4dcd9423eb5276e5a9c0c8df7b0622f923b24c720ed5d091ef8c');
INSERT INTO messages VALUES(85,310011,'parse','transactions','{"supported":true,"tx_hash":"e0a06f7eda9ee9fd6ae37bb1d25ba5bd2061dcae240c37fcebbc1b0a4d256b0e","tx_index":12}',0,'TRANSACTION_PARSED','e0a06f7eda9ee9fd6ae37bb1d25ba5bd2061dcae240c37fcebbc1b0a4d256b0e','63993ffd275fc89e7c0ce0923417bc80802203489381e763edfd662c741e62a4');
INSERT INTO messages VALUES(86,310011,'parse','blocks','{"block_index":310011,"ledger_hash":"671a1b4e1edd1f96dcfcc96d521fb2125ae5b9d2d01a76fc66686b7ed20c5662","messages_hash":"057d2ab197b4f491863981c9eec9d3983982184698ccc9cc9b2635c909b2c260","transaction_count":1,"txlist_hash":"98fcdb2b477998fa2e78f31f0e053c100651fba4732aacf314878109cf4df38c"}',0,'BLOCK_PARSED',NULL,'8d8e6caa8e2b0c4d398b033ea50d0072802bcdfb135964d0a6365daac4cbe046');
INSERT INTO messages VALUES(87,310012,'insert','blocks','{"block_hash":"cdba329019d93a67b31b79d05f76ce1b7791d430ea0d6c1c2168fe78d2f67677","block_index":310012,"block_time":310012000,"difficulty":null,"ledger_hash":null,"previous_block_hash":null,"txlist_hash":null}',0,'NEW_BLOCK',NULL,'efa99fb614352b31b23b9b8fa1a24d9917af9a2df1ab08740c1450c23691df7d');
INSERT INTO messages VALUES(88,310012,'insert','transactions','{"block_hash":"cdba329019d93a67b31b79d05f76ce1b7791d430ea0d6c1c2168fe78d2f67677","block_index":310012,"block_time":310012000,"btc_amount":5430,"data":"00000028000052bb33640000000002faf08000000000017d7840000000000000000000003b100000000a","destination":"mn6q3dS2EnDUx3bmyWc6D4szJNVGtaR7zc","fee":1320,"source":"mn6q3dS2EnDUx3bmyWc6D4szJNVGtaR7zc","supported":true,"tx_hash":"4c983a7fab208a12497cd705c73fb136c6e2cf5d6fbcab4486aa591dd3ef5e0c","tx_index":13,"utxos_info":" 3574a6096d37d26645696d36e6613496ad383db53b6b0963094818a3e6cfaef4:0 3 "}',0,'NEW_TRANSACTION',NULL,'36ec573910854b31e0883cc404f61566e036eb8d6f72e7bf331f5cc5380ec3f4');
INSERT INTO messages VALUES(89,310012,'insert','debits','{"action":"bet","address":"mn6q3dS2EnDUx3bmyWc6D4szJNVGtaR7zc","asset":"XCP","block_index":310012,"event":"4c983a7fab208a12497cd705c73fb136c6e2cf5d6fbcab4486aa591dd3ef5e0c","quantity":50000000,"tx_index":13,"utxo":null,"utxo_address":null}',0,'DEBIT','4c983a7fab208a12497cd705c73fb136c6e2cf5d6fbcab4486aa591dd3ef5e0c','d56088ff616906ab5016e9d87f19e619a599ed22ec356bd24923af2850668643');
INSERT INTO messages VALUES(90,310012,'insert','bets','{"bet_type":0,"block_index":310012,"counterwager_quantity":25000000,"counterwager_remaining":25000000,"deadline":1388000100,"expiration":10,"expire_index":310022,"fee_fraction_int":99999999.0,"feed_address":"mn6q3dS2EnDUx3bmyWc6D4szJNVGtaR7zc","leverage":15120,"source":"mn6q3dS2EnDUx3bmyWc6D4szJNVGtaR7zc","status":"open","target_value":0.0,"tx_hash":"4c983a7fab208a12497cd705c73fb136c6e2cf5d6fbcab4486aa591dd3ef5e0c","tx_index":13,"wager_quantity":50000000,"wager_remaining":50000000}',0,'OPEN_BET','4c983a7fab208a12497cd705c73fb136c6e2cf5d6fbcab4486aa591dd3ef5e0c','fc5c114acff3bedd202612259f9bea9d15b6840fa82bf35fef29090f3b27fb37');
INSERT INTO messages VALUES(91,310012,'parse','transactions','{"supported":true,"tx_hash":"4c983a7fab208a12497cd705c73fb136c6e2cf5d6fbcab4486aa591dd3ef5e0c","tx_index":13}',0,'TRANSACTION_PARSED','4c983a7fab208a12497cd705c73fb136c6e2cf5d6fbcab4486aa591dd3ef5e0c','1c63c73af477f17e9eff61ecacc4c15fa7d2f4a28f6c45efbb7de83ef6d88a7a');
INSERT INTO messages VALUES(92,310012,'parse','blocks','{"block_index":310012,"ledger_hash":"1f5b502c341699b5a59b87566c0fc02b7db5c657919f014e41a00303aa53efc8","messages_hash":"10c94b805aafcb2958bb4191d22eb3ebd44845b546aa45687c2455722c7e3c08","transaction_count":1,"txlist_hash":"12c7e8a54c5e5f143e02f7215925190e6febed89e5ee69c93ba43ce4111b660c"}',0,'BLOCK_PARSED',NULL,'7c85b0e12d62f2fe7c29f7a471308e7310827ac4444a77f3b50781b31d538e16');
INSERT INTO messages VALUES(93,310013,'insert','blocks','{"block_hash":"0425e5e832e4286757dc0228cd505b8d572081007218abd3a0983a3bcd502a61","block_index":310013,"block_time":310013000,"difficulty":null,"ledger_hash":null,"previous_block_hash":null,"txlist_hash":null}',0,'NEW_BLOCK',NULL,'6f2917721332b25c8a3f456ba97ec2ffdf67d55241ab8820f8d0eb61fe50ff7b');
INSERT INTO messages VALUES(94,310013,'insert','transactions','{"block_hash":"0425e5e832e4286757dc0228cd505b8d572081007218abd3a0983a3bcd502a61","block_index":310013,"block_time":310013000,"btc_amount":5430,"data":"00000028000152bb336400000000017d78400000000002793d60000000000000000000003b100000000a","destination":"mn6q3dS2EnDUx3bmyWc6D4szJNVGtaR7zc","fee":1320,"source":"mn6q3dS2EnDUx3bmyWc6D4szJNVGtaR7zc","supported":true,"tx_hash":"36b3a6a2dcdcaeec9ad25443e03395c109fa10a27e10e0436cf7feb51836306e","tx_index":14,"utxos_info":" ff02440fd8cd96ea4e3cffc74694e56ba97950314df2473092cbf19597d9843a:0 3 "}',0,'NEW_TRANSACTION',NULL,'8ecd82b6f65dabd58c303cd8e07338442bfe35d6f3c822a9c271fdda6eb0ff9a');
INSERT INTO messages VALUES(95,310013,'update','orders','{"status":"expired","tx_hash":"b0f0182d8ab4340522ceb7dc780683d9061f252ecc1123b14215e82ee6ff8675"}',0,'ORDER_UPDATE',NULL,'a5db04297b392083fc6fee048afce5f7fe5611bd92889109209f59b5453e14f4');
INSERT INTO messages VALUES(96,310013,'insert','order_expirations','{"block_index":310013,"order_hash":"b0f0182d8ab4340522ceb7dc780683d9061f252ecc1123b14215e82ee6ff8675","source":"mn6q3dS2EnDUx3bmyWc6D4szJNVGtaR7zc"}',0,'ORDER_EXPIRATION',NULL,'bd90df1dec0494e0d6f3a47c4285fe22410b7ee0abf20e88e204894b2e849bea');
INSERT INTO messages VALUES(97,310013,'insert','debits','{"action":"bet","address":"mn6q3dS2EnDUx3bmyWc6D4szJNVGtaR7zc","asset":"XCP","block_index":310013,"event":"36b3a6a2dcdcaeec9ad25443e03395c109fa10a27e10e0436cf7feb51836306e","quantity":25000000,"tx_index":14,"utxo":null,"utxo_address":null}',0,'DEBIT','36b3a6a2dcdcaeec9ad25443e03395c109fa10a27e10e0436cf7feb51836306e','ad4dc8092aeaf93e2673916f70f212a00644ead99b324724d92c494e691d8c57');
INSERT INTO messages VALUES(98,310013,'insert','bets','{"bet_type":1,"block_index":310013,"counterwager_quantity":41500000,"counterwager_remaining":41500000,"deadline":1388000100,"expiration":10,"expire_index":310023,"fee_fraction_int":99999999.0,"feed_address":"mn6q3dS2EnDUx3bmyWc6D4szJNVGtaR7zc","leverage":15120,"source":"mn6q3dS2EnDUx3bmyWc6D4szJNVGtaR7zc","status":"open","target_value":0.0,"tx_hash":"36b3a6a2dcdcaeec9ad25443e03395c109fa10a27e10e0436cf7feb51836306e","tx_index":14,"wager_quantity":25000000,"wager_remaining":25000000}',0,'OPEN_BET','36b3a6a2dcdcaeec9ad25443e03395c109fa10a27e10e0436cf7feb51836306e','feafa01f7e1496f6025eecc19336e440815d7b84d251aa119e9baa43f4262e48');
INSERT INTO messages VALUES(99,310013,'update','bets','{"counterwager_remaining":4250000,"status":"open","tx_hash":"4c983a7fab208a12497cd705c73fb136c6e2cf5d6fbcab4486aa591dd3ef5e0c","wager_remaining":8500000}',0,'BET_UPDATE','36b3a6a2dcdcaeec9ad25443e03395c109fa10a27e10e0436cf7feb51836306e','f9482cc0fd34fbc57c8f83fbd9f4632c5be28f0eb25b342fda93c1baacd28a71');
INSERT INTO messages VALUES(100,310013,'insert','credits','{"address":"mn6q3dS2EnDUx3bmyWc6D4szJNVGtaR7zc","asset":"XCP","block_index":310013,"calling_function":"filled","event":"36b3a6a2dcdcaeec9ad25443e03395c109fa10a27e10e0436cf7feb51836306e","quantity":4250000,"tx_index":14,"utxo":null,"utxo_address":null}',0,'CREDIT','36b3a6a2dcdcaeec9ad25443e03395c109fa10a27e10e0436cf7feb51836306e','5a281b1e0430896a1258214944585111a5ecffce9746500b0473833eb6690de1');
INSERT INTO messages VALUES(101,310013,'update','bets','{"counterwager_remaining":0,"status":"filled","tx_hash":"36b3a6a2dcdcaeec9ad25443e03395c109fa10a27e10e0436cf7feb51836306e","wager_remaining":4250000}',0,'BET_UPDATE','36b3a6a2dcdcaeec9ad25443e03395c109fa10a27e10e0436cf7feb51836306e','347de03c9128ddb95a117ce873da51405574f4c35e8c00c23466dec323996101');
INSERT INTO messages VALUES(102,310013,'insert','bet_matches','{"backward_quantity":20750000,"block_index":310012,"deadline":1388000100,"fee_fraction_int":99999999,"feed_address":"mn6q3dS2EnDUx3bmyWc6D4szJNVGtaR7zc","forward_quantity":41500000,"id":"4c983a7fab208a12497cd705c73fb136c6e2cf5d6fbcab4486aa591dd3ef5e0c_36b3a6a2dcdcaeec9ad25443e03395c109fa10a27e10e0436cf7feb51836306e","initial_value":100.0,"leverage":15120,"match_expire_index":310022,"status":"pending","target_value":0.0,"tx0_address":"mn6q3dS2EnDUx3bmyWc6D4szJNVGtaR7zc","tx0_bet_type":0,"tx0_block_index":310012,"tx0_expiration":10,"tx0_hash":"4c983a7fab208a12497cd705c73fb136c6e2cf5d6fbcab4486aa591dd3ef5e0c","tx0_index":13,"tx1_address":"mn6q3dS2EnDUx3bmyWc6D4szJNVGtaR7zc","tx1_bet_type":1,"tx1_block_index":310013,"tx1_expiration":10,"tx1_hash":"36b3a6a2dcdcaeec9ad25443e03395c109fa10a27e10e0436cf7feb51836306e","tx1_index":14}',0,'BET_MATCH','36b3a6a2dcdcaeec9ad25443e03395c109fa10a27e10e0436cf7feb51836306e','594e56a06c8e4131a15d47e754e5d2b0cd2839995e17c3c5b81614a409da1cc1');
INSERT INTO messages VALUES(103,310013,'parse','transactions','{"supported":true,"tx_hash":"36b3a6a2dcdcaeec9ad25443e03395c109fa10a27e10e0436cf7feb51836306e","tx_index":14}',0,'TRANSACTION_PARSED','36b3a6a2dcdcaeec9ad25443e03395c109fa10a27e10e0436cf7feb51836306e','fe9678cfdbd7031e326153ab5808e6e5563623a4e6c2e310fd1e159dd230df71');
INSERT INTO messages VALUES(104,310013,'parse','blocks','{"block_index":310013,"ledger_hash":"cd0cfff6de5dd4381301929c740015d5910339ba915a83eb4229ecb91ae84c17","messages_hash":"7b12cc5e920632b521e212f59216fb2efdccc401cd6dd97995da7f139e0c0b61","transaction_count":1,"txlist_hash":"c94c74dd04e03181e83c6bb5cb930a74829390a09bea4ed4fce3afe47b9adb6d"}',0,'BLOCK_PARSED',NULL,'1b243f8ea7b4cd92dcc5a6891a5a0396bd9b655d03bdc41eec434e56354ea48b');
INSERT INTO messages VALUES(105,310014,'insert','blocks','{"block_hash":"85b28d413ebda2968ed82ae53643677338650151b997ed1e4656158005b9f65f","block_index":310014,"block_time":310014000,"difficulty":null,"ledger_hash":null,"previous_block_hash":null,"txlist_hash":null}',0,'NEW_BLOCK',NULL,'94403966311c81a56a6b4a9f7d1fd7212e593d8958b2d2126ef0d3cfeb5c5588');
INSERT INTO messages VALUES(106,310014,'insert','transactions','{"block_hash":"85b28d413ebda2968ed82ae53643677338650151b997ed1e4656158005b9f65f","block_index":310014,"block_time":310014000,"btc_amount":5430,"data":"00000028000052bb33640000000008f0d1800000000014dc93800000000000000000000013b00000000a","destination":"mn6q3dS2EnDUx3bmyWc6D4szJNVGtaR7zc","fee":1320,"source":"mn6q3dS2EnDUx3bmyWc6D4szJNVGtaR7zc","supported":true,"tx_hash":"66e7001c9849c9df61cadb460f078cb69f239bf6c19e428a4b4431f58e1e53f1","tx_index":15,"utxos_info":" e6e319286e3ff719abc9c23d266561efba17418a4d5111f6193064c1fbf93236:0 3 "}',0,'NEW_TRANSACTION',NULL,'c60396c112835df7bc4dcc7a0cb3b9a3ad4fe41c73703fa074d850e8fa46caa1');
INSERT INTO messages VALUES(107,310014,'update','orders','{"status":"expired","tx_hash":"4433dfcde6e34bbe07bf8ae00c26556f8e3e07b6d8a290fc1d7ba63f07a7bb15"}',0,'ORDER_UPDATE',NULL,'325505a917a1d8405c7c89fd0d49c99ee94ecebd3cbb8c721b378640def4bf80');
INSERT INTO messages VALUES(108,310014,'insert','credits','{"address":"mn6q3dS2EnDUx3bmyWc6D4szJNVGtaR7zc","asset":"XCP","block_index":310014,"calling_function":"cancel order","event":"4433dfcde6e34bbe07bf8ae00c26556f8e3e07b6d8a290fc1d7ba63f07a7bb15","quantity":5000000,"tx_index":0,"utxo":null,"utxo_address":null}',0,'CREDIT',NULL,'640de4bf9791788335e016a15a81f796a8d84b0311ecce7cea55b0370ee52d04');
INSERT INTO messages VALUES(109,310014,'insert','order_expirations','{"block_index":310014,"order_hash":"4433dfcde6e34bbe07bf8ae00c26556f8e3e07b6d8a290fc1d7ba63f07a7bb15","source":"mn6q3dS2EnDUx3bmyWc6D4szJNVGtaR7zc"}',0,'ORDER_EXPIRATION',NULL,'d87268818f03295552e543f3360c61e6e80154c3f9c72ae6e1950611f8d59e9d');
INSERT INTO messages VALUES(110,310014,'insert','debits','{"action":"bet","address":"mn6q3dS2EnDUx3bmyWc6D4szJNVGtaR7zc","asset":"XCP","block_index":310014,"event":"66e7001c9849c9df61cadb460f078cb69f239bf6c19e428a4b4431f58e1e53f1","quantity":150000000,"tx_index":15,"utxo":null,"utxo_address":null}',0,'DEBIT','66e7001c9849c9df61cadb460f078cb69f239bf6c19e428a4b4431f58e1e53f1','b8410123a2a40d4a421a8a91f3528db720f8dd69fae4a43db0dffe28a11c0383');
INSERT INTO messages VALUES(111,310014,'insert','bets','{"bet_type":0,"block_index":310014,"counterwager_quantity":350000000,"counterwager_remaining":350000000,"deadline":1388000100,"expiration":10,"expire_index":310024,"fee_fraction_int":99999999.0,"feed_address":"mn6q3dS2EnDUx3bmyWc6D4szJNVGtaR7zc","leverage":5040,"source":"mn6q3dS2EnDUx3bmyWc6D4szJNVGtaR7zc","status":"open","target_value":0.0,"tx_hash":"66e7001c9849c9df61cadb460f078cb69f239bf6c19e428a4b4431f58e1e53f1","tx_index":15,"wager_quantity":150000000,"wager_remaining":150000000}',0,'OPEN_BET','66e7001c9849c9df61cadb460f078cb69f239bf6c19e428a4b4431f58e1e53f1','7854cb33f9fc4f535850aeef829839a8cccaf81cd97c36fa315887f03e332074');
INSERT INTO messages VALUES(112,310014,'parse','transactions','{"supported":true,"tx_hash":"66e7001c9849c9df61cadb460f078cb69f239bf6c19e428a4b4431f58e1e53f1","tx_index":15}',0,'TRANSACTION_PARSED','66e7001c9849c9df61cadb460f078cb69f239bf6c19e428a4b4431f58e1e53f1','00bf69a8ccaef52d4c785061e8d687dd1125056e4221b14aaa6876945f24f44e');
INSERT INTO messages VALUES(113,310014,'parse','blocks','{"block_index":310014,"ledger_hash":"5012d84065c7a39b5563f4fadeaf30670b47df3856f43d40fda74de663753e4e","messages_hash":"f19ad037c648f156baac37b0f5b297218c7120287024320d25ee5fe1a6d9d8e4","transaction_count":1,"txlist_hash":"95c06f39e9d8f2beb6f9af6d0d4c2972a57d8b8485a2b0619a003e2d5bc79ea2"}',0,'BLOCK_PARSED',NULL,'c03f75d2acaeeedf4b8bce6806fab36a7398d462f3beac7d5b10fcc76290be2a');
INSERT INTO messages VALUES(114,310015,'insert','blocks','{"block_hash":"4cf77d688f18f0c68c077db882f62e49f31859dfa6144372457cd73b29223922","block_index":310015,"block_time":310015000,"difficulty":null,"ledger_hash":null,"previous_block_hash":null,"txlist_hash":null}',0,'NEW_BLOCK',NULL,'5eb68a61e88f8b53cd24033302f3f9aca032b116fe919206011dfae07fabd582');
INSERT INTO messages VALUES(115,310015,'insert','transactions','{"block_hash":"4cf77d688f18f0c68c077db882f62e49f31859dfa6144372457cd73b29223922","block_index":310015,"block_time":310015000,"btc_amount":5430,"data":"00000028000152bb33640000000014dc93800000000008f0d1800000000000000000000013b00000000a","destination":"mn6q3dS2EnDUx3bmyWc6D4szJNVGtaR7zc","fee":1320,"source":"mn6q3dS2EnDUx3bmyWc6D4szJNVGtaR7zc","supported":true,"tx_hash":"ba2f85d2051649ce6a0835825c70f89ae179ec147362ddecbc4dcdb9f5b3caf2","tx_index":16,"utxos_info":" f6f557621c4eb008fc5635c1f540f2ea097802356a281db821a2ca1093cdd57b:0 3 "}',0,'NEW_TRANSACTION',NULL,'6dff21bd31117ea9f96ee285be55170cdb6df71ca307f6eaee52878789a9315c');
INSERT INTO messages VALUES(116,310015,'insert','debits','{"action":"bet","address":"mn6q3dS2EnDUx3bmyWc6D4szJNVGtaR7zc","asset":"XCP","block_index":310015,"event":"ba2f85d2051649ce6a0835825c70f89ae179ec147362ddecbc4dcdb9f5b3caf2","quantity":350000000,"tx_index":16,"utxo":null,"utxo_address":null}',0,'DEBIT','ba2f85d2051649ce6a0835825c70f89ae179ec147362ddecbc4dcdb9f5b3caf2','0362d3fb67c0874cef67efaaac90055c51cf28d0bb12a9fd72648eece8a345c1');
INSERT INTO messages VALUES(117,310015,'insert','bets','{"bet_type":1,"block_index":310015,"counterwager_quantity":150000000,"counterwager_remaining":150000000,"deadline":1388000100,"expiration":10,"expire_index":310025,"fee_fraction_int":99999999.0,"feed_address":"mn6q3dS2EnDUx3bmyWc6D4szJNVGtaR7zc","leverage":5040,"source":"mn6q3dS2EnDUx3bmyWc6D4szJNVGtaR7zc","status":"open","target_value":0.0,"tx_hash":"ba2f85d2051649ce6a0835825c70f89ae179ec147362ddecbc4dcdb9f5b3caf2","tx_index":16,"wager_quantity":350000000,"wager_remaining":350000000}',0,'OPEN_BET','ba2f85d2051649ce6a0835825c70f89ae179ec147362ddecbc4dcdb9f5b3caf2','edb9913e568a9c15874801348fb736b89967104e868b6d0d67394077ff1f265a');
INSERT INTO messages VALUES(118,310015,'insert','credits','{"address":"mn6q3dS2EnDUx3bmyWc6D4szJNVGtaR7zc","asset":"XCP","block_index":310015,"calling_function":"filled","event":"ba2f85d2051649ce6a0835825c70f89ae179ec147362ddecbc4dcdb9f5b3caf2","quantity":0,"tx_index":16,"utxo":null,"utxo_address":null}',0,'CREDIT','ba2f85d2051649ce6a0835825c70f89ae179ec147362ddecbc4dcdb9f5b3caf2','362ed5a7aa054fb04f8b5e4500add553a4683cfa3013be7a1b791b704e6aab59');
INSERT INTO messages VALUES(119,310015,'update','bets','{"counterwager_remaining":0,"status":"filled","tx_hash":"66e7001c9849c9df61cadb460f078cb69f239bf6c19e428a4b4431f58e1e53f1","wager_remaining":0}',0,'BET_UPDATE','ba2f85d2051649ce6a0835825c70f89ae179ec147362ddecbc4dcdb9f5b3caf2','e2fa67cedeee68cf19f2996c39ddd80c7007bfef06db08f8e930983da05eca4c');
INSERT INTO messages VALUES(120,310015,'insert','credits','{"address":"mn6q3dS2EnDUx3bmyWc6D4szJNVGtaR7zc","asset":"XCP","block_index":310015,"calling_function":"filled","event":"ba2f85d2051649ce6a0835825c70f89ae179ec147362ddecbc4dcdb9f5b3caf2","quantity":0,"tx_index":16,"utxo":null,"utxo_address":null}',0,'CREDIT','ba2f85d2051649ce6a0835825c70f89ae179ec147362ddecbc4dcdb9f5b3caf2','c7ada3b0fa021801036c847c940ae3d0c6f677d10481a945632556257eabc8df');
INSERT INTO messages VALUES(121,310015,'update','bets','{"counterwager_remaining":0,"status":"filled","tx_hash":"ba2f85d2051649ce6a0835825c70f89ae179ec147362ddecbc4dcdb9f5b3caf2","wager_remaining":0}',0,'BET_UPDATE','ba2f85d2051649ce6a0835825c70f89ae179ec147362ddecbc4dcdb9f5b3caf2','0b0e663b513bd7225677e59822628a3f634b0484fc93e9d5561b8a98242bba8e');
INSERT INTO messages VALUES(122,310015,'insert','bet_matches','{"backward_quantity":350000000,"block_index":310014,"deadline":1388000100,"fee_fraction_int":99999999,"feed_address":"mn6q3dS2EnDUx3bmyWc6D4szJNVGtaR7zc","forward_quantity":150000000,"id":"66e7001c9849c9df61cadb460f078cb69f239bf6c19e428a4b4431f58e1e53f1_ba2f85d2051649ce6a0835825c70f89ae179ec147362ddecbc4dcdb9f5b3caf2","initial_value":100.0,"leverage":5040,"match_expire_index":310024,"status":"pending","target_value":0.0,"tx0_address":"mn6q3dS2EnDUx3bmyWc6D4szJNVGtaR7zc","tx0_bet_type":0,"tx0_block_index":310014,"tx0_expiration":10,"tx0_hash":"66e7001c9849c9df61cadb460f078cb69f239bf6c19e428a4b4431f58e1e53f1","tx0_index":15,"tx1_address":"mn6q3dS2EnDUx3bmyWc6D4szJNVGtaR7zc","tx1_bet_type":1,"tx1_block_index":310015,"tx1_expiration":10,"tx1_hash":"ba2f85d2051649ce6a0835825c70f89ae179ec147362ddecbc4dcdb9f5b3caf2","tx1_index":16}',0,'BET_MATCH','ba2f85d2051649ce6a0835825c70f89ae179ec147362ddecbc4dcdb9f5b3caf2','db670d3c201f550a773f3a3e846d5501ddb866dc7e54e30f2620745517e647ab');
INSERT INTO messages VALUES(123,310015,'parse','transactions','{"supported":true,"tx_hash":"ba2f85d2051649ce6a0835825c70f89ae179ec147362ddecbc4dcdb9f5b3caf2","tx_index":16}',0,'TRANSACTION_PARSED','ba2f85d2051649ce6a0835825c70f89ae179ec147362ddecbc4dcdb9f5b3caf2','98a235136c7b442bc27ec9cfdbbd6f59120a5998d26942f0bfbcfb256537e19a');
INSERT INTO messages VALUES(124,310015,'parse','blocks','{"block_index":310015,"ledger_hash":"0356494d376b2b65b9f4b066b9d2baf2ae90d82369b87914bb58a67927ced5af","messages_hash":"9d2633d238d0b4c682b611b29aa8de861f009707161d8d48472efde938b24274","transaction_count":1,"txlist_hash":"37030d81e4b593294fe6f869d203d08d06228fb0a6db021a18a5ad98f151ae38"}',0,'BLOCK_PARSED',NULL,'b365cb82a26978eb0b88adc3afaae47504bf9c9f38d22d1e7426ef1a7b53da02');
INSERT INTO messages VALUES(125,310016,'insert','blocks','{"block_hash":"99dc7d2627efb4e5e618a53b9898b4ca39c70e98fe9bf39f68a6c980f5b64ef9","block_index":310016,"block_time":310016000,"difficulty":null,"ledger_hash":null,"previous_block_hash":null,"txlist_hash":null}',0,'NEW_BLOCK',NULL,'e4d95d268eab2bd01ab57aa94b067f2473e21938d5066997f729c6acd5d84444');
INSERT INTO messages VALUES(126,310016,'insert','transactions','{"block_hash":"99dc7d2627efb4e5e618a53b9898b4ca39c70e98fe9bf39f68a6c980f5b64ef9","block_index":310016,"block_time":310016000,"btc_amount":5430,"data":"00000028000252bb33c8000000002cb417800000000026be36803ff0000000000000000013b00000000a","destination":"mn6q3dS2EnDUx3bmyWc6D4szJNVGtaR7zc","fee":1320,"source":"mn6q3dS2EnDUx3bmyWc6D4szJNVGtaR7zc","supported":true,"tx_hash":"318fe271074109954e35ca005f999ab3585cd5aea24afc7bcfcac46003f4dee9","tx_index":17,"utxos_info":" 0c1f16fd1b167ed6521bfeee6849c250cd78b70c52a7f73e790ab096b96696c5:0 3 "}',0,'NEW_TRANSACTION',NULL,'5af7a6961277a6dffc96aa6e81aade18a6f5cb85adbb789d91f52ede8360f310');
INSERT INTO messages VALUES(127,310016,'insert','debits','{"action":"bet","address":"mn6q3dS2EnDUx3bmyWc6D4szJNVGtaR7zc","asset":"XCP","block_index":310016,"event":"318fe271074109954e35ca005f999ab3585cd5aea24afc7bcfcac46003f4dee9","quantity":750000000,"tx_index":17,"utxo":null,"utxo_address":null}',0,'DEBIT','318fe271074109954e35ca005f999ab3585cd5aea24afc7bcfcac46003f4dee9','09f7017bc880fa8ae6cf4a3aea11e6eb737dc15a514f442b700bee9304c0c4c0');
INSERT INTO messages VALUES(128,310016,'insert','bets','{"bet_type":2,"block_index":310016,"counterwager_quantity":650000000,"counterwager_remaining":650000000,"deadline":1388000200,"expiration":10,"expire_index":310026,"fee_fraction_int":99999999.0,"feed_address":"mn6q3dS2EnDUx3bmyWc6D4szJNVGtaR7zc","leverage":5040,"source":"mn6q3dS2EnDUx3bmyWc6D4szJNVGtaR7zc","status":"open","target_value":1.0,"tx_hash":"318fe271074109954e35ca005f999ab3585cd5aea24afc7bcfcac46003f4dee9","tx_index":17,"wager_quantity":750000000,"wager_remaining":750000000}',0,'OPEN_BET','318fe271074109954e35ca005f999ab3585cd5aea24afc7bcfcac46003f4dee9','3fd0f3b39ddab9d41ac1163513c4016ab7cdd2c4b242dd606be9c0fe6323001e');
INSERT INTO messages VALUES(129,310016,'parse','transactions','{"supported":true,"tx_hash":"318fe271074109954e35ca005f999ab3585cd5aea24afc7bcfcac46003f4dee9","tx_index":17}',0,'TRANSACTION_PARSED','318fe271074109954e35ca005f999ab3585cd5aea24afc7bcfcac46003f4dee9','3648a6df84abb8dc55b8fb97d55de49f1cc19790b16f0ec4403392ef14c20aaa');
INSERT INTO messages VALUES(130,310016,'parse','blocks','{"block_index":310016,"ledger_hash":"c90ff439bd04970ed9e6e25cbfce32160450925a37ba3360f40df8854529b52d","messages_hash":"b97c2d2ca3579831c2a60cc79dca4377e5879e539ef1e2d6eddd8edb6a22bb5c","transaction_count":1,"txlist_hash":"36be84f8342e860cc48d23443b32dd164f3cd1aa7d0a3a8424796e0a17189db5"}',0,'BLOCK_PARSED',NULL,'1836813f8822fe23f7d7bfd807e4256b883dfb9789945e463af9ee719115701a');
INSERT INTO messages VALUES(131,310017,'insert','blocks','{"block_hash":"8a4fedfbf734b91a5c5761a7bcb3908ea57169777a7018148c51ff611970e4a3","block_index":310017,"block_time":310017000,"difficulty":null,"ledger_hash":null,"previous_block_hash":null,"txlist_hash":null}',0,'NEW_BLOCK',NULL,'cdf59798edd16c3a41706b7a27490623a07973ff4bedee34e8074150a9016b16');
INSERT INTO messages VALUES(132,310017,'insert','transactions','{"block_hash":"8a4fedfbf734b91a5c5761a7bcb3908ea57169777a7018148c51ff611970e4a3","block_index":310017,"block_time":310017000,"btc_amount":5430,"data":"00000028000352bb33c80000000026be3680000000002cb417803ff0000000000000000013b00000000a","destination":"mn6q3dS2EnDUx3bmyWc6D4szJNVGtaR7zc","fee":1320,"source":"mn6q3dS2EnDUx3bmyWc6D4szJNVGtaR7zc","supported":true,"tx_hash":"f206f68fcbfdb79939f6bb9932fd5413b00a9590f6b1616a335802e6c62cedbd","tx_index":18,"utxos_info":" 47a64f23416dcc37607910ade802411fdf1204ffb8f32587d0bb9c594bec4f41:0 3 "}',0,'NEW_TRANSACTION',NULL,'cbea318daed4b35fa77f398627f5bdb6f91f959504c112f3a8747d5997ca0815');
INSERT INTO messages VALUES(133,310017,'insert','debits','{"action":"bet","address":"mn6q3dS2EnDUx3bmyWc6D4szJNVGtaR7zc","asset":"XCP","block_index":310017,"event":"f206f68fcbfdb79939f6bb9932fd5413b00a9590f6b1616a335802e6c62cedbd","quantity":650000000,"tx_index":18,"utxo":null,"utxo_address":null}',0,'DEBIT','f206f68fcbfdb79939f6bb9932fd5413b00a9590f6b1616a335802e6c62cedbd','9c91ff3142b713ed50e80991d966c073b1a0ea4029c27c8cc4e0dd29a511f0cf');
INSERT INTO messages VALUES(134,310017,'insert','bets','{"bet_type":3,"block_index":310017,"counterwager_quantity":750000000,"counterwager_remaining":750000000,"deadline":1388000200,"expiration":10,"expire_index":310027,"fee_fraction_int":99999999.0,"feed_address":"mn6q3dS2EnDUx3bmyWc6D4szJNVGtaR7zc","leverage":5040,"source":"mn6q3dS2EnDUx3bmyWc6D4szJNVGtaR7zc","status":"open","target_value":1.0,"tx_hash":"f206f68fcbfdb79939f6bb9932fd5413b00a9590f6b1616a335802e6c62cedbd","tx_index":18,"wager_quantity":650000000,"wager_remaining":650000000}',0,'OPEN_BET','f206f68fcbfdb79939f6bb9932fd5413b00a9590f6b1616a335802e6c62cedbd','4037845a7c18a695be97cf5d15dac0807efeca4d62caa9a3cb970d9e0dd40a28');
INSERT INTO messages VALUES(135,310017,'insert','credits','{"address":"mn6q3dS2EnDUx3bmyWc6D4szJNVGtaR7zc","asset":"XCP","block_index":310017,"calling_function":"filled","event":"f206f68fcbfdb79939f6bb9932fd5413b00a9590f6b1616a335802e6c62cedbd","quantity":0,"tx_index":18,"utxo":null,"utxo_address":null}',0,'CREDIT','f206f68fcbfdb79939f6bb9932fd5413b00a9590f6b1616a335802e6c62cedbd','9ae06826d878f8c9095b02ee21292f6e3b649c2008439b01db8a8cfc92e6f6b4');
INSERT INTO messages VALUES(136,310017,'update','bets','{"counterwager_remaining":0,"status":"filled","tx_hash":"318fe271074109954e35ca005f999ab3585cd5aea24afc7bcfcac46003f4dee9","wager_remaining":0}',0,'BET_UPDATE','f206f68fcbfdb79939f6bb9932fd5413b00a9590f6b1616a335802e6c62cedbd','1a0b1c4c1368d033a104d6550becc1e0a699f23d4a329dcdfbb879b82cb8fc0c');
INSERT INTO messages VALUES(137,310017,'insert','credits','{"address":"mn6q3dS2EnDUx3bmyWc6D4szJNVGtaR7zc","asset":"XCP","block_index":310017,"calling_function":"filled","event":"f206f68fcbfdb79939f6bb9932fd5413b00a9590f6b1616a335802e6c62cedbd","quantity":0,"tx_index":18,"utxo":null,"utxo_address":null}',0,'CREDIT','f206f68fcbfdb79939f6bb9932fd5413b00a9590f6b1616a335802e6c62cedbd','c7b176d297e57f166340f4c92ca986307678e2eecdc61b164d025e1bebbb78c1');
INSERT INTO messages VALUES(138,310017,'update','bets','{"counterwager_remaining":0,"status":"filled","tx_hash":"f206f68fcbfdb79939f6bb9932fd5413b00a9590f6b1616a335802e6c62cedbd","wager_remaining":0}',0,'BET_UPDATE','f206f68fcbfdb79939f6bb9932fd5413b00a9590f6b1616a335802e6c62cedbd','daef82eb431d196b5ff25bf79e7f74051304ea0a439e01e25899f8ba87d9ba30');
INSERT INTO messages VALUES(139,310017,'insert','bet_matches','{"backward_quantity":650000000,"block_index":310016,"deadline":1388000200,"fee_fraction_int":99999999,"feed_address":"mn6q3dS2EnDUx3bmyWc6D4szJNVGtaR7zc","forward_quantity":750000000,"id":"318fe271074109954e35ca005f999ab3585cd5aea24afc7bcfcac46003f4dee9_f206f68fcbfdb79939f6bb9932fd5413b00a9590f6b1616a335802e6c62cedbd","initial_value":100.0,"leverage":5040,"match_expire_index":310026,"status":"pending","target_value":1.0,"tx0_address":"mn6q3dS2EnDUx3bmyWc6D4szJNVGtaR7zc","tx0_bet_type":2,"tx0_block_index":310016,"tx0_expiration":10,"tx0_hash":"318fe271074109954e35ca005f999ab3585cd5aea24afc7bcfcac46003f4dee9","tx0_index":17,"tx1_address":"mn6q3dS2EnDUx3bmyWc6D4szJNVGtaR7zc","tx1_bet_type":3,"tx1_block_index":310017,"tx1_expiration":10,"tx1_hash":"f206f68fcbfdb79939f6bb9932fd5413b00a9590f6b1616a335802e6c62cedbd","tx1_index":18}',0,'BET_MATCH','f206f68fcbfdb79939f6bb9932fd5413b00a9590f6b1616a335802e6c62cedbd','9b1099d43888f2ed3b977a679e75397b28f6291fe23461310025fc410f5f165f');
INSERT INTO messages VALUES(140,310017,'parse','transactions','{"supported":true,"tx_hash":"f206f68fcbfdb79939f6bb9932fd5413b00a9590f6b1616a335802e6c62cedbd","tx_index":18}',0,'TRANSACTION_PARSED','f206f68fcbfdb79939f6bb9932fd5413b00a9590f6b1616a335802e6c62cedbd','0f7f8d2da98d9aba532217c3b106a45c517d2f91b6131f1a96355615a762660a');
INSERT INTO messages VALUES(141,310017,'parse','blocks','{"block_index":310017,"ledger_hash":"19cf18f708dab6a983a2642802deb38d25b6fc205ea663059a0569fa38bdaf8d","messages_hash":"6f826ac038c72e5b8b8861b0e23e28b12e51c1aa241378c12d2e587a0f76803e","transaction_count":1,"txlist_hash":"afabe692967a4726d8d1a8e1493d162f462bfdef54694e582c05bbf4cdf6389d"}',0,'BLOCK_PARSED',NULL,'9a482ee75e0c3b79bd24796819662a12cfa10bf670f04bc9d217e28272eba225');
INSERT INTO messages VALUES(142,310018,'insert','blocks','{"block_hash":"35c06f9e3de39e4e56ceb1d1a22008f52361c50dd0d251c0acbe2e3c2dba8ed3","block_index":310018,"block_time":310018000,"difficulty":null,"ledger_hash":null,"previous_block_hash":null,"txlist_hash":null}',0,'NEW_BLOCK',NULL,'f44e7ff32400ec812a6a43a77c1a1db5c8eed9156252e910a79ce83e66b9ab66');
INSERT INTO messages VALUES(143,310018,'insert','transactions','{"block_hash":"35c06f9e3de39e4e56ceb1d1a22008f52361c50dd0d251c0acbe2e3c2dba8ed3","block_index":310018,"block_time":310018000,"btc_amount":0,"data":"0000001e52bb33324058f7256ffc115e004c4b4009556e69742054657374","destination":"","fee":1260,"source":"mn6q3dS2EnDUx3bmyWc6D4szJNVGtaR7zc","supported":true,"tx_hash":"db19d01045220ed625e816d7741bbe3c54f4ed5fbffbe2f89c2cca4be94bfb42","tx_index":19,"utxos_info":" a471fc11af5365d995f7abceedf95a0057cf18c038f5271096e37f0cfbcdec9c:0 2 "}',0,'NEW_TRANSACTION',NULL,'2b605a34655ad55dfb2bc513e39ab9084209339834e91c57354a304eeb456dab');
INSERT INTO messages VALUES(144,310018,'insert','broadcasts','{"block_index":310018,"fee_fraction_int":5000000,"locked":false,"source":"mn6q3dS2EnDUx3bmyWc6D4szJNVGtaR7zc","status":"valid","text":"Unit Test","timestamp":1388000050,"tx_hash":"db19d01045220ed625e816d7741bbe3c54f4ed5fbffbe2f89c2cca4be94bfb42","tx_index":19,"value":99.86166}',0,'BROADCAST','db19d01045220ed625e816d7741bbe3c54f4ed5fbffbe2f89c2cca4be94bfb42','c647736725abcc1eb71d6114539402bcee2a4511d01e41992900000f1102b65b');
INSERT INTO messages VALUES(145,310018,'insert','credits','{"address":"mn6q3dS2EnDUx3bmyWc6D4szJNVGtaR7zc","asset":"XCP","block_index":310018,"calling_function":"bet settled: liquidated for bear","event":"db19d01045220ed625e816d7741bbe3c54f4ed5fbffbe2f89c2cca4be94bfb42","quantity":59137500,"tx_index":19,"utxo":null,"utxo_address":null}',0,'CREDIT','db19d01045220ed625e816d7741bbe3c54f4ed5fbffbe2f89c2cca4be94bfb42','10263b46c2ac325f8b4b666c4c4e4781c8ee0ea19f03d736d703621f234695e2');
INSERT INTO messages VALUES(146,310018,'insert','credits','{"address":"mn6q3dS2EnDUx3bmyWc6D4szJNVGtaR7zc","asset":"XCP","block_index":310018,"calling_function":"feed fee","event":"db19d01045220ed625e816d7741bbe3c54f4ed5fbffbe2f89c2cca4be94bfb42","quantity":3112500,"tx_index":19,"utxo":null,"utxo_address":null}',0,'CREDIT','db19d01045220ed625e816d7741bbe3c54f4ed5fbffbe2f89c2cca4be94bfb42','73698e6a4ee05b1fe9c04b16bd00011aa81136f006da368ef37eddc006d52e95');
INSERT INTO messages VALUES(147,310018,'insert','bet_match_resolutions','{"bear_credit":59137500,"bet_match_id":"4c983a7fab208a12497cd705c73fb136c6e2cf5d6fbcab4486aa591dd3ef5e0c_36b3a6a2dcdcaeec9ad25443e03395c109fa10a27e10e0436cf7feb51836306e","bet_match_type_id":1,"block_index":310018,"bull_credit":0,"escrow_less_fee":null,"fee":3112500,"settled":false,"winner":null}',0,'BET_MATCH_RESOLUTON','db19d01045220ed625e816d7741bbe3c54f4ed5fbffbe2f89c2cca4be94bfb42','60326542d7b1c429777ebd2ef5fe4082fbfd169bf3697b4456e94e4fcad996d4');
INSERT INTO messages VALUES(148,310018,'update','bet_matches','{"id":"4c983a7fab208a12497cd705c73fb136c6e2cf5d6fbcab4486aa591dd3ef5e0c_36b3a6a2dcdcaeec9ad25443e03395c109fa10a27e10e0436cf7feb51836306e","status":"settled: liquidated for bear"}',0,'BET_MATCH_UPDATE','db19d01045220ed625e816d7741bbe3c54f4ed5fbffbe2f89c2cca4be94bfb42','ec54c7191e6858ca6c2ae958aa97e2598fb070874a5b27e4876274559cc17e80');
INSERT INTO messages VALUES(149,310018,'parse','transactions','{"supported":true,"tx_hash":"db19d01045220ed625e816d7741bbe3c54f4ed5fbffbe2f89c2cca4be94bfb42","tx_index":19}',0,'TRANSACTION_PARSED','db19d01045220ed625e816d7741bbe3c54f4ed5fbffbe2f89c2cca4be94bfb42','d763e042f36174378a6b6d77aa54b896b8dfeab9590f752531e228dfaf7ff14d');
INSERT INTO messages VALUES(150,310018,'parse','blocks','{"block_index":310018,"ledger_hash":"d9ac565fbe7bf18c1d899dab8e0c98e070880e36fa51710382017d46ddf837cf","messages_hash":"43aca6b5de6c7afc056d71c2b3e88f2353d0d5a01f7fbf14ae6db33d3bc76250","transaction_count":1,"txlist_hash":"1108a26ea93513afe81c515f3adcd87326e63946755a9c77b3ee7154d10f8fda"}',0,'BLOCK_PARSED',NULL,'8ec78f00d56fdfe34eb3dd93add2affd1546f6803500aa262a13ecd6872f5410');
INSERT INTO messages VALUES(151,310019,'insert','blocks','{"block_hash":"114affa0c4f34b1ebf8e2778c9477641f60b5b9e8a69052158041d4c41893294","block_index":310019,"block_time":310019000,"difficulty":null,"ledger_hash":null,"previous_block_hash":null,"txlist_hash":null}',0,'NEW_BLOCK',NULL,'4255a23adfc6403685effb36a9db7b20f4849ba2f03e4cd8bca205ed76e0b877');
INSERT INTO messages VALUES(152,310019,'insert','transactions','{"block_hash":"114affa0c4f34b1ebf8e2778c9477641f60b5b9e8a69052158041d4c41893294","block_index":310019,"block_time":310019000,"btc_amount":0,"data":"0000001e52bb3365405915f3b645a1cb004c4b4009556e69742054657374","destination":"","fee":1260,"source":"mn6q3dS2EnDUx3bmyWc6D4szJNVGtaR7zc","supported":true,"tx_hash":"859eeb1cb8607ad1d3f4580977ba489371385a5b0e69b657aba22eee671781b4","tx_index":20,"utxos_info":" dade42960789b09c55c0ca5b8f2744a988067169545ad05b2a200e77dacfafd9:0 2 "}',0,'NEW_TRANSACTION',NULL,'2f499c1e26a984e9e0c0f48db973497ef48b92957f1a4bc40b006dfe343a9ae1');
INSERT INTO messages VALUES(153,310019,'insert','broadcasts','{"block_index":310019,"fee_fraction_int":5000000,"locked":false,"source":"mn6q3dS2EnDUx3bmyWc6D4szJNVGtaR7zc","status":"valid","text":"Unit Test","timestamp":1388000101,"tx_hash":"859eeb1cb8607ad1d3f4580977ba489371385a5b0e69b657aba22eee671781b4","tx_index":20,"value":100.343}',0,'BROADCAST','859eeb1cb8607ad1d3f4580977ba489371385a5b0e69b657aba22eee671781b4','ceff6825d14512923e4449c974efdc36a4e67b38b318b179aea6ac8ec241df46');
INSERT INTO messages VALUES(154,310019,'insert','credits','{"address":"mn6q3dS2EnDUx3bmyWc6D4szJNVGtaR7zc","asset":"XCP","block_index":310019,"calling_function":"bet settled","event":"859eeb1cb8607ad1d3f4580977ba489371385a5b0e69b657aba22eee671781b4","quantity":159300000,"tx_index":20,"utxo":null,"utxo_address":null}',0,'CREDIT','859eeb1cb8607ad1d3f4580977ba489371385a5b0e69b657aba22eee671781b4','a1a3a308fd7baaffffa4a42751c26bb40f2123fbbc1eea42320784fa3b96b5b7');
INSERT INTO messages VALUES(155,310019,'insert','credits','{"address":"mn6q3dS2EnDUx3bmyWc6D4szJNVGtaR7zc","asset":"XCP","block_index":310019,"calling_function":"bet settled","event":"859eeb1cb8607ad1d3f4580977ba489371385a5b0e69b657aba22eee671781b4","quantity":315700000,"tx_index":20,"utxo":null,"utxo_address":null}',0,'CREDIT','859eeb1cb8607ad1d3f4580977ba489371385a5b0e69b657aba22eee671781b4','2f3a05fb647328d247d59acd34e1a8904e21fbf8d8855599650b71b19012cd3b');
INSERT INTO messages VALUES(156,310019,'insert','credits','{"address":"mn6q3dS2EnDUx3bmyWc6D4szJNVGtaR7zc","asset":"XCP","block_index":310019,"calling_function":"feed fee","event":"859eeb1cb8607ad1d3f4580977ba489371385a5b0e69b657aba22eee671781b4","quantity":25000000,"tx_index":20,"utxo":null,"utxo_address":null}',0,'CREDIT','859eeb1cb8607ad1d3f4580977ba489371385a5b0e69b657aba22eee671781b4','35e96e4315c223439b5a6127079aadf79a6e1bc4ead5dc3edc90f7f060d44c9f');
INSERT INTO messages VALUES(157,310019,'insert','bet_match_resolutions','{"bear_credit":315700000,"bet_match_id":"66e7001c9849c9df61cadb460f078cb69f239bf6c19e428a4b4431f58e1e53f1_ba2f85d2051649ce6a0835825c70f89ae179ec147362ddecbc4dcdb9f5b3caf2","bet_match_type_id":1,"block_index":310019,"bull_credit":159300000,"escrow_less_fee":null,"fee":25000000,"settled":true,"winner":null}',0,'BET_MATCH_RESOLUTON','859eeb1cb8607ad1d3f4580977ba489371385a5b0e69b657aba22eee671781b4','9e31040f2f091adc32554b1c5e702e362f161759b2718bc01edee7911db7ffdc');
INSERT INTO messages VALUES(158,310019,'update','bet_matches','{"id":"66e7001c9849c9df61cadb460f078cb69f239bf6c19e428a4b4431f58e1e53f1_ba2f85d2051649ce6a0835825c70f89ae179ec147362ddecbc4dcdb9f5b3caf2","status":"settled"}',0,'BET_MATCH_UPDATE','859eeb1cb8607ad1d3f4580977ba489371385a5b0e69b657aba22eee671781b4','98a6c7d48c2f12b5c09d48e8949937ed8dd6636e0b15c2416bb75e1ef218a5a3');
INSERT INTO messages VALUES(159,310019,'parse','transactions','{"supported":true,"tx_hash":"859eeb1cb8607ad1d3f4580977ba489371385a5b0e69b657aba22eee671781b4","tx_index":20}',0,'TRANSACTION_PARSED','859eeb1cb8607ad1d3f4580977ba489371385a5b0e69b657aba22eee671781b4','2c42fe1fbb1e64761f2d9b8006914fe674d2d0964d9eb78c89101b91617f035f');
INSERT INTO messages VALUES(160,310019,'parse','blocks','{"block_index":310019,"ledger_hash":"b66661deef419a50557d171cc1bcae04f5bc260ed1f5ff56cf08ef39158617a1","messages_hash":"7b46dc6173095ee87a00748891e03beba1a0a509fdf7a5430268f532a76a537b","transaction_count":1,"txlist_hash":"b00b30cadadc3e401c39f3f1fa2dde76d8fdc24483aca103ad49429ded803e32"}',0,'BLOCK_PARSED',NULL,'faad6ec652b3f5e7ffe0957baf7fe7c3a00f0973c9198cc9dd9ea7fb28304478');
INSERT INTO messages VALUES(161,310020,'insert','blocks','{"block_hash":"d93c79920e4a42164af74ecb5c6b903ff6055cdc007376c74dfa692c8d85ebc9","block_index":310020,"block_time":310020000,"difficulty":null,"ledger_hash":null,"previous_block_hash":null,"txlist_hash":null}',0,'NEW_BLOCK',NULL,'813aa3e9a83156ad56e66d90b9a7fec6cd7305c5fbae737e73b13f822eb83354');
INSERT INTO messages VALUES(162,310020,'insert','transactions','{"block_hash":"d93c79920e4a42164af74ecb5c6b903ff6055cdc007376c74dfa692c8d85ebc9","block_index":310020,"block_time":310020000,"btc_amount":0,"data":"0000001e52bb33c94000000000000000004c4b4009556e69742054657374","destination":"","fee":1260,"source":"mn6q3dS2EnDUx3bmyWc6D4szJNVGtaR7zc","supported":true,"tx_hash":"2ef530a785f2b27c6a072cfd29d9264f57c43519a7ea6dbc99e95dad43dd5877","tx_index":21,"utxos_info":" 7a69fa841a7107f476776130f913ac1aaea988a43334837ce694636a59948c39:0 2 "}',0,'NEW_TRANSACTION',NULL,'dff0e3ce6d69e527ac440553486f6a55b8f6aba407572dae0068cfe08ef2a521');
INSERT INTO messages VALUES(163,310020,'insert','broadcasts','{"block_index":310020,"fee_fraction_int":5000000,"locked":false,"source":"mn6q3dS2EnDUx3bmyWc6D4szJNVGtaR7zc","status":"valid","text":"Unit Test","timestamp":1388000201,"tx_hash":"2ef530a785f2b27c6a072cfd29d9264f57c43519a7ea6dbc99e95dad43dd5877","tx_index":21,"value":2.0}',0,'BROADCAST','2ef530a785f2b27c6a072cfd29d9264f57c43519a7ea6dbc99e95dad43dd5877','d06901ecd1ce62d5044013e4d19fac310e9ffa636b5f0df4503a900fd5128937');
INSERT INTO messages VALUES(164,310020,'insert','credits','{"address":"mn6q3dS2EnDUx3bmyWc6D4szJNVGtaR7zc","asset":"XCP","block_index":310020,"calling_function":"bet settled: for notequal","event":"2ef530a785f2b27c6a072cfd29d9264f57c43519a7ea6dbc99e95dad43dd5877","quantity":1330000000,"tx_index":21,"utxo":null,"utxo_address":null}',0,'CREDIT','2ef530a785f2b27c6a072cfd29d9264f57c43519a7ea6dbc99e95dad43dd5877','94184721ac2ae6c7b7caddaecf843f021b946697f84472ac34c22366c9a59ba0');
INSERT INTO messages VALUES(165,310020,'insert','credits','{"address":"mn6q3dS2EnDUx3bmyWc6D4szJNVGtaR7zc","asset":"XCP","block_index":310020,"calling_function":"feed fee","event":"2ef530a785f2b27c6a072cfd29d9264f57c43519a7ea6dbc99e95dad43dd5877","quantity":70000000,"tx_index":21,"utxo":null,"utxo_address":null}',0,'CREDIT','2ef530a785f2b27c6a072cfd29d9264f57c43519a7ea6dbc99e95dad43dd5877','b8c4546ad817564392e03a4f949f1881592a71b648fb86b6fb0e1f32dd594459');
INSERT INTO messages VALUES(166,310020,'insert','bet_match_resolutions','{"bear_credit":null,"bet_match_id":"318fe271074109954e35ca005f999ab3585cd5aea24afc7bcfcac46003f4dee9_f206f68fcbfdb79939f6bb9932fd5413b00a9590f6b1616a335802e6c62cedbd","bet_match_type_id":5,"block_index":310020,"bull_credit":null,"escrow_less_fee":1330000000,"fee":70000000,"settled":null,"winner":"NotEqual"}',0,'BET_MATCH_RESOLUTON','2ef530a785f2b27c6a072cfd29d9264f57c43519a7ea6dbc99e95dad43dd5877','8c06c31c86e988900498e7b4799306897eceb8df3f3b6feba7e5f55ca027f349');
INSERT INTO messages VALUES(167,310020,'update','bet_matches','{"id":"318fe271074109954e35ca005f999ab3585cd5aea24afc7bcfcac46003f4dee9_f206f68fcbfdb79939f6bb9932fd5413b00a9590f6b1616a335802e6c62cedbd","status":"settled: for notequal"}',0,'BET_MATCH_UPDATE','2ef530a785f2b27c6a072cfd29d9264f57c43519a7ea6dbc99e95dad43dd5877','2bd0c8c712d9d3b8ec1c756e73c05349b56e799dffb39a630c9f10aa4484b646');
INSERT INTO messages VALUES(168,310020,'parse','transactions','{"supported":true,"tx_hash":"2ef530a785f2b27c6a072cfd29d9264f57c43519a7ea6dbc99e95dad43dd5877","tx_index":21}',0,'TRANSACTION_PARSED','2ef530a785f2b27c6a072cfd29d9264f57c43519a7ea6dbc99e95dad43dd5877','f2d4af1a06f0184e077903448f0408af937002d07a69b287946c120e42af4b88');
INSERT INTO messages VALUES(169,310020,'parse','blocks','{"block_index":310020,"ledger_hash":"57a6c53e41338011cb06cd60118961dcec0e800f62a2c4b1e9381c666319680f","messages_hash":"9d35818cd9cbe50896197e29cd5c134f761d6ad77087b86de3294adbdd78c3ff","transaction_count":1,"txlist_hash":"399bff1e6450060df1ef090452be4aaae0185203a8c4f8cc4c5b238a0bfca04f"}',0,'BLOCK_PARSED',NULL,'f5ba601b31e3fe6dae8dbf2dc422088d066d3785a104a68ba60c76e235d6a0d2');
INSERT INTO messages VALUES(170,310021,'insert','blocks','{"block_hash":"7c2460bb32c5749c856486393239bf7a0ac789587ac71f32e7237910da8097f2","block_index":310021,"block_time":310021000,"difficulty":null,"ledger_hash":null,"previous_block_hash":null,"txlist_hash":null}',0,'NEW_BLOCK',NULL,'4ce23957da4c3c8586bd8c1e99d2aaccc5d4aa425b09ef9eea13730ec8ce879e');
INSERT INTO messages VALUES(171,310021,'insert','transactions','{"block_hash":"7c2460bb32c5749c856486393239bf7a0ac789587ac71f32e7237910da8097f2","block_index":310021,"block_time":310021000,"btc_amount":0,"data":"0000000a00000000000047670000000002faf08000000000000000010000000002faf080000a0000000000000000","destination":"","fee":1260,"source":"mn6q3dS2EnDUx3bmyWc6D4szJNVGtaR7zc","supported":true,"tx_hash":"fa0a06be464e47e29a9c635a718a46aca07f80a05f4ae1f3dc18391fc5b81004","tx_index":22,"utxos_info":" e1d2f426c7d96646a4a1e0418ea917463b1c2896693ef2b6d25abb48c57289d7:0 2 "}',0,'NEW_TRANSACTION',NULL,'7f11ef95d2aa77610699ac5c586e62c20b146aac74507bf65472527ecf7f47d0');
INSERT INTO messages VALUES(172,310021,'insert','debits','{"action":"open order","address":"mn6q3dS2EnDUx3bmyWc6D4szJNVGtaR7zc","asset":"BBBB","block_index":310021,"event":"fa0a06be464e47e29a9c635a718a46aca07f80a05f4ae1f3dc18391fc5b81004","quantity":50000000,"tx_index":22,"utxo":null,"utxo_address":null}',0,'DEBIT','fa0a06be464e47e29a9c635a718a46aca07f80a05f4ae1f3dc18391fc5b81004','a08687426e19cf00f27d2fe6b4fa7d68808737330513ba393151561bc8282c02');
INSERT INTO messages VALUES(173,310021,'insert','orders','{"block_index":310021,"expiration":10,"expire_index":310031,"fee_provided":1260,"fee_provided_remaining":1260,"fee_required":0,"fee_required_remaining":0,"get_asset":"XCP","get_quantity":50000000,"get_remaining":50000000,"give_asset":"BBBB","give_quantity":50000000,"give_remaining":50000000,"source":"mn6q3dS2EnDUx3bmyWc6D4szJNVGtaR7zc","status":"open","tx_hash":"fa0a06be464e47e29a9c635a718a46aca07f80a05f4ae1f3dc18391fc5b81004","tx_index":22}',0,'OPEN_ORDER','fa0a06be464e47e29a9c635a718a46aca07f80a05f4ae1f3dc18391fc5b81004','27d8ee34e6c1da5b9717c94d6950e9c8dd83e2f322ebbf120492760272763cae');
INSERT INTO messages VALUES(174,310021,'parse','transactions','{"supported":true,"tx_hash":"fa0a06be464e47e29a9c635a718a46aca07f80a05f4ae1f3dc18391fc5b81004","tx_index":22}',0,'TRANSACTION_PARSED','fa0a06be464e47e29a9c635a718a46aca07f80a05f4ae1f3dc18391fc5b81004','b99094d2236b970b68f030d1548ecbfeec69ff2aa133daed7ceb93bbe88c89f6');
INSERT INTO messages VALUES(175,310021,'parse','blocks','{"block_index":310021,"ledger_hash":"66c16af10125f298796da828f1a6c2b43123cda38e3dfc57ccc25b00f3da17f8","messages_hash":"dda5edd53a2f153758d8aabf09d2fb98be83d881454ce3f490bec4ac7360bb59","transaction_count":1,"txlist_hash":"5e77584396388981d0c2d3624d018ab11c061bfc1a4b0b4683e74e6b81723ae2"}',0,'BLOCK_PARSED',NULL,'6f9b6ab6dff49a21cdc952a0c2a47bba29da59e11ae3b2c07ab60c5f5e08c907');
INSERT INTO messages VALUES(176,310022,'insert','blocks','{"block_hash":"44435f9a99a0aa12a9bfabdc4cb8119f6ea6a6e1350d2d65445fb66a456db5fc","block_index":310022,"block_time":310022000,"difficulty":null,"ledger_hash":null,"previous_block_hash":null,"txlist_hash":null}',0,'NEW_BLOCK',NULL,'c2639fb0ea03b738129cf8aca57bd2e664e1fd027b262e7bb8498a867ca12ce1');
INSERT INTO messages VALUES(177,310022,'insert','transactions','{"block_hash":"44435f9a99a0aa12a9bfabdc4cb8119f6ea6a6e1350d2d65445fb66a456db5fc","block_index":310022,"block_time":310022000,"btc_amount":100000000,"data":"","destination":"mvCounterpartyXXXXXXXXXXXXXXW24Hef","fee":1122,"source":"mn6q3dS2EnDUx3bmyWc6D4szJNVGtaR7zc","supported":true,"tx_hash":"77d4da76d66b220298ce985c0bd9e5835e359d10ddb6c03b9d3bef27ee077559","tx_index":23,"utxos_info":" 27c13e12178fbc309c4918095cd9aed2494323f7fbfe8e01dc1f95a36310b9ac:0 2 "}',0,'NEW_TRANSACTION',NULL,'dad107adc7a7e2288115cf3f74feb01bcb06e558b761083ed505b864a79a0761');
INSERT INTO messages VALUES(178,310022,'insert','credits','{"address":"mn6q3dS2EnDUx3bmyWc6D4szJNVGtaR7zc","asset":"XCP","block_index":310022,"calling_function":"burn","event":"77d4da76d66b220298ce985c0bd9e5835e359d10ddb6c03b9d3bef27ee077559","quantity":56999887262,"tx_index":23,"utxo":null,"utxo_address":null}',0,'CREDIT','77d4da76d66b220298ce985c0bd9e5835e359d10ddb6c03b9d3bef27ee077559','e1a588a91c6b6d453dd001b69ed850c407c72ef7baeaae81833e04354f55d0ae');
INSERT INTO messages VALUES(179,310022,'insert','burns','{"block_index":310022,"burned":38000000,"earned":56999887262,"source":"mn6q3dS2EnDUx3bmyWc6D4szJNVGtaR7zc","status":"valid","tx_hash":"77d4da76d66b220298ce985c0bd9e5835e359d10ddb6c03b9d3bef27ee077559","tx_index":23}',0,'BURN','77d4da76d66b220298ce985c0bd9e5835e359d10ddb6c03b9d3bef27ee077559','1bf8a0b916a0fa324e4387b49fee39fa0c131e7d03f424df91030190bed45a61');
INSERT INTO messages VALUES(180,310022,'parse','transactions','{"supported":true,"tx_hash":"77d4da76d66b220298ce985c0bd9e5835e359d10ddb6c03b9d3bef27ee077559","tx_index":23}',0,'TRANSACTION_PARSED','77d4da76d66b220298ce985c0bd9e5835e359d10ddb6c03b9d3bef27ee077559','52acbf6031db8f033f989fc1bf3c22d8c853fd941d91ab241a483146dd7fb839');
INSERT INTO messages VALUES(181,310022,'parse','blocks','{"block_index":310022,"ledger_hash":"43b6213cad601a389aed2a4e912be118dfab6cca5358d86bac03f4bee6765493","messages_hash":"e47599f7e1b09a6e209ecd54f3e59ea7f6dc7c0177ade7472c2dc2c575adbca5","transaction_count":1,"txlist_hash":"53c381e72115657ff9395c634cb03e6f2e03efee8291616998b5968c667cbe38"}',0,'BLOCK_PARSED',NULL,'a18e1f018d8cd547423383fc2f7b9583da6d585b3808dba6e6b34a16011dc473');
INSERT INTO messages VALUES(182,310023,'insert','blocks','{"block_hash":"d8cf5bec1bbcab8ca4f495352afde3b6572b7e1d61b3976872ebb8e9d30ccb08","block_index":310023,"block_time":310023000,"difficulty":null,"ledger_hash":null,"previous_block_hash":null,"txlist_hash":null}',0,'NEW_BLOCK',NULL,'2dd75761bb858b6ad20d508c9b1d60eada3e89af7e51b3616e46a40f3fd25a1f');
INSERT INTO messages VALUES(183,310023,'insert','transactions','{"block_hash":"d8cf5bec1bbcab8ca4f495352afde3b6572b7e1d61b3976872ebb8e9d30ccb08","block_index":310023,"block_time":310023000,"btc_amount":5430,"data":"0000000000000000000047680000000000002710","destination":"mtQheFaSfWELRB2MyMBaiWjdDm6ux9Ezns","fee":1320,"source":"mn6q3dS2EnDUx3bmyWc6D4szJNVGtaR7zc","supported":true,"tx_hash":"fff4861a55ca1cd8d615966a9d5ff49cd7eec6dd40b652ce8b9d3b26b55c19b7","tx_index":24,"utxos_info":" 050122a388e51b9b007250f63be7717bb8de24589e6a3563144b1012ecc36ad6:0 3 "}',0,'NEW_TRANSACTION',NULL,'097f7038202dc2984ef13860ec0aa62ae90f7898b73a148c04ae03557632191c');
INSERT INTO messages VALUES(184,310023,'update','bets','{"status":"expired","tx_hash":"4c983a7fab208a12497cd705c73fb136c6e2cf5d6fbcab4486aa591dd3ef5e0c"}',0,'BET_UPDATE',NULL,'02740fb0d15597031daa0b934160043ec90bd5a1a60004544439c74192325f86');
INSERT INTO messages VALUES(185,310023,'insert','credits','{"address":"mn6q3dS2EnDUx3bmyWc6D4szJNVGtaR7zc","asset":"XCP","block_index":310023,"calling_function":"recredit wager remaining","event":"4c983a7fab208a12497cd705c73fb136c6e2cf5d6fbcab4486aa591dd3ef5e0c","quantity":8500000,"tx_index":0,"utxo":null,"utxo_address":null}',0,'CREDIT',NULL,'82bf0c65ef5d1d5ca07d1d89598205bcded3cf81228d411bfe1e17eabbd0b249');
INSERT INTO messages VALUES(186,310023,'insert','bet_expirations','{"bet_hash":"4c983a7fab208a12497cd705c73fb136c6e2cf5d6fbcab4486aa591dd3ef5e0c","bet_index":13,"block_index":310023,"source":"mn6q3dS2EnDUx3bmyWc6D4szJNVGtaR7zc"}',0,'BET_EXPIRATION',NULL,'8d16d30aa3d57459d411cc3bbd7c3504be03a3141495f8428cc47daee1459315');
INSERT INTO messages VALUES(187,310023,'insert','debits','{"action":"send","address":"mn6q3dS2EnDUx3bmyWc6D4szJNVGtaR7zc","asset":"BBBC","block_index":310023,"event":"fff4861a55ca1cd8d615966a9d5ff49cd7eec6dd40b652ce8b9d3b26b55c19b7","quantity":10000,"tx_index":24,"utxo":null,"utxo_address":null}',0,'DEBIT','fff4861a55ca1cd8d615966a9d5ff49cd7eec6dd40b652ce8b9d3b26b55c19b7','81bc2965c78f22b29bbf20a44ba38d4698146a6d8eb172466adb97c35f21fdd4');
INSERT INTO messages VALUES(188,310023,'insert','credits','{"address":"mtQheFaSfWELRB2MyMBaiWjdDm6ux9Ezns","asset":"BBBC","block_index":310023,"calling_function":"send","event":"fff4861a55ca1cd8d615966a9d5ff49cd7eec6dd40b652ce8b9d3b26b55c19b7","quantity":10000,"tx_index":24,"utxo":null,"utxo_address":null}',0,'CREDIT','fff4861a55ca1cd8d615966a9d5ff49cd7eec6dd40b652ce8b9d3b26b55c19b7','5c3bf31d8ddd1e4260eae93c6b534ddb6f67649bc14cd7f1370dc5f2d132b91b');
INSERT INTO messages VALUES(189,310023,'insert','sends','{"asset":"BBBC","block_index":310023,"destination":"mtQheFaSfWELRB2MyMBaiWjdDm6ux9Ezns","msg_index":0,"quantity":10000,"send_type":"send","source":"mn6q3dS2EnDUx3bmyWc6D4szJNVGtaR7zc","status":"valid","tx_hash":"fff4861a55ca1cd8d615966a9d5ff49cd7eec6dd40b652ce8b9d3b26b55c19b7","tx_index":24}',0,'SEND','fff4861a55ca1cd8d615966a9d5ff49cd7eec6dd40b652ce8b9d3b26b55c19b7','61fa7964bc086f7c45f8d0332707733126ab71cc430872df1f1f59245182f7e3');
INSERT INTO messages VALUES(190,310023,'parse','transactions','{"supported":true,"tx_hash":"fff4861a55ca1cd8d615966a9d5ff49cd7eec6dd40b652ce8b9d3b26b55c19b7","tx_index":24}',0,'TRANSACTION_PARSED','fff4861a55ca1cd8d615966a9d5ff49cd7eec6dd40b652ce8b9d3b26b55c19b7','45097e153a6c70f5a67b8a51fea08328e2138e0e9a66411be8c0c207d0a5d75d');
INSERT INTO messages VALUES(191,310023,'parse','blocks','{"block_index":310023,"ledger_hash":"8a9758963891bbfbdcb6515d8d3e49c941fedba7de82038776e9f8ed65e803c1","messages_hash":"ea31d20962f7b07f6b3c97cf9ac1e03e9ad92bcede22c87b8dcba4c3052a68f3","transaction_count":1,"txlist_hash":"df10c4b6d77b6ae1578528ae18e1bd06e0046838988c91fdc98ccb157410cc82"}',0,'BLOCK_PARSED',NULL,'ef806d1d2f6fb15c762583b2df337f78ab39628ba206d20b3e808801c5b0e821');
INSERT INTO messages VALUES(192,310024,'insert','blocks','{"block_hash":"b03042b4e18a222b4c8d1e9e1970d93e6e2a2d41686d227ff8ecf0a839223dc5","block_index":310024,"block_time":310024000,"difficulty":null,"ledger_hash":null,"previous_block_hash":null,"txlist_hash":null}',0,'NEW_BLOCK',NULL,'8a862807e0f49afb34a97eb4629474e6b1434a1032ae510d4a698e9c0a114858');
INSERT INTO messages VALUES(193,310024,'parse','blocks','{"block_index":310024,"ledger_hash":"cb034ab4a3e252fdfe9973a672e208295741a52634c9332b1501d612e0012e19","messages_hash":"ccecf7acd6717ab22e6e666e5a7481b32459780098c279534289ba47361d858d","transaction_count":0,"txlist_hash":"90fa5d49b643a6c092b03de1cbd4a6dc7a7fecefffbe0712c4dab12bbfc553ac"}',0,'BLOCK_PARSED',NULL,'1251023c56e7da1918f8a73d40213769e029d62c82535c87edbf24b0ef90fd56');
INSERT INTO messages VALUES(194,310025,'insert','blocks','{"block_hash":"a872e560766832cc3b4f7f222228cb6db882ce3c54f6459f62c71d5cd6e90666","block_index":310025,"block_time":310025000,"difficulty":null,"ledger_hash":null,"previous_block_hash":null,"txlist_hash":null}',0,'NEW_BLOCK',NULL,'9ad2ad273231c0bd955cc4c9d5c1d24b63501533ce5c3d4ff140edee8eedc3c0');
INSERT INTO messages VALUES(195,310025,'parse','blocks','{"block_index":310025,"ledger_hash":"5addc8253469d5c729cdffc1c637b75d9e8886a633d4406dedf2b1c16ba5b92a","messages_hash":"4e85769b20fa3dfc57988ec2b17e3f831f78ad9810335fe142d73939839e2a32","transaction_count":0,"txlist_hash":"b79379daa5299f4b98cb77a4f2259214977d53a595f93d35e4b7608ec00b60fa"}',0,'BLOCK_PARSED',NULL,'bddb1720bd14f8ae85f7be6bfc46cf30c26f51bc81a35d8ff588ea86c12fd93c');
INSERT INTO messages VALUES(196,310026,'insert','blocks','{"block_hash":"6c96350f6f2f05810f19a689de235eff975338587194a36a70dfd0fcd490941a","block_index":310026,"block_time":310026000,"difficulty":null,"ledger_hash":null,"previous_block_hash":null,"txlist_hash":null}',0,'NEW_BLOCK',NULL,'bed23cd81254c93a34c7d22e5bef3388e661a13b78b1b2a161b32ddcd6797e40');
INSERT INTO messages VALUES(197,310026,'parse','blocks','{"block_index":310026,"ledger_hash":"8620bd0283c320330631185d1b2351718f174732bd099324a0880719cdfc18c7","messages_hash":"e8cbdd2e224f8dde16d992a3a46f6f6de9c3b23d88ef0b661e896a5671c4b537","transaction_count":0,"txlist_hash":"af66459df7ed58e4cf41fbe0acadf901caade38d932a4d93de71760e50bfc2cc"}',0,'BLOCK_PARSED',NULL,'46fa35016184b3a1d86f6be606e5c25099412aa3b064a53561c44d2d903c188a');
INSERT INTO messages VALUES(198,310027,'insert','blocks','{"block_hash":"d7acfac66df393c4482a14c189742c0571b89442eb7f817b34415a560445699e","block_index":310027,"block_time":310027000,"difficulty":null,"ledger_hash":null,"previous_block_hash":null,"txlist_hash":null}',0,'NEW_BLOCK',NULL,'f43277d5baea76bf8cd4c247ad81e2e7af77e39a6d799f96a7c224e373e7e15e');
INSERT INTO messages VALUES(199,310027,'parse','blocks','{"block_index":310027,"ledger_hash":"96960e09478184f4f0ad38d1fc03f0c0240e58715a0a29745a6dc58c40003249","messages_hash":"0f87b20c42c0bcd0d0c6598cb362c17c9c99d91892804345ec444b0aa338aebe","transaction_count":0,"txlist_hash":"54fe484130a5d23e046c48bc0ab362df59656489ea99e34eae8aa9e02452367d"}',0,'BLOCK_PARSED',NULL,'03df0fa95049a62844044272354c7c12fe45cd92f820539a83d1684820298059');
INSERT INTO messages VALUES(200,310028,'insert','blocks','{"block_hash":"02409fcf8fa06dafcb7f11e38593181d9c42cc9d5e2ddc304d098f990bd9530b","block_index":310028,"block_time":310028000,"difficulty":null,"ledger_hash":null,"previous_block_hash":null,"txlist_hash":null}',0,'NEW_BLOCK',NULL,'59ff7b08bc93dfec0d3e8bf85c8bfbdd312fc63c86649813701bdebad40f7b71');
INSERT INTO messages VALUES(201,310028,'parse','blocks','{"block_index":310028,"ledger_hash":"2f556d2528abe1c4e9d31f6ed70d400d94633d4dfb54c9a4f250e1b054f9a384","messages_hash":"eac4117927ec80e26577156de40ee47d5ee60331594622296a6dd32fc897fdfe","transaction_count":0,"txlist_hash":"493ce3676b93fb4ddc4b687a0209df50328b9e5104358af446f01088a58b0d06"}',0,'BLOCK_PARSED',NULL,'ddff12bf15bac9597a0b5c5380356279e131c11d9557d6f4a896160f1d0af7b7');
INSERT INTO messages VALUES(202,310029,'insert','blocks','{"block_hash":"3c739fa8b40c118d5547ea356ee8d10ee2898871907643ec02e5db9d00f03cc6","block_index":310029,"block_time":310029000,"difficulty":null,"ledger_hash":null,"previous_block_hash":null,"txlist_hash":null}',0,'NEW_BLOCK',NULL,'553764899e06e28f6ecf73b6acea6d42d4394e99fdcd9bcadd296804ea42cb9d');
INSERT INTO messages VALUES(203,310029,'parse','blocks','{"block_index":310029,"ledger_hash":"be195b1f7b7b55dcefb83907d954736d4bf059a9e32055131efd16602d7761d6","messages_hash":"7e6899c16db9e79fddd61b531e0b56cf07140a0fa487288bc4d83c99fbb8eece","transaction_count":0,"txlist_hash":"e73a00b921c2ad3a416f35c164343a459e51c19b62b83f820ac89203a6345ec1"}',0,'BLOCK_PARSED',NULL,'3710b51967fe6db576b8b5b32248b789649aabd1c4669da0a07ebd9a109af2a2');
INSERT INTO messages VALUES(204,310030,'insert','blocks','{"block_hash":"d5071cddedf89765ee0fd58f209c1c7d669ba8ea66200a57587da8b189b9e4f5","block_index":310030,"block_time":310030000,"difficulty":null,"ledger_hash":null,"previous_block_hash":null,"txlist_hash":null}',0,'NEW_BLOCK',NULL,'48df1ce62a4d8d1e370e4c6dbdd773c3f29722b4fe1a0061e8b5077cca46ed30');
INSERT INTO messages VALUES(205,310030,'parse','blocks','{"block_index":310030,"ledger_hash":"d3a25656dbb63eecf1c89820581fcab193d750f3a09ca8ab34a5008c8d89051d","messages_hash":"c4a3f136ffb4f699b1efa248f7a87a8e2c6df80582072e1352d7ec7908909183","transaction_count":0,"txlist_hash":"a5c17c5f4be0db33441dd310d988b29cf5189c88d91e2b319d4a63fec35ca148"}',0,'BLOCK_PARSED',NULL,'7408e1fb6c5b7991f200685330b50f6bc177c472da19a5853ad9d4eec4ce056b');
INSERT INTO messages VALUES(206,310031,'insert','blocks','{"block_hash":"0b02b10f41380fff27c543ea8891ecb845bf7a003ac5c87e15932aff3bfcf689","block_index":310031,"block_time":310031000,"difficulty":null,"ledger_hash":null,"previous_block_hash":null,"txlist_hash":null}',0,'NEW_BLOCK',NULL,'51d171ec4715c5d6368c7cbcf1934a201eb0018cd409c0884a485f64773c9c3d');
INSERT INTO messages VALUES(207,310031,'parse','blocks','{"block_index":310031,"ledger_hash":"0edb535f8c6a40062a86e4ea327cf7fb70310b6d55a6654d5a23e54498aa3159","messages_hash":"7673b72ba974eebd77333ffa0633016b8ae01a6bb0a15182454753a368b46b79","transaction_count":0,"txlist_hash":"4c0027d45e3162aa7ed98744eece4d37910844d338f5ec6a9948405373374fe4"}',0,'BLOCK_PARSED',NULL,'ed3d73f0ee0a09a62615cfddc68805826e27b526ccb1ceed276cbf498c61ef8c');
INSERT INTO messages VALUES(208,310032,'insert','blocks','{"block_hash":"66346be81e6ba04544f2ae643b76c2b7b1383f038fc2636e02e49dc7ec144074","block_index":310032,"block_time":310032000,"difficulty":null,"ledger_hash":null,"previous_block_hash":null,"txlist_hash":null}',0,'NEW_BLOCK',NULL,'24d6c9c37361475a78aeb5780b3b68946a634ae9d175c43d6fdcd222aef87481');
INSERT INTO messages VALUES(209,310032,'update','orders','{"status":"expired","tx_hash":"fa0a06be464e47e29a9c635a718a46aca07f80a05f4ae1f3dc18391fc5b81004"}',0,'ORDER_UPDATE',NULL,'3446fe9dc6d0ed82caaaa77b7f4668432b3a6de5c9712c68d6deac8e5996e1b0');
INSERT INTO messages VALUES(210,310032,'insert','credits','{"address":"mn6q3dS2EnDUx3bmyWc6D4szJNVGtaR7zc","asset":"BBBB","block_index":310032,"calling_function":"cancel order","event":"fa0a06be464e47e29a9c635a718a46aca07f80a05f4ae1f3dc18391fc5b81004","quantity":50000000,"tx_index":0,"utxo":null,"utxo_address":null}',0,'CREDIT',NULL,'9672a63ba1abe8ba62662921a476a1ea1bd512c2d6afa23403f8b4201b361e4a');
INSERT INTO messages VALUES(211,310032,'insert','order_expirations','{"block_index":310032,"order_hash":"fa0a06be464e47e29a9c635a718a46aca07f80a05f4ae1f3dc18391fc5b81004","source":"mn6q3dS2EnDUx3bmyWc6D4szJNVGtaR7zc"}',0,'ORDER_EXPIRATION',NULL,'f07086c4138de20099eccbdddd84cf96626439243959daf51ad526ad8f8281e2');
INSERT INTO messages VALUES(212,310032,'parse','blocks','{"block_index":310032,"ledger_hash":"a9208a1b7f782852d652e5089c6485744031176b4d285ea985bbc1df0ccf49c0","messages_hash":"fa8704ae74394da703a2085856a962c851aefdfe2760ec9bf4dfb9e66fd88974","transaction_count":0,"txlist_hash":"effa61cb350813cd71cdcfa72ac79638fe8d8298e78b30d6478b5d39fcded439"}',0,'BLOCK_PARSED',NULL,'3797dc4d0e456694ac6fdb78906d88adb81a69b263e68037e88a27329d641791');
INSERT INTO messages VALUES(213,310033,'insert','blocks','{"block_hash":"999c65df9661f73e8c01f1da1afda09ac16788b72834f0ff5ea3d1464afb4707","block_index":310033,"block_time":310033000,"difficulty":null,"ledger_hash":null,"previous_block_hash":null,"txlist_hash":null}',0,'NEW_BLOCK',NULL,'14da48590d48293913c6d3476ff55112150b99c86688a91776754931b1d24168');
INSERT INTO messages VALUES(214,310033,'parse','blocks','{"block_index":310033,"ledger_hash":"c8a973eb6bdd28dcab4f1b2a5e29e104944745e57a54e6d87b370aafb2e589f6","messages_hash":"51a1180965c149d3c7f996a90915f7fd4e997eae5ebe307b8f7dc2bff857f832","transaction_count":0,"txlist_hash":"8691f7a9f20716aae30f9c88b20add893e24377a9a1c159a2bbe860eb83cf652"}',0,'BLOCK_PARSED',NULL,'a1de425033458b458cc667ea4d6e3670034fa8f9a439b8d9fb76042e63b0937c');
INSERT INTO messages VALUES(215,310034,'insert','blocks','{"block_hash":"f552edd2e0a648230f3668e72ddf0ddfb1e8ac0f4c190f91b89c1a8c2e357208","block_index":310034,"block_time":310034000,"difficulty":null,"ledger_hash":null,"previous_block_hash":null,"txlist_hash":null}',0,'NEW_BLOCK',NULL,'6ea0254f206a878ba15478a058a3d28cb3b425914c98434a58acb40a0639185b');
INSERT INTO messages VALUES(216,310034,'parse','blocks','{"block_index":310034,"ledger_hash":"0d7b5809b7a5aa5ff854cfe141490a78c9b33e16f8102a8e804dbf0a0a8c0842","messages_hash":"8aeb7d9a02bc1313228477f16199d495ec484738f7bba8892abfbb0b93f1bdba","transaction_count":0,"txlist_hash":"25d7cd8721c2f899cf84e037076c2fcff7ea861e80c5c8670c0b78d88377fdb6"}',0,'BLOCK_PARSED',NULL,'010a328df8055c24d42042999512e0160bf11f940614390cc446d05dec9324f8');
INSERT INTO messages VALUES(217,310035,'insert','blocks','{"block_hash":"a13cbb016f3044207a46967a4ba1c87dab411f78c55c1179f2336653c2726ae2","block_index":310035,"block_time":310035000,"difficulty":null,"ledger_hash":null,"previous_block_hash":null,"txlist_hash":null}',0,'NEW_BLOCK',NULL,'bc27e43d68c5b8a1c28f867b019fa965e39b1ca0b69fe0eebf71bcb0f3a8b51b');
INSERT INTO messages VALUES(218,310035,'parse','blocks','{"block_index":310035,"ledger_hash":"6b4c99289086445a7bf575110172a661c1cd37c418b70afd8ef3be0982041f5e","messages_hash":"ecdd3341a45f0e6bf727f8015b5fba8721c57af0f299ea494026a0e261650d51","transaction_count":0,"txlist_hash":"427aff35c323384bf07742daf06e9cb5578265aa6f1e20815d364cd0b4565bd6"}',0,'BLOCK_PARSED',NULL,'01cf2bfa5a340fb22c71bc21ab26a01c34fecab6417f1c71f10d6b2b102faffb');
INSERT INTO messages VALUES(219,310036,'insert','blocks','{"block_hash":"158648a98f1e1bd1875584ce8449eb15a4e91a99a923bbb24c4210135cef0c76","block_index":310036,"block_time":310036000,"difficulty":null,"ledger_hash":null,"previous_block_hash":null,"txlist_hash":null}',0,'NEW_BLOCK',NULL,'37841f2fade5148a2c5442b6d1fd113f61d84e5d8931079a5bbdcf6ccaf4d05a');
INSERT INTO messages VALUES(220,310036,'parse','blocks','{"block_index":310036,"ledger_hash":"f20b81389b2f4c9c9be4442b3c68f87da881406f1490637c7d93d63539155a7e","messages_hash":"93cb0b7dc378e789d4a690cfd6c91d4e8bb114586daf2db1a915b59d776b16fc","transaction_count":0,"txlist_hash":"a3374ae29ee23264c4130735d90ae5d383651335e8956253f3dc69ce4c478fd5"}',0,'BLOCK_PARSED',NULL,'be8951a6cc91c755e62e11f9041fb2e30317642a5761e2da8f4c3859395fa895');
INSERT INTO messages VALUES(221,310037,'insert','blocks','{"block_hash":"563acfd6d991ce256d5655de2e9429975c8dceeb221e76d5ec6e9e24a2c27c07","block_index":310037,"block_time":310037000,"difficulty":null,"ledger_hash":null,"previous_block_hash":null,"txlist_hash":null}',0,'NEW_BLOCK',NULL,'5410bec82c8b9e829a17cd1f2e8fbec850cc3d5bf763eb76998af9d5d3b986f9');
INSERT INTO messages VALUES(222,310037,'parse','blocks','{"block_index":310037,"ledger_hash":"52d554e6b53b853066a3a8f931fc37779f3596c4388e277a9f66a95e001a09eb","messages_hash":"e7f936ff9368493cebed389287e8d207b492b666fed36b31a3fac7bcab7bc0c7","transaction_count":0,"txlist_hash":"df6e431757e1d88b1680a21b2fd092c29b2b143def3819a87e799f7f9917adfd"}',0,'BLOCK_PARSED',NULL,'b93f6def02ac2966d3f66900767af396cef42a597f5de5ce5269551d8871087f');
INSERT INTO messages VALUES(223,310038,'insert','blocks','{"block_hash":"b44b4cad12431c32df27940e18d51f63897c7472b70950d18454edfd640490b2","block_index":310038,"block_time":310038000,"difficulty":null,"ledger_hash":null,"previous_block_hash":null,"txlist_hash":null}',0,'NEW_BLOCK',NULL,'4503f6cb5cba23c15f87f863d8aac393a33f2ab3155ad1c5d96acba1e374ee02');
INSERT INTO messages VALUES(224,310038,'parse','blocks','{"block_index":310038,"ledger_hash":"08a949af614ff73a79313a5a949908b368efe1f8c131eeeb51ed610baf65ac46","messages_hash":"a74ae4c1e6e4f01269273f5bbf4a3e2fa60a7b8b3467cd57885d2bd5a71386c1","transaction_count":0,"txlist_hash":"190acecfe4ead040c105b488bab44ac3293c486aae3788e8a7d222e0e06b197d"}',0,'BLOCK_PARSED',NULL,'c51c6fe7951c768d3a40b711fd51fd8e40ad35374aa95d71ac11b7cefe9bc457');
INSERT INTO messages VALUES(225,310039,'insert','blocks','{"block_hash":"5fa1ae9c5e8a599247458987b006ad3a57f686df1f7cc240bf119e911b56c347","block_index":310039,"block_time":310039000,"difficulty":null,"ledger_hash":null,"previous_block_hash":null,"txlist_hash":null}',0,'NEW_BLOCK',NULL,'7474fc7bc1e05cb041cbda0ac835cc3f1047b17f602b3cba020336581cba4978');
INSERT INTO messages VALUES(226,310039,'parse','blocks','{"block_index":310039,"ledger_hash":"7ff8b2408ee1124a5ee573d31023660aabcdb21599bdcfb4a3bc1895d7910094","messages_hash":"bd7ba5e479eb179990e6fe7f54c84267b72e0dc1c322308c4d5d83f8237c44c3","transaction_count":0,"txlist_hash":"aef38c7fa3c0a94001385805d6f55f6e398a803bc92fb0a8a2625fe69eea7394"}',0,'BLOCK_PARSED',NULL,'39d9ac29e1e41a2fc529f16d47ebbb4d853c78c6d916615840a6463a85167041');
INSERT INTO messages VALUES(227,310040,'insert','blocks','{"block_hash":"7200ded406675453eadddfbb2d14c2a4526c7dc2b5de14bd48b29243df5e1aa3","block_index":310040,"block_time":310040000,"difficulty":null,"ledger_hash":null,"previous_block_hash":null,"txlist_hash":null}',0,'NEW_BLOCK',NULL,'0d4b91402032567f6e718333c3a8a073d6cdb922318ac8a698717dfebd6d0c7c');
INSERT INTO messages VALUES(228,310040,'parse','blocks','{"block_index":310040,"ledger_hash":"c687e753c01711e94cfcad1f16d2976a12ef5d6c3731c64db26f969c988fe7c3","messages_hash":"9f84878534fc28b9cafd39db20bfc499fc2108693b92403926dd331185e4b5d0","transaction_count":0,"txlist_hash":"798e3a37a5384df81aa791f92030ad04f139558e529f5ad169c2415f4dfab322"}',0,'BLOCK_PARSED',NULL,'6f56213f9ecab4fa2b0479e8579a1d8c6f333fa149aca70164c4b13ba45272df');
INSERT INTO messages VALUES(229,310041,'insert','blocks','{"block_hash":"5db592ff9ba5fac1e030cf22d6c13b70d330ba397f415340086ee7357143b359","block_index":310041,"block_time":310041000,"difficulty":null,"ledger_hash":null,"previous_block_hash":null,"txlist_hash":null}',0,'NEW_BLOCK',NULL,'73db51e995ad84105e708c9009842ecc86a4ef666b7032030eebfd7d961e9f5e');
INSERT INTO messages VALUES(230,310041,'parse','blocks','{"block_index":310041,"ledger_hash":"66f493ec8b5cf8140d1f627f008c50624d3069f56828df90286b53a2d6cbf47e","messages_hash":"d4c21f1ceaae304ab8c8993263522d9f5a0a1ea0c7dc64d38ec2289485b999b6","transaction_count":0,"txlist_hash":"58396c5b926ab540e601afbf53e5b3b9c3e2654c13062fd15033ddb05ebc503d"}',0,'BLOCK_PARSED',NULL,'86e807b547dc55021b5b2ac16e6d1d7df2c98317c6757e2a0465aa63519a5d60');
INSERT INTO messages VALUES(231,310042,'insert','blocks','{"block_hash":"826fd4701ef2824e9559b069517cd3cb990aff6a4690830f78fc845ab77fa3e4","block_index":310042,"block_time":310042000,"difficulty":null,"ledger_hash":null,"previous_block_hash":null,"txlist_hash":null}',0,'NEW_BLOCK',NULL,'7e6cead9f811cee98e05bc7753da17d6fbdfd119fb51c399ed7cb8154ddc3cd7');
INSERT INTO messages VALUES(232,310042,'parse','blocks','{"block_index":310042,"ledger_hash":"33acd319bde452aa81b589435a31ee3add742870a928ef2c15a7a447b4b4e0fa","messages_hash":"6f5773b1376181710b0adee3df7c7f0ffcea2d2bbbafeab4c2af6d822b180fa8","transaction_count":0,"txlist_hash":"805813fac6ed5ad3c35d928c887922e98ec9f67888f78eb963197e01fb8b13b9"}',0,'BLOCK_PARSED',NULL,'141576bbed6684679c24a6673c634ef1d5c0bba15d304430d9d052b70aca1e8f');
INSERT INTO messages VALUES(233,310043,'insert','blocks','{"block_hash":"2254a12ada208f1dd57bc17547ecaf3c44720323c47bc7d4b1262477cb7f3c51","block_index":310043,"block_time":310043000,"difficulty":null,"ledger_hash":null,"previous_block_hash":null,"txlist_hash":null}',0,'NEW_BLOCK',NULL,'8d6660ee5e040c827d518f75effc3dcbb84ace8e444d147859e0318cba848f51');
INSERT INTO messages VALUES(234,310043,'parse','blocks','{"block_index":310043,"ledger_hash":"83997825aa2597adb0292e265f01e937f621cc75d8cc18e23a4bd0c1fb0920c7","messages_hash":"70b1f50cee1c96d3e5cb191298cea4b6e3695d9dd8c44517fffcfaec33ff5ff9","transaction_count":0,"txlist_hash":"c8d58695cd879ea936a4931cfcd7aab327ab4804ffa2cd3c0416819ca88685b1"}',0,'BLOCK_PARSED',NULL,'a25141a736e606529cb553590e745a595a72472933c68fa6b71f112065dbb53b');
INSERT INTO messages VALUES(235,310044,'insert','blocks','{"block_hash":"3346d24118d8af0b3c6bcc42f8b85792e7a2e7036ebf6e4c25f4f6723c78e46b","block_index":310044,"block_time":310044000,"difficulty":null,"ledger_hash":null,"previous_block_hash":null,"txlist_hash":null}',0,'NEW_BLOCK',NULL,'1a921236f1b7a7a71bc6671cda3823061ecbd169eafa880b242eeffa09c1ae78');
INSERT INTO messages VALUES(236,310044,'parse','blocks','{"block_index":310044,"ledger_hash":"9890bca86442f329b2abf1b3bbf4d94e8ab54d10dfa7823a53f02fcfef030d88","messages_hash":"80fb04fac76b0af24b560f1e33960b0ff2af0ba74c6838230626440fd366565c","transaction_count":0,"txlist_hash":"af303ebcb849e293e6ef539aaf412ce32e56f816960e4197ef465ebb91191a06"}',0,'BLOCK_PARSED',NULL,'a4d91518c39fd565201ae04d03e0f54e04b7a8349a6d760c72fdfc51efd4fd14');
INSERT INTO messages VALUES(237,310045,'insert','blocks','{"block_hash":"7bba0ab243839e91ad1a45a762bf074011f8a9883074d68203c6d1b46fffde98","block_index":310045,"block_time":310045000,"difficulty":null,"ledger_hash":null,"previous_block_hash":null,"txlist_hash":null}',0,'NEW_BLOCK',NULL,'e0970628efe4204e13155fa27617ccd660cc8510b02b4ecda6fb22e042a5886c');
INSERT INTO messages VALUES(238,310045,'parse','blocks','{"block_index":310045,"ledger_hash":"a909f658a8f405ef1f5cd8bbab03cbd865235544ae1c2f4dc20e2a4393181efc","messages_hash":"e774cf0fc4df36d0b06951a1bee5222df50e97581af50656210339534d7c1f48","transaction_count":0,"txlist_hash":"51f3ced1dabd7fa5348a63f3f668d4c53f55028de4484a7651e59f5c4df11055"}',0,'BLOCK_PARSED',NULL,'0bc114f7e30d7339c3eda27bee9cbee4c908d08e65b9f700b14a8ee9ba3af4da');
INSERT INTO messages VALUES(239,310046,'insert','blocks','{"block_hash":"47db6788c38f2d6d712764979e41346b55e78cbb4969e0ef5c4336faf18993a6","block_index":310046,"block_time":310046000,"difficulty":null,"ledger_hash":null,"previous_block_hash":null,"txlist_hash":null}',0,'NEW_BLOCK',NULL,'13abd0cc920bd92c71ab05b11baa408e1af14237c8a5d3de494bab0b350bb4e5');
INSERT INTO messages VALUES(240,310046,'parse','blocks','{"block_index":310046,"ledger_hash":"713d2ccc66a1aa7797ea9b6af18b04245478c7582a8aee76cf2c7f3f3060df3a","messages_hash":"551e6e7e4b61ab6b2c33881d65f6c785fc6c8157d08b4de80edb2d291bc65d10","transaction_count":0,"txlist_hash":"850127c37d0c3d8ece70492763ed58e5eefaf0dd1a0d491ee5ac9e962254507e"}',0,'BLOCK_PARSED',NULL,'269c6867f1e95832e197e3b123c29bc76665c6efa10200863ac6a9f8d3a6ab38');
INSERT INTO messages VALUES(241,310047,'insert','blocks','{"block_hash":"a9ccabcc2a098a7d25e4ab8bda7c4e66807eefa42e29890dcd88149a10de7075","block_index":310047,"block_time":310047000,"difficulty":null,"ledger_hash":null,"previous_block_hash":null,"txlist_hash":null}',0,'NEW_BLOCK',NULL,'75ea2d0f2641db213d2de63d0ad0503cc8e51cb3e483df9d2109b72121015822');
INSERT INTO messages VALUES(242,310047,'parse','blocks','{"block_index":310047,"ledger_hash":"534500ae61a04841771193d57384d27b54fa2bb92c0698beaa46509b3d39eb1c","messages_hash":"00d3d541c3e8f7026f1118b25207ec29000878d84d59a9541ce699f382d0f9be","transaction_count":0,"txlist_hash":"b6b2c3390d5b3a955c425b78a4539ceb7aa92211c812aec76c5ab560742df3a3"}',0,'BLOCK_PARSED',NULL,'a6417f61509971be3f27d2b812e17dba9de7bc9eea365ae6e066b4fe07623589');
INSERT INTO messages VALUES(243,310048,'insert','blocks','{"block_hash":"610bf3935a85b05a98556c55493c6de45bed4d7b3b6c8553a984718765796309","block_index":310048,"block_time":310048000,"difficulty":null,"ledger_hash":null,"previous_block_hash":null,"txlist_hash":null}',0,'NEW_BLOCK',NULL,'ecc178d37ee9a8f6f4c934974c67b52d21d7daebeced3830bc62a08b6ffd3c0b');
INSERT INTO messages VALUES(244,310048,'parse','blocks','{"block_index":310048,"ledger_hash":"48c8e5d9ab1887f092731ba2881a330d22d4f03f601dccc096fa5147042a3d55","messages_hash":"bce43ca6067fb856b2b5ad343c9fd9ce01cfcd4a9f9a92b5edb7c1e3f133bf04","transaction_count":0,"txlist_hash":"13f78cb320940569d1b5b5717e9ff0ae84e19e566211d0ebc290cabf28af8ead"}',0,'BLOCK_PARSED',NULL,'da0d3324f04b4b976cca67a822d7fa289865f73c5f36a64079732cff9928bd68');
INSERT INTO messages VALUES(245,310049,'insert','blocks','{"block_hash":"4ad2761923ad49ad2b283b640f1832522a2a5d6964486b21591b71df6b33be3c","block_index":310049,"block_time":310049000,"difficulty":null,"ledger_hash":null,"previous_block_hash":null,"txlist_hash":null}',0,'NEW_BLOCK',NULL,'d3c5cefc27448771a57fd82240a3739f72520289d6bf98ef53fe6da568be5d6e');
INSERT INTO messages VALUES(246,310049,'parse','blocks','{"block_index":310049,"ledger_hash":"6c5ec3d2b7d8a724175559db977cb9ab78eecd39b9239688b30d6d3350cb01fe","messages_hash":"6063153fa4aa5bbffa302f95b84c7c2b5bc9d621648641a7a66f98bce8b2e994","transaction_count":0,"txlist_hash":"0515d964f7532ab2449a83d0b552b26eba4fb24ff5d583ceae9e6f46e444b7f5"}',0,'BLOCK_PARSED',NULL,'7ca3fd01d4af4248dfa0baa7e005881dceb22c98b0c270dd2b066ca5ec2d299a');
INSERT INTO messages VALUES(247,310050,'insert','blocks','{"block_hash":"8cfeb60a14a4cec6e9be13d699694d49007d82a31065a17890383e262071e348","block_index":310050,"block_time":310050000,"difficulty":null,"ledger_hash":null,"previous_block_hash":null,"txlist_hash":null}',0,'NEW_BLOCK',NULL,'a21083e4bb265fac0db5d2246ed194b78f1a7fd51270e7114161b01b409368af');
INSERT INTO messages VALUES(248,310050,'parse','blocks','{"block_index":310050,"ledger_hash":"817dc86594b3820de76f1d2bc2400d702475d558d6ee5bef4313fc154bbdaca2","messages_hash":"7bca44c8fda924f0b8d704a7d5bab347b8e0a36c7fd7ecb27e9d315959ef1f64","transaction_count":0,"txlist_hash":"a5493ecfe2cae410a1232e970a79c5fd6144ab7e2672261c9fd004e412cfc9fe"}',0,'BLOCK_PARSED',NULL,'0cffb65f65bbb1150df1599d5e4a14190a9c1b82c244fbdc5b01b1ac1b6d19b0');
INSERT INTO messages VALUES(249,310051,'insert','blocks','{"block_hash":"b53c90385dd808306601350920c6af4beb717518493fd23b5c730eea078f33e6","block_index":310051,"block_time":310051000,"difficulty":null,"ledger_hash":null,"previous_block_hash":null,"txlist_hash":null}',0,'NEW_BLOCK',NULL,'dfd7b92a213b2ab805350f2e822c86694e1058d89cf70198fac58617ef986e49');
INSERT INTO messages VALUES(250,310051,'parse','blocks','{"block_index":310051,"ledger_hash":"00916e6bac2f648f953c8d6dff21438a6ec53ad198b33f90667e8d4564e00e78","messages_hash":"0643b7957e8b11bbb76dfde58a0f08503072518856162d093b6e46f5570f8cfb","transaction_count":0,"txlist_hash":"bd78f6a1ca3b359fcf2b2c2023b22c7809b68ba3bce66c2db19c7c4454894587"}',0,'BLOCK_PARSED',NULL,'71991c654426e924269fb4b473bc28181886522815eef17492631669873ae479');
INSERT INTO messages VALUES(251,310052,'insert','blocks','{"block_hash":"0acdacf4e4b6fca756479cb055191b367b1fa433aa558956f5f08fa5b7b394e2","block_index":310052,"block_time":310052000,"difficulty":null,"ledger_hash":null,"previous_block_hash":null,"txlist_hash":null}',0,'NEW_BLOCK',NULL,'7f16a8999d79a715607cde507121847267e5b636bee105df4b0b1ae0d8a3ec0c');
INSERT INTO messages VALUES(252,310052,'parse','blocks','{"block_index":310052,"ledger_hash":"959df962b9bc7ef215f1530b886613404adaf81552d6eeb4b1401ea265ad5f4f","messages_hash":"1ee6302cc29046a005a3a1c90bf9564f22abcab79c654ecf0aa8d5bf0da46a3a","transaction_count":0,"txlist_hash":"8dddb5f77f1c0a0c43a4c65de0f208bacc9e3f037c687398ad953065f64b7dbc"}',0,'BLOCK_PARSED',NULL,'e95293932ce0f4a261bc8d61c1d4004e4dcee7ad1ba1b8d07704b303f8264619');
INSERT INTO messages VALUES(253,310053,'insert','blocks','{"block_hash":"68348f01b6dc49b2cb30fe92ac43e527aa90d859093d3bf7cd695c64d2ef744f","block_index":310053,"block_time":310053000,"difficulty":null,"ledger_hash":null,"previous_block_hash":null,"txlist_hash":null}',0,'NEW_BLOCK',NULL,'295fa634b8a7762de02451b08966fdf704986288b41e56bc7a1ab0d635d59b14');
INSERT INTO messages VALUES(254,310053,'parse','blocks','{"block_index":310053,"ledger_hash":"d76b639ebddd434e5269de084de0b502e7f0eaff71b4e99de2d4ebdd1fc61380","messages_hash":"56e524736de153c170168c54bda5420105b25f7d6d64dad755eb50d03e7eb2f5","transaction_count":0,"txlist_hash":"bb1479a92bb185abc84e00e2a6c6803d82621826c9755d3999a0fb1d7a2aec58"}',0,'BLOCK_PARSED',NULL,'c5afa1dcc3a170556792dd35cc597f10881a1a8120fd31c888bde98547e5ba9a');
INSERT INTO messages VALUES(255,310054,'insert','blocks','{"block_hash":"a8b5f253df293037e49b998675620d5477445c51d5ec66596e023282bb9cd305","block_index":310054,"block_time":310054000,"difficulty":null,"ledger_hash":null,"previous_block_hash":null,"txlist_hash":null}',0,'NEW_BLOCK',NULL,'1872d0ae239655079bcd663034a551db294677545d175a00600ccaa83fe7592c');
INSERT INTO messages VALUES(256,310054,'parse','blocks','{"block_index":310054,"ledger_hash":"525e8cabfc993080d128faf38a5e5c9e9afa61423a5f20a90d68cdcacc96b59b","messages_hash":"08f9839d63227fbd96d343b8ec413ed7ce2afd784ff76826f12908831c24a118","transaction_count":0,"txlist_hash":"569974ff1bb6985079ddf3574a8fef807202bf34bdcf3f8541b96378d0823fe4"}',0,'BLOCK_PARSED',NULL,'21329c0eac4b4063385e3cd5d0f69f6245e0927330e9dbe2d0120c5331294551');
INSERT INTO messages VALUES(257,310055,'insert','blocks','{"block_hash":"4b069152e2dc82e96ed8a3c3547c162e8c3aceeb2a4ac07972f8321a535b9356","block_index":310055,"block_time":310055000,"difficulty":null,"ledger_hash":null,"previous_block_hash":null,"txlist_hash":null}',0,'NEW_BLOCK',NULL,'99362aa048804d9a6e553c874d409d408bbb3e61200c6746615c02c7ef9f53c2');
INSERT INTO messages VALUES(258,310055,'parse','blocks','{"block_index":310055,"ledger_hash":"155ffdc74a2077a3da7d5c068833468c7d0758dfb525a799f910cdb1543beadb","messages_hash":"51f9b16cd40e0d652706ffcc7df7724cb75eb992c7afbf6d5b6fcc6d3098af40","transaction_count":0,"txlist_hash":"1d69b34759e01e79560e5f34554f27307afe8539477872367af7d618b32e1d9c"}',0,'BLOCK_PARSED',NULL,'a40bf01d58b671250dbc6d1ceb5f4436255d2d59933b44c69dbd0a4f4c5128f5');
INSERT INTO messages VALUES(259,310056,'insert','blocks','{"block_hash":"7603eaed418971b745256742f9d2ba70b2c2b2f69f61de6cc70e61ce0336f9d3","block_index":310056,"block_time":310056000,"difficulty":null,"ledger_hash":null,"previous_block_hash":null,"txlist_hash":null}',0,'NEW_BLOCK',NULL,'271773efb67a6f1ce59437f6fcbcd354696f0aa4006b19a4cd7f13729006f2db');
INSERT INTO messages VALUES(260,310056,'parse','blocks','{"block_index":310056,"ledger_hash":"4f6fe786e34af90927bcd888b4b2a8fc69d3ccdfe4c4bb37edb2007901ce234a","messages_hash":"4766e759a206dbe1e540578e7440f9b565a7269120367d0da519c25caf547668","transaction_count":0,"txlist_hash":"4aeece3f80282654cdcf85c6c712407a6cc0a4aa9890d3cba3fe7db53f81e174"}',0,'BLOCK_PARSED',NULL,'85108505fc69db5a1541dfa42506a548fa13d56c52b3a8d8da540aef85e1b8d7');
INSERT INTO messages VALUES(261,310057,'insert','blocks','{"block_hash":"4a5fdc84f2d66ecb6ee3e3646aad20751ce8694e64e348d3c8aab09d33a3e411","block_index":310057,"block_time":310057000,"difficulty":null,"ledger_hash":null,"previous_block_hash":null,"txlist_hash":null}',0,'NEW_BLOCK',NULL,'66619025ad4f2470b1b1aeda1023cf28dc97d391712d305e3166c91015bb9e5e');
INSERT INTO messages VALUES(262,310057,'parse','blocks','{"block_index":310057,"ledger_hash":"30978d87fd8e32d9d27c92a0d4ca19d179b515ed95410fa96bf496b4cd8aa5e2","messages_hash":"22c0c3d25f012d0882b70c47f11036a0323c4d370659242b1e4ace7d134e1ee6","transaction_count":0,"txlist_hash":"c6b896d8c5bd5cf4e90a8e3e2bf2f567d2a945296d4f34f8ae8f531197a0da66"}',0,'BLOCK_PARSED',NULL,'f117e2f51a04c32e8d1942a91184924feadda3c5a42fd67892cbfbde88edeb11');
INSERT INTO messages VALUES(263,310058,'insert','blocks','{"block_hash":"a6eef3089896f0cae0bfe9423392e45c48f4efe4310b14d8cfbdb1fea613635f","block_index":310058,"block_time":310058000,"difficulty":null,"ledger_hash":null,"previous_block_hash":null,"txlist_hash":null}',0,'NEW_BLOCK',NULL,'2a2023843ae8546ee23837fbf07285ed5a0fb413e4d8d41ee33d0e609b942043');
INSERT INTO messages VALUES(264,310058,'parse','blocks','{"block_index":310058,"ledger_hash":"a0760bc5d2f04b381cc46aca84aa3788e8e3fbc833379a26ae812807d3a04fc5","messages_hash":"609e6783752f21e0e1c01a006aea0ba5538e881fe008b7dce98371d4a0b2b615","transaction_count":0,"txlist_hash":"2b4a9b4c19f0eb7af22fcf4e19cb3e5477633953cb101d17bac3604b30f673ae"}',0,'BLOCK_PARSED',NULL,'5a1756fc55a97693bb30b52bd80f9c981e1d2e86a72b290729f9138862775a0f');
INSERT INTO messages VALUES(265,310059,'insert','blocks','{"block_hash":"ab505de874c43f97c90be1c26a769e6c5cb140405c993b4a6cc7afc795f156a9","block_index":310059,"block_time":310059000,"difficulty":null,"ledger_hash":null,"previous_block_hash":null,"txlist_hash":null}',0,'NEW_BLOCK',NULL,'1dc10697e9579f6813c86d525b40d08c9d3e918a447e0eb318e30646369a88f6');
INSERT INTO messages VALUES(266,310059,'parse','blocks','{"block_index":310059,"ledger_hash":"26dcef9e54b1a34b6024f8402ddebb6e9449cd90c270e3db75354a001484b1a1","messages_hash":"71bd37c6da0c04b07880babbfe354c826e57491a153171f174355459030a065c","transaction_count":0,"txlist_hash":"6ec3715184069313b9d9737f2864848b1af84b69f9d18d2214b7e3d5efb25e2a"}',0,'BLOCK_PARSED',NULL,'60bec171dea22885b868dd477a7c956eaee93ae5e5a5f3b905799f9e4bc8bd4f');
INSERT INTO messages VALUES(267,310060,'insert','blocks','{"block_hash":"974ad5fbef621e0a38eab811608dc9afaf10c8ecc85fed913075ba1a145e889b","block_index":310060,"block_time":310060000,"difficulty":null,"ledger_hash":null,"previous_block_hash":null,"txlist_hash":null}',0,'NEW_BLOCK',NULL,'357ab27638c83f7ce8c533b1e5a2eef30d6cc343d2625996f0a5e1550a12ee9c');
INSERT INTO messages VALUES(268,310060,'parse','blocks','{"block_index":310060,"ledger_hash":"810ebcdb63a08af5a26d1fd4e7a3604afd03bd06ff620d6a86c665e1c81116d2","messages_hash":"6eba3f1d71ce82c4a4ec63addd57eddeac42f03be7499140476171194a99652d","transaction_count":0,"txlist_hash":"64d0a293b8c17e5b8511aa4ef735eecb685ea11a769cd3fca15b0ef9b9e794a5"}',0,'BLOCK_PARSED',NULL,'9673f7bd7f218380724de611ee56797e709551cd8acb98b5e75a8772a1ec3109');
INSERT INTO messages VALUES(269,310061,'insert','blocks','{"block_hash":"35d267d21ad386e7b7632292af1c422b0310dde7ca49a82f9577525a29c138cf","block_index":310061,"block_time":310061000,"difficulty":null,"ledger_hash":null,"previous_block_hash":null,"txlist_hash":null}',0,'NEW_BLOCK',NULL,'bc1023020e5c668c913ffc5a784b0a4231ea32be6c21dd25e23da783aad69ddd');
INSERT INTO messages VALUES(270,310061,'parse','blocks','{"block_index":310061,"ledger_hash":"1edfc24d186c7e7267b11c03b0a29e57926e9ab25f668231a18a499cbd08c702","messages_hash":"caf5a409047e2fe2779aa6e98a21b7182de3bcf8ce660dbe0b3e161a8e996fef","transaction_count":0,"txlist_hash":"e14d1a3cc5ecbacfe5616bb7955cdfb95eac01a5fe7e19be8f7bbddd9c4b6998"}',0,'BLOCK_PARSED',NULL,'189aaf719d7fcb2c856f84404ba1463215864f371b1e345890d066da2bdb3899');
INSERT INTO messages VALUES(271,310062,'insert','blocks','{"block_hash":"b31a0054145319ef9de8c1cb19df5bcf4dc8a1ece20053aa494e5d3a00a2852f","block_index":310062,"block_time":310062000,"difficulty":null,"ledger_hash":null,"previous_block_hash":null,"txlist_hash":null}',0,'NEW_BLOCK',NULL,'a3554af95d92a2b91244ec6689fecaf0e8db0d25fc8baaac98fa5a16e9182059');
INSERT INTO messages VALUES(272,310062,'parse','blocks','{"block_index":310062,"ledger_hash":"b0de9503f019c9548a97bd198e6b1b58b57d6a7c231ace2d72adb0421b29e9b7","messages_hash":"49b4cdcccc27ce22ec6a162f38227f0dfc5553a08a20418c04a2e4fb476ebe15","transaction_count":0,"txlist_hash":"cc3c2f5308601bfb863452fbb2c29a7f2f9d785712b585da5550f52e7a152c7c"}',0,'BLOCK_PARSED',NULL,'e531856fa516c3640825aca57e825bc20f90156fc86ca432f469ceb6d09f1d9d');
INSERT INTO messages VALUES(273,310063,'insert','blocks','{"block_hash":"0cbcbcd5b7f2dc288e3a34eab3d4212463a5a56e886804fb4f9f1cf929eadebe","block_index":310063,"block_time":310063000,"difficulty":null,"ledger_hash":null,"previous_block_hash":null,"txlist_hash":null}',0,'NEW_BLOCK',NULL,'035d339cfc8e843b49c3856b82697e8bb507a534d1a970227d46c982d30c1601');
INSERT INTO messages VALUES(274,310063,'parse','blocks','{"block_index":310063,"ledger_hash":"62e41caff168eb4b15eb67ab2130510ba3f17ac186f8516cf5b5c6f168988345","messages_hash":"130e300720ced0b53b3aac8b2cd599f7901550e0e95cee8333a55f2617adbebf","transaction_count":0,"txlist_hash":"009f4bfde5a01002f720a39f7b25b709be1b32cf45c87c266ade0b3ab16137f5"}',0,'BLOCK_PARSED',NULL,'2957e5378b4451ba88997b7b5046e6d576cddd7dd6af823b95063b3842aee623');
INSERT INTO messages VALUES(275,310064,'insert','blocks','{"block_hash":"e2db8065a195e85cde9ddb868a17d39893a60fb2b1255aa5f0c88729de7cbf30","block_index":310064,"block_time":310064000,"difficulty":null,"ledger_hash":null,"previous_block_hash":null,"txlist_hash":null}',0,'NEW_BLOCK',NULL,'81eb04147ff35d7cc74e4e94e0c7993e6dcd4cbfeb160678e4548af2cd1e1217');
INSERT INTO messages VALUES(276,310064,'parse','blocks','{"block_index":310064,"ledger_hash":"a444b1535d27bb2917478019c4c59abf9474e87128f9ec1e44c20eea1f014f3c","messages_hash":"eb399fd34f004d8121ab13a5bd46de4de567890f7c27dffd005ac51d2c67df0a","transaction_count":0,"txlist_hash":"a7cbc14270380dea3a682c5e0add6f354aa32ac0d0498d0ce130acf971ad80a2"}',0,'BLOCK_PARSED',NULL,'13ee1163e426c0683f4c27c5b77599234def3afc760139a6c464b06789fec174');
INSERT INTO messages VALUES(277,310065,'insert','blocks','{"block_hash":"8a7bc7a77c831ac4fd11b8a9d22d1b6a0661b07cef05c2e600c7fb683b861d2a","block_index":310065,"block_time":310065000,"difficulty":null,"ledger_hash":null,"previous_block_hash":null,"txlist_hash":null}',0,'NEW_BLOCK',NULL,'486e2eab2f8966c6fb0ed9ac66f9820279e0eb1d8c14433299f306e42882d7a4');
INSERT INTO messages VALUES(278,310065,'parse','blocks','{"block_index":310065,"ledger_hash":"0ad978671f587f99e5e1c1b6f68ac3d18bb03a3bd7ea9afb63590bcef25160c8","messages_hash":"5b75f4f95fa030103dfcbca50af512128210ae307b2e13a8ae47c6916fb3de75","transaction_count":0,"txlist_hash":"c70d4fe080137f0509f824af8ec87252cddc8962e5908ad32e672dc6de77b54f"}',0,'BLOCK_PARSED',NULL,'545ea09da2cecbc243cc1e364e0a20ac57175b1e063ba82cf4796247c99f05da');
INSERT INTO messages VALUES(279,310066,'insert','blocks','{"block_hash":"b6959be51eb084747d301f7ccaf9e75f2292c9404633b1532e3692659939430d","block_index":310066,"block_time":310066000,"difficulty":null,"ledger_hash":null,"previous_block_hash":null,"txlist_hash":null}',0,'NEW_BLOCK',NULL,'ea5cb15fc51a9067a8fa0c2142846cae47fd920bae5bea80f6c387cff1d740e4');
INSERT INTO messages VALUES(280,310066,'parse','blocks','{"block_index":310066,"ledger_hash":"a6bb36829770b24fa0b960b85566a0138360a60b52cec62d94d7df8cb0b8f8b4","messages_hash":"16e9a91c8aa3a4780de4f870ea96f3086e86bc333628caf55cadcc76e3333ed0","transaction_count":0,"txlist_hash":"84abb47b92b4ce6368e154d87b5a12d564c041800f043cc34535ab49585647f6"}',0,'BLOCK_PARSED',NULL,'0145f1a54af8d885211ebdc43bc3d38aa945a37d103866df3382bc87bb290792');
INSERT INTO messages VALUES(281,310067,'insert','blocks','{"block_hash":"8b08eae98d7193c9c01863fac6effb9162bda010daeacf9e0347112f233b8577","block_index":310067,"block_time":310067000,"difficulty":null,"ledger_hash":null,"previous_block_hash":null,"txlist_hash":null}',0,'NEW_BLOCK',NULL,'38b3c083f1b74fbf13d41c1e3673e0081a873901a2ab1f562853ea4fea173b79');
INSERT INTO messages VALUES(282,310067,'parse','blocks','{"block_index":310067,"ledger_hash":"9b8ceda9b170429d8b9ed517f0db95487b3058397e20d7e786577c8e46b389b8","messages_hash":"070912119566a3f234c61730bc181519a015b041d192491aeccaf5b919a0286b","transaction_count":0,"txlist_hash":"b6a27dfd965423becd99bc0fbcd6cf229944cb2c52ceadaed84840196acd3473"}',0,'BLOCK_PARSED',NULL,'69087574998f9b6d435b1ca454fa40718c78beb3b03c70cdbef68f317933a23f');
INSERT INTO messages VALUES(283,310068,'insert','blocks','{"block_hash":"9280e7297ef6313341bc81787a36acfc9af58f83a415afff5e3154f126cf52b5","block_index":310068,"block_time":310068000,"difficulty":null,"ledger_hash":null,"previous_block_hash":null,"txlist_hash":null}',0,'NEW_BLOCK',NULL,'7f0bcb6d9f3706e894a40d9897b69e7c6640ada169e4103ec3d4c61d78321fd7');
INSERT INTO messages VALUES(284,310068,'parse','blocks','{"block_index":310068,"ledger_hash":"cee2e41baf86f1af24d555e9ab4a0c023b5f1ab2b054707d4434b4f60d31862a","messages_hash":"7408f5bead5164dd9be571a0c1f3d968c048c4bf2713e57554ce9916e8526a9e","transaction_count":0,"txlist_hash":"99ed1e88b7a7d47e1c6dbfd5beab3ba21525b3b28cc14bcb0bd6666cd52c247a"}',0,'BLOCK_PARSED',NULL,'0c5ffb92c599195b477b8d5773409b2182057a92451f2c333dd3b1360b104683');
INSERT INTO messages VALUES(285,310069,'insert','blocks','{"block_hash":"486351f0655bf594ffaab1980cff17353b640b63e9c27239109addece189a6f7","block_index":310069,"block_time":310069000,"difficulty":null,"ledger_hash":null,"previous_block_hash":null,"txlist_hash":null}',0,'NEW_BLOCK',NULL,'d5311e4596b51c562aa3b05af5641af8235d69e80cfd28009b48675fa621ed93');
INSERT INTO messages VALUES(286,310069,'parse','blocks','{"block_index":310069,"ledger_hash":"cbfd7ff728f05ba3f1db5972f1449618a79d3fd0d76bf7fe990aed2eb2316a38","messages_hash":"6577bd79b019061fe07cc302144d5c82b3b5767766dae669dc25d9d565c5633d","transaction_count":0,"txlist_hash":"50fd5f28597694c624733689ce8eb05d8d580f8f69e65bf144bb76f24663cbb4"}',0,'BLOCK_PARSED',NULL,'dc202a18133be2b22910b6b7094357310bf98d7f8b82d9ec3be50efed126b8be');
INSERT INTO messages VALUES(287,310070,'insert','blocks','{"block_hash":"8739e99f4dee8bebf1332f37f49a125348b40b93b74fe35579dd52bfba4fa7e5","block_index":310070,"block_time":310070000,"difficulty":null,"ledger_hash":null,"previous_block_hash":null,"txlist_hash":null}',0,'NEW_BLOCK',NULL,'880b0ce744555709861de1dc4619e30b781b55db3a5e99b7f0073e32b894a15e');
INSERT INTO messages VALUES(288,310070,'parse','blocks','{"block_index":310070,"ledger_hash":"9af85cd995c83b5a5f0cac66351cabdf9dc9faecfee080638fc76019663faaa6","messages_hash":"e488f8f5c814788c739321d27ea459979bc0ce028f47c3e822f7ecb1f1461d99","transaction_count":0,"txlist_hash":"f133f1f49619840fe0d69e2e1d849a68dd98b3ca287f1b3ea58c1cc8703775d5"}',0,'BLOCK_PARSED',NULL,'74e70b59212722a28e9ed5997f9306fc58c7fe5d99e5836881fdec435e233c0e');
INSERT INTO messages VALUES(289,310071,'insert','blocks','{"block_hash":"7a099aa1bba0ead577f1e44f35263a1f115ed6a868c98d4dd71609072ae7f80b","block_index":310071,"block_time":310071000,"difficulty":null,"ledger_hash":null,"previous_block_hash":null,"txlist_hash":null}',0,'NEW_BLOCK',NULL,'5dbed5039b06ce8f4a41ab3f9bb8bd8d7d2ad87768adb3d1a820ccbd19ec1498');
INSERT INTO messages VALUES(290,310071,'parse','blocks','{"block_index":310071,"ledger_hash":"a3c547e84db6b29630b87fa566e37796e0632ba616dd6d521d558632c3b55370","messages_hash":"98c92f434b63fb58248bb0ecb286b53f6ca4365e55d5795cb25f0a67dee2a62b","transaction_count":0,"txlist_hash":"e506b6aa1d55dd6da35365fc308e7c1ae76330264bcf9dc733a781b1c005467d"}',0,'BLOCK_PARSED',NULL,'291df91184f7492b493e45be7336cab533be2fcd5486047fc4e6e7fcae53f462');
INSERT INTO messages VALUES(291,310072,'insert','blocks','{"block_hash":"7b17ecedc07552551b8129e068ae67cb176ca766ea3f6df74b597a94e3a7fc8a","block_index":310072,"block_time":310072000,"difficulty":null,"ledger_hash":null,"previous_block_hash":null,"txlist_hash":null}',0,'NEW_BLOCK',NULL,'9a61e870b62f7e592b54aff2d75161ae112a8686c14ea88431e77f9d7ff6c0d3');
INSERT INTO messages VALUES(292,310072,'parse','blocks','{"block_index":310072,"ledger_hash":"a0170d8a72a0f8642c0863899bf034e754596e3fd8ddffefa91e7e9a7addf944","messages_hash":"47594e5320f132da08057c7f0cd4968255e468eaaf92ef725b94ffa2e6e25bcd","transaction_count":0,"txlist_hash":"4bc3a678ddd9d83f9e44c37e7dc06e233cc5f5e7d26bc4ea10f012fc2131f9ca"}',0,'BLOCK_PARSED',NULL,'32c58b87586d0e0eb7e04f53efa1f836393ee594458c090f59214ab33bf3b473');
INSERT INTO messages VALUES(293,310073,'insert','blocks','{"block_hash":"ee0fe3cc9b3a48a2746b6090b63b442b97ea6055d48edcf4b2288396764c6943","block_index":310073,"block_time":310073000,"difficulty":null,"ledger_hash":null,"previous_block_hash":null,"txlist_hash":null}',0,'NEW_BLOCK',NULL,'e03d7e928ab159f56f588dc0473eae547ff1166ee795e7991623feb718da89e6');
INSERT INTO messages VALUES(294,310073,'parse','blocks','{"block_index":310073,"ledger_hash":"e0179a21342fcf35fa169567f1ef35bd6b0b1b048a98e90c049fdf3ee58e9da4","messages_hash":"0c4c54b4b496381872977b7b427ca08a591077fc3b4c453afdca9d20b223b0cd","transaction_count":0,"txlist_hash":"2e2871d87aa0ba229af512e40df4e739a3421e380d0970db1e6e4d4fd95aeeec"}',0,'BLOCK_PARSED',NULL,'8ef7067dcf55bd37e28cb0fbeaf471652abf75e684281ca82e97c21837ae3d53');
INSERT INTO messages VALUES(295,310074,'insert','blocks','{"block_hash":"ceab38dfde01f711a187601731ad575d67cfe0b7dbc61dcd4f15baaef72089fb","block_index":310074,"block_time":310074000,"difficulty":null,"ledger_hash":null,"previous_block_hash":null,"txlist_hash":null}',0,'NEW_BLOCK',NULL,'3128c7a35899d5e5d066f4968c405bbbcaccbabc6f30e8eecf5e943bafc0229e');
INSERT INTO messages VALUES(296,310074,'parse','blocks','{"block_index":310074,"ledger_hash":"8855ace296b0b078d90aa24fcd30ca9f9cccf9d3961f3dba4985a3ff187a02ac","messages_hash":"ba133ab59dcb4a0e3505fb91514f1c42145200696b65da8c814f81882e5ba5fd","transaction_count":0,"txlist_hash":"552d07a1f7ee6ffd7a05e5c6348842e88c37cc600034bf43ac9f1fb244782c7a"}',0,'BLOCK_PARSED',NULL,'0adb0b849332ef0664fc2b3b01a646b5c34843b69141fd7e2b76feb7a32c1716');
INSERT INTO messages VALUES(297,310075,'insert','blocks','{"block_hash":"ef547198c6e36d829f117cfd7077ccde45158e3c545152225fa24dba7a26847b","block_index":310075,"block_time":310075000,"difficulty":null,"ledger_hash":null,"previous_block_hash":null,"txlist_hash":null}',0,'NEW_BLOCK',NULL,'b96a8774c06c50ddc4ca5d4da9dc3be90ac189169ede9021d47722358d1cbc3d');
INSERT INTO messages VALUES(298,310075,'parse','blocks','{"block_index":310075,"ledger_hash":"bde3a6c6cc31b96d58f466d3ce0361cc6366c8c239778f21b696d4063cf6d89e","messages_hash":"96e98ede156f08f9f79cd2a22591665557a1cb390288876f729fb922b2c111c6","transaction_count":0,"txlist_hash":"2167d6d7d08d97e452022aa46af5662cbeca1460901b36bda318bba25f27233a"}',0,'BLOCK_PARSED',NULL,'6d192ab9a96d81ff08f875033e4f7821ac7724904a2ca5930a17ed3cfddbf909');
INSERT INTO messages VALUES(299,310076,'insert','blocks','{"block_hash":"3b0499c2e8e8f0252c7288d4ecf66efc426ca37aad3524424d14c8bc6f8b0d92","block_index":310076,"block_time":310076000,"difficulty":null,"ledger_hash":null,"previous_block_hash":null,"txlist_hash":null}',0,'NEW_BLOCK',NULL,'a17f091fd5e22aa0e2e0120d3f6246f9608402647d9d9ebdea3c10fe319208aa');
INSERT INTO messages VALUES(300,310076,'parse','blocks','{"block_index":310076,"ledger_hash":"f562851b32a7005ee02b9e2491c0195dddce451e8fecb428209d087e69345303","messages_hash":"15c97c63a300bbe451b3accc7cc1601eb12c49ba5c618b04717fb43e2a40b1c1","transaction_count":0,"txlist_hash":"d8555224396dc67f2ce9c90df3026f02afaa58144f0362d3370bd23f76edd98b"}',0,'BLOCK_PARSED',NULL,'fa7686fb5720eb89004c8cce0bdc833e76a44c6e9fd2113a6c9188e26a7fe2f7');
INSERT INTO messages VALUES(301,310077,'insert','blocks','{"block_hash":"d2adeefa9024ab3ff2822bc36acf19b6c647cea118cf15b86c6bc00c3322e7dd","block_index":310077,"block_time":310077000,"difficulty":null,"ledger_hash":null,"previous_block_hash":null,"txlist_hash":null}',0,'NEW_BLOCK',NULL,'e3fb74972191dcb3fdaecdeaa5c04d8a5d95e6487844432be4d5193282f35450');
INSERT INTO messages VALUES(302,310077,'parse','blocks','{"block_index":310077,"ledger_hash":"996cda7b65e623747deef936d61491cedd0159f44faa1e3536de1b6d6c474097","messages_hash":"4248f89e143aea874257f3f858bd368c4084daaab950907eb5f405f886a7cdf0","transaction_count":0,"txlist_hash":"c2a5d72c15f87c660a2b47ae4b3d02f44ba21cd912e69d692d9d0012c5a88d35"}',0,'BLOCK_PARSED',NULL,'2380b2e17bff984d59b49a92f284b9d99486fb0ff27a1a680482e21db10794a4');
INSERT INTO messages VALUES(303,310078,'insert','blocks','{"block_hash":"f6c17115ef0efe489c562bcda4615892b4d4b39db0c9791fe193d4922bd82cd6","block_index":310078,"block_time":310078000,"difficulty":null,"ledger_hash":null,"previous_block_hash":null,"txlist_hash":null}',0,'NEW_BLOCK',NULL,'3e0530bceeee07144244e48adbfff294f16d1854a95fc35eadbe01740023108c');
INSERT INTO messages VALUES(304,310078,'parse','blocks','{"block_index":310078,"ledger_hash":"c8286f73cc3a070f4251b7c59bb485e611437a1916fd39ffac831dc78df54ecd","messages_hash":"0e937c43020dd6a39d1aae079ebb8c00e18d809c48cde2e224658ceb85b844c4","transaction_count":0,"txlist_hash":"937719413746c37cd24cd19f7a8a22b7fcff4f2439905b096ed3d563fe6d4c3b"}',0,'BLOCK_PARSED',NULL,'b5240d3ab90b4fa98ceab891af42915c4b7b10a79202ef5accc266da036cb4c5');
INSERT INTO messages VALUES(305,310079,'insert','blocks','{"block_hash":"f2fbd2074d804e631db44cb0fb2e1db3fdc367e439c21ffc40d73104c4d7069c","block_index":310079,"block_time":310079000,"difficulty":null,"ledger_hash":null,"previous_block_hash":null,"txlist_hash":null}',0,'NEW_BLOCK',NULL,'6c4b0373b98118c1c1191a859b13bed7c0c9a2fac3fec15f173aa303192a259b');
INSERT INTO messages VALUES(306,310079,'parse','blocks','{"block_index":310079,"ledger_hash":"ef9dab42700918027fac849f2088d2248a6291dc7bc24be583b556f37739631b","messages_hash":"6e1ddb366becc61ed4df6651ee59109de4c037c4a42aa676a46fd51b425d2768","transaction_count":0,"txlist_hash":"cb4a47a1c8b0d4e308d2ca70b536c59501ba9844c60670f301ac3340c234aa52"}',0,'BLOCK_PARSED',NULL,'6c4284a20c6591d5caa3b2b6dd4aca285c9d8b6b33378c55b44cab4856d2f856');
INSERT INTO messages VALUES(307,310080,'insert','blocks','{"block_hash":"42943b914d9c367000a78b78a544cc4b84b1df838aadde33fe730964a89a3a6c","block_index":310080,"block_time":310080000,"difficulty":null,"ledger_hash":null,"previous_block_hash":null,"txlist_hash":null}',0,'NEW_BLOCK',NULL,'b75b7a35055266c96500b5ae9abf58a2bb6cc73a8ff28d6d9834d56792b028de');
INSERT INTO messages VALUES(308,310080,'parse','blocks','{"block_index":310080,"ledger_hash":"c6bbc52f1e8f907b2d66378f4352f41ae3d354985aaab5f16d737d75a7e6b1d8","messages_hash":"b261b764ec5a9670c3c92dd8dea11ad90f3da1c8b4834f60b6fefe6632047112","transaction_count":0,"txlist_hash":"295115b351dfeaf72cc5beec97540562df1ae9b540d2cb065daf0f14c25e9703"}',0,'BLOCK_PARSED',NULL,'81e4efed4104b8765ddb20e3b906ca08a59d0ff05b2af66f9a9d91185bcaeef2');
INSERT INTO messages VALUES(309,310081,'insert','blocks','{"block_hash":"6554f9d307976249e7b7e260e08046b3b55d318f8b6af627fed5be3063f123c4","block_index":310081,"block_time":310081000,"difficulty":null,"ledger_hash":null,"previous_block_hash":null,"txlist_hash":null}',0,'NEW_BLOCK',NULL,'be63542c75dfdc2c4bdcf5780a828586c6daa696848c3ee32502f85a6417ad76');
INSERT INTO messages VALUES(310,310081,'parse','blocks','{"block_index":310081,"ledger_hash":"66f7b7ff8f0217ed62938a5931d4a6a232546e5d58e09dfd3ba5a792c35fa560","messages_hash":"5c32be6e07e0b66679f39affad07562c5a5d6a22e39670ab375fcc92bafe790b","transaction_count":0,"txlist_hash":"701f87bfa83e7e3b512b8ef5c4e3030d04169274c1cdb7812606e3203e3c41e3"}',0,'BLOCK_PARSED',NULL,'1d89c780c36243f598de4498d5a22d1d426ef4e60a44725b7e0fa0ba460b18f5');
INSERT INTO messages VALUES(311,310082,'insert','blocks','{"block_hash":"4f1ef91b1dcd575f8ac2e66a67715500cbca154bd6f3b8148bb7015a6aa6c644","block_index":310082,"block_time":310082000,"difficulty":null,"ledger_hash":null,"previous_block_hash":null,"txlist_hash":null}',0,'NEW_BLOCK',NULL,'00172b5beda6b6ce3f4309cbd99bf82d2aae14f74ef99309fbfcb00efd5534c5');
INSERT INTO messages VALUES(312,310082,'parse','blocks','{"block_index":310082,"ledger_hash":"2b26c6d901ca9790987331432372046d9620d10ea163f4824208d6b23e8e7a35","messages_hash":"e5a6cd37c157aa0987e642a195a2fa507e83283bc0af5bb7a4e5eb5260b46798","transaction_count":0,"txlist_hash":"0e4775adb1b912e7ed857cf64abef71e9453b6ebc64db33caa44b3a661f0aa88"}',0,'BLOCK_PARSED',NULL,'6e43fb3192403461773996ef44809f35649cdce42ee65ff0c54d969b2bb7dbdd');
INSERT INTO messages VALUES(313,310083,'insert','blocks','{"block_hash":"9b1f6fd6ff9b0dc4e37603cfb0625f49067c775b99e12492afd85392d3c8d850","block_index":310083,"block_time":310083000,"difficulty":null,"ledger_hash":null,"previous_block_hash":null,"txlist_hash":null}',0,'NEW_BLOCK',NULL,'0e4d9dfa1d5997f5041c692272c49e862c209cfa5e9f53cfb66e589a43bfa31e');
INSERT INTO messages VALUES(314,310083,'parse','blocks','{"block_index":310083,"ledger_hash":"0d6d774dce93e94e870835005b0e8b04f010fb25158aa69a0fa0321d1577e987","messages_hash":"ff40f8bb68f420cc92598eb34a2394321cb111e10dd306126de5f24aa29d0c4a","transaction_count":0,"txlist_hash":"528d8233c2955248daf2a4bfdc4ed1bd9874bfc13ce7031a7e9bcb6836beb8c2"}',0,'BLOCK_PARSED',NULL,'66dd06ff35bcbd61982a16cbbfd88a5fdcc3bf57ea059c913e96e01abc3baa56');
INSERT INTO messages VALUES(315,310084,'insert','blocks','{"block_hash":"1e0972523e80306441b9f4157f171716199f1428db2e818a7f7817ccdc8859e3","block_index":310084,"block_time":310084000,"difficulty":null,"ledger_hash":null,"previous_block_hash":null,"txlist_hash":null}',0,'NEW_BLOCK',NULL,'ad4fb1ce878154b532700f3fcfc6dcf2ad13d435e2685c1fa3ce1d35e266d8eb');
INSERT INTO messages VALUES(316,310084,'parse','blocks','{"block_index":310084,"ledger_hash":"9dbd171e3606b1662f6b576339b1e9aaa3da8a9f8a246bab905af255add4a762","messages_hash":"af2f22bd3c2db073542e513aadcd0d7353ba4ff30f21ef58baf67bb5a324f99a","transaction_count":0,"txlist_hash":"4a1cf5af41f56761f9f7fa7c620a05ce4767c601d7705b32c4ad76df9d46edb1"}',0,'BLOCK_PARSED',NULL,'fb541aff9dcb0691c5fda9258edf536f6d21f4a8565e9ccfe3fbd8b22e50fe86');
INSERT INTO messages VALUES(317,310085,'insert','blocks','{"block_hash":"c5b6e9581831e3bc5848cd7630c499bca26d9ece5156d36579bdb72d54817e34","block_index":310085,"block_time":310085000,"difficulty":null,"ledger_hash":null,"previous_block_hash":null,"txlist_hash":null}',0,'NEW_BLOCK',NULL,'28d7cf1f5ba8358f2825f442e246d55a7ff5a17a0e00d27de143be5ede50f1bc');
INSERT INTO messages VALUES(318,310085,'parse','blocks','{"block_index":310085,"ledger_hash":"db67b5dc6b0c0ddec22d0e716b72aa8cb6fa9702316f2a8e12659ee229094c16","messages_hash":"5740c93d3b6c55a7236a971631a473b17a6ea9a7e237ae393824062e1ed2b842","transaction_count":0,"txlist_hash":"137290ac75a4a2431845d757f64e6de5cadbe6a6b670abf73a92b0a1bbc4f7bd"}',0,'BLOCK_PARSED',NULL,'e195fba29c835e57da4274c2ae1d8bf8f5e4f7faea2ced6a90a9b0ac400c3912');
INSERT INTO messages VALUES(319,310086,'insert','blocks','{"block_hash":"080c1dc55a4ecf4824cf9840602498cfc35b5f84099f50b71b45cb63834c7a78","block_index":310086,"block_time":310086000,"difficulty":null,"ledger_hash":null,"previous_block_hash":null,"txlist_hash":null}',0,'NEW_BLOCK',NULL,'d1d0da2409b8d10dddec218460bf7df28079b05c9d5ddb58fa153015f3fd5b1f');
INSERT INTO messages VALUES(320,310086,'parse','blocks','{"block_index":310086,"ledger_hash":"7cf70b5298dbb36efbec2fb880b76e2514e3bad9d5200875fa3eb3ceb7719ee8","messages_hash":"204f94953b7bc7956dbcb816e3fe8754b85fc7338d2b8d2b769777c56c2090fa","transaction_count":0,"txlist_hash":"28c59a9f06ccd051b4474cce258b961029634092300a07d2e2444a9e14c41f72"}',0,'BLOCK_PARSED',NULL,'f72fb19000409502bdd71c3a2e0fffe2b26d1354fdb1379bba76c0706921d4f0');
INSERT INTO messages VALUES(321,310087,'insert','blocks','{"block_hash":"4ec8cb1c38b22904e8087a034a6406b896eff4dd28e7620601c6bddf82e2738c","block_index":310087,"block_time":310087000,"difficulty":null,"ledger_hash":null,"previous_block_hash":null,"txlist_hash":null}',0,'NEW_BLOCK',NULL,'730298ab3e8bb5cac985ce291ab7b885cf7633569e0f437e68461f65c730db13');
INSERT INTO messages VALUES(322,310087,'parse','blocks','{"block_index":310087,"ledger_hash":"27106f400fe1ee93bde42f3bf3cf39737fb856bbf0df3f90fe0838cf7d38798c","messages_hash":"ae83dc82151e4115a8d167073a51d5cedb46eb10d468a06aa96df31c4a33f292","transaction_count":0,"txlist_hash":"3986a63a20f55219f92345a49d9ed912ed7d5168a0acb1d477948814f85ae5ab"}',0,'BLOCK_PARSED',NULL,'6244ac05a33f1e435429e7bd8d26ec3a38cbac70b02650831ddcadf306cca894');
INSERT INTO messages VALUES(323,310088,'insert','blocks','{"block_hash":"e945c815c433cbddd0bf8e66c5c23b51072483492acda98f5c2c201020a8c5b3","block_index":310088,"block_time":310088000,"difficulty":null,"ledger_hash":null,"previous_block_hash":null,"txlist_hash":null}',0,'NEW_BLOCK',NULL,'b0c2ee2b773cd88e5c145a0815ff8df44ccaafc73298538c06ec33354b8d782c');
INSERT INTO messages VALUES(324,310088,'parse','blocks','{"block_index":310088,"ledger_hash":"28c9833eded6d68967f206e5884616f83bb9ad16b9d7a507031b96480aecc799","messages_hash":"30c9d4e607d2966c52bb2e47f4793afd581e2a928df6db47daac59858b9ef638","transaction_count":0,"txlist_hash":"12caea8c4172d2f1e8e826e23fe95286bd5d9305f32323cf9c509cb12613c109"}',0,'BLOCK_PARSED',NULL,'103998b9ba3348649bc672b8159ac4d2f5320aca9b0d1616238fbcfbb4eba0a0');
INSERT INTO messages VALUES(325,310089,'insert','blocks','{"block_hash":"0382437f895ef3e7e38bf025fd4f606fd44d4bbd6aea71dbdc4ed11a7cd46f33","block_index":310089,"block_time":310089000,"difficulty":null,"ledger_hash":null,"previous_block_hash":null,"txlist_hash":null}',0,'NEW_BLOCK',NULL,'5c6d9b3158a64f66d342f0222f573bb4f08376337a12ada752c1e27d263bd52f');
INSERT INTO messages VALUES(326,310089,'parse','blocks','{"block_index":310089,"ledger_hash":"cdac6435934ea6e67a311495325c85237158ef30c009ea44c562c2127d79e696","messages_hash":"4f5cd2bf211f7b08be5f97680d2c9b520a5aad8c400422cca15014364d51f3ee","transaction_count":0,"txlist_hash":"5fc9609828634cdcf39958cfda9a1d876b9f10fee3daaec8244b9c23d9edf30d"}',0,'BLOCK_PARSED',NULL,'26efe36ee3b0563a36e5bd689cbc0590d01988e89d8eede8df07241726dd9f68');
INSERT INTO messages VALUES(327,310090,'insert','blocks','{"block_hash":"b756db71dc037b5a4582de354a3347371267d31ebda453e152f0a13bb2fae969","block_index":310090,"block_time":310090000,"difficulty":null,"ledger_hash":null,"previous_block_hash":null,"txlist_hash":null}',0,'NEW_BLOCK',NULL,'482aeb3d9e3f732e462cc04c81a6ff5d0f6e402524d8da1c9e09c09c257dc753');
INSERT INTO messages VALUES(328,310090,'parse','blocks','{"block_index":310090,"ledger_hash":"cb33e420348e7969a2310445a6c17c79e647d3c6f3106d4fd0c0a1249e11ed6f","messages_hash":"5130a990d36e56c5abb03f93bdafebe6dfa9744afe7145adb62e27dda92b52d4","transaction_count":0,"txlist_hash":"f4ac2e3d647fe0ba9305ef6c4fd993a6ddc742a0983235692a6b818ac87ac910"}',0,'BLOCK_PARSED',NULL,'6778de674556ffebf7a46af1937240caa373e1357e49d8fa2fe51f1363e7e2ac');
INSERT INTO messages VALUES(329,310091,'insert','blocks','{"block_hash":"734a9aa485f36399d5efb74f3b9c47f8b5f6fd68c9967f134b14cfe7e2d7583c","block_index":310091,"block_time":310091000,"difficulty":null,"ledger_hash":null,"previous_block_hash":null,"txlist_hash":null}',0,'NEW_BLOCK',NULL,'2b94a90e82a8750e00ba10c430555c082a4876f4169f71dd979d6aabe77524bf');
INSERT INTO messages VALUES(330,310091,'parse','blocks','{"block_index":310091,"ledger_hash":"dda2531cf7db78a3f27c1ce70189b3f6efb69ddd24b61639f9deff42566bba2a","messages_hash":"9189331685d9d285a75a55450f7507f3f4f5bb2a710ab5f2c441fb08e2db57f3","transaction_count":0,"txlist_hash":"8f8d1688d558a6c4d3af2282c0790bd55816c0d0306b20f777145b4f4b4f47b1"}',0,'BLOCK_PARSED',NULL,'b8c616da2dddae5de67779c0913a55053f9e9bde5b6aa2d2b2d8892ca6a0c3bc');
INSERT INTO messages VALUES(331,310092,'insert','blocks','{"block_hash":"56386beb65f9228740d4ad43a1c575645f6daf59e0dd9f22551c59215b5e8c3d","block_index":310092,"block_time":310092000,"difficulty":null,"ledger_hash":null,"previous_block_hash":null,"txlist_hash":null}',0,'NEW_BLOCK',NULL,'9264b9f602aeaec965ccfba0fbe198c3a7cb6d10bc53c45b1b05176be1f01f55');
INSERT INTO messages VALUES(332,310092,'parse','blocks','{"block_index":310092,"ledger_hash":"9ca7d9e1da0c6e4465d9e1c76990b6c48e62ee3a0b3b83189dc7a0f2c03a3006","messages_hash":"ba096507d1f98dd1776931867a2a2c31b135b848bfebe41bf6e9414b2f7bbfd7","transaction_count":0,"txlist_hash":"8b27db3a70fdd89a2cca6e91b174d7b4864e89fc61860eef29469f74fc7b19d1"}',0,'BLOCK_PARSED',NULL,'313f4da55a7c575ba70275267651b8ad55adebd1d2d6b57df56336c1aed32601');
INSERT INTO messages VALUES(333,310093,'insert','blocks','{"block_hash":"a74a2425f2f4be24bb5f715173e6756649e1cbf1b064aeb1ef60e0b94b418ddc","block_index":310093,"block_time":310093000,"difficulty":null,"ledger_hash":null,"previous_block_hash":null,"txlist_hash":null}',0,'NEW_BLOCK',NULL,'5f145dc40710ea49bfd02c2d8bfc0295856670d597774863c1075485f851c383');
INSERT INTO messages VALUES(334,310093,'parse','blocks','{"block_index":310093,"ledger_hash":"c6fc005e874909cf0393ac1bee7267f66cc5355c549d8657234a0ed6b429c869","messages_hash":"385578f224a8d32266c252140217ae81b3e1ef1e1aad09fa3eeded13c61823da","transaction_count":0,"txlist_hash":"63450b47a0202b74ae405c43483ef1074d763879328b8a06fc9387dfd366ce4a"}',0,'BLOCK_PARSED',NULL,'627b1933bc991ba3424090cf88c75ac67cdf15a584f172d2bea261b87e57eb3b');
INSERT INTO messages VALUES(335,310094,'insert','blocks','{"block_hash":"2a8f976f20c4e89ff01071915ac96ee35192d54df3a246bf61fd4a0cccfb5b23","block_index":310094,"block_time":310094000,"difficulty":null,"ledger_hash":null,"previous_block_hash":null,"txlist_hash":null}',0,'NEW_BLOCK',NULL,'2c8ab585c4ee2b86bdcb2e1327549766a7956fd98fc631fb635d0e2b488e437e');
INSERT INTO messages VALUES(336,310094,'parse','blocks','{"block_index":310094,"ledger_hash":"14dacaec0b37ca20f271e500d0ec1837a63006eb464728c067107738ad3167c6","messages_hash":"16d6abce13caabf0ef71670eb77835bb658a359d43b0440caec18d4653419785","transaction_count":0,"txlist_hash":"50e0fdb393db3f3facd7a9ab5e117ccaa3479e04d9e31622db84a96959925417"}',0,'BLOCK_PARSED',NULL,'ad903d0573a2e26004c58daeb9d0b8e5969f7960fee34eef6699c693d3af889f');
INSERT INTO messages VALUES(337,310095,'insert','blocks','{"block_hash":"bed0fa40c9981223fb40b3be8124ca619edc9dd34d0c907369477ea92e5d2cd2","block_index":310095,"block_time":310095000,"difficulty":null,"ledger_hash":null,"previous_block_hash":null,"txlist_hash":null}',0,'NEW_BLOCK',NULL,'ad75a2c80504db51c9ff8ac24dbd9f2034931270573b784cd56bf3263055972a');
INSERT INTO messages VALUES(338,310095,'parse','blocks','{"block_index":310095,"ledger_hash":"05bd680c082185147e83785e7464d8890908d1550359b4fac79018b510475e01","messages_hash":"e5370575e05eb99048ca8958a36cef84a3b7f0b1d8084ec3938ef477362c6a19","transaction_count":0,"txlist_hash":"835bb9a4c02258bbeb900ffd72844df730cb559a80b5827bde2c8590f64346c3"}',0,'BLOCK_PARSED',NULL,'1896885631978059fdc3ed877d7025828f31022d6e93c9172ea5337f395cbc6b');
INSERT INTO messages VALUES(339,310096,'insert','blocks','{"block_hash":"306aeec3db435fabffdf88c2f26ee83caa4c2426375a33daa2be041dbd27ea2f","block_index":310096,"block_time":310096000,"difficulty":null,"ledger_hash":null,"previous_block_hash":null,"txlist_hash":null}',0,'NEW_BLOCK',NULL,'674e9ab1fdb28daea4897220cb522ea82b70b8855fdef1eaabe342266b439b73');
INSERT INTO messages VALUES(340,310096,'parse','blocks','{"block_index":310096,"ledger_hash":"b50805d750ebd26f8dbced919948118f1f97ce7d117aa1760e7a3c4895f51e13","messages_hash":"df7098355905a77271b0dfdcd4741a67e08a1dc8fd9cc30c50e939d13957b44d","transaction_count":0,"txlist_hash":"35a0a872faf213bb150cac69b996c9c93cb0c8fed1d25c7123d8cf4bf4e6c644"}',0,'BLOCK_PARSED',NULL,'0df20f51bca1f60f197bb81fa894f02a0d259963f604abe595439e93549ac540');
INSERT INTO messages VALUES(341,310097,'insert','blocks','{"block_hash":"13e8e16e67c7cdcc80d477491e554b43744f90e8e1a9728439a11fab42cefadf","block_index":310097,"block_time":310097000,"difficulty":null,"ledger_hash":null,"previous_block_hash":null,"txlist_hash":null}',0,'NEW_BLOCK',NULL,'dc3250444398d0f6fdb21aacb72284df099f8eb7884efaf18348f2bc16317b1c');
INSERT INTO messages VALUES(342,310097,'parse','blocks','{"block_index":310097,"ledger_hash":"dde96405c241e1d57334670e4eff7ed8db92056e6867cae10475a9bc30ba4619","messages_hash":"cc8c671ff403a97815e93051d591c7ef6fe148ba4e3e2fd6901f3305f95c51a3","transaction_count":0,"txlist_hash":"6b6dcd66f67160244555412b77deb7229dee9126289e3cff3f3d26f87a3b6d5b"}',0,'BLOCK_PARSED',NULL,'46aa7b4147def9c92ca742c66df7a21246003ca41a7d4eddb4d45d90ea3d6231');
INSERT INTO messages VALUES(343,310098,'insert','blocks','{"block_hash":"ca5bca4b5ec4fa6183e05176abe921cff884c4e20910fab55b603cef48dc3bca","block_index":310098,"block_time":310098000,"difficulty":null,"ledger_hash":null,"previous_block_hash":null,"txlist_hash":null}',0,'NEW_BLOCK',NULL,'a7a356e227696ad400611a2e785b7f5f5d2448f5ab9294ade4b6a5f340b35a30');
INSERT INTO messages VALUES(344,310098,'parse','blocks','{"block_index":310098,"ledger_hash":"613d78fbabba246a4d1cd9d50317e732795a59812df8395472347e15cec1ee9b","messages_hash":"63b94e4d660c02ddbf3f838548ad313cf01ba18ffe3b19f9faaeb666ed319c2d","transaction_count":0,"txlist_hash":"b84b34ec8e0e8325367fc886ef5e720f00b7693fd8ddcd90a06e7d2bdb34fe16"}',0,'BLOCK_PARSED',NULL,'544f2668b931dfad8fc53b11eb734d22029171e7ed12ee570e14a72771386639');
INSERT INTO messages VALUES(345,310099,'insert','blocks','{"block_hash":"3c4c2279cd7de0add5ec469648a845875495a7d54ebfb5b012dcc5a197b7992a","block_index":310099,"block_time":310099000,"difficulty":null,"ledger_hash":null,"previous_block_hash":null,"txlist_hash":null}',0,'NEW_BLOCK',NULL,'802e30ed4a6b8f7a5bf0fb06fdfe3a834dfe38a755dba1f9b0abc1603eb2ab3e');
INSERT INTO messages VALUES(346,310099,'parse','blocks','{"block_index":310099,"ledger_hash":"e535ca5960d2ce7508bd2157dd0cac3ea1f9ab14532a40884d522b4bba0d4979","messages_hash":"b16c7830d4f12426993bff12af3e7e654398586b1fd6a06ace973b5ed3cc899f","transaction_count":0,"txlist_hash":"157c4eaced2af2a1eb2a8d3add58af2c27b30b682a3799c5a6de48633359e37f"}',0,'BLOCK_PARSED',NULL,'0e54747e4e173f2b04fb71a072ee0ed4c71b9849fd1af7746abcce62c4f746c8');
INSERT INTO messages VALUES(347,310100,'insert','blocks','{"block_hash":"96925c05b3c7c80c716f5bef68d161c71d044252c766ca0e3f17f255764242cb","block_index":310100,"block_time":310100000,"difficulty":null,"ledger_hash":null,"previous_block_hash":null,"txlist_hash":null}',0,'NEW_BLOCK',NULL,'26d97384fd5283711bf5f9ec8ae352a1920db2fc306ee6660e61c3e979123051');
INSERT INTO messages VALUES(348,310100,'parse','blocks','{"block_index":310100,"ledger_hash":"970865291b7a6d8173d6ad2ae97335cb2e89d80cbbb7a79bb2328cf6c67fa6cd","messages_hash":"c84148dd49e9af2149f3b35ca31cb9b94224b64dc231bc7a61d1fe1d65777562","transaction_count":0,"txlist_hash":"0de8d61a34c619ae14db1aef6b05aac30abb2f614aac047e13370d85d087ad63"}',0,'BLOCK_PARSED',NULL,'f25bb1e72cba88982949692127ef3d64876abc0f0266e3c6e1ea3527c5f46bd5');
INSERT INTO messages VALUES(349,310101,'insert','blocks','{"block_hash":"369472409995ca1a2ebecbad6bf9dab38c378ab1e67e1bdf13d4ce1346731cd6","block_index":310101,"block_time":310101000,"difficulty":null,"ledger_hash":null,"previous_block_hash":null,"txlist_hash":null}',0,'NEW_BLOCK',NULL,'2aa4db7409c819cd515e22b2738dff37a8998a355c57b6346984e133c6185c6d');
INSERT INTO messages VALUES(350,310101,'parse','blocks','{"block_index":310101,"ledger_hash":"0741e57ad88cdada65134c9f131ff5bfd9498cb054378d829e34715e8db2aa6d","messages_hash":"ec0a81c838d688af198a5128494c58e01d6a40ab70fd0d0839ca526ef5f5488c","transaction_count":0,"txlist_hash":"556993f39b0831366242de97819100cca7b58d6f33df18e95c7fff680c411dcd"}',0,'BLOCK_PARSED',NULL,'68b0c50e31164abe5c425002df987fc792a9bf40219ca19e9f1edba73099def2');
-- Triggers and indices on  messages
CREATE TRIGGER block_update_messages
            BEFORE UPDATE ON messages BEGIN
                SELECT RAISE(FAIL, "UPDATES NOT ALLOWED");
            END;
CREATE INDEX messages_block_index_event_idx ON messages (block_index, event)
        ;
CREATE INDEX messages_block_index_idx ON messages (block_index)
        ;
CREATE INDEX messages_block_index_message_index_idx ON messages (block_index, message_index)
        ;
CREATE INDEX messages_event_hash_idx ON messages (event_hash)
        ;
CREATE INDEX messages_event_idx ON messages (event)
        ;
CREATE INDEX messages_tx_hash_idx ON messages (tx_hash)
        ;

COMMIT TRANSACTION;
PRAGMA page_size=4096;
-- PRAGMA encoding='UTF-8';
-- PRAGMA auto_vacuum=FULL;
-- PRAGMA max_page_count=4294967294;

BEGIN TRANSACTION;

-- Table  order_match_expirations
DROP TABLE IF EXISTS order_match_expirations;
CREATE TABLE order_match_expirations(
                                              order_match_id TEXT PRIMARY KEY,
                                              tx0_address TEXT,
                                              tx1_address TEXT,
                                              block_index INTEGER,
                                              FOREIGN KEY (block_index) REFERENCES blocks(block_index));
-- Triggers and indices on  order_match_expirations
CREATE TRIGGER block_update_order_match_expirations
            BEFORE UPDATE ON order_match_expirations BEGIN
                SELECT RAISE(FAIL, "UPDATES NOT ALLOWED");
            END;
CREATE INDEX order_match_expirations_block_index_idx ON order_match_expirations (block_index)
        ;
CREATE INDEX order_match_expirations_tx0_address_idx ON order_match_expirations (tx0_address)
        ;
CREATE INDEX order_match_expirations_tx1_address_idx ON order_match_expirations (tx1_address)
        ;

COMMIT TRANSACTION;
PRAGMA page_size=4096;
-- PRAGMA encoding='UTF-8';
-- PRAGMA auto_vacuum=FULL;
-- PRAGMA max_page_count=4294967294;

BEGIN TRANSACTION;

-- Table  order_matches
DROP TABLE IF EXISTS order_matches;
CREATE TABLE order_matches(
                                    id TEXT,
                                    tx0_index INTEGER,
                                    tx0_hash TEXT,
                                    tx0_address TEXT,
                                    tx1_index INTEGER,
                                    tx1_hash TEXT,
                                    tx1_address TEXT,
                                    forward_asset TEXT,
                                    forward_quantity INTEGER,
                                    backward_asset TEXT,
                                    backward_quantity INTEGER,
                                    tx0_block_index INTEGER,
                                    tx1_block_index INTEGER,
                                    block_index INTEGER,
                                    tx0_expiration INTEGER,
                                    tx1_expiration INTEGER,
                                    match_expire_index INTEGER,
                                    fee_paid INTEGER,
                                    status TEXT);
INSERT INTO order_matches VALUES('b0f0182d8ab4340522ceb7dc780683d9061f252ecc1123b14215e82ee6ff8675_4433dfcde6e34bbe07bf8ae00c26556f8e3e07b6d8a290fc1d7ba63f07a7bb15',3,'b0f0182d8ab4340522ceb7dc780683d9061f252ecc1123b14215e82ee6ff8675','mn6q3dS2EnDUx3bmyWc6D4szJNVGtaR7zc',4,'4433dfcde6e34bbe07bf8ae00c26556f8e3e07b6d8a290fc1d7ba63f07a7bb15','mn6q3dS2EnDUx3bmyWc6D4szJNVGtaR7zc','BTC',50000000,'XCP',100000000,310002,310003,310003,10,10,310023,857142,'pending');
INSERT INTO order_matches VALUES('b0f0182d8ab4340522ceb7dc780683d9061f252ecc1123b14215e82ee6ff8675_4433dfcde6e34bbe07bf8ae00c26556f8e3e07b6d8a290fc1d7ba63f07a7bb15',3,'b0f0182d8ab4340522ceb7dc780683d9061f252ecc1123b14215e82ee6ff8675','mn6q3dS2EnDUx3bmyWc6D4szJNVGtaR7zc',4,'4433dfcde6e34bbe07bf8ae00c26556f8e3e07b6d8a290fc1d7ba63f07a7bb15','mn6q3dS2EnDUx3bmyWc6D4szJNVGtaR7zc','BTC',50000000,'XCP',100000000,310002,310003,310004,10,10,310023,857142,'completed');
-- Triggers and indices on  order_matches
CREATE TRIGGER block_update_order_matches
            BEFORE UPDATE ON order_matches BEGIN
                SELECT RAISE(FAIL, "UPDATES NOT ALLOWED");
            END;
CREATE INDEX order_matches_backward_asset_idx ON order_matches (backward_asset)
        ;
CREATE INDEX order_matches_block_index_idx ON order_matches (block_index)
        ;
CREATE INDEX order_matches_forward_asset_idx ON order_matches (forward_asset)
        ;
CREATE INDEX order_matches_id_idx ON order_matches (id)
        ;
CREATE INDEX order_matches_match_expire_index_idx ON order_matches (match_expire_index)
        ;
CREATE INDEX order_matches_status_idx ON order_matches (status)
        ;
CREATE INDEX order_matches_tx0_address_forward_asset_idx ON order_matches (tx0_address, forward_asset)
        ;
CREATE INDEX order_matches_tx0_hash_idx ON order_matches (tx0_hash)
        ;
CREATE INDEX order_matches_tx1_address_backward_asset_idx ON order_matches (tx1_address, backward_asset)
        ;
CREATE INDEX order_matches_tx1_hash_idx ON order_matches (tx1_hash)
        ;

COMMIT TRANSACTION;
PRAGMA page_size=4096;
-- PRAGMA encoding='UTF-8';
-- PRAGMA auto_vacuum=FULL;
-- PRAGMA max_page_count=4294967294;

BEGIN TRANSACTION;

-- Table  order_expirations
DROP TABLE IF EXISTS order_expirations;
CREATE TABLE order_expirations(
                                        order_hash TEXT PRIMARY KEY,
                                        source TEXT,
                                        block_index INTEGER,
                                        FOREIGN KEY (block_index) REFERENCES blocks(block_index));
INSERT INTO order_expirations VALUES('b0f0182d8ab4340522ceb7dc780683d9061f252ecc1123b14215e82ee6ff8675','mn6q3dS2EnDUx3bmyWc6D4szJNVGtaR7zc',310013);
INSERT INTO order_expirations VALUES('4433dfcde6e34bbe07bf8ae00c26556f8e3e07b6d8a290fc1d7ba63f07a7bb15','mn6q3dS2EnDUx3bmyWc6D4szJNVGtaR7zc',310014);
INSERT INTO order_expirations VALUES('fa0a06be464e47e29a9c635a718a46aca07f80a05f4ae1f3dc18391fc5b81004','mn6q3dS2EnDUx3bmyWc6D4szJNVGtaR7zc',310032);
-- Triggers and indices on  order_expirations
CREATE TRIGGER block_update_order_expirations
            BEFORE UPDATE ON order_expirations BEGIN
                SELECT RAISE(FAIL, "UPDATES NOT ALLOWED");
            END;
CREATE INDEX order_expirations_block_index_idx ON order_expirations (block_index)
        ;
CREATE INDEX order_expirations_source_idx ON order_expirations (source)
        ;

COMMIT TRANSACTION;
PRAGMA page_size=4096;
-- PRAGMA encoding='UTF-8';
-- PRAGMA auto_vacuum=FULL;
-- PRAGMA max_page_count=4294967294;

BEGIN TRANSACTION;

-- Table  orders
DROP TABLE IF EXISTS orders;
CREATE TABLE orders(
                            tx_index INTEGER,
                            tx_hash TEXT,
                            block_index INTEGER,
                            source TEXT,
                            give_asset TEXT,
                            give_quantity INTEGER,
                            give_remaining INTEGER,
                            get_asset TEXT,
                            get_quantity INTEGER,
                            get_remaining INTEGER,
                            expiration INTEGER,
                            expire_index INTEGER,
                            fee_required INTEGER,
                            fee_required_remaining INTEGER,
                            fee_provided INTEGER,
                            fee_provided_remaining INTEGER,
                            status TEXT);
INSERT INTO orders VALUES(3,'b0f0182d8ab4340522ceb7dc780683d9061f252ecc1123b14215e82ee6ff8675',310002,'mn6q3dS2EnDUx3bmyWc6D4szJNVGtaR7zc','BTC',50000000,50000000,'XCP',100000000,100000000,10,310012,0,0,1000000,1000000,'open');
INSERT INTO orders VALUES(4,'4433dfcde6e34bbe07bf8ae00c26556f8e3e07b6d8a290fc1d7ba63f07a7bb15',310003,'mn6q3dS2EnDUx3bmyWc6D4szJNVGtaR7zc','XCP',105000000,105000000,'BTC',50000000,50000000,10,310013,900000,900000,1260,1260,'open');
INSERT INTO orders VALUES(3,'b0f0182d8ab4340522ceb7dc780683d9061f252ecc1123b14215e82ee6ff8675',310003,'mn6q3dS2EnDUx3bmyWc6D4szJNVGtaR7zc','BTC',50000000,0,'XCP',100000000,0,10,310012,0,0,1000000,142858,'open');
INSERT INTO orders VALUES(4,'4433dfcde6e34bbe07bf8ae00c26556f8e3e07b6d8a290fc1d7ba63f07a7bb15',310003,'mn6q3dS2EnDUx3bmyWc6D4szJNVGtaR7zc','XCP',105000000,5000000,'BTC',50000000,0,10,310013,900000,42858,1260,1260,'open');
INSERT INTO orders VALUES(3,'b0f0182d8ab4340522ceb7dc780683d9061f252ecc1123b14215e82ee6ff8675',310013,'mn6q3dS2EnDUx3bmyWc6D4szJNVGtaR7zc','BTC',50000000,0,'XCP',100000000,0,10,310012,0,0,1000000,142858,'expired');
INSERT INTO orders VALUES(4,'4433dfcde6e34bbe07bf8ae00c26556f8e3e07b6d8a290fc1d7ba63f07a7bb15',310014,'mn6q3dS2EnDUx3bmyWc6D4szJNVGtaR7zc','XCP',105000000,5000000,'BTC',50000000,0,10,310013,900000,42858,1260,1260,'expired');
INSERT INTO orders VALUES(22,'fa0a06be464e47e29a9c635a718a46aca07f80a05f4ae1f3dc18391fc5b81004',310021,'mn6q3dS2EnDUx3bmyWc6D4szJNVGtaR7zc','BBBB',50000000,50000000,'XCP',50000000,50000000,10,310031,0,0,1260,1260,'open');
INSERT INTO orders VALUES(22,'fa0a06be464e47e29a9c635a718a46aca07f80a05f4ae1f3dc18391fc5b81004',310032,'mn6q3dS2EnDUx3bmyWc6D4szJNVGtaR7zc','BBBB',50000000,50000000,'XCP',50000000,50000000,10,310031,0,0,1260,1260,'expired');
-- Triggers and indices on  orders
CREATE TRIGGER block_update_orders
            BEFORE UPDATE ON orders BEGIN
                SELECT RAISE(FAIL, "UPDATES NOT ALLOWED");
            END;
CREATE INDEX orders_block_index_idx ON orders (block_index)
        ;
CREATE INDEX orders_expire_index_idx ON orders (expire_index)
        ;
CREATE INDEX orders_get_asset_give_asset_idx ON orders (get_asset, give_asset)
        ;
CREATE INDEX orders_get_quantity_idx ON orders (get_quantity)
        ;
CREATE INDEX orders_give_asset_idx ON orders (give_asset)
        ;
CREATE INDEX orders_give_quantity_idx ON orders (give_quantity)
        ;
CREATE INDEX orders_source_give_asset_idx ON orders (source, give_asset)
        ;
CREATE INDEX orders_status_idx ON orders (status)
        ;
CREATE INDEX orders_tx_hash_idx ON orders (tx_hash)
        ;
CREATE INDEX orders_tx_index_tx_hash_idx ON orders (tx_index, tx_hash)
        ;

COMMIT TRANSACTION;
PRAGMA page_size=4096;
-- PRAGMA encoding='UTF-8';
-- PRAGMA auto_vacuum=FULL;
-- PRAGMA max_page_count=4294967294;

BEGIN TRANSACTION;

-- Table  bet_match_expirations
DROP TABLE IF EXISTS bet_match_expirations;
CREATE TABLE bet_match_expirations(
                                          bet_match_id TEXT PRIMARY KEY,
                                          tx0_address TEXT,
                                          tx1_address TEXT,
                                          block_index INTEGER,
                                          FOREIGN KEY (block_index) REFERENCES blocks(block_index));
-- Triggers and indices on  bet_match_expirations
CREATE INDEX bet_match_expirations_block_index_idx ON bet_match_expirations (block_index)
        ;
CREATE INDEX bet_match_expirations_tx0_address_idx ON bet_match_expirations (tx0_address)
        ;
CREATE INDEX bet_match_expirations_tx1_address_idx ON bet_match_expirations (tx1_address)
        ;
CREATE TRIGGER block_update_bet_match_expirations
            BEFORE UPDATE ON bet_match_expirations BEGIN
                SELECT RAISE(FAIL, "UPDATES NOT ALLOWED");
            END;

COMMIT TRANSACTION;
PRAGMA page_size=4096;
-- PRAGMA encoding='UTF-8';
-- PRAGMA auto_vacuum=FULL;
-- PRAGMA max_page_count=4294967294;

BEGIN TRANSACTION;

-- Table  bet_matches
DROP TABLE IF EXISTS bet_matches;
CREATE TABLE bet_matches(
                                id TEXT,
                                tx0_index INTEGER,
                                tx0_hash TEXT,
                                tx0_address TEXT,
                                tx1_index INTEGER,
                                tx1_hash TEXT,
                                tx1_address TEXT,
                                tx0_bet_type INTEGER,
                                tx1_bet_type INTEGER,
                                feed_address TEXT,
                                initial_value INTEGER,
                                deadline INTEGER,
                                target_value REAL,
                                leverage INTEGER,
                                forward_quantity INTEGER,
                                backward_quantity INTEGER,
                                tx0_block_index INTEGER,
                                tx1_block_index INTEGER,
                                block_index INTEGER,
                                tx0_expiration INTEGER,
                                tx1_expiration INTEGER,
                                match_expire_index INTEGER,
                                fee_fraction_int INTEGER,
                                status TEXT);
INSERT INTO bet_matches VALUES('4c983a7fab208a12497cd705c73fb136c6e2cf5d6fbcab4486aa591dd3ef5e0c_36b3a6a2dcdcaeec9ad25443e03395c109fa10a27e10e0436cf7feb51836306e',13,'4c983a7fab208a12497cd705c73fb136c6e2cf5d6fbcab4486aa591dd3ef5e0c','mn6q3dS2EnDUx3bmyWc6D4szJNVGtaR7zc',14,'36b3a6a2dcdcaeec9ad25443e03395c109fa10a27e10e0436cf7feb51836306e','mn6q3dS2EnDUx3bmyWc6D4szJNVGtaR7zc',0,1,'mn6q3dS2EnDUx3bmyWc6D4szJNVGtaR7zc',100,1388000100,0.0,15120,41500000,20750000,310012,310013,310012,10,10,310022,99999999,'pending');
INSERT INTO bet_matches VALUES('66e7001c9849c9df61cadb460f078cb69f239bf6c19e428a4b4431f58e1e53f1_ba2f85d2051649ce6a0835825c70f89ae179ec147362ddecbc4dcdb9f5b3caf2',15,'66e7001c9849c9df61cadb460f078cb69f239bf6c19e428a4b4431f58e1e53f1','mn6q3dS2EnDUx3bmyWc6D4szJNVGtaR7zc',16,'ba2f85d2051649ce6a0835825c70f89ae179ec147362ddecbc4dcdb9f5b3caf2','mn6q3dS2EnDUx3bmyWc6D4szJNVGtaR7zc',0,1,'mn6q3dS2EnDUx3bmyWc6D4szJNVGtaR7zc',100,1388000100,0.0,5040,150000000,350000000,310014,310015,310014,10,10,310024,99999999,'pending');
INSERT INTO bet_matches VALUES('318fe271074109954e35ca005f999ab3585cd5aea24afc7bcfcac46003f4dee9_f206f68fcbfdb79939f6bb9932fd5413b00a9590f6b1616a335802e6c62cedbd',17,'318fe271074109954e35ca005f999ab3585cd5aea24afc7bcfcac46003f4dee9','mn6q3dS2EnDUx3bmyWc6D4szJNVGtaR7zc',18,'f206f68fcbfdb79939f6bb9932fd5413b00a9590f6b1616a335802e6c62cedbd','mn6q3dS2EnDUx3bmyWc6D4szJNVGtaR7zc',2,3,'mn6q3dS2EnDUx3bmyWc6D4szJNVGtaR7zc',100,1388000200,1.0,5040,750000000,650000000,310016,310017,310016,10,10,310026,99999999,'pending');
INSERT INTO bet_matches VALUES('4c983a7fab208a12497cd705c73fb136c6e2cf5d6fbcab4486aa591dd3ef5e0c_36b3a6a2dcdcaeec9ad25443e03395c109fa10a27e10e0436cf7feb51836306e',13,'4c983a7fab208a12497cd705c73fb136c6e2cf5d6fbcab4486aa591dd3ef5e0c','mn6q3dS2EnDUx3bmyWc6D4szJNVGtaR7zc',14,'36b3a6a2dcdcaeec9ad25443e03395c109fa10a27e10e0436cf7feb51836306e','mn6q3dS2EnDUx3bmyWc6D4szJNVGtaR7zc',0,1,'mn6q3dS2EnDUx3bmyWc6D4szJNVGtaR7zc',100,1388000100,0.0,15120,41500000,20750000,310012,310013,310018,10,10,310022,99999999,'settled: liquidated for bear');
INSERT INTO bet_matches VALUES('66e7001c9849c9df61cadb460f078cb69f239bf6c19e428a4b4431f58e1e53f1_ba2f85d2051649ce6a0835825c70f89ae179ec147362ddecbc4dcdb9f5b3caf2',15,'66e7001c9849c9df61cadb460f078cb69f239bf6c19e428a4b4431f58e1e53f1','mn6q3dS2EnDUx3bmyWc6D4szJNVGtaR7zc',16,'ba2f85d2051649ce6a0835825c70f89ae179ec147362ddecbc4dcdb9f5b3caf2','mn6q3dS2EnDUx3bmyWc6D4szJNVGtaR7zc',0,1,'mn6q3dS2EnDUx3bmyWc6D4szJNVGtaR7zc',100,1388000100,0.0,5040,150000000,350000000,310014,310015,310019,10,10,310024,99999999,'settled');
INSERT INTO bet_matches VALUES('318fe271074109954e35ca005f999ab3585cd5aea24afc7bcfcac46003f4dee9_f206f68fcbfdb79939f6bb9932fd5413b00a9590f6b1616a335802e6c62cedbd',17,'318fe271074109954e35ca005f999ab3585cd5aea24afc7bcfcac46003f4dee9','mn6q3dS2EnDUx3bmyWc6D4szJNVGtaR7zc',18,'f206f68fcbfdb79939f6bb9932fd5413b00a9590f6b1616a335802e6c62cedbd','mn6q3dS2EnDUx3bmyWc6D4szJNVGtaR7zc',2,3,'mn6q3dS2EnDUx3bmyWc6D4szJNVGtaR7zc',100,1388000200,1.0,5040,750000000,650000000,310016,310017,310020,10,10,310026,99999999,'settled: for notequal');
-- Triggers and indices on  bet_matches
CREATE INDEX bet_matches_block_index_idx ON bet_matches (block_index)
        ;
CREATE INDEX bet_matches_deadline_idx ON bet_matches (deadline)
        ;
CREATE INDEX bet_matches_id_idx ON bet_matches (id)
        ;
CREATE INDEX bet_matches_status_idx ON bet_matches (status)
        ;
CREATE INDEX bet_matches_tx0_address_idx ON bet_matches (tx0_address)
        ;
CREATE INDEX bet_matches_tx1_address_idx ON bet_matches (tx1_address)
        ;
CREATE TRIGGER block_update_bet_matches
            BEFORE UPDATE ON bet_matches BEGIN
                SELECT RAISE(FAIL, "UPDATES NOT ALLOWED");
            END;

COMMIT TRANSACTION;
PRAGMA page_size=4096;
-- PRAGMA encoding='UTF-8';
-- PRAGMA auto_vacuum=FULL;
-- PRAGMA max_page_count=4294967294;

BEGIN TRANSACTION;

-- Table  bet_match_resolutions
DROP TABLE IF EXISTS bet_match_resolutions;
CREATE TABLE bet_match_resolutions(
                                            bet_match_id TEXT PRIMARY KEY,
                                            bet_match_type_id INTEGER,
                                            block_index INTEGER,
                                            winner TEXT,
                                            settled BOOL,
                                            bull_credit INTEGER,
                                            bear_credit INTEGER,
                                            escrow_less_fee INTEGER,
                                            fee INTEGER,
                                            FOREIGN KEY (block_index) REFERENCES blocks(block_index));
INSERT INTO bet_match_resolutions VALUES('4c983a7fab208a12497cd705c73fb136c6e2cf5d6fbcab4486aa591dd3ef5e0c_36b3a6a2dcdcaeec9ad25443e03395c109fa10a27e10e0436cf7feb51836306e',1,310018,NULL,0,0,59137500,NULL,3112500);
INSERT INTO bet_match_resolutions VALUES('66e7001c9849c9df61cadb460f078cb69f239bf6c19e428a4b4431f58e1e53f1_ba2f85d2051649ce6a0835825c70f89ae179ec147362ddecbc4dcdb9f5b3caf2',1,310019,NULL,1,159300000,315700000,NULL,25000000);
INSERT INTO bet_match_resolutions VALUES('318fe271074109954e35ca005f999ab3585cd5aea24afc7bcfcac46003f4dee9_f206f68fcbfdb79939f6bb9932fd5413b00a9590f6b1616a335802e6c62cedbd',5,310020,'NotEqual',NULL,NULL,NULL,1330000000,70000000);
-- Triggers and indices on  bet_match_resolutions
CREATE TRIGGER block_update_bet_match_resolutions
            BEFORE UPDATE ON bet_match_resolutions BEGIN
                SELECT RAISE(FAIL, "UPDATES NOT ALLOWED");
            END;

COMMIT TRANSACTION;
PRAGMA page_size=4096;
-- PRAGMA encoding='UTF-8';
-- PRAGMA auto_vacuum=FULL;
-- PRAGMA max_page_count=4294967294;

BEGIN TRANSACTION;

-- Table  bet_expirations
DROP TABLE IF EXISTS bet_expirations;
CREATE TABLE bet_expirations(
                                    bet_index INTEGER PRIMARY KEY,
                                    bet_hash TEXT UNIQUE,
                                    source TEXT,
                                    block_index INTEGER,
                                    FOREIGN KEY (block_index) REFERENCES blocks(block_index));
INSERT INTO bet_expirations VALUES(13,'4c983a7fab208a12497cd705c73fb136c6e2cf5d6fbcab4486aa591dd3ef5e0c','mn6q3dS2EnDUx3bmyWc6D4szJNVGtaR7zc',310023);
-- Triggers and indices on  bet_expirations
CREATE INDEX bet_expirations_block_index_idx ON bet_expirations (block_index)
        ;
CREATE INDEX bet_expirations_source_idx ON bet_expirations (source)
        ;
CREATE TRIGGER block_update_bet_expirations
            BEFORE UPDATE ON bet_expirations BEGIN
                SELECT RAISE(FAIL, "UPDATES NOT ALLOWED");
            END;

COMMIT TRANSACTION;
PRAGMA page_size=4096;
-- PRAGMA encoding='UTF-8';
-- PRAGMA auto_vacuum=FULL;
-- PRAGMA max_page_count=4294967294;

BEGIN TRANSACTION;

-- Table  bets
DROP TABLE IF EXISTS bets;
CREATE TABLE bets(
                        tx_index INTEGER,
                        tx_hash TEXT,
                        block_index INTEGER,
                        source TEXT,
                        feed_address TEXT,
                        bet_type INTEGER,
                        deadline INTEGER,
                        wager_quantity INTEGER,
                        wager_remaining INTEGER,
                        counterwager_quantity INTEGER,
                        counterwager_remaining INTEGER,
                        target_value REAL,
                        leverage INTEGER,
                        expiration INTEGER,
                        expire_index INTEGER,
                        fee_fraction_int INTEGER,
                        status TEXT);
INSERT INTO bets VALUES(13,'4c983a7fab208a12497cd705c73fb136c6e2cf5d6fbcab4486aa591dd3ef5e0c',310012,'mn6q3dS2EnDUx3bmyWc6D4szJNVGtaR7zc','mn6q3dS2EnDUx3bmyWc6D4szJNVGtaR7zc',0,1388000100,50000000,50000000,25000000,25000000,0.0,15120,10,310022,99999999,'open');
INSERT INTO bets VALUES(14,'36b3a6a2dcdcaeec9ad25443e03395c109fa10a27e10e0436cf7feb51836306e',310013,'mn6q3dS2EnDUx3bmyWc6D4szJNVGtaR7zc','mn6q3dS2EnDUx3bmyWc6D4szJNVGtaR7zc',1,1388000100,25000000,25000000,41500000,41500000,0.0,15120,10,310023,99999999,'open');
INSERT INTO bets VALUES(13,'4c983a7fab208a12497cd705c73fb136c6e2cf5d6fbcab4486aa591dd3ef5e0c',310013,'mn6q3dS2EnDUx3bmyWc6D4szJNVGtaR7zc','mn6q3dS2EnDUx3bmyWc6D4szJNVGtaR7zc',0,1388000100,50000000,8500000,25000000,4250000,0.0,15120,10,310022,99999999,'open');
INSERT INTO bets VALUES(14,'36b3a6a2dcdcaeec9ad25443e03395c109fa10a27e10e0436cf7feb51836306e',310013,'mn6q3dS2EnDUx3bmyWc6D4szJNVGtaR7zc','mn6q3dS2EnDUx3bmyWc6D4szJNVGtaR7zc',1,1388000100,25000000,4250000,41500000,0,0.0,15120,10,310023,99999999,'filled');
INSERT INTO bets VALUES(15,'66e7001c9849c9df61cadb460f078cb69f239bf6c19e428a4b4431f58e1e53f1',310014,'mn6q3dS2EnDUx3bmyWc6D4szJNVGtaR7zc','mn6q3dS2EnDUx3bmyWc6D4szJNVGtaR7zc',0,1388000100,150000000,150000000,350000000,350000000,0.0,5040,10,310024,99999999,'open');
INSERT INTO bets VALUES(16,'ba2f85d2051649ce6a0835825c70f89ae179ec147362ddecbc4dcdb9f5b3caf2',310015,'mn6q3dS2EnDUx3bmyWc6D4szJNVGtaR7zc','mn6q3dS2EnDUx3bmyWc6D4szJNVGtaR7zc',1,1388000100,350000000,350000000,150000000,150000000,0.0,5040,10,310025,99999999,'open');
INSERT INTO bets VALUES(15,'66e7001c9849c9df61cadb460f078cb69f239bf6c19e428a4b4431f58e1e53f1',310015,'mn6q3dS2EnDUx3bmyWc6D4szJNVGtaR7zc','mn6q3dS2EnDUx3bmyWc6D4szJNVGtaR7zc',0,1388000100,150000000,0,350000000,0,0.0,5040,10,310024,99999999,'filled');
INSERT INTO bets VALUES(16,'ba2f85d2051649ce6a0835825c70f89ae179ec147362ddecbc4dcdb9f5b3caf2',310015,'mn6q3dS2EnDUx3bmyWc6D4szJNVGtaR7zc','mn6q3dS2EnDUx3bmyWc6D4szJNVGtaR7zc',1,1388000100,350000000,0,150000000,0,0.0,5040,10,310025,99999999,'filled');
INSERT INTO bets VALUES(17,'318fe271074109954e35ca005f999ab3585cd5aea24afc7bcfcac46003f4dee9',310016,'mn6q3dS2EnDUx3bmyWc6D4szJNVGtaR7zc','mn6q3dS2EnDUx3bmyWc6D4szJNVGtaR7zc',2,1388000200,750000000,750000000,650000000,650000000,1.0,5040,10,310026,99999999,'open');
INSERT INTO bets VALUES(18,'f206f68fcbfdb79939f6bb9932fd5413b00a9590f6b1616a335802e6c62cedbd',310017,'mn6q3dS2EnDUx3bmyWc6D4szJNVGtaR7zc','mn6q3dS2EnDUx3bmyWc6D4szJNVGtaR7zc',3,1388000200,650000000,650000000,750000000,750000000,1.0,5040,10,310027,99999999,'open');
INSERT INTO bets VALUES(17,'318fe271074109954e35ca005f999ab3585cd5aea24afc7bcfcac46003f4dee9',310017,'mn6q3dS2EnDUx3bmyWc6D4szJNVGtaR7zc','mn6q3dS2EnDUx3bmyWc6D4szJNVGtaR7zc',2,1388000200,750000000,0,650000000,0,1.0,5040,10,310026,99999999,'filled');
INSERT INTO bets VALUES(18,'f206f68fcbfdb79939f6bb9932fd5413b00a9590f6b1616a335802e6c62cedbd',310017,'mn6q3dS2EnDUx3bmyWc6D4szJNVGtaR7zc','mn6q3dS2EnDUx3bmyWc6D4szJNVGtaR7zc',3,1388000200,650000000,0,750000000,0,1.0,5040,10,310027,99999999,'filled');
INSERT INTO bets VALUES(13,'4c983a7fab208a12497cd705c73fb136c6e2cf5d6fbcab4486aa591dd3ef5e0c',310023,'mn6q3dS2EnDUx3bmyWc6D4szJNVGtaR7zc','mn6q3dS2EnDUx3bmyWc6D4szJNVGtaR7zc',0,1388000100,50000000,8500000,25000000,4250000,0.0,15120,10,310022,99999999,'expired');
-- Triggers and indices on  bets
CREATE INDEX bets_block_index_idx ON bets (block_index)
        ;
CREATE INDEX bets_expire_index_idx ON bets (expire_index)
        ;
CREATE INDEX bets_feed_address_bet_type_idx ON bets (feed_address, bet_type)
        ;
CREATE INDEX bets_feed_address_idx ON bets (feed_address)
        ;
CREATE INDEX bets_status_idx ON bets (status)
        ;
CREATE INDEX bets_tx_hash_idx ON bets (tx_hash)
        ;
CREATE INDEX bets_tx_index_tx_hash_idx ON bets (tx_index, tx_hash)
        ;
CREATE TRIGGER block_update_bets
            BEFORE UPDATE ON bets BEGIN
                SELECT RAISE(FAIL, "UPDATES NOT ALLOWED");
            END;

COMMIT TRANSACTION;
PRAGMA page_size=4096;
-- PRAGMA encoding='UTF-8';
-- PRAGMA auto_vacuum=FULL;
-- PRAGMA max_page_count=4294967294;

BEGIN TRANSACTION;

-- Table  broadcasts
DROP TABLE IF EXISTS broadcasts;
CREATE TABLE broadcasts(
                      tx_index INTEGER PRIMARY KEY,
                      tx_hash TEXT UNIQUE,
                      block_index INTEGER,
                      source TEXT,
                      timestamp INTEGER,
                      value REAL,
                      fee_fraction_int INTEGER,
                      text TEXT,
                      locked BOOL,
                      status TEXT,
                      FOREIGN KEY (tx_index, tx_hash, block_index) REFERENCES transactions(tx_index, tx_hash, block_index));
INSERT INTO broadcasts VALUES(12,'e0a06f7eda9ee9fd6ae37bb1d25ba5bd2061dcae240c37fcebbc1b0a4d256b0e',310011,'mn6q3dS2EnDUx3bmyWc6D4szJNVGtaR7zc',1388000000,100.0,99999999,'Unit Test',0,'valid');
INSERT INTO broadcasts VALUES(19,'db19d01045220ed625e816d7741bbe3c54f4ed5fbffbe2f89c2cca4be94bfb42',310018,'mn6q3dS2EnDUx3bmyWc6D4szJNVGtaR7zc',1388000050,99.86166,5000000,'Unit Test',0,'valid');
INSERT INTO broadcasts VALUES(20,'859eeb1cb8607ad1d3f4580977ba489371385a5b0e69b657aba22eee671781b4',310019,'mn6q3dS2EnDUx3bmyWc6D4szJNVGtaR7zc',1388000101,100.343,5000000,'Unit Test',0,'valid');
INSERT INTO broadcasts VALUES(21,'2ef530a785f2b27c6a072cfd29d9264f57c43519a7ea6dbc99e95dad43dd5877',310020,'mn6q3dS2EnDUx3bmyWc6D4szJNVGtaR7zc',1388000201,2.0,5000000,'Unit Test',0,'valid');
-- Triggers and indices on  broadcasts
CREATE TRIGGER block_update_broadcasts
            BEFORE UPDATE ON broadcasts BEGIN
                SELECT RAISE(FAIL, "UPDATES NOT ALLOWED");
            END;
CREATE INDEX broadcasts_block_index_idx ON broadcasts (block_index)
        ;
CREATE INDEX broadcasts_status_source_tx_index_idx ON broadcasts (status, source, tx_index)
        ;
CREATE INDEX broadcasts_timestamp_idx ON broadcasts (timestamp)
        ;

COMMIT TRANSACTION;
PRAGMA page_size=4096;
-- PRAGMA encoding='UTF-8';
-- PRAGMA auto_vacuum=FULL;
-- PRAGMA max_page_count=4294967294;

BEGIN TRANSACTION;

-- Table  btcpays
DROP TABLE IF EXISTS btcpays;
CREATE TABLE btcpays(
                      tx_index INTEGER PRIMARY KEY,
                      tx_hash TEXT UNIQUE,
                      block_index INTEGER,
                      source TEXT,
                      destination TEXT,
                      btc_amount INTEGER,
                      order_match_id TEXT,
                      status TEXT,
                      FOREIGN KEY (tx_index, tx_hash, block_index) REFERENCES transactions(tx_index, tx_hash, block_index));
INSERT INTO btcpays VALUES(5,'3a935e00a9e28bd722eb053be8cf20d256e0d04b5f6d101920d4984574eba026',310004,'mn6q3dS2EnDUx3bmyWc6D4szJNVGtaR7zc','mn6q3dS2EnDUx3bmyWc6D4szJNVGtaR7zc',50000000,'b0f0182d8ab4340522ceb7dc780683d9061f252ecc1123b14215e82ee6ff8675_4433dfcde6e34bbe07bf8ae00c26556f8e3e07b6d8a290fc1d7ba63f07a7bb15','valid');
-- Triggers and indices on  btcpays
CREATE TRIGGER block_update_btcpays
            BEFORE UPDATE ON btcpays BEGIN
                SELECT RAISE(FAIL, "UPDATES NOT ALLOWED");
            END;
CREATE INDEX btcpays_block_index_idx ON btcpays (block_index)
        ;
CREATE INDEX btcpays_destination_idx ON btcpays (destination)
        ;
CREATE INDEX btcpays_source_idx ON btcpays (source)
        ;

COMMIT TRANSACTION;
PRAGMA page_size=4096;
-- PRAGMA encoding='UTF-8';
-- PRAGMA auto_vacuum=FULL;
-- PRAGMA max_page_count=4294967294;

BEGIN TRANSACTION;

-- Table  burns
DROP TABLE IF EXISTS burns;
CREATE TABLE burns(
                      tx_index INTEGER PRIMARY KEY,
                      tx_hash TEXT UNIQUE,
                      block_index INTEGER,
                      source TEXT,
                      burned INTEGER,
                      earned INTEGER,
                      status TEXT,
                      FOREIGN KEY (tx_index, tx_hash, block_index) REFERENCES transactions(tx_index, tx_hash, block_index));
INSERT INTO burns VALUES(1,'b37d91f0a3451e89035a780c7f0e84ed135d4dd4cd39227cda35ac6da0d3f10e',310000,'mn6q3dS2EnDUx3bmyWc6D4szJNVGtaR7zc',62000000,93000000000,'valid');
INSERT INTO burns VALUES(23,'77d4da76d66b220298ce985c0bd9e5835e359d10ddb6c03b9d3bef27ee077559',310022,'mn6q3dS2EnDUx3bmyWc6D4szJNVGtaR7zc',38000000,56999887262,'valid');
-- Triggers and indices on  burns
CREATE TRIGGER block_update_burns
            BEFORE UPDATE ON burns BEGIN
                SELECT RAISE(FAIL, "UPDATES NOT ALLOWED");
            END;
CREATE INDEX burns_source_idx ON burns (source)
        ;
CREATE INDEX burns_status_idx ON burns (status)
        ;

COMMIT TRANSACTION;
PRAGMA page_size=4096;
-- PRAGMA encoding='UTF-8';
-- PRAGMA auto_vacuum=FULL;
-- PRAGMA max_page_count=4294967294;

BEGIN TRANSACTION;

-- Table  cancels
DROP TABLE IF EXISTS cancels;
CREATE TABLE cancels(
                      tx_index INTEGER PRIMARY KEY,
                      tx_hash TEXT UNIQUE,
                      block_index INTEGER,
                      source TEXT,
                      offer_hash TEXT,
                      status TEXT,
                      FOREIGN KEY (tx_index, tx_hash, block_index) REFERENCES transactions(tx_index, tx_hash, block_index));
-- Triggers and indices on  cancels
CREATE TRIGGER block_update_cancels
            BEFORE UPDATE ON cancels BEGIN
                SELECT RAISE(FAIL, "UPDATES NOT ALLOWED");
            END;
CREATE INDEX cancels_block_index_idx ON cancels (block_index)
        ;
CREATE INDEX cancels_source_idx ON cancels (source)
        ;

COMMIT TRANSACTION;
PRAGMA page_size=4096;
-- PRAGMA encoding='UTF-8';
-- PRAGMA auto_vacuum=FULL;
-- PRAGMA max_page_count=4294967294;

BEGIN TRANSACTION;

-- Table  dividends
DROP TABLE IF EXISTS dividends;
CREATE TABLE dividends(
                      tx_index INTEGER PRIMARY KEY,
                      tx_hash TEXT UNIQUE,
                      block_index INTEGER,
                      source TEXT,
                      asset TEXT,
                      dividend_asset TEXT,
                      quantity_per_unit INTEGER,
                      fee_paid INTEGER,
                      status TEXT,
                      FOREIGN KEY (tx_index, tx_hash, block_index) REFERENCES transactions(tx_index, tx_hash, block_index));
INSERT INTO dividends VALUES(10,'7b8bdac8da6a08b4db92b46c59ee8e5c2fd5d6c600f4d1576f7edc13c65d3578',310009,'mn6q3dS2EnDUx3bmyWc6D4szJNVGtaR7zc','BBBB','XCP',600,20000,'valid');
INSERT INTO dividends VALUES(11,'e36dbc52abaffa262d214acec2f04ca8a434144a50a42f79795a34228ef84005',310010,'mn6q3dS2EnDUx3bmyWc6D4szJNVGtaR7zc','BBBC','XCP',800,20000,'valid');
-- Triggers and indices on  dividends
CREATE TRIGGER block_update_dividends
            BEFORE UPDATE ON dividends BEGIN
                SELECT RAISE(FAIL, "UPDATES NOT ALLOWED");
            END;
CREATE INDEX dividends_asset_idx ON dividends (asset)
        ;
CREATE INDEX dividends_block_index_idx ON dividends (block_index)
        ;
CREATE INDEX dividends_source_idx ON dividends (source)
        ;

COMMIT TRANSACTION;
PRAGMA page_size=4096;
-- PRAGMA encoding='UTF-8';
-- PRAGMA auto_vacuum=FULL;
-- PRAGMA max_page_count=4294967294;

BEGIN TRANSACTION;

-- Table  issuances
DROP TABLE IF EXISTS issuances;
CREATE TABLE issuances(
            tx_index INTEGER,
            tx_hash TEXT,
            msg_index INTEGER DEFAULT 0,
            block_index INTEGER,
            asset TEXT,
            quantity INTEGER,
            divisible BOOL,
            source TEXT,
            issuer TEXT,
            transfer BOOL,
            callable BOOL,
            call_date INTEGER,
            call_price REAL,
            description TEXT,
            fee_paid INTEGER,
            locked BOOL DEFAULT FALSE,
            status TEXT,
            asset_longname TEXT,
            reset BOOL DEFAULT FALSE,
            description_locked BOOL,
            fair_minting BOOL DEFAULT FALSE,
            asset_events TEXT,
            PRIMARY KEY (tx_index, msg_index),
            UNIQUE (tx_hash, msg_index)
        );
INSERT INTO issuances VALUES(6,'cb6f7cdcb1309c82cdcd03b017b1fe1823a7757a9db871c14fbc1678672a5263',0,310005,'BBBB',1000000000,1,'mn6q3dS2EnDUx3bmyWc6D4szJNVGtaR7zc','mn6q3dS2EnDUx3bmyWc6D4szJNVGtaR7zc',0,0,0,0.0,'',50000000,0,'valid',NULL,0,0,0,'creation');
INSERT INTO issuances VALUES(7,'11437e87f173ab32015a2d9831255435de19d7228e196b803a87ae6120dfb057',0,310006,'BBBC',100000,0,'mn6q3dS2EnDUx3bmyWc6D4szJNVGtaR7zc','mn6q3dS2EnDUx3bmyWc6D4szJNVGtaR7zc',0,0,0,0.0,'foobar',50000000,0,'valid',NULL,0,0,0,'creation');
-- Triggers and indices on  issuances
CREATE TRIGGER block_update_issuances
            BEFORE UPDATE ON issuances BEGIN
                SELECT RAISE(FAIL, "UPDATES NOT ALLOWED");
            END;
CREATE INDEX issuances_asset_longname_idx ON issuances (asset_longname)
        ;
CREATE INDEX issuances_block_index_idx ON issuances (block_index)
        ;
CREATE INDEX issuances_issuer_idx ON issuances (issuer)
        ;
CREATE INDEX issuances_source_idx ON issuances (source)
        ;
CREATE INDEX issuances_status_asset_longname_tx_index_idx ON issuances (status, asset_longname, tx_index DESC)
        ;
CREATE INDEX issuances_status_asset_tx_index_idx ON issuances (status, asset, tx_index DESC)
        ;

COMMIT TRANSACTION;
PRAGMA page_size=4096;
-- PRAGMA encoding='UTF-8';
-- PRAGMA auto_vacuum=FULL;
-- PRAGMA max_page_count=4294967294;

BEGIN TRANSACTION;

-- Table  sends
DROP TABLE IF EXISTS sends;
CREATE TABLE "sends"(
                              tx_index INTEGER,
                              tx_hash TEXT,
                              block_index INTEGER,
                              source TEXT,
                              destination TEXT,
                              asset TEXT,
                              quantity INTEGER,
                              status TEXT,
                              msg_index INTEGER DEFAULT 0, memo BLOB, fee_paid INTEGER DEFAULT 0, send_type TEXT,
                              PRIMARY KEY (tx_index, msg_index),
                              FOREIGN KEY (tx_index, tx_hash, block_index) REFERENCES transactions(tx_index, tx_hash, block_index),
                              UNIQUE (tx_hash, msg_index) ON CONFLICT FAIL);
INSERT INTO sends VALUES(2,'7eee08f923f9781a5de58d0b699d8cc7845dfe943ac7a8233e2ef6f405d01187',310001,'mn6q3dS2EnDUx3bmyWc6D4szJNVGtaR7zc','mtQheFaSfWELRB2MyMBaiWjdDm6ux9Ezns','XCP',50000000,'valid',0,NULL,0,'send');
INSERT INTO sends VALUES(8,'674fffed0250afa55a85844959ed7545bc27f15c67a51fd215ac27f682c350d9',310007,'mn6q3dS2EnDUx3bmyWc6D4szJNVGtaR7zc','mtQheFaSfWELRB2MyMBaiWjdDm6ux9Ezns','BBBB',4000000,'valid',0,NULL,0,'send');
INSERT INTO sends VALUES(9,'954cd50d4cb0977da58976a4e3ee7b67b8dd4ada597a8b079037ccfb6502967b',310008,'mn6q3dS2EnDUx3bmyWc6D4szJNVGtaR7zc','mtQheFaSfWELRB2MyMBaiWjdDm6ux9Ezns','BBBC',526,'valid',0,NULL,0,'send');
INSERT INTO sends VALUES(24,'fff4861a55ca1cd8d615966a9d5ff49cd7eec6dd40b652ce8b9d3b26b55c19b7',310023,'mn6q3dS2EnDUx3bmyWc6D4szJNVGtaR7zc','mtQheFaSfWELRB2MyMBaiWjdDm6ux9Ezns','BBBC',10000,'valid',0,NULL,0,'send');
-- Triggers and indices on  sends
CREATE TRIGGER block_update_sends
            BEFORE UPDATE ON sends BEGIN
                SELECT RAISE(FAIL, "UPDATES NOT ALLOWED");
            END;
CREATE INDEX sends_asset_send_type_idx ON sends (asset, send_type)
        ;
CREATE INDEX sends_block_index_send_type_idx ON sends (block_index, send_type)
        ;
CREATE INDEX sends_destination_idx ON sends (destination)
        ;
CREATE INDEX sends_memo_idx ON sends (memo)
        ;
CREATE INDEX sends_send_type_idx ON sends (send_type)
        ;
CREATE INDEX sends_source_idx ON sends (source)
        ;
CREATE INDEX sends_status_idx ON sends (status)
        ;

COMMIT TRANSACTION;
PRAGMA page_size=4096;
-- PRAGMA encoding='UTF-8';
-- PRAGMA auto_vacuum=FULL;
-- PRAGMA max_page_count=4294967294;

BEGIN TRANSACTION;

-- Table  rps_match_expirations
DROP TABLE IF EXISTS rps_match_expirations;
CREATE TABLE rps_match_expirations(
                                            rps_match_id TEXT PRIMARY KEY,
                                            tx0_address TEXT,
                                            tx1_address TEXT,
                                            block_index INTEGER,
                                            FOREIGN KEY (block_index) REFERENCES blocks(block_index));
-- Triggers and indices on  rps_match_expirations
CREATE TRIGGER block_update_rps_match_expirations
            BEFORE UPDATE ON rps_match_expirations BEGIN
                SELECT RAISE(FAIL, "UPDATES NOT ALLOWED");
            END;
CREATE INDEX rps_match_expirations_block_index_idx ON rps_match_expirations (block_index)
        ;
CREATE INDEX rps_match_expirations_tx0_address_idx ON rps_match_expirations (tx0_address)
        ;
CREATE INDEX rps_match_expirations_tx1_address_idx ON rps_match_expirations (tx1_address)
        ;

COMMIT TRANSACTION;
PRAGMA page_size=4096;
-- PRAGMA encoding='UTF-8';
-- PRAGMA auto_vacuum=FULL;
-- PRAGMA max_page_count=4294967294;

BEGIN TRANSACTION;

-- Table  rps_expirations
DROP TABLE IF EXISTS rps_expirations;
CREATE TABLE rps_expirations(
                                    rps_index INTEGER PRIMARY KEY,
                                    rps_hash TEXT UNIQUE,
                                    source TEXT,
                                    block_index INTEGER,
                                    FOREIGN KEY (block_index) REFERENCES blocks(block_index));
-- Triggers and indices on  rps_expirations
CREATE TRIGGER block_update_rps_expirations
            BEFORE UPDATE ON rps_expirations BEGIN
                SELECT RAISE(FAIL, "UPDATES NOT ALLOWED");
            END;
CREATE INDEX rps_expirations_block_index_idx ON rps_expirations (block_index)
        ;
CREATE INDEX rps_expirations_source_idx ON rps_expirations (source)
        ;

COMMIT TRANSACTION;
PRAGMA page_size=4096;
-- PRAGMA encoding='UTF-8';
-- PRAGMA auto_vacuum=FULL;
-- PRAGMA max_page_count=4294967294;

BEGIN TRANSACTION;

-- Table  rpsresolves
DROP TABLE IF EXISTS rpsresolves;
CREATE TABLE rpsresolves(
                      tx_index INTEGER PRIMARY KEY,
                      tx_hash TEXT UNIQUE,
                      block_index INTEGER,
                      source TEXT,
                      move INTEGER,
                      random TEXT,
                      rps_match_id TEXT,
                      status TEXT,
                      FOREIGN KEY (tx_index, tx_hash, block_index) REFERENCES transactions(tx_index, tx_hash, block_index));
-- Triggers and indices on  rpsresolves
CREATE TRIGGER block_update_rpsresolves
            BEFORE UPDATE ON rpsresolves BEGIN
                SELECT RAISE(FAIL, "UPDATES NOT ALLOWED");
            END;
CREATE INDEX rpsresolves_block_index_idx ON rpsresolves (block_index)
        ;
CREATE INDEX rpsresolves_rps_match_id_idx ON rpsresolves (rps_match_id)
        ;
CREATE INDEX rpsresolves_source_idx ON rpsresolves (source)
        ;

COMMIT TRANSACTION;
PRAGMA page_size=4096;
-- PRAGMA encoding='UTF-8';
-- PRAGMA auto_vacuum=FULL;
-- PRAGMA max_page_count=4294967294;

BEGIN TRANSACTION;

-- Table  rps_matches
DROP TABLE IF EXISTS rps_matches;
CREATE TABLE rps_matches(
                                id TEXT,
                                tx0_index INTEGER,
                                tx0_hash TEXT,
                                tx0_address TEXT,
                                tx1_index INTEGER,
                                tx1_hash TEXT,
                                tx1_address TEXT,
                                tx0_move_random_hash TEXT,
                                tx1_move_random_hash TEXT,
                                wager INTEGER,
                                possible_moves INTEGER,
                                tx0_block_index INTEGER,
                                tx1_block_index INTEGER,
                                block_index INTEGER,
                                tx0_expiration INTEGER,
                                tx1_expiration INTEGER,
                                match_expire_index INTEGER,
                                status TEXT);
-- Triggers and indices on  rps_matches
CREATE TRIGGER block_update_rps_matches
            BEFORE UPDATE ON rps_matches BEGIN
                SELECT RAISE(FAIL, "UPDATES NOT ALLOWED");
            END;
CREATE INDEX rps_matches_id_idx ON rps_matches (id)
        ;
CREATE INDEX rps_matches_match_expire_index_idx ON rps_matches (match_expire_index)
        ;
CREATE INDEX rps_matches_status_idx ON rps_matches (status)
        ;
CREATE INDEX rps_matches_tx0_address_idx ON rps_matches (tx0_address)
        ;
CREATE INDEX rps_matches_tx1_address_idx ON rps_matches (tx1_address)
        ;

COMMIT TRANSACTION;
PRAGMA page_size=4096;
-- PRAGMA encoding='UTF-8';
-- PRAGMA auto_vacuum=FULL;
-- PRAGMA max_page_count=4294967294;

BEGIN TRANSACTION;

-- Table  rps
DROP TABLE IF EXISTS rps;
CREATE TABLE rps(
                        tx_index INTEGER,
                        tx_hash TEXT,
                        block_index INTEGER,
                        source TEXT,
                        possible_moves INTEGER,
                        wager INTEGER,
                        move_random_hash TEXT,
                        expiration INTEGER,
                        expire_index INTEGER,
                        status TEXT);
-- Triggers and indices on  rps
CREATE TRIGGER block_update_rps
            BEFORE UPDATE ON rps BEGIN
                SELECT RAISE(FAIL, "UPDATES NOT ALLOWED");
            END;
CREATE INDEX rps_expire_index_idx ON rps (expire_index)
        ;
CREATE INDEX rps_source_idx ON rps (source)
        ;
CREATE INDEX rps_status_idx ON rps (status)
        ;
CREATE INDEX rps_tx_hash_idx ON rps (tx_hash)
        ;
CREATE INDEX rps_tx_index_tx_hash_idx ON rps (tx_index, tx_hash)
        ;
CREATE INDEX rps_wager_possible_moves_idx ON rps (wager, possible_moves)
        ;

COMMIT TRANSACTION;
PRAGMA page_size=4096;
-- PRAGMA encoding='UTF-8';
-- PRAGMA auto_vacuum=FULL;
-- PRAGMA max_page_count=4294967294;

BEGIN TRANSACTION;

-- Table  destructions
DROP TABLE IF EXISTS destructions;
CREATE TABLE destructions(
            tx_index INTEGER,
            tx_hash TEXT,
            block_index INTEGER,
            source TEXT,
            asset INTEGER,
            quantity INTEGER,
            tag TEXT,
            status TEXT
        );
-- Triggers and indices on  destructions
CREATE TRIGGER block_update_destructions
            BEFORE UPDATE ON destructions BEGIN
                SELECT RAISE(FAIL, "UPDATES NOT ALLOWED");
            END;
CREATE INDEX destructions_source_idx ON destructions (source)
        ;
CREATE INDEX destructions_status_idx ON destructions (status)
        ;

COMMIT TRANSACTION;
PRAGMA page_size=4096;
-- PRAGMA encoding='UTF-8';
-- PRAGMA auto_vacuum=FULL;
-- PRAGMA max_page_count=4294967294;

BEGIN TRANSACTION;

-- Table  assets
DROP TABLE IF EXISTS assets;
CREATE TABLE assets(
                      asset_id TEXT UNIQUE,
                      asset_name TEXT UNIQUE,
                      block_index INTEGER,
                      asset_longname TEXT);
INSERT INTO assets VALUES('0','BTC',NULL,NULL);
INSERT INTO assets VALUES('1','XCP',NULL,NULL);
INSERT INTO assets VALUES('18279','BBBB',310005,NULL);
INSERT INTO assets VALUES('18280','BBBC',310006,NULL);
-- Triggers and indices on  assets
CREATE INDEX assets_asset_id_idx ON assets (asset_id)
        ;
CREATE UNIQUE INDEX assets_asset_longname_idx ON assets (asset_longname)
        ;
CREATE INDEX assets_asset_name_idx ON assets (asset_name)
        ;
CREATE TRIGGER block_update_assets
            BEFORE UPDATE ON assets BEGIN
                SELECT RAISE(FAIL, "UPDATES NOT ALLOWED");
            END;

COMMIT TRANSACTION;
PRAGMA page_size=4096;
-- PRAGMA encoding='UTF-8';
-- PRAGMA auto_vacuum=FULL;
-- PRAGMA max_page_count=4294967294;

BEGIN TRANSACTION;

-- Table  addresses
DROP TABLE IF EXISTS addresses;
CREATE TABLE addresses(
            address TEXT,
            options INTEGER,
            block_index INTEGER
        );
-- Triggers and indices on  addresses
CREATE INDEX addresses_address_idx ON addresses (address)
        ;
CREATE TRIGGER block_update_addresses
            BEFORE UPDATE ON addresses BEGIN
                SELECT RAISE(FAIL, "UPDATES NOT ALLOWED");
            END;

COMMIT TRANSACTION;
PRAGMA page_size=4096;
-- PRAGMA encoding='UTF-8';
-- PRAGMA auto_vacuum=FULL;
-- PRAGMA max_page_count=4294967294;

BEGIN TRANSACTION;

-- Table  sweeps
DROP TABLE IF EXISTS sweeps;
CREATE TABLE sweeps(
                      tx_index INTEGER PRIMARY KEY,
                      tx_hash TEXT UNIQUE,
                      block_index INTEGER,
                      source TEXT,
                      destination TEXT,
                      flags INTEGER,
                      status TEXT,
                      memo BLOB,
                      fee_paid INTEGER,
                      FOREIGN KEY (tx_index, tx_hash, block_index) REFERENCES transactions(tx_index, tx_hash, block_index));
-- Triggers and indices on  sweeps
CREATE TRIGGER block_update_sweeps
            BEFORE UPDATE ON sweeps BEGIN
                SELECT RAISE(FAIL, "UPDATES NOT ALLOWED");
            END;
CREATE INDEX sweeps_block_index_idx ON sweeps (block_index)
        ;
CREATE INDEX sweeps_destination_idx ON sweeps (destination)
        ;
CREATE INDEX sweeps_memo_idx ON sweeps (memo)
        ;
CREATE INDEX sweeps_source_idx ON sweeps (source)
        ;

COMMIT TRANSACTION;
PRAGMA page_size=4096;
-- PRAGMA encoding='UTF-8';
-- PRAGMA auto_vacuum=FULL;
-- PRAGMA max_page_count=4294967294;

BEGIN TRANSACTION;

-- Table  dispensers
DROP TABLE IF EXISTS dispensers;
CREATE TABLE dispensers(
                                tx_index INTEGER,
                                tx_hash TEXT,
                                block_index INTEGER,
                                source TEXT,
                                asset TEXT,
                                give_quantity INTEGER,
                                escrow_quantity INTEGER,
                                satoshirate INTEGER,
                                status INTEGER,
                                give_remaining INTEGER,
                                oracle_address TEXT,
                                last_status_tx_hash TEXT,
                                origin TEXT,
                                dispense_count INTEGER DEFAULT 0,
                                last_status_tx_source TEXT,
                                close_block_index INTEGER);
-- Triggers and indices on  dispensers
CREATE TRIGGER block_update_dispensers
            BEFORE UPDATE ON dispensers BEGIN
                SELECT RAISE(FAIL, "UPDATES NOT ALLOWED");
            END;
CREATE INDEX dispensers_asset_idx ON dispensers (asset)
        ;
CREATE INDEX dispensers_block_index_idx ON dispensers (block_index)
        ;
CREATE INDEX dispensers_close_block_index_status_idx ON dispensers (close_block_index, status)
        ;
CREATE INDEX dispensers_give_quantity_idx ON dispensers (give_quantity)
        ;
CREATE INDEX dispensers_give_remaining_idx ON dispensers (give_remaining)
        ;
CREATE INDEX dispensers_last_status_tx_hash_idx ON dispensers (last_status_tx_hash)
        ;
CREATE INDEX dispensers_source_asset_origin_status_idx ON dispensers (source, asset, origin, status)
        ;
CREATE INDEX dispensers_source_origin_idx ON dispensers (source, origin)
        ;
CREATE INDEX dispensers_status_block_index_idx ON dispensers (status, block_index)
        ;
CREATE INDEX dispensers_tx_hash_idx ON dispensers (tx_hash)
        ;
CREATE INDEX dispensers_tx_index_idx ON dispensers (tx_index)
        ;

COMMIT TRANSACTION;
PRAGMA page_size=4096;
-- PRAGMA encoding='UTF-8';
-- PRAGMA auto_vacuum=FULL;
-- PRAGMA max_page_count=4294967294;

BEGIN TRANSACTION;

-- Table  dispenses
DROP TABLE IF EXISTS dispenses;
CREATE TABLE dispenses (
                                tx_index INTEGER,
                                dispense_index INTEGER,
                                tx_hash TEXT,
                                block_index INTEGER,
                                source TEXT,
                                destination TEXT,
                                asset TEXT,
                                dispense_quantity INTEGER,
                                dispenser_tx_hash TEXT,
                                btc_amount INTEGER,
                                PRIMARY KEY (tx_index, dispense_index, source, destination),
                                FOREIGN KEY (tx_index, tx_hash, block_index) REFERENCES transactions(tx_index, tx_hash, block_index));
-- Triggers and indices on  dispenses
CREATE TRIGGER block_update_dispenses
            BEFORE UPDATE ON dispenses BEGIN
                SELECT RAISE(FAIL, "UPDATES NOT ALLOWED");
            END;
CREATE INDEX dispenses_asset_idx ON dispenses (asset)
        ;
CREATE INDEX dispenses_block_index_idx ON dispenses (block_index)
        ;
CREATE INDEX dispenses_destination_idx ON dispenses (destination)
        ;
CREATE INDEX dispenses_dispense_quantity_idx ON dispenses (dispense_quantity)
        ;
CREATE INDEX dispenses_dispenser_tx_hash_idx ON dispenses (dispenser_tx_hash)
        ;
CREATE INDEX dispenses_source_idx ON dispenses (source)
        ;
CREATE INDEX dispenses_tx_hash_idx ON dispenses (tx_hash)
        ;

COMMIT TRANSACTION;
PRAGMA page_size=4096;
-- PRAGMA encoding='UTF-8';
-- PRAGMA auto_vacuum=FULL;
-- PRAGMA max_page_count=4294967294;

BEGIN TRANSACTION;

-- Table  dispenser_refills
DROP TABLE IF EXISTS dispenser_refills;
CREATE TABLE dispenser_refills(
                                        tx_index INTEGER,
                                        tx_hash TEXT,
                                        block_index INTEGER,
                                        source TEXT,
                                        destination TEXT,
                                        asset TEXT,
                                        dispense_quantity INTEGER,
                                        dispenser_tx_hash TEXT,
                                        PRIMARY KEY (tx_index, tx_hash, source, destination),
                                        FOREIGN KEY (tx_index, tx_hash, block_index)
                                            REFERENCES transactions(tx_index, tx_hash, block_index));
-- Triggers and indices on  dispenser_refills
CREATE TRIGGER block_update_dispenser_refills
            BEFORE UPDATE ON dispenser_refills BEGIN
                SELECT RAISE(FAIL, "UPDATES NOT ALLOWED");
            END;
CREATE INDEX dispenser_refills_block_index_idx ON dispenser_refills (block_index)
        ;
CREATE INDEX dispenser_refills_tx_hash_idx ON dispenser_refills (tx_hash)
        ;

COMMIT TRANSACTION;
PRAGMA page_size=4096;
-- PRAGMA encoding='UTF-8';
-- PRAGMA auto_vacuum=FULL;
-- PRAGMA max_page_count=4294967294;

BEGIN TRANSACTION;

-- Table  fairminters
DROP TABLE IF EXISTS fairminters;
CREATE TABLE fairminters (
            tx_hash TEXT,
            tx_index INTEGER,
            block_index INTEGER,
            source TEXT,
            asset TEXT,
            asset_parent TEXT,
            asset_longname TEXT,
            description TEXT,
            price INTEGER,
            quantity_by_price INTEGER,
            hard_cap INTEGER,
            burn_payment BOOL,
            max_mint_per_tx INTEGER,
            premint_quantity INTEGER,
            start_block INTEGER,
            end_block INTEGER,
            minted_asset_commission_int INTEGER,
            soft_cap INTEGER,
            soft_cap_deadline_block INTEGER,
            lock_description BOOL,
            lock_quantity BOOL,
            divisible BOOL,
            pre_minted BOOL DEFAULT 0,
            status TEXT
        );
-- Triggers and indices on  fairminters
CREATE TRIGGER block_update_fairminters
            BEFORE UPDATE ON fairminters BEGIN
                SELECT RAISE(FAIL, "UPDATES NOT ALLOWED");
            END;
CREATE INDEX fairminters_asset_idx ON fairminters (asset)
        ;
CREATE INDEX fairminters_asset_longname_idx ON fairminters (asset_longname)
        ;
CREATE INDEX fairminters_asset_parent_idx ON fairminters (asset_parent)
        ;
CREATE INDEX fairminters_block_index_idx ON fairminters (block_index)
        ;
CREATE INDEX fairminters_source_idx ON fairminters (source)
        ;
CREATE INDEX fairminters_status_idx ON fairminters (status)
        ;
CREATE INDEX fairminters_tx_hash_idx ON fairminters (tx_hash)
        ;

COMMIT TRANSACTION;
PRAGMA page_size=4096;
-- PRAGMA encoding='UTF-8';
-- PRAGMA auto_vacuum=FULL;
-- PRAGMA max_page_count=4294967294;

BEGIN TRANSACTION;

-- Table  fairmints
DROP TABLE IF EXISTS fairmints;
CREATE TABLE fairmints (
            tx_hash TEXT PRIMARY KEY,
            tx_index INTEGER,
            block_index INTEGER,
            source TEXT,
            fairminter_tx_hash TEXT,
            asset TEXT,
            earn_quantity INTEGER,
            paid_quantity INTEGER,
            commission INTEGER,
            status TEXT
        );
-- Triggers and indices on  fairmints
CREATE TRIGGER block_update_fairmints
            BEFORE UPDATE ON fairmints BEGIN
                SELECT RAISE(FAIL, "UPDATES NOT ALLOWED");
            END;
CREATE INDEX fairmints_asset_idx ON fairmints (asset)
        ;
CREATE INDEX fairmints_block_index_idx ON fairmints (block_index)
        ;
CREATE INDEX fairmints_fairminter_tx_hash_idx ON fairmints (fairminter_tx_hash)
        ;
CREATE INDEX fairmints_source_idx ON fairmints (source)
        ;
CREATE INDEX fairmints_status_idx ON fairmints (status)
        ;
CREATE INDEX fairmints_tx_hash_idx ON fairmints (tx_hash)
        ;

COMMIT TRANSACTION;
PRAGMA page_size=4096;
-- PRAGMA encoding='UTF-8';
-- PRAGMA auto_vacuum=FULL;
-- PRAGMA max_page_count=4294967294;

BEGIN TRANSACTION;

-- Table  transaction_count
DROP TABLE IF EXISTS transaction_count;
CREATE TABLE transaction_count(
            block_index INTEGER,
            transaction_id INTEGER,
            count INTEGER);
-- Triggers and indices on  transaction_count
CREATE TRIGGER block_update_transaction_count
            BEFORE UPDATE ON transaction_count BEGIN
                SELECT RAISE(FAIL, "UPDATES NOT ALLOWED");
            END;
CREATE INDEX transaction_count_block_index_transaction_id_idx ON transaction_count (block_index, transaction_id)
        ;

COMMIT TRANSACTION;
