PRAGMA page_size=4096;
-- PRAGMA encoding='UTF-8';
-- PRAGMA auto_vacuum=FULL;
-- PRAGMA max_page_count=4294967294;

BEGIN TRANSACTION;

-- Table  blocks
DROP TABLE IF EXISTS blocks;
CREATE TABLE blocks(
                      block_index INTEGER UNIQUE,
                      block_hash TEXT UNIQUE,
                      block_time INTEGER,
                      ledger_hash TEXT,
                      txlist_hash TEXT,
                      messages_hash TEXT,
                      previous_block_hash TEXT UNIQUE,
                      difficulty INTEGER,
                      transaction_count INTEGER,
                      PRIMARY KEY (block_index, block_hash));
INSERT INTO blocks VALUES(309999,'8b3bef249cb3b0fa23a4936c1249b6bd41daeadc848c8d2e409ea1cbc10adfe7',309999000,'63f0fef31d02da85fa779e9a0e1b585b1a6a4e59e14564249e288e074e91c223','63f0fef31d02da85fa779e9a0e1b585b1a6a4e59e14564249e288e074e91c223','63f0fef31d02da85fa779e9a0e1b585b1a6a4e59e14564249e288e074e91c223',NULL,NULL,0);
INSERT INTO blocks VALUES(310000,'505d8d82c4ced7daddef7ed0b05ba12ecc664176887b938ef56c6af276f3b30c',310000000,'cf0ea1d313e22ba5f413075b88e07dffc5c00e59f95eeb6d6dec935bd77f5ae4','126bb8ce66f55bcf82b60e152ce866255b80cfcaf453e9e8bd3d275c88a11798','53f101c53bb704c0da32643ce3b8f56b8d99f650488e300b721620ad3f860471',NULL,NULL,1);
INSERT INTO blocks VALUES(310001,'3c9f6a9c6cac46a9273bd3db39ad775acd5bc546378ec2fb0587e06e112cc78e',310001000,'bdf1308701712d94da26f53fef4c440ea2fb7b0ef7361f424ba9263e747272bd','09fb1371e50a8bb83b468bfb7446510322ac02d0e228e533b641f44f55a8f22e','6d21362d6665c4292c8fa6a181338d48c87383b651bb5991a67c2bafec06aaa3',NULL,NULL,1);
INSERT INTO blocks VALUES(310002,'fbb60f1144e1f7d4dc036a4a158a10ea6dea2ba6283a723342a49b8eb5cc9964',310002000,'cf830f949715ebeac09d4441878f60ac04d691c09d6c25c62a0d30fb5886cba9','5ad610929cfc656e7d4cc2afadc918103dbcd774640a47e869b7d40c30e895e5','8b17ad94b57e9fe93ce5372b2ec03432c7c51bb343cc4035f2a9675af4368ae0',NULL,NULL,1);
INSERT INTO blocks VALUES(310003,'d50825dcb32bcf6f69994d616eba18de7718d3d859497e80751b2cb67e333e8a',310003000,'e881a675a38c4649cd44e6406ddc494996c761671bc349dcdea1de430a84258d','f9b5f65aa2f3d8a7cd6413e3291c6a3599e24541c8ee50cf8c07b91bd0bb0f7e','38c00fc41a265bcf13ba6c79baea1cbf52d09204d71f2899c5fc000134abae69',NULL,NULL,1);
INSERT INTO blocks VALUES(310004,'60cdc0ac0e3121ceaa2c3885f21f5789f49992ffef6e6ff99f7da80e36744615',310004000,'13e0c6276f297ff1ca77705f1b18d807ca22f53735fba52f4f5c3766dc4b04e8','267178ef580b3fddd570e97a36084c134b7ed1dad4694ebf68772fbdaddb371b','7fdc1e5677a13d825399844774918da4deabaf93cc569979becdfceba66aa8bb',NULL,NULL,1);
INSERT INTO blocks VALUES(310005,'8005c2926b7ecc50376642bc661a49108b6dc62636463a5c492b123e2184cd9a',310005000,'765896f532b411af9f889687a750d44414296c20002f3e2abed9551a6822937d','3b63df8fd40a185ed75c861c70f091f83a4ffd3559bc24eac3042f0aa3962239','23c400fde631d2d6c220fb8b2c643bd1dc496a6977089379dcafa312daf0ca35',NULL,NULL,1);
INSERT INTO blocks VALUES(310006,'bdad69d1669eace68b9f246de113161099d4f83322e2acf402c42defef3af2bb',310006000,'853e3a8d39c4e8bdb36a0ec01a8d20f12335fcc00a00ac271e9d83be471d394f','a08f0c2f41f99e0242d58ae6bca62dd96867909b78f7778e9b21f6c8a5be0855','06fd525ec7cb313c1a239e0bf9d43b889fcce15ba86dcde39ae1b48f9a0a9db4',NULL,NULL,1);
INSERT INTO blocks VALUES(310007,'10a642b96d60091d08234d17dfdecf3025eca41e4fc8e3bbe71a91c5a457cb4b',310007000,'f2b2d250a94afa158f9ed84434c3ac7a0bfc97b4387e5e3c099afc95b8a6ad9c','28d527144d863431a7fe956ba4a20707814e9a5f75e6181f773975ca1fab2f6d','346dcea8106f704f59db619c4a5ca68f5f7e07f576440a6c8962992b5e692122',NULL,NULL,1);
INSERT INTO blocks VALUES(310008,'47d0e3acbdc6916aeae95e987f9cfa16209b3df1e67bb38143b3422b32322c33',310008000,'8c44f15f5606b6fe984a9fa7df8d7d5381fe87a6c8b634469804328885668569','45a47c93a59faf64f13ce8aa05405bab076028cd8cf8cee7455b02e923156861','4ce2c7cf3a6938ab9aa49d17d3e137106913f8a08c6fe34b4b888326f23752dc',NULL,NULL,1);
INSERT INTO blocks VALUES(310009,'4d474992b141620bf3753863db7ee5e8af26cadfbba27725911f44fa657bc1c0',310009000,'ba378e9192f290d3f9d3dd1e46aeef3a185bd5aff1be809c8974fca8dc142987','342981ac10cfd41262ac333a5bcdeb5b300322822d34a318a2edce5dcbf20c1a','eab562fc66ca729d52fdeee61824bb5927739b0f6173a7f5b384ba00ab88a44e',NULL,NULL,1);
INSERT INTO blocks VALUES(310010,'a58162dff81a32e6a29b075be759dbb9fa9b8b65303e69c78fb4d7b0acc37042',310010000,'64f78f9eedce2931aedfe413b4f4bdeb728752e1c897e0bd44c7db665976a723','b114fb286ef756c56c0a808cfe8fbd71294ae2f50ea39382b701cf38d9f1b2cb','aff1bbabf1dd678dc07d885ffd462b1946f8115ad0e0ed1d7c0640ab823d0fa1',NULL,NULL,1);
INSERT INTO blocks VALUES(310011,'8042cc2ef293fd73d050f283fbd075c79dd4c49fdcca054dc0714fc3a50dc1bb',310011000,'671a1b4e1edd1f96dcfcc96d521fb2125ae5b9d2d01a76fc66686b7ed20c5662','c8bfe614792fe060ae2332b7997af3a4395e9a8f97b13b9a8a560b3ce1d03437','ebfaa8d2faaf3cfe426becadbf0c8f6e5421cc20dbd2ee9edc78a40b06b2bee9',NULL,NULL,1);
INSERT INTO blocks VALUES(310012,'cdba329019d93a67b31b79d05f76ce1b7791d430ea0d6c1c2168fe78d2f67677',310012000,'1f5b502c341699b5a59b87566c0fc02b7db5c657919f014e41a00303aa53efc8','8dced44c7396c7cb6328a09048ff6e9174032284089e764e195c6ec6e717cbfd','565854d63b0caeaca5cacfe0fcbe042fb7af0121b54f16f49629b8915b0f21fd',NULL,NULL,1);
INSERT INTO blocks VALUES(310013,'0425e5e832e4286757dc0228cd505b8d572081007218abd3a0983a3bcd502a61',310013000,'cd0cfff6de5dd4381301929c740015d5910339ba915a83eb4229ecb91ae84c17','590202edf79391fccdfd87f912ee09f602e022f508f3ccb01b8ec983df247cdf','460e87e643d25ff3dba6bd99f40aecede59f15cb2548419a7a75a7e40e56f45c',NULL,NULL,1);
INSERT INTO blocks VALUES(310014,'85b28d413ebda2968ed82ae53643677338650151b997ed1e4656158005b9f65f',310014000,'5012d84065c7a39b5563f4fadeaf30670b47df3856f43d40fda74de663753e4e','8cd0de0dda7fcffd7685795704ec51639c368ea3ffd88593e7fc6be51cc91aa1','769edc788301ade87b93d6919cc32f00f43272d17b8d088db0f6e51253beb522',NULL,NULL,1);
INSERT INTO blocks VALUES(310015,'4cf77d688f18f0c68c077db882f62e49f31859dfa6144372457cd73b29223922',310015000,'0356494d376b2b65b9f4b066b9d2baf2ae90d82369b87914bb58a67927ced5af','5caba2f8c605f40fb614e1265a4196e7964a8cb440840bd8f91de875b5071e53','fdc4cdcf4fd6f4048d427a3c3451d41dfb33333326d483e2919515acb91a7286',NULL,NULL,1);
INSERT INTO blocks VALUES(310016,'99dc7d2627efb4e5e618a53b9898b4ca39c70e98fe9bf39f68a6c980f5b64ef9',310016000,'c90ff439bd04970ed9e6e25cbfce32160450925a37ba3360f40df8854529b52d','0faa385c25ce6ff7d9e78f1843b154d89eeb89f644c296d66d588a37c45d5c77','e4d35a4d53a446678e9286c1a51e940603b40aa41e7251607e19d840a5ec1ac0',NULL,NULL,1);
INSERT INTO blocks VALUES(310017,'8a4fedfbf734b91a5c5761a7bcb3908ea57169777a7018148c51ff611970e4a3',310017000,'19cf18f708dab6a983a2642802deb38d25b6fc205ea663059a0569fa38bdaf8d','7752b8681b79da116320757ff8c5345ead2824e71522b17b814c58409d198992','7942a459aca275dca4f9a2e7d1ef0243fda249ce65333dd5bb1851a5ccfc5c13',NULL,NULL,1);
INSERT INTO blocks VALUES(310018,'35c06f9e3de39e4e56ceb1d1a22008f52361c50dd0d251c0acbe2e3c2dba8ed3',310018000,'d9ac565fbe7bf18c1d899dab8e0c98e070880e36fa51710382017d46ddf837cf','f32ee15a8206ba4ab052b8cb67f210e44848e608d9afa501a465db0591a7f6d6','41ae0e6cbbce0f591ec7168b211c6722ecedb8caf9de833744531f5b42e00fad',NULL,NULL,1);
INSERT INTO blocks VALUES(310019,'114affa0c4f34b1ebf8e2778c9477641f60b5b9e8a69052158041d4c41893294',310019000,'b66661deef419a50557d171cc1bcae04f5bc260ed1f5ff56cf08ef39158617a1','6ebefd6ea094e9668f6773d8dc5ebb5dcaa1d0d6e6f46fb8698621c3e3ae755c','e7c26933615ac2067c16d050de2be4eaef344ee5d6e793ad4dda72d733f08c2b',NULL,NULL,1);
INSERT INTO blocks VALUES(310020,'d93c79920e4a42164af74ecb5c6b903ff6055cdc007376c74dfa692c8d85ebc9',310020000,'57a6c53e41338011cb06cd60118961dcec0e800f62a2c4b1e9381c666319680f','2a75e940bdc601faeb1f68e8faa5ef361157bdce6f95da5f8046a957b614d456','ab64b6bc1c728154b138b92c0d4d4c5690df8e8c505d0aac91009d765a24864b',NULL,NULL,1);
INSERT INTO blocks VALUES(310021,'7c2460bb32c5749c856486393239bf7a0ac789587ac71f32e7237910da8097f2',310021000,'66c16af10125f298796da828f1a6c2b43123cda38e3dfc57ccc25b00f3da17f8','49b23e403b6a51acbab7aa515e0a2cded02a3be04cdb2dfdd04d5123e27f244c','752b2e6d96700692ec80820e38d3cd8eb74f78a80047777bce0581d45e8919b3',NULL,NULL,1);
INSERT INTO blocks VALUES(310022,'44435f9a99a0aa12a9bfabdc4cb8119f6ea6a6e1350d2d65445fb66a456db5fc',310022000,'43b6213cad601a389aed2a4e912be118dfab6cca5358d86bac03f4bee6765493','041b796b5c30bf98c01e72567f96e791589e96717167df3abc8057d13e411a16','c3f2f5df6eee921d7a71d0f2e721646fc710c2a2a0fd5ec0c7c9413d935d3862',NULL,NULL,1);
INSERT INTO blocks VALUES(310023,'d8cf5bec1bbcab8ca4f495352afde3b6572b7e1d61b3976872ebb8e9d30ccb08',310023000,'8a9758963891bbfbdcb6515d8d3e49c941fedba7de82038776e9f8ed65e803c1','c459b861d099b0ea687fca6fabe1435d077a0f563fa7a789fc274ec57ec5fe1b','ad3f2883dfbce6c0d72bdf55ad24360347f559a6481e91812e30d9ac01303a82',NULL,NULL,1);
INSERT INTO blocks VALUES(310024,'b03042b4e18a222b4c8d1e9e1970d93e6e2a2d41686d227ff8ecf0a839223dc5',310024000,'cb034ab4a3e252fdfe9973a672e208295741a52634c9332b1501d612e0012e19','bc736f049d6e825e9a2eac4f96923e1377bac22ee6a2333ac9a8ded5cc289112','05248ef67bcbf5b0040a24a36eb245757223927bd4bdd4b963d6829468ebf70a',NULL,NULL,0);
INSERT INTO blocks VALUES(310025,'a872e560766832cc3b4f7f222228cb6db882ce3c54f6459f62c71d5cd6e90666',310025000,'5addc8253469d5c729cdffc1c637b75d9e8886a633d4406dedf2b1c16ba5b92a','7f0918fd271e8866340797f8d9d2f07c191353a6adac559a9b8dbb26086a6cca','27278544b80d92f0b6aeb2b96266613c82f08b65c7257efd095b725febb04111',NULL,NULL,0);
INSERT INTO blocks VALUES(310026,'6c96350f6f2f05810f19a689de235eff975338587194a36a70dfd0fcd490941a',310026000,'8620bd0283c320330631185d1b2351718f174732bd099324a0880719cdfc18c7','d6e385d80a9a610e811f1b9cd7ffb45e12ff52d3f944a325713d755334a008f0','d32a6ab7e31356f7e282be97c2566518adb3b5b32c6b3a95a86ecd33b1c59f69',NULL,NULL,0);
INSERT INTO blocks VALUES(310027,'d7acfac66df393c4482a14c189742c0571b89442eb7f817b34415a560445699e',310027000,'96960e09478184f4f0ad38d1fc03f0c0240e58715a0a29745a6dc58c40003249','ab08f22f788e381a2a5ae13b641b94ebafef6d0d2ac1436c0362b523b942a41f','3817aff29853301b279c36dab9acafcfbe83d9bf4958bf74c0c3ae573579813b',NULL,NULL,0);
INSERT INTO blocks VALUES(310028,'02409fcf8fa06dafcb7f11e38593181d9c42cc9d5e2ddc304d098f990bd9530b',310028000,'2f556d2528abe1c4e9d31f6ed70d400d94633d4dfb54c9a4f250e1b054f9a384','2ffbef5660529d2b9b88e67cebce1b1e8ec7483e4e19c6dc3bcc8b8c0a3b5711','a435cd4234f025cf31ea42598d29909c4907af0a9a390e10d94908d40833586f',NULL,NULL,0);
INSERT INTO blocks VALUES(310029,'3c739fa8b40c118d5547ea356ee8d10ee2898871907643ec02e5db9d00f03cc6',310029000,'be195b1f7b7b55dcefb83907d954736d4bf059a9e32055131efd16602d7761d6','57e817629ef1fbd56dcd44805c589b7387a927bc55ac8971711a71e815c20fe6','6bf94afdd0625b474255772babdcf77a5ba1bcf527f67583ffa05bb21f51946b',NULL,NULL,0);
INSERT INTO blocks VALUES(310030,'d5071cddedf89765ee0fd58f209c1c7d669ba8ea66200a57587da8b189b9e4f5',310030000,'d3a25656dbb63eecf1c89820581fcab193d750f3a09ca8ab34a5008c8d89051d','0b69153d65239a49347a5494a231359b0561488e568060473af66aaf4892e7e0','61c3c9956b205b80439394d14d63f591997d4836d5ffb86798632b6548d097c3',NULL,NULL,0);
INSERT INTO blocks VALUES(310031,'0b02b10f41380fff27c543ea8891ecb845bf7a003ac5c87e15932aff3bfcf689',310031000,'0edb535f8c6a40062a86e4ea327cf7fb70310b6d55a6654d5a23e54498aa3159','83c6a57bc0cd3785180e3c37e67c36350d426eb1f23ce082448a070dbbbe07c8','9d8073f1c690a87a8d7d02af93db1d056c68090e37b567c1676bc798a5c6281d',NULL,NULL,0);
INSERT INTO blocks VALUES(310032,'66346be81e6ba04544f2ae643b76c2b7b1383f038fc2636e02e49dc7ec144074',310032000,'a9208a1b7f782852d652e5089c6485744031176b4d285ea985bbc1df0ccf49c0','5f94f3e622689bf141b8a56284cf1bc9f6c64f5923b1d31ffb94965d78a63b57','dc50e63f78842d8fa3871f192473666ca7d53fe629bdfc203745064b9fbb1af4',NULL,NULL,0);
INSERT INTO blocks VALUES(310033,'999c65df9661f73e8c01f1da1afda09ac16788b72834f0ff5ea3d1464afb4707',310033000,'c8a973eb6bdd28dcab4f1b2a5e29e104944745e57a54e6d87b370aafb2e589f6','9cf009292bbaf6e3deeba6c7a9f1a4721d6ee8b1100e1b90330169592276aac7','4a4fd8d90af89d657a52aeec76ca709cc752fca3152cc4b13682482670a9b2ce',NULL,NULL,0);
INSERT INTO blocks VALUES(310034,'f552edd2e0a648230f3668e72ddf0ddfb1e8ac0f4c190f91b89c1a8c2e357208',310034000,'0d7b5809b7a5aa5ff854cfe141490a78c9b33e16f8102a8e804dbf0a0a8c0842','79a01ed5651a304d243a64cf19f3dd8f907fe490a196e7d669d61b425650383f','dad19e1b3abd2f8911b700c17d0ce857e82054a661c85e2d4b153a217e7f7b34',NULL,NULL,0);
INSERT INTO blocks VALUES(310035,'a13cbb016f3044207a46967a4ba1c87dab411f78c55c1179f2336653c2726ae2',310035000,'6b4c99289086445a7bf575110172a661c1cd37c418b70afd8ef3be0982041f5e','629cda7a4198dd1fbd7019782ac2eade1efd3349d8469f634d743bac0f4cbf1d','e0b9a858735883c79db29bb6e4b9b1190fe36ca40c02b10b89a1e7aaca71831c',NULL,NULL,0);
INSERT INTO blocks VALUES(310036,'158648a98f1e1bd1875584ce8449eb15a4e91a99a923bbb24c4210135cef0c76',310036000,'f20b81389b2f4c9c9be4442b3c68f87da881406f1490637c7d93d63539155a7e','b1116510a9d74b7c219eb8facaae41e9bdfc0f4cb815821bd36d5d8c187402f3','d519cb812ca0733c81de1e414d71681bbb124ac4fbb283ea791b4c59a2454020',NULL,NULL,0);
INSERT INTO blocks VALUES(310037,'563acfd6d991ce256d5655de2e9429975c8dceeb221e76d5ec6e9e24a2c27c07',310037000,'52d554e6b53b853066a3a8f931fc37779f3596c4388e277a9f66a95e001a09eb','5f53dfc6b2cb10c6de1095df0888b0486db7b3271857fc34a15b58ae31fc216b','c5a778c62ce4eb02b6107f281c21cea1e56834c6a73b0807da54f03467100a0e',NULL,NULL,0);
INSERT INTO blocks VALUES(310038,'b44b4cad12431c32df27940e18d51f63897c7472b70950d18454edfd640490b2',310038000,'08a949af614ff73a79313a5a949908b368efe1f8c131eeeb51ed610baf65ac46','898e6b247dbb43650e06d166cb5b7eb92320ab18bf7f864dbabeb9c988efd55c','8f7f2173c277e9e4e181967fd6fed2c78a74b8122da4b6359b79e25d6cab1065',NULL,NULL,0);
INSERT INTO blocks VALUES(310039,'5fa1ae9c5e8a599247458987b006ad3a57f686df1f7cc240bf119e911b56c347',310039000,'7ff8b2408ee1124a5ee573d31023660aabcdb21599bdcfb4a3bc1895d7910094','021e08ab6fdf6414967a5527b32902d3db4b163f2126789442808590315f24c2','16391562d549ee585cd21c1826b45cd46859ae9cbc487e880ea08378d55ea08a',NULL,NULL,0);
INSERT INTO blocks VALUES(310040,'7200ded406675453eadddfbb2d14c2a4526c7dc2b5de14bd48b29243df5e1aa3',310040000,'c687e753c01711e94cfcad1f16d2976a12ef5d6c3731c64db26f969c988fe7c3','d88a2aad362f72224594516961ce642346b12cc55646540b2f6c6419af0c3010','12b37efaaf0e12d8556b2789dfada9adc434442dc3206f175ed920bb4a9d2728',NULL,NULL,0);
INSERT INTO blocks VALUES(310041,'5db592ff9ba5fac1e030cf22d6c13b70d330ba397f415340086ee7357143b359',310041000,'66f493ec8b5cf8140d1f627f008c50624d3069f56828df90286b53a2d6cbf47e','aa05c947957fa7e97c481bef85cba759bacd3c9de2cfa1d1c18c468fc5d95064','794b7afbd25552e3e0fbf964eea53d2fe9fee9740725e1a22f970ded2f43281f',NULL,NULL,0);
INSERT INTO blocks VALUES(310042,'826fd4701ef2824e9559b069517cd3cb990aff6a4690830f78fc845ab77fa3e4',310042000,'33acd319bde452aa81b589435a31ee3add742870a928ef2c15a7a447b4b4e0fa','fb229d752dc866a198956074283f979a437512107abaf8f09b1cd48f322945ad','d62aab57e0e87d6c8bec218e26e997479e8ec3cc9e80ea8b3eed0cb25a7deb75',NULL,NULL,0);
INSERT INTO blocks VALUES(310043,'2254a12ada208f1dd57bc17547ecaf3c44720323c47bc7d4b1262477cb7f3c51',310043000,'83997825aa2597adb0292e265f01e937f621cc75d8cc18e23a4bd0c1fb0920c7','fe306466166daef09869c3bbd4835d17deb69b12bbed641dadd9d1a9ab724de0','48c8735f66540da5fbd551c8f2c986fce1aa65da0cc04b96e559fe99ffd35775',NULL,NULL,0);
INSERT INTO blocks VALUES(310044,'3346d24118d8af0b3c6bcc42f8b85792e7a2e7036ebf6e4c25f4f6723c78e46b',310044000,'9890bca86442f329b2abf1b3bbf4d94e8ab54d10dfa7823a53f02fcfef030d88','13d9fb5bba28f8b50b0ad57515283bd63742f4d37b77e7d0d673e1221bc3b0dc','6850d2afd2d7a9fcf3cb50d6c6d59cd64ecd923b6608264c6041384ca748f696',NULL,NULL,0);
INSERT INTO blocks VALUES(310045,'7bba0ab243839e91ad1a45a762bf074011f8a9883074d68203c6d1b46fffde98',310045000,'a909f658a8f405ef1f5cd8bbab03cbd865235544ae1c2f4dc20e2a4393181efc','b9a4da08f03a5ecd0e756b30380e528732ef9205fe8bca4c5ba3dd832348c241','c6846e274d0cfec4fd30878805878929f795938331db2b560f27ee04e1980070',NULL,NULL,0);
INSERT INTO blocks VALUES(310046,'47db6788c38f2d6d712764979e41346b55e78cbb4969e0ef5c4336faf18993a6',310046000,'713d2ccc66a1aa7797ea9b6af18b04245478c7582a8aee76cf2c7f3f3060df3a','6353a9325f5d43c1536810ef1390a9bc374d18737265e7a853b71da638ecdf9b','e160d904c47430de338b019e8d36adbc97774798ec8fb42037d05f3fef41ff42',NULL,NULL,0);
INSERT INTO blocks VALUES(310047,'a9ccabcc2a098a7d25e4ab8bda7c4e66807eefa42e29890dcd88149a10de7075',310047000,'534500ae61a04841771193d57384d27b54fa2bb92c0698beaa46509b3d39eb1c','b6960a71097b7546b3e53bb3f9ae16de03d2886cc50e70ce3d9c7831b4cb9d17','7eb658702657dc3216caf4d97f13c74a95bfac060e0931c05bcf5b295b0cde29',NULL,NULL,0);
INSERT INTO blocks VALUES(310048,'610bf3935a85b05a98556c55493c6de45bed4d7b3b6c8553a984718765796309',310048000,'48c8e5d9ab1887f092731ba2881a330d22d4f03f601dccc096fa5147042a3d55','2fa13fe55aa68cbb156bb3619af89c98cd377a22e391c1c874f37ba91e453364','cab306aa63ec955a0af38c2b253ece5dab756f89ab3515a6b08ee229bafd236f',NULL,NULL,0);
INSERT INTO blocks VALUES(310049,'4ad2761923ad49ad2b283b640f1832522a2a5d6964486b21591b71df6b33be3c',310049000,'6c5ec3d2b7d8a724175559db977cb9ab78eecd39b9239688b30d6d3350cb01fe','cdff974983a5fb4b75ad40f8dc6341ad46cda9a4c939cda9b7b8d8f61c965941','b3043bb90ccdffd89f0acc99ee7adbcd1c39b99ebbf0ed19f773c684ab41aeda',NULL,NULL,0);
INSERT INTO blocks VALUES(310050,'8cfeb60a14a4cec6e9be13d699694d49007d82a31065a17890383e262071e348',310050000,'817dc86594b3820de76f1d2bc2400d702475d558d6ee5bef4313fc154bbdaca2','aa210c5f81a356a5e1e9459c07c4ac9c594e316bd15300f41ec9db7a66f616f9','55c3a5eacd00235c8579575e573c653eb1eec6166274ef49630ed5188db35c95',NULL,NULL,0);
INSERT INTO blocks VALUES(310051,'b53c90385dd808306601350920c6af4beb717518493fd23b5c730eea078f33e6',310051000,'00916e6bac2f648f953c8d6dff21438a6ec53ad198b33f90667e8d4564e00e78','215267d6ceb42b2af573a506946daa0186a36924a9648de284491de2e3d91aa8','a19da731f90191faf4501dbd1c217ee122ea2cec32c591812574e053984440bb',NULL,NULL,0);
INSERT INTO blocks VALUES(310052,'0acdacf4e4b6fca756479cb055191b367b1fa433aa558956f5f08fa5b7b394e2',310052000,'959df962b9bc7ef215f1530b886613404adaf81552d6eeb4b1401ea265ad5f4f','96f68a0da093fb32f4009e4a806c9b915ccc39ac2f2827109c78b2f517235443','629042d05d0117256e285f46f1e11c97c851465f696085fbf9d0f8e262435030',NULL,NULL,0);
INSERT INTO blocks VALUES(310053,'68348f01b6dc49b2cb30fe92ac43e527aa90d859093d3bf7cd695c64d2ef744f',310053000,'d76b639ebddd434e5269de084de0b502e7f0eaff71b4e99de2d4ebdd1fc61380','06c5740a44d9304821f9a57a975f72ac20b7fe8990e0c1b3a8d824cac6d4d344','2e785ce30dd722756b556fa0f5e856c263d95f07d2caa23b41611fb571912549',NULL,NULL,0);
INSERT INTO blocks VALUES(310054,'a8b5f253df293037e49b998675620d5477445c51d5ec66596e023282bb9cd305',310054000,'525e8cabfc993080d128faf38a5e5c9e9afa61423a5f20a90d68cdcacc96b59b','addff6d38baa6872ac88c5ce9ac3d1f4e8f8ad1b94f4b47af18bc01fd98ae954','1241c29fedd8b3faf71f74c4144ced94765905c0f618cd2bdb35275407e49d7e',NULL,NULL,0);
INSERT INTO blocks VALUES(310055,'4b069152e2dc82e96ed8a3c3547c162e8c3aceeb2a4ac07972f8321a535b9356',310055000,'155ffdc74a2077a3da7d5c068833468c7d0758dfb525a799f910cdb1543beadb','3ce7a124934a965966e398bc35778748f789120765fa39cbdd0a9a8addc48001','2d90edc9d784ffe15bf31ecfe3f88524475f2687bba807f5fb9fb21007e8d420',NULL,NULL,0);
INSERT INTO blocks VALUES(310056,'7603eaed418971b745256742f9d2ba70b2c2b2f69f61de6cc70e61ce0336f9d3',310056000,'4f6fe786e34af90927bcd888b4b2a8fc69d3ccdfe4c4bb37edb2007901ce234a','dd19788965f3809049dfecfa32a1586e59db5772a2ae5fd7a2b8c6a2ebe10c80','a59845eb4bafd93627c575620ef91cd4272c8da2f64a6877930e580389dc6529',NULL,NULL,0);
INSERT INTO blocks VALUES(310057,'4a5fdc84f2d66ecb6ee3e3646aad20751ce8694e64e348d3c8aab09d33a3e411',310057000,'30978d87fd8e32d9d27c92a0d4ca19d179b515ed95410fa96bf496b4cd8aa5e2','46c0d10f6f80ce6b4d58b4fb967505a4b45a83682dc3553fe78f7a7575b7b9eb','17830c40bae978b83eacd456b7ff4d600a9211870df7719df1ebfe9e95208933',NULL,NULL,0);
INSERT INTO blocks VALUES(310058,'a6eef3089896f0cae0bfe9423392e45c48f4efe4310b14d8cfbdb1fea613635f',310058000,'a0760bc5d2f04b381cc46aca84aa3788e8e3fbc833379a26ae812807d3a04fc5','0ab80b39e20f5105c526622ba33a9831b7984fe20d95f11ab91917238112ed0c','274d47a8d2891533d87cca64ced1c8d1385792f2c2be092c1e8b8bab7464d1eb',NULL,NULL,0);
INSERT INTO blocks VALUES(310059,'ab505de874c43f97c90be1c26a769e6c5cb140405c993b4a6cc7afc795f156a9',310059000,'26dcef9e54b1a34b6024f8402ddebb6e9449cd90c270e3db75354a001484b1a1','dd4ffc0a824e64cfe424c9ee53448d99e7d3c3e0e61268e3d7e033e66f639b59','ad1c45b1b5e045834854cc74a4546fff0c74aee2e2b5c8effcacea12d12b5a81',NULL,NULL,0);
INSERT INTO blocks VALUES(310060,'974ad5fbef621e0a38eab811608dc9afaf10c8ecc85fed913075ba1a145e889b',310060000,'810ebcdb63a08af5a26d1fd4e7a3604afd03bd06ff620d6a86c665e1c81116d2','5e9ab5422441d45ac1aac92d80c845d725e2f54a89a9d46785f4ca299d3ed741','67e69bfb2c1397226f6f27a60433dd6ad25123482e6cc5d90c72550e60b5214a',NULL,NULL,0);
INSERT INTO blocks VALUES(310061,'35d267d21ad386e7b7632292af1c422b0310dde7ca49a82f9577525a29c138cf',310061000,'1edfc24d186c7e7267b11c03b0a29e57926e9ab25f668231a18a499cbd08c702','37605eeed32e2f8642df79a65243d2a06977a6ed2e54c972e3adb3902852dbac','ca7e98ee15675215e304081e7c9718f1741d139d86538e701af79ae97b1cbeeb',NULL,NULL,0);
INSERT INTO blocks VALUES(310062,'b31a0054145319ef9de8c1cb19df5bcf4dc8a1ece20053aa494e5d3a00a2852f',310062000,'b0de9503f019c9548a97bd198e6b1b58b57d6a7c231ace2d72adb0421b29e9b7','5c62d3073cd37673c5d98f41fb31d7017c2e87a3807ed271416400ba9c9cae93','66e88f317666adc6bb8e1e4d01251ecb719001818f91c66b80f29e5cead6f169',NULL,NULL,0);
INSERT INTO blocks VALUES(310063,'0cbcbcd5b7f2dc288e3a34eab3d4212463a5a56e886804fb4f9f1cf929eadebe',310063000,'62e41caff168eb4b15eb67ab2130510ba3f17ac186f8516cf5b5c6f168988345','a1630ac9b78d8871f28530da539cb4c1f23980805fa8bfcb2d6012046578e0e4','83a88472270b61e14928d5b7329384fb13fa30132e39134c1c05e52015898b8f',NULL,NULL,0);
INSERT INTO blocks VALUES(310064,'e2db8065a195e85cde9ddb868a17d39893a60fb2b1255aa5f0c88729de7cbf30',310064000,'a444b1535d27bb2917478019c4c59abf9474e87128f9ec1e44c20eea1f014f3c','818fbd169c6b2935893018429d88664ee0db10edc4520b3dd3c0f31edeb03caa','2de0c5fb421bbeebf5295e9a48daae6daac4792ccbe0513d5e4813ba83443b32',NULL,NULL,0);
INSERT INTO blocks VALUES(310065,'8a7bc7a77c831ac4fd11b8a9d22d1b6a0661b07cef05c2e600c7fb683b861d2a',310065000,'0ad978671f587f99e5e1c1b6f68ac3d18bb03a3bd7ea9afb63590bcef25160c8','2b47c45934ea266aebfdabb81f5b46e383817f02b5dd6bacbbfd0e5fbf634a5f','9fc80983a71f67b9efe1bd46a5aa6bc550c9ada107bf46bbffffd8ad4dd797b1',NULL,NULL,0);
INSERT INTO blocks VALUES(310066,'b6959be51eb084747d301f7ccaf9e75f2292c9404633b1532e3692659939430d',310066000,'a6bb36829770b24fa0b960b85566a0138360a60b52cec62d94d7df8cb0b8f8b4','a956e7e052e5a3a80c1589cc197587612d3696216cdfc68cd58ee013b7f50f3f','041fbe57742885d09b6af2dc31eacedcef29262c9d95b9a712e5b3c0f60544f0',NULL,NULL,0);
INSERT INTO blocks VALUES(310067,'8b08eae98d7193c9c01863fac6effb9162bda010daeacf9e0347112f233b8577',310067000,'9b8ceda9b170429d8b9ed517f0db95487b3058397e20d7e786577c8e46b389b8','788ae1af2dafafa2bc5806d6f4f8de96f7a5870b758b243cc1f8f04a5d067014','3a36f9715f625f97aafd6796084a55bef5d01f49decaf31712d6e33eaa1275d7',NULL,NULL,0);
INSERT INTO blocks VALUES(310068,'9280e7297ef6313341bc81787a36acfc9af58f83a415afff5e3154f126cf52b5',310068000,'cee2e41baf86f1af24d555e9ab4a0c023b5f1ab2b054707d4434b4f60d31862a','4677e59defa66e47429497ee994dfd9cd08e34356132b3328336a92eeb12e9ba','65b4e61f2458b318415f3e19a9e4d647748e8ed5de7f93e6add6944bf6464db1',NULL,NULL,0);
INSERT INTO blocks VALUES(310069,'486351f0655bf594ffaab1980cff17353b640b63e9c27239109addece189a6f7',310069000,'cbfd7ff728f05ba3f1db5972f1449618a79d3fd0d76bf7fe990aed2eb2316a38','23f9d8d0a8da27d64b76e602dcfced2f5c960ec7a0d4b5c9e01a7da0b8ef7898','7602a41ac21d41cb4bdfef69dfe94c6ccc29bee844eee10673a101dd23e85045',NULL,NULL,0);
INSERT INTO blocks VALUES(310070,'8739e99f4dee8bebf1332f37f49a125348b40b93b74fe35579dd52bfba4fa7e5',310070000,'9af85cd995c83b5a5f0cac66351cabdf9dc9faecfee080638fc76019663faaa6','41834fe31e553323c9204641c1241cfc5155ada3fbdc86b5cb60c2f5834e136f','4e3806ccae987bd3f552721ea852a0f4955947e56a31eadbb57382a6a1e73e0c',NULL,NULL,0);
INSERT INTO blocks VALUES(310071,'7a099aa1bba0ead577f1e44f35263a1f115ed6a868c98d4dd71609072ae7f80b',310071000,'a3c547e84db6b29630b87fa566e37796e0632ba616dd6d521d558632c3b55370','be6dcdb1bba5558f459e7af624ccbe3abacc98431e2130dce21193151106d99c','96a4f77c23693907310341cca89f509c50cdf400b4658c51a37018017f67d71f',NULL,NULL,0);
INSERT INTO blocks VALUES(310072,'7b17ecedc07552551b8129e068ae67cb176ca766ea3f6df74b597a94e3a7fc8a',310072000,'a0170d8a72a0f8642c0863899bf034e754596e3fd8ddffefa91e7e9a7addf944','5fc3f05c7084e3a4714875272a2d4367536c56b3d55fc7d3059e87ae9a596f0b','c075c8eb2fd2daf9a6079cb8165be58d38f00092dca2c8d3a2b4a1e363c8be98',NULL,NULL,0);
INSERT INTO blocks VALUES(310073,'ee0fe3cc9b3a48a2746b6090b63b442b97ea6055d48edcf4b2288396764c6943',310073000,'e0179a21342fcf35fa169567f1ef35bd6b0b1b048a98e90c049fdf3ee58e9da4','cb93a6659b569dd0726da867626fe89b2b3de2241af9acd6848cf4d8b66b5011','43d2f2b261581bfaa8eada5746361d5ca803204cb19b35e561835531572c50f8',NULL,NULL,0);
INSERT INTO blocks VALUES(310074,'ceab38dfde01f711a187601731ad575d67cfe0b7dbc61dcd4f15baaef72089fb',310074000,'8855ace296b0b078d90aa24fcd30ca9f9cccf9d3961f3dba4985a3ff187a02ac','5a51da43516eff975824d2f3b4aedf3b0b6af9b7c6803111c99a6f180d5fe84c','5314cf12886f134be35976c430d619c132aea8246ff8f65bc380c189b2137935',NULL,NULL,0);
INSERT INTO blocks VALUES(310075,'ef547198c6e36d829f117cfd7077ccde45158e3c545152225fa24dba7a26847b',310075000,'bde3a6c6cc31b96d58f466d3ce0361cc6366c8c239778f21b696d4063cf6d89e','266e9c9e4c5fc70eaf3d10170d810b1bd385a7147a2fdfa8fe504cbff356a197','8776a80f479b4773778c4ddbadcea803eeff2912e2751ca250d735cc72898445',NULL,NULL,0);
INSERT INTO blocks VALUES(310076,'3b0499c2e8e8f0252c7288d4ecf66efc426ca37aad3524424d14c8bc6f8b0d92',310076000,'f562851b32a7005ee02b9e2491c0195dddce451e8fecb428209d087e69345303','5425a0daf748aa1ba6961240c3166edff0919aec9621340b0352c33ea5c2adb7','4b29c7e39ff216950f48a1cc8a053e7bff74d82eb7a0fcb598ea0c39a3c8a457',NULL,NULL,0);
INSERT INTO blocks VALUES(310077,'d2adeefa9024ab3ff2822bc36acf19b6c647cea118cf15b86c6bc00c3322e7dd',310077000,'996cda7b65e623747deef936d61491cedd0159f44faa1e3536de1b6d6c474097','6a1be309c1b8dfb7e4bb59650705d2a93f6d39c58757490a87c079667373df61','8f75fb08746e8bf89eaf91b7ec13b029eca8b9a20d214967dc04ce95de9b00a3',NULL,NULL,0);
INSERT INTO blocks VALUES(310078,'f6c17115ef0efe489c562bcda4615892b4d4b39db0c9791fe193d4922bd82cd6',310078000,'c8286f73cc3a070f4251b7c59bb485e611437a1916fd39ffac831dc78df54ecd','8027c26d4657f768d9ed0085511911c1796bc7381294cf8f85875a39f41549cf','2ea87dece3c01dac372011c6e352dbd7b89d7716e90c12cc08a73c7d87018df0',NULL,NULL,0);
INSERT INTO blocks VALUES(310079,'f2fbd2074d804e631db44cb0fb2e1db3fdc367e439c21ffc40d73104c4d7069c',310079000,'ef9dab42700918027fac849f2088d2248a6291dc7bc24be583b556f37739631b','8acd39d112e24ac301ea0b084df088e103fb713ff7a25f9157788b3de17b5829','fddfe6b0dce95f1d543559f9d597a141195c7f67d823da013c64487741c25358',NULL,NULL,0);
INSERT INTO blocks VALUES(310080,'42943b914d9c367000a78b78a544cc4b84b1df838aadde33fe730964a89a3a6c',310080000,'c6bbc52f1e8f907b2d66378f4352f41ae3d354985aaab5f16d737d75a7e6b1d8','d44e50938b8740b8383a1a58c5eeebbfdfeda497bf0b26a1fa990801325120af','6806d25f760caa351eafff249cd5c38169215100d78dab6c1dd0ea0671fdeafe',NULL,NULL,0);
INSERT INTO blocks VALUES(310081,'6554f9d307976249e7b7e260e08046b3b55d318f8b6af627fed5be3063f123c4',310081000,'66f7b7ff8f0217ed62938a5931d4a6a232546e5d58e09dfd3ba5a792c35fa560','394e0ecfcde11bdaf09e685e1ba542086ed6f951b79d25507adbb1325b10bb47','5d074579642a2a6f653be0ba19d1aa20671e8511dcefbebe79f068663f780f44',NULL,NULL,0);
INSERT INTO blocks VALUES(310082,'4f1ef91b1dcd575f8ac2e66a67715500cbca154bd6f3b8148bb7015a6aa6c644',310082000,'2b26c6d901ca9790987331432372046d9620d10ea163f4824208d6b23e8e7a35','220bfb4dd364e244db3e43451c0bcc39316e1ac721b504a04b2d0505544e542f','de543695944825bb8b6a3bb4572bd7489903a7049116bb1f66968fdf36b0df65',NULL,NULL,0);
INSERT INTO blocks VALUES(310083,'9b1f6fd6ff9b0dc4e37603cfb0625f49067c775b99e12492afd85392d3c8d850',310083000,'0d6d774dce93e94e870835005b0e8b04f010fb25158aa69a0fa0321d1577e987','78fead5954bac55a22866305af2db0c19cce4ae15b8ba784a9a81003b61f5e48','d5aa72f2976bd882480b9cccb917e8d2c7c479429798f25b99ca28e8b36d0cc0',NULL,NULL,0);
INSERT INTO blocks VALUES(310084,'1e0972523e80306441b9f4157f171716199f1428db2e818a7f7817ccdc8859e3',310084000,'9dbd171e3606b1662f6b576339b1e9aaa3da8a9f8a246bab905af255add4a762','fa6ec2240933dfc2ff3306c3fa86d57eef465c1aacea14efccbae6802fbe04a4','d5cca027f85cf4d604a4533c8e0a6f00d470bfe997fd5c7516896ce0420a8f3f',NULL,NULL,0);
INSERT INTO blocks VALUES(310085,'c5b6e9581831e3bc5848cd7630c499bca26d9ece5156d36579bdb72d54817e34',310085000,'db67b5dc6b0c0ddec22d0e716b72aa8cb6fa9702316f2a8e12659ee229094c16','9d94d4b03c2dc5eb4a92c53c85c9916d77f8174c63d24b0894d8ded2a61b9e9c','b8269b8531052f9a25a9c6098f90b6d1c89a072e952c9f6153e1b0bf60266922',NULL,NULL,0);
INSERT INTO blocks VALUES(310086,'080c1dc55a4ecf4824cf9840602498cfc35b5f84099f50b71b45cb63834c7a78',310086000,'7cf70b5298dbb36efbec2fb880b76e2514e3bad9d5200875fa3eb3ceb7719ee8','fb7d3a4c02cfe8f559507fed4c39541720de03793de38b056edc9c27334c064e','6526a6f5ee880f70e78b973926228f191ff07ed3c19d9c15340334063a47a6be',NULL,NULL,0);
INSERT INTO blocks VALUES(310087,'4ec8cb1c38b22904e8087a034a6406b896eff4dd28e7620601c6bddf82e2738c',310087000,'27106f400fe1ee93bde42f3bf3cf39737fb856bbf0df3f90fe0838cf7d38798c','2cd428d8d8eea17f4ebdfb782da9ab2afff4afcd7b841422c7e0159100f62471','374a0162c3596ba0683b71586dfbe0748788af3e8ff8500fd742a45e145061da',NULL,NULL,0);
INSERT INTO blocks VALUES(310088,'e945c815c433cbddd0bf8e66c5c23b51072483492acda98f5c2c201020a8c5b3',310088000,'28c9833eded6d68967f206e5884616f83bb9ad16b9d7a507031b96480aecc799','e486ec654483f87397a947763f15bb720c843d10d15a225182f766c34c37e201','ce764ab583ff7ba6871b18d847198223f2226374ca25865c4d3bf2aa3642b839',NULL,NULL,0);
INSERT INTO blocks VALUES(310089,'0382437f895ef3e7e38bf025fd4f606fd44d4bbd6aea71dbdc4ed11a7cd46f33',310089000,'cdac6435934ea6e67a311495325c85237158ef30c009ea44c562c2127d79e696','056b04230dd9e93004123fe4bfe352df48a12380ab0b0dca5d97604f7ab966c3','a72080c9e0e6f8fbbc646ec25cc50f35f33e009cecc651ed4ae060936255dd47',NULL,NULL,0);
INSERT INTO blocks VALUES(310090,'b756db71dc037b5a4582de354a3347371267d31ebda453e152f0a13bb2fae969',310090000,'cb33e420348e7969a2310445a6c17c79e647d3c6f3106d4fd0c0a1249e11ed6f','1865f0dc799116af92621f0e2e8b8a784f2b435835bdd3a2f0db3cdebc8c4e31','87d92549b7c67f36c8d8a3e7fba9d90cca2c58f77b65e231e3a03b5457e2e067',NULL,NULL,0);
INSERT INTO blocks VALUES(310091,'734a9aa485f36399d5efb74f3b9c47f8b5f6fd68c9967f134b14cfe7e2d7583c',310091000,'dda2531cf7db78a3f27c1ce70189b3f6efb69ddd24b61639f9deff42566bba2a','a58d371cd9d95f1aacc286f91b6fd7b23362075d81d0a3549699d0503731a6d0','d8105e1ff6ff332f60702a4d70ebb8a9ce44b23b7943353a88b592bd1e6c60af',NULL,NULL,0);
INSERT INTO blocks VALUES(310092,'56386beb65f9228740d4ad43a1c575645f6daf59e0dd9f22551c59215b5e8c3d',310092000,'9ca7d9e1da0c6e4465d9e1c76990b6c48e62ee3a0b3b83189dc7a0f2c03a3006','ea381940a01cfe5d0dd9a23c49b656d87738c9066b654ac44d2c2abcdb7a0b27','56b444d850302b5e37993141b8d4969bf36f840563f4903d394441508542d6cf',NULL,NULL,0);
INSERT INTO blocks VALUES(310093,'a74a2425f2f4be24bb5f715173e6756649e1cbf1b064aeb1ef60e0b94b418ddc',310093000,'c6fc005e874909cf0393ac1bee7267f66cc5355c549d8657234a0ed6b429c869','d5c4d58346be489ce4a78232029717246b5f2f6f7549cad20dca96c524b3fd36','7d85980125259019a90c761b0ebfd163bf117dc88e22174a4cdd4a06a057fb57',NULL,NULL,0);
INSERT INTO blocks VALUES(310094,'2a8f976f20c4e89ff01071915ac96ee35192d54df3a246bf61fd4a0cccfb5b23',310094000,'14dacaec0b37ca20f271e500d0ec1837a63006eb464728c067107738ad3167c6','c62270af64e9e7c7414f5a3a3639acfbea5a6c2da9e46358478c3d7a99358200','4349a6790dcb9709641f5d8108ec8f515af54e26c9af0a44144cd20470c4da99',NULL,NULL,0);
INSERT INTO blocks VALUES(310095,'bed0fa40c9981223fb40b3be8124ca619edc9dd34d0c907369477ea92e5d2cd2',310095000,'05bd680c082185147e83785e7464d8890908d1550359b4fac79018b510475e01','574ab1947449e3c988cd3d897ac94e6d0a0857a015f3309b7d36e8334b273836','94866e2b1adce1600d07c96ac252e2033a496d06d3efa2c4e1ac70f05f674fe4',NULL,NULL,0);
INSERT INTO blocks VALUES(310096,'306aeec3db435fabffdf88c2f26ee83caa4c2426375a33daa2be041dbd27ea2f',310096000,'b50805d750ebd26f8dbced919948118f1f97ce7d117aa1760e7a3c4895f51e13','cfe94638d2c3b38a23ccd1314b139b8b1e18a78d39cc9a14cd848c9ca653dbb7','e0b9c56a267447ffc591a3a9028271a2d7be7e74b28cf9dac31be55b7f4a230a',NULL,NULL,0);
INSERT INTO blocks VALUES(310097,'13e8e16e67c7cdcc80d477491e554b43744f90e8e1a9728439a11fab42cefadf',310097000,'dde96405c241e1d57334670e4eff7ed8db92056e6867cae10475a9bc30ba4619','19b1ba50d918264d1e365596cb5564add42b16fe1a46c9aaa0d753da38550b1e','bcb05590447bbae101e75b5ba0c3eac1dbc66c680a6d02e66b8bc23d2f94ba80',NULL,NULL,0);
INSERT INTO blocks VALUES(310098,'ca5bca4b5ec4fa6183e05176abe921cff884c4e20910fab55b603cef48dc3bca',310098000,'613d78fbabba246a4d1cd9d50317e732795a59812df8395472347e15cec1ee9b','b8f205003080ea52324a962ddb769ee2d0af25b937c2a863eda356b880245008','0b2071669bbe9a516e609bac43cecb31a9d19786138fd3520d0854e34d7aef7b',NULL,NULL,0);
INSERT INTO blocks VALUES(310099,'3c4c2279cd7de0add5ec469648a845875495a7d54ebfb5b012dcc5a197b7992a',310099000,'e535ca5960d2ce7508bd2157dd0cac3ea1f9ab14532a40884d522b4bba0d4979','4e9297c1c0a644ddd1b9cc6354c9aec1a941804386931ff68ad8396b1f313c46','225628e448c187285ad15d5cff4b78a86b16267506ad7ff1aed3e6574726be44',NULL,NULL,0);
INSERT INTO blocks VALUES(310100,'96925c05b3c7c80c716f5bef68d161c71d044252c766ca0e3f17f255764242cb',310100000,'970865291b7a6d8173d6ad2ae97335cb2e89d80cbbb7a79bb2328cf6c67fa6cd','3d1b670dbf90e23fe41acb99549212f2ab141d465c7cb1a24e460f587a592264','100936be0fbff52f0905113363314508d07cd74fc191ea74597d69962fa22dc3',NULL,NULL,0);
INSERT INTO blocks VALUES(310101,'369472409995ca1a2ebecbad6bf9dab38c378ab1e67e1bdf13d4ce1346731cd6',310101000,'0741e57ad88cdada65134c9f131ff5bfd9498cb054378d829e34715e8db2aa6d','73c605d781cb321d77e82c0e96008f5c09ee165cd616a9d6750539d3e07fe02b','b8eb565353d6c1797cbf11a4d38e8a1d3f2f560b92d911f39f3d123254dd6e92',NULL,NULL,0);
-- Triggers and indices on  blocks
CREATE INDEX blocks_block_index_block_hash_idx ON blocks (block_index, block_hash)
        ;
CREATE INDEX blocks_ledger_hash_idx ON blocks (ledger_hash)
        ;

COMMIT TRANSACTION;
PRAGMA page_size=4096;
-- PRAGMA encoding='UTF-8';
-- PRAGMA auto_vacuum=FULL;
-- PRAGMA max_page_count=4294967294;

BEGIN TRANSACTION;

-- Table  transactions
DROP TABLE IF EXISTS transactions;
CREATE TABLE transactions(
                      tx_index INTEGER UNIQUE,
                      tx_hash TEXT UNIQUE,
                      block_index INTEGER,
                      block_hash TEXT,
                      block_time INTEGER,
                      source TEXT,
                      destination TEXT,
                      btc_amount INTEGER,
                      fee INTEGER,
                      data BLOB,
                      supported BOOL DEFAULT 1,
                      utxos_info TEXT,
                      transaction_type TEXT,
                      FOREIGN KEY (block_index, block_hash) REFERENCES blocks(block_index, block_hash),
                      PRIMARY KEY (tx_index, tx_hash, block_index));
INSERT INTO transactions VALUES(1,'b37d91f0a3451e89035a780c7f0e84ed135d4dd4cd39227cda35ac6da0d3f10e',310000,'505d8d82c4ced7daddef7ed0b05ba12ecc664176887b938ef56c6af276f3b30c',310000000,'mn6q3dS2EnDUx3bmyWc6D4szJNVGtaR7zc','mvCounterpartyXXXXXXXXXXXXXXW24Hef',62000000,678,X'',1,' bb63974365ff2a47e7e60de246784a270a9de244c7f8ebd4dd79d07dab1cbaeb:0 2 ',NULL);
INSERT INTO transactions VALUES(2,'1293fc86bfdcccac7e888e1fe4d40027337a45e47bf238aec163ff4799ccb3d3',310001,'3c9f6a9c6cac46a9273bd3db39ad775acd5bc546378ec2fb0587e06e112cc78e',310001000,'mn6q3dS2EnDUx3bmyWc6D4szJNVGtaR7zc','mtQheFaSfWELRB2MyMBaiWjdDm6ux9Ezns',5430,1320,X'0000000000000000000000010000000002FAF080',1,' e52defc5ec27d849d5617afcb1eaf63186f4ddd25d2cfac532618399a54c6cae:0 3 ',NULL);
INSERT INTO transactions VALUES(3,'af8c1bec82dec4f7ddb77eafb129e3f8e47e95e283ce7224d4c28e6ee69aabab',310002,'fbb60f1144e1f7d4dc036a4a158a10ea6dea2ba6283a723342a49b8eb5cc9964',310002000,'mn6q3dS2EnDUx3bmyWc6D4szJNVGtaR7zc','',0,1000000,X'0000000A00000000000000000000000002FAF08000000000000000010000000005F5E100000A0000000000000000',1,' d1cb08b05c669379391dcf1853933e5b4619f1849fd284f87c4a3e98d4c024b0:0 2 ',NULL);
INSERT INTO transactions VALUES(4,'ef249bd74fcfea725635e02e49e9c792f4b4109c1f3378c5a18a2395ef2d7504',310003,'d50825dcb32bcf6f69994d616eba18de7718d3d859497e80751b2cb67e333e8a',310003000,'mn6q3dS2EnDUx3bmyWc6D4szJNVGtaR7zc','',0,1260,X'0000000A00000000000000010000000006422C4000000000000000000000000002FAF080000A00000000000DBBA0',1,' 30ecdac50cf9fc32958aced84fed966283c1462fe3b08f5dc72464276113b4ca:0 2 ',NULL);
INSERT INTO transactions VALUES(5,'82bc765d422c4ab9fbcdfc958a201e62e033f98eb8d1357e08bce0ddb1bffe9f',310004,'60cdc0ac0e3121ceaa2c3885f21f5789f49992ffef6e6ff99f7da80e36744615',310004000,'mn6q3dS2EnDUx3bmyWc6D4szJNVGtaR7zc','mn6q3dS2EnDUx3bmyWc6D4szJNVGtaR7zc',50000000,2520,X'0000000BAF8C1BEC82DEC4F7DDB77EAFB129E3F8E47E95E283CE7224D4C28E6EE69AABABEF249BD74FCFEA725635E02E49E9C792F4B4109C1F3378C5A18A2395EF2D7504',1,' 7bda26c16a195b1c089acf7732f44cb827bd4f90e152d8baee6d7d24657ca601:0 4 ',NULL);
INSERT INTO transactions VALUES(6,'9b7c6697c42d4045fc11ae8e74d425a71b693b347c7c4f93355b9de973038619',310005,'8005c2926b7ecc50376642bc661a49108b6dc62636463a5c492b123e2184cd9a',310005000,'mn6q3dS2EnDUx3bmyWc6D4szJNVGtaR7zc','',0,1260,X'000000140000000000004767000000003B9ACA000100000000000000000000',1,' 5d9dfd7b63c6fd08269b5742e99e03469eed6319654548060af5ddbf31c93aa3:0 2 ',NULL);
INSERT INTO transactions VALUES(7,'9d1c0d56ae222785601ac5ed8bf3289cd84685374f8efe835668cae7e002276d',310006,'bdad69d1669eace68b9f246de113161099d4f83322e2acf402c42defef3af2bb',310006000,'mn6q3dS2EnDUx3bmyWc6D4szJNVGtaR7zc','',0,1260,X'00000014000000000000476800000000000186A00000000000000000000006666F6F626172',1,' 07d7721bfc4f1e4a697d4e52539a8efc53dd492135995ce38eff461a85257ad0:0 2 ',NULL);
INSERT INTO transactions VALUES(8,'17f65681eb52aa1653c7bd699f7f32e7507824cc57066265f10abf564ce30b4f',310007,'10a642b96d60091d08234d17dfdecf3025eca41e4fc8e3bbe71a91c5a457cb4b',310007000,'mn6q3dS2EnDUx3bmyWc6D4szJNVGtaR7zc','mtQheFaSfWELRB2MyMBaiWjdDm6ux9Ezns',5430,1320,X'00000000000000000000476700000000003D0900',1,' 21e065836cc5c4d0f7b7978bad3bbac8dc37df34ee4ecab8e864e23bd1bd5562:0 3 ',NULL);
INSERT INTO transactions VALUES(9,'941e3b1a60db591ce6b530f127b333274cb475b47271c7aec0efd3dd7fac9edd',310008,'47d0e3acbdc6916aeae95e987f9cfa16209b3df1e67bb38143b3422b32322c33',310008000,'mn6q3dS2EnDUx3bmyWc6D4szJNVGtaR7zc','mtQheFaSfWELRB2MyMBaiWjdDm6ux9Ezns',5430,1320,X'000000000000000000004768000000000000020E',1,' 1c06d6da4019b5a0a4d64a7e85cd7d74d1e465158eb0afd1a444b4ed79bebabe:0 3 ',NULL);
INSERT INTO transactions VALUES(10,'b3002a27f22addfd049f6a7601bf79ffae46652b84613f9558c0fc83bea9ac75',310009,'4d474992b141620bf3753863db7ee5e8af26cadfbba27725911f44fa657bc1c0',310009000,'mn6q3dS2EnDUx3bmyWc6D4szJNVGtaR7zc','',0,1260,X'00000032000000000000025800000000000047670000000000000001',1,' aad30167153f9df0f4f58ef0e1060e78f20dc386f73782224eb5fbcca79aeaea:0 2 ',NULL);
INSERT INTO transactions VALUES(11,'4e959fabd8df4289ef34fa1701b5ea5fb526bc06ce5abdc0db9dfafb3d25579a',310010,'a58162dff81a32e6a29b075be759dbb9fa9b8b65303e69c78fb4d7b0acc37042',310010000,'mn6q3dS2EnDUx3bmyWc6D4szJNVGtaR7zc','',0,1260,X'00000032000000000000032000000000000047680000000000000001',1,' d94d08e4a74400d9979ad3cbf8b5bb4c9d84c701ae20be4f872d08ab25f570cd:0 2 ',NULL);
INSERT INTO transactions VALUES(12,'b9b2e392f66f083b334a9ca8e16f7e3d8001dea43b02baa632af4aa77ec0872c',310011,'8042cc2ef293fd73d050f283fbd075c79dd4c49fdcca054dc0714fc3a50dc1bb',310011000,'mn6q3dS2EnDUx3bmyWc6D4szJNVGtaR7zc','',0,1260,X'0000001E52BB3300405900000000000005F5E0FF09556E69742054657374',1,' 7b54eb5fd7bd20077cbbac96e12f280e6580c7afb9fff8e251ddcb2eefbfd137:0 2 ',NULL);
INSERT INTO transactions VALUES(13,'87fd9c7dc7c9b30fa308ae6d43841500f201231e14ab4d349f81258eef07146b',310012,'cdba329019d93a67b31b79d05f76ce1b7791d430ea0d6c1c2168fe78d2f67677',310012000,'mn6q3dS2EnDUx3bmyWc6D4szJNVGtaR7zc','mn6q3dS2EnDUx3bmyWc6D4szJNVGtaR7zc',5430,1320,X'00000028000052BB33640000000002FAF08000000000017D7840000000000000000000003B100000000A',1,' a746d451e46726fe43ae5ad7b97adb9ee19494aa51cfe6104933d7bd2b99c6e4:0 3 ',NULL);
INSERT INTO transactions VALUES(14,'21f454de7d6beeb791366f824a4c318486176a75677a17ce9af00f2083d7e41a',310013,'0425e5e832e4286757dc0228cd505b8d572081007218abd3a0983a3bcd502a61',310013000,'mn6q3dS2EnDUx3bmyWc6D4szJNVGtaR7zc','mn6q3dS2EnDUx3bmyWc6D4szJNVGtaR7zc',5430,1320,X'00000028000152BB336400000000017D78400000000002793D60000000000000000000003B100000000A',1,' 96439c60785833f2a2cb1358f21f5d6bd46d9bbe27b791e9e6959e64f0acaeab:0 3 ',NULL);
INSERT INTO transactions VALUES(15,'92a588a224ade7d38815584474ed2b2ee0f06df14a1e61ddca819244835b1ef6',310014,'85b28d413ebda2968ed82ae53643677338650151b997ed1e4656158005b9f65f',310014000,'mn6q3dS2EnDUx3bmyWc6D4szJNVGtaR7zc','mn6q3dS2EnDUx3bmyWc6D4szJNVGtaR7zc',5430,1320,X'00000028000052BB33640000000008F0D1800000000014DC93800000000000000000000013B00000000A',1,' fefa4b0fc30e713c99abff84ccb1a90b77b4c5fc97fd705034edbda69454a65f:0 3 ',NULL);
INSERT INTO transactions VALUES(16,'3549cf94fa08a937c215d93ec05eda09807c23ce6c9ffad85719aa5e0d2b2a04',310015,'4cf77d688f18f0c68c077db882f62e49f31859dfa6144372457cd73b29223922',310015000,'mn6q3dS2EnDUx3bmyWc6D4szJNVGtaR7zc','mn6q3dS2EnDUx3bmyWc6D4szJNVGtaR7zc',5430,1320,X'00000028000152BB33640000000014DC93800000000008F0D1800000000000000000000013B00000000A',1,' 304331268e922a159b1fac9224b84686d2621015a176770abc0e511acf6cd550:0 3 ',NULL);
INSERT INTO transactions VALUES(17,'2c7c77c034316eb354d67f3b9ea6640bad290d4a5e25c21dc96e5dd5f2911a6b',310016,'99dc7d2627efb4e5e618a53b9898b4ca39c70e98fe9bf39f68a6c980f5b64ef9',310016000,'mn6q3dS2EnDUx3bmyWc6D4szJNVGtaR7zc','mn6q3dS2EnDUx3bmyWc6D4szJNVGtaR7zc',5430,1320,X'00000028000252BB33C8000000002CB417800000000026BE36803FF0000000000000000013B00000000A',1,' 41772abc9d528cb8081b2e1008d78cf9002eb635d25277e4512f901442250a3e:0 3 ',NULL);
INSERT INTO transactions VALUES(18,'12301a88d640234d05a4d7f68d408d2061d4a12580bccab9f0efb14a1570f33e',310017,'8a4fedfbf734b91a5c5761a7bcb3908ea57169777a7018148c51ff611970e4a3',310017000,'mn6q3dS2EnDUx3bmyWc6D4szJNVGtaR7zc','mn6q3dS2EnDUx3bmyWc6D4szJNVGtaR7zc',5430,1320,X'00000028000352BB33C80000000026BE3680000000002CB417803FF0000000000000000013B00000000A',1,' f842868b3b8c64e9cb213084978287485f8467321a28d3c0b2de74209f4a3c6e:0 3 ',NULL);
INSERT INTO transactions VALUES(19,'e2808691e73597225c46cdbbae494f11b651afdfb50ded64fb7ea10d30901f53',310018,'35c06f9e3de39e4e56ceb1d1a22008f52361c50dd0d251c0acbe2e3c2dba8ed3',310018000,'mn6q3dS2EnDUx3bmyWc6D4szJNVGtaR7zc','',0,1260,X'0000001E52BB33324058F7256FFC115E004C4B4009556E69742054657374',1,' b302aafdf802a631358e66e81e15e8221c0382e1f554c373739151208af058a0:0 2 ',NULL);
INSERT INTO transactions VALUES(20,'6045a0b4181b98a542e15e0813234c0a0d4741802f3eabcaa04b9b9695398371',310019,'114affa0c4f34b1ebf8e2778c9477641f60b5b9e8a69052158041d4c41893294',310019000,'mn6q3dS2EnDUx3bmyWc6D4szJNVGtaR7zc','',0,1260,X'0000001E52BB3365405915F3B645A1CB004C4B4009556E69742054657374',1,' 89ddacbdd945944efb2e99750ade61fb259c8753da9e837a247612972e0aa9eb:0 2 ',NULL);
INSERT INTO transactions VALUES(21,'f1071060df501dd755361d9567bec3cb5b7c72c2182097db830c432b0087b1a3',310020,'d93c79920e4a42164af74ecb5c6b903ff6055cdc007376c74dfa692c8d85ebc9',310020000,'mn6q3dS2EnDUx3bmyWc6D4szJNVGtaR7zc','',0,1260,X'0000001E52BB33C94000000000000000004C4B4009556E69742054657374',1,' 4a6aa675fdd644957e85c287cb905fb9e61c6eda3df23a7fdbd96a7a104bc261:0 2 ',NULL);
INSERT INTO transactions VALUES(22,'e0fc51f621c3b0411056e9a5344357ff22c8b1e42dfeace4eb181849607f5ce9',310021,'7c2460bb32c5749c856486393239bf7a0ac789587ac71f32e7237910da8097f2',310021000,'mn6q3dS2EnDUx3bmyWc6D4szJNVGtaR7zc','',0,1260,X'0000000A00000000000047670000000002FAF08000000000000000010000000002FAF080000A0000000000000000',1,' de5008e590a70479707d7990b2fd0c60a8fb4d604aab743ba6fe140d0e970ec6:0 2 ',NULL);
INSERT INTO transactions VALUES(23,'77d4da76d66b220298ce985c0bd9e5835e359d10ddb6c03b9d3bef27ee077559',310022,'44435f9a99a0aa12a9bfabdc4cb8119f6ea6a6e1350d2d65445fb66a456db5fc',310022000,'mn6q3dS2EnDUx3bmyWc6D4szJNVGtaR7zc','mvCounterpartyXXXXXXXXXXXXXXW24Hef',100000000,1122,X'',1,' d546a25aa1c9a7ecbcfdf548b632a0c552bdf53701cc8d9d2adf1aa5a6feb8cf:0 2 ',NULL);
INSERT INTO transactions VALUES(24,'7f2adcfe266ada89505f56bc097185abd8bfbe1617c2052658ad0b3d763c919e',310023,'d8cf5bec1bbcab8ca4f495352afde3b6572b7e1d61b3976872ebb8e9d30ccb08',310023000,'mn6q3dS2EnDUx3bmyWc6D4szJNVGtaR7zc','mtQheFaSfWELRB2MyMBaiWjdDm6ux9Ezns',5430,1320,X'0000000000000000000047680000000000002710',1,' f2edd6da68b5a4469d173ecc7622f0a8e41e67bc9bbeb89fd33f8fc6add98142:0 3 ',NULL);
-- Triggers and indices on  transactions
CREATE INDEX transactions_block_index_tx_index_idx ON transactions (block_index, tx_index)
        ;
CREATE INDEX transactions_source_idx ON transactions (source)
        ;
CREATE INDEX transactions_transaction_type_idx ON transactions (transaction_type)
        ;
CREATE INDEX transactions_tx_hash_idx ON transactions (tx_hash)
        ;
CREATE INDEX transactions_tx_index_tx_hash_block_index_idx ON transactions (tx_index, tx_hash, block_index)
        ;

COMMIT TRANSACTION;
PRAGMA page_size=4096;
-- PRAGMA encoding='UTF-8';
-- PRAGMA auto_vacuum=FULL;
-- PRAGMA max_page_count=4294967294;

BEGIN TRANSACTION;

-- Table  transaction_outputs
DROP TABLE IF EXISTS transaction_outputs;
CREATE TABLE transaction_outputs(
                        tx_index,
                        tx_hash TEXT,
                        block_index INTEGER,
                        out_index INTEGER,
                        destination TEXT,
                        btc_amount INTEGER,
                        PRIMARY KEY (tx_hash, out_index),
                        FOREIGN KEY (tx_index, tx_hash, block_index) REFERENCES transactions(tx_index, tx_hash, block_index));

COMMIT TRANSACTION;
PRAGMA page_size=4096;
-- PRAGMA encoding='UTF-8';
-- PRAGMA auto_vacuum=FULL;
-- PRAGMA max_page_count=4294967294;

BEGIN TRANSACTION;

-- Table  balances
DROP TABLE IF EXISTS balances;
CREATE TABLE balances(
                      address TEXT,
                      asset TEXT,
                      quantity INTEGER, block_index INTEGER, tx_index INTEGER, utxo TEXT, utxo_address TEXT);
INSERT INTO balances VALUES('mn6q3dS2EnDUx3bmyWc6D4szJNVGtaR7zc','XCP',93000000000,310000,1,NULL,NULL);
INSERT INTO balances VALUES('mn6q3dS2EnDUx3bmyWc6D4szJNVGtaR7zc','XCP',92950000000,310001,2,NULL,NULL);
INSERT INTO balances VALUES('mtQheFaSfWELRB2MyMBaiWjdDm6ux9Ezns','XCP',50000000,310001,2,NULL,NULL);
INSERT INTO balances VALUES('mn6q3dS2EnDUx3bmyWc6D4szJNVGtaR7zc','XCP',92845000000,310003,4,NULL,NULL);
INSERT INTO balances VALUES('mn6q3dS2EnDUx3bmyWc6D4szJNVGtaR7zc','XCP',92945000000,310004,5,NULL,NULL);
INSERT INTO balances VALUES('mn6q3dS2EnDUx3bmyWc6D4szJNVGtaR7zc','XCP',92895000000,310005,6,NULL,NULL);
INSERT INTO balances VALUES('mn6q3dS2EnDUx3bmyWc6D4szJNVGtaR7zc','BBBB',1000000000,310005,6,NULL,NULL);
INSERT INTO balances VALUES('mn6q3dS2EnDUx3bmyWc6D4szJNVGtaR7zc','XCP',92845000000,310006,7,NULL,NULL);
INSERT INTO balances VALUES('mn6q3dS2EnDUx3bmyWc6D4szJNVGtaR7zc','BBBC',100000,310006,7,NULL,NULL);
INSERT INTO balances VALUES('mn6q3dS2EnDUx3bmyWc6D4szJNVGtaR7zc','BBBB',996000000,310007,8,NULL,NULL);
INSERT INTO balances VALUES('mtQheFaSfWELRB2MyMBaiWjdDm6ux9Ezns','BBBB',4000000,310007,8,NULL,NULL);
INSERT INTO balances VALUES('mn6q3dS2EnDUx3bmyWc6D4szJNVGtaR7zc','BBBC',99474,310008,9,NULL,NULL);
INSERT INTO balances VALUES('mtQheFaSfWELRB2MyMBaiWjdDm6ux9Ezns','BBBC',526,310008,9,NULL,NULL);
INSERT INTO balances VALUES('mn6q3dS2EnDUx3bmyWc6D4szJNVGtaR7zc','XCP',92844999976,310009,10,NULL,NULL);
INSERT INTO balances VALUES('mn6q3dS2EnDUx3bmyWc6D4szJNVGtaR7zc','XCP',92844979976,310009,10,NULL,NULL);
INSERT INTO balances VALUES('mtQheFaSfWELRB2MyMBaiWjdDm6ux9Ezns','XCP',50000024,310009,10,NULL,NULL);
INSERT INTO balances VALUES('mn6q3dS2EnDUx3bmyWc6D4szJNVGtaR7zc','XCP',92844559176,310010,11,NULL,NULL);
INSERT INTO balances VALUES('mn6q3dS2EnDUx3bmyWc6D4szJNVGtaR7zc','XCP',92844539176,310010,11,NULL,NULL);
INSERT INTO balances VALUES('mtQheFaSfWELRB2MyMBaiWjdDm6ux9Ezns','XCP',50420824,310010,11,NULL,NULL);
INSERT INTO balances VALUES('mn6q3dS2EnDUx3bmyWc6D4szJNVGtaR7zc','XCP',92794539176,310012,13,NULL,NULL);
INSERT INTO balances VALUES('mn6q3dS2EnDUx3bmyWc6D4szJNVGtaR7zc','XCP',92769539176,310013,14,NULL,NULL);
INSERT INTO balances VALUES('mn6q3dS2EnDUx3bmyWc6D4szJNVGtaR7zc','XCP',92773789176,310013,14,NULL,NULL);
INSERT INTO balances VALUES('mn6q3dS2EnDUx3bmyWc6D4szJNVGtaR7zc','XCP',92778789176,310014,0,NULL,NULL);
INSERT INTO balances VALUES('mn6q3dS2EnDUx3bmyWc6D4szJNVGtaR7zc','XCP',92628789176,310014,15,NULL,NULL);
INSERT INTO balances VALUES('mn6q3dS2EnDUx3bmyWc6D4szJNVGtaR7zc','XCP',92278789176,310015,16,NULL,NULL);
INSERT INTO balances VALUES('mn6q3dS2EnDUx3bmyWc6D4szJNVGtaR7zc','XCP',92278789176,310015,16,NULL,NULL);
INSERT INTO balances VALUES('mn6q3dS2EnDUx3bmyWc6D4szJNVGtaR7zc','XCP',92278789176,310015,16,NULL,NULL);
INSERT INTO balances VALUES('mn6q3dS2EnDUx3bmyWc6D4szJNVGtaR7zc','XCP',91528789176,310016,17,NULL,NULL);
INSERT INTO balances VALUES('mn6q3dS2EnDUx3bmyWc6D4szJNVGtaR7zc','XCP',90878789176,310017,18,NULL,NULL);
INSERT INTO balances VALUES('mn6q3dS2EnDUx3bmyWc6D4szJNVGtaR7zc','XCP',90878789176,310017,18,NULL,NULL);
INSERT INTO balances VALUES('mn6q3dS2EnDUx3bmyWc6D4szJNVGtaR7zc','XCP',90878789176,310017,18,NULL,NULL);
INSERT INTO balances VALUES('mn6q3dS2EnDUx3bmyWc6D4szJNVGtaR7zc','XCP',90937926676,310018,19,NULL,NULL);
INSERT INTO balances VALUES('mn6q3dS2EnDUx3bmyWc6D4szJNVGtaR7zc','XCP',90941039176,310018,19,NULL,NULL);
INSERT INTO balances VALUES('mn6q3dS2EnDUx3bmyWc6D4szJNVGtaR7zc','XCP',91100339176,310019,20,NULL,NULL);
INSERT INTO balances VALUES('mn6q3dS2EnDUx3bmyWc6D4szJNVGtaR7zc','XCP',91416039176,310019,20,NULL,NULL);
INSERT INTO balances VALUES('mn6q3dS2EnDUx3bmyWc6D4szJNVGtaR7zc','XCP',91441039176,310019,20,NULL,NULL);
INSERT INTO balances VALUES('mn6q3dS2EnDUx3bmyWc6D4szJNVGtaR7zc','XCP',92771039176,310020,21,NULL,NULL);
INSERT INTO balances VALUES('mn6q3dS2EnDUx3bmyWc6D4szJNVGtaR7zc','XCP',92841039176,310020,21,NULL,NULL);
INSERT INTO balances VALUES('mn6q3dS2EnDUx3bmyWc6D4szJNVGtaR7zc','BBBB',946000000,310021,22,NULL,NULL);
INSERT INTO balances VALUES('mn6q3dS2EnDUx3bmyWc6D4szJNVGtaR7zc','XCP',149840926438,310022,23,NULL,NULL);
INSERT INTO balances VALUES('mn6q3dS2EnDUx3bmyWc6D4szJNVGtaR7zc','XCP',149849426438,310023,0,NULL,NULL);
INSERT INTO balances VALUES('mn6q3dS2EnDUx3bmyWc6D4szJNVGtaR7zc','BBBC',89474,310023,24,NULL,NULL);
INSERT INTO balances VALUES('mtQheFaSfWELRB2MyMBaiWjdDm6ux9Ezns','BBBC',10526,310023,24,NULL,NULL);
INSERT INTO balances VALUES('mn6q3dS2EnDUx3bmyWc6D4szJNVGtaR7zc','BBBB',996000000,310032,0,NULL,NULL);
-- Triggers and indices on  balances
CREATE INDEX balances_address_asset_idx ON balances (address, asset)
        ;
CREATE INDEX balances_address_utxo_asset_idx ON balances (address, utxo, asset)
        ;
CREATE INDEX balances_asset_idx ON balances (asset)
        ;
CREATE INDEX balances_block_index_idx ON balances (block_index)
        ;
CREATE INDEX balances_quantity_idx ON balances (quantity)
        ;
CREATE INDEX balances_utxo_address_idx ON balances (utxo_address)
        ;
CREATE INDEX balances_utxo_asset_idx ON balances (utxo, asset)
        ;
CREATE TRIGGER block_update_balances
            BEFORE UPDATE ON balances BEGIN
                SELECT RAISE(FAIL, "UPDATES NOT ALLOWED");
            END;

COMMIT TRANSACTION;
PRAGMA page_size=4096;
-- PRAGMA encoding='UTF-8';
-- PRAGMA auto_vacuum=FULL;
-- PRAGMA max_page_count=4294967294;

BEGIN TRANSACTION;

-- Table  config
DROP TABLE IF EXISTS config;
CREATE TABLE config (
            name TEXT PRIMARY KEY,
            value TEXT
        );
INSERT INTO config VALUES('FIX_TRANSACTION_TYPE_1','1');
INSERT INTO config VALUES('FIX_ASSET_EVENTS_FIELD_1','1');
INSERT INTO config VALUES('FIX_ISSUANCES_ASSET_LONGNAME_1','1');
INSERT INTO config VALUES('FIX_ISSUANCES_ASSET_LONGNAME_2','1');
INSERT INTO config VALUES('CLEAN_TRANSACTION_COUNT_1','1');
-- Triggers and indices on  config
CREATE INDEX config_config_name_idx ON config (name);

COMMIT TRANSACTION;
PRAGMA page_size=4096;
-- PRAGMA encoding='UTF-8';
-- PRAGMA auto_vacuum=FULL;
-- PRAGMA max_page_count=4294967294;

BEGIN TRANSACTION;

-- Table  balances
DROP TABLE IF EXISTS balances;
CREATE TABLE balances(
                      address TEXT,
                      asset TEXT,
                      quantity INTEGER, block_index INTEGER, tx_index INTEGER, utxo TEXT, utxo_address TEXT);
INSERT INTO balances VALUES('mn6q3dS2EnDUx3bmyWc6D4szJNVGtaR7zc','XCP',93000000000,310000,1,NULL,NULL);
INSERT INTO balances VALUES('mn6q3dS2EnDUx3bmyWc6D4szJNVGtaR7zc','XCP',92950000000,310001,2,NULL,NULL);
INSERT INTO balances VALUES('mtQheFaSfWELRB2MyMBaiWjdDm6ux9Ezns','XCP',50000000,310001,2,NULL,NULL);
INSERT INTO balances VALUES('mn6q3dS2EnDUx3bmyWc6D4szJNVGtaR7zc','XCP',92845000000,310003,4,NULL,NULL);
INSERT INTO balances VALUES('mn6q3dS2EnDUx3bmyWc6D4szJNVGtaR7zc','XCP',92945000000,310004,5,NULL,NULL);
INSERT INTO balances VALUES('mn6q3dS2EnDUx3bmyWc6D4szJNVGtaR7zc','XCP',92895000000,310005,6,NULL,NULL);
INSERT INTO balances VALUES('mn6q3dS2EnDUx3bmyWc6D4szJNVGtaR7zc','BBBB',1000000000,310005,6,NULL,NULL);
INSERT INTO balances VALUES('mn6q3dS2EnDUx3bmyWc6D4szJNVGtaR7zc','XCP',92845000000,310006,7,NULL,NULL);
INSERT INTO balances VALUES('mn6q3dS2EnDUx3bmyWc6D4szJNVGtaR7zc','BBBC',100000,310006,7,NULL,NULL);
INSERT INTO balances VALUES('mn6q3dS2EnDUx3bmyWc6D4szJNVGtaR7zc','BBBB',996000000,310007,8,NULL,NULL);
INSERT INTO balances VALUES('mtQheFaSfWELRB2MyMBaiWjdDm6ux9Ezns','BBBB',4000000,310007,8,NULL,NULL);
INSERT INTO balances VALUES('mn6q3dS2EnDUx3bmyWc6D4szJNVGtaR7zc','BBBC',99474,310008,9,NULL,NULL);
INSERT INTO balances VALUES('mtQheFaSfWELRB2MyMBaiWjdDm6ux9Ezns','BBBC',526,310008,9,NULL,NULL);
INSERT INTO balances VALUES('mn6q3dS2EnDUx3bmyWc6D4szJNVGtaR7zc','XCP',92844999976,310009,10,NULL,NULL);
INSERT INTO balances VALUES('mn6q3dS2EnDUx3bmyWc6D4szJNVGtaR7zc','XCP',92844979976,310009,10,NULL,NULL);
INSERT INTO balances VALUES('mtQheFaSfWELRB2MyMBaiWjdDm6ux9Ezns','XCP',50000024,310009,10,NULL,NULL);
INSERT INTO balances VALUES('mn6q3dS2EnDUx3bmyWc6D4szJNVGtaR7zc','XCP',92844559176,310010,11,NULL,NULL);
INSERT INTO balances VALUES('mn6q3dS2EnDUx3bmyWc6D4szJNVGtaR7zc','XCP',92844539176,310010,11,NULL,NULL);
INSERT INTO balances VALUES('mtQheFaSfWELRB2MyMBaiWjdDm6ux9Ezns','XCP',50420824,310010,11,NULL,NULL);
INSERT INTO balances VALUES('mn6q3dS2EnDUx3bmyWc6D4szJNVGtaR7zc','XCP',92794539176,310012,13,NULL,NULL);
INSERT INTO balances VALUES('mn6q3dS2EnDUx3bmyWc6D4szJNVGtaR7zc','XCP',92769539176,310013,14,NULL,NULL);
INSERT INTO balances VALUES('mn6q3dS2EnDUx3bmyWc6D4szJNVGtaR7zc','XCP',92773789176,310013,14,NULL,NULL);
INSERT INTO balances VALUES('mn6q3dS2EnDUx3bmyWc6D4szJNVGtaR7zc','XCP',92778789176,310014,0,NULL,NULL);
INSERT INTO balances VALUES('mn6q3dS2EnDUx3bmyWc6D4szJNVGtaR7zc','XCP',92628789176,310014,15,NULL,NULL);
INSERT INTO balances VALUES('mn6q3dS2EnDUx3bmyWc6D4szJNVGtaR7zc','XCP',92278789176,310015,16,NULL,NULL);
INSERT INTO balances VALUES('mn6q3dS2EnDUx3bmyWc6D4szJNVGtaR7zc','XCP',92278789176,310015,16,NULL,NULL);
INSERT INTO balances VALUES('mn6q3dS2EnDUx3bmyWc6D4szJNVGtaR7zc','XCP',92278789176,310015,16,NULL,NULL);
INSERT INTO balances VALUES('mn6q3dS2EnDUx3bmyWc6D4szJNVGtaR7zc','XCP',91528789176,310016,17,NULL,NULL);
INSERT INTO balances VALUES('mn6q3dS2EnDUx3bmyWc6D4szJNVGtaR7zc','XCP',90878789176,310017,18,NULL,NULL);
INSERT INTO balances VALUES('mn6q3dS2EnDUx3bmyWc6D4szJNVGtaR7zc','XCP',90878789176,310017,18,NULL,NULL);
INSERT INTO balances VALUES('mn6q3dS2EnDUx3bmyWc6D4szJNVGtaR7zc','XCP',90878789176,310017,18,NULL,NULL);
INSERT INTO balances VALUES('mn6q3dS2EnDUx3bmyWc6D4szJNVGtaR7zc','XCP',90937926676,310018,19,NULL,NULL);
INSERT INTO balances VALUES('mn6q3dS2EnDUx3bmyWc6D4szJNVGtaR7zc','XCP',90941039176,310018,19,NULL,NULL);
INSERT INTO balances VALUES('mn6q3dS2EnDUx3bmyWc6D4szJNVGtaR7zc','XCP',91100339176,310019,20,NULL,NULL);
INSERT INTO balances VALUES('mn6q3dS2EnDUx3bmyWc6D4szJNVGtaR7zc','XCP',91416039176,310019,20,NULL,NULL);
INSERT INTO balances VALUES('mn6q3dS2EnDUx3bmyWc6D4szJNVGtaR7zc','XCP',91441039176,310019,20,NULL,NULL);
INSERT INTO balances VALUES('mn6q3dS2EnDUx3bmyWc6D4szJNVGtaR7zc','XCP',92771039176,310020,21,NULL,NULL);
INSERT INTO balances VALUES('mn6q3dS2EnDUx3bmyWc6D4szJNVGtaR7zc','XCP',92841039176,310020,21,NULL,NULL);
INSERT INTO balances VALUES('mn6q3dS2EnDUx3bmyWc6D4szJNVGtaR7zc','BBBB',946000000,310021,22,NULL,NULL);
INSERT INTO balances VALUES('mn6q3dS2EnDUx3bmyWc6D4szJNVGtaR7zc','XCP',149840926438,310022,23,NULL,NULL);
INSERT INTO balances VALUES('mn6q3dS2EnDUx3bmyWc6D4szJNVGtaR7zc','XCP',149849426438,310023,0,NULL,NULL);
INSERT INTO balances VALUES('mn6q3dS2EnDUx3bmyWc6D4szJNVGtaR7zc','BBBC',89474,310023,24,NULL,NULL);
INSERT INTO balances VALUES('mtQheFaSfWELRB2MyMBaiWjdDm6ux9Ezns','BBBC',10526,310023,24,NULL,NULL);
INSERT INTO balances VALUES('mn6q3dS2EnDUx3bmyWc6D4szJNVGtaR7zc','BBBB',996000000,310032,0,NULL,NULL);
-- Triggers and indices on  balances
CREATE INDEX balances_address_asset_idx ON balances (address, asset)
        ;
CREATE INDEX balances_address_utxo_asset_idx ON balances (address, utxo, asset)
        ;
CREATE INDEX balances_asset_idx ON balances (asset)
        ;
CREATE INDEX balances_block_index_idx ON balances (block_index)
        ;
CREATE INDEX balances_quantity_idx ON balances (quantity)
        ;
CREATE INDEX balances_utxo_address_idx ON balances (utxo_address)
        ;
CREATE INDEX balances_utxo_asset_idx ON balances (utxo, asset)
        ;
CREATE TRIGGER block_update_balances
            BEFORE UPDATE ON balances BEGIN
                SELECT RAISE(FAIL, "UPDATES NOT ALLOWED");
            END;

COMMIT TRANSACTION;
PRAGMA page_size=4096;
-- PRAGMA encoding='UTF-8';
-- PRAGMA auto_vacuum=FULL;
-- PRAGMA max_page_count=4294967294;

BEGIN TRANSACTION;

-- Table  credits
DROP TABLE IF EXISTS credits;
CREATE TABLE credits(
                      block_index INTEGER,
                      address TEXT,
                      asset TEXT,
                      quantity INTEGER,
                      calling_function TEXT,
                      event TEXT, tx_index INTEGER, utxo TEXT, utxo_address TEXT,
                      FOREIGN KEY (block_index) REFERENCES blocks(block_index));
INSERT INTO credits VALUES(310000,'mn6q3dS2EnDUx3bmyWc6D4szJNVGtaR7zc','XCP',93000000000,'burn','b37d91f0a3451e89035a780c7f0e84ed135d4dd4cd39227cda35ac6da0d3f10e',1,NULL,NULL);
INSERT INTO credits VALUES(310001,'mtQheFaSfWELRB2MyMBaiWjdDm6ux9Ezns','XCP',50000000,'send','1293fc86bfdcccac7e888e1fe4d40027337a45e47bf238aec163ff4799ccb3d3',2,NULL,NULL);
INSERT INTO credits VALUES(310004,'mn6q3dS2EnDUx3bmyWc6D4szJNVGtaR7zc','XCP',100000000,'btcpay','82bc765d422c4ab9fbcdfc958a201e62e033f98eb8d1357e08bce0ddb1bffe9f',5,NULL,NULL);
INSERT INTO credits VALUES(310005,'mn6q3dS2EnDUx3bmyWc6D4szJNVGtaR7zc','BBBB',1000000000,'issuance','9b7c6697c42d4045fc11ae8e74d425a71b693b347c7c4f93355b9de973038619',6,NULL,NULL);
INSERT INTO credits VALUES(310006,'mn6q3dS2EnDUx3bmyWc6D4szJNVGtaR7zc','BBBC',100000,'issuance','9d1c0d56ae222785601ac5ed8bf3289cd84685374f8efe835668cae7e002276d',7,NULL,NULL);
INSERT INTO credits VALUES(310007,'mtQheFaSfWELRB2MyMBaiWjdDm6ux9Ezns','BBBB',4000000,'send','17f65681eb52aa1653c7bd699f7f32e7507824cc57066265f10abf564ce30b4f',8,NULL,NULL);
INSERT INTO credits VALUES(310008,'mtQheFaSfWELRB2MyMBaiWjdDm6ux9Ezns','BBBC',526,'send','941e3b1a60db591ce6b530f127b333274cb475b47271c7aec0efd3dd7fac9edd',9,NULL,NULL);
INSERT INTO credits VALUES(310009,'mtQheFaSfWELRB2MyMBaiWjdDm6ux9Ezns','XCP',24,'dividend','b3002a27f22addfd049f6a7601bf79ffae46652b84613f9558c0fc83bea9ac75',10,NULL,NULL);
INSERT INTO credits VALUES(310010,'mtQheFaSfWELRB2MyMBaiWjdDm6ux9Ezns','XCP',420800,'dividend','4e959fabd8df4289ef34fa1701b5ea5fb526bc06ce5abdc0db9dfafb3d25579a',11,NULL,NULL);
INSERT INTO credits VALUES(310013,'mn6q3dS2EnDUx3bmyWc6D4szJNVGtaR7zc','XCP',4250000,'filled','21f454de7d6beeb791366f824a4c318486176a75677a17ce9af00f2083d7e41a',14,NULL,NULL);
INSERT INTO credits VALUES(310014,'mn6q3dS2EnDUx3bmyWc6D4szJNVGtaR7zc','XCP',5000000,'cancel order','ef249bd74fcfea725635e02e49e9c792f4b4109c1f3378c5a18a2395ef2d7504',0,NULL,NULL);
INSERT INTO credits VALUES(310015,'mn6q3dS2EnDUx3bmyWc6D4szJNVGtaR7zc','XCP',0,'filled','3549cf94fa08a937c215d93ec05eda09807c23ce6c9ffad85719aa5e0d2b2a04',16,NULL,NULL);
INSERT INTO credits VALUES(310015,'mn6q3dS2EnDUx3bmyWc6D4szJNVGtaR7zc','XCP',0,'filled','3549cf94fa08a937c215d93ec05eda09807c23ce6c9ffad85719aa5e0d2b2a04',16,NULL,NULL);
INSERT INTO credits VALUES(310017,'mn6q3dS2EnDUx3bmyWc6D4szJNVGtaR7zc','XCP',0,'filled','12301a88d640234d05a4d7f68d408d2061d4a12580bccab9f0efb14a1570f33e',18,NULL,NULL);
INSERT INTO credits VALUES(310017,'mn6q3dS2EnDUx3bmyWc6D4szJNVGtaR7zc','XCP',0,'filled','12301a88d640234d05a4d7f68d408d2061d4a12580bccab9f0efb14a1570f33e',18,NULL,NULL);
INSERT INTO credits VALUES(310018,'mn6q3dS2EnDUx3bmyWc6D4szJNVGtaR7zc','XCP',59137500,'bet settled: liquidated for bear','e2808691e73597225c46cdbbae494f11b651afdfb50ded64fb7ea10d30901f53',19,NULL,NULL);
INSERT INTO credits VALUES(310018,'mn6q3dS2EnDUx3bmyWc6D4szJNVGtaR7zc','XCP',3112500,'feed fee','e2808691e73597225c46cdbbae494f11b651afdfb50ded64fb7ea10d30901f53',19,NULL,NULL);
INSERT INTO credits VALUES(310019,'mn6q3dS2EnDUx3bmyWc6D4szJNVGtaR7zc','XCP',159300000,'bet settled','6045a0b4181b98a542e15e0813234c0a0d4741802f3eabcaa04b9b9695398371',20,NULL,NULL);
INSERT INTO credits VALUES(310019,'mn6q3dS2EnDUx3bmyWc6D4szJNVGtaR7zc','XCP',315700000,'bet settled','6045a0b4181b98a542e15e0813234c0a0d4741802f3eabcaa04b9b9695398371',20,NULL,NULL);
INSERT INTO credits VALUES(310019,'mn6q3dS2EnDUx3bmyWc6D4szJNVGtaR7zc','XCP',25000000,'feed fee','6045a0b4181b98a542e15e0813234c0a0d4741802f3eabcaa04b9b9695398371',20,NULL,NULL);
INSERT INTO credits VALUES(310020,'mn6q3dS2EnDUx3bmyWc6D4szJNVGtaR7zc','XCP',1330000000,'bet settled: for notequal','f1071060df501dd755361d9567bec3cb5b7c72c2182097db830c432b0087b1a3',21,NULL,NULL);
INSERT INTO credits VALUES(310020,'mn6q3dS2EnDUx3bmyWc6D4szJNVGtaR7zc','XCP',70000000,'feed fee','f1071060df501dd755361d9567bec3cb5b7c72c2182097db830c432b0087b1a3',21,NULL,NULL);
INSERT INTO credits VALUES(310022,'mn6q3dS2EnDUx3bmyWc6D4szJNVGtaR7zc','XCP',56999887262,'burn','77d4da76d66b220298ce985c0bd9e5835e359d10ddb6c03b9d3bef27ee077559',23,NULL,NULL);
INSERT INTO credits VALUES(310023,'mn6q3dS2EnDUx3bmyWc6D4szJNVGtaR7zc','XCP',8500000,'recredit wager remaining','87fd9c7dc7c9b30fa308ae6d43841500f201231e14ab4d349f81258eef07146b',0,NULL,NULL);
INSERT INTO credits VALUES(310023,'mtQheFaSfWELRB2MyMBaiWjdDm6ux9Ezns','BBBC',10000,'send','7f2adcfe266ada89505f56bc097185abd8bfbe1617c2052658ad0b3d763c919e',24,NULL,NULL);
INSERT INTO credits VALUES(310032,'mn6q3dS2EnDUx3bmyWc6D4szJNVGtaR7zc','BBBB',50000000,'cancel order','e0fc51f621c3b0411056e9a5344357ff22c8b1e42dfeace4eb181849607f5ce9',0,NULL,NULL);
-- Triggers and indices on  credits
CREATE TRIGGER block_update_credits
            BEFORE UPDATE ON credits BEGIN
                SELECT RAISE(FAIL, "UPDATES NOT ALLOWED");
            END;
CREATE INDEX credits_address_idx ON credits (address)
        ;
CREATE INDEX credits_asset_idx ON credits (asset)
        ;
CREATE INDEX credits_block_index_idx ON credits (block_index)
        ;
CREATE INDEX credits_calling_function_idx ON credits (calling_function)
        ;
CREATE INDEX credits_event_idx ON credits (event)
        ;
CREATE INDEX credits_quantity_idx ON credits (quantity)
        ;
CREATE INDEX credits_utxo_address_idx ON credits (utxo_address)
        ;
CREATE INDEX credits_utxo_idx ON credits (utxo)
        ;

COMMIT TRANSACTION;
PRAGMA page_size=4096;
-- PRAGMA encoding='UTF-8';
-- PRAGMA auto_vacuum=FULL;
-- PRAGMA max_page_count=4294967294;

BEGIN TRANSACTION;

-- Table  debits
DROP TABLE IF EXISTS debits;
CREATE TABLE debits(
                      block_index INTEGER,
                      address TEXT,
                      asset TEXT,
                      quantity INTEGER,
                      action TEXT,
                      event TEXT, tx_index INTEGER, utxo TEXT, utxo_address TEXT,
                      FOREIGN KEY (block_index) REFERENCES blocks(block_index));
INSERT INTO debits VALUES(310001,'mn6q3dS2EnDUx3bmyWc6D4szJNVGtaR7zc','XCP',50000000,'send','1293fc86bfdcccac7e888e1fe4d40027337a45e47bf238aec163ff4799ccb3d3',2,NULL,NULL);
INSERT INTO debits VALUES(310003,'mn6q3dS2EnDUx3bmyWc6D4szJNVGtaR7zc','XCP',105000000,'open order','ef249bd74fcfea725635e02e49e9c792f4b4109c1f3378c5a18a2395ef2d7504',4,NULL,NULL);
INSERT INTO debits VALUES(310005,'mn6q3dS2EnDUx3bmyWc6D4szJNVGtaR7zc','XCP',50000000,'issuance fee','9b7c6697c42d4045fc11ae8e74d425a71b693b347c7c4f93355b9de973038619',6,NULL,NULL);
INSERT INTO debits VALUES(310006,'mn6q3dS2EnDUx3bmyWc6D4szJNVGtaR7zc','XCP',50000000,'issuance fee','9d1c0d56ae222785601ac5ed8bf3289cd84685374f8efe835668cae7e002276d',7,NULL,NULL);
INSERT INTO debits VALUES(310007,'mn6q3dS2EnDUx3bmyWc6D4szJNVGtaR7zc','BBBB',4000000,'send','17f65681eb52aa1653c7bd699f7f32e7507824cc57066265f10abf564ce30b4f',8,NULL,NULL);
INSERT INTO debits VALUES(310008,'mn6q3dS2EnDUx3bmyWc6D4szJNVGtaR7zc','BBBC',526,'send','941e3b1a60db591ce6b530f127b333274cb475b47271c7aec0efd3dd7fac9edd',9,NULL,NULL);
INSERT INTO debits VALUES(310009,'mn6q3dS2EnDUx3bmyWc6D4szJNVGtaR7zc','XCP',24,'dividend','b3002a27f22addfd049f6a7601bf79ffae46652b84613f9558c0fc83bea9ac75',10,NULL,NULL);
INSERT INTO debits VALUES(310009,'mn6q3dS2EnDUx3bmyWc6D4szJNVGtaR7zc','XCP',20000,'dividend fee','b3002a27f22addfd049f6a7601bf79ffae46652b84613f9558c0fc83bea9ac75',10,NULL,NULL);
INSERT INTO debits VALUES(310010,'mn6q3dS2EnDUx3bmyWc6D4szJNVGtaR7zc','XCP',420800,'dividend','4e959fabd8df4289ef34fa1701b5ea5fb526bc06ce5abdc0db9dfafb3d25579a',11,NULL,NULL);
INSERT INTO debits VALUES(310010,'mn6q3dS2EnDUx3bmyWc6D4szJNVGtaR7zc','XCP',20000,'dividend fee','4e959fabd8df4289ef34fa1701b5ea5fb526bc06ce5abdc0db9dfafb3d25579a',11,NULL,NULL);
INSERT INTO debits VALUES(310012,'mn6q3dS2EnDUx3bmyWc6D4szJNVGtaR7zc','XCP',50000000,'bet','87fd9c7dc7c9b30fa308ae6d43841500f201231e14ab4d349f81258eef07146b',13,NULL,NULL);
INSERT INTO debits VALUES(310013,'mn6q3dS2EnDUx3bmyWc6D4szJNVGtaR7zc','XCP',25000000,'bet','21f454de7d6beeb791366f824a4c318486176a75677a17ce9af00f2083d7e41a',14,NULL,NULL);
INSERT INTO debits VALUES(310014,'mn6q3dS2EnDUx3bmyWc6D4szJNVGtaR7zc','XCP',150000000,'bet','92a588a224ade7d38815584474ed2b2ee0f06df14a1e61ddca819244835b1ef6',15,NULL,NULL);
INSERT INTO debits VALUES(310015,'mn6q3dS2EnDUx3bmyWc6D4szJNVGtaR7zc','XCP',350000000,'bet','3549cf94fa08a937c215d93ec05eda09807c23ce6c9ffad85719aa5e0d2b2a04',16,NULL,NULL);
INSERT INTO debits VALUES(310016,'mn6q3dS2EnDUx3bmyWc6D4szJNVGtaR7zc','XCP',750000000,'bet','2c7c77c034316eb354d67f3b9ea6640bad290d4a5e25c21dc96e5dd5f2911a6b',17,NULL,NULL);
INSERT INTO debits VALUES(310017,'mn6q3dS2EnDUx3bmyWc6D4szJNVGtaR7zc','XCP',650000000,'bet','12301a88d640234d05a4d7f68d408d2061d4a12580bccab9f0efb14a1570f33e',18,NULL,NULL);
INSERT INTO debits VALUES(310021,'mn6q3dS2EnDUx3bmyWc6D4szJNVGtaR7zc','BBBB',50000000,'open order','e0fc51f621c3b0411056e9a5344357ff22c8b1e42dfeace4eb181849607f5ce9',22,NULL,NULL);
INSERT INTO debits VALUES(310023,'mn6q3dS2EnDUx3bmyWc6D4szJNVGtaR7zc','BBBC',10000,'send','7f2adcfe266ada89505f56bc097185abd8bfbe1617c2052658ad0b3d763c919e',24,NULL,NULL);
-- Triggers and indices on  debits
CREATE TRIGGER block_update_debits
            BEFORE UPDATE ON debits BEGIN
                SELECT RAISE(FAIL, "UPDATES NOT ALLOWED");
            END;
CREATE INDEX debits_action_idx ON debits (action)
        ;
CREATE INDEX debits_address_idx ON debits (address)
        ;
CREATE INDEX debits_asset_idx ON debits (asset)
        ;
CREATE INDEX debits_block_index_idx ON debits (block_index)
        ;
CREATE INDEX debits_event_idx ON debits (event)
        ;
CREATE INDEX debits_quantity_idx ON debits (quantity)
        ;
CREATE INDEX debits_utxo_address_idx ON debits (utxo_address)
        ;
CREATE INDEX debits_utxo_idx ON debits (utxo)
        ;

COMMIT TRANSACTION;
PRAGMA page_size=4096;
-- PRAGMA encoding='UTF-8';
-- PRAGMA auto_vacuum=FULL;
-- PRAGMA max_page_count=4294967294;

BEGIN TRANSACTION;

-- Table  messages
DROP TABLE IF EXISTS messages;
CREATE TABLE messages(
                      message_index INTEGER PRIMARY KEY,
                      block_index INTEGER,
                      command TEXT,
                      category TEXT,
                      bindings TEXT,
                      timestamp INTEGER,
                      event TEXT,
                      tx_hash TEXT,
                      event_hash TEXT);
INSERT INTO messages VALUES(0,309999,'insert','blocks','{"block_hash":"8b3bef249cb3b0fa23a4936c1249b6bd41daeadc848c8d2e409ea1cbc10adfe7","block_index":309999,"block_time":309999000,"difficulty":null,"ledger_hash":null,"previous_block_hash":null,"txlist_hash":null}',0,'NEW_BLOCK',NULL,'965f19c821dfa5b0ce29c0b99a18a7d2b1c5f70439e4d44627b946c5ac479db9');
INSERT INTO messages VALUES(1,309999,'parse','blocks','{"block_index":309999,"ledger_hash":"63f0fef31d02da85fa779e9a0e1b585b1a6a4e59e14564249e288e074e91c223","messages_hash":"63f0fef31d02da85fa779e9a0e1b585b1a6a4e59e14564249e288e074e91c223","transaction_count":0,"txlist_hash":"63f0fef31d02da85fa779e9a0e1b585b1a6a4e59e14564249e288e074e91c223"}',0,'BLOCK_PARSED',NULL,'640080d2cb6d2e2a1c1d99da104f34aa7632774837b4090fb36fadb2a306d2a0');
INSERT INTO messages VALUES(2,310000,'insert','blocks','{"block_hash":"505d8d82c4ced7daddef7ed0b05ba12ecc664176887b938ef56c6af276f3b30c","block_index":310000,"block_time":310000000,"difficulty":null,"ledger_hash":null,"previous_block_hash":null,"txlist_hash":null}',0,'NEW_BLOCK',NULL,'4e92402478a1ae3c97bae88f2b0dc960fc81385c88cd9b273ca0b74a0993c1b5');
INSERT INTO messages VALUES(3,310000,'insert','transactions','{"block_hash":"505d8d82c4ced7daddef7ed0b05ba12ecc664176887b938ef56c6af276f3b30c","block_index":310000,"block_time":310000000,"btc_amount":62000000,"data":"","destination":"mvCounterpartyXXXXXXXXXXXXXXW24Hef","fee":678,"source":"mn6q3dS2EnDUx3bmyWc6D4szJNVGtaR7zc","supported":true,"tx_hash":"b37d91f0a3451e89035a780c7f0e84ed135d4dd4cd39227cda35ac6da0d3f10e","tx_index":1,"utxos_info":" bb63974365ff2a47e7e60de246784a270a9de244c7f8ebd4dd79d07dab1cbaeb:0 2 "}',0,'NEW_TRANSACTION',NULL,'7415da853b33767a6cba9c2709442e0c95e2cf3911e88b6094f0cca4694821da');
INSERT INTO messages VALUES(4,310000,'insert','credits','{"address":"mn6q3dS2EnDUx3bmyWc6D4szJNVGtaR7zc","asset":"XCP","block_index":310000,"calling_function":"burn","event":"b37d91f0a3451e89035a780c7f0e84ed135d4dd4cd39227cda35ac6da0d3f10e","quantity":93000000000,"tx_index":1,"utxo":null,"utxo_address":null}',0,'CREDIT','b37d91f0a3451e89035a780c7f0e84ed135d4dd4cd39227cda35ac6da0d3f10e','833a988a1e4efc1f6919d2f929fc5119802858337be6f23a5b28949c139d42bd');
INSERT INTO messages VALUES(5,310000,'insert','burns','{"block_index":310000,"burned":62000000,"earned":93000000000,"source":"mn6q3dS2EnDUx3bmyWc6D4szJNVGtaR7zc","status":"valid","tx_hash":"b37d91f0a3451e89035a780c7f0e84ed135d4dd4cd39227cda35ac6da0d3f10e","tx_index":1}',0,'BURN','b37d91f0a3451e89035a780c7f0e84ed135d4dd4cd39227cda35ac6da0d3f10e','6074e1fd98def72a341cfb7891a6580530ed4112de810934d04005ae6139c7e5');
INSERT INTO messages VALUES(6,310000,'parse','transactions','{"supported":true,"tx_hash":"b37d91f0a3451e89035a780c7f0e84ed135d4dd4cd39227cda35ac6da0d3f10e","tx_index":1}',0,'TRANSACTION_PARSED','b37d91f0a3451e89035a780c7f0e84ed135d4dd4cd39227cda35ac6da0d3f10e','c9f09bb596f5e4b0928913e9113eda30b71cce9251d2ba69fb68ba95e7bb0baf');
INSERT INTO messages VALUES(7,310000,'parse','blocks','{"block_index":310000,"ledger_hash":"cf0ea1d313e22ba5f413075b88e07dffc5c00e59f95eeb6d6dec935bd77f5ae4","messages_hash":"53f101c53bb704c0da32643ce3b8f56b8d99f650488e300b721620ad3f860471","transaction_count":1,"txlist_hash":"126bb8ce66f55bcf82b60e152ce866255b80cfcaf453e9e8bd3d275c88a11798"}',0,'BLOCK_PARSED',NULL,'70d5d25a52b34fe06922146ba904c8e098c36412430e4e0c2aaedeea2e28cf60');
INSERT INTO messages VALUES(8,310001,'insert','blocks','{"block_hash":"3c9f6a9c6cac46a9273bd3db39ad775acd5bc546378ec2fb0587e06e112cc78e","block_index":310001,"block_time":310001000,"difficulty":null,"ledger_hash":null,"previous_block_hash":null,"txlist_hash":null}',0,'NEW_BLOCK',NULL,'b5a54ee216e98975d66975d31c7731750f88d6d4ae41e1f2235d51888615529f');
INSERT INTO messages VALUES(9,310001,'insert','transactions','{"block_hash":"3c9f6a9c6cac46a9273bd3db39ad775acd5bc546378ec2fb0587e06e112cc78e","block_index":310001,"block_time":310001000,"btc_amount":5430,"data":"0000000000000000000000010000000002faf080","destination":"mtQheFaSfWELRB2MyMBaiWjdDm6ux9Ezns","fee":1320,"source":"mn6q3dS2EnDUx3bmyWc6D4szJNVGtaR7zc","supported":true,"tx_hash":"1293fc86bfdcccac7e888e1fe4d40027337a45e47bf238aec163ff4799ccb3d3","tx_index":2,"utxos_info":" e52defc5ec27d849d5617afcb1eaf63186f4ddd25d2cfac532618399a54c6cae:0 3 "}',0,'NEW_TRANSACTION',NULL,'ae2703df0ff468c6eb5da20bc0398f4c473025aa59d52f356856fd056138b3bd');
INSERT INTO messages VALUES(10,310001,'insert','debits','{"action":"send","address":"mn6q3dS2EnDUx3bmyWc6D4szJNVGtaR7zc","asset":"XCP","block_index":310001,"event":"1293fc86bfdcccac7e888e1fe4d40027337a45e47bf238aec163ff4799ccb3d3","quantity":50000000,"tx_index":2,"utxo":null,"utxo_address":null}',0,'DEBIT','1293fc86bfdcccac7e888e1fe4d40027337a45e47bf238aec163ff4799ccb3d3','a35ceea9670442da496263a0424af407686611ba076e20e3f8ea504ec3208c96');
INSERT INTO messages VALUES(11,310001,'insert','credits','{"address":"mtQheFaSfWELRB2MyMBaiWjdDm6ux9Ezns","asset":"XCP","block_index":310001,"calling_function":"send","event":"1293fc86bfdcccac7e888e1fe4d40027337a45e47bf238aec163ff4799ccb3d3","quantity":50000000,"tx_index":2,"utxo":null,"utxo_address":null}',0,'CREDIT','1293fc86bfdcccac7e888e1fe4d40027337a45e47bf238aec163ff4799ccb3d3','1ddbc029ed1c8e48f3ee656cf222b3f3a814d92bfb1419c17066afae55a2e5a0');
INSERT INTO messages VALUES(12,310001,'insert','sends','{"asset":"XCP","block_index":310001,"destination":"mtQheFaSfWELRB2MyMBaiWjdDm6ux9Ezns","msg_index":0,"quantity":50000000,"send_type":"send","source":"mn6q3dS2EnDUx3bmyWc6D4szJNVGtaR7zc","status":"valid","tx_hash":"1293fc86bfdcccac7e888e1fe4d40027337a45e47bf238aec163ff4799ccb3d3","tx_index":2}',0,'SEND','1293fc86bfdcccac7e888e1fe4d40027337a45e47bf238aec163ff4799ccb3d3','489701ca18b90af505a3862275382b2f9fa45a11cdf5052bb5ebfc27ee22f74f');
INSERT INTO messages VALUES(13,310001,'parse','transactions','{"supported":true,"tx_hash":"1293fc86bfdcccac7e888e1fe4d40027337a45e47bf238aec163ff4799ccb3d3","tx_index":2}',0,'TRANSACTION_PARSED','1293fc86bfdcccac7e888e1fe4d40027337a45e47bf238aec163ff4799ccb3d3','e2f3254e9193b043bd106d1f14c87196a865b2c9f37a5216f6643e8e207fa8c3');
INSERT INTO messages VALUES(14,310001,'parse','blocks','{"block_index":310001,"ledger_hash":"bdf1308701712d94da26f53fef4c440ea2fb7b0ef7361f424ba9263e747272bd","messages_hash":"6d21362d6665c4292c8fa6a181338d48c87383b651bb5991a67c2bafec06aaa3","transaction_count":1,"txlist_hash":"09fb1371e50a8bb83b468bfb7446510322ac02d0e228e533b641f44f55a8f22e"}',0,'BLOCK_PARSED',NULL,'6709583b3342d9f0c5b122460b8d88fac5490a5a3ee94365d7f6e71cc3a00930');
INSERT INTO messages VALUES(15,310002,'insert','blocks','{"block_hash":"fbb60f1144e1f7d4dc036a4a158a10ea6dea2ba6283a723342a49b8eb5cc9964","block_index":310002,"block_time":310002000,"difficulty":null,"ledger_hash":null,"previous_block_hash":null,"txlist_hash":null}',0,'NEW_BLOCK',NULL,'bf954f96c32a132fb0c742525278e71b77ee2f6f8a432e2614cf350515a1b8d6');
INSERT INTO messages VALUES(16,310002,'insert','transactions','{"block_hash":"fbb60f1144e1f7d4dc036a4a158a10ea6dea2ba6283a723342a49b8eb5cc9964","block_index":310002,"block_time":310002000,"btc_amount":0,"data":"0000000a00000000000000000000000002faf08000000000000000010000000005f5e100000a0000000000000000","destination":"","fee":1000000,"source":"mn6q3dS2EnDUx3bmyWc6D4szJNVGtaR7zc","supported":true,"tx_hash":"af8c1bec82dec4f7ddb77eafb129e3f8e47e95e283ce7224d4c28e6ee69aabab","tx_index":3,"utxos_info":" d1cb08b05c669379391dcf1853933e5b4619f1849fd284f87c4a3e98d4c024b0:0 2 "}',0,'NEW_TRANSACTION',NULL,'a2167fa9e972e62025788df54c6ae0e5680c6e76b675f721f3e407dac14d57f4');
INSERT INTO messages VALUES(17,310002,'insert','orders','{"block_index":310002,"expiration":10,"expire_index":310012,"fee_provided":1000000,"fee_provided_remaining":1000000,"fee_required":0,"fee_required_remaining":0,"get_asset":"XCP","get_quantity":100000000,"get_remaining":100000000,"give_asset":"BTC","give_quantity":50000000,"give_remaining":50000000,"source":"mn6q3dS2EnDUx3bmyWc6D4szJNVGtaR7zc","status":"open","tx_hash":"af8c1bec82dec4f7ddb77eafb129e3f8e47e95e283ce7224d4c28e6ee69aabab","tx_index":3}',0,'OPEN_ORDER','af8c1bec82dec4f7ddb77eafb129e3f8e47e95e283ce7224d4c28e6ee69aabab','2ba86459ed72de298b1d29fa3d6dbaab08e6d83f8e1d27a7326f47cfb40f19ac');
INSERT INTO messages VALUES(18,310002,'parse','transactions','{"supported":true,"tx_hash":"af8c1bec82dec4f7ddb77eafb129e3f8e47e95e283ce7224d4c28e6ee69aabab","tx_index":3}',0,'TRANSACTION_PARSED','af8c1bec82dec4f7ddb77eafb129e3f8e47e95e283ce7224d4c28e6ee69aabab','6640a5cf49e685d2c099343237a2575dcdb964cfece311e37e4ad4f5f18f8cfe');
INSERT INTO messages VALUES(19,310002,'parse','blocks','{"block_index":310002,"ledger_hash":"cf830f949715ebeac09d4441878f60ac04d691c09d6c25c62a0d30fb5886cba9","messages_hash":"8b17ad94b57e9fe93ce5372b2ec03432c7c51bb343cc4035f2a9675af4368ae0","transaction_count":1,"txlist_hash":"5ad610929cfc656e7d4cc2afadc918103dbcd774640a47e869b7d40c30e895e5"}',0,'BLOCK_PARSED',NULL,'4d49685be46e4dc33f18c6554427f414a18e2c47b8be11e1d34c9d5c9b86fe51');
INSERT INTO messages VALUES(20,310003,'insert','blocks','{"block_hash":"d50825dcb32bcf6f69994d616eba18de7718d3d859497e80751b2cb67e333e8a","block_index":310003,"block_time":310003000,"difficulty":null,"ledger_hash":null,"previous_block_hash":null,"txlist_hash":null}',0,'NEW_BLOCK',NULL,'8572a8b9e6deb3229af1d95bb5a19d9a0e341eaeec17a6deceb9c81734e1bd91');
INSERT INTO messages VALUES(21,310003,'insert','transactions','{"block_hash":"d50825dcb32bcf6f69994d616eba18de7718d3d859497e80751b2cb67e333e8a","block_index":310003,"block_time":310003000,"btc_amount":0,"data":"0000000a00000000000000010000000006422c4000000000000000000000000002faf080000a00000000000dbba0","destination":"","fee":1260,"source":"mn6q3dS2EnDUx3bmyWc6D4szJNVGtaR7zc","supported":true,"tx_hash":"ef249bd74fcfea725635e02e49e9c792f4b4109c1f3378c5a18a2395ef2d7504","tx_index":4,"utxos_info":" 30ecdac50cf9fc32958aced84fed966283c1462fe3b08f5dc72464276113b4ca:0 2 "}',0,'NEW_TRANSACTION',NULL,'0aa1a81d35d320212dbecfd6cf659b6b88a257c616dae0ae0b313ff5bc0034cd');
INSERT INTO messages VALUES(22,310003,'insert','debits','{"action":"open order","address":"mn6q3dS2EnDUx3bmyWc6D4szJNVGtaR7zc","asset":"XCP","block_index":310003,"event":"ef249bd74fcfea725635e02e49e9c792f4b4109c1f3378c5a18a2395ef2d7504","quantity":105000000,"tx_index":4,"utxo":null,"utxo_address":null}',0,'DEBIT','ef249bd74fcfea725635e02e49e9c792f4b4109c1f3378c5a18a2395ef2d7504','4af694e6ba8ce9a5746ed55d771be2150a7f720e3dcf47c2c017db08c05aab37');
INSERT INTO messages VALUES(23,310003,'insert','orders','{"block_index":310003,"expiration":10,"expire_index":310013,"fee_provided":1260,"fee_provided_remaining":1260,"fee_required":900000,"fee_required_remaining":900000,"get_asset":"BTC","get_quantity":50000000,"get_remaining":50000000,"give_asset":"XCP","give_quantity":105000000,"give_remaining":105000000,"source":"mn6q3dS2EnDUx3bmyWc6D4szJNVGtaR7zc","status":"open","tx_hash":"ef249bd74fcfea725635e02e49e9c792f4b4109c1f3378c5a18a2395ef2d7504","tx_index":4}',0,'OPEN_ORDER','ef249bd74fcfea725635e02e49e9c792f4b4109c1f3378c5a18a2395ef2d7504','c056e17cf4813cba59b145257aa6fcfc8041506ef14dbc472c752fca0fba26c4');
INSERT INTO messages VALUES(24,310003,'update','orders','{"fee_provided_remaining":142858,"fee_required_remaining":0,"get_remaining":0,"give_remaining":0,"status":"open","tx_hash":"af8c1bec82dec4f7ddb77eafb129e3f8e47e95e283ce7224d4c28e6ee69aabab"}',0,'ORDER_UPDATE','ef249bd74fcfea725635e02e49e9c792f4b4109c1f3378c5a18a2395ef2d7504','925407f88f15e671268c23b939a1b9ffb5def808c4d66e9e4ffcefccf9281952');
INSERT INTO messages VALUES(25,310003,'update','orders','{"fee_provided_remaining":1260,"fee_required_remaining":42858,"get_remaining":0,"give_remaining":5000000,"status":"open","tx_hash":"ef249bd74fcfea725635e02e49e9c792f4b4109c1f3378c5a18a2395ef2d7504"}',0,'ORDER_UPDATE','ef249bd74fcfea725635e02e49e9c792f4b4109c1f3378c5a18a2395ef2d7504','24a791ca535fb0e1de0182b39a72809530495e53fa560caba25656e50edf74a7');
INSERT INTO messages VALUES(26,310003,'insert','order_matches','{"backward_asset":"XCP","backward_quantity":100000000,"block_index":310003,"fee_paid":857142,"forward_asset":"BTC","forward_quantity":50000000,"id":"af8c1bec82dec4f7ddb77eafb129e3f8e47e95e283ce7224d4c28e6ee69aabab_ef249bd74fcfea725635e02e49e9c792f4b4109c1f3378c5a18a2395ef2d7504","match_expire_index":310023,"status":"pending","tx0_address":"mn6q3dS2EnDUx3bmyWc6D4szJNVGtaR7zc","tx0_block_index":310002,"tx0_expiration":10,"tx0_hash":"af8c1bec82dec4f7ddb77eafb129e3f8e47e95e283ce7224d4c28e6ee69aabab","tx0_index":3,"tx1_address":"mn6q3dS2EnDUx3bmyWc6D4szJNVGtaR7zc","tx1_block_index":310003,"tx1_expiration":10,"tx1_hash":"ef249bd74fcfea725635e02e49e9c792f4b4109c1f3378c5a18a2395ef2d7504","tx1_index":4}',0,'ORDER_MATCH','ef249bd74fcfea725635e02e49e9c792f4b4109c1f3378c5a18a2395ef2d7504','c3481614a6a9997c066107e6996a44f29065e4514243a30ffa1d7f397da66e90');
INSERT INTO messages VALUES(27,310003,'parse','transactions','{"supported":true,"tx_hash":"ef249bd74fcfea725635e02e49e9c792f4b4109c1f3378c5a18a2395ef2d7504","tx_index":4}',0,'TRANSACTION_PARSED','ef249bd74fcfea725635e02e49e9c792f4b4109c1f3378c5a18a2395ef2d7504','006db69dce21087c65d426d67529d638159563e98eb7624c84caeba1b4f1010e');
INSERT INTO messages VALUES(28,310003,'parse','blocks','{"block_index":310003,"ledger_hash":"e881a675a38c4649cd44e6406ddc494996c761671bc349dcdea1de430a84258d","messages_hash":"38c00fc41a265bcf13ba6c79baea1cbf52d09204d71f2899c5fc000134abae69","transaction_count":1,"txlist_hash":"f9b5f65aa2f3d8a7cd6413e3291c6a3599e24541c8ee50cf8c07b91bd0bb0f7e"}',0,'BLOCK_PARSED',NULL,'0d84f7616626b6f4ed589166d4d6c694810433ec10d87672dba80c209b870a01');
INSERT INTO messages VALUES(29,310004,'insert','blocks','{"block_hash":"60cdc0ac0e3121ceaa2c3885f21f5789f49992ffef6e6ff99f7da80e36744615","block_index":310004,"block_time":310004000,"difficulty":null,"ledger_hash":null,"previous_block_hash":null,"txlist_hash":null}',0,'NEW_BLOCK',NULL,'02903877e6dedb58e61663f5897ec346156d0eded80f8e4f61049a1df5a3b3fe');
INSERT INTO messages VALUES(30,310004,'insert','transactions','{"block_hash":"60cdc0ac0e3121ceaa2c3885f21f5789f49992ffef6e6ff99f7da80e36744615","block_index":310004,"block_time":310004000,"btc_amount":50000000,"data":"0000000baf8c1bec82dec4f7ddb77eafb129e3f8e47e95e283ce7224d4c28e6ee69aababef249bd74fcfea725635e02e49e9c792f4b4109c1f3378c5a18a2395ef2d7504","destination":"mn6q3dS2EnDUx3bmyWc6D4szJNVGtaR7zc","fee":2520,"source":"mn6q3dS2EnDUx3bmyWc6D4szJNVGtaR7zc","supported":true,"tx_hash":"82bc765d422c4ab9fbcdfc958a201e62e033f98eb8d1357e08bce0ddb1bffe9f","tx_index":5,"utxos_info":" 7bda26c16a195b1c089acf7732f44cb827bd4f90e152d8baee6d7d24657ca601:0 4 "}',0,'NEW_TRANSACTION',NULL,'17d2ecac6f5d5d7405e3fc4d37b7112116895cf546cb70678ce5189ee229a76c');
INSERT INTO messages VALUES(31,310004,'insert','credits','{"address":"mn6q3dS2EnDUx3bmyWc6D4szJNVGtaR7zc","asset":"XCP","block_index":310004,"calling_function":"btcpay","event":"82bc765d422c4ab9fbcdfc958a201e62e033f98eb8d1357e08bce0ddb1bffe9f","quantity":100000000,"tx_index":5,"utxo":null,"utxo_address":null}',0,'CREDIT','82bc765d422c4ab9fbcdfc958a201e62e033f98eb8d1357e08bce0ddb1bffe9f','650093d5faeec0fd3a03b1afc40f89bc05f243deb82756d05db5d5c9c109e64f');
INSERT INTO messages VALUES(32,310004,'update','order_matches','{"id":"af8c1bec82dec4f7ddb77eafb129e3f8e47e95e283ce7224d4c28e6ee69aabab_ef249bd74fcfea725635e02e49e9c792f4b4109c1f3378c5a18a2395ef2d7504","order_match_id":"af8c1bec82dec4f7ddb77eafb129e3f8e47e95e283ce7224d4c28e6ee69aabab_ef249bd74fcfea725635e02e49e9c792f4b4109c1f3378c5a18a2395ef2d7504","status":"completed"}',0,'ORDER_MATCH_UPDATE','82bc765d422c4ab9fbcdfc958a201e62e033f98eb8d1357e08bce0ddb1bffe9f','d0cc70e3750b3217801c214274fd56c180e925c4a17ef6dbfd01c055ad13a4d0');
INSERT INTO messages VALUES(33,310004,'insert','btcpays','{"block_index":310004,"btc_amount":50000000,"destination":"mn6q3dS2EnDUx3bmyWc6D4szJNVGtaR7zc","order_match_id":"af8c1bec82dec4f7ddb77eafb129e3f8e47e95e283ce7224d4c28e6ee69aabab_ef249bd74fcfea725635e02e49e9c792f4b4109c1f3378c5a18a2395ef2d7504","source":"mn6q3dS2EnDUx3bmyWc6D4szJNVGtaR7zc","status":"valid","tx_hash":"82bc765d422c4ab9fbcdfc958a201e62e033f98eb8d1357e08bce0ddb1bffe9f","tx_index":5}',0,'BTC_PAY','82bc765d422c4ab9fbcdfc958a201e62e033f98eb8d1357e08bce0ddb1bffe9f','d7bbf2c7f925bd5ca3dda97e0931cd0b8b2e97869eb7c6ecd4506dbec4ec103a');
INSERT INTO messages VALUES(34,310004,'parse','transactions','{"supported":true,"tx_hash":"82bc765d422c4ab9fbcdfc958a201e62e033f98eb8d1357e08bce0ddb1bffe9f","tx_index":5}',0,'TRANSACTION_PARSED','82bc765d422c4ab9fbcdfc958a201e62e033f98eb8d1357e08bce0ddb1bffe9f','8859417725df9d0d1fb296bb3e970b47a6be93887e15018dbe7e6c15a5912cfa');
INSERT INTO messages VALUES(35,310004,'parse','blocks','{"block_index":310004,"ledger_hash":"13e0c6276f297ff1ca77705f1b18d807ca22f53735fba52f4f5c3766dc4b04e8","messages_hash":"7fdc1e5677a13d825399844774918da4deabaf93cc569979becdfceba66aa8bb","transaction_count":1,"txlist_hash":"267178ef580b3fddd570e97a36084c134b7ed1dad4694ebf68772fbdaddb371b"}',0,'BLOCK_PARSED',NULL,'b7dc07fe75b7c50a2d3602df1687489ceeb1e92607f2e26ea0c6d69e9d35906e');
INSERT INTO messages VALUES(36,310005,'insert','blocks','{"block_hash":"8005c2926b7ecc50376642bc661a49108b6dc62636463a5c492b123e2184cd9a","block_index":310005,"block_time":310005000,"difficulty":null,"ledger_hash":null,"previous_block_hash":null,"txlist_hash":null}',0,'NEW_BLOCK',NULL,'ecbd9f7ff3804bd9f15b85d174af3edb099a10df0f69c3e5f974b16cd6462d21');
INSERT INTO messages VALUES(37,310005,'insert','transactions','{"block_hash":"8005c2926b7ecc50376642bc661a49108b6dc62636463a5c492b123e2184cd9a","block_index":310005,"block_time":310005000,"btc_amount":0,"data":"000000140000000000004767000000003b9aca000100000000000000000000","destination":"","fee":1260,"source":"mn6q3dS2EnDUx3bmyWc6D4szJNVGtaR7zc","supported":true,"tx_hash":"9b7c6697c42d4045fc11ae8e74d425a71b693b347c7c4f93355b9de973038619","tx_index":6,"utxos_info":" 5d9dfd7b63c6fd08269b5742e99e03469eed6319654548060af5ddbf31c93aa3:0 2 "}',0,'NEW_TRANSACTION',NULL,'0f32f2e232a3edb35949387aa1c0665d7156f7f538fffb3b7a478bc057c07131');
INSERT INTO messages VALUES(38,310005,'insert','debits','{"action":"issuance fee","address":"mn6q3dS2EnDUx3bmyWc6D4szJNVGtaR7zc","asset":"XCP","block_index":310005,"event":"9b7c6697c42d4045fc11ae8e74d425a71b693b347c7c4f93355b9de973038619","quantity":50000000,"tx_index":6,"utxo":null,"utxo_address":null}',0,'DEBIT','9b7c6697c42d4045fc11ae8e74d425a71b693b347c7c4f93355b9de973038619','02ac981ea4a879734f1c4f019c1215e48462d05eca99959c05ed234a51d19262');
INSERT INTO messages VALUES(39,310005,'insert','assets','{"asset_id":"18279","asset_longname":null,"asset_name":"BBBB","block_index":310005}',0,'ASSET_CREATION','9b7c6697c42d4045fc11ae8e74d425a71b693b347c7c4f93355b9de973038619','2cc5a3da27fbba08ff26357c24f38cfa533d4c64d5e25b1683e2c8e9afe3e3e7');
INSERT INTO messages VALUES(40,310005,'insert','issuances','{"asset":"BBBB","asset_events":"creation","asset_longname":null,"block_index":310005,"call_date":0,"call_price":0.0,"callable":false,"description":"","description_locked":false,"divisible":true,"fee_paid":50000000,"issuer":"mn6q3dS2EnDUx3bmyWc6D4szJNVGtaR7zc","locked":false,"quantity":1000000000,"reset":false,"source":"mn6q3dS2EnDUx3bmyWc6D4szJNVGtaR7zc","status":"valid","transfer":false,"tx_hash":"9b7c6697c42d4045fc11ae8e74d425a71b693b347c7c4f93355b9de973038619","tx_index":6}',0,'ASSET_ISSUANCE','9b7c6697c42d4045fc11ae8e74d425a71b693b347c7c4f93355b9de973038619','add690ed1f1e4ee464a40a66514f2687de87f4cdfc28d66ce1705653dd3919c5');
INSERT INTO messages VALUES(41,310005,'insert','credits','{"address":"mn6q3dS2EnDUx3bmyWc6D4szJNVGtaR7zc","asset":"BBBB","block_index":310005,"calling_function":"issuance","event":"9b7c6697c42d4045fc11ae8e74d425a71b693b347c7c4f93355b9de973038619","quantity":1000000000,"tx_index":6,"utxo":null,"utxo_address":null}',0,'CREDIT','9b7c6697c42d4045fc11ae8e74d425a71b693b347c7c4f93355b9de973038619','51897a8f0817598522e70c41d1bd0b1b82cf060e9029f6f828610e60ed1ea49a');
INSERT INTO messages VALUES(42,310005,'parse','transactions','{"supported":true,"tx_hash":"9b7c6697c42d4045fc11ae8e74d425a71b693b347c7c4f93355b9de973038619","tx_index":6}',0,'TRANSACTION_PARSED','9b7c6697c42d4045fc11ae8e74d425a71b693b347c7c4f93355b9de973038619','2e39055176b5b3cb1019861f68b0c28008f7fd4ccd33a54f2e71df4037295613');
INSERT INTO messages VALUES(43,310005,'parse','blocks','{"block_index":310005,"ledger_hash":"765896f532b411af9f889687a750d44414296c20002f3e2abed9551a6822937d","messages_hash":"23c400fde631d2d6c220fb8b2c643bd1dc496a6977089379dcafa312daf0ca35","transaction_count":1,"txlist_hash":"3b63df8fd40a185ed75c861c70f091f83a4ffd3559bc24eac3042f0aa3962239"}',0,'BLOCK_PARSED',NULL,'e645ee52142072323ace767d26edb69960f32203a16b68a48c6be13857daab58');
INSERT INTO messages VALUES(44,310006,'insert','blocks','{"block_hash":"bdad69d1669eace68b9f246de113161099d4f83322e2acf402c42defef3af2bb","block_index":310006,"block_time":310006000,"difficulty":null,"ledger_hash":null,"previous_block_hash":null,"txlist_hash":null}',0,'NEW_BLOCK',NULL,'ce39cb9b14d760a0ea8a23a1565e1d7c6943f3f261a0c2a4ab0da61b98a83889');
INSERT INTO messages VALUES(45,310006,'insert','transactions','{"block_hash":"bdad69d1669eace68b9f246de113161099d4f83322e2acf402c42defef3af2bb","block_index":310006,"block_time":310006000,"btc_amount":0,"data":"00000014000000000000476800000000000186a00000000000000000000006666f6f626172","destination":"","fee":1260,"source":"mn6q3dS2EnDUx3bmyWc6D4szJNVGtaR7zc","supported":true,"tx_hash":"9d1c0d56ae222785601ac5ed8bf3289cd84685374f8efe835668cae7e002276d","tx_index":7,"utxos_info":" 07d7721bfc4f1e4a697d4e52539a8efc53dd492135995ce38eff461a85257ad0:0 2 "}',0,'NEW_TRANSACTION',NULL,'946f17abce6fe94ccff3aacab69d2081488b8c64f5b6636ee30635a104fe939e');
INSERT INTO messages VALUES(46,310006,'insert','debits','{"action":"issuance fee","address":"mn6q3dS2EnDUx3bmyWc6D4szJNVGtaR7zc","asset":"XCP","block_index":310006,"event":"9d1c0d56ae222785601ac5ed8bf3289cd84685374f8efe835668cae7e002276d","quantity":50000000,"tx_index":7,"utxo":null,"utxo_address":null}',0,'DEBIT','9d1c0d56ae222785601ac5ed8bf3289cd84685374f8efe835668cae7e002276d','60ce58b4c26a505c6039ed7d9d83c5b4d96c89a70b42ebaf116a015f5785204c');
INSERT INTO messages VALUES(47,310006,'insert','assets','{"asset_id":"18280","asset_longname":null,"asset_name":"BBBC","block_index":310006}',0,'ASSET_CREATION','9d1c0d56ae222785601ac5ed8bf3289cd84685374f8efe835668cae7e002276d','b38df3c65b55b47d96486eacffe3d258a5f46e0cabf892d700485e538aa232d0');
INSERT INTO messages VALUES(48,310006,'insert','issuances','{"asset":"BBBC","asset_events":"creation","asset_longname":null,"block_index":310006,"call_date":0,"call_price":0.0,"callable":false,"description":"foobar","description_locked":false,"divisible":false,"fee_paid":50000000,"issuer":"mn6q3dS2EnDUx3bmyWc6D4szJNVGtaR7zc","locked":false,"quantity":100000,"reset":false,"source":"mn6q3dS2EnDUx3bmyWc6D4szJNVGtaR7zc","status":"valid","transfer":false,"tx_hash":"9d1c0d56ae222785601ac5ed8bf3289cd84685374f8efe835668cae7e002276d","tx_index":7}',0,'ASSET_ISSUANCE','9d1c0d56ae222785601ac5ed8bf3289cd84685374f8efe835668cae7e002276d','7bbb9eeea4219fd758dab8ec910e72dc31d8b81cc56469959977820252a80215');
INSERT INTO messages VALUES(49,310006,'insert','credits','{"address":"mn6q3dS2EnDUx3bmyWc6D4szJNVGtaR7zc","asset":"BBBC","block_index":310006,"calling_function":"issuance","event":"9d1c0d56ae222785601ac5ed8bf3289cd84685374f8efe835668cae7e002276d","quantity":100000,"tx_index":7,"utxo":null,"utxo_address":null}',0,'CREDIT','9d1c0d56ae222785601ac5ed8bf3289cd84685374f8efe835668cae7e002276d','b7d09a197dee6856ce36e8fea4a3048784f3c8ad0196883460b60a846d54a4ee');
INSERT INTO messages VALUES(50,310006,'parse','transactions','{"supported":true,"tx_hash":"9d1c0d56ae222785601ac5ed8bf3289cd84685374f8efe835668cae7e002276d","tx_index":7}',0,'TRANSACTION_PARSED','9d1c0d56ae222785601ac5ed8bf3289cd84685374f8efe835668cae7e002276d','4e8da1a2624aadb840dbc6b50433921c9c43bac7b7a0acb3fceb37e473fcb71a');
INSERT INTO messages VALUES(51,310006,'parse','blocks','{"block_index":310006,"ledger_hash":"853e3a8d39c4e8bdb36a0ec01a8d20f12335fcc00a00ac271e9d83be471d394f","messages_hash":"06fd525ec7cb313c1a239e0bf9d43b889fcce15ba86dcde39ae1b48f9a0a9db4","transaction_count":1,"txlist_hash":"a08f0c2f41f99e0242d58ae6bca62dd96867909b78f7778e9b21f6c8a5be0855"}',0,'BLOCK_PARSED',NULL,'2a63e245d4b818eaee4e1fe28a531b4e7f11515215142aac2fce1e344f4a9f14');
INSERT INTO messages VALUES(52,310007,'insert','blocks','{"block_hash":"10a642b96d60091d08234d17dfdecf3025eca41e4fc8e3bbe71a91c5a457cb4b","block_index":310007,"block_time":310007000,"difficulty":null,"ledger_hash":null,"previous_block_hash":null,"txlist_hash":null}',0,'NEW_BLOCK',NULL,'843c08f05b39306741f704f6954f04fde5e41f0215b82e120cdf0349eeb850fe');
INSERT INTO messages VALUES(53,310007,'insert','transactions','{"block_hash":"10a642b96d60091d08234d17dfdecf3025eca41e4fc8e3bbe71a91c5a457cb4b","block_index":310007,"block_time":310007000,"btc_amount":5430,"data":"00000000000000000000476700000000003d0900","destination":"mtQheFaSfWELRB2MyMBaiWjdDm6ux9Ezns","fee":1320,"source":"mn6q3dS2EnDUx3bmyWc6D4szJNVGtaR7zc","supported":true,"tx_hash":"17f65681eb52aa1653c7bd699f7f32e7507824cc57066265f10abf564ce30b4f","tx_index":8,"utxos_info":" 21e065836cc5c4d0f7b7978bad3bbac8dc37df34ee4ecab8e864e23bd1bd5562:0 3 "}',0,'NEW_TRANSACTION',NULL,'ad97c684484d4fe37f83b9a5cb54cfae651eb204cfcabbd015ffba988ee9c6fe');
INSERT INTO messages VALUES(54,310007,'insert','debits','{"action":"send","address":"mn6q3dS2EnDUx3bmyWc6D4szJNVGtaR7zc","asset":"BBBB","block_index":310007,"event":"17f65681eb52aa1653c7bd699f7f32e7507824cc57066265f10abf564ce30b4f","quantity":4000000,"tx_index":8,"utxo":null,"utxo_address":null}',0,'DEBIT','17f65681eb52aa1653c7bd699f7f32e7507824cc57066265f10abf564ce30b4f','ea03beba4408e091a830ddc21b4e62d16ff03cd89753f143a1ef73ae8dedd8d6');
INSERT INTO messages VALUES(55,310007,'insert','credits','{"address":"mtQheFaSfWELRB2MyMBaiWjdDm6ux9Ezns","asset":"BBBB","block_index":310007,"calling_function":"send","event":"17f65681eb52aa1653c7bd699f7f32e7507824cc57066265f10abf564ce30b4f","quantity":4000000,"tx_index":8,"utxo":null,"utxo_address":null}',0,'CREDIT','17f65681eb52aa1653c7bd699f7f32e7507824cc57066265f10abf564ce30b4f','515f986a642145d10cfd166da4ffc6a479dc8030c00f85d47a55e6691c9ce744');
INSERT INTO messages VALUES(56,310007,'insert','sends','{"asset":"BBBB","block_index":310007,"destination":"mtQheFaSfWELRB2MyMBaiWjdDm6ux9Ezns","msg_index":0,"quantity":4000000,"send_type":"send","source":"mn6q3dS2EnDUx3bmyWc6D4szJNVGtaR7zc","status":"valid","tx_hash":"17f65681eb52aa1653c7bd699f7f32e7507824cc57066265f10abf564ce30b4f","tx_index":8}',0,'SEND','17f65681eb52aa1653c7bd699f7f32e7507824cc57066265f10abf564ce30b4f','11b742c9aef15341c12fe946d1fe6b16d63e574588ce005ea454aa254ba49268');
INSERT INTO messages VALUES(57,310007,'parse','transactions','{"supported":true,"tx_hash":"17f65681eb52aa1653c7bd699f7f32e7507824cc57066265f10abf564ce30b4f","tx_index":8}',0,'TRANSACTION_PARSED','17f65681eb52aa1653c7bd699f7f32e7507824cc57066265f10abf564ce30b4f','76e594effbb557ac8b76c92c3f4fcdf77d2e3010e28e4b1fa435840e49cec96a');
INSERT INTO messages VALUES(58,310007,'parse','blocks','{"block_index":310007,"ledger_hash":"f2b2d250a94afa158f9ed84434c3ac7a0bfc97b4387e5e3c099afc95b8a6ad9c","messages_hash":"346dcea8106f704f59db619c4a5ca68f5f7e07f576440a6c8962992b5e692122","transaction_count":1,"txlist_hash":"28d527144d863431a7fe956ba4a20707814e9a5f75e6181f773975ca1fab2f6d"}',0,'BLOCK_PARSED',NULL,'6d477f6943450371cb7ed59b33d827dfc22c03dd85080c67a0a503e9da2882e0');
INSERT INTO messages VALUES(59,310008,'insert','blocks','{"block_hash":"47d0e3acbdc6916aeae95e987f9cfa16209b3df1e67bb38143b3422b32322c33","block_index":310008,"block_time":310008000,"difficulty":null,"ledger_hash":null,"previous_block_hash":null,"txlist_hash":null}',0,'NEW_BLOCK',NULL,'d0631bc645422b6cc2743c500ddff568f04bcdfa1fda052e62bae9636f728a4f');
INSERT INTO messages VALUES(60,310008,'insert','transactions','{"block_hash":"47d0e3acbdc6916aeae95e987f9cfa16209b3df1e67bb38143b3422b32322c33","block_index":310008,"block_time":310008000,"btc_amount":5430,"data":"000000000000000000004768000000000000020e","destination":"mtQheFaSfWELRB2MyMBaiWjdDm6ux9Ezns","fee":1320,"source":"mn6q3dS2EnDUx3bmyWc6D4szJNVGtaR7zc","supported":true,"tx_hash":"941e3b1a60db591ce6b530f127b333274cb475b47271c7aec0efd3dd7fac9edd","tx_index":9,"utxos_info":" 1c06d6da4019b5a0a4d64a7e85cd7d74d1e465158eb0afd1a444b4ed79bebabe:0 3 "}',0,'NEW_TRANSACTION',NULL,'143069287205f54c7045c6e84259b4b0ba1b21470940ace2648ff3bff1d84a3e');
INSERT INTO messages VALUES(61,310008,'insert','debits','{"action":"send","address":"mn6q3dS2EnDUx3bmyWc6D4szJNVGtaR7zc","asset":"BBBC","block_index":310008,"event":"941e3b1a60db591ce6b530f127b333274cb475b47271c7aec0efd3dd7fac9edd","quantity":526,"tx_index":9,"utxo":null,"utxo_address":null}',0,'DEBIT','941e3b1a60db591ce6b530f127b333274cb475b47271c7aec0efd3dd7fac9edd','d4d314e3c02fc1bb0bb09d607a569ba44cfb4e45a2ebbea2dc14586ff443a739');
INSERT INTO messages VALUES(62,310008,'insert','credits','{"address":"mtQheFaSfWELRB2MyMBaiWjdDm6ux9Ezns","asset":"BBBC","block_index":310008,"calling_function":"send","event":"941e3b1a60db591ce6b530f127b333274cb475b47271c7aec0efd3dd7fac9edd","quantity":526,"tx_index":9,"utxo":null,"utxo_address":null}',0,'CREDIT','941e3b1a60db591ce6b530f127b333274cb475b47271c7aec0efd3dd7fac9edd','bcd9ed140ca2a9046500cf152fabdcfc47ab971100662ced449ee134bdc411d4');
INSERT INTO messages VALUES(63,310008,'insert','sends','{"asset":"BBBC","block_index":310008,"destination":"mtQheFaSfWELRB2MyMBaiWjdDm6ux9Ezns","msg_index":0,"quantity":526,"send_type":"send","source":"mn6q3dS2EnDUx3bmyWc6D4szJNVGtaR7zc","status":"valid","tx_hash":"941e3b1a60db591ce6b530f127b333274cb475b47271c7aec0efd3dd7fac9edd","tx_index":9}',0,'SEND','941e3b1a60db591ce6b530f127b333274cb475b47271c7aec0efd3dd7fac9edd','3e441d2a73e736dfa231e4eebee515d66e6f1c14804c1949b560c8bfdf3ae319');
INSERT INTO messages VALUES(64,310008,'parse','transactions','{"supported":true,"tx_hash":"941e3b1a60db591ce6b530f127b333274cb475b47271c7aec0efd3dd7fac9edd","tx_index":9}',0,'TRANSACTION_PARSED','941e3b1a60db591ce6b530f127b333274cb475b47271c7aec0efd3dd7fac9edd','eaa470adddf0e3c8bc69074da90aeb71445536d084a2acb98a6668255b3cc455');
INSERT INTO messages VALUES(65,310008,'parse','blocks','{"block_index":310008,"ledger_hash":"8c44f15f5606b6fe984a9fa7df8d7d5381fe87a6c8b634469804328885668569","messages_hash":"4ce2c7cf3a6938ab9aa49d17d3e137106913f8a08c6fe34b4b888326f23752dc","transaction_count":1,"txlist_hash":"45a47c93a59faf64f13ce8aa05405bab076028cd8cf8cee7455b02e923156861"}',0,'BLOCK_PARSED',NULL,'a9f7583005dd6e77e01653b95a4c81a9ec81d0a11de8a760f40aaf0743f3227d');
INSERT INTO messages VALUES(66,310009,'insert','blocks','{"block_hash":"4d474992b141620bf3753863db7ee5e8af26cadfbba27725911f44fa657bc1c0","block_index":310009,"block_time":310009000,"difficulty":null,"ledger_hash":null,"previous_block_hash":null,"txlist_hash":null}',0,'NEW_BLOCK',NULL,'7bd2f642bfa09c8e933502aef22a5c5c53b10217a2144ed4d6bf6b33e0e5e447');
INSERT INTO messages VALUES(67,310009,'insert','transactions','{"block_hash":"4d474992b141620bf3753863db7ee5e8af26cadfbba27725911f44fa657bc1c0","block_index":310009,"block_time":310009000,"btc_amount":0,"data":"00000032000000000000025800000000000047670000000000000001","destination":"","fee":1260,"source":"mn6q3dS2EnDUx3bmyWc6D4szJNVGtaR7zc","supported":true,"tx_hash":"b3002a27f22addfd049f6a7601bf79ffae46652b84613f9558c0fc83bea9ac75","tx_index":10,"utxos_info":" aad30167153f9df0f4f58ef0e1060e78f20dc386f73782224eb5fbcca79aeaea:0 2 "}',0,'NEW_TRANSACTION',NULL,'25d0fe8d6c18745c556c3e9d31695b9627ef6d6b93c88d357f48c49cb26c7153');
INSERT INTO messages VALUES(68,310009,'insert','debits','{"action":"dividend","address":"mn6q3dS2EnDUx3bmyWc6D4szJNVGtaR7zc","asset":"XCP","block_index":310009,"event":"b3002a27f22addfd049f6a7601bf79ffae46652b84613f9558c0fc83bea9ac75","quantity":24,"tx_index":10,"utxo":null,"utxo_address":null}',0,'DEBIT','b3002a27f22addfd049f6a7601bf79ffae46652b84613f9558c0fc83bea9ac75','1ba8ef93eab83ad7cc510d8ad6e5578f53c770944c3d77731b394b22f3536326');
INSERT INTO messages VALUES(69,310009,'insert','debits','{"action":"dividend fee","address":"mn6q3dS2EnDUx3bmyWc6D4szJNVGtaR7zc","asset":"XCP","block_index":310009,"event":"b3002a27f22addfd049f6a7601bf79ffae46652b84613f9558c0fc83bea9ac75","quantity":20000,"tx_index":10,"utxo":null,"utxo_address":null}',0,'DEBIT','b3002a27f22addfd049f6a7601bf79ffae46652b84613f9558c0fc83bea9ac75','085e714936b099759296ac0fea6cfd683a7a7e590468ed613ca811105560ec0e');
INSERT INTO messages VALUES(70,310009,'insert','credits','{"address":"mtQheFaSfWELRB2MyMBaiWjdDm6ux9Ezns","asset":"XCP","block_index":310009,"calling_function":"dividend","event":"b3002a27f22addfd049f6a7601bf79ffae46652b84613f9558c0fc83bea9ac75","quantity":24,"tx_index":10,"utxo":null,"utxo_address":null}',0,'CREDIT','b3002a27f22addfd049f6a7601bf79ffae46652b84613f9558c0fc83bea9ac75','cf55bea59d40404c70543fed43bcbc2bc51a8b101d366d246396b51839cb2de3');
INSERT INTO messages VALUES(71,310009,'insert','dividends','{"asset":"BBBB","block_index":310009,"dividend_asset":"XCP","fee_paid":20000,"quantity_per_unit":600,"source":"mn6q3dS2EnDUx3bmyWc6D4szJNVGtaR7zc","status":"valid","tx_hash":"b3002a27f22addfd049f6a7601bf79ffae46652b84613f9558c0fc83bea9ac75","tx_index":10}',0,'ASSET_DIVIDEND','b3002a27f22addfd049f6a7601bf79ffae46652b84613f9558c0fc83bea9ac75','784559ef88364b56f2616ed8eebc9d0ce0631b2101e69cf03407a38642703b7d');
INSERT INTO messages VALUES(72,310009,'parse','transactions','{"supported":true,"tx_hash":"b3002a27f22addfd049f6a7601bf79ffae46652b84613f9558c0fc83bea9ac75","tx_index":10}',0,'TRANSACTION_PARSED','b3002a27f22addfd049f6a7601bf79ffae46652b84613f9558c0fc83bea9ac75','a380af2dc297bda04a595a3a8c7de046913016a6f5dde706cd1870cde788fba4');
INSERT INTO messages VALUES(73,310009,'parse','blocks','{"block_index":310009,"ledger_hash":"ba378e9192f290d3f9d3dd1e46aeef3a185bd5aff1be809c8974fca8dc142987","messages_hash":"eab562fc66ca729d52fdeee61824bb5927739b0f6173a7f5b384ba00ab88a44e","transaction_count":1,"txlist_hash":"342981ac10cfd41262ac333a5bcdeb5b300322822d34a318a2edce5dcbf20c1a"}',0,'BLOCK_PARSED',NULL,'e510f21fc2baf526de45619ad01d0411aefb207395d4af051b7a178c6c1e6770');
INSERT INTO messages VALUES(74,310010,'insert','blocks','{"block_hash":"a58162dff81a32e6a29b075be759dbb9fa9b8b65303e69c78fb4d7b0acc37042","block_index":310010,"block_time":310010000,"difficulty":null,"ledger_hash":null,"previous_block_hash":null,"txlist_hash":null}',0,'NEW_BLOCK',NULL,'5fd1e0302e34737b8ea6baee00c904711e7742bb34a3838da79e3c91648ff8c8');
INSERT INTO messages VALUES(75,310010,'insert','transactions','{"block_hash":"a58162dff81a32e6a29b075be759dbb9fa9b8b65303e69c78fb4d7b0acc37042","block_index":310010,"block_time":310010000,"btc_amount":0,"data":"00000032000000000000032000000000000047680000000000000001","destination":"","fee":1260,"source":"mn6q3dS2EnDUx3bmyWc6D4szJNVGtaR7zc","supported":true,"tx_hash":"4e959fabd8df4289ef34fa1701b5ea5fb526bc06ce5abdc0db9dfafb3d25579a","tx_index":11,"utxos_info":" d94d08e4a74400d9979ad3cbf8b5bb4c9d84c701ae20be4f872d08ab25f570cd:0 2 "}',0,'NEW_TRANSACTION',NULL,'5c1e19ce07a4306e42cdd802740d72361c7ba978505e872cc60f99f3086176b9');
INSERT INTO messages VALUES(76,310010,'insert','debits','{"action":"dividend","address":"mn6q3dS2EnDUx3bmyWc6D4szJNVGtaR7zc","asset":"XCP","block_index":310010,"event":"4e959fabd8df4289ef34fa1701b5ea5fb526bc06ce5abdc0db9dfafb3d25579a","quantity":420800,"tx_index":11,"utxo":null,"utxo_address":null}',0,'DEBIT','4e959fabd8df4289ef34fa1701b5ea5fb526bc06ce5abdc0db9dfafb3d25579a','ce4cb517a352670b4e34a6de52057822252e55e15ef21c75b7015b8c54316a52');
INSERT INTO messages VALUES(77,310010,'insert','debits','{"action":"dividend fee","address":"mn6q3dS2EnDUx3bmyWc6D4szJNVGtaR7zc","asset":"XCP","block_index":310010,"event":"4e959fabd8df4289ef34fa1701b5ea5fb526bc06ce5abdc0db9dfafb3d25579a","quantity":20000,"tx_index":11,"utxo":null,"utxo_address":null}',0,'DEBIT','4e959fabd8df4289ef34fa1701b5ea5fb526bc06ce5abdc0db9dfafb3d25579a','f96e5d850002afcebf3849ab03fa7e7c0e86e9ab5abb321ba4548deff4166cd4');
INSERT INTO messages VALUES(78,310010,'insert','credits','{"address":"mtQheFaSfWELRB2MyMBaiWjdDm6ux9Ezns","asset":"XCP","block_index":310010,"calling_function":"dividend","event":"4e959fabd8df4289ef34fa1701b5ea5fb526bc06ce5abdc0db9dfafb3d25579a","quantity":420800,"tx_index":11,"utxo":null,"utxo_address":null}',0,'CREDIT','4e959fabd8df4289ef34fa1701b5ea5fb526bc06ce5abdc0db9dfafb3d25579a','3629d091009216a916a8c2e4abd39ac38e26dd4beacc1b68388dd961792bc99f');
INSERT INTO messages VALUES(79,310010,'insert','dividends','{"asset":"BBBC","block_index":310010,"dividend_asset":"XCP","fee_paid":20000,"quantity_per_unit":800,"source":"mn6q3dS2EnDUx3bmyWc6D4szJNVGtaR7zc","status":"valid","tx_hash":"4e959fabd8df4289ef34fa1701b5ea5fb526bc06ce5abdc0db9dfafb3d25579a","tx_index":11}',0,'ASSET_DIVIDEND','4e959fabd8df4289ef34fa1701b5ea5fb526bc06ce5abdc0db9dfafb3d25579a','ac6dfeb9c63438d5c4e50f840d5a8523dbc0915a6edf1c5991f8cf4d7b5042ed');
INSERT INTO messages VALUES(80,310010,'parse','transactions','{"supported":true,"tx_hash":"4e959fabd8df4289ef34fa1701b5ea5fb526bc06ce5abdc0db9dfafb3d25579a","tx_index":11}',0,'TRANSACTION_PARSED','4e959fabd8df4289ef34fa1701b5ea5fb526bc06ce5abdc0db9dfafb3d25579a','350c639b1bd059e0dc91480ba9bb49ba878fcfedff3a133896be3a48db89596d');
INSERT INTO messages VALUES(81,310010,'parse','blocks','{"block_index":310010,"ledger_hash":"64f78f9eedce2931aedfe413b4f4bdeb728752e1c897e0bd44c7db665976a723","messages_hash":"aff1bbabf1dd678dc07d885ffd462b1946f8115ad0e0ed1d7c0640ab823d0fa1","transaction_count":1,"txlist_hash":"b114fb286ef756c56c0a808cfe8fbd71294ae2f50ea39382b701cf38d9f1b2cb"}',0,'BLOCK_PARSED',NULL,'34514247ef0d67382e40fe8e95ffd8c34108a52a1e5c1c6f90993d6ad6a37366');
INSERT INTO messages VALUES(82,310011,'insert','blocks','{"block_hash":"8042cc2ef293fd73d050f283fbd075c79dd4c49fdcca054dc0714fc3a50dc1bb","block_index":310011,"block_time":310011000,"difficulty":null,"ledger_hash":null,"previous_block_hash":null,"txlist_hash":null}',0,'NEW_BLOCK',NULL,'11d774e0f894ad66ad9242a1dea63e4b0c1a1aec7951b2af4f49110cd1ea33ee');
INSERT INTO messages VALUES(83,310011,'insert','transactions','{"block_hash":"8042cc2ef293fd73d050f283fbd075c79dd4c49fdcca054dc0714fc3a50dc1bb","block_index":310011,"block_time":310011000,"btc_amount":0,"data":"0000001e52bb3300405900000000000005f5e0ff09556e69742054657374","destination":"","fee":1260,"source":"mn6q3dS2EnDUx3bmyWc6D4szJNVGtaR7zc","supported":true,"tx_hash":"b9b2e392f66f083b334a9ca8e16f7e3d8001dea43b02baa632af4aa77ec0872c","tx_index":12,"utxos_info":" 7b54eb5fd7bd20077cbbac96e12f280e6580c7afb9fff8e251ddcb2eefbfd137:0 2 "}',0,'NEW_TRANSACTION',NULL,'ccf4a5900dc29f23f03343e345636dbcb438623a3defb7dbba977c0c79579e6d');
INSERT INTO messages VALUES(84,310011,'insert','broadcasts','{"block_index":310011,"fee_fraction_int":99999999,"locked":false,"source":"mn6q3dS2EnDUx3bmyWc6D4szJNVGtaR7zc","status":"valid","text":"Unit Test","timestamp":1388000000,"tx_hash":"b9b2e392f66f083b334a9ca8e16f7e3d8001dea43b02baa632af4aa77ec0872c","tx_index":12,"value":100.0}',0,'BROADCAST','b9b2e392f66f083b334a9ca8e16f7e3d8001dea43b02baa632af4aa77ec0872c','2782d194e9f3bca5a21ee291a5b04f618f9b4779ed44b980b721316dda47e0b5');
INSERT INTO messages VALUES(85,310011,'parse','transactions','{"supported":true,"tx_hash":"b9b2e392f66f083b334a9ca8e16f7e3d8001dea43b02baa632af4aa77ec0872c","tx_index":12}',0,'TRANSACTION_PARSED','b9b2e392f66f083b334a9ca8e16f7e3d8001dea43b02baa632af4aa77ec0872c','6fa3aeb18e1ac56e1b9a259dfb6a9e9e29d75d90f4376ea750487f40d7441d64');
INSERT INTO messages VALUES(86,310011,'parse','blocks','{"block_index":310011,"ledger_hash":"671a1b4e1edd1f96dcfcc96d521fb2125ae5b9d2d01a76fc66686b7ed20c5662","messages_hash":"ebfaa8d2faaf3cfe426becadbf0c8f6e5421cc20dbd2ee9edc78a40b06b2bee9","transaction_count":1,"txlist_hash":"c8bfe614792fe060ae2332b7997af3a4395e9a8f97b13b9a8a560b3ce1d03437"}',0,'BLOCK_PARSED',NULL,'32583fe76c71a860cbaf16b9c9abe52857f95e2faf2b233ae77c8d797cbccfd0');
INSERT INTO messages VALUES(87,310012,'insert','blocks','{"block_hash":"cdba329019d93a67b31b79d05f76ce1b7791d430ea0d6c1c2168fe78d2f67677","block_index":310012,"block_time":310012000,"difficulty":null,"ledger_hash":null,"previous_block_hash":null,"txlist_hash":null}',0,'NEW_BLOCK',NULL,'ce070f4b0604a8f3d14f0ee0716758c6a3fb09fd1dbe7b194e48a4692c155191');
INSERT INTO messages VALUES(88,310012,'insert','transactions','{"block_hash":"cdba329019d93a67b31b79d05f76ce1b7791d430ea0d6c1c2168fe78d2f67677","block_index":310012,"block_time":310012000,"btc_amount":5430,"data":"00000028000052bb33640000000002faf08000000000017d7840000000000000000000003b100000000a","destination":"mn6q3dS2EnDUx3bmyWc6D4szJNVGtaR7zc","fee":1320,"source":"mn6q3dS2EnDUx3bmyWc6D4szJNVGtaR7zc","supported":true,"tx_hash":"87fd9c7dc7c9b30fa308ae6d43841500f201231e14ab4d349f81258eef07146b","tx_index":13,"utxos_info":" a746d451e46726fe43ae5ad7b97adb9ee19494aa51cfe6104933d7bd2b99c6e4:0 3 "}',0,'NEW_TRANSACTION',NULL,'038347b394e76991d38c3385fec4b6a7c2d1e6037ca723fae92640f5792b8331');
INSERT INTO messages VALUES(89,310012,'insert','debits','{"action":"bet","address":"mn6q3dS2EnDUx3bmyWc6D4szJNVGtaR7zc","asset":"XCP","block_index":310012,"event":"87fd9c7dc7c9b30fa308ae6d43841500f201231e14ab4d349f81258eef07146b","quantity":50000000,"tx_index":13,"utxo":null,"utxo_address":null}',0,'DEBIT','87fd9c7dc7c9b30fa308ae6d43841500f201231e14ab4d349f81258eef07146b','b4f362746dc0a8f551c60431cbed072b825447e9827b2bd54415fcb0f9a89679');
INSERT INTO messages VALUES(90,310012,'insert','bets','{"bet_type":0,"block_index":310012,"counterwager_quantity":25000000,"counterwager_remaining":25000000,"deadline":1388000100,"expiration":10,"expire_index":310022,"fee_fraction_int":99999999.0,"feed_address":"mn6q3dS2EnDUx3bmyWc6D4szJNVGtaR7zc","leverage":15120,"source":"mn6q3dS2EnDUx3bmyWc6D4szJNVGtaR7zc","status":"open","target_value":0.0,"tx_hash":"87fd9c7dc7c9b30fa308ae6d43841500f201231e14ab4d349f81258eef07146b","tx_index":13,"wager_quantity":50000000,"wager_remaining":50000000}',0,'OPEN_BET','87fd9c7dc7c9b30fa308ae6d43841500f201231e14ab4d349f81258eef07146b','06e1bd210a07463644acb7610b3f301b96b5718a73271294469779fe69cb7204');
INSERT INTO messages VALUES(91,310012,'parse','transactions','{"supported":true,"tx_hash":"87fd9c7dc7c9b30fa308ae6d43841500f201231e14ab4d349f81258eef07146b","tx_index":13}',0,'TRANSACTION_PARSED','87fd9c7dc7c9b30fa308ae6d43841500f201231e14ab4d349f81258eef07146b','5f5d559e98477e5ed4417c944f191fdad0af7b75196928b6c89a2cdd5977f36b');
INSERT INTO messages VALUES(92,310012,'parse','blocks','{"block_index":310012,"ledger_hash":"1f5b502c341699b5a59b87566c0fc02b7db5c657919f014e41a00303aa53efc8","messages_hash":"565854d63b0caeaca5cacfe0fcbe042fb7af0121b54f16f49629b8915b0f21fd","transaction_count":1,"txlist_hash":"8dced44c7396c7cb6328a09048ff6e9174032284089e764e195c6ec6e717cbfd"}',0,'BLOCK_PARSED',NULL,'35c87b07111d9d03ce7a201a915bbadd9142678f4a0267ef38aa53285f347024');
INSERT INTO messages VALUES(93,310013,'insert','blocks','{"block_hash":"0425e5e832e4286757dc0228cd505b8d572081007218abd3a0983a3bcd502a61","block_index":310013,"block_time":310013000,"difficulty":null,"ledger_hash":null,"previous_block_hash":null,"txlist_hash":null}',0,'NEW_BLOCK',NULL,'d766d85c4a85209eee116f4d56d420015d72a537f79c3810b21216924f85621b');
INSERT INTO messages VALUES(94,310013,'insert','transactions','{"block_hash":"0425e5e832e4286757dc0228cd505b8d572081007218abd3a0983a3bcd502a61","block_index":310013,"block_time":310013000,"btc_amount":5430,"data":"00000028000152bb336400000000017d78400000000002793d60000000000000000000003b100000000a","destination":"mn6q3dS2EnDUx3bmyWc6D4szJNVGtaR7zc","fee":1320,"source":"mn6q3dS2EnDUx3bmyWc6D4szJNVGtaR7zc","supported":true,"tx_hash":"21f454de7d6beeb791366f824a4c318486176a75677a17ce9af00f2083d7e41a","tx_index":14,"utxos_info":" 96439c60785833f2a2cb1358f21f5d6bd46d9bbe27b791e9e6959e64f0acaeab:0 3 "}',0,'NEW_TRANSACTION',NULL,'e109e4f8112d2f0e847c30a71f1e1ff1efcf153097bb9cb16bb7585a192cd713');
INSERT INTO messages VALUES(95,310013,'update','orders','{"status":"expired","tx_hash":"af8c1bec82dec4f7ddb77eafb129e3f8e47e95e283ce7224d4c28e6ee69aabab"}',0,'ORDER_UPDATE',NULL,'baac6f997706173f285bb25e4ef95a3f08142afc24e96325b9f1075bd97e1fc7');
INSERT INTO messages VALUES(96,310013,'insert','order_expirations','{"block_index":310013,"order_hash":"af8c1bec82dec4f7ddb77eafb129e3f8e47e95e283ce7224d4c28e6ee69aabab","source":"mn6q3dS2EnDUx3bmyWc6D4szJNVGtaR7zc"}',0,'ORDER_EXPIRATION',NULL,'16a25b10c10bb1d7008b9f8833179b13c70dcbc5b50928b472ba2d0fd375a19e');
INSERT INTO messages VALUES(97,310013,'insert','debits','{"action":"bet","address":"mn6q3dS2EnDUx3bmyWc6D4szJNVGtaR7zc","asset":"XCP","block_index":310013,"event":"21f454de7d6beeb791366f824a4c318486176a75677a17ce9af00f2083d7e41a","quantity":25000000,"tx_index":14,"utxo":null,"utxo_address":null}',0,'DEBIT','21f454de7d6beeb791366f824a4c318486176a75677a17ce9af00f2083d7e41a','e7fc1126b50bb02427f635a8eb68a1554480ba4eb1ae4ead07a31c1256972385');
INSERT INTO messages VALUES(98,310013,'insert','bets','{"bet_type":1,"block_index":310013,"counterwager_quantity":41500000,"counterwager_remaining":41500000,"deadline":1388000100,"expiration":10,"expire_index":310023,"fee_fraction_int":99999999.0,"feed_address":"mn6q3dS2EnDUx3bmyWc6D4szJNVGtaR7zc","leverage":15120,"source":"mn6q3dS2EnDUx3bmyWc6D4szJNVGtaR7zc","status":"open","target_value":0.0,"tx_hash":"21f454de7d6beeb791366f824a4c318486176a75677a17ce9af00f2083d7e41a","tx_index":14,"wager_quantity":25000000,"wager_remaining":25000000}',0,'OPEN_BET','21f454de7d6beeb791366f824a4c318486176a75677a17ce9af00f2083d7e41a','20011d375b17ed8e46a3433e83a8ff638c2148ada17386fc19ba37620b948641');
INSERT INTO messages VALUES(99,310013,'update','bets','{"counterwager_remaining":4250000,"status":"open","tx_hash":"87fd9c7dc7c9b30fa308ae6d43841500f201231e14ab4d349f81258eef07146b","wager_remaining":8500000}',0,'BET_UPDATE','21f454de7d6beeb791366f824a4c318486176a75677a17ce9af00f2083d7e41a','d2d2c8d15dc899510d0db080c88e0e6d869668f7ce29a0d48951526c0dc705bd');
INSERT INTO messages VALUES(100,310013,'insert','credits','{"address":"mn6q3dS2EnDUx3bmyWc6D4szJNVGtaR7zc","asset":"XCP","block_index":310013,"calling_function":"filled","event":"21f454de7d6beeb791366f824a4c318486176a75677a17ce9af00f2083d7e41a","quantity":4250000,"tx_index":14,"utxo":null,"utxo_address":null}',0,'CREDIT','21f454de7d6beeb791366f824a4c318486176a75677a17ce9af00f2083d7e41a','ab6ecf110fe079b810ab133992c43dedb473a4199b5157617194aa6044fc045a');
INSERT INTO messages VALUES(101,310013,'update','bets','{"counterwager_remaining":0,"status":"filled","tx_hash":"21f454de7d6beeb791366f824a4c318486176a75677a17ce9af00f2083d7e41a","wager_remaining":4250000}',0,'BET_UPDATE','21f454de7d6beeb791366f824a4c318486176a75677a17ce9af00f2083d7e41a','af62b4f486679fa2ab47fc9561b45e53e2e23ebdc114ba29241f297fac9e5785');
INSERT INTO messages VALUES(102,310013,'insert','bet_matches','{"backward_quantity":20750000,"block_index":310012,"deadline":1388000100,"fee_fraction_int":99999999,"feed_address":"mn6q3dS2EnDUx3bmyWc6D4szJNVGtaR7zc","forward_quantity":41500000,"id":"87fd9c7dc7c9b30fa308ae6d43841500f201231e14ab4d349f81258eef07146b_21f454de7d6beeb791366f824a4c318486176a75677a17ce9af00f2083d7e41a","initial_value":100.0,"leverage":15120,"match_expire_index":310022,"status":"pending","target_value":0.0,"tx0_address":"mn6q3dS2EnDUx3bmyWc6D4szJNVGtaR7zc","tx0_bet_type":0,"tx0_block_index":310012,"tx0_expiration":10,"tx0_hash":"87fd9c7dc7c9b30fa308ae6d43841500f201231e14ab4d349f81258eef07146b","tx0_index":13,"tx1_address":"mn6q3dS2EnDUx3bmyWc6D4szJNVGtaR7zc","tx1_bet_type":1,"tx1_block_index":310013,"tx1_expiration":10,"tx1_hash":"21f454de7d6beeb791366f824a4c318486176a75677a17ce9af00f2083d7e41a","tx1_index":14}',0,'BET_MATCH','21f454de7d6beeb791366f824a4c318486176a75677a17ce9af00f2083d7e41a','873b1c79358aed46eb38c970dd57a26f36c29c6b8170a848b08dbcfb8f957615');
INSERT INTO messages VALUES(103,310013,'parse','transactions','{"supported":true,"tx_hash":"21f454de7d6beeb791366f824a4c318486176a75677a17ce9af00f2083d7e41a","tx_index":14}',0,'TRANSACTION_PARSED','21f454de7d6beeb791366f824a4c318486176a75677a17ce9af00f2083d7e41a','9d1cf83e9fac713ecf9390b1e24d44f035e0ef6ac65a907eabbc8efe43e6e1f5');
INSERT INTO messages VALUES(104,310013,'parse','blocks','{"block_index":310013,"ledger_hash":"cd0cfff6de5dd4381301929c740015d5910339ba915a83eb4229ecb91ae84c17","messages_hash":"460e87e643d25ff3dba6bd99f40aecede59f15cb2548419a7a75a7e40e56f45c","transaction_count":1,"txlist_hash":"590202edf79391fccdfd87f912ee09f602e022f508f3ccb01b8ec983df247cdf"}',0,'BLOCK_PARSED',NULL,'f3e10dcb3e447038c7016d6415708490e20b66f3ca26a8883ff52c5667b29eca');
INSERT INTO messages VALUES(105,310014,'insert','blocks','{"block_hash":"85b28d413ebda2968ed82ae53643677338650151b997ed1e4656158005b9f65f","block_index":310014,"block_time":310014000,"difficulty":null,"ledger_hash":null,"previous_block_hash":null,"txlist_hash":null}',0,'NEW_BLOCK',NULL,'cdfe02baec27c0f5a03d9ab5adaa3ca0248c12ce75ea82c205a2b2b69397c5cf');
INSERT INTO messages VALUES(106,310014,'insert','transactions','{"block_hash":"85b28d413ebda2968ed82ae53643677338650151b997ed1e4656158005b9f65f","block_index":310014,"block_time":310014000,"btc_amount":5430,"data":"00000028000052bb33640000000008f0d1800000000014dc93800000000000000000000013b00000000a","destination":"mn6q3dS2EnDUx3bmyWc6D4szJNVGtaR7zc","fee":1320,"source":"mn6q3dS2EnDUx3bmyWc6D4szJNVGtaR7zc","supported":true,"tx_hash":"92a588a224ade7d38815584474ed2b2ee0f06df14a1e61ddca819244835b1ef6","tx_index":15,"utxos_info":" fefa4b0fc30e713c99abff84ccb1a90b77b4c5fc97fd705034edbda69454a65f:0 3 "}',0,'NEW_TRANSACTION',NULL,'ba545a7c45ac38eef80f8120af4d41aa6503e701ff79a4ef0fe690c148e43a8e');
INSERT INTO messages VALUES(107,310014,'update','orders','{"status":"expired","tx_hash":"ef249bd74fcfea725635e02e49e9c792f4b4109c1f3378c5a18a2395ef2d7504"}',0,'ORDER_UPDATE',NULL,'93acf1071b73ff9ba240eedbda9cd2fdc53d6de426d2b16c4de871fab0d335c6');
INSERT INTO messages VALUES(108,310014,'insert','credits','{"address":"mn6q3dS2EnDUx3bmyWc6D4szJNVGtaR7zc","asset":"XCP","block_index":310014,"calling_function":"cancel order","event":"ef249bd74fcfea725635e02e49e9c792f4b4109c1f3378c5a18a2395ef2d7504","quantity":5000000,"tx_index":0,"utxo":null,"utxo_address":null}',0,'CREDIT',NULL,'43c38f5046faa54916ecaa516ca6d8896d298c08760889517c8be4c2cf62b99a');
INSERT INTO messages VALUES(109,310014,'insert','order_expirations','{"block_index":310014,"order_hash":"ef249bd74fcfea725635e02e49e9c792f4b4109c1f3378c5a18a2395ef2d7504","source":"mn6q3dS2EnDUx3bmyWc6D4szJNVGtaR7zc"}',0,'ORDER_EXPIRATION',NULL,'cbc22081170ca8b0a42b246a4299e7db6feb7f3a8c831b5425605a382f8d181f');
INSERT INTO messages VALUES(110,310014,'insert','debits','{"action":"bet","address":"mn6q3dS2EnDUx3bmyWc6D4szJNVGtaR7zc","asset":"XCP","block_index":310014,"event":"92a588a224ade7d38815584474ed2b2ee0f06df14a1e61ddca819244835b1ef6","quantity":150000000,"tx_index":15,"utxo":null,"utxo_address":null}',0,'DEBIT','92a588a224ade7d38815584474ed2b2ee0f06df14a1e61ddca819244835b1ef6','5b34391930ee518ff2bf72e9f428b8966c9729b3f20760eaa17a746ad7c0452a');
INSERT INTO messages VALUES(111,310014,'insert','bets','{"bet_type":0,"block_index":310014,"counterwager_quantity":350000000,"counterwager_remaining":350000000,"deadline":1388000100,"expiration":10,"expire_index":310024,"fee_fraction_int":99999999.0,"feed_address":"mn6q3dS2EnDUx3bmyWc6D4szJNVGtaR7zc","leverage":5040,"source":"mn6q3dS2EnDUx3bmyWc6D4szJNVGtaR7zc","status":"open","target_value":0.0,"tx_hash":"92a588a224ade7d38815584474ed2b2ee0f06df14a1e61ddca819244835b1ef6","tx_index":15,"wager_quantity":150000000,"wager_remaining":150000000}',0,'OPEN_BET','92a588a224ade7d38815584474ed2b2ee0f06df14a1e61ddca819244835b1ef6','a2216ecc15a01cba29e3213ad6b21808cf6ca89945655350193d08d3f4302253');
INSERT INTO messages VALUES(112,310014,'parse','transactions','{"supported":true,"tx_hash":"92a588a224ade7d38815584474ed2b2ee0f06df14a1e61ddca819244835b1ef6","tx_index":15}',0,'TRANSACTION_PARSED','92a588a224ade7d38815584474ed2b2ee0f06df14a1e61ddca819244835b1ef6','b7961e2f9b4db016fce9079863a28fce1f0ddb4304529e7885741ffe2d02c872');
INSERT INTO messages VALUES(113,310014,'parse','blocks','{"block_index":310014,"ledger_hash":"5012d84065c7a39b5563f4fadeaf30670b47df3856f43d40fda74de663753e4e","messages_hash":"769edc788301ade87b93d6919cc32f00f43272d17b8d088db0f6e51253beb522","transaction_count":1,"txlist_hash":"8cd0de0dda7fcffd7685795704ec51639c368ea3ffd88593e7fc6be51cc91aa1"}',0,'BLOCK_PARSED',NULL,'150ebbd02f72452f1a98416e4ab054c9a9c600964ac77a0c0a57b18c8bcd81c2');
INSERT INTO messages VALUES(114,310015,'insert','blocks','{"block_hash":"4cf77d688f18f0c68c077db882f62e49f31859dfa6144372457cd73b29223922","block_index":310015,"block_time":310015000,"difficulty":null,"ledger_hash":null,"previous_block_hash":null,"txlist_hash":null}',0,'NEW_BLOCK',NULL,'5c64811bc136db355a5377e6e4d2bf14300ab42b8dd3bd3efe5c52bd04e69cd7');
INSERT INTO messages VALUES(115,310015,'insert','transactions','{"block_hash":"4cf77d688f18f0c68c077db882f62e49f31859dfa6144372457cd73b29223922","block_index":310015,"block_time":310015000,"btc_amount":5430,"data":"00000028000152bb33640000000014dc93800000000008f0d1800000000000000000000013b00000000a","destination":"mn6q3dS2EnDUx3bmyWc6D4szJNVGtaR7zc","fee":1320,"source":"mn6q3dS2EnDUx3bmyWc6D4szJNVGtaR7zc","supported":true,"tx_hash":"3549cf94fa08a937c215d93ec05eda09807c23ce6c9ffad85719aa5e0d2b2a04","tx_index":16,"utxos_info":" 304331268e922a159b1fac9224b84686d2621015a176770abc0e511acf6cd550:0 3 "}',0,'NEW_TRANSACTION',NULL,'9badb8e0735666bcc05bdc1008b6ec7f770d7a78cd6e1a4a5b7ac10036e4299e');
INSERT INTO messages VALUES(116,310015,'insert','debits','{"action":"bet","address":"mn6q3dS2EnDUx3bmyWc6D4szJNVGtaR7zc","asset":"XCP","block_index":310015,"event":"3549cf94fa08a937c215d93ec05eda09807c23ce6c9ffad85719aa5e0d2b2a04","quantity":350000000,"tx_index":16,"utxo":null,"utxo_address":null}',0,'DEBIT','3549cf94fa08a937c215d93ec05eda09807c23ce6c9ffad85719aa5e0d2b2a04','fd52b53779c3bb63134406e5aa20dd05393daf19c2ee30d967dfaa68b0fd9c6c');
INSERT INTO messages VALUES(117,310015,'insert','bets','{"bet_type":1,"block_index":310015,"counterwager_quantity":150000000,"counterwager_remaining":150000000,"deadline":1388000100,"expiration":10,"expire_index":310025,"fee_fraction_int":99999999.0,"feed_address":"mn6q3dS2EnDUx3bmyWc6D4szJNVGtaR7zc","leverage":5040,"source":"mn6q3dS2EnDUx3bmyWc6D4szJNVGtaR7zc","status":"open","target_value":0.0,"tx_hash":"3549cf94fa08a937c215d93ec05eda09807c23ce6c9ffad85719aa5e0d2b2a04","tx_index":16,"wager_quantity":350000000,"wager_remaining":350000000}',0,'OPEN_BET','3549cf94fa08a937c215d93ec05eda09807c23ce6c9ffad85719aa5e0d2b2a04','10d28a68a16901c0aa4e27434d7e26e3f8b54a05f2cca516a57050ab4ac0c3d8');
INSERT INTO messages VALUES(118,310015,'insert','credits','{"address":"mn6q3dS2EnDUx3bmyWc6D4szJNVGtaR7zc","asset":"XCP","block_index":310015,"calling_function":"filled","event":"3549cf94fa08a937c215d93ec05eda09807c23ce6c9ffad85719aa5e0d2b2a04","quantity":0,"tx_index":16,"utxo":null,"utxo_address":null}',0,'CREDIT','3549cf94fa08a937c215d93ec05eda09807c23ce6c9ffad85719aa5e0d2b2a04','33a561c2793fa9935c6951d408ed7efa984e90a60ecaea16df1597b0267fa8b2');
INSERT INTO messages VALUES(119,310015,'update','bets','{"counterwager_remaining":0,"status":"filled","tx_hash":"92a588a224ade7d38815584474ed2b2ee0f06df14a1e61ddca819244835b1ef6","wager_remaining":0}',0,'BET_UPDATE','3549cf94fa08a937c215d93ec05eda09807c23ce6c9ffad85719aa5e0d2b2a04','a3eb4e8eb4dd3ac877f3899c466925c4e2897c4f1558dcf0d97813226ac149d9');
INSERT INTO messages VALUES(120,310015,'insert','credits','{"address":"mn6q3dS2EnDUx3bmyWc6D4szJNVGtaR7zc","asset":"XCP","block_index":310015,"calling_function":"filled","event":"3549cf94fa08a937c215d93ec05eda09807c23ce6c9ffad85719aa5e0d2b2a04","quantity":0,"tx_index":16,"utxo":null,"utxo_address":null}',0,'CREDIT','3549cf94fa08a937c215d93ec05eda09807c23ce6c9ffad85719aa5e0d2b2a04','25c1870046e2b42a84c33c325f600298bc12206ecd8a2b6f9fbfa0112a4e2a86');
INSERT INTO messages VALUES(121,310015,'update','bets','{"counterwager_remaining":0,"status":"filled","tx_hash":"3549cf94fa08a937c215d93ec05eda09807c23ce6c9ffad85719aa5e0d2b2a04","wager_remaining":0}',0,'BET_UPDATE','3549cf94fa08a937c215d93ec05eda09807c23ce6c9ffad85719aa5e0d2b2a04','0035b9d7c8f64d6cb771c5c29813d9bacc157f54148156ae39b3b36b1c6ab278');
INSERT INTO messages VALUES(122,310015,'insert','bet_matches','{"backward_quantity":350000000,"block_index":310014,"deadline":1388000100,"fee_fraction_int":99999999,"feed_address":"mn6q3dS2EnDUx3bmyWc6D4szJNVGtaR7zc","forward_quantity":150000000,"id":"92a588a224ade7d38815584474ed2b2ee0f06df14a1e61ddca819244835b1ef6_3549cf94fa08a937c215d93ec05eda09807c23ce6c9ffad85719aa5e0d2b2a04","initial_value":100.0,"leverage":5040,"match_expire_index":310024,"status":"pending","target_value":0.0,"tx0_address":"mn6q3dS2EnDUx3bmyWc6D4szJNVGtaR7zc","tx0_bet_type":0,"tx0_block_index":310014,"tx0_expiration":10,"tx0_hash":"92a588a224ade7d38815584474ed2b2ee0f06df14a1e61ddca819244835b1ef6","tx0_index":15,"tx1_address":"mn6q3dS2EnDUx3bmyWc6D4szJNVGtaR7zc","tx1_bet_type":1,"tx1_block_index":310015,"tx1_expiration":10,"tx1_hash":"3549cf94fa08a937c215d93ec05eda09807c23ce6c9ffad85719aa5e0d2b2a04","tx1_index":16}',0,'BET_MATCH','3549cf94fa08a937c215d93ec05eda09807c23ce6c9ffad85719aa5e0d2b2a04','024aee33aea24996f25f028e673bc68311f1944cd8cdd323e20a47659ce0de2c');
INSERT INTO messages VALUES(123,310015,'parse','transactions','{"supported":true,"tx_hash":"3549cf94fa08a937c215d93ec05eda09807c23ce6c9ffad85719aa5e0d2b2a04","tx_index":16}',0,'TRANSACTION_PARSED','3549cf94fa08a937c215d93ec05eda09807c23ce6c9ffad85719aa5e0d2b2a04','3f3087aa8d4365c9ebdbca8f67ebf9ab6561fbd1725287ba116166c78417a972');
INSERT INTO messages VALUES(124,310015,'parse','blocks','{"block_index":310015,"ledger_hash":"0356494d376b2b65b9f4b066b9d2baf2ae90d82369b87914bb58a67927ced5af","messages_hash":"fdc4cdcf4fd6f4048d427a3c3451d41dfb33333326d483e2919515acb91a7286","transaction_count":1,"txlist_hash":"5caba2f8c605f40fb614e1265a4196e7964a8cb440840bd8f91de875b5071e53"}',0,'BLOCK_PARSED',NULL,'4675696da3cf4c564d2ff7f8a790bbfa116d61c3fd0fca576b1eaa32ca43a804');
INSERT INTO messages VALUES(125,310016,'insert','blocks','{"block_hash":"99dc7d2627efb4e5e618a53b9898b4ca39c70e98fe9bf39f68a6c980f5b64ef9","block_index":310016,"block_time":310016000,"difficulty":null,"ledger_hash":null,"previous_block_hash":null,"txlist_hash":null}',0,'NEW_BLOCK',NULL,'c4c060e192a23de33b065afaa1d40fdbd84b4e8b0b870ac1dd1384a91614de98');
INSERT INTO messages VALUES(126,310016,'insert','transactions','{"block_hash":"99dc7d2627efb4e5e618a53b9898b4ca39c70e98fe9bf39f68a6c980f5b64ef9","block_index":310016,"block_time":310016000,"btc_amount":5430,"data":"00000028000252bb33c8000000002cb417800000000026be36803ff0000000000000000013b00000000a","destination":"mn6q3dS2EnDUx3bmyWc6D4szJNVGtaR7zc","fee":1320,"source":"mn6q3dS2EnDUx3bmyWc6D4szJNVGtaR7zc","supported":true,"tx_hash":"2c7c77c034316eb354d67f3b9ea6640bad290d4a5e25c21dc96e5dd5f2911a6b","tx_index":17,"utxos_info":" 41772abc9d528cb8081b2e1008d78cf9002eb635d25277e4512f901442250a3e:0 3 "}',0,'NEW_TRANSACTION',NULL,'7580bcc4be34c8095baab235d71536f2e65e33a20371e07841553d6a00c2a178');
INSERT INTO messages VALUES(127,310016,'insert','debits','{"action":"bet","address":"mn6q3dS2EnDUx3bmyWc6D4szJNVGtaR7zc","asset":"XCP","block_index":310016,"event":"2c7c77c034316eb354d67f3b9ea6640bad290d4a5e25c21dc96e5dd5f2911a6b","quantity":750000000,"tx_index":17,"utxo":null,"utxo_address":null}',0,'DEBIT','2c7c77c034316eb354d67f3b9ea6640bad290d4a5e25c21dc96e5dd5f2911a6b','9ee97c02a7f8e4ed84c15d350ca59a31074e7844e22e4d306bac2dc3357f855d');
INSERT INTO messages VALUES(128,310016,'insert','bets','{"bet_type":2,"block_index":310016,"counterwager_quantity":650000000,"counterwager_remaining":650000000,"deadline":1388000200,"expiration":10,"expire_index":310026,"fee_fraction_int":99999999.0,"feed_address":"mn6q3dS2EnDUx3bmyWc6D4szJNVGtaR7zc","leverage":5040,"source":"mn6q3dS2EnDUx3bmyWc6D4szJNVGtaR7zc","status":"open","target_value":1.0,"tx_hash":"2c7c77c034316eb354d67f3b9ea6640bad290d4a5e25c21dc96e5dd5f2911a6b","tx_index":17,"wager_quantity":750000000,"wager_remaining":750000000}',0,'OPEN_BET','2c7c77c034316eb354d67f3b9ea6640bad290d4a5e25c21dc96e5dd5f2911a6b','ea1376d5063c5ed5540f0873fa91c5f8ea7c9fa6ec5d67093d983076e928da1d');
INSERT INTO messages VALUES(129,310016,'parse','transactions','{"supported":true,"tx_hash":"2c7c77c034316eb354d67f3b9ea6640bad290d4a5e25c21dc96e5dd5f2911a6b","tx_index":17}',0,'TRANSACTION_PARSED','2c7c77c034316eb354d67f3b9ea6640bad290d4a5e25c21dc96e5dd5f2911a6b','30d893c519964959350d37f8cd24a144fd9b712b6d43420c2252239d470439a4');
INSERT INTO messages VALUES(130,310016,'parse','blocks','{"block_index":310016,"ledger_hash":"c90ff439bd04970ed9e6e25cbfce32160450925a37ba3360f40df8854529b52d","messages_hash":"e4d35a4d53a446678e9286c1a51e940603b40aa41e7251607e19d840a5ec1ac0","transaction_count":1,"txlist_hash":"0faa385c25ce6ff7d9e78f1843b154d89eeb89f644c296d66d588a37c45d5c77"}',0,'BLOCK_PARSED',NULL,'c987b91d101c0439fa748fa7be07dc00face4551d84fa8019f774a4aba0bda5b');
INSERT INTO messages VALUES(131,310017,'insert','blocks','{"block_hash":"8a4fedfbf734b91a5c5761a7bcb3908ea57169777a7018148c51ff611970e4a3","block_index":310017,"block_time":310017000,"difficulty":null,"ledger_hash":null,"previous_block_hash":null,"txlist_hash":null}',0,'NEW_BLOCK',NULL,'9a4d5c5fd3b7989951e06dce9d0464795105efa658b51d697de546007218f71d');
INSERT INTO messages VALUES(132,310017,'insert','transactions','{"block_hash":"8a4fedfbf734b91a5c5761a7bcb3908ea57169777a7018148c51ff611970e4a3","block_index":310017,"block_time":310017000,"btc_amount":5430,"data":"00000028000352bb33c80000000026be3680000000002cb417803ff0000000000000000013b00000000a","destination":"mn6q3dS2EnDUx3bmyWc6D4szJNVGtaR7zc","fee":1320,"source":"mn6q3dS2EnDUx3bmyWc6D4szJNVGtaR7zc","supported":true,"tx_hash":"12301a88d640234d05a4d7f68d408d2061d4a12580bccab9f0efb14a1570f33e","tx_index":18,"utxos_info":" f842868b3b8c64e9cb213084978287485f8467321a28d3c0b2de74209f4a3c6e:0 3 "}',0,'NEW_TRANSACTION',NULL,'3739803cfa751a21e31a38ebd0c99cb29b166e076244dbc3a195daa419c234f7');
INSERT INTO messages VALUES(133,310017,'insert','debits','{"action":"bet","address":"mn6q3dS2EnDUx3bmyWc6D4szJNVGtaR7zc","asset":"XCP","block_index":310017,"event":"12301a88d640234d05a4d7f68d408d2061d4a12580bccab9f0efb14a1570f33e","quantity":650000000,"tx_index":18,"utxo":null,"utxo_address":null}',0,'DEBIT','12301a88d640234d05a4d7f68d408d2061d4a12580bccab9f0efb14a1570f33e','890c527d45dd9a770f223b76925e7b89da5c5eeceaf4f6b89d57581f82571495');
INSERT INTO messages VALUES(134,310017,'insert','bets','{"bet_type":3,"block_index":310017,"counterwager_quantity":750000000,"counterwager_remaining":750000000,"deadline":1388000200,"expiration":10,"expire_index":310027,"fee_fraction_int":99999999.0,"feed_address":"mn6q3dS2EnDUx3bmyWc6D4szJNVGtaR7zc","leverage":5040,"source":"mn6q3dS2EnDUx3bmyWc6D4szJNVGtaR7zc","status":"open","target_value":1.0,"tx_hash":"12301a88d640234d05a4d7f68d408d2061d4a12580bccab9f0efb14a1570f33e","tx_index":18,"wager_quantity":650000000,"wager_remaining":650000000}',0,'OPEN_BET','12301a88d640234d05a4d7f68d408d2061d4a12580bccab9f0efb14a1570f33e','8e98b113e7abab0490255998f45d4d27beec4347ee60f786222f0cb3eac41e70');
INSERT INTO messages VALUES(135,310017,'insert','credits','{"address":"mn6q3dS2EnDUx3bmyWc6D4szJNVGtaR7zc","asset":"XCP","block_index":310017,"calling_function":"filled","event":"12301a88d640234d05a4d7f68d408d2061d4a12580bccab9f0efb14a1570f33e","quantity":0,"tx_index":18,"utxo":null,"utxo_address":null}',0,'CREDIT','12301a88d640234d05a4d7f68d408d2061d4a12580bccab9f0efb14a1570f33e','e7abed8f21ea3abc53cd34257b293960b1969788a9d5c76c47f7ff49ccb35580');
INSERT INTO messages VALUES(136,310017,'update','bets','{"counterwager_remaining":0,"status":"filled","tx_hash":"2c7c77c034316eb354d67f3b9ea6640bad290d4a5e25c21dc96e5dd5f2911a6b","wager_remaining":0}',0,'BET_UPDATE','12301a88d640234d05a4d7f68d408d2061d4a12580bccab9f0efb14a1570f33e','835fd4249780510ee91363f3c6ce369795597e0e8e6a47cb35eaf0ea855c33ff');
INSERT INTO messages VALUES(137,310017,'insert','credits','{"address":"mn6q3dS2EnDUx3bmyWc6D4szJNVGtaR7zc","asset":"XCP","block_index":310017,"calling_function":"filled","event":"12301a88d640234d05a4d7f68d408d2061d4a12580bccab9f0efb14a1570f33e","quantity":0,"tx_index":18,"utxo":null,"utxo_address":null}',0,'CREDIT','12301a88d640234d05a4d7f68d408d2061d4a12580bccab9f0efb14a1570f33e','b708ef2f92ceeea49b56818802802103b8fedf866a309611a9193cca4562967f');
INSERT INTO messages VALUES(138,310017,'update','bets','{"counterwager_remaining":0,"status":"filled","tx_hash":"12301a88d640234d05a4d7f68d408d2061d4a12580bccab9f0efb14a1570f33e","wager_remaining":0}',0,'BET_UPDATE','12301a88d640234d05a4d7f68d408d2061d4a12580bccab9f0efb14a1570f33e','9e44aa3b9f89546cbea4b1874aaeec6e45ab3d213c3cb942b8617c1c860e13c6');
INSERT INTO messages VALUES(139,310017,'insert','bet_matches','{"backward_quantity":650000000,"block_index":310016,"deadline":1388000200,"fee_fraction_int":99999999,"feed_address":"mn6q3dS2EnDUx3bmyWc6D4szJNVGtaR7zc","forward_quantity":750000000,"id":"2c7c77c034316eb354d67f3b9ea6640bad290d4a5e25c21dc96e5dd5f2911a6b_12301a88d640234d05a4d7f68d408d2061d4a12580bccab9f0efb14a1570f33e","initial_value":100.0,"leverage":5040,"match_expire_index":310026,"status":"pending","target_value":1.0,"tx0_address":"mn6q3dS2EnDUx3bmyWc6D4szJNVGtaR7zc","tx0_bet_type":2,"tx0_block_index":310016,"tx0_expiration":10,"tx0_hash":"2c7c77c034316eb354d67f3b9ea6640bad290d4a5e25c21dc96e5dd5f2911a6b","tx0_index":17,"tx1_address":"mn6q3dS2EnDUx3bmyWc6D4szJNVGtaR7zc","tx1_bet_type":3,"tx1_block_index":310017,"tx1_expiration":10,"tx1_hash":"12301a88d640234d05a4d7f68d408d2061d4a12580bccab9f0efb14a1570f33e","tx1_index":18}',0,'BET_MATCH','12301a88d640234d05a4d7f68d408d2061d4a12580bccab9f0efb14a1570f33e','83f30d6b8deeb3633312efc4ab988ff977835881bcb080f8aecfd5999ab5cb20');
INSERT INTO messages VALUES(140,310017,'parse','transactions','{"supported":true,"tx_hash":"12301a88d640234d05a4d7f68d408d2061d4a12580bccab9f0efb14a1570f33e","tx_index":18}',0,'TRANSACTION_PARSED','12301a88d640234d05a4d7f68d408d2061d4a12580bccab9f0efb14a1570f33e','e2e4e976a6c0430999b3938355bf7e0cee11671b6fb9a6bc48c1e933b65fc875');
INSERT INTO messages VALUES(141,310017,'parse','blocks','{"block_index":310017,"ledger_hash":"19cf18f708dab6a983a2642802deb38d25b6fc205ea663059a0569fa38bdaf8d","messages_hash":"7942a459aca275dca4f9a2e7d1ef0243fda249ce65333dd5bb1851a5ccfc5c13","transaction_count":1,"txlist_hash":"7752b8681b79da116320757ff8c5345ead2824e71522b17b814c58409d198992"}',0,'BLOCK_PARSED',NULL,'8dcc1fb00ea2b77bb1406251dd71ebc21972b7b253f7443fa704b1135954b9e6');
INSERT INTO messages VALUES(142,310018,'insert','blocks','{"block_hash":"35c06f9e3de39e4e56ceb1d1a22008f52361c50dd0d251c0acbe2e3c2dba8ed3","block_index":310018,"block_time":310018000,"difficulty":null,"ledger_hash":null,"previous_block_hash":null,"txlist_hash":null}',0,'NEW_BLOCK',NULL,'9399b44e29eb50f356056e13501b9dd6fbbd79c2bd0beb5484442d5ea1bc5592');
INSERT INTO messages VALUES(143,310018,'insert','transactions','{"block_hash":"35c06f9e3de39e4e56ceb1d1a22008f52361c50dd0d251c0acbe2e3c2dba8ed3","block_index":310018,"block_time":310018000,"btc_amount":0,"data":"0000001e52bb33324058f7256ffc115e004c4b4009556e69742054657374","destination":"","fee":1260,"source":"mn6q3dS2EnDUx3bmyWc6D4szJNVGtaR7zc","supported":true,"tx_hash":"e2808691e73597225c46cdbbae494f11b651afdfb50ded64fb7ea10d30901f53","tx_index":19,"utxos_info":" b302aafdf802a631358e66e81e15e8221c0382e1f554c373739151208af058a0:0 2 "}',0,'NEW_TRANSACTION',NULL,'d8f5a0f7411308f4e8eac7ad24b1fa7a08932225d48cb88f0e5c671ff2074063');
INSERT INTO messages VALUES(144,310018,'insert','broadcasts','{"block_index":310018,"fee_fraction_int":5000000,"locked":false,"source":"mn6q3dS2EnDUx3bmyWc6D4szJNVGtaR7zc","status":"valid","text":"Unit Test","timestamp":1388000050,"tx_hash":"e2808691e73597225c46cdbbae494f11b651afdfb50ded64fb7ea10d30901f53","tx_index":19,"value":99.86166}',0,'BROADCAST','e2808691e73597225c46cdbbae494f11b651afdfb50ded64fb7ea10d30901f53','7a180f759081b0ba284814e3da612933e4612561f432c5b7cd8f0b6f275f40af');
INSERT INTO messages VALUES(145,310018,'insert','credits','{"address":"mn6q3dS2EnDUx3bmyWc6D4szJNVGtaR7zc","asset":"XCP","block_index":310018,"calling_function":"bet settled: liquidated for bear","event":"e2808691e73597225c46cdbbae494f11b651afdfb50ded64fb7ea10d30901f53","quantity":59137500,"tx_index":19,"utxo":null,"utxo_address":null}',0,'CREDIT','e2808691e73597225c46cdbbae494f11b651afdfb50ded64fb7ea10d30901f53','8e9aa0bd7caf5ebeb03f0eebee80798985112045bb3e258b93713a55357f63d3');
INSERT INTO messages VALUES(146,310018,'insert','credits','{"address":"mn6q3dS2EnDUx3bmyWc6D4szJNVGtaR7zc","asset":"XCP","block_index":310018,"calling_function":"feed fee","event":"e2808691e73597225c46cdbbae494f11b651afdfb50ded64fb7ea10d30901f53","quantity":3112500,"tx_index":19,"utxo":null,"utxo_address":null}',0,'CREDIT','e2808691e73597225c46cdbbae494f11b651afdfb50ded64fb7ea10d30901f53','36e81c10542c4925e821fa104189c455ed490dae0fa2fbc1d354e06e51fba141');
INSERT INTO messages VALUES(147,310018,'insert','bet_match_resolutions','{"bear_credit":59137500,"bet_match_id":"87fd9c7dc7c9b30fa308ae6d43841500f201231e14ab4d349f81258eef07146b_21f454de7d6beeb791366f824a4c318486176a75677a17ce9af00f2083d7e41a","bet_match_type_id":1,"block_index":310018,"bull_credit":0,"escrow_less_fee":null,"fee":3112500,"settled":false,"winner":null}',0,'BET_MATCH_RESOLUTON','e2808691e73597225c46cdbbae494f11b651afdfb50ded64fb7ea10d30901f53','23a89bd16978ced7e9b6a4298142013d573b09eadac5d7c998f891431532c6c8');
INSERT INTO messages VALUES(148,310018,'update','bet_matches','{"id":"87fd9c7dc7c9b30fa308ae6d43841500f201231e14ab4d349f81258eef07146b_21f454de7d6beeb791366f824a4c318486176a75677a17ce9af00f2083d7e41a","status":"settled: liquidated for bear"}',0,'BET_MATCH_UPDATE','e2808691e73597225c46cdbbae494f11b651afdfb50ded64fb7ea10d30901f53','f018c98a42ad07f45283dd73a75a41f309acb2016d62f08b5f37ccc16a67863a');
INSERT INTO messages VALUES(149,310018,'parse','transactions','{"supported":true,"tx_hash":"e2808691e73597225c46cdbbae494f11b651afdfb50ded64fb7ea10d30901f53","tx_index":19}',0,'TRANSACTION_PARSED','e2808691e73597225c46cdbbae494f11b651afdfb50ded64fb7ea10d30901f53','bada9e5381625949f2a5f271702c37fce38696edef4aca3879d086bee9bc065a');
INSERT INTO messages VALUES(150,310018,'parse','blocks','{"block_index":310018,"ledger_hash":"d9ac565fbe7bf18c1d899dab8e0c98e070880e36fa51710382017d46ddf837cf","messages_hash":"41ae0e6cbbce0f591ec7168b211c6722ecedb8caf9de833744531f5b42e00fad","transaction_count":1,"txlist_hash":"f32ee15a8206ba4ab052b8cb67f210e44848e608d9afa501a465db0591a7f6d6"}',0,'BLOCK_PARSED',NULL,'d470fff1008632e195310f2d49eec0f718c5b3d6aca280425f4be06cddc09ca3');
INSERT INTO messages VALUES(151,310019,'insert','blocks','{"block_hash":"114affa0c4f34b1ebf8e2778c9477641f60b5b9e8a69052158041d4c41893294","block_index":310019,"block_time":310019000,"difficulty":null,"ledger_hash":null,"previous_block_hash":null,"txlist_hash":null}',0,'NEW_BLOCK',NULL,'11069651f7e5b1082534087758727227260c392773911ac412654664ab9a146a');
INSERT INTO messages VALUES(152,310019,'insert','transactions','{"block_hash":"114affa0c4f34b1ebf8e2778c9477641f60b5b9e8a69052158041d4c41893294","block_index":310019,"block_time":310019000,"btc_amount":0,"data":"0000001e52bb3365405915f3b645a1cb004c4b4009556e69742054657374","destination":"","fee":1260,"source":"mn6q3dS2EnDUx3bmyWc6D4szJNVGtaR7zc","supported":true,"tx_hash":"6045a0b4181b98a542e15e0813234c0a0d4741802f3eabcaa04b9b9695398371","tx_index":20,"utxos_info":" 89ddacbdd945944efb2e99750ade61fb259c8753da9e837a247612972e0aa9eb:0 2 "}',0,'NEW_TRANSACTION',NULL,'8decc0f34eb66f3d458554c02e4ee995fa3119a79e24e976fa0a4735d47063c3');
INSERT INTO messages VALUES(153,310019,'insert','broadcasts','{"block_index":310019,"fee_fraction_int":5000000,"locked":false,"source":"mn6q3dS2EnDUx3bmyWc6D4szJNVGtaR7zc","status":"valid","text":"Unit Test","timestamp":1388000101,"tx_hash":"6045a0b4181b98a542e15e0813234c0a0d4741802f3eabcaa04b9b9695398371","tx_index":20,"value":100.343}',0,'BROADCAST','6045a0b4181b98a542e15e0813234c0a0d4741802f3eabcaa04b9b9695398371','2a49e1b7b78764c0462e0f2619f4ee66774859c7c742c0386c5cb92196f3e717');
INSERT INTO messages VALUES(154,310019,'insert','credits','{"address":"mn6q3dS2EnDUx3bmyWc6D4szJNVGtaR7zc","asset":"XCP","block_index":310019,"calling_function":"bet settled","event":"6045a0b4181b98a542e15e0813234c0a0d4741802f3eabcaa04b9b9695398371","quantity":159300000,"tx_index":20,"utxo":null,"utxo_address":null}',0,'CREDIT','6045a0b4181b98a542e15e0813234c0a0d4741802f3eabcaa04b9b9695398371','283965790951379d4f00061e103dbead74437255dafee270fcc03458c3665a03');
INSERT INTO messages VALUES(155,310019,'insert','credits','{"address":"mn6q3dS2EnDUx3bmyWc6D4szJNVGtaR7zc","asset":"XCP","block_index":310019,"calling_function":"bet settled","event":"6045a0b4181b98a542e15e0813234c0a0d4741802f3eabcaa04b9b9695398371","quantity":315700000,"tx_index":20,"utxo":null,"utxo_address":null}',0,'CREDIT','6045a0b4181b98a542e15e0813234c0a0d4741802f3eabcaa04b9b9695398371','04ef518f575abf539b743851160346dc5b04cbc57173392ceda04956497f26db');
INSERT INTO messages VALUES(156,310019,'insert','credits','{"address":"mn6q3dS2EnDUx3bmyWc6D4szJNVGtaR7zc","asset":"XCP","block_index":310019,"calling_function":"feed fee","event":"6045a0b4181b98a542e15e0813234c0a0d4741802f3eabcaa04b9b9695398371","quantity":25000000,"tx_index":20,"utxo":null,"utxo_address":null}',0,'CREDIT','6045a0b4181b98a542e15e0813234c0a0d4741802f3eabcaa04b9b9695398371','5ecd3e122495449c311dc3cd70b861a1574bc9cb0ef9f360294b159deabefa92');
INSERT INTO messages VALUES(157,310019,'insert','bet_match_resolutions','{"bear_credit":315700000,"bet_match_id":"92a588a224ade7d38815584474ed2b2ee0f06df14a1e61ddca819244835b1ef6_3549cf94fa08a937c215d93ec05eda09807c23ce6c9ffad85719aa5e0d2b2a04","bet_match_type_id":1,"block_index":310019,"bull_credit":159300000,"escrow_less_fee":null,"fee":25000000,"settled":true,"winner":null}',0,'BET_MATCH_RESOLUTON','6045a0b4181b98a542e15e0813234c0a0d4741802f3eabcaa04b9b9695398371','b273865b1d01a4ca6b3367303f35fe6e5e5d5b43d716df28557c839f8c1b4c32');
INSERT INTO messages VALUES(158,310019,'update','bet_matches','{"id":"92a588a224ade7d38815584474ed2b2ee0f06df14a1e61ddca819244835b1ef6_3549cf94fa08a937c215d93ec05eda09807c23ce6c9ffad85719aa5e0d2b2a04","status":"settled"}',0,'BET_MATCH_UPDATE','6045a0b4181b98a542e15e0813234c0a0d4741802f3eabcaa04b9b9695398371','a67f75c16fcf06d529870b4b4778d4ce20549491b86fd9d6a312ad0224bdf0e1');
INSERT INTO messages VALUES(159,310019,'parse','transactions','{"supported":true,"tx_hash":"6045a0b4181b98a542e15e0813234c0a0d4741802f3eabcaa04b9b9695398371","tx_index":20}',0,'TRANSACTION_PARSED','6045a0b4181b98a542e15e0813234c0a0d4741802f3eabcaa04b9b9695398371','0e9c60a2f83726bc2d6b36316ba5647496af92e694b7e61b7bd35ed4d1107629');
INSERT INTO messages VALUES(160,310019,'parse','blocks','{"block_index":310019,"ledger_hash":"b66661deef419a50557d171cc1bcae04f5bc260ed1f5ff56cf08ef39158617a1","messages_hash":"e7c26933615ac2067c16d050de2be4eaef344ee5d6e793ad4dda72d733f08c2b","transaction_count":1,"txlist_hash":"6ebefd6ea094e9668f6773d8dc5ebb5dcaa1d0d6e6f46fb8698621c3e3ae755c"}',0,'BLOCK_PARSED',NULL,'b428bd300cb92a099fe453db53a2eb94ff227f44509d4810ec2d43588acca11c');
INSERT INTO messages VALUES(161,310020,'insert','blocks','{"block_hash":"d93c79920e4a42164af74ecb5c6b903ff6055cdc007376c74dfa692c8d85ebc9","block_index":310020,"block_time":310020000,"difficulty":null,"ledger_hash":null,"previous_block_hash":null,"txlist_hash":null}',0,'NEW_BLOCK',NULL,'aef45439e00ab4f19d1eddbf738b927f74ba6e59e5bd5a654ae4d6b8c2949918');
INSERT INTO messages VALUES(162,310020,'insert','transactions','{"block_hash":"d93c79920e4a42164af74ecb5c6b903ff6055cdc007376c74dfa692c8d85ebc9","block_index":310020,"block_time":310020000,"btc_amount":0,"data":"0000001e52bb33c94000000000000000004c4b4009556e69742054657374","destination":"","fee":1260,"source":"mn6q3dS2EnDUx3bmyWc6D4szJNVGtaR7zc","supported":true,"tx_hash":"f1071060df501dd755361d9567bec3cb5b7c72c2182097db830c432b0087b1a3","tx_index":21,"utxos_info":" 4a6aa675fdd644957e85c287cb905fb9e61c6eda3df23a7fdbd96a7a104bc261:0 2 "}',0,'NEW_TRANSACTION',NULL,'ba5c87762b1007bda4b53db681ff3da0951c2fc60d0c631a2489b5b20ae35c1f');
INSERT INTO messages VALUES(163,310020,'insert','broadcasts','{"block_index":310020,"fee_fraction_int":5000000,"locked":false,"source":"mn6q3dS2EnDUx3bmyWc6D4szJNVGtaR7zc","status":"valid","text":"Unit Test","timestamp":1388000201,"tx_hash":"f1071060df501dd755361d9567bec3cb5b7c72c2182097db830c432b0087b1a3","tx_index":21,"value":2.0}',0,'BROADCAST','f1071060df501dd755361d9567bec3cb5b7c72c2182097db830c432b0087b1a3','78581d54e526834dd6d9ed7df34b123272feb5fb9819a7309ad201e5ac941ac5');
INSERT INTO messages VALUES(164,310020,'insert','credits','{"address":"mn6q3dS2EnDUx3bmyWc6D4szJNVGtaR7zc","asset":"XCP","block_index":310020,"calling_function":"bet settled: for notequal","event":"f1071060df501dd755361d9567bec3cb5b7c72c2182097db830c432b0087b1a3","quantity":1330000000,"tx_index":21,"utxo":null,"utxo_address":null}',0,'CREDIT','f1071060df501dd755361d9567bec3cb5b7c72c2182097db830c432b0087b1a3','0f742c6689a8748cdca2532c07cad9274b49f4944863fe46ac94721a6afe284b');
INSERT INTO messages VALUES(165,310020,'insert','credits','{"address":"mn6q3dS2EnDUx3bmyWc6D4szJNVGtaR7zc","asset":"XCP","block_index":310020,"calling_function":"feed fee","event":"f1071060df501dd755361d9567bec3cb5b7c72c2182097db830c432b0087b1a3","quantity":70000000,"tx_index":21,"utxo":null,"utxo_address":null}',0,'CREDIT','f1071060df501dd755361d9567bec3cb5b7c72c2182097db830c432b0087b1a3','6f90bb1e6eb8bb2df34d393c46f711a62c58ff966efde1d96cf21fd003f710a8');
INSERT INTO messages VALUES(166,310020,'insert','bet_match_resolutions','{"bear_credit":null,"bet_match_id":"2c7c77c034316eb354d67f3b9ea6640bad290d4a5e25c21dc96e5dd5f2911a6b_12301a88d640234d05a4d7f68d408d2061d4a12580bccab9f0efb14a1570f33e","bet_match_type_id":5,"block_index":310020,"bull_credit":null,"escrow_less_fee":1330000000,"fee":70000000,"settled":null,"winner":"NotEqual"}',0,'BET_MATCH_RESOLUTON','f1071060df501dd755361d9567bec3cb5b7c72c2182097db830c432b0087b1a3','c70ae29e8f9c34c382e47009c984a10ae31fe1c154261f4c43d236885f90b610');
INSERT INTO messages VALUES(167,310020,'update','bet_matches','{"id":"2c7c77c034316eb354d67f3b9ea6640bad290d4a5e25c21dc96e5dd5f2911a6b_12301a88d640234d05a4d7f68d408d2061d4a12580bccab9f0efb14a1570f33e","status":"settled: for notequal"}',0,'BET_MATCH_UPDATE','f1071060df501dd755361d9567bec3cb5b7c72c2182097db830c432b0087b1a3','4760b0495691a54b24ce1f2191cae06080cd247c0d2633b28398b95bdf0899b3');
INSERT INTO messages VALUES(168,310020,'parse','transactions','{"supported":true,"tx_hash":"f1071060df501dd755361d9567bec3cb5b7c72c2182097db830c432b0087b1a3","tx_index":21}',0,'TRANSACTION_PARSED','f1071060df501dd755361d9567bec3cb5b7c72c2182097db830c432b0087b1a3','f1d75fc7f131140005cc60e83486320d9968df7cef13aa3e3a29b1b924fece3c');
INSERT INTO messages VALUES(169,310020,'parse','blocks','{"block_index":310020,"ledger_hash":"57a6c53e41338011cb06cd60118961dcec0e800f62a2c4b1e9381c666319680f","messages_hash":"ab64b6bc1c728154b138b92c0d4d4c5690df8e8c505d0aac91009d765a24864b","transaction_count":1,"txlist_hash":"2a75e940bdc601faeb1f68e8faa5ef361157bdce6f95da5f8046a957b614d456"}',0,'BLOCK_PARSED',NULL,'a54ae3bd631cabe4c439f341252eee00e466b28ff90598734c7de87781bfe9fc');
INSERT INTO messages VALUES(170,310021,'insert','blocks','{"block_hash":"7c2460bb32c5749c856486393239bf7a0ac789587ac71f32e7237910da8097f2","block_index":310021,"block_time":310021000,"difficulty":null,"ledger_hash":null,"previous_block_hash":null,"txlist_hash":null}',0,'NEW_BLOCK',NULL,'bcc57964bc9ea71fe4528f96de00293157ecbd23a734753f82d188c2acbf59d8');
INSERT INTO messages VALUES(171,310021,'insert','transactions','{"block_hash":"7c2460bb32c5749c856486393239bf7a0ac789587ac71f32e7237910da8097f2","block_index":310021,"block_time":310021000,"btc_amount":0,"data":"0000000a00000000000047670000000002faf08000000000000000010000000002faf080000a0000000000000000","destination":"","fee":1260,"source":"mn6q3dS2EnDUx3bmyWc6D4szJNVGtaR7zc","supported":true,"tx_hash":"e0fc51f621c3b0411056e9a5344357ff22c8b1e42dfeace4eb181849607f5ce9","tx_index":22,"utxos_info":" de5008e590a70479707d7990b2fd0c60a8fb4d604aab743ba6fe140d0e970ec6:0 2 "}',0,'NEW_TRANSACTION',NULL,'35216c395d1aeca88748299fee4820e20958811b31eb4ecb0d49ac17330d0d26');
INSERT INTO messages VALUES(172,310021,'insert','debits','{"action":"open order","address":"mn6q3dS2EnDUx3bmyWc6D4szJNVGtaR7zc","asset":"BBBB","block_index":310021,"event":"e0fc51f621c3b0411056e9a5344357ff22c8b1e42dfeace4eb181849607f5ce9","quantity":50000000,"tx_index":22,"utxo":null,"utxo_address":null}',0,'DEBIT','e0fc51f621c3b0411056e9a5344357ff22c8b1e42dfeace4eb181849607f5ce9','09a5209258c3b2a33ac3bd071e29eb108f7cd1b11effd082b633ddfb3f0570d5');
INSERT INTO messages VALUES(173,310021,'insert','orders','{"block_index":310021,"expiration":10,"expire_index":310031,"fee_provided":1260,"fee_provided_remaining":1260,"fee_required":0,"fee_required_remaining":0,"get_asset":"XCP","get_quantity":50000000,"get_remaining":50000000,"give_asset":"BBBB","give_quantity":50000000,"give_remaining":50000000,"source":"mn6q3dS2EnDUx3bmyWc6D4szJNVGtaR7zc","status":"open","tx_hash":"e0fc51f621c3b0411056e9a5344357ff22c8b1e42dfeace4eb181849607f5ce9","tx_index":22}',0,'OPEN_ORDER','e0fc51f621c3b0411056e9a5344357ff22c8b1e42dfeace4eb181849607f5ce9','7d76e0cdf15e7bd935dbb7a79f38d6cb89f50e48d043589579f94a1b3a13f9a7');
INSERT INTO messages VALUES(174,310021,'parse','transactions','{"supported":true,"tx_hash":"e0fc51f621c3b0411056e9a5344357ff22c8b1e42dfeace4eb181849607f5ce9","tx_index":22}',0,'TRANSACTION_PARSED','e0fc51f621c3b0411056e9a5344357ff22c8b1e42dfeace4eb181849607f5ce9','30085524449ec7a476b33a837acb1ec6c5ebe3ddb458b494e64995043a40a6e8');
INSERT INTO messages VALUES(175,310021,'parse','blocks','{"block_index":310021,"ledger_hash":"66c16af10125f298796da828f1a6c2b43123cda38e3dfc57ccc25b00f3da17f8","messages_hash":"752b2e6d96700692ec80820e38d3cd8eb74f78a80047777bce0581d45e8919b3","transaction_count":1,"txlist_hash":"49b23e403b6a51acbab7aa515e0a2cded02a3be04cdb2dfdd04d5123e27f244c"}',0,'BLOCK_PARSED',NULL,'b37b851d54e9fea6572165a3298eca01e2609ccd28c1e16c4033a91f386405ee');
INSERT INTO messages VALUES(176,310022,'insert','blocks','{"block_hash":"44435f9a99a0aa12a9bfabdc4cb8119f6ea6a6e1350d2d65445fb66a456db5fc","block_index":310022,"block_time":310022000,"difficulty":null,"ledger_hash":null,"previous_block_hash":null,"txlist_hash":null}',0,'NEW_BLOCK',NULL,'69c1aaf2998cf5516b8b1f0e490009442ea216364444af6f6e5b1332df3fb942');
INSERT INTO messages VALUES(177,310022,'insert','transactions','{"block_hash":"44435f9a99a0aa12a9bfabdc4cb8119f6ea6a6e1350d2d65445fb66a456db5fc","block_index":310022,"block_time":310022000,"btc_amount":100000000,"data":"","destination":"mvCounterpartyXXXXXXXXXXXXXXW24Hef","fee":1122,"source":"mn6q3dS2EnDUx3bmyWc6D4szJNVGtaR7zc","supported":true,"tx_hash":"77d4da76d66b220298ce985c0bd9e5835e359d10ddb6c03b9d3bef27ee077559","tx_index":23,"utxos_info":" d546a25aa1c9a7ecbcfdf548b632a0c552bdf53701cc8d9d2adf1aa5a6feb8cf:0 2 "}',0,'NEW_TRANSACTION',NULL,'16643ac4b0bfc9e262009723d3ddb3d98b703787f8d832dfb3a97e284900b4a7');
INSERT INTO messages VALUES(178,310022,'insert','credits','{"address":"mn6q3dS2EnDUx3bmyWc6D4szJNVGtaR7zc","asset":"XCP","block_index":310022,"calling_function":"burn","event":"77d4da76d66b220298ce985c0bd9e5835e359d10ddb6c03b9d3bef27ee077559","quantity":56999887262,"tx_index":23,"utxo":null,"utxo_address":null}',0,'CREDIT','77d4da76d66b220298ce985c0bd9e5835e359d10ddb6c03b9d3bef27ee077559','ac8a69b7b17f7fea7059e5e8abc0d322eb3188b9ef0c464b36d8f90f6b3ede65');
INSERT INTO messages VALUES(179,310022,'insert','burns','{"block_index":310022,"burned":38000000,"earned":56999887262,"source":"mn6q3dS2EnDUx3bmyWc6D4szJNVGtaR7zc","status":"valid","tx_hash":"77d4da76d66b220298ce985c0bd9e5835e359d10ddb6c03b9d3bef27ee077559","tx_index":23}',0,'BURN','77d4da76d66b220298ce985c0bd9e5835e359d10ddb6c03b9d3bef27ee077559','f602864eb77d07efe306c6c93cc2f8ea4756f0b648c19fbccb6059049d05b545');
INSERT INTO messages VALUES(180,310022,'parse','transactions','{"supported":true,"tx_hash":"77d4da76d66b220298ce985c0bd9e5835e359d10ddb6c03b9d3bef27ee077559","tx_index":23}',0,'TRANSACTION_PARSED','77d4da76d66b220298ce985c0bd9e5835e359d10ddb6c03b9d3bef27ee077559','25d41b8dad6270dd319d6a309d0ab3efd67e4e2d7f72848f1308c61c3c666c83');
INSERT INTO messages VALUES(181,310022,'parse','blocks','{"block_index":310022,"ledger_hash":"43b6213cad601a389aed2a4e912be118dfab6cca5358d86bac03f4bee6765493","messages_hash":"c3f2f5df6eee921d7a71d0f2e721646fc710c2a2a0fd5ec0c7c9413d935d3862","transaction_count":1,"txlist_hash":"041b796b5c30bf98c01e72567f96e791589e96717167df3abc8057d13e411a16"}',0,'BLOCK_PARSED',NULL,'a9e2ce7e61777eeb1a01c7a2b349e55b2dc421d0f1f5898e114f96c64d07537b');
INSERT INTO messages VALUES(182,310023,'insert','blocks','{"block_hash":"d8cf5bec1bbcab8ca4f495352afde3b6572b7e1d61b3976872ebb8e9d30ccb08","block_index":310023,"block_time":310023000,"difficulty":null,"ledger_hash":null,"previous_block_hash":null,"txlist_hash":null}',0,'NEW_BLOCK',NULL,'7691d47a87fa1d32a10d1016d5caabad12e9aa79f5222db61c2739ef19ffdb86');
INSERT INTO messages VALUES(183,310023,'insert','transactions','{"block_hash":"d8cf5bec1bbcab8ca4f495352afde3b6572b7e1d61b3976872ebb8e9d30ccb08","block_index":310023,"block_time":310023000,"btc_amount":5430,"data":"0000000000000000000047680000000000002710","destination":"mtQheFaSfWELRB2MyMBaiWjdDm6ux9Ezns","fee":1320,"source":"mn6q3dS2EnDUx3bmyWc6D4szJNVGtaR7zc","supported":true,"tx_hash":"7f2adcfe266ada89505f56bc097185abd8bfbe1617c2052658ad0b3d763c919e","tx_index":24,"utxos_info":" f2edd6da68b5a4469d173ecc7622f0a8e41e67bc9bbeb89fd33f8fc6add98142:0 3 "}',0,'NEW_TRANSACTION',NULL,'4c9fbb6716cd801232116c8346145423205747aeaa49faa25f0e5f6394fd9310');
INSERT INTO messages VALUES(184,310023,'update','bets','{"status":"expired","tx_hash":"87fd9c7dc7c9b30fa308ae6d43841500f201231e14ab4d349f81258eef07146b"}',0,'BET_UPDATE',NULL,'8e4607b26b2974f2208dbe77ac6a227a2d0c4e2b79c5893e879cccc81506a8a7');
INSERT INTO messages VALUES(185,310023,'insert','credits','{"address":"mn6q3dS2EnDUx3bmyWc6D4szJNVGtaR7zc","asset":"XCP","block_index":310023,"calling_function":"recredit wager remaining","event":"87fd9c7dc7c9b30fa308ae6d43841500f201231e14ab4d349f81258eef07146b","quantity":8500000,"tx_index":0,"utxo":null,"utxo_address":null}',0,'CREDIT',NULL,'13bdbb2b3aa9e8bdc8b58e8b7f460375bdfb08c872ebe2ba48118ea95cb7efcb');
INSERT INTO messages VALUES(186,310023,'insert','bet_expirations','{"bet_hash":"87fd9c7dc7c9b30fa308ae6d43841500f201231e14ab4d349f81258eef07146b","bet_index":13,"block_index":310023,"source":"mn6q3dS2EnDUx3bmyWc6D4szJNVGtaR7zc"}',0,'BET_EXPIRATION',NULL,'8bafc133719208ed9ced017e22bc00751be62d4fb4e0bf68a6841db6d0a87656');
INSERT INTO messages VALUES(187,310023,'insert','debits','{"action":"send","address":"mn6q3dS2EnDUx3bmyWc6D4szJNVGtaR7zc","asset":"BBBC","block_index":310023,"event":"7f2adcfe266ada89505f56bc097185abd8bfbe1617c2052658ad0b3d763c919e","quantity":10000,"tx_index":24,"utxo":null,"utxo_address":null}',0,'DEBIT','7f2adcfe266ada89505f56bc097185abd8bfbe1617c2052658ad0b3d763c919e','97bff6f45c938b72e8cdad92087ca2ddfa9ea27c51d289a1567cf7b71d9387c1');
INSERT INTO messages VALUES(188,310023,'insert','credits','{"address":"mtQheFaSfWELRB2MyMBaiWjdDm6ux9Ezns","asset":"BBBC","block_index":310023,"calling_function":"send","event":"7f2adcfe266ada89505f56bc097185abd8bfbe1617c2052658ad0b3d763c919e","quantity":10000,"tx_index":24,"utxo":null,"utxo_address":null}',0,'CREDIT','7f2adcfe266ada89505f56bc097185abd8bfbe1617c2052658ad0b3d763c919e','8e8f5a9e0d8c452aab2fa2cde5611b6718f06b5f5264520609b3949b90d1d2b0');
INSERT INTO messages VALUES(189,310023,'insert','sends','{"asset":"BBBC","block_index":310023,"destination":"mtQheFaSfWELRB2MyMBaiWjdDm6ux9Ezns","msg_index":0,"quantity":10000,"send_type":"send","source":"mn6q3dS2EnDUx3bmyWc6D4szJNVGtaR7zc","status":"valid","tx_hash":"7f2adcfe266ada89505f56bc097185abd8bfbe1617c2052658ad0b3d763c919e","tx_index":24}',0,'SEND','7f2adcfe266ada89505f56bc097185abd8bfbe1617c2052658ad0b3d763c919e','1a12b739bf44b0348264e9cab8a2b4978a21db1cc3c148ac22b0eba877d8f8bd');
INSERT INTO messages VALUES(190,310023,'parse','transactions','{"supported":true,"tx_hash":"7f2adcfe266ada89505f56bc097185abd8bfbe1617c2052658ad0b3d763c919e","tx_index":24}',0,'TRANSACTION_PARSED','7f2adcfe266ada89505f56bc097185abd8bfbe1617c2052658ad0b3d763c919e','475305db4efdd601b1beb2fb2536e7cdf269e56625352089108f4b59fc988713');
INSERT INTO messages VALUES(191,310023,'parse','blocks','{"block_index":310023,"ledger_hash":"8a9758963891bbfbdcb6515d8d3e49c941fedba7de82038776e9f8ed65e803c1","messages_hash":"ad3f2883dfbce6c0d72bdf55ad24360347f559a6481e91812e30d9ac01303a82","transaction_count":1,"txlist_hash":"c459b861d099b0ea687fca6fabe1435d077a0f563fa7a789fc274ec57ec5fe1b"}',0,'BLOCK_PARSED',NULL,'00273b53913d2dae1fd09dc08f4d491e6e51f3e1d547b0930e21d3f3722caab1');
INSERT INTO messages VALUES(192,310024,'insert','blocks','{"block_hash":"b03042b4e18a222b4c8d1e9e1970d93e6e2a2d41686d227ff8ecf0a839223dc5","block_index":310024,"block_time":310024000,"difficulty":null,"ledger_hash":null,"previous_block_hash":null,"txlist_hash":null}',0,'NEW_BLOCK',NULL,'c353a9a796871e7416add902dea7c9b343a3018852cc596b3f98f3c8673033bc');
INSERT INTO messages VALUES(193,310024,'parse','blocks','{"block_index":310024,"ledger_hash":"cb034ab4a3e252fdfe9973a672e208295741a52634c9332b1501d612e0012e19","messages_hash":"05248ef67bcbf5b0040a24a36eb245757223927bd4bdd4b963d6829468ebf70a","transaction_count":0,"txlist_hash":"bc736f049d6e825e9a2eac4f96923e1377bac22ee6a2333ac9a8ded5cc289112"}',0,'BLOCK_PARSED',NULL,'e730184d681309666b1304ed13738271c2004ebf19392c67c283e83fecd3d94e');
INSERT INTO messages VALUES(194,310025,'insert','blocks','{"block_hash":"a872e560766832cc3b4f7f222228cb6db882ce3c54f6459f62c71d5cd6e90666","block_index":310025,"block_time":310025000,"difficulty":null,"ledger_hash":null,"previous_block_hash":null,"txlist_hash":null}',0,'NEW_BLOCK',NULL,'6304d76c0c171c5f5f3d6c86b7c8c919027a3b4a4492131d8660328b7323c512');
INSERT INTO messages VALUES(195,310025,'parse','blocks','{"block_index":310025,"ledger_hash":"5addc8253469d5c729cdffc1c637b75d9e8886a633d4406dedf2b1c16ba5b92a","messages_hash":"27278544b80d92f0b6aeb2b96266613c82f08b65c7257efd095b725febb04111","transaction_count":0,"txlist_hash":"7f0918fd271e8866340797f8d9d2f07c191353a6adac559a9b8dbb26086a6cca"}',0,'BLOCK_PARSED',NULL,'d83372868d1c66e48f67092df960b7cfc256e8a269308e37748f16e49622079d');
INSERT INTO messages VALUES(196,310026,'insert','blocks','{"block_hash":"6c96350f6f2f05810f19a689de235eff975338587194a36a70dfd0fcd490941a","block_index":310026,"block_time":310026000,"difficulty":null,"ledger_hash":null,"previous_block_hash":null,"txlist_hash":null}',0,'NEW_BLOCK',NULL,'ba5ac0e244b8326d20b03e677e79b95fe89342df7ab8ccfa03565580a1bbbb7e');
INSERT INTO messages VALUES(197,310026,'parse','blocks','{"block_index":310026,"ledger_hash":"8620bd0283c320330631185d1b2351718f174732bd099324a0880719cdfc18c7","messages_hash":"d32a6ab7e31356f7e282be97c2566518adb3b5b32c6b3a95a86ecd33b1c59f69","transaction_count":0,"txlist_hash":"d6e385d80a9a610e811f1b9cd7ffb45e12ff52d3f944a325713d755334a008f0"}',0,'BLOCK_PARSED',NULL,'8cde0962eb2811f2d018d390d484fe44b5456b6ea7e9a785afba86287d1c9675');
INSERT INTO messages VALUES(198,310027,'insert','blocks','{"block_hash":"d7acfac66df393c4482a14c189742c0571b89442eb7f817b34415a560445699e","block_index":310027,"block_time":310027000,"difficulty":null,"ledger_hash":null,"previous_block_hash":null,"txlist_hash":null}',0,'NEW_BLOCK',NULL,'37161981f1215221a17a4e50d4b0ed4a4924426526919333d7420b48809fbeb1');
INSERT INTO messages VALUES(199,310027,'parse','blocks','{"block_index":310027,"ledger_hash":"96960e09478184f4f0ad38d1fc03f0c0240e58715a0a29745a6dc58c40003249","messages_hash":"3817aff29853301b279c36dab9acafcfbe83d9bf4958bf74c0c3ae573579813b","transaction_count":0,"txlist_hash":"ab08f22f788e381a2a5ae13b641b94ebafef6d0d2ac1436c0362b523b942a41f"}',0,'BLOCK_PARSED',NULL,'7ad45721e943ca4bfb541be0b2bb5954e13c029551fa3a522d816caa5882c6e6');
INSERT INTO messages VALUES(200,310028,'insert','blocks','{"block_hash":"02409fcf8fa06dafcb7f11e38593181d9c42cc9d5e2ddc304d098f990bd9530b","block_index":310028,"block_time":310028000,"difficulty":null,"ledger_hash":null,"previous_block_hash":null,"txlist_hash":null}',0,'NEW_BLOCK',NULL,'814a146788ad718948e8d8382227182fd2263f16658821c6ce0259a5bb590f43');
INSERT INTO messages VALUES(201,310028,'parse','blocks','{"block_index":310028,"ledger_hash":"2f556d2528abe1c4e9d31f6ed70d400d94633d4dfb54c9a4f250e1b054f9a384","messages_hash":"a435cd4234f025cf31ea42598d29909c4907af0a9a390e10d94908d40833586f","transaction_count":0,"txlist_hash":"2ffbef5660529d2b9b88e67cebce1b1e8ec7483e4e19c6dc3bcc8b8c0a3b5711"}',0,'BLOCK_PARSED',NULL,'38a6ce742be7f10ee8e4b778044e1ad8f446d12c8fcb30735bc10a13b35f7364');
INSERT INTO messages VALUES(202,310029,'insert','blocks','{"block_hash":"3c739fa8b40c118d5547ea356ee8d10ee2898871907643ec02e5db9d00f03cc6","block_index":310029,"block_time":310029000,"difficulty":null,"ledger_hash":null,"previous_block_hash":null,"txlist_hash":null}',0,'NEW_BLOCK',NULL,'c08b3837ebda9897aa9db65e0cdd08f0806d56d16a7995155b6b2e829784559f');
INSERT INTO messages VALUES(203,310029,'parse','blocks','{"block_index":310029,"ledger_hash":"be195b1f7b7b55dcefb83907d954736d4bf059a9e32055131efd16602d7761d6","messages_hash":"6bf94afdd0625b474255772babdcf77a5ba1bcf527f67583ffa05bb21f51946b","transaction_count":0,"txlist_hash":"57e817629ef1fbd56dcd44805c589b7387a927bc55ac8971711a71e815c20fe6"}',0,'BLOCK_PARSED',NULL,'7eef2a091ec94514190f9b2f5ae4436ceb91918a85155934c64d3563b723f23d');
INSERT INTO messages VALUES(204,310030,'insert','blocks','{"block_hash":"d5071cddedf89765ee0fd58f209c1c7d669ba8ea66200a57587da8b189b9e4f5","block_index":310030,"block_time":310030000,"difficulty":null,"ledger_hash":null,"previous_block_hash":null,"txlist_hash":null}',0,'NEW_BLOCK',NULL,'bbc9208b439468194417d6fd80706be6c290c177fb72d4d0300c65bf99cf41d8');
INSERT INTO messages VALUES(205,310030,'parse','blocks','{"block_index":310030,"ledger_hash":"d3a25656dbb63eecf1c89820581fcab193d750f3a09ca8ab34a5008c8d89051d","messages_hash":"61c3c9956b205b80439394d14d63f591997d4836d5ffb86798632b6548d097c3","transaction_count":0,"txlist_hash":"0b69153d65239a49347a5494a231359b0561488e568060473af66aaf4892e7e0"}',0,'BLOCK_PARSED',NULL,'5c4cd5007d7814b498f3268d095a6f57723c56f3bc94dceae96f76822d3cf3bf');
INSERT INTO messages VALUES(206,310031,'insert','blocks','{"block_hash":"0b02b10f41380fff27c543ea8891ecb845bf7a003ac5c87e15932aff3bfcf689","block_index":310031,"block_time":310031000,"difficulty":null,"ledger_hash":null,"previous_block_hash":null,"txlist_hash":null}',0,'NEW_BLOCK',NULL,'90ac6200f5ec878fce523e976bd52cfc2b667ce5089915d21fe6dd9198db0dc9');
INSERT INTO messages VALUES(207,310031,'parse','blocks','{"block_index":310031,"ledger_hash":"0edb535f8c6a40062a86e4ea327cf7fb70310b6d55a6654d5a23e54498aa3159","messages_hash":"9d8073f1c690a87a8d7d02af93db1d056c68090e37b567c1676bc798a5c6281d","transaction_count":0,"txlist_hash":"83c6a57bc0cd3785180e3c37e67c36350d426eb1f23ce082448a070dbbbe07c8"}',0,'BLOCK_PARSED',NULL,'fe528cb8d8cb9e6a80112cb7861524c0f1c7f64ab5c89d6d7597fc3616988cfd');
INSERT INTO messages VALUES(208,310032,'insert','blocks','{"block_hash":"66346be81e6ba04544f2ae643b76c2b7b1383f038fc2636e02e49dc7ec144074","block_index":310032,"block_time":310032000,"difficulty":null,"ledger_hash":null,"previous_block_hash":null,"txlist_hash":null}',0,'NEW_BLOCK',NULL,'770b9b41e78ee4cc8d2a6fc4a4f652a5a7c4d934ca589c01ad511132aefa41f6');
INSERT INTO messages VALUES(209,310032,'update','orders','{"status":"expired","tx_hash":"e0fc51f621c3b0411056e9a5344357ff22c8b1e42dfeace4eb181849607f5ce9"}',0,'ORDER_UPDATE',NULL,'e59552a8060bc18e39f14bc7dd1e1fa264e708c97e885135024148ed2524f914');
INSERT INTO messages VALUES(210,310032,'insert','credits','{"address":"mn6q3dS2EnDUx3bmyWc6D4szJNVGtaR7zc","asset":"BBBB","block_index":310032,"calling_function":"cancel order","event":"e0fc51f621c3b0411056e9a5344357ff22c8b1e42dfeace4eb181849607f5ce9","quantity":50000000,"tx_index":0,"utxo":null,"utxo_address":null}',0,'CREDIT',NULL,'37351f459960670882831050a5490a52de69a993de8bc91d7db912b4dbca386b');
INSERT INTO messages VALUES(211,310032,'insert','order_expirations','{"block_index":310032,"order_hash":"e0fc51f621c3b0411056e9a5344357ff22c8b1e42dfeace4eb181849607f5ce9","source":"mn6q3dS2EnDUx3bmyWc6D4szJNVGtaR7zc"}',0,'ORDER_EXPIRATION',NULL,'f15680a26dbdff73b890370bdd77f785095120159616742559d295c773e862e6');
INSERT INTO messages VALUES(212,310032,'parse','blocks','{"block_index":310032,"ledger_hash":"a9208a1b7f782852d652e5089c6485744031176b4d285ea985bbc1df0ccf49c0","messages_hash":"dc50e63f78842d8fa3871f192473666ca7d53fe629bdfc203745064b9fbb1af4","transaction_count":0,"txlist_hash":"5f94f3e622689bf141b8a56284cf1bc9f6c64f5923b1d31ffb94965d78a63b57"}',0,'BLOCK_PARSED',NULL,'7e3080b9f3ed26da9b6708770bd6bc4f6f88f5c7f814b70b391128cb5ba0fe17');
INSERT INTO messages VALUES(213,310033,'insert','blocks','{"block_hash":"999c65df9661f73e8c01f1da1afda09ac16788b72834f0ff5ea3d1464afb4707","block_index":310033,"block_time":310033000,"difficulty":null,"ledger_hash":null,"previous_block_hash":null,"txlist_hash":null}',0,'NEW_BLOCK',NULL,'1176a9ca86473fe9999d2ad4955133f9f95bbf558f470c9c1ff7ba3ff9a86ff9');
INSERT INTO messages VALUES(214,310033,'parse','blocks','{"block_index":310033,"ledger_hash":"c8a973eb6bdd28dcab4f1b2a5e29e104944745e57a54e6d87b370aafb2e589f6","messages_hash":"4a4fd8d90af89d657a52aeec76ca709cc752fca3152cc4b13682482670a9b2ce","transaction_count":0,"txlist_hash":"9cf009292bbaf6e3deeba6c7a9f1a4721d6ee8b1100e1b90330169592276aac7"}',0,'BLOCK_PARSED',NULL,'e801b6d3e4f34bd6c23be6084e63a3691155693d39169924a336dce46a2785c0');
INSERT INTO messages VALUES(215,310034,'insert','blocks','{"block_hash":"f552edd2e0a648230f3668e72ddf0ddfb1e8ac0f4c190f91b89c1a8c2e357208","block_index":310034,"block_time":310034000,"difficulty":null,"ledger_hash":null,"previous_block_hash":null,"txlist_hash":null}',0,'NEW_BLOCK',NULL,'fd106bcd55d2ad59d9c8d155fff4f6833cfece0fddec8346db308f6adaaff77d');
INSERT INTO messages VALUES(216,310034,'parse','blocks','{"block_index":310034,"ledger_hash":"0d7b5809b7a5aa5ff854cfe141490a78c9b33e16f8102a8e804dbf0a0a8c0842","messages_hash":"dad19e1b3abd2f8911b700c17d0ce857e82054a661c85e2d4b153a217e7f7b34","transaction_count":0,"txlist_hash":"79a01ed5651a304d243a64cf19f3dd8f907fe490a196e7d669d61b425650383f"}',0,'BLOCK_PARSED',NULL,'ffe3dc8ada744d021bfc80f87cc559de8033112f52e683d5fd55fc6352c95255');
INSERT INTO messages VALUES(217,310035,'insert','blocks','{"block_hash":"a13cbb016f3044207a46967a4ba1c87dab411f78c55c1179f2336653c2726ae2","block_index":310035,"block_time":310035000,"difficulty":null,"ledger_hash":null,"previous_block_hash":null,"txlist_hash":null}',0,'NEW_BLOCK',NULL,'93f7dd08d31b26befe50714c58b1a22f3aed57a24b8b46da09ce1441ff3afbf2');
INSERT INTO messages VALUES(218,310035,'parse','blocks','{"block_index":310035,"ledger_hash":"6b4c99289086445a7bf575110172a661c1cd37c418b70afd8ef3be0982041f5e","messages_hash":"e0b9a858735883c79db29bb6e4b9b1190fe36ca40c02b10b89a1e7aaca71831c","transaction_count":0,"txlist_hash":"629cda7a4198dd1fbd7019782ac2eade1efd3349d8469f634d743bac0f4cbf1d"}',0,'BLOCK_PARSED',NULL,'5241848b9319eac7a3cc76d60997217f934aba846b7eeb314ce20afb75700901');
INSERT INTO messages VALUES(219,310036,'insert','blocks','{"block_hash":"158648a98f1e1bd1875584ce8449eb15a4e91a99a923bbb24c4210135cef0c76","block_index":310036,"block_time":310036000,"difficulty":null,"ledger_hash":null,"previous_block_hash":null,"txlist_hash":null}',0,'NEW_BLOCK',NULL,'844af5a4c3bd5fd25499259fc16c0eaed47c5a1815299dbcedff6059df4bb549');
INSERT INTO messages VALUES(220,310036,'parse','blocks','{"block_index":310036,"ledger_hash":"f20b81389b2f4c9c9be4442b3c68f87da881406f1490637c7d93d63539155a7e","messages_hash":"d519cb812ca0733c81de1e414d71681bbb124ac4fbb283ea791b4c59a2454020","transaction_count":0,"txlist_hash":"b1116510a9d74b7c219eb8facaae41e9bdfc0f4cb815821bd36d5d8c187402f3"}',0,'BLOCK_PARSED',NULL,'8e6c223cea92c2338c8fb20246672246879210620eca8e9c1070aabb1d331c1a');
INSERT INTO messages VALUES(221,310037,'insert','blocks','{"block_hash":"563acfd6d991ce256d5655de2e9429975c8dceeb221e76d5ec6e9e24a2c27c07","block_index":310037,"block_time":310037000,"difficulty":null,"ledger_hash":null,"previous_block_hash":null,"txlist_hash":null}',0,'NEW_BLOCK',NULL,'f74a5685b206178462c7cdf673c4414c9eb37dd13405e1c3b0caf363bc2b6803');
INSERT INTO messages VALUES(222,310037,'parse','blocks','{"block_index":310037,"ledger_hash":"52d554e6b53b853066a3a8f931fc37779f3596c4388e277a9f66a95e001a09eb","messages_hash":"c5a778c62ce4eb02b6107f281c21cea1e56834c6a73b0807da54f03467100a0e","transaction_count":0,"txlist_hash":"5f53dfc6b2cb10c6de1095df0888b0486db7b3271857fc34a15b58ae31fc216b"}',0,'BLOCK_PARSED',NULL,'dda11aade2918316fe2898382c418c5aebd3b6cf99cac776a73d86ec03f44005');
INSERT INTO messages VALUES(223,310038,'insert','blocks','{"block_hash":"b44b4cad12431c32df27940e18d51f63897c7472b70950d18454edfd640490b2","block_index":310038,"block_time":310038000,"difficulty":null,"ledger_hash":null,"previous_block_hash":null,"txlist_hash":null}',0,'NEW_BLOCK',NULL,'0898e544a4bfc1cd2a7d673279a81e768079f474120f2dad84b69d1f30e5edd8');
INSERT INTO messages VALUES(224,310038,'parse','blocks','{"block_index":310038,"ledger_hash":"08a949af614ff73a79313a5a949908b368efe1f8c131eeeb51ed610baf65ac46","messages_hash":"8f7f2173c277e9e4e181967fd6fed2c78a74b8122da4b6359b79e25d6cab1065","transaction_count":0,"txlist_hash":"898e6b247dbb43650e06d166cb5b7eb92320ab18bf7f864dbabeb9c988efd55c"}',0,'BLOCK_PARSED',NULL,'492d8b96f95df8769c8a88e440fca2d15d220744031fc9dec492959aab03ccc9');
INSERT INTO messages VALUES(225,310039,'insert','blocks','{"block_hash":"5fa1ae9c5e8a599247458987b006ad3a57f686df1f7cc240bf119e911b56c347","block_index":310039,"block_time":310039000,"difficulty":null,"ledger_hash":null,"previous_block_hash":null,"txlist_hash":null}',0,'NEW_BLOCK',NULL,'f2e3198025fa1c4675006fe53332e95ebc92f2f0586426f1d112058ce573d244');
INSERT INTO messages VALUES(226,310039,'parse','blocks','{"block_index":310039,"ledger_hash":"7ff8b2408ee1124a5ee573d31023660aabcdb21599bdcfb4a3bc1895d7910094","messages_hash":"16391562d549ee585cd21c1826b45cd46859ae9cbc487e880ea08378d55ea08a","transaction_count":0,"txlist_hash":"021e08ab6fdf6414967a5527b32902d3db4b163f2126789442808590315f24c2"}',0,'BLOCK_PARSED',NULL,'9d0509103cca27ed3bfbcbd8e00046e6b90e3e15424b694ce6fd0b76a3780227');
INSERT INTO messages VALUES(227,310040,'insert','blocks','{"block_hash":"7200ded406675453eadddfbb2d14c2a4526c7dc2b5de14bd48b29243df5e1aa3","block_index":310040,"block_time":310040000,"difficulty":null,"ledger_hash":null,"previous_block_hash":null,"txlist_hash":null}',0,'NEW_BLOCK',NULL,'92a7827b138c5342b6ac17ce1840da5d2893ef9482a1b8e4ebf9a05c54ce8289');
INSERT INTO messages VALUES(228,310040,'parse','blocks','{"block_index":310040,"ledger_hash":"c687e753c01711e94cfcad1f16d2976a12ef5d6c3731c64db26f969c988fe7c3","messages_hash":"12b37efaaf0e12d8556b2789dfada9adc434442dc3206f175ed920bb4a9d2728","transaction_count":0,"txlist_hash":"d88a2aad362f72224594516961ce642346b12cc55646540b2f6c6419af0c3010"}',0,'BLOCK_PARSED',NULL,'61b42a2077d0f65e21f9aa4b8c1322d571950653121a6e27a9aabdeabf51d8e6');
INSERT INTO messages VALUES(229,310041,'insert','blocks','{"block_hash":"5db592ff9ba5fac1e030cf22d6c13b70d330ba397f415340086ee7357143b359","block_index":310041,"block_time":310041000,"difficulty":null,"ledger_hash":null,"previous_block_hash":null,"txlist_hash":null}',0,'NEW_BLOCK',NULL,'7920b8e41290f4c66bde92319fdc977d6f21528ccb7a84c544d86b05101da7ba');
INSERT INTO messages VALUES(230,310041,'parse','blocks','{"block_index":310041,"ledger_hash":"66f493ec8b5cf8140d1f627f008c50624d3069f56828df90286b53a2d6cbf47e","messages_hash":"794b7afbd25552e3e0fbf964eea53d2fe9fee9740725e1a22f970ded2f43281f","transaction_count":0,"txlist_hash":"aa05c947957fa7e97c481bef85cba759bacd3c9de2cfa1d1c18c468fc5d95064"}',0,'BLOCK_PARSED',NULL,'be51836e7c7e4533d1d79fdd0e4f797a370730a211f5fdee8298be66b51be0f9');
INSERT INTO messages VALUES(231,310042,'insert','blocks','{"block_hash":"826fd4701ef2824e9559b069517cd3cb990aff6a4690830f78fc845ab77fa3e4","block_index":310042,"block_time":310042000,"difficulty":null,"ledger_hash":null,"previous_block_hash":null,"txlist_hash":null}',0,'NEW_BLOCK',NULL,'6198d2976317e535642b5727735fffe201b739a016b9a4565b723821e161b606');
INSERT INTO messages VALUES(232,310042,'parse','blocks','{"block_index":310042,"ledger_hash":"33acd319bde452aa81b589435a31ee3add742870a928ef2c15a7a447b4b4e0fa","messages_hash":"d62aab57e0e87d6c8bec218e26e997479e8ec3cc9e80ea8b3eed0cb25a7deb75","transaction_count":0,"txlist_hash":"fb229d752dc866a198956074283f979a437512107abaf8f09b1cd48f322945ad"}',0,'BLOCK_PARSED',NULL,'e0d59378b79476ea94f444143d21c3f0dbeab4b1372989a8bf261aa731abdb4e');
INSERT INTO messages VALUES(233,310043,'insert','blocks','{"block_hash":"2254a12ada208f1dd57bc17547ecaf3c44720323c47bc7d4b1262477cb7f3c51","block_index":310043,"block_time":310043000,"difficulty":null,"ledger_hash":null,"previous_block_hash":null,"txlist_hash":null}',0,'NEW_BLOCK',NULL,'277a362cafbc6fce05a2473c0bffcefbaf5d765c1ee0effbd0dbdacea7d8f48e');
INSERT INTO messages VALUES(234,310043,'parse','blocks','{"block_index":310043,"ledger_hash":"83997825aa2597adb0292e265f01e937f621cc75d8cc18e23a4bd0c1fb0920c7","messages_hash":"48c8735f66540da5fbd551c8f2c986fce1aa65da0cc04b96e559fe99ffd35775","transaction_count":0,"txlist_hash":"fe306466166daef09869c3bbd4835d17deb69b12bbed641dadd9d1a9ab724de0"}',0,'BLOCK_PARSED',NULL,'d2c1c56d9e0cf0aa54828c39fe52b6626ccdf691204e547516aa4f2921c17ecc');
INSERT INTO messages VALUES(235,310044,'insert','blocks','{"block_hash":"3346d24118d8af0b3c6bcc42f8b85792e7a2e7036ebf6e4c25f4f6723c78e46b","block_index":310044,"block_time":310044000,"difficulty":null,"ledger_hash":null,"previous_block_hash":null,"txlist_hash":null}',0,'NEW_BLOCK',NULL,'b212f111178c80a8618aad2ca25061e49096108268dcad9581f9f3f28b929d5c');
INSERT INTO messages VALUES(236,310044,'parse','blocks','{"block_index":310044,"ledger_hash":"9890bca86442f329b2abf1b3bbf4d94e8ab54d10dfa7823a53f02fcfef030d88","messages_hash":"6850d2afd2d7a9fcf3cb50d6c6d59cd64ecd923b6608264c6041384ca748f696","transaction_count":0,"txlist_hash":"13d9fb5bba28f8b50b0ad57515283bd63742f4d37b77e7d0d673e1221bc3b0dc"}',0,'BLOCK_PARSED',NULL,'bf606037f2eebeb2b146eb10349b720ac00f9daece8c0e2451575f866f2100a8');
INSERT INTO messages VALUES(237,310045,'insert','blocks','{"block_hash":"7bba0ab243839e91ad1a45a762bf074011f8a9883074d68203c6d1b46fffde98","block_index":310045,"block_time":310045000,"difficulty":null,"ledger_hash":null,"previous_block_hash":null,"txlist_hash":null}',0,'NEW_BLOCK',NULL,'9e42f757fbd902cb52f53d159f93697f92eee1b9f5226becbcc8f734ddecbbda');
INSERT INTO messages VALUES(238,310045,'parse','blocks','{"block_index":310045,"ledger_hash":"a909f658a8f405ef1f5cd8bbab03cbd865235544ae1c2f4dc20e2a4393181efc","messages_hash":"c6846e274d0cfec4fd30878805878929f795938331db2b560f27ee04e1980070","transaction_count":0,"txlist_hash":"b9a4da08f03a5ecd0e756b30380e528732ef9205fe8bca4c5ba3dd832348c241"}',0,'BLOCK_PARSED',NULL,'b2deb7bd44bb160356e982156a5816396c97768c9fa939f0044d887ea9885268');
INSERT INTO messages VALUES(239,310046,'insert','blocks','{"block_hash":"47db6788c38f2d6d712764979e41346b55e78cbb4969e0ef5c4336faf18993a6","block_index":310046,"block_time":310046000,"difficulty":null,"ledger_hash":null,"previous_block_hash":null,"txlist_hash":null}',0,'NEW_BLOCK',NULL,'b5de81d83f8c67ddb0efc1dcb257d4230189c76895524749e38f84f6933509d5');
INSERT INTO messages VALUES(240,310046,'parse','blocks','{"block_index":310046,"ledger_hash":"713d2ccc66a1aa7797ea9b6af18b04245478c7582a8aee76cf2c7f3f3060df3a","messages_hash":"e160d904c47430de338b019e8d36adbc97774798ec8fb42037d05f3fef41ff42","transaction_count":0,"txlist_hash":"6353a9325f5d43c1536810ef1390a9bc374d18737265e7a853b71da638ecdf9b"}',0,'BLOCK_PARSED',NULL,'471c60be4ab57bd8c8bd0204aadeec772808f23a2a74dbd2dbc8815e507d85e2');
INSERT INTO messages VALUES(241,310047,'insert','blocks','{"block_hash":"a9ccabcc2a098a7d25e4ab8bda7c4e66807eefa42e29890dcd88149a10de7075","block_index":310047,"block_time":310047000,"difficulty":null,"ledger_hash":null,"previous_block_hash":null,"txlist_hash":null}',0,'NEW_BLOCK',NULL,'1882bc1cf5df3b0f62e74e855abcadb9ec038b85c5050afdec9b835ce3746650');
INSERT INTO messages VALUES(242,310047,'parse','blocks','{"block_index":310047,"ledger_hash":"534500ae61a04841771193d57384d27b54fa2bb92c0698beaa46509b3d39eb1c","messages_hash":"7eb658702657dc3216caf4d97f13c74a95bfac060e0931c05bcf5b295b0cde29","transaction_count":0,"txlist_hash":"b6960a71097b7546b3e53bb3f9ae16de03d2886cc50e70ce3d9c7831b4cb9d17"}',0,'BLOCK_PARSED',NULL,'c1c4893a3527784c19d3a42146d0278869a312116547ea056457c24f2f3a14e1');
INSERT INTO messages VALUES(243,310048,'insert','blocks','{"block_hash":"610bf3935a85b05a98556c55493c6de45bed4d7b3b6c8553a984718765796309","block_index":310048,"block_time":310048000,"difficulty":null,"ledger_hash":null,"previous_block_hash":null,"txlist_hash":null}',0,'NEW_BLOCK',NULL,'993aa33aa51dbea40e1a7c8fdfcf8518ddeb40e00d644612eb75284e94390235');
INSERT INTO messages VALUES(244,310048,'parse','blocks','{"block_index":310048,"ledger_hash":"48c8e5d9ab1887f092731ba2881a330d22d4f03f601dccc096fa5147042a3d55","messages_hash":"cab306aa63ec955a0af38c2b253ece5dab756f89ab3515a6b08ee229bafd236f","transaction_count":0,"txlist_hash":"2fa13fe55aa68cbb156bb3619af89c98cd377a22e391c1c874f37ba91e453364"}',0,'BLOCK_PARSED',NULL,'8ad6bb8f2165abd346b309a719a165ba0669e48eadf57b10aba4730142705bcc');
INSERT INTO messages VALUES(245,310049,'insert','blocks','{"block_hash":"4ad2761923ad49ad2b283b640f1832522a2a5d6964486b21591b71df6b33be3c","block_index":310049,"block_time":310049000,"difficulty":null,"ledger_hash":null,"previous_block_hash":null,"txlist_hash":null}',0,'NEW_BLOCK',NULL,'001d0281dcd461c3bef0b106b4a72d66cc5c112f7999f5b87bf20979a1177bc7');
INSERT INTO messages VALUES(246,310049,'parse','blocks','{"block_index":310049,"ledger_hash":"6c5ec3d2b7d8a724175559db977cb9ab78eecd39b9239688b30d6d3350cb01fe","messages_hash":"b3043bb90ccdffd89f0acc99ee7adbcd1c39b99ebbf0ed19f773c684ab41aeda","transaction_count":0,"txlist_hash":"cdff974983a5fb4b75ad40f8dc6341ad46cda9a4c939cda9b7b8d8f61c965941"}',0,'BLOCK_PARSED',NULL,'92b64cb4fd340fed9fd0472cae5aa8e03be1072ce327f82c1cfc95e37b324991');
INSERT INTO messages VALUES(247,310050,'insert','blocks','{"block_hash":"8cfeb60a14a4cec6e9be13d699694d49007d82a31065a17890383e262071e348","block_index":310050,"block_time":310050000,"difficulty":null,"ledger_hash":null,"previous_block_hash":null,"txlist_hash":null}',0,'NEW_BLOCK',NULL,'a430fcd9322ce5b173a54c492412404ba81ccd3e18bbe2f9c5e0d2cf583f3253');
INSERT INTO messages VALUES(248,310050,'parse','blocks','{"block_index":310050,"ledger_hash":"817dc86594b3820de76f1d2bc2400d702475d558d6ee5bef4313fc154bbdaca2","messages_hash":"55c3a5eacd00235c8579575e573c653eb1eec6166274ef49630ed5188db35c95","transaction_count":0,"txlist_hash":"aa210c5f81a356a5e1e9459c07c4ac9c594e316bd15300f41ec9db7a66f616f9"}',0,'BLOCK_PARSED',NULL,'2f766df838702ec980f138544efd89ed0b69708544b8301234591ccdd7100685');
INSERT INTO messages VALUES(249,310051,'insert','blocks','{"block_hash":"b53c90385dd808306601350920c6af4beb717518493fd23b5c730eea078f33e6","block_index":310051,"block_time":310051000,"difficulty":null,"ledger_hash":null,"previous_block_hash":null,"txlist_hash":null}',0,'NEW_BLOCK',NULL,'cd8ccd46fef769ec8513f87c66e0108722d5c9c3c8cff9611247d8e08c2da6ce');
INSERT INTO messages VALUES(250,310051,'parse','blocks','{"block_index":310051,"ledger_hash":"00916e6bac2f648f953c8d6dff21438a6ec53ad198b33f90667e8d4564e00e78","messages_hash":"a19da731f90191faf4501dbd1c217ee122ea2cec32c591812574e053984440bb","transaction_count":0,"txlist_hash":"215267d6ceb42b2af573a506946daa0186a36924a9648de284491de2e3d91aa8"}',0,'BLOCK_PARSED',NULL,'05da2f8fdf2593c38159ddcec09703e1877f054012da0f0fabdb026116890449');
INSERT INTO messages VALUES(251,310052,'insert','blocks','{"block_hash":"0acdacf4e4b6fca756479cb055191b367b1fa433aa558956f5f08fa5b7b394e2","block_index":310052,"block_time":310052000,"difficulty":null,"ledger_hash":null,"previous_block_hash":null,"txlist_hash":null}',0,'NEW_BLOCK',NULL,'80680c378ec23cfae02a70b5ca87b2da3c4b7f04f4acb6b47febb989135639b0');
INSERT INTO messages VALUES(252,310052,'parse','blocks','{"block_index":310052,"ledger_hash":"959df962b9bc7ef215f1530b886613404adaf81552d6eeb4b1401ea265ad5f4f","messages_hash":"629042d05d0117256e285f46f1e11c97c851465f696085fbf9d0f8e262435030","transaction_count":0,"txlist_hash":"96f68a0da093fb32f4009e4a806c9b915ccc39ac2f2827109c78b2f517235443"}',0,'BLOCK_PARSED',NULL,'40436a88304119b918f2b027735e0d737ee8ba463d2a4f7a2a94a30f5531c46c');
INSERT INTO messages VALUES(253,310053,'insert','blocks','{"block_hash":"68348f01b6dc49b2cb30fe92ac43e527aa90d859093d3bf7cd695c64d2ef744f","block_index":310053,"block_time":310053000,"difficulty":null,"ledger_hash":null,"previous_block_hash":null,"txlist_hash":null}',0,'NEW_BLOCK',NULL,'41c4ff67989045d057209126f6129632fad3ff0262adb529044236ca37d7599c');
INSERT INTO messages VALUES(254,310053,'parse','blocks','{"block_index":310053,"ledger_hash":"d76b639ebddd434e5269de084de0b502e7f0eaff71b4e99de2d4ebdd1fc61380","messages_hash":"2e785ce30dd722756b556fa0f5e856c263d95f07d2caa23b41611fb571912549","transaction_count":0,"txlist_hash":"06c5740a44d9304821f9a57a975f72ac20b7fe8990e0c1b3a8d824cac6d4d344"}',0,'BLOCK_PARSED',NULL,'0d58d398e03dc3ce596ec312fc1e2c031366ed63d95a00d188a23d7141a00390');
INSERT INTO messages VALUES(255,310054,'insert','blocks','{"block_hash":"a8b5f253df293037e49b998675620d5477445c51d5ec66596e023282bb9cd305","block_index":310054,"block_time":310054000,"difficulty":null,"ledger_hash":null,"previous_block_hash":null,"txlist_hash":null}',0,'NEW_BLOCK',NULL,'5166debc7593d2239500c52dda256fac0804a34ccd54dbba50ea0102bebc6ea7');
INSERT INTO messages VALUES(256,310054,'parse','blocks','{"block_index":310054,"ledger_hash":"525e8cabfc993080d128faf38a5e5c9e9afa61423a5f20a90d68cdcacc96b59b","messages_hash":"1241c29fedd8b3faf71f74c4144ced94765905c0f618cd2bdb35275407e49d7e","transaction_count":0,"txlist_hash":"addff6d38baa6872ac88c5ce9ac3d1f4e8f8ad1b94f4b47af18bc01fd98ae954"}',0,'BLOCK_PARSED',NULL,'fd23714a7740edac96b4ed42594f16e3ca12e0b35752947933f99c21088f5c32');
INSERT INTO messages VALUES(257,310055,'insert','blocks','{"block_hash":"4b069152e2dc82e96ed8a3c3547c162e8c3aceeb2a4ac07972f8321a535b9356","block_index":310055,"block_time":310055000,"difficulty":null,"ledger_hash":null,"previous_block_hash":null,"txlist_hash":null}',0,'NEW_BLOCK',NULL,'d40459045570c3fd37c4ee7101413106b82f54d930ed7ed867e53545e7fe8d3c');
INSERT INTO messages VALUES(258,310055,'parse','blocks','{"block_index":310055,"ledger_hash":"155ffdc74a2077a3da7d5c068833468c7d0758dfb525a799f910cdb1543beadb","messages_hash":"2d90edc9d784ffe15bf31ecfe3f88524475f2687bba807f5fb9fb21007e8d420","transaction_count":0,"txlist_hash":"3ce7a124934a965966e398bc35778748f789120765fa39cbdd0a9a8addc48001"}',0,'BLOCK_PARSED',NULL,'f14665ac137e42185aad3e9195ba90e9c589600637c70a53f24f4418a7b557e2');
INSERT INTO messages VALUES(259,310056,'insert','blocks','{"block_hash":"7603eaed418971b745256742f9d2ba70b2c2b2f69f61de6cc70e61ce0336f9d3","block_index":310056,"block_time":310056000,"difficulty":null,"ledger_hash":null,"previous_block_hash":null,"txlist_hash":null}',0,'NEW_BLOCK',NULL,'e141727d6db7d3b7504d973b43faee3271095c96a19141ad555684202df35203');
INSERT INTO messages VALUES(260,310056,'parse','blocks','{"block_index":310056,"ledger_hash":"4f6fe786e34af90927bcd888b4b2a8fc69d3ccdfe4c4bb37edb2007901ce234a","messages_hash":"a59845eb4bafd93627c575620ef91cd4272c8da2f64a6877930e580389dc6529","transaction_count":0,"txlist_hash":"dd19788965f3809049dfecfa32a1586e59db5772a2ae5fd7a2b8c6a2ebe10c80"}',0,'BLOCK_PARSED',NULL,'aff81077be24e521911a5b5b51cbb62bfd1b3fc8208124b466ed066eb6eac272');
INSERT INTO messages VALUES(261,310057,'insert','blocks','{"block_hash":"4a5fdc84f2d66ecb6ee3e3646aad20751ce8694e64e348d3c8aab09d33a3e411","block_index":310057,"block_time":310057000,"difficulty":null,"ledger_hash":null,"previous_block_hash":null,"txlist_hash":null}',0,'NEW_BLOCK',NULL,'3681aeb88cb70caed6142deba4cb738267580a6dca64683a143db9889e280998');
INSERT INTO messages VALUES(262,310057,'parse','blocks','{"block_index":310057,"ledger_hash":"30978d87fd8e32d9d27c92a0d4ca19d179b515ed95410fa96bf496b4cd8aa5e2","messages_hash":"17830c40bae978b83eacd456b7ff4d600a9211870df7719df1ebfe9e95208933","transaction_count":0,"txlist_hash":"46c0d10f6f80ce6b4d58b4fb967505a4b45a83682dc3553fe78f7a7575b7b9eb"}',0,'BLOCK_PARSED',NULL,'cf2bcc4d0ce76d8081c9b288852b3f4777ac7d794e0d246ed77a71ebb6db9bf4');
INSERT INTO messages VALUES(263,310058,'insert','blocks','{"block_hash":"a6eef3089896f0cae0bfe9423392e45c48f4efe4310b14d8cfbdb1fea613635f","block_index":310058,"block_time":310058000,"difficulty":null,"ledger_hash":null,"previous_block_hash":null,"txlist_hash":null}',0,'NEW_BLOCK',NULL,'771202e4d5df42d64369708f0ba349a1475f9e73aa290cbb873c01f1e1aaa30b');
INSERT INTO messages VALUES(264,310058,'parse','blocks','{"block_index":310058,"ledger_hash":"a0760bc5d2f04b381cc46aca84aa3788e8e3fbc833379a26ae812807d3a04fc5","messages_hash":"274d47a8d2891533d87cca64ced1c8d1385792f2c2be092c1e8b8bab7464d1eb","transaction_count":0,"txlist_hash":"0ab80b39e20f5105c526622ba33a9831b7984fe20d95f11ab91917238112ed0c"}',0,'BLOCK_PARSED',NULL,'fa27edacdf5890f1e0bcc2f22d89f9d52662ffbbbee5abf7c26a7b9fd8f4b793');
INSERT INTO messages VALUES(265,310059,'insert','blocks','{"block_hash":"ab505de874c43f97c90be1c26a769e6c5cb140405c993b4a6cc7afc795f156a9","block_index":310059,"block_time":310059000,"difficulty":null,"ledger_hash":null,"previous_block_hash":null,"txlist_hash":null}',0,'NEW_BLOCK',NULL,'2d4d938e822782a194a5e91fa244a5801b5b9caeef208dfcec072f39eb0bb7d9');
INSERT INTO messages VALUES(266,310059,'parse','blocks','{"block_index":310059,"ledger_hash":"26dcef9e54b1a34b6024f8402ddebb6e9449cd90c270e3db75354a001484b1a1","messages_hash":"ad1c45b1b5e045834854cc74a4546fff0c74aee2e2b5c8effcacea12d12b5a81","transaction_count":0,"txlist_hash":"dd4ffc0a824e64cfe424c9ee53448d99e7d3c3e0e61268e3d7e033e66f639b59"}',0,'BLOCK_PARSED',NULL,'e1cefe2402c30ed6c376421e82bbfa9f8afd4947889b4021e920e917e5e37b67');
INSERT INTO messages VALUES(267,310060,'insert','blocks','{"block_hash":"974ad5fbef621e0a38eab811608dc9afaf10c8ecc85fed913075ba1a145e889b","block_index":310060,"block_time":310060000,"difficulty":null,"ledger_hash":null,"previous_block_hash":null,"txlist_hash":null}',0,'NEW_BLOCK',NULL,'0db040423a4bab1ab889dd2645fdb7db0092de7eb4fdca87b20148536069c313');
INSERT INTO messages VALUES(268,310060,'parse','blocks','{"block_index":310060,"ledger_hash":"810ebcdb63a08af5a26d1fd4e7a3604afd03bd06ff620d6a86c665e1c81116d2","messages_hash":"67e69bfb2c1397226f6f27a60433dd6ad25123482e6cc5d90c72550e60b5214a","transaction_count":0,"txlist_hash":"5e9ab5422441d45ac1aac92d80c845d725e2f54a89a9d46785f4ca299d3ed741"}',0,'BLOCK_PARSED',NULL,'db56d9c5c5a4c94b88991c11707c255312d0172cc2b20a641d51d01fbdb7cd79');
INSERT INTO messages VALUES(269,310061,'insert','blocks','{"block_hash":"35d267d21ad386e7b7632292af1c422b0310dde7ca49a82f9577525a29c138cf","block_index":310061,"block_time":310061000,"difficulty":null,"ledger_hash":null,"previous_block_hash":null,"txlist_hash":null}',0,'NEW_BLOCK',NULL,'f8e8e2a09dfa1375af2e7a7c1f048021a70ad6e6654356d5db5f506da3c7387a');
INSERT INTO messages VALUES(270,310061,'parse','blocks','{"block_index":310061,"ledger_hash":"1edfc24d186c7e7267b11c03b0a29e57926e9ab25f668231a18a499cbd08c702","messages_hash":"ca7e98ee15675215e304081e7c9718f1741d139d86538e701af79ae97b1cbeeb","transaction_count":0,"txlist_hash":"37605eeed32e2f8642df79a65243d2a06977a6ed2e54c972e3adb3902852dbac"}',0,'BLOCK_PARSED',NULL,'11fc49bc1ec8026285c150ff0ec3ac304cc9f367697eed56a0515302ac7abfc4');
INSERT INTO messages VALUES(271,310062,'insert','blocks','{"block_hash":"b31a0054145319ef9de8c1cb19df5bcf4dc8a1ece20053aa494e5d3a00a2852f","block_index":310062,"block_time":310062000,"difficulty":null,"ledger_hash":null,"previous_block_hash":null,"txlist_hash":null}',0,'NEW_BLOCK',NULL,'85eeb63df1d841a6c55ba0c13d477142e41821dc0a032fd2053cd0478fc52f17');
INSERT INTO messages VALUES(272,310062,'parse','blocks','{"block_index":310062,"ledger_hash":"b0de9503f019c9548a97bd198e6b1b58b57d6a7c231ace2d72adb0421b29e9b7","messages_hash":"66e88f317666adc6bb8e1e4d01251ecb719001818f91c66b80f29e5cead6f169","transaction_count":0,"txlist_hash":"5c62d3073cd37673c5d98f41fb31d7017c2e87a3807ed271416400ba9c9cae93"}',0,'BLOCK_PARSED',NULL,'83afecc35051ce12bc265ff3b05274a4e860e645fe37bca9ee28e6355161b655');
INSERT INTO messages VALUES(273,310063,'insert','blocks','{"block_hash":"0cbcbcd5b7f2dc288e3a34eab3d4212463a5a56e886804fb4f9f1cf929eadebe","block_index":310063,"block_time":310063000,"difficulty":null,"ledger_hash":null,"previous_block_hash":null,"txlist_hash":null}',0,'NEW_BLOCK',NULL,'6ad7f19bfc1b8d76416b899d0c8fe351898df803d19b5c386995eb9d33ab7c55');
INSERT INTO messages VALUES(274,310063,'parse','blocks','{"block_index":310063,"ledger_hash":"62e41caff168eb4b15eb67ab2130510ba3f17ac186f8516cf5b5c6f168988345","messages_hash":"83a88472270b61e14928d5b7329384fb13fa30132e39134c1c05e52015898b8f","transaction_count":0,"txlist_hash":"a1630ac9b78d8871f28530da539cb4c1f23980805fa8bfcb2d6012046578e0e4"}',0,'BLOCK_PARSED',NULL,'4799411bff6b72fa8c994eab784de8fbd66c1883b42d0614598f5da6a66958db');
INSERT INTO messages VALUES(275,310064,'insert','blocks','{"block_hash":"e2db8065a195e85cde9ddb868a17d39893a60fb2b1255aa5f0c88729de7cbf30","block_index":310064,"block_time":310064000,"difficulty":null,"ledger_hash":null,"previous_block_hash":null,"txlist_hash":null}',0,'NEW_BLOCK',NULL,'04f965b413a9cde45166fb04339d089878e5c4b12912310cae876506ae59c683');
INSERT INTO messages VALUES(276,310064,'parse','blocks','{"block_index":310064,"ledger_hash":"a444b1535d27bb2917478019c4c59abf9474e87128f9ec1e44c20eea1f014f3c","messages_hash":"2de0c5fb421bbeebf5295e9a48daae6daac4792ccbe0513d5e4813ba83443b32","transaction_count":0,"txlist_hash":"818fbd169c6b2935893018429d88664ee0db10edc4520b3dd3c0f31edeb03caa"}',0,'BLOCK_PARSED',NULL,'3f99344fc3191cb08c583dc3743c7546ae14076e5d9e666dd0c04fea279e2c6b');
INSERT INTO messages VALUES(277,310065,'insert','blocks','{"block_hash":"8a7bc7a77c831ac4fd11b8a9d22d1b6a0661b07cef05c2e600c7fb683b861d2a","block_index":310065,"block_time":310065000,"difficulty":null,"ledger_hash":null,"previous_block_hash":null,"txlist_hash":null}',0,'NEW_BLOCK',NULL,'846c7b0e1021451cb819e62899e64f22887e25c5f05c42b6f7f22ddb93610319');
INSERT INTO messages VALUES(278,310065,'parse','blocks','{"block_index":310065,"ledger_hash":"0ad978671f587f99e5e1c1b6f68ac3d18bb03a3bd7ea9afb63590bcef25160c8","messages_hash":"9fc80983a71f67b9efe1bd46a5aa6bc550c9ada107bf46bbffffd8ad4dd797b1","transaction_count":0,"txlist_hash":"2b47c45934ea266aebfdabb81f5b46e383817f02b5dd6bacbbfd0e5fbf634a5f"}',0,'BLOCK_PARSED',NULL,'1037d726fdcda039bb97e9a122003ad1e37dd6a1f5c95b105fe98c38c73c0405');
INSERT INTO messages VALUES(279,310066,'insert','blocks','{"block_hash":"b6959be51eb084747d301f7ccaf9e75f2292c9404633b1532e3692659939430d","block_index":310066,"block_time":310066000,"difficulty":null,"ledger_hash":null,"previous_block_hash":null,"txlist_hash":null}',0,'NEW_BLOCK',NULL,'d9d6903ee44950ac1fa5c9f16a2355df9aca17c5dfc303be4cfa68f724081b40');
INSERT INTO messages VALUES(280,310066,'parse','blocks','{"block_index":310066,"ledger_hash":"a6bb36829770b24fa0b960b85566a0138360a60b52cec62d94d7df8cb0b8f8b4","messages_hash":"041fbe57742885d09b6af2dc31eacedcef29262c9d95b9a712e5b3c0f60544f0","transaction_count":0,"txlist_hash":"a956e7e052e5a3a80c1589cc197587612d3696216cdfc68cd58ee013b7f50f3f"}',0,'BLOCK_PARSED',NULL,'a65ccab24c06404765794720fe70d4df3b54b54bebb29ec2aaef697e6a5e1190');
INSERT INTO messages VALUES(281,310067,'insert','blocks','{"block_hash":"8b08eae98d7193c9c01863fac6effb9162bda010daeacf9e0347112f233b8577","block_index":310067,"block_time":310067000,"difficulty":null,"ledger_hash":null,"previous_block_hash":null,"txlist_hash":null}',0,'NEW_BLOCK',NULL,'77c3d857987f27f2ff4e2e484ca89ca1d81317804627740eebdca36470fb18b5');
INSERT INTO messages VALUES(282,310067,'parse','blocks','{"block_index":310067,"ledger_hash":"9b8ceda9b170429d8b9ed517f0db95487b3058397e20d7e786577c8e46b389b8","messages_hash":"3a36f9715f625f97aafd6796084a55bef5d01f49decaf31712d6e33eaa1275d7","transaction_count":0,"txlist_hash":"788ae1af2dafafa2bc5806d6f4f8de96f7a5870b758b243cc1f8f04a5d067014"}',0,'BLOCK_PARSED',NULL,'5b7ff8de2b4a6c25f2b3888a91c5e7d881d6520e18fc6c6e85e9dffc855787ea');
INSERT INTO messages VALUES(283,310068,'insert','blocks','{"block_hash":"9280e7297ef6313341bc81787a36acfc9af58f83a415afff5e3154f126cf52b5","block_index":310068,"block_time":310068000,"difficulty":null,"ledger_hash":null,"previous_block_hash":null,"txlist_hash":null}',0,'NEW_BLOCK',NULL,'276f49195f3f71eeea117cb0971af5e03e0e5e5bfba7f9f823a25c109d758788');
INSERT INTO messages VALUES(284,310068,'parse','blocks','{"block_index":310068,"ledger_hash":"cee2e41baf86f1af24d555e9ab4a0c023b5f1ab2b054707d4434b4f60d31862a","messages_hash":"65b4e61f2458b318415f3e19a9e4d647748e8ed5de7f93e6add6944bf6464db1","transaction_count":0,"txlist_hash":"4677e59defa66e47429497ee994dfd9cd08e34356132b3328336a92eeb12e9ba"}',0,'BLOCK_PARSED',NULL,'d90c634ac4345b491650ab4f48761699d6fb90ae198113ad4b5ae5548cc316d4');
INSERT INTO messages VALUES(285,310069,'insert','blocks','{"block_hash":"486351f0655bf594ffaab1980cff17353b640b63e9c27239109addece189a6f7","block_index":310069,"block_time":310069000,"difficulty":null,"ledger_hash":null,"previous_block_hash":null,"txlist_hash":null}',0,'NEW_BLOCK',NULL,'6dd0af714d5a871bdaa2c733bd7b1d89a02f2222abeec5adba8805073d05b66f');
INSERT INTO messages VALUES(286,310069,'parse','blocks','{"block_index":310069,"ledger_hash":"cbfd7ff728f05ba3f1db5972f1449618a79d3fd0d76bf7fe990aed2eb2316a38","messages_hash":"7602a41ac21d41cb4bdfef69dfe94c6ccc29bee844eee10673a101dd23e85045","transaction_count":0,"txlist_hash":"23f9d8d0a8da27d64b76e602dcfced2f5c960ec7a0d4b5c9e01a7da0b8ef7898"}',0,'BLOCK_PARSED',NULL,'85251de57343809827d521233550fe7f4e97d36581c37b3e0f525962a9bc6926');
INSERT INTO messages VALUES(287,310070,'insert','blocks','{"block_hash":"8739e99f4dee8bebf1332f37f49a125348b40b93b74fe35579dd52bfba4fa7e5","block_index":310070,"block_time":310070000,"difficulty":null,"ledger_hash":null,"previous_block_hash":null,"txlist_hash":null}',0,'NEW_BLOCK',NULL,'31f0666fcf7029803ada55e992e4dc1ff314e28f6a9b21ecc1bd767752f8483d');
INSERT INTO messages VALUES(288,310070,'parse','blocks','{"block_index":310070,"ledger_hash":"9af85cd995c83b5a5f0cac66351cabdf9dc9faecfee080638fc76019663faaa6","messages_hash":"4e3806ccae987bd3f552721ea852a0f4955947e56a31eadbb57382a6a1e73e0c","transaction_count":0,"txlist_hash":"41834fe31e553323c9204641c1241cfc5155ada3fbdc86b5cb60c2f5834e136f"}',0,'BLOCK_PARSED',NULL,'91d200fa614acf8721b45f0070b4e3b2538b60bcce194961745de9b698600f7d');
INSERT INTO messages VALUES(289,310071,'insert','blocks','{"block_hash":"7a099aa1bba0ead577f1e44f35263a1f115ed6a868c98d4dd71609072ae7f80b","block_index":310071,"block_time":310071000,"difficulty":null,"ledger_hash":null,"previous_block_hash":null,"txlist_hash":null}',0,'NEW_BLOCK',NULL,'58e688c49dc7ad68638b380680fc59463f0dbaa40c644bf9a68da766d46cf474');
INSERT INTO messages VALUES(290,310071,'parse','blocks','{"block_index":310071,"ledger_hash":"a3c547e84db6b29630b87fa566e37796e0632ba616dd6d521d558632c3b55370","messages_hash":"96a4f77c23693907310341cca89f509c50cdf400b4658c51a37018017f67d71f","transaction_count":0,"txlist_hash":"be6dcdb1bba5558f459e7af624ccbe3abacc98431e2130dce21193151106d99c"}',0,'BLOCK_PARSED',NULL,'d415c4a95a9f60c7d3c65793fd44f27bfdd7d3a4c9068c7c8999f62a2373224a');
INSERT INTO messages VALUES(291,310072,'insert','blocks','{"block_hash":"7b17ecedc07552551b8129e068ae67cb176ca766ea3f6df74b597a94e3a7fc8a","block_index":310072,"block_time":310072000,"difficulty":null,"ledger_hash":null,"previous_block_hash":null,"txlist_hash":null}',0,'NEW_BLOCK',NULL,'50eebee58b3ada2127cea58b416ce35b2726d79b351dccf477e1fae4cc760033');
INSERT INTO messages VALUES(292,310072,'parse','blocks','{"block_index":310072,"ledger_hash":"a0170d8a72a0f8642c0863899bf034e754596e3fd8ddffefa91e7e9a7addf944","messages_hash":"c075c8eb2fd2daf9a6079cb8165be58d38f00092dca2c8d3a2b4a1e363c8be98","transaction_count":0,"txlist_hash":"5fc3f05c7084e3a4714875272a2d4367536c56b3d55fc7d3059e87ae9a596f0b"}',0,'BLOCK_PARSED',NULL,'b849423c587d5f7c61272bd5b4759a2cf793b8c0eaf91b8eb692987d21783e2f');
INSERT INTO messages VALUES(293,310073,'insert','blocks','{"block_hash":"ee0fe3cc9b3a48a2746b6090b63b442b97ea6055d48edcf4b2288396764c6943","block_index":310073,"block_time":310073000,"difficulty":null,"ledger_hash":null,"previous_block_hash":null,"txlist_hash":null}',0,'NEW_BLOCK',NULL,'3344a6074d45794e3ca9a72d9a85b31b3c12bc0e7095042a907d4e4619ce3c76');
INSERT INTO messages VALUES(294,310073,'parse','blocks','{"block_index":310073,"ledger_hash":"e0179a21342fcf35fa169567f1ef35bd6b0b1b048a98e90c049fdf3ee58e9da4","messages_hash":"43d2f2b261581bfaa8eada5746361d5ca803204cb19b35e561835531572c50f8","transaction_count":0,"txlist_hash":"cb93a6659b569dd0726da867626fe89b2b3de2241af9acd6848cf4d8b66b5011"}',0,'BLOCK_PARSED',NULL,'35dd9f47b17c6d84ae1f3a159143edd2fccf49bc73b768dad0b4cbdb0d03b452');
INSERT INTO messages VALUES(295,310074,'insert','blocks','{"block_hash":"ceab38dfde01f711a187601731ad575d67cfe0b7dbc61dcd4f15baaef72089fb","block_index":310074,"block_time":310074000,"difficulty":null,"ledger_hash":null,"previous_block_hash":null,"txlist_hash":null}',0,'NEW_BLOCK',NULL,'0345f36ee51ca973c1ac06a2fdd723845882a7c21dda88d7680f5e4a191c23e1');
INSERT INTO messages VALUES(296,310074,'parse','blocks','{"block_index":310074,"ledger_hash":"8855ace296b0b078d90aa24fcd30ca9f9cccf9d3961f3dba4985a3ff187a02ac","messages_hash":"5314cf12886f134be35976c430d619c132aea8246ff8f65bc380c189b2137935","transaction_count":0,"txlist_hash":"5a51da43516eff975824d2f3b4aedf3b0b6af9b7c6803111c99a6f180d5fe84c"}',0,'BLOCK_PARSED',NULL,'1afb755771d9b35e6bb2145ade7da0a05a373e3637ed5c7d5132931a378cf07f');
INSERT INTO messages VALUES(297,310075,'insert','blocks','{"block_hash":"ef547198c6e36d829f117cfd7077ccde45158e3c545152225fa24dba7a26847b","block_index":310075,"block_time":310075000,"difficulty":null,"ledger_hash":null,"previous_block_hash":null,"txlist_hash":null}',0,'NEW_BLOCK',NULL,'385fbfe58ce2a126f5b2af23fbe904299ea7aa727cb84f8768e0f0a7a73e59b8');
INSERT INTO messages VALUES(298,310075,'parse','blocks','{"block_index":310075,"ledger_hash":"bde3a6c6cc31b96d58f466d3ce0361cc6366c8c239778f21b696d4063cf6d89e","messages_hash":"8776a80f479b4773778c4ddbadcea803eeff2912e2751ca250d735cc72898445","transaction_count":0,"txlist_hash":"266e9c9e4c5fc70eaf3d10170d810b1bd385a7147a2fdfa8fe504cbff356a197"}',0,'BLOCK_PARSED',NULL,'0a9c0e98074bdf276293167a779ea2df52921cf62173030eecf29d207b027db3');
INSERT INTO messages VALUES(299,310076,'insert','blocks','{"block_hash":"3b0499c2e8e8f0252c7288d4ecf66efc426ca37aad3524424d14c8bc6f8b0d92","block_index":310076,"block_time":310076000,"difficulty":null,"ledger_hash":null,"previous_block_hash":null,"txlist_hash":null}',0,'NEW_BLOCK',NULL,'694dac4b58c071a0db42ad26120404fc18cd2f87005a29701798d217ddb2450b');
INSERT INTO messages VALUES(300,310076,'parse','blocks','{"block_index":310076,"ledger_hash":"f562851b32a7005ee02b9e2491c0195dddce451e8fecb428209d087e69345303","messages_hash":"4b29c7e39ff216950f48a1cc8a053e7bff74d82eb7a0fcb598ea0c39a3c8a457","transaction_count":0,"txlist_hash":"5425a0daf748aa1ba6961240c3166edff0919aec9621340b0352c33ea5c2adb7"}',0,'BLOCK_PARSED',NULL,'58e39cde2e11a1f0d90060faaa5eababee9d9f8fe37068793fe4d18b6e2a8020');
INSERT INTO messages VALUES(301,310077,'insert','blocks','{"block_hash":"d2adeefa9024ab3ff2822bc36acf19b6c647cea118cf15b86c6bc00c3322e7dd","block_index":310077,"block_time":310077000,"difficulty":null,"ledger_hash":null,"previous_block_hash":null,"txlist_hash":null}',0,'NEW_BLOCK',NULL,'409e90fd399edb0eec0ad6e3fb2f7060c2cb3d0e7436e5bccf9513b05c1ce7f9');
INSERT INTO messages VALUES(302,310077,'parse','blocks','{"block_index":310077,"ledger_hash":"996cda7b65e623747deef936d61491cedd0159f44faa1e3536de1b6d6c474097","messages_hash":"8f75fb08746e8bf89eaf91b7ec13b029eca8b9a20d214967dc04ce95de9b00a3","transaction_count":0,"txlist_hash":"6a1be309c1b8dfb7e4bb59650705d2a93f6d39c58757490a87c079667373df61"}',0,'BLOCK_PARSED',NULL,'b0f21a024a0e308fa435bfdaf9e60226242c0664c2d07d46446c56f43b7bb98c');
INSERT INTO messages VALUES(303,310078,'insert','blocks','{"block_hash":"f6c17115ef0efe489c562bcda4615892b4d4b39db0c9791fe193d4922bd82cd6","block_index":310078,"block_time":310078000,"difficulty":null,"ledger_hash":null,"previous_block_hash":null,"txlist_hash":null}',0,'NEW_BLOCK',NULL,'17595c7beba8bc266b6c9cbdc543e3e6eb0c62c433f6e69d6ae88c9693fbfd29');
INSERT INTO messages VALUES(304,310078,'parse','blocks','{"block_index":310078,"ledger_hash":"c8286f73cc3a070f4251b7c59bb485e611437a1916fd39ffac831dc78df54ecd","messages_hash":"2ea87dece3c01dac372011c6e352dbd7b89d7716e90c12cc08a73c7d87018df0","transaction_count":0,"txlist_hash":"8027c26d4657f768d9ed0085511911c1796bc7381294cf8f85875a39f41549cf"}',0,'BLOCK_PARSED',NULL,'3e37002e0d1a328a54baf59ddfb9ad7d90b03aa66c4a14dbfd2785b4618d75de');
INSERT INTO messages VALUES(305,310079,'insert','blocks','{"block_hash":"f2fbd2074d804e631db44cb0fb2e1db3fdc367e439c21ffc40d73104c4d7069c","block_index":310079,"block_time":310079000,"difficulty":null,"ledger_hash":null,"previous_block_hash":null,"txlist_hash":null}',0,'NEW_BLOCK',NULL,'6eacf65c7bdee2ab1b14b240875a3528b903ef5866bf13035608d89b791a8d3b');
INSERT INTO messages VALUES(306,310079,'parse','blocks','{"block_index":310079,"ledger_hash":"ef9dab42700918027fac849f2088d2248a6291dc7bc24be583b556f37739631b","messages_hash":"fddfe6b0dce95f1d543559f9d597a141195c7f67d823da013c64487741c25358","transaction_count":0,"txlist_hash":"8acd39d112e24ac301ea0b084df088e103fb713ff7a25f9157788b3de17b5829"}',0,'BLOCK_PARSED',NULL,'1d017272d283f65ca054a5ba9838277dae0c3028895d93cc7eb99e8df54572c3');
INSERT INTO messages VALUES(307,310080,'insert','blocks','{"block_hash":"42943b914d9c367000a78b78a544cc4b84b1df838aadde33fe730964a89a3a6c","block_index":310080,"block_time":310080000,"difficulty":null,"ledger_hash":null,"previous_block_hash":null,"txlist_hash":null}',0,'NEW_BLOCK',NULL,'7d1660ba5b36666821b278f0ad9095efd156e2830f97c8117501cd1d9c96a1a8');
INSERT INTO messages VALUES(308,310080,'parse','blocks','{"block_index":310080,"ledger_hash":"c6bbc52f1e8f907b2d66378f4352f41ae3d354985aaab5f16d737d75a7e6b1d8","messages_hash":"6806d25f760caa351eafff249cd5c38169215100d78dab6c1dd0ea0671fdeafe","transaction_count":0,"txlist_hash":"d44e50938b8740b8383a1a58c5eeebbfdfeda497bf0b26a1fa990801325120af"}',0,'BLOCK_PARSED',NULL,'b8f27b6d1da25d209b8b17e59c9079843dafd966bac30f5fea23c94684ad14c7');
INSERT INTO messages VALUES(309,310081,'insert','blocks','{"block_hash":"6554f9d307976249e7b7e260e08046b3b55d318f8b6af627fed5be3063f123c4","block_index":310081,"block_time":310081000,"difficulty":null,"ledger_hash":null,"previous_block_hash":null,"txlist_hash":null}',0,'NEW_BLOCK',NULL,'f16363c6d1082cb1ef73463d734e35cf6eaa18da4221b1aa18d8ff5072849d63');
INSERT INTO messages VALUES(310,310081,'parse','blocks','{"block_index":310081,"ledger_hash":"66f7b7ff8f0217ed62938a5931d4a6a232546e5d58e09dfd3ba5a792c35fa560","messages_hash":"5d074579642a2a6f653be0ba19d1aa20671e8511dcefbebe79f068663f780f44","transaction_count":0,"txlist_hash":"394e0ecfcde11bdaf09e685e1ba542086ed6f951b79d25507adbb1325b10bb47"}',0,'BLOCK_PARSED',NULL,'ff9e0a176c3d2af49189760d22a3d27b5cf9891b7f43b6d056f7b3aa8756da14');
INSERT INTO messages VALUES(311,310082,'insert','blocks','{"block_hash":"4f1ef91b1dcd575f8ac2e66a67715500cbca154bd6f3b8148bb7015a6aa6c644","block_index":310082,"block_time":310082000,"difficulty":null,"ledger_hash":null,"previous_block_hash":null,"txlist_hash":null}',0,'NEW_BLOCK',NULL,'4b99208f8997952d54dd29d5442366c180fca2b4b55f0f876c58fec6434b6a49');
INSERT INTO messages VALUES(312,310082,'parse','blocks','{"block_index":310082,"ledger_hash":"2b26c6d901ca9790987331432372046d9620d10ea163f4824208d6b23e8e7a35","messages_hash":"de543695944825bb8b6a3bb4572bd7489903a7049116bb1f66968fdf36b0df65","transaction_count":0,"txlist_hash":"220bfb4dd364e244db3e43451c0bcc39316e1ac721b504a04b2d0505544e542f"}',0,'BLOCK_PARSED',NULL,'b103bc6f29f43b52648d2875fe86b69b2612ec0d8e9787a4e178ff4a935ed040');
INSERT INTO messages VALUES(313,310083,'insert','blocks','{"block_hash":"9b1f6fd6ff9b0dc4e37603cfb0625f49067c775b99e12492afd85392d3c8d850","block_index":310083,"block_time":310083000,"difficulty":null,"ledger_hash":null,"previous_block_hash":null,"txlist_hash":null}',0,'NEW_BLOCK',NULL,'3162f1e2d643b5a2193a9195e9d17dbb233b6b44f573507b2bd975bbfb961934');
INSERT INTO messages VALUES(314,310083,'parse','blocks','{"block_index":310083,"ledger_hash":"0d6d774dce93e94e870835005b0e8b04f010fb25158aa69a0fa0321d1577e987","messages_hash":"d5aa72f2976bd882480b9cccb917e8d2c7c479429798f25b99ca28e8b36d0cc0","transaction_count":0,"txlist_hash":"78fead5954bac55a22866305af2db0c19cce4ae15b8ba784a9a81003b61f5e48"}',0,'BLOCK_PARSED',NULL,'cc847a8a9618018d43d90a128fb21fefe8d00da8c2afefec90834c0fd3d0c0d1');
INSERT INTO messages VALUES(315,310084,'insert','blocks','{"block_hash":"1e0972523e80306441b9f4157f171716199f1428db2e818a7f7817ccdc8859e3","block_index":310084,"block_time":310084000,"difficulty":null,"ledger_hash":null,"previous_block_hash":null,"txlist_hash":null}',0,'NEW_BLOCK',NULL,'1a0e9cbf3a304d764d9231317fa63696ef8cc89f7f1de0a043776908de992fb2');
INSERT INTO messages VALUES(316,310084,'parse','blocks','{"block_index":310084,"ledger_hash":"9dbd171e3606b1662f6b576339b1e9aaa3da8a9f8a246bab905af255add4a762","messages_hash":"d5cca027f85cf4d604a4533c8e0a6f00d470bfe997fd5c7516896ce0420a8f3f","transaction_count":0,"txlist_hash":"fa6ec2240933dfc2ff3306c3fa86d57eef465c1aacea14efccbae6802fbe04a4"}',0,'BLOCK_PARSED',NULL,'51d097d990bd3c3cf8ef19c97c3cf06da9dda277bb60a558e54b953c174620b8');
INSERT INTO messages VALUES(317,310085,'insert','blocks','{"block_hash":"c5b6e9581831e3bc5848cd7630c499bca26d9ece5156d36579bdb72d54817e34","block_index":310085,"block_time":310085000,"difficulty":null,"ledger_hash":null,"previous_block_hash":null,"txlist_hash":null}',0,'NEW_BLOCK',NULL,'cf0dc6110dfca26d16f60d7bdccb58ca76d38ecc37e5e889bd99954c4832d096');
INSERT INTO messages VALUES(318,310085,'parse','blocks','{"block_index":310085,"ledger_hash":"db67b5dc6b0c0ddec22d0e716b72aa8cb6fa9702316f2a8e12659ee229094c16","messages_hash":"b8269b8531052f9a25a9c6098f90b6d1c89a072e952c9f6153e1b0bf60266922","transaction_count":0,"txlist_hash":"9d94d4b03c2dc5eb4a92c53c85c9916d77f8174c63d24b0894d8ded2a61b9e9c"}',0,'BLOCK_PARSED',NULL,'dc1b572cea2b4a9721f844e822672f5e7b21e9c9cbb6c6f2158d9792a53fdf72');
INSERT INTO messages VALUES(319,310086,'insert','blocks','{"block_hash":"080c1dc55a4ecf4824cf9840602498cfc35b5f84099f50b71b45cb63834c7a78","block_index":310086,"block_time":310086000,"difficulty":null,"ledger_hash":null,"previous_block_hash":null,"txlist_hash":null}',0,'NEW_BLOCK',NULL,'eeccfac766178268a539657e083857f1d10d2dd519affe90476874becc6041a2');
INSERT INTO messages VALUES(320,310086,'parse','blocks','{"block_index":310086,"ledger_hash":"7cf70b5298dbb36efbec2fb880b76e2514e3bad9d5200875fa3eb3ceb7719ee8","messages_hash":"6526a6f5ee880f70e78b973926228f191ff07ed3c19d9c15340334063a47a6be","transaction_count":0,"txlist_hash":"fb7d3a4c02cfe8f559507fed4c39541720de03793de38b056edc9c27334c064e"}',0,'BLOCK_PARSED',NULL,'08bc80edc31916e5051fa8cdee1cd192d20db6d8d65701b6dd5ed5e89cacfdb4');
INSERT INTO messages VALUES(321,310087,'insert','blocks','{"block_hash":"4ec8cb1c38b22904e8087a034a6406b896eff4dd28e7620601c6bddf82e2738c","block_index":310087,"block_time":310087000,"difficulty":null,"ledger_hash":null,"previous_block_hash":null,"txlist_hash":null}',0,'NEW_BLOCK',NULL,'564eae66adc408be67a82a33a9ed68cf20a38a62492350419d7e85ceb67a696d');
INSERT INTO messages VALUES(322,310087,'parse','blocks','{"block_index":310087,"ledger_hash":"27106f400fe1ee93bde42f3bf3cf39737fb856bbf0df3f90fe0838cf7d38798c","messages_hash":"374a0162c3596ba0683b71586dfbe0748788af3e8ff8500fd742a45e145061da","transaction_count":0,"txlist_hash":"2cd428d8d8eea17f4ebdfb782da9ab2afff4afcd7b841422c7e0159100f62471"}',0,'BLOCK_PARSED',NULL,'2a23d92176e1ecaf6d977be2aeb48fcc0acabf3386148c6a16c0f13140a564dc');
INSERT INTO messages VALUES(323,310088,'insert','blocks','{"block_hash":"e945c815c433cbddd0bf8e66c5c23b51072483492acda98f5c2c201020a8c5b3","block_index":310088,"block_time":310088000,"difficulty":null,"ledger_hash":null,"previous_block_hash":null,"txlist_hash":null}',0,'NEW_BLOCK',NULL,'2b6a5970f7d65bc01405621c061fdc63d3939d0899969c4c2039e29d35d02bdc');
INSERT INTO messages VALUES(324,310088,'parse','blocks','{"block_index":310088,"ledger_hash":"28c9833eded6d68967f206e5884616f83bb9ad16b9d7a507031b96480aecc799","messages_hash":"ce764ab583ff7ba6871b18d847198223f2226374ca25865c4d3bf2aa3642b839","transaction_count":0,"txlist_hash":"e486ec654483f87397a947763f15bb720c843d10d15a225182f766c34c37e201"}',0,'BLOCK_PARSED',NULL,'3db639488caf358de764fb9a68c2e1fcb8e3a264e84ae7ab336bb050df3a5485');
INSERT INTO messages VALUES(325,310089,'insert','blocks','{"block_hash":"0382437f895ef3e7e38bf025fd4f606fd44d4bbd6aea71dbdc4ed11a7cd46f33","block_index":310089,"block_time":310089000,"difficulty":null,"ledger_hash":null,"previous_block_hash":null,"txlist_hash":null}',0,'NEW_BLOCK',NULL,'f807a2e2b237ebad23d36eafdc71cab82d9b1b95c98cb00a62f99884bb243553');
INSERT INTO messages VALUES(326,310089,'parse','blocks','{"block_index":310089,"ledger_hash":"cdac6435934ea6e67a311495325c85237158ef30c009ea44c562c2127d79e696","messages_hash":"a72080c9e0e6f8fbbc646ec25cc50f35f33e009cecc651ed4ae060936255dd47","transaction_count":0,"txlist_hash":"056b04230dd9e93004123fe4bfe352df48a12380ab0b0dca5d97604f7ab966c3"}',0,'BLOCK_PARSED',NULL,'aad913f576d05b7dbfea510609ac3834dcb07ed76fe98dbd00ec4cffcb284236');
INSERT INTO messages VALUES(327,310090,'insert','blocks','{"block_hash":"b756db71dc037b5a4582de354a3347371267d31ebda453e152f0a13bb2fae969","block_index":310090,"block_time":310090000,"difficulty":null,"ledger_hash":null,"previous_block_hash":null,"txlist_hash":null}',0,'NEW_BLOCK',NULL,'fd3ab108b19159c398791b5676b7dfce7c374023bfc28754cc25603c11e1ae87');
INSERT INTO messages VALUES(328,310090,'parse','blocks','{"block_index":310090,"ledger_hash":"cb33e420348e7969a2310445a6c17c79e647d3c6f3106d4fd0c0a1249e11ed6f","messages_hash":"87d92549b7c67f36c8d8a3e7fba9d90cca2c58f77b65e231e3a03b5457e2e067","transaction_count":0,"txlist_hash":"1865f0dc799116af92621f0e2e8b8a784f2b435835bdd3a2f0db3cdebc8c4e31"}',0,'BLOCK_PARSED',NULL,'91a91d539a85786562017eba9480ac351dbb643890ad7b74a2999e06f8ee2a48');
INSERT INTO messages VALUES(329,310091,'insert','blocks','{"block_hash":"734a9aa485f36399d5efb74f3b9c47f8b5f6fd68c9967f134b14cfe7e2d7583c","block_index":310091,"block_time":310091000,"difficulty":null,"ledger_hash":null,"previous_block_hash":null,"txlist_hash":null}',0,'NEW_BLOCK',NULL,'4fc3f5d17e838fa38477ae9f8b1f204cadc5e90b95d8a9d5b738748e2c312e65');
INSERT INTO messages VALUES(330,310091,'parse','blocks','{"block_index":310091,"ledger_hash":"dda2531cf7db78a3f27c1ce70189b3f6efb69ddd24b61639f9deff42566bba2a","messages_hash":"d8105e1ff6ff332f60702a4d70ebb8a9ce44b23b7943353a88b592bd1e6c60af","transaction_count":0,"txlist_hash":"a58d371cd9d95f1aacc286f91b6fd7b23362075d81d0a3549699d0503731a6d0"}',0,'BLOCK_PARSED',NULL,'4f8d095dc50ac2fd9aeaa110fbf7e065a2d7321be54f3a0e65d840528ded0542');
INSERT INTO messages VALUES(331,310092,'insert','blocks','{"block_hash":"56386beb65f9228740d4ad43a1c575645f6daf59e0dd9f22551c59215b5e8c3d","block_index":310092,"block_time":310092000,"difficulty":null,"ledger_hash":null,"previous_block_hash":null,"txlist_hash":null}',0,'NEW_BLOCK',NULL,'386afc436672f3304068d8bf0ef3756718d0afe9a0f1547e85cbb9fa8c68bb3d');
INSERT INTO messages VALUES(332,310092,'parse','blocks','{"block_index":310092,"ledger_hash":"9ca7d9e1da0c6e4465d9e1c76990b6c48e62ee3a0b3b83189dc7a0f2c03a3006","messages_hash":"56b444d850302b5e37993141b8d4969bf36f840563f4903d394441508542d6cf","transaction_count":0,"txlist_hash":"ea381940a01cfe5d0dd9a23c49b656d87738c9066b654ac44d2c2abcdb7a0b27"}',0,'BLOCK_PARSED',NULL,'49ab20aa21b92eac9991c9c53465216dd3947e7076b8ab00c043baa34a830e12');
INSERT INTO messages VALUES(333,310093,'insert','blocks','{"block_hash":"a74a2425f2f4be24bb5f715173e6756649e1cbf1b064aeb1ef60e0b94b418ddc","block_index":310093,"block_time":310093000,"difficulty":null,"ledger_hash":null,"previous_block_hash":null,"txlist_hash":null}',0,'NEW_BLOCK',NULL,'86c03eb99c8cbccd327b97e5c6a07fc05680b738fbda2207455d1f60f65215cd');
INSERT INTO messages VALUES(334,310093,'parse','blocks','{"block_index":310093,"ledger_hash":"c6fc005e874909cf0393ac1bee7267f66cc5355c549d8657234a0ed6b429c869","messages_hash":"7d85980125259019a90c761b0ebfd163bf117dc88e22174a4cdd4a06a057fb57","transaction_count":0,"txlist_hash":"d5c4d58346be489ce4a78232029717246b5f2f6f7549cad20dca96c524b3fd36"}',0,'BLOCK_PARSED',NULL,'54411edcbc56e0a71e46dfdf8c8806230f4bd812766d92b8aeacc93999626003');
INSERT INTO messages VALUES(335,310094,'insert','blocks','{"block_hash":"2a8f976f20c4e89ff01071915ac96ee35192d54df3a246bf61fd4a0cccfb5b23","block_index":310094,"block_time":310094000,"difficulty":null,"ledger_hash":null,"previous_block_hash":null,"txlist_hash":null}',0,'NEW_BLOCK',NULL,'7525f151046fd79efb5d2bbe968805f6dc0c2a7907b37afe0ebb3f95f67fe14a');
INSERT INTO messages VALUES(336,310094,'parse','blocks','{"block_index":310094,"ledger_hash":"14dacaec0b37ca20f271e500d0ec1837a63006eb464728c067107738ad3167c6","messages_hash":"4349a6790dcb9709641f5d8108ec8f515af54e26c9af0a44144cd20470c4da99","transaction_count":0,"txlist_hash":"c62270af64e9e7c7414f5a3a3639acfbea5a6c2da9e46358478c3d7a99358200"}',0,'BLOCK_PARSED',NULL,'516d0c776cbdecfb26f4533a53dde894ce65408a3e592700200e953fcd45847e');
INSERT INTO messages VALUES(337,310095,'insert','blocks','{"block_hash":"bed0fa40c9981223fb40b3be8124ca619edc9dd34d0c907369477ea92e5d2cd2","block_index":310095,"block_time":310095000,"difficulty":null,"ledger_hash":null,"previous_block_hash":null,"txlist_hash":null}',0,'NEW_BLOCK',NULL,'c50e9bfab0a3f4c24523b745cb8847b0c94c38b1e7462d2a93a86d7dc3c73fe8');
INSERT INTO messages VALUES(338,310095,'parse','blocks','{"block_index":310095,"ledger_hash":"05bd680c082185147e83785e7464d8890908d1550359b4fac79018b510475e01","messages_hash":"94866e2b1adce1600d07c96ac252e2033a496d06d3efa2c4e1ac70f05f674fe4","transaction_count":0,"txlist_hash":"574ab1947449e3c988cd3d897ac94e6d0a0857a015f3309b7d36e8334b273836"}',0,'BLOCK_PARSED',NULL,'4cda02fce5fd729d540ac565c6ac2803ac91000ea872b8118182950ada032474');
INSERT INTO messages VALUES(339,310096,'insert','blocks','{"block_hash":"306aeec3db435fabffdf88c2f26ee83caa4c2426375a33daa2be041dbd27ea2f","block_index":310096,"block_time":310096000,"difficulty":null,"ledger_hash":null,"previous_block_hash":null,"txlist_hash":null}',0,'NEW_BLOCK',NULL,'5f3bccb11965c44ab2ed8cab7b2635b45ec26d0c1147b4736ce8cec653e13879');
INSERT INTO messages VALUES(340,310096,'parse','blocks','{"block_index":310096,"ledger_hash":"b50805d750ebd26f8dbced919948118f1f97ce7d117aa1760e7a3c4895f51e13","messages_hash":"e0b9c56a267447ffc591a3a9028271a2d7be7e74b28cf9dac31be55b7f4a230a","transaction_count":0,"txlist_hash":"cfe94638d2c3b38a23ccd1314b139b8b1e18a78d39cc9a14cd848c9ca653dbb7"}',0,'BLOCK_PARSED',NULL,'afde32afebcdfcd999bb43f45362754905ed94a3140743a1c61126fa5f14feb3');
INSERT INTO messages VALUES(341,310097,'insert','blocks','{"block_hash":"13e8e16e67c7cdcc80d477491e554b43744f90e8e1a9728439a11fab42cefadf","block_index":310097,"block_time":310097000,"difficulty":null,"ledger_hash":null,"previous_block_hash":null,"txlist_hash":null}',0,'NEW_BLOCK',NULL,'f34dfb17a1c7ce85ba329de43e19daec4eadcd74829fe91eac24caa95bd081d0');
INSERT INTO messages VALUES(342,310097,'parse','blocks','{"block_index":310097,"ledger_hash":"dde96405c241e1d57334670e4eff7ed8db92056e6867cae10475a9bc30ba4619","messages_hash":"bcb05590447bbae101e75b5ba0c3eac1dbc66c680a6d02e66b8bc23d2f94ba80","transaction_count":0,"txlist_hash":"19b1ba50d918264d1e365596cb5564add42b16fe1a46c9aaa0d753da38550b1e"}',0,'BLOCK_PARSED',NULL,'be0583b210209291ac7921de4c6b6824960858eda49c32885dc83573f8d3500e');
INSERT INTO messages VALUES(343,310098,'insert','blocks','{"block_hash":"ca5bca4b5ec4fa6183e05176abe921cff884c4e20910fab55b603cef48dc3bca","block_index":310098,"block_time":310098000,"difficulty":null,"ledger_hash":null,"previous_block_hash":null,"txlist_hash":null}',0,'NEW_BLOCK',NULL,'4eac387ed8bf3d63f5bb16ea1bb5711d1210e89850c75f9661d0b4e89668c5f3');
INSERT INTO messages VALUES(344,310098,'parse','blocks','{"block_index":310098,"ledger_hash":"613d78fbabba246a4d1cd9d50317e732795a59812df8395472347e15cec1ee9b","messages_hash":"0b2071669bbe9a516e609bac43cecb31a9d19786138fd3520d0854e34d7aef7b","transaction_count":0,"txlist_hash":"b8f205003080ea52324a962ddb769ee2d0af25b937c2a863eda356b880245008"}',0,'BLOCK_PARSED',NULL,'af419fdbc7d7a9c088c395ddbec0772bda906b9d6728445e17aaaf459daba8bc');
INSERT INTO messages VALUES(345,310099,'insert','blocks','{"block_hash":"3c4c2279cd7de0add5ec469648a845875495a7d54ebfb5b012dcc5a197b7992a","block_index":310099,"block_time":310099000,"difficulty":null,"ledger_hash":null,"previous_block_hash":null,"txlist_hash":null}',0,'NEW_BLOCK',NULL,'1bc417c1155ec9ad4be400f0e5717edcbdf2ed5331558c63abc3b64ba74d60ff');
INSERT INTO messages VALUES(346,310099,'parse','blocks','{"block_index":310099,"ledger_hash":"e535ca5960d2ce7508bd2157dd0cac3ea1f9ab14532a40884d522b4bba0d4979","messages_hash":"225628e448c187285ad15d5cff4b78a86b16267506ad7ff1aed3e6574726be44","transaction_count":0,"txlist_hash":"4e9297c1c0a644ddd1b9cc6354c9aec1a941804386931ff68ad8396b1f313c46"}',0,'BLOCK_PARSED',NULL,'27d1287b86d1cf396d709c014ccb46a1177958b974357b2954f6af9170143cc2');
INSERT INTO messages VALUES(347,310100,'insert','blocks','{"block_hash":"96925c05b3c7c80c716f5bef68d161c71d044252c766ca0e3f17f255764242cb","block_index":310100,"block_time":310100000,"difficulty":null,"ledger_hash":null,"previous_block_hash":null,"txlist_hash":null}',0,'NEW_BLOCK',NULL,'76dbb9cb417e5459def54652b7430d18fc24148943a57a318623e2b302340dd9');
INSERT INTO messages VALUES(348,310100,'parse','blocks','{"block_index":310100,"ledger_hash":"970865291b7a6d8173d6ad2ae97335cb2e89d80cbbb7a79bb2328cf6c67fa6cd","messages_hash":"100936be0fbff52f0905113363314508d07cd74fc191ea74597d69962fa22dc3","transaction_count":0,"txlist_hash":"3d1b670dbf90e23fe41acb99549212f2ab141d465c7cb1a24e460f587a592264"}',0,'BLOCK_PARSED',NULL,'f757938ae1b3e5b0fbc9d25104987eee98c3a323a8f59ea7cac4797e2b7680c0');
INSERT INTO messages VALUES(349,310101,'insert','blocks','{"block_hash":"369472409995ca1a2ebecbad6bf9dab38c378ab1e67e1bdf13d4ce1346731cd6","block_index":310101,"block_time":310101000,"difficulty":null,"ledger_hash":null,"previous_block_hash":null,"txlist_hash":null}',0,'NEW_BLOCK',NULL,'88c562037340b754e2c0067744365d5d0867367a73bd13ec618f189145dcb3dc');
INSERT INTO messages VALUES(350,310101,'parse','blocks','{"block_index":310101,"ledger_hash":"0741e57ad88cdada65134c9f131ff5bfd9498cb054378d829e34715e8db2aa6d","messages_hash":"b8eb565353d6c1797cbf11a4d38e8a1d3f2f560b92d911f39f3d123254dd6e92","transaction_count":0,"txlist_hash":"73c605d781cb321d77e82c0e96008f5c09ee165cd616a9d6750539d3e07fe02b"}',0,'BLOCK_PARSED',NULL,'c78836d39fc04a61219ad2d83018479868a452411c110c17ddd7ef288f2daba3');
-- Triggers and indices on  messages
CREATE TRIGGER block_update_messages
            BEFORE UPDATE ON messages BEGIN
                SELECT RAISE(FAIL, "UPDATES NOT ALLOWED");
            END;
CREATE INDEX messages_block_index_event_idx ON messages (block_index, event)
        ;
CREATE INDEX messages_block_index_idx ON messages (block_index)
        ;
CREATE INDEX messages_block_index_message_index_idx ON messages (block_index, message_index)
        ;
CREATE INDEX messages_event_hash_idx ON messages (event_hash)
        ;
CREATE INDEX messages_event_idx ON messages (event)
        ;
CREATE INDEX messages_tx_hash_idx ON messages (tx_hash)
        ;

COMMIT TRANSACTION;
PRAGMA page_size=4096;
-- PRAGMA encoding='UTF-8';
-- PRAGMA auto_vacuum=FULL;
-- PRAGMA max_page_count=4294967294;

BEGIN TRANSACTION;

-- Table  order_match_expirations
DROP TABLE IF EXISTS order_match_expirations;
CREATE TABLE order_match_expirations(
                                              order_match_id TEXT PRIMARY KEY,
                                              tx0_address TEXT,
                                              tx1_address TEXT,
                                              block_index INTEGER,
                                              FOREIGN KEY (block_index) REFERENCES blocks(block_index));
-- Triggers and indices on  order_match_expirations
CREATE TRIGGER block_update_order_match_expirations
            BEFORE UPDATE ON order_match_expirations BEGIN
                SELECT RAISE(FAIL, "UPDATES NOT ALLOWED");
            END;
CREATE INDEX order_match_expirations_block_index_idx ON order_match_expirations (block_index)
        ;
CREATE INDEX order_match_expirations_tx0_address_idx ON order_match_expirations (tx0_address)
        ;
CREATE INDEX order_match_expirations_tx1_address_idx ON order_match_expirations (tx1_address)
        ;

COMMIT TRANSACTION;
PRAGMA page_size=4096;
-- PRAGMA encoding='UTF-8';
-- PRAGMA auto_vacuum=FULL;
-- PRAGMA max_page_count=4294967294;

BEGIN TRANSACTION;

-- Table  order_matches
DROP TABLE IF EXISTS order_matches;
CREATE TABLE order_matches(
                                    id TEXT,
                                    tx0_index INTEGER,
                                    tx0_hash TEXT,
                                    tx0_address TEXT,
                                    tx1_index INTEGER,
                                    tx1_hash TEXT,
                                    tx1_address TEXT,
                                    forward_asset TEXT,
                                    forward_quantity INTEGER,
                                    backward_asset TEXT,
                                    backward_quantity INTEGER,
                                    tx0_block_index INTEGER,
                                    tx1_block_index INTEGER,
                                    block_index INTEGER,
                                    tx0_expiration INTEGER,
                                    tx1_expiration INTEGER,
                                    match_expire_index INTEGER,
                                    fee_paid INTEGER,
                                    status TEXT);
INSERT INTO order_matches VALUES('af8c1bec82dec4f7ddb77eafb129e3f8e47e95e283ce7224d4c28e6ee69aabab_ef249bd74fcfea725635e02e49e9c792f4b4109c1f3378c5a18a2395ef2d7504',3,'af8c1bec82dec4f7ddb77eafb129e3f8e47e95e283ce7224d4c28e6ee69aabab','mn6q3dS2EnDUx3bmyWc6D4szJNVGtaR7zc',4,'ef249bd74fcfea725635e02e49e9c792f4b4109c1f3378c5a18a2395ef2d7504','mn6q3dS2EnDUx3bmyWc6D4szJNVGtaR7zc','BTC',50000000,'XCP',100000000,310002,310003,310003,10,10,310023,857142,'pending');
INSERT INTO order_matches VALUES('af8c1bec82dec4f7ddb77eafb129e3f8e47e95e283ce7224d4c28e6ee69aabab_ef249bd74fcfea725635e02e49e9c792f4b4109c1f3378c5a18a2395ef2d7504',3,'af8c1bec82dec4f7ddb77eafb129e3f8e47e95e283ce7224d4c28e6ee69aabab','mn6q3dS2EnDUx3bmyWc6D4szJNVGtaR7zc',4,'ef249bd74fcfea725635e02e49e9c792f4b4109c1f3378c5a18a2395ef2d7504','mn6q3dS2EnDUx3bmyWc6D4szJNVGtaR7zc','BTC',50000000,'XCP',100000000,310002,310003,310004,10,10,310023,857142,'completed');
-- Triggers and indices on  order_matches
CREATE TRIGGER block_update_order_matches
            BEFORE UPDATE ON order_matches BEGIN
                SELECT RAISE(FAIL, "UPDATES NOT ALLOWED");
            END;
CREATE INDEX order_matches_backward_asset_idx ON order_matches (backward_asset)
        ;
CREATE INDEX order_matches_block_index_idx ON order_matches (block_index)
        ;
CREATE INDEX order_matches_forward_asset_idx ON order_matches (forward_asset)
        ;
CREATE INDEX order_matches_id_idx ON order_matches (id)
        ;
CREATE INDEX order_matches_match_expire_index_idx ON order_matches (match_expire_index)
        ;
CREATE INDEX order_matches_status_idx ON order_matches (status)
        ;
CREATE INDEX order_matches_tx0_address_forward_asset_idx ON order_matches (tx0_address, forward_asset)
        ;
CREATE INDEX order_matches_tx0_hash_idx ON order_matches (tx0_hash)
        ;
CREATE INDEX order_matches_tx1_address_backward_asset_idx ON order_matches (tx1_address, backward_asset)
        ;
CREATE INDEX order_matches_tx1_hash_idx ON order_matches (tx1_hash)
        ;

COMMIT TRANSACTION;
PRAGMA page_size=4096;
-- PRAGMA encoding='UTF-8';
-- PRAGMA auto_vacuum=FULL;
-- PRAGMA max_page_count=4294967294;

BEGIN TRANSACTION;

-- Table  order_expirations
DROP TABLE IF EXISTS order_expirations;
CREATE TABLE order_expirations(
                                        order_hash TEXT PRIMARY KEY,
                                        source TEXT,
                                        block_index INTEGER,
                                        FOREIGN KEY (block_index) REFERENCES blocks(block_index));
INSERT INTO order_expirations VALUES('af8c1bec82dec4f7ddb77eafb129e3f8e47e95e283ce7224d4c28e6ee69aabab','mn6q3dS2EnDUx3bmyWc6D4szJNVGtaR7zc',310013);
INSERT INTO order_expirations VALUES('ef249bd74fcfea725635e02e49e9c792f4b4109c1f3378c5a18a2395ef2d7504','mn6q3dS2EnDUx3bmyWc6D4szJNVGtaR7zc',310014);
INSERT INTO order_expirations VALUES('e0fc51f621c3b0411056e9a5344357ff22c8b1e42dfeace4eb181849607f5ce9','mn6q3dS2EnDUx3bmyWc6D4szJNVGtaR7zc',310032);
-- Triggers and indices on  order_expirations
CREATE TRIGGER block_update_order_expirations
            BEFORE UPDATE ON order_expirations BEGIN
                SELECT RAISE(FAIL, "UPDATES NOT ALLOWED");
            END;
CREATE INDEX order_expirations_block_index_idx ON order_expirations (block_index)
        ;
CREATE INDEX order_expirations_source_idx ON order_expirations (source)
        ;

COMMIT TRANSACTION;
PRAGMA page_size=4096;
-- PRAGMA encoding='UTF-8';
-- PRAGMA auto_vacuum=FULL;
-- PRAGMA max_page_count=4294967294;

BEGIN TRANSACTION;

-- Table  orders
DROP TABLE IF EXISTS orders;
CREATE TABLE orders(
                            tx_index INTEGER,
                            tx_hash TEXT,
                            block_index INTEGER,
                            source TEXT,
                            give_asset TEXT,
                            give_quantity INTEGER,
                            give_remaining INTEGER,
                            get_asset TEXT,
                            get_quantity INTEGER,
                            get_remaining INTEGER,
                            expiration INTEGER,
                            expire_index INTEGER,
                            fee_required INTEGER,
                            fee_required_remaining INTEGER,
                            fee_provided INTEGER,
                            fee_provided_remaining INTEGER,
                            status TEXT);
INSERT INTO orders VALUES(3,'af8c1bec82dec4f7ddb77eafb129e3f8e47e95e283ce7224d4c28e6ee69aabab',310002,'mn6q3dS2EnDUx3bmyWc6D4szJNVGtaR7zc','BTC',50000000,50000000,'XCP',100000000,100000000,10,310012,0,0,1000000,1000000,'open');
INSERT INTO orders VALUES(4,'ef249bd74fcfea725635e02e49e9c792f4b4109c1f3378c5a18a2395ef2d7504',310003,'mn6q3dS2EnDUx3bmyWc6D4szJNVGtaR7zc','XCP',105000000,105000000,'BTC',50000000,50000000,10,310013,900000,900000,1260,1260,'open');
INSERT INTO orders VALUES(3,'af8c1bec82dec4f7ddb77eafb129e3f8e47e95e283ce7224d4c28e6ee69aabab',310003,'mn6q3dS2EnDUx3bmyWc6D4szJNVGtaR7zc','BTC',50000000,0,'XCP',100000000,0,10,310012,0,0,1000000,142858,'open');
INSERT INTO orders VALUES(4,'ef249bd74fcfea725635e02e49e9c792f4b4109c1f3378c5a18a2395ef2d7504',310003,'mn6q3dS2EnDUx3bmyWc6D4szJNVGtaR7zc','XCP',105000000,5000000,'BTC',50000000,0,10,310013,900000,42858,1260,1260,'open');
INSERT INTO orders VALUES(3,'af8c1bec82dec4f7ddb77eafb129e3f8e47e95e283ce7224d4c28e6ee69aabab',310013,'mn6q3dS2EnDUx3bmyWc6D4szJNVGtaR7zc','BTC',50000000,0,'XCP',100000000,0,10,310012,0,0,1000000,142858,'expired');
INSERT INTO orders VALUES(4,'ef249bd74fcfea725635e02e49e9c792f4b4109c1f3378c5a18a2395ef2d7504',310014,'mn6q3dS2EnDUx3bmyWc6D4szJNVGtaR7zc','XCP',105000000,5000000,'BTC',50000000,0,10,310013,900000,42858,1260,1260,'expired');
INSERT INTO orders VALUES(22,'e0fc51f621c3b0411056e9a5344357ff22c8b1e42dfeace4eb181849607f5ce9',310021,'mn6q3dS2EnDUx3bmyWc6D4szJNVGtaR7zc','BBBB',50000000,50000000,'XCP',50000000,50000000,10,310031,0,0,1260,1260,'open');
INSERT INTO orders VALUES(22,'e0fc51f621c3b0411056e9a5344357ff22c8b1e42dfeace4eb181849607f5ce9',310032,'mn6q3dS2EnDUx3bmyWc6D4szJNVGtaR7zc','BBBB',50000000,50000000,'XCP',50000000,50000000,10,310031,0,0,1260,1260,'expired');
-- Triggers and indices on  orders
CREATE TRIGGER block_update_orders
            BEFORE UPDATE ON orders BEGIN
                SELECT RAISE(FAIL, "UPDATES NOT ALLOWED");
            END;
CREATE INDEX orders_block_index_idx ON orders (block_index)
        ;
CREATE INDEX orders_expire_index_idx ON orders (expire_index)
        ;
CREATE INDEX orders_get_asset_give_asset_idx ON orders (get_asset, give_asset)
        ;
CREATE INDEX orders_get_quantity_idx ON orders (get_quantity)
        ;
CREATE INDEX orders_give_asset_idx ON orders (give_asset)
        ;
CREATE INDEX orders_give_quantity_idx ON orders (give_quantity)
        ;
CREATE INDEX orders_source_give_asset_idx ON orders (source, give_asset)
        ;
CREATE INDEX orders_status_idx ON orders (status)
        ;
CREATE INDEX orders_tx_hash_idx ON orders (tx_hash)
        ;
CREATE INDEX orders_tx_index_tx_hash_idx ON orders (tx_index, tx_hash)
        ;

COMMIT TRANSACTION;
PRAGMA page_size=4096;
-- PRAGMA encoding='UTF-8';
-- PRAGMA auto_vacuum=FULL;
-- PRAGMA max_page_count=4294967294;

BEGIN TRANSACTION;

-- Table  bet_match_expirations
DROP TABLE IF EXISTS bet_match_expirations;
CREATE TABLE bet_match_expirations(
                                          bet_match_id TEXT PRIMARY KEY,
                                          tx0_address TEXT,
                                          tx1_address TEXT,
                                          block_index INTEGER,
                                          FOREIGN KEY (block_index) REFERENCES blocks(block_index));
-- Triggers and indices on  bet_match_expirations
CREATE INDEX bet_match_expirations_block_index_idx ON bet_match_expirations (block_index)
        ;
CREATE INDEX bet_match_expirations_tx0_address_idx ON bet_match_expirations (tx0_address)
        ;
CREATE INDEX bet_match_expirations_tx1_address_idx ON bet_match_expirations (tx1_address)
        ;
CREATE TRIGGER block_update_bet_match_expirations
            BEFORE UPDATE ON bet_match_expirations BEGIN
                SELECT RAISE(FAIL, "UPDATES NOT ALLOWED");
            END;

COMMIT TRANSACTION;
PRAGMA page_size=4096;
-- PRAGMA encoding='UTF-8';
-- PRAGMA auto_vacuum=FULL;
-- PRAGMA max_page_count=4294967294;

BEGIN TRANSACTION;

-- Table  bet_matches
DROP TABLE IF EXISTS bet_matches;
CREATE TABLE bet_matches(
                                id TEXT,
                                tx0_index INTEGER,
                                tx0_hash TEXT,
                                tx0_address TEXT,
                                tx1_index INTEGER,
                                tx1_hash TEXT,
                                tx1_address TEXT,
                                tx0_bet_type INTEGER,
                                tx1_bet_type INTEGER,
                                feed_address TEXT,
                                initial_value INTEGER,
                                deadline INTEGER,
                                target_value REAL,
                                leverage INTEGER,
                                forward_quantity INTEGER,
                                backward_quantity INTEGER,
                                tx0_block_index INTEGER,
                                tx1_block_index INTEGER,
                                block_index INTEGER,
                                tx0_expiration INTEGER,
                                tx1_expiration INTEGER,
                                match_expire_index INTEGER,
                                fee_fraction_int INTEGER,
                                status TEXT);
INSERT INTO bet_matches VALUES('87fd9c7dc7c9b30fa308ae6d43841500f201231e14ab4d349f81258eef07146b_21f454de7d6beeb791366f824a4c318486176a75677a17ce9af00f2083d7e41a',13,'87fd9c7dc7c9b30fa308ae6d43841500f201231e14ab4d349f81258eef07146b','mn6q3dS2EnDUx3bmyWc6D4szJNVGtaR7zc',14,'21f454de7d6beeb791366f824a4c318486176a75677a17ce9af00f2083d7e41a','mn6q3dS2EnDUx3bmyWc6D4szJNVGtaR7zc',0,1,'mn6q3dS2EnDUx3bmyWc6D4szJNVGtaR7zc',100,1388000100,0.0,15120,41500000,20750000,310012,310013,310012,10,10,310022,99999999,'pending');
INSERT INTO bet_matches VALUES('92a588a224ade7d38815584474ed2b2ee0f06df14a1e61ddca819244835b1ef6_3549cf94fa08a937c215d93ec05eda09807c23ce6c9ffad85719aa5e0d2b2a04',15,'92a588a224ade7d38815584474ed2b2ee0f06df14a1e61ddca819244835b1ef6','mn6q3dS2EnDUx3bmyWc6D4szJNVGtaR7zc',16,'3549cf94fa08a937c215d93ec05eda09807c23ce6c9ffad85719aa5e0d2b2a04','mn6q3dS2EnDUx3bmyWc6D4szJNVGtaR7zc',0,1,'mn6q3dS2EnDUx3bmyWc6D4szJNVGtaR7zc',100,1388000100,0.0,5040,150000000,350000000,310014,310015,310014,10,10,310024,99999999,'pending');
INSERT INTO bet_matches VALUES('2c7c77c034316eb354d67f3b9ea6640bad290d4a5e25c21dc96e5dd5f2911a6b_12301a88d640234d05a4d7f68d408d2061d4a12580bccab9f0efb14a1570f33e',17,'2c7c77c034316eb354d67f3b9ea6640bad290d4a5e25c21dc96e5dd5f2911a6b','mn6q3dS2EnDUx3bmyWc6D4szJNVGtaR7zc',18,'12301a88d640234d05a4d7f68d408d2061d4a12580bccab9f0efb14a1570f33e','mn6q3dS2EnDUx3bmyWc6D4szJNVGtaR7zc',2,3,'mn6q3dS2EnDUx3bmyWc6D4szJNVGtaR7zc',100,1388000200,1.0,5040,750000000,650000000,310016,310017,310016,10,10,310026,99999999,'pending');
INSERT INTO bet_matches VALUES('87fd9c7dc7c9b30fa308ae6d43841500f201231e14ab4d349f81258eef07146b_21f454de7d6beeb791366f824a4c318486176a75677a17ce9af00f2083d7e41a',13,'87fd9c7dc7c9b30fa308ae6d43841500f201231e14ab4d349f81258eef07146b','mn6q3dS2EnDUx3bmyWc6D4szJNVGtaR7zc',14,'21f454de7d6beeb791366f824a4c318486176a75677a17ce9af00f2083d7e41a','mn6q3dS2EnDUx3bmyWc6D4szJNVGtaR7zc',0,1,'mn6q3dS2EnDUx3bmyWc6D4szJNVGtaR7zc',100,1388000100,0.0,15120,41500000,20750000,310012,310013,310018,10,10,310022,99999999,'settled: liquidated for bear');
INSERT INTO bet_matches VALUES('92a588a224ade7d38815584474ed2b2ee0f06df14a1e61ddca819244835b1ef6_3549cf94fa08a937c215d93ec05eda09807c23ce6c9ffad85719aa5e0d2b2a04',15,'92a588a224ade7d38815584474ed2b2ee0f06df14a1e61ddca819244835b1ef6','mn6q3dS2EnDUx3bmyWc6D4szJNVGtaR7zc',16,'3549cf94fa08a937c215d93ec05eda09807c23ce6c9ffad85719aa5e0d2b2a04','mn6q3dS2EnDUx3bmyWc6D4szJNVGtaR7zc',0,1,'mn6q3dS2EnDUx3bmyWc6D4szJNVGtaR7zc',100,1388000100,0.0,5040,150000000,350000000,310014,310015,310019,10,10,310024,99999999,'settled');
INSERT INTO bet_matches VALUES('2c7c77c034316eb354d67f3b9ea6640bad290d4a5e25c21dc96e5dd5f2911a6b_12301a88d640234d05a4d7f68d408d2061d4a12580bccab9f0efb14a1570f33e',17,'2c7c77c034316eb354d67f3b9ea6640bad290d4a5e25c21dc96e5dd5f2911a6b','mn6q3dS2EnDUx3bmyWc6D4szJNVGtaR7zc',18,'12301a88d640234d05a4d7f68d408d2061d4a12580bccab9f0efb14a1570f33e','mn6q3dS2EnDUx3bmyWc6D4szJNVGtaR7zc',2,3,'mn6q3dS2EnDUx3bmyWc6D4szJNVGtaR7zc',100,1388000200,1.0,5040,750000000,650000000,310016,310017,310020,10,10,310026,99999999,'settled: for notequal');
-- Triggers and indices on  bet_matches
CREATE INDEX bet_matches_block_index_idx ON bet_matches (block_index)
        ;
CREATE INDEX bet_matches_deadline_idx ON bet_matches (deadline)
        ;
CREATE INDEX bet_matches_id_idx ON bet_matches (id)
        ;
CREATE INDEX bet_matches_status_idx ON bet_matches (status)
        ;
CREATE INDEX bet_matches_tx0_address_idx ON bet_matches (tx0_address)
        ;
CREATE INDEX bet_matches_tx1_address_idx ON bet_matches (tx1_address)
        ;
CREATE TRIGGER block_update_bet_matches
            BEFORE UPDATE ON bet_matches BEGIN
                SELECT RAISE(FAIL, "UPDATES NOT ALLOWED");
            END;

COMMIT TRANSACTION;
PRAGMA page_size=4096;
-- PRAGMA encoding='UTF-8';
-- PRAGMA auto_vacuum=FULL;
-- PRAGMA max_page_count=4294967294;

BEGIN TRANSACTION;

-- Table  bet_match_resolutions
DROP TABLE IF EXISTS bet_match_resolutions;
CREATE TABLE bet_match_resolutions(
                                            bet_match_id TEXT PRIMARY KEY,
                                            bet_match_type_id INTEGER,
                                            block_index INTEGER,
                                            winner TEXT,
                                            settled BOOL,
                                            bull_credit INTEGER,
                                            bear_credit INTEGER,
                                            escrow_less_fee INTEGER,
                                            fee INTEGER,
                                            FOREIGN KEY (block_index) REFERENCES blocks(block_index));
INSERT INTO bet_match_resolutions VALUES('87fd9c7dc7c9b30fa308ae6d43841500f201231e14ab4d349f81258eef07146b_21f454de7d6beeb791366f824a4c318486176a75677a17ce9af00f2083d7e41a',1,310018,NULL,0,0,59137500,NULL,3112500);
INSERT INTO bet_match_resolutions VALUES('92a588a224ade7d38815584474ed2b2ee0f06df14a1e61ddca819244835b1ef6_3549cf94fa08a937c215d93ec05eda09807c23ce6c9ffad85719aa5e0d2b2a04',1,310019,NULL,1,159300000,315700000,NULL,25000000);
INSERT INTO bet_match_resolutions VALUES('2c7c77c034316eb354d67f3b9ea6640bad290d4a5e25c21dc96e5dd5f2911a6b_12301a88d640234d05a4d7f68d408d2061d4a12580bccab9f0efb14a1570f33e',5,310020,'NotEqual',NULL,NULL,NULL,1330000000,70000000);
-- Triggers and indices on  bet_match_resolutions
CREATE TRIGGER block_update_bet_match_resolutions
            BEFORE UPDATE ON bet_match_resolutions BEGIN
                SELECT RAISE(FAIL, "UPDATES NOT ALLOWED");
            END;

COMMIT TRANSACTION;
PRAGMA page_size=4096;
-- PRAGMA encoding='UTF-8';
-- PRAGMA auto_vacuum=FULL;
-- PRAGMA max_page_count=4294967294;

BEGIN TRANSACTION;

-- Table  bet_expirations
DROP TABLE IF EXISTS bet_expirations;
CREATE TABLE bet_expirations(
                                    bet_index INTEGER PRIMARY KEY,
                                    bet_hash TEXT UNIQUE,
                                    source TEXT,
                                    block_index INTEGER,
                                    FOREIGN KEY (block_index) REFERENCES blocks(block_index));
INSERT INTO bet_expirations VALUES(13,'87fd9c7dc7c9b30fa308ae6d43841500f201231e14ab4d349f81258eef07146b','mn6q3dS2EnDUx3bmyWc6D4szJNVGtaR7zc',310023);
-- Triggers and indices on  bet_expirations
CREATE INDEX bet_expirations_block_index_idx ON bet_expirations (block_index)
        ;
CREATE INDEX bet_expirations_source_idx ON bet_expirations (source)
        ;
CREATE TRIGGER block_update_bet_expirations
            BEFORE UPDATE ON bet_expirations BEGIN
                SELECT RAISE(FAIL, "UPDATES NOT ALLOWED");
            END;

COMMIT TRANSACTION;
PRAGMA page_size=4096;
-- PRAGMA encoding='UTF-8';
-- PRAGMA auto_vacuum=FULL;
-- PRAGMA max_page_count=4294967294;

BEGIN TRANSACTION;

-- Table  bets
DROP TABLE IF EXISTS bets;
CREATE TABLE bets(
                        tx_index INTEGER,
                        tx_hash TEXT,
                        block_index INTEGER,
                        source TEXT,
                        feed_address TEXT,
                        bet_type INTEGER,
                        deadline INTEGER,
                        wager_quantity INTEGER,
                        wager_remaining INTEGER,
                        counterwager_quantity INTEGER,
                        counterwager_remaining INTEGER,
                        target_value REAL,
                        leverage INTEGER,
                        expiration INTEGER,
                        expire_index INTEGER,
                        fee_fraction_int INTEGER,
                        status TEXT);
INSERT INTO bets VALUES(13,'87fd9c7dc7c9b30fa308ae6d43841500f201231e14ab4d349f81258eef07146b',310012,'mn6q3dS2EnDUx3bmyWc6D4szJNVGtaR7zc','mn6q3dS2EnDUx3bmyWc6D4szJNVGtaR7zc',0,1388000100,50000000,50000000,25000000,25000000,0.0,15120,10,310022,99999999,'open');
INSERT INTO bets VALUES(14,'21f454de7d6beeb791366f824a4c318486176a75677a17ce9af00f2083d7e41a',310013,'mn6q3dS2EnDUx3bmyWc6D4szJNVGtaR7zc','mn6q3dS2EnDUx3bmyWc6D4szJNVGtaR7zc',1,1388000100,25000000,25000000,41500000,41500000,0.0,15120,10,310023,99999999,'open');
INSERT INTO bets VALUES(13,'87fd9c7dc7c9b30fa308ae6d43841500f201231e14ab4d349f81258eef07146b',310013,'mn6q3dS2EnDUx3bmyWc6D4szJNVGtaR7zc','mn6q3dS2EnDUx3bmyWc6D4szJNVGtaR7zc',0,1388000100,50000000,8500000,25000000,4250000,0.0,15120,10,310022,99999999,'open');
INSERT INTO bets VALUES(14,'21f454de7d6beeb791366f824a4c318486176a75677a17ce9af00f2083d7e41a',310013,'mn6q3dS2EnDUx3bmyWc6D4szJNVGtaR7zc','mn6q3dS2EnDUx3bmyWc6D4szJNVGtaR7zc',1,1388000100,25000000,4250000,41500000,0,0.0,15120,10,310023,99999999,'filled');
INSERT INTO bets VALUES(15,'92a588a224ade7d38815584474ed2b2ee0f06df14a1e61ddca819244835b1ef6',310014,'mn6q3dS2EnDUx3bmyWc6D4szJNVGtaR7zc','mn6q3dS2EnDUx3bmyWc6D4szJNVGtaR7zc',0,1388000100,150000000,150000000,350000000,350000000,0.0,5040,10,310024,99999999,'open');
INSERT INTO bets VALUES(16,'3549cf94fa08a937c215d93ec05eda09807c23ce6c9ffad85719aa5e0d2b2a04',310015,'mn6q3dS2EnDUx3bmyWc6D4szJNVGtaR7zc','mn6q3dS2EnDUx3bmyWc6D4szJNVGtaR7zc',1,1388000100,350000000,350000000,150000000,150000000,0.0,5040,10,310025,99999999,'open');
INSERT INTO bets VALUES(15,'92a588a224ade7d38815584474ed2b2ee0f06df14a1e61ddca819244835b1ef6',310015,'mn6q3dS2EnDUx3bmyWc6D4szJNVGtaR7zc','mn6q3dS2EnDUx3bmyWc6D4szJNVGtaR7zc',0,1388000100,150000000,0,350000000,0,0.0,5040,10,310024,99999999,'filled');
INSERT INTO bets VALUES(16,'3549cf94fa08a937c215d93ec05eda09807c23ce6c9ffad85719aa5e0d2b2a04',310015,'mn6q3dS2EnDUx3bmyWc6D4szJNVGtaR7zc','mn6q3dS2EnDUx3bmyWc6D4szJNVGtaR7zc',1,1388000100,350000000,0,150000000,0,0.0,5040,10,310025,99999999,'filled');
INSERT INTO bets VALUES(17,'2c7c77c034316eb354d67f3b9ea6640bad290d4a5e25c21dc96e5dd5f2911a6b',310016,'mn6q3dS2EnDUx3bmyWc6D4szJNVGtaR7zc','mn6q3dS2EnDUx3bmyWc6D4szJNVGtaR7zc',2,1388000200,750000000,750000000,650000000,650000000,1.0,5040,10,310026,99999999,'open');
INSERT INTO bets VALUES(18,'12301a88d640234d05a4d7f68d408d2061d4a12580bccab9f0efb14a1570f33e',310017,'mn6q3dS2EnDUx3bmyWc6D4szJNVGtaR7zc','mn6q3dS2EnDUx3bmyWc6D4szJNVGtaR7zc',3,1388000200,650000000,650000000,750000000,750000000,1.0,5040,10,310027,99999999,'open');
INSERT INTO bets VALUES(17,'2c7c77c034316eb354d67f3b9ea6640bad290d4a5e25c21dc96e5dd5f2911a6b',310017,'mn6q3dS2EnDUx3bmyWc6D4szJNVGtaR7zc','mn6q3dS2EnDUx3bmyWc6D4szJNVGtaR7zc',2,1388000200,750000000,0,650000000,0,1.0,5040,10,310026,99999999,'filled');
INSERT INTO bets VALUES(18,'12301a88d640234d05a4d7f68d408d2061d4a12580bccab9f0efb14a1570f33e',310017,'mn6q3dS2EnDUx3bmyWc6D4szJNVGtaR7zc','mn6q3dS2EnDUx3bmyWc6D4szJNVGtaR7zc',3,1388000200,650000000,0,750000000,0,1.0,5040,10,310027,99999999,'filled');
INSERT INTO bets VALUES(13,'87fd9c7dc7c9b30fa308ae6d43841500f201231e14ab4d349f81258eef07146b',310023,'mn6q3dS2EnDUx3bmyWc6D4szJNVGtaR7zc','mn6q3dS2EnDUx3bmyWc6D4szJNVGtaR7zc',0,1388000100,50000000,8500000,25000000,4250000,0.0,15120,10,310022,99999999,'expired');
-- Triggers and indices on  bets
CREATE INDEX bets_block_index_idx ON bets (block_index)
        ;
CREATE INDEX bets_expire_index_idx ON bets (expire_index)
        ;
CREATE INDEX bets_feed_address_bet_type_idx ON bets (feed_address, bet_type)
        ;
CREATE INDEX bets_feed_address_idx ON bets (feed_address)
        ;
CREATE INDEX bets_status_idx ON bets (status)
        ;
CREATE INDEX bets_tx_hash_idx ON bets (tx_hash)
        ;
CREATE INDEX bets_tx_index_tx_hash_idx ON bets (tx_index, tx_hash)
        ;
CREATE TRIGGER block_update_bets
            BEFORE UPDATE ON bets BEGIN
                SELECT RAISE(FAIL, "UPDATES NOT ALLOWED");
            END;

COMMIT TRANSACTION;
PRAGMA page_size=4096;
-- PRAGMA encoding='UTF-8';
-- PRAGMA auto_vacuum=FULL;
-- PRAGMA max_page_count=4294967294;

BEGIN TRANSACTION;

-- Table  broadcasts
DROP TABLE IF EXISTS broadcasts;
CREATE TABLE broadcasts(
                      tx_index INTEGER PRIMARY KEY,
                      tx_hash TEXT UNIQUE,
                      block_index INTEGER,
                      source TEXT,
                      timestamp INTEGER,
                      value REAL,
                      fee_fraction_int INTEGER,
                      text TEXT,
                      locked BOOL,
                      status TEXT,
                      FOREIGN KEY (tx_index, tx_hash, block_index) REFERENCES transactions(tx_index, tx_hash, block_index));
INSERT INTO broadcasts VALUES(12,'b9b2e392f66f083b334a9ca8e16f7e3d8001dea43b02baa632af4aa77ec0872c',310011,'mn6q3dS2EnDUx3bmyWc6D4szJNVGtaR7zc',1388000000,100.0,99999999,'Unit Test',0,'valid');
INSERT INTO broadcasts VALUES(19,'e2808691e73597225c46cdbbae494f11b651afdfb50ded64fb7ea10d30901f53',310018,'mn6q3dS2EnDUx3bmyWc6D4szJNVGtaR7zc',1388000050,99.86166,5000000,'Unit Test',0,'valid');
INSERT INTO broadcasts VALUES(20,'6045a0b4181b98a542e15e0813234c0a0d4741802f3eabcaa04b9b9695398371',310019,'mn6q3dS2EnDUx3bmyWc6D4szJNVGtaR7zc',1388000101,100.343,5000000,'Unit Test',0,'valid');
INSERT INTO broadcasts VALUES(21,'f1071060df501dd755361d9567bec3cb5b7c72c2182097db830c432b0087b1a3',310020,'mn6q3dS2EnDUx3bmyWc6D4szJNVGtaR7zc',1388000201,2.0,5000000,'Unit Test',0,'valid');
-- Triggers and indices on  broadcasts
CREATE TRIGGER block_update_broadcasts
            BEFORE UPDATE ON broadcasts BEGIN
                SELECT RAISE(FAIL, "UPDATES NOT ALLOWED");
            END;
CREATE INDEX broadcasts_block_index_idx ON broadcasts (block_index)
        ;
CREATE INDEX broadcasts_status_source_tx_index_idx ON broadcasts (status, source, tx_index)
        ;
CREATE INDEX broadcasts_timestamp_idx ON broadcasts (timestamp)
        ;

COMMIT TRANSACTION;
PRAGMA page_size=4096;
-- PRAGMA encoding='UTF-8';
-- PRAGMA auto_vacuum=FULL;
-- PRAGMA max_page_count=4294967294;

BEGIN TRANSACTION;

-- Table  btcpays
DROP TABLE IF EXISTS btcpays;
CREATE TABLE btcpays(
                      tx_index INTEGER PRIMARY KEY,
                      tx_hash TEXT UNIQUE,
                      block_index INTEGER,
                      source TEXT,
                      destination TEXT,
                      btc_amount INTEGER,
                      order_match_id TEXT,
                      status TEXT,
                      FOREIGN KEY (tx_index, tx_hash, block_index) REFERENCES transactions(tx_index, tx_hash, block_index));
INSERT INTO btcpays VALUES(5,'82bc765d422c4ab9fbcdfc958a201e62e033f98eb8d1357e08bce0ddb1bffe9f',310004,'mn6q3dS2EnDUx3bmyWc6D4szJNVGtaR7zc','mn6q3dS2EnDUx3bmyWc6D4szJNVGtaR7zc',50000000,'af8c1bec82dec4f7ddb77eafb129e3f8e47e95e283ce7224d4c28e6ee69aabab_ef249bd74fcfea725635e02e49e9c792f4b4109c1f3378c5a18a2395ef2d7504','valid');
-- Triggers and indices on  btcpays
CREATE TRIGGER block_update_btcpays
            BEFORE UPDATE ON btcpays BEGIN
                SELECT RAISE(FAIL, "UPDATES NOT ALLOWED");
            END;
CREATE INDEX btcpays_block_index_idx ON btcpays (block_index)
        ;
CREATE INDEX btcpays_destination_idx ON btcpays (destination)
        ;
CREATE INDEX btcpays_source_idx ON btcpays (source)
        ;

COMMIT TRANSACTION;
PRAGMA page_size=4096;
-- PRAGMA encoding='UTF-8';
-- PRAGMA auto_vacuum=FULL;
-- PRAGMA max_page_count=4294967294;

BEGIN TRANSACTION;

-- Table  burns
DROP TABLE IF EXISTS burns;
CREATE TABLE burns(
                      tx_index INTEGER PRIMARY KEY,
                      tx_hash TEXT UNIQUE,
                      block_index INTEGER,
                      source TEXT,
                      burned INTEGER,
                      earned INTEGER,
                      status TEXT,
                      FOREIGN KEY (tx_index, tx_hash, block_index) REFERENCES transactions(tx_index, tx_hash, block_index));
INSERT INTO burns VALUES(1,'b37d91f0a3451e89035a780c7f0e84ed135d4dd4cd39227cda35ac6da0d3f10e',310000,'mn6q3dS2EnDUx3bmyWc6D4szJNVGtaR7zc',62000000,93000000000,'valid');
INSERT INTO burns VALUES(23,'77d4da76d66b220298ce985c0bd9e5835e359d10ddb6c03b9d3bef27ee077559',310022,'mn6q3dS2EnDUx3bmyWc6D4szJNVGtaR7zc',38000000,56999887262,'valid');
-- Triggers and indices on  burns
CREATE TRIGGER block_update_burns
            BEFORE UPDATE ON burns BEGIN
                SELECT RAISE(FAIL, "UPDATES NOT ALLOWED");
            END;
CREATE INDEX burns_source_idx ON burns (source)
        ;
CREATE INDEX burns_status_idx ON burns (status)
        ;

COMMIT TRANSACTION;
PRAGMA page_size=4096;
-- PRAGMA encoding='UTF-8';
-- PRAGMA auto_vacuum=FULL;
-- PRAGMA max_page_count=4294967294;

BEGIN TRANSACTION;

-- Table  cancels
DROP TABLE IF EXISTS cancels;
CREATE TABLE cancels(
                      tx_index INTEGER PRIMARY KEY,
                      tx_hash TEXT UNIQUE,
                      block_index INTEGER,
                      source TEXT,
                      offer_hash TEXT,
                      status TEXT,
                      FOREIGN KEY (tx_index, tx_hash, block_index) REFERENCES transactions(tx_index, tx_hash, block_index));
-- Triggers and indices on  cancels
CREATE TRIGGER block_update_cancels
            BEFORE UPDATE ON cancels BEGIN
                SELECT RAISE(FAIL, "UPDATES NOT ALLOWED");
            END;
CREATE INDEX cancels_block_index_idx ON cancels (block_index)
        ;
CREATE INDEX cancels_source_idx ON cancels (source)
        ;

COMMIT TRANSACTION;
PRAGMA page_size=4096;
-- PRAGMA encoding='UTF-8';
-- PRAGMA auto_vacuum=FULL;
-- PRAGMA max_page_count=4294967294;

BEGIN TRANSACTION;

-- Table  dividends
DROP TABLE IF EXISTS dividends;
CREATE TABLE dividends(
                      tx_index INTEGER PRIMARY KEY,
                      tx_hash TEXT UNIQUE,
                      block_index INTEGER,
                      source TEXT,
                      asset TEXT,
                      dividend_asset TEXT,
                      quantity_per_unit INTEGER,
                      fee_paid INTEGER,
                      status TEXT,
                      FOREIGN KEY (tx_index, tx_hash, block_index) REFERENCES transactions(tx_index, tx_hash, block_index));
INSERT INTO dividends VALUES(10,'b3002a27f22addfd049f6a7601bf79ffae46652b84613f9558c0fc83bea9ac75',310009,'mn6q3dS2EnDUx3bmyWc6D4szJNVGtaR7zc','BBBB','XCP',600,20000,'valid');
INSERT INTO dividends VALUES(11,'4e959fabd8df4289ef34fa1701b5ea5fb526bc06ce5abdc0db9dfafb3d25579a',310010,'mn6q3dS2EnDUx3bmyWc6D4szJNVGtaR7zc','BBBC','XCP',800,20000,'valid');
-- Triggers and indices on  dividends
CREATE TRIGGER block_update_dividends
            BEFORE UPDATE ON dividends BEGIN
                SELECT RAISE(FAIL, "UPDATES NOT ALLOWED");
            END;
CREATE INDEX dividends_asset_idx ON dividends (asset)
        ;
CREATE INDEX dividends_block_index_idx ON dividends (block_index)
        ;
CREATE INDEX dividends_source_idx ON dividends (source)
        ;

COMMIT TRANSACTION;
PRAGMA page_size=4096;
-- PRAGMA encoding='UTF-8';
-- PRAGMA auto_vacuum=FULL;
-- PRAGMA max_page_count=4294967294;

BEGIN TRANSACTION;

-- Table  issuances
DROP TABLE IF EXISTS issuances;
CREATE TABLE issuances(
            tx_index INTEGER,
            tx_hash TEXT,
            msg_index INTEGER DEFAULT 0,
            block_index INTEGER,
            asset TEXT,
            quantity INTEGER,
            divisible BOOL,
            source TEXT,
            issuer TEXT,
            transfer BOOL,
            callable BOOL,
            call_date INTEGER,
            call_price REAL,
            description TEXT,
            fee_paid INTEGER,
            locked BOOL DEFAULT FALSE,
            status TEXT,
            asset_longname TEXT,
            reset BOOL DEFAULT FALSE,
            description_locked BOOL,
            fair_minting BOOL DEFAULT FALSE,
            asset_events TEXT,
            PRIMARY KEY (tx_index, msg_index),
            UNIQUE (tx_hash, msg_index)
        );
INSERT INTO issuances VALUES(6,'9b7c6697c42d4045fc11ae8e74d425a71b693b347c7c4f93355b9de973038619',0,310005,'BBBB',1000000000,1,'mn6q3dS2EnDUx3bmyWc6D4szJNVGtaR7zc','mn6q3dS2EnDUx3bmyWc6D4szJNVGtaR7zc',0,0,0,0.0,'',50000000,0,'valid',NULL,0,0,0,'creation');
INSERT INTO issuances VALUES(7,'9d1c0d56ae222785601ac5ed8bf3289cd84685374f8efe835668cae7e002276d',0,310006,'BBBC',100000,0,'mn6q3dS2EnDUx3bmyWc6D4szJNVGtaR7zc','mn6q3dS2EnDUx3bmyWc6D4szJNVGtaR7zc',0,0,0,0.0,'foobar',50000000,0,'valid',NULL,0,0,0,'creation');
-- Triggers and indices on  issuances
CREATE TRIGGER block_update_issuances
            BEFORE UPDATE ON issuances BEGIN
                SELECT RAISE(FAIL, "UPDATES NOT ALLOWED");
            END;
CREATE INDEX issuances_asset_longname_idx ON issuances (asset_longname)
        ;
CREATE INDEX issuances_block_index_idx ON issuances (block_index)
        ;
CREATE INDEX issuances_issuer_idx ON issuances (issuer)
        ;
CREATE INDEX issuances_source_idx ON issuances (source)
        ;
CREATE INDEX issuances_status_asset_longname_tx_index_idx ON issuances (status, asset_longname, tx_index DESC)
        ;
CREATE INDEX issuances_status_asset_tx_index_idx ON issuances (status, asset, tx_index DESC)
        ;

COMMIT TRANSACTION;
PRAGMA page_size=4096;
-- PRAGMA encoding='UTF-8';
-- PRAGMA auto_vacuum=FULL;
-- PRAGMA max_page_count=4294967294;

BEGIN TRANSACTION;

-- Table  sends
DROP TABLE IF EXISTS sends;
CREATE TABLE "sends"(
                              tx_index INTEGER,
                              tx_hash TEXT,
                              block_index INTEGER,
                              source TEXT,
                              destination TEXT,
                              asset TEXT,
                              quantity INTEGER,
                              status TEXT,
                              msg_index INTEGER DEFAULT 0, memo BLOB, fee_paid INTEGER DEFAULT 0, send_type TEXT, source_address TEXT, destination_address TEXT,
                              PRIMARY KEY (tx_index, msg_index),
                              FOREIGN KEY (tx_index, tx_hash, block_index) REFERENCES transactions(tx_index, tx_hash, block_index),
                              UNIQUE (tx_hash, msg_index) ON CONFLICT FAIL);
INSERT INTO sends VALUES(2,'1293fc86bfdcccac7e888e1fe4d40027337a45e47bf238aec163ff4799ccb3d3',310001,'mn6q3dS2EnDUx3bmyWc6D4szJNVGtaR7zc','mtQheFaSfWELRB2MyMBaiWjdDm6ux9Ezns','XCP',50000000,'valid',0,NULL,0,'send',NULL,NULL);
INSERT INTO sends VALUES(8,'17f65681eb52aa1653c7bd699f7f32e7507824cc57066265f10abf564ce30b4f',310007,'mn6q3dS2EnDUx3bmyWc6D4szJNVGtaR7zc','mtQheFaSfWELRB2MyMBaiWjdDm6ux9Ezns','BBBB',4000000,'valid',0,NULL,0,'send',NULL,NULL);
INSERT INTO sends VALUES(9,'941e3b1a60db591ce6b530f127b333274cb475b47271c7aec0efd3dd7fac9edd',310008,'mn6q3dS2EnDUx3bmyWc6D4szJNVGtaR7zc','mtQheFaSfWELRB2MyMBaiWjdDm6ux9Ezns','BBBC',526,'valid',0,NULL,0,'send',NULL,NULL);
INSERT INTO sends VALUES(24,'7f2adcfe266ada89505f56bc097185abd8bfbe1617c2052658ad0b3d763c919e',310023,'mn6q3dS2EnDUx3bmyWc6D4szJNVGtaR7zc','mtQheFaSfWELRB2MyMBaiWjdDm6ux9Ezns','BBBC',10000,'valid',0,NULL,0,'send',NULL,NULL);
-- Triggers and indices on  sends
CREATE TRIGGER block_update_sends
            BEFORE UPDATE ON sends BEGIN
                SELECT RAISE(FAIL, "UPDATES NOT ALLOWED");
            END;
CREATE INDEX sends_asset_send_type_idx ON sends (asset, send_type)
        ;
CREATE INDEX sends_block_index_send_type_idx ON sends (block_index, send_type)
        ;
CREATE INDEX sends_destination_idx ON sends (destination)
        ;
CREATE INDEX sends_memo_idx ON sends (memo)
        ;
CREATE INDEX sends_send_type_idx ON sends (send_type)
        ;
CREATE INDEX sends_source_idx ON sends (source)
        ;
CREATE INDEX sends_status_idx ON sends (status)
        ;

COMMIT TRANSACTION;
PRAGMA page_size=4096;
-- PRAGMA encoding='UTF-8';
-- PRAGMA auto_vacuum=FULL;
-- PRAGMA max_page_count=4294967294;

BEGIN TRANSACTION;

-- Table  rps_match_expirations
DROP TABLE IF EXISTS rps_match_expirations;
CREATE TABLE rps_match_expirations(
                                            rps_match_id TEXT PRIMARY KEY,
                                            tx0_address TEXT,
                                            tx1_address TEXT,
                                            block_index INTEGER,
                                            FOREIGN KEY (block_index) REFERENCES blocks(block_index));
-- Triggers and indices on  rps_match_expirations
CREATE TRIGGER block_update_rps_match_expirations
            BEFORE UPDATE ON rps_match_expirations BEGIN
                SELECT RAISE(FAIL, "UPDATES NOT ALLOWED");
            END;
CREATE INDEX rps_match_expirations_block_index_idx ON rps_match_expirations (block_index)
        ;
CREATE INDEX rps_match_expirations_tx0_address_idx ON rps_match_expirations (tx0_address)
        ;
CREATE INDEX rps_match_expirations_tx1_address_idx ON rps_match_expirations (tx1_address)
        ;

COMMIT TRANSACTION;
PRAGMA page_size=4096;
-- PRAGMA encoding='UTF-8';
-- PRAGMA auto_vacuum=FULL;
-- PRAGMA max_page_count=4294967294;

BEGIN TRANSACTION;

-- Table  rps_expirations
DROP TABLE IF EXISTS rps_expirations;
CREATE TABLE rps_expirations(
                                    rps_index INTEGER PRIMARY KEY,
                                    rps_hash TEXT UNIQUE,
                                    source TEXT,
                                    block_index INTEGER,
                                    FOREIGN KEY (block_index) REFERENCES blocks(block_index));
-- Triggers and indices on  rps_expirations
CREATE TRIGGER block_update_rps_expirations
            BEFORE UPDATE ON rps_expirations BEGIN
                SELECT RAISE(FAIL, "UPDATES NOT ALLOWED");
            END;
CREATE INDEX rps_expirations_block_index_idx ON rps_expirations (block_index)
        ;
CREATE INDEX rps_expirations_source_idx ON rps_expirations (source)
        ;

COMMIT TRANSACTION;
PRAGMA page_size=4096;
-- PRAGMA encoding='UTF-8';
-- PRAGMA auto_vacuum=FULL;
-- PRAGMA max_page_count=4294967294;

BEGIN TRANSACTION;

-- Table  rpsresolves
DROP TABLE IF EXISTS rpsresolves;
CREATE TABLE rpsresolves(
                      tx_index INTEGER PRIMARY KEY,
                      tx_hash TEXT UNIQUE,
                      block_index INTEGER,
                      source TEXT,
                      move INTEGER,
                      random TEXT,
                      rps_match_id TEXT,
                      status TEXT,
                      FOREIGN KEY (tx_index, tx_hash, block_index) REFERENCES transactions(tx_index, tx_hash, block_index));
-- Triggers and indices on  rpsresolves
CREATE TRIGGER block_update_rpsresolves
            BEFORE UPDATE ON rpsresolves BEGIN
                SELECT RAISE(FAIL, "UPDATES NOT ALLOWED");
            END;
CREATE INDEX rpsresolves_block_index_idx ON rpsresolves (block_index)
        ;
CREATE INDEX rpsresolves_rps_match_id_idx ON rpsresolves (rps_match_id)
        ;
CREATE INDEX rpsresolves_source_idx ON rpsresolves (source)
        ;

COMMIT TRANSACTION;
PRAGMA page_size=4096;
-- PRAGMA encoding='UTF-8';
-- PRAGMA auto_vacuum=FULL;
-- PRAGMA max_page_count=4294967294;

BEGIN TRANSACTION;

-- Table  rps_matches
DROP TABLE IF EXISTS rps_matches;
CREATE TABLE rps_matches(
                                id TEXT,
                                tx0_index INTEGER,
                                tx0_hash TEXT,
                                tx0_address TEXT,
                                tx1_index INTEGER,
                                tx1_hash TEXT,
                                tx1_address TEXT,
                                tx0_move_random_hash TEXT,
                                tx1_move_random_hash TEXT,
                                wager INTEGER,
                                possible_moves INTEGER,
                                tx0_block_index INTEGER,
                                tx1_block_index INTEGER,
                                block_index INTEGER,
                                tx0_expiration INTEGER,
                                tx1_expiration INTEGER,
                                match_expire_index INTEGER,
                                status TEXT);
-- Triggers and indices on  rps_matches
CREATE TRIGGER block_update_rps_matches
            BEFORE UPDATE ON rps_matches BEGIN
                SELECT RAISE(FAIL, "UPDATES NOT ALLOWED");
            END;
CREATE INDEX rps_matches_id_idx ON rps_matches (id)
        ;
CREATE INDEX rps_matches_match_expire_index_idx ON rps_matches (match_expire_index)
        ;
CREATE INDEX rps_matches_status_idx ON rps_matches (status)
        ;
CREATE INDEX rps_matches_tx0_address_idx ON rps_matches (tx0_address)
        ;
CREATE INDEX rps_matches_tx1_address_idx ON rps_matches (tx1_address)
        ;

COMMIT TRANSACTION;
PRAGMA page_size=4096;
-- PRAGMA encoding='UTF-8';
-- PRAGMA auto_vacuum=FULL;
-- PRAGMA max_page_count=4294967294;

BEGIN TRANSACTION;

-- Table  rps
DROP TABLE IF EXISTS rps;
CREATE TABLE rps(
                        tx_index INTEGER,
                        tx_hash TEXT,
                        block_index INTEGER,
                        source TEXT,
                        possible_moves INTEGER,
                        wager INTEGER,
                        move_random_hash TEXT,
                        expiration INTEGER,
                        expire_index INTEGER,
                        status TEXT);
-- Triggers and indices on  rps
CREATE TRIGGER block_update_rps
            BEFORE UPDATE ON rps BEGIN
                SELECT RAISE(FAIL, "UPDATES NOT ALLOWED");
            END;
CREATE INDEX rps_expire_index_idx ON rps (expire_index)
        ;
CREATE INDEX rps_source_idx ON rps (source)
        ;
CREATE INDEX rps_status_idx ON rps (status)
        ;
CREATE INDEX rps_tx_hash_idx ON rps (tx_hash)
        ;
CREATE INDEX rps_tx_index_tx_hash_idx ON rps (tx_index, tx_hash)
        ;
CREATE INDEX rps_wager_possible_moves_idx ON rps (wager, possible_moves)
        ;

COMMIT TRANSACTION;
PRAGMA page_size=4096;
-- PRAGMA encoding='UTF-8';
-- PRAGMA auto_vacuum=FULL;
-- PRAGMA max_page_count=4294967294;

BEGIN TRANSACTION;

-- Table  destructions
DROP TABLE IF EXISTS destructions;
CREATE TABLE destructions(
            tx_index INTEGER,
            tx_hash TEXT,
            block_index INTEGER,
            source TEXT,
            asset INTEGER,
            quantity INTEGER,
            tag TEXT,
            status TEXT
        );
-- Triggers and indices on  destructions
CREATE TRIGGER block_update_destructions
            BEFORE UPDATE ON destructions BEGIN
                SELECT RAISE(FAIL, "UPDATES NOT ALLOWED");
            END;
CREATE INDEX destructions_asset_idx ON destructions (asset)
        ;
CREATE INDEX destructions_source_idx ON destructions (source)
        ;
CREATE INDEX destructions_status_idx ON destructions (status)
        ;

COMMIT TRANSACTION;
PRAGMA page_size=4096;
-- PRAGMA encoding='UTF-8';
-- PRAGMA auto_vacuum=FULL;
-- PRAGMA max_page_count=4294967294;

BEGIN TRANSACTION;

-- Table  assets
DROP TABLE IF EXISTS assets;
CREATE TABLE assets(
                      asset_id TEXT UNIQUE,
                      asset_name TEXT UNIQUE,
                      block_index INTEGER,
                      asset_longname TEXT);
INSERT INTO assets VALUES('0','BTC',NULL,NULL);
INSERT INTO assets VALUES('1','XCP',NULL,NULL);
INSERT INTO assets VALUES('18279','BBBB',310005,NULL);
INSERT INTO assets VALUES('18280','BBBC',310006,NULL);
-- Triggers and indices on  assets
CREATE INDEX assets_asset_id_idx ON assets (asset_id)
        ;
CREATE UNIQUE INDEX assets_asset_longname_idx ON assets (asset_longname)
        ;
CREATE INDEX assets_asset_name_idx ON assets (asset_name)
        ;
CREATE TRIGGER block_update_assets
            BEFORE UPDATE ON assets BEGIN
                SELECT RAISE(FAIL, "UPDATES NOT ALLOWED");
            END;

COMMIT TRANSACTION;
PRAGMA page_size=4096;
-- PRAGMA encoding='UTF-8';
-- PRAGMA auto_vacuum=FULL;
-- PRAGMA max_page_count=4294967294;

BEGIN TRANSACTION;

-- Table  addresses
DROP TABLE IF EXISTS addresses;
CREATE TABLE addresses(
            address TEXT,
            options INTEGER,
            block_index INTEGER
        );
-- Triggers and indices on  addresses
CREATE INDEX addresses_address_idx ON addresses (address)
        ;
CREATE TRIGGER block_update_addresses
            BEFORE UPDATE ON addresses BEGIN
                SELECT RAISE(FAIL, "UPDATES NOT ALLOWED");
            END;

COMMIT TRANSACTION;
PRAGMA page_size=4096;
-- PRAGMA encoding='UTF-8';
-- PRAGMA auto_vacuum=FULL;
-- PRAGMA max_page_count=4294967294;

BEGIN TRANSACTION;

-- Table  sweeps
DROP TABLE IF EXISTS sweeps;
CREATE TABLE sweeps(
                      tx_index INTEGER PRIMARY KEY,
                      tx_hash TEXT UNIQUE,
                      block_index INTEGER,
                      source TEXT,
                      destination TEXT,
                      flags INTEGER,
                      status TEXT,
                      memo BLOB,
                      fee_paid INTEGER,
                      FOREIGN KEY (tx_index, tx_hash, block_index) REFERENCES transactions(tx_index, tx_hash, block_index));
-- Triggers and indices on  sweeps
CREATE TRIGGER block_update_sweeps
            BEFORE UPDATE ON sweeps BEGIN
                SELECT RAISE(FAIL, "UPDATES NOT ALLOWED");
            END;
CREATE INDEX sweeps_block_index_idx ON sweeps (block_index)
        ;
CREATE INDEX sweeps_destination_idx ON sweeps (destination)
        ;
CREATE INDEX sweeps_memo_idx ON sweeps (memo)
        ;
CREATE INDEX sweeps_source_idx ON sweeps (source)
        ;

COMMIT TRANSACTION;
PRAGMA page_size=4096;
-- PRAGMA encoding='UTF-8';
-- PRAGMA auto_vacuum=FULL;
-- PRAGMA max_page_count=4294967294;

BEGIN TRANSACTION;

-- Table  dispensers
DROP TABLE IF EXISTS dispensers;
CREATE TABLE dispensers(
                                tx_index INTEGER,
                                tx_hash TEXT,
                                block_index INTEGER,
                                source TEXT,
                                asset TEXT,
                                give_quantity INTEGER,
                                escrow_quantity INTEGER,
                                satoshirate INTEGER,
                                status INTEGER,
                                give_remaining INTEGER,
                                oracle_address TEXT,
                                last_status_tx_hash TEXT,
                                origin TEXT,
                                dispense_count INTEGER DEFAULT 0,
                                last_status_tx_source TEXT,
                                close_block_index INTEGER);
-- Triggers and indices on  dispensers
CREATE TRIGGER block_update_dispensers
            BEFORE UPDATE ON dispensers BEGIN
                SELECT RAISE(FAIL, "UPDATES NOT ALLOWED");
            END;
CREATE INDEX dispensers_asset_idx ON dispensers (asset)
        ;
CREATE INDEX dispensers_block_index_idx ON dispensers (block_index)
        ;
CREATE INDEX dispensers_close_block_index_status_idx ON dispensers (close_block_index, status)
        ;
CREATE INDEX dispensers_give_quantity_idx ON dispensers (give_quantity)
        ;
CREATE INDEX dispensers_give_remaining_idx ON dispensers (give_remaining)
        ;
CREATE INDEX dispensers_last_status_tx_hash_idx ON dispensers (last_status_tx_hash)
        ;
CREATE INDEX dispensers_source_asset_origin_status_idx ON dispensers (source, asset, origin, status)
        ;
CREATE INDEX dispensers_source_origin_idx ON dispensers (source, origin)
        ;
CREATE INDEX dispensers_status_block_index_idx ON dispensers (status, block_index)
        ;
CREATE INDEX dispensers_tx_hash_idx ON dispensers (tx_hash)
        ;
CREATE INDEX dispensers_tx_index_idx ON dispensers (tx_index)
        ;

COMMIT TRANSACTION;
PRAGMA page_size=4096;
-- PRAGMA encoding='UTF-8';
-- PRAGMA auto_vacuum=FULL;
-- PRAGMA max_page_count=4294967294;

BEGIN TRANSACTION;

-- Table  dispenses
DROP TABLE IF EXISTS dispenses;
CREATE TABLE dispenses (
                                tx_index INTEGER,
                                dispense_index INTEGER,
                                tx_hash TEXT,
                                block_index INTEGER,
                                source TEXT,
                                destination TEXT,
                                asset TEXT,
                                dispense_quantity INTEGER,
                                dispenser_tx_hash TEXT,
                                btc_amount INTEGER,
                                PRIMARY KEY (tx_index, dispense_index, source, destination),
                                FOREIGN KEY (tx_index, tx_hash, block_index) REFERENCES transactions(tx_index, tx_hash, block_index));
-- Triggers and indices on  dispenses
CREATE TRIGGER block_update_dispenses
            BEFORE UPDATE ON dispenses BEGIN
                SELECT RAISE(FAIL, "UPDATES NOT ALLOWED");
            END;
CREATE INDEX dispenses_asset_idx ON dispenses (asset)
        ;
CREATE INDEX dispenses_block_index_idx ON dispenses (block_index)
        ;
CREATE INDEX dispenses_destination_idx ON dispenses (destination)
        ;
CREATE INDEX dispenses_dispense_quantity_idx ON dispenses (dispense_quantity)
        ;
CREATE INDEX dispenses_dispenser_tx_hash_idx ON dispenses (dispenser_tx_hash)
        ;
CREATE INDEX dispenses_source_idx ON dispenses (source)
        ;
CREATE INDEX dispenses_tx_hash_idx ON dispenses (tx_hash)
        ;

COMMIT TRANSACTION;
PRAGMA page_size=4096;
-- PRAGMA encoding='UTF-8';
-- PRAGMA auto_vacuum=FULL;
-- PRAGMA max_page_count=4294967294;

BEGIN TRANSACTION;

-- Table  dispenser_refills
DROP TABLE IF EXISTS dispenser_refills;
CREATE TABLE dispenser_refills(
                                        tx_index INTEGER,
                                        tx_hash TEXT,
                                        block_index INTEGER,
                                        source TEXT,
                                        destination TEXT,
                                        asset TEXT,
                                        dispense_quantity INTEGER,
                                        dispenser_tx_hash TEXT,
                                        PRIMARY KEY (tx_index, tx_hash, source, destination),
                                        FOREIGN KEY (tx_index, tx_hash, block_index)
                                            REFERENCES transactions(tx_index, tx_hash, block_index));
-- Triggers and indices on  dispenser_refills
CREATE TRIGGER block_update_dispenser_refills
            BEFORE UPDATE ON dispenser_refills BEGIN
                SELECT RAISE(FAIL, "UPDATES NOT ALLOWED");
            END;
CREATE INDEX dispenser_refills_block_index_idx ON dispenser_refills (block_index)
        ;
CREATE INDEX dispenser_refills_tx_hash_idx ON dispenser_refills (tx_hash)
        ;

COMMIT TRANSACTION;
PRAGMA page_size=4096;
-- PRAGMA encoding='UTF-8';
-- PRAGMA auto_vacuum=FULL;
-- PRAGMA max_page_count=4294967294;

BEGIN TRANSACTION;

-- Table  fairminters
DROP TABLE IF EXISTS fairminters;
CREATE TABLE fairminters (
            tx_hash TEXT,
            tx_index INTEGER,
            block_index INTEGER,
            source TEXT,
            asset TEXT,
            asset_parent TEXT,
            asset_longname TEXT,
            description TEXT,
            price INTEGER,
            quantity_by_price INTEGER,
            hard_cap INTEGER,
            burn_payment BOOL,
            max_mint_per_tx INTEGER,
            premint_quantity INTEGER,
            start_block INTEGER,
            end_block INTEGER,
            minted_asset_commission_int INTEGER,
            soft_cap INTEGER,
            soft_cap_deadline_block INTEGER,
            lock_description BOOL,
            lock_quantity BOOL,
            divisible BOOL,
            pre_minted BOOL DEFAULT 0,
            status TEXT
        );
-- Triggers and indices on  fairminters
CREATE TRIGGER block_update_fairminters
            BEFORE UPDATE ON fairminters BEGIN
                SELECT RAISE(FAIL, "UPDATES NOT ALLOWED");
            END;
CREATE INDEX fairminters_asset_idx ON fairminters (asset)
        ;
CREATE INDEX fairminters_asset_longname_idx ON fairminters (asset_longname)
        ;
CREATE INDEX fairminters_asset_parent_idx ON fairminters (asset_parent)
        ;
CREATE INDEX fairminters_block_index_idx ON fairminters (block_index)
        ;
CREATE INDEX fairminters_source_idx ON fairminters (source)
        ;
CREATE INDEX fairminters_status_idx ON fairminters (status)
        ;
CREATE INDEX fairminters_tx_hash_idx ON fairminters (tx_hash)
        ;

COMMIT TRANSACTION;
PRAGMA page_size=4096;
-- PRAGMA encoding='UTF-8';
-- PRAGMA auto_vacuum=FULL;
-- PRAGMA max_page_count=4294967294;

BEGIN TRANSACTION;

-- Table  fairmints
DROP TABLE IF EXISTS fairmints;
CREATE TABLE fairmints (
            tx_hash TEXT PRIMARY KEY,
            tx_index INTEGER,
            block_index INTEGER,
            source TEXT,
            fairminter_tx_hash TEXT,
            asset TEXT,
            earn_quantity INTEGER,
            paid_quantity INTEGER,
            commission INTEGER,
            status TEXT
        );
-- Triggers and indices on  fairmints
CREATE TRIGGER block_update_fairmints
            BEFORE UPDATE ON fairmints BEGIN
                SELECT RAISE(FAIL, "UPDATES NOT ALLOWED");
            END;
CREATE INDEX fairmints_asset_idx ON fairmints (asset)
        ;
CREATE INDEX fairmints_block_index_idx ON fairmints (block_index)
        ;
CREATE INDEX fairmints_fairminter_tx_hash_idx ON fairmints (fairminter_tx_hash)
        ;
CREATE INDEX fairmints_source_idx ON fairmints (source)
        ;
CREATE INDEX fairmints_status_idx ON fairmints (status)
        ;
CREATE INDEX fairmints_tx_hash_idx ON fairmints (tx_hash)
        ;

COMMIT TRANSACTION;
PRAGMA page_size=4096;
-- PRAGMA encoding='UTF-8';
-- PRAGMA auto_vacuum=FULL;
-- PRAGMA max_page_count=4294967294;

BEGIN TRANSACTION;

-- Table  transaction_count
DROP TABLE IF EXISTS transaction_count;
CREATE TABLE transaction_count(
            block_index INTEGER,
            transaction_id INTEGER,
            count INTEGER);
-- Triggers and indices on  transaction_count
CREATE TRIGGER block_update_transaction_count
            BEFORE UPDATE ON transaction_count BEGIN
                SELECT RAISE(FAIL, "UPDATES NOT ALLOWED");
            END;
CREATE INDEX transaction_count_block_index_transaction_id_idx ON transaction_count (block_index, transaction_id)
        ;

COMMIT TRANSACTION;
