-- PRAGMA page_size=1024;
-- PRAGMA encoding='UTF-8';
-- PRAGMA auto_vacuum=NONE;
-- PRAGMA max_page_count=1073741823;

BEGIN TRANSACTION;

-- Table  balances
DROP TABLE IF EXISTS balances;
CREATE TABLE balances(
                      address TEXT,
                      asset TEXT,
                      quantity INTEGER);
INSERT INTO balances VALUES('3_mn6q3dS2EnDUx3bmyWc6D4szJNVGtaR7zc_mnfAHmddVibnZNSkh8DvKaQoiEfNsxjXzH_mtQheFaSfWELRB2MyMBaiWjdDm6ux9Ezns_3','XCP',145135970641);
INSERT INTO balances VALUES('3_mn6q3dS2EnDUx3bmyWc6D4szJNVGtaR7zc_mnfAHmddVibnZNSkh8DvKaQoiEfNsxjXzH_mqPCfvqTfYctXMUfmniXeG2nyaN8w6tPmj_3','XCP',4763877496);
INSERT INTO balances VALUES('3_mn6q3dS2EnDUx3bmyWc6D4szJNVGtaR7zc_mnfAHmddVibnZNSkh8DvKaQoiEfNsxjXzH_mtQheFaSfWELRB2MyMBaiWjdDm6ux9Ezns_3','BBBB',996000000);
INSERT INTO balances VALUES('3_mn6q3dS2EnDUx3bmyWc6D4szJNVGtaR7zc_mnfAHmddVibnZNSkh8DvKaQoiEfNsxjXzH_mtQheFaSfWELRB2MyMBaiWjdDm6ux9Ezns_3','BBBC',92631);
INSERT INTO balances VALUES('3_mn6q3dS2EnDUx3bmyWc6D4szJNVGtaR7zc_mnfAHmddVibnZNSkh8DvKaQoiEfNsxjXzH_mqPCfvqTfYctXMUfmniXeG2nyaN8w6tPmj_3','BBBB',4000000);
INSERT INTO balances VALUES('3_mn6q3dS2EnDUx3bmyWc6D4szJNVGtaR7zc_mnfAHmddVibnZNSkh8DvKaQoiEfNsxjXzH_mqPCfvqTfYctXMUfmniXeG2nyaN8w6tPmj_3','BBBC',7369);
-- Triggers and indices on  balances
CREATE INDEX address_asset_idx ON balances (address, asset);

-- Table  bet_expirations
DROP TABLE IF EXISTS bet_expirations;
CREATE TABLE bet_expirations(
                      bet_index INTEGER PRIMARY KEY,
                      bet_hash TEXT UNIQUE,
                      source TEXT,
                      block_index INTEGER,
                      FOREIGN KEY (block_index) REFERENCES blocks(block_index),
                      FOREIGN KEY (bet_index, bet_hash) REFERENCES bets(tx_index, tx_hash));
INSERT INTO bet_expirations VALUES(13,'463975d2674516ac57af5edcdfb531ba7e4a32cf87ba9bc95d9923c877c1a411','3_mn6q3dS2EnDUx3bmyWc6D4szJNVGtaR7zc_mnfAHmddVibnZNSkh8DvKaQoiEfNsxjXzH_mtQheFaSfWELRB2MyMBaiWjdDm6ux9Ezns_3',281023);

-- Table  bet_match_expirations
DROP TABLE IF EXISTS bet_match_expirations;
CREATE TABLE bet_match_expirations(
                      bet_match_id TEXT PRIMARY KEY,
                      tx0_address TEXT,
                      tx1_address TEXT,
                      block_index INTEGER,
                      FOREIGN KEY (bet_match_id) REFERENCES bet_matches(id),
                      FOREIGN KEY (block_index) REFERENCES blocks(block_index));
INSERT INTO bet_match_expirations VALUES('463975d2674516ac57af5edcdfb531ba7e4a32cf87ba9bc95d9923c877c1a41137a3a0520ea5d78535569bc2de2adfeca62cbab85e9cd75de5ed823ab66e3024','3_mn6q3dS2EnDUx3bmyWc6D4szJNVGtaR7zc_mnfAHmddVibnZNSkh8DvKaQoiEfNsxjXzH_mtQheFaSfWELRB2MyMBaiWjdDm6ux9Ezns_3','3_mn6q3dS2EnDUx3bmyWc6D4szJNVGtaR7zc_mnfAHmddVibnZNSkh8DvKaQoiEfNsxjXzH_mtQheFaSfWELRB2MyMBaiWjdDm6ux9Ezns_3',281014);
INSERT INTO bet_match_expirations VALUES('98b5c41f66b6dc297fa98eed2de16b88677deacc12fcc69bd24fa85ac8b977a4600d9bc885975e3c9c46ff225b4c3b647c39d15c7988d6fee8065d6307a56bae','3_mn6q3dS2EnDUx3bmyWc6D4szJNVGtaR7zc_mnfAHmddVibnZNSkh8DvKaQoiEfNsxjXzH_mtQheFaSfWELRB2MyMBaiWjdDm6ux9Ezns_3','3_mn6q3dS2EnDUx3bmyWc6D4szJNVGtaR7zc_mnfAHmddVibnZNSkh8DvKaQoiEfNsxjXzH_mtQheFaSfWELRB2MyMBaiWjdDm6ux9Ezns_3',281016);
INSERT INTO bet_match_expirations VALUES('aa76a7536be5b01a26deddbb00faf2c3e9acf349b4c79d2665ecbc51daf8b169163a1dd617fbd34d062555e223750414d7d9e8b8cb5a43824b9fb1722f700a0c','3_mn6q3dS2EnDUx3bmyWc6D4szJNVGtaR7zc_mnfAHmddVibnZNSkh8DvKaQoiEfNsxjXzH_mtQheFaSfWELRB2MyMBaiWjdDm6ux9Ezns_3','3_mn6q3dS2EnDUx3bmyWc6D4szJNVGtaR7zc_mnfAHmddVibnZNSkh8DvKaQoiEfNsxjXzH_mtQheFaSfWELRB2MyMBaiWjdDm6ux9Ezns_3',281018);

-- Table  bet_match_resolutions
DROP TABLE IF EXISTS bet_match_resolutions;
CREATE TABLE bet_match_resolutions(
                      bet_match_id TEXT PRIMARY KEY,
                      bet_match_type_id INTEGER,
                      block_index INTEGER,
                      winner TEXT,
                      settled BOOL,
                      bull_credit INTEGER,
                      bear_credit INTEGER,
                      escrow_less_fee INTEGER,
                      fee INTEGER,
                      FOREIGN KEY (bet_match_id) REFERENCES bet_matches(id),
                      FOREIGN KEY (block_index) REFERENCES blocks(block_index));

-- Table  bet_matches
DROP TABLE IF EXISTS bet_matches;
CREATE TABLE bet_matches(
                      id TEXT PRIMARY KEY,
                      tx0_index INTEGER,
                      tx0_hash TEXT,
                      tx0_address TEXT,
                      tx1_index INTEGER,
                      tx1_hash TEXT,
                      tx1_address TEXT,
                      tx0_bet_type INTEGER,
                      tx1_bet_type INTEGER,
                      feed_address TEXT,
                      initial_value INTEGER,
                      deadline INTEGER,
                      target_value REAL,
                      leverage INTEGER,
                      forward_quantity INTEGER,
                      backward_quantity INTEGER,
                      tx0_block_index INTEGER,
                      tx1_block_index INTEGER,
                      block_index INTEGER,
                      tx0_expiration INTEGER,
                      tx1_expiration INTEGER,
                      match_expire_index INTEGER,
                      fee_fraction_int INTEGER,
                      status TEXT,
                      FOREIGN KEY (tx0_index, tx0_hash, tx0_block_index) REFERENCES transactions(tx_index, tx_hash, block_index),
                      FOREIGN KEY (tx1_index, tx1_hash, tx1_block_index) REFERENCES transactions(tx_index, tx_hash, block_index));
INSERT INTO bet_matches VALUES('463975d2674516ac57af5edcdfb531ba7e4a32cf87ba9bc95d9923c877c1a41137a3a0520ea5d78535569bc2de2adfeca62cbab85e9cd75de5ed823ab66e3024',13,'463975d2674516ac57af5edcdfb531ba7e4a32cf87ba9bc95d9923c877c1a411','3_mn6q3dS2EnDUx3bmyWc6D4szJNVGtaR7zc_mnfAHmddVibnZNSkh8DvKaQoiEfNsxjXzH_mtQheFaSfWELRB2MyMBaiWjdDm6ux9Ezns_3',14,'37a3a0520ea5d78535569bc2de2adfeca62cbab85e9cd75de5ed823ab66e3024','3_mn6q3dS2EnDUx3bmyWc6D4szJNVGtaR7zc_mnfAHmddVibnZNSkh8DvKaQoiEfNsxjXzH_mtQheFaSfWELRB2MyMBaiWjdDm6ux9Ezns_3',0,1,'3_mn6q3dS2EnDUx3bmyWc6D4szJNVGtaR7zc_mnfAHmddVibnZNSkh8DvKaQoiEfNsxjXzH_mtQheFaSfWELRB2MyMBaiWjdDm6ux9Ezns_3',100,1388000100,0.0,15120,41500000,20750000,281012,281013,281013,10,10,281022,5000000,'expired');
INSERT INTO bet_matches VALUES('98b5c41f66b6dc297fa98eed2de16b88677deacc12fcc69bd24fa85ac8b977a4600d9bc885975e3c9c46ff225b4c3b647c39d15c7988d6fee8065d6307a56bae',15,'98b5c41f66b6dc297fa98eed2de16b88677deacc12fcc69bd24fa85ac8b977a4','3_mn6q3dS2EnDUx3bmyWc6D4szJNVGtaR7zc_mnfAHmddVibnZNSkh8DvKaQoiEfNsxjXzH_mtQheFaSfWELRB2MyMBaiWjdDm6ux9Ezns_3',16,'600d9bc885975e3c9c46ff225b4c3b647c39d15c7988d6fee8065d6307a56bae','3_mn6q3dS2EnDUx3bmyWc6D4szJNVGtaR7zc_mnfAHmddVibnZNSkh8DvKaQoiEfNsxjXzH_mtQheFaSfWELRB2MyMBaiWjdDm6ux9Ezns_3',0,1,'3_mn6q3dS2EnDUx3bmyWc6D4szJNVGtaR7zc_mnfAHmddVibnZNSkh8DvKaQoiEfNsxjXzH_mtQheFaSfWELRB2MyMBaiWjdDm6ux9Ezns_3',100,1388000100,0.0,5040,150000000,350000000,281014,281015,281015,10,10,281024,5000000,'expired');
INSERT INTO bet_matches VALUES('aa76a7536be5b01a26deddbb00faf2c3e9acf349b4c79d2665ecbc51daf8b169163a1dd617fbd34d062555e223750414d7d9e8b8cb5a43824b9fb1722f700a0c',17,'aa76a7536be5b01a26deddbb00faf2c3e9acf349b4c79d2665ecbc51daf8b169','3_mn6q3dS2EnDUx3bmyWc6D4szJNVGtaR7zc_mnfAHmddVibnZNSkh8DvKaQoiEfNsxjXzH_mtQheFaSfWELRB2MyMBaiWjdDm6ux9Ezns_3',18,'163a1dd617fbd34d062555e223750414d7d9e8b8cb5a43824b9fb1722f700a0c','3_mn6q3dS2EnDUx3bmyWc6D4szJNVGtaR7zc_mnfAHmddVibnZNSkh8DvKaQoiEfNsxjXzH_mtQheFaSfWELRB2MyMBaiWjdDm6ux9Ezns_3',2,3,'3_mn6q3dS2EnDUx3bmyWc6D4szJNVGtaR7zc_mnfAHmddVibnZNSkh8DvKaQoiEfNsxjXzH_mtQheFaSfWELRB2MyMBaiWjdDm6ux9Ezns_3',100,1388000200,1.0,5040,750000000,650000000,281016,281017,281017,10,10,281026,5000000,'expired');
-- Triggers and indices on  bet_matches
CREATE INDEX valid_feed_idx ON bet_matches (feed_address, status);

-- Table  bets
DROP TABLE IF EXISTS bets;
CREATE TABLE bets(
                      tx_index INTEGER UNIQUE,
                      tx_hash TEXT UNIQUE,
                      block_index INTEGER,
                      source TEXT,
                      feed_address TEXT,
                      bet_type INTEGER,
                      deadline INTEGER,
                      wager_quantity INTEGER,
                      wager_remaining INTEGER,
                      counterwager_quantity INTEGER,
                      counterwager_remaining INTEGER,
                      target_value REAL,
                      leverage INTEGER,
                      expiration INTEGER,
                      expire_index INTEGER,
                      fee_fraction_int INTEGER,
                      status TEXT,
                      FOREIGN KEY (tx_index, tx_hash, block_index) REFERENCES transactions(tx_index, tx_hash, block_index),
                      PRIMARY KEY (tx_index, tx_hash));
INSERT INTO bets VALUES(13,'463975d2674516ac57af5edcdfb531ba7e4a32cf87ba9bc95d9923c877c1a411',281012,'3_mn6q3dS2EnDUx3bmyWc6D4szJNVGtaR7zc_mnfAHmddVibnZNSkh8DvKaQoiEfNsxjXzH_mtQheFaSfWELRB2MyMBaiWjdDm6ux9Ezns_3','3_mn6q3dS2EnDUx3bmyWc6D4szJNVGtaR7zc_mnfAHmddVibnZNSkh8DvKaQoiEfNsxjXzH_mtQheFaSfWELRB2MyMBaiWjdDm6ux9Ezns_3',0,1388000100,50000000,8500000,25000000,4250000,0.0,15120,10,281022,5000000,'expired');
INSERT INTO bets VALUES(14,'37a3a0520ea5d78535569bc2de2adfeca62cbab85e9cd75de5ed823ab66e3024',281013,'3_mn6q3dS2EnDUx3bmyWc6D4szJNVGtaR7zc_mnfAHmddVibnZNSkh8DvKaQoiEfNsxjXzH_mtQheFaSfWELRB2MyMBaiWjdDm6ux9Ezns_3','3_mn6q3dS2EnDUx3bmyWc6D4szJNVGtaR7zc_mnfAHmddVibnZNSkh8DvKaQoiEfNsxjXzH_mtQheFaSfWELRB2MyMBaiWjdDm6ux9Ezns_3',1,1388000100,25000000,4250000,41500000,0,0.0,15120,10,281023,5000000,'filled');
INSERT INTO bets VALUES(15,'98b5c41f66b6dc297fa98eed2de16b88677deacc12fcc69bd24fa85ac8b977a4',281014,'3_mn6q3dS2EnDUx3bmyWc6D4szJNVGtaR7zc_mnfAHmddVibnZNSkh8DvKaQoiEfNsxjXzH_mtQheFaSfWELRB2MyMBaiWjdDm6ux9Ezns_3','3_mn6q3dS2EnDUx3bmyWc6D4szJNVGtaR7zc_mnfAHmddVibnZNSkh8DvKaQoiEfNsxjXzH_mtQheFaSfWELRB2MyMBaiWjdDm6ux9Ezns_3',0,1388000100,150000000,0,350000000,0,0.0,5040,10,281024,5000000,'filled');
INSERT INTO bets VALUES(16,'600d9bc885975e3c9c46ff225b4c3b647c39d15c7988d6fee8065d6307a56bae',281015,'3_mn6q3dS2EnDUx3bmyWc6D4szJNVGtaR7zc_mnfAHmddVibnZNSkh8DvKaQoiEfNsxjXzH_mtQheFaSfWELRB2MyMBaiWjdDm6ux9Ezns_3','3_mn6q3dS2EnDUx3bmyWc6D4szJNVGtaR7zc_mnfAHmddVibnZNSkh8DvKaQoiEfNsxjXzH_mtQheFaSfWELRB2MyMBaiWjdDm6ux9Ezns_3',1,1388000100,350000000,0,150000000,0,0.0,5040,10,281025,5000000,'filled');
INSERT INTO bets VALUES(17,'aa76a7536be5b01a26deddbb00faf2c3e9acf349b4c79d2665ecbc51daf8b169',281016,'3_mn6q3dS2EnDUx3bmyWc6D4szJNVGtaR7zc_mnfAHmddVibnZNSkh8DvKaQoiEfNsxjXzH_mtQheFaSfWELRB2MyMBaiWjdDm6ux9Ezns_3','3_mn6q3dS2EnDUx3bmyWc6D4szJNVGtaR7zc_mnfAHmddVibnZNSkh8DvKaQoiEfNsxjXzH_mtQheFaSfWELRB2MyMBaiWjdDm6ux9Ezns_3',2,1388000200,750000000,0,650000000,0,1.0,5040,10,281026,5000000,'filled');
INSERT INTO bets VALUES(18,'163a1dd617fbd34d062555e223750414d7d9e8b8cb5a43824b9fb1722f700a0c',281017,'3_mn6q3dS2EnDUx3bmyWc6D4szJNVGtaR7zc_mnfAHmddVibnZNSkh8DvKaQoiEfNsxjXzH_mtQheFaSfWELRB2MyMBaiWjdDm6ux9Ezns_3','3_mn6q3dS2EnDUx3bmyWc6D4szJNVGtaR7zc_mnfAHmddVibnZNSkh8DvKaQoiEfNsxjXzH_mtQheFaSfWELRB2MyMBaiWjdDm6ux9Ezns_3',3,1388000200,650000000,0,750000000,0,1.0,5040,10,281027,5000000,'filled');
-- Triggers and indices on  bets
CREATE INDEX feed_valid_bettype_idx ON bets (feed_address, status, bet_type);

-- Table  blocks
DROP TABLE IF EXISTS blocks;
CREATE TABLE blocks(
                      block_index INTEGER UNIQUE,
                      block_hash TEXT UNIQUE,
                      block_time INTEGER,
                      previous_block_hash TEXT UNIQUE,
                      difficulty INTEGER, ledger_hash TEXT, txlist_hash TEXT,
                      PRIMARY KEY (block_index, block_hash));
INSERT INTO blocks VALUES(280999,'44c255282a60c66ec38af64955c673e5e16ad69aad4e6584d60c9f2ef5fec4951466bc0d9b3b1107a41946571971befb8a67762ec264de62e37307508a2a7d40',2809990000000,NULL,NULL,NULL,NULL);
INSERT INTO blocks VALUES(281000,'19e5c9df8a1fbcf246f58df91d99b1bb209f847fd88197aebb4c29650624364c669b997ec161726969b16eab47e6aa193a4f7959ad407a3064131151853297a7',2810000000000,NULL,NULL,'30eec2a941a2709d058db210272a394abbcfb00309f0aca1f6cc06ef66a00076','0ad4ca4a78a41adb1f7828f5600ced206296681428d651701c8cfe96b0e70b69');
INSERT INTO blocks VALUES(281001,'2c12c0ad5a39e189ee10926d26779b086604b475caab0b6641f29e9068be54a47696302ec9ec9597f098bba2e81e5dfa49034558f958f9b1f62ca115c0a60ae1',2810010000000,NULL,NULL,'ec48955c210d549d982b009d3d749402c77e5f5fd7de1276d70e25877539bc92','069acd00baa6312522d837f3c7e1b13e2be21ee5dde8c694c04729eb4454d57c');
INSERT INTO blocks VALUES(281002,'6e3e2ad1f0c2004ad5de91b184d43e7cec52c86d97e95a92b96d5e6a052d7de3965f05ae6c1c8714f1126905064c8fda78ba450abae5d61e90bd59d3455c7804',2810020000000,NULL,NULL,'c16ee4a3b1fe0a14640bc390039f676e59c41b068466b233fb0e40bb2034d044','993a48ea1c0a0407225095282d6334312fa1c304faa0488ab4ea06a8fd6ef964');
INSERT INTO blocks VALUES(281003,'45d5102b9f3a805f1eddd328ee8ee0addc712141d8a6916e896ad4e78ba297e5fc1228f1235ead0a43dc076404f96e93e0f30c968ee406c25e2a5c9d3ddc1046',2810030000000,NULL,NULL,'5bf9730af3baed0870d8436010d4c122b01b22722314f8e7ac5620e1d7d29bcf','1737a1e3d8f52574528fffff59b9501509aeda9ab4856886080a2b23fe372058');
INSERT INTO blocks VALUES(281004,'07fd959564064999eba4502617562efa349d523910f2f0224974b6943c86ada23b04575d1d938c878bf371d08079887d83cc9ded4ae876c0cbde874ffe330056',2810040000000,NULL,NULL,'a66aa1bca63d2b39d0e04fe31ccb0f24cb392cf59ba57d7a4b35bfba272c2897','45aca05a352f93db19891a1abd4e5328b087ff3cdc5fc84c2de2a81495154361');
INSERT INTO blocks VALUES(281005,'d9f51a32fc61b8bf996bfc88079bfb6750da8315cef864c5906a25cc65e14b52b6f8b419617c6c6ae35d53c9f26d365606c0f7700aac56ef27a5df0a04c2e4ac',2810050000000,NULL,NULL,'48d92696b8d65ee462c8587350a00877cfa63f71e55cd916ea96fc5b572b5063','a541860dab3f6935df21019aad37986c51665d539fe2d84e398c9202b1c89bc6');
INSERT INTO blocks VALUES(281006,'ac084933b5d4762d070f2d6820e293de5427c2f23daced0187cd883d7efc4916825b9a59f2652c58dbb017d8615d5073de36904fb4e0048392b340c80d535e1f',2810060000000,NULL,NULL,'56b557f4af9fef543561a6a88c95ecd0804c92cf1794132c193c19167e96ad82','b68f3d2dcf3de7f9cee1d1aaaf3f1f8c70de1774f3ba6aa3bb8f28252485c2bc');
INSERT INTO blocks VALUES(281007,'f3b816cabefaf4d1b47ef89e10b90fe56014b438c1c414246734e2e31a8c3d83877c920574143c216bb4c00dbb937c533fb745eee44b28ea4e57a4e614e1b7ef',2810070000000,NULL,NULL,'70761bf860ec048166af54c87b01503562fc32b64a60d7275b240617eaa74c40','c2d529de42916286006cc59e51766871bad845a0774f37cd3a253ba0926bc867');
INSERT INTO blocks VALUES(281008,'2d198b050edd269a30a405d16636abc229eea964f06f6e5ea4d0f8200b66aa43fe24ec00df94225e1872818c1c750b40ee097035925bd7089ec29f0c036c3435',2810080000000,NULL,NULL,'d3eff06302c0913e535a399cf74f340cec64a77d4b8f78f22a8083ea76eb1392','ed31f8dd8cb8a4f819bd0bace0fab32bee7781ff78350cad7ab176867e90a076');
INSERT INTO blocks VALUES(281009,'ca4bf591c01ae79f8c087963e9872d103f6330bed294d7711b386e298ea28d08e09f14e253dec34a37ba8252bc585442f7c2d2fe55d72f0bee8edcfa93136da7',2810090000000,NULL,NULL,'7aa920ea43c344ed77ec38fca1bdffb90bc0c5ba2d56c677b7398a472b32712a','edc0ca2fcabfe228034579fa19b7167a8ab41f35f24c6e29a8d38edb39d07323');
INSERT INTO blocks VALUES(281010,'5182be85620e1f297c772332621540df7a914f2823843ad7e816cd0d156603dfc132fe9c9bb780e8f7bb23e627071cf6caeb4569f4547a3817b7109fc7a05997',2810100000000,NULL,NULL,'4c695a0f756a73fbb07ee87f9c584c777361706c86de48664b6080b293706dd9','62610aa9f56f510150866da2c5452049fe6b3af397eea980a4c3067372ff1423');
INSERT INTO blocks VALUES(281011,'96c1c1e3dcec780c2bec9c9312e3dae1412ff146047d2c64d3e8ba49c36a38ef4522532e2635ec3a6ee6168451fe20916d5621f5db0d90db61c6eac947a5cea2',2810110000000,NULL,NULL,'de809629814307d7d820787bf79ef6103a9ea8d02e66914f283efaf41e32d104','19698c4157fd17c9777c1a68e2baab71cdcf449d4d384e811b04ad391cd99c6a');
INSERT INTO blocks VALUES(281012,'5caaeb77ce0df4aa8f0b96b80bcd9db2a2fd129d37e83805eec33f65b1110c0213803740cf7376879755619a8ff24be51a38968fbbbda4204992b152e3f5e416',2810120000000,NULL,NULL,'2af56f74ad4ad97e28e453d633cccd33c1bdb37aacee05281936ad2ff29694a8','f96b94736e3a074b192a05480a54ddc567489f8fe0293e8cb7ecef1fb27b81d5');
INSERT INTO blocks VALUES(281013,'a47ac121e75996a9f174f16a77b5895d4c98146c18996a7b96c0a2f6397af7271efb496510e31096b399da2623de16e8e764bfb282d053de061bbe0f02304933',2810130000000,NULL,NULL,'23bff70aa570bc4a18c52f4a0bba0c92e8a914ddb14c4bd46c0616a6340cfd9d','80ac696b3493026d22119d2985c522ae69f7f22c5ac40ceef2cab6a8afd3664c');
INSERT INTO blocks VALUES(281014,'63cb57ede61a8e09aaaf43ca45c35ebf35cac80be0b16bca912e8bf5352b6387092668e175bf69c306a9ce5efacd7c476f1461c0de9052b07716b370b2c77cb5',2810140000000,NULL,NULL,'0c9d9910d2e78572c2373417c470de0ca647170cd19b453b4c643d5525679cfd','ab328b99666c41ff7dd8c8929a309fa0b3d3983aa9a2e11a654b16118cc93a7d');
INSERT INTO blocks VALUES(281015,'40946bfc6a7e70c6baa3b1db0baa476f99e04696536b301576c70790e4b77a221691d510f90b211f11b59cbec850ce682db371c85d5dabf0255214b401ef51e1',2810150000000,NULL,NULL,'d02b1ece120b5901eb577189803341116dbe13d5a56f4dde628cee707515ac3f','472d41ddf2d37ac934e12825585c257543bc08d3b0da1c2a14543072a4416227');
INSERT INTO blocks VALUES(281016,'ff4ef3d92f34c425178aa8437f1052d8c365bfa7ef953ed56a3b8f5d70f23194b43b948e5ceec12d9a055a906cc65b449e3e70c328c643969548b89c188ac08a',2810160000000,NULL,NULL,'fc95e8eedd8691363897f4e23aa1c67ce447108ddd5598bc94e1dbcc11c33810','0294cbe8eeae5b924bee89fd511a25b1ed3d5145893dfc918e675859985fc523');
INSERT INTO blocks VALUES(281017,'d83c37768fbc05523f265f30cf2f2512b9cc206b453b064c7e0396f4ec6f6397906deeb2a35024f7ddaab9d2d19355c9f9dea706c53a3f414837470c4df603f4',2810170000000,NULL,NULL,'433b13244299c7fc1fb616a91cc693b12d4014711cb7648ee9d0a3a84e953337','7e5661a74ce287c57e98aff5a2d9519729309bf2f546697a5cf45d34fdff61aa');
INSERT INTO blocks VALUES(281018,'14c9d4e9ac58abca6301bf85caaad95de39839610405d49f087821e0ca91901a631127109fbe3025318a23ec18133b3888b05af5284f53da7a3af7c67c8d17d3',2810180000000,NULL,NULL,'36aea1163d5d89786021f14e39fa9d3a519627df361cc95b4b1cef2194e320f8','b10c384a99705773077b63fc6d57be2645cc7d088fdf9040fef33503ad3b89d9');
INSERT INTO blocks VALUES(281019,'f36b93025abe937637415c4990199a9088551309f5387339da3dcbc937b310025bd8c56e322a47a5a76222df6b3a026735a12e5773915fbfe74e3447b6d496f3',2810190000000,NULL,NULL,'80e9a3f00a3299b521385ff0a2eb1b331fbfa1e44046d4cf3e5707915baa8994','ecc5ff4d109238c27fec4da9e68b1ecbaa734c267aef19c56c81c169bc6320cc');
INSERT INTO blocks VALUES(281020,'37b2b4279788cc394a6698af38252899ac99e650534e2b075d55c94b24036469441e26c747ee95d9123f19bd54572d33ae8e252a9033eb92b89927fae5d9c5af',2810200000000,NULL,NULL,'79cbb9e8e59a68024084c0fca0b54f3b206e047b019b1d1b448ea6d3f16d2178','ebaeb9433d81825b8b4e123cc8db863c416ada52135b8ab140e0b03abb2b2021');
INSERT INTO blocks VALUES(281021,'25a7327d5c14f3b923540925eca3cf39f90591954ac4a1e22ea1851e50bd9f079b8210671246e1d3f49cc62d1a278a66c182b5a497e201ac3834025d662adb4f',2810210000000,NULL,NULL,'22cebae01a20e0b2ecbf8cbb8232534f931e04f23b37ae575e89f220c08b1062','de82f6c2be2bfbbc6ba95841d465bb50e2b07eb865e0247e67db4bb0b1b36698');
INSERT INTO blocks VALUES(281022,'d84a688fad1c811d37a7f7c39768c5dc35732069a599a601059b4b2bfab955812055cbf2033febd3e4f4586815bd3c7bf03401ca65c0862c122764053a7a8eb8',2810220000000,NULL,NULL,'782df109c252c1b63acec16c98d31469641f6e6c48675fcb446c1c5c150c9434','0c15455ea6820493bc953ac16532d420f80f600961ce209e0ba9462b0257d61e');
INSERT INTO blocks VALUES(281023,'5c4a8e871ad6d2b46126989f044f09792f691da9a11320a301afb7c25dc159a3aee2314288116157cc36d1cfb104e5bd56bcd2185125e488c18788b820eb9c3a',2810230000000,NULL,NULL,'8fce2dafa1d406ac6fb8e0a2d8ef647e45f6324206a0d585e112bdb2566d36bf','65cd927e02994d16135550b87a7cc178d6c025c115453a56563fba7533f8d7d1');
INSERT INTO blocks VALUES(281024,'66280f0af9349111435448fa54a3151fa1d910508b306ed6f70be58dcb0024ca44562ef13c4285bfae042454fe7206d7fe525d20217743934409c5bd645a3156',2810240000000,NULL,NULL,'9408c31546b92f8cbd33aa771b91112ff06386c60b4a05501712da27bcfbac6c','20bf9d7e94f5c2723ec879ea91cd6b3d515158c7b3650ea51c9514b5a116f7ce');
INSERT INTO blocks VALUES(281025,'719fd8795fd02499960ef45de51d73eced164803ea295f50a3c89a74fbfeb18ae6205412f0906a97346eeda6ea40237705b044193a426bdfde7c1f47fe07d7a8',2810250000000,NULL,NULL,'a316e7a5429de24bc61ffe35fe9ec007f5427db46e01329693d52f15b7d38a53','81677c2b0b7cc5e26fbe09cc0852efe628e6cf33f0f59804cb8389bb1c19894d');
INSERT INTO blocks VALUES(281026,'fc6af0530f24e921a91527594efbb96e723671742bb02ac6f3b69c5bdd54023aeeccf389f8de030f3f31a0afc9ceb2b9898daaf4bbae1e3b36e43ae2587fd1d8',2810260000000,NULL,NULL,'bcf6fdc3da4736d238d5b75ddb5fabf3d372505d81664607edeb22f1e391d6cb','00802efe1bfe6e0ef5eda26906c67910551c19a992f595efaec790df0b52d87c');
INSERT INTO blocks VALUES(281027,'ca9da6db5f6a998bbd8ec5761381a342c3f9e5afe486cff13e4ed7a48e41c39d9f082bb8912df2b6a03e71be432e40d380e555225b9c68e3ab7d7afce058aeb9',2810270000000,NULL,NULL,'fd7dbcdee31f31325079c454222aebc5a77b2b846d0a7fd77165fdbfea931962','afc9c018aac03e8da3495fd13daf8bc8168255be158ae7f8673ded795f8b0e16');
INSERT INTO blocks VALUES(281028,'bbb54fd0f3d656ace3642d7846b63ec1f9fae7331789581b3311c2474af7338ab9fcc5f0e7e2ecea57f34e5455b7d6edc87bb17a53097e0703fe29947a8cdd5a',2810280000000,NULL,NULL,'885406569d164baf2b5e68a9946ebc4c07bf0334851c53120ef048097887e8b4','ab0b29c906ddc1fcfd3c15fe1a1c3f6b7bca46080a417ad1c26366547b784231');
INSERT INTO blocks VALUES(281029,'3b8abac9ac4015f67eb72c26a50d8649a88e1b1541a899436c9f22e52e693b3600e4e4438f176a8f4faee6eec21bde7e8af4057342849f6418067adb544ac782',2810290000000,NULL,NULL,'131ad3ff1e867ef5dc89a786068a1815ea35099c0474a404cf6edf27244fef01','0ad2ace1370ec8a9e4983b3c285557d8ea42a1afa1f7c287c62a1e756aab64bc');
INSERT INTO blocks VALUES(281030,'7a7ab67bd301743401e2cfb566c2fcff6145a4518628bbc5600b89505105b792b60a2a865725cf4e353dc5eccc5f645cb9eec89c0cb13bfe5d19f9f83c4de821',2810300000000,NULL,NULL,'b91055362625e121dd1d87de101e960145b66a99fd7ba57cb8c905b71de54257','ade1936bbdacb83d2569ca993c78e41a5e83b6564b330f190daf9ac184a5b9f4');
INSERT INTO blocks VALUES(281031,'ca46521b10c7533dad41fd3bf22770aa3eba9a3a94e4a0e109c2d00d657ff225eaf4578739c951b91726b19de65bf59717d9c7c2667aea5419796462ec08b803',2810310000000,NULL,NULL,'6caa5cf9a58469563d37664a073e5792e286f69d941e94ac6c58ec8cc64a1e40','f4b233f405342c6cb1a29eda957f1a6b7c52a9b4fba045721a3b046f45201cb9');
INSERT INTO blocks VALUES(281032,'b1343f6e8e1421e3760eca35e0ab2a8e7f151bb68d5e89d878687b7670da9ecdb3e62a90984c753d0c813c167405d3eba26790634b7783fac112a1998d38694e',2810320000000,NULL,NULL,'67b2d728818e3ec94d9d35c68d39f4c3103e55745a59130293976e69a2efdbf3','522b8838f93b05acf52bd6724bc31faa3533a7d249f1e03554e2b752208743a5');
INSERT INTO blocks VALUES(281033,'de142a2e70606a8e739bf65d27100292cf27262ac3e0218412ec574bf3603353addfc6e073af7fed7395989d845494a50bbc52b79d3f9de766b8c1e3a94a2b95',2810330000000,NULL,NULL,'6243d0f8fe6d0b937e8b7fa249663d71debfc6d8cd53104c08985a6c969414c7','f60fb33041d1e37f05ab8b9a706e1aa21bee2032d9317b5b79fed743aa30201f');
INSERT INTO blocks VALUES(281034,'0621c6803f1bb1995ca6a14e4154a538c28c544c0183330bf82a8adcf1fc742fcec5b8aa268c9a931fe1cddf566e4d9294e38a23d74fbfe5dfcd68af359ac4df',2810340000000,NULL,NULL,'9cc80c8126e136bf3dbee0466bcacc1391148bb6377a75ff50867a395e87059c','7080340994d10b55935aa1bec3e8332fe065d684834601e92b75aae347eff9ae');
INSERT INTO blocks VALUES(281035,'d12c025f46ce7f2cec7ef7f19abf5b9ab6269ea4d0ba85ac03e0376026a8025b1255635b301663e483c28bf34ab9c145b0b609a86c52b62d6a6b2bfe14ce882f',2810350000000,NULL,NULL,'84f39571d147f577637b52c38bc215b37931b12a096a95803442c517b81b0b92','6f7aaeae339443802d5edaee546613217fb47a18466809bdcd840736f33cebf7');
INSERT INTO blocks VALUES(281036,'d1608afedddc1df5c21ff38a56fe94085969be44f9401e002e1b2243e387c880adef23f080a5a03e2ae32d683a60b4d09f393702dc363d523e0d245f06ca86df',2810360000000,NULL,NULL,'894a0bd0ba0117e1e13763183ca706a4080a589a3788d887d04ff007c6d5e7c6','736de3f002aa8a16d745aa5a13dea47f1f1c9d63b4a06628c87f36098d4000ac');
INSERT INTO blocks VALUES(281037,'0c721138f34b5819d53f8e39932d7f0f5b5fe1ba4c3f0e2338763179e6aab188dd25a3428920caf999ad0f8aeab5f50bbfe834cdc6d8f8b7c4088f5911942243',2810370000000,NULL,NULL,'e2cc80521128e687fac2cefed82a735160b945ecd1794258993f3a3f9c305cf3','8ea8aa88ff0f91b68c59b3fc489986caa3d16b60d7d6d275bc9061f09e722b4b');
INSERT INTO blocks VALUES(281038,'9d407335fc45b8c1ab4c93d369133eaccba0d1e9177cd20278e5aad9329e474b8cf01781590fd99ea83b2a4c789c6454109e0aedd010c1372b3da0efaa3d9a22',2810380000000,NULL,NULL,'f6a6669576fc7558a041c09d2d374694a2dcbea700bc1cf542e29a2d443644ae','02cba9943ed6a27cf351c1abc5f6f2d06ca6a0f5680c0c2e44000c0d0759b111');
INSERT INTO blocks VALUES(281039,'b873b2586b30b3ccdf49ee0017146a132d43d75fdeeb703f667bb7419155a838c74ed7a69d1d8e8bf1660f5995df9faec2115c36b9bb8677f5c0c381e2041aaa',2810390000000,NULL,NULL,'c19e3c4beebb86c79cf7d89e9de192fb58f29a0d64dc7c42dd54aa53945f05ba','930e4740624c5ef93f1dd4726bba3434b388b4d782ee45595401202a90f9f61b');
INSERT INTO blocks VALUES(281040,'47ffb4e8e0198cffebe207e9b43c53d4c64068c49cab96f19d50cb5717df87d93d394eb0b7ddb76dad276b14631732920de4b4c6fed2c3efe49859c7e41ac783',2810400000000,NULL,NULL,'05148169e53b242e49b42500101be69db8b282702f0a4f6ca13a7bd6ada0979e','4893f183ad3bd6b20c3aa7327e5298000bc6175f3722ec787d55f15342991ab8');
INSERT INTO blocks VALUES(281041,'1ea3624606ff88f8920c1f20f9bbdfe97cfeab3da26aa2d5824407ec83609bd02256c433c376fba5a4e29ea500d6a3f13e9668c73d8d7a6e9861b2c520308857',2810410000000,NULL,NULL,'63b59d894aae7043ee4469775cf1736bfb2501ab13bad011de4f69b8045d6016','f66d26708b5e72e8d91e8e716bc5fcaa1a2a7b0b2cc10b5ac79ea7840a34fb2d');
INSERT INTO blocks VALUES(281042,'4a24090bb6cbad922d23f109034463c6ce22a36af9c9f60da6aefb34fcbbdce97b0c21c344bea18a8f52c4e98e482450bf65a213d79a09b6e469527ec9bc18b9',2810420000000,NULL,NULL,'edb2e30e3fa27972de2c0654e0f8d940d951e2ae88adc40e8b3f00b667cd89de','33aafbf72d9a955675afa03d1efc3ac2db1181bc1b72fb2e52450e5d8120f6b7');
INSERT INTO blocks VALUES(281043,'857962f1c8a554eb8b4c8f7315a3ecdec2e7e0d592e11eae59ee00721d68d6a505bfa1ce3fff20af1e7223c1ea1fb262e853bc45bb2048a18592cbcbcee2f1de',2810430000000,NULL,NULL,'e7603ee990d24d5d7dc2812e4ffe2c7eb67b975c0ae170178acf06cfadf2c646','646bdf07e2dea4f96f76f7f0cf4a40b17123ec0e60083419703851429477d547');
INSERT INTO blocks VALUES(281044,'eb02755b3fe9139ddd21a0ca0e1340ffee09c36dcc9565e48a33454a5c5e6b66b0021dfd8271610b890c699325f481085c2313067c11dbc7bad84f5e9fac434f',2810440000000,NULL,NULL,'79ffcc3e415bbd82696f3465934547df99f94b7f0175afc03a87d14198b81df9','06c584bd56dabaa7f7acba21a95fefa8c64065b137a605a0645d09fe14e5a282');
INSERT INTO blocks VALUES(281045,'02646fe371a78767eeae7d19b5f269ded2ad15632e4b16c5dfd7b13e388f7f8dc324a80e41a766d11ce55e7e189350a16d28413b50b728eb2ce3db9aa1c24a10',2810450000000,NULL,NULL,'96d9db9f61db8b7c1cd6488a6d8123d7f1d49d4fe1d2aa2cf1845e9a2df81d53','17c8bacbef7ac94ed91014459739f4b46c17af3c1ce79507d10806686284a695');
INSERT INTO blocks VALUES(281046,'341c8b8cc48629d8242f1ea946c6882f452b3bc8b53dbfb776e307007a92e19cd940194e9a7aaf921c368ad91886182b4912e01c30249c8fbacb9590371e2d17',2810460000000,NULL,NULL,'b40dd9179bc87206538897c0a9afefa84e6301238ffa9c81ac1596b9b771faff','a596dd24107c6e19afd5f8eba3b72813e16ad5cadb9cb0718b7a92a3e613782c');
INSERT INTO blocks VALUES(281047,'1559665acb43d9321387c9751b597e530123cc751eb49836defa50d6624eef68a65b4f6f076c3fb96e9ce193fdcc668347acb17d6b42363bda663dff65d89e62',2810470000000,NULL,NULL,'080dc09e91c80abbb6ca6200f4cdfde5a3783ec0b31a208a7bce77767d3b6a05','8198016884a9ae98f04f1108f886275a720eecdeee885e4c4701f86b480bedf0');
INSERT INTO blocks VALUES(281048,'ace510ffa60326a019079fd9e6407da4b4a74b64f8331ecdc9ac996dc48f8349d9773c620d3ed84e19f50e9bbac51a20c5b5aef9ee8997202de47ea7604a091b',2810480000000,NULL,NULL,'9e174fe2d4274235795585af17a5bd52a8ee6f67e19d67195c55a6deb496b663','516db45ca47a54d3e81d7125bb249ddb5d5444c57fcc3c13b9fa918d37d329a2');
INSERT INTO blocks VALUES(281049,'0f07de9b678d7993a65d7a16c0081ef0d55d07e70ad874720af262d6d14bb874deb82fa5a6bc6f25ba7688ade29a605c08ec81d5e1ace9cf98830a1892dfa565',2810490000000,NULL,NULL,'a5f4b7699856bf979bd4eb8861eecad68603dbaff579c8a814595bf35fb86f1c','24405cc51bc00cad751a3f45caf7b7005455f2c2d73276c042b1e2e8a1c9ebf5');
INSERT INTO blocks VALUES(281050,'1032d51fccd56d363a458b1555269140834b204f7f8c6366baeeaf8cfe4eb442e657a093cbaad050dffc3c6da810bc9eecb9b38101b4b6b972545fd38603fc99',2810500000000,NULL,NULL,'67b2a0103713b519e893a5d4650587cb24794459836a6b13a55abe56812b943c','b8b5c486b7fc575727214a06b188b8101574bdf5f02e6ce9179e0d86f194a799');
INSERT INTO blocks VALUES(281051,'98f92fbaed9a68ca5871d72e788b23b231a6e87f356b0394b381feb1717e83bd19d9b4b7f3dc5130d457c7690cef8d2daeb292f8d851abe1ef4b2da2e924ec5c',2810510000000,NULL,NULL,'691e3e6e973bc1e595bd764cedf3d59738b45e300fd9a863c66fe4b6b4dc3cc4','35ec2e12cdc156d1a8b0e594701fd57256ca24352f5b843d41668454dc11f13e');
INSERT INTO blocks VALUES(281052,'fae538900499b4825ecf7709c5c73401b28f632bd0d563c02dac86ad6a4699b20d4dee4887f3759689370bed64f816ff553c9520a5d380ecafbf917a20442ea5',2810520000000,NULL,NULL,'52a3e3b43081457c66dd09a37bfee3bbbb18fec87f78a4e6058a430973af74f8','0c1720182d89f6d39e85dbd7beaa9e4be600710ff4ee4ab486db2ddb129d7867');
INSERT INTO blocks VALUES(281053,'2c6eb5d0aec798f20c4971c3f5677cf6aaf3559c7a52fc17e5e0bd528b6ea14674ee690faab12dfc7b927a9656b8666b5da445b5c015d1b40bce7a711d572579',2810530000000,NULL,NULL,'185f8223e67297ced65c4d03007f75813f8a7171b462ff1fd20394962d546343','90034650bed8dbd4e006ae1b1fb9a95e3cbaeae739c78a00790eb7ab2858f694');
INSERT INTO blocks VALUES(281054,'1731d0a2c4f87de1974f4e54ba5e2a240b8632331dbbe6436d70d1b5f8470b9ae039e667bc3cb5e5275be61f5362b3dd89bcc9a037a7ae9353728902426ab192',2810540000000,NULL,NULL,'8ae49d902f042ced701372064cd3c825a1ec0e1edaf5d6f4919635adcaa5e10f','47131f0320e1f06d75eae35aab1d5070b54898e9111a0a053c1fd4b1e813cd70');
INSERT INTO blocks VALUES(281055,'58aceea911cb07b0f4ae27ac9aa3304c6926705273c03f1b0e7141ef76f72790d23e7f2e37c2cb247c38a09c97431e2e467e3fdbda99bdea10d0ed5d525114d0',2810550000000,NULL,NULL,'21e2599d8e2f26af3222c0667724693ed65b2bef06c5b6c71838d719320ea88b','ecccb96fdfc3c0d5057db1976562b6e600d7ae1e03434f363ea7af2c84e0e01f');
INSERT INTO blocks VALUES(281056,'373e9a56286ff2bfdd70406a21bebb4aa4b67ffb899925a08540bec46bff7c908332e6155c1bae533add47835d8c28e397b2c985d70de6feb9ef94bc6895c4e2',2810560000000,NULL,NULL,'abab05c570da03e98d5b88b42c547c759c55a7c852fd476c8e0a45ba3eff43a2','7cfa6e7570a4f0222a68cabc7ca9d19193d082c9837b100baeea78e55736e261');
INSERT INTO blocks VALUES(281057,'bfafcd16ef3d8d871c8ce49700c467ef9f3a5c5b562455b5c23a7b0a3d199e231b3ff3f4977ab7d4f6cf943b6f263c5ed73062df504ed6c49e67a606f35a26be',2810570000000,NULL,NULL,'5160095364be43a1495766471a8e01c29847dd0165599454d20f8dbe5831eabd','add18c70d0da4d37279057f7d38f428e7896d85b0a31975dd1aa1ffcab220eba');
INSERT INTO blocks VALUES(281058,'eda9e67b811c61d71b6f3d9ba18163e85b0fc45b10261492258859986ae9977d003826d73f4aff3cba7283166f00e48e5eb11210f0afeb5efadfeb020fe5cad4',2810580000000,NULL,NULL,'77920961d57631ca3ae2394960d279ec89ef2c860c3ada528b2423e326a92ad9','d7cac3de85facdedc87afe0866fa1a9ea0c374e40663331cc364afd7efd0248e');
INSERT INTO blocks VALUES(281059,'642ad0b95eae8ade54b1c8f0454e5f33cffcb1e5ca503837aeb34a71d30ed2d0040af003f76ad2848b944a53ffb645d865aafb524daba3058099a7908650baf0',2810590000000,NULL,NULL,'9286fad05243ffb9c9e2d639d0055ff99e308738c27f473c28f412de202fff81','081630412e221a311ae795cee289a5bf8b7decf8b5ad0fe58909d0f211501d20');
INSERT INTO blocks VALUES(281060,'5ca2b76d1d2d6f9bb9a50507cbf439259c286880f23dad8619a22d694663c430883585bb8ba15a5435c6da475591005b2c7646fcb1cb6b456fe33f44d572b0ca',2810600000000,NULL,NULL,'98da08f1e9c6c57bfd1c5eda7330e8f686b86480587c37305746e9bda6021486','102b6d6bd0d419ea7babd3b5a6af2630638c9d534808c7fcd051634da6ab2845');
INSERT INTO blocks VALUES(281061,'253d4917418af9884f3933d60923c65e40a9c76f80558e18a4c212877e0e4364cc71f83b4a9797903f454f10d7e0e6419eddeb7c80656d268661a39c102854ae',2810610000000,NULL,NULL,'136339005dd391d7788c56ba8647f473514766a271cd75c4f3ed02c47e41978e','fd6e492ca337447dbab92d3864d72c607aaae033a744a1a6e6c672436aef4b3f');
INSERT INTO blocks VALUES(281062,'7fb033e2e8dc66e564ddf3be00cba9da1953cab4a4b0b9e960f8fc4eb0381b74ebfe89c28af8283f0690c3abbb9346399de4a204b387861cf2540629efa9d253',2810620000000,NULL,NULL,'a7e87fb5ea7aa08d7386103f59387f36577837c406be32b13b7f2da9d8f52f00','d2d27966ec7f9d5dd72efab1b2a4b03029d5f76e9a52ecd3cc9840bc76dd67c8');
INSERT INTO blocks VALUES(281063,'46bb497e779bda230c2de626bb058b7b2ec695d47fb1ec21188e19830b24999efd4f8b4474978fa3aff0ed00d6f9f48459b5388fefb2a88ba868f208838ab529',2810630000000,NULL,NULL,'b4a9eaf3f087765a6a5eb403b56752bc604258ecd5f97230dd01133e05a59eff','37aa3f79c695cac626e93fe74bf6cd927cb187a5a03d2158fffe8b5a6977f1ea');
INSERT INTO blocks VALUES(281064,'334d2d05885642013ba5f2f32976af8bf8d0341ab131dcda0a15fa2d6cdac02b4f67bf321d0cb8e88788cb66854ddfeaa49eb70188b5c97208d8e871f95e25d2',2810640000000,NULL,NULL,'30946f64ebd1477060dd8b7e1991ff67e3071a6ba7f7c7e82fdb9870faa0c792','8e218b2e99af85c8647ed7a6118c4283b22aa615d265d58b30adb4fb2b9fd4f1');
INSERT INTO blocks VALUES(281065,'4f9d1c3a948f61f01615d631c2c0046e6a296e11454bea09fe023e7a106f31680530329c1740cf42a2dbb51f58b83b5efe1b0e5259d13147bc5fd3b0d3bc9658',2810650000000,NULL,NULL,'814a26d139e149639da719e96415450b736bbf4932e9bb8b338d0c52a3edc407','f7e2c81698a120f292e1fbb4dfbf2ba8082ee54f306b1c855fbc67ecb9596363');
INSERT INTO blocks VALUES(281066,'c203505c1e6f1d3f0dcab3b7e4aaa585725c4ea26a38aab494168a2affa457b90fa80697c4c17dcdb6b9ec11bdeb30c28585c2c5dd6817e1edd42fe8fffa473a',2810660000000,NULL,NULL,'37e215d7f241f675273717dcd17ee331749105164c8e23b6e57342b9cad3db3e','bac476052becd01da6691de7beede8e33d4dea65e5c1ae74b4b5fefe8c093296');
INSERT INTO blocks VALUES(281067,'d372bca8a3a30100743e3eb927b93e1c2da37104cb5b44b466a0b85afbda6d0dcae8b55ebfef416abf9fb78b013dc33d170bc1b54f95f4007d1d245191f895a2',2810670000000,NULL,NULL,'7b24ea3a3902d7fb00e6ea48d388505eff944576dcbaa89fc54a980d54ecb6ca','e6781342a895f780380b58d3f98ab9efee90022207d5d6dc8f0cefe86e2f7726');
INSERT INTO blocks VALUES(281068,'53d2b8b450a6e467e16ad3efbba206f4b1096bd6d5a42749452ffd43a6bb082865630b38db5fd8c219c9a7d08cc15a6205f0e1904ce8ca34a198bd02df4d0bd6',2810680000000,NULL,NULL,'e366f3514f48459088428ee4be9d0416d7529f4287e3e477856fbfff5429bff9','dc30bcc042a53b639e782da7fd5a5ccd608422720d73953010f28cf75eb25b43');
INSERT INTO blocks VALUES(281069,'c7a7b7dee41c8387d6d219edd57d99a0223c94aed374c403b4ad87111692920fc03ba6caca86f3f2d7981f60852dee9d019a6e1128c006eac3481afebc6a2a34',2810690000000,NULL,NULL,'b06c8a1170a4a1dc6611871257451568684c94ddcea0ece34af5d0eea6cc9977','e2ae2a4dc01f2c7a837e82daa53abc89050ab942f1eb91c00b485dbc02ec9c69');
INSERT INTO blocks VALUES(281070,'4c9fdb8b34664cb623e7e90c0fd0dae341eb59608e2894505cc2d5254ee7441e9691eb169390fd2490f88a51141095943901a8a99d215d2b6302874f32ba74b5',2810700000000,NULL,NULL,'8cbf34e35cc7e9d1b3459c392ba8dc15ee8a4287a6f26a588f8ab17f9929d8ee','f07524f0657c53b9fbeac433ecfbb4d3cc77633c723e591f90bd099ad1f5bf7a');
INSERT INTO blocks VALUES(281071,'dbc9dccca4d0681bef55c08773caa6d50d397075bb8ba527fd4eb832881900779fc310ca6e4f7933f7b401a00b4a1c1ff4d3ba6b8bd43ad262f6f92a0599192a',2810710000000,NULL,NULL,'dd75492330923d53e98fdb72924d262e06712f42b698c238887d13b26465ef7c','0a2b61ec5d0110bfb53b33d10322ad784b24320bfd8398d680567e0f851ca192');
INSERT INTO blocks VALUES(281072,'6f0f038cdd461827493295e0838c2d24dd5eb48994f4b157dce4a9c573087c65a96086775dd65fa5b3182b95293fa3f8928f35656274b1ad7b51b36748de236d',2810720000000,NULL,NULL,'60056bc013e51afee4cebf4535997ff2a4c2b1bdd56e55316430649d473a7f83','e6fa4d295b34dc52e46b4e048c1cb48c658cc726ad5edde22d0bbd87dbf42547');
INSERT INTO blocks VALUES(281073,'130b1c892cc4925a2e14d0276bc980d28912f1bb92710b9596dc0ee74c605e87ab4d16c458683211c783fd7407f9903a04a9d8cc53df1c971d5ffb5f7d763cc8',2810730000000,NULL,NULL,'70440e0ebeeccb468d37ed5bfcb252b6a4b09f9a3d185304be021247bf59ed33','f35c15f7a083a07045669e83518918c7f784a231d75f357ee2b5bb3d32ed94e5');
INSERT INTO blocks VALUES(281074,'95ac40941f5d6b1fbfaa188d649cc81bfd350083425a628c844319899308a357447ff7c75e7b331d0821e655e57585b79afde608b201b47e62863090583ec479',2810740000000,NULL,NULL,'dcca7b0f0f0edb3ce20db1df2c0e4bed9470e212ea76032f00c515c70d3406d6','2f8bbe9720b79eeb68b19bf84c5e0185f90ab5e6337568b454533f5cbf42b14e');
INSERT INTO blocks VALUES(281075,'3dc7e4640af9ffcaa448b3ae8d6f7c861ba6789cdfd58b4da76f30b4924bc22713b2151cd7994d3310093d029177b69128b28c99ec1cd964fca784a417873e53',2810750000000,NULL,NULL,'07c872570e491a802b865448ce674c207d81e49a131cf392f08dd45d4d56eaf2','c5444e4f4fc5e1123f192fc88116da90da53a5612ce218e0ce8e60d868307ef7');
INSERT INTO blocks VALUES(281076,'feb64a86a15f44665e200f61c89e056c9f75c89a9ae1154b1c61e4bda972b758d230090a7d60ac3a9a53d9a543ecdca0b5ffebf70de477f3a8c9469e97270a04',2810760000000,NULL,NULL,'e8a175781874c72e456ac2d9d634f03b24e8ad0df0f259c4f037d2400101d6af','2fafa0aef64b2d1fd91b66f6fad4faa7cb0430d1503692dfc01c8563982584b8');
INSERT INTO blocks VALUES(281077,'606d5e86608eef658f8b459c87fe7424519d4c272b36caac1363841808a6a5040ee889238795ea3781407f55a574d32c4556846a810014c03b4a1f2de6554d8a',2810770000000,NULL,NULL,'84f00c17a2a6773236f322feb01edafc4a120c7c8a749c4e7a2514f5372678f4','14edd23507ae6fa1b9c676719cbdd3b81c840645bc014905146bb99c308e3054');
INSERT INTO blocks VALUES(281078,'e960d5d76321912387efdee17c1b1a9086df237721c9aec96f2170c630397492bf6b18a227db368cc265cba51a22de83b668032fe1afe5ccf6657ed38a9c6d8b',2810780000000,NULL,NULL,'efdded6a9b17c71c080b9581d5053d2be2ea6f2c34c228b7cc1d8d92e67e96f1','7df59fa799acf046134321b0d518f36dc7e3b5fac707e6337e587417435134f1');
INSERT INTO blocks VALUES(281079,'633dae7be615c5acbeceb2667487badf5d4f379aa0705781ea861b9a95e11c00b0f9c400b0057c8ca21c215ca536e3be91bf4bfd26b8a33e540f75c6b398494c',2810790000000,NULL,NULL,'feacb39dd588c327dcb2fc026e550336cf567a0b598164fdaaa307d75175ad6e','178182ba10b33984b63cb9177afa02734e937178991c4b45930e3cbb36f87139');
INSERT INTO blocks VALUES(281080,'c3330caacd6b592a658b8535fff1bc26c9490c2109009567c1e6e24dacde85f39f846cddb5e73e59ab668132176c13a0614e1747ded643eff4bae2b73847f56d',2810800000000,NULL,NULL,'63e819e41653f4b7db3f3e4775e4f2e34fdfabf6b5e16e122ceacfdda9e26f6d','2d3239714c984dc5f50df3d773b5cfb6ca8b1b09b6d59a276d731c9b3dacd9d1');
INSERT INTO blocks VALUES(281081,'ae23ae5ded510c3548a4fae97908516622f5ee90092574c8292d12b6b7a2dfc7e9ac1a48e8037449b80b2ed6a1480d7cbe65f9bdf5ba49c7ac156e9cc1145ccb',2810810000000,NULL,NULL,'7ad7e73fe6cc1291196b06d89c49f07fb1c70ef0abb021c78b2965297df95923','3b2db5bdd9f0ed606712826f1db82b50d96bac660e3a58f9a75141e492d241e9');
INSERT INTO blocks VALUES(281082,'4c6f6d9bd05acba02f7b4b51034d7145692e9cf14a06c2433d06b989951fe453f45035dc9dbdc4611ab7caf2a1e03c0a8472889eb11eb7c88c5df7c05497b12a',2810820000000,NULL,NULL,'24f491266aae79209e46b2ec8b41e0fcb259577e74151dbae43c13e6cb03e4a8','be77ca6bac7c4887a376e6d0a63a2c8ae41b6f63ce0d229c114d545488c3358c');
INSERT INTO blocks VALUES(281083,'2d461dbbfed46d16a4f9ad9fdcd75475a047760a1888bd6a797d638a8f880733ae36b9ae2382ba618b631e4cb61e8f9772599a168950aa376713d794dd371f94',2810830000000,NULL,NULL,'0ed5edb6848d49c6aa7b2ca3e1bf4cf3da8ef79c9e54cb3dc1af5c4553390771','2160685af4415c1bf65ef07ad6b518a9d929cb209517ec9ebf9dd00b9b0f8c23');
INSERT INTO blocks VALUES(281084,'b39f23ff631b70a5b9fa70b233416c13c0989238455ae9b3c8c0c492cb565ccc68d4e490fe6cb8a8a019acef74d0dd581c33b8269ad59478865907abe11f336a',2810840000000,NULL,NULL,'94aff2e8857cb5df0f9e04670923ebf601461603741c2ac73abcc14700569108','40c4801a4b50eff9ed45b3a95e0730c0003d8b2aa8a002a4aee38bebff0944ac');
INSERT INTO blocks VALUES(281085,'74b6368cbae0bb85400a1f543539d35c9f1eec97416bcca0b99709a927b84831c4959a6ba9b41f37c2429a6b1022acd953fca98fd86f653d45064327515913a9',2810850000000,NULL,NULL,'2395d0b4afe9770feefa37f02f7b4fb746d3636d40062a9f125f90f61ecbe784','594dbf16aec2655547bb2288b9aa336cf77ffe0dcbbae7852e08a16853435a8a');
INSERT INTO blocks VALUES(281086,'0b8244a9bf175520e8b6d429248a30e895a30993c9ea15026969c4ef79ea243456812d01cdead7dbd6166348513d6629aae2bc6d5a9c22de85fe5ebc648a98af',2810860000000,NULL,NULL,'76b7b9d393d93110044ce556c800c3af7cfb45df15078680454c36729e85ccaa','ff3d5d99386261a9a3b9150413eab6ba9d91bd2f3e978de8280c1690f47e4183');
INSERT INTO blocks VALUES(281087,'ab2aa507a1b36e060779d9f742506ec554b7be5b48a02aa52cf3ba6fb767cf33f0638e54ce6c95869280376533eeac8c22aaeb15f6683be66b1e8f3fa1750751',2810870000000,NULL,NULL,'415fc439e0b5910f735dbf69e1af964b979ff9fa8e8f52dbcd4acbcaa9fb3548','6cc4c847c6629fd32d112649b5a1d5a2c726f2f970909c951fd01d65af0e10f4');
INSERT INTO blocks VALUES(281088,'1a1cc5ab0427d274272d60064f74fb2c8be3bd3dcf4d6b9df30c3adb44e5ae4b4748fc110572be28a29b5b4dd87a3bba783b8ab6dd3fda72afbc8e9355ef1220',2810880000000,NULL,NULL,'dc1e86c9f6246c981bd14e3b1ffaba9d1ff37cdf9d1bfbd81a4f455d5b3afc68','9e060d9f579333b1e7a997af0dfd50fb55e1ae1f9aa14bc11363be9d188127d9');
INSERT INTO blocks VALUES(281089,'3c2acb450551969f563208dd8f3efba81982b5681fab6f36e80b187760950f8956e74e7a7924348ba40dbd407526767507b898120cdd5b017f7031415e009ca5',2810890000000,NULL,NULL,'e36f5ff42a14fe5d5e39ddd2de9fe9bd4633983ebd4cfb927e64e2de2b3d86d2','a033ec76fc0273484510ad5e7b9c0e73876ee7de61fb8df274ac302c752f8406');
INSERT INTO blocks VALUES(281090,'f7ca2ec5b29959f309d9322c93360dabb5566af63b8daf5e1674ca64334cb6a83fe74b929a7211b2a4f4336bd15291c66356a6a85f32e31e52bf55f1fb91efe7',2810900000000,NULL,NULL,'48951625ebbdc758ae7a8017112d1eeece3de03d2c5b583f59a97a3a5e581d96','81ba13e102c1bc162b6a8975928bdc174c37aa7d7e0a4600d976bd252062403c');
INSERT INTO blocks VALUES(281091,'9263a3f88cfd1f9ac7dde689c665cc7e846522fad088d6155b40bdaa81346d8d35bfa6adf446547725bae0d3b1ba3952a1e529190e23fc514caa95e69815aab1',2810910000000,NULL,NULL,'3e6a35bf39d5956334a6a9ed624c5a6f4b6abcf631ee15ff53d8511a1c98a96a','d869f0f76e6a526ef004c9153689102d4da8df64bdeb9c08546495ab94a73add');
INSERT INTO blocks VALUES(281092,'e56c9acc4f26e46d70edd961f49a43f5779d13b8108c1608c25bd2dc22c282160e206aaec035c911fedd38b6c0526550287d792c44f0e4c4bc01ecf23869fd0c',2810920000000,NULL,NULL,'6d5091adac67338a04519382ab33983583ebef1fdc0b5e98777f33ccd5c098f3','beefe397402035c741a531fc954830a3efa3352b2c9dfb0e206a0a9fe73eedaa');
INSERT INTO blocks VALUES(281093,'1e1685c58fc6aee11683066977c92c7db7677f270e50b5e246ee955c99ebc071d2b2205bc4c64f9b21901a8e600c36003625fe47b801330a0a48fc2284a4c52f',2810930000000,NULL,NULL,'76199b11325f970b167678006d4004e0cf19e50e5904b5aaa3c689d1ed4ac3f5','2944483a39dc94e253660e7f2662946e5d751371f5aea1819255e8786ea2aa4e');
INSERT INTO blocks VALUES(281094,'ca30545d9b88be52735131fdff768c7aa776a9900bfc7bb653955d039c73fd478927ff3b7d9284e5ad2a5e0ea73332aca9f8f5e14fba7f574a2cf921a51b8f4c',2810940000000,NULL,NULL,'2097584fd074a94d5eca17676a1ed5dd83c093ef996bdb0f7d808558ecbf6c0a','5aa60ac2eb56f16a02717b54598f6d1a039d2f09a8582bca3f18705c7111ce2b');
INSERT INTO blocks VALUES(281095,'59833183d08917de6d8871c25bef0be8c4106a8702cdec55664d185ef52b98e930d290da825a9f009cafa89ba3ecb95c3ddbb7daab55909a8f643e2c07a0ce37',2810950000000,NULL,NULL,'217811542f4ee6653a3875cced84c3b152bb71ac0f8dee6bbc1abe0324925a34','2a3d6acd9c2209dc5703a6c6c3adcc4d7ed4377033e85b5323fd7ea4731eb090');
INSERT INTO blocks VALUES(281096,'b8376255fd78f8195e9e956831b36ef29d0273d35873837182acb29d5a90a97bafc4ce6f435e3c1d87a37fe76f9087737e183379157b61fae5868d8c64be840f',2810960000000,NULL,NULL,'ffaabc0374614c015953e0138b41fed56570e84438c62cfe34119a77e924821b','0cc9b5c38b9eab09be0a2509aca551518a253d2b04256f3238ca1e01b6c12254');
INSERT INTO blocks VALUES(281097,'a960f5dcfd7f5bd1e4470086d075b13913c93b12a59004e4e071c8b9918fa65de10009704f9983304206d1957892055c45731539345edb0ce0cc58db712b7857',2810970000000,NULL,NULL,'59f0e61f9c11e86d2c730cba4fc1132dba916d365af96e939b4c3fee895c0e25','c3a24a2d06777e662dfff92ec20c44c1bb2732a5405a021415ec7f3a452306aa');
INSERT INTO blocks VALUES(281098,'c21691c3893fef92c6823fddec1ae027d8f50b74a11988923d4892f84d6ca266fe091544249af7332fc8fe77fb7a253aec1ab32fb1307700dbd91ad403d611a3',2810980000000,NULL,NULL,'292d5f074bf22f5f7e37ff65241b548163babe8458e2d7a18becb4f94fbcf0ba','0c340652e185c8ec901a018bf536b0c488700cbf799a7a5ecca5c711cf56a644');
INSERT INTO blocks VALUES(281099,'9ca192a20f35db9369fb14b98fb2a4b7b639679e794c12ad79cff36f4b2ca1974170a90b796723b7fa19682abfee6d7bcef6f31166d91b87f199b24e95e403f2',2810990000000,NULL,NULL,'a8ee6961e0fe264392dc4c6bb445ad468ea49abf4a266a6de4d0ff9ed61351f5','83f10e84e362e381eb7688e49efebd7d4c0f0ad3993f646ac2a78a3f4dc0e1bf');
INSERT INTO blocks VALUES(281100,'b3a3c99230e652d62ed6094f047783ca9649ae2d7fa4b6ebbd0a88ac35b044e10f39ceb92a6d8f028781caf63963616b13e525fd3eab12fba1055c70647e98d3',2811000000000,NULL,NULL,'e1c9f2e1280096f4918749d89cce9a184283849731be6c6250bde0204ff3623c','ef8df3c45a36e3134180cb007cafa2ccfd566df5b75cd0f263d461acb4b2be51');
INSERT INTO blocks VALUES(281101,'2a3074d8fb61284faa308d233d9f0abd9700253eb65ec9a5b8dcffdafc572202782a0d8c61cd7c7823a76dd28934ef2a9be4124435b7c547eddad90b40b57097',2811010000000,NULL,NULL,'f57185963db1c51f3cddfd8cf1546efe1d785815f220c5db29e770333af062a8','141d021aa6deea84be64bfd92f61d70f2c4701507618e39ea7811c2c5e283e28');
-- Triggers and indices on  blocks
CREATE INDEX block_index_idx ON blocks (block_index);
CREATE INDEX index_hash_idx ON blocks (block_index, block_hash);

-- Table  broadcasts
DROP TABLE IF EXISTS broadcasts;
CREATE TABLE broadcasts(
                      tx_index INTEGER PRIMARY KEY,
                      tx_hash TEXT UNIQUE,
                      block_index INTEGER,
                      source TEXT,
                      timestamp INTEGER,
                      value REAL,
                      fee_fraction_int INTEGER,
                      text TEXT,
                      locked BOOL,
                      status TEXT,
                      FOREIGN KEY (tx_index, tx_hash, block_index) REFERENCES transactions(tx_index, tx_hash, block_index));
INSERT INTO broadcasts VALUES(12,'9a3e96a86c5e1730f5dbdd795be4cda116febe2875fb992ae5efa3e0ded38da2',281011,'3_mn6q3dS2EnDUx3bmyWc6D4szJNVGtaR7zc_mnfAHmddVibnZNSkh8DvKaQoiEfNsxjXzH_mtQheFaSfWELRB2MyMBaiWjdDm6ux9Ezns_3',1388000000,100.0,5000000,'Unit Test',0,'valid');
INSERT INTO broadcasts VALUES(19,'787d982ba8588a0cee7ee9c5f47530082d93a8d785149732294f5283b6134db1',281018,'3_mn6q3dS2EnDUx3bmyWc6D4szJNVGtaR7zc_mnfAHmddVibnZNSkh8DvKaQoiEfNsxjXzH_mtQheFaSfWELRB2MyMBaiWjdDm6ux9Ezns_3',1388000050,99.86166,5000000,'Unit Test',0,'valid');
INSERT INTO broadcasts VALUES(20,'25e2e2125ba314faf7377920165cbea2b5900502ba6e9beeedcb24eb1211151d',281019,'3_mn6q3dS2EnDUx3bmyWc6D4szJNVGtaR7zc_mnfAHmddVibnZNSkh8DvKaQoiEfNsxjXzH_mtQheFaSfWELRB2MyMBaiWjdDm6ux9Ezns_3',1388000101,100.343,5000000,'Unit Test',0,'valid');
INSERT INTO broadcasts VALUES(21,'3a8be9d8d543132e18dad0acce771f8bc655d3aa144167a40fba00fa56d228b9',281020,'3_mn6q3dS2EnDUx3bmyWc6D4szJNVGtaR7zc_mnfAHmddVibnZNSkh8DvKaQoiEfNsxjXzH_mtQheFaSfWELRB2MyMBaiWjdDm6ux9Ezns_3',1388000201,2.0,5000000,'Unit Test',0,'valid');
-- Triggers and indices on  broadcasts
CREATE INDEX status_source_idx ON broadcasts (status, source);
CREATE INDEX status_source_index_idx ON broadcasts (status, source, tx_index);
CREATE INDEX timestamp_idx ON broadcasts (timestamp);

-- Table  btcpays
DROP TABLE IF EXISTS btcpays;
CREATE TABLE btcpays(
                      tx_index INTEGER PRIMARY KEY,
                      tx_hash TEXT UNIQUE,
                      block_index INTEGER,
                      source TEXT,
                      destination TEXT,
                      btc_amount INTEGER,
                      order_match_id TEXT,
                      status TEXT,
                      FOREIGN KEY (tx_index, tx_hash, block_index) REFERENCES transactions(tx_index, tx_hash, block_index));
INSERT INTO btcpays VALUES(5,'215add6de74384b269c0bcd03cf388ed5ab6a04409227f5f99d9398366b2b235',281004,'3_mn6q3dS2EnDUx3bmyWc6D4szJNVGtaR7zc_mnfAHmddVibnZNSkh8DvKaQoiEfNsxjXzH_mtQheFaSfWELRB2MyMBaiWjdDm6ux9Ezns_3','3_mn6q3dS2EnDUx3bmyWc6D4szJNVGtaR7zc_mnfAHmddVibnZNSkh8DvKaQoiEfNsxjXzH_mtQheFaSfWELRB2MyMBaiWjdDm6ux9Ezns_3',50000000,'7efc440fe53509475e7c526af5dafe8752ef2a792df9ce552b9eba33373051c77582fcb849797577c29cbe6b2afa5c62b01c62f131d40de93ae9f0181f51fdf8','valid');

-- Table  burns
DROP TABLE IF EXISTS burns;
CREATE TABLE burns(
                      tx_index INTEGER PRIMARY KEY,
                      tx_hash TEXT UNIQUE,
                      block_index INTEGER,
                      source TEXT,
                      burned INTEGER,
                      earned INTEGER,
                      status TEXT,
                      FOREIGN KEY (tx_index, tx_hash, block_index) REFERENCES transactions(tx_index, tx_hash, block_index));
INSERT INTO burns VALUES(1,'e99914fcf580f8705559fce8796ffa216d4a3aef2abc95783df5cabea2f0966b',281000,'3_mn6q3dS2EnDUx3bmyWc6D4szJNVGtaR7zc_mnfAHmddVibnZNSkh8DvKaQoiEfNsxjXzH_mtQheFaSfWELRB2MyMBaiWjdDm6ux9Ezns_3',62000000,93000000000,'valid');
INSERT INTO burns VALUES(23,'c56318d85bacc3e96b131ebc4a914d12fa09f2a516b090f04b2f7a1085c1d53f',281022,'3_mn6q3dS2EnDUx3bmyWc6D4szJNVGtaR7zc_mnfAHmddVibnZNSkh8DvKaQoiEfNsxjXzH_mtQheFaSfWELRB2MyMBaiWjdDm6ux9Ezns_3',38000000,56999888137,'valid');

-- Table  callbacks
DROP TABLE IF EXISTS callbacks;
CREATE TABLE callbacks(
                      tx_index INTEGER PRIMARY KEY,
                      tx_hash TEXT UNIQUE,
                      block_index INTEGER,
                      source TEXT,
                      fraction TEXT,
                      asset TEXT,
                      status TEXT,
                      FOREIGN KEY (tx_index, tx_hash, block_index) REFERENCES transactions(tx_index, tx_hash, block_index));
INSERT INTO callbacks VALUES(25,'9c12cc837dcdc48bdf09896024f726ceba89720463a635cb7f30540fdb8f1e75',281024,'3_mn6q3dS2EnDUx3bmyWc6D4szJNVGtaR7zc_mnfAHmddVibnZNSkh8DvKaQoiEfNsxjXzH_mtQheFaSfWELRB2MyMBaiWjdDm6ux9Ezns_3','0.3','BBBC','valid');

-- Table  cancels
DROP TABLE IF EXISTS cancels;
CREATE TABLE cancels(
                      tx_index INTEGER PRIMARY KEY,
                      tx_hash TEXT UNIQUE,
                      block_index INTEGER,
                      source TEXT,
                      offer_hash TEXT,
                      status TEXT,
                      FOREIGN KEY (tx_index, tx_hash, block_index) REFERENCES transactions(tx_index, tx_hash, block_index));
-- Triggers and indices on  cancels
CREATE INDEX cancels_block_index_idx ON cancels (block_index);

-- Table  contracts
DROP TABLE IF EXISTS contracts;
CREATE TABLE contracts(
                      contract_id TEXT PRIMARY KEY,
                      tx_index INTEGER UNIQUE,
                      tx_hash TEXT UNIQUE,
                      block_index INTEGER,
                      source TEXT,
                      code BLOB,
                      nonce INTEGER,
                      FOREIGN KEY (tx_index, tx_hash, block_index) REFERENCES transactions(tx_index, tx_hash, block_index));
-- Triggers and indices on  contracts
CREATE INDEX contract_id_idx ON contracts(contract_id);

-- Table  credits
DROP TABLE IF EXISTS credits;
CREATE TABLE credits(
                      block_index INTEGER,
                      address TEXT,
                      asset TEXT,
                      quantity INTEGER,
                      calling_function TEXT,
                      event TEXT,
                      FOREIGN KEY (block_index) REFERENCES blocks(block_index));
INSERT INTO credits VALUES(281000,'3_mn6q3dS2EnDUx3bmyWc6D4szJNVGtaR7zc_mnfAHmddVibnZNSkh8DvKaQoiEfNsxjXzH_mtQheFaSfWELRB2MyMBaiWjdDm6ux9Ezns_3','XCP',93000000000,'burn','e99914fcf580f8705559fce8796ffa216d4a3aef2abc95783df5cabea2f0966b');
INSERT INTO credits VALUES(281001,'3_mn6q3dS2EnDUx3bmyWc6D4szJNVGtaR7zc_mnfAHmddVibnZNSkh8DvKaQoiEfNsxjXzH_mqPCfvqTfYctXMUfmniXeG2nyaN8w6tPmj_3','XCP',50000000,'send','641aa5afc202b09e40c41875ec521d737acc919ad67a91e2dda1356f46d609cf');
INSERT INTO credits VALUES(281004,'3_mn6q3dS2EnDUx3bmyWc6D4szJNVGtaR7zc_mnfAHmddVibnZNSkh8DvKaQoiEfNsxjXzH_mtQheFaSfWELRB2MyMBaiWjdDm6ux9Ezns_3','XCP',100000000,'btcpay','215add6de74384b269c0bcd03cf388ed5ab6a04409227f5f99d9398366b2b235');
INSERT INTO credits VALUES(281005,'3_mn6q3dS2EnDUx3bmyWc6D4szJNVGtaR7zc_mnfAHmddVibnZNSkh8DvKaQoiEfNsxjXzH_mtQheFaSfWELRB2MyMBaiWjdDm6ux9Ezns_3','BBBB',1000000000,'issuance','fe09d179478efc367b7aa2b8cbefa8779d8c5f6f06f9b2de885c9ef5b1a242e8');
INSERT INTO credits VALUES(281006,'3_mn6q3dS2EnDUx3bmyWc6D4szJNVGtaR7zc_mnfAHmddVibnZNSkh8DvKaQoiEfNsxjXzH_mtQheFaSfWELRB2MyMBaiWjdDm6ux9Ezns_3','BBBC',100000,'issuance','67bee535020d835d7624272134106e825b8dfe2c13130f21f47ee7c80016e49b');
INSERT INTO credits VALUES(281007,'3_mn6q3dS2EnDUx3bmyWc6D4szJNVGtaR7zc_mnfAHmddVibnZNSkh8DvKaQoiEfNsxjXzH_mqPCfvqTfYctXMUfmniXeG2nyaN8w6tPmj_3','BBBB',4000000,'send','4eb46d6043fde993c2ca2680cdd14b54cb1ed40999b91629c7fbc65a4f693a43');
INSERT INTO credits VALUES(281008,'3_mn6q3dS2EnDUx3bmyWc6D4szJNVGtaR7zc_mnfAHmddVibnZNSkh8DvKaQoiEfNsxjXzH_mqPCfvqTfYctXMUfmniXeG2nyaN8w6tPmj_3','BBBC',526,'send','5e86f200404fa207128ea7d19b93c3c49846c82640e9fd0fd354c024f4ddac67');
INSERT INTO credits VALUES(281009,'3_mn6q3dS2EnDUx3bmyWc6D4szJNVGtaR7zc_mnfAHmddVibnZNSkh8DvKaQoiEfNsxjXzH_mqPCfvqTfYctXMUfmniXeG2nyaN8w6tPmj_3','XCP',24,'dividend','46c71ce3cbba57e7b613d0d5506479a59c7a618955aed1fafb7bbcda3a0e00c7');
INSERT INTO credits VALUES(281010,'3_mn6q3dS2EnDUx3bmyWc6D4szJNVGtaR7zc_mnfAHmddVibnZNSkh8DvKaQoiEfNsxjXzH_mqPCfvqTfYctXMUfmniXeG2nyaN8w6tPmj_3','XCP',420800,'dividend','1dc0520285502b5b7ed6f0cce00ddb3347fd450a0bc349de0cc7637bcdbe1486');
INSERT INTO credits VALUES(281013,'3_mn6q3dS2EnDUx3bmyWc6D4szJNVGtaR7zc_mnfAHmddVibnZNSkh8DvKaQoiEfNsxjXzH_mtQheFaSfWELRB2MyMBaiWjdDm6ux9Ezns_3','XCP',4250000,'filled','37a3a0520ea5d78535569bc2de2adfeca62cbab85e9cd75de5ed823ab66e3024');
INSERT INTO credits VALUES(281014,'3_mn6q3dS2EnDUx3bmyWc6D4szJNVGtaR7zc_mnfAHmddVibnZNSkh8DvKaQoiEfNsxjXzH_mtQheFaSfWELRB2MyMBaiWjdDm6ux9Ezns_3','XCP',5000000,'cancel order','7582fcb849797577c29cbe6b2afa5c62b01c62f131d40de93ae9f0181f51fdf8');
INSERT INTO credits VALUES(281014,'3_mn6q3dS2EnDUx3bmyWc6D4szJNVGtaR7zc_mnfAHmddVibnZNSkh8DvKaQoiEfNsxjXzH_mtQheFaSfWELRB2MyMBaiWjdDm6ux9Ezns_3','XCP',41500000,'recredit forward quantity','463975d2674516ac57af5edcdfb531ba7e4a32cf87ba9bc95d9923c877c1a41137a3a0520ea5d78535569bc2de2adfeca62cbab85e9cd75de5ed823ab66e3024');
INSERT INTO credits VALUES(281014,'3_mn6q3dS2EnDUx3bmyWc6D4szJNVGtaR7zc_mnfAHmddVibnZNSkh8DvKaQoiEfNsxjXzH_mtQheFaSfWELRB2MyMBaiWjdDm6ux9Ezns_3','XCP',20750000,'recredit backward quantity','463975d2674516ac57af5edcdfb531ba7e4a32cf87ba9bc95d9923c877c1a41137a3a0520ea5d78535569bc2de2adfeca62cbab85e9cd75de5ed823ab66e3024');
INSERT INTO credits VALUES(281015,'3_mn6q3dS2EnDUx3bmyWc6D4szJNVGtaR7zc_mnfAHmddVibnZNSkh8DvKaQoiEfNsxjXzH_mtQheFaSfWELRB2MyMBaiWjdDm6ux9Ezns_3','XCP',0,'filled','600d9bc885975e3c9c46ff225b4c3b647c39d15c7988d6fee8065d6307a56bae');
INSERT INTO credits VALUES(281015,'3_mn6q3dS2EnDUx3bmyWc6D4szJNVGtaR7zc_mnfAHmddVibnZNSkh8DvKaQoiEfNsxjXzH_mtQheFaSfWELRB2MyMBaiWjdDm6ux9Ezns_3','XCP',0,'filled','600d9bc885975e3c9c46ff225b4c3b647c39d15c7988d6fee8065d6307a56bae');
INSERT INTO credits VALUES(281016,'3_mn6q3dS2EnDUx3bmyWc6D4szJNVGtaR7zc_mnfAHmddVibnZNSkh8DvKaQoiEfNsxjXzH_mtQheFaSfWELRB2MyMBaiWjdDm6ux9Ezns_3','XCP',150000000,'recredit forward quantity','98b5c41f66b6dc297fa98eed2de16b88677deacc12fcc69bd24fa85ac8b977a4600d9bc885975e3c9c46ff225b4c3b647c39d15c7988d6fee8065d6307a56bae');
INSERT INTO credits VALUES(281016,'3_mn6q3dS2EnDUx3bmyWc6D4szJNVGtaR7zc_mnfAHmddVibnZNSkh8DvKaQoiEfNsxjXzH_mtQheFaSfWELRB2MyMBaiWjdDm6ux9Ezns_3','XCP',350000000,'recredit backward quantity','98b5c41f66b6dc297fa98eed2de16b88677deacc12fcc69bd24fa85ac8b977a4600d9bc885975e3c9c46ff225b4c3b647c39d15c7988d6fee8065d6307a56bae');
INSERT INTO credits VALUES(281017,'3_mn6q3dS2EnDUx3bmyWc6D4szJNVGtaR7zc_mnfAHmddVibnZNSkh8DvKaQoiEfNsxjXzH_mtQheFaSfWELRB2MyMBaiWjdDm6ux9Ezns_3','XCP',0,'filled','163a1dd617fbd34d062555e223750414d7d9e8b8cb5a43824b9fb1722f700a0c');
INSERT INTO credits VALUES(281017,'3_mn6q3dS2EnDUx3bmyWc6D4szJNVGtaR7zc_mnfAHmddVibnZNSkh8DvKaQoiEfNsxjXzH_mtQheFaSfWELRB2MyMBaiWjdDm6ux9Ezns_3','XCP',0,'filled','163a1dd617fbd34d062555e223750414d7d9e8b8cb5a43824b9fb1722f700a0c');
INSERT INTO credits VALUES(281018,'3_mn6q3dS2EnDUx3bmyWc6D4szJNVGtaR7zc_mnfAHmddVibnZNSkh8DvKaQoiEfNsxjXzH_mtQheFaSfWELRB2MyMBaiWjdDm6ux9Ezns_3','XCP',750000000,'recredit forward quantity','aa76a7536be5b01a26deddbb00faf2c3e9acf349b4c79d2665ecbc51daf8b169163a1dd617fbd34d062555e223750414d7d9e8b8cb5a43824b9fb1722f700a0c');
INSERT INTO credits VALUES(281018,'3_mn6q3dS2EnDUx3bmyWc6D4szJNVGtaR7zc_mnfAHmddVibnZNSkh8DvKaQoiEfNsxjXzH_mtQheFaSfWELRB2MyMBaiWjdDm6ux9Ezns_3','XCP',650000000,'recredit backward quantity','aa76a7536be5b01a26deddbb00faf2c3e9acf349b4c79d2665ecbc51daf8b169163a1dd617fbd34d062555e223750414d7d9e8b8cb5a43824b9fb1722f700a0c');
INSERT INTO credits VALUES(281022,'3_mn6q3dS2EnDUx3bmyWc6D4szJNVGtaR7zc_mnfAHmddVibnZNSkh8DvKaQoiEfNsxjXzH_mtQheFaSfWELRB2MyMBaiWjdDm6ux9Ezns_3','XCP',56999888137,'burn','c56318d85bacc3e96b131ebc4a914d12fa09f2a516b090f04b2f7a1085c1d53f');
INSERT INTO credits VALUES(281023,'3_mn6q3dS2EnDUx3bmyWc6D4szJNVGtaR7zc_mnfAHmddVibnZNSkh8DvKaQoiEfNsxjXzH_mtQheFaSfWELRB2MyMBaiWjdDm6ux9Ezns_3','XCP',8500000,'recredit wager remaining','463975d2674516ac57af5edcdfb531ba7e4a32cf87ba9bc95d9923c877c1a411');
INSERT INTO credits VALUES(281023,'3_mn6q3dS2EnDUx3bmyWc6D4szJNVGtaR7zc_mnfAHmddVibnZNSkh8DvKaQoiEfNsxjXzH_mqPCfvqTfYctXMUfmniXeG2nyaN8w6tPmj_3','BBBC',10000,'send','e62ba26b630643c04d55b7359d13b3dfa0f0230085910c4605da95801725db43');
INSERT INTO credits VALUES(281024,'3_mn6q3dS2EnDUx3bmyWc6D4szJNVGtaR7zc_mnfAHmddVibnZNSkh8DvKaQoiEfNsxjXzH_mtQheFaSfWELRB2MyMBaiWjdDm6ux9Ezns_3','BBBC',3157,'callback','9c12cc837dcdc48bdf09896024f726ceba89720463a635cb7f30540fdb8f1e75');
INSERT INTO credits VALUES(281024,'3_mn6q3dS2EnDUx3bmyWc6D4szJNVGtaR7zc_mnfAHmddVibnZNSkh8DvKaQoiEfNsxjXzH_mqPCfvqTfYctXMUfmniXeG2nyaN8w6tPmj_3','XCP',4735500000,'callback','9c12cc837dcdc48bdf09896024f726ceba89720463a635cb7f30540fdb8f1e75');
INSERT INTO credits VALUES(281028,'3_mn6q3dS2EnDUx3bmyWc6D4szJNVGtaR7zc_mnfAHmddVibnZNSkh8DvKaQoiEfNsxjXzH_mtQheFaSfWELRB2MyMBaiWjdDm6ux9Ezns_3','XCP',22043326,'wins','cd05950b910c40fe30676bc669977fe9948faaaed9228bb385dbdac35b994cb76c35187c7c49b178fe7279abd490530fcef7f018f96c1406fe9c56112f4e43a4');
INSERT INTO credits VALUES(281032,'3_mn6q3dS2EnDUx3bmyWc6D4szJNVGtaR7zc_mnfAHmddVibnZNSkh8DvKaQoiEfNsxjXzH_mtQheFaSfWELRB2MyMBaiWjdDm6ux9Ezns_3','BBBB',50000000,'cancel order','52e27d9807ceca74aad6f4451328180efee8f619d60ebb26cc52a028923ea3c5');
INSERT INTO credits VALUES(281040,'3_mn6q3dS2EnDUx3bmyWc6D4szJNVGtaR7zc_mnfAHmddVibnZNSkh8DvKaQoiEfNsxjXzH_mtQheFaSfWELRB2MyMBaiWjdDm6ux9Ezns_3','XCP',11021663,'recredit wager','d8665d01edee8867175a0346f130e3c360c3ade97fbedf642c3d05a4d61aeba5');
INSERT INTO credits VALUES(281069,'3_mn6q3dS2EnDUx3bmyWc6D4szJNVGtaR7zc_mnfAHmddVibnZNSkh8DvKaQoiEfNsxjXzH_mtQheFaSfWELRB2MyMBaiWjdDm6ux9Ezns_3','XCP',11021664,'recredit wager','19e8d26d3716d8b0bea76051d8aafbbb6aed9eb8de4bb2fa0c4740e54704ae528861adda021e8c3225c9b40fa42b3f6a838ab28a015a6267ade2960f06dd3759');
INSERT INTO credits VALUES(281069,'3_mn6q3dS2EnDUx3bmyWc6D4szJNVGtaR7zc_mnfAHmddVibnZNSkh8DvKaQoiEfNsxjXzH_mqPCfvqTfYctXMUfmniXeG2nyaN8w6tPmj_3','XCP',11021664,'recredit wager','19e8d26d3716d8b0bea76051d8aafbbb6aed9eb8de4bb2fa0c4740e54704ae528861adda021e8c3225c9b40fa42b3f6a838ab28a015a6267ade2960f06dd3759');
INSERT INTO credits VALUES(281096,'3_mn6q3dS2EnDUx3bmyWc6D4szJNVGtaR7zc_mnfAHmddVibnZNSkh8DvKaQoiEfNsxjXzH_mtQheFaSfWELRB2MyMBaiWjdDm6ux9Ezns_3','XCP',22043330,'wins','c489007df2a197940874a3992a00a7bd1a6770059bc7697b38d7c1b8100c0091dade89f45a70fd82cb410d6dca48ca2affcb85eb83701b6be3f1939dd0eb5bdc');

-- Table  debits
DROP TABLE IF EXISTS debits;
CREATE TABLE debits(
                      block_index INTEGER,
                      address TEXT,
                      asset TEXT,
                      quantity INTEGER,
                      action TEXT,
                      event TEXT,
                      FOREIGN KEY (block_index) REFERENCES blocks(block_index));
INSERT INTO debits VALUES(281001,'3_mn6q3dS2EnDUx3bmyWc6D4szJNVGtaR7zc_mnfAHmddVibnZNSkh8DvKaQoiEfNsxjXzH_mtQheFaSfWELRB2MyMBaiWjdDm6ux9Ezns_3','XCP',50000000,'send','641aa5afc202b09e40c41875ec521d737acc919ad67a91e2dda1356f46d609cf');
INSERT INTO debits VALUES(281003,'3_mn6q3dS2EnDUx3bmyWc6D4szJNVGtaR7zc_mnfAHmddVibnZNSkh8DvKaQoiEfNsxjXzH_mtQheFaSfWELRB2MyMBaiWjdDm6ux9Ezns_3','XCP',105000000,'open order','7582fcb849797577c29cbe6b2afa5c62b01c62f131d40de93ae9f0181f51fdf8');
INSERT INTO debits VALUES(281005,'3_mn6q3dS2EnDUx3bmyWc6D4szJNVGtaR7zc_mnfAHmddVibnZNSkh8DvKaQoiEfNsxjXzH_mtQheFaSfWELRB2MyMBaiWjdDm6ux9Ezns_3','XCP',50000000,'issuance fee','fe09d179478efc367b7aa2b8cbefa8779d8c5f6f06f9b2de885c9ef5b1a242e8');
INSERT INTO debits VALUES(281006,'3_mn6q3dS2EnDUx3bmyWc6D4szJNVGtaR7zc_mnfAHmddVibnZNSkh8DvKaQoiEfNsxjXzH_mtQheFaSfWELRB2MyMBaiWjdDm6ux9Ezns_3','XCP',50000000,'issuance fee','67bee535020d835d7624272134106e825b8dfe2c13130f21f47ee7c80016e49b');
INSERT INTO debits VALUES(281007,'3_mn6q3dS2EnDUx3bmyWc6D4szJNVGtaR7zc_mnfAHmddVibnZNSkh8DvKaQoiEfNsxjXzH_mtQheFaSfWELRB2MyMBaiWjdDm6ux9Ezns_3','BBBB',4000000,'send','4eb46d6043fde993c2ca2680cdd14b54cb1ed40999b91629c7fbc65a4f693a43');
INSERT INTO debits VALUES(281008,'3_mn6q3dS2EnDUx3bmyWc6D4szJNVGtaR7zc_mnfAHmddVibnZNSkh8DvKaQoiEfNsxjXzH_mtQheFaSfWELRB2MyMBaiWjdDm6ux9Ezns_3','BBBC',526,'send','5e86f200404fa207128ea7d19b93c3c49846c82640e9fd0fd354c024f4ddac67');
INSERT INTO debits VALUES(281009,'3_mn6q3dS2EnDUx3bmyWc6D4szJNVGtaR7zc_mnfAHmddVibnZNSkh8DvKaQoiEfNsxjXzH_mtQheFaSfWELRB2MyMBaiWjdDm6ux9Ezns_3','XCP',24,'dividend','46c71ce3cbba57e7b613d0d5506479a59c7a618955aed1fafb7bbcda3a0e00c7');
INSERT INTO debits VALUES(281009,'3_mn6q3dS2EnDUx3bmyWc6D4szJNVGtaR7zc_mnfAHmddVibnZNSkh8DvKaQoiEfNsxjXzH_mtQheFaSfWELRB2MyMBaiWjdDm6ux9Ezns_3','XCP',20000,'dividend fee','46c71ce3cbba57e7b613d0d5506479a59c7a618955aed1fafb7bbcda3a0e00c7');
INSERT INTO debits VALUES(281010,'3_mn6q3dS2EnDUx3bmyWc6D4szJNVGtaR7zc_mnfAHmddVibnZNSkh8DvKaQoiEfNsxjXzH_mtQheFaSfWELRB2MyMBaiWjdDm6ux9Ezns_3','XCP',420800,'dividend','1dc0520285502b5b7ed6f0cce00ddb3347fd450a0bc349de0cc7637bcdbe1486');
INSERT INTO debits VALUES(281010,'3_mn6q3dS2EnDUx3bmyWc6D4szJNVGtaR7zc_mnfAHmddVibnZNSkh8DvKaQoiEfNsxjXzH_mtQheFaSfWELRB2MyMBaiWjdDm6ux9Ezns_3','XCP',20000,'dividend fee','1dc0520285502b5b7ed6f0cce00ddb3347fd450a0bc349de0cc7637bcdbe1486');
INSERT INTO debits VALUES(281012,'3_mn6q3dS2EnDUx3bmyWc6D4szJNVGtaR7zc_mnfAHmddVibnZNSkh8DvKaQoiEfNsxjXzH_mtQheFaSfWELRB2MyMBaiWjdDm6ux9Ezns_3','XCP',50000000,'bet','463975d2674516ac57af5edcdfb531ba7e4a32cf87ba9bc95d9923c877c1a411');
INSERT INTO debits VALUES(281013,'3_mn6q3dS2EnDUx3bmyWc6D4szJNVGtaR7zc_mnfAHmddVibnZNSkh8DvKaQoiEfNsxjXzH_mtQheFaSfWELRB2MyMBaiWjdDm6ux9Ezns_3','XCP',25000000,'bet','37a3a0520ea5d78535569bc2de2adfeca62cbab85e9cd75de5ed823ab66e3024');
INSERT INTO debits VALUES(281014,'3_mn6q3dS2EnDUx3bmyWc6D4szJNVGtaR7zc_mnfAHmddVibnZNSkh8DvKaQoiEfNsxjXzH_mtQheFaSfWELRB2MyMBaiWjdDm6ux9Ezns_3','XCP',150000000,'bet','98b5c41f66b6dc297fa98eed2de16b88677deacc12fcc69bd24fa85ac8b977a4');
INSERT INTO debits VALUES(281015,'3_mn6q3dS2EnDUx3bmyWc6D4szJNVGtaR7zc_mnfAHmddVibnZNSkh8DvKaQoiEfNsxjXzH_mtQheFaSfWELRB2MyMBaiWjdDm6ux9Ezns_3','XCP',350000000,'bet','600d9bc885975e3c9c46ff225b4c3b647c39d15c7988d6fee8065d6307a56bae');
INSERT INTO debits VALUES(281016,'3_mn6q3dS2EnDUx3bmyWc6D4szJNVGtaR7zc_mnfAHmddVibnZNSkh8DvKaQoiEfNsxjXzH_mtQheFaSfWELRB2MyMBaiWjdDm6ux9Ezns_3','XCP',750000000,'bet','aa76a7536be5b01a26deddbb00faf2c3e9acf349b4c79d2665ecbc51daf8b169');
INSERT INTO debits VALUES(281017,'3_mn6q3dS2EnDUx3bmyWc6D4szJNVGtaR7zc_mnfAHmddVibnZNSkh8DvKaQoiEfNsxjXzH_mtQheFaSfWELRB2MyMBaiWjdDm6ux9Ezns_3','XCP',650000000,'bet','163a1dd617fbd34d062555e223750414d7d9e8b8cb5a43824b9fb1722f700a0c');
INSERT INTO debits VALUES(281021,'3_mn6q3dS2EnDUx3bmyWc6D4szJNVGtaR7zc_mnfAHmddVibnZNSkh8DvKaQoiEfNsxjXzH_mtQheFaSfWELRB2MyMBaiWjdDm6ux9Ezns_3','BBBB',50000000,'open order','52e27d9807ceca74aad6f4451328180efee8f619d60ebb26cc52a028923ea3c5');
INSERT INTO debits VALUES(281023,'3_mn6q3dS2EnDUx3bmyWc6D4szJNVGtaR7zc_mnfAHmddVibnZNSkh8DvKaQoiEfNsxjXzH_mtQheFaSfWELRB2MyMBaiWjdDm6ux9Ezns_3','BBBC',10000,'send','e62ba26b630643c04d55b7359d13b3dfa0f0230085910c4605da95801725db43');
INSERT INTO debits VALUES(281024,'3_mn6q3dS2EnDUx3bmyWc6D4szJNVGtaR7zc_mnfAHmddVibnZNSkh8DvKaQoiEfNsxjXzH_mtQheFaSfWELRB2MyMBaiWjdDm6ux9Ezns_3','XCP',4735500000,'callback','9c12cc837dcdc48bdf09896024f726ceba89720463a635cb7f30540fdb8f1e75');
INSERT INTO debits VALUES(281024,'3_mn6q3dS2EnDUx3bmyWc6D4szJNVGtaR7zc_mnfAHmddVibnZNSkh8DvKaQoiEfNsxjXzH_mqPCfvqTfYctXMUfmniXeG2nyaN8w6tPmj_3','BBBC',3157,'callback','9c12cc837dcdc48bdf09896024f726ceba89720463a635cb7f30540fdb8f1e75');
INSERT INTO debits VALUES(281025,'3_mn6q3dS2EnDUx3bmyWc6D4szJNVGtaR7zc_mnfAHmddVibnZNSkh8DvKaQoiEfNsxjXzH_mtQheFaSfWELRB2MyMBaiWjdDm6ux9Ezns_3','XCP',11021663,'open RPS','cd05950b910c40fe30676bc669977fe9948faaaed9228bb385dbdac35b994cb7');
INSERT INTO debits VALUES(281026,'3_mn6q3dS2EnDUx3bmyWc6D4szJNVGtaR7zc_mnfAHmddVibnZNSkh8DvKaQoiEfNsxjXzH_mqPCfvqTfYctXMUfmniXeG2nyaN8w6tPmj_3','XCP',11021663,'open RPS','6c35187c7c49b178fe7279abd490530fcef7f018f96c1406fe9c56112f4e43a4');
INSERT INTO debits VALUES(281029,'3_mn6q3dS2EnDUx3bmyWc6D4szJNVGtaR7zc_mnfAHmddVibnZNSkh8DvKaQoiEfNsxjXzH_mtQheFaSfWELRB2MyMBaiWjdDm6ux9Ezns_3','XCP',11021663,'open RPS','d8665d01edee8867175a0346f130e3c360c3ade97fbedf642c3d05a4d61aeba5');
INSERT INTO debits VALUES(281047,'3_mn6q3dS2EnDUx3bmyWc6D4szJNVGtaR7zc_mnfAHmddVibnZNSkh8DvKaQoiEfNsxjXzH_mtQheFaSfWELRB2MyMBaiWjdDm6ux9Ezns_3','XCP',11021664,'open RPS','19e8d26d3716d8b0bea76051d8aafbbb6aed9eb8de4bb2fa0c4740e54704ae52');
INSERT INTO debits VALUES(281048,'3_mn6q3dS2EnDUx3bmyWc6D4szJNVGtaR7zc_mnfAHmddVibnZNSkh8DvKaQoiEfNsxjXzH_mqPCfvqTfYctXMUfmniXeG2nyaN8w6tPmj_3','XCP',11021664,'open RPS','8861adda021e8c3225c9b40fa42b3f6a838ab28a015a6267ade2960f06dd3759');
INSERT INTO debits VALUES(281074,'3_mn6q3dS2EnDUx3bmyWc6D4szJNVGtaR7zc_mnfAHmddVibnZNSkh8DvKaQoiEfNsxjXzH_mtQheFaSfWELRB2MyMBaiWjdDm6ux9Ezns_3','XCP',11021665,'open RPS','c489007df2a197940874a3992a00a7bd1a6770059bc7697b38d7c1b8100c0091');
INSERT INTO debits VALUES(281075,'3_mn6q3dS2EnDUx3bmyWc6D4szJNVGtaR7zc_mnfAHmddVibnZNSkh8DvKaQoiEfNsxjXzH_mqPCfvqTfYctXMUfmniXeG2nyaN8w6tPmj_3','XCP',11021665,'open RPS','dade89f45a70fd82cb410d6dca48ca2affcb85eb83701b6be3f1939dd0eb5bdc');
-- Triggers and indices on  debits
CREATE INDEX address_idx ON debits (address);
CREATE INDEX asset_idx ON debits (asset);

-- Table  dividends
DROP TABLE IF EXISTS dividends;
CREATE TABLE dividends(
                      tx_index INTEGER PRIMARY KEY,
                      tx_hash TEXT UNIQUE,
                      block_index INTEGER,
                      source TEXT,
                      asset TEXT,
                      dividend_asset TEXT,
                      quantity_per_unit INTEGER,
                      fee_paid INTEGER,
                      status TEXT,
                      FOREIGN KEY (tx_index, tx_hash, block_index) REFERENCES transactions(tx_index, tx_hash, block_index));
INSERT INTO dividends VALUES(10,'46c71ce3cbba57e7b613d0d5506479a59c7a618955aed1fafb7bbcda3a0e00c7',281009,'3_mn6q3dS2EnDUx3bmyWc6D4szJNVGtaR7zc_mnfAHmddVibnZNSkh8DvKaQoiEfNsxjXzH_mtQheFaSfWELRB2MyMBaiWjdDm6ux9Ezns_3','BBBB','XCP',600,20000,'valid');
INSERT INTO dividends VALUES(11,'1dc0520285502b5b7ed6f0cce00ddb3347fd450a0bc349de0cc7637bcdbe1486',281010,'3_mn6q3dS2EnDUx3bmyWc6D4szJNVGtaR7zc_mnfAHmddVibnZNSkh8DvKaQoiEfNsxjXzH_mtQheFaSfWELRB2MyMBaiWjdDm6ux9Ezns_3','BBBC','XCP',800,20000,'valid');

-- Table  executions
DROP TABLE IF EXISTS executions;
CREATE TABLE executions(
                      tx_index INTEGER UNIQUE,
                      tx_hash TEXT UNIQUE,
                      block_index INTEGER,
                      source TEXT,
                      contract_id TEXT,
                      gas_price INTEGER,
                      gas_start INTEGER,
                      gas_cost INTEGER,
                      gas_remained INTEGER,
                      value INTEGER,
                      data BLOB,
                      output BLOB,
                      status TEXT,
                      FOREIGN KEY (tx_index, tx_hash, block_index) REFERENCES transactions(tx_index, tx_hash, block_index));

-- Table  issuances
DROP TABLE IF EXISTS issuances;
CREATE TABLE issuances(
                      tx_index INTEGER PRIMARY KEY,
                      tx_hash TEXT UNIQUE,
                      block_index INTEGER,
                      asset TEXT,
                      quantity INTEGER,
                      divisible BOOL,
                      source TEXT,
                      issuer TEXT,
                      transfer BOOL,
                      callable BOOL,
                      call_date INTEGER,
                      call_price REAL,
                      description TEXT,
                      fee_paid INTEGER,
                      locked BOOL,
                      status TEXT,
                      FOREIGN KEY (tx_index, tx_hash, block_index) REFERENCES transactions(tx_index, tx_hash, block_index));
INSERT INTO issuances VALUES(6,'fe09d179478efc367b7aa2b8cbefa8779d8c5f6f06f9b2de885c9ef5b1a242e8',281005,'BBBB',1000000000,1,'3_mn6q3dS2EnDUx3bmyWc6D4szJNVGtaR7zc_mnfAHmddVibnZNSkh8DvKaQoiEfNsxjXzH_mtQheFaSfWELRB2MyMBaiWjdDm6ux9Ezns_3','3_mn6q3dS2EnDUx3bmyWc6D4szJNVGtaR7zc_mnfAHmddVibnZNSkh8DvKaQoiEfNsxjXzH_mtQheFaSfWELRB2MyMBaiWjdDm6ux9Ezns_3',0,0,0,0.0,'',50000000,0,'valid');
INSERT INTO issuances VALUES(7,'67bee535020d835d7624272134106e825b8dfe2c13130f21f47ee7c80016e49b',281006,'BBBC',100000,0,'3_mn6q3dS2EnDUx3bmyWc6D4szJNVGtaR7zc_mnfAHmddVibnZNSkh8DvKaQoiEfNsxjXzH_mtQheFaSfWELRB2MyMBaiWjdDm6ux9Ezns_3','3_mn6q3dS2EnDUx3bmyWc6D4szJNVGtaR7zc_mnfAHmddVibnZNSkh8DvKaQoiEfNsxjXzH_mtQheFaSfWELRB2MyMBaiWjdDm6ux9Ezns_3',0,1,17,0.015,'foobar',50000000,0,'valid');
-- Triggers and indices on  issuances
CREATE INDEX status_idx ON issuances (status);
CREATE INDEX valid_asset_idx ON issuances (asset, status);

-- Table  mempool
DROP TABLE IF EXISTS mempool;
CREATE TABLE mempool(
                      tx_hash TEXT,
                      command TEXT,
                      category TEXT,
                      bindings TEXT,
                      timestamp INTEGER);

-- Table  messages
DROP TABLE IF EXISTS messages;
CREATE TABLE messages(
                      message_index INTEGER PRIMARY KEY,
                      block_index INTEGER,
                      command TEXT,
                      category TEXT,
                      bindings TEXT,
                      timestamp INTEGER);
INSERT INTO messages VALUES(0,281000,'insert','credits','{"action": "burn", "address": "3_mn6q3dS2EnDUx3bmyWc6D4szJNVGtaR7zc_mnfAHmddVibnZNSkh8DvKaQoiEfNsxjXzH_mtQheFaSfWELRB2MyMBaiWjdDm6ux9Ezns_3", "asset": "XCP", "block_index": 281000, "event": "e99914fcf580f8705559fce8796ffa216d4a3aef2abc95783df5cabea2f0966b", "quantity": 93000000000}',0);
INSERT INTO messages VALUES(1,281000,'insert','burns','{"block_index": 281000, "burned": 62000000, "earned": 93000000000, "source": "3_mn6q3dS2EnDUx3bmyWc6D4szJNVGtaR7zc_mnfAHmddVibnZNSkh8DvKaQoiEfNsxjXzH_mtQheFaSfWELRB2MyMBaiWjdDm6ux9Ezns_3", "status": "valid", "tx_hash": "e99914fcf580f8705559fce8796ffa216d4a3aef2abc95783df5cabea2f0966b", "tx_index": 1}',0);
INSERT INTO messages VALUES(2,281001,'insert','debits','{"action": "send", "address": "3_mn6q3dS2EnDUx3bmyWc6D4szJNVGtaR7zc_mnfAHmddVibnZNSkh8DvKaQoiEfNsxjXzH_mtQheFaSfWELRB2MyMBaiWjdDm6ux9Ezns_3", "asset": "XCP", "block_index": 281001, "event": "641aa5afc202b09e40c41875ec521d737acc919ad67a91e2dda1356f46d609cf", "quantity": 50000000}',0);
INSERT INTO messages VALUES(3,281001,'insert','credits','{"action": "send", "address": "3_mn6q3dS2EnDUx3bmyWc6D4szJNVGtaR7zc_mnfAHmddVibnZNSkh8DvKaQoiEfNsxjXzH_mqPCfvqTfYctXMUfmniXeG2nyaN8w6tPmj_3", "asset": "XCP", "block_index": 281001, "event": "641aa5afc202b09e40c41875ec521d737acc919ad67a91e2dda1356f46d609cf", "quantity": 50000000}',0);
INSERT INTO messages VALUES(4,281001,'insert','sends','{"asset": "XCP", "block_index": 281001, "destination": "3_mn6q3dS2EnDUx3bmyWc6D4szJNVGtaR7zc_mnfAHmddVibnZNSkh8DvKaQoiEfNsxjXzH_mqPCfvqTfYctXMUfmniXeG2nyaN8w6tPmj_3", "quantity": 50000000, "source": "3_mn6q3dS2EnDUx3bmyWc6D4szJNVGtaR7zc_mnfAHmddVibnZNSkh8DvKaQoiEfNsxjXzH_mtQheFaSfWELRB2MyMBaiWjdDm6ux9Ezns_3", "status": "valid", "tx_hash": "641aa5afc202b09e40c41875ec521d737acc919ad67a91e2dda1356f46d609cf", "tx_index": 2}',0);
INSERT INTO messages VALUES(5,281002,'insert','orders','{"block_index": 281002, "expiration": 10, "expire_index": 281012, "fee_provided": 1000000, "fee_provided_remaining": 1000000, "fee_required": 0, "fee_required_remaining": 0, "get_asset": "XCP", "get_quantity": 100000000, "get_remaining": 100000000, "give_asset": "BTC", "give_quantity": 50000000, "give_remaining": 50000000, "source": "3_mn6q3dS2EnDUx3bmyWc6D4szJNVGtaR7zc_mnfAHmddVibnZNSkh8DvKaQoiEfNsxjXzH_mtQheFaSfWELRB2MyMBaiWjdDm6ux9Ezns_3", "status": "open", "tx_hash": "7efc440fe53509475e7c526af5dafe8752ef2a792df9ce552b9eba33373051c7", "tx_index": 3}',0);
INSERT INTO messages VALUES(6,281003,'insert','debits','{"action": "open order", "address": "3_mn6q3dS2EnDUx3bmyWc6D4szJNVGtaR7zc_mnfAHmddVibnZNSkh8DvKaQoiEfNsxjXzH_mtQheFaSfWELRB2MyMBaiWjdDm6ux9Ezns_3", "asset": "XCP", "block_index": 281003, "event": "7582fcb849797577c29cbe6b2afa5c62b01c62f131d40de93ae9f0181f51fdf8", "quantity": 105000000}',0);
INSERT INTO messages VALUES(7,281003,'insert','orders','{"block_index": 281003, "expiration": 10, "expire_index": 281013, "fee_provided": 10000, "fee_provided_remaining": 10000, "fee_required": 900000, "fee_required_remaining": 900000, "get_asset": "BTC", "get_quantity": 50000000, "get_remaining": 50000000, "give_asset": "XCP", "give_quantity": 105000000, "give_remaining": 105000000, "source": "3_mn6q3dS2EnDUx3bmyWc6D4szJNVGtaR7zc_mnfAHmddVibnZNSkh8DvKaQoiEfNsxjXzH_mtQheFaSfWELRB2MyMBaiWjdDm6ux9Ezns_3", "status": "open", "tx_hash": "7582fcb849797577c29cbe6b2afa5c62b01c62f131d40de93ae9f0181f51fdf8", "tx_index": 4}',0);
INSERT INTO messages VALUES(8,281003,'update','orders','{"fee_provided_remaining": 142858, "fee_required_remaining": 0, "get_remaining": 0, "give_remaining": 0, "status": "open", "tx_hash": "7efc440fe53509475e7c526af5dafe8752ef2a792df9ce552b9eba33373051c7"}',0);
INSERT INTO messages VALUES(9,281003,'update','orders','{"fee_provided_remaining": 10000, "fee_required_remaining": 42858, "get_remaining": 0, "give_remaining": 5000000, "status": "open", "tx_hash": "7582fcb849797577c29cbe6b2afa5c62b01c62f131d40de93ae9f0181f51fdf8"}',0);
INSERT INTO messages VALUES(10,281003,'insert','order_matches','{"backward_asset": "XCP", "backward_quantity": 100000000, "block_index": 281003, "fee_paid": 857142, "forward_asset": "BTC", "forward_quantity": 50000000, "id": "7efc440fe53509475e7c526af5dafe8752ef2a792df9ce552b9eba33373051c77582fcb849797577c29cbe6b2afa5c62b01c62f131d40de93ae9f0181f51fdf8", "match_expire_index": 281023, "status": "pending", "tx0_address": "3_mn6q3dS2EnDUx3bmyWc6D4szJNVGtaR7zc_mnfAHmddVibnZNSkh8DvKaQoiEfNsxjXzH_mtQheFaSfWELRB2MyMBaiWjdDm6ux9Ezns_3", "tx0_block_index": 281002, "tx0_expiration": 10, "tx0_hash": "7efc440fe53509475e7c526af5dafe8752ef2a792df9ce552b9eba33373051c7", "tx0_index": 3, "tx1_address": "3_mn6q3dS2EnDUx3bmyWc6D4szJNVGtaR7zc_mnfAHmddVibnZNSkh8DvKaQoiEfNsxjXzH_mtQheFaSfWELRB2MyMBaiWjdDm6ux9Ezns_3", "tx1_block_index": 281003, "tx1_expiration": 10, "tx1_hash": "7582fcb849797577c29cbe6b2afa5c62b01c62f131d40de93ae9f0181f51fdf8", "tx1_index": 4}',0);
INSERT INTO messages VALUES(11,281004,'insert','credits','{"action": "btcpay", "address": "3_mn6q3dS2EnDUx3bmyWc6D4szJNVGtaR7zc_mnfAHmddVibnZNSkh8DvKaQoiEfNsxjXzH_mtQheFaSfWELRB2MyMBaiWjdDm6ux9Ezns_3", "asset": "XCP", "block_index": 281004, "event": "215add6de74384b269c0bcd03cf388ed5ab6a04409227f5f99d9398366b2b235", "quantity": 100000000}',0);
INSERT INTO messages VALUES(12,281004,'update','order_matches','{"order_match_id": "7efc440fe53509475e7c526af5dafe8752ef2a792df9ce552b9eba33373051c77582fcb849797577c29cbe6b2afa5c62b01c62f131d40de93ae9f0181f51fdf8", "status": "completed"}',0);
INSERT INTO messages VALUES(13,281004,'insert','btcpays','{"block_index": 281004, "btc_amount": 50000000, "destination": "3_mn6q3dS2EnDUx3bmyWc6D4szJNVGtaR7zc_mnfAHmddVibnZNSkh8DvKaQoiEfNsxjXzH_mtQheFaSfWELRB2MyMBaiWjdDm6ux9Ezns_3", "order_match_id": "7efc440fe53509475e7c526af5dafe8752ef2a792df9ce552b9eba33373051c77582fcb849797577c29cbe6b2afa5c62b01c62f131d40de93ae9f0181f51fdf8", "source": "3_mn6q3dS2EnDUx3bmyWc6D4szJNVGtaR7zc_mnfAHmddVibnZNSkh8DvKaQoiEfNsxjXzH_mtQheFaSfWELRB2MyMBaiWjdDm6ux9Ezns_3", "status": "valid", "tx_hash": "215add6de74384b269c0bcd03cf388ed5ab6a04409227f5f99d9398366b2b235", "tx_index": 5}',0);
INSERT INTO messages VALUES(14,281005,'insert','debits','{"action": "issuance fee", "address": "3_mn6q3dS2EnDUx3bmyWc6D4szJNVGtaR7zc_mnfAHmddVibnZNSkh8DvKaQoiEfNsxjXzH_mtQheFaSfWELRB2MyMBaiWjdDm6ux9Ezns_3", "asset": "XCP", "block_index": 281005, "event": "fe09d179478efc367b7aa2b8cbefa8779d8c5f6f06f9b2de885c9ef5b1a242e8", "quantity": 50000000}',0);
INSERT INTO messages VALUES(15,281005,'insert','issuances','{"asset": "BBBB", "block_index": 281005, "call_date": 0, "call_price": 0.0, "callable": false, "description": "", "divisible": true, "fee_paid": 50000000, "issuer": "3_mn6q3dS2EnDUx3bmyWc6D4szJNVGtaR7zc_mnfAHmddVibnZNSkh8DvKaQoiEfNsxjXzH_mtQheFaSfWELRB2MyMBaiWjdDm6ux9Ezns_3", "locked": false, "quantity": 1000000000, "source": "3_mn6q3dS2EnDUx3bmyWc6D4szJNVGtaR7zc_mnfAHmddVibnZNSkh8DvKaQoiEfNsxjXzH_mtQheFaSfWELRB2MyMBaiWjdDm6ux9Ezns_3", "status": "valid", "transfer": false, "tx_hash": "fe09d179478efc367b7aa2b8cbefa8779d8c5f6f06f9b2de885c9ef5b1a242e8", "tx_index": 6}',0);
INSERT INTO messages VALUES(16,281005,'insert','credits','{"action": "issuance", "address": "3_mn6q3dS2EnDUx3bmyWc6D4szJNVGtaR7zc_mnfAHmddVibnZNSkh8DvKaQoiEfNsxjXzH_mtQheFaSfWELRB2MyMBaiWjdDm6ux9Ezns_3", "asset": "BBBB", "block_index": 281005, "event": "fe09d179478efc367b7aa2b8cbefa8779d8c5f6f06f9b2de885c9ef5b1a242e8", "quantity": 1000000000}',0);
INSERT INTO messages VALUES(17,281006,'insert','debits','{"action": "issuance fee", "address": "3_mn6q3dS2EnDUx3bmyWc6D4szJNVGtaR7zc_mnfAHmddVibnZNSkh8DvKaQoiEfNsxjXzH_mtQheFaSfWELRB2MyMBaiWjdDm6ux9Ezns_3", "asset": "XCP", "block_index": 281006, "event": "67bee535020d835d7624272134106e825b8dfe2c13130f21f47ee7c80016e49b", "quantity": 50000000}',0);
INSERT INTO messages VALUES(18,281006,'insert','issuances','{"asset": "BBBC", "block_index": 281006, "call_date": 17, "call_price": 0.015, "callable": true, "description": "foobar", "divisible": false, "fee_paid": 50000000, "issuer": "3_mn6q3dS2EnDUx3bmyWc6D4szJNVGtaR7zc_mnfAHmddVibnZNSkh8DvKaQoiEfNsxjXzH_mtQheFaSfWELRB2MyMBaiWjdDm6ux9Ezns_3", "locked": false, "quantity": 100000, "source": "3_mn6q3dS2EnDUx3bmyWc6D4szJNVGtaR7zc_mnfAHmddVibnZNSkh8DvKaQoiEfNsxjXzH_mtQheFaSfWELRB2MyMBaiWjdDm6ux9Ezns_3", "status": "valid", "transfer": false, "tx_hash": "67bee535020d835d7624272134106e825b8dfe2c13130f21f47ee7c80016e49b", "tx_index": 7}',0);
INSERT INTO messages VALUES(19,281006,'insert','credits','{"action": "issuance", "address": "3_mn6q3dS2EnDUx3bmyWc6D4szJNVGtaR7zc_mnfAHmddVibnZNSkh8DvKaQoiEfNsxjXzH_mtQheFaSfWELRB2MyMBaiWjdDm6ux9Ezns_3", "asset": "BBBC", "block_index": 281006, "event": "67bee535020d835d7624272134106e825b8dfe2c13130f21f47ee7c80016e49b", "quantity": 100000}',0);
INSERT INTO messages VALUES(20,281007,'insert','debits','{"action": "send", "address": "3_mn6q3dS2EnDUx3bmyWc6D4szJNVGtaR7zc_mnfAHmddVibnZNSkh8DvKaQoiEfNsxjXzH_mtQheFaSfWELRB2MyMBaiWjdDm6ux9Ezns_3", "asset": "BBBB", "block_index": 281007, "event": "4eb46d6043fde993c2ca2680cdd14b54cb1ed40999b91629c7fbc65a4f693a43", "quantity": 4000000}',0);
INSERT INTO messages VALUES(21,281007,'insert','credits','{"action": "send", "address": "3_mn6q3dS2EnDUx3bmyWc6D4szJNVGtaR7zc_mnfAHmddVibnZNSkh8DvKaQoiEfNsxjXzH_mqPCfvqTfYctXMUfmniXeG2nyaN8w6tPmj_3", "asset": "BBBB", "block_index": 281007, "event": "4eb46d6043fde993c2ca2680cdd14b54cb1ed40999b91629c7fbc65a4f693a43", "quantity": 4000000}',0);
INSERT INTO messages VALUES(22,281007,'insert','sends','{"asset": "BBBB", "block_index": 281007, "destination": "3_mn6q3dS2EnDUx3bmyWc6D4szJNVGtaR7zc_mnfAHmddVibnZNSkh8DvKaQoiEfNsxjXzH_mqPCfvqTfYctXMUfmniXeG2nyaN8w6tPmj_3", "quantity": 4000000, "source": "3_mn6q3dS2EnDUx3bmyWc6D4szJNVGtaR7zc_mnfAHmddVibnZNSkh8DvKaQoiEfNsxjXzH_mtQheFaSfWELRB2MyMBaiWjdDm6ux9Ezns_3", "status": "valid", "tx_hash": "4eb46d6043fde993c2ca2680cdd14b54cb1ed40999b91629c7fbc65a4f693a43", "tx_index": 8}',0);
INSERT INTO messages VALUES(23,281008,'insert','debits','{"action": "send", "address": "3_mn6q3dS2EnDUx3bmyWc6D4szJNVGtaR7zc_mnfAHmddVibnZNSkh8DvKaQoiEfNsxjXzH_mtQheFaSfWELRB2MyMBaiWjdDm6ux9Ezns_3", "asset": "BBBC", "block_index": 281008, "event": "5e86f200404fa207128ea7d19b93c3c49846c82640e9fd0fd354c024f4ddac67", "quantity": 526}',0);
INSERT INTO messages VALUES(24,281008,'insert','credits','{"action": "send", "address": "3_mn6q3dS2EnDUx3bmyWc6D4szJNVGtaR7zc_mnfAHmddVibnZNSkh8DvKaQoiEfNsxjXzH_mqPCfvqTfYctXMUfmniXeG2nyaN8w6tPmj_3", "asset": "BBBC", "block_index": 281008, "event": "5e86f200404fa207128ea7d19b93c3c49846c82640e9fd0fd354c024f4ddac67", "quantity": 526}',0);
INSERT INTO messages VALUES(25,281008,'insert','sends','{"asset": "BBBC", "block_index": 281008, "destination": "3_mn6q3dS2EnDUx3bmyWc6D4szJNVGtaR7zc_mnfAHmddVibnZNSkh8DvKaQoiEfNsxjXzH_mqPCfvqTfYctXMUfmniXeG2nyaN8w6tPmj_3", "quantity": 526, "source": "3_mn6q3dS2EnDUx3bmyWc6D4szJNVGtaR7zc_mnfAHmddVibnZNSkh8DvKaQoiEfNsxjXzH_mtQheFaSfWELRB2MyMBaiWjdDm6ux9Ezns_3", "status": "valid", "tx_hash": "5e86f200404fa207128ea7d19b93c3c49846c82640e9fd0fd354c024f4ddac67", "tx_index": 9}',0);
INSERT INTO messages VALUES(26,281009,'insert','debits','{"action": "dividend", "address": "3_mn6q3dS2EnDUx3bmyWc6D4szJNVGtaR7zc_mnfAHmddVibnZNSkh8DvKaQoiEfNsxjXzH_mtQheFaSfWELRB2MyMBaiWjdDm6ux9Ezns_3", "asset": "XCP", "block_index": 281009, "event": "46c71ce3cbba57e7b613d0d5506479a59c7a618955aed1fafb7bbcda3a0e00c7", "quantity": 24}',0);
INSERT INTO messages VALUES(27,281009,'insert','debits','{"action": "dividend fee", "address": "3_mn6q3dS2EnDUx3bmyWc6D4szJNVGtaR7zc_mnfAHmddVibnZNSkh8DvKaQoiEfNsxjXzH_mtQheFaSfWELRB2MyMBaiWjdDm6ux9Ezns_3", "asset": "XCP", "block_index": 281009, "event": "46c71ce3cbba57e7b613d0d5506479a59c7a618955aed1fafb7bbcda3a0e00c7", "quantity": 20000}',0);
INSERT INTO messages VALUES(28,281009,'insert','credits','{"action": "dividend", "address": "3_mn6q3dS2EnDUx3bmyWc6D4szJNVGtaR7zc_mnfAHmddVibnZNSkh8DvKaQoiEfNsxjXzH_mqPCfvqTfYctXMUfmniXeG2nyaN8w6tPmj_3", "asset": "XCP", "block_index": 281009, "event": "46c71ce3cbba57e7b613d0d5506479a59c7a618955aed1fafb7bbcda3a0e00c7", "quantity": 24}',0);
INSERT INTO messages VALUES(29,281009,'insert','dividends','{"asset": "BBBB", "block_index": 281009, "dividend_asset": "XCP", "fee_paid": 20000, "quantity_per_unit": 600, "source": "3_mn6q3dS2EnDUx3bmyWc6D4szJNVGtaR7zc_mnfAHmddVibnZNSkh8DvKaQoiEfNsxjXzH_mtQheFaSfWELRB2MyMBaiWjdDm6ux9Ezns_3", "status": "valid", "tx_hash": "46c71ce3cbba57e7b613d0d5506479a59c7a618955aed1fafb7bbcda3a0e00c7", "tx_index": 10}',0);
INSERT INTO messages VALUES(30,281010,'insert','debits','{"action": "dividend", "address": "3_mn6q3dS2EnDUx3bmyWc6D4szJNVGtaR7zc_mnfAHmddVibnZNSkh8DvKaQoiEfNsxjXzH_mtQheFaSfWELRB2MyMBaiWjdDm6ux9Ezns_3", "asset": "XCP", "block_index": 281010, "event": "1dc0520285502b5b7ed6f0cce00ddb3347fd450a0bc349de0cc7637bcdbe1486", "quantity": 420800}',0);
INSERT INTO messages VALUES(31,281010,'insert','debits','{"action": "dividend fee", "address": "3_mn6q3dS2EnDUx3bmyWc6D4szJNVGtaR7zc_mnfAHmddVibnZNSkh8DvKaQoiEfNsxjXzH_mtQheFaSfWELRB2MyMBaiWjdDm6ux9Ezns_3", "asset": "XCP", "block_index": 281010, "event": "1dc0520285502b5b7ed6f0cce00ddb3347fd450a0bc349de0cc7637bcdbe1486", "quantity": 20000}',0);
INSERT INTO messages VALUES(32,281010,'insert','credits','{"action": "dividend", "address": "3_mn6q3dS2EnDUx3bmyWc6D4szJNVGtaR7zc_mnfAHmddVibnZNSkh8DvKaQoiEfNsxjXzH_mqPCfvqTfYctXMUfmniXeG2nyaN8w6tPmj_3", "asset": "XCP", "block_index": 281010, "event": "1dc0520285502b5b7ed6f0cce00ddb3347fd450a0bc349de0cc7637bcdbe1486", "quantity": 420800}',0);
INSERT INTO messages VALUES(33,281010,'insert','dividends','{"asset": "BBBC", "block_index": 281010, "dividend_asset": "XCP", "fee_paid": 20000, "quantity_per_unit": 800, "source": "3_mn6q3dS2EnDUx3bmyWc6D4szJNVGtaR7zc_mnfAHmddVibnZNSkh8DvKaQoiEfNsxjXzH_mtQheFaSfWELRB2MyMBaiWjdDm6ux9Ezns_3", "status": "valid", "tx_hash": "1dc0520285502b5b7ed6f0cce00ddb3347fd450a0bc349de0cc7637bcdbe1486", "tx_index": 11}',0);
INSERT INTO messages VALUES(34,281011,'insert','broadcasts','{"block_index": 281011, "fee_fraction_int": 5000000, "locked": false, "source": "3_mn6q3dS2EnDUx3bmyWc6D4szJNVGtaR7zc_mnfAHmddVibnZNSkh8DvKaQoiEfNsxjXzH_mtQheFaSfWELRB2MyMBaiWjdDm6ux9Ezns_3", "status": "valid", "text": "Unit Test", "timestamp": 1388000000, "tx_hash": "9a3e96a86c5e1730f5dbdd795be4cda116febe2875fb992ae5efa3e0ded38da2", "tx_index": 12, "value": 100.0}',0);
INSERT INTO messages VALUES(35,281012,'insert','debits','{"action": "bet", "address": "3_mn6q3dS2EnDUx3bmyWc6D4szJNVGtaR7zc_mnfAHmddVibnZNSkh8DvKaQoiEfNsxjXzH_mtQheFaSfWELRB2MyMBaiWjdDm6ux9Ezns_3", "asset": "XCP", "block_index": 281012, "event": "463975d2674516ac57af5edcdfb531ba7e4a32cf87ba9bc95d9923c877c1a411", "quantity": 50000000}',0);
INSERT INTO messages VALUES(36,281012,'insert','bets','{"bet_type": 0, "block_index": 281012, "counterwager_quantity": 25000000, "counterwager_remaining": 25000000, "deadline": 1388000100, "expiration": 10, "expire_index": 281022, "fee_fraction_int": 5000000.0, "feed_address": "3_mn6q3dS2EnDUx3bmyWc6D4szJNVGtaR7zc_mnfAHmddVibnZNSkh8DvKaQoiEfNsxjXzH_mtQheFaSfWELRB2MyMBaiWjdDm6ux9Ezns_3", "leverage": 15120, "source": "3_mn6q3dS2EnDUx3bmyWc6D4szJNVGtaR7zc_mnfAHmddVibnZNSkh8DvKaQoiEfNsxjXzH_mtQheFaSfWELRB2MyMBaiWjdDm6ux9Ezns_3", "status": "open", "target_value": 0.0, "tx_hash": "463975d2674516ac57af5edcdfb531ba7e4a32cf87ba9bc95d9923c877c1a411", "tx_index": 13, "wager_quantity": 50000000, "wager_remaining": 50000000}',0);
INSERT INTO messages VALUES(37,281013,'update','orders','{"status": "expired", "tx_hash": "7efc440fe53509475e7c526af5dafe8752ef2a792df9ce552b9eba33373051c7"}',0);
INSERT INTO messages VALUES(38,281013,'insert','order_expirations','{"block_index": 281013, "order_hash": "7efc440fe53509475e7c526af5dafe8752ef2a792df9ce552b9eba33373051c7", "order_index": 3, "source": "3_mn6q3dS2EnDUx3bmyWc6D4szJNVGtaR7zc_mnfAHmddVibnZNSkh8DvKaQoiEfNsxjXzH_mtQheFaSfWELRB2MyMBaiWjdDm6ux9Ezns_3"}',0);
INSERT INTO messages VALUES(39,281013,'insert','debits','{"action": "bet", "address": "3_mn6q3dS2EnDUx3bmyWc6D4szJNVGtaR7zc_mnfAHmddVibnZNSkh8DvKaQoiEfNsxjXzH_mtQheFaSfWELRB2MyMBaiWjdDm6ux9Ezns_3", "asset": "XCP", "block_index": 281013, "event": "37a3a0520ea5d78535569bc2de2adfeca62cbab85e9cd75de5ed823ab66e3024", "quantity": 25000000}',0);
INSERT INTO messages VALUES(40,281013,'insert','bets','{"bet_type": 1, "block_index": 281013, "counterwager_quantity": 41500000, "counterwager_remaining": 41500000, "deadline": 1388000100, "expiration": 10, "expire_index": 281023, "fee_fraction_int": 5000000.0, "feed_address": "3_mn6q3dS2EnDUx3bmyWc6D4szJNVGtaR7zc_mnfAHmddVibnZNSkh8DvKaQoiEfNsxjXzH_mtQheFaSfWELRB2MyMBaiWjdDm6ux9Ezns_3", "leverage": 15120, "source": "3_mn6q3dS2EnDUx3bmyWc6D4szJNVGtaR7zc_mnfAHmddVibnZNSkh8DvKaQoiEfNsxjXzH_mtQheFaSfWELRB2MyMBaiWjdDm6ux9Ezns_3", "status": "open", "target_value": 0.0, "tx_hash": "37a3a0520ea5d78535569bc2de2adfeca62cbab85e9cd75de5ed823ab66e3024", "tx_index": 14, "wager_quantity": 25000000, "wager_remaining": 25000000}',0);
INSERT INTO messages VALUES(41,281013,'update','bets','{"counterwager_remaining": 4250000, "status": "open", "tx_hash": "463975d2674516ac57af5edcdfb531ba7e4a32cf87ba9bc95d9923c877c1a411", "wager_remaining": 8500000}',0);
INSERT INTO messages VALUES(42,281013,'insert','credits','{"action": "filled", "address": "3_mn6q3dS2EnDUx3bmyWc6D4szJNVGtaR7zc_mnfAHmddVibnZNSkh8DvKaQoiEfNsxjXzH_mtQheFaSfWELRB2MyMBaiWjdDm6ux9Ezns_3", "asset": "XCP", "block_index": 281013, "event": "37a3a0520ea5d78535569bc2de2adfeca62cbab85e9cd75de5ed823ab66e3024", "quantity": 4250000}',0);
INSERT INTO messages VALUES(43,281013,'update','bets','{"counterwager_remaining": 0, "status": "filled", "tx_hash": "37a3a0520ea5d78535569bc2de2adfeca62cbab85e9cd75de5ed823ab66e3024", "wager_remaining": 4250000}',0);
INSERT INTO messages VALUES(44,281013,'insert','bet_matches','{"backward_quantity": 20750000, "block_index": 281013, "deadline": 1388000100, "fee_fraction_int": 5000000, "feed_address": "3_mn6q3dS2EnDUx3bmyWc6D4szJNVGtaR7zc_mnfAHmddVibnZNSkh8DvKaQoiEfNsxjXzH_mtQheFaSfWELRB2MyMBaiWjdDm6ux9Ezns_3", "forward_quantity": 41500000, "id": "463975d2674516ac57af5edcdfb531ba7e4a32cf87ba9bc95d9923c877c1a41137a3a0520ea5d78535569bc2de2adfeca62cbab85e9cd75de5ed823ab66e3024", "initial_value": 100.0, "leverage": 15120, "match_expire_index": 281022, "status": "pending", "target_value": 0.0, "tx0_address": "3_mn6q3dS2EnDUx3bmyWc6D4szJNVGtaR7zc_mnfAHmddVibnZNSkh8DvKaQoiEfNsxjXzH_mtQheFaSfWELRB2MyMBaiWjdDm6ux9Ezns_3", "tx0_bet_type": 0, "tx0_block_index": 281012, "tx0_expiration": 10, "tx0_hash": "463975d2674516ac57af5edcdfb531ba7e4a32cf87ba9bc95d9923c877c1a411", "tx0_index": 13, "tx1_address": "3_mn6q3dS2EnDUx3bmyWc6D4szJNVGtaR7zc_mnfAHmddVibnZNSkh8DvKaQoiEfNsxjXzH_mtQheFaSfWELRB2MyMBaiWjdDm6ux9Ezns_3", "tx1_bet_type": 1, "tx1_block_index": 281013, "tx1_expiration": 10, "tx1_hash": "37a3a0520ea5d78535569bc2de2adfeca62cbab85e9cd75de5ed823ab66e3024", "tx1_index": 14}',0);
INSERT INTO messages VALUES(45,281014,'update','orders','{"status": "expired", "tx_hash": "7582fcb849797577c29cbe6b2afa5c62b01c62f131d40de93ae9f0181f51fdf8"}',0);
INSERT INTO messages VALUES(46,281014,'insert','credits','{"action": "cancel order", "address": "3_mn6q3dS2EnDUx3bmyWc6D4szJNVGtaR7zc_mnfAHmddVibnZNSkh8DvKaQoiEfNsxjXzH_mtQheFaSfWELRB2MyMBaiWjdDm6ux9Ezns_3", "asset": "XCP", "block_index": 281014, "event": "7582fcb849797577c29cbe6b2afa5c62b01c62f131d40de93ae9f0181f51fdf8", "quantity": 5000000}',0);
INSERT INTO messages VALUES(47,281014,'insert','order_expirations','{"block_index": 281014, "order_hash": "7582fcb849797577c29cbe6b2afa5c62b01c62f131d40de93ae9f0181f51fdf8", "order_index": 4, "source": "3_mn6q3dS2EnDUx3bmyWc6D4szJNVGtaR7zc_mnfAHmddVibnZNSkh8DvKaQoiEfNsxjXzH_mtQheFaSfWELRB2MyMBaiWjdDm6ux9Ezns_3"}',0);
INSERT INTO messages VALUES(48,281014,'insert','credits','{"action": "recredit forward quantity", "address": "3_mn6q3dS2EnDUx3bmyWc6D4szJNVGtaR7zc_mnfAHmddVibnZNSkh8DvKaQoiEfNsxjXzH_mtQheFaSfWELRB2MyMBaiWjdDm6ux9Ezns_3", "asset": "XCP", "block_index": 281014, "event": "463975d2674516ac57af5edcdfb531ba7e4a32cf87ba9bc95d9923c877c1a41137a3a0520ea5d78535569bc2de2adfeca62cbab85e9cd75de5ed823ab66e3024", "quantity": 41500000}',0);
INSERT INTO messages VALUES(49,281014,'insert','credits','{"action": "recredit backward quantity", "address": "3_mn6q3dS2EnDUx3bmyWc6D4szJNVGtaR7zc_mnfAHmddVibnZNSkh8DvKaQoiEfNsxjXzH_mtQheFaSfWELRB2MyMBaiWjdDm6ux9Ezns_3", "asset": "XCP", "block_index": 281014, "event": "463975d2674516ac57af5edcdfb531ba7e4a32cf87ba9bc95d9923c877c1a41137a3a0520ea5d78535569bc2de2adfeca62cbab85e9cd75de5ed823ab66e3024", "quantity": 20750000}',0);
INSERT INTO messages VALUES(50,281014,'update','bet_matches','{"bet_match_id": "463975d2674516ac57af5edcdfb531ba7e4a32cf87ba9bc95d9923c877c1a41137a3a0520ea5d78535569bc2de2adfeca62cbab85e9cd75de5ed823ab66e3024", "status": "expired"}',0);
INSERT INTO messages VALUES(51,281014,'insert','bet_match_expirations','{"bet_match_id": "463975d2674516ac57af5edcdfb531ba7e4a32cf87ba9bc95d9923c877c1a41137a3a0520ea5d78535569bc2de2adfeca62cbab85e9cd75de5ed823ab66e3024", "block_index": 281014, "tx0_address": "3_mn6q3dS2EnDUx3bmyWc6D4szJNVGtaR7zc_mnfAHmddVibnZNSkh8DvKaQoiEfNsxjXzH_mtQheFaSfWELRB2MyMBaiWjdDm6ux9Ezns_3", "tx1_address": "3_mn6q3dS2EnDUx3bmyWc6D4szJNVGtaR7zc_mnfAHmddVibnZNSkh8DvKaQoiEfNsxjXzH_mtQheFaSfWELRB2MyMBaiWjdDm6ux9Ezns_3"}',0);
INSERT INTO messages VALUES(52,281014,'insert','debits','{"action": "bet", "address": "3_mn6q3dS2EnDUx3bmyWc6D4szJNVGtaR7zc_mnfAHmddVibnZNSkh8DvKaQoiEfNsxjXzH_mtQheFaSfWELRB2MyMBaiWjdDm6ux9Ezns_3", "asset": "XCP", "block_index": 281014, "event": "98b5c41f66b6dc297fa98eed2de16b88677deacc12fcc69bd24fa85ac8b977a4", "quantity": 150000000}',0);
INSERT INTO messages VALUES(53,281014,'insert','bets','{"bet_type": 0, "block_index": 281014, "counterwager_quantity": 350000000, "counterwager_remaining": 350000000, "deadline": 1388000100, "expiration": 10, "expire_index": 281024, "fee_fraction_int": 5000000.0, "feed_address": "3_mn6q3dS2EnDUx3bmyWc6D4szJNVGtaR7zc_mnfAHmddVibnZNSkh8DvKaQoiEfNsxjXzH_mtQheFaSfWELRB2MyMBaiWjdDm6ux9Ezns_3", "leverage": 5040, "source": "3_mn6q3dS2EnDUx3bmyWc6D4szJNVGtaR7zc_mnfAHmddVibnZNSkh8DvKaQoiEfNsxjXzH_mtQheFaSfWELRB2MyMBaiWjdDm6ux9Ezns_3", "status": "open", "target_value": 0.0, "tx_hash": "98b5c41f66b6dc297fa98eed2de16b88677deacc12fcc69bd24fa85ac8b977a4", "tx_index": 15, "wager_quantity": 150000000, "wager_remaining": 150000000}',0);
INSERT INTO messages VALUES(54,281015,'insert','debits','{"action": "bet", "address": "3_mn6q3dS2EnDUx3bmyWc6D4szJNVGtaR7zc_mnfAHmddVibnZNSkh8DvKaQoiEfNsxjXzH_mtQheFaSfWELRB2MyMBaiWjdDm6ux9Ezns_3", "asset": "XCP", "block_index": 281015, "event": "600d9bc885975e3c9c46ff225b4c3b647c39d15c7988d6fee8065d6307a56bae", "quantity": 350000000}',0);
INSERT INTO messages VALUES(55,281015,'insert','bets','{"bet_type": 1, "block_index": 281015, "counterwager_quantity": 150000000, "counterwager_remaining": 150000000, "deadline": 1388000100, "expiration": 10, "expire_index": 281025, "fee_fraction_int": 5000000.0, "feed_address": "3_mn6q3dS2EnDUx3bmyWc6D4szJNVGtaR7zc_mnfAHmddVibnZNSkh8DvKaQoiEfNsxjXzH_mtQheFaSfWELRB2MyMBaiWjdDm6ux9Ezns_3", "leverage": 5040, "source": "3_mn6q3dS2EnDUx3bmyWc6D4szJNVGtaR7zc_mnfAHmddVibnZNSkh8DvKaQoiEfNsxjXzH_mtQheFaSfWELRB2MyMBaiWjdDm6ux9Ezns_3", "status": "open", "target_value": 0.0, "tx_hash": "600d9bc885975e3c9c46ff225b4c3b647c39d15c7988d6fee8065d6307a56bae", "tx_index": 16, "wager_quantity": 350000000, "wager_remaining": 350000000}',0);
INSERT INTO messages VALUES(56,281015,'insert','credits','{"action": "filled", "address": "3_mn6q3dS2EnDUx3bmyWc6D4szJNVGtaR7zc_mnfAHmddVibnZNSkh8DvKaQoiEfNsxjXzH_mtQheFaSfWELRB2MyMBaiWjdDm6ux9Ezns_3", "asset": "XCP", "block_index": 281015, "event": "600d9bc885975e3c9c46ff225b4c3b647c39d15c7988d6fee8065d6307a56bae", "quantity": 0}',0);
INSERT INTO messages VALUES(57,281015,'update','bets','{"counterwager_remaining": 0, "status": "filled", "tx_hash": "98b5c41f66b6dc297fa98eed2de16b88677deacc12fcc69bd24fa85ac8b977a4", "wager_remaining": 0}',0);
INSERT INTO messages VALUES(58,281015,'insert','credits','{"action": "filled", "address": "3_mn6q3dS2EnDUx3bmyWc6D4szJNVGtaR7zc_mnfAHmddVibnZNSkh8DvKaQoiEfNsxjXzH_mtQheFaSfWELRB2MyMBaiWjdDm6ux9Ezns_3", "asset": "XCP", "block_index": 281015, "event": "600d9bc885975e3c9c46ff225b4c3b647c39d15c7988d6fee8065d6307a56bae", "quantity": 0}',0);
INSERT INTO messages VALUES(59,281015,'update','bets','{"counterwager_remaining": 0, "status": "filled", "tx_hash": "600d9bc885975e3c9c46ff225b4c3b647c39d15c7988d6fee8065d6307a56bae", "wager_remaining": 0}',0);
INSERT INTO messages VALUES(60,281015,'insert','bet_matches','{"backward_quantity": 350000000, "block_index": 281015, "deadline": 1388000100, "fee_fraction_int": 5000000, "feed_address": "3_mn6q3dS2EnDUx3bmyWc6D4szJNVGtaR7zc_mnfAHmddVibnZNSkh8DvKaQoiEfNsxjXzH_mtQheFaSfWELRB2MyMBaiWjdDm6ux9Ezns_3", "forward_quantity": 150000000, "id": "98b5c41f66b6dc297fa98eed2de16b88677deacc12fcc69bd24fa85ac8b977a4600d9bc885975e3c9c46ff225b4c3b647c39d15c7988d6fee8065d6307a56bae", "initial_value": 100.0, "leverage": 5040, "match_expire_index": 281024, "status": "pending", "target_value": 0.0, "tx0_address": "3_mn6q3dS2EnDUx3bmyWc6D4szJNVGtaR7zc_mnfAHmddVibnZNSkh8DvKaQoiEfNsxjXzH_mtQheFaSfWELRB2MyMBaiWjdDm6ux9Ezns_3", "tx0_bet_type": 0, "tx0_block_index": 281014, "tx0_expiration": 10, "tx0_hash": "98b5c41f66b6dc297fa98eed2de16b88677deacc12fcc69bd24fa85ac8b977a4", "tx0_index": 15, "tx1_address": "3_mn6q3dS2EnDUx3bmyWc6D4szJNVGtaR7zc_mnfAHmddVibnZNSkh8DvKaQoiEfNsxjXzH_mtQheFaSfWELRB2MyMBaiWjdDm6ux9Ezns_3", "tx1_bet_type": 1, "tx1_block_index": 281015, "tx1_expiration": 10, "tx1_hash": "600d9bc885975e3c9c46ff225b4c3b647c39d15c7988d6fee8065d6307a56bae", "tx1_index": 16}',0);
INSERT INTO messages VALUES(61,281016,'insert','credits','{"action": "recredit forward quantity", "address": "3_mn6q3dS2EnDUx3bmyWc6D4szJNVGtaR7zc_mnfAHmddVibnZNSkh8DvKaQoiEfNsxjXzH_mtQheFaSfWELRB2MyMBaiWjdDm6ux9Ezns_3", "asset": "XCP", "block_index": 281016, "event": "98b5c41f66b6dc297fa98eed2de16b88677deacc12fcc69bd24fa85ac8b977a4600d9bc885975e3c9c46ff225b4c3b647c39d15c7988d6fee8065d6307a56bae", "quantity": 150000000}',0);
INSERT INTO messages VALUES(62,281016,'insert','credits','{"action": "recredit backward quantity", "address": "3_mn6q3dS2EnDUx3bmyWc6D4szJNVGtaR7zc_mnfAHmddVibnZNSkh8DvKaQoiEfNsxjXzH_mtQheFaSfWELRB2MyMBaiWjdDm6ux9Ezns_3", "asset": "XCP", "block_index": 281016, "event": "98b5c41f66b6dc297fa98eed2de16b88677deacc12fcc69bd24fa85ac8b977a4600d9bc885975e3c9c46ff225b4c3b647c39d15c7988d6fee8065d6307a56bae", "quantity": 350000000}',0);
INSERT INTO messages VALUES(63,281016,'update','bet_matches','{"bet_match_id": "98b5c41f66b6dc297fa98eed2de16b88677deacc12fcc69bd24fa85ac8b977a4600d9bc885975e3c9c46ff225b4c3b647c39d15c7988d6fee8065d6307a56bae", "status": "expired"}',0);
INSERT INTO messages VALUES(64,281016,'insert','bet_match_expirations','{"bet_match_id": "98b5c41f66b6dc297fa98eed2de16b88677deacc12fcc69bd24fa85ac8b977a4600d9bc885975e3c9c46ff225b4c3b647c39d15c7988d6fee8065d6307a56bae", "block_index": 281016, "tx0_address": "3_mn6q3dS2EnDUx3bmyWc6D4szJNVGtaR7zc_mnfAHmddVibnZNSkh8DvKaQoiEfNsxjXzH_mtQheFaSfWELRB2MyMBaiWjdDm6ux9Ezns_3", "tx1_address": "3_mn6q3dS2EnDUx3bmyWc6D4szJNVGtaR7zc_mnfAHmddVibnZNSkh8DvKaQoiEfNsxjXzH_mtQheFaSfWELRB2MyMBaiWjdDm6ux9Ezns_3"}',0);
INSERT INTO messages VALUES(65,281016,'insert','debits','{"action": "bet", "address": "3_mn6q3dS2EnDUx3bmyWc6D4szJNVGtaR7zc_mnfAHmddVibnZNSkh8DvKaQoiEfNsxjXzH_mtQheFaSfWELRB2MyMBaiWjdDm6ux9Ezns_3", "asset": "XCP", "block_index": 281016, "event": "aa76a7536be5b01a26deddbb00faf2c3e9acf349b4c79d2665ecbc51daf8b169", "quantity": 750000000}',0);
INSERT INTO messages VALUES(66,281016,'insert','bets','{"bet_type": 2, "block_index": 281016, "counterwager_quantity": 650000000, "counterwager_remaining": 650000000, "deadline": 1388000200, "expiration": 10, "expire_index": 281026, "fee_fraction_int": 5000000.0, "feed_address": "3_mn6q3dS2EnDUx3bmyWc6D4szJNVGtaR7zc_mnfAHmddVibnZNSkh8DvKaQoiEfNsxjXzH_mtQheFaSfWELRB2MyMBaiWjdDm6ux9Ezns_3", "leverage": 5040, "source": "3_mn6q3dS2EnDUx3bmyWc6D4szJNVGtaR7zc_mnfAHmddVibnZNSkh8DvKaQoiEfNsxjXzH_mtQheFaSfWELRB2MyMBaiWjdDm6ux9Ezns_3", "status": "open", "target_value": 1.0, "tx_hash": "aa76a7536be5b01a26deddbb00faf2c3e9acf349b4c79d2665ecbc51daf8b169", "tx_index": 17, "wager_quantity": 750000000, "wager_remaining": 750000000}',0);
INSERT INTO messages VALUES(67,281017,'insert','debits','{"action": "bet", "address": "3_mn6q3dS2EnDUx3bmyWc6D4szJNVGtaR7zc_mnfAHmddVibnZNSkh8DvKaQoiEfNsxjXzH_mtQheFaSfWELRB2MyMBaiWjdDm6ux9Ezns_3", "asset": "XCP", "block_index": 281017, "event": "163a1dd617fbd34d062555e223750414d7d9e8b8cb5a43824b9fb1722f700a0c", "quantity": 650000000}',0);
INSERT INTO messages VALUES(68,281017,'insert','bets','{"bet_type": 3, "block_index": 281017, "counterwager_quantity": 750000000, "counterwager_remaining": 750000000, "deadline": 1388000200, "expiration": 10, "expire_index": 281027, "fee_fraction_int": 5000000.0, "feed_address": "3_mn6q3dS2EnDUx3bmyWc6D4szJNVGtaR7zc_mnfAHmddVibnZNSkh8DvKaQoiEfNsxjXzH_mtQheFaSfWELRB2MyMBaiWjdDm6ux9Ezns_3", "leverage": 5040, "source": "3_mn6q3dS2EnDUx3bmyWc6D4szJNVGtaR7zc_mnfAHmddVibnZNSkh8DvKaQoiEfNsxjXzH_mtQheFaSfWELRB2MyMBaiWjdDm6ux9Ezns_3", "status": "open", "target_value": 1.0, "tx_hash": "163a1dd617fbd34d062555e223750414d7d9e8b8cb5a43824b9fb1722f700a0c", "tx_index": 18, "wager_quantity": 650000000, "wager_remaining": 650000000}',0);
INSERT INTO messages VALUES(69,281017,'insert','credits','{"action": "filled", "address": "3_mn6q3dS2EnDUx3bmyWc6D4szJNVGtaR7zc_mnfAHmddVibnZNSkh8DvKaQoiEfNsxjXzH_mtQheFaSfWELRB2MyMBaiWjdDm6ux9Ezns_3", "asset": "XCP", "block_index": 281017, "event": "163a1dd617fbd34d062555e223750414d7d9e8b8cb5a43824b9fb1722f700a0c", "quantity": 0}',0);
INSERT INTO messages VALUES(70,281017,'update','bets','{"counterwager_remaining": 0, "status": "filled", "tx_hash": "aa76a7536be5b01a26deddbb00faf2c3e9acf349b4c79d2665ecbc51daf8b169", "wager_remaining": 0}',0);
INSERT INTO messages VALUES(71,281017,'insert','credits','{"action": "filled", "address": "3_mn6q3dS2EnDUx3bmyWc6D4szJNVGtaR7zc_mnfAHmddVibnZNSkh8DvKaQoiEfNsxjXzH_mtQheFaSfWELRB2MyMBaiWjdDm6ux9Ezns_3", "asset": "XCP", "block_index": 281017, "event": "163a1dd617fbd34d062555e223750414d7d9e8b8cb5a43824b9fb1722f700a0c", "quantity": 0}',0);
INSERT INTO messages VALUES(72,281017,'update','bets','{"counterwager_remaining": 0, "status": "filled", "tx_hash": "163a1dd617fbd34d062555e223750414d7d9e8b8cb5a43824b9fb1722f700a0c", "wager_remaining": 0}',0);
INSERT INTO messages VALUES(73,281017,'insert','bet_matches','{"backward_quantity": 650000000, "block_index": 281017, "deadline": 1388000200, "fee_fraction_int": 5000000, "feed_address": "3_mn6q3dS2EnDUx3bmyWc6D4szJNVGtaR7zc_mnfAHmddVibnZNSkh8DvKaQoiEfNsxjXzH_mtQheFaSfWELRB2MyMBaiWjdDm6ux9Ezns_3", "forward_quantity": 750000000, "id": "aa76a7536be5b01a26deddbb00faf2c3e9acf349b4c79d2665ecbc51daf8b169163a1dd617fbd34d062555e223750414d7d9e8b8cb5a43824b9fb1722f700a0c", "initial_value": 100.0, "leverage": 5040, "match_expire_index": 281026, "status": "pending", "target_value": 1.0, "tx0_address": "3_mn6q3dS2EnDUx3bmyWc6D4szJNVGtaR7zc_mnfAHmddVibnZNSkh8DvKaQoiEfNsxjXzH_mtQheFaSfWELRB2MyMBaiWjdDm6ux9Ezns_3", "tx0_bet_type": 2, "tx0_block_index": 281016, "tx0_expiration": 10, "tx0_hash": "aa76a7536be5b01a26deddbb00faf2c3e9acf349b4c79d2665ecbc51daf8b169", "tx0_index": 17, "tx1_address": "3_mn6q3dS2EnDUx3bmyWc6D4szJNVGtaR7zc_mnfAHmddVibnZNSkh8DvKaQoiEfNsxjXzH_mtQheFaSfWELRB2MyMBaiWjdDm6ux9Ezns_3", "tx1_bet_type": 3, "tx1_block_index": 281017, "tx1_expiration": 10, "tx1_hash": "163a1dd617fbd34d062555e223750414d7d9e8b8cb5a43824b9fb1722f700a0c", "tx1_index": 18}',0);
INSERT INTO messages VALUES(74,281018,'insert','credits','{"action": "recredit forward quantity", "address": "3_mn6q3dS2EnDUx3bmyWc6D4szJNVGtaR7zc_mnfAHmddVibnZNSkh8DvKaQoiEfNsxjXzH_mtQheFaSfWELRB2MyMBaiWjdDm6ux9Ezns_3", "asset": "XCP", "block_index": 281018, "event": "aa76a7536be5b01a26deddbb00faf2c3e9acf349b4c79d2665ecbc51daf8b169163a1dd617fbd34d062555e223750414d7d9e8b8cb5a43824b9fb1722f700a0c", "quantity": 750000000}',0);
INSERT INTO messages VALUES(75,281018,'insert','credits','{"action": "recredit backward quantity", "address": "3_mn6q3dS2EnDUx3bmyWc6D4szJNVGtaR7zc_mnfAHmddVibnZNSkh8DvKaQoiEfNsxjXzH_mtQheFaSfWELRB2MyMBaiWjdDm6ux9Ezns_3", "asset": "XCP", "block_index": 281018, "event": "aa76a7536be5b01a26deddbb00faf2c3e9acf349b4c79d2665ecbc51daf8b169163a1dd617fbd34d062555e223750414d7d9e8b8cb5a43824b9fb1722f700a0c", "quantity": 650000000}',0);
INSERT INTO messages VALUES(76,281018,'update','bet_matches','{"bet_match_id": "aa76a7536be5b01a26deddbb00faf2c3e9acf349b4c79d2665ecbc51daf8b169163a1dd617fbd34d062555e223750414d7d9e8b8cb5a43824b9fb1722f700a0c", "status": "expired"}',0);
INSERT INTO messages VALUES(77,281018,'insert','bet_match_expirations','{"bet_match_id": "aa76a7536be5b01a26deddbb00faf2c3e9acf349b4c79d2665ecbc51daf8b169163a1dd617fbd34d062555e223750414d7d9e8b8cb5a43824b9fb1722f700a0c", "block_index": 281018, "tx0_address": "3_mn6q3dS2EnDUx3bmyWc6D4szJNVGtaR7zc_mnfAHmddVibnZNSkh8DvKaQoiEfNsxjXzH_mtQheFaSfWELRB2MyMBaiWjdDm6ux9Ezns_3", "tx1_address": "3_mn6q3dS2EnDUx3bmyWc6D4szJNVGtaR7zc_mnfAHmddVibnZNSkh8DvKaQoiEfNsxjXzH_mtQheFaSfWELRB2MyMBaiWjdDm6ux9Ezns_3"}',0);
INSERT INTO messages VALUES(78,281018,'insert','broadcasts','{"block_index": 281018, "fee_fraction_int": 5000000, "locked": false, "source": "3_mn6q3dS2EnDUx3bmyWc6D4szJNVGtaR7zc_mnfAHmddVibnZNSkh8DvKaQoiEfNsxjXzH_mtQheFaSfWELRB2MyMBaiWjdDm6ux9Ezns_3", "status": "valid", "text": "Unit Test", "timestamp": 1388000050, "tx_hash": "787d982ba8588a0cee7ee9c5f47530082d93a8d785149732294f5283b6134db1", "tx_index": 19, "value": 99.86166}',0);
INSERT INTO messages VALUES(79,281019,'insert','broadcasts','{"block_index": 281019, "fee_fraction_int": 5000000, "locked": false, "source": "3_mn6q3dS2EnDUx3bmyWc6D4szJNVGtaR7zc_mnfAHmddVibnZNSkh8DvKaQoiEfNsxjXzH_mtQheFaSfWELRB2MyMBaiWjdDm6ux9Ezns_3", "status": "valid", "text": "Unit Test", "timestamp": 1388000101, "tx_hash": "25e2e2125ba314faf7377920165cbea2b5900502ba6e9beeedcb24eb1211151d", "tx_index": 20, "value": 100.343}',0);
INSERT INTO messages VALUES(80,281020,'insert','broadcasts','{"block_index": 281020, "fee_fraction_int": 5000000, "locked": false, "source": "3_mn6q3dS2EnDUx3bmyWc6D4szJNVGtaR7zc_mnfAHmddVibnZNSkh8DvKaQoiEfNsxjXzH_mtQheFaSfWELRB2MyMBaiWjdDm6ux9Ezns_3", "status": "valid", "text": "Unit Test", "timestamp": 1388000201, "tx_hash": "3a8be9d8d543132e18dad0acce771f8bc655d3aa144167a40fba00fa56d228b9", "tx_index": 21, "value": 2.0}',0);
INSERT INTO messages VALUES(81,281021,'insert','debits','{"action": "open order", "address": "3_mn6q3dS2EnDUx3bmyWc6D4szJNVGtaR7zc_mnfAHmddVibnZNSkh8DvKaQoiEfNsxjXzH_mtQheFaSfWELRB2MyMBaiWjdDm6ux9Ezns_3", "asset": "BBBB", "block_index": 281021, "event": "52e27d9807ceca74aad6f4451328180efee8f619d60ebb26cc52a028923ea3c5", "quantity": 50000000}',0);
INSERT INTO messages VALUES(82,281021,'insert','orders','{"block_index": 281021, "expiration": 10, "expire_index": 281031, "fee_provided": 10000, "fee_provided_remaining": 10000, "fee_required": 0, "fee_required_remaining": 0, "get_asset": "XCP", "get_quantity": 50000000, "get_remaining": 50000000, "give_asset": "BBBB", "give_quantity": 50000000, "give_remaining": 50000000, "source": "3_mn6q3dS2EnDUx3bmyWc6D4szJNVGtaR7zc_mnfAHmddVibnZNSkh8DvKaQoiEfNsxjXzH_mtQheFaSfWELRB2MyMBaiWjdDm6ux9Ezns_3", "status": "open", "tx_hash": "52e27d9807ceca74aad6f4451328180efee8f619d60ebb26cc52a028923ea3c5", "tx_index": 22}',0);
INSERT INTO messages VALUES(83,281022,'insert','credits','{"action": "burn", "address": "3_mn6q3dS2EnDUx3bmyWc6D4szJNVGtaR7zc_mnfAHmddVibnZNSkh8DvKaQoiEfNsxjXzH_mtQheFaSfWELRB2MyMBaiWjdDm6ux9Ezns_3", "asset": "XCP", "block_index": 281022, "event": "c56318d85bacc3e96b131ebc4a914d12fa09f2a516b090f04b2f7a1085c1d53f", "quantity": 56999888137}',0);
INSERT INTO messages VALUES(84,281022,'insert','burns','{"block_index": 281022, "burned": 38000000, "earned": 56999888137, "source": "3_mn6q3dS2EnDUx3bmyWc6D4szJNVGtaR7zc_mnfAHmddVibnZNSkh8DvKaQoiEfNsxjXzH_mtQheFaSfWELRB2MyMBaiWjdDm6ux9Ezns_3", "status": "valid", "tx_hash": "c56318d85bacc3e96b131ebc4a914d12fa09f2a516b090f04b2f7a1085c1d53f", "tx_index": 23}',0);
INSERT INTO messages VALUES(85,281023,'update','bets','{"status": "expired", "tx_hash": "463975d2674516ac57af5edcdfb531ba7e4a32cf87ba9bc95d9923c877c1a411"}',0);
INSERT INTO messages VALUES(86,281023,'insert','credits','{"action": "recredit wager remaining", "address": "3_mn6q3dS2EnDUx3bmyWc6D4szJNVGtaR7zc_mnfAHmddVibnZNSkh8DvKaQoiEfNsxjXzH_mtQheFaSfWELRB2MyMBaiWjdDm6ux9Ezns_3", "asset": "XCP", "block_index": 281023, "event": "463975d2674516ac57af5edcdfb531ba7e4a32cf87ba9bc95d9923c877c1a411", "quantity": 8500000}',0);
INSERT INTO messages VALUES(87,281023,'insert','bet_expirations','{"bet_hash": "463975d2674516ac57af5edcdfb531ba7e4a32cf87ba9bc95d9923c877c1a411", "bet_index": 13, "block_index": 281023, "source": "3_mn6q3dS2EnDUx3bmyWc6D4szJNVGtaR7zc_mnfAHmddVibnZNSkh8DvKaQoiEfNsxjXzH_mtQheFaSfWELRB2MyMBaiWjdDm6ux9Ezns_3"}',0);
INSERT INTO messages VALUES(88,281023,'insert','debits','{"action": "send", "address": "3_mn6q3dS2EnDUx3bmyWc6D4szJNVGtaR7zc_mnfAHmddVibnZNSkh8DvKaQoiEfNsxjXzH_mtQheFaSfWELRB2MyMBaiWjdDm6ux9Ezns_3", "asset": "BBBC", "block_index": 281023, "event": "e62ba26b630643c04d55b7359d13b3dfa0f0230085910c4605da95801725db43", "quantity": 10000}',0);
INSERT INTO messages VALUES(89,281023,'insert','credits','{"action": "send", "address": "3_mn6q3dS2EnDUx3bmyWc6D4szJNVGtaR7zc_mnfAHmddVibnZNSkh8DvKaQoiEfNsxjXzH_mqPCfvqTfYctXMUfmniXeG2nyaN8w6tPmj_3", "asset": "BBBC", "block_index": 281023, "event": "e62ba26b630643c04d55b7359d13b3dfa0f0230085910c4605da95801725db43", "quantity": 10000}',0);
INSERT INTO messages VALUES(90,281023,'insert','sends','{"asset": "BBBC", "block_index": 281023, "destination": "3_mn6q3dS2EnDUx3bmyWc6D4szJNVGtaR7zc_mnfAHmddVibnZNSkh8DvKaQoiEfNsxjXzH_mqPCfvqTfYctXMUfmniXeG2nyaN8w6tPmj_3", "quantity": 10000, "source": "3_mn6q3dS2EnDUx3bmyWc6D4szJNVGtaR7zc_mnfAHmddVibnZNSkh8DvKaQoiEfNsxjXzH_mtQheFaSfWELRB2MyMBaiWjdDm6ux9Ezns_3", "status": "valid", "tx_hash": "e62ba26b630643c04d55b7359d13b3dfa0f0230085910c4605da95801725db43", "tx_index": 24}',0);
INSERT INTO messages VALUES(91,281024,'insert','debits','{"action": "callback", "address": "3_mn6q3dS2EnDUx3bmyWc6D4szJNVGtaR7zc_mnfAHmddVibnZNSkh8DvKaQoiEfNsxjXzH_mtQheFaSfWELRB2MyMBaiWjdDm6ux9Ezns_3", "asset": "XCP", "block_index": 281024, "event": "9c12cc837dcdc48bdf09896024f726ceba89720463a635cb7f30540fdb8f1e75", "quantity": 4735500000}',0);
INSERT INTO messages VALUES(92,281024,'insert','credits','{"action": "callback", "address": "3_mn6q3dS2EnDUx3bmyWc6D4szJNVGtaR7zc_mnfAHmddVibnZNSkh8DvKaQoiEfNsxjXzH_mtQheFaSfWELRB2MyMBaiWjdDm6ux9Ezns_3", "asset": "BBBC", "block_index": 281024, "event": "9c12cc837dcdc48bdf09896024f726ceba89720463a635cb7f30540fdb8f1e75", "quantity": 3157}',0);
INSERT INTO messages VALUES(93,281024,'insert','debits','{"action": "callback", "address": "3_mn6q3dS2EnDUx3bmyWc6D4szJNVGtaR7zc_mnfAHmddVibnZNSkh8DvKaQoiEfNsxjXzH_mqPCfvqTfYctXMUfmniXeG2nyaN8w6tPmj_3", "asset": "BBBC", "block_index": 281024, "event": "9c12cc837dcdc48bdf09896024f726ceba89720463a635cb7f30540fdb8f1e75", "quantity": 3157}',0);
INSERT INTO messages VALUES(94,281024,'insert','credits','{"action": "callback", "address": "3_mn6q3dS2EnDUx3bmyWc6D4szJNVGtaR7zc_mnfAHmddVibnZNSkh8DvKaQoiEfNsxjXzH_mqPCfvqTfYctXMUfmniXeG2nyaN8w6tPmj_3", "asset": "XCP", "block_index": 281024, "event": "9c12cc837dcdc48bdf09896024f726ceba89720463a635cb7f30540fdb8f1e75", "quantity": 4735500000}',0);
INSERT INTO messages VALUES(95,281024,'insert','callbacks','{"asset": "BBBC", "block_index": 281024, "fraction": 0.3, "source": "3_mn6q3dS2EnDUx3bmyWc6D4szJNVGtaR7zc_mnfAHmddVibnZNSkh8DvKaQoiEfNsxjXzH_mtQheFaSfWELRB2MyMBaiWjdDm6ux9Ezns_3", "status": "valid", "tx_hash": "9c12cc837dcdc48bdf09896024f726ceba89720463a635cb7f30540fdb8f1e75", "tx_index": 25}',0);
INSERT INTO messages VALUES(96,281025,'insert','debits','{"action": "open RPS", "address": "3_mn6q3dS2EnDUx3bmyWc6D4szJNVGtaR7zc_mnfAHmddVibnZNSkh8DvKaQoiEfNsxjXzH_mtQheFaSfWELRB2MyMBaiWjdDm6ux9Ezns_3", "asset": "XCP", "block_index": 281025, "event": "cd05950b910c40fe30676bc669977fe9948faaaed9228bb385dbdac35b994cb7", "quantity": 11021663}',0);
INSERT INTO messages VALUES(97,281025,'insert','rps','{"block_index": 281025, "expiration": 100, "expire_index": 281125, "move_random_hash": "6a886d74c2d4b1d7a35fd9159333ef64ba45a04d7aeeeb4538f958603c16fc5d", "possible_moves": 5, "source": "3_mn6q3dS2EnDUx3bmyWc6D4szJNVGtaR7zc_mnfAHmddVibnZNSkh8DvKaQoiEfNsxjXzH_mtQheFaSfWELRB2MyMBaiWjdDm6ux9Ezns_3", "status": "open", "tx_hash": "cd05950b910c40fe30676bc669977fe9948faaaed9228bb385dbdac35b994cb7", "tx_index": 26, "wager": 11021663}',0);
INSERT INTO messages VALUES(98,281026,'insert','debits','{"action": "open RPS", "address": "3_mn6q3dS2EnDUx3bmyWc6D4szJNVGtaR7zc_mnfAHmddVibnZNSkh8DvKaQoiEfNsxjXzH_mqPCfvqTfYctXMUfmniXeG2nyaN8w6tPmj_3", "asset": "XCP", "block_index": 281026, "event": "6c35187c7c49b178fe7279abd490530fcef7f018f96c1406fe9c56112f4e43a4", "quantity": 11021663}',0);
INSERT INTO messages VALUES(99,281026,'insert','rps','{"block_index": 281026, "expiration": 100, "expire_index": 281126, "move_random_hash": "6e8bf66cbd6636aca1802459b730a99548624e48e243b840e0b34a12bede17ec", "possible_moves": 5, "source": "3_mn6q3dS2EnDUx3bmyWc6D4szJNVGtaR7zc_mnfAHmddVibnZNSkh8DvKaQoiEfNsxjXzH_mqPCfvqTfYctXMUfmniXeG2nyaN8w6tPmj_3", "status": "open", "tx_hash": "6c35187c7c49b178fe7279abd490530fcef7f018f96c1406fe9c56112f4e43a4", "tx_index": 27, "wager": 11021663}',0);
INSERT INTO messages VALUES(100,281026,'update','rps','{"status": "matched", "tx_index": 26}',0);
INSERT INTO messages VALUES(101,281026,'update','rps','{"status": "matched", "tx_index": 27}',0);
INSERT INTO messages VALUES(102,281026,'insert','rps_matches','{"block_index": 281026, "id": "cd05950b910c40fe30676bc669977fe9948faaaed9228bb385dbdac35b994cb76c35187c7c49b178fe7279abd490530fcef7f018f96c1406fe9c56112f4e43a4", "match_expire_index": 281046, "possible_moves": 5, "status": "pending", "tx0_address": "3_mn6q3dS2EnDUx3bmyWc6D4szJNVGtaR7zc_mnfAHmddVibnZNSkh8DvKaQoiEfNsxjXzH_mtQheFaSfWELRB2MyMBaiWjdDm6ux9Ezns_3", "tx0_block_index": 281025, "tx0_expiration": 100, "tx0_hash": "cd05950b910c40fe30676bc669977fe9948faaaed9228bb385dbdac35b994cb7", "tx0_index": 26, "tx0_move_random_hash": "6a886d74c2d4b1d7a35fd9159333ef64ba45a04d7aeeeb4538f958603c16fc5d", "tx1_address": "3_mn6q3dS2EnDUx3bmyWc6D4szJNVGtaR7zc_mnfAHmddVibnZNSkh8DvKaQoiEfNsxjXzH_mqPCfvqTfYctXMUfmniXeG2nyaN8w6tPmj_3", "tx1_block_index": 281026, "tx1_expiration": 100, "tx1_hash": "6c35187c7c49b178fe7279abd490530fcef7f018f96c1406fe9c56112f4e43a4", "tx1_index": 27, "tx1_move_random_hash": "6e8bf66cbd6636aca1802459b730a99548624e48e243b840e0b34a12bede17ec", "wager": 11021663}',0);
INSERT INTO messages VALUES(103,281027,'update','rps_matches','{"rps_match_id": "cd05950b910c40fe30676bc669977fe9948faaaed9228bb385dbdac35b994cb76c35187c7c49b178fe7279abd490530fcef7f018f96c1406fe9c56112f4e43a4", "status": "resolved and pending"}',0);
INSERT INTO messages VALUES(104,281027,'insert','rpsresolves','{"block_index": 281027, "move": 3, "random": "7a4488d61ed8f2e9fa2874113fccb8b1", "rps_match_id": "cd05950b910c40fe30676bc669977fe9948faaaed9228bb385dbdac35b994cb76c35187c7c49b178fe7279abd490530fcef7f018f96c1406fe9c56112f4e43a4", "source": "3_mn6q3dS2EnDUx3bmyWc6D4szJNVGtaR7zc_mnfAHmddVibnZNSkh8DvKaQoiEfNsxjXzH_mtQheFaSfWELRB2MyMBaiWjdDm6ux9Ezns_3", "status": "valid", "tx_hash": "1f7f4882b3393dc48daed886740ca59ff6edb3e983ebe17e66b6afa3e97764c2", "tx_index": 28}',0);
INSERT INTO messages VALUES(105,281028,'insert','credits','{"action": "wins", "address": "3_mn6q3dS2EnDUx3bmyWc6D4szJNVGtaR7zc_mnfAHmddVibnZNSkh8DvKaQoiEfNsxjXzH_mtQheFaSfWELRB2MyMBaiWjdDm6ux9Ezns_3", "asset": "XCP", "block_index": 281028, "event": "cd05950b910c40fe30676bc669977fe9948faaaed9228bb385dbdac35b994cb76c35187c7c49b178fe7279abd490530fcef7f018f96c1406fe9c56112f4e43a4", "quantity": 22043326}',0);
INSERT INTO messages VALUES(106,281028,'update','rps_matches','{"rps_match_id": "cd05950b910c40fe30676bc669977fe9948faaaed9228bb385dbdac35b994cb76c35187c7c49b178fe7279abd490530fcef7f018f96c1406fe9c56112f4e43a4", "status": "concluded: first player wins"}',0);
INSERT INTO messages VALUES(107,281028,'insert','rpsresolves','{"block_index": 281028, "move": 5, "random": "fa765e80203cba24a298e4458f63ff6b", "rps_match_id": "cd05950b910c40fe30676bc669977fe9948faaaed9228bb385dbdac35b994cb76c35187c7c49b178fe7279abd490530fcef7f018f96c1406fe9c56112f4e43a4", "source": "3_mn6q3dS2EnDUx3bmyWc6D4szJNVGtaR7zc_mnfAHmddVibnZNSkh8DvKaQoiEfNsxjXzH_mqPCfvqTfYctXMUfmniXeG2nyaN8w6tPmj_3", "status": "valid", "tx_hash": "8e69f67e7b060dfe61c0e3d59e694c1a5bfd287de7ce2574110e4e61e6bd0cd7", "tx_index": 29}',0);
INSERT INTO messages VALUES(108,281029,'insert','debits','{"action": "open RPS", "address": "3_mn6q3dS2EnDUx3bmyWc6D4szJNVGtaR7zc_mnfAHmddVibnZNSkh8DvKaQoiEfNsxjXzH_mtQheFaSfWELRB2MyMBaiWjdDm6ux9Ezns_3", "asset": "XCP", "block_index": 281029, "event": "d8665d01edee8867175a0346f130e3c360c3ade97fbedf642c3d05a4d61aeba5", "quantity": 11021663}',0);
INSERT INTO messages VALUES(109,281029,'insert','rps','{"block_index": 281029, "expiration": 10, "expire_index": 281039, "move_random_hash": "6a886d74c2d4b1d7a35fd9159333ef64ba45a04d7aeeeb4538f958603c16fc5d", "possible_moves": 5, "source": "3_mn6q3dS2EnDUx3bmyWc6D4szJNVGtaR7zc_mnfAHmddVibnZNSkh8DvKaQoiEfNsxjXzH_mtQheFaSfWELRB2MyMBaiWjdDm6ux9Ezns_3", "status": "open", "tx_hash": "d8665d01edee8867175a0346f130e3c360c3ade97fbedf642c3d05a4d61aeba5", "tx_index": 30, "wager": 11021663}',0);
INSERT INTO messages VALUES(110,281032,'update','orders','{"status": "expired", "tx_hash": "52e27d9807ceca74aad6f4451328180efee8f619d60ebb26cc52a028923ea3c5"}',0);
INSERT INTO messages VALUES(111,281032,'insert','credits','{"action": "cancel order", "address": "3_mn6q3dS2EnDUx3bmyWc6D4szJNVGtaR7zc_mnfAHmddVibnZNSkh8DvKaQoiEfNsxjXzH_mtQheFaSfWELRB2MyMBaiWjdDm6ux9Ezns_3", "asset": "BBBB", "block_index": 281032, "event": "52e27d9807ceca74aad6f4451328180efee8f619d60ebb26cc52a028923ea3c5", "quantity": 50000000}',0);
INSERT INTO messages VALUES(112,281032,'insert','order_expirations','{"block_index": 281032, "order_hash": "52e27d9807ceca74aad6f4451328180efee8f619d60ebb26cc52a028923ea3c5", "order_index": 22, "source": "3_mn6q3dS2EnDUx3bmyWc6D4szJNVGtaR7zc_mnfAHmddVibnZNSkh8DvKaQoiEfNsxjXzH_mtQheFaSfWELRB2MyMBaiWjdDm6ux9Ezns_3"}',0);
INSERT INTO messages VALUES(113,281040,'update','rps','{"status": "expired", "tx_hash": "d8665d01edee8867175a0346f130e3c360c3ade97fbedf642c3d05a4d61aeba5"}',0);
INSERT INTO messages VALUES(114,281040,'insert','credits','{"action": "recredit wager", "address": "3_mn6q3dS2EnDUx3bmyWc6D4szJNVGtaR7zc_mnfAHmddVibnZNSkh8DvKaQoiEfNsxjXzH_mtQheFaSfWELRB2MyMBaiWjdDm6ux9Ezns_3", "asset": "XCP", "block_index": 281040, "event": "d8665d01edee8867175a0346f130e3c360c3ade97fbedf642c3d05a4d61aeba5", "quantity": 11021663}',0);
INSERT INTO messages VALUES(115,281040,'insert','rps_expirations','{"block_index": 281040, "rps_hash": "d8665d01edee8867175a0346f130e3c360c3ade97fbedf642c3d05a4d61aeba5", "rps_index": 30, "source": "3_mn6q3dS2EnDUx3bmyWc6D4szJNVGtaR7zc_mnfAHmddVibnZNSkh8DvKaQoiEfNsxjXzH_mtQheFaSfWELRB2MyMBaiWjdDm6ux9Ezns_3"}',0);
INSERT INTO messages VALUES(116,281047,'insert','debits','{"action": "open RPS", "address": "3_mn6q3dS2EnDUx3bmyWc6D4szJNVGtaR7zc_mnfAHmddVibnZNSkh8DvKaQoiEfNsxjXzH_mtQheFaSfWELRB2MyMBaiWjdDm6ux9Ezns_3", "asset": "XCP", "block_index": 281047, "event": "19e8d26d3716d8b0bea76051d8aafbbb6aed9eb8de4bb2fa0c4740e54704ae52", "quantity": 11021664}',0);
INSERT INTO messages VALUES(117,281047,'insert','rps','{"block_index": 281047, "expiration": 10, "expire_index": 281057, "move_random_hash": "6a886d74c2d4b1d7a35fd9159333ef64ba45a04d7aeeeb4538f958603c16fc5d", "possible_moves": 5, "source": "3_mn6q3dS2EnDUx3bmyWc6D4szJNVGtaR7zc_mnfAHmddVibnZNSkh8DvKaQoiEfNsxjXzH_mtQheFaSfWELRB2MyMBaiWjdDm6ux9Ezns_3", "status": "open", "tx_hash": "19e8d26d3716d8b0bea76051d8aafbbb6aed9eb8de4bb2fa0c4740e54704ae52", "tx_index": 48, "wager": 11021664}',0);
INSERT INTO messages VALUES(118,281048,'insert','debits','{"action": "open RPS", "address": "3_mn6q3dS2EnDUx3bmyWc6D4szJNVGtaR7zc_mnfAHmddVibnZNSkh8DvKaQoiEfNsxjXzH_mqPCfvqTfYctXMUfmniXeG2nyaN8w6tPmj_3", "asset": "XCP", "block_index": 281048, "event": "8861adda021e8c3225c9b40fa42b3f6a838ab28a015a6267ade2960f06dd3759", "quantity": 11021664}',0);
INSERT INTO messages VALUES(119,281048,'insert','rps','{"block_index": 281048, "expiration": 10, "expire_index": 281058, "move_random_hash": "6a886d74c2d4b1d7a35fd9159333ef64ba45a04d7aeeeb4538f958603c16fc5d", "possible_moves": 5, "source": "3_mn6q3dS2EnDUx3bmyWc6D4szJNVGtaR7zc_mnfAHmddVibnZNSkh8DvKaQoiEfNsxjXzH_mqPCfvqTfYctXMUfmniXeG2nyaN8w6tPmj_3", "status": "open", "tx_hash": "8861adda021e8c3225c9b40fa42b3f6a838ab28a015a6267ade2960f06dd3759", "tx_index": 49, "wager": 11021664}',0);
INSERT INTO messages VALUES(120,281048,'update','rps','{"status": "matched", "tx_index": 48}',0);
INSERT INTO messages VALUES(121,281048,'update','rps','{"status": "matched", "tx_index": 49}',0);
INSERT INTO messages VALUES(122,281048,'insert','rps_matches','{"block_index": 281048, "id": "19e8d26d3716d8b0bea76051d8aafbbb6aed9eb8de4bb2fa0c4740e54704ae528861adda021e8c3225c9b40fa42b3f6a838ab28a015a6267ade2960f06dd3759", "match_expire_index": 281068, "possible_moves": 5, "status": "pending", "tx0_address": "3_mn6q3dS2EnDUx3bmyWc6D4szJNVGtaR7zc_mnfAHmddVibnZNSkh8DvKaQoiEfNsxjXzH_mtQheFaSfWELRB2MyMBaiWjdDm6ux9Ezns_3", "tx0_block_index": 281047, "tx0_expiration": 10, "tx0_hash": "19e8d26d3716d8b0bea76051d8aafbbb6aed9eb8de4bb2fa0c4740e54704ae52", "tx0_index": 48, "tx0_move_random_hash": "6a886d74c2d4b1d7a35fd9159333ef64ba45a04d7aeeeb4538f958603c16fc5d", "tx1_address": "3_mn6q3dS2EnDUx3bmyWc6D4szJNVGtaR7zc_mnfAHmddVibnZNSkh8DvKaQoiEfNsxjXzH_mqPCfvqTfYctXMUfmniXeG2nyaN8w6tPmj_3", "tx1_block_index": 281048, "tx1_expiration": 10, "tx1_hash": "8861adda021e8c3225c9b40fa42b3f6a838ab28a015a6267ade2960f06dd3759", "tx1_index": 49, "tx1_move_random_hash": "6a886d74c2d4b1d7a35fd9159333ef64ba45a04d7aeeeb4538f958603c16fc5d", "wager": 11021664}',0);
INSERT INTO messages VALUES(123,281069,'insert','credits','{"action": "recredit wager", "address": "3_mn6q3dS2EnDUx3bmyWc6D4szJNVGtaR7zc_mnfAHmddVibnZNSkh8DvKaQoiEfNsxjXzH_mtQheFaSfWELRB2MyMBaiWjdDm6ux9Ezns_3", "asset": "XCP", "block_index": 281069, "event": "19e8d26d3716d8b0bea76051d8aafbbb6aed9eb8de4bb2fa0c4740e54704ae528861adda021e8c3225c9b40fa42b3f6a838ab28a015a6267ade2960f06dd3759", "quantity": 11021664}',0);
INSERT INTO messages VALUES(124,281069,'insert','credits','{"action": "recredit wager", "address": "3_mn6q3dS2EnDUx3bmyWc6D4szJNVGtaR7zc_mnfAHmddVibnZNSkh8DvKaQoiEfNsxjXzH_mqPCfvqTfYctXMUfmniXeG2nyaN8w6tPmj_3", "asset": "XCP", "block_index": 281069, "event": "19e8d26d3716d8b0bea76051d8aafbbb6aed9eb8de4bb2fa0c4740e54704ae528861adda021e8c3225c9b40fa42b3f6a838ab28a015a6267ade2960f06dd3759", "quantity": 11021664}',0);
INSERT INTO messages VALUES(125,281069,'update','rps_matches','{"rps_match_id": "19e8d26d3716d8b0bea76051d8aafbbb6aed9eb8de4bb2fa0c4740e54704ae528861adda021e8c3225c9b40fa42b3f6a838ab28a015a6267ade2960f06dd3759", "status": "expired"}',0);
INSERT INTO messages VALUES(126,281069,'insert','rps_match_expirations','{"block_index": 281069, "rps_match_id": "19e8d26d3716d8b0bea76051d8aafbbb6aed9eb8de4bb2fa0c4740e54704ae528861adda021e8c3225c9b40fa42b3f6a838ab28a015a6267ade2960f06dd3759", "tx0_address": "3_mn6q3dS2EnDUx3bmyWc6D4szJNVGtaR7zc_mnfAHmddVibnZNSkh8DvKaQoiEfNsxjXzH_mtQheFaSfWELRB2MyMBaiWjdDm6ux9Ezns_3", "tx1_address": "3_mn6q3dS2EnDUx3bmyWc6D4szJNVGtaR7zc_mnfAHmddVibnZNSkh8DvKaQoiEfNsxjXzH_mqPCfvqTfYctXMUfmniXeG2nyaN8w6tPmj_3"}',0);
INSERT INTO messages VALUES(127,281074,'insert','debits','{"action": "open RPS", "address": "3_mn6q3dS2EnDUx3bmyWc6D4szJNVGtaR7zc_mnfAHmddVibnZNSkh8DvKaQoiEfNsxjXzH_mtQheFaSfWELRB2MyMBaiWjdDm6ux9Ezns_3", "asset": "XCP", "block_index": 281074, "event": "c489007df2a197940874a3992a00a7bd1a6770059bc7697b38d7c1b8100c0091", "quantity": 11021665}',0);
INSERT INTO messages VALUES(128,281074,'insert','rps','{"block_index": 281074, "expiration": 10, "expire_index": 281084, "move_random_hash": "6a886d74c2d4b1d7a35fd9159333ef64ba45a04d7aeeeb4538f958603c16fc5d", "possible_moves": 5, "source": "3_mn6q3dS2EnDUx3bmyWc6D4szJNVGtaR7zc_mnfAHmddVibnZNSkh8DvKaQoiEfNsxjXzH_mtQheFaSfWELRB2MyMBaiWjdDm6ux9Ezns_3", "status": "open", "tx_hash": "c489007df2a197940874a3992a00a7bd1a6770059bc7697b38d7c1b8100c0091", "tx_index": 75, "wager": 11021665}',0);
INSERT INTO messages VALUES(129,281075,'insert','debits','{"action": "open RPS", "address": "3_mn6q3dS2EnDUx3bmyWc6D4szJNVGtaR7zc_mnfAHmddVibnZNSkh8DvKaQoiEfNsxjXzH_mqPCfvqTfYctXMUfmniXeG2nyaN8w6tPmj_3", "asset": "XCP", "block_index": 281075, "event": "dade89f45a70fd82cb410d6dca48ca2affcb85eb83701b6be3f1939dd0eb5bdc", "quantity": 11021665}',0);
INSERT INTO messages VALUES(130,281075,'insert','rps','{"block_index": 281075, "expiration": 10, "expire_index": 281085, "move_random_hash": "6a886d74c2d4b1d7a35fd9159333ef64ba45a04d7aeeeb4538f958603c16fc5d", "possible_moves": 5, "source": "3_mn6q3dS2EnDUx3bmyWc6D4szJNVGtaR7zc_mnfAHmddVibnZNSkh8DvKaQoiEfNsxjXzH_mqPCfvqTfYctXMUfmniXeG2nyaN8w6tPmj_3", "status": "open", "tx_hash": "dade89f45a70fd82cb410d6dca48ca2affcb85eb83701b6be3f1939dd0eb5bdc", "tx_index": 76, "wager": 11021665}',0);
INSERT INTO messages VALUES(131,281075,'update','rps','{"status": "matched", "tx_index": 75}',0);
INSERT INTO messages VALUES(132,281075,'update','rps','{"status": "matched", "tx_index": 76}',0);
INSERT INTO messages VALUES(133,281075,'insert','rps_matches','{"block_index": 281075, "id": "c489007df2a197940874a3992a00a7bd1a6770059bc7697b38d7c1b8100c0091dade89f45a70fd82cb410d6dca48ca2affcb85eb83701b6be3f1939dd0eb5bdc", "match_expire_index": 281095, "possible_moves": 5, "status": "pending", "tx0_address": "3_mn6q3dS2EnDUx3bmyWc6D4szJNVGtaR7zc_mnfAHmddVibnZNSkh8DvKaQoiEfNsxjXzH_mtQheFaSfWELRB2MyMBaiWjdDm6ux9Ezns_3", "tx0_block_index": 281074, "tx0_expiration": 10, "tx0_hash": "c489007df2a197940874a3992a00a7bd1a6770059bc7697b38d7c1b8100c0091", "tx0_index": 75, "tx0_move_random_hash": "6a886d74c2d4b1d7a35fd9159333ef64ba45a04d7aeeeb4538f958603c16fc5d", "tx1_address": "3_mn6q3dS2EnDUx3bmyWc6D4szJNVGtaR7zc_mnfAHmddVibnZNSkh8DvKaQoiEfNsxjXzH_mqPCfvqTfYctXMUfmniXeG2nyaN8w6tPmj_3", "tx1_block_index": 281075, "tx1_expiration": 10, "tx1_hash": "dade89f45a70fd82cb410d6dca48ca2affcb85eb83701b6be3f1939dd0eb5bdc", "tx1_index": 76, "tx1_move_random_hash": "6a886d74c2d4b1d7a35fd9159333ef64ba45a04d7aeeeb4538f958603c16fc5d", "wager": 11021665}',0);
INSERT INTO messages VALUES(134,281076,'update','rps_matches','{"rps_match_id": "c489007df2a197940874a3992a00a7bd1a6770059bc7697b38d7c1b8100c0091dade89f45a70fd82cb410d6dca48ca2affcb85eb83701b6be3f1939dd0eb5bdc", "status": "resolved and pending"}',0);
INSERT INTO messages VALUES(135,281076,'insert','rpsresolves','{"block_index": 281076, "move": 3, "random": "7a4488d61ed8f2e9fa2874113fccb8b1", "rps_match_id": "c489007df2a197940874a3992a00a7bd1a6770059bc7697b38d7c1b8100c0091dade89f45a70fd82cb410d6dca48ca2affcb85eb83701b6be3f1939dd0eb5bdc", "source": "3_mn6q3dS2EnDUx3bmyWc6D4szJNVGtaR7zc_mnfAHmddVibnZNSkh8DvKaQoiEfNsxjXzH_mtQheFaSfWELRB2MyMBaiWjdDm6ux9Ezns_3", "status": "valid", "tx_hash": "fe49cd9a372de2ec6cf13005bc94cbfe5a70f02a43d6b0e78739b3db01db4c72", "tx_index": 77}',0);
INSERT INTO messages VALUES(136,281096,'insert','credits','{"action": "wins", "address": "3_mn6q3dS2EnDUx3bmyWc6D4szJNVGtaR7zc_mnfAHmddVibnZNSkh8DvKaQoiEfNsxjXzH_mtQheFaSfWELRB2MyMBaiWjdDm6ux9Ezns_3", "asset": "XCP", "block_index": 281096, "event": "c489007df2a197940874a3992a00a7bd1a6770059bc7697b38d7c1b8100c0091dade89f45a70fd82cb410d6dca48ca2affcb85eb83701b6be3f1939dd0eb5bdc", "quantity": 22043330}',0);
INSERT INTO messages VALUES(137,281096,'update','rps_matches','{"rps_match_id": "c489007df2a197940874a3992a00a7bd1a6770059bc7697b38d7c1b8100c0091dade89f45a70fd82cb410d6dca48ca2affcb85eb83701b6be3f1939dd0eb5bdc", "status": "concluded: first player wins"}',0);
INSERT INTO messages VALUES(138,281096,'insert','rps_match_expirations','{"block_index": 281096, "rps_match_id": "c489007df2a197940874a3992a00a7bd1a6770059bc7697b38d7c1b8100c0091dade89f45a70fd82cb410d6dca48ca2affcb85eb83701b6be3f1939dd0eb5bdc", "tx0_address": "3_mn6q3dS2EnDUx3bmyWc6D4szJNVGtaR7zc_mnfAHmddVibnZNSkh8DvKaQoiEfNsxjXzH_mtQheFaSfWELRB2MyMBaiWjdDm6ux9Ezns_3", "tx1_address": "3_mn6q3dS2EnDUx3bmyWc6D4szJNVGtaR7zc_mnfAHmddVibnZNSkh8DvKaQoiEfNsxjXzH_mqPCfvqTfYctXMUfmniXeG2nyaN8w6tPmj_3"}',0);
-- Triggers and indices on  messages
CREATE INDEX block_index_message_index_idx ON messages (block_index, message_index);

-- Table  nonces
DROP TABLE IF EXISTS nonces;
CREATE TABLE nonces(
                      address TEXT PRIMARY KEY,
                      nonce INTEGER);

-- Table  order_expirations
DROP TABLE IF EXISTS order_expirations;
CREATE TABLE order_expirations(
                      order_index INTEGER PRIMARY KEY,
                      order_hash TEXT UNIQUE,
                      source TEXT,
                      block_index INTEGER,
                      FOREIGN KEY (block_index) REFERENCES blocks(block_index),
                      FOREIGN KEY (order_index, order_hash) REFERENCES orders(tx_index, tx_hash));
INSERT INTO order_expirations VALUES(3,'7efc440fe53509475e7c526af5dafe8752ef2a792df9ce552b9eba33373051c7','3_mn6q3dS2EnDUx3bmyWc6D4szJNVGtaR7zc_mnfAHmddVibnZNSkh8DvKaQoiEfNsxjXzH_mtQheFaSfWELRB2MyMBaiWjdDm6ux9Ezns_3',281013);
INSERT INTO order_expirations VALUES(4,'7582fcb849797577c29cbe6b2afa5c62b01c62f131d40de93ae9f0181f51fdf8','3_mn6q3dS2EnDUx3bmyWc6D4szJNVGtaR7zc_mnfAHmddVibnZNSkh8DvKaQoiEfNsxjXzH_mtQheFaSfWELRB2MyMBaiWjdDm6ux9Ezns_3',281014);
INSERT INTO order_expirations VALUES(22,'52e27d9807ceca74aad6f4451328180efee8f619d60ebb26cc52a028923ea3c5','3_mn6q3dS2EnDUx3bmyWc6D4szJNVGtaR7zc_mnfAHmddVibnZNSkh8DvKaQoiEfNsxjXzH_mtQheFaSfWELRB2MyMBaiWjdDm6ux9Ezns_3',281032);

-- Table  order_match_expirations
DROP TABLE IF EXISTS order_match_expirations;
CREATE TABLE order_match_expirations(
                      order_match_id TEXT PRIMARY KEY,
                      tx0_address TEXT,
                      tx1_address TEXT,
                      block_index INTEGER,
                      FOREIGN KEY (order_match_id) REFERENCES order_matches(id),
                      FOREIGN KEY (block_index) REFERENCES blocks(block_index));

-- Table  order_matches
DROP TABLE IF EXISTS order_matches;
CREATE TABLE order_matches(
                      id TEXT PRIMARY KEY,
                      tx0_index INTEGER,
                      tx0_hash TEXT,
                      tx0_address TEXT,
                      tx1_index INTEGER,
                      tx1_hash TEXT,
                      tx1_address TEXT,
                      forward_asset TEXT,
                      forward_quantity INTEGER,
                      backward_asset TEXT,
                      backward_quantity INTEGER,
                      tx0_block_index INTEGER,
                      tx1_block_index INTEGER,
                      block_index INTEGER,
                      tx0_expiration INTEGER,
                      tx1_expiration INTEGER,
                      match_expire_index INTEGER,
                      fee_paid INTEGER,
                      status TEXT,
                      FOREIGN KEY (tx0_index, tx0_hash, tx0_block_index) REFERENCES transactions(tx_index, tx_hash, block_index),
                      FOREIGN KEY (tx1_index, tx1_hash, tx1_block_index) REFERENCES transactions(tx_index, tx_hash, block_index));
INSERT INTO order_matches VALUES('7efc440fe53509475e7c526af5dafe8752ef2a792df9ce552b9eba33373051c77582fcb849797577c29cbe6b2afa5c62b01c62f131d40de93ae9f0181f51fdf8',3,'7efc440fe53509475e7c526af5dafe8752ef2a792df9ce552b9eba33373051c7','3_mn6q3dS2EnDUx3bmyWc6D4szJNVGtaR7zc_mnfAHmddVibnZNSkh8DvKaQoiEfNsxjXzH_mtQheFaSfWELRB2MyMBaiWjdDm6ux9Ezns_3',4,'7582fcb849797577c29cbe6b2afa5c62b01c62f131d40de93ae9f0181f51fdf8','3_mn6q3dS2EnDUx3bmyWc6D4szJNVGtaR7zc_mnfAHmddVibnZNSkh8DvKaQoiEfNsxjXzH_mtQheFaSfWELRB2MyMBaiWjdDm6ux9Ezns_3','BTC',50000000,'XCP',100000000,281002,281003,281003,10,10,281023,857142,'completed');
-- Triggers and indices on  order_matches
CREATE INDEX backward_status_idx ON order_matches (backward_asset, status);
CREATE INDEX forward_status_idx ON order_matches (forward_asset, status);
CREATE INDEX id_idx ON order_matches (id);
CREATE INDEX match_expire_idx ON order_matches (status, match_expire_index);
CREATE INDEX tx0_address_idx ON order_matches (tx0_address);
CREATE INDEX tx1_address_idx ON order_matches (tx1_address);

-- Table  orders
DROP TABLE IF EXISTS orders;
CREATE TABLE orders(
                      tx_index INTEGER UNIQUE,
                      tx_hash TEXT UNIQUE,
                      block_index INTEGER,
                      source TEXT,
                      give_asset TEXT,
                      give_quantity INTEGER,
                      give_remaining INTEGER,
                      get_asset TEXT,
                      get_quantity INTEGER,
                      get_remaining INTEGER,
                      expiration INTEGER,
                      expire_index INTEGER,
                      fee_required INTEGER,
                      fee_required_remaining INTEGER,
                      fee_provided INTEGER,
                      fee_provided_remaining INTEGER,
                      status TEXT,
                      FOREIGN KEY (tx_index, tx_hash, block_index) REFERENCES transactions(tx_index, tx_hash, block_index),
                      PRIMARY KEY (tx_index, tx_hash));
INSERT INTO orders VALUES(3,'7efc440fe53509475e7c526af5dafe8752ef2a792df9ce552b9eba33373051c7',281002,'3_mn6q3dS2EnDUx3bmyWc6D4szJNVGtaR7zc_mnfAHmddVibnZNSkh8DvKaQoiEfNsxjXzH_mtQheFaSfWELRB2MyMBaiWjdDm6ux9Ezns_3','BTC',50000000,0,'XCP',100000000,0,10,281012,0,0,1000000,142858,'expired');
INSERT INTO orders VALUES(4,'7582fcb849797577c29cbe6b2afa5c62b01c62f131d40de93ae9f0181f51fdf8',281003,'3_mn6q3dS2EnDUx3bmyWc6D4szJNVGtaR7zc_mnfAHmddVibnZNSkh8DvKaQoiEfNsxjXzH_mtQheFaSfWELRB2MyMBaiWjdDm6ux9Ezns_3','XCP',105000000,5000000,'BTC',50000000,0,10,281013,900000,42858,10000,10000,'expired');
INSERT INTO orders VALUES(22,'52e27d9807ceca74aad6f4451328180efee8f619d60ebb26cc52a028923ea3c5',281021,'3_mn6q3dS2EnDUx3bmyWc6D4szJNVGtaR7zc_mnfAHmddVibnZNSkh8DvKaQoiEfNsxjXzH_mtQheFaSfWELRB2MyMBaiWjdDm6ux9Ezns_3','BBBB',50000000,50000000,'XCP',50000000,50000000,10,281031,0,0,10000,10000,'expired');
-- Triggers and indices on  orders
CREATE INDEX expire_idx ON orders (expire_index, status);
CREATE INDEX give_asset_idx ON orders (give_asset);
CREATE INDEX give_get_status_idx ON orders (get_asset, give_asset, status);
CREATE INDEX give_status_idx ON orders (give_asset, status);
CREATE INDEX source_give_status_idx ON orders (source, give_asset, status);

-- Table  postqueue
DROP TABLE IF EXISTS postqueue;
CREATE TABLE postqueue(
                      message BLOB);

-- Table  rps
DROP TABLE IF EXISTS rps;
CREATE TABLE rps(
                      tx_index INTEGER UNIQUE,
                      tx_hash TEXT UNIQUE,
                      block_index INTEGER,
                      source TEXT,
                      possible_moves INTEGER,
                      wager INTEGER,
                      move_random_hash TEXT,
                      expiration INTEGER,
                      expire_index INTEGER,
                      status TEXT,
                      FOREIGN KEY (tx_index, tx_hash, block_index) REFERENCES transactions(tx_index, tx_hash, block_index),
                      PRIMARY KEY (tx_index, tx_hash));
INSERT INTO rps VALUES(26,'cd05950b910c40fe30676bc669977fe9948faaaed9228bb385dbdac35b994cb7',281025,'3_mn6q3dS2EnDUx3bmyWc6D4szJNVGtaR7zc_mnfAHmddVibnZNSkh8DvKaQoiEfNsxjXzH_mtQheFaSfWELRB2MyMBaiWjdDm6ux9Ezns_3',5,11021663,'6a886d74c2d4b1d7a35fd9159333ef64ba45a04d7aeeeb4538f958603c16fc5d',100,281125,'matched');
INSERT INTO rps VALUES(27,'6c35187c7c49b178fe7279abd490530fcef7f018f96c1406fe9c56112f4e43a4',281026,'3_mn6q3dS2EnDUx3bmyWc6D4szJNVGtaR7zc_mnfAHmddVibnZNSkh8DvKaQoiEfNsxjXzH_mqPCfvqTfYctXMUfmniXeG2nyaN8w6tPmj_3',5,11021663,'6e8bf66cbd6636aca1802459b730a99548624e48e243b840e0b34a12bede17ec',100,281126,'matched');
INSERT INTO rps VALUES(30,'d8665d01edee8867175a0346f130e3c360c3ade97fbedf642c3d05a4d61aeba5',281029,'3_mn6q3dS2EnDUx3bmyWc6D4szJNVGtaR7zc_mnfAHmddVibnZNSkh8DvKaQoiEfNsxjXzH_mtQheFaSfWELRB2MyMBaiWjdDm6ux9Ezns_3',5,11021663,'6a886d74c2d4b1d7a35fd9159333ef64ba45a04d7aeeeb4538f958603c16fc5d',10,281039,'expired');
INSERT INTO rps VALUES(48,'19e8d26d3716d8b0bea76051d8aafbbb6aed9eb8de4bb2fa0c4740e54704ae52',281047,'3_mn6q3dS2EnDUx3bmyWc6D4szJNVGtaR7zc_mnfAHmddVibnZNSkh8DvKaQoiEfNsxjXzH_mtQheFaSfWELRB2MyMBaiWjdDm6ux9Ezns_3',5,11021664,'6a886d74c2d4b1d7a35fd9159333ef64ba45a04d7aeeeb4538f958603c16fc5d',10,281057,'matched');
INSERT INTO rps VALUES(49,'8861adda021e8c3225c9b40fa42b3f6a838ab28a015a6267ade2960f06dd3759',281048,'3_mn6q3dS2EnDUx3bmyWc6D4szJNVGtaR7zc_mnfAHmddVibnZNSkh8DvKaQoiEfNsxjXzH_mqPCfvqTfYctXMUfmniXeG2nyaN8w6tPmj_3',5,11021664,'6a886d74c2d4b1d7a35fd9159333ef64ba45a04d7aeeeb4538f958603c16fc5d',10,281058,'matched');
INSERT INTO rps VALUES(75,'c489007df2a197940874a3992a00a7bd1a6770059bc7697b38d7c1b8100c0091',281074,'3_mn6q3dS2EnDUx3bmyWc6D4szJNVGtaR7zc_mnfAHmddVibnZNSkh8DvKaQoiEfNsxjXzH_mtQheFaSfWELRB2MyMBaiWjdDm6ux9Ezns_3',5,11021665,'6a886d74c2d4b1d7a35fd9159333ef64ba45a04d7aeeeb4538f958603c16fc5d',10,281084,'matched');
INSERT INTO rps VALUES(76,'dade89f45a70fd82cb410d6dca48ca2affcb85eb83701b6be3f1939dd0eb5bdc',281075,'3_mn6q3dS2EnDUx3bmyWc6D4szJNVGtaR7zc_mnfAHmddVibnZNSkh8DvKaQoiEfNsxjXzH_mqPCfvqTfYctXMUfmniXeG2nyaN8w6tPmj_3',5,11021665,'6a886d74c2d4b1d7a35fd9159333ef64ba45a04d7aeeeb4538f958603c16fc5d',10,281085,'matched');
-- Triggers and indices on  rps
CREATE INDEX matching_idx ON rps (wager, possible_moves);

-- Table  rps_expirations
DROP TABLE IF EXISTS rps_expirations;
CREATE TABLE rps_expirations(
                      rps_index INTEGER PRIMARY KEY,
                      rps_hash TEXT UNIQUE,
                      source TEXT,
                      block_index INTEGER,
                      FOREIGN KEY (block_index) REFERENCES blocks(block_index),
                      FOREIGN KEY (rps_index, rps_hash) REFERENCES rps(tx_index, tx_hash));
INSERT INTO rps_expirations VALUES(30,'d8665d01edee8867175a0346f130e3c360c3ade97fbedf642c3d05a4d61aeba5','3_mn6q3dS2EnDUx3bmyWc6D4szJNVGtaR7zc_mnfAHmddVibnZNSkh8DvKaQoiEfNsxjXzH_mtQheFaSfWELRB2MyMBaiWjdDm6ux9Ezns_3',281040);

-- Table  rps_match_expirations
DROP TABLE IF EXISTS rps_match_expirations;
CREATE TABLE rps_match_expirations(
                      rps_match_id TEXT PRIMARY KEY,
                      tx0_address TEXT,
                      tx1_address TEXT,
                      block_index INTEGER,
                      FOREIGN KEY (rps_match_id) REFERENCES rps_matches(id),
                      FOREIGN KEY (block_index) REFERENCES blocks(block_index));
INSERT INTO rps_match_expirations VALUES('19e8d26d3716d8b0bea76051d8aafbbb6aed9eb8de4bb2fa0c4740e54704ae528861adda021e8c3225c9b40fa42b3f6a838ab28a015a6267ade2960f06dd3759','3_mn6q3dS2EnDUx3bmyWc6D4szJNVGtaR7zc_mnfAHmddVibnZNSkh8DvKaQoiEfNsxjXzH_mtQheFaSfWELRB2MyMBaiWjdDm6ux9Ezns_3','3_mn6q3dS2EnDUx3bmyWc6D4szJNVGtaR7zc_mnfAHmddVibnZNSkh8DvKaQoiEfNsxjXzH_mqPCfvqTfYctXMUfmniXeG2nyaN8w6tPmj_3',281069);
INSERT INTO rps_match_expirations VALUES('c489007df2a197940874a3992a00a7bd1a6770059bc7697b38d7c1b8100c0091dade89f45a70fd82cb410d6dca48ca2affcb85eb83701b6be3f1939dd0eb5bdc','3_mn6q3dS2EnDUx3bmyWc6D4szJNVGtaR7zc_mnfAHmddVibnZNSkh8DvKaQoiEfNsxjXzH_mtQheFaSfWELRB2MyMBaiWjdDm6ux9Ezns_3','3_mn6q3dS2EnDUx3bmyWc6D4szJNVGtaR7zc_mnfAHmddVibnZNSkh8DvKaQoiEfNsxjXzH_mqPCfvqTfYctXMUfmniXeG2nyaN8w6tPmj_3',281096);

-- Table  rps_matches
DROP TABLE IF EXISTS rps_matches;
CREATE TABLE rps_matches(
                      id TEXT PRIMARY KEY,
                      tx0_index INTEGER,
                      tx0_hash TEXT,
                      tx0_address TEXT,
                      tx1_index INTEGER,
                      tx1_hash TEXT,
                      tx1_address TEXT,
                      tx0_move_random_hash TEXT,
                      tx1_move_random_hash TEXT,
                      wager INTEGER,
                      possible_moves INTEGER,
                      tx0_block_index INTEGER,
                      tx1_block_index INTEGER,
                      block_index INTEGER,
                      tx0_expiration INTEGER,
                      tx1_expiration INTEGER,
                      match_expire_index INTEGER,
                      status TEXT,
                      FOREIGN KEY (tx0_index, tx0_hash, tx0_block_index) REFERENCES transactions(tx_index, tx_hash, block_index),
                      FOREIGN KEY (tx1_index, tx1_hash, tx1_block_index) REFERENCES transactions(tx_index, tx_hash, block_index));
INSERT INTO rps_matches VALUES('cd05950b910c40fe30676bc669977fe9948faaaed9228bb385dbdac35b994cb76c35187c7c49b178fe7279abd490530fcef7f018f96c1406fe9c56112f4e43a4',26,'cd05950b910c40fe30676bc669977fe9948faaaed9228bb385dbdac35b994cb7','3_mn6q3dS2EnDUx3bmyWc6D4szJNVGtaR7zc_mnfAHmddVibnZNSkh8DvKaQoiEfNsxjXzH_mtQheFaSfWELRB2MyMBaiWjdDm6ux9Ezns_3',27,'6c35187c7c49b178fe7279abd490530fcef7f018f96c1406fe9c56112f4e43a4','3_mn6q3dS2EnDUx3bmyWc6D4szJNVGtaR7zc_mnfAHmddVibnZNSkh8DvKaQoiEfNsxjXzH_mqPCfvqTfYctXMUfmniXeG2nyaN8w6tPmj_3','6a886d74c2d4b1d7a35fd9159333ef64ba45a04d7aeeeb4538f958603c16fc5d','6e8bf66cbd6636aca1802459b730a99548624e48e243b840e0b34a12bede17ec',11021663,5,281025,281026,281026,100,100,281046,'concluded: first player wins');
INSERT INTO rps_matches VALUES('19e8d26d3716d8b0bea76051d8aafbbb6aed9eb8de4bb2fa0c4740e54704ae528861adda021e8c3225c9b40fa42b3f6a838ab28a015a6267ade2960f06dd3759',48,'19e8d26d3716d8b0bea76051d8aafbbb6aed9eb8de4bb2fa0c4740e54704ae52','3_mn6q3dS2EnDUx3bmyWc6D4szJNVGtaR7zc_mnfAHmddVibnZNSkh8DvKaQoiEfNsxjXzH_mtQheFaSfWELRB2MyMBaiWjdDm6ux9Ezns_3',49,'8861adda021e8c3225c9b40fa42b3f6a838ab28a015a6267ade2960f06dd3759','3_mn6q3dS2EnDUx3bmyWc6D4szJNVGtaR7zc_mnfAHmddVibnZNSkh8DvKaQoiEfNsxjXzH_mqPCfvqTfYctXMUfmniXeG2nyaN8w6tPmj_3','6a886d74c2d4b1d7a35fd9159333ef64ba45a04d7aeeeb4538f958603c16fc5d','6a886d74c2d4b1d7a35fd9159333ef64ba45a04d7aeeeb4538f958603c16fc5d',11021664,5,281047,281048,281048,10,10,281068,'expired');
INSERT INTO rps_matches VALUES('c489007df2a197940874a3992a00a7bd1a6770059bc7697b38d7c1b8100c0091dade89f45a70fd82cb410d6dca48ca2affcb85eb83701b6be3f1939dd0eb5bdc',75,'c489007df2a197940874a3992a00a7bd1a6770059bc7697b38d7c1b8100c0091','3_mn6q3dS2EnDUx3bmyWc6D4szJNVGtaR7zc_mnfAHmddVibnZNSkh8DvKaQoiEfNsxjXzH_mtQheFaSfWELRB2MyMBaiWjdDm6ux9Ezns_3',76,'dade89f45a70fd82cb410d6dca48ca2affcb85eb83701b6be3f1939dd0eb5bdc','3_mn6q3dS2EnDUx3bmyWc6D4szJNVGtaR7zc_mnfAHmddVibnZNSkh8DvKaQoiEfNsxjXzH_mqPCfvqTfYctXMUfmniXeG2nyaN8w6tPmj_3','6a886d74c2d4b1d7a35fd9159333ef64ba45a04d7aeeeb4538f958603c16fc5d','6a886d74c2d4b1d7a35fd9159333ef64ba45a04d7aeeeb4538f958603c16fc5d',11021665,5,281074,281075,281075,10,10,281095,'concluded: first player wins');
-- Triggers and indices on  rps_matches
CREATE INDEX rps_match_expire_idx ON rps_matches (status, match_expire_index);
CREATE INDEX rps_tx0_address_idx ON rps_matches (tx0_address);
CREATE INDEX rps_tx1_address_idx ON rps_matches (tx1_address);

-- Table  rpsresolves
DROP TABLE IF EXISTS rpsresolves;
CREATE TABLE rpsresolves(
                      tx_index INTEGER PRIMARY KEY,
                      tx_hash TEXT UNIQUE,
                      block_index INTEGER,
                      source TEXT,
                      move INTEGER,
                      random TEXT,
                      rps_match_id TEXT,
                      status TEXT,
                      FOREIGN KEY (tx_index, tx_hash, block_index) REFERENCES transactions(tx_index, tx_hash, block_index));
INSERT INTO rpsresolves VALUES(28,'1f7f4882b3393dc48daed886740ca59ff6edb3e983ebe17e66b6afa3e97764c2',281027,'3_mn6q3dS2EnDUx3bmyWc6D4szJNVGtaR7zc_mnfAHmddVibnZNSkh8DvKaQoiEfNsxjXzH_mtQheFaSfWELRB2MyMBaiWjdDm6ux9Ezns_3',3,'7a4488d61ed8f2e9fa2874113fccb8b1','cd05950b910c40fe30676bc669977fe9948faaaed9228bb385dbdac35b994cb76c35187c7c49b178fe7279abd490530fcef7f018f96c1406fe9c56112f4e43a4','valid');
INSERT INTO rpsresolves VALUES(29,'8e69f67e7b060dfe61c0e3d59e694c1a5bfd287de7ce2574110e4e61e6bd0cd7',281028,'3_mn6q3dS2EnDUx3bmyWc6D4szJNVGtaR7zc_mnfAHmddVibnZNSkh8DvKaQoiEfNsxjXzH_mqPCfvqTfYctXMUfmniXeG2nyaN8w6tPmj_3',5,'fa765e80203cba24a298e4458f63ff6b','cd05950b910c40fe30676bc669977fe9948faaaed9228bb385dbdac35b994cb76c35187c7c49b178fe7279abd490530fcef7f018f96c1406fe9c56112f4e43a4','valid');
INSERT INTO rpsresolves VALUES(77,'fe49cd9a372de2ec6cf13005bc94cbfe5a70f02a43d6b0e78739b3db01db4c72',281076,'3_mn6q3dS2EnDUx3bmyWc6D4szJNVGtaR7zc_mnfAHmddVibnZNSkh8DvKaQoiEfNsxjXzH_mtQheFaSfWELRB2MyMBaiWjdDm6ux9Ezns_3',3,'7a4488d61ed8f2e9fa2874113fccb8b1','c489007df2a197940874a3992a00a7bd1a6770059bc7697b38d7c1b8100c0091dade89f45a70fd82cb410d6dca48ca2affcb85eb83701b6be3f1939dd0eb5bdc','valid');
-- Triggers and indices on  rpsresolves
CREATE INDEX rps_match_id_idx ON rpsresolves (rps_match_id);

-- Table  sends
DROP TABLE IF EXISTS sends;
CREATE TABLE sends(
                      tx_index INTEGER PRIMARY KEY,
                      tx_hash TEXT UNIQUE,
                      block_index INTEGER,
                      source TEXT,
                      destination TEXT,
                      asset TEXT,
                      quantity INTEGER,
                      status TEXT,
                      FOREIGN KEY (tx_index, tx_hash, block_index) REFERENCES transactions(tx_index, tx_hash, block_index));
INSERT INTO sends VALUES(2,'641aa5afc202b09e40c41875ec521d737acc919ad67a91e2dda1356f46d609cf',281001,'3_mn6q3dS2EnDUx3bmyWc6D4szJNVGtaR7zc_mnfAHmddVibnZNSkh8DvKaQoiEfNsxjXzH_mtQheFaSfWELRB2MyMBaiWjdDm6ux9Ezns_3','3_mn6q3dS2EnDUx3bmyWc6D4szJNVGtaR7zc_mnfAHmddVibnZNSkh8DvKaQoiEfNsxjXzH_mqPCfvqTfYctXMUfmniXeG2nyaN8w6tPmj_3','XCP',50000000,'valid');
INSERT INTO sends VALUES(8,'4eb46d6043fde993c2ca2680cdd14b54cb1ed40999b91629c7fbc65a4f693a43',281007,'3_mn6q3dS2EnDUx3bmyWc6D4szJNVGtaR7zc_mnfAHmddVibnZNSkh8DvKaQoiEfNsxjXzH_mtQheFaSfWELRB2MyMBaiWjdDm6ux9Ezns_3','3_mn6q3dS2EnDUx3bmyWc6D4szJNVGtaR7zc_mnfAHmddVibnZNSkh8DvKaQoiEfNsxjXzH_mqPCfvqTfYctXMUfmniXeG2nyaN8w6tPmj_3','BBBB',4000000,'valid');
INSERT INTO sends VALUES(9,'5e86f200404fa207128ea7d19b93c3c49846c82640e9fd0fd354c024f4ddac67',281008,'3_mn6q3dS2EnDUx3bmyWc6D4szJNVGtaR7zc_mnfAHmddVibnZNSkh8DvKaQoiEfNsxjXzH_mtQheFaSfWELRB2MyMBaiWjdDm6ux9Ezns_3','3_mn6q3dS2EnDUx3bmyWc6D4szJNVGtaR7zc_mnfAHmddVibnZNSkh8DvKaQoiEfNsxjXzH_mqPCfvqTfYctXMUfmniXeG2nyaN8w6tPmj_3','BBBC',526,'valid');
INSERT INTO sends VALUES(24,'e62ba26b630643c04d55b7359d13b3dfa0f0230085910c4605da95801725db43',281023,'3_mn6q3dS2EnDUx3bmyWc6D4szJNVGtaR7zc_mnfAHmddVibnZNSkh8DvKaQoiEfNsxjXzH_mtQheFaSfWELRB2MyMBaiWjdDm6ux9Ezns_3','3_mn6q3dS2EnDUx3bmyWc6D4szJNVGtaR7zc_mnfAHmddVibnZNSkh8DvKaQoiEfNsxjXzH_mqPCfvqTfYctXMUfmniXeG2nyaN8w6tPmj_3','BBBC',10000,'valid');
-- Triggers and indices on  sends
CREATE INDEX destination_idx ON sends (destination);
CREATE INDEX source_idx ON sends (source);

-- Table  storage
DROP TABLE IF EXISTS storage;
CREATE TABLE storage(
                      contract_id TEXT,
                      key BLOB,
                      value BLOB,
                      FOREIGN KEY (contract_id) REFERENCES contracts(contract_id));

-- Table  suicides
DROP TABLE IF EXISTS suicides;
CREATE TABLE suicides(
                      contract_id TEXT PRIMARY KEY,
                      FOREIGN KEY (contract_id) REFERENCES contracts(contract_id));

-- Table  transactions
DROP TABLE IF EXISTS transactions;
CREATE TABLE transactions(
                      tx_index INTEGER UNIQUE,
                      tx_hash TEXT UNIQUE,
                      block_index INTEGER,
                      block_hash TEXT,
                      block_time INTEGER,
                      source TEXT,
                      destination TEXT,
                      btc_amount INTEGER,
                      fee INTEGER,
                      data BLOB,
                      supported BOOL DEFAULT 1,
                      FOREIGN KEY (block_index, block_hash) REFERENCES blocks(block_index, block_hash),
                      PRIMARY KEY (tx_index, tx_hash, block_index));
INSERT INTO transactions VALUES(1,'e99914fcf580f8705559fce8796ffa216d4a3aef2abc95783df5cabea2f0966b',281000,'19e5c9df8a1fbcf246f58df91d99b1bb209f847fd88197aebb4c29650624364c669b997ec161726969b16eab47e6aa193a4f7959ad407a3064131151853297a7',2810000000000,'3_mn6q3dS2EnDUx3bmyWc6D4szJNVGtaR7zc_mnfAHmddVibnZNSkh8DvKaQoiEfNsxjXzH_mtQheFaSfWELRB2MyMBaiWjdDm6ux9Ezns_3','mvCounterpartyXXXXXXXXXXXXXXW24Hef',62000000,10000,X'',1);
INSERT INTO transactions VALUES(2,'641aa5afc202b09e40c41875ec521d737acc919ad67a91e2dda1356f46d609cf',281001,'2c12c0ad5a39e189ee10926d26779b086604b475caab0b6641f29e9068be54a47696302ec9ec9597f098bba2e81e5dfa49034558f958f9b1f62ca115c0a60ae1',2810010000000,'3_mn6q3dS2EnDUx3bmyWc6D4szJNVGtaR7zc_mnfAHmddVibnZNSkh8DvKaQoiEfNsxjXzH_mtQheFaSfWELRB2MyMBaiWjdDm6ux9Ezns_3','3_mn6q3dS2EnDUx3bmyWc6D4szJNVGtaR7zc_mnfAHmddVibnZNSkh8DvKaQoiEfNsxjXzH_mqPCfvqTfYctXMUfmniXeG2nyaN8w6tPmj_3',7800,10000,X'0000000000000000000000010000000002FAF080',1);
INSERT INTO transactions VALUES(3,'7efc440fe53509475e7c526af5dafe8752ef2a792df9ce552b9eba33373051c7',281002,'6e3e2ad1f0c2004ad5de91b184d43e7cec52c86d97e95a92b96d5e6a052d7de3965f05ae6c1c8714f1126905064c8fda78ba450abae5d61e90bd59d3455c7804',2810020000000,'3_mn6q3dS2EnDUx3bmyWc6D4szJNVGtaR7zc_mnfAHmddVibnZNSkh8DvKaQoiEfNsxjXzH_mtQheFaSfWELRB2MyMBaiWjdDm6ux9Ezns_3','',0,1000000,X'0000000A00000000000000000000000002FAF08000000000000000010000000005F5E100000A0000000000000000',1);
INSERT INTO transactions VALUES(4,'7582fcb849797577c29cbe6b2afa5c62b01c62f131d40de93ae9f0181f51fdf8',281003,'45d5102b9f3a805f1eddd328ee8ee0addc712141d8a6916e896ad4e78ba297e5fc1228f1235ead0a43dc076404f96e93e0f30c968ee406c25e2a5c9d3ddc1046',2810030000000,'3_mn6q3dS2EnDUx3bmyWc6D4szJNVGtaR7zc_mnfAHmddVibnZNSkh8DvKaQoiEfNsxjXzH_mtQheFaSfWELRB2MyMBaiWjdDm6ux9Ezns_3','',0,10000,X'0000000A00000000000000010000000006422C4000000000000000000000000002FAF080000A00000000000DBBA0',1);
INSERT INTO transactions VALUES(5,'215add6de74384b269c0bcd03cf388ed5ab6a04409227f5f99d9398366b2b235',281004,'07fd959564064999eba4502617562efa349d523910f2f0224974b6943c86ada23b04575d1d938c878bf371d08079887d83cc9ded4ae876c0cbde874ffe330056',2810040000000,'3_mn6q3dS2EnDUx3bmyWc6D4szJNVGtaR7zc_mnfAHmddVibnZNSkh8DvKaQoiEfNsxjXzH_mtQheFaSfWELRB2MyMBaiWjdDm6ux9Ezns_3','3_mn6q3dS2EnDUx3bmyWc6D4szJNVGtaR7zc_mnfAHmddVibnZNSkh8DvKaQoiEfNsxjXzH_mtQheFaSfWELRB2MyMBaiWjdDm6ux9Ezns_3',50000000,10000,X'0000000B7EFC440FE53509475E7C526AF5DAFE8752EF2A792DF9CE552B9EBA33373051C77582FCB849797577C29CBE6B2AFA5C62B01C62F131D40DE93AE9F0181F51FDF8',1);
INSERT INTO transactions VALUES(6,'fe09d179478efc367b7aa2b8cbefa8779d8c5f6f06f9b2de885c9ef5b1a242e8',281005,'d9f51a32fc61b8bf996bfc88079bfb6750da8315cef864c5906a25cc65e14b52b6f8b419617c6c6ae35d53c9f26d365606c0f7700aac56ef27a5df0a04c2e4ac',2810050000000,'3_mn6q3dS2EnDUx3bmyWc6D4szJNVGtaR7zc_mnfAHmddVibnZNSkh8DvKaQoiEfNsxjXzH_mtQheFaSfWELRB2MyMBaiWjdDm6ux9Ezns_3','',0,10000,X'000000140000000000004767000000003B9ACA000100000000000000000000',1);
INSERT INTO transactions VALUES(7,'67bee535020d835d7624272134106e825b8dfe2c13130f21f47ee7c80016e49b',281006,'ac084933b5d4762d070f2d6820e293de5427c2f23daced0187cd883d7efc4916825b9a59f2652c58dbb017d8615d5073de36904fb4e0048392b340c80d535e1f',2810060000000,'3_mn6q3dS2EnDUx3bmyWc6D4szJNVGtaR7zc_mnfAHmddVibnZNSkh8DvKaQoiEfNsxjXzH_mtQheFaSfWELRB2MyMBaiWjdDm6ux9Ezns_3','',0,10000,X'00000014000000000000476800000000000186A00001000000113C75C28F06666F6F626172',1);
INSERT INTO transactions VALUES(8,'4eb46d6043fde993c2ca2680cdd14b54cb1ed40999b91629c7fbc65a4f693a43',281007,'f3b816cabefaf4d1b47ef89e10b90fe56014b438c1c414246734e2e31a8c3d83877c920574143c216bb4c00dbb937c533fb745eee44b28ea4e57a4e614e1b7ef',2810070000000,'3_mn6q3dS2EnDUx3bmyWc6D4szJNVGtaR7zc_mnfAHmddVibnZNSkh8DvKaQoiEfNsxjXzH_mtQheFaSfWELRB2MyMBaiWjdDm6ux9Ezns_3','3_mn6q3dS2EnDUx3bmyWc6D4szJNVGtaR7zc_mnfAHmddVibnZNSkh8DvKaQoiEfNsxjXzH_mqPCfvqTfYctXMUfmniXeG2nyaN8w6tPmj_3',7800,10000,X'00000000000000000000476700000000003D0900',1);
INSERT INTO transactions VALUES(9,'5e86f200404fa207128ea7d19b93c3c49846c82640e9fd0fd354c024f4ddac67',281008,'2d198b050edd269a30a405d16636abc229eea964f06f6e5ea4d0f8200b66aa43fe24ec00df94225e1872818c1c750b40ee097035925bd7089ec29f0c036c3435',2810080000000,'3_mn6q3dS2EnDUx3bmyWc6D4szJNVGtaR7zc_mnfAHmddVibnZNSkh8DvKaQoiEfNsxjXzH_mtQheFaSfWELRB2MyMBaiWjdDm6ux9Ezns_3','3_mn6q3dS2EnDUx3bmyWc6D4szJNVGtaR7zc_mnfAHmddVibnZNSkh8DvKaQoiEfNsxjXzH_mqPCfvqTfYctXMUfmniXeG2nyaN8w6tPmj_3',7800,10000,X'000000000000000000004768000000000000020E',1);
INSERT INTO transactions VALUES(10,'46c71ce3cbba57e7b613d0d5506479a59c7a618955aed1fafb7bbcda3a0e00c7',281009,'ca4bf591c01ae79f8c087963e9872d103f6330bed294d7711b386e298ea28d08e09f14e253dec34a37ba8252bc585442f7c2d2fe55d72f0bee8edcfa93136da7',2810090000000,'3_mn6q3dS2EnDUx3bmyWc6D4szJNVGtaR7zc_mnfAHmddVibnZNSkh8DvKaQoiEfNsxjXzH_mtQheFaSfWELRB2MyMBaiWjdDm6ux9Ezns_3','',0,10000,X'00000032000000000000025800000000000047670000000000000001',1);
INSERT INTO transactions VALUES(11,'1dc0520285502b5b7ed6f0cce00ddb3347fd450a0bc349de0cc7637bcdbe1486',281010,'5182be85620e1f297c772332621540df7a914f2823843ad7e816cd0d156603dfc132fe9c9bb780e8f7bb23e627071cf6caeb4569f4547a3817b7109fc7a05997',2810100000000,'3_mn6q3dS2EnDUx3bmyWc6D4szJNVGtaR7zc_mnfAHmddVibnZNSkh8DvKaQoiEfNsxjXzH_mtQheFaSfWELRB2MyMBaiWjdDm6ux9Ezns_3','',0,10000,X'00000032000000000000032000000000000047680000000000000001',1);
INSERT INTO transactions VALUES(12,'9a3e96a86c5e1730f5dbdd795be4cda116febe2875fb992ae5efa3e0ded38da2',281011,'96c1c1e3dcec780c2bec9c9312e3dae1412ff146047d2c64d3e8ba49c36a38ef4522532e2635ec3a6ee6168451fe20916d5621f5db0d90db61c6eac947a5cea2',2810110000000,'3_mn6q3dS2EnDUx3bmyWc6D4szJNVGtaR7zc_mnfAHmddVibnZNSkh8DvKaQoiEfNsxjXzH_mtQheFaSfWELRB2MyMBaiWjdDm6ux9Ezns_3','',0,10000,X'0000001E52BB33004059000000000000004C4B4009556E69742054657374',1);
INSERT INTO transactions VALUES(13,'463975d2674516ac57af5edcdfb531ba7e4a32cf87ba9bc95d9923c877c1a411',281012,'5caaeb77ce0df4aa8f0b96b80bcd9db2a2fd129d37e83805eec33f65b1110c0213803740cf7376879755619a8ff24be51a38968fbbbda4204992b152e3f5e416',2810120000000,'3_mn6q3dS2EnDUx3bmyWc6D4szJNVGtaR7zc_mnfAHmddVibnZNSkh8DvKaQoiEfNsxjXzH_mtQheFaSfWELRB2MyMBaiWjdDm6ux9Ezns_3','3_mn6q3dS2EnDUx3bmyWc6D4szJNVGtaR7zc_mnfAHmddVibnZNSkh8DvKaQoiEfNsxjXzH_mtQheFaSfWELRB2MyMBaiWjdDm6ux9Ezns_3',7800,10000,X'00000028000052BB33640000000002FAF08000000000017D7840000000000000000000003B100000000A',1);
INSERT INTO transactions VALUES(14,'37a3a0520ea5d78535569bc2de2adfeca62cbab85e9cd75de5ed823ab66e3024',281013,'a47ac121e75996a9f174f16a77b5895d4c98146c18996a7b96c0a2f6397af7271efb496510e31096b399da2623de16e8e764bfb282d053de061bbe0f02304933',2810130000000,'3_mn6q3dS2EnDUx3bmyWc6D4szJNVGtaR7zc_mnfAHmddVibnZNSkh8DvKaQoiEfNsxjXzH_mtQheFaSfWELRB2MyMBaiWjdDm6ux9Ezns_3','3_mn6q3dS2EnDUx3bmyWc6D4szJNVGtaR7zc_mnfAHmddVibnZNSkh8DvKaQoiEfNsxjXzH_mtQheFaSfWELRB2MyMBaiWjdDm6ux9Ezns_3',7800,10000,X'00000028000152BB336400000000017D78400000000002793D60000000000000000000003B100000000A',1);
INSERT INTO transactions VALUES(15,'98b5c41f66b6dc297fa98eed2de16b88677deacc12fcc69bd24fa85ac8b977a4',281014,'63cb57ede61a8e09aaaf43ca45c35ebf35cac80be0b16bca912e8bf5352b6387092668e175bf69c306a9ce5efacd7c476f1461c0de9052b07716b370b2c77cb5',2810140000000,'3_mn6q3dS2EnDUx3bmyWc6D4szJNVGtaR7zc_mnfAHmddVibnZNSkh8DvKaQoiEfNsxjXzH_mtQheFaSfWELRB2MyMBaiWjdDm6ux9Ezns_3','3_mn6q3dS2EnDUx3bmyWc6D4szJNVGtaR7zc_mnfAHmddVibnZNSkh8DvKaQoiEfNsxjXzH_mtQheFaSfWELRB2MyMBaiWjdDm6ux9Ezns_3',7800,10000,X'00000028000052BB33640000000008F0D1800000000014DC93800000000000000000000013B00000000A',1);
INSERT INTO transactions VALUES(16,'600d9bc885975e3c9c46ff225b4c3b647c39d15c7988d6fee8065d6307a56bae',281015,'40946bfc6a7e70c6baa3b1db0baa476f99e04696536b301576c70790e4b77a221691d510f90b211f11b59cbec850ce682db371c85d5dabf0255214b401ef51e1',2810150000000,'3_mn6q3dS2EnDUx3bmyWc6D4szJNVGtaR7zc_mnfAHmddVibnZNSkh8DvKaQoiEfNsxjXzH_mtQheFaSfWELRB2MyMBaiWjdDm6ux9Ezns_3','3_mn6q3dS2EnDUx3bmyWc6D4szJNVGtaR7zc_mnfAHmddVibnZNSkh8DvKaQoiEfNsxjXzH_mtQheFaSfWELRB2MyMBaiWjdDm6ux9Ezns_3',7800,10000,X'00000028000152BB33640000000014DC93800000000008F0D1800000000000000000000013B00000000A',1);
INSERT INTO transactions VALUES(17,'aa76a7536be5b01a26deddbb00faf2c3e9acf349b4c79d2665ecbc51daf8b169',281016,'ff4ef3d92f34c425178aa8437f1052d8c365bfa7ef953ed56a3b8f5d70f23194b43b948e5ceec12d9a055a906cc65b449e3e70c328c643969548b89c188ac08a',2810160000000,'3_mn6q3dS2EnDUx3bmyWc6D4szJNVGtaR7zc_mnfAHmddVibnZNSkh8DvKaQoiEfNsxjXzH_mtQheFaSfWELRB2MyMBaiWjdDm6ux9Ezns_3','3_mn6q3dS2EnDUx3bmyWc6D4szJNVGtaR7zc_mnfAHmddVibnZNSkh8DvKaQoiEfNsxjXzH_mtQheFaSfWELRB2MyMBaiWjdDm6ux9Ezns_3',7800,10000,X'00000028000252BB33C8000000002CB417800000000026BE36803FF0000000000000000013B00000000A',1);
INSERT INTO transactions VALUES(18,'163a1dd617fbd34d062555e223750414d7d9e8b8cb5a43824b9fb1722f700a0c',281017,'d83c37768fbc05523f265f30cf2f2512b9cc206b453b064c7e0396f4ec6f6397906deeb2a35024f7ddaab9d2d19355c9f9dea706c53a3f414837470c4df603f4',2810170000000,'3_mn6q3dS2EnDUx3bmyWc6D4szJNVGtaR7zc_mnfAHmddVibnZNSkh8DvKaQoiEfNsxjXzH_mtQheFaSfWELRB2MyMBaiWjdDm6ux9Ezns_3','3_mn6q3dS2EnDUx3bmyWc6D4szJNVGtaR7zc_mnfAHmddVibnZNSkh8DvKaQoiEfNsxjXzH_mtQheFaSfWELRB2MyMBaiWjdDm6ux9Ezns_3',7800,10000,X'00000028000352BB33C80000000026BE3680000000002CB417803FF0000000000000000013B00000000A',1);
INSERT INTO transactions VALUES(19,'787d982ba8588a0cee7ee9c5f47530082d93a8d785149732294f5283b6134db1',281018,'14c9d4e9ac58abca6301bf85caaad95de39839610405d49f087821e0ca91901a631127109fbe3025318a23ec18133b3888b05af5284f53da7a3af7c67c8d17d3',2810180000000,'3_mn6q3dS2EnDUx3bmyWc6D4szJNVGtaR7zc_mnfAHmddVibnZNSkh8DvKaQoiEfNsxjXzH_mtQheFaSfWELRB2MyMBaiWjdDm6ux9Ezns_3','',0,10000,X'0000001E52BB33324058F7256FFC115E004C4B4009556E69742054657374',1);
INSERT INTO transactions VALUES(20,'25e2e2125ba314faf7377920165cbea2b5900502ba6e9beeedcb24eb1211151d',281019,'f36b93025abe937637415c4990199a9088551309f5387339da3dcbc937b310025bd8c56e322a47a5a76222df6b3a026735a12e5773915fbfe74e3447b6d496f3',2810190000000,'3_mn6q3dS2EnDUx3bmyWc6D4szJNVGtaR7zc_mnfAHmddVibnZNSkh8DvKaQoiEfNsxjXzH_mtQheFaSfWELRB2MyMBaiWjdDm6ux9Ezns_3','',0,10000,X'0000001E52BB3365405915F3B645A1CB004C4B4009556E69742054657374',1);
INSERT INTO transactions VALUES(21,'3a8be9d8d543132e18dad0acce771f8bc655d3aa144167a40fba00fa56d228b9',281020,'37b2b4279788cc394a6698af38252899ac99e650534e2b075d55c94b24036469441e26c747ee95d9123f19bd54572d33ae8e252a9033eb92b89927fae5d9c5af',2810200000000,'3_mn6q3dS2EnDUx3bmyWc6D4szJNVGtaR7zc_mnfAHmddVibnZNSkh8DvKaQoiEfNsxjXzH_mtQheFaSfWELRB2MyMBaiWjdDm6ux9Ezns_3','',0,10000,X'0000001E52BB33C94000000000000000004C4B4009556E69742054657374',1);
INSERT INTO transactions VALUES(22,'52e27d9807ceca74aad6f4451328180efee8f619d60ebb26cc52a028923ea3c5',281021,'25a7327d5c14f3b923540925eca3cf39f90591954ac4a1e22ea1851e50bd9f079b8210671246e1d3f49cc62d1a278a66c182b5a497e201ac3834025d662adb4f',2810210000000,'3_mn6q3dS2EnDUx3bmyWc6D4szJNVGtaR7zc_mnfAHmddVibnZNSkh8DvKaQoiEfNsxjXzH_mtQheFaSfWELRB2MyMBaiWjdDm6ux9Ezns_3','',0,10000,X'0000000A00000000000047670000000002FAF08000000000000000010000000002FAF080000A0000000000000000',1);
INSERT INTO transactions VALUES(23,'c56318d85bacc3e96b131ebc4a914d12fa09f2a516b090f04b2f7a1085c1d53f',281022,'d84a688fad1c811d37a7f7c39768c5dc35732069a599a601059b4b2bfab955812055cbf2033febd3e4f4586815bd3c7bf03401ca65c0862c122764053a7a8eb8',2810220000000,'3_mn6q3dS2EnDUx3bmyWc6D4szJNVGtaR7zc_mnfAHmddVibnZNSkh8DvKaQoiEfNsxjXzH_mtQheFaSfWELRB2MyMBaiWjdDm6ux9Ezns_3','mvCounterpartyXXXXXXXXXXXXXXW24Hef',100000000,10000,X'',1);
INSERT INTO transactions VALUES(24,'e62ba26b630643c04d55b7359d13b3dfa0f0230085910c4605da95801725db43',281023,'5c4a8e871ad6d2b46126989f044f09792f691da9a11320a301afb7c25dc159a3aee2314288116157cc36d1cfb104e5bd56bcd2185125e488c18788b820eb9c3a',2810230000000,'3_mn6q3dS2EnDUx3bmyWc6D4szJNVGtaR7zc_mnfAHmddVibnZNSkh8DvKaQoiEfNsxjXzH_mtQheFaSfWELRB2MyMBaiWjdDm6ux9Ezns_3','3_mn6q3dS2EnDUx3bmyWc6D4szJNVGtaR7zc_mnfAHmddVibnZNSkh8DvKaQoiEfNsxjXzH_mqPCfvqTfYctXMUfmniXeG2nyaN8w6tPmj_3',7800,10000,X'0000000000000000000047680000000000002710',1);
INSERT INTO transactions VALUES(25,'9c12cc837dcdc48bdf09896024f726ceba89720463a635cb7f30540fdb8f1e75',281024,'66280f0af9349111435448fa54a3151fa1d910508b306ed6f70be58dcb0024ca44562ef13c4285bfae042454fe7206d7fe525d20217743934409c5bd645a3156',2810240000000,'3_mn6q3dS2EnDUx3bmyWc6D4szJNVGtaR7zc_mnfAHmddVibnZNSkh8DvKaQoiEfNsxjXzH_mtQheFaSfWELRB2MyMBaiWjdDm6ux9Ezns_3','',0,10000,X'000000153FD33333333333330000000000004768',1);
INSERT INTO transactions VALUES(26,'cd05950b910c40fe30676bc669977fe9948faaaed9228bb385dbdac35b994cb7',281025,'719fd8795fd02499960ef45de51d73eced164803ea295f50a3c89a74fbfeb18ae6205412f0906a97346eeda6ea40237705b044193a426bdfde7c1f47fe07d7a8',2810250000000,'3_mn6q3dS2EnDUx3bmyWc6D4szJNVGtaR7zc_mnfAHmddVibnZNSkh8DvKaQoiEfNsxjXzH_mtQheFaSfWELRB2MyMBaiWjdDm6ux9Ezns_3','',0,10000,X'0000005000050000000000A82D5F6A886D74C2D4B1D7A35FD9159333EF64BA45A04D7AEEEB4538F958603C16FC5D00000064',1);
INSERT INTO transactions VALUES(27,'6c35187c7c49b178fe7279abd490530fcef7f018f96c1406fe9c56112f4e43a4',281026,'fc6af0530f24e921a91527594efbb96e723671742bb02ac6f3b69c5bdd54023aeeccf389f8de030f3f31a0afc9ceb2b9898daaf4bbae1e3b36e43ae2587fd1d8',2810260000000,'3_mn6q3dS2EnDUx3bmyWc6D4szJNVGtaR7zc_mnfAHmddVibnZNSkh8DvKaQoiEfNsxjXzH_mqPCfvqTfYctXMUfmniXeG2nyaN8w6tPmj_3','',0,10000,X'0000005000050000000000A82D5F6E8BF66CBD6636ACA1802459B730A99548624E48E243B840E0B34A12BEDE17EC00000064',1);
INSERT INTO transactions VALUES(28,'1f7f4882b3393dc48daed886740ca59ff6edb3e983ebe17e66b6afa3e97764c2',281027,'ca9da6db5f6a998bbd8ec5761381a342c3f9e5afe486cff13e4ed7a48e41c39d9f082bb8912df2b6a03e71be432e40d380e555225b9c68e3ab7d7afce058aeb9',2810270000000,'3_mn6q3dS2EnDUx3bmyWc6D4szJNVGtaR7zc_mnfAHmddVibnZNSkh8DvKaQoiEfNsxjXzH_mtQheFaSfWELRB2MyMBaiWjdDm6ux9Ezns_3','',0,10000,X'0000005100037A4488D61ED8F2E9FA2874113FCCB8B1CD05950B910C40FE30676BC669977FE9948FAAAED9228BB385DBDAC35B994CB76C35187C7C49B178FE7279ABD490530FCEF7F018F96C1406FE9C56112F4E43A4',1);
INSERT INTO transactions VALUES(29,'8e69f67e7b060dfe61c0e3d59e694c1a5bfd287de7ce2574110e4e61e6bd0cd7',281028,'bbb54fd0f3d656ace3642d7846b63ec1f9fae7331789581b3311c2474af7338ab9fcc5f0e7e2ecea57f34e5455b7d6edc87bb17a53097e0703fe29947a8cdd5a',2810280000000,'3_mn6q3dS2EnDUx3bmyWc6D4szJNVGtaR7zc_mnfAHmddVibnZNSkh8DvKaQoiEfNsxjXzH_mqPCfvqTfYctXMUfmniXeG2nyaN8w6tPmj_3','',0,10000,X'000000510005FA765E80203CBA24A298E4458F63FF6BCD05950B910C40FE30676BC669977FE9948FAAAED9228BB385DBDAC35B994CB76C35187C7C49B178FE7279ABD490530FCEF7F018F96C1406FE9C56112F4E43A4',1);
INSERT INTO transactions VALUES(30,'d8665d01edee8867175a0346f130e3c360c3ade97fbedf642c3d05a4d61aeba5',281029,'3b8abac9ac4015f67eb72c26a50d8649a88e1b1541a899436c9f22e52e693b3600e4e4438f176a8f4faee6eec21bde7e8af4057342849f6418067adb544ac782',2810290000000,'3_mn6q3dS2EnDUx3bmyWc6D4szJNVGtaR7zc_mnfAHmddVibnZNSkh8DvKaQoiEfNsxjXzH_mtQheFaSfWELRB2MyMBaiWjdDm6ux9Ezns_3','',0,10000,X'0000005000050000000000A82D5F6A886D74C2D4B1D7A35FD9159333EF64BA45A04D7AEEEB4538F958603C16FC5D0000000A',1);
INSERT INTO transactions VALUES(48,'19e8d26d3716d8b0bea76051d8aafbbb6aed9eb8de4bb2fa0c4740e54704ae52',281047,'1559665acb43d9321387c9751b597e530123cc751eb49836defa50d6624eef68a65b4f6f076c3fb96e9ce193fdcc668347acb17d6b42363bda663dff65d89e62',2810470000000,'3_mn6q3dS2EnDUx3bmyWc6D4szJNVGtaR7zc_mnfAHmddVibnZNSkh8DvKaQoiEfNsxjXzH_mtQheFaSfWELRB2MyMBaiWjdDm6ux9Ezns_3','',0,10000,X'0000005000050000000000A82D606A886D74C2D4B1D7A35FD9159333EF64BA45A04D7AEEEB4538F958603C16FC5D0000000A',1);
INSERT INTO transactions VALUES(49,'8861adda021e8c3225c9b40fa42b3f6a838ab28a015a6267ade2960f06dd3759',281048,'ace510ffa60326a019079fd9e6407da4b4a74b64f8331ecdc9ac996dc48f8349d9773c620d3ed84e19f50e9bbac51a20c5b5aef9ee8997202de47ea7604a091b',2810480000000,'3_mn6q3dS2EnDUx3bmyWc6D4szJNVGtaR7zc_mnfAHmddVibnZNSkh8DvKaQoiEfNsxjXzH_mqPCfvqTfYctXMUfmniXeG2nyaN8w6tPmj_3','',0,10000,X'0000005000050000000000A82D606A886D74C2D4B1D7A35FD9159333EF64BA45A04D7AEEEB4538F958603C16FC5D0000000A',1);
INSERT INTO transactions VALUES(75,'c489007df2a197940874a3992a00a7bd1a6770059bc7697b38d7c1b8100c0091',281074,'95ac40941f5d6b1fbfaa188d649cc81bfd350083425a628c844319899308a357447ff7c75e7b331d0821e655e57585b79afde608b201b47e62863090583ec479',2810740000000,'3_mn6q3dS2EnDUx3bmyWc6D4szJNVGtaR7zc_mnfAHmddVibnZNSkh8DvKaQoiEfNsxjXzH_mtQheFaSfWELRB2MyMBaiWjdDm6ux9Ezns_3','',0,10000,X'0000005000050000000000A82D616A886D74C2D4B1D7A35FD9159333EF64BA45A04D7AEEEB4538F958603C16FC5D0000000A',1);
INSERT INTO transactions VALUES(76,'dade89f45a70fd82cb410d6dca48ca2affcb85eb83701b6be3f1939dd0eb5bdc',281075,'3dc7e4640af9ffcaa448b3ae8d6f7c861ba6789cdfd58b4da76f30b4924bc22713b2151cd7994d3310093d029177b69128b28c99ec1cd964fca784a417873e53',2810750000000,'3_mn6q3dS2EnDUx3bmyWc6D4szJNVGtaR7zc_mnfAHmddVibnZNSkh8DvKaQoiEfNsxjXzH_mqPCfvqTfYctXMUfmniXeG2nyaN8w6tPmj_3','',0,10000,X'0000005000050000000000A82D616A886D74C2D4B1D7A35FD9159333EF64BA45A04D7AEEEB4538F958603C16FC5D0000000A',1);
INSERT INTO transactions VALUES(77,'fe49cd9a372de2ec6cf13005bc94cbfe5a70f02a43d6b0e78739b3db01db4c72',281076,'feb64a86a15f44665e200f61c89e056c9f75c89a9ae1154b1c61e4bda972b758d230090a7d60ac3a9a53d9a543ecdca0b5ffebf70de477f3a8c9469e97270a04',2810760000000,'3_mn6q3dS2EnDUx3bmyWc6D4szJNVGtaR7zc_mnfAHmddVibnZNSkh8DvKaQoiEfNsxjXzH_mtQheFaSfWELRB2MyMBaiWjdDm6ux9Ezns_3','',0,10000,X'0000005100037A4488D61ED8F2E9FA2874113FCCB8B1C489007DF2A197940874A3992A00A7BD1A6770059BC7697B38D7C1B8100C0091DADE89F45A70FD82CB410D6DCA48CA2AFFCB85EB83701B6BE3F1939DD0EB5BDC',1);
-- Triggers and indices on  transactions
CREATE INDEX index_hash_index_idx ON transactions (tx_index, tx_hash, block_index);
CREATE INDEX index_index_idx ON transactions (block_index, tx_index);
CREATE INDEX tx_hash_idx ON transactions (tx_hash);
CREATE INDEX tx_index_idx ON transactions (tx_index);

COMMIT TRANSACTION;
