-- PRAGMA page_size=1024;
-- PRAGMA encoding='UTF-8';
-- PRAGMA auto_vacuum=NONE;
-- PRAGMA max_page_count=1073741823;

BEGIN TRANSACTION;

-- Table  balances
DROP TABLE IF EXISTS balances;
CREATE TABLE balances(
                      address TEXT,
                      asset TEXT,
                      quantity INTEGER);
INSERT INTO balances VALUES('3_mn6q3dS2EnDUx3bmyWc6D4szJNVGtaR7zc_mnfAHmddVibnZNSkh8DvKaQoiEfNsxjXzH_mtQheFaSfWELRB2MyMBaiWjdDm6ux9Ezns_3','XCP',145136014292);
INSERT INTO balances VALUES('3_mn6q3dS2EnDUx3bmyWc6D4szJNVGtaR7zc_mnfAHmddVibnZNSkh8DvKaQoiEfNsxjXzH_mqPCfvqTfYctXMUfmniXeG2nyaN8w6tPmj_3','XCP',4763877496);
INSERT INTO balances VALUES('3_mn6q3dS2EnDUx3bmyWc6D4szJNVGtaR7zc_mnfAHmddVibnZNSkh8DvKaQoiEfNsxjXzH_mtQheFaSfWELRB2MyMBaiWjdDm6ux9Ezns_3','BBBB',996000000);
INSERT INTO balances VALUES('3_mn6q3dS2EnDUx3bmyWc6D4szJNVGtaR7zc_mnfAHmddVibnZNSkh8DvKaQoiEfNsxjXzH_mtQheFaSfWELRB2MyMBaiWjdDm6ux9Ezns_3','BBBC',92631);
INSERT INTO balances VALUES('3_mn6q3dS2EnDUx3bmyWc6D4szJNVGtaR7zc_mnfAHmddVibnZNSkh8DvKaQoiEfNsxjXzH_mqPCfvqTfYctXMUfmniXeG2nyaN8w6tPmj_3','BBBB',4000000);
INSERT INTO balances VALUES('3_mn6q3dS2EnDUx3bmyWc6D4szJNVGtaR7zc_mnfAHmddVibnZNSkh8DvKaQoiEfNsxjXzH_mqPCfvqTfYctXMUfmniXeG2nyaN8w6tPmj_3','BBBC',7369);
-- Triggers and indices on  balances
CREATE INDEX address_asset_idx ON balances (address, asset);

-- Table  bet_expirations
DROP TABLE IF EXISTS bet_expirations;
CREATE TABLE bet_expirations(
                      bet_index INTEGER PRIMARY KEY,
                      bet_hash TEXT UNIQUE,
                      source TEXT,
                      block_index INTEGER,
                      FOREIGN KEY (block_index) REFERENCES blocks(block_index),
                      FOREIGN KEY (bet_index, bet_hash) REFERENCES bets(tx_index, tx_hash));
INSERT INTO bet_expirations VALUES(13,'eb62a952570f9b06f214f2e9558ffea9389fc88121ce1b2b5a8dc7b34588b6c6','3_mn6q3dS2EnDUx3bmyWc6D4szJNVGtaR7zc_mnfAHmddVibnZNSkh8DvKaQoiEfNsxjXzH_mtQheFaSfWELRB2MyMBaiWjdDm6ux9Ezns_3',154931);

-- Table  bet_match_expirations
DROP TABLE IF EXISTS bet_match_expirations;
CREATE TABLE bet_match_expirations(
                      bet_match_id TEXT PRIMARY KEY,
                      tx0_address TEXT,
                      tx1_address TEXT,
                      block_index INTEGER,
                      FOREIGN KEY (bet_match_id) REFERENCES bet_matches(id),
                      FOREIGN KEY (block_index) REFERENCES blocks(block_index));
INSERT INTO bet_match_expirations VALUES('eb62a952570f9b06f214f2e9558ffea9389fc88121ce1b2b5a8dc7b34588b6c699e87b592df58564fbc6faff544d06b3533600543c180233cf2b85d64ff866c0','3_mn6q3dS2EnDUx3bmyWc6D4szJNVGtaR7zc_mnfAHmddVibnZNSkh8DvKaQoiEfNsxjXzH_mtQheFaSfWELRB2MyMBaiWjdDm6ux9Ezns_3','3_mn6q3dS2EnDUx3bmyWc6D4szJNVGtaR7zc_mnfAHmddVibnZNSkh8DvKaQoiEfNsxjXzH_mtQheFaSfWELRB2MyMBaiWjdDm6ux9Ezns_3',154922);
INSERT INTO bet_match_expirations VALUES('c9a236c5da2bdafcf5e8f6905b4dcf384decdc9437f906e3ea7bbfe744960e6ae2d52a18156ab3988e9a6656d11fcba11d5f0d2e62dd825e3812956bd0579440','3_mn6q3dS2EnDUx3bmyWc6D4szJNVGtaR7zc_mnfAHmddVibnZNSkh8DvKaQoiEfNsxjXzH_mtQheFaSfWELRB2MyMBaiWjdDm6ux9Ezns_3','3_mn6q3dS2EnDUx3bmyWc6D4szJNVGtaR7zc_mnfAHmddVibnZNSkh8DvKaQoiEfNsxjXzH_mtQheFaSfWELRB2MyMBaiWjdDm6ux9Ezns_3',154924);
INSERT INTO bet_match_expirations VALUES('56e92d995ee8b6f5e2c8903ecbe4fcb9f7cb40f0323aad238265ed3c8d1bc739e48c8e6e918347ce4f0bac6044eeb0061f7e25da712ff04a6260b2080f424282','3_mn6q3dS2EnDUx3bmyWc6D4szJNVGtaR7zc_mnfAHmddVibnZNSkh8DvKaQoiEfNsxjXzH_mtQheFaSfWELRB2MyMBaiWjdDm6ux9Ezns_3','3_mn6q3dS2EnDUx3bmyWc6D4szJNVGtaR7zc_mnfAHmddVibnZNSkh8DvKaQoiEfNsxjXzH_mtQheFaSfWELRB2MyMBaiWjdDm6ux9Ezns_3',154926);

-- Table  bet_match_resolutions
DROP TABLE IF EXISTS bet_match_resolutions;
CREATE TABLE bet_match_resolutions(
                      bet_match_id TEXT PRIMARY KEY,
                      bet_match_type_id INTEGER,
                      block_index INTEGER,
                      winner TEXT,
                      settled BOOL,
                      bull_credit INTEGER,
                      bear_credit INTEGER,
                      escrow_less_fee INTEGER,
                      fee INTEGER,
                      FOREIGN KEY (bet_match_id) REFERENCES bet_matches(id),
                      FOREIGN KEY (block_index) REFERENCES blocks(block_index));

-- Table  bet_matches
DROP TABLE IF EXISTS bet_matches;
CREATE TABLE bet_matches(
                      id TEXT PRIMARY KEY,
                      tx0_index INTEGER,
                      tx0_hash TEXT,
                      tx0_address TEXT,
                      tx1_index INTEGER,
                      tx1_hash TEXT,
                      tx1_address TEXT,
                      tx0_bet_type INTEGER,
                      tx1_bet_type INTEGER,
                      feed_address TEXT,
                      initial_value INTEGER,
                      deadline INTEGER,
                      target_value REAL,
                      leverage INTEGER,
                      forward_quantity INTEGER,
                      backward_quantity INTEGER,
                      tx0_block_index INTEGER,
                      tx1_block_index INTEGER,
                      block_index INTEGER,
                      tx0_expiration INTEGER,
                      tx1_expiration INTEGER,
                      match_expire_index INTEGER,
                      fee_fraction_int INTEGER,
                      status TEXT,
                      FOREIGN KEY (tx0_index, tx0_hash, tx0_block_index) REFERENCES transactions(tx_index, tx_hash, block_index),
                      FOREIGN KEY (tx1_index, tx1_hash, tx1_block_index) REFERENCES transactions(tx_index, tx_hash, block_index));
INSERT INTO bet_matches VALUES('eb62a952570f9b06f214f2e9558ffea9389fc88121ce1b2b5a8dc7b34588b6c699e87b592df58564fbc6faff544d06b3533600543c180233cf2b85d64ff866c0',13,'eb62a952570f9b06f214f2e9558ffea9389fc88121ce1b2b5a8dc7b34588b6c6','3_mn6q3dS2EnDUx3bmyWc6D4szJNVGtaR7zc_mnfAHmddVibnZNSkh8DvKaQoiEfNsxjXzH_mtQheFaSfWELRB2MyMBaiWjdDm6ux9Ezns_3',14,'99e87b592df58564fbc6faff544d06b3533600543c180233cf2b85d64ff866c0','3_mn6q3dS2EnDUx3bmyWc6D4szJNVGtaR7zc_mnfAHmddVibnZNSkh8DvKaQoiEfNsxjXzH_mtQheFaSfWELRB2MyMBaiWjdDm6ux9Ezns_3',0,1,'3_mn6q3dS2EnDUx3bmyWc6D4szJNVGtaR7zc_mnfAHmddVibnZNSkh8DvKaQoiEfNsxjXzH_mtQheFaSfWELRB2MyMBaiWjdDm6ux9Ezns_3',100,1388000100,0.0,15120,41500000,20750000,154920,154921,154921,10,10,154930,5000000,'expired');
INSERT INTO bet_matches VALUES('c9a236c5da2bdafcf5e8f6905b4dcf384decdc9437f906e3ea7bbfe744960e6ae2d52a18156ab3988e9a6656d11fcba11d5f0d2e62dd825e3812956bd0579440',15,'c9a236c5da2bdafcf5e8f6905b4dcf384decdc9437f906e3ea7bbfe744960e6a','3_mn6q3dS2EnDUx3bmyWc6D4szJNVGtaR7zc_mnfAHmddVibnZNSkh8DvKaQoiEfNsxjXzH_mtQheFaSfWELRB2MyMBaiWjdDm6ux9Ezns_3',16,'e2d52a18156ab3988e9a6656d11fcba11d5f0d2e62dd825e3812956bd0579440','3_mn6q3dS2EnDUx3bmyWc6D4szJNVGtaR7zc_mnfAHmddVibnZNSkh8DvKaQoiEfNsxjXzH_mtQheFaSfWELRB2MyMBaiWjdDm6ux9Ezns_3',0,1,'3_mn6q3dS2EnDUx3bmyWc6D4szJNVGtaR7zc_mnfAHmddVibnZNSkh8DvKaQoiEfNsxjXzH_mtQheFaSfWELRB2MyMBaiWjdDm6ux9Ezns_3',100,1388000100,0.0,5040,150000000,350000000,154922,154923,154923,10,10,154932,5000000,'expired');
INSERT INTO bet_matches VALUES('56e92d995ee8b6f5e2c8903ecbe4fcb9f7cb40f0323aad238265ed3c8d1bc739e48c8e6e918347ce4f0bac6044eeb0061f7e25da712ff04a6260b2080f424282',17,'56e92d995ee8b6f5e2c8903ecbe4fcb9f7cb40f0323aad238265ed3c8d1bc739','3_mn6q3dS2EnDUx3bmyWc6D4szJNVGtaR7zc_mnfAHmddVibnZNSkh8DvKaQoiEfNsxjXzH_mtQheFaSfWELRB2MyMBaiWjdDm6ux9Ezns_3',18,'e48c8e6e918347ce4f0bac6044eeb0061f7e25da712ff04a6260b2080f424282','3_mn6q3dS2EnDUx3bmyWc6D4szJNVGtaR7zc_mnfAHmddVibnZNSkh8DvKaQoiEfNsxjXzH_mtQheFaSfWELRB2MyMBaiWjdDm6ux9Ezns_3',2,3,'3_mn6q3dS2EnDUx3bmyWc6D4szJNVGtaR7zc_mnfAHmddVibnZNSkh8DvKaQoiEfNsxjXzH_mtQheFaSfWELRB2MyMBaiWjdDm6ux9Ezns_3',100,1388000200,1.0,5040,750000000,650000000,154924,154925,154925,10,10,154934,5000000,'expired');
-- Triggers and indices on  bet_matches
CREATE INDEX valid_feed_idx ON bet_matches (feed_address, status);

-- Table  bets
DROP TABLE IF EXISTS bets;
CREATE TABLE bets(
                      tx_index INTEGER UNIQUE,
                      tx_hash TEXT UNIQUE,
                      block_index INTEGER,
                      source TEXT,
                      feed_address TEXT,
                      bet_type INTEGER,
                      deadline INTEGER,
                      wager_quantity INTEGER,
                      wager_remaining INTEGER,
                      counterwager_quantity INTEGER,
                      counterwager_remaining INTEGER,
                      target_value REAL,
                      leverage INTEGER,
                      expiration INTEGER,
                      expire_index INTEGER,
                      fee_fraction_int INTEGER,
                      status TEXT,
                      FOREIGN KEY (tx_index, tx_hash, block_index) REFERENCES transactions(tx_index, tx_hash, block_index),
                      PRIMARY KEY (tx_index, tx_hash));
INSERT INTO bets VALUES(13,'eb62a952570f9b06f214f2e9558ffea9389fc88121ce1b2b5a8dc7b34588b6c6',154920,'3_mn6q3dS2EnDUx3bmyWc6D4szJNVGtaR7zc_mnfAHmddVibnZNSkh8DvKaQoiEfNsxjXzH_mtQheFaSfWELRB2MyMBaiWjdDm6ux9Ezns_3','3_mn6q3dS2EnDUx3bmyWc6D4szJNVGtaR7zc_mnfAHmddVibnZNSkh8DvKaQoiEfNsxjXzH_mtQheFaSfWELRB2MyMBaiWjdDm6ux9Ezns_3',0,1388000100,50000000,8500000,25000000,4250000,0.0,15120,10,154930,5000000,'expired');
INSERT INTO bets VALUES(14,'99e87b592df58564fbc6faff544d06b3533600543c180233cf2b85d64ff866c0',154921,'3_mn6q3dS2EnDUx3bmyWc6D4szJNVGtaR7zc_mnfAHmddVibnZNSkh8DvKaQoiEfNsxjXzH_mtQheFaSfWELRB2MyMBaiWjdDm6ux9Ezns_3','3_mn6q3dS2EnDUx3bmyWc6D4szJNVGtaR7zc_mnfAHmddVibnZNSkh8DvKaQoiEfNsxjXzH_mtQheFaSfWELRB2MyMBaiWjdDm6ux9Ezns_3',1,1388000100,25000000,4250000,41500000,0,0.0,15120,10,154931,5000000,'filled');
INSERT INTO bets VALUES(15,'c9a236c5da2bdafcf5e8f6905b4dcf384decdc9437f906e3ea7bbfe744960e6a',154922,'3_mn6q3dS2EnDUx3bmyWc6D4szJNVGtaR7zc_mnfAHmddVibnZNSkh8DvKaQoiEfNsxjXzH_mtQheFaSfWELRB2MyMBaiWjdDm6ux9Ezns_3','3_mn6q3dS2EnDUx3bmyWc6D4szJNVGtaR7zc_mnfAHmddVibnZNSkh8DvKaQoiEfNsxjXzH_mtQheFaSfWELRB2MyMBaiWjdDm6ux9Ezns_3',0,1388000100,150000000,0,350000000,0,0.0,5040,10,154932,5000000,'filled');
INSERT INTO bets VALUES(16,'e2d52a18156ab3988e9a6656d11fcba11d5f0d2e62dd825e3812956bd0579440',154923,'3_mn6q3dS2EnDUx3bmyWc6D4szJNVGtaR7zc_mnfAHmddVibnZNSkh8DvKaQoiEfNsxjXzH_mtQheFaSfWELRB2MyMBaiWjdDm6ux9Ezns_3','3_mn6q3dS2EnDUx3bmyWc6D4szJNVGtaR7zc_mnfAHmddVibnZNSkh8DvKaQoiEfNsxjXzH_mtQheFaSfWELRB2MyMBaiWjdDm6ux9Ezns_3',1,1388000100,350000000,0,150000000,0,0.0,5040,10,154933,5000000,'filled');
INSERT INTO bets VALUES(17,'56e92d995ee8b6f5e2c8903ecbe4fcb9f7cb40f0323aad238265ed3c8d1bc739',154924,'3_mn6q3dS2EnDUx3bmyWc6D4szJNVGtaR7zc_mnfAHmddVibnZNSkh8DvKaQoiEfNsxjXzH_mtQheFaSfWELRB2MyMBaiWjdDm6ux9Ezns_3','3_mn6q3dS2EnDUx3bmyWc6D4szJNVGtaR7zc_mnfAHmddVibnZNSkh8DvKaQoiEfNsxjXzH_mtQheFaSfWELRB2MyMBaiWjdDm6ux9Ezns_3',2,1388000200,750000000,0,650000000,0,1.0,5040,10,154934,5000000,'filled');
INSERT INTO bets VALUES(18,'e48c8e6e918347ce4f0bac6044eeb0061f7e25da712ff04a6260b2080f424282',154925,'3_mn6q3dS2EnDUx3bmyWc6D4szJNVGtaR7zc_mnfAHmddVibnZNSkh8DvKaQoiEfNsxjXzH_mtQheFaSfWELRB2MyMBaiWjdDm6ux9Ezns_3','3_mn6q3dS2EnDUx3bmyWc6D4szJNVGtaR7zc_mnfAHmddVibnZNSkh8DvKaQoiEfNsxjXzH_mtQheFaSfWELRB2MyMBaiWjdDm6ux9Ezns_3',3,1388000200,650000000,0,750000000,0,1.0,5040,10,154935,5000000,'filled');
-- Triggers and indices on  bets
CREATE INDEX feed_valid_bettype_idx ON bets (feed_address, status, bet_type);

-- Table  blocks
DROP TABLE IF EXISTS blocks;
CREATE TABLE blocks(
                      block_index INTEGER UNIQUE,
                      block_hash TEXT UNIQUE,
                      block_time INTEGER, movements_hash TEXT,
                      PRIMARY KEY (block_index, block_hash));
INSERT INTO blocks VALUES(154907,'foobar',1337,'9ffe2080311b3241d224cc1f23564acb9f95a94424729cb910babead79dfa84e');
INSERT INTO blocks VALUES(154908,'cab26004a25bf4f3f706d147cc1a6b4ae35d4e2177acbb3a5e1347205fab75cc93c2cfdda0f9e01252776bdaccd4a9dc2cc2e2264af588dbe306734293c1c8c4',1549080000000,'aaa898e66107fa03b468a80bc1bd8d885fb3e284ebf6640a7c00f0f6f35f70dd');
INSERT INTO blocks VALUES(154909,'244e7bf91f9a9cd5ec8c2abd8740a506c2de2156ab635d08d78429afba33f7f090659eca59b3a3f862dd87bb36221e52915512486da5d6ef0ec37e85124a9303',1549090000000,'3bbad20ad74d79add504f978b2fbf6adf43ce7ade38f221134fc4d0405d97c94');
INSERT INTO blocks VALUES(154910,'80d40ca10e5ea63a2ad8303c70819f369afbbd5716faf875fa4eb8ac2799ee0f9b2e5e204849d8ebca34537bdef7620fe81db66fc8195e193ee778fa43d68cdb',1549100000000,'0d252a4deb8e36b5c469038f823556193fa69cff8cd226546f855680960707a1');
INSERT INTO blocks VALUES(154911,'c572450879274cc2a7adfa27f3484ba94d76ae3c23d42a92f386000ba36b09790b7448701614b040f3e5dadd6378940e4b47ddb7e6a0da38aadb578b81c178e1',1549110000000,'14e6f4688dcb1030d7d32a136a4e7a1206a977219d2f37d2ed848dfd262c0fa9');
INSERT INTO blocks VALUES(154912,'b0fe961d25394561c42ea0e5df888ba20580eab3ddb9d294faf901cda2517ebc2078f91137fdf9badefee7950b0274941c7764ecb47546c05e1a3563fc032339',1549120000000,'0df84b89810b154758ead566871d485f88f1caeea6ffb7b3a072d6f452ba1a8a');
INSERT INTO blocks VALUES(154913,'797ff8f7e2e601c1595d2bc2088ae7ecd723d53514b74e5545be46389d9ccf31bed1c874b482eee40b06d2d5823969203624a7fd540819262d0033ab08c0887f',1549130000000,'e330bf5e0c6a227570eb56e53be600539ef52bb26ff67bc0083d09c10b9362fc');
INSERT INTO blocks VALUES(154914,'78cad5b3c7bbac19cbbf5b58f7f2183441d22d200d3b1cb41da63aa293a5393883e3fcfc8eccd9c0ff5ca62b0552c8cd8b5c08e76475003f403c382725194e80',1549140000000,'66bcc068fa0b7d0273d0cd75a39908608bafd72551a2b1d20cede845b2873bff');
INSERT INTO blocks VALUES(154915,'fc8ccc098da63edc027cfcb3a6bd5a882e21cc79ec5786f499b1c483779af70d76cd7decf3d4018dcefa678e9566c2b2a2fce14e27a8bb273af4a9af7cf1d932',1549150000000,'def417c50b8123a897dae81ec3848dd2dacee68c7b2199b431807dc4efc1e488');
INSERT INTO blocks VALUES(154916,'94cd7d76a2cda75e80a2fe48dd3c44d46fed958f6223c9b0ff1a5ebcf255ab0a27df96220f9153fd180048828dcc3afe98c73988f91619f444c91c62a11d881b',1549160000000,'38d5e1ee987447417ed0a3b589a9817822853b5d763cb54e5eee03ae8f286e87');
INSERT INTO blocks VALUES(154917,'b8b1961aa5981b069f1e7ce8d7a181736b80b54a5bda33a1bdf4b46f3d0f3dd732bc290cd13e7dab43d12c9efe30723afbe75e82447acd433557548a7568bb1d',1549170000000,'9a17fe90489158b662f67f137067a5a51011dc649a6f4a99c0edbf5bd70a6e73');
INSERT INTO blocks VALUES(154918,'088546b5563c11520e7fefe3ee0b8bd554b63f935ba0f52ee593300d79ccaba01cef7410df455753f5b4b33326da18e055638a161582c2d6e241ddfe6136e379',1549180000000,'bbb5417dde81bb3721e309d38edbc9a604e34070de2fa863cefef293df93be8d');
INSERT INTO blocks VALUES(154919,'3dd36d3b00a9000ef4d22e3017f7af48c5c0a9af6e03ecc2a26a49345adef79ac252fd57551a14991e40d128990fbe8776fec55d4826b98e937f92bef3ae0be4',1549190000000,'6245b84964e78642fb755bd6603ebd691fe1249c0ad514f6e3ff77014da42221');
INSERT INTO blocks VALUES(154920,'0fca8dfde3b5b34b0829e1daa9a5c7f235a93d74fd3575d68f7a131c7790e01eb69fd3e0aaa9d872c8dad6d8e57e49b3a5903d774372ed5524dac8afc51c18d2',1549200000000,'cf0141b63720876f58c148bc4c3eb47f858d9dded38577cf83b170a415b35104');
INSERT INTO blocks VALUES(154921,'1a99275c7a70a496ce9fcd5cf21876916351805fdc5258dbaa004ff9ea8e451be93cc6f872819dd8942847c650afd37618bbb630528d772b4f8eb318122b1043',1549210000000,'bf3435d5d6a95c56611642811a0aa90c20ef6c077b2023549d662fadd100ce67');
INSERT INTO blocks VALUES(154922,'3e7b51e4121b3f70fa8ac6b3c2e3c29a985e05c5ad92678ee3982e931d81891a876260f7f53108a6e6d9012211a4f43cbc038b91dee92d2d1466448cec4979c4',1549220000000,'a8c720d6cd705ef24444107067d08de8edf6f25c54e75ec01b498604dc518594');
INSERT INTO blocks VALUES(154923,'9b16d5d768bbfd1c83ca224c2fd704429a16b6102dc1ccc21eec6547da4dad23bfa3f0df63b0a0c1159268008765227db81aac243e48f470594c3f8e30a2772b',1549230000000,'3323500c3229a1c070d954ba2911587b54cd73c7507af6676c46c2a351727d81');
INSERT INTO blocks VALUES(154924,'915916edf01452e1a554d7dd7c63acef01f9540006a5b09425d151a8a170bd23e0500bd89dc97b8e49f22a0e662d140f03bcd6d2d9faf2b35e6968cd076329d3',1549240000000,'e6920d17188723af8c2726145910433473cbb00b6dcc005032c1da36ee68d0a3');
INSERT INTO blocks VALUES(154925,'29d88d169c0c9bb778dd32b9d76fdef07d4cdd5302f02938101e03dd616426884b0e08816cfd7b217662f226003e3821f8e09063dd5250331a3e187557619386',1549250000000,'4b7003c924b8d6bd84c28dba734b1137a4c5b60e5a9567f44e455beb79a1acba');
INSERT INTO blocks VALUES(154926,'aeff66363337363dce240dd090e1d507f934b2496f82fce7094b6499b657f6375fb541747538a0001da7e87f708e10068399ef20441ba49485bc4edaa2347c85',1549260000000,'33b9018c033e0b2986f2a09a1bdb95a3ad63a2b1be46e45e18b3a822b288c4b8');
INSERT INTO blocks VALUES(154927,'bc5cd4a70a0e3038768b0b4dacc11bb5bdbbaa51a7a6d0a69aaed9ab49451f57aa1f702921cf8fd5e477c4f06353f7ae69c5ce347a1307c38edcb9619ba9709f',1549270000000,'a8d768923aada735244c5d13e030e0359cdaa19c2f78b1e82da29f8bef0e077b');
INSERT INTO blocks VALUES(154928,'f5b79d98c8c45e396851d32aaeb4730f0ffe2db82e36a6f8ba6b139a5a4fc6ec7e0e7a4c304f12a3b8ff41ab648a2d4b17689b7ea4c037b12a62a03988bee963',1549280000000,'dd5eff608a2a7811b60bb7d0fb015fb8378b994be2d3e6af31d2ff71a0ebc5df');
INSERT INTO blocks VALUES(154929,'7068c1abc38664730e4b979aa4d3beb7131c65e36cf7aaa2852bbe3a0b74783eaa0c7a7ed52ec04b5d6865faaceb23b41390ec93f667cffe8ba9cec6757bbba9',1549290000000,'3beeadaeca86ab75bc10895a2918632dcbb5e97508297cbf4f6a6cdba63a8a10');
INSERT INTO blocks VALUES(154930,'2b7fef6e9069f1a2f44e6eb08f0f5e32033d0048fc3cfc526237a4c4ced59590dbacfa4bfe95b894bc21658cffb2908b85280e6cfaa1545970bf2a724ceeea5b',1549300000000,'19c31cc2a42aafc4718820b11ee825de8fcee175c4aebad8e8665ff4711fd039');
INSERT INTO blocks VALUES(154931,'efd744787f5fa988aa515f4a7d14323969ab838c70a3d6d3a029ddf6eac7dd74568b09659b7756eafc7b6e410d8e5f5ba921d9a454c97f6c6b72ca7da37b5c58',1549310000000,'dbb32c3f2b8ee223f675ceebeb78aa128edb0790c816dc637408f03c5e013f64');
INSERT INTO blocks VALUES(154932,'09614b8f64a6aacc740150eab0bbe7aaef9045825e188800d44f8a5620afd0cc71f8a354b2d061b8cf2be47434963ee9709103d46151d9c18f80366b61d33eda',1549320000000,'be44d0db7b78c66f11526e5c2981e555b1d4b9d1ea8131809cf8a3d699a2c717');
INSERT INTO blocks VALUES(154933,'d08f4dd0524762d7ebb5939e2b73f98c2260c8f2314a93b468e983e13a96639477f2effcfe51395687508cf6f0cb2de65e818396e9b3adb4a499f3d8cb16a638',1549330000000,'5b4ce4ef005cdc5a5932762343f42cae244fbb4a655adc1cab0a17e5facce106');
INSERT INTO blocks VALUES(154934,'a519de47aa8c7eafe6fc8a4df5f5f05ea4bd27e41ea67d83555417146a35bbab2529ceff400f46163eb539a2c846bd8b8ee9cc87aefcce7b17054decb392a5ea',1549340000000,'562ef8363b1f6a4c6f64c8247abaebd40bd061b6fc9f7933369203bff8544c1f');
INSERT INTO blocks VALUES(154935,'bb8f4a793ea7c9ecab809a8c210ec05858a8241939ee6d12e283e2ad119ee87ca2078f81a3c295bb527766dc2713b90793ab8a518db9fb4f2967e43f245ee0fb',1549350000000,'8ba8c04f701c081e0d56e098586e6ded62693466e075028d4a2b0f86923bd260');
INSERT INTO blocks VALUES(154936,'3af58b36490131f828a765f13708b818c0a4b7082f2e0ac7d8cccdba7cd77fef40b07f115e453279ae7e9cd47f01ccdf9a23702634ab9793be5533d67c348735',1549360000000,'fdd2410ef7ed80fdf9b509ce3cbedba74e72002c818671e3dda93210c7b78e2c');
INSERT INTO blocks VALUES(154937,'0e82b767d5eef083b2547f3765bc77838ec407b1538acf5a0eb2f153665b65d9b499e7e716db7daefdb8852a411342a9d2ebfe2f4f93e9bb09d5a9ef03cb7cf4',1549370000000,'e0356201682e94544301b84a78b617cced4350abaf1ecfde9d0ac45efd816570');
INSERT INTO blocks VALUES(154938,'18caf8c9f20ce96dc3236f58b0fa7f190222ab4f4c5784cba192e3ed07c5abbad5d661f86c1bed557e60a3178c9609adfb28008cc151dfe6fb6720fe1140147c',1549380000000,'95b791cc7536adb77d5239dd752cc6e6404b658db4fca657546da1854e528621');
INSERT INTO blocks VALUES(154939,'8556a9add0b2c85c559660875d8ad86fccbf9b14155fda1cb2a2ea8d7bdd876670455324d5daa7aeecfb8ba03fe0f52a72920341d506c88487c32fbd3e199e69',1549390000000,'f211a0a13677436178ddb191d6d31aa0ebac5917443059b7d68b890957db5ea5');
INSERT INTO blocks VALUES(154940,'3d05a6248eb1289eea1e289063712814e39d2c70deb88904173379dbfc1dcbc24ad3b3cc0218dcceaa5785404bebfc95e810aab9ae61b5bb3a73f8b68862a95b',1549400000000,'56212501e02b124d23ca3f7431d011e6b95226486eed5d685c191df38874edac');
INSERT INTO blocks VALUES(154941,'644eef392211a8bda6da916bbdb7daa754592821dbd090f7a282f2fd81eb91d254993638e159c05cab80b9f5f2196329a74818cc6f31c62aeae8d4a1f6c61251',1549410000000,'7ee4ae1a2483dc4e02ae986ededa705fd728f466b8150c4d379d077a51c5ac5d');
INSERT INTO blocks VALUES(154942,'2261c71e82c98f4edafe7def4adc53de57d3bc38aabc9668d96f738c40ed2c51046d1cbc05d3f18f4eae4377f1f8dbcb0b6a7f9d36be283245c2d097fc328d23',1549420000000,'309e24c137053d12a04e82a7392ad4177263bd93191cb4bae27329a093b5bd8d');
INSERT INTO blocks VALUES(154943,'cc4a189d8d8f71535ce7b5ac10a186fdeeb09f97e9f54e5d3067540ef01dcb8f708b29de9e0322a770a44e43e2a411747fee51286f1cb04196c52c5751c08329',1549430000000,'0d7912e9334554f334a59c4cb13adc6e9085bd246f3e0dd9e7a2fe881d6dc022');
INSERT INTO blocks VALUES(154944,'1285526a9a9d27f8fdfa5e5968dfe4153e6793eb9ecb7f53aad952a1b7d8af60782811ad710c75834fe068466de48a757bd6225b89e4d1f6d6907362785ff18b',1549440000000,'de5f6462848c9f8c012b4545cb71038f9d98347e75347ab88ac77557e07b2529');
INSERT INTO blocks VALUES(154945,'11b7262157e0502c84c7163451fa3e0518cf71548fb703b7e778a4ff5b7148982af3942dfb631f06683d120419bb4411d857ab1f1071b4f0a2c56b228666dc15',1549450000000,'a9a94997d616d992d9d0a41c5d8221acbee4e0f4c7071803abf9cb765ba3be42');
INSERT INTO blocks VALUES(154946,'026773229d2ece96c17756d2e7a6faa04cf915636aef83a6e83df2b5b3bb7ef72903f70d610382668731456eeca24926081b7c3d6e1a8a27ac80f38ca60336ac',1549460000000,'ee7868a3a4c7da096c2b46dc9910dcb850cfd0f13f4ee898212928def6b78335');
INSERT INTO blocks VALUES(154947,'22638274827fba5eb7b8bb0ab3673b46406b56e7fd354dd21f9e0142187248ca8e015e1e4a0114c953ec409a9d6e0cc51d05456c6a0ef5a7d1e3a39deb9be314',1549470000000,'b7d190d10936d2672f25fcfa030e4ba3d5c06e61e76c8e556cd2de6b9241815d');
INSERT INTO blocks VALUES(154948,'814c484c989bca85681aaf213aa93da7f82c10f32a028491b2294ac8a8c156d14df6f9fea211f469dcee5ef6ff4344ab895ca9c5bff3cfb014d4e12511c3ddde',1549480000000,'d0e9271c65334be7687aee7ee34e6172b34b616785d3a2d188326b9b4d5175b8');
INSERT INTO blocks VALUES(154949,'aff167c21f15107dedfbfec621a8528e6a8288bdfe39783e66bfd2c205691e8239b48862c2a274676b7a516b4cc2801b26e1c59fef4b23b2f7b709d7bb7abc01',1549490000000,'89f2dd84ee3da50a180d93ef32438cbcdbb080bf0e6da39adb5ff0e1b8695539');
INSERT INTO blocks VALUES(154950,'5ab6b3147fa262fda038f6f7a0413281e8f7836f1f9a87f1b3579c699b810ef7cdac478eb61b81c6511d10989ed47daf8d64dfbb146e079709e4f9ae62648d1c',1549500000000,'7e7c167ce4bf790962b0d6e62eec16cbe5e8d91f43fbaa64090d5713819081bf');
INSERT INTO blocks VALUES(154951,'b08dab4a2dbaa6aedd05c6f83be59b135782e7f42971bc4006dc402e5ea455bafb3547edda8d7616dd9d99482bf0ff88e06d0851966d7c43cd9a58e0f0225eeb',1549510000000,'524e497c1f2cf09011f710ee25e5a82a72ec24e0398b010b10f8fabdf044a121');
INSERT INTO blocks VALUES(154952,'ec03859cd260d73cc2f65bbfd2217389649c6b99adbb03fbc046f0612efcd128812f13f3b804fb6ea5500fb5b217b64342719e29ecbadaf65377a3d668c8db23',1549520000000,'9419aaad9e06bcb9f36a6d5064cee1196f3fc5efdd846a0b8590fb96f9c0c970');
INSERT INTO blocks VALUES(154953,'1d8556214ae028d3e84f4a92df83d7c7d7a5bb60a3d2f90a44f45bc0fcad6ffefa6554d1edd547117864fbee6b957e790d23d7cbe45634140df2810c0e84a6e6',1549530000000,'f43738fa8b3421b2fa53d48b5fa88499a42c139381981308c880567622290719');
INSERT INTO blocks VALUES(154954,'c4cda98aab9f7965c540711d7018d648eaa2b5c71f1158ad0ec2505bc2be29da4044359967570ada171e94a7f44fe239185e5b565e97e6eb087295945aab6aae',1549540000000,'0c77824eae0d0c2594edda14b1783c74dd083d9d68bb45459abfbf8c0a1a6078');
INSERT INTO blocks VALUES(154955,'04b4498e214f976cc2daa71ef3d694ed283d98d5153f51dab0fd6ae3ffcc10bca28423b6f437723d7d366d71e8583cf444332cd82ffe30d801e17c1d9e5616a9',1549550000000,'d4208754105d3f80cdad038a2f386f3e2f817b32f5c6581805d722e04398eb2b');
INSERT INTO blocks VALUES(154956,'84847d413464cf667c6a0c701219c3d74c89c5397b7c05b8e0605e719db735d2d5631d34c78be6d33e3d3e8dfee5f408cbd8589f6ebc3467363b5cd5e0c976f2',1549560000000,'f2ad3432f3b35b692e1e071451302d74b6a3965820b3f548af9306c1b179850b');
INSERT INTO blocks VALUES(154957,'683fbb38e64d9baae72307908d889248d14ef9b49f3cb4b1b908259d5c60ae84583e37f1cce92cf224e27268cbaa72e440411125342852043e5dd9ac8dc5c025',1549570000000,'e7cdbbce639e42459b5a57f0254e7f8e4d14d580fbfeb2ed0b20aa9655d15657');
INSERT INTO blocks VALUES(154958,'0f0b225224d7bc638dac8d3914cb992fd8d1e2c3865d2be86482997f7f21d5f2769b789115687157f610946aee60c9c8a70ecba6f4c125bdc55130d24e96165a',1549580000000,'06b5327cc209611fc57f2b01525a6a61ab8a1b060a9243f256edbaf537871816');
INSERT INTO blocks VALUES(154959,'a93722e91ff6469a2637920d717029986861c68eff60d329bc4c9c0989102458af137871a830861b81d6ff38d891f785c9a4e99a1b7f6ddf73f0eadd2f758127',1549590000000,'0196787cd877f7541a69fa85b56940266eb638438902ca012dd009dc085dd42a');
INSERT INTO blocks VALUES(154960,'b461595bc00ec0d839a4b2cdbc2f2a164707b200a7b30cee7bcd40eb3931ab8e232031256f7c9709a566b31ff5e4ecb6316bd87e4a9a525f978e73cd98b6151a',1549600000000,'b4cd5f3455b326ec9ff92640cb5e93360efd3e793f13edcd5e5b5a970538e7f4');
INSERT INTO blocks VALUES(154961,'a452e92b115ba822e7e361bb013c318581cb99f925b90c9c7cd8c53ed4dfeaf3872c64303334f29f40dc9abbdaddfa99cb0a89fa1030695a7b05ad8b3c7ef815',1549610000000,'fe1affebf8f7665f79e67e4aab4e7dfe88674a32a6f63d7823984bc064a8edfc');
INSERT INTO blocks VALUES(154962,'28f7a57194638e338b6d498eb458b57d26840e2f43ae1b97dff479b23ff9616e3faeb7bbb951cfa51923a55533be8c365ad8083bca3c4d2b4643588241df894a',1549620000000,'f9d412f6fa4453a54418dfab8068f999687f400ed454060c98180871ab6e86cf');
INSERT INTO blocks VALUES(154963,'b77509735b3665871e4e71d4b6662f73888ec3a063154ccbabe0d2921b313853a225f7afd4a485869a7c787103a03597fc5c877b23c1c65a088c6d2c9a10c025',1549630000000,'e3e90e6af8c0cad7998de72ab6bacfdf91f1ae893e028c5016a13eab435782bb');
INSERT INTO blocks VALUES(154964,'017a8df5598912e2cca5956c9cce01a778e29726ae464f5426a17a742b393c4147852b79cca9b486ca09783351d24dd73246fd97676833150118dd0d08d4f709',1549640000000,'f7c81d7d93828884ca085e1cbfd7ef4ed6010f7d1f886a7af6003f16a06acf93');
INSERT INTO blocks VALUES(154965,'75fb3765550a5ff542d75240f68e7b5bd763b0d2173256fa051768a0ce6f7cb1aa4d6a32315498151e0e83f3da61f009102a4301cbf2aa1ff5af5eb448ad1ca9',1549650000000,'4f76da01f4f1879e267e5fc2b8bccd437ce98e40af0bad5bd94d596d1c856e88');
INSERT INTO blocks VALUES(154966,'ee43555f9c13a53bb53f26b9612f9422a6f63a224650fe1f31bdfac4beab558bbb87750815529ace266191b563f450514f3b6d9d9dfeb960fd73485789f1b079',1549660000000,'bcccb79d042cbc170ed1e3b8f09800c33bf72892ef4bae790623291fd94c16ce');
INSERT INTO blocks VALUES(154967,'96a342db6f42098ed9ed8036b963b55e9af92590eae65a6582be8b642c4fdd68d054170950f6d79554a7892fff1a483b2811d93f2d00f5ca5250585de09e4556',1549670000000,'1e97900c75f7661d76b37aa30e2d3a4da017569a2fd7f6d7dc9b29cd188e6420');
INSERT INTO blocks VALUES(154968,'b309eaa79341d302851f8576221ea0a1ab2f2dd4acfbd789bcb5feede0fcfe496d6d805f3ebc40de4bc5a90f563c8e08ce6c71cb587b8d541de1e59706d94247',1549680000000,'5c4bacdc63d165dda50cc7646610421022ce34921b5d04b084d6b92ae43d3c67');
INSERT INTO blocks VALUES(154969,'c0465d4a01fb187f4e1e14d87be8a93006cb88b20e65cbc7fac0d627aa29f23c8245e964527e59cd9b2b49ccc551207c767963b307c6a7f6702ce60bcaf03421',1549690000000,'7377542ed2ed99572813b4530b3f51c6d4a6e5883702ad1ed98d36ed4ea5b658');
INSERT INTO blocks VALUES(154970,'45933a14e69df3c84267d94d1f526e748dcdc359a5aa285708292198aaab561768a1af7f19e84b87154537ec676440857415d797e9981d60fdc0d406c99084ba',1549700000000,'c83ab69f73c43ab2f9f8a26f3aeaaa5b278aa23afaf948b26b42167e60a47394');
INSERT INTO blocks VALUES(154971,'205a791a9063cac284ef3dab0e058c98df5e112b00262823ee034039f5b805126de89bd526bfcba9c6acaaffe9cb36009a956c3c12ae24855e890961eb8942ad',1549710000000,'f4b1f7c32cfedc6775db6f32a4c0960c191676f0805ff1db0a89a161acfbb987');
INSERT INTO blocks VALUES(154972,'9b1a48abf1060e940a9194611b3d6b1feac3d7648cb673017ce1fe7e481b3c65aa8641b645fd8b4e94dff6bf2242f15403cfbc11b50085d99431ddbf7564418b',1549720000000,'c56b15c8eaf61e15d2adbdc7ec4eb287e8d6ad1a22b015583a601c3dcc6e1b88');
INSERT INTO blocks VALUES(154973,'f2436e4b5dbd5ad1070b8ba02d4417f5489a08edfecd49635e5d74a4a9b1bd5a72aaf6ee1d25738e7f0ecae90b619d7f2af2b1d057400bf1d0c164e705679cb7',1549730000000,'babd7026f2b77f86595d354456f188e12cb3df6c4a20e35dc08b650587b120de');
INSERT INTO blocks VALUES(154974,'c90a5b43fecfd642c579a3f2632e358550b8a1c55bebc104a63a952f967ff2e92da600c47ef793a1f9b11bac5d1ee2e366b0fa0fc0f7e2172dc5fe1198746e46',1549740000000,'b94de2d45c2247f8ec46c0b7af8ae70314b137026b63fcdc5d62ed900c48799b');
INSERT INTO blocks VALUES(154975,'cd695197a750945ec63fd0997dd83e997a4a66e8e498548b53d4a2a3d94e241e542ad8f21464786ab170c9b0834784247f2a6d6a0fedaa699ee09729378293be',1549750000000,'8e67f10892debf35af015811d4cef1f46821ad4df988d7c1776459d664623c8c');
INSERT INTO blocks VALUES(154976,'90223df03ad4b8ab13439c3fa4d6544eba7b9c7d8051279f3aea0a6ea386911b3d33b78abb74973c2d6e1de711b8fdc36a036a483a0b64f42e7d504afc095df1',1549760000000,'bda0e56b09ee32cf3d077bf933479b36410e1d05704d8bb85e06209711cc98da');
INSERT INTO blocks VALUES(154977,'96d12590f053c690ff82b7984e64c5a4582517b32b12bb4d4ad657f49458e4745b15647b0d772b793c9ff776db71e1a73d2e20dbb4dbaf5aa7a2aa455ca45477',1549770000000,'c0b566bce823c9264a6e3854a5711db2b02b800dd0d0107c0e03bcc369b8f037');
INSERT INTO blocks VALUES(154978,'6806d86dc2786982abccb4318463db681e9537dfed0da68a83950b14a3c747ca838b74c0e1f07dbfecfc9de13cbc5ae592bd1c2a18ddc991245595b01be448cc',1549780000000,'bad25ff4fefaed8e529d5a07ec3b1c1ceabfd52f1e322351a2238ba4224201ee');
INSERT INTO blocks VALUES(154979,'574e2a89653923cd30c5ebd94cae4e50e56ab6cc60a847c6bb274318b76a5c8736211cd209fc02bbed84df5a07c37ea2be2d96f840a7c60058a56d65f328fc67',1549790000000,'6d758470a578e2f10c597a66edf26723a46a74c1ad4593ab3ab76b7141d4fb82');
INSERT INTO blocks VALUES(154980,'7986c87b84a5240f0f1b2808cd84e00d01339e69436c3479dd03a16428740d0facb1d88f4733e07a65fd413f584dcaa7d2c47683ead011856e8e792a485e8969',1549800000000,'85996cc689dd796899cdaeac1ef493271c4fa8f65709151a1731e393bd96020e');
INSERT INTO blocks VALUES(154981,'7d32dc11080249c8ab974a72ff0fc4742ca8703c53b44c7692f185ff34d1e32a0512cd79b0107f990c43d6ae770511ee27fb78c4d03bec1833eee11b259bba8d',1549810000000,'31a8a294a76442bf5fce46253d5c62444346d706d4ed4940eea225e8c14f9183');
INSERT INTO blocks VALUES(154982,'766110ba2b50a1c0b743164d74871882e6b4a5fbb5082a4c37ab4e04cfa8aa8eaa710ba9f7668ba0141eb9e585586c385a0f17dc1c2cf55f50397ffc18717a2b',1549820000000,'157e9da4297d97b103c5f5dd0af8644f413f1a831bb58c775973c90b1d9806bb');
INSERT INTO blocks VALUES(154983,'2d0c386a1fad12d0b44815b00f9ac4e4f518f334b620920197591cf9f27ff89e7f48ae831ebe91664402088ecb5ef4e751964dfa52c424c17666f55ef997a7e7',1549830000000,'eb770426669e4d2a7146d42226653ceaf31a0b100269bb1d30290090bdc1fd32');
INSERT INTO blocks VALUES(154984,'c2b0c5ebf63c897a6d6f11f0ed2891ac1ed874de7f4ef481e26f26af44e5bef76907b5b672be3b4b1ef094c058931631e8c48ade989638d56ced718b81c10ec4',1549840000000,'b10208309a5bc8e4b5a31ebd6d526d371e98ff2650fe19c88cbf964d8eede8b2');
INSERT INTO blocks VALUES(154985,'c371882142ddace24a88072ad4e0ca3beeeea06896964de814bc28740f69ab918a85442d045fdf255498aec09480f4e7832132ba9822aea121523f56ee03937e',1549850000000,'3d1be08ce160156afa6d976caebf30499cfc162cbf4949fecea691bf17bfb8a0');
INSERT INTO blocks VALUES(154986,'8d9dc23c40398c904ea8248f929b57b3f1b92ee46e076c7e6f4b2ccc988f7d28fdf80eed9e56c107ac50c9e05b1bdb688fa764fb6e53bda0fd58fc908db9c093',1549860000000,'00403277098a2f3c629ffea092117e2976764f478f4cf811e1db21622d63c272');
INSERT INTO blocks VALUES(154987,'1fb56e72bacb7362989d3a0d942f0fe6e1f0745252d114463097740450dbdff77f99edaaf6b2c0dc37416d9fe38378346e0b2cd980ceb6d74643257af6cfe989',1549870000000,'e3029ce65051b41b9159f309b4e84247bb5adfc8933b1dbab6d49745fce29191');
INSERT INTO blocks VALUES(154988,'c806d7bf6dce61a03034488c9aa171d2d10b625aa3c972bc2b14df055e4ccddfbff162fe94b8e3d5319585266d48e11ac14cd44e81c8178fe5352e8285972497',1549880000000,'0332933e4370c819230ade38a6d0ba7d6b013f929674fb75435c1e91c9445102');
INSERT INTO blocks VALUES(154989,'9492b72f14d74fe3a277e7d63a3bc939717c3d36f934181a9784b156df10b2e77287b64b58abc98672e0629df490a7f1c131ea39aed32653fa186ccdf1dfc574',1549890000000,'740fc1eed258c54ba986c0d4f69bb45d5dc95e6bc66921e0b4b59b73ffecca29');
INSERT INTO blocks VALUES(154990,'4e47e426a26caf932c908adce0f132ed7ea2a5ec08db42176348810c00ba23adb344989e74e9bb0a7a5f6283678036e3289c1bf3059ac700d06dad2b8e4090b2',1549900000000,'ee26c6fa28c9451c6f360880ed6166439bdbaae9c208bc7a462d57a9bb579462');
INSERT INTO blocks VALUES(154991,'866feb4fec8a6cbe519277e370a9978f0831730e09c35ed4432aa189b63776a218e89c6a6bbbc76104574514f4deec64e2e31e2a49ac8fdedb5c3baedb18af78',1549910000000,'5792ca744ab814295bd14e40b1052e1c4ef3b4e7304eaf0fbeae66f85097f937');
INSERT INTO blocks VALUES(154992,'8c5c6a59b9ffe628fb77a4684232db2a62bedb7d13492c7d8d996f84acf477dada68c6e71d5c0512f92b728f457025b68956d749e182df8b8bc3d48797d719f2',1549920000000,'7c7731ca992a08121fbc7d2f6f45881766e50918f0d9ebea81e4ca265bb0a2b5');
INSERT INTO blocks VALUES(154993,'0154ade8f5e1c0fa87f7ff2e4014cc67c889f19dd673b32a771d0fc27204d5034f56b60807a468912ecc98ba3e4bcaec367d2add69fca84de80a2ff6fb5bcaf4',1549930000000,'e8c9a9df777e669b59dd0b5858ff304952bc937ef6634fba82acb640d599a47c');
INSERT INTO blocks VALUES(154994,'b3ee6cfa86acd454e2f4ab75127178af6a58374261d5ee5a169e4a9b7b095d9567aeef57ca7e528cec06a1d197f5c34bf261b9d0ca525f7eeafed0b413e706de',1549940000000,'e1ce7940670b2d53b889b2d793803e9d186a06779346a2710cc7da890f19e877');
INSERT INTO blocks VALUES(154995,'030d0f64feb56cb400837a02de37d0d82ef6546e6a6bc5b9bba99c5b038a06054118b55d441fa383fad9cdea5fbca41a3b918c14a7cfd2f5293fbbbc746f5025',1549950000000,'9fc18f43fe00422691e08cf465c11f321e62eb8c1a3818caf7a3a2a0686b7861');
INSERT INTO blocks VALUES(154996,'1a18a0077cb94535ba68ebea4f3af52f59ae885e8d5f64741aebf4f400a16f1d4b7fd27b4a9bc179c5218e48f03686dc7b359b113b825cf003c00266d929dae3',1549960000000,'71e3e0353658ea098822800a3d0d545b90ab189277a5f142c924a4649eabc244');
INSERT INTO blocks VALUES(154997,'8440419516f8f8ddbccb55cfd854730a4d2ad31da48a141606e0766876b46f5c3f4ddf894f739c670047e88c772b5287087515912f119d330b3c3e11034d9a02',1549970000000,'e5ea95c854e70c52eb0fdeef3a8a9be2fbc3445722926edf930706018ee96c78');
INSERT INTO blocks VALUES(154998,'5f22dca70c3ff67d96f8dd71cac9f35e2b38e0b9926824cf9aa286dbd4a83d1180f69551249c651d50ba36da099e475c4d8508b6c276d831c09e3381af14e3c6',1549980000000,'54e98a9330479b4fc57e480253260073c6c0eb60a9c87d531ff0c120f0947741');
INSERT INTO blocks VALUES(154999,'b0785d57b7e9338067fc9f804eef9bd6600787f0f5c84c104d07c13c469cbbc71b726c311c9873aa234b591457c420cdf095fa41f0208364190b030d429042f6',1549990000000,'871034bb6a3249522031ad5533af9c91e3f77dffe80e54a2dfd92339ad0f138e');
INSERT INTO blocks VALUES(155000,'41bd5c094337abae2ee087983666d59de761634d2f52bb92726ba5c2acb0654860e67c39fbdac269b39195f2945a2a4d53c76b06c2d814eacec125e4b2a4342c',1550000000000,'0aebbe461a6e711e6957f9c8ed7b408894477494d69132b9d8519078214a7fad');
INSERT INTO blocks VALUES(155001,'502958305b384f43fe8f6cced0ef02938c731bdb77d6d0d0a891b0d4a89aeddd8abef8ec20071069591efc60967420ee08a0f376b8a7faaf93de5d6f91df76d3',1550010000000,'ecd68f62f22b3aaa4ca336f41f2935ba16e40e8aa7f230ba079dfc1231cf90b6');
INSERT INTO blocks VALUES(155002,'0ca8ce307305dc7f7269f89abc701f78ca7018655d97f89d30a017b82f851a8d9e198056ef8ea2ccec43146e963392c03376c9814f44a84b36ac70feb33514a1',1550020000000,'b03b5271637066a1355120e79c0f2dbff89b3666eabc0a5892bf14d9c172e822');
INSERT INTO blocks VALUES(155003,'b647d70d2a1cc8c93aa27b5ee9130a4c9f619b00881d4a6df375d533cffe6e1d0d89172eff55913c2026bced28550c25bb7e4dd62b7974b648bc4fa9ab0d9ad1',1550030000000,'b43d6bed5458cfc5c62bca5ecc689a3bec6dcda5c03854c30f3790b5ae4b52e9');
INSERT INTO blocks VALUES(155004,'9c7e755a7e8f184ae4af05b6db3d4eeb12f5091fa82f3784bbf14568142e9f7965807182327908799d2d3918dfd501381a668be790307c57735d49d6c485b3b2',1550040000000,'ec69d52b437234f3012a2f06ba6ce5444c4405bab23bfb570e72bcfd399db5a0');
INSERT INTO blocks VALUES(155005,'3335cec74083c9045768934dc5addc2a026a137f67e138a6dff2ba39120a50c30f93d8b57a2a430d8e5fa39cefd681203157d80e2babb51df4963383a536f10b',1550050000000,'e925614ca21540f927975e6058a90f5da785e9e3af7cd8539087c12303a659cb');
INSERT INTO blocks VALUES(155006,'ea9eb42c0a047834b24bf7a72984933a5db31a55010eb87eea454384fa96e6efaa6f829eda9d84b9da33dc0e0fae26962983cea39caadc9e8c5911513c5932be',1550060000000,'7963a1c0c3a3fd431bb630e4fe34666b5427888de377c5dcc11737aaef7bfc2a');
INSERT INTO blocks VALUES(155007,'30787cd612f263a3e9893b3250e1ef05d07bd514dd2d3822c668bce931c3bb425688dfb293e2f9d0ba3d1b6053bfe854e35af11f772c2616f98854ee4f091467',1550070000000,'44b4eff2e5a9f05f0499ba0664e4e1e158e496f823de61039c194d97d2bf1abe');
INSERT INTO blocks VALUES(155008,'52659bb5d20a0c295a577b5903a952ad8b04db83fd083b4221da63660958aaffac4589fef46977336f7dd90574eb8ecc7a50661edbed7d437b87d4f097a3666e',1550080000000,'91572167e46bf93ae56d3cdb0d0b74ddab7d153fa42d01450b39910a5b62f449');
INSERT INTO blocks VALUES(155009,'2ebbf8f2c689c039ea06b66af96a498dec9c7ccc21ed3c2615364dc86d83f619933e07198d7f6deedf2c1e9dddca4310de0d98ff68ebdf03182bf33ca58ab6e4',1550090000000,'f0bde72c07d5e7c61f77d7ee494a9cd2be6e6278adc130e29135a6efab0aca68');
-- Triggers and indices on  blocks
CREATE INDEX block_index_idx ON blocks (block_index);
CREATE INDEX index_hash_idx ON blocks (block_index, block_hash);

-- Table  broadcasts
DROP TABLE IF EXISTS broadcasts;
CREATE TABLE broadcasts(
                      tx_index INTEGER PRIMARY KEY,
                      tx_hash TEXT UNIQUE,
                      block_index INTEGER,
                      source TEXT,
                      timestamp INTEGER,
                      value REAL,
                      fee_fraction_int INTEGER,
                      text TEXT,
                      locked BOOL,
                      status TEXT,
                      FOREIGN KEY (tx_index, tx_hash, block_index) REFERENCES transactions(tx_index, tx_hash, block_index));
INSERT INTO broadcasts VALUES(12,'fbb7f3e2fca7cddbafd6d2d8f815c839f04f55056d82e9b221b6d75dcb6e1762',154919,'3_mn6q3dS2EnDUx3bmyWc6D4szJNVGtaR7zc_mnfAHmddVibnZNSkh8DvKaQoiEfNsxjXzH_mtQheFaSfWELRB2MyMBaiWjdDm6ux9Ezns_3',1388000000,100.0,5000000,'Unit Test',0,'valid');
INSERT INTO broadcasts VALUES(19,'3688080407232493fb89ffa14667000832ee8f27fa801e007b358dbbc7283628',154926,'3_mn6q3dS2EnDUx3bmyWc6D4szJNVGtaR7zc_mnfAHmddVibnZNSkh8DvKaQoiEfNsxjXzH_mtQheFaSfWELRB2MyMBaiWjdDm6ux9Ezns_3',1388000050,99.86166,5000000,'Unit Test',0,'valid');
INSERT INTO broadcasts VALUES(20,'ddb749a327cdd37b93f4dee9cb015e2418c0f64c221fa69e41e5af8d6a5e654a',154927,'3_mn6q3dS2EnDUx3bmyWc6D4szJNVGtaR7zc_mnfAHmddVibnZNSkh8DvKaQoiEfNsxjXzH_mtQheFaSfWELRB2MyMBaiWjdDm6ux9Ezns_3',1388000101,100.343,5000000,'Unit Test',0,'valid');
INSERT INTO broadcasts VALUES(21,'da3ca4eb535d2d0d5c01d70df569f9e1453eea073c7c13e7ad30d664bccf43cd',154928,'3_mn6q3dS2EnDUx3bmyWc6D4szJNVGtaR7zc_mnfAHmddVibnZNSkh8DvKaQoiEfNsxjXzH_mtQheFaSfWELRB2MyMBaiWjdDm6ux9Ezns_3',1388000201,2.0,5000000,'Unit Test',0,'valid');
-- Triggers and indices on  broadcasts
CREATE INDEX status_source_idx ON broadcasts (status, source);
CREATE INDEX status_source_index_idx ON broadcasts (status, source, tx_index);
CREATE INDEX timestamp_idx ON broadcasts (timestamp);

-- Table  btcpays
DROP TABLE IF EXISTS btcpays;
CREATE TABLE btcpays(
                      tx_index INTEGER PRIMARY KEY,
                      tx_hash TEXT UNIQUE,
                      block_index INTEGER,
                      source TEXT,
                      destination TEXT,
                      btc_amount INTEGER,
                      order_match_id TEXT,
                      status TEXT,
                      FOREIGN KEY (tx_index, tx_hash, block_index) REFERENCES transactions(tx_index, tx_hash, block_index));
INSERT INTO btcpays VALUES(5,'7a37ea9d6ebe49c2340473063c9d812f931c12440334fd2513069cfcaea012e0',154912,'3_mn6q3dS2EnDUx3bmyWc6D4szJNVGtaR7zc_mnfAHmddVibnZNSkh8DvKaQoiEfNsxjXzH_mtQheFaSfWELRB2MyMBaiWjdDm6ux9Ezns_3','3_mn6q3dS2EnDUx3bmyWc6D4szJNVGtaR7zc_mnfAHmddVibnZNSkh8DvKaQoiEfNsxjXzH_mtQheFaSfWELRB2MyMBaiWjdDm6ux9Ezns_3',50000000,'791e7db77ec2e974dc7912af2f09bb5b00bdebee1fc0905ce5ce953128d13f638250f7b366140c67814c2063661c86267d7e9c744f5b87f2d73990e033e7c7f6','valid');

-- Table  burns
DROP TABLE IF EXISTS burns;
CREATE TABLE burns(
                      tx_index INTEGER PRIMARY KEY,
                      tx_hash TEXT UNIQUE,
                      block_index INTEGER,
                      source TEXT,
                      burned INTEGER,
                      earned INTEGER,
                      status TEXT,
                      FOREIGN KEY (tx_index, tx_hash, block_index) REFERENCES transactions(tx_index, tx_hash, block_index));
INSERT INTO burns VALUES(1,'ea943c04d4000c0c0db775218c0c5d7a3df7a97c20fbcc37a7c366b616192ed4',154908,'3_mn6q3dS2EnDUx3bmyWc6D4szJNVGtaR7zc_mnfAHmddVibnZNSkh8DvKaQoiEfNsxjXzH_mtQheFaSfWELRB2MyMBaiWjdDm6ux9Ezns_3',62000000,93000000000,'valid');
INSERT INTO burns VALUES(23,'eda03a83756431d7684530cea1c41acb8f20bb44fd9b44cee18b6fcf17c0596d',154930,'3_mn6q3dS2EnDUx3bmyWc6D4szJNVGtaR7zc_mnfAHmddVibnZNSkh8DvKaQoiEfNsxjXzH_mtQheFaSfWELRB2MyMBaiWjdDm6ux9Ezns_3',38000000,56999891788,'valid');

-- Table  callbacks
DROP TABLE IF EXISTS callbacks;
CREATE TABLE callbacks(
                      tx_index INTEGER PRIMARY KEY,
                      tx_hash TEXT UNIQUE,
                      block_index INTEGER,
                      source TEXT,
                      fraction TEXT,
                      asset TEXT,
                      status TEXT,
                      FOREIGN KEY (tx_index, tx_hash, block_index) REFERENCES transactions(tx_index, tx_hash, block_index));
INSERT INTO callbacks VALUES(25,'da09af2f1ed43341434430a181fc7d11b002527bde3498277d9b4825f2870c26',154932,'3_mn6q3dS2EnDUx3bmyWc6D4szJNVGtaR7zc_mnfAHmddVibnZNSkh8DvKaQoiEfNsxjXzH_mtQheFaSfWELRB2MyMBaiWjdDm6ux9Ezns_3','0.3','BBBC','valid');

-- Table  cancels
DROP TABLE IF EXISTS cancels;
CREATE TABLE cancels(
                      tx_index INTEGER PRIMARY KEY,
                      tx_hash TEXT UNIQUE,
                      block_index INTEGER,
                      source TEXT,
                      offer_hash TEXT,
                      status TEXT,
                      FOREIGN KEY (tx_index, tx_hash, block_index) REFERENCES transactions(tx_index, tx_hash, block_index));
-- Triggers and indices on  cancels
CREATE INDEX cancels_block_index_idx ON cancels (block_index);

-- Table  credits
DROP TABLE IF EXISTS credits;
CREATE TABLE credits(
                      block_index INTEGER,
                      address TEXT,
                      asset TEXT,
                      quantity INTEGER,
                      calling_function TEXT,
                      event TEXT,
                      FOREIGN KEY (block_index) REFERENCES blocks(block_index));
INSERT INTO credits VALUES(154908,'3_mn6q3dS2EnDUx3bmyWc6D4szJNVGtaR7zc_mnfAHmddVibnZNSkh8DvKaQoiEfNsxjXzH_mtQheFaSfWELRB2MyMBaiWjdDm6ux9Ezns_3','XCP',93000000000,'burn','ea943c04d4000c0c0db775218c0c5d7a3df7a97c20fbcc37a7c366b616192ed4');
INSERT INTO credits VALUES(154909,'3_mn6q3dS2EnDUx3bmyWc6D4szJNVGtaR7zc_mnfAHmddVibnZNSkh8DvKaQoiEfNsxjXzH_mqPCfvqTfYctXMUfmniXeG2nyaN8w6tPmj_3','XCP',50000000,'send','3c2d71955f1c0686b5c6393d783cc9e5c5d9d6fa69b7f10bf70ea96f46849dfd');
INSERT INTO credits VALUES(154912,'3_mn6q3dS2EnDUx3bmyWc6D4szJNVGtaR7zc_mnfAHmddVibnZNSkh8DvKaQoiEfNsxjXzH_mtQheFaSfWELRB2MyMBaiWjdDm6ux9Ezns_3','XCP',100000000,'btcpay','7a37ea9d6ebe49c2340473063c9d812f931c12440334fd2513069cfcaea012e0');
INSERT INTO credits VALUES(154913,'3_mn6q3dS2EnDUx3bmyWc6D4szJNVGtaR7zc_mnfAHmddVibnZNSkh8DvKaQoiEfNsxjXzH_mtQheFaSfWELRB2MyMBaiWjdDm6ux9Ezns_3','BBBB',1000000000,'issuance','b773c5c1d8d8e712fdb8f81da2a8a958df916af5ef2b408f38959e6d508ea2ec');
INSERT INTO credits VALUES(154914,'3_mn6q3dS2EnDUx3bmyWc6D4szJNVGtaR7zc_mnfAHmddVibnZNSkh8DvKaQoiEfNsxjXzH_mtQheFaSfWELRB2MyMBaiWjdDm6ux9Ezns_3','BBBC',100000,'issuance','f94a66b87eea2de4bdfdfe4da4bce9b46f52f7fa36353da8b63f4a6b4f6d8ec5');
INSERT INTO credits VALUES(154915,'3_mn6q3dS2EnDUx3bmyWc6D4szJNVGtaR7zc_mnfAHmddVibnZNSkh8DvKaQoiEfNsxjXzH_mqPCfvqTfYctXMUfmniXeG2nyaN8w6tPmj_3','BBBB',4000000,'send','aaf9e85bda8bab58993f79ddff0a2ea6d302d5ba654fdff4066f678705107ff0');
INSERT INTO credits VALUES(154916,'3_mn6q3dS2EnDUx3bmyWc6D4szJNVGtaR7zc_mnfAHmddVibnZNSkh8DvKaQoiEfNsxjXzH_mqPCfvqTfYctXMUfmniXeG2nyaN8w6tPmj_3','BBBC',526,'send','e0a6b9c34b995fc753d1b0013e246896df8c01250801ba0da1672e7abd9704cc');
INSERT INTO credits VALUES(154917,'3_mn6q3dS2EnDUx3bmyWc6D4szJNVGtaR7zc_mnfAHmddVibnZNSkh8DvKaQoiEfNsxjXzH_mqPCfvqTfYctXMUfmniXeG2nyaN8w6tPmj_3','XCP',24,'dividend','3e1abd33d54cbd567e544ec193ad94a1da8e1adb40e0b587c16326fde869741b');
INSERT INTO credits VALUES(154918,'3_mn6q3dS2EnDUx3bmyWc6D4szJNVGtaR7zc_mnfAHmddVibnZNSkh8DvKaQoiEfNsxjXzH_mqPCfvqTfYctXMUfmniXeG2nyaN8w6tPmj_3','XCP',420800,'dividend','af2faf3ffb55f110f68197c1292c8bdb73644ac86fc28b29d287219b8bbd96da');
INSERT INTO credits VALUES(154921,'3_mn6q3dS2EnDUx3bmyWc6D4szJNVGtaR7zc_mnfAHmddVibnZNSkh8DvKaQoiEfNsxjXzH_mtQheFaSfWELRB2MyMBaiWjdDm6ux9Ezns_3','XCP',4250000,'filled','99e87b592df58564fbc6faff544d06b3533600543c180233cf2b85d64ff866c0');
INSERT INTO credits VALUES(154922,'3_mn6q3dS2EnDUx3bmyWc6D4szJNVGtaR7zc_mnfAHmddVibnZNSkh8DvKaQoiEfNsxjXzH_mtQheFaSfWELRB2MyMBaiWjdDm6ux9Ezns_3','XCP',5000000,'cancel order','8250f7b366140c67814c2063661c86267d7e9c744f5b87f2d73990e033e7c7f6');
INSERT INTO credits VALUES(154922,'3_mn6q3dS2EnDUx3bmyWc6D4szJNVGtaR7zc_mnfAHmddVibnZNSkh8DvKaQoiEfNsxjXzH_mtQheFaSfWELRB2MyMBaiWjdDm6ux9Ezns_3','XCP',41500000,'recredit forward quantity','eb62a952570f9b06f214f2e9558ffea9389fc88121ce1b2b5a8dc7b34588b6c699e87b592df58564fbc6faff544d06b3533600543c180233cf2b85d64ff866c0');
INSERT INTO credits VALUES(154922,'3_mn6q3dS2EnDUx3bmyWc6D4szJNVGtaR7zc_mnfAHmddVibnZNSkh8DvKaQoiEfNsxjXzH_mtQheFaSfWELRB2MyMBaiWjdDm6ux9Ezns_3','XCP',20750000,'recredit backward quantity','eb62a952570f9b06f214f2e9558ffea9389fc88121ce1b2b5a8dc7b34588b6c699e87b592df58564fbc6faff544d06b3533600543c180233cf2b85d64ff866c0');
INSERT INTO credits VALUES(154923,'3_mn6q3dS2EnDUx3bmyWc6D4szJNVGtaR7zc_mnfAHmddVibnZNSkh8DvKaQoiEfNsxjXzH_mtQheFaSfWELRB2MyMBaiWjdDm6ux9Ezns_3','XCP',0,'filled','e2d52a18156ab3988e9a6656d11fcba11d5f0d2e62dd825e3812956bd0579440');
INSERT INTO credits VALUES(154923,'3_mn6q3dS2EnDUx3bmyWc6D4szJNVGtaR7zc_mnfAHmddVibnZNSkh8DvKaQoiEfNsxjXzH_mtQheFaSfWELRB2MyMBaiWjdDm6ux9Ezns_3','XCP',0,'filled','e2d52a18156ab3988e9a6656d11fcba11d5f0d2e62dd825e3812956bd0579440');
INSERT INTO credits VALUES(154924,'3_mn6q3dS2EnDUx3bmyWc6D4szJNVGtaR7zc_mnfAHmddVibnZNSkh8DvKaQoiEfNsxjXzH_mtQheFaSfWELRB2MyMBaiWjdDm6ux9Ezns_3','XCP',150000000,'recredit forward quantity','c9a236c5da2bdafcf5e8f6905b4dcf384decdc9437f906e3ea7bbfe744960e6ae2d52a18156ab3988e9a6656d11fcba11d5f0d2e62dd825e3812956bd0579440');
INSERT INTO credits VALUES(154924,'3_mn6q3dS2EnDUx3bmyWc6D4szJNVGtaR7zc_mnfAHmddVibnZNSkh8DvKaQoiEfNsxjXzH_mtQheFaSfWELRB2MyMBaiWjdDm6ux9Ezns_3','XCP',350000000,'recredit backward quantity','c9a236c5da2bdafcf5e8f6905b4dcf384decdc9437f906e3ea7bbfe744960e6ae2d52a18156ab3988e9a6656d11fcba11d5f0d2e62dd825e3812956bd0579440');
INSERT INTO credits VALUES(154925,'3_mn6q3dS2EnDUx3bmyWc6D4szJNVGtaR7zc_mnfAHmddVibnZNSkh8DvKaQoiEfNsxjXzH_mtQheFaSfWELRB2MyMBaiWjdDm6ux9Ezns_3','XCP',0,'filled','e48c8e6e918347ce4f0bac6044eeb0061f7e25da712ff04a6260b2080f424282');
INSERT INTO credits VALUES(154925,'3_mn6q3dS2EnDUx3bmyWc6D4szJNVGtaR7zc_mnfAHmddVibnZNSkh8DvKaQoiEfNsxjXzH_mtQheFaSfWELRB2MyMBaiWjdDm6ux9Ezns_3','XCP',0,'filled','e48c8e6e918347ce4f0bac6044eeb0061f7e25da712ff04a6260b2080f424282');
INSERT INTO credits VALUES(154926,'3_mn6q3dS2EnDUx3bmyWc6D4szJNVGtaR7zc_mnfAHmddVibnZNSkh8DvKaQoiEfNsxjXzH_mtQheFaSfWELRB2MyMBaiWjdDm6ux9Ezns_3','XCP',750000000,'recredit forward quantity','56e92d995ee8b6f5e2c8903ecbe4fcb9f7cb40f0323aad238265ed3c8d1bc739e48c8e6e918347ce4f0bac6044eeb0061f7e25da712ff04a6260b2080f424282');
INSERT INTO credits VALUES(154926,'3_mn6q3dS2EnDUx3bmyWc6D4szJNVGtaR7zc_mnfAHmddVibnZNSkh8DvKaQoiEfNsxjXzH_mtQheFaSfWELRB2MyMBaiWjdDm6ux9Ezns_3','XCP',650000000,'recredit backward quantity','56e92d995ee8b6f5e2c8903ecbe4fcb9f7cb40f0323aad238265ed3c8d1bc739e48c8e6e918347ce4f0bac6044eeb0061f7e25da712ff04a6260b2080f424282');
INSERT INTO credits VALUES(154930,'3_mn6q3dS2EnDUx3bmyWc6D4szJNVGtaR7zc_mnfAHmddVibnZNSkh8DvKaQoiEfNsxjXzH_mtQheFaSfWELRB2MyMBaiWjdDm6ux9Ezns_3','XCP',56999891788,'burn','eda03a83756431d7684530cea1c41acb8f20bb44fd9b44cee18b6fcf17c0596d');
INSERT INTO credits VALUES(154931,'3_mn6q3dS2EnDUx3bmyWc6D4szJNVGtaR7zc_mnfAHmddVibnZNSkh8DvKaQoiEfNsxjXzH_mtQheFaSfWELRB2MyMBaiWjdDm6ux9Ezns_3','XCP',8500000,'recredit wager remaining','eb62a952570f9b06f214f2e9558ffea9389fc88121ce1b2b5a8dc7b34588b6c6');
INSERT INTO credits VALUES(154931,'3_mn6q3dS2EnDUx3bmyWc6D4szJNVGtaR7zc_mnfAHmddVibnZNSkh8DvKaQoiEfNsxjXzH_mqPCfvqTfYctXMUfmniXeG2nyaN8w6tPmj_3','BBBC',10000,'send','c26918103799be9d661608fdb56f29281d6e3b81ca1535ca777f33f5c459ba0f');
INSERT INTO credits VALUES(154932,'3_mn6q3dS2EnDUx3bmyWc6D4szJNVGtaR7zc_mnfAHmddVibnZNSkh8DvKaQoiEfNsxjXzH_mtQheFaSfWELRB2MyMBaiWjdDm6ux9Ezns_3','BBBC',3157,'callback','da09af2f1ed43341434430a181fc7d11b002527bde3498277d9b4825f2870c26');
INSERT INTO credits VALUES(154932,'3_mn6q3dS2EnDUx3bmyWc6D4szJNVGtaR7zc_mnfAHmddVibnZNSkh8DvKaQoiEfNsxjXzH_mqPCfvqTfYctXMUfmniXeG2nyaN8w6tPmj_3','XCP',4735500000,'callback','da09af2f1ed43341434430a181fc7d11b002527bde3498277d9b4825f2870c26');
INSERT INTO credits VALUES(154936,'3_mn6q3dS2EnDUx3bmyWc6D4szJNVGtaR7zc_mnfAHmddVibnZNSkh8DvKaQoiEfNsxjXzH_mtQheFaSfWELRB2MyMBaiWjdDm6ux9Ezns_3','XCP',22043326,'wins','ab5efc8615faa7f9a4af81b4418fbd6dbd6a395804b2cd3b83eb49968b35480b2b35d8308052dbf05b804bc5ec0eec0e8c1e4fe4d75efde745a7733493e295b9');
INSERT INTO credits VALUES(154940,'3_mn6q3dS2EnDUx3bmyWc6D4szJNVGtaR7zc_mnfAHmddVibnZNSkh8DvKaQoiEfNsxjXzH_mtQheFaSfWELRB2MyMBaiWjdDm6ux9Ezns_3','BBBB',50000000,'cancel order','a15c90cdd8b58aad144ca10b6008568129c0e216ac5adfb047916099b8f8b115');
INSERT INTO credits VALUES(154948,'3_mn6q3dS2EnDUx3bmyWc6D4szJNVGtaR7zc_mnfAHmddVibnZNSkh8DvKaQoiEfNsxjXzH_mtQheFaSfWELRB2MyMBaiWjdDm6ux9Ezns_3','XCP',11021663,'recredit wager','c0a52022a3e276b3f340286c56fb44d3b8c212b780a25bf244c54a4039f2d51a');
INSERT INTO credits VALUES(154977,'3_mn6q3dS2EnDUx3bmyWc6D4szJNVGtaR7zc_mnfAHmddVibnZNSkh8DvKaQoiEfNsxjXzH_mtQheFaSfWELRB2MyMBaiWjdDm6ux9Ezns_3','XCP',11021664,'recredit wager','5f29d8ecf3a449b7f0247e48b92f4ef4714522097716fc1d873a172cefb069bf0d14447f359de3badc76cca72065e8ad71cb3bf69a0cb65a9ef3c34d79c872c1');
INSERT INTO credits VALUES(154977,'3_mn6q3dS2EnDUx3bmyWc6D4szJNVGtaR7zc_mnfAHmddVibnZNSkh8DvKaQoiEfNsxjXzH_mqPCfvqTfYctXMUfmniXeG2nyaN8w6tPmj_3','XCP',11021664,'recredit wager','5f29d8ecf3a449b7f0247e48b92f4ef4714522097716fc1d873a172cefb069bf0d14447f359de3badc76cca72065e8ad71cb3bf69a0cb65a9ef3c34d79c872c1');
INSERT INTO credits VALUES(155004,'3_mn6q3dS2EnDUx3bmyWc6D4szJNVGtaR7zc_mnfAHmddVibnZNSkh8DvKaQoiEfNsxjXzH_mtQheFaSfWELRB2MyMBaiWjdDm6ux9Ezns_3','XCP',22043330,'wins','68d8328f0d3fbdc45ac14d7982622964e9d6b99ad0be065ff6d8ed3fbeaa9a567edcdabe2c175888d827a2a9c514b5e62589255d5fbc171aa6092a954fa2c95a');

-- Table  debits
DROP TABLE IF EXISTS debits;
CREATE TABLE debits(
                      block_index INTEGER,
                      address TEXT,
                      asset TEXT,
                      quantity INTEGER,
                      action TEXT,
                      event TEXT,
                      FOREIGN KEY (block_index) REFERENCES blocks(block_index));
INSERT INTO debits VALUES(154909,'3_mn6q3dS2EnDUx3bmyWc6D4szJNVGtaR7zc_mnfAHmddVibnZNSkh8DvKaQoiEfNsxjXzH_mtQheFaSfWELRB2MyMBaiWjdDm6ux9Ezns_3','XCP',50000000,'send','3c2d71955f1c0686b5c6393d783cc9e5c5d9d6fa69b7f10bf70ea96f46849dfd');
INSERT INTO debits VALUES(154911,'3_mn6q3dS2EnDUx3bmyWc6D4szJNVGtaR7zc_mnfAHmddVibnZNSkh8DvKaQoiEfNsxjXzH_mtQheFaSfWELRB2MyMBaiWjdDm6ux9Ezns_3','XCP',105000000,'open order','8250f7b366140c67814c2063661c86267d7e9c744f5b87f2d73990e033e7c7f6');
INSERT INTO debits VALUES(154913,'3_mn6q3dS2EnDUx3bmyWc6D4szJNVGtaR7zc_mnfAHmddVibnZNSkh8DvKaQoiEfNsxjXzH_mtQheFaSfWELRB2MyMBaiWjdDm6ux9Ezns_3','XCP',50000000,'issuance fee','b773c5c1d8d8e712fdb8f81da2a8a958df916af5ef2b408f38959e6d508ea2ec');
INSERT INTO debits VALUES(154914,'3_mn6q3dS2EnDUx3bmyWc6D4szJNVGtaR7zc_mnfAHmddVibnZNSkh8DvKaQoiEfNsxjXzH_mtQheFaSfWELRB2MyMBaiWjdDm6ux9Ezns_3','XCP',50000000,'issuance fee','f94a66b87eea2de4bdfdfe4da4bce9b46f52f7fa36353da8b63f4a6b4f6d8ec5');
INSERT INTO debits VALUES(154915,'3_mn6q3dS2EnDUx3bmyWc6D4szJNVGtaR7zc_mnfAHmddVibnZNSkh8DvKaQoiEfNsxjXzH_mtQheFaSfWELRB2MyMBaiWjdDm6ux9Ezns_3','BBBB',4000000,'send','aaf9e85bda8bab58993f79ddff0a2ea6d302d5ba654fdff4066f678705107ff0');
INSERT INTO debits VALUES(154916,'3_mn6q3dS2EnDUx3bmyWc6D4szJNVGtaR7zc_mnfAHmddVibnZNSkh8DvKaQoiEfNsxjXzH_mtQheFaSfWELRB2MyMBaiWjdDm6ux9Ezns_3','BBBC',526,'send','e0a6b9c34b995fc753d1b0013e246896df8c01250801ba0da1672e7abd9704cc');
INSERT INTO debits VALUES(154917,'3_mn6q3dS2EnDUx3bmyWc6D4szJNVGtaR7zc_mnfAHmddVibnZNSkh8DvKaQoiEfNsxjXzH_mtQheFaSfWELRB2MyMBaiWjdDm6ux9Ezns_3','XCP',24,'dividend','3e1abd33d54cbd567e544ec193ad94a1da8e1adb40e0b587c16326fde869741b');
INSERT INTO debits VALUES(154918,'3_mn6q3dS2EnDUx3bmyWc6D4szJNVGtaR7zc_mnfAHmddVibnZNSkh8DvKaQoiEfNsxjXzH_mtQheFaSfWELRB2MyMBaiWjdDm6ux9Ezns_3','XCP',420800,'dividend','af2faf3ffb55f110f68197c1292c8bdb73644ac86fc28b29d287219b8bbd96da');
INSERT INTO debits VALUES(154920,'3_mn6q3dS2EnDUx3bmyWc6D4szJNVGtaR7zc_mnfAHmddVibnZNSkh8DvKaQoiEfNsxjXzH_mtQheFaSfWELRB2MyMBaiWjdDm6ux9Ezns_3','XCP',50000000,'bet','eb62a952570f9b06f214f2e9558ffea9389fc88121ce1b2b5a8dc7b34588b6c6');
INSERT INTO debits VALUES(154921,'3_mn6q3dS2EnDUx3bmyWc6D4szJNVGtaR7zc_mnfAHmddVibnZNSkh8DvKaQoiEfNsxjXzH_mtQheFaSfWELRB2MyMBaiWjdDm6ux9Ezns_3','XCP',25000000,'bet','99e87b592df58564fbc6faff544d06b3533600543c180233cf2b85d64ff866c0');
INSERT INTO debits VALUES(154922,'3_mn6q3dS2EnDUx3bmyWc6D4szJNVGtaR7zc_mnfAHmddVibnZNSkh8DvKaQoiEfNsxjXzH_mtQheFaSfWELRB2MyMBaiWjdDm6ux9Ezns_3','XCP',150000000,'bet','c9a236c5da2bdafcf5e8f6905b4dcf384decdc9437f906e3ea7bbfe744960e6a');
INSERT INTO debits VALUES(154923,'3_mn6q3dS2EnDUx3bmyWc6D4szJNVGtaR7zc_mnfAHmddVibnZNSkh8DvKaQoiEfNsxjXzH_mtQheFaSfWELRB2MyMBaiWjdDm6ux9Ezns_3','XCP',350000000,'bet','e2d52a18156ab3988e9a6656d11fcba11d5f0d2e62dd825e3812956bd0579440');
INSERT INTO debits VALUES(154924,'3_mn6q3dS2EnDUx3bmyWc6D4szJNVGtaR7zc_mnfAHmddVibnZNSkh8DvKaQoiEfNsxjXzH_mtQheFaSfWELRB2MyMBaiWjdDm6ux9Ezns_3','XCP',750000000,'bet','56e92d995ee8b6f5e2c8903ecbe4fcb9f7cb40f0323aad238265ed3c8d1bc739');
INSERT INTO debits VALUES(154925,'3_mn6q3dS2EnDUx3bmyWc6D4szJNVGtaR7zc_mnfAHmddVibnZNSkh8DvKaQoiEfNsxjXzH_mtQheFaSfWELRB2MyMBaiWjdDm6ux9Ezns_3','XCP',650000000,'bet','e48c8e6e918347ce4f0bac6044eeb0061f7e25da712ff04a6260b2080f424282');
INSERT INTO debits VALUES(154929,'3_mn6q3dS2EnDUx3bmyWc6D4szJNVGtaR7zc_mnfAHmddVibnZNSkh8DvKaQoiEfNsxjXzH_mtQheFaSfWELRB2MyMBaiWjdDm6ux9Ezns_3','BBBB',50000000,'open order','a15c90cdd8b58aad144ca10b6008568129c0e216ac5adfb047916099b8f8b115');
INSERT INTO debits VALUES(154931,'3_mn6q3dS2EnDUx3bmyWc6D4szJNVGtaR7zc_mnfAHmddVibnZNSkh8DvKaQoiEfNsxjXzH_mtQheFaSfWELRB2MyMBaiWjdDm6ux9Ezns_3','BBBC',10000,'send','c26918103799be9d661608fdb56f29281d6e3b81ca1535ca777f33f5c459ba0f');
INSERT INTO debits VALUES(154932,'3_mn6q3dS2EnDUx3bmyWc6D4szJNVGtaR7zc_mnfAHmddVibnZNSkh8DvKaQoiEfNsxjXzH_mtQheFaSfWELRB2MyMBaiWjdDm6ux9Ezns_3','XCP',4735500000,'callback','da09af2f1ed43341434430a181fc7d11b002527bde3498277d9b4825f2870c26');
INSERT INTO debits VALUES(154932,'3_mn6q3dS2EnDUx3bmyWc6D4szJNVGtaR7zc_mnfAHmddVibnZNSkh8DvKaQoiEfNsxjXzH_mqPCfvqTfYctXMUfmniXeG2nyaN8w6tPmj_3','BBBC',3157,'callback','da09af2f1ed43341434430a181fc7d11b002527bde3498277d9b4825f2870c26');
INSERT INTO debits VALUES(154933,'3_mn6q3dS2EnDUx3bmyWc6D4szJNVGtaR7zc_mnfAHmddVibnZNSkh8DvKaQoiEfNsxjXzH_mtQheFaSfWELRB2MyMBaiWjdDm6ux9Ezns_3','XCP',11021663,'open RPS','ab5efc8615faa7f9a4af81b4418fbd6dbd6a395804b2cd3b83eb49968b35480b');
INSERT INTO debits VALUES(154934,'3_mn6q3dS2EnDUx3bmyWc6D4szJNVGtaR7zc_mnfAHmddVibnZNSkh8DvKaQoiEfNsxjXzH_mqPCfvqTfYctXMUfmniXeG2nyaN8w6tPmj_3','XCP',11021663,'open RPS','2b35d8308052dbf05b804bc5ec0eec0e8c1e4fe4d75efde745a7733493e295b9');
INSERT INTO debits VALUES(154937,'3_mn6q3dS2EnDUx3bmyWc6D4szJNVGtaR7zc_mnfAHmddVibnZNSkh8DvKaQoiEfNsxjXzH_mtQheFaSfWELRB2MyMBaiWjdDm6ux9Ezns_3','XCP',11021663,'open RPS','c0a52022a3e276b3f340286c56fb44d3b8c212b780a25bf244c54a4039f2d51a');
INSERT INTO debits VALUES(154955,'3_mn6q3dS2EnDUx3bmyWc6D4szJNVGtaR7zc_mnfAHmddVibnZNSkh8DvKaQoiEfNsxjXzH_mtQheFaSfWELRB2MyMBaiWjdDm6ux9Ezns_3','XCP',11021664,'open RPS','5f29d8ecf3a449b7f0247e48b92f4ef4714522097716fc1d873a172cefb069bf');
INSERT INTO debits VALUES(154956,'3_mn6q3dS2EnDUx3bmyWc6D4szJNVGtaR7zc_mnfAHmddVibnZNSkh8DvKaQoiEfNsxjXzH_mqPCfvqTfYctXMUfmniXeG2nyaN8w6tPmj_3','XCP',11021664,'open RPS','0d14447f359de3badc76cca72065e8ad71cb3bf69a0cb65a9ef3c34d79c872c1');
INSERT INTO debits VALUES(154982,'3_mn6q3dS2EnDUx3bmyWc6D4szJNVGtaR7zc_mnfAHmddVibnZNSkh8DvKaQoiEfNsxjXzH_mtQheFaSfWELRB2MyMBaiWjdDm6ux9Ezns_3','XCP',11021665,'open RPS','68d8328f0d3fbdc45ac14d7982622964e9d6b99ad0be065ff6d8ed3fbeaa9a56');
INSERT INTO debits VALUES(154983,'3_mn6q3dS2EnDUx3bmyWc6D4szJNVGtaR7zc_mnfAHmddVibnZNSkh8DvKaQoiEfNsxjXzH_mqPCfvqTfYctXMUfmniXeG2nyaN8w6tPmj_3','XCP',11021665,'open RPS','7edcdabe2c175888d827a2a9c514b5e62589255d5fbc171aa6092a954fa2c95a');
-- Triggers and indices on  debits
CREATE INDEX address_idx ON debits (address);
CREATE INDEX asset_idx ON debits (asset);

-- Table  dividends
DROP TABLE IF EXISTS dividends;
CREATE TABLE dividends(
                      tx_index INTEGER PRIMARY KEY,
                      tx_hash TEXT UNIQUE,
                      block_index INTEGER,
                      source TEXT,
                      asset TEXT,
                      dividend_asset TEXT,
                      quantity_per_unit INTEGER,
                      status TEXT,
                      FOREIGN KEY (tx_index, tx_hash, block_index) REFERENCES transactions(tx_index, tx_hash, block_index));
INSERT INTO dividends VALUES(10,'3e1abd33d54cbd567e544ec193ad94a1da8e1adb40e0b587c16326fde869741b',154917,'3_mn6q3dS2EnDUx3bmyWc6D4szJNVGtaR7zc_mnfAHmddVibnZNSkh8DvKaQoiEfNsxjXzH_mtQheFaSfWELRB2MyMBaiWjdDm6ux9Ezns_3','BBBB','XCP',600,'valid');
INSERT INTO dividends VALUES(11,'af2faf3ffb55f110f68197c1292c8bdb73644ac86fc28b29d287219b8bbd96da',154918,'3_mn6q3dS2EnDUx3bmyWc6D4szJNVGtaR7zc_mnfAHmddVibnZNSkh8DvKaQoiEfNsxjXzH_mtQheFaSfWELRB2MyMBaiWjdDm6ux9Ezns_3','BBBC','XCP',800,'valid');

-- Table  issuances
DROP TABLE IF EXISTS issuances;
CREATE TABLE issuances(
                      tx_index INTEGER PRIMARY KEY,
                      tx_hash TEXT UNIQUE,
                      block_index INTEGER,
                      asset TEXT,
                      quantity INTEGER,
                      divisible BOOL,
                      source TEXT,
                      issuer TEXT,
                      transfer BOOL,
                      callable BOOL,
                      call_date INTEGER,
                      call_price REAL,
                      description TEXT,
                      fee_paid INTEGER,
                      locked BOOL,
                      status TEXT,
                      FOREIGN KEY (tx_index, tx_hash, block_index) REFERENCES transactions(tx_index, tx_hash, block_index));
INSERT INTO issuances VALUES(6,'b773c5c1d8d8e712fdb8f81da2a8a958df916af5ef2b408f38959e6d508ea2ec',154913,'BBBB',1000000000,1,'3_mn6q3dS2EnDUx3bmyWc6D4szJNVGtaR7zc_mnfAHmddVibnZNSkh8DvKaQoiEfNsxjXzH_mtQheFaSfWELRB2MyMBaiWjdDm6ux9Ezns_3','3_mn6q3dS2EnDUx3bmyWc6D4szJNVGtaR7zc_mnfAHmddVibnZNSkh8DvKaQoiEfNsxjXzH_mtQheFaSfWELRB2MyMBaiWjdDm6ux9Ezns_3',0,0,0,0.0,'',50000000,0,'valid');
INSERT INTO issuances VALUES(7,'f94a66b87eea2de4bdfdfe4da4bce9b46f52f7fa36353da8b63f4a6b4f6d8ec5',154914,'BBBC',100000,0,'3_mn6q3dS2EnDUx3bmyWc6D4szJNVGtaR7zc_mnfAHmddVibnZNSkh8DvKaQoiEfNsxjXzH_mtQheFaSfWELRB2MyMBaiWjdDm6ux9Ezns_3','3_mn6q3dS2EnDUx3bmyWc6D4szJNVGtaR7zc_mnfAHmddVibnZNSkh8DvKaQoiEfNsxjXzH_mtQheFaSfWELRB2MyMBaiWjdDm6ux9Ezns_3',0,1,17,0.015,'foobar',50000000,0,'valid');
-- Triggers and indices on  issuances
CREATE INDEX status_idx ON issuances (status);
CREATE INDEX valid_asset_idx ON issuances (asset, status);

-- Table  mempool
DROP TABLE IF EXISTS mempool;
CREATE TABLE mempool(
                      tx_hash TEXT,
                      command TEXT,
                      category TEXT,
                      bindings TEXT,
                      timestamp INTEGER);

-- Table  messages
DROP TABLE IF EXISTS messages;
CREATE TABLE messages(
                      message_index INTEGER PRIMARY KEY,
                      block_index INTEGER,
                      command TEXT,
                      category TEXT,
                      bindings TEXT,
                      timestamp INTEGER);
INSERT INTO messages VALUES(0,154908,'insert','credits','{"action": "burn", "address": "3_mn6q3dS2EnDUx3bmyWc6D4szJNVGtaR7zc_mnfAHmddVibnZNSkh8DvKaQoiEfNsxjXzH_mtQheFaSfWELRB2MyMBaiWjdDm6ux9Ezns_3", "asset": "XCP", "block_index": 154908, "event": "ea943c04d4000c0c0db775218c0c5d7a3df7a97c20fbcc37a7c366b616192ed4", "quantity": 93000000000}',0);
INSERT INTO messages VALUES(1,154908,'insert','burns','{"block_index": 154908, "burned": 62000000, "earned": 93000000000, "source": "3_mn6q3dS2EnDUx3bmyWc6D4szJNVGtaR7zc_mnfAHmddVibnZNSkh8DvKaQoiEfNsxjXzH_mtQheFaSfWELRB2MyMBaiWjdDm6ux9Ezns_3", "status": "valid", "tx_hash": "ea943c04d4000c0c0db775218c0c5d7a3df7a97c20fbcc37a7c366b616192ed4", "tx_index": 1}',0);
INSERT INTO messages VALUES(2,154909,'insert','debits','{"action": "send", "address": "3_mn6q3dS2EnDUx3bmyWc6D4szJNVGtaR7zc_mnfAHmddVibnZNSkh8DvKaQoiEfNsxjXzH_mtQheFaSfWELRB2MyMBaiWjdDm6ux9Ezns_3", "asset": "XCP", "block_index": 154909, "event": "3c2d71955f1c0686b5c6393d783cc9e5c5d9d6fa69b7f10bf70ea96f46849dfd", "quantity": 50000000}',0);
INSERT INTO messages VALUES(3,154909,'insert','credits','{"action": "send", "address": "3_mn6q3dS2EnDUx3bmyWc6D4szJNVGtaR7zc_mnfAHmddVibnZNSkh8DvKaQoiEfNsxjXzH_mqPCfvqTfYctXMUfmniXeG2nyaN8w6tPmj_3", "asset": "XCP", "block_index": 154909, "event": "3c2d71955f1c0686b5c6393d783cc9e5c5d9d6fa69b7f10bf70ea96f46849dfd", "quantity": 50000000}',0);
INSERT INTO messages VALUES(4,154909,'insert','sends','{"asset": "XCP", "block_index": 154909, "destination": "3_mn6q3dS2EnDUx3bmyWc6D4szJNVGtaR7zc_mnfAHmddVibnZNSkh8DvKaQoiEfNsxjXzH_mqPCfvqTfYctXMUfmniXeG2nyaN8w6tPmj_3", "quantity": 50000000, "source": "3_mn6q3dS2EnDUx3bmyWc6D4szJNVGtaR7zc_mnfAHmddVibnZNSkh8DvKaQoiEfNsxjXzH_mtQheFaSfWELRB2MyMBaiWjdDm6ux9Ezns_3", "status": "valid", "tx_hash": "3c2d71955f1c0686b5c6393d783cc9e5c5d9d6fa69b7f10bf70ea96f46849dfd", "tx_index": 2}',0);
INSERT INTO messages VALUES(5,154910,'insert','orders','{"block_index": 154910, "expiration": 10, "expire_index": 154920, "fee_provided": 1000000, "fee_provided_remaining": 1000000, "fee_required": 0, "fee_required_remaining": 0, "get_asset": "XCP", "get_quantity": 100000000, "get_remaining": 100000000, "give_asset": "BTC", "give_quantity": 50000000, "give_remaining": 50000000, "source": "3_mn6q3dS2EnDUx3bmyWc6D4szJNVGtaR7zc_mnfAHmddVibnZNSkh8DvKaQoiEfNsxjXzH_mtQheFaSfWELRB2MyMBaiWjdDm6ux9Ezns_3", "status": "open", "tx_hash": "791e7db77ec2e974dc7912af2f09bb5b00bdebee1fc0905ce5ce953128d13f63", "tx_index": 3}',0);
INSERT INTO messages VALUES(6,154911,'insert','debits','{"action": "open order", "address": "3_mn6q3dS2EnDUx3bmyWc6D4szJNVGtaR7zc_mnfAHmddVibnZNSkh8DvKaQoiEfNsxjXzH_mtQheFaSfWELRB2MyMBaiWjdDm6ux9Ezns_3", "asset": "XCP", "block_index": 154911, "event": "8250f7b366140c67814c2063661c86267d7e9c744f5b87f2d73990e033e7c7f6", "quantity": 105000000}',0);
INSERT INTO messages VALUES(7,154911,'insert','orders','{"block_index": 154911, "expiration": 10, "expire_index": 154921, "fee_provided": 10000, "fee_provided_remaining": 10000, "fee_required": 900000, "fee_required_remaining": 900000, "get_asset": "BTC", "get_quantity": 50000000, "get_remaining": 50000000, "give_asset": "XCP", "give_quantity": 105000000, "give_remaining": 105000000, "source": "3_mn6q3dS2EnDUx3bmyWc6D4szJNVGtaR7zc_mnfAHmddVibnZNSkh8DvKaQoiEfNsxjXzH_mtQheFaSfWELRB2MyMBaiWjdDm6ux9Ezns_3", "status": "open", "tx_hash": "8250f7b366140c67814c2063661c86267d7e9c744f5b87f2d73990e033e7c7f6", "tx_index": 4}',0);
INSERT INTO messages VALUES(8,154911,'update','orders','{"fee_provided_remaining": 142858, "fee_required_remaining": 0, "get_remaining": 0, "give_remaining": 0, "status": "open", "tx_hash": "791e7db77ec2e974dc7912af2f09bb5b00bdebee1fc0905ce5ce953128d13f63"}',0);
INSERT INTO messages VALUES(9,154911,'update','orders','{"fee_provided_remaining": 10000, "fee_required_remaining": 42858, "get_remaining": 0, "give_remaining": 5000000, "status": "open", "tx_hash": "8250f7b366140c67814c2063661c86267d7e9c744f5b87f2d73990e033e7c7f6"}',0);
INSERT INTO messages VALUES(10,154911,'insert','order_matches','{"backward_asset": "XCP", "backward_quantity": 100000000, "block_index": 154911, "fee_paid": 857142, "forward_asset": "BTC", "forward_quantity": 50000000, "id": "791e7db77ec2e974dc7912af2f09bb5b00bdebee1fc0905ce5ce953128d13f638250f7b366140c67814c2063661c86267d7e9c744f5b87f2d73990e033e7c7f6", "match_expire_index": 154931, "status": "pending", "tx0_address": "3_mn6q3dS2EnDUx3bmyWc6D4szJNVGtaR7zc_mnfAHmddVibnZNSkh8DvKaQoiEfNsxjXzH_mtQheFaSfWELRB2MyMBaiWjdDm6ux9Ezns_3", "tx0_block_index": 154910, "tx0_expiration": 10, "tx0_hash": "791e7db77ec2e974dc7912af2f09bb5b00bdebee1fc0905ce5ce953128d13f63", "tx0_index": 3, "tx1_address": "3_mn6q3dS2EnDUx3bmyWc6D4szJNVGtaR7zc_mnfAHmddVibnZNSkh8DvKaQoiEfNsxjXzH_mtQheFaSfWELRB2MyMBaiWjdDm6ux9Ezns_3", "tx1_block_index": 154911, "tx1_expiration": 10, "tx1_hash": "8250f7b366140c67814c2063661c86267d7e9c744f5b87f2d73990e033e7c7f6", "tx1_index": 4}',0);
INSERT INTO messages VALUES(11,154912,'insert','credits','{"action": "btcpay", "address": "3_mn6q3dS2EnDUx3bmyWc6D4szJNVGtaR7zc_mnfAHmddVibnZNSkh8DvKaQoiEfNsxjXzH_mtQheFaSfWELRB2MyMBaiWjdDm6ux9Ezns_3", "asset": "XCP", "block_index": 154912, "event": "7a37ea9d6ebe49c2340473063c9d812f931c12440334fd2513069cfcaea012e0", "quantity": 100000000}',0);
INSERT INTO messages VALUES(12,154912,'update','order_matches','{"order_match_id": "791e7db77ec2e974dc7912af2f09bb5b00bdebee1fc0905ce5ce953128d13f638250f7b366140c67814c2063661c86267d7e9c744f5b87f2d73990e033e7c7f6", "status": "completed"}',0);
INSERT INTO messages VALUES(13,154912,'insert','btcpays','{"block_index": 154912, "btc_amount": 50000000, "destination": "3_mn6q3dS2EnDUx3bmyWc6D4szJNVGtaR7zc_mnfAHmddVibnZNSkh8DvKaQoiEfNsxjXzH_mtQheFaSfWELRB2MyMBaiWjdDm6ux9Ezns_3", "order_match_id": "791e7db77ec2e974dc7912af2f09bb5b00bdebee1fc0905ce5ce953128d13f638250f7b366140c67814c2063661c86267d7e9c744f5b87f2d73990e033e7c7f6", "source": "3_mn6q3dS2EnDUx3bmyWc6D4szJNVGtaR7zc_mnfAHmddVibnZNSkh8DvKaQoiEfNsxjXzH_mtQheFaSfWELRB2MyMBaiWjdDm6ux9Ezns_3", "status": "valid", "tx_hash": "7a37ea9d6ebe49c2340473063c9d812f931c12440334fd2513069cfcaea012e0", "tx_index": 5}',0);
INSERT INTO messages VALUES(14,154913,'insert','debits','{"action": "issuance fee", "address": "3_mn6q3dS2EnDUx3bmyWc6D4szJNVGtaR7zc_mnfAHmddVibnZNSkh8DvKaQoiEfNsxjXzH_mtQheFaSfWELRB2MyMBaiWjdDm6ux9Ezns_3", "asset": "XCP", "block_index": 154913, "event": "b773c5c1d8d8e712fdb8f81da2a8a958df916af5ef2b408f38959e6d508ea2ec", "quantity": 50000000}',0);
INSERT INTO messages VALUES(15,154913,'insert','issuances','{"asset": "BBBB", "block_index": 154913, "call_date": 0, "call_price": 0.0, "callable": false, "description": "", "divisible": true, "fee_paid": 50000000, "issuer": "3_mn6q3dS2EnDUx3bmyWc6D4szJNVGtaR7zc_mnfAHmddVibnZNSkh8DvKaQoiEfNsxjXzH_mtQheFaSfWELRB2MyMBaiWjdDm6ux9Ezns_3", "locked": false, "quantity": 1000000000, "source": "3_mn6q3dS2EnDUx3bmyWc6D4szJNVGtaR7zc_mnfAHmddVibnZNSkh8DvKaQoiEfNsxjXzH_mtQheFaSfWELRB2MyMBaiWjdDm6ux9Ezns_3", "status": "valid", "transfer": false, "tx_hash": "b773c5c1d8d8e712fdb8f81da2a8a958df916af5ef2b408f38959e6d508ea2ec", "tx_index": 6}',0);
INSERT INTO messages VALUES(16,154913,'insert','credits','{"action": "issuance", "address": "3_mn6q3dS2EnDUx3bmyWc6D4szJNVGtaR7zc_mnfAHmddVibnZNSkh8DvKaQoiEfNsxjXzH_mtQheFaSfWELRB2MyMBaiWjdDm6ux9Ezns_3", "asset": "BBBB", "block_index": 154913, "event": "b773c5c1d8d8e712fdb8f81da2a8a958df916af5ef2b408f38959e6d508ea2ec", "quantity": 1000000000}',0);
INSERT INTO messages VALUES(17,154914,'insert','debits','{"action": "issuance fee", "address": "3_mn6q3dS2EnDUx3bmyWc6D4szJNVGtaR7zc_mnfAHmddVibnZNSkh8DvKaQoiEfNsxjXzH_mtQheFaSfWELRB2MyMBaiWjdDm6ux9Ezns_3", "asset": "XCP", "block_index": 154914, "event": "f94a66b87eea2de4bdfdfe4da4bce9b46f52f7fa36353da8b63f4a6b4f6d8ec5", "quantity": 50000000}',0);
INSERT INTO messages VALUES(18,154914,'insert','issuances','{"asset": "BBBC", "block_index": 154914, "call_date": 17, "call_price": 0.015, "callable": true, "description": "foobar", "divisible": false, "fee_paid": 50000000, "issuer": "3_mn6q3dS2EnDUx3bmyWc6D4szJNVGtaR7zc_mnfAHmddVibnZNSkh8DvKaQoiEfNsxjXzH_mtQheFaSfWELRB2MyMBaiWjdDm6ux9Ezns_3", "locked": false, "quantity": 100000, "source": "3_mn6q3dS2EnDUx3bmyWc6D4szJNVGtaR7zc_mnfAHmddVibnZNSkh8DvKaQoiEfNsxjXzH_mtQheFaSfWELRB2MyMBaiWjdDm6ux9Ezns_3", "status": "valid", "transfer": false, "tx_hash": "f94a66b87eea2de4bdfdfe4da4bce9b46f52f7fa36353da8b63f4a6b4f6d8ec5", "tx_index": 7}',0);
INSERT INTO messages VALUES(19,154914,'insert','credits','{"action": "issuance", "address": "3_mn6q3dS2EnDUx3bmyWc6D4szJNVGtaR7zc_mnfAHmddVibnZNSkh8DvKaQoiEfNsxjXzH_mtQheFaSfWELRB2MyMBaiWjdDm6ux9Ezns_3", "asset": "BBBC", "block_index": 154914, "event": "f94a66b87eea2de4bdfdfe4da4bce9b46f52f7fa36353da8b63f4a6b4f6d8ec5", "quantity": 100000}',0);
INSERT INTO messages VALUES(20,154915,'insert','debits','{"action": "send", "address": "3_mn6q3dS2EnDUx3bmyWc6D4szJNVGtaR7zc_mnfAHmddVibnZNSkh8DvKaQoiEfNsxjXzH_mtQheFaSfWELRB2MyMBaiWjdDm6ux9Ezns_3", "asset": "BBBB", "block_index": 154915, "event": "aaf9e85bda8bab58993f79ddff0a2ea6d302d5ba654fdff4066f678705107ff0", "quantity": 4000000}',0);
INSERT INTO messages VALUES(21,154915,'insert','credits','{"action": "send", "address": "3_mn6q3dS2EnDUx3bmyWc6D4szJNVGtaR7zc_mnfAHmddVibnZNSkh8DvKaQoiEfNsxjXzH_mqPCfvqTfYctXMUfmniXeG2nyaN8w6tPmj_3", "asset": "BBBB", "block_index": 154915, "event": "aaf9e85bda8bab58993f79ddff0a2ea6d302d5ba654fdff4066f678705107ff0", "quantity": 4000000}',0);
INSERT INTO messages VALUES(22,154915,'insert','sends','{"asset": "BBBB", "block_index": 154915, "destination": "3_mn6q3dS2EnDUx3bmyWc6D4szJNVGtaR7zc_mnfAHmddVibnZNSkh8DvKaQoiEfNsxjXzH_mqPCfvqTfYctXMUfmniXeG2nyaN8w6tPmj_3", "quantity": 4000000, "source": "3_mn6q3dS2EnDUx3bmyWc6D4szJNVGtaR7zc_mnfAHmddVibnZNSkh8DvKaQoiEfNsxjXzH_mtQheFaSfWELRB2MyMBaiWjdDm6ux9Ezns_3", "status": "valid", "tx_hash": "aaf9e85bda8bab58993f79ddff0a2ea6d302d5ba654fdff4066f678705107ff0", "tx_index": 8}',0);
INSERT INTO messages VALUES(23,154916,'insert','debits','{"action": "send", "address": "3_mn6q3dS2EnDUx3bmyWc6D4szJNVGtaR7zc_mnfAHmddVibnZNSkh8DvKaQoiEfNsxjXzH_mtQheFaSfWELRB2MyMBaiWjdDm6ux9Ezns_3", "asset": "BBBC", "block_index": 154916, "event": "e0a6b9c34b995fc753d1b0013e246896df8c01250801ba0da1672e7abd9704cc", "quantity": 526}',0);
INSERT INTO messages VALUES(24,154916,'insert','credits','{"action": "send", "address": "3_mn6q3dS2EnDUx3bmyWc6D4szJNVGtaR7zc_mnfAHmddVibnZNSkh8DvKaQoiEfNsxjXzH_mqPCfvqTfYctXMUfmniXeG2nyaN8w6tPmj_3", "asset": "BBBC", "block_index": 154916, "event": "e0a6b9c34b995fc753d1b0013e246896df8c01250801ba0da1672e7abd9704cc", "quantity": 526}',0);
INSERT INTO messages VALUES(25,154916,'insert','sends','{"asset": "BBBC", "block_index": 154916, "destination": "3_mn6q3dS2EnDUx3bmyWc6D4szJNVGtaR7zc_mnfAHmddVibnZNSkh8DvKaQoiEfNsxjXzH_mqPCfvqTfYctXMUfmniXeG2nyaN8w6tPmj_3", "quantity": 526, "source": "3_mn6q3dS2EnDUx3bmyWc6D4szJNVGtaR7zc_mnfAHmddVibnZNSkh8DvKaQoiEfNsxjXzH_mtQheFaSfWELRB2MyMBaiWjdDm6ux9Ezns_3", "status": "valid", "tx_hash": "e0a6b9c34b995fc753d1b0013e246896df8c01250801ba0da1672e7abd9704cc", "tx_index": 9}',0);
INSERT INTO messages VALUES(26,154917,'insert','debits','{"action": "dividend", "address": "3_mn6q3dS2EnDUx3bmyWc6D4szJNVGtaR7zc_mnfAHmddVibnZNSkh8DvKaQoiEfNsxjXzH_mtQheFaSfWELRB2MyMBaiWjdDm6ux9Ezns_3", "asset": "XCP", "block_index": 154917, "event": "3e1abd33d54cbd567e544ec193ad94a1da8e1adb40e0b587c16326fde869741b", "quantity": 24}',0);
INSERT INTO messages VALUES(27,154917,'insert','credits','{"action": "dividend", "address": "3_mn6q3dS2EnDUx3bmyWc6D4szJNVGtaR7zc_mnfAHmddVibnZNSkh8DvKaQoiEfNsxjXzH_mqPCfvqTfYctXMUfmniXeG2nyaN8w6tPmj_3", "asset": "XCP", "block_index": 154917, "event": "3e1abd33d54cbd567e544ec193ad94a1da8e1adb40e0b587c16326fde869741b", "quantity": 24}',0);
INSERT INTO messages VALUES(28,154917,'insert','dividends','{"asset": "BBBB", "block_index": 154917, "dividend_asset": "XCP", "quantity_per_unit": 600, "source": "3_mn6q3dS2EnDUx3bmyWc6D4szJNVGtaR7zc_mnfAHmddVibnZNSkh8DvKaQoiEfNsxjXzH_mtQheFaSfWELRB2MyMBaiWjdDm6ux9Ezns_3", "status": "valid", "tx_hash": "3e1abd33d54cbd567e544ec193ad94a1da8e1adb40e0b587c16326fde869741b", "tx_index": 10}',0);
INSERT INTO messages VALUES(29,154918,'insert','debits','{"action": "dividend", "address": "3_mn6q3dS2EnDUx3bmyWc6D4szJNVGtaR7zc_mnfAHmddVibnZNSkh8DvKaQoiEfNsxjXzH_mtQheFaSfWELRB2MyMBaiWjdDm6ux9Ezns_3", "asset": "XCP", "block_index": 154918, "event": "af2faf3ffb55f110f68197c1292c8bdb73644ac86fc28b29d287219b8bbd96da", "quantity": 420800}',0);
INSERT INTO messages VALUES(30,154918,'insert','credits','{"action": "dividend", "address": "3_mn6q3dS2EnDUx3bmyWc6D4szJNVGtaR7zc_mnfAHmddVibnZNSkh8DvKaQoiEfNsxjXzH_mqPCfvqTfYctXMUfmniXeG2nyaN8w6tPmj_3", "asset": "XCP", "block_index": 154918, "event": "af2faf3ffb55f110f68197c1292c8bdb73644ac86fc28b29d287219b8bbd96da", "quantity": 420800}',0);
INSERT INTO messages VALUES(31,154918,'insert','dividends','{"asset": "BBBC", "block_index": 154918, "dividend_asset": "XCP", "quantity_per_unit": 800, "source": "3_mn6q3dS2EnDUx3bmyWc6D4szJNVGtaR7zc_mnfAHmddVibnZNSkh8DvKaQoiEfNsxjXzH_mtQheFaSfWELRB2MyMBaiWjdDm6ux9Ezns_3", "status": "valid", "tx_hash": "af2faf3ffb55f110f68197c1292c8bdb73644ac86fc28b29d287219b8bbd96da", "tx_index": 11}',0);
INSERT INTO messages VALUES(32,154919,'insert','broadcasts','{"block_index": 154919, "fee_fraction_int": 5000000, "locked": false, "source": "3_mn6q3dS2EnDUx3bmyWc6D4szJNVGtaR7zc_mnfAHmddVibnZNSkh8DvKaQoiEfNsxjXzH_mtQheFaSfWELRB2MyMBaiWjdDm6ux9Ezns_3", "status": "valid", "text": "Unit Test", "timestamp": 1388000000, "tx_hash": "fbb7f3e2fca7cddbafd6d2d8f815c839f04f55056d82e9b221b6d75dcb6e1762", "tx_index": 12, "value": 100.0}',0);
INSERT INTO messages VALUES(33,154920,'insert','debits','{"action": "bet", "address": "3_mn6q3dS2EnDUx3bmyWc6D4szJNVGtaR7zc_mnfAHmddVibnZNSkh8DvKaQoiEfNsxjXzH_mtQheFaSfWELRB2MyMBaiWjdDm6ux9Ezns_3", "asset": "XCP", "block_index": 154920, "event": "eb62a952570f9b06f214f2e9558ffea9389fc88121ce1b2b5a8dc7b34588b6c6", "quantity": 50000000}',0);
INSERT INTO messages VALUES(34,154920,'insert','bets','{"bet_type": 0, "block_index": 154920, "counterwager_quantity": 25000000, "counterwager_remaining": 25000000, "deadline": 1388000100, "expiration": 10, "expire_index": 154930, "fee_fraction_int": 5000000.0, "feed_address": "3_mn6q3dS2EnDUx3bmyWc6D4szJNVGtaR7zc_mnfAHmddVibnZNSkh8DvKaQoiEfNsxjXzH_mtQheFaSfWELRB2MyMBaiWjdDm6ux9Ezns_3", "leverage": 15120, "source": "3_mn6q3dS2EnDUx3bmyWc6D4szJNVGtaR7zc_mnfAHmddVibnZNSkh8DvKaQoiEfNsxjXzH_mtQheFaSfWELRB2MyMBaiWjdDm6ux9Ezns_3", "status": "open", "target_value": 0.0, "tx_hash": "eb62a952570f9b06f214f2e9558ffea9389fc88121ce1b2b5a8dc7b34588b6c6", "tx_index": 13, "wager_quantity": 50000000, "wager_remaining": 50000000}',0);
INSERT INTO messages VALUES(35,154921,'update','orders','{"status": "expired", "tx_hash": "791e7db77ec2e974dc7912af2f09bb5b00bdebee1fc0905ce5ce953128d13f63"}',0);
INSERT INTO messages VALUES(36,154921,'insert','order_expirations','{"block_index": 154921, "order_hash": "791e7db77ec2e974dc7912af2f09bb5b00bdebee1fc0905ce5ce953128d13f63", "order_index": 3, "source": "3_mn6q3dS2EnDUx3bmyWc6D4szJNVGtaR7zc_mnfAHmddVibnZNSkh8DvKaQoiEfNsxjXzH_mtQheFaSfWELRB2MyMBaiWjdDm6ux9Ezns_3"}',0);
INSERT INTO messages VALUES(37,154921,'insert','debits','{"action": "bet", "address": "3_mn6q3dS2EnDUx3bmyWc6D4szJNVGtaR7zc_mnfAHmddVibnZNSkh8DvKaQoiEfNsxjXzH_mtQheFaSfWELRB2MyMBaiWjdDm6ux9Ezns_3", "asset": "XCP", "block_index": 154921, "event": "99e87b592df58564fbc6faff544d06b3533600543c180233cf2b85d64ff866c0", "quantity": 25000000}',0);
INSERT INTO messages VALUES(38,154921,'insert','bets','{"bet_type": 1, "block_index": 154921, "counterwager_quantity": 41500000, "counterwager_remaining": 41500000, "deadline": 1388000100, "expiration": 10, "expire_index": 154931, "fee_fraction_int": 5000000.0, "feed_address": "3_mn6q3dS2EnDUx3bmyWc6D4szJNVGtaR7zc_mnfAHmddVibnZNSkh8DvKaQoiEfNsxjXzH_mtQheFaSfWELRB2MyMBaiWjdDm6ux9Ezns_3", "leverage": 15120, "source": "3_mn6q3dS2EnDUx3bmyWc6D4szJNVGtaR7zc_mnfAHmddVibnZNSkh8DvKaQoiEfNsxjXzH_mtQheFaSfWELRB2MyMBaiWjdDm6ux9Ezns_3", "status": "open", "target_value": 0.0, "tx_hash": "99e87b592df58564fbc6faff544d06b3533600543c180233cf2b85d64ff866c0", "tx_index": 14, "wager_quantity": 25000000, "wager_remaining": 25000000}',0);
INSERT INTO messages VALUES(39,154921,'update','bets','{"counterwager_remaining": 4250000, "status": "open", "tx_hash": "eb62a952570f9b06f214f2e9558ffea9389fc88121ce1b2b5a8dc7b34588b6c6", "wager_remaining": 8500000}',0);
INSERT INTO messages VALUES(40,154921,'insert','credits','{"action": "filled", "address": "3_mn6q3dS2EnDUx3bmyWc6D4szJNVGtaR7zc_mnfAHmddVibnZNSkh8DvKaQoiEfNsxjXzH_mtQheFaSfWELRB2MyMBaiWjdDm6ux9Ezns_3", "asset": "XCP", "block_index": 154921, "event": "99e87b592df58564fbc6faff544d06b3533600543c180233cf2b85d64ff866c0", "quantity": 4250000}',0);
INSERT INTO messages VALUES(41,154921,'update','bets','{"counterwager_remaining": 0, "status": "filled", "tx_hash": "99e87b592df58564fbc6faff544d06b3533600543c180233cf2b85d64ff866c0", "wager_remaining": 4250000}',0);
INSERT INTO messages VALUES(42,154921,'insert','bet_matches','{"backward_quantity": 20750000, "block_index": 154921, "deadline": 1388000100, "fee_fraction_int": 5000000, "feed_address": "3_mn6q3dS2EnDUx3bmyWc6D4szJNVGtaR7zc_mnfAHmddVibnZNSkh8DvKaQoiEfNsxjXzH_mtQheFaSfWELRB2MyMBaiWjdDm6ux9Ezns_3", "forward_quantity": 41500000, "id": "eb62a952570f9b06f214f2e9558ffea9389fc88121ce1b2b5a8dc7b34588b6c699e87b592df58564fbc6faff544d06b3533600543c180233cf2b85d64ff866c0", "initial_value": 100.0, "leverage": 15120, "match_expire_index": 154930, "status": "pending", "target_value": 0.0, "tx0_address": "3_mn6q3dS2EnDUx3bmyWc6D4szJNVGtaR7zc_mnfAHmddVibnZNSkh8DvKaQoiEfNsxjXzH_mtQheFaSfWELRB2MyMBaiWjdDm6ux9Ezns_3", "tx0_bet_type": 0, "tx0_block_index": 154920, "tx0_expiration": 10, "tx0_hash": "eb62a952570f9b06f214f2e9558ffea9389fc88121ce1b2b5a8dc7b34588b6c6", "tx0_index": 13, "tx1_address": "3_mn6q3dS2EnDUx3bmyWc6D4szJNVGtaR7zc_mnfAHmddVibnZNSkh8DvKaQoiEfNsxjXzH_mtQheFaSfWELRB2MyMBaiWjdDm6ux9Ezns_3", "tx1_bet_type": 1, "tx1_block_index": 154921, "tx1_expiration": 10, "tx1_hash": "99e87b592df58564fbc6faff544d06b3533600543c180233cf2b85d64ff866c0", "tx1_index": 14}',0);
INSERT INTO messages VALUES(43,154922,'update','orders','{"status": "expired", "tx_hash": "8250f7b366140c67814c2063661c86267d7e9c744f5b87f2d73990e033e7c7f6"}',0);
INSERT INTO messages VALUES(44,154922,'insert','credits','{"action": "cancel order", "address": "3_mn6q3dS2EnDUx3bmyWc6D4szJNVGtaR7zc_mnfAHmddVibnZNSkh8DvKaQoiEfNsxjXzH_mtQheFaSfWELRB2MyMBaiWjdDm6ux9Ezns_3", "asset": "XCP", "block_index": 154922, "event": "8250f7b366140c67814c2063661c86267d7e9c744f5b87f2d73990e033e7c7f6", "quantity": 5000000}',0);
INSERT INTO messages VALUES(45,154922,'insert','order_expirations','{"block_index": 154922, "order_hash": "8250f7b366140c67814c2063661c86267d7e9c744f5b87f2d73990e033e7c7f6", "order_index": 4, "source": "3_mn6q3dS2EnDUx3bmyWc6D4szJNVGtaR7zc_mnfAHmddVibnZNSkh8DvKaQoiEfNsxjXzH_mtQheFaSfWELRB2MyMBaiWjdDm6ux9Ezns_3"}',0);
INSERT INTO messages VALUES(46,154922,'insert','credits','{"action": "recredit forward quantity", "address": "3_mn6q3dS2EnDUx3bmyWc6D4szJNVGtaR7zc_mnfAHmddVibnZNSkh8DvKaQoiEfNsxjXzH_mtQheFaSfWELRB2MyMBaiWjdDm6ux9Ezns_3", "asset": "XCP", "block_index": 154922, "event": "eb62a952570f9b06f214f2e9558ffea9389fc88121ce1b2b5a8dc7b34588b6c699e87b592df58564fbc6faff544d06b3533600543c180233cf2b85d64ff866c0", "quantity": 41500000}',0);
INSERT INTO messages VALUES(47,154922,'insert','credits','{"action": "recredit backward quantity", "address": "3_mn6q3dS2EnDUx3bmyWc6D4szJNVGtaR7zc_mnfAHmddVibnZNSkh8DvKaQoiEfNsxjXzH_mtQheFaSfWELRB2MyMBaiWjdDm6ux9Ezns_3", "asset": "XCP", "block_index": 154922, "event": "eb62a952570f9b06f214f2e9558ffea9389fc88121ce1b2b5a8dc7b34588b6c699e87b592df58564fbc6faff544d06b3533600543c180233cf2b85d64ff866c0", "quantity": 20750000}',0);
INSERT INTO messages VALUES(48,154922,'update','bet_matches','{"bet_match_id": "eb62a952570f9b06f214f2e9558ffea9389fc88121ce1b2b5a8dc7b34588b6c699e87b592df58564fbc6faff544d06b3533600543c180233cf2b85d64ff866c0", "status": "expired"}',0);
INSERT INTO messages VALUES(49,154922,'insert','bet_match_expirations','{"bet_match_id": "eb62a952570f9b06f214f2e9558ffea9389fc88121ce1b2b5a8dc7b34588b6c699e87b592df58564fbc6faff544d06b3533600543c180233cf2b85d64ff866c0", "block_index": 154922, "tx0_address": "3_mn6q3dS2EnDUx3bmyWc6D4szJNVGtaR7zc_mnfAHmddVibnZNSkh8DvKaQoiEfNsxjXzH_mtQheFaSfWELRB2MyMBaiWjdDm6ux9Ezns_3", "tx1_address": "3_mn6q3dS2EnDUx3bmyWc6D4szJNVGtaR7zc_mnfAHmddVibnZNSkh8DvKaQoiEfNsxjXzH_mtQheFaSfWELRB2MyMBaiWjdDm6ux9Ezns_3"}',0);
INSERT INTO messages VALUES(50,154922,'insert','debits','{"action": "bet", "address": "3_mn6q3dS2EnDUx3bmyWc6D4szJNVGtaR7zc_mnfAHmddVibnZNSkh8DvKaQoiEfNsxjXzH_mtQheFaSfWELRB2MyMBaiWjdDm6ux9Ezns_3", "asset": "XCP", "block_index": 154922, "event": "c9a236c5da2bdafcf5e8f6905b4dcf384decdc9437f906e3ea7bbfe744960e6a", "quantity": 150000000}',0);
INSERT INTO messages VALUES(51,154922,'insert','bets','{"bet_type": 0, "block_index": 154922, "counterwager_quantity": 350000000, "counterwager_remaining": 350000000, "deadline": 1388000100, "expiration": 10, "expire_index": 154932, "fee_fraction_int": 5000000.0, "feed_address": "3_mn6q3dS2EnDUx3bmyWc6D4szJNVGtaR7zc_mnfAHmddVibnZNSkh8DvKaQoiEfNsxjXzH_mtQheFaSfWELRB2MyMBaiWjdDm6ux9Ezns_3", "leverage": 5040, "source": "3_mn6q3dS2EnDUx3bmyWc6D4szJNVGtaR7zc_mnfAHmddVibnZNSkh8DvKaQoiEfNsxjXzH_mtQheFaSfWELRB2MyMBaiWjdDm6ux9Ezns_3", "status": "open", "target_value": 0.0, "tx_hash": "c9a236c5da2bdafcf5e8f6905b4dcf384decdc9437f906e3ea7bbfe744960e6a", "tx_index": 15, "wager_quantity": 150000000, "wager_remaining": 150000000}',0);
INSERT INTO messages VALUES(52,154923,'insert','debits','{"action": "bet", "address": "3_mn6q3dS2EnDUx3bmyWc6D4szJNVGtaR7zc_mnfAHmddVibnZNSkh8DvKaQoiEfNsxjXzH_mtQheFaSfWELRB2MyMBaiWjdDm6ux9Ezns_3", "asset": "XCP", "block_index": 154923, "event": "e2d52a18156ab3988e9a6656d11fcba11d5f0d2e62dd825e3812956bd0579440", "quantity": 350000000}',0);
INSERT INTO messages VALUES(53,154923,'insert','bets','{"bet_type": 1, "block_index": 154923, "counterwager_quantity": 150000000, "counterwager_remaining": 150000000, "deadline": 1388000100, "expiration": 10, "expire_index": 154933, "fee_fraction_int": 5000000.0, "feed_address": "3_mn6q3dS2EnDUx3bmyWc6D4szJNVGtaR7zc_mnfAHmddVibnZNSkh8DvKaQoiEfNsxjXzH_mtQheFaSfWELRB2MyMBaiWjdDm6ux9Ezns_3", "leverage": 5040, "source": "3_mn6q3dS2EnDUx3bmyWc6D4szJNVGtaR7zc_mnfAHmddVibnZNSkh8DvKaQoiEfNsxjXzH_mtQheFaSfWELRB2MyMBaiWjdDm6ux9Ezns_3", "status": "open", "target_value": 0.0, "tx_hash": "e2d52a18156ab3988e9a6656d11fcba11d5f0d2e62dd825e3812956bd0579440", "tx_index": 16, "wager_quantity": 350000000, "wager_remaining": 350000000}',0);
INSERT INTO messages VALUES(54,154923,'insert','credits','{"action": "filled", "address": "3_mn6q3dS2EnDUx3bmyWc6D4szJNVGtaR7zc_mnfAHmddVibnZNSkh8DvKaQoiEfNsxjXzH_mtQheFaSfWELRB2MyMBaiWjdDm6ux9Ezns_3", "asset": "XCP", "block_index": 154923, "event": "e2d52a18156ab3988e9a6656d11fcba11d5f0d2e62dd825e3812956bd0579440", "quantity": 0}',0);
INSERT INTO messages VALUES(55,154923,'update','bets','{"counterwager_remaining": 0, "status": "filled", "tx_hash": "c9a236c5da2bdafcf5e8f6905b4dcf384decdc9437f906e3ea7bbfe744960e6a", "wager_remaining": 0}',0);
INSERT INTO messages VALUES(56,154923,'insert','credits','{"action": "filled", "address": "3_mn6q3dS2EnDUx3bmyWc6D4szJNVGtaR7zc_mnfAHmddVibnZNSkh8DvKaQoiEfNsxjXzH_mtQheFaSfWELRB2MyMBaiWjdDm6ux9Ezns_3", "asset": "XCP", "block_index": 154923, "event": "e2d52a18156ab3988e9a6656d11fcba11d5f0d2e62dd825e3812956bd0579440", "quantity": 0}',0);
INSERT INTO messages VALUES(57,154923,'update','bets','{"counterwager_remaining": 0, "status": "filled", "tx_hash": "e2d52a18156ab3988e9a6656d11fcba11d5f0d2e62dd825e3812956bd0579440", "wager_remaining": 0}',0);
INSERT INTO messages VALUES(58,154923,'insert','bet_matches','{"backward_quantity": 350000000, "block_index": 154923, "deadline": 1388000100, "fee_fraction_int": 5000000, "feed_address": "3_mn6q3dS2EnDUx3bmyWc6D4szJNVGtaR7zc_mnfAHmddVibnZNSkh8DvKaQoiEfNsxjXzH_mtQheFaSfWELRB2MyMBaiWjdDm6ux9Ezns_3", "forward_quantity": 150000000, "id": "c9a236c5da2bdafcf5e8f6905b4dcf384decdc9437f906e3ea7bbfe744960e6ae2d52a18156ab3988e9a6656d11fcba11d5f0d2e62dd825e3812956bd0579440", "initial_value": 100.0, "leverage": 5040, "match_expire_index": 154932, "status": "pending", "target_value": 0.0, "tx0_address": "3_mn6q3dS2EnDUx3bmyWc6D4szJNVGtaR7zc_mnfAHmddVibnZNSkh8DvKaQoiEfNsxjXzH_mtQheFaSfWELRB2MyMBaiWjdDm6ux9Ezns_3", "tx0_bet_type": 0, "tx0_block_index": 154922, "tx0_expiration": 10, "tx0_hash": "c9a236c5da2bdafcf5e8f6905b4dcf384decdc9437f906e3ea7bbfe744960e6a", "tx0_index": 15, "tx1_address": "3_mn6q3dS2EnDUx3bmyWc6D4szJNVGtaR7zc_mnfAHmddVibnZNSkh8DvKaQoiEfNsxjXzH_mtQheFaSfWELRB2MyMBaiWjdDm6ux9Ezns_3", "tx1_bet_type": 1, "tx1_block_index": 154923, "tx1_expiration": 10, "tx1_hash": "e2d52a18156ab3988e9a6656d11fcba11d5f0d2e62dd825e3812956bd0579440", "tx1_index": 16}',0);
INSERT INTO messages VALUES(59,154924,'insert','credits','{"action": "recredit forward quantity", "address": "3_mn6q3dS2EnDUx3bmyWc6D4szJNVGtaR7zc_mnfAHmddVibnZNSkh8DvKaQoiEfNsxjXzH_mtQheFaSfWELRB2MyMBaiWjdDm6ux9Ezns_3", "asset": "XCP", "block_index": 154924, "event": "c9a236c5da2bdafcf5e8f6905b4dcf384decdc9437f906e3ea7bbfe744960e6ae2d52a18156ab3988e9a6656d11fcba11d5f0d2e62dd825e3812956bd0579440", "quantity": 150000000}',0);
INSERT INTO messages VALUES(60,154924,'insert','credits','{"action": "recredit backward quantity", "address": "3_mn6q3dS2EnDUx3bmyWc6D4szJNVGtaR7zc_mnfAHmddVibnZNSkh8DvKaQoiEfNsxjXzH_mtQheFaSfWELRB2MyMBaiWjdDm6ux9Ezns_3", "asset": "XCP", "block_index": 154924, "event": "c9a236c5da2bdafcf5e8f6905b4dcf384decdc9437f906e3ea7bbfe744960e6ae2d52a18156ab3988e9a6656d11fcba11d5f0d2e62dd825e3812956bd0579440", "quantity": 350000000}',0);
INSERT INTO messages VALUES(61,154924,'update','bet_matches','{"bet_match_id": "c9a236c5da2bdafcf5e8f6905b4dcf384decdc9437f906e3ea7bbfe744960e6ae2d52a18156ab3988e9a6656d11fcba11d5f0d2e62dd825e3812956bd0579440", "status": "expired"}',0);
INSERT INTO messages VALUES(62,154924,'insert','bet_match_expirations','{"bet_match_id": "c9a236c5da2bdafcf5e8f6905b4dcf384decdc9437f906e3ea7bbfe744960e6ae2d52a18156ab3988e9a6656d11fcba11d5f0d2e62dd825e3812956bd0579440", "block_index": 154924, "tx0_address": "3_mn6q3dS2EnDUx3bmyWc6D4szJNVGtaR7zc_mnfAHmddVibnZNSkh8DvKaQoiEfNsxjXzH_mtQheFaSfWELRB2MyMBaiWjdDm6ux9Ezns_3", "tx1_address": "3_mn6q3dS2EnDUx3bmyWc6D4szJNVGtaR7zc_mnfAHmddVibnZNSkh8DvKaQoiEfNsxjXzH_mtQheFaSfWELRB2MyMBaiWjdDm6ux9Ezns_3"}',0);
INSERT INTO messages VALUES(63,154924,'insert','debits','{"action": "bet", "address": "3_mn6q3dS2EnDUx3bmyWc6D4szJNVGtaR7zc_mnfAHmddVibnZNSkh8DvKaQoiEfNsxjXzH_mtQheFaSfWELRB2MyMBaiWjdDm6ux9Ezns_3", "asset": "XCP", "block_index": 154924, "event": "56e92d995ee8b6f5e2c8903ecbe4fcb9f7cb40f0323aad238265ed3c8d1bc739", "quantity": 750000000}',0);
INSERT INTO messages VALUES(64,154924,'insert','bets','{"bet_type": 2, "block_index": 154924, "counterwager_quantity": 650000000, "counterwager_remaining": 650000000, "deadline": 1388000200, "expiration": 10, "expire_index": 154934, "fee_fraction_int": 5000000.0, "feed_address": "3_mn6q3dS2EnDUx3bmyWc6D4szJNVGtaR7zc_mnfAHmddVibnZNSkh8DvKaQoiEfNsxjXzH_mtQheFaSfWELRB2MyMBaiWjdDm6ux9Ezns_3", "leverage": 5040, "source": "3_mn6q3dS2EnDUx3bmyWc6D4szJNVGtaR7zc_mnfAHmddVibnZNSkh8DvKaQoiEfNsxjXzH_mtQheFaSfWELRB2MyMBaiWjdDm6ux9Ezns_3", "status": "open", "target_value": 1.0, "tx_hash": "56e92d995ee8b6f5e2c8903ecbe4fcb9f7cb40f0323aad238265ed3c8d1bc739", "tx_index": 17, "wager_quantity": 750000000, "wager_remaining": 750000000}',0);
INSERT INTO messages VALUES(65,154925,'insert','debits','{"action": "bet", "address": "3_mn6q3dS2EnDUx3bmyWc6D4szJNVGtaR7zc_mnfAHmddVibnZNSkh8DvKaQoiEfNsxjXzH_mtQheFaSfWELRB2MyMBaiWjdDm6ux9Ezns_3", "asset": "XCP", "block_index": 154925, "event": "e48c8e6e918347ce4f0bac6044eeb0061f7e25da712ff04a6260b2080f424282", "quantity": 650000000}',0);
INSERT INTO messages VALUES(66,154925,'insert','bets','{"bet_type": 3, "block_index": 154925, "counterwager_quantity": 750000000, "counterwager_remaining": 750000000, "deadline": 1388000200, "expiration": 10, "expire_index": 154935, "fee_fraction_int": 5000000.0, "feed_address": "3_mn6q3dS2EnDUx3bmyWc6D4szJNVGtaR7zc_mnfAHmddVibnZNSkh8DvKaQoiEfNsxjXzH_mtQheFaSfWELRB2MyMBaiWjdDm6ux9Ezns_3", "leverage": 5040, "source": "3_mn6q3dS2EnDUx3bmyWc6D4szJNVGtaR7zc_mnfAHmddVibnZNSkh8DvKaQoiEfNsxjXzH_mtQheFaSfWELRB2MyMBaiWjdDm6ux9Ezns_3", "status": "open", "target_value": 1.0, "tx_hash": "e48c8e6e918347ce4f0bac6044eeb0061f7e25da712ff04a6260b2080f424282", "tx_index": 18, "wager_quantity": 650000000, "wager_remaining": 650000000}',0);
INSERT INTO messages VALUES(67,154925,'insert','credits','{"action": "filled", "address": "3_mn6q3dS2EnDUx3bmyWc6D4szJNVGtaR7zc_mnfAHmddVibnZNSkh8DvKaQoiEfNsxjXzH_mtQheFaSfWELRB2MyMBaiWjdDm6ux9Ezns_3", "asset": "XCP", "block_index": 154925, "event": "e48c8e6e918347ce4f0bac6044eeb0061f7e25da712ff04a6260b2080f424282", "quantity": 0}',0);
INSERT INTO messages VALUES(68,154925,'update','bets','{"counterwager_remaining": 0, "status": "filled", "tx_hash": "56e92d995ee8b6f5e2c8903ecbe4fcb9f7cb40f0323aad238265ed3c8d1bc739", "wager_remaining": 0}',0);
INSERT INTO messages VALUES(69,154925,'insert','credits','{"action": "filled", "address": "3_mn6q3dS2EnDUx3bmyWc6D4szJNVGtaR7zc_mnfAHmddVibnZNSkh8DvKaQoiEfNsxjXzH_mtQheFaSfWELRB2MyMBaiWjdDm6ux9Ezns_3", "asset": "XCP", "block_index": 154925, "event": "e48c8e6e918347ce4f0bac6044eeb0061f7e25da712ff04a6260b2080f424282", "quantity": 0}',0);
INSERT INTO messages VALUES(70,154925,'update','bets','{"counterwager_remaining": 0, "status": "filled", "tx_hash": "e48c8e6e918347ce4f0bac6044eeb0061f7e25da712ff04a6260b2080f424282", "wager_remaining": 0}',0);
INSERT INTO messages VALUES(71,154925,'insert','bet_matches','{"backward_quantity": 650000000, "block_index": 154925, "deadline": 1388000200, "fee_fraction_int": 5000000, "feed_address": "3_mn6q3dS2EnDUx3bmyWc6D4szJNVGtaR7zc_mnfAHmddVibnZNSkh8DvKaQoiEfNsxjXzH_mtQheFaSfWELRB2MyMBaiWjdDm6ux9Ezns_3", "forward_quantity": 750000000, "id": "56e92d995ee8b6f5e2c8903ecbe4fcb9f7cb40f0323aad238265ed3c8d1bc739e48c8e6e918347ce4f0bac6044eeb0061f7e25da712ff04a6260b2080f424282", "initial_value": 100.0, "leverage": 5040, "match_expire_index": 154934, "status": "pending", "target_value": 1.0, "tx0_address": "3_mn6q3dS2EnDUx3bmyWc6D4szJNVGtaR7zc_mnfAHmddVibnZNSkh8DvKaQoiEfNsxjXzH_mtQheFaSfWELRB2MyMBaiWjdDm6ux9Ezns_3", "tx0_bet_type": 2, "tx0_block_index": 154924, "tx0_expiration": 10, "tx0_hash": "56e92d995ee8b6f5e2c8903ecbe4fcb9f7cb40f0323aad238265ed3c8d1bc739", "tx0_index": 17, "tx1_address": "3_mn6q3dS2EnDUx3bmyWc6D4szJNVGtaR7zc_mnfAHmddVibnZNSkh8DvKaQoiEfNsxjXzH_mtQheFaSfWELRB2MyMBaiWjdDm6ux9Ezns_3", "tx1_bet_type": 3, "tx1_block_index": 154925, "tx1_expiration": 10, "tx1_hash": "e48c8e6e918347ce4f0bac6044eeb0061f7e25da712ff04a6260b2080f424282", "tx1_index": 18}',0);
INSERT INTO messages VALUES(72,154926,'insert','credits','{"action": "recredit forward quantity", "address": "3_mn6q3dS2EnDUx3bmyWc6D4szJNVGtaR7zc_mnfAHmddVibnZNSkh8DvKaQoiEfNsxjXzH_mtQheFaSfWELRB2MyMBaiWjdDm6ux9Ezns_3", "asset": "XCP", "block_index": 154926, "event": "56e92d995ee8b6f5e2c8903ecbe4fcb9f7cb40f0323aad238265ed3c8d1bc739e48c8e6e918347ce4f0bac6044eeb0061f7e25da712ff04a6260b2080f424282", "quantity": 750000000}',0);
INSERT INTO messages VALUES(73,154926,'insert','credits','{"action": "recredit backward quantity", "address": "3_mn6q3dS2EnDUx3bmyWc6D4szJNVGtaR7zc_mnfAHmddVibnZNSkh8DvKaQoiEfNsxjXzH_mtQheFaSfWELRB2MyMBaiWjdDm6ux9Ezns_3", "asset": "XCP", "block_index": 154926, "event": "56e92d995ee8b6f5e2c8903ecbe4fcb9f7cb40f0323aad238265ed3c8d1bc739e48c8e6e918347ce4f0bac6044eeb0061f7e25da712ff04a6260b2080f424282", "quantity": 650000000}',0);
INSERT INTO messages VALUES(74,154926,'update','bet_matches','{"bet_match_id": "56e92d995ee8b6f5e2c8903ecbe4fcb9f7cb40f0323aad238265ed3c8d1bc739e48c8e6e918347ce4f0bac6044eeb0061f7e25da712ff04a6260b2080f424282", "status": "expired"}',0);
INSERT INTO messages VALUES(75,154926,'insert','bet_match_expirations','{"bet_match_id": "56e92d995ee8b6f5e2c8903ecbe4fcb9f7cb40f0323aad238265ed3c8d1bc739e48c8e6e918347ce4f0bac6044eeb0061f7e25da712ff04a6260b2080f424282", "block_index": 154926, "tx0_address": "3_mn6q3dS2EnDUx3bmyWc6D4szJNVGtaR7zc_mnfAHmddVibnZNSkh8DvKaQoiEfNsxjXzH_mtQheFaSfWELRB2MyMBaiWjdDm6ux9Ezns_3", "tx1_address": "3_mn6q3dS2EnDUx3bmyWc6D4szJNVGtaR7zc_mnfAHmddVibnZNSkh8DvKaQoiEfNsxjXzH_mtQheFaSfWELRB2MyMBaiWjdDm6ux9Ezns_3"}',0);
INSERT INTO messages VALUES(76,154926,'insert','broadcasts','{"block_index": 154926, "fee_fraction_int": 5000000, "locked": false, "source": "3_mn6q3dS2EnDUx3bmyWc6D4szJNVGtaR7zc_mnfAHmddVibnZNSkh8DvKaQoiEfNsxjXzH_mtQheFaSfWELRB2MyMBaiWjdDm6ux9Ezns_3", "status": "valid", "text": "Unit Test", "timestamp": 1388000050, "tx_hash": "3688080407232493fb89ffa14667000832ee8f27fa801e007b358dbbc7283628", "tx_index": 19, "value": 99.86166}',0);
INSERT INTO messages VALUES(77,154927,'insert','broadcasts','{"block_index": 154927, "fee_fraction_int": 5000000, "locked": false, "source": "3_mn6q3dS2EnDUx3bmyWc6D4szJNVGtaR7zc_mnfAHmddVibnZNSkh8DvKaQoiEfNsxjXzH_mtQheFaSfWELRB2MyMBaiWjdDm6ux9Ezns_3", "status": "valid", "text": "Unit Test", "timestamp": 1388000101, "tx_hash": "ddb749a327cdd37b93f4dee9cb015e2418c0f64c221fa69e41e5af8d6a5e654a", "tx_index": 20, "value": 100.343}',0);
INSERT INTO messages VALUES(78,154928,'insert','broadcasts','{"block_index": 154928, "fee_fraction_int": 5000000, "locked": false, "source": "3_mn6q3dS2EnDUx3bmyWc6D4szJNVGtaR7zc_mnfAHmddVibnZNSkh8DvKaQoiEfNsxjXzH_mtQheFaSfWELRB2MyMBaiWjdDm6ux9Ezns_3", "status": "valid", "text": "Unit Test", "timestamp": 1388000201, "tx_hash": "da3ca4eb535d2d0d5c01d70df569f9e1453eea073c7c13e7ad30d664bccf43cd", "tx_index": 21, "value": 2.0}',0);
INSERT INTO messages VALUES(79,154929,'insert','debits','{"action": "open order", "address": "3_mn6q3dS2EnDUx3bmyWc6D4szJNVGtaR7zc_mnfAHmddVibnZNSkh8DvKaQoiEfNsxjXzH_mtQheFaSfWELRB2MyMBaiWjdDm6ux9Ezns_3", "asset": "BBBB", "block_index": 154929, "event": "a15c90cdd8b58aad144ca10b6008568129c0e216ac5adfb047916099b8f8b115", "quantity": 50000000}',0);
INSERT INTO messages VALUES(80,154929,'insert','orders','{"block_index": 154929, "expiration": 10, "expire_index": 154939, "fee_provided": 10000, "fee_provided_remaining": 10000, "fee_required": 0, "fee_required_remaining": 0, "get_asset": "XCP", "get_quantity": 50000000, "get_remaining": 50000000, "give_asset": "BBBB", "give_quantity": 50000000, "give_remaining": 50000000, "source": "3_mn6q3dS2EnDUx3bmyWc6D4szJNVGtaR7zc_mnfAHmddVibnZNSkh8DvKaQoiEfNsxjXzH_mtQheFaSfWELRB2MyMBaiWjdDm6ux9Ezns_3", "status": "open", "tx_hash": "a15c90cdd8b58aad144ca10b6008568129c0e216ac5adfb047916099b8f8b115", "tx_index": 22}',0);
INSERT INTO messages VALUES(81,154930,'insert','credits','{"action": "burn", "address": "3_mn6q3dS2EnDUx3bmyWc6D4szJNVGtaR7zc_mnfAHmddVibnZNSkh8DvKaQoiEfNsxjXzH_mtQheFaSfWELRB2MyMBaiWjdDm6ux9Ezns_3", "asset": "XCP", "block_index": 154930, "event": "eda03a83756431d7684530cea1c41acb8f20bb44fd9b44cee18b6fcf17c0596d", "quantity": 56999891788}',0);
INSERT INTO messages VALUES(82,154930,'insert','burns','{"block_index": 154930, "burned": 38000000, "earned": 56999891788, "source": "3_mn6q3dS2EnDUx3bmyWc6D4szJNVGtaR7zc_mnfAHmddVibnZNSkh8DvKaQoiEfNsxjXzH_mtQheFaSfWELRB2MyMBaiWjdDm6ux9Ezns_3", "status": "valid", "tx_hash": "eda03a83756431d7684530cea1c41acb8f20bb44fd9b44cee18b6fcf17c0596d", "tx_index": 23}',0);
INSERT INTO messages VALUES(83,154931,'update','bets','{"status": "expired", "tx_hash": "eb62a952570f9b06f214f2e9558ffea9389fc88121ce1b2b5a8dc7b34588b6c6"}',0);
INSERT INTO messages VALUES(84,154931,'insert','credits','{"action": "recredit wager remaining", "address": "3_mn6q3dS2EnDUx3bmyWc6D4szJNVGtaR7zc_mnfAHmddVibnZNSkh8DvKaQoiEfNsxjXzH_mtQheFaSfWELRB2MyMBaiWjdDm6ux9Ezns_3", "asset": "XCP", "block_index": 154931, "event": "eb62a952570f9b06f214f2e9558ffea9389fc88121ce1b2b5a8dc7b34588b6c6", "quantity": 8500000}',0);
INSERT INTO messages VALUES(85,154931,'insert','bet_expirations','{"bet_hash": "eb62a952570f9b06f214f2e9558ffea9389fc88121ce1b2b5a8dc7b34588b6c6", "bet_index": 13, "block_index": 154931, "source": "3_mn6q3dS2EnDUx3bmyWc6D4szJNVGtaR7zc_mnfAHmddVibnZNSkh8DvKaQoiEfNsxjXzH_mtQheFaSfWELRB2MyMBaiWjdDm6ux9Ezns_3"}',0);
INSERT INTO messages VALUES(86,154931,'insert','debits','{"action": "send", "address": "3_mn6q3dS2EnDUx3bmyWc6D4szJNVGtaR7zc_mnfAHmddVibnZNSkh8DvKaQoiEfNsxjXzH_mtQheFaSfWELRB2MyMBaiWjdDm6ux9Ezns_3", "asset": "BBBC", "block_index": 154931, "event": "c26918103799be9d661608fdb56f29281d6e3b81ca1535ca777f33f5c459ba0f", "quantity": 10000}',0);
INSERT INTO messages VALUES(87,154931,'insert','credits','{"action": "send", "address": "3_mn6q3dS2EnDUx3bmyWc6D4szJNVGtaR7zc_mnfAHmddVibnZNSkh8DvKaQoiEfNsxjXzH_mqPCfvqTfYctXMUfmniXeG2nyaN8w6tPmj_3", "asset": "BBBC", "block_index": 154931, "event": "c26918103799be9d661608fdb56f29281d6e3b81ca1535ca777f33f5c459ba0f", "quantity": 10000}',0);
INSERT INTO messages VALUES(88,154931,'insert','sends','{"asset": "BBBC", "block_index": 154931, "destination": "3_mn6q3dS2EnDUx3bmyWc6D4szJNVGtaR7zc_mnfAHmddVibnZNSkh8DvKaQoiEfNsxjXzH_mqPCfvqTfYctXMUfmniXeG2nyaN8w6tPmj_3", "quantity": 10000, "source": "3_mn6q3dS2EnDUx3bmyWc6D4szJNVGtaR7zc_mnfAHmddVibnZNSkh8DvKaQoiEfNsxjXzH_mtQheFaSfWELRB2MyMBaiWjdDm6ux9Ezns_3", "status": "valid", "tx_hash": "c26918103799be9d661608fdb56f29281d6e3b81ca1535ca777f33f5c459ba0f", "tx_index": 24}',0);
INSERT INTO messages VALUES(89,154932,'insert','debits','{"action": "callback", "address": "3_mn6q3dS2EnDUx3bmyWc6D4szJNVGtaR7zc_mnfAHmddVibnZNSkh8DvKaQoiEfNsxjXzH_mtQheFaSfWELRB2MyMBaiWjdDm6ux9Ezns_3", "asset": "XCP", "block_index": 154932, "event": "da09af2f1ed43341434430a181fc7d11b002527bde3498277d9b4825f2870c26", "quantity": 4735500000}',0);
INSERT INTO messages VALUES(90,154932,'insert','credits','{"action": "callback", "address": "3_mn6q3dS2EnDUx3bmyWc6D4szJNVGtaR7zc_mnfAHmddVibnZNSkh8DvKaQoiEfNsxjXzH_mtQheFaSfWELRB2MyMBaiWjdDm6ux9Ezns_3", "asset": "BBBC", "block_index": 154932, "event": "da09af2f1ed43341434430a181fc7d11b002527bde3498277d9b4825f2870c26", "quantity": 3157}',0);
INSERT INTO messages VALUES(91,154932,'insert','debits','{"action": "callback", "address": "3_mn6q3dS2EnDUx3bmyWc6D4szJNVGtaR7zc_mnfAHmddVibnZNSkh8DvKaQoiEfNsxjXzH_mqPCfvqTfYctXMUfmniXeG2nyaN8w6tPmj_3", "asset": "BBBC", "block_index": 154932, "event": "da09af2f1ed43341434430a181fc7d11b002527bde3498277d9b4825f2870c26", "quantity": 3157}',0);
INSERT INTO messages VALUES(92,154932,'insert','credits','{"action": "callback", "address": "3_mn6q3dS2EnDUx3bmyWc6D4szJNVGtaR7zc_mnfAHmddVibnZNSkh8DvKaQoiEfNsxjXzH_mqPCfvqTfYctXMUfmniXeG2nyaN8w6tPmj_3", "asset": "XCP", "block_index": 154932, "event": "da09af2f1ed43341434430a181fc7d11b002527bde3498277d9b4825f2870c26", "quantity": 4735500000}',0);
INSERT INTO messages VALUES(93,154932,'insert','callbacks','{"asset": "BBBC", "block_index": 154932, "fraction": 0.3, "source": "3_mn6q3dS2EnDUx3bmyWc6D4szJNVGtaR7zc_mnfAHmddVibnZNSkh8DvKaQoiEfNsxjXzH_mtQheFaSfWELRB2MyMBaiWjdDm6ux9Ezns_3", "status": "valid", "tx_hash": "da09af2f1ed43341434430a181fc7d11b002527bde3498277d9b4825f2870c26", "tx_index": 25}',0);
INSERT INTO messages VALUES(94,154933,'insert','debits','{"action": "open RPS", "address": "3_mn6q3dS2EnDUx3bmyWc6D4szJNVGtaR7zc_mnfAHmddVibnZNSkh8DvKaQoiEfNsxjXzH_mtQheFaSfWELRB2MyMBaiWjdDm6ux9Ezns_3", "asset": "XCP", "block_index": 154933, "event": "ab5efc8615faa7f9a4af81b4418fbd6dbd6a395804b2cd3b83eb49968b35480b", "quantity": 11021663}',0);
INSERT INTO messages VALUES(95,154933,'insert','rps','{"block_index": 154933, "expiration": 100, "expire_index": 155033, "move_random_hash": "6a886d74c2d4b1d7a35fd9159333ef64ba45a04d7aeeeb4538f958603c16fc5d", "possible_moves": 5, "source": "3_mn6q3dS2EnDUx3bmyWc6D4szJNVGtaR7zc_mnfAHmddVibnZNSkh8DvKaQoiEfNsxjXzH_mtQheFaSfWELRB2MyMBaiWjdDm6ux9Ezns_3", "status": "open", "tx_hash": "ab5efc8615faa7f9a4af81b4418fbd6dbd6a395804b2cd3b83eb49968b35480b", "tx_index": 26, "wager": 11021663}',0);
INSERT INTO messages VALUES(96,154934,'insert','debits','{"action": "open RPS", "address": "3_mn6q3dS2EnDUx3bmyWc6D4szJNVGtaR7zc_mnfAHmddVibnZNSkh8DvKaQoiEfNsxjXzH_mqPCfvqTfYctXMUfmniXeG2nyaN8w6tPmj_3", "asset": "XCP", "block_index": 154934, "event": "2b35d8308052dbf05b804bc5ec0eec0e8c1e4fe4d75efde745a7733493e295b9", "quantity": 11021663}',0);
INSERT INTO messages VALUES(97,154934,'insert','rps','{"block_index": 154934, "expiration": 100, "expire_index": 155034, "move_random_hash": "6e8bf66cbd6636aca1802459b730a99548624e48e243b840e0b34a12bede17ec", "possible_moves": 5, "source": "3_mn6q3dS2EnDUx3bmyWc6D4szJNVGtaR7zc_mnfAHmddVibnZNSkh8DvKaQoiEfNsxjXzH_mqPCfvqTfYctXMUfmniXeG2nyaN8w6tPmj_3", "status": "open", "tx_hash": "2b35d8308052dbf05b804bc5ec0eec0e8c1e4fe4d75efde745a7733493e295b9", "tx_index": 27, "wager": 11021663}',0);
INSERT INTO messages VALUES(98,154934,'update','rps','{"status": "matched", "tx_index": 26}',0);
INSERT INTO messages VALUES(99,154934,'update','rps','{"status": "matched", "tx_index": 27}',0);
INSERT INTO messages VALUES(100,154934,'insert','rps_matches','{"block_index": 154934, "id": "ab5efc8615faa7f9a4af81b4418fbd6dbd6a395804b2cd3b83eb49968b35480b2b35d8308052dbf05b804bc5ec0eec0e8c1e4fe4d75efde745a7733493e295b9", "match_expire_index": 154954, "possible_moves": 5, "status": "pending", "tx0_address": "3_mn6q3dS2EnDUx3bmyWc6D4szJNVGtaR7zc_mnfAHmddVibnZNSkh8DvKaQoiEfNsxjXzH_mtQheFaSfWELRB2MyMBaiWjdDm6ux9Ezns_3", "tx0_block_index": 154933, "tx0_expiration": 100, "tx0_hash": "ab5efc8615faa7f9a4af81b4418fbd6dbd6a395804b2cd3b83eb49968b35480b", "tx0_index": 26, "tx0_move_random_hash": "6a886d74c2d4b1d7a35fd9159333ef64ba45a04d7aeeeb4538f958603c16fc5d", "tx1_address": "3_mn6q3dS2EnDUx3bmyWc6D4szJNVGtaR7zc_mnfAHmddVibnZNSkh8DvKaQoiEfNsxjXzH_mqPCfvqTfYctXMUfmniXeG2nyaN8w6tPmj_3", "tx1_block_index": 154934, "tx1_expiration": 100, "tx1_hash": "2b35d8308052dbf05b804bc5ec0eec0e8c1e4fe4d75efde745a7733493e295b9", "tx1_index": 27, "tx1_move_random_hash": "6e8bf66cbd6636aca1802459b730a99548624e48e243b840e0b34a12bede17ec", "wager": 11021663}',0);
INSERT INTO messages VALUES(101,154935,'update','rps_matches','{"rps_match_id": "ab5efc8615faa7f9a4af81b4418fbd6dbd6a395804b2cd3b83eb49968b35480b2b35d8308052dbf05b804bc5ec0eec0e8c1e4fe4d75efde745a7733493e295b9", "status": "resolved and pending"}',0);
INSERT INTO messages VALUES(102,154935,'insert','rpsresolves','{"block_index": 154935, "move": 3, "random": "7a4488d61ed8f2e9fa2874113fccb8b1", "rps_match_id": "ab5efc8615faa7f9a4af81b4418fbd6dbd6a395804b2cd3b83eb49968b35480b2b35d8308052dbf05b804bc5ec0eec0e8c1e4fe4d75efde745a7733493e295b9", "source": "3_mn6q3dS2EnDUx3bmyWc6D4szJNVGtaR7zc_mnfAHmddVibnZNSkh8DvKaQoiEfNsxjXzH_mtQheFaSfWELRB2MyMBaiWjdDm6ux9Ezns_3", "status": "valid", "tx_hash": "a489305e0206b0a9a4d1fc4ee5044a5281298ca8ed1b6c33de00cb7309d55418", "tx_index": 28}',0);
INSERT INTO messages VALUES(103,154936,'insert','credits','{"action": "wins", "address": "3_mn6q3dS2EnDUx3bmyWc6D4szJNVGtaR7zc_mnfAHmddVibnZNSkh8DvKaQoiEfNsxjXzH_mtQheFaSfWELRB2MyMBaiWjdDm6ux9Ezns_3", "asset": "XCP", "block_index": 154936, "event": "ab5efc8615faa7f9a4af81b4418fbd6dbd6a395804b2cd3b83eb49968b35480b2b35d8308052dbf05b804bc5ec0eec0e8c1e4fe4d75efde745a7733493e295b9", "quantity": 22043326}',0);
INSERT INTO messages VALUES(104,154936,'update','rps_matches','{"rps_match_id": "ab5efc8615faa7f9a4af81b4418fbd6dbd6a395804b2cd3b83eb49968b35480b2b35d8308052dbf05b804bc5ec0eec0e8c1e4fe4d75efde745a7733493e295b9", "status": "concluded: first player wins"}',0);
INSERT INTO messages VALUES(105,154936,'insert','rpsresolves','{"block_index": 154936, "move": 5, "random": "fa765e80203cba24a298e4458f63ff6b", "rps_match_id": "ab5efc8615faa7f9a4af81b4418fbd6dbd6a395804b2cd3b83eb49968b35480b2b35d8308052dbf05b804bc5ec0eec0e8c1e4fe4d75efde745a7733493e295b9", "source": "3_mn6q3dS2EnDUx3bmyWc6D4szJNVGtaR7zc_mnfAHmddVibnZNSkh8DvKaQoiEfNsxjXzH_mqPCfvqTfYctXMUfmniXeG2nyaN8w6tPmj_3", "status": "valid", "tx_hash": "6f14ed7b2970f91b7dad43abba35b7585cd490035e8f9fcf6ba919019d81959c", "tx_index": 29}',0);
INSERT INTO messages VALUES(106,154937,'insert','debits','{"action": "open RPS", "address": "3_mn6q3dS2EnDUx3bmyWc6D4szJNVGtaR7zc_mnfAHmddVibnZNSkh8DvKaQoiEfNsxjXzH_mtQheFaSfWELRB2MyMBaiWjdDm6ux9Ezns_3", "asset": "XCP", "block_index": 154937, "event": "c0a52022a3e276b3f340286c56fb44d3b8c212b780a25bf244c54a4039f2d51a", "quantity": 11021663}',0);
INSERT INTO messages VALUES(107,154937,'insert','rps','{"block_index": 154937, "expiration": 10, "expire_index": 154947, "move_random_hash": "6a886d74c2d4b1d7a35fd9159333ef64ba45a04d7aeeeb4538f958603c16fc5d", "possible_moves": 5, "source": "3_mn6q3dS2EnDUx3bmyWc6D4szJNVGtaR7zc_mnfAHmddVibnZNSkh8DvKaQoiEfNsxjXzH_mtQheFaSfWELRB2MyMBaiWjdDm6ux9Ezns_3", "status": "open", "tx_hash": "c0a52022a3e276b3f340286c56fb44d3b8c212b780a25bf244c54a4039f2d51a", "tx_index": 30, "wager": 11021663}',0);
INSERT INTO messages VALUES(108,154940,'update','orders','{"status": "expired", "tx_hash": "a15c90cdd8b58aad144ca10b6008568129c0e216ac5adfb047916099b8f8b115"}',0);
INSERT INTO messages VALUES(109,154940,'insert','credits','{"action": "cancel order", "address": "3_mn6q3dS2EnDUx3bmyWc6D4szJNVGtaR7zc_mnfAHmddVibnZNSkh8DvKaQoiEfNsxjXzH_mtQheFaSfWELRB2MyMBaiWjdDm6ux9Ezns_3", "asset": "BBBB", "block_index": 154940, "event": "a15c90cdd8b58aad144ca10b6008568129c0e216ac5adfb047916099b8f8b115", "quantity": 50000000}',0);
INSERT INTO messages VALUES(110,154940,'insert','order_expirations','{"block_index": 154940, "order_hash": "a15c90cdd8b58aad144ca10b6008568129c0e216ac5adfb047916099b8f8b115", "order_index": 22, "source": "3_mn6q3dS2EnDUx3bmyWc6D4szJNVGtaR7zc_mnfAHmddVibnZNSkh8DvKaQoiEfNsxjXzH_mtQheFaSfWELRB2MyMBaiWjdDm6ux9Ezns_3"}',0);
INSERT INTO messages VALUES(111,154948,'update','rps','{"status": "expired", "tx_hash": "c0a52022a3e276b3f340286c56fb44d3b8c212b780a25bf244c54a4039f2d51a"}',0);
INSERT INTO messages VALUES(112,154948,'insert','credits','{"action": "recredit wager", "address": "3_mn6q3dS2EnDUx3bmyWc6D4szJNVGtaR7zc_mnfAHmddVibnZNSkh8DvKaQoiEfNsxjXzH_mtQheFaSfWELRB2MyMBaiWjdDm6ux9Ezns_3", "asset": "XCP", "block_index": 154948, "event": "c0a52022a3e276b3f340286c56fb44d3b8c212b780a25bf244c54a4039f2d51a", "quantity": 11021663}',0);
INSERT INTO messages VALUES(113,154948,'insert','rps_expirations','{"block_index": 154948, "rps_hash": "c0a52022a3e276b3f340286c56fb44d3b8c212b780a25bf244c54a4039f2d51a", "rps_index": 30, "source": "3_mn6q3dS2EnDUx3bmyWc6D4szJNVGtaR7zc_mnfAHmddVibnZNSkh8DvKaQoiEfNsxjXzH_mtQheFaSfWELRB2MyMBaiWjdDm6ux9Ezns_3"}',0);
INSERT INTO messages VALUES(114,154955,'insert','debits','{"action": "open RPS", "address": "3_mn6q3dS2EnDUx3bmyWc6D4szJNVGtaR7zc_mnfAHmddVibnZNSkh8DvKaQoiEfNsxjXzH_mtQheFaSfWELRB2MyMBaiWjdDm6ux9Ezns_3", "asset": "XCP", "block_index": 154955, "event": "5f29d8ecf3a449b7f0247e48b92f4ef4714522097716fc1d873a172cefb069bf", "quantity": 11021664}',0);
INSERT INTO messages VALUES(115,154955,'insert','rps','{"block_index": 154955, "expiration": 10, "expire_index": 154965, "move_random_hash": "6a886d74c2d4b1d7a35fd9159333ef64ba45a04d7aeeeb4538f958603c16fc5d", "possible_moves": 5, "source": "3_mn6q3dS2EnDUx3bmyWc6D4szJNVGtaR7zc_mnfAHmddVibnZNSkh8DvKaQoiEfNsxjXzH_mtQheFaSfWELRB2MyMBaiWjdDm6ux9Ezns_3", "status": "open", "tx_hash": "5f29d8ecf3a449b7f0247e48b92f4ef4714522097716fc1d873a172cefb069bf", "tx_index": 48, "wager": 11021664}',0);
INSERT INTO messages VALUES(116,154956,'insert','debits','{"action": "open RPS", "address": "3_mn6q3dS2EnDUx3bmyWc6D4szJNVGtaR7zc_mnfAHmddVibnZNSkh8DvKaQoiEfNsxjXzH_mqPCfvqTfYctXMUfmniXeG2nyaN8w6tPmj_3", "asset": "XCP", "block_index": 154956, "event": "0d14447f359de3badc76cca72065e8ad71cb3bf69a0cb65a9ef3c34d79c872c1", "quantity": 11021664}',0);
INSERT INTO messages VALUES(117,154956,'insert','rps','{"block_index": 154956, "expiration": 10, "expire_index": 154966, "move_random_hash": "6a886d74c2d4b1d7a35fd9159333ef64ba45a04d7aeeeb4538f958603c16fc5d", "possible_moves": 5, "source": "3_mn6q3dS2EnDUx3bmyWc6D4szJNVGtaR7zc_mnfAHmddVibnZNSkh8DvKaQoiEfNsxjXzH_mqPCfvqTfYctXMUfmniXeG2nyaN8w6tPmj_3", "status": "open", "tx_hash": "0d14447f359de3badc76cca72065e8ad71cb3bf69a0cb65a9ef3c34d79c872c1", "tx_index": 49, "wager": 11021664}',0);
INSERT INTO messages VALUES(118,154956,'update','rps','{"status": "matched", "tx_index": 48}',0);
INSERT INTO messages VALUES(119,154956,'update','rps','{"status": "matched", "tx_index": 49}',0);
INSERT INTO messages VALUES(120,154956,'insert','rps_matches','{"block_index": 154956, "id": "5f29d8ecf3a449b7f0247e48b92f4ef4714522097716fc1d873a172cefb069bf0d14447f359de3badc76cca72065e8ad71cb3bf69a0cb65a9ef3c34d79c872c1", "match_expire_index": 154976, "possible_moves": 5, "status": "pending", "tx0_address": "3_mn6q3dS2EnDUx3bmyWc6D4szJNVGtaR7zc_mnfAHmddVibnZNSkh8DvKaQoiEfNsxjXzH_mtQheFaSfWELRB2MyMBaiWjdDm6ux9Ezns_3", "tx0_block_index": 154955, "tx0_expiration": 10, "tx0_hash": "5f29d8ecf3a449b7f0247e48b92f4ef4714522097716fc1d873a172cefb069bf", "tx0_index": 48, "tx0_move_random_hash": "6a886d74c2d4b1d7a35fd9159333ef64ba45a04d7aeeeb4538f958603c16fc5d", "tx1_address": "3_mn6q3dS2EnDUx3bmyWc6D4szJNVGtaR7zc_mnfAHmddVibnZNSkh8DvKaQoiEfNsxjXzH_mqPCfvqTfYctXMUfmniXeG2nyaN8w6tPmj_3", "tx1_block_index": 154956, "tx1_expiration": 10, "tx1_hash": "0d14447f359de3badc76cca72065e8ad71cb3bf69a0cb65a9ef3c34d79c872c1", "tx1_index": 49, "tx1_move_random_hash": "6a886d74c2d4b1d7a35fd9159333ef64ba45a04d7aeeeb4538f958603c16fc5d", "wager": 11021664}',0);
INSERT INTO messages VALUES(121,154977,'insert','credits','{"action": "recredit wager", "address": "3_mn6q3dS2EnDUx3bmyWc6D4szJNVGtaR7zc_mnfAHmddVibnZNSkh8DvKaQoiEfNsxjXzH_mtQheFaSfWELRB2MyMBaiWjdDm6ux9Ezns_3", "asset": "XCP", "block_index": 154977, "event": "5f29d8ecf3a449b7f0247e48b92f4ef4714522097716fc1d873a172cefb069bf0d14447f359de3badc76cca72065e8ad71cb3bf69a0cb65a9ef3c34d79c872c1", "quantity": 11021664}',0);
INSERT INTO messages VALUES(122,154977,'insert','credits','{"action": "recredit wager", "address": "3_mn6q3dS2EnDUx3bmyWc6D4szJNVGtaR7zc_mnfAHmddVibnZNSkh8DvKaQoiEfNsxjXzH_mqPCfvqTfYctXMUfmniXeG2nyaN8w6tPmj_3", "asset": "XCP", "block_index": 154977, "event": "5f29d8ecf3a449b7f0247e48b92f4ef4714522097716fc1d873a172cefb069bf0d14447f359de3badc76cca72065e8ad71cb3bf69a0cb65a9ef3c34d79c872c1", "quantity": 11021664}',0);
INSERT INTO messages VALUES(123,154977,'update','rps_matches','{"rps_match_id": "5f29d8ecf3a449b7f0247e48b92f4ef4714522097716fc1d873a172cefb069bf0d14447f359de3badc76cca72065e8ad71cb3bf69a0cb65a9ef3c34d79c872c1", "status": "expired"}',0);
INSERT INTO messages VALUES(124,154977,'insert','rps_match_expirations','{"block_index": 154977, "rps_match_id": "5f29d8ecf3a449b7f0247e48b92f4ef4714522097716fc1d873a172cefb069bf0d14447f359de3badc76cca72065e8ad71cb3bf69a0cb65a9ef3c34d79c872c1", "tx0_address": "3_mn6q3dS2EnDUx3bmyWc6D4szJNVGtaR7zc_mnfAHmddVibnZNSkh8DvKaQoiEfNsxjXzH_mtQheFaSfWELRB2MyMBaiWjdDm6ux9Ezns_3", "tx1_address": "3_mn6q3dS2EnDUx3bmyWc6D4szJNVGtaR7zc_mnfAHmddVibnZNSkh8DvKaQoiEfNsxjXzH_mqPCfvqTfYctXMUfmniXeG2nyaN8w6tPmj_3"}',0);
INSERT INTO messages VALUES(125,154982,'insert','debits','{"action": "open RPS", "address": "3_mn6q3dS2EnDUx3bmyWc6D4szJNVGtaR7zc_mnfAHmddVibnZNSkh8DvKaQoiEfNsxjXzH_mtQheFaSfWELRB2MyMBaiWjdDm6ux9Ezns_3", "asset": "XCP", "block_index": 154982, "event": "68d8328f0d3fbdc45ac14d7982622964e9d6b99ad0be065ff6d8ed3fbeaa9a56", "quantity": 11021665}',0);
INSERT INTO messages VALUES(126,154982,'insert','rps','{"block_index": 154982, "expiration": 10, "expire_index": 154992, "move_random_hash": "6a886d74c2d4b1d7a35fd9159333ef64ba45a04d7aeeeb4538f958603c16fc5d", "possible_moves": 5, "source": "3_mn6q3dS2EnDUx3bmyWc6D4szJNVGtaR7zc_mnfAHmddVibnZNSkh8DvKaQoiEfNsxjXzH_mtQheFaSfWELRB2MyMBaiWjdDm6ux9Ezns_3", "status": "open", "tx_hash": "68d8328f0d3fbdc45ac14d7982622964e9d6b99ad0be065ff6d8ed3fbeaa9a56", "tx_index": 75, "wager": 11021665}',0);
INSERT INTO messages VALUES(127,154983,'insert','debits','{"action": "open RPS", "address": "3_mn6q3dS2EnDUx3bmyWc6D4szJNVGtaR7zc_mnfAHmddVibnZNSkh8DvKaQoiEfNsxjXzH_mqPCfvqTfYctXMUfmniXeG2nyaN8w6tPmj_3", "asset": "XCP", "block_index": 154983, "event": "7edcdabe2c175888d827a2a9c514b5e62589255d5fbc171aa6092a954fa2c95a", "quantity": 11021665}',0);
INSERT INTO messages VALUES(128,154983,'insert','rps','{"block_index": 154983, "expiration": 10, "expire_index": 154993, "move_random_hash": "6a886d74c2d4b1d7a35fd9159333ef64ba45a04d7aeeeb4538f958603c16fc5d", "possible_moves": 5, "source": "3_mn6q3dS2EnDUx3bmyWc6D4szJNVGtaR7zc_mnfAHmddVibnZNSkh8DvKaQoiEfNsxjXzH_mqPCfvqTfYctXMUfmniXeG2nyaN8w6tPmj_3", "status": "open", "tx_hash": "7edcdabe2c175888d827a2a9c514b5e62589255d5fbc171aa6092a954fa2c95a", "tx_index": 76, "wager": 11021665}',0);
INSERT INTO messages VALUES(129,154983,'update','rps','{"status": "matched", "tx_index": 75}',0);
INSERT INTO messages VALUES(130,154983,'update','rps','{"status": "matched", "tx_index": 76}',0);
INSERT INTO messages VALUES(131,154983,'insert','rps_matches','{"block_index": 154983, "id": "68d8328f0d3fbdc45ac14d7982622964e9d6b99ad0be065ff6d8ed3fbeaa9a567edcdabe2c175888d827a2a9c514b5e62589255d5fbc171aa6092a954fa2c95a", "match_expire_index": 155003, "possible_moves": 5, "status": "pending", "tx0_address": "3_mn6q3dS2EnDUx3bmyWc6D4szJNVGtaR7zc_mnfAHmddVibnZNSkh8DvKaQoiEfNsxjXzH_mtQheFaSfWELRB2MyMBaiWjdDm6ux9Ezns_3", "tx0_block_index": 154982, "tx0_expiration": 10, "tx0_hash": "68d8328f0d3fbdc45ac14d7982622964e9d6b99ad0be065ff6d8ed3fbeaa9a56", "tx0_index": 75, "tx0_move_random_hash": "6a886d74c2d4b1d7a35fd9159333ef64ba45a04d7aeeeb4538f958603c16fc5d", "tx1_address": "3_mn6q3dS2EnDUx3bmyWc6D4szJNVGtaR7zc_mnfAHmddVibnZNSkh8DvKaQoiEfNsxjXzH_mqPCfvqTfYctXMUfmniXeG2nyaN8w6tPmj_3", "tx1_block_index": 154983, "tx1_expiration": 10, "tx1_hash": "7edcdabe2c175888d827a2a9c514b5e62589255d5fbc171aa6092a954fa2c95a", "tx1_index": 76, "tx1_move_random_hash": "6a886d74c2d4b1d7a35fd9159333ef64ba45a04d7aeeeb4538f958603c16fc5d", "wager": 11021665}',0);
INSERT INTO messages VALUES(132,154984,'update','rps_matches','{"rps_match_id": "68d8328f0d3fbdc45ac14d7982622964e9d6b99ad0be065ff6d8ed3fbeaa9a567edcdabe2c175888d827a2a9c514b5e62589255d5fbc171aa6092a954fa2c95a", "status": "resolved and pending"}',0);
INSERT INTO messages VALUES(133,154984,'insert','rpsresolves','{"block_index": 154984, "move": 3, "random": "7a4488d61ed8f2e9fa2874113fccb8b1", "rps_match_id": "68d8328f0d3fbdc45ac14d7982622964e9d6b99ad0be065ff6d8ed3fbeaa9a567edcdabe2c175888d827a2a9c514b5e62589255d5fbc171aa6092a954fa2c95a", "source": "3_mn6q3dS2EnDUx3bmyWc6D4szJNVGtaR7zc_mnfAHmddVibnZNSkh8DvKaQoiEfNsxjXzH_mtQheFaSfWELRB2MyMBaiWjdDm6ux9Ezns_3", "status": "valid", "tx_hash": "8b7aae9409a731ebade0173d75ea63458568a26133b0eb0cdf666babf06f00a7", "tx_index": 77}',0);
INSERT INTO messages VALUES(134,155004,'insert','credits','{"action": "wins", "address": "3_mn6q3dS2EnDUx3bmyWc6D4szJNVGtaR7zc_mnfAHmddVibnZNSkh8DvKaQoiEfNsxjXzH_mtQheFaSfWELRB2MyMBaiWjdDm6ux9Ezns_3", "asset": "XCP", "block_index": 155004, "event": "68d8328f0d3fbdc45ac14d7982622964e9d6b99ad0be065ff6d8ed3fbeaa9a567edcdabe2c175888d827a2a9c514b5e62589255d5fbc171aa6092a954fa2c95a", "quantity": 22043330}',0);
INSERT INTO messages VALUES(135,155004,'update','rps_matches','{"rps_match_id": "68d8328f0d3fbdc45ac14d7982622964e9d6b99ad0be065ff6d8ed3fbeaa9a567edcdabe2c175888d827a2a9c514b5e62589255d5fbc171aa6092a954fa2c95a", "status": "concluded: first player wins"}',0);
INSERT INTO messages VALUES(136,155004,'insert','rps_match_expirations','{"block_index": 155004, "rps_match_id": "68d8328f0d3fbdc45ac14d7982622964e9d6b99ad0be065ff6d8ed3fbeaa9a567edcdabe2c175888d827a2a9c514b5e62589255d5fbc171aa6092a954fa2c95a", "tx0_address": "3_mn6q3dS2EnDUx3bmyWc6D4szJNVGtaR7zc_mnfAHmddVibnZNSkh8DvKaQoiEfNsxjXzH_mtQheFaSfWELRB2MyMBaiWjdDm6ux9Ezns_3", "tx1_address": "3_mn6q3dS2EnDUx3bmyWc6D4szJNVGtaR7zc_mnfAHmddVibnZNSkh8DvKaQoiEfNsxjXzH_mqPCfvqTfYctXMUfmniXeG2nyaN8w6tPmj_3"}',0);
-- Triggers and indices on  messages
CREATE INDEX block_index_message_index_idx ON messages (block_index, message_index);

-- Table  order_expirations
DROP TABLE IF EXISTS order_expirations;
CREATE TABLE order_expirations(
                      order_index INTEGER PRIMARY KEY,
                      order_hash TEXT UNIQUE,
                      source TEXT,
                      block_index INTEGER,
                      FOREIGN KEY (block_index) REFERENCES blocks(block_index),
                      FOREIGN KEY (order_index, order_hash) REFERENCES orders(tx_index, tx_hash));
INSERT INTO order_expirations VALUES(3,'791e7db77ec2e974dc7912af2f09bb5b00bdebee1fc0905ce5ce953128d13f63','3_mn6q3dS2EnDUx3bmyWc6D4szJNVGtaR7zc_mnfAHmddVibnZNSkh8DvKaQoiEfNsxjXzH_mtQheFaSfWELRB2MyMBaiWjdDm6ux9Ezns_3',154921);
INSERT INTO order_expirations VALUES(4,'8250f7b366140c67814c2063661c86267d7e9c744f5b87f2d73990e033e7c7f6','3_mn6q3dS2EnDUx3bmyWc6D4szJNVGtaR7zc_mnfAHmddVibnZNSkh8DvKaQoiEfNsxjXzH_mtQheFaSfWELRB2MyMBaiWjdDm6ux9Ezns_3',154922);
INSERT INTO order_expirations VALUES(22,'a15c90cdd8b58aad144ca10b6008568129c0e216ac5adfb047916099b8f8b115','3_mn6q3dS2EnDUx3bmyWc6D4szJNVGtaR7zc_mnfAHmddVibnZNSkh8DvKaQoiEfNsxjXzH_mtQheFaSfWELRB2MyMBaiWjdDm6ux9Ezns_3',154940);

-- Table  order_match_expirations
DROP TABLE IF EXISTS order_match_expirations;
CREATE TABLE order_match_expirations(
                      order_match_id TEXT PRIMARY KEY,
                      tx0_address TEXT,
                      tx1_address TEXT,
                      block_index INTEGER,
                      FOREIGN KEY (order_match_id) REFERENCES order_matches(id),
                      FOREIGN KEY (block_index) REFERENCES blocks(block_index));

-- Table  order_matches
DROP TABLE IF EXISTS order_matches;
CREATE TABLE order_matches(
                      id TEXT PRIMARY KEY,
                      tx0_index INTEGER,
                      tx0_hash TEXT,
                      tx0_address TEXT,
                      tx1_index INTEGER,
                      tx1_hash TEXT,
                      tx1_address TEXT,
                      forward_asset TEXT,
                      forward_quantity INTEGER,
                      backward_asset TEXT,
                      backward_quantity INTEGER,
                      tx0_block_index INTEGER,
                      tx1_block_index INTEGER,
                      block_index INTEGER,
                      tx0_expiration INTEGER,
                      tx1_expiration INTEGER,
                      match_expire_index INTEGER,
                      fee_paid INTEGER,
                      status TEXT,
                      FOREIGN KEY (tx0_index, tx0_hash, tx0_block_index) REFERENCES transactions(tx_index, tx_hash, block_index),
                      FOREIGN KEY (tx1_index, tx1_hash, tx1_block_index) REFERENCES transactions(tx_index, tx_hash, block_index));
INSERT INTO order_matches VALUES('791e7db77ec2e974dc7912af2f09bb5b00bdebee1fc0905ce5ce953128d13f638250f7b366140c67814c2063661c86267d7e9c744f5b87f2d73990e033e7c7f6',3,'791e7db77ec2e974dc7912af2f09bb5b00bdebee1fc0905ce5ce953128d13f63','3_mn6q3dS2EnDUx3bmyWc6D4szJNVGtaR7zc_mnfAHmddVibnZNSkh8DvKaQoiEfNsxjXzH_mtQheFaSfWELRB2MyMBaiWjdDm6ux9Ezns_3',4,'8250f7b366140c67814c2063661c86267d7e9c744f5b87f2d73990e033e7c7f6','3_mn6q3dS2EnDUx3bmyWc6D4szJNVGtaR7zc_mnfAHmddVibnZNSkh8DvKaQoiEfNsxjXzH_mtQheFaSfWELRB2MyMBaiWjdDm6ux9Ezns_3','BTC',50000000,'XCP',100000000,154910,154911,154911,10,10,154931,857142,'completed');
-- Triggers and indices on  order_matches
CREATE INDEX backward_status_idx ON order_matches (backward_asset, status);
CREATE INDEX forward_status_idx ON order_matches (forward_asset, status);
CREATE INDEX id_idx ON order_matches (id);
CREATE INDEX match_expire_idx ON order_matches (status, match_expire_index);
CREATE INDEX tx0_address_idx ON order_matches (tx0_address);
CREATE INDEX tx1_address_idx ON order_matches (tx1_address);

-- Table  orders
DROP TABLE IF EXISTS orders;
CREATE TABLE orders(
                      tx_index INTEGER UNIQUE,
                      tx_hash TEXT UNIQUE,
                      block_index INTEGER,
                      source TEXT,
                      give_asset TEXT,
                      give_quantity INTEGER,
                      give_remaining INTEGER,
                      get_asset TEXT,
                      get_quantity INTEGER,
                      get_remaining INTEGER,
                      expiration INTEGER,
                      expire_index INTEGER,
                      fee_required INTEGER,
                      fee_required_remaining INTEGER,
                      fee_provided INTEGER,
                      fee_provided_remaining INTEGER,
                      status TEXT,
                      FOREIGN KEY (tx_index, tx_hash, block_index) REFERENCES transactions(tx_index, tx_hash, block_index),
                      PRIMARY KEY (tx_index, tx_hash));
INSERT INTO orders VALUES(3,'791e7db77ec2e974dc7912af2f09bb5b00bdebee1fc0905ce5ce953128d13f63',154910,'3_mn6q3dS2EnDUx3bmyWc6D4szJNVGtaR7zc_mnfAHmddVibnZNSkh8DvKaQoiEfNsxjXzH_mtQheFaSfWELRB2MyMBaiWjdDm6ux9Ezns_3','BTC',50000000,0,'XCP',100000000,0,10,154920,0,0,1000000,142858,'expired');
INSERT INTO orders VALUES(4,'8250f7b366140c67814c2063661c86267d7e9c744f5b87f2d73990e033e7c7f6',154911,'3_mn6q3dS2EnDUx3bmyWc6D4szJNVGtaR7zc_mnfAHmddVibnZNSkh8DvKaQoiEfNsxjXzH_mtQheFaSfWELRB2MyMBaiWjdDm6ux9Ezns_3','XCP',105000000,5000000,'BTC',50000000,0,10,154921,900000,42858,10000,10000,'expired');
INSERT INTO orders VALUES(22,'a15c90cdd8b58aad144ca10b6008568129c0e216ac5adfb047916099b8f8b115',154929,'3_mn6q3dS2EnDUx3bmyWc6D4szJNVGtaR7zc_mnfAHmddVibnZNSkh8DvKaQoiEfNsxjXzH_mtQheFaSfWELRB2MyMBaiWjdDm6ux9Ezns_3','BBBB',50000000,50000000,'XCP',50000000,50000000,10,154939,0,0,10000,10000,'expired');
-- Triggers and indices on  orders
CREATE INDEX expire_idx ON orders (expire_index, status);
CREATE INDEX give_asset_idx ON orders (give_asset);
CREATE INDEX give_get_status_idx ON orders (get_asset, give_asset, status);
CREATE INDEX give_status_idx ON orders (give_asset, status);
CREATE INDEX source_give_status_idx ON orders (source, give_asset, status);

-- Table  rps
DROP TABLE IF EXISTS rps;
CREATE TABLE rps(
                      tx_index INTEGER UNIQUE,
                      tx_hash TEXT UNIQUE,
                      block_index INTEGER,
                      source TEXT,
                      possible_moves INTEGER,
                      wager INTEGER,
                      move_random_hash TEXT,
                      expiration INTEGER,
                      expire_index INTEGER,
                      status TEXT,
                      FOREIGN KEY (tx_index, tx_hash, block_index) REFERENCES transactions(tx_index, tx_hash, block_index),
                      PRIMARY KEY (tx_index, tx_hash));
INSERT INTO rps VALUES(26,'ab5efc8615faa7f9a4af81b4418fbd6dbd6a395804b2cd3b83eb49968b35480b',154933,'3_mn6q3dS2EnDUx3bmyWc6D4szJNVGtaR7zc_mnfAHmddVibnZNSkh8DvKaQoiEfNsxjXzH_mtQheFaSfWELRB2MyMBaiWjdDm6ux9Ezns_3',5,11021663,'6a886d74c2d4b1d7a35fd9159333ef64ba45a04d7aeeeb4538f958603c16fc5d',100,155033,'matched');
INSERT INTO rps VALUES(27,'2b35d8308052dbf05b804bc5ec0eec0e8c1e4fe4d75efde745a7733493e295b9',154934,'3_mn6q3dS2EnDUx3bmyWc6D4szJNVGtaR7zc_mnfAHmddVibnZNSkh8DvKaQoiEfNsxjXzH_mqPCfvqTfYctXMUfmniXeG2nyaN8w6tPmj_3',5,11021663,'6e8bf66cbd6636aca1802459b730a99548624e48e243b840e0b34a12bede17ec',100,155034,'matched');
INSERT INTO rps VALUES(30,'c0a52022a3e276b3f340286c56fb44d3b8c212b780a25bf244c54a4039f2d51a',154937,'3_mn6q3dS2EnDUx3bmyWc6D4szJNVGtaR7zc_mnfAHmddVibnZNSkh8DvKaQoiEfNsxjXzH_mtQheFaSfWELRB2MyMBaiWjdDm6ux9Ezns_3',5,11021663,'6a886d74c2d4b1d7a35fd9159333ef64ba45a04d7aeeeb4538f958603c16fc5d',10,154947,'expired');
INSERT INTO rps VALUES(48,'5f29d8ecf3a449b7f0247e48b92f4ef4714522097716fc1d873a172cefb069bf',154955,'3_mn6q3dS2EnDUx3bmyWc6D4szJNVGtaR7zc_mnfAHmddVibnZNSkh8DvKaQoiEfNsxjXzH_mtQheFaSfWELRB2MyMBaiWjdDm6ux9Ezns_3',5,11021664,'6a886d74c2d4b1d7a35fd9159333ef64ba45a04d7aeeeb4538f958603c16fc5d',10,154965,'matched');
INSERT INTO rps VALUES(49,'0d14447f359de3badc76cca72065e8ad71cb3bf69a0cb65a9ef3c34d79c872c1',154956,'3_mn6q3dS2EnDUx3bmyWc6D4szJNVGtaR7zc_mnfAHmddVibnZNSkh8DvKaQoiEfNsxjXzH_mqPCfvqTfYctXMUfmniXeG2nyaN8w6tPmj_3',5,11021664,'6a886d74c2d4b1d7a35fd9159333ef64ba45a04d7aeeeb4538f958603c16fc5d',10,154966,'matched');
INSERT INTO rps VALUES(75,'68d8328f0d3fbdc45ac14d7982622964e9d6b99ad0be065ff6d8ed3fbeaa9a56',154982,'3_mn6q3dS2EnDUx3bmyWc6D4szJNVGtaR7zc_mnfAHmddVibnZNSkh8DvKaQoiEfNsxjXzH_mtQheFaSfWELRB2MyMBaiWjdDm6ux9Ezns_3',5,11021665,'6a886d74c2d4b1d7a35fd9159333ef64ba45a04d7aeeeb4538f958603c16fc5d',10,154992,'matched');
INSERT INTO rps VALUES(76,'7edcdabe2c175888d827a2a9c514b5e62589255d5fbc171aa6092a954fa2c95a',154983,'3_mn6q3dS2EnDUx3bmyWc6D4szJNVGtaR7zc_mnfAHmddVibnZNSkh8DvKaQoiEfNsxjXzH_mqPCfvqTfYctXMUfmniXeG2nyaN8w6tPmj_3',5,11021665,'6a886d74c2d4b1d7a35fd9159333ef64ba45a04d7aeeeb4538f958603c16fc5d',10,154993,'matched');
-- Triggers and indices on  rps
CREATE INDEX matching_idx ON rps (wager, possible_moves);

-- Table  rps_expirations
DROP TABLE IF EXISTS rps_expirations;
CREATE TABLE rps_expirations(
                      rps_index INTEGER PRIMARY KEY,
                      rps_hash TEXT UNIQUE,
                      source TEXT,
                      block_index INTEGER,
                      FOREIGN KEY (block_index) REFERENCES blocks(block_index),
                      FOREIGN KEY (rps_index, rps_hash) REFERENCES rps(tx_index, tx_hash));
INSERT INTO rps_expirations VALUES(30,'c0a52022a3e276b3f340286c56fb44d3b8c212b780a25bf244c54a4039f2d51a','3_mn6q3dS2EnDUx3bmyWc6D4szJNVGtaR7zc_mnfAHmddVibnZNSkh8DvKaQoiEfNsxjXzH_mtQheFaSfWELRB2MyMBaiWjdDm6ux9Ezns_3',154948);

-- Table  rps_match_expirations
DROP TABLE IF EXISTS rps_match_expirations;
CREATE TABLE rps_match_expirations(
                      rps_match_id TEXT PRIMARY KEY,
                      tx0_address TEXT,
                      tx1_address TEXT,
                      block_index INTEGER,
                      FOREIGN KEY (rps_match_id) REFERENCES rps_matches(id),
                      FOREIGN KEY (block_index) REFERENCES blocks(block_index));
INSERT INTO rps_match_expirations VALUES('5f29d8ecf3a449b7f0247e48b92f4ef4714522097716fc1d873a172cefb069bf0d14447f359de3badc76cca72065e8ad71cb3bf69a0cb65a9ef3c34d79c872c1','3_mn6q3dS2EnDUx3bmyWc6D4szJNVGtaR7zc_mnfAHmddVibnZNSkh8DvKaQoiEfNsxjXzH_mtQheFaSfWELRB2MyMBaiWjdDm6ux9Ezns_3','3_mn6q3dS2EnDUx3bmyWc6D4szJNVGtaR7zc_mnfAHmddVibnZNSkh8DvKaQoiEfNsxjXzH_mqPCfvqTfYctXMUfmniXeG2nyaN8w6tPmj_3',154977);
INSERT INTO rps_match_expirations VALUES('68d8328f0d3fbdc45ac14d7982622964e9d6b99ad0be065ff6d8ed3fbeaa9a567edcdabe2c175888d827a2a9c514b5e62589255d5fbc171aa6092a954fa2c95a','3_mn6q3dS2EnDUx3bmyWc6D4szJNVGtaR7zc_mnfAHmddVibnZNSkh8DvKaQoiEfNsxjXzH_mtQheFaSfWELRB2MyMBaiWjdDm6ux9Ezns_3','3_mn6q3dS2EnDUx3bmyWc6D4szJNVGtaR7zc_mnfAHmddVibnZNSkh8DvKaQoiEfNsxjXzH_mqPCfvqTfYctXMUfmniXeG2nyaN8w6tPmj_3',155004);

-- Table  rps_matches
DROP TABLE IF EXISTS rps_matches;
CREATE TABLE rps_matches(
                      id TEXT PRIMARY KEY,
                      tx0_index INTEGER,
                      tx0_hash TEXT,
                      tx0_address TEXT,
                      tx1_index INTEGER,
                      tx1_hash TEXT,
                      tx1_address TEXT,
                      tx0_move_random_hash TEXT,
                      tx1_move_random_hash TEXT,
                      wager INTEGER,
                      possible_moves INTEGER,
                      tx0_block_index INTEGER,
                      tx1_block_index INTEGER,
                      block_index INTEGER,
                      tx0_expiration INTEGER,
                      tx1_expiration INTEGER,
                      match_expire_index INTEGER,
                      status TEXT,
                      FOREIGN KEY (tx0_index, tx0_hash, tx0_block_index) REFERENCES transactions(tx_index, tx_hash, block_index),
                      FOREIGN KEY (tx1_index, tx1_hash, tx1_block_index) REFERENCES transactions(tx_index, tx_hash, block_index));
INSERT INTO rps_matches VALUES('ab5efc8615faa7f9a4af81b4418fbd6dbd6a395804b2cd3b83eb49968b35480b2b35d8308052dbf05b804bc5ec0eec0e8c1e4fe4d75efde745a7733493e295b9',26,'ab5efc8615faa7f9a4af81b4418fbd6dbd6a395804b2cd3b83eb49968b35480b','3_mn6q3dS2EnDUx3bmyWc6D4szJNVGtaR7zc_mnfAHmddVibnZNSkh8DvKaQoiEfNsxjXzH_mtQheFaSfWELRB2MyMBaiWjdDm6ux9Ezns_3',27,'2b35d8308052dbf05b804bc5ec0eec0e8c1e4fe4d75efde745a7733493e295b9','3_mn6q3dS2EnDUx3bmyWc6D4szJNVGtaR7zc_mnfAHmddVibnZNSkh8DvKaQoiEfNsxjXzH_mqPCfvqTfYctXMUfmniXeG2nyaN8w6tPmj_3','6a886d74c2d4b1d7a35fd9159333ef64ba45a04d7aeeeb4538f958603c16fc5d','6e8bf66cbd6636aca1802459b730a99548624e48e243b840e0b34a12bede17ec',11021663,5,154933,154934,154934,100,100,154954,'concluded: first player wins');
INSERT INTO rps_matches VALUES('5f29d8ecf3a449b7f0247e48b92f4ef4714522097716fc1d873a172cefb069bf0d14447f359de3badc76cca72065e8ad71cb3bf69a0cb65a9ef3c34d79c872c1',48,'5f29d8ecf3a449b7f0247e48b92f4ef4714522097716fc1d873a172cefb069bf','3_mn6q3dS2EnDUx3bmyWc6D4szJNVGtaR7zc_mnfAHmddVibnZNSkh8DvKaQoiEfNsxjXzH_mtQheFaSfWELRB2MyMBaiWjdDm6ux9Ezns_3',49,'0d14447f359de3badc76cca72065e8ad71cb3bf69a0cb65a9ef3c34d79c872c1','3_mn6q3dS2EnDUx3bmyWc6D4szJNVGtaR7zc_mnfAHmddVibnZNSkh8DvKaQoiEfNsxjXzH_mqPCfvqTfYctXMUfmniXeG2nyaN8w6tPmj_3','6a886d74c2d4b1d7a35fd9159333ef64ba45a04d7aeeeb4538f958603c16fc5d','6a886d74c2d4b1d7a35fd9159333ef64ba45a04d7aeeeb4538f958603c16fc5d',11021664,5,154955,154956,154956,10,10,154976,'expired');
INSERT INTO rps_matches VALUES('68d8328f0d3fbdc45ac14d7982622964e9d6b99ad0be065ff6d8ed3fbeaa9a567edcdabe2c175888d827a2a9c514b5e62589255d5fbc171aa6092a954fa2c95a',75,'68d8328f0d3fbdc45ac14d7982622964e9d6b99ad0be065ff6d8ed3fbeaa9a56','3_mn6q3dS2EnDUx3bmyWc6D4szJNVGtaR7zc_mnfAHmddVibnZNSkh8DvKaQoiEfNsxjXzH_mtQheFaSfWELRB2MyMBaiWjdDm6ux9Ezns_3',76,'7edcdabe2c175888d827a2a9c514b5e62589255d5fbc171aa6092a954fa2c95a','3_mn6q3dS2EnDUx3bmyWc6D4szJNVGtaR7zc_mnfAHmddVibnZNSkh8DvKaQoiEfNsxjXzH_mqPCfvqTfYctXMUfmniXeG2nyaN8w6tPmj_3','6a886d74c2d4b1d7a35fd9159333ef64ba45a04d7aeeeb4538f958603c16fc5d','6a886d74c2d4b1d7a35fd9159333ef64ba45a04d7aeeeb4538f958603c16fc5d',11021665,5,154982,154983,154983,10,10,155003,'concluded: first player wins');
-- Triggers and indices on  rps_matches
CREATE INDEX rps_match_expire_idx ON rps_matches (status, match_expire_index);
CREATE INDEX rps_tx0_address_idx ON rps_matches (tx0_address);
CREATE INDEX rps_tx1_address_idx ON rps_matches (tx1_address);

-- Table  rpsresolves
DROP TABLE IF EXISTS rpsresolves;
CREATE TABLE rpsresolves(
                      tx_index INTEGER PRIMARY KEY,
                      tx_hash TEXT UNIQUE,
                      block_index INTEGER,
                      source TEXT,
                      move INTEGER,
                      random TEXT,
                      rps_match_id TEXT,
                      status TEXT,
                      FOREIGN KEY (tx_index, tx_hash, block_index) REFERENCES transactions(tx_index, tx_hash, block_index));
INSERT INTO rpsresolves VALUES(28,'a489305e0206b0a9a4d1fc4ee5044a5281298ca8ed1b6c33de00cb7309d55418',154935,'3_mn6q3dS2EnDUx3bmyWc6D4szJNVGtaR7zc_mnfAHmddVibnZNSkh8DvKaQoiEfNsxjXzH_mtQheFaSfWELRB2MyMBaiWjdDm6ux9Ezns_3',3,'7a4488d61ed8f2e9fa2874113fccb8b1','ab5efc8615faa7f9a4af81b4418fbd6dbd6a395804b2cd3b83eb49968b35480b2b35d8308052dbf05b804bc5ec0eec0e8c1e4fe4d75efde745a7733493e295b9','valid');
INSERT INTO rpsresolves VALUES(29,'6f14ed7b2970f91b7dad43abba35b7585cd490035e8f9fcf6ba919019d81959c',154936,'3_mn6q3dS2EnDUx3bmyWc6D4szJNVGtaR7zc_mnfAHmddVibnZNSkh8DvKaQoiEfNsxjXzH_mqPCfvqTfYctXMUfmniXeG2nyaN8w6tPmj_3',5,'fa765e80203cba24a298e4458f63ff6b','ab5efc8615faa7f9a4af81b4418fbd6dbd6a395804b2cd3b83eb49968b35480b2b35d8308052dbf05b804bc5ec0eec0e8c1e4fe4d75efde745a7733493e295b9','valid');
INSERT INTO rpsresolves VALUES(77,'8b7aae9409a731ebade0173d75ea63458568a26133b0eb0cdf666babf06f00a7',154984,'3_mn6q3dS2EnDUx3bmyWc6D4szJNVGtaR7zc_mnfAHmddVibnZNSkh8DvKaQoiEfNsxjXzH_mtQheFaSfWELRB2MyMBaiWjdDm6ux9Ezns_3',3,'7a4488d61ed8f2e9fa2874113fccb8b1','68d8328f0d3fbdc45ac14d7982622964e9d6b99ad0be065ff6d8ed3fbeaa9a567edcdabe2c175888d827a2a9c514b5e62589255d5fbc171aa6092a954fa2c95a','valid');
-- Triggers and indices on  rpsresolves
CREATE INDEX rps_match_id_idx ON rpsresolves (rps_match_id);

-- Table  sends
DROP TABLE IF EXISTS sends;
CREATE TABLE sends(
                      tx_index INTEGER PRIMARY KEY,
                      tx_hash TEXT UNIQUE,
                      block_index INTEGER,
                      source TEXT,
                      destination TEXT,
                      asset TEXT,
                      quantity INTEGER,
                      status TEXT,
                      FOREIGN KEY (tx_index, tx_hash, block_index) REFERENCES transactions(tx_index, tx_hash, block_index));
INSERT INTO sends VALUES(2,'3c2d71955f1c0686b5c6393d783cc9e5c5d9d6fa69b7f10bf70ea96f46849dfd',154909,'3_mn6q3dS2EnDUx3bmyWc6D4szJNVGtaR7zc_mnfAHmddVibnZNSkh8DvKaQoiEfNsxjXzH_mtQheFaSfWELRB2MyMBaiWjdDm6ux9Ezns_3','3_mn6q3dS2EnDUx3bmyWc6D4szJNVGtaR7zc_mnfAHmddVibnZNSkh8DvKaQoiEfNsxjXzH_mqPCfvqTfYctXMUfmniXeG2nyaN8w6tPmj_3','XCP',50000000,'valid');
INSERT INTO sends VALUES(8,'aaf9e85bda8bab58993f79ddff0a2ea6d302d5ba654fdff4066f678705107ff0',154915,'3_mn6q3dS2EnDUx3bmyWc6D4szJNVGtaR7zc_mnfAHmddVibnZNSkh8DvKaQoiEfNsxjXzH_mtQheFaSfWELRB2MyMBaiWjdDm6ux9Ezns_3','3_mn6q3dS2EnDUx3bmyWc6D4szJNVGtaR7zc_mnfAHmddVibnZNSkh8DvKaQoiEfNsxjXzH_mqPCfvqTfYctXMUfmniXeG2nyaN8w6tPmj_3','BBBB',4000000,'valid');
INSERT INTO sends VALUES(9,'e0a6b9c34b995fc753d1b0013e246896df8c01250801ba0da1672e7abd9704cc',154916,'3_mn6q3dS2EnDUx3bmyWc6D4szJNVGtaR7zc_mnfAHmddVibnZNSkh8DvKaQoiEfNsxjXzH_mtQheFaSfWELRB2MyMBaiWjdDm6ux9Ezns_3','3_mn6q3dS2EnDUx3bmyWc6D4szJNVGtaR7zc_mnfAHmddVibnZNSkh8DvKaQoiEfNsxjXzH_mqPCfvqTfYctXMUfmniXeG2nyaN8w6tPmj_3','BBBC',526,'valid');
INSERT INTO sends VALUES(24,'c26918103799be9d661608fdb56f29281d6e3b81ca1535ca777f33f5c459ba0f',154931,'3_mn6q3dS2EnDUx3bmyWc6D4szJNVGtaR7zc_mnfAHmddVibnZNSkh8DvKaQoiEfNsxjXzH_mtQheFaSfWELRB2MyMBaiWjdDm6ux9Ezns_3','3_mn6q3dS2EnDUx3bmyWc6D4szJNVGtaR7zc_mnfAHmddVibnZNSkh8DvKaQoiEfNsxjXzH_mqPCfvqTfYctXMUfmniXeG2nyaN8w6tPmj_3','BBBC',10000,'valid');
-- Triggers and indices on  sends
CREATE INDEX destination_idx ON sends (destination);
CREATE INDEX source_idx ON sends (source);

-- Table  transactions
DROP TABLE IF EXISTS transactions;
CREATE TABLE transactions(
                      tx_index INTEGER UNIQUE,
                      tx_hash TEXT UNIQUE,
                      block_index INTEGER,
                      block_hash TEXT,
                      block_time INTEGER,
                      source TEXT,
                      destination TEXT,
                      btc_amount INTEGER,
                      fee INTEGER,
                      data BLOB,
                      supported BOOL DEFAULT 1,
                      FOREIGN KEY (block_index, block_hash) REFERENCES blocks(block_index, block_hash),
                      PRIMARY KEY (tx_index, tx_hash, block_index));
INSERT INTO transactions VALUES(1,'ea943c04d4000c0c0db775218c0c5d7a3df7a97c20fbcc37a7c366b616192ed4',154908,'cab26004a25bf4f3f706d147cc1a6b4ae35d4e2177acbb3a5e1347205fab75cc93c2cfdda0f9e01252776bdaccd4a9dc2cc2e2264af588dbe306734293c1c8c4',1549080000000,'3_mn6q3dS2EnDUx3bmyWc6D4szJNVGtaR7zc_mnfAHmddVibnZNSkh8DvKaQoiEfNsxjXzH_mtQheFaSfWELRB2MyMBaiWjdDm6ux9Ezns_3','mvCounterpartyXXXXXXXXXXXXXXW24Hef',62000000,10000,X'',1);
INSERT INTO transactions VALUES(2,'3c2d71955f1c0686b5c6393d783cc9e5c5d9d6fa69b7f10bf70ea96f46849dfd',154909,'244e7bf91f9a9cd5ec8c2abd8740a506c2de2156ab635d08d78429afba33f7f090659eca59b3a3f862dd87bb36221e52915512486da5d6ef0ec37e85124a9303',1549090000000,'3_mn6q3dS2EnDUx3bmyWc6D4szJNVGtaR7zc_mnfAHmddVibnZNSkh8DvKaQoiEfNsxjXzH_mtQheFaSfWELRB2MyMBaiWjdDm6ux9Ezns_3','3_mn6q3dS2EnDUx3bmyWc6D4szJNVGtaR7zc_mnfAHmddVibnZNSkh8DvKaQoiEfNsxjXzH_mqPCfvqTfYctXMUfmniXeG2nyaN8w6tPmj_3',7800,10000,X'0000000000000000000000010000000002FAF080',1);
INSERT INTO transactions VALUES(3,'791e7db77ec2e974dc7912af2f09bb5b00bdebee1fc0905ce5ce953128d13f63',154910,'80d40ca10e5ea63a2ad8303c70819f369afbbd5716faf875fa4eb8ac2799ee0f9b2e5e204849d8ebca34537bdef7620fe81db66fc8195e193ee778fa43d68cdb',1549100000000,'3_mn6q3dS2EnDUx3bmyWc6D4szJNVGtaR7zc_mnfAHmddVibnZNSkh8DvKaQoiEfNsxjXzH_mtQheFaSfWELRB2MyMBaiWjdDm6ux9Ezns_3','',0,1000000,X'0000000A00000000000000000000000002FAF08000000000000000010000000005F5E100000A0000000000000000',1);
INSERT INTO transactions VALUES(4,'8250f7b366140c67814c2063661c86267d7e9c744f5b87f2d73990e033e7c7f6',154911,'c572450879274cc2a7adfa27f3484ba94d76ae3c23d42a92f386000ba36b09790b7448701614b040f3e5dadd6378940e4b47ddb7e6a0da38aadb578b81c178e1',1549110000000,'3_mn6q3dS2EnDUx3bmyWc6D4szJNVGtaR7zc_mnfAHmddVibnZNSkh8DvKaQoiEfNsxjXzH_mtQheFaSfWELRB2MyMBaiWjdDm6ux9Ezns_3','',0,10000,X'0000000A00000000000000010000000006422C4000000000000000000000000002FAF080000A00000000000DBBA0',1);
INSERT INTO transactions VALUES(5,'7a37ea9d6ebe49c2340473063c9d812f931c12440334fd2513069cfcaea012e0',154912,'b0fe961d25394561c42ea0e5df888ba20580eab3ddb9d294faf901cda2517ebc2078f91137fdf9badefee7950b0274941c7764ecb47546c05e1a3563fc032339',1549120000000,'3_mn6q3dS2EnDUx3bmyWc6D4szJNVGtaR7zc_mnfAHmddVibnZNSkh8DvKaQoiEfNsxjXzH_mtQheFaSfWELRB2MyMBaiWjdDm6ux9Ezns_3','3_mn6q3dS2EnDUx3bmyWc6D4szJNVGtaR7zc_mnfAHmddVibnZNSkh8DvKaQoiEfNsxjXzH_mtQheFaSfWELRB2MyMBaiWjdDm6ux9Ezns_3',50000000,10000,X'0000000B791E7DB77EC2E974DC7912AF2F09BB5B00BDEBEE1FC0905CE5CE953128D13F638250F7B366140C67814C2063661C86267D7E9C744F5B87F2D73990E033E7C7F6',1);
INSERT INTO transactions VALUES(6,'b773c5c1d8d8e712fdb8f81da2a8a958df916af5ef2b408f38959e6d508ea2ec',154913,'797ff8f7e2e601c1595d2bc2088ae7ecd723d53514b74e5545be46389d9ccf31bed1c874b482eee40b06d2d5823969203624a7fd540819262d0033ab08c0887f',1549130000000,'3_mn6q3dS2EnDUx3bmyWc6D4szJNVGtaR7zc_mnfAHmddVibnZNSkh8DvKaQoiEfNsxjXzH_mtQheFaSfWELRB2MyMBaiWjdDm6ux9Ezns_3','',0,10000,X'000000140000000000004767000000003B9ACA000100000000000000000000',1);
INSERT INTO transactions VALUES(7,'f94a66b87eea2de4bdfdfe4da4bce9b46f52f7fa36353da8b63f4a6b4f6d8ec5',154914,'78cad5b3c7bbac19cbbf5b58f7f2183441d22d200d3b1cb41da63aa293a5393883e3fcfc8eccd9c0ff5ca62b0552c8cd8b5c08e76475003f403c382725194e80',1549140000000,'3_mn6q3dS2EnDUx3bmyWc6D4szJNVGtaR7zc_mnfAHmddVibnZNSkh8DvKaQoiEfNsxjXzH_mtQheFaSfWELRB2MyMBaiWjdDm6ux9Ezns_3','',0,10000,X'00000014000000000000476800000000000186A00001000000113C75C28F06666F6F626172',1);
INSERT INTO transactions VALUES(8,'aaf9e85bda8bab58993f79ddff0a2ea6d302d5ba654fdff4066f678705107ff0',154915,'fc8ccc098da63edc027cfcb3a6bd5a882e21cc79ec5786f499b1c483779af70d76cd7decf3d4018dcefa678e9566c2b2a2fce14e27a8bb273af4a9af7cf1d932',1549150000000,'3_mn6q3dS2EnDUx3bmyWc6D4szJNVGtaR7zc_mnfAHmddVibnZNSkh8DvKaQoiEfNsxjXzH_mtQheFaSfWELRB2MyMBaiWjdDm6ux9Ezns_3','3_mn6q3dS2EnDUx3bmyWc6D4szJNVGtaR7zc_mnfAHmddVibnZNSkh8DvKaQoiEfNsxjXzH_mqPCfvqTfYctXMUfmniXeG2nyaN8w6tPmj_3',7800,10000,X'00000000000000000000476700000000003D0900',1);
INSERT INTO transactions VALUES(9,'e0a6b9c34b995fc753d1b0013e246896df8c01250801ba0da1672e7abd9704cc',154916,'94cd7d76a2cda75e80a2fe48dd3c44d46fed958f6223c9b0ff1a5ebcf255ab0a27df96220f9153fd180048828dcc3afe98c73988f91619f444c91c62a11d881b',1549160000000,'3_mn6q3dS2EnDUx3bmyWc6D4szJNVGtaR7zc_mnfAHmddVibnZNSkh8DvKaQoiEfNsxjXzH_mtQheFaSfWELRB2MyMBaiWjdDm6ux9Ezns_3','3_mn6q3dS2EnDUx3bmyWc6D4szJNVGtaR7zc_mnfAHmddVibnZNSkh8DvKaQoiEfNsxjXzH_mqPCfvqTfYctXMUfmniXeG2nyaN8w6tPmj_3',7800,10000,X'000000000000000000004768000000000000020E',1);
INSERT INTO transactions VALUES(10,'3e1abd33d54cbd567e544ec193ad94a1da8e1adb40e0b587c16326fde869741b',154917,'b8b1961aa5981b069f1e7ce8d7a181736b80b54a5bda33a1bdf4b46f3d0f3dd732bc290cd13e7dab43d12c9efe30723afbe75e82447acd433557548a7568bb1d',1549170000000,'3_mn6q3dS2EnDUx3bmyWc6D4szJNVGtaR7zc_mnfAHmddVibnZNSkh8DvKaQoiEfNsxjXzH_mtQheFaSfWELRB2MyMBaiWjdDm6ux9Ezns_3','',0,10000,X'00000032000000000000025800000000000047670000000000000001',1);
INSERT INTO transactions VALUES(11,'af2faf3ffb55f110f68197c1292c8bdb73644ac86fc28b29d287219b8bbd96da',154918,'088546b5563c11520e7fefe3ee0b8bd554b63f935ba0f52ee593300d79ccaba01cef7410df455753f5b4b33326da18e055638a161582c2d6e241ddfe6136e379',1549180000000,'3_mn6q3dS2EnDUx3bmyWc6D4szJNVGtaR7zc_mnfAHmddVibnZNSkh8DvKaQoiEfNsxjXzH_mtQheFaSfWELRB2MyMBaiWjdDm6ux9Ezns_3','',0,10000,X'00000032000000000000032000000000000047680000000000000001',1);
INSERT INTO transactions VALUES(12,'fbb7f3e2fca7cddbafd6d2d8f815c839f04f55056d82e9b221b6d75dcb6e1762',154919,'3dd36d3b00a9000ef4d22e3017f7af48c5c0a9af6e03ecc2a26a49345adef79ac252fd57551a14991e40d128990fbe8776fec55d4826b98e937f92bef3ae0be4',1549190000000,'3_mn6q3dS2EnDUx3bmyWc6D4szJNVGtaR7zc_mnfAHmddVibnZNSkh8DvKaQoiEfNsxjXzH_mtQheFaSfWELRB2MyMBaiWjdDm6ux9Ezns_3','',0,10000,X'0000001E52BB33004059000000000000004C4B4009556E69742054657374',1);
INSERT INTO transactions VALUES(13,'eb62a952570f9b06f214f2e9558ffea9389fc88121ce1b2b5a8dc7b34588b6c6',154920,'0fca8dfde3b5b34b0829e1daa9a5c7f235a93d74fd3575d68f7a131c7790e01eb69fd3e0aaa9d872c8dad6d8e57e49b3a5903d774372ed5524dac8afc51c18d2',1549200000000,'3_mn6q3dS2EnDUx3bmyWc6D4szJNVGtaR7zc_mnfAHmddVibnZNSkh8DvKaQoiEfNsxjXzH_mtQheFaSfWELRB2MyMBaiWjdDm6ux9Ezns_3','3_mn6q3dS2EnDUx3bmyWc6D4szJNVGtaR7zc_mnfAHmddVibnZNSkh8DvKaQoiEfNsxjXzH_mtQheFaSfWELRB2MyMBaiWjdDm6ux9Ezns_3',7800,10000,X'00000028000052BB33640000000002FAF08000000000017D7840000000000000000000003B100000000A',1);
INSERT INTO transactions VALUES(14,'99e87b592df58564fbc6faff544d06b3533600543c180233cf2b85d64ff866c0',154921,'1a99275c7a70a496ce9fcd5cf21876916351805fdc5258dbaa004ff9ea8e451be93cc6f872819dd8942847c650afd37618bbb630528d772b4f8eb318122b1043',1549210000000,'3_mn6q3dS2EnDUx3bmyWc6D4szJNVGtaR7zc_mnfAHmddVibnZNSkh8DvKaQoiEfNsxjXzH_mtQheFaSfWELRB2MyMBaiWjdDm6ux9Ezns_3','3_mn6q3dS2EnDUx3bmyWc6D4szJNVGtaR7zc_mnfAHmddVibnZNSkh8DvKaQoiEfNsxjXzH_mtQheFaSfWELRB2MyMBaiWjdDm6ux9Ezns_3',7800,10000,X'00000028000152BB336400000000017D78400000000002793D60000000000000000000003B100000000A',1);
INSERT INTO transactions VALUES(15,'c9a236c5da2bdafcf5e8f6905b4dcf384decdc9437f906e3ea7bbfe744960e6a',154922,'3e7b51e4121b3f70fa8ac6b3c2e3c29a985e05c5ad92678ee3982e931d81891a876260f7f53108a6e6d9012211a4f43cbc038b91dee92d2d1466448cec4979c4',1549220000000,'3_mn6q3dS2EnDUx3bmyWc6D4szJNVGtaR7zc_mnfAHmddVibnZNSkh8DvKaQoiEfNsxjXzH_mtQheFaSfWELRB2MyMBaiWjdDm6ux9Ezns_3','3_mn6q3dS2EnDUx3bmyWc6D4szJNVGtaR7zc_mnfAHmddVibnZNSkh8DvKaQoiEfNsxjXzH_mtQheFaSfWELRB2MyMBaiWjdDm6ux9Ezns_3',7800,10000,X'00000028000052BB33640000000008F0D1800000000014DC93800000000000000000000013B00000000A',1);
INSERT INTO transactions VALUES(16,'e2d52a18156ab3988e9a6656d11fcba11d5f0d2e62dd825e3812956bd0579440',154923,'9b16d5d768bbfd1c83ca224c2fd704429a16b6102dc1ccc21eec6547da4dad23bfa3f0df63b0a0c1159268008765227db81aac243e48f470594c3f8e30a2772b',1549230000000,'3_mn6q3dS2EnDUx3bmyWc6D4szJNVGtaR7zc_mnfAHmddVibnZNSkh8DvKaQoiEfNsxjXzH_mtQheFaSfWELRB2MyMBaiWjdDm6ux9Ezns_3','3_mn6q3dS2EnDUx3bmyWc6D4szJNVGtaR7zc_mnfAHmddVibnZNSkh8DvKaQoiEfNsxjXzH_mtQheFaSfWELRB2MyMBaiWjdDm6ux9Ezns_3',7800,10000,X'00000028000152BB33640000000014DC93800000000008F0D1800000000000000000000013B00000000A',1);
INSERT INTO transactions VALUES(17,'56e92d995ee8b6f5e2c8903ecbe4fcb9f7cb40f0323aad238265ed3c8d1bc739',154924,'915916edf01452e1a554d7dd7c63acef01f9540006a5b09425d151a8a170bd23e0500bd89dc97b8e49f22a0e662d140f03bcd6d2d9faf2b35e6968cd076329d3',1549240000000,'3_mn6q3dS2EnDUx3bmyWc6D4szJNVGtaR7zc_mnfAHmddVibnZNSkh8DvKaQoiEfNsxjXzH_mtQheFaSfWELRB2MyMBaiWjdDm6ux9Ezns_3','3_mn6q3dS2EnDUx3bmyWc6D4szJNVGtaR7zc_mnfAHmddVibnZNSkh8DvKaQoiEfNsxjXzH_mtQheFaSfWELRB2MyMBaiWjdDm6ux9Ezns_3',7800,10000,X'00000028000252BB33C8000000002CB417800000000026BE36803FF0000000000000000013B00000000A',1);
INSERT INTO transactions VALUES(18,'e48c8e6e918347ce4f0bac6044eeb0061f7e25da712ff04a6260b2080f424282',154925,'29d88d169c0c9bb778dd32b9d76fdef07d4cdd5302f02938101e03dd616426884b0e08816cfd7b217662f226003e3821f8e09063dd5250331a3e187557619386',1549250000000,'3_mn6q3dS2EnDUx3bmyWc6D4szJNVGtaR7zc_mnfAHmddVibnZNSkh8DvKaQoiEfNsxjXzH_mtQheFaSfWELRB2MyMBaiWjdDm6ux9Ezns_3','3_mn6q3dS2EnDUx3bmyWc6D4szJNVGtaR7zc_mnfAHmddVibnZNSkh8DvKaQoiEfNsxjXzH_mtQheFaSfWELRB2MyMBaiWjdDm6ux9Ezns_3',7800,10000,X'00000028000352BB33C80000000026BE3680000000002CB417803FF0000000000000000013B00000000A',1);
INSERT INTO transactions VALUES(19,'3688080407232493fb89ffa14667000832ee8f27fa801e007b358dbbc7283628',154926,'aeff66363337363dce240dd090e1d507f934b2496f82fce7094b6499b657f6375fb541747538a0001da7e87f708e10068399ef20441ba49485bc4edaa2347c85',1549260000000,'3_mn6q3dS2EnDUx3bmyWc6D4szJNVGtaR7zc_mnfAHmddVibnZNSkh8DvKaQoiEfNsxjXzH_mtQheFaSfWELRB2MyMBaiWjdDm6ux9Ezns_3','',0,10000,X'0000001E52BB33324058F7256FFC115E004C4B4009556E69742054657374',1);
INSERT INTO transactions VALUES(20,'ddb749a327cdd37b93f4dee9cb015e2418c0f64c221fa69e41e5af8d6a5e654a',154927,'bc5cd4a70a0e3038768b0b4dacc11bb5bdbbaa51a7a6d0a69aaed9ab49451f57aa1f702921cf8fd5e477c4f06353f7ae69c5ce347a1307c38edcb9619ba9709f',1549270000000,'3_mn6q3dS2EnDUx3bmyWc6D4szJNVGtaR7zc_mnfAHmddVibnZNSkh8DvKaQoiEfNsxjXzH_mtQheFaSfWELRB2MyMBaiWjdDm6ux9Ezns_3','',0,10000,X'0000001E52BB3365405915F3B645A1CB004C4B4009556E69742054657374',1);
INSERT INTO transactions VALUES(21,'da3ca4eb535d2d0d5c01d70df569f9e1453eea073c7c13e7ad30d664bccf43cd',154928,'f5b79d98c8c45e396851d32aaeb4730f0ffe2db82e36a6f8ba6b139a5a4fc6ec7e0e7a4c304f12a3b8ff41ab648a2d4b17689b7ea4c037b12a62a03988bee963',1549280000000,'3_mn6q3dS2EnDUx3bmyWc6D4szJNVGtaR7zc_mnfAHmddVibnZNSkh8DvKaQoiEfNsxjXzH_mtQheFaSfWELRB2MyMBaiWjdDm6ux9Ezns_3','',0,10000,X'0000001E52BB33C94000000000000000004C4B4009556E69742054657374',1);
INSERT INTO transactions VALUES(22,'a15c90cdd8b58aad144ca10b6008568129c0e216ac5adfb047916099b8f8b115',154929,'7068c1abc38664730e4b979aa4d3beb7131c65e36cf7aaa2852bbe3a0b74783eaa0c7a7ed52ec04b5d6865faaceb23b41390ec93f667cffe8ba9cec6757bbba9',1549290000000,'3_mn6q3dS2EnDUx3bmyWc6D4szJNVGtaR7zc_mnfAHmddVibnZNSkh8DvKaQoiEfNsxjXzH_mtQheFaSfWELRB2MyMBaiWjdDm6ux9Ezns_3','',0,10000,X'0000000A00000000000047670000000002FAF08000000000000000010000000002FAF080000A0000000000000000',1);
INSERT INTO transactions VALUES(23,'eda03a83756431d7684530cea1c41acb8f20bb44fd9b44cee18b6fcf17c0596d',154930,'2b7fef6e9069f1a2f44e6eb08f0f5e32033d0048fc3cfc526237a4c4ced59590dbacfa4bfe95b894bc21658cffb2908b85280e6cfaa1545970bf2a724ceeea5b',1549300000000,'3_mn6q3dS2EnDUx3bmyWc6D4szJNVGtaR7zc_mnfAHmddVibnZNSkh8DvKaQoiEfNsxjXzH_mtQheFaSfWELRB2MyMBaiWjdDm6ux9Ezns_3','mvCounterpartyXXXXXXXXXXXXXXW24Hef',100000000,10000,X'',1);
INSERT INTO transactions VALUES(24,'c26918103799be9d661608fdb56f29281d6e3b81ca1535ca777f33f5c459ba0f',154931,'efd744787f5fa988aa515f4a7d14323969ab838c70a3d6d3a029ddf6eac7dd74568b09659b7756eafc7b6e410d8e5f5ba921d9a454c97f6c6b72ca7da37b5c58',1549310000000,'3_mn6q3dS2EnDUx3bmyWc6D4szJNVGtaR7zc_mnfAHmddVibnZNSkh8DvKaQoiEfNsxjXzH_mtQheFaSfWELRB2MyMBaiWjdDm6ux9Ezns_3','3_mn6q3dS2EnDUx3bmyWc6D4szJNVGtaR7zc_mnfAHmddVibnZNSkh8DvKaQoiEfNsxjXzH_mqPCfvqTfYctXMUfmniXeG2nyaN8w6tPmj_3',7800,10000,X'0000000000000000000047680000000000002710',1);
INSERT INTO transactions VALUES(25,'da09af2f1ed43341434430a181fc7d11b002527bde3498277d9b4825f2870c26',154932,'09614b8f64a6aacc740150eab0bbe7aaef9045825e188800d44f8a5620afd0cc71f8a354b2d061b8cf2be47434963ee9709103d46151d9c18f80366b61d33eda',1549320000000,'3_mn6q3dS2EnDUx3bmyWc6D4szJNVGtaR7zc_mnfAHmddVibnZNSkh8DvKaQoiEfNsxjXzH_mtQheFaSfWELRB2MyMBaiWjdDm6ux9Ezns_3','',0,10000,X'000000153FD33333333333330000000000004768',1);
INSERT INTO transactions VALUES(26,'ab5efc8615faa7f9a4af81b4418fbd6dbd6a395804b2cd3b83eb49968b35480b',154933,'d08f4dd0524762d7ebb5939e2b73f98c2260c8f2314a93b468e983e13a96639477f2effcfe51395687508cf6f0cb2de65e818396e9b3adb4a499f3d8cb16a638',1549330000000,'3_mn6q3dS2EnDUx3bmyWc6D4szJNVGtaR7zc_mnfAHmddVibnZNSkh8DvKaQoiEfNsxjXzH_mtQheFaSfWELRB2MyMBaiWjdDm6ux9Ezns_3','',0,10000,X'0000005000050000000000A82D5F6A886D74C2D4B1D7A35FD9159333EF64BA45A04D7AEEEB4538F958603C16FC5D00000064',1);
INSERT INTO transactions VALUES(27,'2b35d8308052dbf05b804bc5ec0eec0e8c1e4fe4d75efde745a7733493e295b9',154934,'a519de47aa8c7eafe6fc8a4df5f5f05ea4bd27e41ea67d83555417146a35bbab2529ceff400f46163eb539a2c846bd8b8ee9cc87aefcce7b17054decb392a5ea',1549340000000,'3_mn6q3dS2EnDUx3bmyWc6D4szJNVGtaR7zc_mnfAHmddVibnZNSkh8DvKaQoiEfNsxjXzH_mqPCfvqTfYctXMUfmniXeG2nyaN8w6tPmj_3','',0,10000,X'0000005000050000000000A82D5F6E8BF66CBD6636ACA1802459B730A99548624E48E243B840E0B34A12BEDE17EC00000064',1);
INSERT INTO transactions VALUES(28,'a489305e0206b0a9a4d1fc4ee5044a5281298ca8ed1b6c33de00cb7309d55418',154935,'bb8f4a793ea7c9ecab809a8c210ec05858a8241939ee6d12e283e2ad119ee87ca2078f81a3c295bb527766dc2713b90793ab8a518db9fb4f2967e43f245ee0fb',1549350000000,'3_mn6q3dS2EnDUx3bmyWc6D4szJNVGtaR7zc_mnfAHmddVibnZNSkh8DvKaQoiEfNsxjXzH_mtQheFaSfWELRB2MyMBaiWjdDm6ux9Ezns_3','',0,10000,X'0000005100037A4488D61ED8F2E9FA2874113FCCB8B1AB5EFC8615FAA7F9A4AF81B4418FBD6DBD6A395804B2CD3B83EB49968B35480B2B35D8308052DBF05B804BC5EC0EEC0E8C1E4FE4D75EFDE745A7733493E295B9',1);
INSERT INTO transactions VALUES(29,'6f14ed7b2970f91b7dad43abba35b7585cd490035e8f9fcf6ba919019d81959c',154936,'3af58b36490131f828a765f13708b818c0a4b7082f2e0ac7d8cccdba7cd77fef40b07f115e453279ae7e9cd47f01ccdf9a23702634ab9793be5533d67c348735',1549360000000,'3_mn6q3dS2EnDUx3bmyWc6D4szJNVGtaR7zc_mnfAHmddVibnZNSkh8DvKaQoiEfNsxjXzH_mqPCfvqTfYctXMUfmniXeG2nyaN8w6tPmj_3','',0,10000,X'000000510005FA765E80203CBA24A298E4458F63FF6BAB5EFC8615FAA7F9A4AF81B4418FBD6DBD6A395804B2CD3B83EB49968B35480B2B35D8308052DBF05B804BC5EC0EEC0E8C1E4FE4D75EFDE745A7733493E295B9',1);
INSERT INTO transactions VALUES(30,'c0a52022a3e276b3f340286c56fb44d3b8c212b780a25bf244c54a4039f2d51a',154937,'0e82b767d5eef083b2547f3765bc77838ec407b1538acf5a0eb2f153665b65d9b499e7e716db7daefdb8852a411342a9d2ebfe2f4f93e9bb09d5a9ef03cb7cf4',1549370000000,'3_mn6q3dS2EnDUx3bmyWc6D4szJNVGtaR7zc_mnfAHmddVibnZNSkh8DvKaQoiEfNsxjXzH_mtQheFaSfWELRB2MyMBaiWjdDm6ux9Ezns_3','',0,10000,X'0000005000050000000000A82D5F6A886D74C2D4B1D7A35FD9159333EF64BA45A04D7AEEEB4538F958603C16FC5D0000000A',1);
INSERT INTO transactions VALUES(48,'5f29d8ecf3a449b7f0247e48b92f4ef4714522097716fc1d873a172cefb069bf',154955,'04b4498e214f976cc2daa71ef3d694ed283d98d5153f51dab0fd6ae3ffcc10bca28423b6f437723d7d366d71e8583cf444332cd82ffe30d801e17c1d9e5616a9',1549550000000,'3_mn6q3dS2EnDUx3bmyWc6D4szJNVGtaR7zc_mnfAHmddVibnZNSkh8DvKaQoiEfNsxjXzH_mtQheFaSfWELRB2MyMBaiWjdDm6ux9Ezns_3','',0,10000,X'0000005000050000000000A82D606A886D74C2D4B1D7A35FD9159333EF64BA45A04D7AEEEB4538F958603C16FC5D0000000A',1);
INSERT INTO transactions VALUES(49,'0d14447f359de3badc76cca72065e8ad71cb3bf69a0cb65a9ef3c34d79c872c1',154956,'84847d413464cf667c6a0c701219c3d74c89c5397b7c05b8e0605e719db735d2d5631d34c78be6d33e3d3e8dfee5f408cbd8589f6ebc3467363b5cd5e0c976f2',1549560000000,'3_mn6q3dS2EnDUx3bmyWc6D4szJNVGtaR7zc_mnfAHmddVibnZNSkh8DvKaQoiEfNsxjXzH_mqPCfvqTfYctXMUfmniXeG2nyaN8w6tPmj_3','',0,10000,X'0000005000050000000000A82D606A886D74C2D4B1D7A35FD9159333EF64BA45A04D7AEEEB4538F958603C16FC5D0000000A',1);
INSERT INTO transactions VALUES(75,'68d8328f0d3fbdc45ac14d7982622964e9d6b99ad0be065ff6d8ed3fbeaa9a56',154982,'766110ba2b50a1c0b743164d74871882e6b4a5fbb5082a4c37ab4e04cfa8aa8eaa710ba9f7668ba0141eb9e585586c385a0f17dc1c2cf55f50397ffc18717a2b',1549820000000,'3_mn6q3dS2EnDUx3bmyWc6D4szJNVGtaR7zc_mnfAHmddVibnZNSkh8DvKaQoiEfNsxjXzH_mtQheFaSfWELRB2MyMBaiWjdDm6ux9Ezns_3','',0,10000,X'0000005000050000000000A82D616A886D74C2D4B1D7A35FD9159333EF64BA45A04D7AEEEB4538F958603C16FC5D0000000A',1);
INSERT INTO transactions VALUES(76,'7edcdabe2c175888d827a2a9c514b5e62589255d5fbc171aa6092a954fa2c95a',154983,'2d0c386a1fad12d0b44815b00f9ac4e4f518f334b620920197591cf9f27ff89e7f48ae831ebe91664402088ecb5ef4e751964dfa52c424c17666f55ef997a7e7',1549830000000,'3_mn6q3dS2EnDUx3bmyWc6D4szJNVGtaR7zc_mnfAHmddVibnZNSkh8DvKaQoiEfNsxjXzH_mqPCfvqTfYctXMUfmniXeG2nyaN8w6tPmj_3','',0,10000,X'0000005000050000000000A82D616A886D74C2D4B1D7A35FD9159333EF64BA45A04D7AEEEB4538F958603C16FC5D0000000A',1);
INSERT INTO transactions VALUES(77,'8b7aae9409a731ebade0173d75ea63458568a26133b0eb0cdf666babf06f00a7',154984,'c2b0c5ebf63c897a6d6f11f0ed2891ac1ed874de7f4ef481e26f26af44e5bef76907b5b672be3b4b1ef094c058931631e8c48ade989638d56ced718b81c10ec4',1549840000000,'3_mn6q3dS2EnDUx3bmyWc6D4szJNVGtaR7zc_mnfAHmddVibnZNSkh8DvKaQoiEfNsxjXzH_mtQheFaSfWELRB2MyMBaiWjdDm6ux9Ezns_3','',0,10000,X'0000005100037A4488D61ED8F2E9FA2874113FCCB8B168D8328F0D3FBDC45AC14D7982622964E9D6B99AD0BE065FF6D8ED3FBEAA9A567EDCDABE2C175888D827A2A9C514B5E62589255D5FBC171AA6092A954FA2C95A',1);
-- Triggers and indices on  transactions
CREATE INDEX index_hash_index_idx ON transactions (tx_index, tx_hash, block_index);
CREATE INDEX index_index_idx ON transactions (block_index, tx_index);
CREATE INDEX tx_hash_idx ON transactions (tx_hash);
CREATE INDEX tx_index_idx ON transactions (tx_index);

COMMIT TRANSACTION;
