-- PRAGMA page_size=1024;
-- PRAGMA encoding='UTF-8';
-- PRAGMA auto_vacuum=NONE;
-- PRAGMA max_page_count=1073741823;

BEGIN TRANSACTION;

-- Table  assets
DROP TABLE IF EXISTS assets;
CREATE TABLE assets(
                      asset_id TEXT UNIQUE,
                      asset_name TEXT UNIQUE,
                      block_index INTEGER);
INSERT INTO assets VALUES('0','BTC',NULL);
INSERT INTO assets VALUES('1','XCP',NULL);
INSERT INTO assets VALUES('18279','BBBB',310005);
INSERT INTO assets VALUES('18280','BBBC',310006);
-- Triggers and indices on  assets
CREATE INDEX id_idx ON assets (asset_id);
CREATE INDEX name_idx ON assets (asset_name);

-- Table  balances
DROP TABLE IF EXISTS balances;
CREATE TABLE balances(
                      address TEXT,
                      asset TEXT,
                      quantity INTEGER);
INSERT INTO balances VALUES('2_mn6q3dS2EnDUx3bmyWc6D4szJNVGtaR7zc_mnfAHmddVibnZNSkh8DvKaQoiEfNsxjXzH_mtQheFaSfWELRB2MyMBaiWjdDm6ux9Ezns_3','XCP',149871469766);
INSERT INTO balances VALUES('2_mn6q3dS2EnDUx3bmyWc6D4szJNVGtaR7zc_mnfAHmddVibnZNSkh8DvKaQoiEfNsxjXzH_mqPCfvqTfYctXMUfmniXeG2nyaN8w6tPmj_3','XCP',28377496);
INSERT INTO balances VALUES('2_mn6q3dS2EnDUx3bmyWc6D4szJNVGtaR7zc_mnfAHmddVibnZNSkh8DvKaQoiEfNsxjXzH_mtQheFaSfWELRB2MyMBaiWjdDm6ux9Ezns_3','BBBB',996000000);
INSERT INTO balances VALUES('2_mn6q3dS2EnDUx3bmyWc6D4szJNVGtaR7zc_mnfAHmddVibnZNSkh8DvKaQoiEfNsxjXzH_mtQheFaSfWELRB2MyMBaiWjdDm6ux9Ezns_3','BBBC',89474);
INSERT INTO balances VALUES('2_mn6q3dS2EnDUx3bmyWc6D4szJNVGtaR7zc_mnfAHmddVibnZNSkh8DvKaQoiEfNsxjXzH_mqPCfvqTfYctXMUfmniXeG2nyaN8w6tPmj_3','BBBB',4000000);
INSERT INTO balances VALUES('2_mn6q3dS2EnDUx3bmyWc6D4szJNVGtaR7zc_mnfAHmddVibnZNSkh8DvKaQoiEfNsxjXzH_mqPCfvqTfYctXMUfmniXeG2nyaN8w6tPmj_3','BBBC',10526);
-- Triggers and indices on  balances
CREATE INDEX address_asset_idx ON balances (address, asset);

-- Table  bet_expirations
DROP TABLE IF EXISTS bet_expirations;
CREATE TABLE bet_expirations(
                      bet_index INTEGER PRIMARY KEY,
                      bet_hash TEXT UNIQUE,
                      source TEXT,
                      block_index INTEGER,
                      FOREIGN KEY (block_index) REFERENCES blocks(block_index),
                      FOREIGN KEY (bet_index, bet_hash) REFERENCES bets(tx_index, tx_hash));
INSERT INTO bet_expirations VALUES(13,'3c721f1d55d6bb3422daea418e5a00b5dbc373df6ef1bbe39a81b8ddf042e72e','2_mn6q3dS2EnDUx3bmyWc6D4szJNVGtaR7zc_mnfAHmddVibnZNSkh8DvKaQoiEfNsxjXzH_mtQheFaSfWELRB2MyMBaiWjdDm6ux9Ezns_3',310023);

-- Table  bet_match_expirations
DROP TABLE IF EXISTS bet_match_expirations;
CREATE TABLE bet_match_expirations(
                      bet_match_id TEXT PRIMARY KEY,
                      tx0_address TEXT,
                      tx1_address TEXT,
                      block_index INTEGER,
                      FOREIGN KEY (bet_match_id) REFERENCES bet_matches(id),
                      FOREIGN KEY (block_index) REFERENCES blocks(block_index));
INSERT INTO bet_match_expirations VALUES('3c721f1d55d6bb3422daea418e5a00b5dbc373df6ef1bbe39a81b8ddf042e72e_9f205514c52b9a827e862a6c4d22097ae1aba5f9bdc1c65f01f08ac76e3134b5','2_mn6q3dS2EnDUx3bmyWc6D4szJNVGtaR7zc_mnfAHmddVibnZNSkh8DvKaQoiEfNsxjXzH_mtQheFaSfWELRB2MyMBaiWjdDm6ux9Ezns_3','2_mn6q3dS2EnDUx3bmyWc6D4szJNVGtaR7zc_mnfAHmddVibnZNSkh8DvKaQoiEfNsxjXzH_mtQheFaSfWELRB2MyMBaiWjdDm6ux9Ezns_3',310014);
INSERT INTO bet_match_expirations VALUES('c3d4f3c3bcf02d2146e1ab76437001b1c406f54f603979dbe66d97ba9f59e540_7ea4bcba4018b3b01789aa88489287e6ba8bb5ca13c75880895a8560e35531df','2_mn6q3dS2EnDUx3bmyWc6D4szJNVGtaR7zc_mnfAHmddVibnZNSkh8DvKaQoiEfNsxjXzH_mtQheFaSfWELRB2MyMBaiWjdDm6ux9Ezns_3','2_mn6q3dS2EnDUx3bmyWc6D4szJNVGtaR7zc_mnfAHmddVibnZNSkh8DvKaQoiEfNsxjXzH_mtQheFaSfWELRB2MyMBaiWjdDm6ux9Ezns_3',310016);
INSERT INTO bet_match_expirations VALUES('90196b0aea00ba6b2b83fc709fcd7efbb6708b4d7073b3ec4d5916e2325bf2b5_a0cdb36577e8b47fb08cf7c5bee2fcaac9f41eb34859b2ccca34e9ae673aa7ca','2_mn6q3dS2EnDUx3bmyWc6D4szJNVGtaR7zc_mnfAHmddVibnZNSkh8DvKaQoiEfNsxjXzH_mtQheFaSfWELRB2MyMBaiWjdDm6ux9Ezns_3','2_mn6q3dS2EnDUx3bmyWc6D4szJNVGtaR7zc_mnfAHmddVibnZNSkh8DvKaQoiEfNsxjXzH_mtQheFaSfWELRB2MyMBaiWjdDm6ux9Ezns_3',310018);

-- Table  bet_match_resolutions
DROP TABLE IF EXISTS bet_match_resolutions;
CREATE TABLE bet_match_resolutions(
                      bet_match_id TEXT PRIMARY KEY,
                      bet_match_type_id INTEGER,
                      block_index INTEGER,
                      winner TEXT,
                      settled BOOL,
                      bull_credit INTEGER,
                      bear_credit INTEGER,
                      escrow_less_fee INTEGER,
                      fee INTEGER,
                      FOREIGN KEY (bet_match_id) REFERENCES bet_matches(id),
                      FOREIGN KEY (block_index) REFERENCES blocks(block_index));

-- Table  bet_matches
DROP TABLE IF EXISTS bet_matches;
CREATE TABLE bet_matches(
                      id TEXT PRIMARY KEY,
                      tx0_index INTEGER,
                      tx0_hash TEXT,
                      tx0_address TEXT,
                      tx1_index INTEGER,
                      tx1_hash TEXT,
                      tx1_address TEXT,
                      tx0_bet_type INTEGER,
                      tx1_bet_type INTEGER,
                      feed_address TEXT,
                      initial_value INTEGER,
                      deadline INTEGER,
                      target_value REAL,
                      leverage INTEGER,
                      forward_quantity INTEGER,
                      backward_quantity INTEGER,
                      tx0_block_index INTEGER,
                      tx1_block_index INTEGER,
                      block_index INTEGER,
                      tx0_expiration INTEGER,
                      tx1_expiration INTEGER,
                      match_expire_index INTEGER,
                      fee_fraction_int INTEGER,
                      status TEXT,
                      FOREIGN KEY (tx0_index, tx0_hash, tx0_block_index) REFERENCES transactions(tx_index, tx_hash, block_index),
                      FOREIGN KEY (tx1_index, tx1_hash, tx1_block_index) REFERENCES transactions(tx_index, tx_hash, block_index));
INSERT INTO bet_matches VALUES('3c721f1d55d6bb3422daea418e5a00b5dbc373df6ef1bbe39a81b8ddf042e72e_9f205514c52b9a827e862a6c4d22097ae1aba5f9bdc1c65f01f08ac76e3134b5',13,'3c721f1d55d6bb3422daea418e5a00b5dbc373df6ef1bbe39a81b8ddf042e72e','2_mn6q3dS2EnDUx3bmyWc6D4szJNVGtaR7zc_mnfAHmddVibnZNSkh8DvKaQoiEfNsxjXzH_mtQheFaSfWELRB2MyMBaiWjdDm6ux9Ezns_3',14,'9f205514c52b9a827e862a6c4d22097ae1aba5f9bdc1c65f01f08ac76e3134b5','2_mn6q3dS2EnDUx3bmyWc6D4szJNVGtaR7zc_mnfAHmddVibnZNSkh8DvKaQoiEfNsxjXzH_mtQheFaSfWELRB2MyMBaiWjdDm6ux9Ezns_3',0,1,'2_mn6q3dS2EnDUx3bmyWc6D4szJNVGtaR7zc_mnfAHmddVibnZNSkh8DvKaQoiEfNsxjXzH_mtQheFaSfWELRB2MyMBaiWjdDm6ux9Ezns_3',100,1388000100,0.0,15120,41500000,20750000,310012,310013,310013,10,10,310022,5000000,'expired');
INSERT INTO bet_matches VALUES('c3d4f3c3bcf02d2146e1ab76437001b1c406f54f603979dbe66d97ba9f59e540_7ea4bcba4018b3b01789aa88489287e6ba8bb5ca13c75880895a8560e35531df',15,'c3d4f3c3bcf02d2146e1ab76437001b1c406f54f603979dbe66d97ba9f59e540','2_mn6q3dS2EnDUx3bmyWc6D4szJNVGtaR7zc_mnfAHmddVibnZNSkh8DvKaQoiEfNsxjXzH_mtQheFaSfWELRB2MyMBaiWjdDm6ux9Ezns_3',16,'7ea4bcba4018b3b01789aa88489287e6ba8bb5ca13c75880895a8560e35531df','2_mn6q3dS2EnDUx3bmyWc6D4szJNVGtaR7zc_mnfAHmddVibnZNSkh8DvKaQoiEfNsxjXzH_mtQheFaSfWELRB2MyMBaiWjdDm6ux9Ezns_3',0,1,'2_mn6q3dS2EnDUx3bmyWc6D4szJNVGtaR7zc_mnfAHmddVibnZNSkh8DvKaQoiEfNsxjXzH_mtQheFaSfWELRB2MyMBaiWjdDm6ux9Ezns_3',100,1388000100,0.0,5040,150000000,350000000,310014,310015,310015,10,10,310024,5000000,'expired');
INSERT INTO bet_matches VALUES('90196b0aea00ba6b2b83fc709fcd7efbb6708b4d7073b3ec4d5916e2325bf2b5_a0cdb36577e8b47fb08cf7c5bee2fcaac9f41eb34859b2ccca34e9ae673aa7ca',17,'90196b0aea00ba6b2b83fc709fcd7efbb6708b4d7073b3ec4d5916e2325bf2b5','2_mn6q3dS2EnDUx3bmyWc6D4szJNVGtaR7zc_mnfAHmddVibnZNSkh8DvKaQoiEfNsxjXzH_mtQheFaSfWELRB2MyMBaiWjdDm6ux9Ezns_3',18,'a0cdb36577e8b47fb08cf7c5bee2fcaac9f41eb34859b2ccca34e9ae673aa7ca','2_mn6q3dS2EnDUx3bmyWc6D4szJNVGtaR7zc_mnfAHmddVibnZNSkh8DvKaQoiEfNsxjXzH_mtQheFaSfWELRB2MyMBaiWjdDm6ux9Ezns_3',2,3,'2_mn6q3dS2EnDUx3bmyWc6D4szJNVGtaR7zc_mnfAHmddVibnZNSkh8DvKaQoiEfNsxjXzH_mtQheFaSfWELRB2MyMBaiWjdDm6ux9Ezns_3',100,1388000200,1.0,5040,750000000,650000000,310016,310017,310017,10,10,310026,5000000,'expired');
-- Triggers and indices on  bet_matches
CREATE INDEX valid_feed_idx ON bet_matches (feed_address, status);

-- Table  bets
DROP TABLE IF EXISTS bets;
CREATE TABLE bets(
                      tx_index INTEGER UNIQUE,
                      tx_hash TEXT UNIQUE,
                      block_index INTEGER,
                      source TEXT,
                      feed_address TEXT,
                      bet_type INTEGER,
                      deadline INTEGER,
                      wager_quantity INTEGER,
                      wager_remaining INTEGER,
                      counterwager_quantity INTEGER,
                      counterwager_remaining INTEGER,
                      target_value REAL,
                      leverage INTEGER,
                      expiration INTEGER,
                      expire_index INTEGER,
                      fee_fraction_int INTEGER,
                      status TEXT,
                      FOREIGN KEY (tx_index, tx_hash, block_index) REFERENCES transactions(tx_index, tx_hash, block_index),
                      PRIMARY KEY (tx_index, tx_hash));
INSERT INTO bets VALUES(13,'3c721f1d55d6bb3422daea418e5a00b5dbc373df6ef1bbe39a81b8ddf042e72e',310012,'2_mn6q3dS2EnDUx3bmyWc6D4szJNVGtaR7zc_mnfAHmddVibnZNSkh8DvKaQoiEfNsxjXzH_mtQheFaSfWELRB2MyMBaiWjdDm6ux9Ezns_3','2_mn6q3dS2EnDUx3bmyWc6D4szJNVGtaR7zc_mnfAHmddVibnZNSkh8DvKaQoiEfNsxjXzH_mtQheFaSfWELRB2MyMBaiWjdDm6ux9Ezns_3',0,1388000100,50000000,8500000,25000000,4250000,0.0,15120,10,310022,5000000,'expired');
INSERT INTO bets VALUES(14,'9f205514c52b9a827e862a6c4d22097ae1aba5f9bdc1c65f01f08ac76e3134b5',310013,'2_mn6q3dS2EnDUx3bmyWc6D4szJNVGtaR7zc_mnfAHmddVibnZNSkh8DvKaQoiEfNsxjXzH_mtQheFaSfWELRB2MyMBaiWjdDm6ux9Ezns_3','2_mn6q3dS2EnDUx3bmyWc6D4szJNVGtaR7zc_mnfAHmddVibnZNSkh8DvKaQoiEfNsxjXzH_mtQheFaSfWELRB2MyMBaiWjdDm6ux9Ezns_3',1,1388000100,25000000,4250000,41500000,0,0.0,15120,10,310023,5000000,'filled');
INSERT INTO bets VALUES(15,'c3d4f3c3bcf02d2146e1ab76437001b1c406f54f603979dbe66d97ba9f59e540',310014,'2_mn6q3dS2EnDUx3bmyWc6D4szJNVGtaR7zc_mnfAHmddVibnZNSkh8DvKaQoiEfNsxjXzH_mtQheFaSfWELRB2MyMBaiWjdDm6ux9Ezns_3','2_mn6q3dS2EnDUx3bmyWc6D4szJNVGtaR7zc_mnfAHmddVibnZNSkh8DvKaQoiEfNsxjXzH_mtQheFaSfWELRB2MyMBaiWjdDm6ux9Ezns_3',0,1388000100,150000000,0,350000000,0,0.0,5040,10,310024,5000000,'filled');
INSERT INTO bets VALUES(16,'7ea4bcba4018b3b01789aa88489287e6ba8bb5ca13c75880895a8560e35531df',310015,'2_mn6q3dS2EnDUx3bmyWc6D4szJNVGtaR7zc_mnfAHmddVibnZNSkh8DvKaQoiEfNsxjXzH_mtQheFaSfWELRB2MyMBaiWjdDm6ux9Ezns_3','2_mn6q3dS2EnDUx3bmyWc6D4szJNVGtaR7zc_mnfAHmddVibnZNSkh8DvKaQoiEfNsxjXzH_mtQheFaSfWELRB2MyMBaiWjdDm6ux9Ezns_3',1,1388000100,350000000,0,150000000,0,0.0,5040,10,310025,5000000,'filled');
INSERT INTO bets VALUES(17,'90196b0aea00ba6b2b83fc709fcd7efbb6708b4d7073b3ec4d5916e2325bf2b5',310016,'2_mn6q3dS2EnDUx3bmyWc6D4szJNVGtaR7zc_mnfAHmddVibnZNSkh8DvKaQoiEfNsxjXzH_mtQheFaSfWELRB2MyMBaiWjdDm6ux9Ezns_3','2_mn6q3dS2EnDUx3bmyWc6D4szJNVGtaR7zc_mnfAHmddVibnZNSkh8DvKaQoiEfNsxjXzH_mtQheFaSfWELRB2MyMBaiWjdDm6ux9Ezns_3',2,1388000200,750000000,0,650000000,0,1.0,5040,10,310026,5000000,'filled');
INSERT INTO bets VALUES(18,'a0cdb36577e8b47fb08cf7c5bee2fcaac9f41eb34859b2ccca34e9ae673aa7ca',310017,'2_mn6q3dS2EnDUx3bmyWc6D4szJNVGtaR7zc_mnfAHmddVibnZNSkh8DvKaQoiEfNsxjXzH_mtQheFaSfWELRB2MyMBaiWjdDm6ux9Ezns_3','2_mn6q3dS2EnDUx3bmyWc6D4szJNVGtaR7zc_mnfAHmddVibnZNSkh8DvKaQoiEfNsxjXzH_mtQheFaSfWELRB2MyMBaiWjdDm6ux9Ezns_3',3,1388000200,650000000,0,750000000,0,1.0,5040,10,310027,5000000,'filled');
-- Triggers and indices on  bets
CREATE INDEX feed_valid_bettype_idx ON bets (feed_address, status, bet_type);

-- Table  blocks
DROP TABLE IF EXISTS blocks;
CREATE TABLE blocks(
                      block_index INTEGER UNIQUE,
                      block_hash TEXT UNIQUE,
                      block_time INTEGER,
                      previous_block_hash TEXT UNIQUE,
                      difficulty INTEGER, ledger_hash TEXT, txlist_hash TEXT,
                      PRIMARY KEY (block_index, block_hash));
INSERT INTO blocks VALUES(309999,'4b5b541fe4ea8e9f9470af202bb6597a368e47cb82afe6f5cee42d8324f667640c580cb69dce4808dfb530b8d698db315d190792647c83be6a7446511950834a',3099990000000,NULL,NULL,NULL,NULL);
INSERT INTO blocks VALUES(310000,'2ee5123266f21fb8f65495c281a368e1b9f93b6c411986e06efc895a8d82467683e6ea5d863714b23582c1c59576650d07c405a8d9bf0d088ee65621178b259d',3100000000000,NULL,NULL,'36611f9fa003539cfa517cbb2ca43d9d6128f22ef3ebcf8dfeada5cc8829ab43','606f50d474a254b44d13c5c9cf0bcd0449db1487bf51d7b422612074abd889a7');
INSERT INTO blocks VALUES(310001,'03a9a24e190a996364217761558e380b94ae9792b8b4dcaa92b6c58d80b9f8f7fcf9a34037be4cd6ad5e0c039b511cccc40c3438a5067822e3cd309f06519612',3100010000000,NULL,NULL,'6accb349632d43abbfceaeae9bdc1964148871dd4f7ee83a3e31440fc320358a','0fa98300cef40d3aba6c145763ccb3d5cf3446b32c0f0c90c6d67c31072be58e');
INSERT INTO blocks VALUES(310002,'d574e4fee71454532c0207f27b9c46f07c5c2e20f43829ddeee8f798053413ac6e0d1b9ad2259a0370fe08581fab3e950ce629db5fadd823251254bf606a05bd',3100020000000,NULL,NULL,'d93d838494dc907714c8aa3e559d8879626fa969deb330db64291f247ce8fb6e','4268e3b52fbcbed7e30026ca23f4539b0e555023cc5c653e9c7fd7e2014ee5dd');
INSERT INTO blocks VALUES(310003,'44392d9d661459ba31140c59e7d8bcd16b071c864c59f65e2edd9e3c16d598e81aaba40f11019a379bfc6d7811e0265fbb8b276d99cdea7f739fb736f433052a',3100030000000,NULL,NULL,'fec6b3f1c676d937bb267c3575e5d989331f86e5ae324548e285b2f94ec544aa','947baae39c1c6fd535b6dfe31fedb09ce95581bee505429a42bc64485751c22b');
INSERT INTO blocks VALUES(310004,'58c6f6fbf77a64a5e0df123b1258ae6c3e6d4e21901cc942aeb67b1332422c71e1e7e996c5d4f403159ce5ca3863b7ec7ef8281bbbce5960e258492872055fb5',3100040000000,NULL,NULL,'01e3d71e684871fe2505d36d32ce350de8cd811099c41adf0f0e54b114b26014','ef84a7a3fe1618b7cd2eb8f1f6e57aa8b5203d6626f60fb493a49772046764c7');
INSERT INTO blocks VALUES(310005,'348a1b690661597ee6e950446e7a1deb8bef7906c0e98a78ab4d0fe799fac5f3007dcd648ff0c61da35b19cf99f16f3028e10ba206968475d741fa8a86c4a7ae',3100050000000,NULL,NULL,'80cf88cd36e766f03fd5245dc2f4341307a24248a94b592e97cbec4b99ce57a0','823387bb6315fef9c76252b46899b5e834d9215ef1877a81d9c39ec69d518ee0');
INSERT INTO blocks VALUES(310006,'9d31b774b633c35635b71669c07880b521880cee9298b6aba44752ec1734cd2aa26b3bed95409d874e68685636a31a038b784d3e085525ab8c26f7e3b7ba3676',3100060000000,NULL,NULL,'9f2cbcd51eed9dd74e047907365f4bd4d3bb7c1b98ce00cd9882336c1955aa24','5787e8a137104a6a6b2c396a5fe3d43024e502a8947b91bee64beef35e267ee1');
INSERT INTO blocks VALUES(310007,'41007a4ed39e7df941059c3db6b24b74c1913b80e0fd38d0073a5b121880fd0f7e98989d8d70766957919371fdaf4e5b44125f9f7c449c3b6bea298253075fe3',3100070000000,NULL,NULL,'0e5ce5828c72692e18ce3110c98c20200a26cc94136b8b66b82b63d607bcbe65','614fe5d148f06bde88db31129f1e99b5e17bb8fa1eb07054062844061bf01d0f');
INSERT INTO blocks VALUES(310008,'aa28e5948d1158f318393846b4ef67e53ca4c4b047ed8b06eb861db29914e9f1dfe11a8b73aa2225519843661a61e9038cb347015be916c5a44222ed71b8b604',3100080000000,NULL,NULL,'6bccc958cd8c02b8c73f39a3c486fb7f4fb04018f6f7f6618994d0e5d44fae7d','195a9946c3156a5ea17be74e87780feef8f897eb0762e8fad62f4eeeced58b62');
INSERT INTO blocks VALUES(310009,'550d7d84590c6e4e7caed4e722151f7e110dc39bf3f54f719babfe89775095abb2d2454014b4cb01fb1e0a7e91639559ce17e096be5178b5c2ca5b22ad41b33a',3100090000000,NULL,NULL,'b3e29d6d3c66dfe24dbaa99786a7573b20f7fc20a814e1fe8355ca04de121613','914e03b3cd77c61dd7fabb289ef5cb6bc422d8b9d539c4b31582e70528f70b66');
INSERT INTO blocks VALUES(310010,'477c4a3445e32cd0c8ef67c808ac6a6362ebc953c396e2d5c0d7e4f185becd15fa99bd7635358dbb3b5a92e9f03b7fa2dda8d4714e181ec4552b279df3ba81f0',3100100000000,NULL,NULL,'318e2a0076664560e9d818d3239963673118fa09b384f2dc34c4bb1acd451812','83fd92f45e4006d8a205664d92d8d034404a1454564e519b94bad541224ae625');
INSERT INTO blocks VALUES(310011,'05f81b5c1b067b647894014cea65558826be42cca20a6cccb8623d80059182b77da00922539c59a0a7b63f6f011ca0f564fada0451e891644728b874c65267b9',3100110000000,NULL,NULL,'0cf6c421c8bf6de8c317ceb67b7860d39900a410e5c0353ac412ad4b36b1095b','f1f52652eb2d736a9604e97b819ebf581224f5cc1643c111ccdcc8d1d64eda4a');
INSERT INTO blocks VALUES(310012,'e9d898aae43fc103110e4935cabf01b6016571b1af82e27af04b57c12302b05eab217f075ac3344b0a422e76b8c762c119cb290c867bb6eed432994ec28af027',3100120000000,NULL,NULL,'f8bcab016cebe5b9e84f38f55856d0e9cf4189b8541599e4af140d1099e3b91e','a08ad3381b6bc6e9c56ee357344e0c7e1b3e2f70ca66af9de50de3e211cf823f');
INSERT INTO blocks VALUES(310013,'2251b497007459321f72cda82681d07d131dd81cc29137b18c534bbb09271678f4497d0316ffac262f021f901078926dee11c791a3524ad850ee948474abd3b5',3100130000000,NULL,NULL,'e0cd433ae2e8945ec94188ab7842f87bec6fb9cba76cb2da4a3010aa99d2f87b','93ccd7c592de05a0c08a3acbeb8bc65c497f8f9a63f94628ea94cb3b847521b2');
INSERT INTO blocks VALUES(310014,'f98fb331e66361507190a1cb1df81b814d24517e7f219029c068b649c9b8a75703770369ebafd864d104225d6fe1fbf13705d1a37a819b04fb151ed390d7bcf8',3100140000000,NULL,NULL,'13841c2b458b39b4d9252ef9e0be804ba67e28fe2c1c1a5bf9264d650e9ff752','bb027924208366320ea5c01e0dbc8b5861f814360e09b6d0be7e2c9f6a137ef3');
INSERT INTO blocks VALUES(310015,'7c25469d6b4fed0e8bb9e4325994c4de1737570fece605b4ca388be6921406b64a395dc519b33c0dff4f93930b32737a941bbb850e31f2ebcd2caba520bc2820',3100150000000,NULL,NULL,'0620a1da0158a0afccfae106760bca143edb82e6e69d334f13dc3a8bfc0bae4d','6da185f88ad4a6c665535c8c1b077b72a5aa356b8b9b0a3e967ef2b61fc77a0d');
INSERT INTO blocks VALUES(310016,'9f1c56677b369099f059cc145b98f2e3f8895631cdf0f72b7fe76fd953ab68c202329848dfb53f8146552876eba37f50ed02da34f23447f518449bf0ac0cc29e',3100160000000,NULL,NULL,'2dbca522cf900e01b057e8802b0b09f76890466a49d42be3bebb4d6861a18582','7e15243274aff82744831abf0d71811f9a69c9f9214a355ae8a0b15e58ce2dba');
INSERT INTO blocks VALUES(310017,'4c02945de20ccdc874ae21bf56aea2f40a029c17b81fcf602b367bdbc286f9ec0cacab35fc07ac60aefa4a96a586aed20129ad66d45ab87697704d731e06b40d',3100170000000,NULL,NULL,'41d2217b6cc59d7c2c95b68bfce8845dff77529bb812098bfa516bb761a2a3c0','7ed7fb74bfcc31233fef9c3f8faedd29e2844dc801c5c21640f4b8c09e6281a9');
INSERT INTO blocks VALUES(310018,'6a26d120314af1710052c8f8f78453f944a146039679c781e04ddbb5a2d010927726fa6f81d3e01fc1fcc3363c06e8e1a81a35636684c4dbcd51edf561a9c0fc',3100180000000,NULL,NULL,'2937726bf97309e3a2cb111623f3f938988a29effa8f74c187ee05d72f113099','29d2867548beaf7af3a30a84644ca7d0e6e6834aa1335d4e4208edaba88e8908');
INSERT INTO blocks VALUES(310019,'592e775a9259b1a5a7b0d7c2e028ff320783e7b49243ed6a20ece89a72964f3af4ed129698c4a143ad682a1493f982c5f8193d3b0e36b3df43964520409beb7a',3100190000000,NULL,NULL,'41ef029a57c668a2053be38a5fca029665e1b5fa7a82f88e1e34f05d342ee5ab','7d4404d0c0a0184ab2c5b592c3eaa4181f0bac03f1492799d1f7e5e013e93839');
INSERT INTO blocks VALUES(310020,'87fac74eef20e6121d9a66c90481f801a10d636976a6a6e7cf42fc38cc104a470e1b4cab3f9670be86c93ec1a407a1b464599121df6c8109ec7247b25c7efc62',3100200000000,NULL,NULL,'fbaa5c422ae39f3471da280dec120c890f40f43fde26e7998269c90c091130ee','a594866d45266acc66e89a979f00868df39f712b59850ca5aa7091806b8a1ad2');
INSERT INTO blocks VALUES(310021,'68a4f307918e2f39fb393e5ad6a7e2fb2e35ab5043402ce37e984de670579682af5c7ef98637478bc0efeb579dc9aaca7f199116b390c452ceedca420909355d',3100210000000,NULL,NULL,'99ebf9fbf16e27e1da3f0f5129771686c419ad9f85a8f5eb81715d8a67c3d16f','ef560be92010016bdb4275877d2369e3559560ffa76c6a4839ae45f33059ed53');
INSERT INTO blocks VALUES(310022,'5052fbeb009f77f5629fb701a2e4a379ef6c5591a87ab4d2315c8b79fc8821301b21f146150b2af542eddd82e8e94bc021dd1a9ef8e837891248ab68f4afa7d0',3100220000000,NULL,NULL,'4b90ccc4f2e3343dd400f664b47aec1a70c400c28bf19e7a0fde4b26a8f6ec63','a0ab68722ec2e7b024cdaf72073e015e2a058ea7ee118cfe2bfd3eae6e656790');
INSERT INTO blocks VALUES(310023,'1aab02bbb1a7450d612af368e571d955812f9a376e9f7f80c8eb8296ec40ebfa964f5c9b5e56d4e0cc2d584b38c3280c2b8b2ac272ac00f4d0bffd5348006b4c',3100230000000,NULL,NULL,'b049a10a5b29ac2ecde13b398b4c9d2fbd7beb7e8987c1ea06b58e00ec566bec','f4d59ce5efa84f938a1eee3673c99f8e859f6827f297ec622f3e38952b3b144f');
INSERT INTO blocks VALUES(310024,'232fc55d72da13e22bb39e10cf9bdc29a634f1c6d13c598f8a1886fc6adde9f0db1ec92afc8f2e7e099ad1d225277067c9beebb14116168bcc961d43cc0a5b88',3100240000000,NULL,NULL,'0c08bb4e7ac6ff445516e64eda767912a493189f4fbe9c46fbb355000407450c','d4d8e402c48a8f3d5351cd2b2581c2f15e5fb12db744cec31de5ad4a70a0a46d');
INSERT INTO blocks VALUES(310025,'39e5551cc35f579114d5a36f841b8aa487e8277ede3b03bfe73f31b16ffc92d8a9535c485518839f3a1f5789222f234e3ac59e67f949ebb2f86044e72296a4fe',3100250000000,NULL,NULL,'c6f709b682fedc1e636701b32279c33b5525af0fbb483e519d83b8ef6193a03f','612af127c47d01a3a885927d487c35908af48ca9c0e9200ca8707e96bc7748c5');
INSERT INTO blocks VALUES(310026,'dd6f9e911867c1680a777ed34699914cae82576da2f3fe064cec0f77af56f3af2b9309a9e56195f3a63897446e7cc37ebfa8257aa4758e81fcf70d9b12d77bbe',3100260000000,NULL,NULL,'81e6bd6e9d0e587fa9431ff4bc314dc8ab371d84e3193c96c4249e3eb70aa733','0e8cfab5896541be9459af959014130932a0fa5d1517336d397078e9fd5ef0c4');
INSERT INTO blocks VALUES(310027,'9adde4402993118c8963435b66b5cd74676459f5aec1f4098ded4e99592879c8072b1603611ccb10fa2f1e7e88e087f812553796839664f2a3ed510c4aed9337',3100270000000,NULL,NULL,'fec070c46fe00bd967446a14ad7f66137dde6e3c7049657e44faade75fe57f2b','74a57aa62ec4405f1037f1d1eb4657a8a3f0cb53de39d2fd798ddc0674bc102c');
INSERT INTO blocks VALUES(310028,'158e01a36be6070d70d4f5723fca07d5a49fa057b32c651893df7bf1c5752a41444ddb9499d11fdfdaa7b5a63070f9294a55e1a6a4e751ed154b5330dc10111e',3100280000000,NULL,NULL,'3a20d2187192b26608cff147c898866fc70e7e538afff260b87533d12e3c9c5d','63d1375c941911205362edb400ceea8b95d1db9ba1ab7066c6dad9571baaf71d');
INSERT INTO blocks VALUES(310029,'fcd8b3ff5ebaa56426855b262003f15cc0602e452db1ec6c9bc475388553d4766503fc6cde9290903fff1dd94652676b826a229031ee7cb56f69a6d633895fac',3100290000000,NULL,NULL,'7e7f016318f45df1b03b02897f46b79fb379573aac45b48cd0347b860f1075fa','f72987d4de1c11117924e6e96682be0c3d6526166ba812a20cf89cb75ecd05cc');
INSERT INTO blocks VALUES(310030,'b49587ccb88b99aa75b91045c596f731a16ce7523207ae0cfd2b2400898576943ae0969a28c5500d20d72a33c9a79b5fc3f5840bd550846d272462cd66fcc259',3100300000000,NULL,NULL,'d1c626cc7c1097bfddea26f663078fcd09c6aa1c42ad81138a34f7213350cdf9','45152745a4c1ddad119987816f0a490d8172440fc75d27dfe0d8201b08810317');
INSERT INTO blocks VALUES(310031,'7a898e085dea5f59d75df0d4b5dd1a8b12c269d1eaef4e8c78938294abef4813e858c6e6f7bba2e5918a853f71decb610ce80fe3da936587396c44086eed86c8',3100310000000,NULL,NULL,'e1f728ba0bbf27b9087117af699ce6ba4e0cf66581d7e753a41a58dfbdbdd959','10a766970513e983057d6780f63069eaeb8ae1ce777f6cfde4921d7c32785bb1');
INSERT INTO blocks VALUES(310032,'d5778cdb9b17207d9caffc0190842356895364e0c5e6247f02c2fb91d4dcde85becbc7958f07b9c99a9833f45599a0c175a8a3b026ec879467142eff3e3c1457',3100320000000,NULL,NULL,'98f319753901559322cefa3cca34a4e2c01f7ded2cc4446b45a4ff88970d832d','881adf6dce0e4b502b56a6ca87d0e5fafef281e7f533fd5306883cfabad21088');
INSERT INTO blocks VALUES(310033,'ecc0f5ba6c110a32e76689e934d9101617db692d61600ebfe32b500fecd78dcf75bd5712de67e59b99d5b16d9eaaa8378a46a73a35fb10f8821bf75a173507b0',3100330000000,NULL,NULL,'48bfde032b4a725497f94b04115873d8c090c97581d0137db1117f016b1d1935','b7d735abecab80e4afd56ae89770eb2a687686c055e65866e5fbf1bd4289a90f');
INSERT INTO blocks VALUES(310034,'75ece066b260c4843383467558849588e5ce1f1634da9bea7c9c0e1821150a386baf940a2624b4c0c3fc4bc4996bf97f545fa61a4ec90c57ca5127c1ccdbec84',3100340000000,NULL,NULL,'796ae959e96520e8aba3a578b34a070e7ca25921d48d35b4276ffee7f85b2156','59f156b361f17cefa6c6da5d79581d14bcdf0aa79d579a54c990c5626ae2bc20');
INSERT INTO blocks VALUES(310035,'0c8e6a86abf191a1bad2897dcc7aad3e5a5c1439799c55c95f435eb6fb9e50ac892d58d1a9c9424009d0730fd59ecb202de2e1c155d5fc70a8da9868946caa51',3100350000000,NULL,NULL,'aa6ee9a8118cfda043b9dd0013b66ae1cde70c1dc04e40278db8a3997add3d41','63401eb430cde4909cf49b381017e75f1034d46ecad2bf9a2603bd3b75a8c6a5');
INSERT INTO blocks VALUES(310036,'4011ea78ccc04ca2ee8d6bf0b14eef82bfa9456869415a8126f2bee5a1bf961c8436571c00fe20e82c78bee44159e0a3523736123c641b871d271642e8f7ef1b',3100360000000,NULL,NULL,'eaa9c008de30b4d3da10e91f2debf168a0609c5e47886a2f672112cdbf0f750e','6b6cdabe3a1aa8eeec8e40072a5a054265426090d364ff472a0eb6730992a48b');
INSERT INTO blocks VALUES(310037,'7f94ef56feec97124f1e6f04b862fed49ae7c179ee143701cf0eec922b5d39932831274f5528d8d9b0e8e115236cfca7f2d78da21db5596565314e625300ef49',3100370000000,NULL,NULL,'c6c25d5508e7ddbdedc23074ad055c36161a0a2939c6a0ad6c7a265694537131','679ec43dff37e80b9605c720846fab4cb54547c82c29dcb80d0c981b4a3fbeda');
INSERT INTO blocks VALUES(310038,'e7c42cc00226117b58f818813df49a64af8ca6352a8490a2894676aba647c1bc8d4ae58bb883b710348233879c841da83eda54d35c5ec279f8a2e1ccba8a4264',3100380000000,NULL,NULL,'9a275c9bd76edadfb3dc2a3498eddba48f88c3ed970cd1b6f06fdb1914f19d7b','c9485d4481cde8b291fa8dd6b04fe83ad78aec055136a4e8413dfbbd53ee2b9a');
INSERT INTO blocks VALUES(310039,'1efd67747830ff43e4cb5f2837d40789a0a781a79c5de4a7966ef64101c39169c28b7eb78481c4b92d14d997be3bbc7f5c6a6a8af8c729825c0e6a07fc6fbeea',3100390000000,NULL,NULL,'8840bb8d830d0324faf86fc8b62f6b9ab04b1e9e1681478838ae5fbe49f20a10','44492f4fb4b40f0ea3131a1dcc30c38f4e4c3c0cb9910f38c20caf56f8dd6ea4');
INSERT INTO blocks VALUES(310040,'0afea7365138d9d478c1a57003d66b1998e462cfe57a9a3a1a9360f5e305e9e639387f6849770c33995e1126cefa8ed66faf8a8af03e5c0853191091978d04b1',3100400000000,NULL,NULL,'0ffbbd92a41e7e46703bbef3bc3f26a48de1ff5408ac079ffd3df4dd32b7ec45','68387081b83384de61d8c864df0158f07ecb842f9d4974b66c01033e8e4a79fa');
INSERT INTO blocks VALUES(310041,'a332959f882f2a2846237e5ce8874beddc8e28c551f7d5be885c79b1d4650c5ff3c9855069302643e9315390e2dc1e7e072e7f90afecd5fe4f3f14b31f38caf3',3100410000000,NULL,NULL,'f1ebfb081a1b8e9007e1ae91339548ef99538d25a49f58f379570489b2195573','daf8704a6365812e9e873ee5c278dd83ddbc5117f7dea37dcfac958485af2edf');
INSERT INTO blocks VALUES(310042,'ee6c4eafabbae31087db301639be2c8d82b31a3004ed19a30a3c6faafdef5c0a363ae91e97c4cc88254bfb0d16213816e610da28233ee3775969dbeba213ea2e',3100420000000,NULL,NULL,'7fee75ecc4fd18a085bf1b854ab2a8dcb1a1e91be9de54b60a3efcfa6408fec5','8594952d8dd9aedfb840a383c7f615cfd57cc29e958b2323a5f176dcd8762697');
INSERT INTO blocks VALUES(310043,'1fd0b3a1241e5435a39f816d44b6a009780a37e2a131fa7be8423875f81defa4b571a0c9b89cc335c2698dbd66f55fa333bb80e20fa2ed03d9c3e8c95276d05c',3100430000000,NULL,NULL,'2f3954108a87035bc23113f4d7819b5784b4080ea465a27a6ad53ee4a65e8442','79163983c8e33f04f67f3d631e65d231c64317a0b262dc96e6e8ac2de27855e8');
INSERT INTO blocks VALUES(310044,'8074ad14f920e3bcdfe75f606c3a261e14275b3ec48d8678841492f633feb1a25c48c729e10d192e59d52b1ed5bc10185b2d0636835b05b3962e4be08b06f194',3100440000000,NULL,NULL,'cc6ca4a883ac2121c21dda8a1f60483998aa21fc58753d0201b43617700249bc','11f6c9d2a474a5b6876baf4e6b2d5c2a9033ec9c92dff2d5e97ab8ce6d36ad21');
INSERT INTO blocks VALUES(310045,'edbfe164803ccbc044c2d602e6ee85546a00d478e5ec3a9475a487cfcd7deef64155b201530367be15262f05ae77a8270ac8dfed18355302a01bc37d0d1d98ea',3100450000000,NULL,NULL,'29c6355b109ab11884a45ad7988034ec2033079dd2f2fd61bcf78d13eb141b6d','72ab4744eaa2c9b8bcbc3776f5790c467aa44b48aa5711f6dcf86c2ea299efdf');
INSERT INTO blocks VALUES(310046,'c1d7a9dc0c93554dacedb41e6f4e7d97b7cf23a9706e6052b7c583233632b4f3cb8596e5b59b6957413ea1da603c2fe125eacf6b2257fb2ae48de3652893eb22',3100460000000,NULL,NULL,'1830edfe656d224178b7e2322669e34f67a62a8ab096dda9a8539791023fb17d','66694a4afc825c30cf45fccd988670fad2ebb81e58e00bc29f3f854658f70dcd');
INSERT INTO blocks VALUES(310047,'86c6061e10d6032dd6051842afb28b6121ba443e4ace7ebcc213258fbd8aa86136ea03f5c3eafe13e560b9589871011f786bf204cc8ac6a419c263f138ddf72c',3100470000000,NULL,NULL,'67607516ab1fb61ac04ba8144a98c6a3cbcca570125305fa6a1d8d8c7b167815','c566035039c91544bee201589f7417ce8c2cf26e95a991956245f840a122def0');
INSERT INTO blocks VALUES(310048,'41f80924d6d10e6ff29f9926dcc1bc644a30d87657975c22165d4c54f8c30938b9bec93e24e7033bff0ad7e6540bec0ae0c3333c7f54499c7809c450cdf91451',3100480000000,NULL,NULL,'c2b11ec68b35526c7b55ca9360f8da48d15de4246ae1676327f6ba50e5bd7963','28fd12ade0cb7f3460a65dd13f4afd52c10bbfac7335b96d702f2811c2de6d48');
INSERT INTO blocks VALUES(310049,'51e01a7614ad99af02c4171df920803ed9a88ff9a47254f0d0faf521f5f806b840bf88a311c54a08edbb9fc2f152214bb930f1b8368245c8cd263473b79f808b',3100490000000,NULL,NULL,'ca017eaca466bd019a20aea4a8dded20ef117ef4e5d741d2719cf9d96020c0ce','bad8ed69284f3c2bf5409db68b3bf75e011196bb0943019daf86ad7af4cb4485');
INSERT INTO blocks VALUES(310050,'c719b9e1f31934a3bf53ed8f8a4f59ad22f3d0481008f4a7116f31cbfcd2b71ebf296f8a6890f522c72303d63c6f6b76b802f5b93808620f3b6ff515155ea73f',3100500000000,NULL,NULL,'914f2b218356e14b18a379e7a04ef86dbfaece952a0edf38397d202594a26060','2cf967223e67c9e955fc96b803e0b8aaa841dac13020d0e9957d6bde1bb502ab');
INSERT INTO blocks VALUES(310051,'e88246311bb74b66ad0f97fe2f5734e0c68d0329f05a389c35ef8a8575e8c078b92b401bccdf84f2950fd884cf0c22e2079594050292b01ffc69c8e779150ac6',3100510000000,NULL,NULL,'f8de5611d92db429e29973c390689225b11b2da58ba23bdd597a402fe972ac1a','d254c02761b76ed172b347d98b50e22bd075a9495f84fda8b0ed017be817abba');
INSERT INTO blocks VALUES(310052,'1c7e09c9d97f26b1be51752c372a88ff5b5da358c76002a42647916b5e27d8e0f75effc92c15f034a75cab7ca8d8a9ec34c64f1fbfe8690c585cafc553add37d',3100520000000,NULL,NULL,'eaeca1a805aaa11b0d61485eaf91774bc79e352ca08b2b99df3d3b893824602f','5420af97c6553ec7ba90671cf1519c9d57e33e32545e7272f8eb2035a46f72a8');
INSERT INTO blocks VALUES(310053,'60ed831a77cedc82909d871edc4e6525de5669cc238f7b9010336b4f5c80f4eb29fc8f8f05cb9a41db4e1311f437015c8bb02b214b69cf04f909e14868ccb66f',3100530000000,NULL,NULL,'f71f9145465c95ee953b86f7957a8844ae3f66ef598346fa26b4365fc8b114d5','eee83f088d3c3600ef5664e9dd74bac3cc038d05a41c5057fdb59f97b207a43d');
INSERT INTO blocks VALUES(310054,'0871d6f27552c73bda0f3a9f2557d87b89a0589ed5da70ed84a42dd89456a877d24e0e439953fff2123f110100aaf350755afe5ba6ccbe4f01b1965528e1b39f',3100540000000,NULL,NULL,'10c67400069fa6ce0350fa0f63d427cf858e7e44ecae3b8bbf4591aaae6b095a','2510401279dff43fef5dae3d0261d0969291a227c62f509d6e72424db4c04af1');
INSERT INTO blocks VALUES(310055,'3edee52236cc6d3fcf0c9e108ca28515924cbfa3b9ab8d6f2ce59b1f234558ba3d50c88381fc53f0d607e67dfa8cf497f45f32def36c5a444233a0edaa649987',3100550000000,NULL,NULL,'7746ac07a34b5ecbc8b3a5e6f5c34a50372f52679476b1043d838b12d58f3928','c8ebf4505b4ea5487b2bc21b1e130340fa5508f0a8e3130a0fa44a25261dea18');
INSERT INTO blocks VALUES(310056,'bd46235733652f0ae9e77cd97e22a371fb6778c023c98e49684616eee72b64696b1376ebfcc8e897ceb18d8415b08d5d8b27bb788bb1f6de3b8baf985e2f5c0b',3100560000000,NULL,NULL,'f47c1f2468ca04757b5835c7ce59c904e4a0c0f80d948a218e7e220da7556985','f5a4c2bbcfa4292677f5e978210a93978e134a9f691fb0dcfe3aa77d27b45e8f');
INSERT INTO blocks VALUES(310057,'91e818ef3f1425e86d13808bcb5cb4125205d61f8d063f21cd37a445269ad14f96bdc18283a12ddde8d6775bc55b2ff91c7910fd7d512ee242dde68d8d4f1520',3100570000000,NULL,NULL,'04b3309dd4306230fd45366e7a69971cb5d85922bd14102efbcf8c4a6333dd3c','34e1d3fb6941ea16e74c1d34ba6f84d0f9450af56f4fd0d8c63f08fc4742ed5a');
INSERT INTO blocks VALUES(310058,'ab68270f350c7c11d62cfe38e0b20c6763c770f9d9dbbfaa16cff8ab3d746a9b71047d4fde90c7705688b7f36ed3479a9718fb1a455cdedb5bf97309e3344e3a',3100580000000,NULL,NULL,'a5251e0d0dc5a32d87247446009294ff19ead42a56f4c9830cfe0e134004d0c5','414226f73a8edc68cf890e1e4f3a7f5d4318c1a4adb4c8426208f8aacd01d87c');
INSERT INTO blocks VALUES(310059,'d08b01ec4f2055eed65363e748f638470b4e989c815ba93395c139de56eb925e577bf05c46a1cf2051a238a2ce1c62bb137583d12d9b5a30e3d1fe2118e50009',3100590000000,NULL,NULL,'32590bc4e6ce0277cf36418f88a211d604748085343941b7e6a27e33aa512d3b','95d02aebfdc2af5ba8d1a60cbc4199c76d354e0fbee4cba8731b066262d09193');
INSERT INTO blocks VALUES(310060,'76cc352a0973bd5cee8255c511eff6cc34a554d636ef61ab3ef6621dd0eaab17b3032e5ade33c8712b1d45960ba779974e79998b0b7738b6815ac93d2eb8181d',3100600000000,NULL,NULL,'5a377f554d32d18d8af19c1050a57ad1f894c47dbf193fbdf8761639712899eb','1aa71ee0c9d8dd682c842838d355a5ec264a3d677fc50d049af71d32849f5e11');
INSERT INTO blocks VALUES(310061,'80a038ba3f297cfc699d7be560b9be58d8a88f4b127468e22d5d633b6b3e359430d738c20f7c5182a435bcc1a49a056e84ce705ccc504405bb70700030f86260',3100610000000,NULL,NULL,'0f58ef311e17ca9db9bbd56cdf018d73d53e86837a3b4b80f6b0eff1cabbd287','3e80d892c61dc048d296903dfab0d8540426d7160e0ba4bc9114d0f35eff6148');
INSERT INTO blocks VALUES(310062,'9fb37033c32405d7e00ff9b69272079af198e9960fbddb8dbba542b7b6911ceb833868bad3759566a7a2736b9d719ca82690627d83491ed40467e6b18830a711',3100620000000,NULL,NULL,'2146dee0bff3a74ca7c009b4760cf698ae701e7b579fd43afae5699862f127e2','0646b1d5c6bd92282c5b228a8082f341796d2c2206d7034ac939791cbdd33cce');
INSERT INTO blocks VALUES(310063,'807f83f652635dd041b0e46222d9a136099f478a5159c501735eb3a64b32d664250ec44f4668df72b1f2b8ce34ff2e1c260b6fcd87febebcc44e99faa098cd7c',3100630000000,NULL,NULL,'f7c64d56d9e1a700b4f2d82edc99700fd2e2ae73c1e2dd02777ef665fa0a84bb','071ff7e2b12cd45c3cad91aa8d7b880bfe6d8447be3ce1369ae7af383ad6fef7');
INSERT INTO blocks VALUES(310064,'cdfd286ed7373f1a2b525d37a903df4ac53788422414fa5fa5b408dc04d11991b3bb3c7dc7be3bc98d65c31265c01abd59f6c9f4cf6cb25c8da4a28fcc74f576',3100640000000,NULL,NULL,'05f484f358c17e506ada5ac6df7a6fee11b2548c270177f91ecf6f30d0a5b047','d404379d0d6027ff9029639d2acb07fe88f0ad0057158a130921bd7174ece633');
INSERT INTO blocks VALUES(310065,'e971d529b30e42e87f399558d975181220fadc9b160b37dc5fe82752be193de9c7022dc509061f99158c7e585799f336ea3dd8fe63d55b57772af676e91108c8',3100650000000,NULL,NULL,'a725b0707c669c320a0b613f8d3c35475e38be585aa5bd45d716119f604ba800','f401b237e7d91e76f43759600c34073fe57d2478202cfe9be1720cda1803f111');
INSERT INTO blocks VALUES(310066,'0758bfcf08b5a8eb40e4937fd84fc69458338483a8471865b38fa252d8644be6c22962996b80aa3fb37db97f2e2a213049c9cb356d8564d26fb1ad5de14ccef8',3100660000000,NULL,NULL,'d59dc18a864079553a35c4acc4328c5584bb7ee2b9a1ed253170d2641b0eb4d5','e3d5a1c1f0afc90bd30c1f3b6e7444478f69e8710400663266e5678d1a59bdd0');
INSERT INTO blocks VALUES(310067,'359caeb095b44b88cb86676c4a94ac830211c31e25c326c9c75e3ac60c5f28c1ee7387fc46ac6ba2946a6ce41a067637047ac4effb32777dd9f694ef1aa88ef2',3100670000000,NULL,NULL,'6d9907a3a78c5ec77902195791ab80f86633f667bef1a7234e7f2fd87af39e15','334267ed563a91253428ff1b2b8ad3f18015bd4c1cfd54ea3e6bbf66c0bb45b0');
INSERT INTO blocks VALUES(310068,'2f1264342a2fd66c9493f2fa062cb8477ef86f72c532149ffd45353fca250a9985c027d7ccee2e646c96533196f6dd60ef9bcb12b3f156dbe71edbd088418487',3100680000000,NULL,NULL,'4c1c9c2c0b1de893935633db0aa056d823608cc676147a4dce80e375ab7297d7','80eb86e0a3ee7d908bc8fb0492ab193cef8cdb0e822a8bdb821e262809eeaaa7');
INSERT INTO blocks VALUES(310069,'b08114be39f1ba70cbf72cf9ac4b008d8582dce4d4d7c789e7da57eb264fab24fdeceae387dbb23d5dc0c73f8faa013c5a499ee8d2761b959128c9694802230e',3100690000000,NULL,NULL,'b5eeaeea1cc4b92dd979ea40998c6f2c672c7aca3031c72154b4f9d7e52aa71e','860d2987c5ddde2a47604b96133a5796952c4becfa68c479e033bf4270465e1b');
INSERT INTO blocks VALUES(310070,'5f1384e1063f3c21946d063c75dcb43a6ddc4642eac6f79eee0a80ea99320bf8b26ecf86b1e79889e1c733cd278219e76315130a30b440d84cd288be58bf3853',3100700000000,NULL,NULL,'2c00329b43bbee7d0e3ad6ace029008e33ea44d873b4cff02046a53a44bf29d9','dedc8393c7d60fa9bc41562b846739b47aeb8a7fb5b332c600c92391f5ae6a00');
INSERT INTO blocks VALUES(310071,'c80b492818257e806e4fbe093c89c7965275aa8e36d1bb888d1f79a059e95dadc40273e59de99eb8d80c5e8e1445509d8baee4c733d2c470598620f3048cfafd',3100710000000,NULL,NULL,'1098c3bb20468a442b4cb0071003482167ceb64517dd7598efd561f086c452b9','073df1a9daee55695e8e56e7b6606535479247c249dd817b636032c63575012d');
INSERT INTO blocks VALUES(310072,'64a311227b25fe4606729312295546a9ade70637e896cdd8321257c0b173e38701be1e5bfefbdd2cf1eb908d5076f2b464c8664281cca6a9d9bfd715ca085a93',3100720000000,NULL,NULL,'47c41cf14c83319005790a1113eee95d353611982ff9310b1c1f96994bf18948','844ec4c7b372b905644f771cf5e8cc861165fa1e09dab0d9c07bc706c696a712');
INSERT INTO blocks VALUES(310073,'acc6dfdc3cf0651092a08818eed4eeaf9abfd322f1e46bec97e6a8ce96317612d4f3873e194310f1335da4ac225ed92b1a59237cde4fe1d2049be6a2b66c1f1d',3100730000000,NULL,NULL,'504171b8791ddfbf71518e692150bffcdf1f19eb2c8560ba11970ff4b6b2c0ac','671fd976ba8fe586a50b1d0cdc3b432a8ab4d0c8a71a987ac934133c9aa49a3a');
INSERT INTO blocks VALUES(310074,'a00f647aa4b5d9142500fdc7da95b47c60c0affa3275cab56a875b1e082fa8037b3c32e6a002f92010c2d8bc1abaad10c2373fbd246b59e69af1e97df5c3a3f2',3100740000000,NULL,NULL,'3c013fb18b9d52a9c62c86f864db1eb7b94f96bb2bbb2664bcb17ba18057aebb','3413788b6076c8071d89c1b6ad5582ef54638623716600b6e65603225e032941');
INSERT INTO blocks VALUES(310075,'53035b827f91f83e75adef2f62607377fcffcd185902cb742a72d751e4d57e0432562fe92b0cc6f7221ecbe53ced6aea685ba2383dd9e2a78fce462778b75010',3100750000000,NULL,NULL,'9cae8c0e803dffa7e72d7102f95348535c715e9da5df1e7600062ccc9d7e099c','5d5f56841d7e5b4e65555d951b8911c37684d888c87401efaa52950b74d554d8');
INSERT INTO blocks VALUES(310076,'98867155f362ec51c5d01c1ee81fec7c0fd5bf08892df7e78140ca21c443c084876793d528480ef54ea1e185fe435869dd7dd284119b92f4a3f63d05173a6580',3100760000000,NULL,NULL,'91e9bae721e23d050d41ee18edd34f2e35a5790a959bedfdc5417dfe132b1682','88a51e34a94c9a99d0bccd9735da95d815887018f9106fc60e820af7655417e3');
INSERT INTO blocks VALUES(310077,'2f9ac5c43c034f11cf28d62fb787f8c109662e4187b8af0d7dbd81b524f474ba9f4ab6bb6a36ce44003839ba82f7018065499543c9e3b4b1be0e96b9d56cd9d7',3100770000000,NULL,NULL,'7ed22b71d8263d4ad86fe2a50e196ffb0a95be7a13420981c18206760e09db05','dbcba7f6d5686b0fa82e47189dcbb232d553938cab3c70c9088a6fb104b7342c');
INSERT INTO blocks VALUES(310078,'5e535d532426974fe1c45ebc463ec7a93fc3625a5da33119975481c4c98ec8ad81ab13fcb7e8943ae4fb26b41aeaa7ca0f50fa22d16c7d18e5deb3820e96df1e',3100780000000,NULL,NULL,'70e535851b253a1e1306fb58a31cc2a67b8e785a7d857fe8d11320e9948905ba','a2653122f55972ac6f9362b36707e5eda2a4095f5ca7b1b7b83eb9519dbb8b22');
INSERT INTO blocks VALUES(310079,'e41a51db594c3e7919b4aac63e6100a092461b81518721da953a476986f5bf8e29085cfe6a08ec452fa547b704c4c4eca957ae193c27281dfa7f113a0f6df941',3100790000000,NULL,NULL,'4d109c40c2f4815fed15f68ab763638c0f03f1742f13514be6646b8fc4671444','e3a8c8cd563e97e8092d18e6b3e74e915560f0e0d414dde7c877c2684488ebad');
INSERT INTO blocks VALUES(310080,'fa67febda99884d857fb9bba17476225a600f76535a9431d21c261662434b85b9b4d4ce3cb591d043f80ebe0adaf9263e0a368d949d291e14778b46d07dabe91',3100800000000,NULL,NULL,'fae015e0730532664f6154b9acd966a84ec979204a872efa5699433fea9a5bda','717ac10175de4810655a0e54c93a6a4b48ace4fda2f0d33e3392600ee13fccf8');
INSERT INTO blocks VALUES(310081,'98a5ce8fe941cef091735620c3119d97a382b9c80cc1764d1d30c94300037d0e519063378746b7edbfc60aa506fc04ebd539ada353534b7a5b3d621dec791da9',3100810000000,NULL,NULL,'f5485cf9a877dd18bbf0c2552928dd05cc738286c153de80c4dce94f0bc60f0d','570e8cc993f75500e408b3f90d11fe09237bfc9f59ae363dc2fb936e8c04c490');
INSERT INTO blocks VALUES(310082,'7702f9604bf3efed6578761f4c52de99779c7c42d7543774d425a4c3537befbd2e7181355f8a1130d3d8ad9ff3bbeaaca4e26cfaefff15e575ac4b2eb19b7051',3100820000000,NULL,NULL,'06296b1ac79ef34051b62a4ea43b4d1400f0ab485d2fb2f8839e757c45c6d4e2','7cfd8b7ff90c787f06ca3cd25c9f3c9e289fef0e2479f1a426b8be9c8aef0fc2');
INSERT INTO blocks VALUES(310083,'f190eca1a75147eeec93cf96f106e346b908fc47e6a363093d5b229901bd58fb34fc8db82a8feb2d3dcbeac0c901ce98378f7e1dec0ff7aea7235c6d822a62b0',3100830000000,NULL,NULL,'6e9a8e8f358c2657bc3ca9618d0cd39734f7b1f3d9f94dccbfda314905cc5291','7fd342e4e914a94457a5f3ca2ed8756dc6690714a2872b3e95779431d1255b0a');
INSERT INTO blocks VALUES(310084,'d15e3c53c8bad6d8a4dcbb870b622505e4dabe8b3d3b7ffac8aa4976cdcefc91fc13c1c1a1700d7417e829310f9826fbc82307636fc3f95bcce561a8dd8f7ea0',3100840000000,NULL,NULL,'910a2c409c5ed2cf607dcbaed58670da3c9470423661782634a51a21b5c3cada','28f6dff67c39afc0465e7e67f958077cfa8dabad987b6bec04a0cce064b0f360');
INSERT INTO blocks VALUES(310085,'464aeb24455523d820981afe0f284487ec0a36b1388182f88388370811c394bc18686bfe2b8429f7d37569070f13e95952e877b7a84000c6c0e769e5e76cf437',3100850000000,NULL,NULL,'111576169df78ecafbcf96857574fb61b5e3d6c8e9342234e8eb4e097a2ddffa','714e9b9cac8875f252e2ebfb7124caee197e177aa04e4912ae78422736812fbd');
INSERT INTO blocks VALUES(310086,'0c1d3e5b62d04ec82124010d58d052a0a2f9dfb71684580d0c5a8d37e286768f5eb4ce31dd4a677bbbf199d47ee843ec864deae51f4b2ca29d765015748b5742',3100860000000,NULL,NULL,'643061ae55c3cef2775bca00c4d7527b24f91eba85739ae54223669ba6fd203a','337c9c5f1f0e77ef27475b743976a5bcda857a12a0a8ff004f638ed321f6519b');
INSERT INTO blocks VALUES(310087,'799dd8fedf7036eca0b8298ac48c295690d12f9c71aa98727c927a6cb0224c62433ab878dff483f6d2754bde36f06fce594bdb06559c1d1a0a51848bfb395419',3100870000000,NULL,NULL,'a1b4db0e63c0dc3524016f9e23f91e0eea13d4c91c1e9006abfc5f256240f3cd','5b4a2907da040dff480a8de46b27f087f6afc7cb0a77604dc1cade235899df9b');
INSERT INTO blocks VALUES(310088,'8e1e809b86f3fbde2cabe6510052084ec68d7857c34f8dd334c99e8aeecf32ac1669f2789aa41acf3f33119c5d0aeafed03d8288765c178174a8db27887c22aa',3100880000000,NULL,NULL,'d5c454afc48e6af6edd944342584b97d18be43074a8258663306eacd02c23f56','56198efc7169abf806c38bd245c3caed23331d205e3eeef1c2adfe9dc085ed26');
INSERT INTO blocks VALUES(310089,'9803c2ce201e643165ba86a8a739ec73a05f29d23237d8d2de56f46f417be665785871d0d36cd3146f999d0252635b9ae8a3dd86f597b1cb59cf6879e116b5be',3100890000000,NULL,NULL,'ed81aea7110109472d2da9c682862feec2ee16f28dee654e0488073d77e74d6a','3f024bc3c157e627929a0b8974e4c115558de599cf1b89f3c468931b0608a0fc');
INSERT INTO blocks VALUES(310090,'1ea5f2b04b763909ad541951a0d21078be9d08e6bd7a23499ea69fa4ee8a67f02791404da26f6b64ed5bfc0bed66c28e4e98b703d7466f96311c5c838ab6d9c2',3100900000000,NULL,NULL,'a0a62bf2230f1714cdf56c17f23f34dc64f5bdd8e97aa01d59cd3b6c765196e1','01cd39b69e3c2bf6e8a73b76b34f3371665334789ddbce6a53047a5f905b35b9');
INSERT INTO blocks VALUES(310091,'09f4ee2e18880732c0ac4f58e012ff8fe9223899aeae5e051c9796439d98570637670e0cf50c0727e3017287f268466368c550fdbd3bd210387615af76c0a515',3100910000000,NULL,NULL,'78241286c2f1f847fa1e42a4a462bed43c91070d2d94eb0c67856c498cc6ab45','d820116bc1babfdfaa25c7066c066ab7cb0a4ac32d0cdeee3e8c7601b8d2d485');
INSERT INTO blocks VALUES(310092,'ae270aca6bf2998680fd12abfdbd158ee5bfb8131fddbe54f5466c6f7a7ff114517a253f8756e13c2bde73e9b851ad2b24ce06bac2086ce3e240331bae518a2c',3100920000000,NULL,NULL,'f7c0c76b70b44260ef7b1ff6dadf39c0b65da00bc9902d1572c6681eca9bb62b','a59ec48b5232da97744af6f1adf40f5bc7b29cff709843427e921113021ee4b0');
INSERT INTO blocks VALUES(310093,'2c950816e8a2e9c29fac064891a58465f30a62197864d549f856157c223a1f78f1e39f753e792f64b48c500d77e47602093941df590450d21da55758f81a659d',3100930000000,NULL,NULL,'08ab6959a0415541be0cc1656f7ff90f3c316e0e518befc1cb51fb821f29146a','2f78b7a8db5437223aca76b3f57b304410a06e0b2df17c5e4560e22d01079cd5');
INSERT INTO blocks VALUES(310094,'c7eda9512bcac5c3b73e17923afdce541011780a51f2f59338bd91f539b223655a64a2680972f32e340a268ee6dca4caf0ea6ed8ad02a3840e5ca7075c6cc69b',3100940000000,NULL,NULL,'be1ea06d78dad1df4c6d931150367a553d1f4f8565eec510eb9a072cc13a21cf','768cec0981b9466ddcd0c17cb1f826605f5b8e4d5e7616ccd255b952cb54aa6e');
INSERT INTO blocks VALUES(310095,'4ff3aa594932ca9e13370bd1a9fcaf0d07dcd6c28949afda5fff201a876e77331c483f93c8fc7295d3c8eb0d4ed3d4f53d062e17e87789392db93bec453cf1d2',3100950000000,NULL,NULL,'b8ea389d0eccd798f328bd5a8ba509caa6ec572ee0d89003061b6f7c49a85969','08f02a0b8ab85d4719b98b906dfe930f06020e40e19a30d564270f81d5b70dd5');
INSERT INTO blocks VALUES(310096,'7f6ebf5b7e09d78febea9dce370ca98e1a00cd911b6ee8b4c1f46c3ee5e54754040ae2e5443d5e53ff2af3b615b08063111b4876e034ef31c9ec0f5e75695772',3100960000000,NULL,NULL,'3c8f049869ab61d5c949207719579358e45c8781b3ca1a439689bdecd97d08f2','31a8f8b74b7e1a32c77fba93f7972c2fc451091ecf68e2afcee903ab8e208253');
INSERT INTO blocks VALUES(310097,'e44698e52e70ebb58d3d004f8eb4943aada1835e5ae673ae54f5a62231df0f0fc3a68ece57823e624b4f365ce199d50e35ec15619e508f8cbf71134d82facefb',3100970000000,NULL,NULL,'26cc092f900314c34a5b3f6611dfcaace1d0c0418c8fd7ad31f3b4c8b195bd35','ebca4ee26b558927e32a2e65e333fe1ae49dc17dd371ae624bff9735cda89bd9');
INSERT INTO blocks VALUES(310098,'031441b70e39a3d6dcf5a532eddb405d5abd8d723029ca8be3cfe400f0e4fb012a63d859e610eb48c7e41c4e80768e877321e92f8ff406e700d8c161e8a3f4d2',3100980000000,NULL,NULL,'819d4a235b9cb694e8a230117f7f362699cf518ee7423d390296135785b76eed','37b1c29387fc41062892e8ff1549d77801694a9efe64f1b169d583251dbe7e68');
INSERT INTO blocks VALUES(310099,'2456675ed07aaa79602718040e1f29e546938bec8a15b26492dbfd58d5388ea21ff3440ff29138f4e2cfb47662ea3e4e50476f7280c0e58b51b53bc08c014fc2',3100990000000,NULL,NULL,'3500a6c1266a73cbae2ff0b0556910b933105953062e3ed4e2bb1d294bad8e56','860d3367215a05fefc3f4b3177431d1cc3c365dd8cc8e0d5a408be1f63c9c4d2');
INSERT INTO blocks VALUES(310100,'b9b9a79de83063df4410925030cc3710aad6999f8ca9955305b477dda2e3777293c7ddd7c4eb6e9c3f2aec2e23e2415d0037dfcaf61a52b351ca564f2cf1556d',3101000000000,NULL,NULL,'3284dbe16e96ad607a3ca0a3f9222088558301aedc0d1ff0214e8725778061bb','b126d2f46d4f84119c2607623477bb50ee11c5ab9236cf91846087ca421d8a42');
INSERT INTO blocks VALUES(310101,'e8a8ebd85a460cf5987683360a1c77e6728b4e59027220f8eceda05c720bc38c91f6193bc43739da026cd28f340e1a10b9900bfa3eed11f88339147c61b65504',3101010000000,NULL,NULL,'16dde3a0f92726f922813ecdb185ed40190155b4a31f6f8ce25eba13033cd5e2','760819a1457c90cde58c05d3165b1fef4710a396d508495ddb699fe74ff265ec');
-- Triggers and indices on  blocks
CREATE INDEX block_index_idx ON blocks (block_index);
CREATE INDEX index_hash_idx ON blocks (block_index, block_hash);

-- Table  broadcasts
DROP TABLE IF EXISTS broadcasts;
CREATE TABLE broadcasts(
                      tx_index INTEGER PRIMARY KEY,
                      tx_hash TEXT UNIQUE,
                      block_index INTEGER,
                      source TEXT,
                      timestamp INTEGER,
                      value REAL,
                      fee_fraction_int INTEGER,
                      text TEXT,
                      locked BOOL,
                      status TEXT,
                      FOREIGN KEY (tx_index, tx_hash, block_index) REFERENCES transactions(tx_index, tx_hash, block_index));
INSERT INTO broadcasts VALUES(12,'9f5ff54a56b5e62f2b627f2dabc6f986c4db2a660c7ac8f0cf02683de22de6ee',310011,'2_mn6q3dS2EnDUx3bmyWc6D4szJNVGtaR7zc_mnfAHmddVibnZNSkh8DvKaQoiEfNsxjXzH_mtQheFaSfWELRB2MyMBaiWjdDm6ux9Ezns_3',1388000000,100.0,5000000,'Unit Test',0,'valid');
INSERT INTO broadcasts VALUES(19,'2cf50ce07191567ced39845adf13e2bca9adca6055ed2ad299ebf90564822c32',310018,'2_mn6q3dS2EnDUx3bmyWc6D4szJNVGtaR7zc_mnfAHmddVibnZNSkh8DvKaQoiEfNsxjXzH_mtQheFaSfWELRB2MyMBaiWjdDm6ux9Ezns_3',1388000050,99.86166,5000000,'Unit Test',0,'valid');
INSERT INTO broadcasts VALUES(20,'80bb2efa14a82163b111b46fbd1889d3cb2bb57041a0e2fa3b4026b7852279f1',310019,'2_mn6q3dS2EnDUx3bmyWc6D4szJNVGtaR7zc_mnfAHmddVibnZNSkh8DvKaQoiEfNsxjXzH_mtQheFaSfWELRB2MyMBaiWjdDm6ux9Ezns_3',1388000101,100.343,5000000,'Unit Test',0,'valid');
INSERT INTO broadcasts VALUES(21,'e0e7a6b5c26162a9abb0b314d8ff1687037e491a46abc4ee20cd93f321af3c52',310020,'2_mn6q3dS2EnDUx3bmyWc6D4szJNVGtaR7zc_mnfAHmddVibnZNSkh8DvKaQoiEfNsxjXzH_mtQheFaSfWELRB2MyMBaiWjdDm6ux9Ezns_3',1388000201,2.0,5000000,'Unit Test',0,'valid');
-- Triggers and indices on  broadcasts
CREATE INDEX status_source_idx ON broadcasts (status, source);
CREATE INDEX status_source_index_idx ON broadcasts (status, source, tx_index);
CREATE INDEX timestamp_idx ON broadcasts (timestamp);

-- Table  btcpays
DROP TABLE IF EXISTS btcpays;
CREATE TABLE btcpays(
                      tx_index INTEGER PRIMARY KEY,
                      tx_hash TEXT UNIQUE,
                      block_index INTEGER,
                      source TEXT,
                      destination TEXT,
                      btc_amount INTEGER,
                      order_match_id TEXT,
                      status TEXT,
                      FOREIGN KEY (tx_index, tx_hash, block_index) REFERENCES transactions(tx_index, tx_hash, block_index));
INSERT INTO btcpays VALUES(5,'5d1094e6926710beba0f2977f8a2ff69db00f732006df421669c7110af837f78',310004,'2_mn6q3dS2EnDUx3bmyWc6D4szJNVGtaR7zc_mnfAHmddVibnZNSkh8DvKaQoiEfNsxjXzH_mtQheFaSfWELRB2MyMBaiWjdDm6ux9Ezns_3','2_mn6q3dS2EnDUx3bmyWc6D4szJNVGtaR7zc_mnfAHmddVibnZNSkh8DvKaQoiEfNsxjXzH_mtQheFaSfWELRB2MyMBaiWjdDm6ux9Ezns_3',50000000,'b898ed7f73ba34981adde222bf27498f66f352254817b0f4d07156a62b387e86_bc36229a30165dd3d5f927646292fa4b1b024c50ed3490ce578946020f4f29ed','valid');

-- Table  burns
DROP TABLE IF EXISTS burns;
CREATE TABLE burns(
                      tx_index INTEGER PRIMARY KEY,
                      tx_hash TEXT UNIQUE,
                      block_index INTEGER,
                      source TEXT,
                      burned INTEGER,
                      earned INTEGER,
                      status TEXT,
                      FOREIGN KEY (tx_index, tx_hash, block_index) REFERENCES transactions(tx_index, tx_hash, block_index));
INSERT INTO burns VALUES(1,'724e5f8f5ffdafe0af9a0dd91151d4db4168c7bc924f8cc63ce07b6edc9e1f6f',310000,'2_mn6q3dS2EnDUx3bmyWc6D4szJNVGtaR7zc_mnfAHmddVibnZNSkh8DvKaQoiEfNsxjXzH_mtQheFaSfWELRB2MyMBaiWjdDm6ux9Ezns_3',62000000,93000000000,'valid');
INSERT INTO burns VALUES(23,'772fe56e3315640fa7c29c6518724801dbd11c0ae3305734d5ad9787fba0580a',310022,'2_mn6q3dS2EnDUx3bmyWc6D4szJNVGtaR7zc_mnfAHmddVibnZNSkh8DvKaQoiEfNsxjXzH_mtQheFaSfWELRB2MyMBaiWjdDm6ux9Ezns_3',38000000,56999887262,'valid');

-- Table  cancels
DROP TABLE IF EXISTS cancels;
CREATE TABLE cancels(
                      tx_index INTEGER PRIMARY KEY,
                      tx_hash TEXT UNIQUE,
                      block_index INTEGER,
                      source TEXT,
                      offer_hash TEXT,
                      status TEXT,
                      FOREIGN KEY (tx_index, tx_hash, block_index) REFERENCES transactions(tx_index, tx_hash, block_index));
-- Triggers and indices on  cancels
CREATE INDEX cancels_block_index_idx ON cancels (block_index);

-- Table  contracts
DROP TABLE IF EXISTS contracts;
CREATE TABLE contracts(
                      contract_id TEXT PRIMARY KEY,
                      tx_index INTEGER UNIQUE,
                      tx_hash TEXT UNIQUE,
                      block_index INTEGER,
                      source TEXT,
                      code BLOB,
                      nonce INTEGER,
                      FOREIGN KEY (tx_index, tx_hash, block_index) REFERENCES transactions(tx_index, tx_hash, block_index));
-- Triggers and indices on  contracts
CREATE INDEX contract_id_idx ON contracts(contract_id);

-- Table  credits
DROP TABLE IF EXISTS credits;
CREATE TABLE credits(
                      block_index INTEGER,
                      address TEXT,
                      asset TEXT,
                      quantity INTEGER,
                      calling_function TEXT,
                      event TEXT,
                      FOREIGN KEY (block_index) REFERENCES blocks(block_index));
INSERT INTO credits VALUES(310000,'2_mn6q3dS2EnDUx3bmyWc6D4szJNVGtaR7zc_mnfAHmddVibnZNSkh8DvKaQoiEfNsxjXzH_mtQheFaSfWELRB2MyMBaiWjdDm6ux9Ezns_3','XCP',93000000000,'burn','724e5f8f5ffdafe0af9a0dd91151d4db4168c7bc924f8cc63ce07b6edc9e1f6f');
INSERT INTO credits VALUES(310001,'2_mn6q3dS2EnDUx3bmyWc6D4szJNVGtaR7zc_mnfAHmddVibnZNSkh8DvKaQoiEfNsxjXzH_mqPCfvqTfYctXMUfmniXeG2nyaN8w6tPmj_3','XCP',50000000,'send','57b64b187b6f1e078e087250efb9a5fbbfd0a82cd9ec0cf8d0e3527e5bde97cc');
INSERT INTO credits VALUES(310004,'2_mn6q3dS2EnDUx3bmyWc6D4szJNVGtaR7zc_mnfAHmddVibnZNSkh8DvKaQoiEfNsxjXzH_mtQheFaSfWELRB2MyMBaiWjdDm6ux9Ezns_3','XCP',100000000,'btcpay','5d1094e6926710beba0f2977f8a2ff69db00f732006df421669c7110af837f78');
INSERT INTO credits VALUES(310005,'2_mn6q3dS2EnDUx3bmyWc6D4szJNVGtaR7zc_mnfAHmddVibnZNSkh8DvKaQoiEfNsxjXzH_mtQheFaSfWELRB2MyMBaiWjdDm6ux9Ezns_3','BBBB',1000000000,'issuance','909e8134d366b0dc29e0284c4106911fa1c387abac07515329a14c290cf92226');
INSERT INTO credits VALUES(310006,'2_mn6q3dS2EnDUx3bmyWc6D4szJNVGtaR7zc_mnfAHmddVibnZNSkh8DvKaQoiEfNsxjXzH_mtQheFaSfWELRB2MyMBaiWjdDm6ux9Ezns_3','BBBC',100000,'issuance','f9d8406320e386b40ba1ca42936ca51c0ddbd4fbc97862f3b3f43c8fae80f98a');
INSERT INTO credits VALUES(310007,'2_mn6q3dS2EnDUx3bmyWc6D4szJNVGtaR7zc_mnfAHmddVibnZNSkh8DvKaQoiEfNsxjXzH_mqPCfvqTfYctXMUfmniXeG2nyaN8w6tPmj_3','BBBB',4000000,'send','0594b29cf5509ada0dfdd0ecd13cb0a03721de2d0e03cc5694d6dd57ff72e712');
INSERT INTO credits VALUES(310008,'2_mn6q3dS2EnDUx3bmyWc6D4szJNVGtaR7zc_mnfAHmddVibnZNSkh8DvKaQoiEfNsxjXzH_mqPCfvqTfYctXMUfmniXeG2nyaN8w6tPmj_3','BBBC',526,'send','366eadd909699c9a9bc129566585c0a5c7fbc8a6f0e9672a18199bf68e61ad0a');
INSERT INTO credits VALUES(310009,'2_mn6q3dS2EnDUx3bmyWc6D4szJNVGtaR7zc_mnfAHmddVibnZNSkh8DvKaQoiEfNsxjXzH_mqPCfvqTfYctXMUfmniXeG2nyaN8w6tPmj_3','XCP',24,'dividend','5e6f43d92fc0babe165d1ab0bb353702b863f4621666c08adae8860eb7a52650');
INSERT INTO credits VALUES(310010,'2_mn6q3dS2EnDUx3bmyWc6D4szJNVGtaR7zc_mnfAHmddVibnZNSkh8DvKaQoiEfNsxjXzH_mqPCfvqTfYctXMUfmniXeG2nyaN8w6tPmj_3','XCP',420800,'dividend','c4b27c35656dd09aa90682281ee17f707efd2c93ad1c2418af1d9607b26d700c');
INSERT INTO credits VALUES(310013,'2_mn6q3dS2EnDUx3bmyWc6D4szJNVGtaR7zc_mnfAHmddVibnZNSkh8DvKaQoiEfNsxjXzH_mtQheFaSfWELRB2MyMBaiWjdDm6ux9Ezns_3','XCP',4250000,'filled','9f205514c52b9a827e862a6c4d22097ae1aba5f9bdc1c65f01f08ac76e3134b5');
INSERT INTO credits VALUES(310014,'2_mn6q3dS2EnDUx3bmyWc6D4szJNVGtaR7zc_mnfAHmddVibnZNSkh8DvKaQoiEfNsxjXzH_mtQheFaSfWELRB2MyMBaiWjdDm6ux9Ezns_3','XCP',5000000,'cancel order','bc36229a30165dd3d5f927646292fa4b1b024c50ed3490ce578946020f4f29ed');
INSERT INTO credits VALUES(310014,'2_mn6q3dS2EnDUx3bmyWc6D4szJNVGtaR7zc_mnfAHmddVibnZNSkh8DvKaQoiEfNsxjXzH_mtQheFaSfWELRB2MyMBaiWjdDm6ux9Ezns_3','XCP',41500000,'recredit forward quantity','3c721f1d55d6bb3422daea418e5a00b5dbc373df6ef1bbe39a81b8ddf042e72e_9f205514c52b9a827e862a6c4d22097ae1aba5f9bdc1c65f01f08ac76e3134b5');
INSERT INTO credits VALUES(310014,'2_mn6q3dS2EnDUx3bmyWc6D4szJNVGtaR7zc_mnfAHmddVibnZNSkh8DvKaQoiEfNsxjXzH_mtQheFaSfWELRB2MyMBaiWjdDm6ux9Ezns_3','XCP',20750000,'recredit backward quantity','3c721f1d55d6bb3422daea418e5a00b5dbc373df6ef1bbe39a81b8ddf042e72e_9f205514c52b9a827e862a6c4d22097ae1aba5f9bdc1c65f01f08ac76e3134b5');
INSERT INTO credits VALUES(310015,'2_mn6q3dS2EnDUx3bmyWc6D4szJNVGtaR7zc_mnfAHmddVibnZNSkh8DvKaQoiEfNsxjXzH_mtQheFaSfWELRB2MyMBaiWjdDm6ux9Ezns_3','XCP',0,'filled','7ea4bcba4018b3b01789aa88489287e6ba8bb5ca13c75880895a8560e35531df');
INSERT INTO credits VALUES(310015,'2_mn6q3dS2EnDUx3bmyWc6D4szJNVGtaR7zc_mnfAHmddVibnZNSkh8DvKaQoiEfNsxjXzH_mtQheFaSfWELRB2MyMBaiWjdDm6ux9Ezns_3','XCP',0,'filled','7ea4bcba4018b3b01789aa88489287e6ba8bb5ca13c75880895a8560e35531df');
INSERT INTO credits VALUES(310016,'2_mn6q3dS2EnDUx3bmyWc6D4szJNVGtaR7zc_mnfAHmddVibnZNSkh8DvKaQoiEfNsxjXzH_mtQheFaSfWELRB2MyMBaiWjdDm6ux9Ezns_3','XCP',150000000,'recredit forward quantity','c3d4f3c3bcf02d2146e1ab76437001b1c406f54f603979dbe66d97ba9f59e540_7ea4bcba4018b3b01789aa88489287e6ba8bb5ca13c75880895a8560e35531df');
INSERT INTO credits VALUES(310016,'2_mn6q3dS2EnDUx3bmyWc6D4szJNVGtaR7zc_mnfAHmddVibnZNSkh8DvKaQoiEfNsxjXzH_mtQheFaSfWELRB2MyMBaiWjdDm6ux9Ezns_3','XCP',350000000,'recredit backward quantity','c3d4f3c3bcf02d2146e1ab76437001b1c406f54f603979dbe66d97ba9f59e540_7ea4bcba4018b3b01789aa88489287e6ba8bb5ca13c75880895a8560e35531df');
INSERT INTO credits VALUES(310017,'2_mn6q3dS2EnDUx3bmyWc6D4szJNVGtaR7zc_mnfAHmddVibnZNSkh8DvKaQoiEfNsxjXzH_mtQheFaSfWELRB2MyMBaiWjdDm6ux9Ezns_3','XCP',0,'filled','a0cdb36577e8b47fb08cf7c5bee2fcaac9f41eb34859b2ccca34e9ae673aa7ca');
INSERT INTO credits VALUES(310017,'2_mn6q3dS2EnDUx3bmyWc6D4szJNVGtaR7zc_mnfAHmddVibnZNSkh8DvKaQoiEfNsxjXzH_mtQheFaSfWELRB2MyMBaiWjdDm6ux9Ezns_3','XCP',0,'filled','a0cdb36577e8b47fb08cf7c5bee2fcaac9f41eb34859b2ccca34e9ae673aa7ca');
INSERT INTO credits VALUES(310018,'2_mn6q3dS2EnDUx3bmyWc6D4szJNVGtaR7zc_mnfAHmddVibnZNSkh8DvKaQoiEfNsxjXzH_mtQheFaSfWELRB2MyMBaiWjdDm6ux9Ezns_3','XCP',750000000,'recredit forward quantity','90196b0aea00ba6b2b83fc709fcd7efbb6708b4d7073b3ec4d5916e2325bf2b5_a0cdb36577e8b47fb08cf7c5bee2fcaac9f41eb34859b2ccca34e9ae673aa7ca');
INSERT INTO credits VALUES(310018,'2_mn6q3dS2EnDUx3bmyWc6D4szJNVGtaR7zc_mnfAHmddVibnZNSkh8DvKaQoiEfNsxjXzH_mtQheFaSfWELRB2MyMBaiWjdDm6ux9Ezns_3','XCP',650000000,'recredit backward quantity','90196b0aea00ba6b2b83fc709fcd7efbb6708b4d7073b3ec4d5916e2325bf2b5_a0cdb36577e8b47fb08cf7c5bee2fcaac9f41eb34859b2ccca34e9ae673aa7ca');
INSERT INTO credits VALUES(310022,'2_mn6q3dS2EnDUx3bmyWc6D4szJNVGtaR7zc_mnfAHmddVibnZNSkh8DvKaQoiEfNsxjXzH_mtQheFaSfWELRB2MyMBaiWjdDm6ux9Ezns_3','XCP',56999887262,'burn','772fe56e3315640fa7c29c6518724801dbd11c0ae3305734d5ad9787fba0580a');
INSERT INTO credits VALUES(310023,'2_mn6q3dS2EnDUx3bmyWc6D4szJNVGtaR7zc_mnfAHmddVibnZNSkh8DvKaQoiEfNsxjXzH_mtQheFaSfWELRB2MyMBaiWjdDm6ux9Ezns_3','XCP',8500000,'recredit wager remaining','3c721f1d55d6bb3422daea418e5a00b5dbc373df6ef1bbe39a81b8ddf042e72e');
INSERT INTO credits VALUES(310023,'2_mn6q3dS2EnDUx3bmyWc6D4szJNVGtaR7zc_mnfAHmddVibnZNSkh8DvKaQoiEfNsxjXzH_mqPCfvqTfYctXMUfmniXeG2nyaN8w6tPmj_3','BBBC',10000,'send','427871f2546358fef869b5201c154b33f3c18e8d8f6ab901dfc517f73cad2513');
INSERT INTO credits VALUES(310027,'2_mn6q3dS2EnDUx3bmyWc6D4szJNVGtaR7zc_mnfAHmddVibnZNSkh8DvKaQoiEfNsxjXzH_mtQheFaSfWELRB2MyMBaiWjdDm6ux9Ezns_3','XCP',22043326,'wins','03985f244743b2c4067608cf3e3540f921aa84f9a915c1cfb662fef681af8357_faf4abea3f7c5303a1c4622ce5ff80994f9523eb1cace08914eaa91a4c7a31df');
INSERT INTO credits VALUES(310032,'2_mn6q3dS2EnDUx3bmyWc6D4szJNVGtaR7zc_mnfAHmddVibnZNSkh8DvKaQoiEfNsxjXzH_mtQheFaSfWELRB2MyMBaiWjdDm6ux9Ezns_3','BBBB',50000000,'cancel order','16bf8452913c046760c008794abdd614870c4653e0f0867800407f4e2b0167d7');
INSERT INTO credits VALUES(310039,'2_mn6q3dS2EnDUx3bmyWc6D4szJNVGtaR7zc_mnfAHmddVibnZNSkh8DvKaQoiEfNsxjXzH_mtQheFaSfWELRB2MyMBaiWjdDm6ux9Ezns_3','XCP',11021663,'recredit wager','607c21b3652839a5aa0b6208d0c0cbc13c92954d604f7051e5017b7b38d9c5bb');
INSERT INTO credits VALUES(310069,'2_mn6q3dS2EnDUx3bmyWc6D4szJNVGtaR7zc_mnfAHmddVibnZNSkh8DvKaQoiEfNsxjXzH_mtQheFaSfWELRB2MyMBaiWjdDm6ux9Ezns_3','XCP',11021664,'recredit wager','429e8398bff13971315c5fc738ed798797db4541cb87606ad65e24afb62335ea_0c8835870bf2929b60aaafe5c0b7962d0476977638bd564f84e6b3ed73fb194b');
INSERT INTO credits VALUES(310069,'2_mn6q3dS2EnDUx3bmyWc6D4szJNVGtaR7zc_mnfAHmddVibnZNSkh8DvKaQoiEfNsxjXzH_mqPCfvqTfYctXMUfmniXeG2nyaN8w6tPmj_3','XCP',11021664,'recredit wager','429e8398bff13971315c5fc738ed798797db4541cb87606ad65e24afb62335ea_0c8835870bf2929b60aaafe5c0b7962d0476977638bd564f84e6b3ed73fb194b');
INSERT INTO credits VALUES(310096,'2_mn6q3dS2EnDUx3bmyWc6D4szJNVGtaR7zc_mnfAHmddVibnZNSkh8DvKaQoiEfNsxjXzH_mtQheFaSfWELRB2MyMBaiWjdDm6ux9Ezns_3','XCP',22043330,'wins','8dd0a5f27bcb77b5b3f9de3ab2bdb826d6d068e18d0d84e70d72ab24f96537be_ce5b732f98efdc6dd02355f406b521801b1cbe75739f5137217f9deed2419b85');

-- Table  debits
DROP TABLE IF EXISTS debits;
CREATE TABLE debits(
                      block_index INTEGER,
                      address TEXT,
                      asset TEXT,
                      quantity INTEGER,
                      action TEXT,
                      event TEXT,
                      FOREIGN KEY (block_index) REFERENCES blocks(block_index));
INSERT INTO debits VALUES(310001,'2_mn6q3dS2EnDUx3bmyWc6D4szJNVGtaR7zc_mnfAHmddVibnZNSkh8DvKaQoiEfNsxjXzH_mtQheFaSfWELRB2MyMBaiWjdDm6ux9Ezns_3','XCP',50000000,'send','57b64b187b6f1e078e087250efb9a5fbbfd0a82cd9ec0cf8d0e3527e5bde97cc');
INSERT INTO debits VALUES(310003,'2_mn6q3dS2EnDUx3bmyWc6D4szJNVGtaR7zc_mnfAHmddVibnZNSkh8DvKaQoiEfNsxjXzH_mtQheFaSfWELRB2MyMBaiWjdDm6ux9Ezns_3','XCP',105000000,'open order','bc36229a30165dd3d5f927646292fa4b1b024c50ed3490ce578946020f4f29ed');
INSERT INTO debits VALUES(310005,'2_mn6q3dS2EnDUx3bmyWc6D4szJNVGtaR7zc_mnfAHmddVibnZNSkh8DvKaQoiEfNsxjXzH_mtQheFaSfWELRB2MyMBaiWjdDm6ux9Ezns_3','XCP',50000000,'issuance fee','909e8134d366b0dc29e0284c4106911fa1c387abac07515329a14c290cf92226');
INSERT INTO debits VALUES(310006,'2_mn6q3dS2EnDUx3bmyWc6D4szJNVGtaR7zc_mnfAHmddVibnZNSkh8DvKaQoiEfNsxjXzH_mtQheFaSfWELRB2MyMBaiWjdDm6ux9Ezns_3','XCP',50000000,'issuance fee','f9d8406320e386b40ba1ca42936ca51c0ddbd4fbc97862f3b3f43c8fae80f98a');
INSERT INTO debits VALUES(310007,'2_mn6q3dS2EnDUx3bmyWc6D4szJNVGtaR7zc_mnfAHmddVibnZNSkh8DvKaQoiEfNsxjXzH_mtQheFaSfWELRB2MyMBaiWjdDm6ux9Ezns_3','BBBB',4000000,'send','0594b29cf5509ada0dfdd0ecd13cb0a03721de2d0e03cc5694d6dd57ff72e712');
INSERT INTO debits VALUES(310008,'2_mn6q3dS2EnDUx3bmyWc6D4szJNVGtaR7zc_mnfAHmddVibnZNSkh8DvKaQoiEfNsxjXzH_mtQheFaSfWELRB2MyMBaiWjdDm6ux9Ezns_3','BBBC',526,'send','366eadd909699c9a9bc129566585c0a5c7fbc8a6f0e9672a18199bf68e61ad0a');
INSERT INTO debits VALUES(310009,'2_mn6q3dS2EnDUx3bmyWc6D4szJNVGtaR7zc_mnfAHmddVibnZNSkh8DvKaQoiEfNsxjXzH_mtQheFaSfWELRB2MyMBaiWjdDm6ux9Ezns_3','XCP',24,'dividend','5e6f43d92fc0babe165d1ab0bb353702b863f4621666c08adae8860eb7a52650');
INSERT INTO debits VALUES(310009,'2_mn6q3dS2EnDUx3bmyWc6D4szJNVGtaR7zc_mnfAHmddVibnZNSkh8DvKaQoiEfNsxjXzH_mtQheFaSfWELRB2MyMBaiWjdDm6ux9Ezns_3','XCP',20000,'dividend fee','5e6f43d92fc0babe165d1ab0bb353702b863f4621666c08adae8860eb7a52650');
INSERT INTO debits VALUES(310010,'2_mn6q3dS2EnDUx3bmyWc6D4szJNVGtaR7zc_mnfAHmddVibnZNSkh8DvKaQoiEfNsxjXzH_mtQheFaSfWELRB2MyMBaiWjdDm6ux9Ezns_3','XCP',420800,'dividend','c4b27c35656dd09aa90682281ee17f707efd2c93ad1c2418af1d9607b26d700c');
INSERT INTO debits VALUES(310010,'2_mn6q3dS2EnDUx3bmyWc6D4szJNVGtaR7zc_mnfAHmddVibnZNSkh8DvKaQoiEfNsxjXzH_mtQheFaSfWELRB2MyMBaiWjdDm6ux9Ezns_3','XCP',20000,'dividend fee','c4b27c35656dd09aa90682281ee17f707efd2c93ad1c2418af1d9607b26d700c');
INSERT INTO debits VALUES(310012,'2_mn6q3dS2EnDUx3bmyWc6D4szJNVGtaR7zc_mnfAHmddVibnZNSkh8DvKaQoiEfNsxjXzH_mtQheFaSfWELRB2MyMBaiWjdDm6ux9Ezns_3','XCP',50000000,'bet','3c721f1d55d6bb3422daea418e5a00b5dbc373df6ef1bbe39a81b8ddf042e72e');
INSERT INTO debits VALUES(310013,'2_mn6q3dS2EnDUx3bmyWc6D4szJNVGtaR7zc_mnfAHmddVibnZNSkh8DvKaQoiEfNsxjXzH_mtQheFaSfWELRB2MyMBaiWjdDm6ux9Ezns_3','XCP',25000000,'bet','9f205514c52b9a827e862a6c4d22097ae1aba5f9bdc1c65f01f08ac76e3134b5');
INSERT INTO debits VALUES(310014,'2_mn6q3dS2EnDUx3bmyWc6D4szJNVGtaR7zc_mnfAHmddVibnZNSkh8DvKaQoiEfNsxjXzH_mtQheFaSfWELRB2MyMBaiWjdDm6ux9Ezns_3','XCP',150000000,'bet','c3d4f3c3bcf02d2146e1ab76437001b1c406f54f603979dbe66d97ba9f59e540');
INSERT INTO debits VALUES(310015,'2_mn6q3dS2EnDUx3bmyWc6D4szJNVGtaR7zc_mnfAHmddVibnZNSkh8DvKaQoiEfNsxjXzH_mtQheFaSfWELRB2MyMBaiWjdDm6ux9Ezns_3','XCP',350000000,'bet','7ea4bcba4018b3b01789aa88489287e6ba8bb5ca13c75880895a8560e35531df');
INSERT INTO debits VALUES(310016,'2_mn6q3dS2EnDUx3bmyWc6D4szJNVGtaR7zc_mnfAHmddVibnZNSkh8DvKaQoiEfNsxjXzH_mtQheFaSfWELRB2MyMBaiWjdDm6ux9Ezns_3','XCP',750000000,'bet','90196b0aea00ba6b2b83fc709fcd7efbb6708b4d7073b3ec4d5916e2325bf2b5');
INSERT INTO debits VALUES(310017,'2_mn6q3dS2EnDUx3bmyWc6D4szJNVGtaR7zc_mnfAHmddVibnZNSkh8DvKaQoiEfNsxjXzH_mtQheFaSfWELRB2MyMBaiWjdDm6ux9Ezns_3','XCP',650000000,'bet','a0cdb36577e8b47fb08cf7c5bee2fcaac9f41eb34859b2ccca34e9ae673aa7ca');
INSERT INTO debits VALUES(310021,'2_mn6q3dS2EnDUx3bmyWc6D4szJNVGtaR7zc_mnfAHmddVibnZNSkh8DvKaQoiEfNsxjXzH_mtQheFaSfWELRB2MyMBaiWjdDm6ux9Ezns_3','BBBB',50000000,'open order','16bf8452913c046760c008794abdd614870c4653e0f0867800407f4e2b0167d7');
INSERT INTO debits VALUES(310023,'2_mn6q3dS2EnDUx3bmyWc6D4szJNVGtaR7zc_mnfAHmddVibnZNSkh8DvKaQoiEfNsxjXzH_mtQheFaSfWELRB2MyMBaiWjdDm6ux9Ezns_3','BBBC',10000,'send','427871f2546358fef869b5201c154b33f3c18e8d8f6ab901dfc517f73cad2513');
INSERT INTO debits VALUES(310024,'2_mn6q3dS2EnDUx3bmyWc6D4szJNVGtaR7zc_mnfAHmddVibnZNSkh8DvKaQoiEfNsxjXzH_mtQheFaSfWELRB2MyMBaiWjdDm6ux9Ezns_3','XCP',11021663,'open RPS','03985f244743b2c4067608cf3e3540f921aa84f9a915c1cfb662fef681af8357');
INSERT INTO debits VALUES(310025,'2_mn6q3dS2EnDUx3bmyWc6D4szJNVGtaR7zc_mnfAHmddVibnZNSkh8DvKaQoiEfNsxjXzH_mqPCfvqTfYctXMUfmniXeG2nyaN8w6tPmj_3','XCP',11021663,'open RPS','faf4abea3f7c5303a1c4622ce5ff80994f9523eb1cace08914eaa91a4c7a31df');
INSERT INTO debits VALUES(310028,'2_mn6q3dS2EnDUx3bmyWc6D4szJNVGtaR7zc_mnfAHmddVibnZNSkh8DvKaQoiEfNsxjXzH_mtQheFaSfWELRB2MyMBaiWjdDm6ux9Ezns_3','XCP',11021663,'open RPS','607c21b3652839a5aa0b6208d0c0cbc13c92954d604f7051e5017b7b38d9c5bb');
INSERT INTO debits VALUES(310047,'2_mn6q3dS2EnDUx3bmyWc6D4szJNVGtaR7zc_mnfAHmddVibnZNSkh8DvKaQoiEfNsxjXzH_mtQheFaSfWELRB2MyMBaiWjdDm6ux9Ezns_3','XCP',11021664,'open RPS','429e8398bff13971315c5fc738ed798797db4541cb87606ad65e24afb62335ea');
INSERT INTO debits VALUES(310048,'2_mn6q3dS2EnDUx3bmyWc6D4szJNVGtaR7zc_mnfAHmddVibnZNSkh8DvKaQoiEfNsxjXzH_mqPCfvqTfYctXMUfmniXeG2nyaN8w6tPmj_3','XCP',11021664,'open RPS','0c8835870bf2929b60aaafe5c0b7962d0476977638bd564f84e6b3ed73fb194b');
INSERT INTO debits VALUES(310074,'2_mn6q3dS2EnDUx3bmyWc6D4szJNVGtaR7zc_mnfAHmddVibnZNSkh8DvKaQoiEfNsxjXzH_mtQheFaSfWELRB2MyMBaiWjdDm6ux9Ezns_3','XCP',11021665,'open RPS','8dd0a5f27bcb77b5b3f9de3ab2bdb826d6d068e18d0d84e70d72ab24f96537be');
INSERT INTO debits VALUES(310075,'2_mn6q3dS2EnDUx3bmyWc6D4szJNVGtaR7zc_mnfAHmddVibnZNSkh8DvKaQoiEfNsxjXzH_mqPCfvqTfYctXMUfmniXeG2nyaN8w6tPmj_3','XCP',11021665,'open RPS','ce5b732f98efdc6dd02355f406b521801b1cbe75739f5137217f9deed2419b85');
-- Triggers and indices on  debits
CREATE INDEX address_idx ON debits (address);
CREATE INDEX asset_idx ON debits (asset);

-- Table  destructions
DROP TABLE IF EXISTS destructions;
CREATE TABLE destructions(
                      tx_index INTEGER PRIMARY KEY,
                      tx_hash TEXT UNIQUE,
                      block_index INTEGER,
                      source TEXT,
                      asset INTEGER,
                      quantity INTEGER,
                      tag TEXT,
                      status TEXT,
                      FOREIGN KEY (tx_index, tx_hash, block_index) REFERENCES transactions(tx_index, tx_hash, block_index));
-- Triggers and indices on  destructions
CREATE INDEX status_idx ON destructions (status);

-- Table  dividends
DROP TABLE IF EXISTS dividends;
CREATE TABLE dividends(
                      tx_index INTEGER PRIMARY KEY,
                      tx_hash TEXT UNIQUE,
                      block_index INTEGER,
                      source TEXT,
                      asset TEXT,
                      dividend_asset TEXT,
                      quantity_per_unit INTEGER,
                      fee_paid INTEGER,
                      status TEXT,
                      FOREIGN KEY (tx_index, tx_hash, block_index) REFERENCES transactions(tx_index, tx_hash, block_index));
INSERT INTO dividends VALUES(10,'5e6f43d92fc0babe165d1ab0bb353702b863f4621666c08adae8860eb7a52650',310009,'2_mn6q3dS2EnDUx3bmyWc6D4szJNVGtaR7zc_mnfAHmddVibnZNSkh8DvKaQoiEfNsxjXzH_mtQheFaSfWELRB2MyMBaiWjdDm6ux9Ezns_3','BBBB','XCP',600,20000,'valid');
INSERT INTO dividends VALUES(11,'c4b27c35656dd09aa90682281ee17f707efd2c93ad1c2418af1d9607b26d700c',310010,'2_mn6q3dS2EnDUx3bmyWc6D4szJNVGtaR7zc_mnfAHmddVibnZNSkh8DvKaQoiEfNsxjXzH_mtQheFaSfWELRB2MyMBaiWjdDm6ux9Ezns_3','BBBC','XCP',800,20000,'valid');

-- Table  executions
DROP TABLE IF EXISTS executions;
CREATE TABLE executions(
                      tx_index INTEGER UNIQUE,
                      tx_hash TEXT UNIQUE,
                      block_index INTEGER,
                      source TEXT,
                      contract_id TEXT,
                      gas_price INTEGER,
                      gas_start INTEGER,
                      gas_cost INTEGER,
                      gas_remained INTEGER,
                      value INTEGER,
                      data BLOB,
                      output BLOB,
                      status TEXT,
                      FOREIGN KEY (tx_index, tx_hash, block_index) REFERENCES transactions(tx_index, tx_hash, block_index));

-- Table  issuances
DROP TABLE IF EXISTS issuances;
CREATE TABLE issuances(
                      tx_index INTEGER PRIMARY KEY,
                      tx_hash TEXT UNIQUE,
                      block_index INTEGER,
                      asset TEXT,
                      quantity INTEGER,
                      divisible BOOL,
                      source TEXT,
                      issuer TEXT,
                      transfer BOOL,
                      callable BOOL,
                      call_date INTEGER,
                      call_price REAL,
                      description TEXT,
                      fee_paid INTEGER,
                      locked BOOL,
                      status TEXT,
                      FOREIGN KEY (tx_index, tx_hash, block_index) REFERENCES transactions(tx_index, tx_hash, block_index));
INSERT INTO issuances VALUES(6,'909e8134d366b0dc29e0284c4106911fa1c387abac07515329a14c290cf92226',310005,'BBBB',1000000000,1,'2_mn6q3dS2EnDUx3bmyWc6D4szJNVGtaR7zc_mnfAHmddVibnZNSkh8DvKaQoiEfNsxjXzH_mtQheFaSfWELRB2MyMBaiWjdDm6ux9Ezns_3','2_mn6q3dS2EnDUx3bmyWc6D4szJNVGtaR7zc_mnfAHmddVibnZNSkh8DvKaQoiEfNsxjXzH_mtQheFaSfWELRB2MyMBaiWjdDm6ux9Ezns_3',0,0,0,0.0,'',50000000,0,'valid');
INSERT INTO issuances VALUES(7,'f9d8406320e386b40ba1ca42936ca51c0ddbd4fbc97862f3b3f43c8fae80f98a',310006,'BBBC',100000,0,'2_mn6q3dS2EnDUx3bmyWc6D4szJNVGtaR7zc_mnfAHmddVibnZNSkh8DvKaQoiEfNsxjXzH_mtQheFaSfWELRB2MyMBaiWjdDm6ux9Ezns_3','2_mn6q3dS2EnDUx3bmyWc6D4szJNVGtaR7zc_mnfAHmddVibnZNSkh8DvKaQoiEfNsxjXzH_mtQheFaSfWELRB2MyMBaiWjdDm6ux9Ezns_3',0,0,0,0.0,'foobar',50000000,0,'valid');
-- Triggers and indices on  issuances
CREATE INDEX valid_asset_idx ON issuances (asset, status);

-- Table  mempool
DROP TABLE IF EXISTS mempool;
CREATE TABLE mempool(
                      tx_hash TEXT,
                      command TEXT,
                      category TEXT,
                      bindings TEXT,
                      timestamp INTEGER);

-- Table  messages
DROP TABLE IF EXISTS messages;
CREATE TABLE messages(
                      message_index INTEGER PRIMARY KEY,
                      block_index INTEGER,
                      command TEXT,
                      category TEXT,
                      bindings TEXT,
                      timestamp INTEGER);
INSERT INTO messages VALUES(0,310000,'insert','credits','{"action": "burn", "address": "2_mn6q3dS2EnDUx3bmyWc6D4szJNVGtaR7zc_mnfAHmddVibnZNSkh8DvKaQoiEfNsxjXzH_mtQheFaSfWELRB2MyMBaiWjdDm6ux9Ezns_3", "asset": "XCP", "block_index": 310000, "event": "724e5f8f5ffdafe0af9a0dd91151d4db4168c7bc924f8cc63ce07b6edc9e1f6f", "quantity": 93000000000}',0);
INSERT INTO messages VALUES(1,310000,'insert','burns','{"block_index": 310000, "burned": 62000000, "earned": 93000000000, "source": "2_mn6q3dS2EnDUx3bmyWc6D4szJNVGtaR7zc_mnfAHmddVibnZNSkh8DvKaQoiEfNsxjXzH_mtQheFaSfWELRB2MyMBaiWjdDm6ux9Ezns_3", "status": "valid", "tx_hash": "724e5f8f5ffdafe0af9a0dd91151d4db4168c7bc924f8cc63ce07b6edc9e1f6f", "tx_index": 1}',0);
INSERT INTO messages VALUES(2,310001,'insert','debits','{"action": "send", "address": "2_mn6q3dS2EnDUx3bmyWc6D4szJNVGtaR7zc_mnfAHmddVibnZNSkh8DvKaQoiEfNsxjXzH_mtQheFaSfWELRB2MyMBaiWjdDm6ux9Ezns_3", "asset": "XCP", "block_index": 310001, "event": "57b64b187b6f1e078e087250efb9a5fbbfd0a82cd9ec0cf8d0e3527e5bde97cc", "quantity": 50000000}',0);
INSERT INTO messages VALUES(3,310001,'insert','credits','{"action": "send", "address": "2_mn6q3dS2EnDUx3bmyWc6D4szJNVGtaR7zc_mnfAHmddVibnZNSkh8DvKaQoiEfNsxjXzH_mqPCfvqTfYctXMUfmniXeG2nyaN8w6tPmj_3", "asset": "XCP", "block_index": 310001, "event": "57b64b187b6f1e078e087250efb9a5fbbfd0a82cd9ec0cf8d0e3527e5bde97cc", "quantity": 50000000}',0);
INSERT INTO messages VALUES(4,310001,'insert','sends','{"asset": "XCP", "block_index": 310001, "destination": "2_mn6q3dS2EnDUx3bmyWc6D4szJNVGtaR7zc_mnfAHmddVibnZNSkh8DvKaQoiEfNsxjXzH_mqPCfvqTfYctXMUfmniXeG2nyaN8w6tPmj_3", "quantity": 50000000, "source": "2_mn6q3dS2EnDUx3bmyWc6D4szJNVGtaR7zc_mnfAHmddVibnZNSkh8DvKaQoiEfNsxjXzH_mtQheFaSfWELRB2MyMBaiWjdDm6ux9Ezns_3", "status": "valid", "tx_hash": "57b64b187b6f1e078e087250efb9a5fbbfd0a82cd9ec0cf8d0e3527e5bde97cc", "tx_index": 2}',0);
INSERT INTO messages VALUES(5,310002,'insert','orders','{"block_index": 310002, "expiration": 10, "expire_index": 310012, "fee_provided": 1000000, "fee_provided_remaining": 1000000, "fee_required": 0, "fee_required_remaining": 0, "get_asset": "XCP", "get_quantity": 100000000, "get_remaining": 100000000, "give_asset": "BTC", "give_quantity": 50000000, "give_remaining": 50000000, "source": "2_mn6q3dS2EnDUx3bmyWc6D4szJNVGtaR7zc_mnfAHmddVibnZNSkh8DvKaQoiEfNsxjXzH_mtQheFaSfWELRB2MyMBaiWjdDm6ux9Ezns_3", "status": "open", "tx_hash": "b898ed7f73ba34981adde222bf27498f66f352254817b0f4d07156a62b387e86", "tx_index": 3}',0);
INSERT INTO messages VALUES(6,310003,'insert','debits','{"action": "open order", "address": "2_mn6q3dS2EnDUx3bmyWc6D4szJNVGtaR7zc_mnfAHmddVibnZNSkh8DvKaQoiEfNsxjXzH_mtQheFaSfWELRB2MyMBaiWjdDm6ux9Ezns_3", "asset": "XCP", "block_index": 310003, "event": "bc36229a30165dd3d5f927646292fa4b1b024c50ed3490ce578946020f4f29ed", "quantity": 105000000}',0);
INSERT INTO messages VALUES(7,310003,'insert','orders','{"block_index": 310003, "expiration": 10, "expire_index": 310013, "fee_provided": 10000, "fee_provided_remaining": 10000, "fee_required": 900000, "fee_required_remaining": 900000, "get_asset": "BTC", "get_quantity": 50000000, "get_remaining": 50000000, "give_asset": "XCP", "give_quantity": 105000000, "give_remaining": 105000000, "source": "2_mn6q3dS2EnDUx3bmyWc6D4szJNVGtaR7zc_mnfAHmddVibnZNSkh8DvKaQoiEfNsxjXzH_mtQheFaSfWELRB2MyMBaiWjdDm6ux9Ezns_3", "status": "open", "tx_hash": "bc36229a30165dd3d5f927646292fa4b1b024c50ed3490ce578946020f4f29ed", "tx_index": 4}',0);
INSERT INTO messages VALUES(8,310003,'update','orders','{"fee_provided_remaining": 142858, "fee_required_remaining": 0, "get_remaining": 0, "give_remaining": 0, "status": "open", "tx_hash": "b898ed7f73ba34981adde222bf27498f66f352254817b0f4d07156a62b387e86"}',0);
INSERT INTO messages VALUES(9,310003,'update','orders','{"fee_provided_remaining": 10000, "fee_required_remaining": 42858, "get_remaining": 0, "give_remaining": 5000000, "status": "open", "tx_hash": "bc36229a30165dd3d5f927646292fa4b1b024c50ed3490ce578946020f4f29ed"}',0);
INSERT INTO messages VALUES(10,310003,'insert','order_matches','{"backward_asset": "XCP", "backward_quantity": 100000000, "block_index": 310003, "fee_paid": 857142, "forward_asset": "BTC", "forward_quantity": 50000000, "id": "b898ed7f73ba34981adde222bf27498f66f352254817b0f4d07156a62b387e86_bc36229a30165dd3d5f927646292fa4b1b024c50ed3490ce578946020f4f29ed", "match_expire_index": 310023, "status": "pending", "tx0_address": "2_mn6q3dS2EnDUx3bmyWc6D4szJNVGtaR7zc_mnfAHmddVibnZNSkh8DvKaQoiEfNsxjXzH_mtQheFaSfWELRB2MyMBaiWjdDm6ux9Ezns_3", "tx0_block_index": 310002, "tx0_expiration": 10, "tx0_hash": "b898ed7f73ba34981adde222bf27498f66f352254817b0f4d07156a62b387e86", "tx0_index": 3, "tx1_address": "2_mn6q3dS2EnDUx3bmyWc6D4szJNVGtaR7zc_mnfAHmddVibnZNSkh8DvKaQoiEfNsxjXzH_mtQheFaSfWELRB2MyMBaiWjdDm6ux9Ezns_3", "tx1_block_index": 310003, "tx1_expiration": 10, "tx1_hash": "bc36229a30165dd3d5f927646292fa4b1b024c50ed3490ce578946020f4f29ed", "tx1_index": 4}',0);
INSERT INTO messages VALUES(11,310004,'insert','credits','{"action": "btcpay", "address": "2_mn6q3dS2EnDUx3bmyWc6D4szJNVGtaR7zc_mnfAHmddVibnZNSkh8DvKaQoiEfNsxjXzH_mtQheFaSfWELRB2MyMBaiWjdDm6ux9Ezns_3", "asset": "XCP", "block_index": 310004, "event": "5d1094e6926710beba0f2977f8a2ff69db00f732006df421669c7110af837f78", "quantity": 100000000}',0);
INSERT INTO messages VALUES(12,310004,'update','order_matches','{"order_match_id": "b898ed7f73ba34981adde222bf27498f66f352254817b0f4d07156a62b387e86_bc36229a30165dd3d5f927646292fa4b1b024c50ed3490ce578946020f4f29ed", "status": "completed"}',0);
INSERT INTO messages VALUES(13,310004,'insert','btcpays','{"block_index": 310004, "btc_amount": 50000000, "destination": "2_mn6q3dS2EnDUx3bmyWc6D4szJNVGtaR7zc_mnfAHmddVibnZNSkh8DvKaQoiEfNsxjXzH_mtQheFaSfWELRB2MyMBaiWjdDm6ux9Ezns_3", "order_match_id": "b898ed7f73ba34981adde222bf27498f66f352254817b0f4d07156a62b387e86_bc36229a30165dd3d5f927646292fa4b1b024c50ed3490ce578946020f4f29ed", "source": "2_mn6q3dS2EnDUx3bmyWc6D4szJNVGtaR7zc_mnfAHmddVibnZNSkh8DvKaQoiEfNsxjXzH_mtQheFaSfWELRB2MyMBaiWjdDm6ux9Ezns_3", "status": "valid", "tx_hash": "5d1094e6926710beba0f2977f8a2ff69db00f732006df421669c7110af837f78", "tx_index": 5}',0);
INSERT INTO messages VALUES(14,310005,'insert','debits','{"action": "issuance fee", "address": "2_mn6q3dS2EnDUx3bmyWc6D4szJNVGtaR7zc_mnfAHmddVibnZNSkh8DvKaQoiEfNsxjXzH_mtQheFaSfWELRB2MyMBaiWjdDm6ux9Ezns_3", "asset": "XCP", "block_index": 310005, "event": "909e8134d366b0dc29e0284c4106911fa1c387abac07515329a14c290cf92226", "quantity": 50000000}',0);
INSERT INTO messages VALUES(15,310005,'insert','issuances','{"asset": "BBBB", "block_index": 310005, "call_date": 0, "call_price": 0.0, "callable": false, "description": "", "divisible": true, "fee_paid": 50000000, "issuer": "2_mn6q3dS2EnDUx3bmyWc6D4szJNVGtaR7zc_mnfAHmddVibnZNSkh8DvKaQoiEfNsxjXzH_mtQheFaSfWELRB2MyMBaiWjdDm6ux9Ezns_3", "locked": false, "quantity": 1000000000, "source": "2_mn6q3dS2EnDUx3bmyWc6D4szJNVGtaR7zc_mnfAHmddVibnZNSkh8DvKaQoiEfNsxjXzH_mtQheFaSfWELRB2MyMBaiWjdDm6ux9Ezns_3", "status": "valid", "transfer": false, "tx_hash": "909e8134d366b0dc29e0284c4106911fa1c387abac07515329a14c290cf92226", "tx_index": 6}',0);
INSERT INTO messages VALUES(16,310005,'insert','credits','{"action": "issuance", "address": "2_mn6q3dS2EnDUx3bmyWc6D4szJNVGtaR7zc_mnfAHmddVibnZNSkh8DvKaQoiEfNsxjXzH_mtQheFaSfWELRB2MyMBaiWjdDm6ux9Ezns_3", "asset": "BBBB", "block_index": 310005, "event": "909e8134d366b0dc29e0284c4106911fa1c387abac07515329a14c290cf92226", "quantity": 1000000000}',0);
INSERT INTO messages VALUES(17,310006,'insert','debits','{"action": "issuance fee", "address": "2_mn6q3dS2EnDUx3bmyWc6D4szJNVGtaR7zc_mnfAHmddVibnZNSkh8DvKaQoiEfNsxjXzH_mtQheFaSfWELRB2MyMBaiWjdDm6ux9Ezns_3", "asset": "XCP", "block_index": 310006, "event": "f9d8406320e386b40ba1ca42936ca51c0ddbd4fbc97862f3b3f43c8fae80f98a", "quantity": 50000000}',0);
INSERT INTO messages VALUES(18,310006,'insert','issuances','{"asset": "BBBC", "block_index": 310006, "call_date": 0, "call_price": 0.0, "callable": false, "description": "foobar", "divisible": false, "fee_paid": 50000000, "issuer": "2_mn6q3dS2EnDUx3bmyWc6D4szJNVGtaR7zc_mnfAHmddVibnZNSkh8DvKaQoiEfNsxjXzH_mtQheFaSfWELRB2MyMBaiWjdDm6ux9Ezns_3", "locked": false, "quantity": 100000, "source": "2_mn6q3dS2EnDUx3bmyWc6D4szJNVGtaR7zc_mnfAHmddVibnZNSkh8DvKaQoiEfNsxjXzH_mtQheFaSfWELRB2MyMBaiWjdDm6ux9Ezns_3", "status": "valid", "transfer": false, "tx_hash": "f9d8406320e386b40ba1ca42936ca51c0ddbd4fbc97862f3b3f43c8fae80f98a", "tx_index": 7}',0);
INSERT INTO messages VALUES(19,310006,'insert','credits','{"action": "issuance", "address": "2_mn6q3dS2EnDUx3bmyWc6D4szJNVGtaR7zc_mnfAHmddVibnZNSkh8DvKaQoiEfNsxjXzH_mtQheFaSfWELRB2MyMBaiWjdDm6ux9Ezns_3", "asset": "BBBC", "block_index": 310006, "event": "f9d8406320e386b40ba1ca42936ca51c0ddbd4fbc97862f3b3f43c8fae80f98a", "quantity": 100000}',0);
INSERT INTO messages VALUES(20,310007,'insert','debits','{"action": "send", "address": "2_mn6q3dS2EnDUx3bmyWc6D4szJNVGtaR7zc_mnfAHmddVibnZNSkh8DvKaQoiEfNsxjXzH_mtQheFaSfWELRB2MyMBaiWjdDm6ux9Ezns_3", "asset": "BBBB", "block_index": 310007, "event": "0594b29cf5509ada0dfdd0ecd13cb0a03721de2d0e03cc5694d6dd57ff72e712", "quantity": 4000000}',0);
INSERT INTO messages VALUES(21,310007,'insert','credits','{"action": "send", "address": "2_mn6q3dS2EnDUx3bmyWc6D4szJNVGtaR7zc_mnfAHmddVibnZNSkh8DvKaQoiEfNsxjXzH_mqPCfvqTfYctXMUfmniXeG2nyaN8w6tPmj_3", "asset": "BBBB", "block_index": 310007, "event": "0594b29cf5509ada0dfdd0ecd13cb0a03721de2d0e03cc5694d6dd57ff72e712", "quantity": 4000000}',0);
INSERT INTO messages VALUES(22,310007,'insert','sends','{"asset": "BBBB", "block_index": 310007, "destination": "2_mn6q3dS2EnDUx3bmyWc6D4szJNVGtaR7zc_mnfAHmddVibnZNSkh8DvKaQoiEfNsxjXzH_mqPCfvqTfYctXMUfmniXeG2nyaN8w6tPmj_3", "quantity": 4000000, "source": "2_mn6q3dS2EnDUx3bmyWc6D4szJNVGtaR7zc_mnfAHmddVibnZNSkh8DvKaQoiEfNsxjXzH_mtQheFaSfWELRB2MyMBaiWjdDm6ux9Ezns_3", "status": "valid", "tx_hash": "0594b29cf5509ada0dfdd0ecd13cb0a03721de2d0e03cc5694d6dd57ff72e712", "tx_index": 8}',0);
INSERT INTO messages VALUES(23,310008,'insert','debits','{"action": "send", "address": "2_mn6q3dS2EnDUx3bmyWc6D4szJNVGtaR7zc_mnfAHmddVibnZNSkh8DvKaQoiEfNsxjXzH_mtQheFaSfWELRB2MyMBaiWjdDm6ux9Ezns_3", "asset": "BBBC", "block_index": 310008, "event": "366eadd909699c9a9bc129566585c0a5c7fbc8a6f0e9672a18199bf68e61ad0a", "quantity": 526}',0);
INSERT INTO messages VALUES(24,310008,'insert','credits','{"action": "send", "address": "2_mn6q3dS2EnDUx3bmyWc6D4szJNVGtaR7zc_mnfAHmddVibnZNSkh8DvKaQoiEfNsxjXzH_mqPCfvqTfYctXMUfmniXeG2nyaN8w6tPmj_3", "asset": "BBBC", "block_index": 310008, "event": "366eadd909699c9a9bc129566585c0a5c7fbc8a6f0e9672a18199bf68e61ad0a", "quantity": 526}',0);
INSERT INTO messages VALUES(25,310008,'insert','sends','{"asset": "BBBC", "block_index": 310008, "destination": "2_mn6q3dS2EnDUx3bmyWc6D4szJNVGtaR7zc_mnfAHmddVibnZNSkh8DvKaQoiEfNsxjXzH_mqPCfvqTfYctXMUfmniXeG2nyaN8w6tPmj_3", "quantity": 526, "source": "2_mn6q3dS2EnDUx3bmyWc6D4szJNVGtaR7zc_mnfAHmddVibnZNSkh8DvKaQoiEfNsxjXzH_mtQheFaSfWELRB2MyMBaiWjdDm6ux9Ezns_3", "status": "valid", "tx_hash": "366eadd909699c9a9bc129566585c0a5c7fbc8a6f0e9672a18199bf68e61ad0a", "tx_index": 9}',0);
INSERT INTO messages VALUES(26,310009,'insert','debits','{"action": "dividend", "address": "2_mn6q3dS2EnDUx3bmyWc6D4szJNVGtaR7zc_mnfAHmddVibnZNSkh8DvKaQoiEfNsxjXzH_mtQheFaSfWELRB2MyMBaiWjdDm6ux9Ezns_3", "asset": "XCP", "block_index": 310009, "event": "5e6f43d92fc0babe165d1ab0bb353702b863f4621666c08adae8860eb7a52650", "quantity": 24}',0);
INSERT INTO messages VALUES(27,310009,'insert','debits','{"action": "dividend fee", "address": "2_mn6q3dS2EnDUx3bmyWc6D4szJNVGtaR7zc_mnfAHmddVibnZNSkh8DvKaQoiEfNsxjXzH_mtQheFaSfWELRB2MyMBaiWjdDm6ux9Ezns_3", "asset": "XCP", "block_index": 310009, "event": "5e6f43d92fc0babe165d1ab0bb353702b863f4621666c08adae8860eb7a52650", "quantity": 20000}',0);
INSERT INTO messages VALUES(28,310009,'insert','credits','{"action": "dividend", "address": "2_mn6q3dS2EnDUx3bmyWc6D4szJNVGtaR7zc_mnfAHmddVibnZNSkh8DvKaQoiEfNsxjXzH_mqPCfvqTfYctXMUfmniXeG2nyaN8w6tPmj_3", "asset": "XCP", "block_index": 310009, "event": "5e6f43d92fc0babe165d1ab0bb353702b863f4621666c08adae8860eb7a52650", "quantity": 24}',0);
INSERT INTO messages VALUES(29,310009,'insert','dividends','{"asset": "BBBB", "block_index": 310009, "dividend_asset": "XCP", "fee_paid": 20000, "quantity_per_unit": 600, "source": "2_mn6q3dS2EnDUx3bmyWc6D4szJNVGtaR7zc_mnfAHmddVibnZNSkh8DvKaQoiEfNsxjXzH_mtQheFaSfWELRB2MyMBaiWjdDm6ux9Ezns_3", "status": "valid", "tx_hash": "5e6f43d92fc0babe165d1ab0bb353702b863f4621666c08adae8860eb7a52650", "tx_index": 10}',0);
INSERT INTO messages VALUES(30,310010,'insert','debits','{"action": "dividend", "address": "2_mn6q3dS2EnDUx3bmyWc6D4szJNVGtaR7zc_mnfAHmddVibnZNSkh8DvKaQoiEfNsxjXzH_mtQheFaSfWELRB2MyMBaiWjdDm6ux9Ezns_3", "asset": "XCP", "block_index": 310010, "event": "c4b27c35656dd09aa90682281ee17f707efd2c93ad1c2418af1d9607b26d700c", "quantity": 420800}',0);
INSERT INTO messages VALUES(31,310010,'insert','debits','{"action": "dividend fee", "address": "2_mn6q3dS2EnDUx3bmyWc6D4szJNVGtaR7zc_mnfAHmddVibnZNSkh8DvKaQoiEfNsxjXzH_mtQheFaSfWELRB2MyMBaiWjdDm6ux9Ezns_3", "asset": "XCP", "block_index": 310010, "event": "c4b27c35656dd09aa90682281ee17f707efd2c93ad1c2418af1d9607b26d700c", "quantity": 20000}',0);
INSERT INTO messages VALUES(32,310010,'insert','credits','{"action": "dividend", "address": "2_mn6q3dS2EnDUx3bmyWc6D4szJNVGtaR7zc_mnfAHmddVibnZNSkh8DvKaQoiEfNsxjXzH_mqPCfvqTfYctXMUfmniXeG2nyaN8w6tPmj_3", "asset": "XCP", "block_index": 310010, "event": "c4b27c35656dd09aa90682281ee17f707efd2c93ad1c2418af1d9607b26d700c", "quantity": 420800}',0);
INSERT INTO messages VALUES(33,310010,'insert','dividends','{"asset": "BBBC", "block_index": 310010, "dividend_asset": "XCP", "fee_paid": 20000, "quantity_per_unit": 800, "source": "2_mn6q3dS2EnDUx3bmyWc6D4szJNVGtaR7zc_mnfAHmddVibnZNSkh8DvKaQoiEfNsxjXzH_mtQheFaSfWELRB2MyMBaiWjdDm6ux9Ezns_3", "status": "valid", "tx_hash": "c4b27c35656dd09aa90682281ee17f707efd2c93ad1c2418af1d9607b26d700c", "tx_index": 11}',0);
INSERT INTO messages VALUES(34,310011,'insert','broadcasts','{"block_index": 310011, "fee_fraction_int": 5000000, "locked": false, "source": "2_mn6q3dS2EnDUx3bmyWc6D4szJNVGtaR7zc_mnfAHmddVibnZNSkh8DvKaQoiEfNsxjXzH_mtQheFaSfWELRB2MyMBaiWjdDm6ux9Ezns_3", "status": "valid", "text": "Unit Test", "timestamp": 1388000000, "tx_hash": "9f5ff54a56b5e62f2b627f2dabc6f986c4db2a660c7ac8f0cf02683de22de6ee", "tx_index": 12, "value": 100.0}',0);
INSERT INTO messages VALUES(35,310012,'insert','debits','{"action": "bet", "address": "2_mn6q3dS2EnDUx3bmyWc6D4szJNVGtaR7zc_mnfAHmddVibnZNSkh8DvKaQoiEfNsxjXzH_mtQheFaSfWELRB2MyMBaiWjdDm6ux9Ezns_3", "asset": "XCP", "block_index": 310012, "event": "3c721f1d55d6bb3422daea418e5a00b5dbc373df6ef1bbe39a81b8ddf042e72e", "quantity": 50000000}',0);
INSERT INTO messages VALUES(36,310012,'insert','bets','{"bet_type": 0, "block_index": 310012, "counterwager_quantity": 25000000, "counterwager_remaining": 25000000, "deadline": 1388000100, "expiration": 10, "expire_index": 310022, "fee_fraction_int": 5000000.0, "feed_address": "2_mn6q3dS2EnDUx3bmyWc6D4szJNVGtaR7zc_mnfAHmddVibnZNSkh8DvKaQoiEfNsxjXzH_mtQheFaSfWELRB2MyMBaiWjdDm6ux9Ezns_3", "leverage": 15120, "source": "2_mn6q3dS2EnDUx3bmyWc6D4szJNVGtaR7zc_mnfAHmddVibnZNSkh8DvKaQoiEfNsxjXzH_mtQheFaSfWELRB2MyMBaiWjdDm6ux9Ezns_3", "status": "open", "target_value": 0.0, "tx_hash": "3c721f1d55d6bb3422daea418e5a00b5dbc373df6ef1bbe39a81b8ddf042e72e", "tx_index": 13, "wager_quantity": 50000000, "wager_remaining": 50000000}',0);
INSERT INTO messages VALUES(37,310013,'update','orders','{"status": "expired", "tx_hash": "b898ed7f73ba34981adde222bf27498f66f352254817b0f4d07156a62b387e86"}',0);
INSERT INTO messages VALUES(38,310013,'insert','order_expirations','{"block_index": 310013, "order_hash": "b898ed7f73ba34981adde222bf27498f66f352254817b0f4d07156a62b387e86", "order_index": 3, "source": "2_mn6q3dS2EnDUx3bmyWc6D4szJNVGtaR7zc_mnfAHmddVibnZNSkh8DvKaQoiEfNsxjXzH_mtQheFaSfWELRB2MyMBaiWjdDm6ux9Ezns_3"}',0);
INSERT INTO messages VALUES(39,310013,'insert','debits','{"action": "bet", "address": "2_mn6q3dS2EnDUx3bmyWc6D4szJNVGtaR7zc_mnfAHmddVibnZNSkh8DvKaQoiEfNsxjXzH_mtQheFaSfWELRB2MyMBaiWjdDm6ux9Ezns_3", "asset": "XCP", "block_index": 310013, "event": "9f205514c52b9a827e862a6c4d22097ae1aba5f9bdc1c65f01f08ac76e3134b5", "quantity": 25000000}',0);
INSERT INTO messages VALUES(40,310013,'insert','bets','{"bet_type": 1, "block_index": 310013, "counterwager_quantity": 41500000, "counterwager_remaining": 41500000, "deadline": 1388000100, "expiration": 10, "expire_index": 310023, "fee_fraction_int": 5000000.0, "feed_address": "2_mn6q3dS2EnDUx3bmyWc6D4szJNVGtaR7zc_mnfAHmddVibnZNSkh8DvKaQoiEfNsxjXzH_mtQheFaSfWELRB2MyMBaiWjdDm6ux9Ezns_3", "leverage": 15120, "source": "2_mn6q3dS2EnDUx3bmyWc6D4szJNVGtaR7zc_mnfAHmddVibnZNSkh8DvKaQoiEfNsxjXzH_mtQheFaSfWELRB2MyMBaiWjdDm6ux9Ezns_3", "status": "open", "target_value": 0.0, "tx_hash": "9f205514c52b9a827e862a6c4d22097ae1aba5f9bdc1c65f01f08ac76e3134b5", "tx_index": 14, "wager_quantity": 25000000, "wager_remaining": 25000000}',0);
INSERT INTO messages VALUES(41,310013,'update','bets','{"counterwager_remaining": 4250000, "status": "open", "tx_hash": "3c721f1d55d6bb3422daea418e5a00b5dbc373df6ef1bbe39a81b8ddf042e72e", "wager_remaining": 8500000}',0);
INSERT INTO messages VALUES(42,310013,'insert','credits','{"action": "filled", "address": "2_mn6q3dS2EnDUx3bmyWc6D4szJNVGtaR7zc_mnfAHmddVibnZNSkh8DvKaQoiEfNsxjXzH_mtQheFaSfWELRB2MyMBaiWjdDm6ux9Ezns_3", "asset": "XCP", "block_index": 310013, "event": "9f205514c52b9a827e862a6c4d22097ae1aba5f9bdc1c65f01f08ac76e3134b5", "quantity": 4250000}',0);
INSERT INTO messages VALUES(43,310013,'update','bets','{"counterwager_remaining": 0, "status": "filled", "tx_hash": "9f205514c52b9a827e862a6c4d22097ae1aba5f9bdc1c65f01f08ac76e3134b5", "wager_remaining": 4250000}',0);
INSERT INTO messages VALUES(44,310013,'insert','bet_matches','{"backward_quantity": 20750000, "block_index": 310013, "deadline": 1388000100, "fee_fraction_int": 5000000, "feed_address": "2_mn6q3dS2EnDUx3bmyWc6D4szJNVGtaR7zc_mnfAHmddVibnZNSkh8DvKaQoiEfNsxjXzH_mtQheFaSfWELRB2MyMBaiWjdDm6ux9Ezns_3", "forward_quantity": 41500000, "id": "3c721f1d55d6bb3422daea418e5a00b5dbc373df6ef1bbe39a81b8ddf042e72e_9f205514c52b9a827e862a6c4d22097ae1aba5f9bdc1c65f01f08ac76e3134b5", "initial_value": 100.0, "leverage": 15120, "match_expire_index": 310022, "status": "pending", "target_value": 0.0, "tx0_address": "2_mn6q3dS2EnDUx3bmyWc6D4szJNVGtaR7zc_mnfAHmddVibnZNSkh8DvKaQoiEfNsxjXzH_mtQheFaSfWELRB2MyMBaiWjdDm6ux9Ezns_3", "tx0_bet_type": 0, "tx0_block_index": 310012, "tx0_expiration": 10, "tx0_hash": "3c721f1d55d6bb3422daea418e5a00b5dbc373df6ef1bbe39a81b8ddf042e72e", "tx0_index": 13, "tx1_address": "2_mn6q3dS2EnDUx3bmyWc6D4szJNVGtaR7zc_mnfAHmddVibnZNSkh8DvKaQoiEfNsxjXzH_mtQheFaSfWELRB2MyMBaiWjdDm6ux9Ezns_3", "tx1_bet_type": 1, "tx1_block_index": 310013, "tx1_expiration": 10, "tx1_hash": "9f205514c52b9a827e862a6c4d22097ae1aba5f9bdc1c65f01f08ac76e3134b5", "tx1_index": 14}',0);
INSERT INTO messages VALUES(45,310014,'update','orders','{"status": "expired", "tx_hash": "bc36229a30165dd3d5f927646292fa4b1b024c50ed3490ce578946020f4f29ed"}',0);
INSERT INTO messages VALUES(46,310014,'insert','credits','{"action": "cancel order", "address": "2_mn6q3dS2EnDUx3bmyWc6D4szJNVGtaR7zc_mnfAHmddVibnZNSkh8DvKaQoiEfNsxjXzH_mtQheFaSfWELRB2MyMBaiWjdDm6ux9Ezns_3", "asset": "XCP", "block_index": 310014, "event": "bc36229a30165dd3d5f927646292fa4b1b024c50ed3490ce578946020f4f29ed", "quantity": 5000000}',0);
INSERT INTO messages VALUES(47,310014,'insert','order_expirations','{"block_index": 310014, "order_hash": "bc36229a30165dd3d5f927646292fa4b1b024c50ed3490ce578946020f4f29ed", "order_index": 4, "source": "2_mn6q3dS2EnDUx3bmyWc6D4szJNVGtaR7zc_mnfAHmddVibnZNSkh8DvKaQoiEfNsxjXzH_mtQheFaSfWELRB2MyMBaiWjdDm6ux9Ezns_3"}',0);
INSERT INTO messages VALUES(48,310014,'insert','credits','{"action": "recredit forward quantity", "address": "2_mn6q3dS2EnDUx3bmyWc6D4szJNVGtaR7zc_mnfAHmddVibnZNSkh8DvKaQoiEfNsxjXzH_mtQheFaSfWELRB2MyMBaiWjdDm6ux9Ezns_3", "asset": "XCP", "block_index": 310014, "event": "3c721f1d55d6bb3422daea418e5a00b5dbc373df6ef1bbe39a81b8ddf042e72e_9f205514c52b9a827e862a6c4d22097ae1aba5f9bdc1c65f01f08ac76e3134b5", "quantity": 41500000}',0);
INSERT INTO messages VALUES(49,310014,'insert','credits','{"action": "recredit backward quantity", "address": "2_mn6q3dS2EnDUx3bmyWc6D4szJNVGtaR7zc_mnfAHmddVibnZNSkh8DvKaQoiEfNsxjXzH_mtQheFaSfWELRB2MyMBaiWjdDm6ux9Ezns_3", "asset": "XCP", "block_index": 310014, "event": "3c721f1d55d6bb3422daea418e5a00b5dbc373df6ef1bbe39a81b8ddf042e72e_9f205514c52b9a827e862a6c4d22097ae1aba5f9bdc1c65f01f08ac76e3134b5", "quantity": 20750000}',0);
INSERT INTO messages VALUES(50,310014,'update','bet_matches','{"bet_match_id": "3c721f1d55d6bb3422daea418e5a00b5dbc373df6ef1bbe39a81b8ddf042e72e_9f205514c52b9a827e862a6c4d22097ae1aba5f9bdc1c65f01f08ac76e3134b5", "status": "expired"}',0);
INSERT INTO messages VALUES(51,310014,'insert','bet_match_expirations','{"bet_match_id": "3c721f1d55d6bb3422daea418e5a00b5dbc373df6ef1bbe39a81b8ddf042e72e_9f205514c52b9a827e862a6c4d22097ae1aba5f9bdc1c65f01f08ac76e3134b5", "block_index": 310014, "tx0_address": "2_mn6q3dS2EnDUx3bmyWc6D4szJNVGtaR7zc_mnfAHmddVibnZNSkh8DvKaQoiEfNsxjXzH_mtQheFaSfWELRB2MyMBaiWjdDm6ux9Ezns_3", "tx1_address": "2_mn6q3dS2EnDUx3bmyWc6D4szJNVGtaR7zc_mnfAHmddVibnZNSkh8DvKaQoiEfNsxjXzH_mtQheFaSfWELRB2MyMBaiWjdDm6ux9Ezns_3"}',0);
INSERT INTO messages VALUES(52,310014,'insert','debits','{"action": "bet", "address": "2_mn6q3dS2EnDUx3bmyWc6D4szJNVGtaR7zc_mnfAHmddVibnZNSkh8DvKaQoiEfNsxjXzH_mtQheFaSfWELRB2MyMBaiWjdDm6ux9Ezns_3", "asset": "XCP", "block_index": 310014, "event": "c3d4f3c3bcf02d2146e1ab76437001b1c406f54f603979dbe66d97ba9f59e540", "quantity": 150000000}',0);
INSERT INTO messages VALUES(53,310014,'insert','bets','{"bet_type": 0, "block_index": 310014, "counterwager_quantity": 350000000, "counterwager_remaining": 350000000, "deadline": 1388000100, "expiration": 10, "expire_index": 310024, "fee_fraction_int": 5000000.0, "feed_address": "2_mn6q3dS2EnDUx3bmyWc6D4szJNVGtaR7zc_mnfAHmddVibnZNSkh8DvKaQoiEfNsxjXzH_mtQheFaSfWELRB2MyMBaiWjdDm6ux9Ezns_3", "leverage": 5040, "source": "2_mn6q3dS2EnDUx3bmyWc6D4szJNVGtaR7zc_mnfAHmddVibnZNSkh8DvKaQoiEfNsxjXzH_mtQheFaSfWELRB2MyMBaiWjdDm6ux9Ezns_3", "status": "open", "target_value": 0.0, "tx_hash": "c3d4f3c3bcf02d2146e1ab76437001b1c406f54f603979dbe66d97ba9f59e540", "tx_index": 15, "wager_quantity": 150000000, "wager_remaining": 150000000}',0);
INSERT INTO messages VALUES(54,310015,'insert','debits','{"action": "bet", "address": "2_mn6q3dS2EnDUx3bmyWc6D4szJNVGtaR7zc_mnfAHmddVibnZNSkh8DvKaQoiEfNsxjXzH_mtQheFaSfWELRB2MyMBaiWjdDm6ux9Ezns_3", "asset": "XCP", "block_index": 310015, "event": "7ea4bcba4018b3b01789aa88489287e6ba8bb5ca13c75880895a8560e35531df", "quantity": 350000000}',0);
INSERT INTO messages VALUES(55,310015,'insert','bets','{"bet_type": 1, "block_index": 310015, "counterwager_quantity": 150000000, "counterwager_remaining": 150000000, "deadline": 1388000100, "expiration": 10, "expire_index": 310025, "fee_fraction_int": 5000000.0, "feed_address": "2_mn6q3dS2EnDUx3bmyWc6D4szJNVGtaR7zc_mnfAHmddVibnZNSkh8DvKaQoiEfNsxjXzH_mtQheFaSfWELRB2MyMBaiWjdDm6ux9Ezns_3", "leverage": 5040, "source": "2_mn6q3dS2EnDUx3bmyWc6D4szJNVGtaR7zc_mnfAHmddVibnZNSkh8DvKaQoiEfNsxjXzH_mtQheFaSfWELRB2MyMBaiWjdDm6ux9Ezns_3", "status": "open", "target_value": 0.0, "tx_hash": "7ea4bcba4018b3b01789aa88489287e6ba8bb5ca13c75880895a8560e35531df", "tx_index": 16, "wager_quantity": 350000000, "wager_remaining": 350000000}',0);
INSERT INTO messages VALUES(56,310015,'insert','credits','{"action": "filled", "address": "2_mn6q3dS2EnDUx3bmyWc6D4szJNVGtaR7zc_mnfAHmddVibnZNSkh8DvKaQoiEfNsxjXzH_mtQheFaSfWELRB2MyMBaiWjdDm6ux9Ezns_3", "asset": "XCP", "block_index": 310015, "event": "7ea4bcba4018b3b01789aa88489287e6ba8bb5ca13c75880895a8560e35531df", "quantity": 0}',0);
INSERT INTO messages VALUES(57,310015,'update','bets','{"counterwager_remaining": 0, "status": "filled", "tx_hash": "c3d4f3c3bcf02d2146e1ab76437001b1c406f54f603979dbe66d97ba9f59e540", "wager_remaining": 0}',0);
INSERT INTO messages VALUES(58,310015,'insert','credits','{"action": "filled", "address": "2_mn6q3dS2EnDUx3bmyWc6D4szJNVGtaR7zc_mnfAHmddVibnZNSkh8DvKaQoiEfNsxjXzH_mtQheFaSfWELRB2MyMBaiWjdDm6ux9Ezns_3", "asset": "XCP", "block_index": 310015, "event": "7ea4bcba4018b3b01789aa88489287e6ba8bb5ca13c75880895a8560e35531df", "quantity": 0}',0);
INSERT INTO messages VALUES(59,310015,'update','bets','{"counterwager_remaining": 0, "status": "filled", "tx_hash": "7ea4bcba4018b3b01789aa88489287e6ba8bb5ca13c75880895a8560e35531df", "wager_remaining": 0}',0);
INSERT INTO messages VALUES(60,310015,'insert','bet_matches','{"backward_quantity": 350000000, "block_index": 310015, "deadline": 1388000100, "fee_fraction_int": 5000000, "feed_address": "2_mn6q3dS2EnDUx3bmyWc6D4szJNVGtaR7zc_mnfAHmddVibnZNSkh8DvKaQoiEfNsxjXzH_mtQheFaSfWELRB2MyMBaiWjdDm6ux9Ezns_3", "forward_quantity": 150000000, "id": "c3d4f3c3bcf02d2146e1ab76437001b1c406f54f603979dbe66d97ba9f59e540_7ea4bcba4018b3b01789aa88489287e6ba8bb5ca13c75880895a8560e35531df", "initial_value": 100.0, "leverage": 5040, "match_expire_index": 310024, "status": "pending", "target_value": 0.0, "tx0_address": "2_mn6q3dS2EnDUx3bmyWc6D4szJNVGtaR7zc_mnfAHmddVibnZNSkh8DvKaQoiEfNsxjXzH_mtQheFaSfWELRB2MyMBaiWjdDm6ux9Ezns_3", "tx0_bet_type": 0, "tx0_block_index": 310014, "tx0_expiration": 10, "tx0_hash": "c3d4f3c3bcf02d2146e1ab76437001b1c406f54f603979dbe66d97ba9f59e540", "tx0_index": 15, "tx1_address": "2_mn6q3dS2EnDUx3bmyWc6D4szJNVGtaR7zc_mnfAHmddVibnZNSkh8DvKaQoiEfNsxjXzH_mtQheFaSfWELRB2MyMBaiWjdDm6ux9Ezns_3", "tx1_bet_type": 1, "tx1_block_index": 310015, "tx1_expiration": 10, "tx1_hash": "7ea4bcba4018b3b01789aa88489287e6ba8bb5ca13c75880895a8560e35531df", "tx1_index": 16}',0);
INSERT INTO messages VALUES(61,310016,'insert','credits','{"action": "recredit forward quantity", "address": "2_mn6q3dS2EnDUx3bmyWc6D4szJNVGtaR7zc_mnfAHmddVibnZNSkh8DvKaQoiEfNsxjXzH_mtQheFaSfWELRB2MyMBaiWjdDm6ux9Ezns_3", "asset": "XCP", "block_index": 310016, "event": "c3d4f3c3bcf02d2146e1ab76437001b1c406f54f603979dbe66d97ba9f59e540_7ea4bcba4018b3b01789aa88489287e6ba8bb5ca13c75880895a8560e35531df", "quantity": 150000000}',0);
INSERT INTO messages VALUES(62,310016,'insert','credits','{"action": "recredit backward quantity", "address": "2_mn6q3dS2EnDUx3bmyWc6D4szJNVGtaR7zc_mnfAHmddVibnZNSkh8DvKaQoiEfNsxjXzH_mtQheFaSfWELRB2MyMBaiWjdDm6ux9Ezns_3", "asset": "XCP", "block_index": 310016, "event": "c3d4f3c3bcf02d2146e1ab76437001b1c406f54f603979dbe66d97ba9f59e540_7ea4bcba4018b3b01789aa88489287e6ba8bb5ca13c75880895a8560e35531df", "quantity": 350000000}',0);
INSERT INTO messages VALUES(63,310016,'update','bet_matches','{"bet_match_id": "c3d4f3c3bcf02d2146e1ab76437001b1c406f54f603979dbe66d97ba9f59e540_7ea4bcba4018b3b01789aa88489287e6ba8bb5ca13c75880895a8560e35531df", "status": "expired"}',0);
INSERT INTO messages VALUES(64,310016,'insert','bet_match_expirations','{"bet_match_id": "c3d4f3c3bcf02d2146e1ab76437001b1c406f54f603979dbe66d97ba9f59e540_7ea4bcba4018b3b01789aa88489287e6ba8bb5ca13c75880895a8560e35531df", "block_index": 310016, "tx0_address": "2_mn6q3dS2EnDUx3bmyWc6D4szJNVGtaR7zc_mnfAHmddVibnZNSkh8DvKaQoiEfNsxjXzH_mtQheFaSfWELRB2MyMBaiWjdDm6ux9Ezns_3", "tx1_address": "2_mn6q3dS2EnDUx3bmyWc6D4szJNVGtaR7zc_mnfAHmddVibnZNSkh8DvKaQoiEfNsxjXzH_mtQheFaSfWELRB2MyMBaiWjdDm6ux9Ezns_3"}',0);
INSERT INTO messages VALUES(65,310016,'insert','debits','{"action": "bet", "address": "2_mn6q3dS2EnDUx3bmyWc6D4szJNVGtaR7zc_mnfAHmddVibnZNSkh8DvKaQoiEfNsxjXzH_mtQheFaSfWELRB2MyMBaiWjdDm6ux9Ezns_3", "asset": "XCP", "block_index": 310016, "event": "90196b0aea00ba6b2b83fc709fcd7efbb6708b4d7073b3ec4d5916e2325bf2b5", "quantity": 750000000}',0);
INSERT INTO messages VALUES(66,310016,'insert','bets','{"bet_type": 2, "block_index": 310016, "counterwager_quantity": 650000000, "counterwager_remaining": 650000000, "deadline": 1388000200, "expiration": 10, "expire_index": 310026, "fee_fraction_int": 5000000.0, "feed_address": "2_mn6q3dS2EnDUx3bmyWc6D4szJNVGtaR7zc_mnfAHmddVibnZNSkh8DvKaQoiEfNsxjXzH_mtQheFaSfWELRB2MyMBaiWjdDm6ux9Ezns_3", "leverage": 5040, "source": "2_mn6q3dS2EnDUx3bmyWc6D4szJNVGtaR7zc_mnfAHmddVibnZNSkh8DvKaQoiEfNsxjXzH_mtQheFaSfWELRB2MyMBaiWjdDm6ux9Ezns_3", "status": "open", "target_value": 1.0, "tx_hash": "90196b0aea00ba6b2b83fc709fcd7efbb6708b4d7073b3ec4d5916e2325bf2b5", "tx_index": 17, "wager_quantity": 750000000, "wager_remaining": 750000000}',0);
INSERT INTO messages VALUES(67,310017,'insert','debits','{"action": "bet", "address": "2_mn6q3dS2EnDUx3bmyWc6D4szJNVGtaR7zc_mnfAHmddVibnZNSkh8DvKaQoiEfNsxjXzH_mtQheFaSfWELRB2MyMBaiWjdDm6ux9Ezns_3", "asset": "XCP", "block_index": 310017, "event": "a0cdb36577e8b47fb08cf7c5bee2fcaac9f41eb34859b2ccca34e9ae673aa7ca", "quantity": 650000000}',0);
INSERT INTO messages VALUES(68,310017,'insert','bets','{"bet_type": 3, "block_index": 310017, "counterwager_quantity": 750000000, "counterwager_remaining": 750000000, "deadline": 1388000200, "expiration": 10, "expire_index": 310027, "fee_fraction_int": 5000000.0, "feed_address": "2_mn6q3dS2EnDUx3bmyWc6D4szJNVGtaR7zc_mnfAHmddVibnZNSkh8DvKaQoiEfNsxjXzH_mtQheFaSfWELRB2MyMBaiWjdDm6ux9Ezns_3", "leverage": 5040, "source": "2_mn6q3dS2EnDUx3bmyWc6D4szJNVGtaR7zc_mnfAHmddVibnZNSkh8DvKaQoiEfNsxjXzH_mtQheFaSfWELRB2MyMBaiWjdDm6ux9Ezns_3", "status": "open", "target_value": 1.0, "tx_hash": "a0cdb36577e8b47fb08cf7c5bee2fcaac9f41eb34859b2ccca34e9ae673aa7ca", "tx_index": 18, "wager_quantity": 650000000, "wager_remaining": 650000000}',0);
INSERT INTO messages VALUES(69,310017,'insert','credits','{"action": "filled", "address": "2_mn6q3dS2EnDUx3bmyWc6D4szJNVGtaR7zc_mnfAHmddVibnZNSkh8DvKaQoiEfNsxjXzH_mtQheFaSfWELRB2MyMBaiWjdDm6ux9Ezns_3", "asset": "XCP", "block_index": 310017, "event": "a0cdb36577e8b47fb08cf7c5bee2fcaac9f41eb34859b2ccca34e9ae673aa7ca", "quantity": 0}',0);
INSERT INTO messages VALUES(70,310017,'update','bets','{"counterwager_remaining": 0, "status": "filled", "tx_hash": "90196b0aea00ba6b2b83fc709fcd7efbb6708b4d7073b3ec4d5916e2325bf2b5", "wager_remaining": 0}',0);
INSERT INTO messages VALUES(71,310017,'insert','credits','{"action": "filled", "address": "2_mn6q3dS2EnDUx3bmyWc6D4szJNVGtaR7zc_mnfAHmddVibnZNSkh8DvKaQoiEfNsxjXzH_mtQheFaSfWELRB2MyMBaiWjdDm6ux9Ezns_3", "asset": "XCP", "block_index": 310017, "event": "a0cdb36577e8b47fb08cf7c5bee2fcaac9f41eb34859b2ccca34e9ae673aa7ca", "quantity": 0}',0);
INSERT INTO messages VALUES(72,310017,'update','bets','{"counterwager_remaining": 0, "status": "filled", "tx_hash": "a0cdb36577e8b47fb08cf7c5bee2fcaac9f41eb34859b2ccca34e9ae673aa7ca", "wager_remaining": 0}',0);
INSERT INTO messages VALUES(73,310017,'insert','bet_matches','{"backward_quantity": 650000000, "block_index": 310017, "deadline": 1388000200, "fee_fraction_int": 5000000, "feed_address": "2_mn6q3dS2EnDUx3bmyWc6D4szJNVGtaR7zc_mnfAHmddVibnZNSkh8DvKaQoiEfNsxjXzH_mtQheFaSfWELRB2MyMBaiWjdDm6ux9Ezns_3", "forward_quantity": 750000000, "id": "90196b0aea00ba6b2b83fc709fcd7efbb6708b4d7073b3ec4d5916e2325bf2b5_a0cdb36577e8b47fb08cf7c5bee2fcaac9f41eb34859b2ccca34e9ae673aa7ca", "initial_value": 100.0, "leverage": 5040, "match_expire_index": 310026, "status": "pending", "target_value": 1.0, "tx0_address": "2_mn6q3dS2EnDUx3bmyWc6D4szJNVGtaR7zc_mnfAHmddVibnZNSkh8DvKaQoiEfNsxjXzH_mtQheFaSfWELRB2MyMBaiWjdDm6ux9Ezns_3", "tx0_bet_type": 2, "tx0_block_index": 310016, "tx0_expiration": 10, "tx0_hash": "90196b0aea00ba6b2b83fc709fcd7efbb6708b4d7073b3ec4d5916e2325bf2b5", "tx0_index": 17, "tx1_address": "2_mn6q3dS2EnDUx3bmyWc6D4szJNVGtaR7zc_mnfAHmddVibnZNSkh8DvKaQoiEfNsxjXzH_mtQheFaSfWELRB2MyMBaiWjdDm6ux9Ezns_3", "tx1_bet_type": 3, "tx1_block_index": 310017, "tx1_expiration": 10, "tx1_hash": "a0cdb36577e8b47fb08cf7c5bee2fcaac9f41eb34859b2ccca34e9ae673aa7ca", "tx1_index": 18}',0);
INSERT INTO messages VALUES(74,310018,'insert','credits','{"action": "recredit forward quantity", "address": "2_mn6q3dS2EnDUx3bmyWc6D4szJNVGtaR7zc_mnfAHmddVibnZNSkh8DvKaQoiEfNsxjXzH_mtQheFaSfWELRB2MyMBaiWjdDm6ux9Ezns_3", "asset": "XCP", "block_index": 310018, "event": "90196b0aea00ba6b2b83fc709fcd7efbb6708b4d7073b3ec4d5916e2325bf2b5_a0cdb36577e8b47fb08cf7c5bee2fcaac9f41eb34859b2ccca34e9ae673aa7ca", "quantity": 750000000}',0);
INSERT INTO messages VALUES(75,310018,'insert','credits','{"action": "recredit backward quantity", "address": "2_mn6q3dS2EnDUx3bmyWc6D4szJNVGtaR7zc_mnfAHmddVibnZNSkh8DvKaQoiEfNsxjXzH_mtQheFaSfWELRB2MyMBaiWjdDm6ux9Ezns_3", "asset": "XCP", "block_index": 310018, "event": "90196b0aea00ba6b2b83fc709fcd7efbb6708b4d7073b3ec4d5916e2325bf2b5_a0cdb36577e8b47fb08cf7c5bee2fcaac9f41eb34859b2ccca34e9ae673aa7ca", "quantity": 650000000}',0);
INSERT INTO messages VALUES(76,310018,'update','bet_matches','{"bet_match_id": "90196b0aea00ba6b2b83fc709fcd7efbb6708b4d7073b3ec4d5916e2325bf2b5_a0cdb36577e8b47fb08cf7c5bee2fcaac9f41eb34859b2ccca34e9ae673aa7ca", "status": "expired"}',0);
INSERT INTO messages VALUES(77,310018,'insert','bet_match_expirations','{"bet_match_id": "90196b0aea00ba6b2b83fc709fcd7efbb6708b4d7073b3ec4d5916e2325bf2b5_a0cdb36577e8b47fb08cf7c5bee2fcaac9f41eb34859b2ccca34e9ae673aa7ca", "block_index": 310018, "tx0_address": "2_mn6q3dS2EnDUx3bmyWc6D4szJNVGtaR7zc_mnfAHmddVibnZNSkh8DvKaQoiEfNsxjXzH_mtQheFaSfWELRB2MyMBaiWjdDm6ux9Ezns_3", "tx1_address": "2_mn6q3dS2EnDUx3bmyWc6D4szJNVGtaR7zc_mnfAHmddVibnZNSkh8DvKaQoiEfNsxjXzH_mtQheFaSfWELRB2MyMBaiWjdDm6ux9Ezns_3"}',0);
INSERT INTO messages VALUES(78,310018,'insert','broadcasts','{"block_index": 310018, "fee_fraction_int": 5000000, "locked": false, "source": "2_mn6q3dS2EnDUx3bmyWc6D4szJNVGtaR7zc_mnfAHmddVibnZNSkh8DvKaQoiEfNsxjXzH_mtQheFaSfWELRB2MyMBaiWjdDm6ux9Ezns_3", "status": "valid", "text": "Unit Test", "timestamp": 1388000050, "tx_hash": "2cf50ce07191567ced39845adf13e2bca9adca6055ed2ad299ebf90564822c32", "tx_index": 19, "value": 99.86166}',0);
INSERT INTO messages VALUES(79,310019,'insert','broadcasts','{"block_index": 310019, "fee_fraction_int": 5000000, "locked": false, "source": "2_mn6q3dS2EnDUx3bmyWc6D4szJNVGtaR7zc_mnfAHmddVibnZNSkh8DvKaQoiEfNsxjXzH_mtQheFaSfWELRB2MyMBaiWjdDm6ux9Ezns_3", "status": "valid", "text": "Unit Test", "timestamp": 1388000101, "tx_hash": "80bb2efa14a82163b111b46fbd1889d3cb2bb57041a0e2fa3b4026b7852279f1", "tx_index": 20, "value": 100.343}',0);
INSERT INTO messages VALUES(80,310020,'insert','broadcasts','{"block_index": 310020, "fee_fraction_int": 5000000, "locked": false, "source": "2_mn6q3dS2EnDUx3bmyWc6D4szJNVGtaR7zc_mnfAHmddVibnZNSkh8DvKaQoiEfNsxjXzH_mtQheFaSfWELRB2MyMBaiWjdDm6ux9Ezns_3", "status": "valid", "text": "Unit Test", "timestamp": 1388000201, "tx_hash": "e0e7a6b5c26162a9abb0b314d8ff1687037e491a46abc4ee20cd93f321af3c52", "tx_index": 21, "value": 2.0}',0);
INSERT INTO messages VALUES(81,310021,'insert','debits','{"action": "open order", "address": "2_mn6q3dS2EnDUx3bmyWc6D4szJNVGtaR7zc_mnfAHmddVibnZNSkh8DvKaQoiEfNsxjXzH_mtQheFaSfWELRB2MyMBaiWjdDm6ux9Ezns_3", "asset": "BBBB", "block_index": 310021, "event": "16bf8452913c046760c008794abdd614870c4653e0f0867800407f4e2b0167d7", "quantity": 50000000}',0);
INSERT INTO messages VALUES(82,310021,'insert','orders','{"block_index": 310021, "expiration": 10, "expire_index": 310031, "fee_provided": 10000, "fee_provided_remaining": 10000, "fee_required": 0, "fee_required_remaining": 0, "get_asset": "XCP", "get_quantity": 50000000, "get_remaining": 50000000, "give_asset": "BBBB", "give_quantity": 50000000, "give_remaining": 50000000, "source": "2_mn6q3dS2EnDUx3bmyWc6D4szJNVGtaR7zc_mnfAHmddVibnZNSkh8DvKaQoiEfNsxjXzH_mtQheFaSfWELRB2MyMBaiWjdDm6ux9Ezns_3", "status": "open", "tx_hash": "16bf8452913c046760c008794abdd614870c4653e0f0867800407f4e2b0167d7", "tx_index": 22}',0);
INSERT INTO messages VALUES(83,310022,'insert','credits','{"action": "burn", "address": "2_mn6q3dS2EnDUx3bmyWc6D4szJNVGtaR7zc_mnfAHmddVibnZNSkh8DvKaQoiEfNsxjXzH_mtQheFaSfWELRB2MyMBaiWjdDm6ux9Ezns_3", "asset": "XCP", "block_index": 310022, "event": "772fe56e3315640fa7c29c6518724801dbd11c0ae3305734d5ad9787fba0580a", "quantity": 56999887262}',0);
INSERT INTO messages VALUES(84,310022,'insert','burns','{"block_index": 310022, "burned": 38000000, "earned": 56999887262, "source": "2_mn6q3dS2EnDUx3bmyWc6D4szJNVGtaR7zc_mnfAHmddVibnZNSkh8DvKaQoiEfNsxjXzH_mtQheFaSfWELRB2MyMBaiWjdDm6ux9Ezns_3", "status": "valid", "tx_hash": "772fe56e3315640fa7c29c6518724801dbd11c0ae3305734d5ad9787fba0580a", "tx_index": 23}',0);
INSERT INTO messages VALUES(85,310023,'update','bets','{"status": "expired", "tx_hash": "3c721f1d55d6bb3422daea418e5a00b5dbc373df6ef1bbe39a81b8ddf042e72e"}',0);
INSERT INTO messages VALUES(86,310023,'insert','credits','{"action": "recredit wager remaining", "address": "2_mn6q3dS2EnDUx3bmyWc6D4szJNVGtaR7zc_mnfAHmddVibnZNSkh8DvKaQoiEfNsxjXzH_mtQheFaSfWELRB2MyMBaiWjdDm6ux9Ezns_3", "asset": "XCP", "block_index": 310023, "event": "3c721f1d55d6bb3422daea418e5a00b5dbc373df6ef1bbe39a81b8ddf042e72e", "quantity": 8500000}',0);
INSERT INTO messages VALUES(87,310023,'insert','bet_expirations','{"bet_hash": "3c721f1d55d6bb3422daea418e5a00b5dbc373df6ef1bbe39a81b8ddf042e72e", "bet_index": 13, "block_index": 310023, "source": "2_mn6q3dS2EnDUx3bmyWc6D4szJNVGtaR7zc_mnfAHmddVibnZNSkh8DvKaQoiEfNsxjXzH_mtQheFaSfWELRB2MyMBaiWjdDm6ux9Ezns_3"}',0);
INSERT INTO messages VALUES(88,310023,'insert','debits','{"action": "send", "address": "2_mn6q3dS2EnDUx3bmyWc6D4szJNVGtaR7zc_mnfAHmddVibnZNSkh8DvKaQoiEfNsxjXzH_mtQheFaSfWELRB2MyMBaiWjdDm6ux9Ezns_3", "asset": "BBBC", "block_index": 310023, "event": "427871f2546358fef869b5201c154b33f3c18e8d8f6ab901dfc517f73cad2513", "quantity": 10000}',0);
INSERT INTO messages VALUES(89,310023,'insert','credits','{"action": "send", "address": "2_mn6q3dS2EnDUx3bmyWc6D4szJNVGtaR7zc_mnfAHmddVibnZNSkh8DvKaQoiEfNsxjXzH_mqPCfvqTfYctXMUfmniXeG2nyaN8w6tPmj_3", "asset": "BBBC", "block_index": 310023, "event": "427871f2546358fef869b5201c154b33f3c18e8d8f6ab901dfc517f73cad2513", "quantity": 10000}',0);
INSERT INTO messages VALUES(90,310023,'insert','sends','{"asset": "BBBC", "block_index": 310023, "destination": "2_mn6q3dS2EnDUx3bmyWc6D4szJNVGtaR7zc_mnfAHmddVibnZNSkh8DvKaQoiEfNsxjXzH_mqPCfvqTfYctXMUfmniXeG2nyaN8w6tPmj_3", "quantity": 10000, "source": "2_mn6q3dS2EnDUx3bmyWc6D4szJNVGtaR7zc_mnfAHmddVibnZNSkh8DvKaQoiEfNsxjXzH_mtQheFaSfWELRB2MyMBaiWjdDm6ux9Ezns_3", "status": "valid", "tx_hash": "427871f2546358fef869b5201c154b33f3c18e8d8f6ab901dfc517f73cad2513", "tx_index": 24}',0);
INSERT INTO messages VALUES(91,310024,'insert','debits','{"action": "open RPS", "address": "2_mn6q3dS2EnDUx3bmyWc6D4szJNVGtaR7zc_mnfAHmddVibnZNSkh8DvKaQoiEfNsxjXzH_mtQheFaSfWELRB2MyMBaiWjdDm6ux9Ezns_3", "asset": "XCP", "block_index": 310024, "event": "03985f244743b2c4067608cf3e3540f921aa84f9a915c1cfb662fef681af8357", "quantity": 11021663}',0);
INSERT INTO messages VALUES(92,310024,'insert','rps','{"block_index": 310024, "expiration": 100, "expire_index": 310124, "move_random_hash": "6a886d74c2d4b1d7a35fd9159333ef64ba45a04d7aeeeb4538f958603c16fc5d", "possible_moves": 5, "source": "2_mn6q3dS2EnDUx3bmyWc6D4szJNVGtaR7zc_mnfAHmddVibnZNSkh8DvKaQoiEfNsxjXzH_mtQheFaSfWELRB2MyMBaiWjdDm6ux9Ezns_3", "status": "open", "tx_hash": "03985f244743b2c4067608cf3e3540f921aa84f9a915c1cfb662fef681af8357", "tx_index": 25, "wager": 11021663}',0);
INSERT INTO messages VALUES(93,310025,'insert','debits','{"action": "open RPS", "address": "2_mn6q3dS2EnDUx3bmyWc6D4szJNVGtaR7zc_mnfAHmddVibnZNSkh8DvKaQoiEfNsxjXzH_mqPCfvqTfYctXMUfmniXeG2nyaN8w6tPmj_3", "asset": "XCP", "block_index": 310025, "event": "faf4abea3f7c5303a1c4622ce5ff80994f9523eb1cace08914eaa91a4c7a31df", "quantity": 11021663}',0);
INSERT INTO messages VALUES(94,310025,'insert','rps','{"block_index": 310025, "expiration": 100, "expire_index": 310125, "move_random_hash": "6e8bf66cbd6636aca1802459b730a99548624e48e243b840e0b34a12bede17ec", "possible_moves": 5, "source": "2_mn6q3dS2EnDUx3bmyWc6D4szJNVGtaR7zc_mnfAHmddVibnZNSkh8DvKaQoiEfNsxjXzH_mqPCfvqTfYctXMUfmniXeG2nyaN8w6tPmj_3", "status": "open", "tx_hash": "faf4abea3f7c5303a1c4622ce5ff80994f9523eb1cace08914eaa91a4c7a31df", "tx_index": 26, "wager": 11021663}',0);
INSERT INTO messages VALUES(95,310025,'update','rps','{"status": "matched", "tx_index": 25}',0);
INSERT INTO messages VALUES(96,310025,'update','rps','{"status": "matched", "tx_index": 26}',0);
INSERT INTO messages VALUES(97,310025,'insert','rps_matches','{"block_index": 310025, "id": "03985f244743b2c4067608cf3e3540f921aa84f9a915c1cfb662fef681af8357_faf4abea3f7c5303a1c4622ce5ff80994f9523eb1cace08914eaa91a4c7a31df", "match_expire_index": 310045, "possible_moves": 5, "status": "pending", "tx0_address": "2_mn6q3dS2EnDUx3bmyWc6D4szJNVGtaR7zc_mnfAHmddVibnZNSkh8DvKaQoiEfNsxjXzH_mtQheFaSfWELRB2MyMBaiWjdDm6ux9Ezns_3", "tx0_block_index": 310024, "tx0_expiration": 100, "tx0_hash": "03985f244743b2c4067608cf3e3540f921aa84f9a915c1cfb662fef681af8357", "tx0_index": 25, "tx0_move_random_hash": "6a886d74c2d4b1d7a35fd9159333ef64ba45a04d7aeeeb4538f958603c16fc5d", "tx1_address": "2_mn6q3dS2EnDUx3bmyWc6D4szJNVGtaR7zc_mnfAHmddVibnZNSkh8DvKaQoiEfNsxjXzH_mqPCfvqTfYctXMUfmniXeG2nyaN8w6tPmj_3", "tx1_block_index": 310025, "tx1_expiration": 100, "tx1_hash": "faf4abea3f7c5303a1c4622ce5ff80994f9523eb1cace08914eaa91a4c7a31df", "tx1_index": 26, "tx1_move_random_hash": "6e8bf66cbd6636aca1802459b730a99548624e48e243b840e0b34a12bede17ec", "wager": 11021663}',0);
INSERT INTO messages VALUES(98,310026,'update','rps_matches','{"rps_match_id": "03985f244743b2c4067608cf3e3540f921aa84f9a915c1cfb662fef681af8357_faf4abea3f7c5303a1c4622ce5ff80994f9523eb1cace08914eaa91a4c7a31df", "status": "resolved and pending"}',0);
INSERT INTO messages VALUES(99,310026,'insert','rpsresolves','{"block_index": 310026, "move": 3, "random": "7a4488d61ed8f2e9fa2874113fccb8b1", "rps_match_id": "03985f244743b2c4067608cf3e3540f921aa84f9a915c1cfb662fef681af8357_faf4abea3f7c5303a1c4622ce5ff80994f9523eb1cace08914eaa91a4c7a31df", "source": "2_mn6q3dS2EnDUx3bmyWc6D4szJNVGtaR7zc_mnfAHmddVibnZNSkh8DvKaQoiEfNsxjXzH_mtQheFaSfWELRB2MyMBaiWjdDm6ux9Ezns_3", "status": "valid", "tx_hash": "8d997f35f61df2f01e4dc46b25c4d73e700ee5e162772eec74035d12dd33f822", "tx_index": 27}',0);
INSERT INTO messages VALUES(100,310027,'insert','credits','{"action": "wins", "address": "2_mn6q3dS2EnDUx3bmyWc6D4szJNVGtaR7zc_mnfAHmddVibnZNSkh8DvKaQoiEfNsxjXzH_mtQheFaSfWELRB2MyMBaiWjdDm6ux9Ezns_3", "asset": "XCP", "block_index": 310027, "event": "03985f244743b2c4067608cf3e3540f921aa84f9a915c1cfb662fef681af8357_faf4abea3f7c5303a1c4622ce5ff80994f9523eb1cace08914eaa91a4c7a31df", "quantity": 22043326}',0);
INSERT INTO messages VALUES(101,310027,'update','rps_matches','{"rps_match_id": "03985f244743b2c4067608cf3e3540f921aa84f9a915c1cfb662fef681af8357_faf4abea3f7c5303a1c4622ce5ff80994f9523eb1cace08914eaa91a4c7a31df", "status": "concluded: first player wins"}',0);
INSERT INTO messages VALUES(102,310027,'insert','rpsresolves','{"block_index": 310027, "move": 5, "random": "fa765e80203cba24a298e4458f63ff6b", "rps_match_id": "03985f244743b2c4067608cf3e3540f921aa84f9a915c1cfb662fef681af8357_faf4abea3f7c5303a1c4622ce5ff80994f9523eb1cace08914eaa91a4c7a31df", "source": "2_mn6q3dS2EnDUx3bmyWc6D4szJNVGtaR7zc_mnfAHmddVibnZNSkh8DvKaQoiEfNsxjXzH_mqPCfvqTfYctXMUfmniXeG2nyaN8w6tPmj_3", "status": "valid", "tx_hash": "5e77b797b7ebb918e93b2171d29457aaad51ff706f6621502c06e4fee8b69645", "tx_index": 28}',0);
INSERT INTO messages VALUES(103,310028,'insert','debits','{"action": "open RPS", "address": "2_mn6q3dS2EnDUx3bmyWc6D4szJNVGtaR7zc_mnfAHmddVibnZNSkh8DvKaQoiEfNsxjXzH_mtQheFaSfWELRB2MyMBaiWjdDm6ux9Ezns_3", "asset": "XCP", "block_index": 310028, "event": "607c21b3652839a5aa0b6208d0c0cbc13c92954d604f7051e5017b7b38d9c5bb", "quantity": 11021663}',0);
INSERT INTO messages VALUES(104,310028,'insert','rps','{"block_index": 310028, "expiration": 10, "expire_index": 310038, "move_random_hash": "6a886d74c2d4b1d7a35fd9159333ef64ba45a04d7aeeeb4538f958603c16fc5d", "possible_moves": 5, "source": "2_mn6q3dS2EnDUx3bmyWc6D4szJNVGtaR7zc_mnfAHmddVibnZNSkh8DvKaQoiEfNsxjXzH_mtQheFaSfWELRB2MyMBaiWjdDm6ux9Ezns_3", "status": "open", "tx_hash": "607c21b3652839a5aa0b6208d0c0cbc13c92954d604f7051e5017b7b38d9c5bb", "tx_index": 29, "wager": 11021663}',0);
INSERT INTO messages VALUES(105,310032,'update','orders','{"status": "expired", "tx_hash": "16bf8452913c046760c008794abdd614870c4653e0f0867800407f4e2b0167d7"}',0);
INSERT INTO messages VALUES(106,310032,'insert','credits','{"action": "cancel order", "address": "2_mn6q3dS2EnDUx3bmyWc6D4szJNVGtaR7zc_mnfAHmddVibnZNSkh8DvKaQoiEfNsxjXzH_mtQheFaSfWELRB2MyMBaiWjdDm6ux9Ezns_3", "asset": "BBBB", "block_index": 310032, "event": "16bf8452913c046760c008794abdd614870c4653e0f0867800407f4e2b0167d7", "quantity": 50000000}',0);
INSERT INTO messages VALUES(107,310032,'insert','order_expirations','{"block_index": 310032, "order_hash": "16bf8452913c046760c008794abdd614870c4653e0f0867800407f4e2b0167d7", "order_index": 22, "source": "2_mn6q3dS2EnDUx3bmyWc6D4szJNVGtaR7zc_mnfAHmddVibnZNSkh8DvKaQoiEfNsxjXzH_mtQheFaSfWELRB2MyMBaiWjdDm6ux9Ezns_3"}',0);
INSERT INTO messages VALUES(108,310039,'update','rps','{"status": "expired", "tx_hash": "607c21b3652839a5aa0b6208d0c0cbc13c92954d604f7051e5017b7b38d9c5bb"}',0);
INSERT INTO messages VALUES(109,310039,'insert','credits','{"action": "recredit wager", "address": "2_mn6q3dS2EnDUx3bmyWc6D4szJNVGtaR7zc_mnfAHmddVibnZNSkh8DvKaQoiEfNsxjXzH_mtQheFaSfWELRB2MyMBaiWjdDm6ux9Ezns_3", "asset": "XCP", "block_index": 310039, "event": "607c21b3652839a5aa0b6208d0c0cbc13c92954d604f7051e5017b7b38d9c5bb", "quantity": 11021663}',0);
INSERT INTO messages VALUES(110,310039,'insert','rps_expirations','{"block_index": 310039, "rps_hash": "607c21b3652839a5aa0b6208d0c0cbc13c92954d604f7051e5017b7b38d9c5bb", "rps_index": 29, "source": "2_mn6q3dS2EnDUx3bmyWc6D4szJNVGtaR7zc_mnfAHmddVibnZNSkh8DvKaQoiEfNsxjXzH_mtQheFaSfWELRB2MyMBaiWjdDm6ux9Ezns_3"}',0);
INSERT INTO messages VALUES(111,310047,'insert','debits','{"action": "open RPS", "address": "2_mn6q3dS2EnDUx3bmyWc6D4szJNVGtaR7zc_mnfAHmddVibnZNSkh8DvKaQoiEfNsxjXzH_mtQheFaSfWELRB2MyMBaiWjdDm6ux9Ezns_3", "asset": "XCP", "block_index": 310047, "event": "429e8398bff13971315c5fc738ed798797db4541cb87606ad65e24afb62335ea", "quantity": 11021664}',0);
INSERT INTO messages VALUES(112,310047,'insert','rps','{"block_index": 310047, "expiration": 10, "expire_index": 310057, "move_random_hash": "6a886d74c2d4b1d7a35fd9159333ef64ba45a04d7aeeeb4538f958603c16fc5d", "possible_moves": 5, "source": "2_mn6q3dS2EnDUx3bmyWc6D4szJNVGtaR7zc_mnfAHmddVibnZNSkh8DvKaQoiEfNsxjXzH_mtQheFaSfWELRB2MyMBaiWjdDm6ux9Ezns_3", "status": "open", "tx_hash": "429e8398bff13971315c5fc738ed798797db4541cb87606ad65e24afb62335ea", "tx_index": 48, "wager": 11021664}',0);
INSERT INTO messages VALUES(113,310048,'insert','debits','{"action": "open RPS", "address": "2_mn6q3dS2EnDUx3bmyWc6D4szJNVGtaR7zc_mnfAHmddVibnZNSkh8DvKaQoiEfNsxjXzH_mqPCfvqTfYctXMUfmniXeG2nyaN8w6tPmj_3", "asset": "XCP", "block_index": 310048, "event": "0c8835870bf2929b60aaafe5c0b7962d0476977638bd564f84e6b3ed73fb194b", "quantity": 11021664}',0);
INSERT INTO messages VALUES(114,310048,'insert','rps','{"block_index": 310048, "expiration": 10, "expire_index": 310058, "move_random_hash": "6a886d74c2d4b1d7a35fd9159333ef64ba45a04d7aeeeb4538f958603c16fc5d", "possible_moves": 5, "source": "2_mn6q3dS2EnDUx3bmyWc6D4szJNVGtaR7zc_mnfAHmddVibnZNSkh8DvKaQoiEfNsxjXzH_mqPCfvqTfYctXMUfmniXeG2nyaN8w6tPmj_3", "status": "open", "tx_hash": "0c8835870bf2929b60aaafe5c0b7962d0476977638bd564f84e6b3ed73fb194b", "tx_index": 49, "wager": 11021664}',0);
INSERT INTO messages VALUES(115,310048,'update','rps','{"status": "matched", "tx_index": 48}',0);
INSERT INTO messages VALUES(116,310048,'update','rps','{"status": "matched", "tx_index": 49}',0);
INSERT INTO messages VALUES(117,310048,'insert','rps_matches','{"block_index": 310048, "id": "429e8398bff13971315c5fc738ed798797db4541cb87606ad65e24afb62335ea_0c8835870bf2929b60aaafe5c0b7962d0476977638bd564f84e6b3ed73fb194b", "match_expire_index": 310068, "possible_moves": 5, "status": "pending", "tx0_address": "2_mn6q3dS2EnDUx3bmyWc6D4szJNVGtaR7zc_mnfAHmddVibnZNSkh8DvKaQoiEfNsxjXzH_mtQheFaSfWELRB2MyMBaiWjdDm6ux9Ezns_3", "tx0_block_index": 310047, "tx0_expiration": 10, "tx0_hash": "429e8398bff13971315c5fc738ed798797db4541cb87606ad65e24afb62335ea", "tx0_index": 48, "tx0_move_random_hash": "6a886d74c2d4b1d7a35fd9159333ef64ba45a04d7aeeeb4538f958603c16fc5d", "tx1_address": "2_mn6q3dS2EnDUx3bmyWc6D4szJNVGtaR7zc_mnfAHmddVibnZNSkh8DvKaQoiEfNsxjXzH_mqPCfvqTfYctXMUfmniXeG2nyaN8w6tPmj_3", "tx1_block_index": 310048, "tx1_expiration": 10, "tx1_hash": "0c8835870bf2929b60aaafe5c0b7962d0476977638bd564f84e6b3ed73fb194b", "tx1_index": 49, "tx1_move_random_hash": "6a886d74c2d4b1d7a35fd9159333ef64ba45a04d7aeeeb4538f958603c16fc5d", "wager": 11021664}',0);
INSERT INTO messages VALUES(118,310069,'insert','credits','{"action": "recredit wager", "address": "2_mn6q3dS2EnDUx3bmyWc6D4szJNVGtaR7zc_mnfAHmddVibnZNSkh8DvKaQoiEfNsxjXzH_mtQheFaSfWELRB2MyMBaiWjdDm6ux9Ezns_3", "asset": "XCP", "block_index": 310069, "event": "429e8398bff13971315c5fc738ed798797db4541cb87606ad65e24afb62335ea_0c8835870bf2929b60aaafe5c0b7962d0476977638bd564f84e6b3ed73fb194b", "quantity": 11021664}',0);
INSERT INTO messages VALUES(119,310069,'insert','credits','{"action": "recredit wager", "address": "2_mn6q3dS2EnDUx3bmyWc6D4szJNVGtaR7zc_mnfAHmddVibnZNSkh8DvKaQoiEfNsxjXzH_mqPCfvqTfYctXMUfmniXeG2nyaN8w6tPmj_3", "asset": "XCP", "block_index": 310069, "event": "429e8398bff13971315c5fc738ed798797db4541cb87606ad65e24afb62335ea_0c8835870bf2929b60aaafe5c0b7962d0476977638bd564f84e6b3ed73fb194b", "quantity": 11021664}',0);
INSERT INTO messages VALUES(120,310069,'update','rps_matches','{"rps_match_id": "429e8398bff13971315c5fc738ed798797db4541cb87606ad65e24afb62335ea_0c8835870bf2929b60aaafe5c0b7962d0476977638bd564f84e6b3ed73fb194b", "status": "expired"}',0);
INSERT INTO messages VALUES(121,310069,'insert','rps_match_expirations','{"block_index": 310069, "rps_match_id": "429e8398bff13971315c5fc738ed798797db4541cb87606ad65e24afb62335ea_0c8835870bf2929b60aaafe5c0b7962d0476977638bd564f84e6b3ed73fb194b", "tx0_address": "2_mn6q3dS2EnDUx3bmyWc6D4szJNVGtaR7zc_mnfAHmddVibnZNSkh8DvKaQoiEfNsxjXzH_mtQheFaSfWELRB2MyMBaiWjdDm6ux9Ezns_3", "tx1_address": "2_mn6q3dS2EnDUx3bmyWc6D4szJNVGtaR7zc_mnfAHmddVibnZNSkh8DvKaQoiEfNsxjXzH_mqPCfvqTfYctXMUfmniXeG2nyaN8w6tPmj_3"}',0);
INSERT INTO messages VALUES(122,310074,'insert','debits','{"action": "open RPS", "address": "2_mn6q3dS2EnDUx3bmyWc6D4szJNVGtaR7zc_mnfAHmddVibnZNSkh8DvKaQoiEfNsxjXzH_mtQheFaSfWELRB2MyMBaiWjdDm6ux9Ezns_3", "asset": "XCP", "block_index": 310074, "event": "8dd0a5f27bcb77b5b3f9de3ab2bdb826d6d068e18d0d84e70d72ab24f96537be", "quantity": 11021665}',0);
INSERT INTO messages VALUES(123,310074,'insert','rps','{"block_index": 310074, "expiration": 10, "expire_index": 310084, "move_random_hash": "6a886d74c2d4b1d7a35fd9159333ef64ba45a04d7aeeeb4538f958603c16fc5d", "possible_moves": 5, "source": "2_mn6q3dS2EnDUx3bmyWc6D4szJNVGtaR7zc_mnfAHmddVibnZNSkh8DvKaQoiEfNsxjXzH_mtQheFaSfWELRB2MyMBaiWjdDm6ux9Ezns_3", "status": "open", "tx_hash": "8dd0a5f27bcb77b5b3f9de3ab2bdb826d6d068e18d0d84e70d72ab24f96537be", "tx_index": 75, "wager": 11021665}',0);
INSERT INTO messages VALUES(124,310075,'insert','debits','{"action": "open RPS", "address": "2_mn6q3dS2EnDUx3bmyWc6D4szJNVGtaR7zc_mnfAHmddVibnZNSkh8DvKaQoiEfNsxjXzH_mqPCfvqTfYctXMUfmniXeG2nyaN8w6tPmj_3", "asset": "XCP", "block_index": 310075, "event": "ce5b732f98efdc6dd02355f406b521801b1cbe75739f5137217f9deed2419b85", "quantity": 11021665}',0);
INSERT INTO messages VALUES(125,310075,'insert','rps','{"block_index": 310075, "expiration": 10, "expire_index": 310085, "move_random_hash": "6a886d74c2d4b1d7a35fd9159333ef64ba45a04d7aeeeb4538f958603c16fc5d", "possible_moves": 5, "source": "2_mn6q3dS2EnDUx3bmyWc6D4szJNVGtaR7zc_mnfAHmddVibnZNSkh8DvKaQoiEfNsxjXzH_mqPCfvqTfYctXMUfmniXeG2nyaN8w6tPmj_3", "status": "open", "tx_hash": "ce5b732f98efdc6dd02355f406b521801b1cbe75739f5137217f9deed2419b85", "tx_index": 76, "wager": 11021665}',0);
INSERT INTO messages VALUES(126,310075,'update','rps','{"status": "matched", "tx_index": 75}',0);
INSERT INTO messages VALUES(127,310075,'update','rps','{"status": "matched", "tx_index": 76}',0);
INSERT INTO messages VALUES(128,310075,'insert','rps_matches','{"block_index": 310075, "id": "8dd0a5f27bcb77b5b3f9de3ab2bdb826d6d068e18d0d84e70d72ab24f96537be_ce5b732f98efdc6dd02355f406b521801b1cbe75739f5137217f9deed2419b85", "match_expire_index": 310095, "possible_moves": 5, "status": "pending", "tx0_address": "2_mn6q3dS2EnDUx3bmyWc6D4szJNVGtaR7zc_mnfAHmddVibnZNSkh8DvKaQoiEfNsxjXzH_mtQheFaSfWELRB2MyMBaiWjdDm6ux9Ezns_3", "tx0_block_index": 310074, "tx0_expiration": 10, "tx0_hash": "8dd0a5f27bcb77b5b3f9de3ab2bdb826d6d068e18d0d84e70d72ab24f96537be", "tx0_index": 75, "tx0_move_random_hash": "6a886d74c2d4b1d7a35fd9159333ef64ba45a04d7aeeeb4538f958603c16fc5d", "tx1_address": "2_mn6q3dS2EnDUx3bmyWc6D4szJNVGtaR7zc_mnfAHmddVibnZNSkh8DvKaQoiEfNsxjXzH_mqPCfvqTfYctXMUfmniXeG2nyaN8w6tPmj_3", "tx1_block_index": 310075, "tx1_expiration": 10, "tx1_hash": "ce5b732f98efdc6dd02355f406b521801b1cbe75739f5137217f9deed2419b85", "tx1_index": 76, "tx1_move_random_hash": "6a886d74c2d4b1d7a35fd9159333ef64ba45a04d7aeeeb4538f958603c16fc5d", "wager": 11021665}',0);
INSERT INTO messages VALUES(129,310076,'update','rps_matches','{"rps_match_id": "8dd0a5f27bcb77b5b3f9de3ab2bdb826d6d068e18d0d84e70d72ab24f96537be_ce5b732f98efdc6dd02355f406b521801b1cbe75739f5137217f9deed2419b85", "status": "resolved and pending"}',0);
INSERT INTO messages VALUES(130,310076,'insert','rpsresolves','{"block_index": 310076, "move": 3, "random": "7a4488d61ed8f2e9fa2874113fccb8b1", "rps_match_id": "8dd0a5f27bcb77b5b3f9de3ab2bdb826d6d068e18d0d84e70d72ab24f96537be_ce5b732f98efdc6dd02355f406b521801b1cbe75739f5137217f9deed2419b85", "source": "2_mn6q3dS2EnDUx3bmyWc6D4szJNVGtaR7zc_mnfAHmddVibnZNSkh8DvKaQoiEfNsxjXzH_mtQheFaSfWELRB2MyMBaiWjdDm6ux9Ezns_3", "status": "valid", "tx_hash": "17844e64dbc8c9dea7c802c85f0d19cdf333534afb7d66393602467d7ae1cdad", "tx_index": 77}',0);
INSERT INTO messages VALUES(131,310096,'insert','credits','{"action": "wins", "address": "2_mn6q3dS2EnDUx3bmyWc6D4szJNVGtaR7zc_mnfAHmddVibnZNSkh8DvKaQoiEfNsxjXzH_mtQheFaSfWELRB2MyMBaiWjdDm6ux9Ezns_3", "asset": "XCP", "block_index": 310096, "event": "8dd0a5f27bcb77b5b3f9de3ab2bdb826d6d068e18d0d84e70d72ab24f96537be_ce5b732f98efdc6dd02355f406b521801b1cbe75739f5137217f9deed2419b85", "quantity": 22043330}',0);
INSERT INTO messages VALUES(132,310096,'update','rps_matches','{"rps_match_id": "8dd0a5f27bcb77b5b3f9de3ab2bdb826d6d068e18d0d84e70d72ab24f96537be_ce5b732f98efdc6dd02355f406b521801b1cbe75739f5137217f9deed2419b85", "status": "concluded: first player wins"}',0);
INSERT INTO messages VALUES(133,310096,'insert','rps_match_expirations','{"block_index": 310096, "rps_match_id": "8dd0a5f27bcb77b5b3f9de3ab2bdb826d6d068e18d0d84e70d72ab24f96537be_ce5b732f98efdc6dd02355f406b521801b1cbe75739f5137217f9deed2419b85", "tx0_address": "2_mn6q3dS2EnDUx3bmyWc6D4szJNVGtaR7zc_mnfAHmddVibnZNSkh8DvKaQoiEfNsxjXzH_mtQheFaSfWELRB2MyMBaiWjdDm6ux9Ezns_3", "tx1_address": "2_mn6q3dS2EnDUx3bmyWc6D4szJNVGtaR7zc_mnfAHmddVibnZNSkh8DvKaQoiEfNsxjXzH_mqPCfvqTfYctXMUfmniXeG2nyaN8w6tPmj_3"}',0);
-- Triggers and indices on  messages
CREATE INDEX block_index_message_index_idx ON messages (block_index, message_index);

-- Table  nonces
DROP TABLE IF EXISTS nonces;
CREATE TABLE nonces(
                      address TEXT PRIMARY KEY,
                      nonce INTEGER);

-- Table  order_expirations
DROP TABLE IF EXISTS order_expirations;
CREATE TABLE order_expirations(
                      order_index INTEGER PRIMARY KEY,
                      order_hash TEXT UNIQUE,
                      source TEXT,
                      block_index INTEGER,
                      FOREIGN KEY (block_index) REFERENCES blocks(block_index),
                      FOREIGN KEY (order_index, order_hash) REFERENCES orders(tx_index, tx_hash));
INSERT INTO order_expirations VALUES(3,'b898ed7f73ba34981adde222bf27498f66f352254817b0f4d07156a62b387e86','2_mn6q3dS2EnDUx3bmyWc6D4szJNVGtaR7zc_mnfAHmddVibnZNSkh8DvKaQoiEfNsxjXzH_mtQheFaSfWELRB2MyMBaiWjdDm6ux9Ezns_3',310013);
INSERT INTO order_expirations VALUES(4,'bc36229a30165dd3d5f927646292fa4b1b024c50ed3490ce578946020f4f29ed','2_mn6q3dS2EnDUx3bmyWc6D4szJNVGtaR7zc_mnfAHmddVibnZNSkh8DvKaQoiEfNsxjXzH_mtQheFaSfWELRB2MyMBaiWjdDm6ux9Ezns_3',310014);
INSERT INTO order_expirations VALUES(22,'16bf8452913c046760c008794abdd614870c4653e0f0867800407f4e2b0167d7','2_mn6q3dS2EnDUx3bmyWc6D4szJNVGtaR7zc_mnfAHmddVibnZNSkh8DvKaQoiEfNsxjXzH_mtQheFaSfWELRB2MyMBaiWjdDm6ux9Ezns_3',310032);

-- Table  order_match_expirations
DROP TABLE IF EXISTS order_match_expirations;
CREATE TABLE order_match_expirations(
                      order_match_id TEXT PRIMARY KEY,
                      tx0_address TEXT,
                      tx1_address TEXT,
                      block_index INTEGER,
                      FOREIGN KEY (order_match_id) REFERENCES order_matches(id),
                      FOREIGN KEY (block_index) REFERENCES blocks(block_index));

-- Table  order_matches
DROP TABLE IF EXISTS order_matches;
CREATE TABLE order_matches(
                      id TEXT PRIMARY KEY,
                      tx0_index INTEGER,
                      tx0_hash TEXT,
                      tx0_address TEXT,
                      tx1_index INTEGER,
                      tx1_hash TEXT,
                      tx1_address TEXT,
                      forward_asset TEXT,
                      forward_quantity INTEGER,
                      backward_asset TEXT,
                      backward_quantity INTEGER,
                      tx0_block_index INTEGER,
                      tx1_block_index INTEGER,
                      block_index INTEGER,
                      tx0_expiration INTEGER,
                      tx1_expiration INTEGER,
                      match_expire_index INTEGER,
                      fee_paid INTEGER,
                      status TEXT,
                      FOREIGN KEY (tx0_index, tx0_hash, tx0_block_index) REFERENCES transactions(tx_index, tx_hash, block_index),
                      FOREIGN KEY (tx1_index, tx1_hash, tx1_block_index) REFERENCES transactions(tx_index, tx_hash, block_index));
INSERT INTO order_matches VALUES('b898ed7f73ba34981adde222bf27498f66f352254817b0f4d07156a62b387e86_bc36229a30165dd3d5f927646292fa4b1b024c50ed3490ce578946020f4f29ed',3,'b898ed7f73ba34981adde222bf27498f66f352254817b0f4d07156a62b387e86','2_mn6q3dS2EnDUx3bmyWc6D4szJNVGtaR7zc_mnfAHmddVibnZNSkh8DvKaQoiEfNsxjXzH_mtQheFaSfWELRB2MyMBaiWjdDm6ux9Ezns_3',4,'bc36229a30165dd3d5f927646292fa4b1b024c50ed3490ce578946020f4f29ed','2_mn6q3dS2EnDUx3bmyWc6D4szJNVGtaR7zc_mnfAHmddVibnZNSkh8DvKaQoiEfNsxjXzH_mtQheFaSfWELRB2MyMBaiWjdDm6ux9Ezns_3','BTC',50000000,'XCP',100000000,310002,310003,310003,10,10,310023,857142,'completed');
-- Triggers and indices on  order_matches
CREATE INDEX backward_status_idx ON order_matches (backward_asset, status);
CREATE INDEX forward_status_idx ON order_matches (forward_asset, status);
CREATE INDEX match_expire_idx ON order_matches (status, match_expire_index);
CREATE INDEX tx0_address_idx ON order_matches (tx0_address);
CREATE INDEX tx1_address_idx ON order_matches (tx1_address);

-- Table  orders
DROP TABLE IF EXISTS orders;
CREATE TABLE orders(
                      tx_index INTEGER UNIQUE,
                      tx_hash TEXT UNIQUE,
                      block_index INTEGER,
                      source TEXT,
                      give_asset TEXT,
                      give_quantity INTEGER,
                      give_remaining INTEGER,
                      get_asset TEXT,
                      get_quantity INTEGER,
                      get_remaining INTEGER,
                      expiration INTEGER,
                      expire_index INTEGER,
                      fee_required INTEGER,
                      fee_required_remaining INTEGER,
                      fee_provided INTEGER,
                      fee_provided_remaining INTEGER,
                      status TEXT,
                      FOREIGN KEY (tx_index, tx_hash, block_index) REFERENCES transactions(tx_index, tx_hash, block_index),
                      PRIMARY KEY (tx_index, tx_hash));
INSERT INTO orders VALUES(3,'b898ed7f73ba34981adde222bf27498f66f352254817b0f4d07156a62b387e86',310002,'2_mn6q3dS2EnDUx3bmyWc6D4szJNVGtaR7zc_mnfAHmddVibnZNSkh8DvKaQoiEfNsxjXzH_mtQheFaSfWELRB2MyMBaiWjdDm6ux9Ezns_3','BTC',50000000,0,'XCP',100000000,0,10,310012,0,0,1000000,142858,'expired');
INSERT INTO orders VALUES(4,'bc36229a30165dd3d5f927646292fa4b1b024c50ed3490ce578946020f4f29ed',310003,'2_mn6q3dS2EnDUx3bmyWc6D4szJNVGtaR7zc_mnfAHmddVibnZNSkh8DvKaQoiEfNsxjXzH_mtQheFaSfWELRB2MyMBaiWjdDm6ux9Ezns_3','XCP',105000000,5000000,'BTC',50000000,0,10,310013,900000,42858,10000,10000,'expired');
INSERT INTO orders VALUES(22,'16bf8452913c046760c008794abdd614870c4653e0f0867800407f4e2b0167d7',310021,'2_mn6q3dS2EnDUx3bmyWc6D4szJNVGtaR7zc_mnfAHmddVibnZNSkh8DvKaQoiEfNsxjXzH_mtQheFaSfWELRB2MyMBaiWjdDm6ux9Ezns_3','BBBB',50000000,50000000,'XCP',50000000,50000000,10,310031,0,0,10000,10000,'expired');
-- Triggers and indices on  orders
CREATE INDEX expire_idx ON orders (expire_index, status);
CREATE INDEX give_asset_idx ON orders (give_asset);
CREATE INDEX give_get_status_idx ON orders (get_asset, give_asset, status);
CREATE INDEX give_status_idx ON orders (give_asset, status);
CREATE INDEX source_give_status_idx ON orders (source, give_asset, status);

-- Table  postqueue
DROP TABLE IF EXISTS postqueue;
CREATE TABLE postqueue(
                      message BLOB);

-- Table  rps
DROP TABLE IF EXISTS rps;
CREATE TABLE rps(
                      tx_index INTEGER UNIQUE,
                      tx_hash TEXT UNIQUE,
                      block_index INTEGER,
                      source TEXT,
                      possible_moves INTEGER,
                      wager INTEGER,
                      move_random_hash TEXT,
                      expiration INTEGER,
                      expire_index INTEGER,
                      status TEXT,
                      FOREIGN KEY (tx_index, tx_hash, block_index) REFERENCES transactions(tx_index, tx_hash, block_index),
                      PRIMARY KEY (tx_index, tx_hash));
INSERT INTO rps VALUES(25,'03985f244743b2c4067608cf3e3540f921aa84f9a915c1cfb662fef681af8357',310024,'2_mn6q3dS2EnDUx3bmyWc6D4szJNVGtaR7zc_mnfAHmddVibnZNSkh8DvKaQoiEfNsxjXzH_mtQheFaSfWELRB2MyMBaiWjdDm6ux9Ezns_3',5,11021663,'6a886d74c2d4b1d7a35fd9159333ef64ba45a04d7aeeeb4538f958603c16fc5d',100,310124,'matched');
INSERT INTO rps VALUES(26,'faf4abea3f7c5303a1c4622ce5ff80994f9523eb1cace08914eaa91a4c7a31df',310025,'2_mn6q3dS2EnDUx3bmyWc6D4szJNVGtaR7zc_mnfAHmddVibnZNSkh8DvKaQoiEfNsxjXzH_mqPCfvqTfYctXMUfmniXeG2nyaN8w6tPmj_3',5,11021663,'6e8bf66cbd6636aca1802459b730a99548624e48e243b840e0b34a12bede17ec',100,310125,'matched');
INSERT INTO rps VALUES(29,'607c21b3652839a5aa0b6208d0c0cbc13c92954d604f7051e5017b7b38d9c5bb',310028,'2_mn6q3dS2EnDUx3bmyWc6D4szJNVGtaR7zc_mnfAHmddVibnZNSkh8DvKaQoiEfNsxjXzH_mtQheFaSfWELRB2MyMBaiWjdDm6ux9Ezns_3',5,11021663,'6a886d74c2d4b1d7a35fd9159333ef64ba45a04d7aeeeb4538f958603c16fc5d',10,310038,'expired');
INSERT INTO rps VALUES(48,'429e8398bff13971315c5fc738ed798797db4541cb87606ad65e24afb62335ea',310047,'2_mn6q3dS2EnDUx3bmyWc6D4szJNVGtaR7zc_mnfAHmddVibnZNSkh8DvKaQoiEfNsxjXzH_mtQheFaSfWELRB2MyMBaiWjdDm6ux9Ezns_3',5,11021664,'6a886d74c2d4b1d7a35fd9159333ef64ba45a04d7aeeeb4538f958603c16fc5d',10,310057,'matched');
INSERT INTO rps VALUES(49,'0c8835870bf2929b60aaafe5c0b7962d0476977638bd564f84e6b3ed73fb194b',310048,'2_mn6q3dS2EnDUx3bmyWc6D4szJNVGtaR7zc_mnfAHmddVibnZNSkh8DvKaQoiEfNsxjXzH_mqPCfvqTfYctXMUfmniXeG2nyaN8w6tPmj_3',5,11021664,'6a886d74c2d4b1d7a35fd9159333ef64ba45a04d7aeeeb4538f958603c16fc5d',10,310058,'matched');
INSERT INTO rps VALUES(75,'8dd0a5f27bcb77b5b3f9de3ab2bdb826d6d068e18d0d84e70d72ab24f96537be',310074,'2_mn6q3dS2EnDUx3bmyWc6D4szJNVGtaR7zc_mnfAHmddVibnZNSkh8DvKaQoiEfNsxjXzH_mtQheFaSfWELRB2MyMBaiWjdDm6ux9Ezns_3',5,11021665,'6a886d74c2d4b1d7a35fd9159333ef64ba45a04d7aeeeb4538f958603c16fc5d',10,310084,'matched');
INSERT INTO rps VALUES(76,'ce5b732f98efdc6dd02355f406b521801b1cbe75739f5137217f9deed2419b85',310075,'2_mn6q3dS2EnDUx3bmyWc6D4szJNVGtaR7zc_mnfAHmddVibnZNSkh8DvKaQoiEfNsxjXzH_mqPCfvqTfYctXMUfmniXeG2nyaN8w6tPmj_3',5,11021665,'6a886d74c2d4b1d7a35fd9159333ef64ba45a04d7aeeeb4538f958603c16fc5d',10,310085,'matched');
-- Triggers and indices on  rps
CREATE INDEX matching_idx ON rps (wager, possible_moves);

-- Table  rps_expirations
DROP TABLE IF EXISTS rps_expirations;
CREATE TABLE rps_expirations(
                      rps_index INTEGER PRIMARY KEY,
                      rps_hash TEXT UNIQUE,
                      source TEXT,
                      block_index INTEGER,
                      FOREIGN KEY (block_index) REFERENCES blocks(block_index),
                      FOREIGN KEY (rps_index, rps_hash) REFERENCES rps(tx_index, tx_hash));
INSERT INTO rps_expirations VALUES(29,'607c21b3652839a5aa0b6208d0c0cbc13c92954d604f7051e5017b7b38d9c5bb','2_mn6q3dS2EnDUx3bmyWc6D4szJNVGtaR7zc_mnfAHmddVibnZNSkh8DvKaQoiEfNsxjXzH_mtQheFaSfWELRB2MyMBaiWjdDm6ux9Ezns_3',310039);

-- Table  rps_match_expirations
DROP TABLE IF EXISTS rps_match_expirations;
CREATE TABLE rps_match_expirations(
                      rps_match_id TEXT PRIMARY KEY,
                      tx0_address TEXT,
                      tx1_address TEXT,
                      block_index INTEGER,
                      FOREIGN KEY (rps_match_id) REFERENCES rps_matches(id),
                      FOREIGN KEY (block_index) REFERENCES blocks(block_index));
INSERT INTO rps_match_expirations VALUES('429e8398bff13971315c5fc738ed798797db4541cb87606ad65e24afb62335ea_0c8835870bf2929b60aaafe5c0b7962d0476977638bd564f84e6b3ed73fb194b','2_mn6q3dS2EnDUx3bmyWc6D4szJNVGtaR7zc_mnfAHmddVibnZNSkh8DvKaQoiEfNsxjXzH_mtQheFaSfWELRB2MyMBaiWjdDm6ux9Ezns_3','2_mn6q3dS2EnDUx3bmyWc6D4szJNVGtaR7zc_mnfAHmddVibnZNSkh8DvKaQoiEfNsxjXzH_mqPCfvqTfYctXMUfmniXeG2nyaN8w6tPmj_3',310069);
INSERT INTO rps_match_expirations VALUES('8dd0a5f27bcb77b5b3f9de3ab2bdb826d6d068e18d0d84e70d72ab24f96537be_ce5b732f98efdc6dd02355f406b521801b1cbe75739f5137217f9deed2419b85','2_mn6q3dS2EnDUx3bmyWc6D4szJNVGtaR7zc_mnfAHmddVibnZNSkh8DvKaQoiEfNsxjXzH_mtQheFaSfWELRB2MyMBaiWjdDm6ux9Ezns_3','2_mn6q3dS2EnDUx3bmyWc6D4szJNVGtaR7zc_mnfAHmddVibnZNSkh8DvKaQoiEfNsxjXzH_mqPCfvqTfYctXMUfmniXeG2nyaN8w6tPmj_3',310096);

-- Table  rps_matches
DROP TABLE IF EXISTS rps_matches;
CREATE TABLE rps_matches(
                      id TEXT PRIMARY KEY,
                      tx0_index INTEGER,
                      tx0_hash TEXT,
                      tx0_address TEXT,
                      tx1_index INTEGER,
                      tx1_hash TEXT,
                      tx1_address TEXT,
                      tx0_move_random_hash TEXT,
                      tx1_move_random_hash TEXT,
                      wager INTEGER,
                      possible_moves INTEGER,
                      tx0_block_index INTEGER,
                      tx1_block_index INTEGER,
                      block_index INTEGER,
                      tx0_expiration INTEGER,
                      tx1_expiration INTEGER,
                      match_expire_index INTEGER,
                      status TEXT,
                      FOREIGN KEY (tx0_index, tx0_hash, tx0_block_index) REFERENCES transactions(tx_index, tx_hash, block_index),
                      FOREIGN KEY (tx1_index, tx1_hash, tx1_block_index) REFERENCES transactions(tx_index, tx_hash, block_index));
INSERT INTO rps_matches VALUES('03985f244743b2c4067608cf3e3540f921aa84f9a915c1cfb662fef681af8357_faf4abea3f7c5303a1c4622ce5ff80994f9523eb1cace08914eaa91a4c7a31df',25,'03985f244743b2c4067608cf3e3540f921aa84f9a915c1cfb662fef681af8357','2_mn6q3dS2EnDUx3bmyWc6D4szJNVGtaR7zc_mnfAHmddVibnZNSkh8DvKaQoiEfNsxjXzH_mtQheFaSfWELRB2MyMBaiWjdDm6ux9Ezns_3',26,'faf4abea3f7c5303a1c4622ce5ff80994f9523eb1cace08914eaa91a4c7a31df','2_mn6q3dS2EnDUx3bmyWc6D4szJNVGtaR7zc_mnfAHmddVibnZNSkh8DvKaQoiEfNsxjXzH_mqPCfvqTfYctXMUfmniXeG2nyaN8w6tPmj_3','6a886d74c2d4b1d7a35fd9159333ef64ba45a04d7aeeeb4538f958603c16fc5d','6e8bf66cbd6636aca1802459b730a99548624e48e243b840e0b34a12bede17ec',11021663,5,310024,310025,310025,100,100,310045,'concluded: first player wins');
INSERT INTO rps_matches VALUES('429e8398bff13971315c5fc738ed798797db4541cb87606ad65e24afb62335ea_0c8835870bf2929b60aaafe5c0b7962d0476977638bd564f84e6b3ed73fb194b',48,'429e8398bff13971315c5fc738ed798797db4541cb87606ad65e24afb62335ea','2_mn6q3dS2EnDUx3bmyWc6D4szJNVGtaR7zc_mnfAHmddVibnZNSkh8DvKaQoiEfNsxjXzH_mtQheFaSfWELRB2MyMBaiWjdDm6ux9Ezns_3',49,'0c8835870bf2929b60aaafe5c0b7962d0476977638bd564f84e6b3ed73fb194b','2_mn6q3dS2EnDUx3bmyWc6D4szJNVGtaR7zc_mnfAHmddVibnZNSkh8DvKaQoiEfNsxjXzH_mqPCfvqTfYctXMUfmniXeG2nyaN8w6tPmj_3','6a886d74c2d4b1d7a35fd9159333ef64ba45a04d7aeeeb4538f958603c16fc5d','6a886d74c2d4b1d7a35fd9159333ef64ba45a04d7aeeeb4538f958603c16fc5d',11021664,5,310047,310048,310048,10,10,310068,'expired');
INSERT INTO rps_matches VALUES('8dd0a5f27bcb77b5b3f9de3ab2bdb826d6d068e18d0d84e70d72ab24f96537be_ce5b732f98efdc6dd02355f406b521801b1cbe75739f5137217f9deed2419b85',75,'8dd0a5f27bcb77b5b3f9de3ab2bdb826d6d068e18d0d84e70d72ab24f96537be','2_mn6q3dS2EnDUx3bmyWc6D4szJNVGtaR7zc_mnfAHmddVibnZNSkh8DvKaQoiEfNsxjXzH_mtQheFaSfWELRB2MyMBaiWjdDm6ux9Ezns_3',76,'ce5b732f98efdc6dd02355f406b521801b1cbe75739f5137217f9deed2419b85','2_mn6q3dS2EnDUx3bmyWc6D4szJNVGtaR7zc_mnfAHmddVibnZNSkh8DvKaQoiEfNsxjXzH_mqPCfvqTfYctXMUfmniXeG2nyaN8w6tPmj_3','6a886d74c2d4b1d7a35fd9159333ef64ba45a04d7aeeeb4538f958603c16fc5d','6a886d74c2d4b1d7a35fd9159333ef64ba45a04d7aeeeb4538f958603c16fc5d',11021665,5,310074,310075,310075,10,10,310095,'concluded: first player wins');
-- Triggers and indices on  rps_matches
CREATE INDEX rps_match_expire_idx ON rps_matches (status, match_expire_index);
CREATE INDEX rps_tx0_address_idx ON rps_matches (tx0_address);
CREATE INDEX rps_tx1_address_idx ON rps_matches (tx1_address);

-- Table  rpsresolves
DROP TABLE IF EXISTS rpsresolves;
CREATE TABLE rpsresolves(
                      tx_index INTEGER PRIMARY KEY,
                      tx_hash TEXT UNIQUE,
                      block_index INTEGER,
                      source TEXT,
                      move INTEGER,
                      random TEXT,
                      rps_match_id TEXT,
                      status TEXT,
                      FOREIGN KEY (tx_index, tx_hash, block_index) REFERENCES transactions(tx_index, tx_hash, block_index));
INSERT INTO rpsresolves VALUES(27,'8d997f35f61df2f01e4dc46b25c4d73e700ee5e162772eec74035d12dd33f822',310026,'2_mn6q3dS2EnDUx3bmyWc6D4szJNVGtaR7zc_mnfAHmddVibnZNSkh8DvKaQoiEfNsxjXzH_mtQheFaSfWELRB2MyMBaiWjdDm6ux9Ezns_3',3,'7a4488d61ed8f2e9fa2874113fccb8b1','03985f244743b2c4067608cf3e3540f921aa84f9a915c1cfb662fef681af8357_faf4abea3f7c5303a1c4622ce5ff80994f9523eb1cace08914eaa91a4c7a31df','valid');
INSERT INTO rpsresolves VALUES(28,'5e77b797b7ebb918e93b2171d29457aaad51ff706f6621502c06e4fee8b69645',310027,'2_mn6q3dS2EnDUx3bmyWc6D4szJNVGtaR7zc_mnfAHmddVibnZNSkh8DvKaQoiEfNsxjXzH_mqPCfvqTfYctXMUfmniXeG2nyaN8w6tPmj_3',5,'fa765e80203cba24a298e4458f63ff6b','03985f244743b2c4067608cf3e3540f921aa84f9a915c1cfb662fef681af8357_faf4abea3f7c5303a1c4622ce5ff80994f9523eb1cace08914eaa91a4c7a31df','valid');
INSERT INTO rpsresolves VALUES(77,'17844e64dbc8c9dea7c802c85f0d19cdf333534afb7d66393602467d7ae1cdad',310076,'2_mn6q3dS2EnDUx3bmyWc6D4szJNVGtaR7zc_mnfAHmddVibnZNSkh8DvKaQoiEfNsxjXzH_mtQheFaSfWELRB2MyMBaiWjdDm6ux9Ezns_3',3,'7a4488d61ed8f2e9fa2874113fccb8b1','8dd0a5f27bcb77b5b3f9de3ab2bdb826d6d068e18d0d84e70d72ab24f96537be_ce5b732f98efdc6dd02355f406b521801b1cbe75739f5137217f9deed2419b85','valid');
-- Triggers and indices on  rpsresolves
CREATE INDEX rps_match_id_idx ON rpsresolves (rps_match_id);

-- Table  sends
DROP TABLE IF EXISTS sends;
CREATE TABLE sends(
                      tx_index INTEGER PRIMARY KEY,
                      tx_hash TEXT UNIQUE,
                      block_index INTEGER,
                      source TEXT,
                      destination TEXT,
                      asset TEXT,
                      quantity INTEGER,
                      status TEXT,
                      FOREIGN KEY (tx_index, tx_hash, block_index) REFERENCES transactions(tx_index, tx_hash, block_index));
INSERT INTO sends VALUES(2,'57b64b187b6f1e078e087250efb9a5fbbfd0a82cd9ec0cf8d0e3527e5bde97cc',310001,'2_mn6q3dS2EnDUx3bmyWc6D4szJNVGtaR7zc_mnfAHmddVibnZNSkh8DvKaQoiEfNsxjXzH_mtQheFaSfWELRB2MyMBaiWjdDm6ux9Ezns_3','2_mn6q3dS2EnDUx3bmyWc6D4szJNVGtaR7zc_mnfAHmddVibnZNSkh8DvKaQoiEfNsxjXzH_mqPCfvqTfYctXMUfmniXeG2nyaN8w6tPmj_3','XCP',50000000,'valid');
INSERT INTO sends VALUES(8,'0594b29cf5509ada0dfdd0ecd13cb0a03721de2d0e03cc5694d6dd57ff72e712',310007,'2_mn6q3dS2EnDUx3bmyWc6D4szJNVGtaR7zc_mnfAHmddVibnZNSkh8DvKaQoiEfNsxjXzH_mtQheFaSfWELRB2MyMBaiWjdDm6ux9Ezns_3','2_mn6q3dS2EnDUx3bmyWc6D4szJNVGtaR7zc_mnfAHmddVibnZNSkh8DvKaQoiEfNsxjXzH_mqPCfvqTfYctXMUfmniXeG2nyaN8w6tPmj_3','BBBB',4000000,'valid');
INSERT INTO sends VALUES(9,'366eadd909699c9a9bc129566585c0a5c7fbc8a6f0e9672a18199bf68e61ad0a',310008,'2_mn6q3dS2EnDUx3bmyWc6D4szJNVGtaR7zc_mnfAHmddVibnZNSkh8DvKaQoiEfNsxjXzH_mtQheFaSfWELRB2MyMBaiWjdDm6ux9Ezns_3','2_mn6q3dS2EnDUx3bmyWc6D4szJNVGtaR7zc_mnfAHmddVibnZNSkh8DvKaQoiEfNsxjXzH_mqPCfvqTfYctXMUfmniXeG2nyaN8w6tPmj_3','BBBC',526,'valid');
INSERT INTO sends VALUES(24,'427871f2546358fef869b5201c154b33f3c18e8d8f6ab901dfc517f73cad2513',310023,'2_mn6q3dS2EnDUx3bmyWc6D4szJNVGtaR7zc_mnfAHmddVibnZNSkh8DvKaQoiEfNsxjXzH_mtQheFaSfWELRB2MyMBaiWjdDm6ux9Ezns_3','2_mn6q3dS2EnDUx3bmyWc6D4szJNVGtaR7zc_mnfAHmddVibnZNSkh8DvKaQoiEfNsxjXzH_mqPCfvqTfYctXMUfmniXeG2nyaN8w6tPmj_3','BBBC',10000,'valid');
-- Triggers and indices on  sends
CREATE INDEX destination_idx ON sends (destination);
CREATE INDEX source_idx ON sends (source);

-- Table  storage
DROP TABLE IF EXISTS storage;
CREATE TABLE storage(
                      contract_id TEXT,
                      key BLOB,
                      value BLOB,
                      FOREIGN KEY (contract_id) REFERENCES contracts(contract_id));

-- Table  suicides
DROP TABLE IF EXISTS suicides;
CREATE TABLE suicides(
                      contract_id TEXT PRIMARY KEY,
                      FOREIGN KEY (contract_id) REFERENCES contracts(contract_id));

-- Table  transactions
DROP TABLE IF EXISTS transactions;
CREATE TABLE transactions(
                      tx_index INTEGER UNIQUE,
                      tx_hash TEXT UNIQUE,
                      block_index INTEGER,
                      block_hash TEXT,
                      block_time INTEGER,
                      source TEXT,
                      destination TEXT,
                      btc_amount INTEGER,
                      fee INTEGER,
                      data BLOB,
                      supported BOOL DEFAULT 1,
                      FOREIGN KEY (block_index, block_hash) REFERENCES blocks(block_index, block_hash),
                      PRIMARY KEY (tx_index, tx_hash, block_index));
INSERT INTO transactions VALUES(1,'724e5f8f5ffdafe0af9a0dd91151d4db4168c7bc924f8cc63ce07b6edc9e1f6f',310000,'2ee5123266f21fb8f65495c281a368e1b9f93b6c411986e06efc895a8d82467683e6ea5d863714b23582c1c59576650d07c405a8d9bf0d088ee65621178b259d',3100000000000,'2_mn6q3dS2EnDUx3bmyWc6D4szJNVGtaR7zc_mnfAHmddVibnZNSkh8DvKaQoiEfNsxjXzH_mtQheFaSfWELRB2MyMBaiWjdDm6ux9Ezns_3','mvCounterpartyXXXXXXXXXXXXXXW24Hef',62000000,10000,X'',1);
INSERT INTO transactions VALUES(2,'57b64b187b6f1e078e087250efb9a5fbbfd0a82cd9ec0cf8d0e3527e5bde97cc',310001,'03a9a24e190a996364217761558e380b94ae9792b8b4dcaa92b6c58d80b9f8f7fcf9a34037be4cd6ad5e0c039b511cccc40c3438a5067822e3cd309f06519612',3100010000000,'2_mn6q3dS2EnDUx3bmyWc6D4szJNVGtaR7zc_mnfAHmddVibnZNSkh8DvKaQoiEfNsxjXzH_mtQheFaSfWELRB2MyMBaiWjdDm6ux9Ezns_3','2_mn6q3dS2EnDUx3bmyWc6D4szJNVGtaR7zc_mnfAHmddVibnZNSkh8DvKaQoiEfNsxjXzH_mqPCfvqTfYctXMUfmniXeG2nyaN8w6tPmj_3',7800,10000,X'0000000000000000000000010000000002FAF080',1);
INSERT INTO transactions VALUES(3,'b898ed7f73ba34981adde222bf27498f66f352254817b0f4d07156a62b387e86',310002,'d574e4fee71454532c0207f27b9c46f07c5c2e20f43829ddeee8f798053413ac6e0d1b9ad2259a0370fe08581fab3e950ce629db5fadd823251254bf606a05bd',3100020000000,'2_mn6q3dS2EnDUx3bmyWc6D4szJNVGtaR7zc_mnfAHmddVibnZNSkh8DvKaQoiEfNsxjXzH_mtQheFaSfWELRB2MyMBaiWjdDm6ux9Ezns_3','',0,1000000,X'0000000A00000000000000000000000002FAF08000000000000000010000000005F5E100000A0000000000000000',1);
INSERT INTO transactions VALUES(4,'bc36229a30165dd3d5f927646292fa4b1b024c50ed3490ce578946020f4f29ed',310003,'44392d9d661459ba31140c59e7d8bcd16b071c864c59f65e2edd9e3c16d598e81aaba40f11019a379bfc6d7811e0265fbb8b276d99cdea7f739fb736f433052a',3100030000000,'2_mn6q3dS2EnDUx3bmyWc6D4szJNVGtaR7zc_mnfAHmddVibnZNSkh8DvKaQoiEfNsxjXzH_mtQheFaSfWELRB2MyMBaiWjdDm6ux9Ezns_3','',0,10000,X'0000000A00000000000000010000000006422C4000000000000000000000000002FAF080000A00000000000DBBA0',1);
INSERT INTO transactions VALUES(5,'5d1094e6926710beba0f2977f8a2ff69db00f732006df421669c7110af837f78',310004,'58c6f6fbf77a64a5e0df123b1258ae6c3e6d4e21901cc942aeb67b1332422c71e1e7e996c5d4f403159ce5ca3863b7ec7ef8281bbbce5960e258492872055fb5',3100040000000,'2_mn6q3dS2EnDUx3bmyWc6D4szJNVGtaR7zc_mnfAHmddVibnZNSkh8DvKaQoiEfNsxjXzH_mtQheFaSfWELRB2MyMBaiWjdDm6ux9Ezns_3','2_mn6q3dS2EnDUx3bmyWc6D4szJNVGtaR7zc_mnfAHmddVibnZNSkh8DvKaQoiEfNsxjXzH_mtQheFaSfWELRB2MyMBaiWjdDm6ux9Ezns_3',50000000,10000,X'0000000BB898ED7F73BA34981ADDE222BF27498F66F352254817B0F4D07156A62B387E86BC36229A30165DD3D5F927646292FA4B1B024C50ED3490CE578946020F4F29ED',1);
INSERT INTO transactions VALUES(6,'909e8134d366b0dc29e0284c4106911fa1c387abac07515329a14c290cf92226',310005,'348a1b690661597ee6e950446e7a1deb8bef7906c0e98a78ab4d0fe799fac5f3007dcd648ff0c61da35b19cf99f16f3028e10ba206968475d741fa8a86c4a7ae',3100050000000,'2_mn6q3dS2EnDUx3bmyWc6D4szJNVGtaR7zc_mnfAHmddVibnZNSkh8DvKaQoiEfNsxjXzH_mtQheFaSfWELRB2MyMBaiWjdDm6ux9Ezns_3','',0,10000,X'000000140000000000004767000000003B9ACA000100000000000000000000',1);
INSERT INTO transactions VALUES(7,'f9d8406320e386b40ba1ca42936ca51c0ddbd4fbc97862f3b3f43c8fae80f98a',310006,'9d31b774b633c35635b71669c07880b521880cee9298b6aba44752ec1734cd2aa26b3bed95409d874e68685636a31a038b784d3e085525ab8c26f7e3b7ba3676',3100060000000,'2_mn6q3dS2EnDUx3bmyWc6D4szJNVGtaR7zc_mnfAHmddVibnZNSkh8DvKaQoiEfNsxjXzH_mtQheFaSfWELRB2MyMBaiWjdDm6ux9Ezns_3','',0,10000,X'00000014000000000000476800000000000186A00000000000000000000006666F6F626172',1);
INSERT INTO transactions VALUES(8,'0594b29cf5509ada0dfdd0ecd13cb0a03721de2d0e03cc5694d6dd57ff72e712',310007,'41007a4ed39e7df941059c3db6b24b74c1913b80e0fd38d0073a5b121880fd0f7e98989d8d70766957919371fdaf4e5b44125f9f7c449c3b6bea298253075fe3',3100070000000,'2_mn6q3dS2EnDUx3bmyWc6D4szJNVGtaR7zc_mnfAHmddVibnZNSkh8DvKaQoiEfNsxjXzH_mtQheFaSfWELRB2MyMBaiWjdDm6ux9Ezns_3','2_mn6q3dS2EnDUx3bmyWc6D4szJNVGtaR7zc_mnfAHmddVibnZNSkh8DvKaQoiEfNsxjXzH_mqPCfvqTfYctXMUfmniXeG2nyaN8w6tPmj_3',7800,10000,X'00000000000000000000476700000000003D0900',1);
INSERT INTO transactions VALUES(9,'366eadd909699c9a9bc129566585c0a5c7fbc8a6f0e9672a18199bf68e61ad0a',310008,'aa28e5948d1158f318393846b4ef67e53ca4c4b047ed8b06eb861db29914e9f1dfe11a8b73aa2225519843661a61e9038cb347015be916c5a44222ed71b8b604',3100080000000,'2_mn6q3dS2EnDUx3bmyWc6D4szJNVGtaR7zc_mnfAHmddVibnZNSkh8DvKaQoiEfNsxjXzH_mtQheFaSfWELRB2MyMBaiWjdDm6ux9Ezns_3','2_mn6q3dS2EnDUx3bmyWc6D4szJNVGtaR7zc_mnfAHmddVibnZNSkh8DvKaQoiEfNsxjXzH_mqPCfvqTfYctXMUfmniXeG2nyaN8w6tPmj_3',7800,10000,X'000000000000000000004768000000000000020E',1);
INSERT INTO transactions VALUES(10,'5e6f43d92fc0babe165d1ab0bb353702b863f4621666c08adae8860eb7a52650',310009,'550d7d84590c6e4e7caed4e722151f7e110dc39bf3f54f719babfe89775095abb2d2454014b4cb01fb1e0a7e91639559ce17e096be5178b5c2ca5b22ad41b33a',3100090000000,'2_mn6q3dS2EnDUx3bmyWc6D4szJNVGtaR7zc_mnfAHmddVibnZNSkh8DvKaQoiEfNsxjXzH_mtQheFaSfWELRB2MyMBaiWjdDm6ux9Ezns_3','',0,10000,X'00000032000000000000025800000000000047670000000000000001',1);
INSERT INTO transactions VALUES(11,'c4b27c35656dd09aa90682281ee17f707efd2c93ad1c2418af1d9607b26d700c',310010,'477c4a3445e32cd0c8ef67c808ac6a6362ebc953c396e2d5c0d7e4f185becd15fa99bd7635358dbb3b5a92e9f03b7fa2dda8d4714e181ec4552b279df3ba81f0',3100100000000,'2_mn6q3dS2EnDUx3bmyWc6D4szJNVGtaR7zc_mnfAHmddVibnZNSkh8DvKaQoiEfNsxjXzH_mtQheFaSfWELRB2MyMBaiWjdDm6ux9Ezns_3','',0,10000,X'00000032000000000000032000000000000047680000000000000001',1);
INSERT INTO transactions VALUES(12,'9f5ff54a56b5e62f2b627f2dabc6f986c4db2a660c7ac8f0cf02683de22de6ee',310011,'05f81b5c1b067b647894014cea65558826be42cca20a6cccb8623d80059182b77da00922539c59a0a7b63f6f011ca0f564fada0451e891644728b874c65267b9',3100110000000,'2_mn6q3dS2EnDUx3bmyWc6D4szJNVGtaR7zc_mnfAHmddVibnZNSkh8DvKaQoiEfNsxjXzH_mtQheFaSfWELRB2MyMBaiWjdDm6ux9Ezns_3','',0,10000,X'0000001E52BB33004059000000000000004C4B4009556E69742054657374',1);
INSERT INTO transactions VALUES(13,'3c721f1d55d6bb3422daea418e5a00b5dbc373df6ef1bbe39a81b8ddf042e72e',310012,'e9d898aae43fc103110e4935cabf01b6016571b1af82e27af04b57c12302b05eab217f075ac3344b0a422e76b8c762c119cb290c867bb6eed432994ec28af027',3100120000000,'2_mn6q3dS2EnDUx3bmyWc6D4szJNVGtaR7zc_mnfAHmddVibnZNSkh8DvKaQoiEfNsxjXzH_mtQheFaSfWELRB2MyMBaiWjdDm6ux9Ezns_3','2_mn6q3dS2EnDUx3bmyWc6D4szJNVGtaR7zc_mnfAHmddVibnZNSkh8DvKaQoiEfNsxjXzH_mtQheFaSfWELRB2MyMBaiWjdDm6ux9Ezns_3',7800,10000,X'00000028000052BB33640000000002FAF08000000000017D7840000000000000000000003B100000000A',1);
INSERT INTO transactions VALUES(14,'9f205514c52b9a827e862a6c4d22097ae1aba5f9bdc1c65f01f08ac76e3134b5',310013,'2251b497007459321f72cda82681d07d131dd81cc29137b18c534bbb09271678f4497d0316ffac262f021f901078926dee11c791a3524ad850ee948474abd3b5',3100130000000,'2_mn6q3dS2EnDUx3bmyWc6D4szJNVGtaR7zc_mnfAHmddVibnZNSkh8DvKaQoiEfNsxjXzH_mtQheFaSfWELRB2MyMBaiWjdDm6ux9Ezns_3','2_mn6q3dS2EnDUx3bmyWc6D4szJNVGtaR7zc_mnfAHmddVibnZNSkh8DvKaQoiEfNsxjXzH_mtQheFaSfWELRB2MyMBaiWjdDm6ux9Ezns_3',7800,10000,X'00000028000152BB336400000000017D78400000000002793D60000000000000000000003B100000000A',1);
INSERT INTO transactions VALUES(15,'c3d4f3c3bcf02d2146e1ab76437001b1c406f54f603979dbe66d97ba9f59e540',310014,'f98fb331e66361507190a1cb1df81b814d24517e7f219029c068b649c9b8a75703770369ebafd864d104225d6fe1fbf13705d1a37a819b04fb151ed390d7bcf8',3100140000000,'2_mn6q3dS2EnDUx3bmyWc6D4szJNVGtaR7zc_mnfAHmddVibnZNSkh8DvKaQoiEfNsxjXzH_mtQheFaSfWELRB2MyMBaiWjdDm6ux9Ezns_3','2_mn6q3dS2EnDUx3bmyWc6D4szJNVGtaR7zc_mnfAHmddVibnZNSkh8DvKaQoiEfNsxjXzH_mtQheFaSfWELRB2MyMBaiWjdDm6ux9Ezns_3',7800,10000,X'00000028000052BB33640000000008F0D1800000000014DC93800000000000000000000013B00000000A',1);
INSERT INTO transactions VALUES(16,'7ea4bcba4018b3b01789aa88489287e6ba8bb5ca13c75880895a8560e35531df',310015,'7c25469d6b4fed0e8bb9e4325994c4de1737570fece605b4ca388be6921406b64a395dc519b33c0dff4f93930b32737a941bbb850e31f2ebcd2caba520bc2820',3100150000000,'2_mn6q3dS2EnDUx3bmyWc6D4szJNVGtaR7zc_mnfAHmddVibnZNSkh8DvKaQoiEfNsxjXzH_mtQheFaSfWELRB2MyMBaiWjdDm6ux9Ezns_3','2_mn6q3dS2EnDUx3bmyWc6D4szJNVGtaR7zc_mnfAHmddVibnZNSkh8DvKaQoiEfNsxjXzH_mtQheFaSfWELRB2MyMBaiWjdDm6ux9Ezns_3',7800,10000,X'00000028000152BB33640000000014DC93800000000008F0D1800000000000000000000013B00000000A',1);
INSERT INTO transactions VALUES(17,'90196b0aea00ba6b2b83fc709fcd7efbb6708b4d7073b3ec4d5916e2325bf2b5',310016,'9f1c56677b369099f059cc145b98f2e3f8895631cdf0f72b7fe76fd953ab68c202329848dfb53f8146552876eba37f50ed02da34f23447f518449bf0ac0cc29e',3100160000000,'2_mn6q3dS2EnDUx3bmyWc6D4szJNVGtaR7zc_mnfAHmddVibnZNSkh8DvKaQoiEfNsxjXzH_mtQheFaSfWELRB2MyMBaiWjdDm6ux9Ezns_3','2_mn6q3dS2EnDUx3bmyWc6D4szJNVGtaR7zc_mnfAHmddVibnZNSkh8DvKaQoiEfNsxjXzH_mtQheFaSfWELRB2MyMBaiWjdDm6ux9Ezns_3',7800,10000,X'00000028000252BB33C8000000002CB417800000000026BE36803FF0000000000000000013B00000000A',1);
INSERT INTO transactions VALUES(18,'a0cdb36577e8b47fb08cf7c5bee2fcaac9f41eb34859b2ccca34e9ae673aa7ca',310017,'4c02945de20ccdc874ae21bf56aea2f40a029c17b81fcf602b367bdbc286f9ec0cacab35fc07ac60aefa4a96a586aed20129ad66d45ab87697704d731e06b40d',3100170000000,'2_mn6q3dS2EnDUx3bmyWc6D4szJNVGtaR7zc_mnfAHmddVibnZNSkh8DvKaQoiEfNsxjXzH_mtQheFaSfWELRB2MyMBaiWjdDm6ux9Ezns_3','2_mn6q3dS2EnDUx3bmyWc6D4szJNVGtaR7zc_mnfAHmddVibnZNSkh8DvKaQoiEfNsxjXzH_mtQheFaSfWELRB2MyMBaiWjdDm6ux9Ezns_3',7800,10000,X'00000028000352BB33C80000000026BE3680000000002CB417803FF0000000000000000013B00000000A',1);
INSERT INTO transactions VALUES(19,'2cf50ce07191567ced39845adf13e2bca9adca6055ed2ad299ebf90564822c32',310018,'6a26d120314af1710052c8f8f78453f944a146039679c781e04ddbb5a2d010927726fa6f81d3e01fc1fcc3363c06e8e1a81a35636684c4dbcd51edf561a9c0fc',3100180000000,'2_mn6q3dS2EnDUx3bmyWc6D4szJNVGtaR7zc_mnfAHmddVibnZNSkh8DvKaQoiEfNsxjXzH_mtQheFaSfWELRB2MyMBaiWjdDm6ux9Ezns_3','',0,10000,X'0000001E52BB33324058F7256FFC115E004C4B4009556E69742054657374',1);
INSERT INTO transactions VALUES(20,'80bb2efa14a82163b111b46fbd1889d3cb2bb57041a0e2fa3b4026b7852279f1',310019,'592e775a9259b1a5a7b0d7c2e028ff320783e7b49243ed6a20ece89a72964f3af4ed129698c4a143ad682a1493f982c5f8193d3b0e36b3df43964520409beb7a',3100190000000,'2_mn6q3dS2EnDUx3bmyWc6D4szJNVGtaR7zc_mnfAHmddVibnZNSkh8DvKaQoiEfNsxjXzH_mtQheFaSfWELRB2MyMBaiWjdDm6ux9Ezns_3','',0,10000,X'0000001E52BB3365405915F3B645A1CB004C4B4009556E69742054657374',1);
INSERT INTO transactions VALUES(21,'e0e7a6b5c26162a9abb0b314d8ff1687037e491a46abc4ee20cd93f321af3c52',310020,'87fac74eef20e6121d9a66c90481f801a10d636976a6a6e7cf42fc38cc104a470e1b4cab3f9670be86c93ec1a407a1b464599121df6c8109ec7247b25c7efc62',3100200000000,'2_mn6q3dS2EnDUx3bmyWc6D4szJNVGtaR7zc_mnfAHmddVibnZNSkh8DvKaQoiEfNsxjXzH_mtQheFaSfWELRB2MyMBaiWjdDm6ux9Ezns_3','',0,10000,X'0000001E52BB33C94000000000000000004C4B4009556E69742054657374',1);
INSERT INTO transactions VALUES(22,'16bf8452913c046760c008794abdd614870c4653e0f0867800407f4e2b0167d7',310021,'68a4f307918e2f39fb393e5ad6a7e2fb2e35ab5043402ce37e984de670579682af5c7ef98637478bc0efeb579dc9aaca7f199116b390c452ceedca420909355d',3100210000000,'2_mn6q3dS2EnDUx3bmyWc6D4szJNVGtaR7zc_mnfAHmddVibnZNSkh8DvKaQoiEfNsxjXzH_mtQheFaSfWELRB2MyMBaiWjdDm6ux9Ezns_3','',0,10000,X'0000000A00000000000047670000000002FAF08000000000000000010000000002FAF080000A0000000000000000',1);
INSERT INTO transactions VALUES(23,'772fe56e3315640fa7c29c6518724801dbd11c0ae3305734d5ad9787fba0580a',310022,'5052fbeb009f77f5629fb701a2e4a379ef6c5591a87ab4d2315c8b79fc8821301b21f146150b2af542eddd82e8e94bc021dd1a9ef8e837891248ab68f4afa7d0',3100220000000,'2_mn6q3dS2EnDUx3bmyWc6D4szJNVGtaR7zc_mnfAHmddVibnZNSkh8DvKaQoiEfNsxjXzH_mtQheFaSfWELRB2MyMBaiWjdDm6ux9Ezns_3','mvCounterpartyXXXXXXXXXXXXXXW24Hef',100000000,10000,X'',1);
INSERT INTO transactions VALUES(24,'427871f2546358fef869b5201c154b33f3c18e8d8f6ab901dfc517f73cad2513',310023,'1aab02bbb1a7450d612af368e571d955812f9a376e9f7f80c8eb8296ec40ebfa964f5c9b5e56d4e0cc2d584b38c3280c2b8b2ac272ac00f4d0bffd5348006b4c',3100230000000,'2_mn6q3dS2EnDUx3bmyWc6D4szJNVGtaR7zc_mnfAHmddVibnZNSkh8DvKaQoiEfNsxjXzH_mtQheFaSfWELRB2MyMBaiWjdDm6ux9Ezns_3','2_mn6q3dS2EnDUx3bmyWc6D4szJNVGtaR7zc_mnfAHmddVibnZNSkh8DvKaQoiEfNsxjXzH_mqPCfvqTfYctXMUfmniXeG2nyaN8w6tPmj_3',7800,10000,X'0000000000000000000047680000000000002710',1);
INSERT INTO transactions VALUES(25,'03985f244743b2c4067608cf3e3540f921aa84f9a915c1cfb662fef681af8357',310024,'232fc55d72da13e22bb39e10cf9bdc29a634f1c6d13c598f8a1886fc6adde9f0db1ec92afc8f2e7e099ad1d225277067c9beebb14116168bcc961d43cc0a5b88',3100240000000,'2_mn6q3dS2EnDUx3bmyWc6D4szJNVGtaR7zc_mnfAHmddVibnZNSkh8DvKaQoiEfNsxjXzH_mtQheFaSfWELRB2MyMBaiWjdDm6ux9Ezns_3','',0,10000,X'0000005000050000000000A82D5F6A886D74C2D4B1D7A35FD9159333EF64BA45A04D7AEEEB4538F958603C16FC5D00000064',1);
INSERT INTO transactions VALUES(26,'faf4abea3f7c5303a1c4622ce5ff80994f9523eb1cace08914eaa91a4c7a31df',310025,'39e5551cc35f579114d5a36f841b8aa487e8277ede3b03bfe73f31b16ffc92d8a9535c485518839f3a1f5789222f234e3ac59e67f949ebb2f86044e72296a4fe',3100250000000,'2_mn6q3dS2EnDUx3bmyWc6D4szJNVGtaR7zc_mnfAHmddVibnZNSkh8DvKaQoiEfNsxjXzH_mqPCfvqTfYctXMUfmniXeG2nyaN8w6tPmj_3','',0,10000,X'0000005000050000000000A82D5F6E8BF66CBD6636ACA1802459B730A99548624E48E243B840E0B34A12BEDE17EC00000064',1);
INSERT INTO transactions VALUES(27,'8d997f35f61df2f01e4dc46b25c4d73e700ee5e162772eec74035d12dd33f822',310026,'dd6f9e911867c1680a777ed34699914cae82576da2f3fe064cec0f77af56f3af2b9309a9e56195f3a63897446e7cc37ebfa8257aa4758e81fcf70d9b12d77bbe',3100260000000,'2_mn6q3dS2EnDUx3bmyWc6D4szJNVGtaR7zc_mnfAHmddVibnZNSkh8DvKaQoiEfNsxjXzH_mtQheFaSfWELRB2MyMBaiWjdDm6ux9Ezns_3','',0,10000,X'0000005100037A4488D61ED8F2E9FA2874113FCCB8B103985F244743B2C4067608CF3E3540F921AA84F9A915C1CFB662FEF681AF8357FAF4ABEA3F7C5303A1C4622CE5FF80994F9523EB1CACE08914EAA91A4C7A31DF',1);
INSERT INTO transactions VALUES(28,'5e77b797b7ebb918e93b2171d29457aaad51ff706f6621502c06e4fee8b69645',310027,'9adde4402993118c8963435b66b5cd74676459f5aec1f4098ded4e99592879c8072b1603611ccb10fa2f1e7e88e087f812553796839664f2a3ed510c4aed9337',3100270000000,'2_mn6q3dS2EnDUx3bmyWc6D4szJNVGtaR7zc_mnfAHmddVibnZNSkh8DvKaQoiEfNsxjXzH_mqPCfvqTfYctXMUfmniXeG2nyaN8w6tPmj_3','',0,10000,X'000000510005FA765E80203CBA24A298E4458F63FF6B03985F244743B2C4067608CF3E3540F921AA84F9A915C1CFB662FEF681AF8357FAF4ABEA3F7C5303A1C4622CE5FF80994F9523EB1CACE08914EAA91A4C7A31DF',1);
INSERT INTO transactions VALUES(29,'607c21b3652839a5aa0b6208d0c0cbc13c92954d604f7051e5017b7b38d9c5bb',310028,'158e01a36be6070d70d4f5723fca07d5a49fa057b32c651893df7bf1c5752a41444ddb9499d11fdfdaa7b5a63070f9294a55e1a6a4e751ed154b5330dc10111e',3100280000000,'2_mn6q3dS2EnDUx3bmyWc6D4szJNVGtaR7zc_mnfAHmddVibnZNSkh8DvKaQoiEfNsxjXzH_mtQheFaSfWELRB2MyMBaiWjdDm6ux9Ezns_3','',0,10000,X'0000005000050000000000A82D5F6A886D74C2D4B1D7A35FD9159333EF64BA45A04D7AEEEB4538F958603C16FC5D0000000A',1);
INSERT INTO transactions VALUES(48,'429e8398bff13971315c5fc738ed798797db4541cb87606ad65e24afb62335ea',310047,'86c6061e10d6032dd6051842afb28b6121ba443e4ace7ebcc213258fbd8aa86136ea03f5c3eafe13e560b9589871011f786bf204cc8ac6a419c263f138ddf72c',3100470000000,'2_mn6q3dS2EnDUx3bmyWc6D4szJNVGtaR7zc_mnfAHmddVibnZNSkh8DvKaQoiEfNsxjXzH_mtQheFaSfWELRB2MyMBaiWjdDm6ux9Ezns_3','',0,10000,X'0000005000050000000000A82D606A886D74C2D4B1D7A35FD9159333EF64BA45A04D7AEEEB4538F958603C16FC5D0000000A',1);
INSERT INTO transactions VALUES(49,'0c8835870bf2929b60aaafe5c0b7962d0476977638bd564f84e6b3ed73fb194b',310048,'41f80924d6d10e6ff29f9926dcc1bc644a30d87657975c22165d4c54f8c30938b9bec93e24e7033bff0ad7e6540bec0ae0c3333c7f54499c7809c450cdf91451',3100480000000,'2_mn6q3dS2EnDUx3bmyWc6D4szJNVGtaR7zc_mnfAHmddVibnZNSkh8DvKaQoiEfNsxjXzH_mqPCfvqTfYctXMUfmniXeG2nyaN8w6tPmj_3','',0,10000,X'0000005000050000000000A82D606A886D74C2D4B1D7A35FD9159333EF64BA45A04D7AEEEB4538F958603C16FC5D0000000A',1);
INSERT INTO transactions VALUES(75,'8dd0a5f27bcb77b5b3f9de3ab2bdb826d6d068e18d0d84e70d72ab24f96537be',310074,'a00f647aa4b5d9142500fdc7da95b47c60c0affa3275cab56a875b1e082fa8037b3c32e6a002f92010c2d8bc1abaad10c2373fbd246b59e69af1e97df5c3a3f2',3100740000000,'2_mn6q3dS2EnDUx3bmyWc6D4szJNVGtaR7zc_mnfAHmddVibnZNSkh8DvKaQoiEfNsxjXzH_mtQheFaSfWELRB2MyMBaiWjdDm6ux9Ezns_3','',0,10000,X'0000005000050000000000A82D616A886D74C2D4B1D7A35FD9159333EF64BA45A04D7AEEEB4538F958603C16FC5D0000000A',1);
INSERT INTO transactions VALUES(76,'ce5b732f98efdc6dd02355f406b521801b1cbe75739f5137217f9deed2419b85',310075,'53035b827f91f83e75adef2f62607377fcffcd185902cb742a72d751e4d57e0432562fe92b0cc6f7221ecbe53ced6aea685ba2383dd9e2a78fce462778b75010',3100750000000,'2_mn6q3dS2EnDUx3bmyWc6D4szJNVGtaR7zc_mnfAHmddVibnZNSkh8DvKaQoiEfNsxjXzH_mqPCfvqTfYctXMUfmniXeG2nyaN8w6tPmj_3','',0,10000,X'0000005000050000000000A82D616A886D74C2D4B1D7A35FD9159333EF64BA45A04D7AEEEB4538F958603C16FC5D0000000A',1);
INSERT INTO transactions VALUES(77,'17844e64dbc8c9dea7c802c85f0d19cdf333534afb7d66393602467d7ae1cdad',310076,'98867155f362ec51c5d01c1ee81fec7c0fd5bf08892df7e78140ca21c443c084876793d528480ef54ea1e185fe435869dd7dd284119b92f4a3f63d05173a6580',3100760000000,'2_mn6q3dS2EnDUx3bmyWc6D4szJNVGtaR7zc_mnfAHmddVibnZNSkh8DvKaQoiEfNsxjXzH_mtQheFaSfWELRB2MyMBaiWjdDm6ux9Ezns_3','',0,10000,X'0000005100037A4488D61ED8F2E9FA2874113FCCB8B18DD0A5F27BCB77B5B3F9DE3AB2BDB826D6D068E18D0D84E70D72AB24F96537BECE5B732F98EFDC6DD02355F406B521801B1CBE75739F5137217F9DEED2419B85',1);
-- Triggers and indices on  transactions
CREATE INDEX index_hash_index_idx ON transactions (tx_index, tx_hash, block_index);
CREATE INDEX index_index_idx ON transactions (block_index, tx_index);
CREATE INDEX tx_hash_idx ON transactions (tx_hash);
CREATE INDEX tx_index_idx ON transactions (tx_index);

COMMIT TRANSACTION;
