-- PRAGMA page_size=1024;
-- PRAGMA encoding='UTF-8';
-- PRAGMA auto_vacuum=NONE;
-- PRAGMA max_page_count=1073741823;

BEGIN TRANSACTION;

-- Table  balances
DROP TABLE IF EXISTS balances;
CREATE TABLE balances(
                      address TEXT,
                      asset TEXT,
                      quantity INTEGER);
INSERT INTO balances VALUES('2_mn6q3dS2EnDUx3bmyWc6D4szJNVGtaR7zc_mnfAHmddVibnZNSkh8DvKaQoiEfNsxjXzH_mtQheFaSfWELRB2MyMBaiWjdDm6ux9Ezns_3','XCP',145135974292);
INSERT INTO balances VALUES('2_mn6q3dS2EnDUx3bmyWc6D4szJNVGtaR7zc_mnfAHmddVibnZNSkh8DvKaQoiEfNsxjXzH_mqPCfvqTfYctXMUfmniXeG2nyaN8w6tPmj_3','XCP',4763877496);
INSERT INTO balances VALUES('2_mn6q3dS2EnDUx3bmyWc6D4szJNVGtaR7zc_mnfAHmddVibnZNSkh8DvKaQoiEfNsxjXzH_mtQheFaSfWELRB2MyMBaiWjdDm6ux9Ezns_3','BBBB',996000000);
INSERT INTO balances VALUES('2_mn6q3dS2EnDUx3bmyWc6D4szJNVGtaR7zc_mnfAHmddVibnZNSkh8DvKaQoiEfNsxjXzH_mtQheFaSfWELRB2MyMBaiWjdDm6ux9Ezns_3','BBBC',92631);
INSERT INTO balances VALUES('2_mn6q3dS2EnDUx3bmyWc6D4szJNVGtaR7zc_mnfAHmddVibnZNSkh8DvKaQoiEfNsxjXzH_mqPCfvqTfYctXMUfmniXeG2nyaN8w6tPmj_3','BBBB',4000000);
INSERT INTO balances VALUES('2_mn6q3dS2EnDUx3bmyWc6D4szJNVGtaR7zc_mnfAHmddVibnZNSkh8DvKaQoiEfNsxjXzH_mqPCfvqTfYctXMUfmniXeG2nyaN8w6tPmj_3','BBBC',7369);
-- Triggers and indices on  balances
CREATE INDEX address_asset_idx ON balances (address, asset);

-- Table  bet_expirations
DROP TABLE IF EXISTS bet_expirations;
CREATE TABLE bet_expirations(
                      bet_index INTEGER PRIMARY KEY,
                      bet_hash TEXT UNIQUE,
                      source TEXT,
                      block_index INTEGER,
                      FOREIGN KEY (block_index) REFERENCES blocks(block_index),
                      FOREIGN KEY (bet_index, bet_hash) REFERENCES bets(tx_index, tx_hash));
INSERT INTO bet_expirations VALUES(13,'404d7fec015ffe20c472274178b516f53d97b8cb012d062be6404f8cc6054ad0','2_mn6q3dS2EnDUx3bmyWc6D4szJNVGtaR7zc_mnfAHmddVibnZNSkh8DvKaQoiEfNsxjXzH_mtQheFaSfWELRB2MyMBaiWjdDm6ux9Ezns_3',154931);

-- Table  bet_match_expirations
DROP TABLE IF EXISTS bet_match_expirations;
CREATE TABLE bet_match_expirations(
                      bet_match_id TEXT PRIMARY KEY,
                      tx0_address TEXT,
                      tx1_address TEXT,
                      block_index INTEGER,
                      FOREIGN KEY (bet_match_id) REFERENCES bet_matches(id),
                      FOREIGN KEY (block_index) REFERENCES blocks(block_index));
INSERT INTO bet_match_expirations VALUES('404d7fec015ffe20c472274178b516f53d97b8cb012d062be6404f8cc6054ad0184ebad637f6449733dd9fe6fffcb176f0720a89a31f0e2104eec262d6c5007a','2_mn6q3dS2EnDUx3bmyWc6D4szJNVGtaR7zc_mnfAHmddVibnZNSkh8DvKaQoiEfNsxjXzH_mtQheFaSfWELRB2MyMBaiWjdDm6ux9Ezns_3','2_mn6q3dS2EnDUx3bmyWc6D4szJNVGtaR7zc_mnfAHmddVibnZNSkh8DvKaQoiEfNsxjXzH_mtQheFaSfWELRB2MyMBaiWjdDm6ux9Ezns_3',154922);
INSERT INTO bet_match_expirations VALUES('476eeb419583b037197b17357c68727755e13fa477751b74c970067f882f309cf0a4f79f918b218a1cc6d60e5aad53b53f5c52e21557c55e99407bfe7d4eb3c5','2_mn6q3dS2EnDUx3bmyWc6D4szJNVGtaR7zc_mnfAHmddVibnZNSkh8DvKaQoiEfNsxjXzH_mtQheFaSfWELRB2MyMBaiWjdDm6ux9Ezns_3','2_mn6q3dS2EnDUx3bmyWc6D4szJNVGtaR7zc_mnfAHmddVibnZNSkh8DvKaQoiEfNsxjXzH_mtQheFaSfWELRB2MyMBaiWjdDm6ux9Ezns_3',154924);
INSERT INTO bet_match_expirations VALUES('b580d567bad1930073f781c1463c09088da8a336e777461044a5bd632491567922ac03db8eed848d16ad7492438604560034164c32042ae78d579834f8f5fe12','2_mn6q3dS2EnDUx3bmyWc6D4szJNVGtaR7zc_mnfAHmddVibnZNSkh8DvKaQoiEfNsxjXzH_mtQheFaSfWELRB2MyMBaiWjdDm6ux9Ezns_3','2_mn6q3dS2EnDUx3bmyWc6D4szJNVGtaR7zc_mnfAHmddVibnZNSkh8DvKaQoiEfNsxjXzH_mtQheFaSfWELRB2MyMBaiWjdDm6ux9Ezns_3',154926);

-- Table  bet_match_resolutions
DROP TABLE IF EXISTS bet_match_resolutions;
CREATE TABLE bet_match_resolutions(
                      bet_match_id TEXT PRIMARY KEY,
                      bet_match_type_id INTEGER,
                      block_index INTEGER,
                      winner TEXT,
                      settled BOOL,
                      bull_credit INTEGER,
                      bear_credit INTEGER,
                      escrow_less_fee INTEGER,
                      fee INTEGER,
                      FOREIGN KEY (bet_match_id) REFERENCES bet_matches(id),
                      FOREIGN KEY (block_index) REFERENCES blocks(block_index));

-- Table  bet_matches
DROP TABLE IF EXISTS bet_matches;
CREATE TABLE bet_matches(
                      id TEXT PRIMARY KEY,
                      tx0_index INTEGER,
                      tx0_hash TEXT,
                      tx0_address TEXT,
                      tx1_index INTEGER,
                      tx1_hash TEXT,
                      tx1_address TEXT,
                      tx0_bet_type INTEGER,
                      tx1_bet_type INTEGER,
                      feed_address TEXT,
                      initial_value INTEGER,
                      deadline INTEGER,
                      target_value REAL,
                      leverage INTEGER,
                      forward_quantity INTEGER,
                      backward_quantity INTEGER,
                      tx0_block_index INTEGER,
                      tx1_block_index INTEGER,
                      block_index INTEGER,
                      tx0_expiration INTEGER,
                      tx1_expiration INTEGER,
                      match_expire_index INTEGER,
                      fee_fraction_int INTEGER,
                      status TEXT,
                      FOREIGN KEY (tx0_index, tx0_hash, tx0_block_index) REFERENCES transactions(tx_index, tx_hash, block_index),
                      FOREIGN KEY (tx1_index, tx1_hash, tx1_block_index) REFERENCES transactions(tx_index, tx_hash, block_index));
INSERT INTO bet_matches VALUES('404d7fec015ffe20c472274178b516f53d97b8cb012d062be6404f8cc6054ad0184ebad637f6449733dd9fe6fffcb176f0720a89a31f0e2104eec262d6c5007a',13,'404d7fec015ffe20c472274178b516f53d97b8cb012d062be6404f8cc6054ad0','2_mn6q3dS2EnDUx3bmyWc6D4szJNVGtaR7zc_mnfAHmddVibnZNSkh8DvKaQoiEfNsxjXzH_mtQheFaSfWELRB2MyMBaiWjdDm6ux9Ezns_3',14,'184ebad637f6449733dd9fe6fffcb176f0720a89a31f0e2104eec262d6c5007a','2_mn6q3dS2EnDUx3bmyWc6D4szJNVGtaR7zc_mnfAHmddVibnZNSkh8DvKaQoiEfNsxjXzH_mtQheFaSfWELRB2MyMBaiWjdDm6ux9Ezns_3',0,1,'2_mn6q3dS2EnDUx3bmyWc6D4szJNVGtaR7zc_mnfAHmddVibnZNSkh8DvKaQoiEfNsxjXzH_mtQheFaSfWELRB2MyMBaiWjdDm6ux9Ezns_3',100,1388000100,0.0,15120,41500000,20750000,154920,154921,154921,10,10,154930,5000000,'expired');
INSERT INTO bet_matches VALUES('476eeb419583b037197b17357c68727755e13fa477751b74c970067f882f309cf0a4f79f918b218a1cc6d60e5aad53b53f5c52e21557c55e99407bfe7d4eb3c5',15,'476eeb419583b037197b17357c68727755e13fa477751b74c970067f882f309c','2_mn6q3dS2EnDUx3bmyWc6D4szJNVGtaR7zc_mnfAHmddVibnZNSkh8DvKaQoiEfNsxjXzH_mtQheFaSfWELRB2MyMBaiWjdDm6ux9Ezns_3',16,'f0a4f79f918b218a1cc6d60e5aad53b53f5c52e21557c55e99407bfe7d4eb3c5','2_mn6q3dS2EnDUx3bmyWc6D4szJNVGtaR7zc_mnfAHmddVibnZNSkh8DvKaQoiEfNsxjXzH_mtQheFaSfWELRB2MyMBaiWjdDm6ux9Ezns_3',0,1,'2_mn6q3dS2EnDUx3bmyWc6D4szJNVGtaR7zc_mnfAHmddVibnZNSkh8DvKaQoiEfNsxjXzH_mtQheFaSfWELRB2MyMBaiWjdDm6ux9Ezns_3',100,1388000100,0.0,5040,150000000,350000000,154922,154923,154923,10,10,154932,5000000,'expired');
INSERT INTO bet_matches VALUES('b580d567bad1930073f781c1463c09088da8a336e777461044a5bd632491567922ac03db8eed848d16ad7492438604560034164c32042ae78d579834f8f5fe12',17,'b580d567bad1930073f781c1463c09088da8a336e777461044a5bd6324915679','2_mn6q3dS2EnDUx3bmyWc6D4szJNVGtaR7zc_mnfAHmddVibnZNSkh8DvKaQoiEfNsxjXzH_mtQheFaSfWELRB2MyMBaiWjdDm6ux9Ezns_3',18,'22ac03db8eed848d16ad7492438604560034164c32042ae78d579834f8f5fe12','2_mn6q3dS2EnDUx3bmyWc6D4szJNVGtaR7zc_mnfAHmddVibnZNSkh8DvKaQoiEfNsxjXzH_mtQheFaSfWELRB2MyMBaiWjdDm6ux9Ezns_3',2,3,'2_mn6q3dS2EnDUx3bmyWc6D4szJNVGtaR7zc_mnfAHmddVibnZNSkh8DvKaQoiEfNsxjXzH_mtQheFaSfWELRB2MyMBaiWjdDm6ux9Ezns_3',100,1388000200,1.0,5040,750000000,650000000,154924,154925,154925,10,10,154934,5000000,'expired');
-- Triggers and indices on  bet_matches
CREATE INDEX valid_feed_idx ON bet_matches (feed_address, status);

-- Table  bets
DROP TABLE IF EXISTS bets;
CREATE TABLE bets(
                      tx_index INTEGER UNIQUE,
                      tx_hash TEXT UNIQUE,
                      block_index INTEGER,
                      source TEXT,
                      feed_address TEXT,
                      bet_type INTEGER,
                      deadline INTEGER,
                      wager_quantity INTEGER,
                      wager_remaining INTEGER,
                      counterwager_quantity INTEGER,
                      counterwager_remaining INTEGER,
                      target_value REAL,
                      leverage INTEGER,
                      expiration INTEGER,
                      expire_index INTEGER,
                      fee_fraction_int INTEGER,
                      status TEXT,
                      FOREIGN KEY (tx_index, tx_hash, block_index) REFERENCES transactions(tx_index, tx_hash, block_index),
                      PRIMARY KEY (tx_index, tx_hash));
INSERT INTO bets VALUES(13,'404d7fec015ffe20c472274178b516f53d97b8cb012d062be6404f8cc6054ad0',154920,'2_mn6q3dS2EnDUx3bmyWc6D4szJNVGtaR7zc_mnfAHmddVibnZNSkh8DvKaQoiEfNsxjXzH_mtQheFaSfWELRB2MyMBaiWjdDm6ux9Ezns_3','2_mn6q3dS2EnDUx3bmyWc6D4szJNVGtaR7zc_mnfAHmddVibnZNSkh8DvKaQoiEfNsxjXzH_mtQheFaSfWELRB2MyMBaiWjdDm6ux9Ezns_3',0,1388000100,50000000,8500000,25000000,4250000,0.0,15120,10,154930,5000000,'expired');
INSERT INTO bets VALUES(14,'184ebad637f6449733dd9fe6fffcb176f0720a89a31f0e2104eec262d6c5007a',154921,'2_mn6q3dS2EnDUx3bmyWc6D4szJNVGtaR7zc_mnfAHmddVibnZNSkh8DvKaQoiEfNsxjXzH_mtQheFaSfWELRB2MyMBaiWjdDm6ux9Ezns_3','2_mn6q3dS2EnDUx3bmyWc6D4szJNVGtaR7zc_mnfAHmddVibnZNSkh8DvKaQoiEfNsxjXzH_mtQheFaSfWELRB2MyMBaiWjdDm6ux9Ezns_3',1,1388000100,25000000,4250000,41500000,0,0.0,15120,10,154931,5000000,'filled');
INSERT INTO bets VALUES(15,'476eeb419583b037197b17357c68727755e13fa477751b74c970067f882f309c',154922,'2_mn6q3dS2EnDUx3bmyWc6D4szJNVGtaR7zc_mnfAHmddVibnZNSkh8DvKaQoiEfNsxjXzH_mtQheFaSfWELRB2MyMBaiWjdDm6ux9Ezns_3','2_mn6q3dS2EnDUx3bmyWc6D4szJNVGtaR7zc_mnfAHmddVibnZNSkh8DvKaQoiEfNsxjXzH_mtQheFaSfWELRB2MyMBaiWjdDm6ux9Ezns_3',0,1388000100,150000000,0,350000000,0,0.0,5040,10,154932,5000000,'filled');
INSERT INTO bets VALUES(16,'f0a4f79f918b218a1cc6d60e5aad53b53f5c52e21557c55e99407bfe7d4eb3c5',154923,'2_mn6q3dS2EnDUx3bmyWc6D4szJNVGtaR7zc_mnfAHmddVibnZNSkh8DvKaQoiEfNsxjXzH_mtQheFaSfWELRB2MyMBaiWjdDm6ux9Ezns_3','2_mn6q3dS2EnDUx3bmyWc6D4szJNVGtaR7zc_mnfAHmddVibnZNSkh8DvKaQoiEfNsxjXzH_mtQheFaSfWELRB2MyMBaiWjdDm6ux9Ezns_3',1,1388000100,350000000,0,150000000,0,0.0,5040,10,154933,5000000,'filled');
INSERT INTO bets VALUES(17,'b580d567bad1930073f781c1463c09088da8a336e777461044a5bd6324915679',154924,'2_mn6q3dS2EnDUx3bmyWc6D4szJNVGtaR7zc_mnfAHmddVibnZNSkh8DvKaQoiEfNsxjXzH_mtQheFaSfWELRB2MyMBaiWjdDm6ux9Ezns_3','2_mn6q3dS2EnDUx3bmyWc6D4szJNVGtaR7zc_mnfAHmddVibnZNSkh8DvKaQoiEfNsxjXzH_mtQheFaSfWELRB2MyMBaiWjdDm6ux9Ezns_3',2,1388000200,750000000,0,650000000,0,1.0,5040,10,154934,5000000,'filled');
INSERT INTO bets VALUES(18,'22ac03db8eed848d16ad7492438604560034164c32042ae78d579834f8f5fe12',154925,'2_mn6q3dS2EnDUx3bmyWc6D4szJNVGtaR7zc_mnfAHmddVibnZNSkh8DvKaQoiEfNsxjXzH_mtQheFaSfWELRB2MyMBaiWjdDm6ux9Ezns_3','2_mn6q3dS2EnDUx3bmyWc6D4szJNVGtaR7zc_mnfAHmddVibnZNSkh8DvKaQoiEfNsxjXzH_mtQheFaSfWELRB2MyMBaiWjdDm6ux9Ezns_3',3,1388000200,650000000,0,750000000,0,1.0,5040,10,154935,5000000,'filled');
-- Triggers and indices on  bets
CREATE INDEX feed_valid_bettype_idx ON bets (feed_address, status, bet_type);

-- Table  blocks
DROP TABLE IF EXISTS blocks;
CREATE TABLE blocks(
                      block_index INTEGER UNIQUE,
                      block_hash TEXT UNIQUE,
                      block_time INTEGER,
                      previous_block_hash TEXT UNIQUE,
                      difficulty INTEGER, ledger_hash TEXT, txlist_hash TEXT,
                      PRIMARY KEY (block_index, block_hash));
INSERT INTO blocks VALUES(154907,'affe53d03fa3a916e46a5d737769372a482bcd8cc28e4fc498b062eb7d5968fc2208b616789ac906bb4ba65a5df782a07111f30e3f35d5b652d57ee36967a749',1549070000000,NULL,NULL,NULL,NULL);
INSERT INTO blocks VALUES(154908,'cab26004a25bf4f3f706d147cc1a6b4ae35d4e2177acbb3a5e1347205fab75cc93c2cfdda0f9e01252776bdaccd4a9dc2cc2e2264af588dbe306734293c1c8c4',1549080000000,NULL,NULL,'47eee63494f79bc41750fc4c7dd3bb49ff52d481abc5e3c97d1e18561738da3c','0bc9a5496221c184cb142ab759e1379f74b609c80158ed38a478543fef6baccf');
INSERT INTO blocks VALUES(154909,'244e7bf91f9a9cd5ec8c2abd8740a506c2de2156ab635d08d78429afba33f7f090659eca59b3a3f862dd87bb36221e52915512486da5d6ef0ec37e85124a9303',1549090000000,NULL,NULL,'a35a6e3bcc441c19ce725a1c2bbd76100432ccf975d4e91aa78d94c854cc4ef2','27d667016ddabfad116b4fdc36b95a459d9ca60114d472591935bb1f386da90a');
INSERT INTO blocks VALUES(154910,'80d40ca10e5ea63a2ad8303c70819f369afbbd5716faf875fa4eb8ac2799ee0f9b2e5e204849d8ebca34537bdef7620fe81db66fc8195e193ee778fa43d68cdb',1549100000000,NULL,NULL,'bab2e94c3108b8ad0d291700db7d38bfd23b93c5756471d42648b27acc4f37c5','6fb529177356aefaf697560e6d9c8f04ec3022be683c19d469897b26e7531520');
INSERT INTO blocks VALUES(154911,'c572450879274cc2a7adfa27f3484ba94d76ae3c23d42a92f386000ba36b09790b7448701614b040f3e5dadd6378940e4b47ddb7e6a0da38aadb578b81c178e1',1549110000000,NULL,NULL,'35f794f07dc3a4c9580e1f71f2936b42582599c951ec41056b2917d1c44485e3','1de23ae2a8b2c3d3902afdbf420f5c637450c8ceccb03468fac0f04ff1c92ee5');
INSERT INTO blocks VALUES(154912,'b0fe961d25394561c42ea0e5df888ba20580eab3ddb9d294faf901cda2517ebc2078f91137fdf9badefee7950b0274941c7764ecb47546c05e1a3563fc032339',1549120000000,NULL,NULL,'0430712e222856692cc594672dce11c26c87f3bcd056c69fb26f391a8eb5f068','9795604fc389f78ce436be6e93c83394563a74139901abaadee3cf1b892dd1d7');
INSERT INTO blocks VALUES(154913,'797ff8f7e2e601c1595d2bc2088ae7ecd723d53514b74e5545be46389d9ccf31bed1c874b482eee40b06d2d5823969203624a7fd540819262d0033ab08c0887f',1549130000000,NULL,NULL,'0b1364b8cf00216c6dcc6a559e4cb293676cea4c97c96612333fee283236177e','71b51e8f8120168c7407174a32acfc83ffc9d66335985f6cbb9efb591eebc294');
INSERT INTO blocks VALUES(154914,'78cad5b3c7bbac19cbbf5b58f7f2183441d22d200d3b1cb41da63aa293a5393883e3fcfc8eccd9c0ff5ca62b0552c8cd8b5c08e76475003f403c382725194e80',1549140000000,NULL,NULL,'b6c0a9e60b3268f9802998e54ec84ad1bef6c75e7c162e2c2a44863f0d5ee703','0b14c1b85cacb5723cec57f2c5250113d7f4c4cc748702829cfa3213e74849e0');
INSERT INTO blocks VALUES(154915,'fc8ccc098da63edc027cfcb3a6bd5a882e21cc79ec5786f499b1c483779af70d76cd7decf3d4018dcefa678e9566c2b2a2fce14e27a8bb273af4a9af7cf1d932',1549150000000,NULL,NULL,'1c6137a3340321e0c46c1524b24cda4a623ec68022f8bbb222fbf030dabc80de','4962d3662df3d4692b875eb61a46bd20deaf695189113cec632de283c56dca8e');
INSERT INTO blocks VALUES(154916,'94cd7d76a2cda75e80a2fe48dd3c44d46fed958f6223c9b0ff1a5ebcf255ab0a27df96220f9153fd180048828dcc3afe98c73988f91619f444c91c62a11d881b',1549160000000,NULL,NULL,'9c9468ea0ca45e6f4f49f60f441ccac768ad0267cb0996beffdbcaf16d7f5b66','bd06dc00b1310e8dc4e99b7fc5292d30eec57792f9748a2196667484c41d88e3');
INSERT INTO blocks VALUES(154917,'b8b1961aa5981b069f1e7ce8d7a181736b80b54a5bda33a1bdf4b46f3d0f3dd732bc290cd13e7dab43d12c9efe30723afbe75e82447acd433557548a7568bb1d',1549170000000,NULL,NULL,'8c36d07710c68315b2869f6f53aa7b4f32769791969600e718b04b9f8d5e7a58','02470ced654b97a08e24e6f2ba7d7ffdeb1721ce110f1b89c0b30e5f9741eb3d');
INSERT INTO blocks VALUES(154918,'088546b5563c11520e7fefe3ee0b8bd554b63f935ba0f52ee593300d79ccaba01cef7410df455753f5b4b33326da18e055638a161582c2d6e241ddfe6136e379',1549180000000,NULL,NULL,'8766652d32bd9a4358c2361aeaa9e46018fd44746267cb8d6ec2af92d060d734','0913eedacd481353b6f7c3acb5d7bf39c57e5c011b908bddfcfd044712eab7d9');
INSERT INTO blocks VALUES(154919,'3dd36d3b00a9000ef4d22e3017f7af48c5c0a9af6e03ecc2a26a49345adef79ac252fd57551a14991e40d128990fbe8776fec55d4826b98e937f92bef3ae0be4',1549190000000,NULL,NULL,'39e5e706ba7a7be56f5dd5a90fdbaac018ca49108d5df151b08db158f47236f9','1e2ffd1ff1ab5866e7543fa26b7659373ce825a970634bfed8a98018195037b6');
INSERT INTO blocks VALUES(154920,'0fca8dfde3b5b34b0829e1daa9a5c7f235a93d74fd3575d68f7a131c7790e01eb69fd3e0aaa9d872c8dad6d8e57e49b3a5903d774372ed5524dac8afc51c18d2',1549200000000,NULL,NULL,'93d49cfcba1fe89cc875aac62d9e3fecde4515df4528e5a26f5684cd1bc5d33e','fccbda0e9677d69218e89b0b5e32e953b61eb573a6f74eb4d39ff71d08b97027');
INSERT INTO blocks VALUES(154921,'1a99275c7a70a496ce9fcd5cf21876916351805fdc5258dbaa004ff9ea8e451be93cc6f872819dd8942847c650afd37618bbb630528d772b4f8eb318122b1043',1549210000000,NULL,NULL,'ba198a2f873fc3ef4730ed5fbea5b3b7c0999a30b4e929552e79584c2f8c2e21','891719feef3e788bf4d6b51aeeb18aa5c05596b19c23320943291d4fe52e1955');
INSERT INTO blocks VALUES(154922,'3e7b51e4121b3f70fa8ac6b3c2e3c29a985e05c5ad92678ee3982e931d81891a876260f7f53108a6e6d9012211a4f43cbc038b91dee92d2d1466448cec4979c4',1549220000000,NULL,NULL,'78c502652186d6e7f4ee05fd80267261ae84c20f80a00f3dca1df6c5844f69c8','fadc8fc09f14571f8f9045efa143c1cedd9f56662ddd0fc466ccd7e5f8793ba6');
INSERT INTO blocks VALUES(154923,'9b16d5d768bbfd1c83ca224c2fd704429a16b6102dc1ccc21eec6547da4dad23bfa3f0df63b0a0c1159268008765227db81aac243e48f470594c3f8e30a2772b',1549230000000,NULL,NULL,'6bc02d18630761e12355547336388735750a776a5a3e69d132f2f4a0d0e373bf','b1f937e8a338e07d46d8dcf1d7d23399abc78c9c144d3cf9e5ef1fcebed9b816');
INSERT INTO blocks VALUES(154924,'915916edf01452e1a554d7dd7c63acef01f9540006a5b09425d151a8a170bd23e0500bd89dc97b8e49f22a0e662d140f03bcd6d2d9faf2b35e6968cd076329d3',1549240000000,NULL,NULL,'900573d37048485b3196771bf8086cf972c5494a8fba12d73ee869cb86090497','bb31c316df5c386c4a848d568e77e7331f9a6cb0ff792f50e932afb0c2beccd8');
INSERT INTO blocks VALUES(154925,'29d88d169c0c9bb778dd32b9d76fdef07d4cdd5302f02938101e03dd616426884b0e08816cfd7b217662f226003e3821f8e09063dd5250331a3e187557619386',1549250000000,NULL,NULL,'dae44302e871bd8ea4fba499862e8e0a64c4a58f45e016d263769a3d5fb64732','0e4a3a0d34725ec5d46d0653702cb00fdb0a6632e5fc7e38ffdad9b5a139aa13');
INSERT INTO blocks VALUES(154926,'aeff66363337363dce240dd090e1d507f934b2496f82fce7094b6499b657f6375fb541747538a0001da7e87f708e10068399ef20441ba49485bc4edaa2347c85',1549260000000,NULL,NULL,'f6833791556383ccbc3d8412b30b177f0da42be6556ef525f917a3c0e270b92f','4b3cb621fa7c9b02bfbc6182d5cfbe7311324903a953830470c1af96804ada12');
INSERT INTO blocks VALUES(154927,'bc5cd4a70a0e3038768b0b4dacc11bb5bdbbaa51a7a6d0a69aaed9ab49451f57aa1f702921cf8fd5e477c4f06353f7ae69c5ce347a1307c38edcb9619ba9709f',1549270000000,NULL,NULL,'c8c7ea9e5e5440619826483fbc6d6cfbe26f6441e4f85b102f93b67fb2d0b824','da96292da89784a15eb16c7b420e9e69dd05a63187580c055352d6f94e054611');
INSERT INTO blocks VALUES(154928,'f5b79d98c8c45e396851d32aaeb4730f0ffe2db82e36a6f8ba6b139a5a4fc6ec7e0e7a4c304f12a3b8ff41ab648a2d4b17689b7ea4c037b12a62a03988bee963',1549280000000,NULL,NULL,'91a0ca87a135ad40442fc37b3c8dcff300d6dc1851f2b7bb8eb62c5d2e22709a','cb0c0bb30f2dc089ae44332c4b765cbe8ce9bed1cace64722e2f423853efa36f');
INSERT INTO blocks VALUES(154929,'7068c1abc38664730e4b979aa4d3beb7131c65e36cf7aaa2852bbe3a0b74783eaa0c7a7ed52ec04b5d6865faaceb23b41390ec93f667cffe8ba9cec6757bbba9',1549290000000,NULL,NULL,'207944bb00394e033adc31cd7441e2a2541c5a4701da3cfd807a4a7150f41adb','8254a83c40e06789aefc8f8e9dc2f9cfb376d1bbda605fdb0b1a1fb74b53017f');
INSERT INTO blocks VALUES(154930,'2b7fef6e9069f1a2f44e6eb08f0f5e32033d0048fc3cfc526237a4c4ced59590dbacfa4bfe95b894bc21658cffb2908b85280e6cfaa1545970bf2a724ceeea5b',1549300000000,NULL,NULL,'0647774abc31ec22ea577178583d71bfa6b591db24c0291df9ee4129279b69ae','93589f55b89cf48d66c5f05576b527d26f95a60e74687404c43ce9e878af5b65');
INSERT INTO blocks VALUES(154931,'efd744787f5fa988aa515f4a7d14323969ab838c70a3d6d3a029ddf6eac7dd74568b09659b7756eafc7b6e410d8e5f5ba921d9a454c97f6c6b72ca7da37b5c58',1549310000000,NULL,NULL,'2c59ba0156273caa865ae679019c45f0cf518ae9372b57a1cf53d6a85d6aed24','a50aff5bec4a734f542879844820dfafb2ba857f1c877a34c4e397150db82c52');
INSERT INTO blocks VALUES(154932,'09614b8f64a6aacc740150eab0bbe7aaef9045825e188800d44f8a5620afd0cc71f8a354b2d061b8cf2be47434963ee9709103d46151d9c18f80366b61d33eda',1549320000000,NULL,NULL,'eec8d243f9ba1f2591f14e0fa61effb29fe2ba0f2767a66dc180867ba1d42a64','9c6bee7b96c677e961eb1e2b913f9d52bc630edaf19bbec1620a9c99f2ec357d');
INSERT INTO blocks VALUES(154933,'d08f4dd0524762d7ebb5939e2b73f98c2260c8f2314a93b468e983e13a96639477f2effcfe51395687508cf6f0cb2de65e818396e9b3adb4a499f3d8cb16a638',1549330000000,NULL,NULL,'4506ba2e617c85f8ce95d08c462f51c5df0b54cd09c0a72012f6fc04fb14ccab','c0e1601c1af156a21c5d4a1384e925e05fe62241b1366d259d5f0264a2088200');
INSERT INTO blocks VALUES(154934,'a519de47aa8c7eafe6fc8a4df5f5f05ea4bd27e41ea67d83555417146a35bbab2529ceff400f46163eb539a2c846bd8b8ee9cc87aefcce7b17054decb392a5ea',1549340000000,NULL,NULL,'4f1659a58d9438f7186d4d732468b710adbca3351b9b99c4bbe3942476923022','30ebdb765b0e1ee5a6c00f5e945eea2f094033b174d8fb5a005b57b0480b9bfd');
INSERT INTO blocks VALUES(154935,'bb8f4a793ea7c9ecab809a8c210ec05858a8241939ee6d12e283e2ad119ee87ca2078f81a3c295bb527766dc2713b90793ab8a518db9fb4f2967e43f245ee0fb',1549350000000,NULL,NULL,'68a2bb7746a9325dbbf704a0a72f8041f3a2de0e23f6f3f5ebfe5f3c712fec83','7545b0d73f4a8b831d8db9cbb8945aa9d184bc00414f757661834a19e7d8e89f');
INSERT INTO blocks VALUES(154936,'3af58b36490131f828a765f13708b818c0a4b7082f2e0ac7d8cccdba7cd77fef40b07f115e453279ae7e9cd47f01ccdf9a23702634ab9793be5533d67c348735',1549360000000,NULL,NULL,'b5a600d20d8396ab62e7ed857d6143249f681eddcabad27bf6e7939151d5cbab','8eace21aa9ac16818c6dc71bc50272f0564be2a56cc620965a83aa64249d49b0');
INSERT INTO blocks VALUES(154937,'0e82b767d5eef083b2547f3765bc77838ec407b1538acf5a0eb2f153665b65d9b499e7e716db7daefdb8852a411342a9d2ebfe2f4f93e9bb09d5a9ef03cb7cf4',1549370000000,NULL,NULL,'55a17675ae2756418802a93c76a1087ea14b8a33eddf9e11ebdb62ff74a46808','e99e717b187df84f6cd93f2bf2456aaa06b3f66618c8ef5f649890de29027e30');
INSERT INTO blocks VALUES(154938,'18caf8c9f20ce96dc3236f58b0fa7f190222ab4f4c5784cba192e3ed07c5abbad5d661f86c1bed557e60a3178c9609adfb28008cc151dfe6fb6720fe1140147c',1549380000000,NULL,NULL,'f4495e6a31839546be96e4c3f2f9fd4a1025ec1e20c6d82e5c9e2fe8f325f938','459f2ff3ed82444efc31078d2543c7aa462803e6e69c070b036aa085aa33f06a');
INSERT INTO blocks VALUES(154939,'8556a9add0b2c85c559660875d8ad86fccbf9b14155fda1cb2a2ea8d7bdd876670455324d5daa7aeecfb8ba03fe0f52a72920341d506c88487c32fbd3e199e69',1549390000000,NULL,NULL,'b2d3e56efb2992078faaec408e2561498430d24ce7acef33f0718593ee84bfdf','70d9dc0a535a86e96479dfbcb2fe1bb2a0e8fc1a8bc65da8192ed696077249a0');
INSERT INTO blocks VALUES(154940,'3d05a6248eb1289eea1e289063712814e39d2c70deb88904173379dbfc1dcbc24ad3b3cc0218dcceaa5785404bebfc95e810aab9ae61b5bb3a73f8b68862a95b',1549400000000,NULL,NULL,'c96eeb1b59e6a1eaa208cd265c16578ccb1a1ca7cecc10c1ac31df048431a084','2c885e27f79b18fa8c90486a42016d0b6644a71fd9b731d6a0f99fc3035c7e63');
INSERT INTO blocks VALUES(154941,'644eef392211a8bda6da916bbdb7daa754592821dbd090f7a282f2fd81eb91d254993638e159c05cab80b9f5f2196329a74818cc6f31c62aeae8d4a1f6c61251',1549410000000,NULL,NULL,'63bbe1822a061b6fc848c161681e0bf43e2861cb10e192ea0d5bf191a249ff19','71f8104f0f5216e0c66bf4d57f2eb52b8b1ef81b1e0af365b0ef0096f8a4c942');
INSERT INTO blocks VALUES(154942,'2261c71e82c98f4edafe7def4adc53de57d3bc38aabc9668d96f738c40ed2c51046d1cbc05d3f18f4eae4377f1f8dbcb0b6a7f9d36be283245c2d097fc328d23',1549420000000,NULL,NULL,'47b4004d510ed8ab878b9db651f156a065f733d8b36758369a31e8d10043ad7b','6eaa131dd4273d6d4bb41af265b8e84c8ee2c9e73b05ce372f38fe36951c84a8');
INSERT INTO blocks VALUES(154943,'cc4a189d8d8f71535ce7b5ac10a186fdeeb09f97e9f54e5d3067540ef01dcb8f708b29de9e0322a770a44e43e2a411747fee51286f1cb04196c52c5751c08329',1549430000000,NULL,NULL,'1ccaaae2e2582b7c30000cb0ad144ab129c2b49f6a2c33e48626788f2c15ca3b','6dec0e0a2846bdf7316983add456514d99fa11042343eb5492023041c4f4c081');
INSERT INTO blocks VALUES(154944,'1285526a9a9d27f8fdfa5e5968dfe4153e6793eb9ecb7f53aad952a1b7d8af60782811ad710c75834fe068466de48a757bd6225b89e4d1f6d6907362785ff18b',1549440000000,NULL,NULL,'a82f7a59e35d953aaffc2283a3e45fcf9a69965a1eb3f8582b5c66ac8811a764','720990feb33b00ecbced109c3147952b48a2c826d74a414f5d4eeda71b9169c5');
INSERT INTO blocks VALUES(154945,'11b7262157e0502c84c7163451fa3e0518cf71548fb703b7e778a4ff5b7148982af3942dfb631f06683d120419bb4411d857ab1f1071b4f0a2c56b228666dc15',1549450000000,NULL,NULL,'83897da0d90712ca12c4db25c681cb2c85b36dfe9e8c1ccea71d278f5ead398d','1e4aef84bee095f836ce09adac2593e46d12dfb4cecb75272e4f3106f1233234');
INSERT INTO blocks VALUES(154946,'026773229d2ece96c17756d2e7a6faa04cf915636aef83a6e83df2b5b3bb7ef72903f70d610382668731456eeca24926081b7c3d6e1a8a27ac80f38ca60336ac',1549460000000,NULL,NULL,'e1f5caf7dec44b57c007efa0b014ec391474a7bef7f0df4064df4e3533436c65','67bfb715d45379c1c2447b26f9da39d97f184029fb26d319633d89942dd9cd00');
INSERT INTO blocks VALUES(154947,'22638274827fba5eb7b8bb0ab3673b46406b56e7fd354dd21f9e0142187248ca8e015e1e4a0114c953ec409a9d6e0cc51d05456c6a0ef5a7d1e3a39deb9be314',1549470000000,NULL,NULL,'448909bd6493b6694a57ec33d5965a2de175bf0db0707238d59c797dcc6b4c0f','257fb5467639fdba4fc66b91eb7206748cb248f90ba0fda4fb85a3bfe43f495a');
INSERT INTO blocks VALUES(154948,'814c484c989bca85681aaf213aa93da7f82c10f32a028491b2294ac8a8c156d14df6f9fea211f469dcee5ef6ff4344ab895ca9c5bff3cfb014d4e12511c3ddde',1549480000000,NULL,NULL,'935d3a9ccde817e60d8761a2918979975a23532a5e945dee37c1212d8f6929f1','3e349dc8840fed426d27a75296d2d9e14bb5f57889355dac5d639e78c3cc071c');
INSERT INTO blocks VALUES(154949,'aff167c21f15107dedfbfec621a8528e6a8288bdfe39783e66bfd2c205691e8239b48862c2a274676b7a516b4cc2801b26e1c59fef4b23b2f7b709d7bb7abc01',1549490000000,NULL,NULL,'e6431c44a96c19fa6452fa03f56086315711cd12d50ef3dfddd088643b94c796','e8f0b54334a15dc49d51afc3b017338ec06a018642021455627b63067c432132');
INSERT INTO blocks VALUES(154950,'5ab6b3147fa262fda038f6f7a0413281e8f7836f1f9a87f1b3579c699b810ef7cdac478eb61b81c6511d10989ed47daf8d64dfbb146e079709e4f9ae62648d1c',1549500000000,NULL,NULL,'ad12e23295e260fcf906e9030e3096d636586fe26e833cfad732c2df26f65831','7d250c5d539c59eed9491199aa08032e744f0f25103bc18045239eb2c488dc12');
INSERT INTO blocks VALUES(154951,'b08dab4a2dbaa6aedd05c6f83be59b135782e7f42971bc4006dc402e5ea455bafb3547edda8d7616dd9d99482bf0ff88e06d0851966d7c43cd9a58e0f0225eeb',1549510000000,NULL,NULL,'7265c095636d11f71e7be6b2e1e4fa1c75c0d87f1c78c82c8c7575de882aaa2a','4c91586bb4d7668a472bcaedd9e3649bb59387df0b7cf11ea00dcc24f969e184');
INSERT INTO blocks VALUES(154952,'ec03859cd260d73cc2f65bbfd2217389649c6b99adbb03fbc046f0612efcd128812f13f3b804fb6ea5500fb5b217b64342719e29ecbadaf65377a3d668c8db23',1549520000000,NULL,NULL,'7236d4389fa84779e954af937b89e093b83c69ac0e87079ce2d5d61ef01822f0','ff4d6d6c28a58146f93f622e7f1fb3da7764d23cd31825ddb8c43443896a4786');
INSERT INTO blocks VALUES(154953,'1d8556214ae028d3e84f4a92df83d7c7d7a5bb60a3d2f90a44f45bc0fcad6ffefa6554d1edd547117864fbee6b957e790d23d7cbe45634140df2810c0e84a6e6',1549530000000,NULL,NULL,'a66c2b90ccbf0ad200413c6f0920b7c8ecdac2854e25c4aab2f2109da46e037e','8895e165cbb23e788df812475a156ca02fdfcd63c4c05a9c09ea70348738a839');
INSERT INTO blocks VALUES(154954,'c4cda98aab9f7965c540711d7018d648eaa2b5c71f1158ad0ec2505bc2be29da4044359967570ada171e94a7f44fe239185e5b565e97e6eb087295945aab6aae',1549540000000,NULL,NULL,'8540a8b05a179be9a4e9da03c75d7bb25f443607043d59a38aef66ea13555faa','9ef3a78a0a7cb1b58ebb25b0ccee3fc2f9e9b55d4a3a21d741f25148b07b4e58');
INSERT INTO blocks VALUES(154955,'04b4498e214f976cc2daa71ef3d694ed283d98d5153f51dab0fd6ae3ffcc10bca28423b6f437723d7d366d71e8583cf444332cd82ffe30d801e17c1d9e5616a9',1549550000000,NULL,NULL,'bf375794fb89e793ca294724f75d99c5f2468a9587c969cca183874e59934723','8ca33b2a5e753479db9a07f9abf7e0d0a95f5e7a7e674986cfcf35ff01c06d3c');
INSERT INTO blocks VALUES(154956,'84847d413464cf667c6a0c701219c3d74c89c5397b7c05b8e0605e719db735d2d5631d34c78be6d33e3d3e8dfee5f408cbd8589f6ebc3467363b5cd5e0c976f2',1549560000000,NULL,NULL,'e159ff22d1a97cc61c3a229b249ab7afb5ba7d31455aa5702c94ff4575428931','3ee584d4ea2cdbdefc2e8c6c2506a6d03e138b638f1aed62aa1433e57c087918');
INSERT INTO blocks VALUES(154957,'683fbb38e64d9baae72307908d889248d14ef9b49f3cb4b1b908259d5c60ae84583e37f1cce92cf224e27268cbaa72e440411125342852043e5dd9ac8dc5c025',1549570000000,NULL,NULL,'939cf96fa124f76da9462b67ff398b22e6f31f62ca1b12eb614ad2007ce84cdc','8957185a35b1c6168382ade9d7dfa1af2fd61e2d11fd7ebac319362e83fc7ff5');
INSERT INTO blocks VALUES(154958,'0f0b225224d7bc638dac8d3914cb992fd8d1e2c3865d2be86482997f7f21d5f2769b789115687157f610946aee60c9c8a70ecba6f4c125bdc55130d24e96165a',1549580000000,NULL,NULL,'cfa73b477b41e0b52f4795b5979cf02b6af7f4ec24ca711e7c7b0e7a55ddb2fa','54d09a1589f1e570d154b1a278557995d9779dca6b24b77a49412db6b2525cd7');
INSERT INTO blocks VALUES(154959,'a93722e91ff6469a2637920d717029986861c68eff60d329bc4c9c0989102458af137871a830861b81d6ff38d891f785c9a4e99a1b7f6ddf73f0eadd2f758127',1549590000000,NULL,NULL,'16d75208c11717058bee627aa7c9b726b7c1f158fe2681e07ec8b3365dd30dc2','fd0e9885ccbf3ff1382959b6613ae0296d1104b381436ff034f8bc0474549f90');
INSERT INTO blocks VALUES(154960,'b461595bc00ec0d839a4b2cdbc2f2a164707b200a7b30cee7bcd40eb3931ab8e232031256f7c9709a566b31ff5e4ecb6316bd87e4a9a525f978e73cd98b6151a',1549600000000,NULL,NULL,'461c409bba41d6b0043d4684ec92ad3d2561fc45e478bdd97b24950f4d4495b2','eba8387f3b335eb0700e115306a566b16f6132ec0b885d2a02d56fdcb99f4f19');
INSERT INTO blocks VALUES(154961,'a452e92b115ba822e7e361bb013c318581cb99f925b90c9c7cd8c53ed4dfeaf3872c64303334f29f40dc9abbdaddfa99cb0a89fa1030695a7b05ad8b3c7ef815',1549610000000,NULL,NULL,'d91383e22af34e0692b7ae77321f0e49ca43bd6d5aa235ca50f4b16c1e767a03','d73b6a892bc3068761a0a10093234272443d0b5c0e33c37d3b2ed08eb9c71b7d');
INSERT INTO blocks VALUES(154962,'28f7a57194638e338b6d498eb458b57d26840e2f43ae1b97dff479b23ff9616e3faeb7bbb951cfa51923a55533be8c365ad8083bca3c4d2b4643588241df894a',1549620000000,NULL,NULL,'ca6f7e3d744bd54e89b84b3b3e08ea232e1962ac2524c05d87cd1b51f841b87b','23eba49ff78a3e2eb6ba26a8b19e1fed95528c059d4600b32fd3e2d8497fe583');
INSERT INTO blocks VALUES(154963,'b77509735b3665871e4e71d4b6662f73888ec3a063154ccbabe0d2921b313853a225f7afd4a485869a7c787103a03597fc5c877b23c1c65a088c6d2c9a10c025',1549630000000,NULL,NULL,'976eb2faade1cae2b122da594e05021df7b6d31485f894387f858a50756f724f','fcaee340634b375f6c1aa2c01496b1fa8b8a89c0765dcf6a349d7010422f4677');
INSERT INTO blocks VALUES(154964,'017a8df5598912e2cca5956c9cce01a778e29726ae464f5426a17a742b393c4147852b79cca9b486ca09783351d24dd73246fd97676833150118dd0d08d4f709',1549640000000,NULL,NULL,'5b51039063633be3b2a4ac8bc368ece63c3568e156d5b4ec66f9cb75076cfdb5','72aa927ccd9aeb0677ce328c6a1f55a138986e5af629e80312a5febbf36a0261');
INSERT INTO blocks VALUES(154965,'75fb3765550a5ff542d75240f68e7b5bd763b0d2173256fa051768a0ce6f7cb1aa4d6a32315498151e0e83f3da61f009102a4301cbf2aa1ff5af5eb448ad1ca9',1549650000000,NULL,NULL,'db21213bd92dca229d75a1c327676f4f489f37e92306c3347ab77fdfae162e60','6c026a2a1621db5b86d32c73b12961310b5194c777de932c69cfdcc1239ac300');
INSERT INTO blocks VALUES(154966,'ee43555f9c13a53bb53f26b9612f9422a6f63a224650fe1f31bdfac4beab558bbb87750815529ace266191b563f450514f3b6d9d9dfeb960fd73485789f1b079',1549660000000,NULL,NULL,'74a460e0027aafc6875fe26553d30d89affb32074ffaae376a75e1e79ae85e46','92d5fdbc017483d5dc940dc32fa9e234badfb22774d1e90624da1a2f601807cc');
INSERT INTO blocks VALUES(154967,'96a342db6f42098ed9ed8036b963b55e9af92590eae65a6582be8b642c4fdd68d054170950f6d79554a7892fff1a483b2811d93f2d00f5ca5250585de09e4556',1549670000000,NULL,NULL,'eabbd606f08333ee7861a48f0a3812091f9f8de3cb45c1035a0ed86ef51211ce','a8eb529b3c1873d79422695b0dda4f1138f8f15352aa7ef0869f1520acf76d05');
INSERT INTO blocks VALUES(154968,'b309eaa79341d302851f8576221ea0a1ab2f2dd4acfbd789bcb5feede0fcfe496d6d805f3ebc40de4bc5a90f563c8e08ce6c71cb587b8d541de1e59706d94247',1549680000000,NULL,NULL,'8fc57864424ce03f202a3c364b393b87b8dffd619941acfb50e51924201398cf','481e5b264093c938892b1f22c75b3cfbb142ae8457a95de7b014f02357306c81');
INSERT INTO blocks VALUES(154969,'c0465d4a01fb187f4e1e14d87be8a93006cb88b20e65cbc7fac0d627aa29f23c8245e964527e59cd9b2b49ccc551207c767963b307c6a7f6702ce60bcaf03421',1549690000000,NULL,NULL,'62d46127b7347c9000a963a4d83ff853ea8bec1f2a3af1c02329d40d366c1c1e','a906f3d5dd91c30d2b5ebba17305fd4262f4fa0976e62784b25f350b438eb4b0');
INSERT INTO blocks VALUES(154970,'45933a14e69df3c84267d94d1f526e748dcdc359a5aa285708292198aaab561768a1af7f19e84b87154537ec676440857415d797e9981d60fdc0d406c99084ba',1549700000000,NULL,NULL,'f7f84d758419a462fac21a23705577195ad6e87ebdb546b8b19522cd98685c0a','fad7f4dad16ee46cdae67b4d20411812a9a807512a9c731926f5ece8a381c31a');
INSERT INTO blocks VALUES(154971,'205a791a9063cac284ef3dab0e058c98df5e112b00262823ee034039f5b805126de89bd526bfcba9c6acaaffe9cb36009a956c3c12ae24855e890961eb8942ad',1549710000000,NULL,NULL,'377344744a83f20afacc6cce4b3fc2a106c7f504bc4480dc3ead8500c7c69a5f','1f29c030fbd687022431088d8761d1e53897dbc045cd1735657a91eeb3feb893');
INSERT INTO blocks VALUES(154972,'9b1a48abf1060e940a9194611b3d6b1feac3d7648cb673017ce1fe7e481b3c65aa8641b645fd8b4e94dff6bf2242f15403cfbc11b50085d99431ddbf7564418b',1549720000000,NULL,NULL,'b7f15773601f1c9160715984f0181180e7134ac1b812334b75b82df5321c4f9a','a2958bb86193da826cfb7dd985e48b1b2e4738588cb1a7471ddb8fec840e7e51');
INSERT INTO blocks VALUES(154973,'f2436e4b5dbd5ad1070b8ba02d4417f5489a08edfecd49635e5d74a4a9b1bd5a72aaf6ee1d25738e7f0ecae90b619d7f2af2b1d057400bf1d0c164e705679cb7',1549730000000,NULL,NULL,'08e9597e3ff55be74986a8fb5f736f98dd1cf90bdede8eb662e90b12374a1934','0858788c3b073edab708f920c25e25f8bbd1bc46878147b2d628d104dc9b2ff1');
INSERT INTO blocks VALUES(154974,'c90a5b43fecfd642c579a3f2632e358550b8a1c55bebc104a63a952f967ff2e92da600c47ef793a1f9b11bac5d1ee2e366b0fa0fc0f7e2172dc5fe1198746e46',1549740000000,NULL,NULL,'376e3ca23400bfdd6444756946c4cdf4c9b12c62fae126dbdb6eaaf3a2f98b2e','8eb51654139282905ee28056df3c9822f4ffac91be70e5ca1e99030d096226a3');
INSERT INTO blocks VALUES(154975,'cd695197a750945ec63fd0997dd83e997a4a66e8e498548b53d4a2a3d94e241e542ad8f21464786ab170c9b0834784247f2a6d6a0fedaa699ee09729378293be',1549750000000,NULL,NULL,'643b564c35774c6dd31eeb414d01fe35a2c6ed1acf0e6089c67f339e024ed859','ac18f2a47e1bb1e3a49192e7d80721de1cfe29f943da622172194d074f92d4e9');
INSERT INTO blocks VALUES(154976,'90223df03ad4b8ab13439c3fa4d6544eba7b9c7d8051279f3aea0a6ea386911b3d33b78abb74973c2d6e1de711b8fdc36a036a483a0b64f42e7d504afc095df1',1549760000000,NULL,NULL,'7525f0d3d9a513d2a65611a664c6ff42db9a4e572dee3a814bcc2e8aa3127ed7','f17c361198253ab5681a70a7bd83fa93f8b2da3abe5f219bf2af8da55069a09a');
INSERT INTO blocks VALUES(154977,'96d12590f053c690ff82b7984e64c5a4582517b32b12bb4d4ad657f49458e4745b15647b0d772b793c9ff776db71e1a73d2e20dbb4dbaf5aa7a2aa455ca45477',1549770000000,NULL,NULL,'c8469c374a5ded880bf91e3ef9b149da1e3a04183847898b2784f82bdbde2e7e','ab13c613109f520b79934a1bb0d41657fa8c1dcfc4d8fa25537bd5d762895b84');
INSERT INTO blocks VALUES(154978,'6806d86dc2786982abccb4318463db681e9537dfed0da68a83950b14a3c747ca838b74c0e1f07dbfecfc9de13cbc5ae592bd1c2a18ddc991245595b01be448cc',1549780000000,NULL,NULL,'a802091ae669962c5325121dc5e58ffcfbfe63ccbab7dc73eec99d2123e29e06','56226d061841a547602b5d8c2a4a7f72ef3e242c1c6da0ec981261162f321fe3');
INSERT INTO blocks VALUES(154979,'574e2a89653923cd30c5ebd94cae4e50e56ab6cc60a847c6bb274318b76a5c8736211cd209fc02bbed84df5a07c37ea2be2d96f840a7c60058a56d65f328fc67',1549790000000,NULL,NULL,'159ce6211185e0ce66f035751f9f2d3b554a6b93d89934daeedb465a6ff8451c','3d256ae7df2c12c3ea34fafe3d63353a9a20216e152e7c4b5416e3f4754a10bc');
INSERT INTO blocks VALUES(154980,'7986c87b84a5240f0f1b2808cd84e00d01339e69436c3479dd03a16428740d0facb1d88f4733e07a65fd413f584dcaa7d2c47683ead011856e8e792a485e8969',1549800000000,NULL,NULL,'48a327d11732d4ede6f6fb05c7e3256a77d4f3f31200a96f7a3dca851561888e','20695d67141af0fa55032134d2d107c33aca65d4178b73a0b2452e6aa152585d');
INSERT INTO blocks VALUES(154981,'7d32dc11080249c8ab974a72ff0fc4742ca8703c53b44c7692f185ff34d1e32a0512cd79b0107f990c43d6ae770511ee27fb78c4d03bec1833eee11b259bba8d',1549810000000,NULL,NULL,'1f652d18858156f077eb1277ace2bd0ab3025b016f7bec12337f0d58052e651f','33eabe7ad326ece35b058e461f6946790607c6ab0416edd2069e97c00db420dc');
INSERT INTO blocks VALUES(154982,'766110ba2b50a1c0b743164d74871882e6b4a5fbb5082a4c37ab4e04cfa8aa8eaa710ba9f7668ba0141eb9e585586c385a0f17dc1c2cf55f50397ffc18717a2b',1549820000000,NULL,NULL,'0c5f8c0a96e58eb1e65d10ae8702ae58bdb2fff5f5a0547513687ef60c3798b5','71877b3ca834cf3071af6982eb337e894ac5aed8f4acf7758e134c2bfe302e07');
INSERT INTO blocks VALUES(154983,'2d0c386a1fad12d0b44815b00f9ac4e4f518f334b620920197591cf9f27ff89e7f48ae831ebe91664402088ecb5ef4e751964dfa52c424c17666f55ef997a7e7',1549830000000,NULL,NULL,'620d2c04876661fb18ca256f93e2231c8ce8f23b5e760df08873aa4bf75d22b6','a39418997e9650052ea2bca6b7fafda5943b22a9aad8fb7137a7057495fe60cc');
INSERT INTO blocks VALUES(154984,'c2b0c5ebf63c897a6d6f11f0ed2891ac1ed874de7f4ef481e26f26af44e5bef76907b5b672be3b4b1ef094c058931631e8c48ade989638d56ced718b81c10ec4',1549840000000,NULL,NULL,'057a6b1021856789deebf3e21265b64e3821d2bfbb791449fb96537c0ef57ef0','f42e12bce8e823b0340ce0153a35dfb6ff8bfdc533fad3805c398e6f116c3611');
INSERT INTO blocks VALUES(154985,'c371882142ddace24a88072ad4e0ca3beeeea06896964de814bc28740f69ab918a85442d045fdf255498aec09480f4e7832132ba9822aea121523f56ee03937e',1549850000000,NULL,NULL,'30732198e2401b546cab6f47de325b0be4d0fc6c6372f4e6ec3e8184d3699416','59fb582287093d3ac303af77d76c3b0710d765ac67a5369d2dba4b7a9ba6c3bb');
INSERT INTO blocks VALUES(154986,'8d9dc23c40398c904ea8248f929b57b3f1b92ee46e076c7e6f4b2ccc988f7d28fdf80eed9e56c107ac50c9e05b1bdb688fa764fb6e53bda0fd58fc908db9c093',1549860000000,NULL,NULL,'8480c4a2c7ec5f5d0dad89dfaace50006ee99c9d03edb37471439e986834abf8','43d91aa13fc1e2b38850a1ee5a6386e083c0b46f7af56656be278d53100489b7');
INSERT INTO blocks VALUES(154987,'1fb56e72bacb7362989d3a0d942f0fe6e1f0745252d114463097740450dbdff77f99edaaf6b2c0dc37416d9fe38378346e0b2cd980ceb6d74643257af6cfe989',1549870000000,NULL,NULL,'f83337a823f0c8993b23f1bc8ace4c6051d0016f3400a9679d8dbeddcb0ebc89','b47e022e7c753b6bfcccf878d95b393403c0bf123f064990ec49060e6dd28ab7');
INSERT INTO blocks VALUES(154988,'c806d7bf6dce61a03034488c9aa171d2d10b625aa3c972bc2b14df055e4ccddfbff162fe94b8e3d5319585266d48e11ac14cd44e81c8178fe5352e8285972497',1549880000000,NULL,NULL,'ae6888cdfbebdc4acc081db5714e761eeb1d66a36561b19307b8b1353953feb1','defb643b8e884847bb8c2e775dfe8027296c31f012e479db4da861321959217d');
INSERT INTO blocks VALUES(154989,'9492b72f14d74fe3a277e7d63a3bc939717c3d36f934181a9784b156df10b2e77287b64b58abc98672e0629df490a7f1c131ea39aed32653fa186ccdf1dfc574',1549890000000,NULL,NULL,'c4f0d613473c1abe4bec42b47de2c62bc338b5bd408ca7bbef8b9cd38b847b3e','dd51a11ef1e2f25a0862ae0b10f99599ac004340998b7a1db6c336ac09af537c');
INSERT INTO blocks VALUES(154990,'4e47e426a26caf932c908adce0f132ed7ea2a5ec08db42176348810c00ba23adb344989e74e9bb0a7a5f6283678036e3289c1bf3059ac700d06dad2b8e4090b2',1549900000000,NULL,NULL,'b704af27499e4ee4f39eea8353d4ef520df49d286e27aa3b349590e6215af9ea','925c35403b8514c53426c8eb9662aea2662876452ddc3dc8593a1a92820f71d3');
INSERT INTO blocks VALUES(154991,'866feb4fec8a6cbe519277e370a9978f0831730e09c35ed4432aa189b63776a218e89c6a6bbbc76104574514f4deec64e2e31e2a49ac8fdedb5c3baedb18af78',1549910000000,NULL,NULL,'ff475a9609a4d87c69eb179093983290693e24ca30ba319ae5fd2828df2cf253','adffdcdf1c822bc7c9468d728c58e98219c23bcef951c8d6fc4ea82892db6857');
INSERT INTO blocks VALUES(154992,'8c5c6a59b9ffe628fb77a4684232db2a62bedb7d13492c7d8d996f84acf477dada68c6e71d5c0512f92b728f457025b68956d749e182df8b8bc3d48797d719f2',1549920000000,NULL,NULL,'bc86fcb0cf6dce971958336ebaf8ff3017f07c284ade16cd9acceaaef9d9d608','6e1a941a47decd142325f50a017cecd18c6ba86ddbeed0d6e55c12335a79df9d');
INSERT INTO blocks VALUES(154993,'0154ade8f5e1c0fa87f7ff2e4014cc67c889f19dd673b32a771d0fc27204d5034f56b60807a468912ecc98ba3e4bcaec367d2add69fca84de80a2ff6fb5bcaf4',1549930000000,NULL,NULL,'214576d5ac2fd54d6f4e4185104783475478ad0bac3f411e83c3a3482e5a7c4c','efbb39c601897e5c8e635566b2049f0e817065f8e1299feb4f77daf9b37f6755');
INSERT INTO blocks VALUES(154994,'b3ee6cfa86acd454e2f4ab75127178af6a58374261d5ee5a169e4a9b7b095d9567aeef57ca7e528cec06a1d197f5c34bf261b9d0ca525f7eeafed0b413e706de',1549940000000,NULL,NULL,'1731a6f3135b020f27960dee1efe2c43f0f8c230566e2e7820f9ea7eef001f27','e5003aae88c05dc74cb13547720c8c2a3f84198b30d92a22821e3803ce42dd72');
INSERT INTO blocks VALUES(154995,'030d0f64feb56cb400837a02de37d0d82ef6546e6a6bc5b9bba99c5b038a06054118b55d441fa383fad9cdea5fbca41a3b918c14a7cfd2f5293fbbbc746f5025',1549950000000,NULL,NULL,'f4bc063cfd0bd177f5ada3557304e5f451978dfd1b7c9f73a1a0663f13c92e94','f8056e784adc5de11481a0c649c8495dec7a8a21fb455ccd72eb83f07f0d2319');
INSERT INTO blocks VALUES(154996,'1a18a0077cb94535ba68ebea4f3af52f59ae885e8d5f64741aebf4f400a16f1d4b7fd27b4a9bc179c5218e48f03686dc7b359b113b825cf003c00266d929dae3',1549960000000,NULL,NULL,'6e4021ed272bd7849287fe8e05335feede23bb53f1de0545fb7190255f2c809a','3b39aa766b6ca566c9fdf5135cd67f4bc456b39bc60d477a08da7aac72bf2584');
INSERT INTO blocks VALUES(154997,'8440419516f8f8ddbccb55cfd854730a4d2ad31da48a141606e0766876b46f5c3f4ddf894f739c670047e88c772b5287087515912f119d330b3c3e11034d9a02',1549970000000,NULL,NULL,'f7ee51ad7ddb868eba7d527615eb1123b5130de0b4c8fb45d67a4455a2652ef3','f4875443f7082fff52264748f0e51312e95aadfed23568bd4a40773cf305f3f3');
INSERT INTO blocks VALUES(154998,'5f22dca70c3ff67d96f8dd71cac9f35e2b38e0b9926824cf9aa286dbd4a83d1180f69551249c651d50ba36da099e475c4d8508b6c276d831c09e3381af14e3c6',1549980000000,NULL,NULL,'b8e5e8281ff9a2bb4659f1e433bd420f1402cc0ebf5edb01a5f58986befeff35','463fc63c72f58cffb7e5d6f7f728a72bc3a9d8930b61e851a474bf7be9e904f3');
INSERT INTO blocks VALUES(154999,'b0785d57b7e9338067fc9f804eef9bd6600787f0f5c84c104d07c13c469cbbc71b726c311c9873aa234b591457c420cdf095fa41f0208364190b030d429042f6',1549990000000,NULL,NULL,'6eb8a94cde411fc72035c7fa8562e7ce515deb3cd0b7245bce4e145b9f25cc3e','0c089a384f2abfeea9320514261be496a6b38ad4072d68a94675cf9a81f21234');
INSERT INTO blocks VALUES(155000,'41bd5c094337abae2ee087983666d59de761634d2f52bb92726ba5c2acb0654860e67c39fbdac269b39195f2945a2a4d53c76b06c2d814eacec125e4b2a4342c',1550000000000,NULL,NULL,'909d304f48c6bae90399ac76dbf7077141448ad565192b6735daeade2848b5eb','530a22b2b54dc9685def537c310ddffd5fb23fd5cb51484bc496bd3208291ac5');
INSERT INTO blocks VALUES(155001,'502958305b384f43fe8f6cced0ef02938c731bdb77d6d0d0a891b0d4a89aeddd8abef8ec20071069591efc60967420ee08a0f376b8a7faaf93de5d6f91df76d3',1550010000000,NULL,NULL,'1d6f0641fabf67d406484a1608e845cec2c7470f5327cef8965a283c68e79885','35a73e3f8fc3acb48b6f491de257c17cbc80c4493bb1192684e147557c6858d5');
INSERT INTO blocks VALUES(155002,'0ca8ce307305dc7f7269f89abc701f78ca7018655d97f89d30a017b82f851a8d9e198056ef8ea2ccec43146e963392c03376c9814f44a84b36ac70feb33514a1',1550020000000,NULL,NULL,'83b1bac7a803aacfabbedfc9d10d7234902346cc09cb77bcb2d0e49704677c22','08c73c8a7f7896e6f7fbb7d5e65069db463a4e7567ad08847f81ee0051c7ed48');
INSERT INTO blocks VALUES(155003,'b647d70d2a1cc8c93aa27b5ee9130a4c9f619b00881d4a6df375d533cffe6e1d0d89172eff55913c2026bced28550c25bb7e4dd62b7974b648bc4fa9ab0d9ad1',1550030000000,NULL,NULL,'44c9addbb87b73b5f8a2f6c5df908366da3f62f6df72e13d003ef21c4fefb0e6','6c8d8e73565ea1f542d6ffeb02260d36ab2cc749b096e726aa3ff72d0c82fdca');
INSERT INTO blocks VALUES(155004,'9c7e755a7e8f184ae4af05b6db3d4eeb12f5091fa82f3784bbf14568142e9f7965807182327908799d2d3918dfd501381a668be790307c57735d49d6c485b3b2',1550040000000,NULL,NULL,'17cb8128f3158217b689c9e00195fe88f63318db3db3eefbbc9824c1e53851f4','67c4438a5ee238de44180d88be782b5639bfbbb8ea28dca967fbc25e14e6101c');
INSERT INTO blocks VALUES(155005,'3335cec74083c9045768934dc5addc2a026a137f67e138a6dff2ba39120a50c30f93d8b57a2a430d8e5fa39cefd681203157d80e2babb51df4963383a536f10b',1550050000000,NULL,NULL,'1739388c42226e0bab64303938f6d3ecd57f823f23b2e6342ee329a0b696e799','5b66711c849ab69c10ba355ed35c17a8de1e5dcc005a77300ca8f65db43d90f3');
INSERT INTO blocks VALUES(155006,'ea9eb42c0a047834b24bf7a72984933a5db31a55010eb87eea454384fa96e6efaa6f829eda9d84b9da33dc0e0fae26962983cea39caadc9e8c5911513c5932be',1550060000000,NULL,NULL,'27b69447900febb94d2a9a122b0c9bbed69589b2a3e587e3951deb01ebab0f1e','498477e3f78eb6e76c008e932808b618fdbbe2b87a786a410d59719db396128d');
INSERT INTO blocks VALUES(155007,'30787cd612f263a3e9893b3250e1ef05d07bd514dd2d3822c668bce931c3bb425688dfb293e2f9d0ba3d1b6053bfe854e35af11f772c2616f98854ee4f091467',1550070000000,NULL,NULL,'0a596cd9b30b0b4816e701df44a3e15303350f5e0c3abf4753a96d4ab173c98a','a2b2b7329ce94abd7fa284c53d41abbbeb020617e1720788947a3ba2c13d6299');
INSERT INTO blocks VALUES(155008,'52659bb5d20a0c295a577b5903a952ad8b04db83fd083b4221da63660958aaffac4589fef46977336f7dd90574eb8ecc7a50661edbed7d437b87d4f097a3666e',1550080000000,NULL,NULL,'5caefa54d825beafdc08d2683035d94ce170cc0101e9aac32fc159dd777b630b','33690e3978796089bec35cadae1d00a754981e4d0c2aab342fa34a6ad60b3d5b');
INSERT INTO blocks VALUES(155009,'2ebbf8f2c689c039ea06b66af96a498dec9c7ccc21ed3c2615364dc86d83f619933e07198d7f6deedf2c1e9dddca4310de0d98ff68ebdf03182bf33ca58ab6e4',1550090000000,NULL,NULL,'4bed7013aba6f857f661daf05b36f4611a2a15e777a628571d0ee91497b075fc','90f63480d9d80477bb46022c8a2f600320732317796c9bb0374e2a08f069a83a');
-- Triggers and indices on  blocks
CREATE INDEX block_index_idx ON blocks (block_index);
CREATE INDEX index_hash_idx ON blocks (block_index, block_hash);

-- Table  broadcasts
DROP TABLE IF EXISTS broadcasts;
CREATE TABLE broadcasts(
                      tx_index INTEGER PRIMARY KEY,
                      tx_hash TEXT UNIQUE,
                      block_index INTEGER,
                      source TEXT,
                      timestamp INTEGER,
                      value REAL,
                      fee_fraction_int INTEGER,
                      text TEXT,
                      locked BOOL,
                      status TEXT,
                      FOREIGN KEY (tx_index, tx_hash, block_index) REFERENCES transactions(tx_index, tx_hash, block_index));
INSERT INTO broadcasts VALUES(12,'e7e7ad962f4a686ad73186dadd62bbdf986d6352dd5c2fa0d341e04b69907627',154919,'2_mn6q3dS2EnDUx3bmyWc6D4szJNVGtaR7zc_mnfAHmddVibnZNSkh8DvKaQoiEfNsxjXzH_mtQheFaSfWELRB2MyMBaiWjdDm6ux9Ezns_3',1388000000,100.0,5000000,'Unit Test',0,'valid');
INSERT INTO broadcasts VALUES(19,'204c841ee3347de25bea5ee85d81fa8d68438ea0baf33d0df9e42951a3a22a20',154926,'2_mn6q3dS2EnDUx3bmyWc6D4szJNVGtaR7zc_mnfAHmddVibnZNSkh8DvKaQoiEfNsxjXzH_mtQheFaSfWELRB2MyMBaiWjdDm6ux9Ezns_3',1388000050,99.86166,5000000,'Unit Test',0,'valid');
INSERT INTO broadcasts VALUES(20,'8fc2020e6176ee8f113c6897e0e6e112e76cce87a4772c262e1c779870bdca03',154927,'2_mn6q3dS2EnDUx3bmyWc6D4szJNVGtaR7zc_mnfAHmddVibnZNSkh8DvKaQoiEfNsxjXzH_mtQheFaSfWELRB2MyMBaiWjdDm6ux9Ezns_3',1388000101,100.343,5000000,'Unit Test',0,'valid');
INSERT INTO broadcasts VALUES(21,'a6f466bbc92039db884dc1b1080a7bfa8aca260abd00388f7328cdd8c2568f56',154928,'2_mn6q3dS2EnDUx3bmyWc6D4szJNVGtaR7zc_mnfAHmddVibnZNSkh8DvKaQoiEfNsxjXzH_mtQheFaSfWELRB2MyMBaiWjdDm6ux9Ezns_3',1388000201,2.0,5000000,'Unit Test',0,'valid');
-- Triggers and indices on  broadcasts
CREATE INDEX status_source_idx ON broadcasts (status, source);
CREATE INDEX status_source_index_idx ON broadcasts (status, source, tx_index);
CREATE INDEX timestamp_idx ON broadcasts (timestamp);

-- Table  btcpays
DROP TABLE IF EXISTS btcpays;
CREATE TABLE btcpays(
                      tx_index INTEGER PRIMARY KEY,
                      tx_hash TEXT UNIQUE,
                      block_index INTEGER,
                      source TEXT,
                      destination TEXT,
                      btc_amount INTEGER,
                      order_match_id TEXT,
                      status TEXT,
                      FOREIGN KEY (tx_index, tx_hash, block_index) REFERENCES transactions(tx_index, tx_hash, block_index));
INSERT INTO btcpays VALUES(5,'e522a87caf20ac61f2037356bf2eb365e731c03c85db8856026887f10b4d7fb8',154912,'2_mn6q3dS2EnDUx3bmyWc6D4szJNVGtaR7zc_mnfAHmddVibnZNSkh8DvKaQoiEfNsxjXzH_mtQheFaSfWELRB2MyMBaiWjdDm6ux9Ezns_3','2_mn6q3dS2EnDUx3bmyWc6D4szJNVGtaR7zc_mnfAHmddVibnZNSkh8DvKaQoiEfNsxjXzH_mtQheFaSfWELRB2MyMBaiWjdDm6ux9Ezns_3',50000000,'e9f8fbc1ee2d161867e77aec88ec2cb7b69f41513e51d6189c5aad5a0dd6245b50155ea68921273f308d37e1e7c0b57672cb6d9146ced587ce18098f639153cf','valid');

-- Table  burns
DROP TABLE IF EXISTS burns;
CREATE TABLE burns(
                      tx_index INTEGER PRIMARY KEY,
                      tx_hash TEXT UNIQUE,
                      block_index INTEGER,
                      source TEXT,
                      burned INTEGER,
                      earned INTEGER,
                      status TEXT,
                      FOREIGN KEY (tx_index, tx_hash, block_index) REFERENCES transactions(tx_index, tx_hash, block_index));
INSERT INTO burns VALUES(1,'724e5f8f5ffdafe0af9a0dd91151d4db4168c7bc924f8cc63ce07b6edc9e1f6f',154908,'2_mn6q3dS2EnDUx3bmyWc6D4szJNVGtaR7zc_mnfAHmddVibnZNSkh8DvKaQoiEfNsxjXzH_mtQheFaSfWELRB2MyMBaiWjdDm6ux9Ezns_3',62000000,93000000000,'valid');
INSERT INTO burns VALUES(23,'772fe56e3315640fa7c29c6518724801dbd11c0ae3305734d5ad9787fba0580a',154930,'2_mn6q3dS2EnDUx3bmyWc6D4szJNVGtaR7zc_mnfAHmddVibnZNSkh8DvKaQoiEfNsxjXzH_mtQheFaSfWELRB2MyMBaiWjdDm6ux9Ezns_3',38000000,56999891788,'valid');

-- Table  callbacks
DROP TABLE IF EXISTS callbacks;
CREATE TABLE callbacks(
                      tx_index INTEGER PRIMARY KEY,
                      tx_hash TEXT UNIQUE,
                      block_index INTEGER,
                      source TEXT,
                      fraction TEXT,
                      asset TEXT,
                      status TEXT,
                      FOREIGN KEY (tx_index, tx_hash, block_index) REFERENCES transactions(tx_index, tx_hash, block_index));
INSERT INTO callbacks VALUES(25,'adbd9eefffacc3c3d0b9cf990abed463069251f45a8eae33c23f7f1851df7f7e',154932,'2_mn6q3dS2EnDUx3bmyWc6D4szJNVGtaR7zc_mnfAHmddVibnZNSkh8DvKaQoiEfNsxjXzH_mtQheFaSfWELRB2MyMBaiWjdDm6ux9Ezns_3','0.3','BBBC','valid');

-- Table  cancels
DROP TABLE IF EXISTS cancels;
CREATE TABLE cancels(
                      tx_index INTEGER PRIMARY KEY,
                      tx_hash TEXT UNIQUE,
                      block_index INTEGER,
                      source TEXT,
                      offer_hash TEXT,
                      status TEXT,
                      FOREIGN KEY (tx_index, tx_hash, block_index) REFERENCES transactions(tx_index, tx_hash, block_index));
-- Triggers and indices on  cancels
CREATE INDEX cancels_block_index_idx ON cancels (block_index);

-- Table  contracts
DROP TABLE IF EXISTS contracts;
CREATE TABLE contracts(
                      contract_id TEXT PRIMARY KEY,
                      tx_index INTEGER UNIQUE,
                      tx_hash TEXT UNIQUE,
                      block_index INTEGER,
                      source TEXT,
                      code BLOB,
                      nonce INTEGER,
                      FOREIGN KEY (tx_index, tx_hash, block_index) REFERENCES transactions(tx_index, tx_hash, block_index));
-- Triggers and indices on  contracts
CREATE INDEX contract_id_idx ON contracts(contract_id);

-- Table  credits
DROP TABLE IF EXISTS credits;
CREATE TABLE credits(
                      block_index INTEGER,
                      address TEXT,
                      asset TEXT,
                      quantity INTEGER,
                      calling_function TEXT,
                      event TEXT,
                      FOREIGN KEY (block_index) REFERENCES blocks(block_index));
INSERT INTO credits VALUES(154908,'2_mn6q3dS2EnDUx3bmyWc6D4szJNVGtaR7zc_mnfAHmddVibnZNSkh8DvKaQoiEfNsxjXzH_mtQheFaSfWELRB2MyMBaiWjdDm6ux9Ezns_3','XCP',93000000000,'burn','724e5f8f5ffdafe0af9a0dd91151d4db4168c7bc924f8cc63ce07b6edc9e1f6f');
INSERT INTO credits VALUES(154909,'2_mn6q3dS2EnDUx3bmyWc6D4szJNVGtaR7zc_mnfAHmddVibnZNSkh8DvKaQoiEfNsxjXzH_mqPCfvqTfYctXMUfmniXeG2nyaN8w6tPmj_3','XCP',50000000,'send','e29a8086c20a4dd7901f099d9fbc685603328673df642fa741d1a221c941809a');
INSERT INTO credits VALUES(154912,'2_mn6q3dS2EnDUx3bmyWc6D4szJNVGtaR7zc_mnfAHmddVibnZNSkh8DvKaQoiEfNsxjXzH_mtQheFaSfWELRB2MyMBaiWjdDm6ux9Ezns_3','XCP',100000000,'btcpay','e522a87caf20ac61f2037356bf2eb365e731c03c85db8856026887f10b4d7fb8');
INSERT INTO credits VALUES(154913,'2_mn6q3dS2EnDUx3bmyWc6D4szJNVGtaR7zc_mnfAHmddVibnZNSkh8DvKaQoiEfNsxjXzH_mtQheFaSfWELRB2MyMBaiWjdDm6ux9Ezns_3','BBBB',1000000000,'issuance','a7304795147e929a83fd3d1ed6f939f41bf9042c437d1c5e44f735d131dc4e71');
INSERT INTO credits VALUES(154914,'2_mn6q3dS2EnDUx3bmyWc6D4szJNVGtaR7zc_mnfAHmddVibnZNSkh8DvKaQoiEfNsxjXzH_mtQheFaSfWELRB2MyMBaiWjdDm6ux9Ezns_3','BBBC',100000,'issuance','4c3da6a70176d7ba2aea392946af2734e4de1b09700e7f386ced52ce550ba0d2');
INSERT INTO credits VALUES(154915,'2_mn6q3dS2EnDUx3bmyWc6D4szJNVGtaR7zc_mnfAHmddVibnZNSkh8DvKaQoiEfNsxjXzH_mqPCfvqTfYctXMUfmniXeG2nyaN8w6tPmj_3','BBBB',4000000,'send','c9fcecbcb6bf99e0595e0288ab92b35429688642bff848874e3f58eb90a3726b');
INSERT INTO credits VALUES(154916,'2_mn6q3dS2EnDUx3bmyWc6D4szJNVGtaR7zc_mnfAHmddVibnZNSkh8DvKaQoiEfNsxjXzH_mqPCfvqTfYctXMUfmniXeG2nyaN8w6tPmj_3','BBBC',526,'send','1db702adc2324d14b5bc7b5e07925b3e13deb9a18820fc3f4b13fbb3b93505bf');
INSERT INTO credits VALUES(154917,'2_mn6q3dS2EnDUx3bmyWc6D4szJNVGtaR7zc_mnfAHmddVibnZNSkh8DvKaQoiEfNsxjXzH_mqPCfvqTfYctXMUfmniXeG2nyaN8w6tPmj_3','XCP',24,'dividend','8b5c009d715169ba44696aa9ed51ac1bbc669c4704c60fac2c7a38bf4a4df0c9');
INSERT INTO credits VALUES(154918,'2_mn6q3dS2EnDUx3bmyWc6D4szJNVGtaR7zc_mnfAHmddVibnZNSkh8DvKaQoiEfNsxjXzH_mqPCfvqTfYctXMUfmniXeG2nyaN8w6tPmj_3','XCP',420800,'dividend','a95086a2eca160beb947513bd1d5162c582349fb8c20db619489e5796283bf2b');
INSERT INTO credits VALUES(154921,'2_mn6q3dS2EnDUx3bmyWc6D4szJNVGtaR7zc_mnfAHmddVibnZNSkh8DvKaQoiEfNsxjXzH_mtQheFaSfWELRB2MyMBaiWjdDm6ux9Ezns_3','XCP',4250000,'filled','184ebad637f6449733dd9fe6fffcb176f0720a89a31f0e2104eec262d6c5007a');
INSERT INTO credits VALUES(154922,'2_mn6q3dS2EnDUx3bmyWc6D4szJNVGtaR7zc_mnfAHmddVibnZNSkh8DvKaQoiEfNsxjXzH_mtQheFaSfWELRB2MyMBaiWjdDm6ux9Ezns_3','XCP',5000000,'cancel order','50155ea68921273f308d37e1e7c0b57672cb6d9146ced587ce18098f639153cf');
INSERT INTO credits VALUES(154922,'2_mn6q3dS2EnDUx3bmyWc6D4szJNVGtaR7zc_mnfAHmddVibnZNSkh8DvKaQoiEfNsxjXzH_mtQheFaSfWELRB2MyMBaiWjdDm6ux9Ezns_3','XCP',41500000,'recredit forward quantity','404d7fec015ffe20c472274178b516f53d97b8cb012d062be6404f8cc6054ad0184ebad637f6449733dd9fe6fffcb176f0720a89a31f0e2104eec262d6c5007a');
INSERT INTO credits VALUES(154922,'2_mn6q3dS2EnDUx3bmyWc6D4szJNVGtaR7zc_mnfAHmddVibnZNSkh8DvKaQoiEfNsxjXzH_mtQheFaSfWELRB2MyMBaiWjdDm6ux9Ezns_3','XCP',20750000,'recredit backward quantity','404d7fec015ffe20c472274178b516f53d97b8cb012d062be6404f8cc6054ad0184ebad637f6449733dd9fe6fffcb176f0720a89a31f0e2104eec262d6c5007a');
INSERT INTO credits VALUES(154923,'2_mn6q3dS2EnDUx3bmyWc6D4szJNVGtaR7zc_mnfAHmddVibnZNSkh8DvKaQoiEfNsxjXzH_mtQheFaSfWELRB2MyMBaiWjdDm6ux9Ezns_3','XCP',0,'filled','f0a4f79f918b218a1cc6d60e5aad53b53f5c52e21557c55e99407bfe7d4eb3c5');
INSERT INTO credits VALUES(154923,'2_mn6q3dS2EnDUx3bmyWc6D4szJNVGtaR7zc_mnfAHmddVibnZNSkh8DvKaQoiEfNsxjXzH_mtQheFaSfWELRB2MyMBaiWjdDm6ux9Ezns_3','XCP',0,'filled','f0a4f79f918b218a1cc6d60e5aad53b53f5c52e21557c55e99407bfe7d4eb3c5');
INSERT INTO credits VALUES(154924,'2_mn6q3dS2EnDUx3bmyWc6D4szJNVGtaR7zc_mnfAHmddVibnZNSkh8DvKaQoiEfNsxjXzH_mtQheFaSfWELRB2MyMBaiWjdDm6ux9Ezns_3','XCP',150000000,'recredit forward quantity','476eeb419583b037197b17357c68727755e13fa477751b74c970067f882f309cf0a4f79f918b218a1cc6d60e5aad53b53f5c52e21557c55e99407bfe7d4eb3c5');
INSERT INTO credits VALUES(154924,'2_mn6q3dS2EnDUx3bmyWc6D4szJNVGtaR7zc_mnfAHmddVibnZNSkh8DvKaQoiEfNsxjXzH_mtQheFaSfWELRB2MyMBaiWjdDm6ux9Ezns_3','XCP',350000000,'recredit backward quantity','476eeb419583b037197b17357c68727755e13fa477751b74c970067f882f309cf0a4f79f918b218a1cc6d60e5aad53b53f5c52e21557c55e99407bfe7d4eb3c5');
INSERT INTO credits VALUES(154925,'2_mn6q3dS2EnDUx3bmyWc6D4szJNVGtaR7zc_mnfAHmddVibnZNSkh8DvKaQoiEfNsxjXzH_mtQheFaSfWELRB2MyMBaiWjdDm6ux9Ezns_3','XCP',0,'filled','22ac03db8eed848d16ad7492438604560034164c32042ae78d579834f8f5fe12');
INSERT INTO credits VALUES(154925,'2_mn6q3dS2EnDUx3bmyWc6D4szJNVGtaR7zc_mnfAHmddVibnZNSkh8DvKaQoiEfNsxjXzH_mtQheFaSfWELRB2MyMBaiWjdDm6ux9Ezns_3','XCP',0,'filled','22ac03db8eed848d16ad7492438604560034164c32042ae78d579834f8f5fe12');
INSERT INTO credits VALUES(154926,'2_mn6q3dS2EnDUx3bmyWc6D4szJNVGtaR7zc_mnfAHmddVibnZNSkh8DvKaQoiEfNsxjXzH_mtQheFaSfWELRB2MyMBaiWjdDm6ux9Ezns_3','XCP',750000000,'recredit forward quantity','b580d567bad1930073f781c1463c09088da8a336e777461044a5bd632491567922ac03db8eed848d16ad7492438604560034164c32042ae78d579834f8f5fe12');
INSERT INTO credits VALUES(154926,'2_mn6q3dS2EnDUx3bmyWc6D4szJNVGtaR7zc_mnfAHmddVibnZNSkh8DvKaQoiEfNsxjXzH_mtQheFaSfWELRB2MyMBaiWjdDm6ux9Ezns_3','XCP',650000000,'recredit backward quantity','b580d567bad1930073f781c1463c09088da8a336e777461044a5bd632491567922ac03db8eed848d16ad7492438604560034164c32042ae78d579834f8f5fe12');
INSERT INTO credits VALUES(154930,'2_mn6q3dS2EnDUx3bmyWc6D4szJNVGtaR7zc_mnfAHmddVibnZNSkh8DvKaQoiEfNsxjXzH_mtQheFaSfWELRB2MyMBaiWjdDm6ux9Ezns_3','XCP',56999891788,'burn','772fe56e3315640fa7c29c6518724801dbd11c0ae3305734d5ad9787fba0580a');
INSERT INTO credits VALUES(154931,'2_mn6q3dS2EnDUx3bmyWc6D4szJNVGtaR7zc_mnfAHmddVibnZNSkh8DvKaQoiEfNsxjXzH_mtQheFaSfWELRB2MyMBaiWjdDm6ux9Ezns_3','XCP',8500000,'recredit wager remaining','404d7fec015ffe20c472274178b516f53d97b8cb012d062be6404f8cc6054ad0');
INSERT INTO credits VALUES(154931,'2_mn6q3dS2EnDUx3bmyWc6D4szJNVGtaR7zc_mnfAHmddVibnZNSkh8DvKaQoiEfNsxjXzH_mqPCfvqTfYctXMUfmniXeG2nyaN8w6tPmj_3','BBBC',10000,'send','ec0940d4c6fa7c805c2925bdbda406fb9100f087fe5909ce023cf99449b1b743');
INSERT INTO credits VALUES(154932,'2_mn6q3dS2EnDUx3bmyWc6D4szJNVGtaR7zc_mnfAHmddVibnZNSkh8DvKaQoiEfNsxjXzH_mtQheFaSfWELRB2MyMBaiWjdDm6ux9Ezns_3','BBBC',3157,'callback','adbd9eefffacc3c3d0b9cf990abed463069251f45a8eae33c23f7f1851df7f7e');
INSERT INTO credits VALUES(154932,'2_mn6q3dS2EnDUx3bmyWc6D4szJNVGtaR7zc_mnfAHmddVibnZNSkh8DvKaQoiEfNsxjXzH_mqPCfvqTfYctXMUfmniXeG2nyaN8w6tPmj_3','XCP',4735500000,'callback','adbd9eefffacc3c3d0b9cf990abed463069251f45a8eae33c23f7f1851df7f7e');
INSERT INTO credits VALUES(154936,'2_mn6q3dS2EnDUx3bmyWc6D4szJNVGtaR7zc_mnfAHmddVibnZNSkh8DvKaQoiEfNsxjXzH_mtQheFaSfWELRB2MyMBaiWjdDm6ux9Ezns_3','XCP',22043326,'wins','cf8c7134a6010e812d6f1df93517f8c2ea065cdd88a6ee51f69c85d6f686d614199064bea45ef1113fe46acd8c5992c45659f38d89d17e7ad3e5d0c768eb7b29');
INSERT INTO credits VALUES(154940,'2_mn6q3dS2EnDUx3bmyWc6D4szJNVGtaR7zc_mnfAHmddVibnZNSkh8DvKaQoiEfNsxjXzH_mtQheFaSfWELRB2MyMBaiWjdDm6ux9Ezns_3','BBBB',50000000,'cancel order','3d028a78838d20a2763ef32fe2d5f9df1cd915047b791ca40b686cb615cacea5');
INSERT INTO credits VALUES(154948,'2_mn6q3dS2EnDUx3bmyWc6D4szJNVGtaR7zc_mnfAHmddVibnZNSkh8DvKaQoiEfNsxjXzH_mtQheFaSfWELRB2MyMBaiWjdDm6ux9Ezns_3','XCP',11021663,'recredit wager','6474cc5c2fac76152b4ed5104f51f2e106f9bdaa1554e7d5dfd6482791fad150');
INSERT INTO credits VALUES(154977,'2_mn6q3dS2EnDUx3bmyWc6D4szJNVGtaR7zc_mnfAHmddVibnZNSkh8DvKaQoiEfNsxjXzH_mtQheFaSfWELRB2MyMBaiWjdDm6ux9Ezns_3','XCP',11021664,'recredit wager','60acedcd7aef2ef6d3c0f37d462f8b5ad007f19d24c74d6ef097404a9f367090ada3b569c8bd0afad1b184953c7da7582b8b732aedb28c2a2a86b667d8e87c33');
INSERT INTO credits VALUES(154977,'2_mn6q3dS2EnDUx3bmyWc6D4szJNVGtaR7zc_mnfAHmddVibnZNSkh8DvKaQoiEfNsxjXzH_mqPCfvqTfYctXMUfmniXeG2nyaN8w6tPmj_3','XCP',11021664,'recredit wager','60acedcd7aef2ef6d3c0f37d462f8b5ad007f19d24c74d6ef097404a9f367090ada3b569c8bd0afad1b184953c7da7582b8b732aedb28c2a2a86b667d8e87c33');
INSERT INTO credits VALUES(155004,'2_mn6q3dS2EnDUx3bmyWc6D4szJNVGtaR7zc_mnfAHmddVibnZNSkh8DvKaQoiEfNsxjXzH_mtQheFaSfWELRB2MyMBaiWjdDm6ux9Ezns_3','XCP',22043330,'wins','ff755f79e47e0417b67e53c8d80f2eba9ef63f18e7825d2eb1b82bae882917d8b22358c5f5be7211ac3aed63e2594c00571b5307c83b088fd76c365e2d3725a4');

-- Table  debits
DROP TABLE IF EXISTS debits;
CREATE TABLE debits(
                      block_index INTEGER,
                      address TEXT,
                      asset TEXT,
                      quantity INTEGER,
                      action TEXT,
                      event TEXT,
                      FOREIGN KEY (block_index) REFERENCES blocks(block_index));
INSERT INTO debits VALUES(154909,'2_mn6q3dS2EnDUx3bmyWc6D4szJNVGtaR7zc_mnfAHmddVibnZNSkh8DvKaQoiEfNsxjXzH_mtQheFaSfWELRB2MyMBaiWjdDm6ux9Ezns_3','XCP',50000000,'send','e29a8086c20a4dd7901f099d9fbc685603328673df642fa741d1a221c941809a');
INSERT INTO debits VALUES(154911,'2_mn6q3dS2EnDUx3bmyWc6D4szJNVGtaR7zc_mnfAHmddVibnZNSkh8DvKaQoiEfNsxjXzH_mtQheFaSfWELRB2MyMBaiWjdDm6ux9Ezns_3','XCP',105000000,'open order','50155ea68921273f308d37e1e7c0b57672cb6d9146ced587ce18098f639153cf');
INSERT INTO debits VALUES(154913,'2_mn6q3dS2EnDUx3bmyWc6D4szJNVGtaR7zc_mnfAHmddVibnZNSkh8DvKaQoiEfNsxjXzH_mtQheFaSfWELRB2MyMBaiWjdDm6ux9Ezns_3','XCP',50000000,'issuance fee','a7304795147e929a83fd3d1ed6f939f41bf9042c437d1c5e44f735d131dc4e71');
INSERT INTO debits VALUES(154914,'2_mn6q3dS2EnDUx3bmyWc6D4szJNVGtaR7zc_mnfAHmddVibnZNSkh8DvKaQoiEfNsxjXzH_mtQheFaSfWELRB2MyMBaiWjdDm6ux9Ezns_3','XCP',50000000,'issuance fee','4c3da6a70176d7ba2aea392946af2734e4de1b09700e7f386ced52ce550ba0d2');
INSERT INTO debits VALUES(154915,'2_mn6q3dS2EnDUx3bmyWc6D4szJNVGtaR7zc_mnfAHmddVibnZNSkh8DvKaQoiEfNsxjXzH_mtQheFaSfWELRB2MyMBaiWjdDm6ux9Ezns_3','BBBB',4000000,'send','c9fcecbcb6bf99e0595e0288ab92b35429688642bff848874e3f58eb90a3726b');
INSERT INTO debits VALUES(154916,'2_mn6q3dS2EnDUx3bmyWc6D4szJNVGtaR7zc_mnfAHmddVibnZNSkh8DvKaQoiEfNsxjXzH_mtQheFaSfWELRB2MyMBaiWjdDm6ux9Ezns_3','BBBC',526,'send','1db702adc2324d14b5bc7b5e07925b3e13deb9a18820fc3f4b13fbb3b93505bf');
INSERT INTO debits VALUES(154917,'2_mn6q3dS2EnDUx3bmyWc6D4szJNVGtaR7zc_mnfAHmddVibnZNSkh8DvKaQoiEfNsxjXzH_mtQheFaSfWELRB2MyMBaiWjdDm6ux9Ezns_3','XCP',24,'dividend','8b5c009d715169ba44696aa9ed51ac1bbc669c4704c60fac2c7a38bf4a4df0c9');
INSERT INTO debits VALUES(154917,'2_mn6q3dS2EnDUx3bmyWc6D4szJNVGtaR7zc_mnfAHmddVibnZNSkh8DvKaQoiEfNsxjXzH_mtQheFaSfWELRB2MyMBaiWjdDm6ux9Ezns_3','XCP',20000,'dividend fee','8b5c009d715169ba44696aa9ed51ac1bbc669c4704c60fac2c7a38bf4a4df0c9');
INSERT INTO debits VALUES(154918,'2_mn6q3dS2EnDUx3bmyWc6D4szJNVGtaR7zc_mnfAHmddVibnZNSkh8DvKaQoiEfNsxjXzH_mtQheFaSfWELRB2MyMBaiWjdDm6ux9Ezns_3','XCP',420800,'dividend','a95086a2eca160beb947513bd1d5162c582349fb8c20db619489e5796283bf2b');
INSERT INTO debits VALUES(154918,'2_mn6q3dS2EnDUx3bmyWc6D4szJNVGtaR7zc_mnfAHmddVibnZNSkh8DvKaQoiEfNsxjXzH_mtQheFaSfWELRB2MyMBaiWjdDm6ux9Ezns_3','XCP',20000,'dividend fee','a95086a2eca160beb947513bd1d5162c582349fb8c20db619489e5796283bf2b');
INSERT INTO debits VALUES(154920,'2_mn6q3dS2EnDUx3bmyWc6D4szJNVGtaR7zc_mnfAHmddVibnZNSkh8DvKaQoiEfNsxjXzH_mtQheFaSfWELRB2MyMBaiWjdDm6ux9Ezns_3','XCP',50000000,'bet','404d7fec015ffe20c472274178b516f53d97b8cb012d062be6404f8cc6054ad0');
INSERT INTO debits VALUES(154921,'2_mn6q3dS2EnDUx3bmyWc6D4szJNVGtaR7zc_mnfAHmddVibnZNSkh8DvKaQoiEfNsxjXzH_mtQheFaSfWELRB2MyMBaiWjdDm6ux9Ezns_3','XCP',25000000,'bet','184ebad637f6449733dd9fe6fffcb176f0720a89a31f0e2104eec262d6c5007a');
INSERT INTO debits VALUES(154922,'2_mn6q3dS2EnDUx3bmyWc6D4szJNVGtaR7zc_mnfAHmddVibnZNSkh8DvKaQoiEfNsxjXzH_mtQheFaSfWELRB2MyMBaiWjdDm6ux9Ezns_3','XCP',150000000,'bet','476eeb419583b037197b17357c68727755e13fa477751b74c970067f882f309c');
INSERT INTO debits VALUES(154923,'2_mn6q3dS2EnDUx3bmyWc6D4szJNVGtaR7zc_mnfAHmddVibnZNSkh8DvKaQoiEfNsxjXzH_mtQheFaSfWELRB2MyMBaiWjdDm6ux9Ezns_3','XCP',350000000,'bet','f0a4f79f918b218a1cc6d60e5aad53b53f5c52e21557c55e99407bfe7d4eb3c5');
INSERT INTO debits VALUES(154924,'2_mn6q3dS2EnDUx3bmyWc6D4szJNVGtaR7zc_mnfAHmddVibnZNSkh8DvKaQoiEfNsxjXzH_mtQheFaSfWELRB2MyMBaiWjdDm6ux9Ezns_3','XCP',750000000,'bet','b580d567bad1930073f781c1463c09088da8a336e777461044a5bd6324915679');
INSERT INTO debits VALUES(154925,'2_mn6q3dS2EnDUx3bmyWc6D4szJNVGtaR7zc_mnfAHmddVibnZNSkh8DvKaQoiEfNsxjXzH_mtQheFaSfWELRB2MyMBaiWjdDm6ux9Ezns_3','XCP',650000000,'bet','22ac03db8eed848d16ad7492438604560034164c32042ae78d579834f8f5fe12');
INSERT INTO debits VALUES(154929,'2_mn6q3dS2EnDUx3bmyWc6D4szJNVGtaR7zc_mnfAHmddVibnZNSkh8DvKaQoiEfNsxjXzH_mtQheFaSfWELRB2MyMBaiWjdDm6ux9Ezns_3','BBBB',50000000,'open order','3d028a78838d20a2763ef32fe2d5f9df1cd915047b791ca40b686cb615cacea5');
INSERT INTO debits VALUES(154931,'2_mn6q3dS2EnDUx3bmyWc6D4szJNVGtaR7zc_mnfAHmddVibnZNSkh8DvKaQoiEfNsxjXzH_mtQheFaSfWELRB2MyMBaiWjdDm6ux9Ezns_3','BBBC',10000,'send','ec0940d4c6fa7c805c2925bdbda406fb9100f087fe5909ce023cf99449b1b743');
INSERT INTO debits VALUES(154932,'2_mn6q3dS2EnDUx3bmyWc6D4szJNVGtaR7zc_mnfAHmddVibnZNSkh8DvKaQoiEfNsxjXzH_mtQheFaSfWELRB2MyMBaiWjdDm6ux9Ezns_3','XCP',4735500000,'callback','adbd9eefffacc3c3d0b9cf990abed463069251f45a8eae33c23f7f1851df7f7e');
INSERT INTO debits VALUES(154932,'2_mn6q3dS2EnDUx3bmyWc6D4szJNVGtaR7zc_mnfAHmddVibnZNSkh8DvKaQoiEfNsxjXzH_mqPCfvqTfYctXMUfmniXeG2nyaN8w6tPmj_3','BBBC',3157,'callback','adbd9eefffacc3c3d0b9cf990abed463069251f45a8eae33c23f7f1851df7f7e');
INSERT INTO debits VALUES(154933,'2_mn6q3dS2EnDUx3bmyWc6D4szJNVGtaR7zc_mnfAHmddVibnZNSkh8DvKaQoiEfNsxjXzH_mtQheFaSfWELRB2MyMBaiWjdDm6ux9Ezns_3','XCP',11021663,'open RPS','cf8c7134a6010e812d6f1df93517f8c2ea065cdd88a6ee51f69c85d6f686d614');
INSERT INTO debits VALUES(154934,'2_mn6q3dS2EnDUx3bmyWc6D4szJNVGtaR7zc_mnfAHmddVibnZNSkh8DvKaQoiEfNsxjXzH_mqPCfvqTfYctXMUfmniXeG2nyaN8w6tPmj_3','XCP',11021663,'open RPS','199064bea45ef1113fe46acd8c5992c45659f38d89d17e7ad3e5d0c768eb7b29');
INSERT INTO debits VALUES(154937,'2_mn6q3dS2EnDUx3bmyWc6D4szJNVGtaR7zc_mnfAHmddVibnZNSkh8DvKaQoiEfNsxjXzH_mtQheFaSfWELRB2MyMBaiWjdDm6ux9Ezns_3','XCP',11021663,'open RPS','6474cc5c2fac76152b4ed5104f51f2e106f9bdaa1554e7d5dfd6482791fad150');
INSERT INTO debits VALUES(154955,'2_mn6q3dS2EnDUx3bmyWc6D4szJNVGtaR7zc_mnfAHmddVibnZNSkh8DvKaQoiEfNsxjXzH_mtQheFaSfWELRB2MyMBaiWjdDm6ux9Ezns_3','XCP',11021664,'open RPS','60acedcd7aef2ef6d3c0f37d462f8b5ad007f19d24c74d6ef097404a9f367090');
INSERT INTO debits VALUES(154956,'2_mn6q3dS2EnDUx3bmyWc6D4szJNVGtaR7zc_mnfAHmddVibnZNSkh8DvKaQoiEfNsxjXzH_mqPCfvqTfYctXMUfmniXeG2nyaN8w6tPmj_3','XCP',11021664,'open RPS','ada3b569c8bd0afad1b184953c7da7582b8b732aedb28c2a2a86b667d8e87c33');
INSERT INTO debits VALUES(154982,'2_mn6q3dS2EnDUx3bmyWc6D4szJNVGtaR7zc_mnfAHmddVibnZNSkh8DvKaQoiEfNsxjXzH_mtQheFaSfWELRB2MyMBaiWjdDm6ux9Ezns_3','XCP',11021665,'open RPS','ff755f79e47e0417b67e53c8d80f2eba9ef63f18e7825d2eb1b82bae882917d8');
INSERT INTO debits VALUES(154983,'2_mn6q3dS2EnDUx3bmyWc6D4szJNVGtaR7zc_mnfAHmddVibnZNSkh8DvKaQoiEfNsxjXzH_mqPCfvqTfYctXMUfmniXeG2nyaN8w6tPmj_3','XCP',11021665,'open RPS','b22358c5f5be7211ac3aed63e2594c00571b5307c83b088fd76c365e2d3725a4');
-- Triggers and indices on  debits
CREATE INDEX address_idx ON debits (address);
CREATE INDEX asset_idx ON debits (asset);

-- Table  dividends
DROP TABLE IF EXISTS dividends;
CREATE TABLE dividends(
                      tx_index INTEGER PRIMARY KEY,
                      tx_hash TEXT UNIQUE,
                      block_index INTEGER,
                      source TEXT,
                      asset TEXT,
                      dividend_asset TEXT,
                      quantity_per_unit INTEGER,
                      fee_paid INTEGER,
                      status TEXT,
                      FOREIGN KEY (tx_index, tx_hash, block_index) REFERENCES transactions(tx_index, tx_hash, block_index));
INSERT INTO dividends VALUES(10,'8b5c009d715169ba44696aa9ed51ac1bbc669c4704c60fac2c7a38bf4a4df0c9',154917,'2_mn6q3dS2EnDUx3bmyWc6D4szJNVGtaR7zc_mnfAHmddVibnZNSkh8DvKaQoiEfNsxjXzH_mtQheFaSfWELRB2MyMBaiWjdDm6ux9Ezns_3','BBBB','XCP',600,20000,'valid');
INSERT INTO dividends VALUES(11,'a95086a2eca160beb947513bd1d5162c582349fb8c20db619489e5796283bf2b',154918,'2_mn6q3dS2EnDUx3bmyWc6D4szJNVGtaR7zc_mnfAHmddVibnZNSkh8DvKaQoiEfNsxjXzH_mtQheFaSfWELRB2MyMBaiWjdDm6ux9Ezns_3','BBBC','XCP',800,20000,'valid');

-- Table  executions
DROP TABLE IF EXISTS executions;
CREATE TABLE executions(
                      tx_index INTEGER UNIQUE,
                      tx_hash TEXT UNIQUE,
                      block_index INTEGER,
                      source TEXT,
                      contract_id TEXT,
                      gas_price INTEGER,
                      gas_start INTEGER,
                      gas_cost INTEGER,
                      gas_remained INTEGER,
                      value INTEGER,
                      data BLOB,
                      output BLOB,
                      status TEXT,
                      FOREIGN KEY (tx_index, tx_hash, block_index) REFERENCES transactions(tx_index, tx_hash, block_index));

-- Table  issuances
DROP TABLE IF EXISTS issuances;
CREATE TABLE issuances(
                      tx_index INTEGER PRIMARY KEY,
                      tx_hash TEXT UNIQUE,
                      block_index INTEGER,
                      asset TEXT,
                      quantity INTEGER,
                      divisible BOOL,
                      source TEXT,
                      issuer TEXT,
                      transfer BOOL,
                      callable BOOL,
                      call_date INTEGER,
                      call_price REAL,
                      description TEXT,
                      fee_paid INTEGER,
                      locked BOOL,
                      status TEXT,
                      FOREIGN KEY (tx_index, tx_hash, block_index) REFERENCES transactions(tx_index, tx_hash, block_index));
INSERT INTO issuances VALUES(6,'a7304795147e929a83fd3d1ed6f939f41bf9042c437d1c5e44f735d131dc4e71',154913,'BBBB',1000000000,1,'2_mn6q3dS2EnDUx3bmyWc6D4szJNVGtaR7zc_mnfAHmddVibnZNSkh8DvKaQoiEfNsxjXzH_mtQheFaSfWELRB2MyMBaiWjdDm6ux9Ezns_3','2_mn6q3dS2EnDUx3bmyWc6D4szJNVGtaR7zc_mnfAHmddVibnZNSkh8DvKaQoiEfNsxjXzH_mtQheFaSfWELRB2MyMBaiWjdDm6ux9Ezns_3',0,0,0,0.0,'',50000000,0,'valid');
INSERT INTO issuances VALUES(7,'4c3da6a70176d7ba2aea392946af2734e4de1b09700e7f386ced52ce550ba0d2',154914,'BBBC',100000,0,'2_mn6q3dS2EnDUx3bmyWc6D4szJNVGtaR7zc_mnfAHmddVibnZNSkh8DvKaQoiEfNsxjXzH_mtQheFaSfWELRB2MyMBaiWjdDm6ux9Ezns_3','2_mn6q3dS2EnDUx3bmyWc6D4szJNVGtaR7zc_mnfAHmddVibnZNSkh8DvKaQoiEfNsxjXzH_mtQheFaSfWELRB2MyMBaiWjdDm6ux9Ezns_3',0,1,17,0.015,'foobar',50000000,0,'valid');
-- Triggers and indices on  issuances
CREATE INDEX status_idx ON issuances (status);
CREATE INDEX valid_asset_idx ON issuances (asset, status);

-- Table  mempool
DROP TABLE IF EXISTS mempool;
CREATE TABLE mempool(
                      tx_hash TEXT,
                      command TEXT,
                      category TEXT,
                      bindings TEXT,
                      timestamp INTEGER);

-- Table  messages
DROP TABLE IF EXISTS messages;
CREATE TABLE messages(
                      message_index INTEGER PRIMARY KEY,
                      block_index INTEGER,
                      command TEXT,
                      category TEXT,
                      bindings TEXT,
                      timestamp INTEGER);
INSERT INTO messages VALUES(0,154908,'insert','credits','{"action": "burn", "address": "2_mn6q3dS2EnDUx3bmyWc6D4szJNVGtaR7zc_mnfAHmddVibnZNSkh8DvKaQoiEfNsxjXzH_mtQheFaSfWELRB2MyMBaiWjdDm6ux9Ezns_3", "asset": "XCP", "block_index": 154908, "event": "724e5f8f5ffdafe0af9a0dd91151d4db4168c7bc924f8cc63ce07b6edc9e1f6f", "quantity": 93000000000}',0);
INSERT INTO messages VALUES(1,154908,'insert','burns','{"block_index": 154908, "burned": 62000000, "earned": 93000000000, "source": "2_mn6q3dS2EnDUx3bmyWc6D4szJNVGtaR7zc_mnfAHmddVibnZNSkh8DvKaQoiEfNsxjXzH_mtQheFaSfWELRB2MyMBaiWjdDm6ux9Ezns_3", "status": "valid", "tx_hash": "724e5f8f5ffdafe0af9a0dd91151d4db4168c7bc924f8cc63ce07b6edc9e1f6f", "tx_index": 1}',0);
INSERT INTO messages VALUES(2,154909,'insert','debits','{"action": "send", "address": "2_mn6q3dS2EnDUx3bmyWc6D4szJNVGtaR7zc_mnfAHmddVibnZNSkh8DvKaQoiEfNsxjXzH_mtQheFaSfWELRB2MyMBaiWjdDm6ux9Ezns_3", "asset": "XCP", "block_index": 154909, "event": "e29a8086c20a4dd7901f099d9fbc685603328673df642fa741d1a221c941809a", "quantity": 50000000}',0);
INSERT INTO messages VALUES(3,154909,'insert','credits','{"action": "send", "address": "2_mn6q3dS2EnDUx3bmyWc6D4szJNVGtaR7zc_mnfAHmddVibnZNSkh8DvKaQoiEfNsxjXzH_mqPCfvqTfYctXMUfmniXeG2nyaN8w6tPmj_3", "asset": "XCP", "block_index": 154909, "event": "e29a8086c20a4dd7901f099d9fbc685603328673df642fa741d1a221c941809a", "quantity": 50000000}',0);
INSERT INTO messages VALUES(4,154909,'insert','sends','{"asset": "XCP", "block_index": 154909, "destination": "2_mn6q3dS2EnDUx3bmyWc6D4szJNVGtaR7zc_mnfAHmddVibnZNSkh8DvKaQoiEfNsxjXzH_mqPCfvqTfYctXMUfmniXeG2nyaN8w6tPmj_3", "quantity": 50000000, "source": "2_mn6q3dS2EnDUx3bmyWc6D4szJNVGtaR7zc_mnfAHmddVibnZNSkh8DvKaQoiEfNsxjXzH_mtQheFaSfWELRB2MyMBaiWjdDm6ux9Ezns_3", "status": "valid", "tx_hash": "e29a8086c20a4dd7901f099d9fbc685603328673df642fa741d1a221c941809a", "tx_index": 2}',0);
INSERT INTO messages VALUES(5,154910,'insert','orders','{"block_index": 154910, "expiration": 10, "expire_index": 154920, "fee_provided": 1000000, "fee_provided_remaining": 1000000, "fee_required": 0, "fee_required_remaining": 0, "get_asset": "XCP", "get_quantity": 100000000, "get_remaining": 100000000, "give_asset": "BTC", "give_quantity": 50000000, "give_remaining": 50000000, "source": "2_mn6q3dS2EnDUx3bmyWc6D4szJNVGtaR7zc_mnfAHmddVibnZNSkh8DvKaQoiEfNsxjXzH_mtQheFaSfWELRB2MyMBaiWjdDm6ux9Ezns_3", "status": "open", "tx_hash": "e9f8fbc1ee2d161867e77aec88ec2cb7b69f41513e51d6189c5aad5a0dd6245b", "tx_index": 3}',0);
INSERT INTO messages VALUES(6,154911,'insert','debits','{"action": "open order", "address": "2_mn6q3dS2EnDUx3bmyWc6D4szJNVGtaR7zc_mnfAHmddVibnZNSkh8DvKaQoiEfNsxjXzH_mtQheFaSfWELRB2MyMBaiWjdDm6ux9Ezns_3", "asset": "XCP", "block_index": 154911, "event": "50155ea68921273f308d37e1e7c0b57672cb6d9146ced587ce18098f639153cf", "quantity": 105000000}',0);
INSERT INTO messages VALUES(7,154911,'insert','orders','{"block_index": 154911, "expiration": 10, "expire_index": 154921, "fee_provided": 10000, "fee_provided_remaining": 10000, "fee_required": 900000, "fee_required_remaining": 900000, "get_asset": "BTC", "get_quantity": 50000000, "get_remaining": 50000000, "give_asset": "XCP", "give_quantity": 105000000, "give_remaining": 105000000, "source": "2_mn6q3dS2EnDUx3bmyWc6D4szJNVGtaR7zc_mnfAHmddVibnZNSkh8DvKaQoiEfNsxjXzH_mtQheFaSfWELRB2MyMBaiWjdDm6ux9Ezns_3", "status": "open", "tx_hash": "50155ea68921273f308d37e1e7c0b57672cb6d9146ced587ce18098f639153cf", "tx_index": 4}',0);
INSERT INTO messages VALUES(8,154911,'update','orders','{"fee_provided_remaining": 142858, "fee_required_remaining": 0, "get_remaining": 0, "give_remaining": 0, "status": "open", "tx_hash": "e9f8fbc1ee2d161867e77aec88ec2cb7b69f41513e51d6189c5aad5a0dd6245b"}',0);
INSERT INTO messages VALUES(9,154911,'update','orders','{"fee_provided_remaining": 10000, "fee_required_remaining": 42858, "get_remaining": 0, "give_remaining": 5000000, "status": "open", "tx_hash": "50155ea68921273f308d37e1e7c0b57672cb6d9146ced587ce18098f639153cf"}',0);
INSERT INTO messages VALUES(10,154911,'insert','order_matches','{"backward_asset": "XCP", "backward_quantity": 100000000, "block_index": 154911, "fee_paid": 857142, "forward_asset": "BTC", "forward_quantity": 50000000, "id": "e9f8fbc1ee2d161867e77aec88ec2cb7b69f41513e51d6189c5aad5a0dd6245b50155ea68921273f308d37e1e7c0b57672cb6d9146ced587ce18098f639153cf", "match_expire_index": 154931, "status": "pending", "tx0_address": "2_mn6q3dS2EnDUx3bmyWc6D4szJNVGtaR7zc_mnfAHmddVibnZNSkh8DvKaQoiEfNsxjXzH_mtQheFaSfWELRB2MyMBaiWjdDm6ux9Ezns_3", "tx0_block_index": 154910, "tx0_expiration": 10, "tx0_hash": "e9f8fbc1ee2d161867e77aec88ec2cb7b69f41513e51d6189c5aad5a0dd6245b", "tx0_index": 3, "tx1_address": "2_mn6q3dS2EnDUx3bmyWc6D4szJNVGtaR7zc_mnfAHmddVibnZNSkh8DvKaQoiEfNsxjXzH_mtQheFaSfWELRB2MyMBaiWjdDm6ux9Ezns_3", "tx1_block_index": 154911, "tx1_expiration": 10, "tx1_hash": "50155ea68921273f308d37e1e7c0b57672cb6d9146ced587ce18098f639153cf", "tx1_index": 4}',0);
INSERT INTO messages VALUES(11,154912,'insert','credits','{"action": "btcpay", "address": "2_mn6q3dS2EnDUx3bmyWc6D4szJNVGtaR7zc_mnfAHmddVibnZNSkh8DvKaQoiEfNsxjXzH_mtQheFaSfWELRB2MyMBaiWjdDm6ux9Ezns_3", "asset": "XCP", "block_index": 154912, "event": "e522a87caf20ac61f2037356bf2eb365e731c03c85db8856026887f10b4d7fb8", "quantity": 100000000}',0);
INSERT INTO messages VALUES(12,154912,'update','order_matches','{"order_match_id": "e9f8fbc1ee2d161867e77aec88ec2cb7b69f41513e51d6189c5aad5a0dd6245b50155ea68921273f308d37e1e7c0b57672cb6d9146ced587ce18098f639153cf", "status": "completed"}',0);
INSERT INTO messages VALUES(13,154912,'insert','btcpays','{"block_index": 154912, "btc_amount": 50000000, "destination": "2_mn6q3dS2EnDUx3bmyWc6D4szJNVGtaR7zc_mnfAHmddVibnZNSkh8DvKaQoiEfNsxjXzH_mtQheFaSfWELRB2MyMBaiWjdDm6ux9Ezns_3", "order_match_id": "e9f8fbc1ee2d161867e77aec88ec2cb7b69f41513e51d6189c5aad5a0dd6245b50155ea68921273f308d37e1e7c0b57672cb6d9146ced587ce18098f639153cf", "source": "2_mn6q3dS2EnDUx3bmyWc6D4szJNVGtaR7zc_mnfAHmddVibnZNSkh8DvKaQoiEfNsxjXzH_mtQheFaSfWELRB2MyMBaiWjdDm6ux9Ezns_3", "status": "valid", "tx_hash": "e522a87caf20ac61f2037356bf2eb365e731c03c85db8856026887f10b4d7fb8", "tx_index": 5}',0);
INSERT INTO messages VALUES(14,154913,'insert','debits','{"action": "issuance fee", "address": "2_mn6q3dS2EnDUx3bmyWc6D4szJNVGtaR7zc_mnfAHmddVibnZNSkh8DvKaQoiEfNsxjXzH_mtQheFaSfWELRB2MyMBaiWjdDm6ux9Ezns_3", "asset": "XCP", "block_index": 154913, "event": "a7304795147e929a83fd3d1ed6f939f41bf9042c437d1c5e44f735d131dc4e71", "quantity": 50000000}',0);
INSERT INTO messages VALUES(15,154913,'insert','issuances','{"asset": "BBBB", "block_index": 154913, "call_date": 0, "call_price": 0.0, "callable": false, "description": "", "divisible": true, "fee_paid": 50000000, "issuer": "2_mn6q3dS2EnDUx3bmyWc6D4szJNVGtaR7zc_mnfAHmddVibnZNSkh8DvKaQoiEfNsxjXzH_mtQheFaSfWELRB2MyMBaiWjdDm6ux9Ezns_3", "locked": false, "quantity": 1000000000, "source": "2_mn6q3dS2EnDUx3bmyWc6D4szJNVGtaR7zc_mnfAHmddVibnZNSkh8DvKaQoiEfNsxjXzH_mtQheFaSfWELRB2MyMBaiWjdDm6ux9Ezns_3", "status": "valid", "transfer": false, "tx_hash": "a7304795147e929a83fd3d1ed6f939f41bf9042c437d1c5e44f735d131dc4e71", "tx_index": 6}',0);
INSERT INTO messages VALUES(16,154913,'insert','credits','{"action": "issuance", "address": "2_mn6q3dS2EnDUx3bmyWc6D4szJNVGtaR7zc_mnfAHmddVibnZNSkh8DvKaQoiEfNsxjXzH_mtQheFaSfWELRB2MyMBaiWjdDm6ux9Ezns_3", "asset": "BBBB", "block_index": 154913, "event": "a7304795147e929a83fd3d1ed6f939f41bf9042c437d1c5e44f735d131dc4e71", "quantity": 1000000000}',0);
INSERT INTO messages VALUES(17,154914,'insert','debits','{"action": "issuance fee", "address": "2_mn6q3dS2EnDUx3bmyWc6D4szJNVGtaR7zc_mnfAHmddVibnZNSkh8DvKaQoiEfNsxjXzH_mtQheFaSfWELRB2MyMBaiWjdDm6ux9Ezns_3", "asset": "XCP", "block_index": 154914, "event": "4c3da6a70176d7ba2aea392946af2734e4de1b09700e7f386ced52ce550ba0d2", "quantity": 50000000}',0);
INSERT INTO messages VALUES(18,154914,'insert','issuances','{"asset": "BBBC", "block_index": 154914, "call_date": 17, "call_price": 0.015, "callable": true, "description": "foobar", "divisible": false, "fee_paid": 50000000, "issuer": "2_mn6q3dS2EnDUx3bmyWc6D4szJNVGtaR7zc_mnfAHmddVibnZNSkh8DvKaQoiEfNsxjXzH_mtQheFaSfWELRB2MyMBaiWjdDm6ux9Ezns_3", "locked": false, "quantity": 100000, "source": "2_mn6q3dS2EnDUx3bmyWc6D4szJNVGtaR7zc_mnfAHmddVibnZNSkh8DvKaQoiEfNsxjXzH_mtQheFaSfWELRB2MyMBaiWjdDm6ux9Ezns_3", "status": "valid", "transfer": false, "tx_hash": "4c3da6a70176d7ba2aea392946af2734e4de1b09700e7f386ced52ce550ba0d2", "tx_index": 7}',0);
INSERT INTO messages VALUES(19,154914,'insert','credits','{"action": "issuance", "address": "2_mn6q3dS2EnDUx3bmyWc6D4szJNVGtaR7zc_mnfAHmddVibnZNSkh8DvKaQoiEfNsxjXzH_mtQheFaSfWELRB2MyMBaiWjdDm6ux9Ezns_3", "asset": "BBBC", "block_index": 154914, "event": "4c3da6a70176d7ba2aea392946af2734e4de1b09700e7f386ced52ce550ba0d2", "quantity": 100000}',0);
INSERT INTO messages VALUES(20,154915,'insert','debits','{"action": "send", "address": "2_mn6q3dS2EnDUx3bmyWc6D4szJNVGtaR7zc_mnfAHmddVibnZNSkh8DvKaQoiEfNsxjXzH_mtQheFaSfWELRB2MyMBaiWjdDm6ux9Ezns_3", "asset": "BBBB", "block_index": 154915, "event": "c9fcecbcb6bf99e0595e0288ab92b35429688642bff848874e3f58eb90a3726b", "quantity": 4000000}',0);
INSERT INTO messages VALUES(21,154915,'insert','credits','{"action": "send", "address": "2_mn6q3dS2EnDUx3bmyWc6D4szJNVGtaR7zc_mnfAHmddVibnZNSkh8DvKaQoiEfNsxjXzH_mqPCfvqTfYctXMUfmniXeG2nyaN8w6tPmj_3", "asset": "BBBB", "block_index": 154915, "event": "c9fcecbcb6bf99e0595e0288ab92b35429688642bff848874e3f58eb90a3726b", "quantity": 4000000}',0);
INSERT INTO messages VALUES(22,154915,'insert','sends','{"asset": "BBBB", "block_index": 154915, "destination": "2_mn6q3dS2EnDUx3bmyWc6D4szJNVGtaR7zc_mnfAHmddVibnZNSkh8DvKaQoiEfNsxjXzH_mqPCfvqTfYctXMUfmniXeG2nyaN8w6tPmj_3", "quantity": 4000000, "source": "2_mn6q3dS2EnDUx3bmyWc6D4szJNVGtaR7zc_mnfAHmddVibnZNSkh8DvKaQoiEfNsxjXzH_mtQheFaSfWELRB2MyMBaiWjdDm6ux9Ezns_3", "status": "valid", "tx_hash": "c9fcecbcb6bf99e0595e0288ab92b35429688642bff848874e3f58eb90a3726b", "tx_index": 8}',0);
INSERT INTO messages VALUES(23,154916,'insert','debits','{"action": "send", "address": "2_mn6q3dS2EnDUx3bmyWc6D4szJNVGtaR7zc_mnfAHmddVibnZNSkh8DvKaQoiEfNsxjXzH_mtQheFaSfWELRB2MyMBaiWjdDm6ux9Ezns_3", "asset": "BBBC", "block_index": 154916, "event": "1db702adc2324d14b5bc7b5e07925b3e13deb9a18820fc3f4b13fbb3b93505bf", "quantity": 526}',0);
INSERT INTO messages VALUES(24,154916,'insert','credits','{"action": "send", "address": "2_mn6q3dS2EnDUx3bmyWc6D4szJNVGtaR7zc_mnfAHmddVibnZNSkh8DvKaQoiEfNsxjXzH_mqPCfvqTfYctXMUfmniXeG2nyaN8w6tPmj_3", "asset": "BBBC", "block_index": 154916, "event": "1db702adc2324d14b5bc7b5e07925b3e13deb9a18820fc3f4b13fbb3b93505bf", "quantity": 526}',0);
INSERT INTO messages VALUES(25,154916,'insert','sends','{"asset": "BBBC", "block_index": 154916, "destination": "2_mn6q3dS2EnDUx3bmyWc6D4szJNVGtaR7zc_mnfAHmddVibnZNSkh8DvKaQoiEfNsxjXzH_mqPCfvqTfYctXMUfmniXeG2nyaN8w6tPmj_3", "quantity": 526, "source": "2_mn6q3dS2EnDUx3bmyWc6D4szJNVGtaR7zc_mnfAHmddVibnZNSkh8DvKaQoiEfNsxjXzH_mtQheFaSfWELRB2MyMBaiWjdDm6ux9Ezns_3", "status": "valid", "tx_hash": "1db702adc2324d14b5bc7b5e07925b3e13deb9a18820fc3f4b13fbb3b93505bf", "tx_index": 9}',0);
INSERT INTO messages VALUES(26,154917,'insert','debits','{"action": "dividend", "address": "2_mn6q3dS2EnDUx3bmyWc6D4szJNVGtaR7zc_mnfAHmddVibnZNSkh8DvKaQoiEfNsxjXzH_mtQheFaSfWELRB2MyMBaiWjdDm6ux9Ezns_3", "asset": "XCP", "block_index": 154917, "event": "8b5c009d715169ba44696aa9ed51ac1bbc669c4704c60fac2c7a38bf4a4df0c9", "quantity": 24}',0);
INSERT INTO messages VALUES(27,154917,'insert','debits','{"action": "dividend fee", "address": "2_mn6q3dS2EnDUx3bmyWc6D4szJNVGtaR7zc_mnfAHmddVibnZNSkh8DvKaQoiEfNsxjXzH_mtQheFaSfWELRB2MyMBaiWjdDm6ux9Ezns_3", "asset": "XCP", "block_index": 154917, "event": "8b5c009d715169ba44696aa9ed51ac1bbc669c4704c60fac2c7a38bf4a4df0c9", "quantity": 20000}',0);
INSERT INTO messages VALUES(28,154917,'insert','credits','{"action": "dividend", "address": "2_mn6q3dS2EnDUx3bmyWc6D4szJNVGtaR7zc_mnfAHmddVibnZNSkh8DvKaQoiEfNsxjXzH_mqPCfvqTfYctXMUfmniXeG2nyaN8w6tPmj_3", "asset": "XCP", "block_index": 154917, "event": "8b5c009d715169ba44696aa9ed51ac1bbc669c4704c60fac2c7a38bf4a4df0c9", "quantity": 24}',0);
INSERT INTO messages VALUES(29,154917,'insert','dividends','{"asset": "BBBB", "block_index": 154917, "dividend_asset": "XCP", "fee_paid": 20000, "quantity_per_unit": 600, "source": "2_mn6q3dS2EnDUx3bmyWc6D4szJNVGtaR7zc_mnfAHmddVibnZNSkh8DvKaQoiEfNsxjXzH_mtQheFaSfWELRB2MyMBaiWjdDm6ux9Ezns_3", "status": "valid", "tx_hash": "8b5c009d715169ba44696aa9ed51ac1bbc669c4704c60fac2c7a38bf4a4df0c9", "tx_index": 10}',0);
INSERT INTO messages VALUES(30,154918,'insert','debits','{"action": "dividend", "address": "2_mn6q3dS2EnDUx3bmyWc6D4szJNVGtaR7zc_mnfAHmddVibnZNSkh8DvKaQoiEfNsxjXzH_mtQheFaSfWELRB2MyMBaiWjdDm6ux9Ezns_3", "asset": "XCP", "block_index": 154918, "event": "a95086a2eca160beb947513bd1d5162c582349fb8c20db619489e5796283bf2b", "quantity": 420800}',0);
INSERT INTO messages VALUES(31,154918,'insert','debits','{"action": "dividend fee", "address": "2_mn6q3dS2EnDUx3bmyWc6D4szJNVGtaR7zc_mnfAHmddVibnZNSkh8DvKaQoiEfNsxjXzH_mtQheFaSfWELRB2MyMBaiWjdDm6ux9Ezns_3", "asset": "XCP", "block_index": 154918, "event": "a95086a2eca160beb947513bd1d5162c582349fb8c20db619489e5796283bf2b", "quantity": 20000}',0);
INSERT INTO messages VALUES(32,154918,'insert','credits','{"action": "dividend", "address": "2_mn6q3dS2EnDUx3bmyWc6D4szJNVGtaR7zc_mnfAHmddVibnZNSkh8DvKaQoiEfNsxjXzH_mqPCfvqTfYctXMUfmniXeG2nyaN8w6tPmj_3", "asset": "XCP", "block_index": 154918, "event": "a95086a2eca160beb947513bd1d5162c582349fb8c20db619489e5796283bf2b", "quantity": 420800}',0);
INSERT INTO messages VALUES(33,154918,'insert','dividends','{"asset": "BBBC", "block_index": 154918, "dividend_asset": "XCP", "fee_paid": 20000, "quantity_per_unit": 800, "source": "2_mn6q3dS2EnDUx3bmyWc6D4szJNVGtaR7zc_mnfAHmddVibnZNSkh8DvKaQoiEfNsxjXzH_mtQheFaSfWELRB2MyMBaiWjdDm6ux9Ezns_3", "status": "valid", "tx_hash": "a95086a2eca160beb947513bd1d5162c582349fb8c20db619489e5796283bf2b", "tx_index": 11}',0);
INSERT INTO messages VALUES(34,154919,'insert','broadcasts','{"block_index": 154919, "fee_fraction_int": 5000000, "locked": false, "source": "2_mn6q3dS2EnDUx3bmyWc6D4szJNVGtaR7zc_mnfAHmddVibnZNSkh8DvKaQoiEfNsxjXzH_mtQheFaSfWELRB2MyMBaiWjdDm6ux9Ezns_3", "status": "valid", "text": "Unit Test", "timestamp": 1388000000, "tx_hash": "e7e7ad962f4a686ad73186dadd62bbdf986d6352dd5c2fa0d341e04b69907627", "tx_index": 12, "value": 100.0}',0);
INSERT INTO messages VALUES(35,154920,'insert','debits','{"action": "bet", "address": "2_mn6q3dS2EnDUx3bmyWc6D4szJNVGtaR7zc_mnfAHmddVibnZNSkh8DvKaQoiEfNsxjXzH_mtQheFaSfWELRB2MyMBaiWjdDm6ux9Ezns_3", "asset": "XCP", "block_index": 154920, "event": "404d7fec015ffe20c472274178b516f53d97b8cb012d062be6404f8cc6054ad0", "quantity": 50000000}',0);
INSERT INTO messages VALUES(36,154920,'insert','bets','{"bet_type": 0, "block_index": 154920, "counterwager_quantity": 25000000, "counterwager_remaining": 25000000, "deadline": 1388000100, "expiration": 10, "expire_index": 154930, "fee_fraction_int": 5000000.0, "feed_address": "2_mn6q3dS2EnDUx3bmyWc6D4szJNVGtaR7zc_mnfAHmddVibnZNSkh8DvKaQoiEfNsxjXzH_mtQheFaSfWELRB2MyMBaiWjdDm6ux9Ezns_3", "leverage": 15120, "source": "2_mn6q3dS2EnDUx3bmyWc6D4szJNVGtaR7zc_mnfAHmddVibnZNSkh8DvKaQoiEfNsxjXzH_mtQheFaSfWELRB2MyMBaiWjdDm6ux9Ezns_3", "status": "open", "target_value": 0.0, "tx_hash": "404d7fec015ffe20c472274178b516f53d97b8cb012d062be6404f8cc6054ad0", "tx_index": 13, "wager_quantity": 50000000, "wager_remaining": 50000000}',0);
INSERT INTO messages VALUES(37,154921,'update','orders','{"status": "expired", "tx_hash": "e9f8fbc1ee2d161867e77aec88ec2cb7b69f41513e51d6189c5aad5a0dd6245b"}',0);
INSERT INTO messages VALUES(38,154921,'insert','order_expirations','{"block_index": 154921, "order_hash": "e9f8fbc1ee2d161867e77aec88ec2cb7b69f41513e51d6189c5aad5a0dd6245b", "order_index": 3, "source": "2_mn6q3dS2EnDUx3bmyWc6D4szJNVGtaR7zc_mnfAHmddVibnZNSkh8DvKaQoiEfNsxjXzH_mtQheFaSfWELRB2MyMBaiWjdDm6ux9Ezns_3"}',0);
INSERT INTO messages VALUES(39,154921,'insert','debits','{"action": "bet", "address": "2_mn6q3dS2EnDUx3bmyWc6D4szJNVGtaR7zc_mnfAHmddVibnZNSkh8DvKaQoiEfNsxjXzH_mtQheFaSfWELRB2MyMBaiWjdDm6ux9Ezns_3", "asset": "XCP", "block_index": 154921, "event": "184ebad637f6449733dd9fe6fffcb176f0720a89a31f0e2104eec262d6c5007a", "quantity": 25000000}',0);
INSERT INTO messages VALUES(40,154921,'insert','bets','{"bet_type": 1, "block_index": 154921, "counterwager_quantity": 41500000, "counterwager_remaining": 41500000, "deadline": 1388000100, "expiration": 10, "expire_index": 154931, "fee_fraction_int": 5000000.0, "feed_address": "2_mn6q3dS2EnDUx3bmyWc6D4szJNVGtaR7zc_mnfAHmddVibnZNSkh8DvKaQoiEfNsxjXzH_mtQheFaSfWELRB2MyMBaiWjdDm6ux9Ezns_3", "leverage": 15120, "source": "2_mn6q3dS2EnDUx3bmyWc6D4szJNVGtaR7zc_mnfAHmddVibnZNSkh8DvKaQoiEfNsxjXzH_mtQheFaSfWELRB2MyMBaiWjdDm6ux9Ezns_3", "status": "open", "target_value": 0.0, "tx_hash": "184ebad637f6449733dd9fe6fffcb176f0720a89a31f0e2104eec262d6c5007a", "tx_index": 14, "wager_quantity": 25000000, "wager_remaining": 25000000}',0);
INSERT INTO messages VALUES(41,154921,'update','bets','{"counterwager_remaining": 4250000, "status": "open", "tx_hash": "404d7fec015ffe20c472274178b516f53d97b8cb012d062be6404f8cc6054ad0", "wager_remaining": 8500000}',0);
INSERT INTO messages VALUES(42,154921,'insert','credits','{"action": "filled", "address": "2_mn6q3dS2EnDUx3bmyWc6D4szJNVGtaR7zc_mnfAHmddVibnZNSkh8DvKaQoiEfNsxjXzH_mtQheFaSfWELRB2MyMBaiWjdDm6ux9Ezns_3", "asset": "XCP", "block_index": 154921, "event": "184ebad637f6449733dd9fe6fffcb176f0720a89a31f0e2104eec262d6c5007a", "quantity": 4250000}',0);
INSERT INTO messages VALUES(43,154921,'update','bets','{"counterwager_remaining": 0, "status": "filled", "tx_hash": "184ebad637f6449733dd9fe6fffcb176f0720a89a31f0e2104eec262d6c5007a", "wager_remaining": 4250000}',0);
INSERT INTO messages VALUES(44,154921,'insert','bet_matches','{"backward_quantity": 20750000, "block_index": 154921, "deadline": 1388000100, "fee_fraction_int": 5000000, "feed_address": "2_mn6q3dS2EnDUx3bmyWc6D4szJNVGtaR7zc_mnfAHmddVibnZNSkh8DvKaQoiEfNsxjXzH_mtQheFaSfWELRB2MyMBaiWjdDm6ux9Ezns_3", "forward_quantity": 41500000, "id": "404d7fec015ffe20c472274178b516f53d97b8cb012d062be6404f8cc6054ad0184ebad637f6449733dd9fe6fffcb176f0720a89a31f0e2104eec262d6c5007a", "initial_value": 100.0, "leverage": 15120, "match_expire_index": 154930, "status": "pending", "target_value": 0.0, "tx0_address": "2_mn6q3dS2EnDUx3bmyWc6D4szJNVGtaR7zc_mnfAHmddVibnZNSkh8DvKaQoiEfNsxjXzH_mtQheFaSfWELRB2MyMBaiWjdDm6ux9Ezns_3", "tx0_bet_type": 0, "tx0_block_index": 154920, "tx0_expiration": 10, "tx0_hash": "404d7fec015ffe20c472274178b516f53d97b8cb012d062be6404f8cc6054ad0", "tx0_index": 13, "tx1_address": "2_mn6q3dS2EnDUx3bmyWc6D4szJNVGtaR7zc_mnfAHmddVibnZNSkh8DvKaQoiEfNsxjXzH_mtQheFaSfWELRB2MyMBaiWjdDm6ux9Ezns_3", "tx1_bet_type": 1, "tx1_block_index": 154921, "tx1_expiration": 10, "tx1_hash": "184ebad637f6449733dd9fe6fffcb176f0720a89a31f0e2104eec262d6c5007a", "tx1_index": 14}',0);
INSERT INTO messages VALUES(45,154922,'update','orders','{"status": "expired", "tx_hash": "50155ea68921273f308d37e1e7c0b57672cb6d9146ced587ce18098f639153cf"}',0);
INSERT INTO messages VALUES(46,154922,'insert','credits','{"action": "cancel order", "address": "2_mn6q3dS2EnDUx3bmyWc6D4szJNVGtaR7zc_mnfAHmddVibnZNSkh8DvKaQoiEfNsxjXzH_mtQheFaSfWELRB2MyMBaiWjdDm6ux9Ezns_3", "asset": "XCP", "block_index": 154922, "event": "50155ea68921273f308d37e1e7c0b57672cb6d9146ced587ce18098f639153cf", "quantity": 5000000}',0);
INSERT INTO messages VALUES(47,154922,'insert','order_expirations','{"block_index": 154922, "order_hash": "50155ea68921273f308d37e1e7c0b57672cb6d9146ced587ce18098f639153cf", "order_index": 4, "source": "2_mn6q3dS2EnDUx3bmyWc6D4szJNVGtaR7zc_mnfAHmddVibnZNSkh8DvKaQoiEfNsxjXzH_mtQheFaSfWELRB2MyMBaiWjdDm6ux9Ezns_3"}',0);
INSERT INTO messages VALUES(48,154922,'insert','credits','{"action": "recredit forward quantity", "address": "2_mn6q3dS2EnDUx3bmyWc6D4szJNVGtaR7zc_mnfAHmddVibnZNSkh8DvKaQoiEfNsxjXzH_mtQheFaSfWELRB2MyMBaiWjdDm6ux9Ezns_3", "asset": "XCP", "block_index": 154922, "event": "404d7fec015ffe20c472274178b516f53d97b8cb012d062be6404f8cc6054ad0184ebad637f6449733dd9fe6fffcb176f0720a89a31f0e2104eec262d6c5007a", "quantity": 41500000}',0);
INSERT INTO messages VALUES(49,154922,'insert','credits','{"action": "recredit backward quantity", "address": "2_mn6q3dS2EnDUx3bmyWc6D4szJNVGtaR7zc_mnfAHmddVibnZNSkh8DvKaQoiEfNsxjXzH_mtQheFaSfWELRB2MyMBaiWjdDm6ux9Ezns_3", "asset": "XCP", "block_index": 154922, "event": "404d7fec015ffe20c472274178b516f53d97b8cb012d062be6404f8cc6054ad0184ebad637f6449733dd9fe6fffcb176f0720a89a31f0e2104eec262d6c5007a", "quantity": 20750000}',0);
INSERT INTO messages VALUES(50,154922,'update','bet_matches','{"bet_match_id": "404d7fec015ffe20c472274178b516f53d97b8cb012d062be6404f8cc6054ad0184ebad637f6449733dd9fe6fffcb176f0720a89a31f0e2104eec262d6c5007a", "status": "expired"}',0);
INSERT INTO messages VALUES(51,154922,'insert','bet_match_expirations','{"bet_match_id": "404d7fec015ffe20c472274178b516f53d97b8cb012d062be6404f8cc6054ad0184ebad637f6449733dd9fe6fffcb176f0720a89a31f0e2104eec262d6c5007a", "block_index": 154922, "tx0_address": "2_mn6q3dS2EnDUx3bmyWc6D4szJNVGtaR7zc_mnfAHmddVibnZNSkh8DvKaQoiEfNsxjXzH_mtQheFaSfWELRB2MyMBaiWjdDm6ux9Ezns_3", "tx1_address": "2_mn6q3dS2EnDUx3bmyWc6D4szJNVGtaR7zc_mnfAHmddVibnZNSkh8DvKaQoiEfNsxjXzH_mtQheFaSfWELRB2MyMBaiWjdDm6ux9Ezns_3"}',0);
INSERT INTO messages VALUES(52,154922,'insert','debits','{"action": "bet", "address": "2_mn6q3dS2EnDUx3bmyWc6D4szJNVGtaR7zc_mnfAHmddVibnZNSkh8DvKaQoiEfNsxjXzH_mtQheFaSfWELRB2MyMBaiWjdDm6ux9Ezns_3", "asset": "XCP", "block_index": 154922, "event": "476eeb419583b037197b17357c68727755e13fa477751b74c970067f882f309c", "quantity": 150000000}',0);
INSERT INTO messages VALUES(53,154922,'insert','bets','{"bet_type": 0, "block_index": 154922, "counterwager_quantity": 350000000, "counterwager_remaining": 350000000, "deadline": 1388000100, "expiration": 10, "expire_index": 154932, "fee_fraction_int": 5000000.0, "feed_address": "2_mn6q3dS2EnDUx3bmyWc6D4szJNVGtaR7zc_mnfAHmddVibnZNSkh8DvKaQoiEfNsxjXzH_mtQheFaSfWELRB2MyMBaiWjdDm6ux9Ezns_3", "leverage": 5040, "source": "2_mn6q3dS2EnDUx3bmyWc6D4szJNVGtaR7zc_mnfAHmddVibnZNSkh8DvKaQoiEfNsxjXzH_mtQheFaSfWELRB2MyMBaiWjdDm6ux9Ezns_3", "status": "open", "target_value": 0.0, "tx_hash": "476eeb419583b037197b17357c68727755e13fa477751b74c970067f882f309c", "tx_index": 15, "wager_quantity": 150000000, "wager_remaining": 150000000}',0);
INSERT INTO messages VALUES(54,154923,'insert','debits','{"action": "bet", "address": "2_mn6q3dS2EnDUx3bmyWc6D4szJNVGtaR7zc_mnfAHmddVibnZNSkh8DvKaQoiEfNsxjXzH_mtQheFaSfWELRB2MyMBaiWjdDm6ux9Ezns_3", "asset": "XCP", "block_index": 154923, "event": "f0a4f79f918b218a1cc6d60e5aad53b53f5c52e21557c55e99407bfe7d4eb3c5", "quantity": 350000000}',0);
INSERT INTO messages VALUES(55,154923,'insert','bets','{"bet_type": 1, "block_index": 154923, "counterwager_quantity": 150000000, "counterwager_remaining": 150000000, "deadline": 1388000100, "expiration": 10, "expire_index": 154933, "fee_fraction_int": 5000000.0, "feed_address": "2_mn6q3dS2EnDUx3bmyWc6D4szJNVGtaR7zc_mnfAHmddVibnZNSkh8DvKaQoiEfNsxjXzH_mtQheFaSfWELRB2MyMBaiWjdDm6ux9Ezns_3", "leverage": 5040, "source": "2_mn6q3dS2EnDUx3bmyWc6D4szJNVGtaR7zc_mnfAHmddVibnZNSkh8DvKaQoiEfNsxjXzH_mtQheFaSfWELRB2MyMBaiWjdDm6ux9Ezns_3", "status": "open", "target_value": 0.0, "tx_hash": "f0a4f79f918b218a1cc6d60e5aad53b53f5c52e21557c55e99407bfe7d4eb3c5", "tx_index": 16, "wager_quantity": 350000000, "wager_remaining": 350000000}',0);
INSERT INTO messages VALUES(56,154923,'insert','credits','{"action": "filled", "address": "2_mn6q3dS2EnDUx3bmyWc6D4szJNVGtaR7zc_mnfAHmddVibnZNSkh8DvKaQoiEfNsxjXzH_mtQheFaSfWELRB2MyMBaiWjdDm6ux9Ezns_3", "asset": "XCP", "block_index": 154923, "event": "f0a4f79f918b218a1cc6d60e5aad53b53f5c52e21557c55e99407bfe7d4eb3c5", "quantity": 0}',0);
INSERT INTO messages VALUES(57,154923,'update','bets','{"counterwager_remaining": 0, "status": "filled", "tx_hash": "476eeb419583b037197b17357c68727755e13fa477751b74c970067f882f309c", "wager_remaining": 0}',0);
INSERT INTO messages VALUES(58,154923,'insert','credits','{"action": "filled", "address": "2_mn6q3dS2EnDUx3bmyWc6D4szJNVGtaR7zc_mnfAHmddVibnZNSkh8DvKaQoiEfNsxjXzH_mtQheFaSfWELRB2MyMBaiWjdDm6ux9Ezns_3", "asset": "XCP", "block_index": 154923, "event": "f0a4f79f918b218a1cc6d60e5aad53b53f5c52e21557c55e99407bfe7d4eb3c5", "quantity": 0}',0);
INSERT INTO messages VALUES(59,154923,'update','bets','{"counterwager_remaining": 0, "status": "filled", "tx_hash": "f0a4f79f918b218a1cc6d60e5aad53b53f5c52e21557c55e99407bfe7d4eb3c5", "wager_remaining": 0}',0);
INSERT INTO messages VALUES(60,154923,'insert','bet_matches','{"backward_quantity": 350000000, "block_index": 154923, "deadline": 1388000100, "fee_fraction_int": 5000000, "feed_address": "2_mn6q3dS2EnDUx3bmyWc6D4szJNVGtaR7zc_mnfAHmddVibnZNSkh8DvKaQoiEfNsxjXzH_mtQheFaSfWELRB2MyMBaiWjdDm6ux9Ezns_3", "forward_quantity": 150000000, "id": "476eeb419583b037197b17357c68727755e13fa477751b74c970067f882f309cf0a4f79f918b218a1cc6d60e5aad53b53f5c52e21557c55e99407bfe7d4eb3c5", "initial_value": 100.0, "leverage": 5040, "match_expire_index": 154932, "status": "pending", "target_value": 0.0, "tx0_address": "2_mn6q3dS2EnDUx3bmyWc6D4szJNVGtaR7zc_mnfAHmddVibnZNSkh8DvKaQoiEfNsxjXzH_mtQheFaSfWELRB2MyMBaiWjdDm6ux9Ezns_3", "tx0_bet_type": 0, "tx0_block_index": 154922, "tx0_expiration": 10, "tx0_hash": "476eeb419583b037197b17357c68727755e13fa477751b74c970067f882f309c", "tx0_index": 15, "tx1_address": "2_mn6q3dS2EnDUx3bmyWc6D4szJNVGtaR7zc_mnfAHmddVibnZNSkh8DvKaQoiEfNsxjXzH_mtQheFaSfWELRB2MyMBaiWjdDm6ux9Ezns_3", "tx1_bet_type": 1, "tx1_block_index": 154923, "tx1_expiration": 10, "tx1_hash": "f0a4f79f918b218a1cc6d60e5aad53b53f5c52e21557c55e99407bfe7d4eb3c5", "tx1_index": 16}',0);
INSERT INTO messages VALUES(61,154924,'insert','credits','{"action": "recredit forward quantity", "address": "2_mn6q3dS2EnDUx3bmyWc6D4szJNVGtaR7zc_mnfAHmddVibnZNSkh8DvKaQoiEfNsxjXzH_mtQheFaSfWELRB2MyMBaiWjdDm6ux9Ezns_3", "asset": "XCP", "block_index": 154924, "event": "476eeb419583b037197b17357c68727755e13fa477751b74c970067f882f309cf0a4f79f918b218a1cc6d60e5aad53b53f5c52e21557c55e99407bfe7d4eb3c5", "quantity": 150000000}',0);
INSERT INTO messages VALUES(62,154924,'insert','credits','{"action": "recredit backward quantity", "address": "2_mn6q3dS2EnDUx3bmyWc6D4szJNVGtaR7zc_mnfAHmddVibnZNSkh8DvKaQoiEfNsxjXzH_mtQheFaSfWELRB2MyMBaiWjdDm6ux9Ezns_3", "asset": "XCP", "block_index": 154924, "event": "476eeb419583b037197b17357c68727755e13fa477751b74c970067f882f309cf0a4f79f918b218a1cc6d60e5aad53b53f5c52e21557c55e99407bfe7d4eb3c5", "quantity": 350000000}',0);
INSERT INTO messages VALUES(63,154924,'update','bet_matches','{"bet_match_id": "476eeb419583b037197b17357c68727755e13fa477751b74c970067f882f309cf0a4f79f918b218a1cc6d60e5aad53b53f5c52e21557c55e99407bfe7d4eb3c5", "status": "expired"}',0);
INSERT INTO messages VALUES(64,154924,'insert','bet_match_expirations','{"bet_match_id": "476eeb419583b037197b17357c68727755e13fa477751b74c970067f882f309cf0a4f79f918b218a1cc6d60e5aad53b53f5c52e21557c55e99407bfe7d4eb3c5", "block_index": 154924, "tx0_address": "2_mn6q3dS2EnDUx3bmyWc6D4szJNVGtaR7zc_mnfAHmddVibnZNSkh8DvKaQoiEfNsxjXzH_mtQheFaSfWELRB2MyMBaiWjdDm6ux9Ezns_3", "tx1_address": "2_mn6q3dS2EnDUx3bmyWc6D4szJNVGtaR7zc_mnfAHmddVibnZNSkh8DvKaQoiEfNsxjXzH_mtQheFaSfWELRB2MyMBaiWjdDm6ux9Ezns_3"}',0);
INSERT INTO messages VALUES(65,154924,'insert','debits','{"action": "bet", "address": "2_mn6q3dS2EnDUx3bmyWc6D4szJNVGtaR7zc_mnfAHmddVibnZNSkh8DvKaQoiEfNsxjXzH_mtQheFaSfWELRB2MyMBaiWjdDm6ux9Ezns_3", "asset": "XCP", "block_index": 154924, "event": "b580d567bad1930073f781c1463c09088da8a336e777461044a5bd6324915679", "quantity": 750000000}',0);
INSERT INTO messages VALUES(66,154924,'insert','bets','{"bet_type": 2, "block_index": 154924, "counterwager_quantity": 650000000, "counterwager_remaining": 650000000, "deadline": 1388000200, "expiration": 10, "expire_index": 154934, "fee_fraction_int": 5000000.0, "feed_address": "2_mn6q3dS2EnDUx3bmyWc6D4szJNVGtaR7zc_mnfAHmddVibnZNSkh8DvKaQoiEfNsxjXzH_mtQheFaSfWELRB2MyMBaiWjdDm6ux9Ezns_3", "leverage": 5040, "source": "2_mn6q3dS2EnDUx3bmyWc6D4szJNVGtaR7zc_mnfAHmddVibnZNSkh8DvKaQoiEfNsxjXzH_mtQheFaSfWELRB2MyMBaiWjdDm6ux9Ezns_3", "status": "open", "target_value": 1.0, "tx_hash": "b580d567bad1930073f781c1463c09088da8a336e777461044a5bd6324915679", "tx_index": 17, "wager_quantity": 750000000, "wager_remaining": 750000000}',0);
INSERT INTO messages VALUES(67,154925,'insert','debits','{"action": "bet", "address": "2_mn6q3dS2EnDUx3bmyWc6D4szJNVGtaR7zc_mnfAHmddVibnZNSkh8DvKaQoiEfNsxjXzH_mtQheFaSfWELRB2MyMBaiWjdDm6ux9Ezns_3", "asset": "XCP", "block_index": 154925, "event": "22ac03db8eed848d16ad7492438604560034164c32042ae78d579834f8f5fe12", "quantity": 650000000}',0);
INSERT INTO messages VALUES(68,154925,'insert','bets','{"bet_type": 3, "block_index": 154925, "counterwager_quantity": 750000000, "counterwager_remaining": 750000000, "deadline": 1388000200, "expiration": 10, "expire_index": 154935, "fee_fraction_int": 5000000.0, "feed_address": "2_mn6q3dS2EnDUx3bmyWc6D4szJNVGtaR7zc_mnfAHmddVibnZNSkh8DvKaQoiEfNsxjXzH_mtQheFaSfWELRB2MyMBaiWjdDm6ux9Ezns_3", "leverage": 5040, "source": "2_mn6q3dS2EnDUx3bmyWc6D4szJNVGtaR7zc_mnfAHmddVibnZNSkh8DvKaQoiEfNsxjXzH_mtQheFaSfWELRB2MyMBaiWjdDm6ux9Ezns_3", "status": "open", "target_value": 1.0, "tx_hash": "22ac03db8eed848d16ad7492438604560034164c32042ae78d579834f8f5fe12", "tx_index": 18, "wager_quantity": 650000000, "wager_remaining": 650000000}',0);
INSERT INTO messages VALUES(69,154925,'insert','credits','{"action": "filled", "address": "2_mn6q3dS2EnDUx3bmyWc6D4szJNVGtaR7zc_mnfAHmddVibnZNSkh8DvKaQoiEfNsxjXzH_mtQheFaSfWELRB2MyMBaiWjdDm6ux9Ezns_3", "asset": "XCP", "block_index": 154925, "event": "22ac03db8eed848d16ad7492438604560034164c32042ae78d579834f8f5fe12", "quantity": 0}',0);
INSERT INTO messages VALUES(70,154925,'update','bets','{"counterwager_remaining": 0, "status": "filled", "tx_hash": "b580d567bad1930073f781c1463c09088da8a336e777461044a5bd6324915679", "wager_remaining": 0}',0);
INSERT INTO messages VALUES(71,154925,'insert','credits','{"action": "filled", "address": "2_mn6q3dS2EnDUx3bmyWc6D4szJNVGtaR7zc_mnfAHmddVibnZNSkh8DvKaQoiEfNsxjXzH_mtQheFaSfWELRB2MyMBaiWjdDm6ux9Ezns_3", "asset": "XCP", "block_index": 154925, "event": "22ac03db8eed848d16ad7492438604560034164c32042ae78d579834f8f5fe12", "quantity": 0}',0);
INSERT INTO messages VALUES(72,154925,'update','bets','{"counterwager_remaining": 0, "status": "filled", "tx_hash": "22ac03db8eed848d16ad7492438604560034164c32042ae78d579834f8f5fe12", "wager_remaining": 0}',0);
INSERT INTO messages VALUES(73,154925,'insert','bet_matches','{"backward_quantity": 650000000, "block_index": 154925, "deadline": 1388000200, "fee_fraction_int": 5000000, "feed_address": "2_mn6q3dS2EnDUx3bmyWc6D4szJNVGtaR7zc_mnfAHmddVibnZNSkh8DvKaQoiEfNsxjXzH_mtQheFaSfWELRB2MyMBaiWjdDm6ux9Ezns_3", "forward_quantity": 750000000, "id": "b580d567bad1930073f781c1463c09088da8a336e777461044a5bd632491567922ac03db8eed848d16ad7492438604560034164c32042ae78d579834f8f5fe12", "initial_value": 100.0, "leverage": 5040, "match_expire_index": 154934, "status": "pending", "target_value": 1.0, "tx0_address": "2_mn6q3dS2EnDUx3bmyWc6D4szJNVGtaR7zc_mnfAHmddVibnZNSkh8DvKaQoiEfNsxjXzH_mtQheFaSfWELRB2MyMBaiWjdDm6ux9Ezns_3", "tx0_bet_type": 2, "tx0_block_index": 154924, "tx0_expiration": 10, "tx0_hash": "b580d567bad1930073f781c1463c09088da8a336e777461044a5bd6324915679", "tx0_index": 17, "tx1_address": "2_mn6q3dS2EnDUx3bmyWc6D4szJNVGtaR7zc_mnfAHmddVibnZNSkh8DvKaQoiEfNsxjXzH_mtQheFaSfWELRB2MyMBaiWjdDm6ux9Ezns_3", "tx1_bet_type": 3, "tx1_block_index": 154925, "tx1_expiration": 10, "tx1_hash": "22ac03db8eed848d16ad7492438604560034164c32042ae78d579834f8f5fe12", "tx1_index": 18}',0);
INSERT INTO messages VALUES(74,154926,'insert','credits','{"action": "recredit forward quantity", "address": "2_mn6q3dS2EnDUx3bmyWc6D4szJNVGtaR7zc_mnfAHmddVibnZNSkh8DvKaQoiEfNsxjXzH_mtQheFaSfWELRB2MyMBaiWjdDm6ux9Ezns_3", "asset": "XCP", "block_index": 154926, "event": "b580d567bad1930073f781c1463c09088da8a336e777461044a5bd632491567922ac03db8eed848d16ad7492438604560034164c32042ae78d579834f8f5fe12", "quantity": 750000000}',0);
INSERT INTO messages VALUES(75,154926,'insert','credits','{"action": "recredit backward quantity", "address": "2_mn6q3dS2EnDUx3bmyWc6D4szJNVGtaR7zc_mnfAHmddVibnZNSkh8DvKaQoiEfNsxjXzH_mtQheFaSfWELRB2MyMBaiWjdDm6ux9Ezns_3", "asset": "XCP", "block_index": 154926, "event": "b580d567bad1930073f781c1463c09088da8a336e777461044a5bd632491567922ac03db8eed848d16ad7492438604560034164c32042ae78d579834f8f5fe12", "quantity": 650000000}',0);
INSERT INTO messages VALUES(76,154926,'update','bet_matches','{"bet_match_id": "b580d567bad1930073f781c1463c09088da8a336e777461044a5bd632491567922ac03db8eed848d16ad7492438604560034164c32042ae78d579834f8f5fe12", "status": "expired"}',0);
INSERT INTO messages VALUES(77,154926,'insert','bet_match_expirations','{"bet_match_id": "b580d567bad1930073f781c1463c09088da8a336e777461044a5bd632491567922ac03db8eed848d16ad7492438604560034164c32042ae78d579834f8f5fe12", "block_index": 154926, "tx0_address": "2_mn6q3dS2EnDUx3bmyWc6D4szJNVGtaR7zc_mnfAHmddVibnZNSkh8DvKaQoiEfNsxjXzH_mtQheFaSfWELRB2MyMBaiWjdDm6ux9Ezns_3", "tx1_address": "2_mn6q3dS2EnDUx3bmyWc6D4szJNVGtaR7zc_mnfAHmddVibnZNSkh8DvKaQoiEfNsxjXzH_mtQheFaSfWELRB2MyMBaiWjdDm6ux9Ezns_3"}',0);
INSERT INTO messages VALUES(78,154926,'insert','broadcasts','{"block_index": 154926, "fee_fraction_int": 5000000, "locked": false, "source": "2_mn6q3dS2EnDUx3bmyWc6D4szJNVGtaR7zc_mnfAHmddVibnZNSkh8DvKaQoiEfNsxjXzH_mtQheFaSfWELRB2MyMBaiWjdDm6ux9Ezns_3", "status": "valid", "text": "Unit Test", "timestamp": 1388000050, "tx_hash": "204c841ee3347de25bea5ee85d81fa8d68438ea0baf33d0df9e42951a3a22a20", "tx_index": 19, "value": 99.86166}',0);
INSERT INTO messages VALUES(79,154927,'insert','broadcasts','{"block_index": 154927, "fee_fraction_int": 5000000, "locked": false, "source": "2_mn6q3dS2EnDUx3bmyWc6D4szJNVGtaR7zc_mnfAHmddVibnZNSkh8DvKaQoiEfNsxjXzH_mtQheFaSfWELRB2MyMBaiWjdDm6ux9Ezns_3", "status": "valid", "text": "Unit Test", "timestamp": 1388000101, "tx_hash": "8fc2020e6176ee8f113c6897e0e6e112e76cce87a4772c262e1c779870bdca03", "tx_index": 20, "value": 100.343}',0);
INSERT INTO messages VALUES(80,154928,'insert','broadcasts','{"block_index": 154928, "fee_fraction_int": 5000000, "locked": false, "source": "2_mn6q3dS2EnDUx3bmyWc6D4szJNVGtaR7zc_mnfAHmddVibnZNSkh8DvKaQoiEfNsxjXzH_mtQheFaSfWELRB2MyMBaiWjdDm6ux9Ezns_3", "status": "valid", "text": "Unit Test", "timestamp": 1388000201, "tx_hash": "a6f466bbc92039db884dc1b1080a7bfa8aca260abd00388f7328cdd8c2568f56", "tx_index": 21, "value": 2.0}',0);
INSERT INTO messages VALUES(81,154929,'insert','debits','{"action": "open order", "address": "2_mn6q3dS2EnDUx3bmyWc6D4szJNVGtaR7zc_mnfAHmddVibnZNSkh8DvKaQoiEfNsxjXzH_mtQheFaSfWELRB2MyMBaiWjdDm6ux9Ezns_3", "asset": "BBBB", "block_index": 154929, "event": "3d028a78838d20a2763ef32fe2d5f9df1cd915047b791ca40b686cb615cacea5", "quantity": 50000000}',0);
INSERT INTO messages VALUES(82,154929,'insert','orders','{"block_index": 154929, "expiration": 10, "expire_index": 154939, "fee_provided": 10000, "fee_provided_remaining": 10000, "fee_required": 0, "fee_required_remaining": 0, "get_asset": "XCP", "get_quantity": 50000000, "get_remaining": 50000000, "give_asset": "BBBB", "give_quantity": 50000000, "give_remaining": 50000000, "source": "2_mn6q3dS2EnDUx3bmyWc6D4szJNVGtaR7zc_mnfAHmddVibnZNSkh8DvKaQoiEfNsxjXzH_mtQheFaSfWELRB2MyMBaiWjdDm6ux9Ezns_3", "status": "open", "tx_hash": "3d028a78838d20a2763ef32fe2d5f9df1cd915047b791ca40b686cb615cacea5", "tx_index": 22}',0);
INSERT INTO messages VALUES(83,154930,'insert','credits','{"action": "burn", "address": "2_mn6q3dS2EnDUx3bmyWc6D4szJNVGtaR7zc_mnfAHmddVibnZNSkh8DvKaQoiEfNsxjXzH_mtQheFaSfWELRB2MyMBaiWjdDm6ux9Ezns_3", "asset": "XCP", "block_index": 154930, "event": "772fe56e3315640fa7c29c6518724801dbd11c0ae3305734d5ad9787fba0580a", "quantity": 56999891788}',0);
INSERT INTO messages VALUES(84,154930,'insert','burns','{"block_index": 154930, "burned": 38000000, "earned": 56999891788, "source": "2_mn6q3dS2EnDUx3bmyWc6D4szJNVGtaR7zc_mnfAHmddVibnZNSkh8DvKaQoiEfNsxjXzH_mtQheFaSfWELRB2MyMBaiWjdDm6ux9Ezns_3", "status": "valid", "tx_hash": "772fe56e3315640fa7c29c6518724801dbd11c0ae3305734d5ad9787fba0580a", "tx_index": 23}',0);
INSERT INTO messages VALUES(85,154931,'update','bets','{"status": "expired", "tx_hash": "404d7fec015ffe20c472274178b516f53d97b8cb012d062be6404f8cc6054ad0"}',0);
INSERT INTO messages VALUES(86,154931,'insert','credits','{"action": "recredit wager remaining", "address": "2_mn6q3dS2EnDUx3bmyWc6D4szJNVGtaR7zc_mnfAHmddVibnZNSkh8DvKaQoiEfNsxjXzH_mtQheFaSfWELRB2MyMBaiWjdDm6ux9Ezns_3", "asset": "XCP", "block_index": 154931, "event": "404d7fec015ffe20c472274178b516f53d97b8cb012d062be6404f8cc6054ad0", "quantity": 8500000}',0);
INSERT INTO messages VALUES(87,154931,'insert','bet_expirations','{"bet_hash": "404d7fec015ffe20c472274178b516f53d97b8cb012d062be6404f8cc6054ad0", "bet_index": 13, "block_index": 154931, "source": "2_mn6q3dS2EnDUx3bmyWc6D4szJNVGtaR7zc_mnfAHmddVibnZNSkh8DvKaQoiEfNsxjXzH_mtQheFaSfWELRB2MyMBaiWjdDm6ux9Ezns_3"}',0);
INSERT INTO messages VALUES(88,154931,'insert','debits','{"action": "send", "address": "2_mn6q3dS2EnDUx3bmyWc6D4szJNVGtaR7zc_mnfAHmddVibnZNSkh8DvKaQoiEfNsxjXzH_mtQheFaSfWELRB2MyMBaiWjdDm6ux9Ezns_3", "asset": "BBBC", "block_index": 154931, "event": "ec0940d4c6fa7c805c2925bdbda406fb9100f087fe5909ce023cf99449b1b743", "quantity": 10000}',0);
INSERT INTO messages VALUES(89,154931,'insert','credits','{"action": "send", "address": "2_mn6q3dS2EnDUx3bmyWc6D4szJNVGtaR7zc_mnfAHmddVibnZNSkh8DvKaQoiEfNsxjXzH_mqPCfvqTfYctXMUfmniXeG2nyaN8w6tPmj_3", "asset": "BBBC", "block_index": 154931, "event": "ec0940d4c6fa7c805c2925bdbda406fb9100f087fe5909ce023cf99449b1b743", "quantity": 10000}',0);
INSERT INTO messages VALUES(90,154931,'insert','sends','{"asset": "BBBC", "block_index": 154931, "destination": "2_mn6q3dS2EnDUx3bmyWc6D4szJNVGtaR7zc_mnfAHmddVibnZNSkh8DvKaQoiEfNsxjXzH_mqPCfvqTfYctXMUfmniXeG2nyaN8w6tPmj_3", "quantity": 10000, "source": "2_mn6q3dS2EnDUx3bmyWc6D4szJNVGtaR7zc_mnfAHmddVibnZNSkh8DvKaQoiEfNsxjXzH_mtQheFaSfWELRB2MyMBaiWjdDm6ux9Ezns_3", "status": "valid", "tx_hash": "ec0940d4c6fa7c805c2925bdbda406fb9100f087fe5909ce023cf99449b1b743", "tx_index": 24}',0);
INSERT INTO messages VALUES(91,154932,'insert','debits','{"action": "callback", "address": "2_mn6q3dS2EnDUx3bmyWc6D4szJNVGtaR7zc_mnfAHmddVibnZNSkh8DvKaQoiEfNsxjXzH_mtQheFaSfWELRB2MyMBaiWjdDm6ux9Ezns_3", "asset": "XCP", "block_index": 154932, "event": "adbd9eefffacc3c3d0b9cf990abed463069251f45a8eae33c23f7f1851df7f7e", "quantity": 4735500000}',0);
INSERT INTO messages VALUES(92,154932,'insert','credits','{"action": "callback", "address": "2_mn6q3dS2EnDUx3bmyWc6D4szJNVGtaR7zc_mnfAHmddVibnZNSkh8DvKaQoiEfNsxjXzH_mtQheFaSfWELRB2MyMBaiWjdDm6ux9Ezns_3", "asset": "BBBC", "block_index": 154932, "event": "adbd9eefffacc3c3d0b9cf990abed463069251f45a8eae33c23f7f1851df7f7e", "quantity": 3157}',0);
INSERT INTO messages VALUES(93,154932,'insert','debits','{"action": "callback", "address": "2_mn6q3dS2EnDUx3bmyWc6D4szJNVGtaR7zc_mnfAHmddVibnZNSkh8DvKaQoiEfNsxjXzH_mqPCfvqTfYctXMUfmniXeG2nyaN8w6tPmj_3", "asset": "BBBC", "block_index": 154932, "event": "adbd9eefffacc3c3d0b9cf990abed463069251f45a8eae33c23f7f1851df7f7e", "quantity": 3157}',0);
INSERT INTO messages VALUES(94,154932,'insert','credits','{"action": "callback", "address": "2_mn6q3dS2EnDUx3bmyWc6D4szJNVGtaR7zc_mnfAHmddVibnZNSkh8DvKaQoiEfNsxjXzH_mqPCfvqTfYctXMUfmniXeG2nyaN8w6tPmj_3", "asset": "XCP", "block_index": 154932, "event": "adbd9eefffacc3c3d0b9cf990abed463069251f45a8eae33c23f7f1851df7f7e", "quantity": 4735500000}',0);
INSERT INTO messages VALUES(95,154932,'insert','callbacks','{"asset": "BBBC", "block_index": 154932, "fraction": 0.3, "source": "2_mn6q3dS2EnDUx3bmyWc6D4szJNVGtaR7zc_mnfAHmddVibnZNSkh8DvKaQoiEfNsxjXzH_mtQheFaSfWELRB2MyMBaiWjdDm6ux9Ezns_3", "status": "valid", "tx_hash": "adbd9eefffacc3c3d0b9cf990abed463069251f45a8eae33c23f7f1851df7f7e", "tx_index": 25}',0);
INSERT INTO messages VALUES(96,154933,'insert','debits','{"action": "open RPS", "address": "2_mn6q3dS2EnDUx3bmyWc6D4szJNVGtaR7zc_mnfAHmddVibnZNSkh8DvKaQoiEfNsxjXzH_mtQheFaSfWELRB2MyMBaiWjdDm6ux9Ezns_3", "asset": "XCP", "block_index": 154933, "event": "cf8c7134a6010e812d6f1df93517f8c2ea065cdd88a6ee51f69c85d6f686d614", "quantity": 11021663}',0);
INSERT INTO messages VALUES(97,154933,'insert','rps','{"block_index": 154933, "expiration": 100, "expire_index": 155033, "move_random_hash": "6a886d74c2d4b1d7a35fd9159333ef64ba45a04d7aeeeb4538f958603c16fc5d", "possible_moves": 5, "source": "2_mn6q3dS2EnDUx3bmyWc6D4szJNVGtaR7zc_mnfAHmddVibnZNSkh8DvKaQoiEfNsxjXzH_mtQheFaSfWELRB2MyMBaiWjdDm6ux9Ezns_3", "status": "open", "tx_hash": "cf8c7134a6010e812d6f1df93517f8c2ea065cdd88a6ee51f69c85d6f686d614", "tx_index": 26, "wager": 11021663}',0);
INSERT INTO messages VALUES(98,154934,'insert','debits','{"action": "open RPS", "address": "2_mn6q3dS2EnDUx3bmyWc6D4szJNVGtaR7zc_mnfAHmddVibnZNSkh8DvKaQoiEfNsxjXzH_mqPCfvqTfYctXMUfmniXeG2nyaN8w6tPmj_3", "asset": "XCP", "block_index": 154934, "event": "199064bea45ef1113fe46acd8c5992c45659f38d89d17e7ad3e5d0c768eb7b29", "quantity": 11021663}',0);
INSERT INTO messages VALUES(99,154934,'insert','rps','{"block_index": 154934, "expiration": 100, "expire_index": 155034, "move_random_hash": "6e8bf66cbd6636aca1802459b730a99548624e48e243b840e0b34a12bede17ec", "possible_moves": 5, "source": "2_mn6q3dS2EnDUx3bmyWc6D4szJNVGtaR7zc_mnfAHmddVibnZNSkh8DvKaQoiEfNsxjXzH_mqPCfvqTfYctXMUfmniXeG2nyaN8w6tPmj_3", "status": "open", "tx_hash": "199064bea45ef1113fe46acd8c5992c45659f38d89d17e7ad3e5d0c768eb7b29", "tx_index": 27, "wager": 11021663}',0);
INSERT INTO messages VALUES(100,154934,'update','rps','{"status": "matched", "tx_index": 26}',0);
INSERT INTO messages VALUES(101,154934,'update','rps','{"status": "matched", "tx_index": 27}',0);
INSERT INTO messages VALUES(102,154934,'insert','rps_matches','{"block_index": 154934, "id": "cf8c7134a6010e812d6f1df93517f8c2ea065cdd88a6ee51f69c85d6f686d614199064bea45ef1113fe46acd8c5992c45659f38d89d17e7ad3e5d0c768eb7b29", "match_expire_index": 154954, "possible_moves": 5, "status": "pending", "tx0_address": "2_mn6q3dS2EnDUx3bmyWc6D4szJNVGtaR7zc_mnfAHmddVibnZNSkh8DvKaQoiEfNsxjXzH_mtQheFaSfWELRB2MyMBaiWjdDm6ux9Ezns_3", "tx0_block_index": 154933, "tx0_expiration": 100, "tx0_hash": "cf8c7134a6010e812d6f1df93517f8c2ea065cdd88a6ee51f69c85d6f686d614", "tx0_index": 26, "tx0_move_random_hash": "6a886d74c2d4b1d7a35fd9159333ef64ba45a04d7aeeeb4538f958603c16fc5d", "tx1_address": "2_mn6q3dS2EnDUx3bmyWc6D4szJNVGtaR7zc_mnfAHmddVibnZNSkh8DvKaQoiEfNsxjXzH_mqPCfvqTfYctXMUfmniXeG2nyaN8w6tPmj_3", "tx1_block_index": 154934, "tx1_expiration": 100, "tx1_hash": "199064bea45ef1113fe46acd8c5992c45659f38d89d17e7ad3e5d0c768eb7b29", "tx1_index": 27, "tx1_move_random_hash": "6e8bf66cbd6636aca1802459b730a99548624e48e243b840e0b34a12bede17ec", "wager": 11021663}',0);
INSERT INTO messages VALUES(103,154935,'update','rps_matches','{"rps_match_id": "cf8c7134a6010e812d6f1df93517f8c2ea065cdd88a6ee51f69c85d6f686d614199064bea45ef1113fe46acd8c5992c45659f38d89d17e7ad3e5d0c768eb7b29", "status": "resolved and pending"}',0);
INSERT INTO messages VALUES(104,154935,'insert','rpsresolves','{"block_index": 154935, "move": 3, "random": "7a4488d61ed8f2e9fa2874113fccb8b1", "rps_match_id": "cf8c7134a6010e812d6f1df93517f8c2ea065cdd88a6ee51f69c85d6f686d614199064bea45ef1113fe46acd8c5992c45659f38d89d17e7ad3e5d0c768eb7b29", "source": "2_mn6q3dS2EnDUx3bmyWc6D4szJNVGtaR7zc_mnfAHmddVibnZNSkh8DvKaQoiEfNsxjXzH_mtQheFaSfWELRB2MyMBaiWjdDm6ux9Ezns_3", "status": "valid", "tx_hash": "37dad004e3c0f45180d302a3e3a003395303d64af971c3ad8f80cabfd62ca76d", "tx_index": 28}',0);
INSERT INTO messages VALUES(105,154936,'insert','credits','{"action": "wins", "address": "2_mn6q3dS2EnDUx3bmyWc6D4szJNVGtaR7zc_mnfAHmddVibnZNSkh8DvKaQoiEfNsxjXzH_mtQheFaSfWELRB2MyMBaiWjdDm6ux9Ezns_3", "asset": "XCP", "block_index": 154936, "event": "cf8c7134a6010e812d6f1df93517f8c2ea065cdd88a6ee51f69c85d6f686d614199064bea45ef1113fe46acd8c5992c45659f38d89d17e7ad3e5d0c768eb7b29", "quantity": 22043326}',0);
INSERT INTO messages VALUES(106,154936,'update','rps_matches','{"rps_match_id": "cf8c7134a6010e812d6f1df93517f8c2ea065cdd88a6ee51f69c85d6f686d614199064bea45ef1113fe46acd8c5992c45659f38d89d17e7ad3e5d0c768eb7b29", "status": "concluded: first player wins"}',0);
INSERT INTO messages VALUES(107,154936,'insert','rpsresolves','{"block_index": 154936, "move": 5, "random": "fa765e80203cba24a298e4458f63ff6b", "rps_match_id": "cf8c7134a6010e812d6f1df93517f8c2ea065cdd88a6ee51f69c85d6f686d614199064bea45ef1113fe46acd8c5992c45659f38d89d17e7ad3e5d0c768eb7b29", "source": "2_mn6q3dS2EnDUx3bmyWc6D4szJNVGtaR7zc_mnfAHmddVibnZNSkh8DvKaQoiEfNsxjXzH_mqPCfvqTfYctXMUfmniXeG2nyaN8w6tPmj_3", "status": "valid", "tx_hash": "575d2aff555bef42a8d915477ae452f56f6e63125f7b4b96714b8210c25753d2", "tx_index": 29}',0);
INSERT INTO messages VALUES(108,154937,'insert','debits','{"action": "open RPS", "address": "2_mn6q3dS2EnDUx3bmyWc6D4szJNVGtaR7zc_mnfAHmddVibnZNSkh8DvKaQoiEfNsxjXzH_mtQheFaSfWELRB2MyMBaiWjdDm6ux9Ezns_3", "asset": "XCP", "block_index": 154937, "event": "6474cc5c2fac76152b4ed5104f51f2e106f9bdaa1554e7d5dfd6482791fad150", "quantity": 11021663}',0);
INSERT INTO messages VALUES(109,154937,'insert','rps','{"block_index": 154937, "expiration": 10, "expire_index": 154947, "move_random_hash": "6a886d74c2d4b1d7a35fd9159333ef64ba45a04d7aeeeb4538f958603c16fc5d", "possible_moves": 5, "source": "2_mn6q3dS2EnDUx3bmyWc6D4szJNVGtaR7zc_mnfAHmddVibnZNSkh8DvKaQoiEfNsxjXzH_mtQheFaSfWELRB2MyMBaiWjdDm6ux9Ezns_3", "status": "open", "tx_hash": "6474cc5c2fac76152b4ed5104f51f2e106f9bdaa1554e7d5dfd6482791fad150", "tx_index": 30, "wager": 11021663}',0);
INSERT INTO messages VALUES(110,154940,'update','orders','{"status": "expired", "tx_hash": "3d028a78838d20a2763ef32fe2d5f9df1cd915047b791ca40b686cb615cacea5"}',0);
INSERT INTO messages VALUES(111,154940,'insert','credits','{"action": "cancel order", "address": "2_mn6q3dS2EnDUx3bmyWc6D4szJNVGtaR7zc_mnfAHmddVibnZNSkh8DvKaQoiEfNsxjXzH_mtQheFaSfWELRB2MyMBaiWjdDm6ux9Ezns_3", "asset": "BBBB", "block_index": 154940, "event": "3d028a78838d20a2763ef32fe2d5f9df1cd915047b791ca40b686cb615cacea5", "quantity": 50000000}',0);
INSERT INTO messages VALUES(112,154940,'insert','order_expirations','{"block_index": 154940, "order_hash": "3d028a78838d20a2763ef32fe2d5f9df1cd915047b791ca40b686cb615cacea5", "order_index": 22, "source": "2_mn6q3dS2EnDUx3bmyWc6D4szJNVGtaR7zc_mnfAHmddVibnZNSkh8DvKaQoiEfNsxjXzH_mtQheFaSfWELRB2MyMBaiWjdDm6ux9Ezns_3"}',0);
INSERT INTO messages VALUES(113,154948,'update','rps','{"status": "expired", "tx_hash": "6474cc5c2fac76152b4ed5104f51f2e106f9bdaa1554e7d5dfd6482791fad150"}',0);
INSERT INTO messages VALUES(114,154948,'insert','credits','{"action": "recredit wager", "address": "2_mn6q3dS2EnDUx3bmyWc6D4szJNVGtaR7zc_mnfAHmddVibnZNSkh8DvKaQoiEfNsxjXzH_mtQheFaSfWELRB2MyMBaiWjdDm6ux9Ezns_3", "asset": "XCP", "block_index": 154948, "event": "6474cc5c2fac76152b4ed5104f51f2e106f9bdaa1554e7d5dfd6482791fad150", "quantity": 11021663}',0);
INSERT INTO messages VALUES(115,154948,'insert','rps_expirations','{"block_index": 154948, "rps_hash": "6474cc5c2fac76152b4ed5104f51f2e106f9bdaa1554e7d5dfd6482791fad150", "rps_index": 30, "source": "2_mn6q3dS2EnDUx3bmyWc6D4szJNVGtaR7zc_mnfAHmddVibnZNSkh8DvKaQoiEfNsxjXzH_mtQheFaSfWELRB2MyMBaiWjdDm6ux9Ezns_3"}',0);
INSERT INTO messages VALUES(116,154955,'insert','debits','{"action": "open RPS", "address": "2_mn6q3dS2EnDUx3bmyWc6D4szJNVGtaR7zc_mnfAHmddVibnZNSkh8DvKaQoiEfNsxjXzH_mtQheFaSfWELRB2MyMBaiWjdDm6ux9Ezns_3", "asset": "XCP", "block_index": 154955, "event": "60acedcd7aef2ef6d3c0f37d462f8b5ad007f19d24c74d6ef097404a9f367090", "quantity": 11021664}',0);
INSERT INTO messages VALUES(117,154955,'insert','rps','{"block_index": 154955, "expiration": 10, "expire_index": 154965, "move_random_hash": "6a886d74c2d4b1d7a35fd9159333ef64ba45a04d7aeeeb4538f958603c16fc5d", "possible_moves": 5, "source": "2_mn6q3dS2EnDUx3bmyWc6D4szJNVGtaR7zc_mnfAHmddVibnZNSkh8DvKaQoiEfNsxjXzH_mtQheFaSfWELRB2MyMBaiWjdDm6ux9Ezns_3", "status": "open", "tx_hash": "60acedcd7aef2ef6d3c0f37d462f8b5ad007f19d24c74d6ef097404a9f367090", "tx_index": 48, "wager": 11021664}',0);
INSERT INTO messages VALUES(118,154956,'insert','debits','{"action": "open RPS", "address": "2_mn6q3dS2EnDUx3bmyWc6D4szJNVGtaR7zc_mnfAHmddVibnZNSkh8DvKaQoiEfNsxjXzH_mqPCfvqTfYctXMUfmniXeG2nyaN8w6tPmj_3", "asset": "XCP", "block_index": 154956, "event": "ada3b569c8bd0afad1b184953c7da7582b8b732aedb28c2a2a86b667d8e87c33", "quantity": 11021664}',0);
INSERT INTO messages VALUES(119,154956,'insert','rps','{"block_index": 154956, "expiration": 10, "expire_index": 154966, "move_random_hash": "6a886d74c2d4b1d7a35fd9159333ef64ba45a04d7aeeeb4538f958603c16fc5d", "possible_moves": 5, "source": "2_mn6q3dS2EnDUx3bmyWc6D4szJNVGtaR7zc_mnfAHmddVibnZNSkh8DvKaQoiEfNsxjXzH_mqPCfvqTfYctXMUfmniXeG2nyaN8w6tPmj_3", "status": "open", "tx_hash": "ada3b569c8bd0afad1b184953c7da7582b8b732aedb28c2a2a86b667d8e87c33", "tx_index": 49, "wager": 11021664}',0);
INSERT INTO messages VALUES(120,154956,'update','rps','{"status": "matched", "tx_index": 48}',0);
INSERT INTO messages VALUES(121,154956,'update','rps','{"status": "matched", "tx_index": 49}',0);
INSERT INTO messages VALUES(122,154956,'insert','rps_matches','{"block_index": 154956, "id": "60acedcd7aef2ef6d3c0f37d462f8b5ad007f19d24c74d6ef097404a9f367090ada3b569c8bd0afad1b184953c7da7582b8b732aedb28c2a2a86b667d8e87c33", "match_expire_index": 154976, "possible_moves": 5, "status": "pending", "tx0_address": "2_mn6q3dS2EnDUx3bmyWc6D4szJNVGtaR7zc_mnfAHmddVibnZNSkh8DvKaQoiEfNsxjXzH_mtQheFaSfWELRB2MyMBaiWjdDm6ux9Ezns_3", "tx0_block_index": 154955, "tx0_expiration": 10, "tx0_hash": "60acedcd7aef2ef6d3c0f37d462f8b5ad007f19d24c74d6ef097404a9f367090", "tx0_index": 48, "tx0_move_random_hash": "6a886d74c2d4b1d7a35fd9159333ef64ba45a04d7aeeeb4538f958603c16fc5d", "tx1_address": "2_mn6q3dS2EnDUx3bmyWc6D4szJNVGtaR7zc_mnfAHmddVibnZNSkh8DvKaQoiEfNsxjXzH_mqPCfvqTfYctXMUfmniXeG2nyaN8w6tPmj_3", "tx1_block_index": 154956, "tx1_expiration": 10, "tx1_hash": "ada3b569c8bd0afad1b184953c7da7582b8b732aedb28c2a2a86b667d8e87c33", "tx1_index": 49, "tx1_move_random_hash": "6a886d74c2d4b1d7a35fd9159333ef64ba45a04d7aeeeb4538f958603c16fc5d", "wager": 11021664}',0);
INSERT INTO messages VALUES(123,154977,'insert','credits','{"action": "recredit wager", "address": "2_mn6q3dS2EnDUx3bmyWc6D4szJNVGtaR7zc_mnfAHmddVibnZNSkh8DvKaQoiEfNsxjXzH_mtQheFaSfWELRB2MyMBaiWjdDm6ux9Ezns_3", "asset": "XCP", "block_index": 154977, "event": "60acedcd7aef2ef6d3c0f37d462f8b5ad007f19d24c74d6ef097404a9f367090ada3b569c8bd0afad1b184953c7da7582b8b732aedb28c2a2a86b667d8e87c33", "quantity": 11021664}',0);
INSERT INTO messages VALUES(124,154977,'insert','credits','{"action": "recredit wager", "address": "2_mn6q3dS2EnDUx3bmyWc6D4szJNVGtaR7zc_mnfAHmddVibnZNSkh8DvKaQoiEfNsxjXzH_mqPCfvqTfYctXMUfmniXeG2nyaN8w6tPmj_3", "asset": "XCP", "block_index": 154977, "event": "60acedcd7aef2ef6d3c0f37d462f8b5ad007f19d24c74d6ef097404a9f367090ada3b569c8bd0afad1b184953c7da7582b8b732aedb28c2a2a86b667d8e87c33", "quantity": 11021664}',0);
INSERT INTO messages VALUES(125,154977,'update','rps_matches','{"rps_match_id": "60acedcd7aef2ef6d3c0f37d462f8b5ad007f19d24c74d6ef097404a9f367090ada3b569c8bd0afad1b184953c7da7582b8b732aedb28c2a2a86b667d8e87c33", "status": "expired"}',0);
INSERT INTO messages VALUES(126,154977,'insert','rps_match_expirations','{"block_index": 154977, "rps_match_id": "60acedcd7aef2ef6d3c0f37d462f8b5ad007f19d24c74d6ef097404a9f367090ada3b569c8bd0afad1b184953c7da7582b8b732aedb28c2a2a86b667d8e87c33", "tx0_address": "2_mn6q3dS2EnDUx3bmyWc6D4szJNVGtaR7zc_mnfAHmddVibnZNSkh8DvKaQoiEfNsxjXzH_mtQheFaSfWELRB2MyMBaiWjdDm6ux9Ezns_3", "tx1_address": "2_mn6q3dS2EnDUx3bmyWc6D4szJNVGtaR7zc_mnfAHmddVibnZNSkh8DvKaQoiEfNsxjXzH_mqPCfvqTfYctXMUfmniXeG2nyaN8w6tPmj_3"}',0);
INSERT INTO messages VALUES(127,154982,'insert','debits','{"action": "open RPS", "address": "2_mn6q3dS2EnDUx3bmyWc6D4szJNVGtaR7zc_mnfAHmddVibnZNSkh8DvKaQoiEfNsxjXzH_mtQheFaSfWELRB2MyMBaiWjdDm6ux9Ezns_3", "asset": "XCP", "block_index": 154982, "event": "ff755f79e47e0417b67e53c8d80f2eba9ef63f18e7825d2eb1b82bae882917d8", "quantity": 11021665}',0);
INSERT INTO messages VALUES(128,154982,'insert','rps','{"block_index": 154982, "expiration": 10, "expire_index": 154992, "move_random_hash": "6a886d74c2d4b1d7a35fd9159333ef64ba45a04d7aeeeb4538f958603c16fc5d", "possible_moves": 5, "source": "2_mn6q3dS2EnDUx3bmyWc6D4szJNVGtaR7zc_mnfAHmddVibnZNSkh8DvKaQoiEfNsxjXzH_mtQheFaSfWELRB2MyMBaiWjdDm6ux9Ezns_3", "status": "open", "tx_hash": "ff755f79e47e0417b67e53c8d80f2eba9ef63f18e7825d2eb1b82bae882917d8", "tx_index": 75, "wager": 11021665}',0);
INSERT INTO messages VALUES(129,154983,'insert','debits','{"action": "open RPS", "address": "2_mn6q3dS2EnDUx3bmyWc6D4szJNVGtaR7zc_mnfAHmddVibnZNSkh8DvKaQoiEfNsxjXzH_mqPCfvqTfYctXMUfmniXeG2nyaN8w6tPmj_3", "asset": "XCP", "block_index": 154983, "event": "b22358c5f5be7211ac3aed63e2594c00571b5307c83b088fd76c365e2d3725a4", "quantity": 11021665}',0);
INSERT INTO messages VALUES(130,154983,'insert','rps','{"block_index": 154983, "expiration": 10, "expire_index": 154993, "move_random_hash": "6a886d74c2d4b1d7a35fd9159333ef64ba45a04d7aeeeb4538f958603c16fc5d", "possible_moves": 5, "source": "2_mn6q3dS2EnDUx3bmyWc6D4szJNVGtaR7zc_mnfAHmddVibnZNSkh8DvKaQoiEfNsxjXzH_mqPCfvqTfYctXMUfmniXeG2nyaN8w6tPmj_3", "status": "open", "tx_hash": "b22358c5f5be7211ac3aed63e2594c00571b5307c83b088fd76c365e2d3725a4", "tx_index": 76, "wager": 11021665}',0);
INSERT INTO messages VALUES(131,154983,'update','rps','{"status": "matched", "tx_index": 75}',0);
INSERT INTO messages VALUES(132,154983,'update','rps','{"status": "matched", "tx_index": 76}',0);
INSERT INTO messages VALUES(133,154983,'insert','rps_matches','{"block_index": 154983, "id": "ff755f79e47e0417b67e53c8d80f2eba9ef63f18e7825d2eb1b82bae882917d8b22358c5f5be7211ac3aed63e2594c00571b5307c83b088fd76c365e2d3725a4", "match_expire_index": 155003, "possible_moves": 5, "status": "pending", "tx0_address": "2_mn6q3dS2EnDUx3bmyWc6D4szJNVGtaR7zc_mnfAHmddVibnZNSkh8DvKaQoiEfNsxjXzH_mtQheFaSfWELRB2MyMBaiWjdDm6ux9Ezns_3", "tx0_block_index": 154982, "tx0_expiration": 10, "tx0_hash": "ff755f79e47e0417b67e53c8d80f2eba9ef63f18e7825d2eb1b82bae882917d8", "tx0_index": 75, "tx0_move_random_hash": "6a886d74c2d4b1d7a35fd9159333ef64ba45a04d7aeeeb4538f958603c16fc5d", "tx1_address": "2_mn6q3dS2EnDUx3bmyWc6D4szJNVGtaR7zc_mnfAHmddVibnZNSkh8DvKaQoiEfNsxjXzH_mqPCfvqTfYctXMUfmniXeG2nyaN8w6tPmj_3", "tx1_block_index": 154983, "tx1_expiration": 10, "tx1_hash": "b22358c5f5be7211ac3aed63e2594c00571b5307c83b088fd76c365e2d3725a4", "tx1_index": 76, "tx1_move_random_hash": "6a886d74c2d4b1d7a35fd9159333ef64ba45a04d7aeeeb4538f958603c16fc5d", "wager": 11021665}',0);
INSERT INTO messages VALUES(134,154984,'update','rps_matches','{"rps_match_id": "ff755f79e47e0417b67e53c8d80f2eba9ef63f18e7825d2eb1b82bae882917d8b22358c5f5be7211ac3aed63e2594c00571b5307c83b088fd76c365e2d3725a4", "status": "resolved and pending"}',0);
INSERT INTO messages VALUES(135,154984,'insert','rpsresolves','{"block_index": 154984, "move": 3, "random": "7a4488d61ed8f2e9fa2874113fccb8b1", "rps_match_id": "ff755f79e47e0417b67e53c8d80f2eba9ef63f18e7825d2eb1b82bae882917d8b22358c5f5be7211ac3aed63e2594c00571b5307c83b088fd76c365e2d3725a4", "source": "2_mn6q3dS2EnDUx3bmyWc6D4szJNVGtaR7zc_mnfAHmddVibnZNSkh8DvKaQoiEfNsxjXzH_mtQheFaSfWELRB2MyMBaiWjdDm6ux9Ezns_3", "status": "valid", "tx_hash": "bebcb9459f3602bf0862168446a14d50c23392d827d13536f4f4b2cc5b1031dc", "tx_index": 77}',0);
INSERT INTO messages VALUES(136,155004,'insert','credits','{"action": "wins", "address": "2_mn6q3dS2EnDUx3bmyWc6D4szJNVGtaR7zc_mnfAHmddVibnZNSkh8DvKaQoiEfNsxjXzH_mtQheFaSfWELRB2MyMBaiWjdDm6ux9Ezns_3", "asset": "XCP", "block_index": 155004, "event": "ff755f79e47e0417b67e53c8d80f2eba9ef63f18e7825d2eb1b82bae882917d8b22358c5f5be7211ac3aed63e2594c00571b5307c83b088fd76c365e2d3725a4", "quantity": 22043330}',0);
INSERT INTO messages VALUES(137,155004,'update','rps_matches','{"rps_match_id": "ff755f79e47e0417b67e53c8d80f2eba9ef63f18e7825d2eb1b82bae882917d8b22358c5f5be7211ac3aed63e2594c00571b5307c83b088fd76c365e2d3725a4", "status": "concluded: first player wins"}',0);
INSERT INTO messages VALUES(138,155004,'insert','rps_match_expirations','{"block_index": 155004, "rps_match_id": "ff755f79e47e0417b67e53c8d80f2eba9ef63f18e7825d2eb1b82bae882917d8b22358c5f5be7211ac3aed63e2594c00571b5307c83b088fd76c365e2d3725a4", "tx0_address": "2_mn6q3dS2EnDUx3bmyWc6D4szJNVGtaR7zc_mnfAHmddVibnZNSkh8DvKaQoiEfNsxjXzH_mtQheFaSfWELRB2MyMBaiWjdDm6ux9Ezns_3", "tx1_address": "2_mn6q3dS2EnDUx3bmyWc6D4szJNVGtaR7zc_mnfAHmddVibnZNSkh8DvKaQoiEfNsxjXzH_mqPCfvqTfYctXMUfmniXeG2nyaN8w6tPmj_3"}',0);
-- Triggers and indices on  messages
CREATE INDEX block_index_message_index_idx ON messages (block_index, message_index);

-- Table  nonces
DROP TABLE IF EXISTS nonces;
CREATE TABLE nonces(
                      address TEXT PRIMARY KEY,
                      nonce INTEGER);

-- Table  order_expirations
DROP TABLE IF EXISTS order_expirations;
CREATE TABLE order_expirations(
                      order_index INTEGER PRIMARY KEY,
                      order_hash TEXT UNIQUE,
                      source TEXT,
                      block_index INTEGER,
                      FOREIGN KEY (block_index) REFERENCES blocks(block_index),
                      FOREIGN KEY (order_index, order_hash) REFERENCES orders(tx_index, tx_hash));
INSERT INTO order_expirations VALUES(3,'e9f8fbc1ee2d161867e77aec88ec2cb7b69f41513e51d6189c5aad5a0dd6245b','2_mn6q3dS2EnDUx3bmyWc6D4szJNVGtaR7zc_mnfAHmddVibnZNSkh8DvKaQoiEfNsxjXzH_mtQheFaSfWELRB2MyMBaiWjdDm6ux9Ezns_3',154921);
INSERT INTO order_expirations VALUES(4,'50155ea68921273f308d37e1e7c0b57672cb6d9146ced587ce18098f639153cf','2_mn6q3dS2EnDUx3bmyWc6D4szJNVGtaR7zc_mnfAHmddVibnZNSkh8DvKaQoiEfNsxjXzH_mtQheFaSfWELRB2MyMBaiWjdDm6ux9Ezns_3',154922);
INSERT INTO order_expirations VALUES(22,'3d028a78838d20a2763ef32fe2d5f9df1cd915047b791ca40b686cb615cacea5','2_mn6q3dS2EnDUx3bmyWc6D4szJNVGtaR7zc_mnfAHmddVibnZNSkh8DvKaQoiEfNsxjXzH_mtQheFaSfWELRB2MyMBaiWjdDm6ux9Ezns_3',154940);

-- Table  order_match_expirations
DROP TABLE IF EXISTS order_match_expirations;
CREATE TABLE order_match_expirations(
                      order_match_id TEXT PRIMARY KEY,
                      tx0_address TEXT,
                      tx1_address TEXT,
                      block_index INTEGER,
                      FOREIGN KEY (order_match_id) REFERENCES order_matches(id),
                      FOREIGN KEY (block_index) REFERENCES blocks(block_index));

-- Table  order_matches
DROP TABLE IF EXISTS order_matches;
CREATE TABLE order_matches(
                      id TEXT PRIMARY KEY,
                      tx0_index INTEGER,
                      tx0_hash TEXT,
                      tx0_address TEXT,
                      tx1_index INTEGER,
                      tx1_hash TEXT,
                      tx1_address TEXT,
                      forward_asset TEXT,
                      forward_quantity INTEGER,
                      backward_asset TEXT,
                      backward_quantity INTEGER,
                      tx0_block_index INTEGER,
                      tx1_block_index INTEGER,
                      block_index INTEGER,
                      tx0_expiration INTEGER,
                      tx1_expiration INTEGER,
                      match_expire_index INTEGER,
                      fee_paid INTEGER,
                      status TEXT,
                      FOREIGN KEY (tx0_index, tx0_hash, tx0_block_index) REFERENCES transactions(tx_index, tx_hash, block_index),
                      FOREIGN KEY (tx1_index, tx1_hash, tx1_block_index) REFERENCES transactions(tx_index, tx_hash, block_index));
INSERT INTO order_matches VALUES('e9f8fbc1ee2d161867e77aec88ec2cb7b69f41513e51d6189c5aad5a0dd6245b50155ea68921273f308d37e1e7c0b57672cb6d9146ced587ce18098f639153cf',3,'e9f8fbc1ee2d161867e77aec88ec2cb7b69f41513e51d6189c5aad5a0dd6245b','2_mn6q3dS2EnDUx3bmyWc6D4szJNVGtaR7zc_mnfAHmddVibnZNSkh8DvKaQoiEfNsxjXzH_mtQheFaSfWELRB2MyMBaiWjdDm6ux9Ezns_3',4,'50155ea68921273f308d37e1e7c0b57672cb6d9146ced587ce18098f639153cf','2_mn6q3dS2EnDUx3bmyWc6D4szJNVGtaR7zc_mnfAHmddVibnZNSkh8DvKaQoiEfNsxjXzH_mtQheFaSfWELRB2MyMBaiWjdDm6ux9Ezns_3','BTC',50000000,'XCP',100000000,154910,154911,154911,10,10,154931,857142,'completed');
-- Triggers and indices on  order_matches
CREATE INDEX backward_status_idx ON order_matches (backward_asset, status);
CREATE INDEX forward_status_idx ON order_matches (forward_asset, status);
CREATE INDEX id_idx ON order_matches (id);
CREATE INDEX match_expire_idx ON order_matches (status, match_expire_index);
CREATE INDEX tx0_address_idx ON order_matches (tx0_address);
CREATE INDEX tx1_address_idx ON order_matches (tx1_address);

-- Table  orders
DROP TABLE IF EXISTS orders;
CREATE TABLE orders(
                      tx_index INTEGER UNIQUE,
                      tx_hash TEXT UNIQUE,
                      block_index INTEGER,
                      source TEXT,
                      give_asset TEXT,
                      give_quantity INTEGER,
                      give_remaining INTEGER,
                      get_asset TEXT,
                      get_quantity INTEGER,
                      get_remaining INTEGER,
                      expiration INTEGER,
                      expire_index INTEGER,
                      fee_required INTEGER,
                      fee_required_remaining INTEGER,
                      fee_provided INTEGER,
                      fee_provided_remaining INTEGER,
                      status TEXT,
                      FOREIGN KEY (tx_index, tx_hash, block_index) REFERENCES transactions(tx_index, tx_hash, block_index),
                      PRIMARY KEY (tx_index, tx_hash));
INSERT INTO orders VALUES(3,'e9f8fbc1ee2d161867e77aec88ec2cb7b69f41513e51d6189c5aad5a0dd6245b',154910,'2_mn6q3dS2EnDUx3bmyWc6D4szJNVGtaR7zc_mnfAHmddVibnZNSkh8DvKaQoiEfNsxjXzH_mtQheFaSfWELRB2MyMBaiWjdDm6ux9Ezns_3','BTC',50000000,0,'XCP',100000000,0,10,154920,0,0,1000000,142858,'expired');
INSERT INTO orders VALUES(4,'50155ea68921273f308d37e1e7c0b57672cb6d9146ced587ce18098f639153cf',154911,'2_mn6q3dS2EnDUx3bmyWc6D4szJNVGtaR7zc_mnfAHmddVibnZNSkh8DvKaQoiEfNsxjXzH_mtQheFaSfWELRB2MyMBaiWjdDm6ux9Ezns_3','XCP',105000000,5000000,'BTC',50000000,0,10,154921,900000,42858,10000,10000,'expired');
INSERT INTO orders VALUES(22,'3d028a78838d20a2763ef32fe2d5f9df1cd915047b791ca40b686cb615cacea5',154929,'2_mn6q3dS2EnDUx3bmyWc6D4szJNVGtaR7zc_mnfAHmddVibnZNSkh8DvKaQoiEfNsxjXzH_mtQheFaSfWELRB2MyMBaiWjdDm6ux9Ezns_3','BBBB',50000000,50000000,'XCP',50000000,50000000,10,154939,0,0,10000,10000,'expired');
-- Triggers and indices on  orders
CREATE INDEX expire_idx ON orders (expire_index, status);
CREATE INDEX give_asset_idx ON orders (give_asset);
CREATE INDEX give_get_status_idx ON orders (get_asset, give_asset, status);
CREATE INDEX give_status_idx ON orders (give_asset, status);
CREATE INDEX source_give_status_idx ON orders (source, give_asset, status);

-- Table  postqueue
DROP TABLE IF EXISTS postqueue;
CREATE TABLE postqueue(
                      message BLOB);

-- Table  rps
DROP TABLE IF EXISTS rps;
CREATE TABLE rps(
                      tx_index INTEGER UNIQUE,
                      tx_hash TEXT UNIQUE,
                      block_index INTEGER,
                      source TEXT,
                      possible_moves INTEGER,
                      wager INTEGER,
                      move_random_hash TEXT,
                      expiration INTEGER,
                      expire_index INTEGER,
                      status TEXT,
                      FOREIGN KEY (tx_index, tx_hash, block_index) REFERENCES transactions(tx_index, tx_hash, block_index),
                      PRIMARY KEY (tx_index, tx_hash));
INSERT INTO rps VALUES(26,'cf8c7134a6010e812d6f1df93517f8c2ea065cdd88a6ee51f69c85d6f686d614',154933,'2_mn6q3dS2EnDUx3bmyWc6D4szJNVGtaR7zc_mnfAHmddVibnZNSkh8DvKaQoiEfNsxjXzH_mtQheFaSfWELRB2MyMBaiWjdDm6ux9Ezns_3',5,11021663,'6a886d74c2d4b1d7a35fd9159333ef64ba45a04d7aeeeb4538f958603c16fc5d',100,155033,'matched');
INSERT INTO rps VALUES(27,'199064bea45ef1113fe46acd8c5992c45659f38d89d17e7ad3e5d0c768eb7b29',154934,'2_mn6q3dS2EnDUx3bmyWc6D4szJNVGtaR7zc_mnfAHmddVibnZNSkh8DvKaQoiEfNsxjXzH_mqPCfvqTfYctXMUfmniXeG2nyaN8w6tPmj_3',5,11021663,'6e8bf66cbd6636aca1802459b730a99548624e48e243b840e0b34a12bede17ec',100,155034,'matched');
INSERT INTO rps VALUES(30,'6474cc5c2fac76152b4ed5104f51f2e106f9bdaa1554e7d5dfd6482791fad150',154937,'2_mn6q3dS2EnDUx3bmyWc6D4szJNVGtaR7zc_mnfAHmddVibnZNSkh8DvKaQoiEfNsxjXzH_mtQheFaSfWELRB2MyMBaiWjdDm6ux9Ezns_3',5,11021663,'6a886d74c2d4b1d7a35fd9159333ef64ba45a04d7aeeeb4538f958603c16fc5d',10,154947,'expired');
INSERT INTO rps VALUES(48,'60acedcd7aef2ef6d3c0f37d462f8b5ad007f19d24c74d6ef097404a9f367090',154955,'2_mn6q3dS2EnDUx3bmyWc6D4szJNVGtaR7zc_mnfAHmddVibnZNSkh8DvKaQoiEfNsxjXzH_mtQheFaSfWELRB2MyMBaiWjdDm6ux9Ezns_3',5,11021664,'6a886d74c2d4b1d7a35fd9159333ef64ba45a04d7aeeeb4538f958603c16fc5d',10,154965,'matched');
INSERT INTO rps VALUES(49,'ada3b569c8bd0afad1b184953c7da7582b8b732aedb28c2a2a86b667d8e87c33',154956,'2_mn6q3dS2EnDUx3bmyWc6D4szJNVGtaR7zc_mnfAHmddVibnZNSkh8DvKaQoiEfNsxjXzH_mqPCfvqTfYctXMUfmniXeG2nyaN8w6tPmj_3',5,11021664,'6a886d74c2d4b1d7a35fd9159333ef64ba45a04d7aeeeb4538f958603c16fc5d',10,154966,'matched');
INSERT INTO rps VALUES(75,'ff755f79e47e0417b67e53c8d80f2eba9ef63f18e7825d2eb1b82bae882917d8',154982,'2_mn6q3dS2EnDUx3bmyWc6D4szJNVGtaR7zc_mnfAHmddVibnZNSkh8DvKaQoiEfNsxjXzH_mtQheFaSfWELRB2MyMBaiWjdDm6ux9Ezns_3',5,11021665,'6a886d74c2d4b1d7a35fd9159333ef64ba45a04d7aeeeb4538f958603c16fc5d',10,154992,'matched');
INSERT INTO rps VALUES(76,'b22358c5f5be7211ac3aed63e2594c00571b5307c83b088fd76c365e2d3725a4',154983,'2_mn6q3dS2EnDUx3bmyWc6D4szJNVGtaR7zc_mnfAHmddVibnZNSkh8DvKaQoiEfNsxjXzH_mqPCfvqTfYctXMUfmniXeG2nyaN8w6tPmj_3',5,11021665,'6a886d74c2d4b1d7a35fd9159333ef64ba45a04d7aeeeb4538f958603c16fc5d',10,154993,'matched');
-- Triggers and indices on  rps
CREATE INDEX matching_idx ON rps (wager, possible_moves);

-- Table  rps_expirations
DROP TABLE IF EXISTS rps_expirations;
CREATE TABLE rps_expirations(
                      rps_index INTEGER PRIMARY KEY,
                      rps_hash TEXT UNIQUE,
                      source TEXT,
                      block_index INTEGER,
                      FOREIGN KEY (block_index) REFERENCES blocks(block_index),
                      FOREIGN KEY (rps_index, rps_hash) REFERENCES rps(tx_index, tx_hash));
INSERT INTO rps_expirations VALUES(30,'6474cc5c2fac76152b4ed5104f51f2e106f9bdaa1554e7d5dfd6482791fad150','2_mn6q3dS2EnDUx3bmyWc6D4szJNVGtaR7zc_mnfAHmddVibnZNSkh8DvKaQoiEfNsxjXzH_mtQheFaSfWELRB2MyMBaiWjdDm6ux9Ezns_3',154948);

-- Table  rps_match_expirations
DROP TABLE IF EXISTS rps_match_expirations;
CREATE TABLE rps_match_expirations(
                      rps_match_id TEXT PRIMARY KEY,
                      tx0_address TEXT,
                      tx1_address TEXT,
                      block_index INTEGER,
                      FOREIGN KEY (rps_match_id) REFERENCES rps_matches(id),
                      FOREIGN KEY (block_index) REFERENCES blocks(block_index));
INSERT INTO rps_match_expirations VALUES('60acedcd7aef2ef6d3c0f37d462f8b5ad007f19d24c74d6ef097404a9f367090ada3b569c8bd0afad1b184953c7da7582b8b732aedb28c2a2a86b667d8e87c33','2_mn6q3dS2EnDUx3bmyWc6D4szJNVGtaR7zc_mnfAHmddVibnZNSkh8DvKaQoiEfNsxjXzH_mtQheFaSfWELRB2MyMBaiWjdDm6ux9Ezns_3','2_mn6q3dS2EnDUx3bmyWc6D4szJNVGtaR7zc_mnfAHmddVibnZNSkh8DvKaQoiEfNsxjXzH_mqPCfvqTfYctXMUfmniXeG2nyaN8w6tPmj_3',154977);
INSERT INTO rps_match_expirations VALUES('ff755f79e47e0417b67e53c8d80f2eba9ef63f18e7825d2eb1b82bae882917d8b22358c5f5be7211ac3aed63e2594c00571b5307c83b088fd76c365e2d3725a4','2_mn6q3dS2EnDUx3bmyWc6D4szJNVGtaR7zc_mnfAHmddVibnZNSkh8DvKaQoiEfNsxjXzH_mtQheFaSfWELRB2MyMBaiWjdDm6ux9Ezns_3','2_mn6q3dS2EnDUx3bmyWc6D4szJNVGtaR7zc_mnfAHmddVibnZNSkh8DvKaQoiEfNsxjXzH_mqPCfvqTfYctXMUfmniXeG2nyaN8w6tPmj_3',155004);

-- Table  rps_matches
DROP TABLE IF EXISTS rps_matches;
CREATE TABLE rps_matches(
                      id TEXT PRIMARY KEY,
                      tx0_index INTEGER,
                      tx0_hash TEXT,
                      tx0_address TEXT,
                      tx1_index INTEGER,
                      tx1_hash TEXT,
                      tx1_address TEXT,
                      tx0_move_random_hash TEXT,
                      tx1_move_random_hash TEXT,
                      wager INTEGER,
                      possible_moves INTEGER,
                      tx0_block_index INTEGER,
                      tx1_block_index INTEGER,
                      block_index INTEGER,
                      tx0_expiration INTEGER,
                      tx1_expiration INTEGER,
                      match_expire_index INTEGER,
                      status TEXT,
                      FOREIGN KEY (tx0_index, tx0_hash, tx0_block_index) REFERENCES transactions(tx_index, tx_hash, block_index),
                      FOREIGN KEY (tx1_index, tx1_hash, tx1_block_index) REFERENCES transactions(tx_index, tx_hash, block_index));
INSERT INTO rps_matches VALUES('cf8c7134a6010e812d6f1df93517f8c2ea065cdd88a6ee51f69c85d6f686d614199064bea45ef1113fe46acd8c5992c45659f38d89d17e7ad3e5d0c768eb7b29',26,'cf8c7134a6010e812d6f1df93517f8c2ea065cdd88a6ee51f69c85d6f686d614','2_mn6q3dS2EnDUx3bmyWc6D4szJNVGtaR7zc_mnfAHmddVibnZNSkh8DvKaQoiEfNsxjXzH_mtQheFaSfWELRB2MyMBaiWjdDm6ux9Ezns_3',27,'199064bea45ef1113fe46acd8c5992c45659f38d89d17e7ad3e5d0c768eb7b29','2_mn6q3dS2EnDUx3bmyWc6D4szJNVGtaR7zc_mnfAHmddVibnZNSkh8DvKaQoiEfNsxjXzH_mqPCfvqTfYctXMUfmniXeG2nyaN8w6tPmj_3','6a886d74c2d4b1d7a35fd9159333ef64ba45a04d7aeeeb4538f958603c16fc5d','6e8bf66cbd6636aca1802459b730a99548624e48e243b840e0b34a12bede17ec',11021663,5,154933,154934,154934,100,100,154954,'concluded: first player wins');
INSERT INTO rps_matches VALUES('60acedcd7aef2ef6d3c0f37d462f8b5ad007f19d24c74d6ef097404a9f367090ada3b569c8bd0afad1b184953c7da7582b8b732aedb28c2a2a86b667d8e87c33',48,'60acedcd7aef2ef6d3c0f37d462f8b5ad007f19d24c74d6ef097404a9f367090','2_mn6q3dS2EnDUx3bmyWc6D4szJNVGtaR7zc_mnfAHmddVibnZNSkh8DvKaQoiEfNsxjXzH_mtQheFaSfWELRB2MyMBaiWjdDm6ux9Ezns_3',49,'ada3b569c8bd0afad1b184953c7da7582b8b732aedb28c2a2a86b667d8e87c33','2_mn6q3dS2EnDUx3bmyWc6D4szJNVGtaR7zc_mnfAHmddVibnZNSkh8DvKaQoiEfNsxjXzH_mqPCfvqTfYctXMUfmniXeG2nyaN8w6tPmj_3','6a886d74c2d4b1d7a35fd9159333ef64ba45a04d7aeeeb4538f958603c16fc5d','6a886d74c2d4b1d7a35fd9159333ef64ba45a04d7aeeeb4538f958603c16fc5d',11021664,5,154955,154956,154956,10,10,154976,'expired');
INSERT INTO rps_matches VALUES('ff755f79e47e0417b67e53c8d80f2eba9ef63f18e7825d2eb1b82bae882917d8b22358c5f5be7211ac3aed63e2594c00571b5307c83b088fd76c365e2d3725a4',75,'ff755f79e47e0417b67e53c8d80f2eba9ef63f18e7825d2eb1b82bae882917d8','2_mn6q3dS2EnDUx3bmyWc6D4szJNVGtaR7zc_mnfAHmddVibnZNSkh8DvKaQoiEfNsxjXzH_mtQheFaSfWELRB2MyMBaiWjdDm6ux9Ezns_3',76,'b22358c5f5be7211ac3aed63e2594c00571b5307c83b088fd76c365e2d3725a4','2_mn6q3dS2EnDUx3bmyWc6D4szJNVGtaR7zc_mnfAHmddVibnZNSkh8DvKaQoiEfNsxjXzH_mqPCfvqTfYctXMUfmniXeG2nyaN8w6tPmj_3','6a886d74c2d4b1d7a35fd9159333ef64ba45a04d7aeeeb4538f958603c16fc5d','6a886d74c2d4b1d7a35fd9159333ef64ba45a04d7aeeeb4538f958603c16fc5d',11021665,5,154982,154983,154983,10,10,155003,'concluded: first player wins');
-- Triggers and indices on  rps_matches
CREATE INDEX rps_match_expire_idx ON rps_matches (status, match_expire_index);
CREATE INDEX rps_tx0_address_idx ON rps_matches (tx0_address);
CREATE INDEX rps_tx1_address_idx ON rps_matches (tx1_address);

-- Table  rpsresolves
DROP TABLE IF EXISTS rpsresolves;
CREATE TABLE rpsresolves(
                      tx_index INTEGER PRIMARY KEY,
                      tx_hash TEXT UNIQUE,
                      block_index INTEGER,
                      source TEXT,
                      move INTEGER,
                      random TEXT,
                      rps_match_id TEXT,
                      status TEXT,
                      FOREIGN KEY (tx_index, tx_hash, block_index) REFERENCES transactions(tx_index, tx_hash, block_index));
INSERT INTO rpsresolves VALUES(28,'37dad004e3c0f45180d302a3e3a003395303d64af971c3ad8f80cabfd62ca76d',154935,'2_mn6q3dS2EnDUx3bmyWc6D4szJNVGtaR7zc_mnfAHmddVibnZNSkh8DvKaQoiEfNsxjXzH_mtQheFaSfWELRB2MyMBaiWjdDm6ux9Ezns_3',3,'7a4488d61ed8f2e9fa2874113fccb8b1','cf8c7134a6010e812d6f1df93517f8c2ea065cdd88a6ee51f69c85d6f686d614199064bea45ef1113fe46acd8c5992c45659f38d89d17e7ad3e5d0c768eb7b29','valid');
INSERT INTO rpsresolves VALUES(29,'575d2aff555bef42a8d915477ae452f56f6e63125f7b4b96714b8210c25753d2',154936,'2_mn6q3dS2EnDUx3bmyWc6D4szJNVGtaR7zc_mnfAHmddVibnZNSkh8DvKaQoiEfNsxjXzH_mqPCfvqTfYctXMUfmniXeG2nyaN8w6tPmj_3',5,'fa765e80203cba24a298e4458f63ff6b','cf8c7134a6010e812d6f1df93517f8c2ea065cdd88a6ee51f69c85d6f686d614199064bea45ef1113fe46acd8c5992c45659f38d89d17e7ad3e5d0c768eb7b29','valid');
INSERT INTO rpsresolves VALUES(77,'bebcb9459f3602bf0862168446a14d50c23392d827d13536f4f4b2cc5b1031dc',154984,'2_mn6q3dS2EnDUx3bmyWc6D4szJNVGtaR7zc_mnfAHmddVibnZNSkh8DvKaQoiEfNsxjXzH_mtQheFaSfWELRB2MyMBaiWjdDm6ux9Ezns_3',3,'7a4488d61ed8f2e9fa2874113fccb8b1','ff755f79e47e0417b67e53c8d80f2eba9ef63f18e7825d2eb1b82bae882917d8b22358c5f5be7211ac3aed63e2594c00571b5307c83b088fd76c365e2d3725a4','valid');
-- Triggers and indices on  rpsresolves
CREATE INDEX rps_match_id_idx ON rpsresolves (rps_match_id);

-- Table  sends
DROP TABLE IF EXISTS sends;
CREATE TABLE sends(
                      tx_index INTEGER PRIMARY KEY,
                      tx_hash TEXT UNIQUE,
                      block_index INTEGER,
                      source TEXT,
                      destination TEXT,
                      asset TEXT,
                      quantity INTEGER,
                      status TEXT,
                      FOREIGN KEY (tx_index, tx_hash, block_index) REFERENCES transactions(tx_index, tx_hash, block_index));
INSERT INTO sends VALUES(2,'e29a8086c20a4dd7901f099d9fbc685603328673df642fa741d1a221c941809a',154909,'2_mn6q3dS2EnDUx3bmyWc6D4szJNVGtaR7zc_mnfAHmddVibnZNSkh8DvKaQoiEfNsxjXzH_mtQheFaSfWELRB2MyMBaiWjdDm6ux9Ezns_3','2_mn6q3dS2EnDUx3bmyWc6D4szJNVGtaR7zc_mnfAHmddVibnZNSkh8DvKaQoiEfNsxjXzH_mqPCfvqTfYctXMUfmniXeG2nyaN8w6tPmj_3','XCP',50000000,'valid');
INSERT INTO sends VALUES(8,'c9fcecbcb6bf99e0595e0288ab92b35429688642bff848874e3f58eb90a3726b',154915,'2_mn6q3dS2EnDUx3bmyWc6D4szJNVGtaR7zc_mnfAHmddVibnZNSkh8DvKaQoiEfNsxjXzH_mtQheFaSfWELRB2MyMBaiWjdDm6ux9Ezns_3','2_mn6q3dS2EnDUx3bmyWc6D4szJNVGtaR7zc_mnfAHmddVibnZNSkh8DvKaQoiEfNsxjXzH_mqPCfvqTfYctXMUfmniXeG2nyaN8w6tPmj_3','BBBB',4000000,'valid');
INSERT INTO sends VALUES(9,'1db702adc2324d14b5bc7b5e07925b3e13deb9a18820fc3f4b13fbb3b93505bf',154916,'2_mn6q3dS2EnDUx3bmyWc6D4szJNVGtaR7zc_mnfAHmddVibnZNSkh8DvKaQoiEfNsxjXzH_mtQheFaSfWELRB2MyMBaiWjdDm6ux9Ezns_3','2_mn6q3dS2EnDUx3bmyWc6D4szJNVGtaR7zc_mnfAHmddVibnZNSkh8DvKaQoiEfNsxjXzH_mqPCfvqTfYctXMUfmniXeG2nyaN8w6tPmj_3','BBBC',526,'valid');
INSERT INTO sends VALUES(24,'ec0940d4c6fa7c805c2925bdbda406fb9100f087fe5909ce023cf99449b1b743',154931,'2_mn6q3dS2EnDUx3bmyWc6D4szJNVGtaR7zc_mnfAHmddVibnZNSkh8DvKaQoiEfNsxjXzH_mtQheFaSfWELRB2MyMBaiWjdDm6ux9Ezns_3','2_mn6q3dS2EnDUx3bmyWc6D4szJNVGtaR7zc_mnfAHmddVibnZNSkh8DvKaQoiEfNsxjXzH_mqPCfvqTfYctXMUfmniXeG2nyaN8w6tPmj_3','BBBC',10000,'valid');
-- Triggers and indices on  sends
CREATE INDEX destination_idx ON sends (destination);
CREATE INDEX source_idx ON sends (source);

-- Table  storage
DROP TABLE IF EXISTS storage;
CREATE TABLE storage(
                      contract_id TEXT,
                      key BLOB,
                      value BLOB,
                      FOREIGN KEY (contract_id) REFERENCES contracts(contract_id));

-- Table  suicides
DROP TABLE IF EXISTS suicides;
CREATE TABLE suicides(
                      contract_id TEXT PRIMARY KEY,
                      FOREIGN KEY (contract_id) REFERENCES contracts(contract_id));

-- Table  transactions
DROP TABLE IF EXISTS transactions;
CREATE TABLE transactions(
                      tx_index INTEGER UNIQUE,
                      tx_hash TEXT UNIQUE,
                      block_index INTEGER,
                      block_hash TEXT,
                      block_time INTEGER,
                      source TEXT,
                      destination TEXT,
                      btc_amount INTEGER,
                      fee INTEGER,
                      data BLOB,
                      supported BOOL DEFAULT 1,
                      FOREIGN KEY (block_index, block_hash) REFERENCES blocks(block_index, block_hash),
                      PRIMARY KEY (tx_index, tx_hash, block_index));
INSERT INTO transactions VALUES(1,'724e5f8f5ffdafe0af9a0dd91151d4db4168c7bc924f8cc63ce07b6edc9e1f6f',154908,'cab26004a25bf4f3f706d147cc1a6b4ae35d4e2177acbb3a5e1347205fab75cc93c2cfdda0f9e01252776bdaccd4a9dc2cc2e2264af588dbe306734293c1c8c4',1549080000000,'2_mn6q3dS2EnDUx3bmyWc6D4szJNVGtaR7zc_mnfAHmddVibnZNSkh8DvKaQoiEfNsxjXzH_mtQheFaSfWELRB2MyMBaiWjdDm6ux9Ezns_3','mvCounterpartyXXXXXXXXXXXXXXW24Hef',62000000,10000,X'',1);
INSERT INTO transactions VALUES(2,'e29a8086c20a4dd7901f099d9fbc685603328673df642fa741d1a221c941809a',154909,'244e7bf91f9a9cd5ec8c2abd8740a506c2de2156ab635d08d78429afba33f7f090659eca59b3a3f862dd87bb36221e52915512486da5d6ef0ec37e85124a9303',1549090000000,'2_mn6q3dS2EnDUx3bmyWc6D4szJNVGtaR7zc_mnfAHmddVibnZNSkh8DvKaQoiEfNsxjXzH_mtQheFaSfWELRB2MyMBaiWjdDm6ux9Ezns_3','2_mn6q3dS2EnDUx3bmyWc6D4szJNVGtaR7zc_mnfAHmddVibnZNSkh8DvKaQoiEfNsxjXzH_mqPCfvqTfYctXMUfmniXeG2nyaN8w6tPmj_3',7800,10000,X'0000000000000000000000010000000002FAF080',1);
INSERT INTO transactions VALUES(3,'e9f8fbc1ee2d161867e77aec88ec2cb7b69f41513e51d6189c5aad5a0dd6245b',154910,'80d40ca10e5ea63a2ad8303c70819f369afbbd5716faf875fa4eb8ac2799ee0f9b2e5e204849d8ebca34537bdef7620fe81db66fc8195e193ee778fa43d68cdb',1549100000000,'2_mn6q3dS2EnDUx3bmyWc6D4szJNVGtaR7zc_mnfAHmddVibnZNSkh8DvKaQoiEfNsxjXzH_mtQheFaSfWELRB2MyMBaiWjdDm6ux9Ezns_3','',0,1000000,X'0000000A00000000000000000000000002FAF08000000000000000010000000005F5E100000A0000000000000000',1);
INSERT INTO transactions VALUES(4,'50155ea68921273f308d37e1e7c0b57672cb6d9146ced587ce18098f639153cf',154911,'c572450879274cc2a7adfa27f3484ba94d76ae3c23d42a92f386000ba36b09790b7448701614b040f3e5dadd6378940e4b47ddb7e6a0da38aadb578b81c178e1',1549110000000,'2_mn6q3dS2EnDUx3bmyWc6D4szJNVGtaR7zc_mnfAHmddVibnZNSkh8DvKaQoiEfNsxjXzH_mtQheFaSfWELRB2MyMBaiWjdDm6ux9Ezns_3','',0,10000,X'0000000A00000000000000010000000006422C4000000000000000000000000002FAF080000A00000000000DBBA0',1);
INSERT INTO transactions VALUES(5,'e522a87caf20ac61f2037356bf2eb365e731c03c85db8856026887f10b4d7fb8',154912,'b0fe961d25394561c42ea0e5df888ba20580eab3ddb9d294faf901cda2517ebc2078f91137fdf9badefee7950b0274941c7764ecb47546c05e1a3563fc032339',1549120000000,'2_mn6q3dS2EnDUx3bmyWc6D4szJNVGtaR7zc_mnfAHmddVibnZNSkh8DvKaQoiEfNsxjXzH_mtQheFaSfWELRB2MyMBaiWjdDm6ux9Ezns_3','2_mn6q3dS2EnDUx3bmyWc6D4szJNVGtaR7zc_mnfAHmddVibnZNSkh8DvKaQoiEfNsxjXzH_mtQheFaSfWELRB2MyMBaiWjdDm6ux9Ezns_3',50000000,10000,X'0000000BE9F8FBC1EE2D161867E77AEC88EC2CB7B69F41513E51D6189C5AAD5A0DD6245B50155EA68921273F308D37E1E7C0B57672CB6D9146CED587CE18098F639153CF',1);
INSERT INTO transactions VALUES(6,'a7304795147e929a83fd3d1ed6f939f41bf9042c437d1c5e44f735d131dc4e71',154913,'797ff8f7e2e601c1595d2bc2088ae7ecd723d53514b74e5545be46389d9ccf31bed1c874b482eee40b06d2d5823969203624a7fd540819262d0033ab08c0887f',1549130000000,'2_mn6q3dS2EnDUx3bmyWc6D4szJNVGtaR7zc_mnfAHmddVibnZNSkh8DvKaQoiEfNsxjXzH_mtQheFaSfWELRB2MyMBaiWjdDm6ux9Ezns_3','',0,10000,X'000000140000000000004767000000003B9ACA000100000000000000000000',1);
INSERT INTO transactions VALUES(7,'4c3da6a70176d7ba2aea392946af2734e4de1b09700e7f386ced52ce550ba0d2',154914,'78cad5b3c7bbac19cbbf5b58f7f2183441d22d200d3b1cb41da63aa293a5393883e3fcfc8eccd9c0ff5ca62b0552c8cd8b5c08e76475003f403c382725194e80',1549140000000,'2_mn6q3dS2EnDUx3bmyWc6D4szJNVGtaR7zc_mnfAHmddVibnZNSkh8DvKaQoiEfNsxjXzH_mtQheFaSfWELRB2MyMBaiWjdDm6ux9Ezns_3','',0,10000,X'00000014000000000000476800000000000186A00001000000113C75C28F06666F6F626172',1);
INSERT INTO transactions VALUES(8,'c9fcecbcb6bf99e0595e0288ab92b35429688642bff848874e3f58eb90a3726b',154915,'fc8ccc098da63edc027cfcb3a6bd5a882e21cc79ec5786f499b1c483779af70d76cd7decf3d4018dcefa678e9566c2b2a2fce14e27a8bb273af4a9af7cf1d932',1549150000000,'2_mn6q3dS2EnDUx3bmyWc6D4szJNVGtaR7zc_mnfAHmddVibnZNSkh8DvKaQoiEfNsxjXzH_mtQheFaSfWELRB2MyMBaiWjdDm6ux9Ezns_3','2_mn6q3dS2EnDUx3bmyWc6D4szJNVGtaR7zc_mnfAHmddVibnZNSkh8DvKaQoiEfNsxjXzH_mqPCfvqTfYctXMUfmniXeG2nyaN8w6tPmj_3',7800,10000,X'00000000000000000000476700000000003D0900',1);
INSERT INTO transactions VALUES(9,'1db702adc2324d14b5bc7b5e07925b3e13deb9a18820fc3f4b13fbb3b93505bf',154916,'94cd7d76a2cda75e80a2fe48dd3c44d46fed958f6223c9b0ff1a5ebcf255ab0a27df96220f9153fd180048828dcc3afe98c73988f91619f444c91c62a11d881b',1549160000000,'2_mn6q3dS2EnDUx3bmyWc6D4szJNVGtaR7zc_mnfAHmddVibnZNSkh8DvKaQoiEfNsxjXzH_mtQheFaSfWELRB2MyMBaiWjdDm6ux9Ezns_3','2_mn6q3dS2EnDUx3bmyWc6D4szJNVGtaR7zc_mnfAHmddVibnZNSkh8DvKaQoiEfNsxjXzH_mqPCfvqTfYctXMUfmniXeG2nyaN8w6tPmj_3',7800,10000,X'000000000000000000004768000000000000020E',1);
INSERT INTO transactions VALUES(10,'8b5c009d715169ba44696aa9ed51ac1bbc669c4704c60fac2c7a38bf4a4df0c9',154917,'b8b1961aa5981b069f1e7ce8d7a181736b80b54a5bda33a1bdf4b46f3d0f3dd732bc290cd13e7dab43d12c9efe30723afbe75e82447acd433557548a7568bb1d',1549170000000,'2_mn6q3dS2EnDUx3bmyWc6D4szJNVGtaR7zc_mnfAHmddVibnZNSkh8DvKaQoiEfNsxjXzH_mtQheFaSfWELRB2MyMBaiWjdDm6ux9Ezns_3','',0,10000,X'00000032000000000000025800000000000047670000000000000001',1);
INSERT INTO transactions VALUES(11,'a95086a2eca160beb947513bd1d5162c582349fb8c20db619489e5796283bf2b',154918,'088546b5563c11520e7fefe3ee0b8bd554b63f935ba0f52ee593300d79ccaba01cef7410df455753f5b4b33326da18e055638a161582c2d6e241ddfe6136e379',1549180000000,'2_mn6q3dS2EnDUx3bmyWc6D4szJNVGtaR7zc_mnfAHmddVibnZNSkh8DvKaQoiEfNsxjXzH_mtQheFaSfWELRB2MyMBaiWjdDm6ux9Ezns_3','',0,10000,X'00000032000000000000032000000000000047680000000000000001',1);
INSERT INTO transactions VALUES(12,'e7e7ad962f4a686ad73186dadd62bbdf986d6352dd5c2fa0d341e04b69907627',154919,'3dd36d3b00a9000ef4d22e3017f7af48c5c0a9af6e03ecc2a26a49345adef79ac252fd57551a14991e40d128990fbe8776fec55d4826b98e937f92bef3ae0be4',1549190000000,'2_mn6q3dS2EnDUx3bmyWc6D4szJNVGtaR7zc_mnfAHmddVibnZNSkh8DvKaQoiEfNsxjXzH_mtQheFaSfWELRB2MyMBaiWjdDm6ux9Ezns_3','',0,10000,X'0000001E52BB33004059000000000000004C4B4009556E69742054657374',1);
INSERT INTO transactions VALUES(13,'404d7fec015ffe20c472274178b516f53d97b8cb012d062be6404f8cc6054ad0',154920,'0fca8dfde3b5b34b0829e1daa9a5c7f235a93d74fd3575d68f7a131c7790e01eb69fd3e0aaa9d872c8dad6d8e57e49b3a5903d774372ed5524dac8afc51c18d2',1549200000000,'2_mn6q3dS2EnDUx3bmyWc6D4szJNVGtaR7zc_mnfAHmddVibnZNSkh8DvKaQoiEfNsxjXzH_mtQheFaSfWELRB2MyMBaiWjdDm6ux9Ezns_3','2_mn6q3dS2EnDUx3bmyWc6D4szJNVGtaR7zc_mnfAHmddVibnZNSkh8DvKaQoiEfNsxjXzH_mtQheFaSfWELRB2MyMBaiWjdDm6ux9Ezns_3',7800,10000,X'00000028000052BB33640000000002FAF08000000000017D7840000000000000000000003B100000000A',1);
INSERT INTO transactions VALUES(14,'184ebad637f6449733dd9fe6fffcb176f0720a89a31f0e2104eec262d6c5007a',154921,'1a99275c7a70a496ce9fcd5cf21876916351805fdc5258dbaa004ff9ea8e451be93cc6f872819dd8942847c650afd37618bbb630528d772b4f8eb318122b1043',1549210000000,'2_mn6q3dS2EnDUx3bmyWc6D4szJNVGtaR7zc_mnfAHmddVibnZNSkh8DvKaQoiEfNsxjXzH_mtQheFaSfWELRB2MyMBaiWjdDm6ux9Ezns_3','2_mn6q3dS2EnDUx3bmyWc6D4szJNVGtaR7zc_mnfAHmddVibnZNSkh8DvKaQoiEfNsxjXzH_mtQheFaSfWELRB2MyMBaiWjdDm6ux9Ezns_3',7800,10000,X'00000028000152BB336400000000017D78400000000002793D60000000000000000000003B100000000A',1);
INSERT INTO transactions VALUES(15,'476eeb419583b037197b17357c68727755e13fa477751b74c970067f882f309c',154922,'3e7b51e4121b3f70fa8ac6b3c2e3c29a985e05c5ad92678ee3982e931d81891a876260f7f53108a6e6d9012211a4f43cbc038b91dee92d2d1466448cec4979c4',1549220000000,'2_mn6q3dS2EnDUx3bmyWc6D4szJNVGtaR7zc_mnfAHmddVibnZNSkh8DvKaQoiEfNsxjXzH_mtQheFaSfWELRB2MyMBaiWjdDm6ux9Ezns_3','2_mn6q3dS2EnDUx3bmyWc6D4szJNVGtaR7zc_mnfAHmddVibnZNSkh8DvKaQoiEfNsxjXzH_mtQheFaSfWELRB2MyMBaiWjdDm6ux9Ezns_3',7800,10000,X'00000028000052BB33640000000008F0D1800000000014DC93800000000000000000000013B00000000A',1);
INSERT INTO transactions VALUES(16,'f0a4f79f918b218a1cc6d60e5aad53b53f5c52e21557c55e99407bfe7d4eb3c5',154923,'9b16d5d768bbfd1c83ca224c2fd704429a16b6102dc1ccc21eec6547da4dad23bfa3f0df63b0a0c1159268008765227db81aac243e48f470594c3f8e30a2772b',1549230000000,'2_mn6q3dS2EnDUx3bmyWc6D4szJNVGtaR7zc_mnfAHmddVibnZNSkh8DvKaQoiEfNsxjXzH_mtQheFaSfWELRB2MyMBaiWjdDm6ux9Ezns_3','2_mn6q3dS2EnDUx3bmyWc6D4szJNVGtaR7zc_mnfAHmddVibnZNSkh8DvKaQoiEfNsxjXzH_mtQheFaSfWELRB2MyMBaiWjdDm6ux9Ezns_3',7800,10000,X'00000028000152BB33640000000014DC93800000000008F0D1800000000000000000000013B00000000A',1);
INSERT INTO transactions VALUES(17,'b580d567bad1930073f781c1463c09088da8a336e777461044a5bd6324915679',154924,'915916edf01452e1a554d7dd7c63acef01f9540006a5b09425d151a8a170bd23e0500bd89dc97b8e49f22a0e662d140f03bcd6d2d9faf2b35e6968cd076329d3',1549240000000,'2_mn6q3dS2EnDUx3bmyWc6D4szJNVGtaR7zc_mnfAHmddVibnZNSkh8DvKaQoiEfNsxjXzH_mtQheFaSfWELRB2MyMBaiWjdDm6ux9Ezns_3','2_mn6q3dS2EnDUx3bmyWc6D4szJNVGtaR7zc_mnfAHmddVibnZNSkh8DvKaQoiEfNsxjXzH_mtQheFaSfWELRB2MyMBaiWjdDm6ux9Ezns_3',7800,10000,X'00000028000252BB33C8000000002CB417800000000026BE36803FF0000000000000000013B00000000A',1);
INSERT INTO transactions VALUES(18,'22ac03db8eed848d16ad7492438604560034164c32042ae78d579834f8f5fe12',154925,'29d88d169c0c9bb778dd32b9d76fdef07d4cdd5302f02938101e03dd616426884b0e08816cfd7b217662f226003e3821f8e09063dd5250331a3e187557619386',1549250000000,'2_mn6q3dS2EnDUx3bmyWc6D4szJNVGtaR7zc_mnfAHmddVibnZNSkh8DvKaQoiEfNsxjXzH_mtQheFaSfWELRB2MyMBaiWjdDm6ux9Ezns_3','2_mn6q3dS2EnDUx3bmyWc6D4szJNVGtaR7zc_mnfAHmddVibnZNSkh8DvKaQoiEfNsxjXzH_mtQheFaSfWELRB2MyMBaiWjdDm6ux9Ezns_3',7800,10000,X'00000028000352BB33C80000000026BE3680000000002CB417803FF0000000000000000013B00000000A',1);
INSERT INTO transactions VALUES(19,'204c841ee3347de25bea5ee85d81fa8d68438ea0baf33d0df9e42951a3a22a20',154926,'aeff66363337363dce240dd090e1d507f934b2496f82fce7094b6499b657f6375fb541747538a0001da7e87f708e10068399ef20441ba49485bc4edaa2347c85',1549260000000,'2_mn6q3dS2EnDUx3bmyWc6D4szJNVGtaR7zc_mnfAHmddVibnZNSkh8DvKaQoiEfNsxjXzH_mtQheFaSfWELRB2MyMBaiWjdDm6ux9Ezns_3','',0,10000,X'0000001E52BB33324058F7256FFC115E004C4B4009556E69742054657374',1);
INSERT INTO transactions VALUES(20,'8fc2020e6176ee8f113c6897e0e6e112e76cce87a4772c262e1c779870bdca03',154927,'bc5cd4a70a0e3038768b0b4dacc11bb5bdbbaa51a7a6d0a69aaed9ab49451f57aa1f702921cf8fd5e477c4f06353f7ae69c5ce347a1307c38edcb9619ba9709f',1549270000000,'2_mn6q3dS2EnDUx3bmyWc6D4szJNVGtaR7zc_mnfAHmddVibnZNSkh8DvKaQoiEfNsxjXzH_mtQheFaSfWELRB2MyMBaiWjdDm6ux9Ezns_3','',0,10000,X'0000001E52BB3365405915F3B645A1CB004C4B4009556E69742054657374',1);
INSERT INTO transactions VALUES(21,'a6f466bbc92039db884dc1b1080a7bfa8aca260abd00388f7328cdd8c2568f56',154928,'f5b79d98c8c45e396851d32aaeb4730f0ffe2db82e36a6f8ba6b139a5a4fc6ec7e0e7a4c304f12a3b8ff41ab648a2d4b17689b7ea4c037b12a62a03988bee963',1549280000000,'2_mn6q3dS2EnDUx3bmyWc6D4szJNVGtaR7zc_mnfAHmddVibnZNSkh8DvKaQoiEfNsxjXzH_mtQheFaSfWELRB2MyMBaiWjdDm6ux9Ezns_3','',0,10000,X'0000001E52BB33C94000000000000000004C4B4009556E69742054657374',1);
INSERT INTO transactions VALUES(22,'3d028a78838d20a2763ef32fe2d5f9df1cd915047b791ca40b686cb615cacea5',154929,'7068c1abc38664730e4b979aa4d3beb7131c65e36cf7aaa2852bbe3a0b74783eaa0c7a7ed52ec04b5d6865faaceb23b41390ec93f667cffe8ba9cec6757bbba9',1549290000000,'2_mn6q3dS2EnDUx3bmyWc6D4szJNVGtaR7zc_mnfAHmddVibnZNSkh8DvKaQoiEfNsxjXzH_mtQheFaSfWELRB2MyMBaiWjdDm6ux9Ezns_3','',0,10000,X'0000000A00000000000047670000000002FAF08000000000000000010000000002FAF080000A0000000000000000',1);
INSERT INTO transactions VALUES(23,'772fe56e3315640fa7c29c6518724801dbd11c0ae3305734d5ad9787fba0580a',154930,'2b7fef6e9069f1a2f44e6eb08f0f5e32033d0048fc3cfc526237a4c4ced59590dbacfa4bfe95b894bc21658cffb2908b85280e6cfaa1545970bf2a724ceeea5b',1549300000000,'2_mn6q3dS2EnDUx3bmyWc6D4szJNVGtaR7zc_mnfAHmddVibnZNSkh8DvKaQoiEfNsxjXzH_mtQheFaSfWELRB2MyMBaiWjdDm6ux9Ezns_3','mvCounterpartyXXXXXXXXXXXXXXW24Hef',100000000,10000,X'',1);
INSERT INTO transactions VALUES(24,'ec0940d4c6fa7c805c2925bdbda406fb9100f087fe5909ce023cf99449b1b743',154931,'efd744787f5fa988aa515f4a7d14323969ab838c70a3d6d3a029ddf6eac7dd74568b09659b7756eafc7b6e410d8e5f5ba921d9a454c97f6c6b72ca7da37b5c58',1549310000000,'2_mn6q3dS2EnDUx3bmyWc6D4szJNVGtaR7zc_mnfAHmddVibnZNSkh8DvKaQoiEfNsxjXzH_mtQheFaSfWELRB2MyMBaiWjdDm6ux9Ezns_3','2_mn6q3dS2EnDUx3bmyWc6D4szJNVGtaR7zc_mnfAHmddVibnZNSkh8DvKaQoiEfNsxjXzH_mqPCfvqTfYctXMUfmniXeG2nyaN8w6tPmj_3',7800,10000,X'0000000000000000000047680000000000002710',1);
INSERT INTO transactions VALUES(25,'adbd9eefffacc3c3d0b9cf990abed463069251f45a8eae33c23f7f1851df7f7e',154932,'09614b8f64a6aacc740150eab0bbe7aaef9045825e188800d44f8a5620afd0cc71f8a354b2d061b8cf2be47434963ee9709103d46151d9c18f80366b61d33eda',1549320000000,'2_mn6q3dS2EnDUx3bmyWc6D4szJNVGtaR7zc_mnfAHmddVibnZNSkh8DvKaQoiEfNsxjXzH_mtQheFaSfWELRB2MyMBaiWjdDm6ux9Ezns_3','',0,10000,X'000000153FD33333333333330000000000004768',1);
INSERT INTO transactions VALUES(26,'cf8c7134a6010e812d6f1df93517f8c2ea065cdd88a6ee51f69c85d6f686d614',154933,'d08f4dd0524762d7ebb5939e2b73f98c2260c8f2314a93b468e983e13a96639477f2effcfe51395687508cf6f0cb2de65e818396e9b3adb4a499f3d8cb16a638',1549330000000,'2_mn6q3dS2EnDUx3bmyWc6D4szJNVGtaR7zc_mnfAHmddVibnZNSkh8DvKaQoiEfNsxjXzH_mtQheFaSfWELRB2MyMBaiWjdDm6ux9Ezns_3','',0,10000,X'0000005000050000000000A82D5F6A886D74C2D4B1D7A35FD9159333EF64BA45A04D7AEEEB4538F958603C16FC5D00000064',1);
INSERT INTO transactions VALUES(27,'199064bea45ef1113fe46acd8c5992c45659f38d89d17e7ad3e5d0c768eb7b29',154934,'a519de47aa8c7eafe6fc8a4df5f5f05ea4bd27e41ea67d83555417146a35bbab2529ceff400f46163eb539a2c846bd8b8ee9cc87aefcce7b17054decb392a5ea',1549340000000,'2_mn6q3dS2EnDUx3bmyWc6D4szJNVGtaR7zc_mnfAHmddVibnZNSkh8DvKaQoiEfNsxjXzH_mqPCfvqTfYctXMUfmniXeG2nyaN8w6tPmj_3','',0,10000,X'0000005000050000000000A82D5F6E8BF66CBD6636ACA1802459B730A99548624E48E243B840E0B34A12BEDE17EC00000064',1);
INSERT INTO transactions VALUES(28,'37dad004e3c0f45180d302a3e3a003395303d64af971c3ad8f80cabfd62ca76d',154935,'bb8f4a793ea7c9ecab809a8c210ec05858a8241939ee6d12e283e2ad119ee87ca2078f81a3c295bb527766dc2713b90793ab8a518db9fb4f2967e43f245ee0fb',1549350000000,'2_mn6q3dS2EnDUx3bmyWc6D4szJNVGtaR7zc_mnfAHmddVibnZNSkh8DvKaQoiEfNsxjXzH_mtQheFaSfWELRB2MyMBaiWjdDm6ux9Ezns_3','',0,10000,X'0000005100037A4488D61ED8F2E9FA2874113FCCB8B1CF8C7134A6010E812D6F1DF93517F8C2EA065CDD88A6EE51F69C85D6F686D614199064BEA45EF1113FE46ACD8C5992C45659F38D89D17E7AD3E5D0C768EB7B29',1);
INSERT INTO transactions VALUES(29,'575d2aff555bef42a8d915477ae452f56f6e63125f7b4b96714b8210c25753d2',154936,'3af58b36490131f828a765f13708b818c0a4b7082f2e0ac7d8cccdba7cd77fef40b07f115e453279ae7e9cd47f01ccdf9a23702634ab9793be5533d67c348735',1549360000000,'2_mn6q3dS2EnDUx3bmyWc6D4szJNVGtaR7zc_mnfAHmddVibnZNSkh8DvKaQoiEfNsxjXzH_mqPCfvqTfYctXMUfmniXeG2nyaN8w6tPmj_3','',0,10000,X'000000510005FA765E80203CBA24A298E4458F63FF6BCF8C7134A6010E812D6F1DF93517F8C2EA065CDD88A6EE51F69C85D6F686D614199064BEA45EF1113FE46ACD8C5992C45659F38D89D17E7AD3E5D0C768EB7B29',1);
INSERT INTO transactions VALUES(30,'6474cc5c2fac76152b4ed5104f51f2e106f9bdaa1554e7d5dfd6482791fad150',154937,'0e82b767d5eef083b2547f3765bc77838ec407b1538acf5a0eb2f153665b65d9b499e7e716db7daefdb8852a411342a9d2ebfe2f4f93e9bb09d5a9ef03cb7cf4',1549370000000,'2_mn6q3dS2EnDUx3bmyWc6D4szJNVGtaR7zc_mnfAHmddVibnZNSkh8DvKaQoiEfNsxjXzH_mtQheFaSfWELRB2MyMBaiWjdDm6ux9Ezns_3','',0,10000,X'0000005000050000000000A82D5F6A886D74C2D4B1D7A35FD9159333EF64BA45A04D7AEEEB4538F958603C16FC5D0000000A',1);
INSERT INTO transactions VALUES(48,'60acedcd7aef2ef6d3c0f37d462f8b5ad007f19d24c74d6ef097404a9f367090',154955,'04b4498e214f976cc2daa71ef3d694ed283d98d5153f51dab0fd6ae3ffcc10bca28423b6f437723d7d366d71e8583cf444332cd82ffe30d801e17c1d9e5616a9',1549550000000,'2_mn6q3dS2EnDUx3bmyWc6D4szJNVGtaR7zc_mnfAHmddVibnZNSkh8DvKaQoiEfNsxjXzH_mtQheFaSfWELRB2MyMBaiWjdDm6ux9Ezns_3','',0,10000,X'0000005000050000000000A82D606A886D74C2D4B1D7A35FD9159333EF64BA45A04D7AEEEB4538F958603C16FC5D0000000A',1);
INSERT INTO transactions VALUES(49,'ada3b569c8bd0afad1b184953c7da7582b8b732aedb28c2a2a86b667d8e87c33',154956,'84847d413464cf667c6a0c701219c3d74c89c5397b7c05b8e0605e719db735d2d5631d34c78be6d33e3d3e8dfee5f408cbd8589f6ebc3467363b5cd5e0c976f2',1549560000000,'2_mn6q3dS2EnDUx3bmyWc6D4szJNVGtaR7zc_mnfAHmddVibnZNSkh8DvKaQoiEfNsxjXzH_mqPCfvqTfYctXMUfmniXeG2nyaN8w6tPmj_3','',0,10000,X'0000005000050000000000A82D606A886D74C2D4B1D7A35FD9159333EF64BA45A04D7AEEEB4538F958603C16FC5D0000000A',1);
INSERT INTO transactions VALUES(75,'ff755f79e47e0417b67e53c8d80f2eba9ef63f18e7825d2eb1b82bae882917d8',154982,'766110ba2b50a1c0b743164d74871882e6b4a5fbb5082a4c37ab4e04cfa8aa8eaa710ba9f7668ba0141eb9e585586c385a0f17dc1c2cf55f50397ffc18717a2b',1549820000000,'2_mn6q3dS2EnDUx3bmyWc6D4szJNVGtaR7zc_mnfAHmddVibnZNSkh8DvKaQoiEfNsxjXzH_mtQheFaSfWELRB2MyMBaiWjdDm6ux9Ezns_3','',0,10000,X'0000005000050000000000A82D616A886D74C2D4B1D7A35FD9159333EF64BA45A04D7AEEEB4538F958603C16FC5D0000000A',1);
INSERT INTO transactions VALUES(76,'b22358c5f5be7211ac3aed63e2594c00571b5307c83b088fd76c365e2d3725a4',154983,'2d0c386a1fad12d0b44815b00f9ac4e4f518f334b620920197591cf9f27ff89e7f48ae831ebe91664402088ecb5ef4e751964dfa52c424c17666f55ef997a7e7',1549830000000,'2_mn6q3dS2EnDUx3bmyWc6D4szJNVGtaR7zc_mnfAHmddVibnZNSkh8DvKaQoiEfNsxjXzH_mqPCfvqTfYctXMUfmniXeG2nyaN8w6tPmj_3','',0,10000,X'0000005000050000000000A82D616A886D74C2D4B1D7A35FD9159333EF64BA45A04D7AEEEB4538F958603C16FC5D0000000A',1);
INSERT INTO transactions VALUES(77,'bebcb9459f3602bf0862168446a14d50c23392d827d13536f4f4b2cc5b1031dc',154984,'c2b0c5ebf63c897a6d6f11f0ed2891ac1ed874de7f4ef481e26f26af44e5bef76907b5b672be3b4b1ef094c058931631e8c48ade989638d56ced718b81c10ec4',1549840000000,'2_mn6q3dS2EnDUx3bmyWc6D4szJNVGtaR7zc_mnfAHmddVibnZNSkh8DvKaQoiEfNsxjXzH_mtQheFaSfWELRB2MyMBaiWjdDm6ux9Ezns_3','',0,10000,X'0000005100037A4488D61ED8F2E9FA2874113FCCB8B1FF755F79E47E0417B67E53C8D80F2EBA9EF63F18E7825D2EB1B82BAE882917D8B22358C5F5BE7211AC3AED63E2594C00571B5307C83B088FD76C365E2D3725A4',1);
-- Triggers and indices on  transactions
CREATE INDEX index_hash_index_idx ON transactions (tx_index, tx_hash, block_index);
CREATE INDEX index_index_idx ON transactions (block_index, tx_index);
CREATE INDEX tx_hash_idx ON transactions (tx_hash);
CREATE INDEX tx_index_idx ON transactions (tx_index);

COMMIT TRANSACTION;
