-- PRAGMA page_size=1024;
-- PRAGMA encoding='UTF-8';
-- PRAGMA auto_vacuum=NONE;
-- PRAGMA max_page_count=1073741823;

BEGIN TRANSACTION;

-- Table  balances
DROP TABLE IF EXISTS balances;
CREATE TABLE balances(
                      address TEXT,
                      asset TEXT,
                      quantity INTEGER);
INSERT INTO balances VALUES('2_mn6q3dS2EnDUx3bmyWc6D4szJNVGtaR7zc_mtQheFaSfWELRB2MyMBaiWjdDm6ux9Ezns_2','XCP',145136014292);
INSERT INTO balances VALUES('2_mnfAHmddVibnZNSkh8DvKaQoiEfNsxjXzH_mtQheFaSfWELRB2MyMBaiWjdDm6ux9Ezns_2','XCP',4763877496);
INSERT INTO balances VALUES('2_mn6q3dS2EnDUx3bmyWc6D4szJNVGtaR7zc_mtQheFaSfWELRB2MyMBaiWjdDm6ux9Ezns_2','BBBB',996000000);
INSERT INTO balances VALUES('2_mn6q3dS2EnDUx3bmyWc6D4szJNVGtaR7zc_mtQheFaSfWELRB2MyMBaiWjdDm6ux9Ezns_2','BBBC',92631);
INSERT INTO balances VALUES('2_mnfAHmddVibnZNSkh8DvKaQoiEfNsxjXzH_mtQheFaSfWELRB2MyMBaiWjdDm6ux9Ezns_2','BBBB',4000000);
INSERT INTO balances VALUES('2_mnfAHmddVibnZNSkh8DvKaQoiEfNsxjXzH_mtQheFaSfWELRB2MyMBaiWjdDm6ux9Ezns_2','BBBC',7369);
-- Triggers and indices on  balances
CREATE INDEX address_asset_idx ON balances (address, asset);

-- Table  bet_expirations
DROP TABLE IF EXISTS bet_expirations;
CREATE TABLE bet_expirations(
                      bet_index INTEGER PRIMARY KEY,
                      bet_hash TEXT UNIQUE,
                      source TEXT,
                      block_index INTEGER,
                      FOREIGN KEY (block_index) REFERENCES blocks(block_index),
                      FOREIGN KEY (bet_index, bet_hash) REFERENCES bets(tx_index, tx_hash));
INSERT INTO bet_expirations VALUES(13,'6a4812dd771d9edbe8d4ccd911fe40917d7559c15509445981584619ae43d85f','2_mn6q3dS2EnDUx3bmyWc6D4szJNVGtaR7zc_mtQheFaSfWELRB2MyMBaiWjdDm6ux9Ezns_2',154931);

-- Table  bet_match_expirations
DROP TABLE IF EXISTS bet_match_expirations;
CREATE TABLE bet_match_expirations(
                      bet_match_id TEXT PRIMARY KEY,
                      tx0_address TEXT,
                      tx1_address TEXT,
                      block_index INTEGER,
                      FOREIGN KEY (bet_match_id) REFERENCES bet_matches(id),
                      FOREIGN KEY (block_index) REFERENCES blocks(block_index));
INSERT INTO bet_match_expirations VALUES('6a4812dd771d9edbe8d4ccd911fe40917d7559c15509445981584619ae43d85fb562ddd84042af42781b77f913e837a457591b0ea26ea28886a9927d09e8293a','2_mn6q3dS2EnDUx3bmyWc6D4szJNVGtaR7zc_mtQheFaSfWELRB2MyMBaiWjdDm6ux9Ezns_2','2_mn6q3dS2EnDUx3bmyWc6D4szJNVGtaR7zc_mtQheFaSfWELRB2MyMBaiWjdDm6ux9Ezns_2',154922);
INSERT INTO bet_match_expirations VALUES('fb1a4c75fb4b926fd2ef108ea7892a6b287b981836273e7003cc60d052b36a21bfe11faf6ce68f7be9f0c7b816cf40e9e25006e0caa3e808a6febece01f2bc8c','2_mn6q3dS2EnDUx3bmyWc6D4szJNVGtaR7zc_mtQheFaSfWELRB2MyMBaiWjdDm6ux9Ezns_2','2_mn6q3dS2EnDUx3bmyWc6D4szJNVGtaR7zc_mtQheFaSfWELRB2MyMBaiWjdDm6ux9Ezns_2',154924);
INSERT INTO bet_match_expirations VALUES('be84490ff347a884ebedf39f578204fbdcfa1a9f6cb52d1444af70077a330a8a62e0a73dab9045973995dfa63ff92f75fcfce52231640cd09fbc0a7d8d0e591d','2_mn6q3dS2EnDUx3bmyWc6D4szJNVGtaR7zc_mtQheFaSfWELRB2MyMBaiWjdDm6ux9Ezns_2','2_mn6q3dS2EnDUx3bmyWc6D4szJNVGtaR7zc_mtQheFaSfWELRB2MyMBaiWjdDm6ux9Ezns_2',154926);

-- Table  bet_match_resolutions
DROP TABLE IF EXISTS bet_match_resolutions;
CREATE TABLE bet_match_resolutions(
                      bet_match_id TEXT PRIMARY KEY,
                      bet_match_type_id INTEGER,
                      block_index INTEGER,
                      winner TEXT,
                      settled BOOL,
                      bull_credit INTEGER,
                      bear_credit INTEGER,
                      escrow_less_fee INTEGER,
                      fee INTEGER,
                      FOREIGN KEY (bet_match_id) REFERENCES bet_matches(id),
                      FOREIGN KEY (block_index) REFERENCES blocks(block_index));

-- Table  bet_matches
DROP TABLE IF EXISTS bet_matches;
CREATE TABLE bet_matches(
                      id TEXT PRIMARY KEY,
                      tx0_index INTEGER,
                      tx0_hash TEXT,
                      tx0_address TEXT,
                      tx1_index INTEGER,
                      tx1_hash TEXT,
                      tx1_address TEXT,
                      tx0_bet_type INTEGER,
                      tx1_bet_type INTEGER,
                      feed_address TEXT,
                      initial_value INTEGER,
                      deadline INTEGER,
                      target_value REAL,
                      leverage INTEGER,
                      forward_quantity INTEGER,
                      backward_quantity INTEGER,
                      tx0_block_index INTEGER,
                      tx1_block_index INTEGER,
                      block_index INTEGER,
                      tx0_expiration INTEGER,
                      tx1_expiration INTEGER,
                      match_expire_index INTEGER,
                      fee_fraction_int INTEGER,
                      status TEXT,
                      FOREIGN KEY (tx0_index, tx0_hash, tx0_block_index) REFERENCES transactions(tx_index, tx_hash, block_index),
                      FOREIGN KEY (tx1_index, tx1_hash, tx1_block_index) REFERENCES transactions(tx_index, tx_hash, block_index));
INSERT INTO bet_matches VALUES('6a4812dd771d9edbe8d4ccd911fe40917d7559c15509445981584619ae43d85fb562ddd84042af42781b77f913e837a457591b0ea26ea28886a9927d09e8293a',13,'6a4812dd771d9edbe8d4ccd911fe40917d7559c15509445981584619ae43d85f','2_mn6q3dS2EnDUx3bmyWc6D4szJNVGtaR7zc_mtQheFaSfWELRB2MyMBaiWjdDm6ux9Ezns_2',14,'b562ddd84042af42781b77f913e837a457591b0ea26ea28886a9927d09e8293a','2_mn6q3dS2EnDUx3bmyWc6D4szJNVGtaR7zc_mtQheFaSfWELRB2MyMBaiWjdDm6ux9Ezns_2',0,1,'2_mn6q3dS2EnDUx3bmyWc6D4szJNVGtaR7zc_mtQheFaSfWELRB2MyMBaiWjdDm6ux9Ezns_2',100,1388000100,0.0,15120,41500000,20750000,154920,154921,154921,10,10,154930,5000000,'expired');
INSERT INTO bet_matches VALUES('fb1a4c75fb4b926fd2ef108ea7892a6b287b981836273e7003cc60d052b36a21bfe11faf6ce68f7be9f0c7b816cf40e9e25006e0caa3e808a6febece01f2bc8c',15,'fb1a4c75fb4b926fd2ef108ea7892a6b287b981836273e7003cc60d052b36a21','2_mn6q3dS2EnDUx3bmyWc6D4szJNVGtaR7zc_mtQheFaSfWELRB2MyMBaiWjdDm6ux9Ezns_2',16,'bfe11faf6ce68f7be9f0c7b816cf40e9e25006e0caa3e808a6febece01f2bc8c','2_mn6q3dS2EnDUx3bmyWc6D4szJNVGtaR7zc_mtQheFaSfWELRB2MyMBaiWjdDm6ux9Ezns_2',0,1,'2_mn6q3dS2EnDUx3bmyWc6D4szJNVGtaR7zc_mtQheFaSfWELRB2MyMBaiWjdDm6ux9Ezns_2',100,1388000100,0.0,5040,150000000,350000000,154922,154923,154923,10,10,154932,5000000,'expired');
INSERT INTO bet_matches VALUES('be84490ff347a884ebedf39f578204fbdcfa1a9f6cb52d1444af70077a330a8a62e0a73dab9045973995dfa63ff92f75fcfce52231640cd09fbc0a7d8d0e591d',17,'be84490ff347a884ebedf39f578204fbdcfa1a9f6cb52d1444af70077a330a8a','2_mn6q3dS2EnDUx3bmyWc6D4szJNVGtaR7zc_mtQheFaSfWELRB2MyMBaiWjdDm6ux9Ezns_2',18,'62e0a73dab9045973995dfa63ff92f75fcfce52231640cd09fbc0a7d8d0e591d','2_mn6q3dS2EnDUx3bmyWc6D4szJNVGtaR7zc_mtQheFaSfWELRB2MyMBaiWjdDm6ux9Ezns_2',2,3,'2_mn6q3dS2EnDUx3bmyWc6D4szJNVGtaR7zc_mtQheFaSfWELRB2MyMBaiWjdDm6ux9Ezns_2',100,1388000200,1.0,5040,750000000,650000000,154924,154925,154925,10,10,154934,5000000,'expired');
-- Triggers and indices on  bet_matches
CREATE INDEX valid_feed_idx ON bet_matches (feed_address, status);

-- Table  bets
DROP TABLE IF EXISTS bets;
CREATE TABLE bets(
                      tx_index INTEGER UNIQUE,
                      tx_hash TEXT UNIQUE,
                      block_index INTEGER,
                      source TEXT,
                      feed_address TEXT,
                      bet_type INTEGER,
                      deadline INTEGER,
                      wager_quantity INTEGER,
                      wager_remaining INTEGER,
                      counterwager_quantity INTEGER,
                      counterwager_remaining INTEGER,
                      target_value REAL,
                      leverage INTEGER,
                      expiration INTEGER,
                      expire_index INTEGER,
                      fee_fraction_int INTEGER,
                      status TEXT,
                      FOREIGN KEY (tx_index, tx_hash, block_index) REFERENCES transactions(tx_index, tx_hash, block_index),
                      PRIMARY KEY (tx_index, tx_hash));
INSERT INTO bets VALUES(13,'6a4812dd771d9edbe8d4ccd911fe40917d7559c15509445981584619ae43d85f',154920,'2_mn6q3dS2EnDUx3bmyWc6D4szJNVGtaR7zc_mtQheFaSfWELRB2MyMBaiWjdDm6ux9Ezns_2','2_mn6q3dS2EnDUx3bmyWc6D4szJNVGtaR7zc_mtQheFaSfWELRB2MyMBaiWjdDm6ux9Ezns_2',0,1388000100,50000000,8500000,25000000,4250000,0.0,15120,10,154930,5000000,'expired');
INSERT INTO bets VALUES(14,'b562ddd84042af42781b77f913e837a457591b0ea26ea28886a9927d09e8293a',154921,'2_mn6q3dS2EnDUx3bmyWc6D4szJNVGtaR7zc_mtQheFaSfWELRB2MyMBaiWjdDm6ux9Ezns_2','2_mn6q3dS2EnDUx3bmyWc6D4szJNVGtaR7zc_mtQheFaSfWELRB2MyMBaiWjdDm6ux9Ezns_2',1,1388000100,25000000,4250000,41500000,0,0.0,15120,10,154931,5000000,'filled');
INSERT INTO bets VALUES(15,'fb1a4c75fb4b926fd2ef108ea7892a6b287b981836273e7003cc60d052b36a21',154922,'2_mn6q3dS2EnDUx3bmyWc6D4szJNVGtaR7zc_mtQheFaSfWELRB2MyMBaiWjdDm6ux9Ezns_2','2_mn6q3dS2EnDUx3bmyWc6D4szJNVGtaR7zc_mtQheFaSfWELRB2MyMBaiWjdDm6ux9Ezns_2',0,1388000100,150000000,0,350000000,0,0.0,5040,10,154932,5000000,'filled');
INSERT INTO bets VALUES(16,'bfe11faf6ce68f7be9f0c7b816cf40e9e25006e0caa3e808a6febece01f2bc8c',154923,'2_mn6q3dS2EnDUx3bmyWc6D4szJNVGtaR7zc_mtQheFaSfWELRB2MyMBaiWjdDm6ux9Ezns_2','2_mn6q3dS2EnDUx3bmyWc6D4szJNVGtaR7zc_mtQheFaSfWELRB2MyMBaiWjdDm6ux9Ezns_2',1,1388000100,350000000,0,150000000,0,0.0,5040,10,154933,5000000,'filled');
INSERT INTO bets VALUES(17,'be84490ff347a884ebedf39f578204fbdcfa1a9f6cb52d1444af70077a330a8a',154924,'2_mn6q3dS2EnDUx3bmyWc6D4szJNVGtaR7zc_mtQheFaSfWELRB2MyMBaiWjdDm6ux9Ezns_2','2_mn6q3dS2EnDUx3bmyWc6D4szJNVGtaR7zc_mtQheFaSfWELRB2MyMBaiWjdDm6ux9Ezns_2',2,1388000200,750000000,0,650000000,0,1.0,5040,10,154934,5000000,'filled');
INSERT INTO bets VALUES(18,'62e0a73dab9045973995dfa63ff92f75fcfce52231640cd09fbc0a7d8d0e591d',154925,'2_mn6q3dS2EnDUx3bmyWc6D4szJNVGtaR7zc_mtQheFaSfWELRB2MyMBaiWjdDm6ux9Ezns_2','2_mn6q3dS2EnDUx3bmyWc6D4szJNVGtaR7zc_mtQheFaSfWELRB2MyMBaiWjdDm6ux9Ezns_2',3,1388000200,650000000,0,750000000,0,1.0,5040,10,154935,5000000,'filled');
-- Triggers and indices on  bets
CREATE INDEX feed_valid_bettype_idx ON bets (feed_address, status, bet_type);

-- Table  blocks
DROP TABLE IF EXISTS blocks;
CREATE TABLE blocks(
                      block_index INTEGER UNIQUE,
                      block_hash TEXT UNIQUE,
                      block_time INTEGER, movements_hash TEXT,
                      PRIMARY KEY (block_index, block_hash));
INSERT INTO blocks VALUES(154907,'foobar',1337,'9ffe2080311b3241d224cc1f23564acb9f95a94424729cb910babead79dfa84e');
INSERT INTO blocks VALUES(154908,'cab26004a25bf4f3f706d147cc1a6b4ae35d4e2177acbb3a5e1347205fab75cc93c2cfdda0f9e01252776bdaccd4a9dc2cc2e2264af588dbe306734293c1c8c4',1549080000000,'72e409b1ac16de411f5a71cf73daaa08b54a0357e97110e8b0993c529daf8259');
INSERT INTO blocks VALUES(154909,'244e7bf91f9a9cd5ec8c2abd8740a506c2de2156ab635d08d78429afba33f7f090659eca59b3a3f862dd87bb36221e52915512486da5d6ef0ec37e85124a9303',1549090000000,'149b83de8842ec1a3f05459d3a5291074d279b0ebc234d7f699cb4a9e65ad675');
INSERT INTO blocks VALUES(154910,'80d40ca10e5ea63a2ad8303c70819f369afbbd5716faf875fa4eb8ac2799ee0f9b2e5e204849d8ebca34537bdef7620fe81db66fc8195e193ee778fa43d68cdb',1549100000000,'8f4259d75af6b1bbced8a20175170d8128dd5bfdfc0a4013d6439779a598a734');
INSERT INTO blocks VALUES(154911,'c572450879274cc2a7adfa27f3484ba94d76ae3c23d42a92f386000ba36b09790b7448701614b040f3e5dadd6378940e4b47ddb7e6a0da38aadb578b81c178e1',1549110000000,'507abb4211d586b745ccd8b1aab322350214b3ac476224dbc5551caf238da697');
INSERT INTO blocks VALUES(154912,'b0fe961d25394561c42ea0e5df888ba20580eab3ddb9d294faf901cda2517ebc2078f91137fdf9badefee7950b0274941c7764ecb47546c05e1a3563fc032339',1549120000000,'c682213fcbd90d0c47e97576543f72ae501afdb7bfdc4d3bedfed12ce9d90ea8');
INSERT INTO blocks VALUES(154913,'797ff8f7e2e601c1595d2bc2088ae7ecd723d53514b74e5545be46389d9ccf31bed1c874b482eee40b06d2d5823969203624a7fd540819262d0033ab08c0887f',1549130000000,'54b652da7062e4a9988f4fa607b16814c0b41b8d2c1c3c93c729794cd68436df');
INSERT INTO blocks VALUES(154914,'78cad5b3c7bbac19cbbf5b58f7f2183441d22d200d3b1cb41da63aa293a5393883e3fcfc8eccd9c0ff5ca62b0552c8cd8b5c08e76475003f403c382725194e80',1549140000000,'68c194633650b7cbc8cb772fbf6a2dbd331c34c05db24426e39145fbc3224b70');
INSERT INTO blocks VALUES(154915,'fc8ccc098da63edc027cfcb3a6bd5a882e21cc79ec5786f499b1c483779af70d76cd7decf3d4018dcefa678e9566c2b2a2fce14e27a8bb273af4a9af7cf1d932',1549150000000,'df5a5e27ba9c6b383205447a824977501d2549b018fd2eaebeb76a8c34f5d12e');
INSERT INTO blocks VALUES(154916,'94cd7d76a2cda75e80a2fe48dd3c44d46fed958f6223c9b0ff1a5ebcf255ab0a27df96220f9153fd180048828dcc3afe98c73988f91619f444c91c62a11d881b',1549160000000,'bdb5c66507fee27babb0b96bf5bcbcfcc17b425e70aadac37ec997653943e022');
INSERT INTO blocks VALUES(154917,'b8b1961aa5981b069f1e7ce8d7a181736b80b54a5bda33a1bdf4b46f3d0f3dd732bc290cd13e7dab43d12c9efe30723afbe75e82447acd433557548a7568bb1d',1549170000000,'b58a7dab2d8174e95511783e59519041462840d593be38b921943eb05b6c635c');
INSERT INTO blocks VALUES(154918,'088546b5563c11520e7fefe3ee0b8bd554b63f935ba0f52ee593300d79ccaba01cef7410df455753f5b4b33326da18e055638a161582c2d6e241ddfe6136e379',1549180000000,'b426ddbd4349b7865b00498fdc0a4a13000e95b1d7e72c4a8c972bfe1b5b8950');
INSERT INTO blocks VALUES(154919,'3dd36d3b00a9000ef4d22e3017f7af48c5c0a9af6e03ecc2a26a49345adef79ac252fd57551a14991e40d128990fbe8776fec55d4826b98e937f92bef3ae0be4',1549190000000,'7624e106d48bb0cb8dc1c06280e143c60c0aa9f17d5a42c60fc1330ca86a4fb9');
INSERT INTO blocks VALUES(154920,'0fca8dfde3b5b34b0829e1daa9a5c7f235a93d74fd3575d68f7a131c7790e01eb69fd3e0aaa9d872c8dad6d8e57e49b3a5903d774372ed5524dac8afc51c18d2',1549200000000,'6c2bf44478e022f143cf9aed9e13f1e90274c9fcd83cf0441b8af13a64a26b25');
INSERT INTO blocks VALUES(154921,'1a99275c7a70a496ce9fcd5cf21876916351805fdc5258dbaa004ff9ea8e451be93cc6f872819dd8942847c650afd37618bbb630528d772b4f8eb318122b1043',1549210000000,'3f3c408985f73ed45c6b63efc74245dc4f70a9cb972a439b1ddaf2a3ebd75893');
INSERT INTO blocks VALUES(154922,'3e7b51e4121b3f70fa8ac6b3c2e3c29a985e05c5ad92678ee3982e931d81891a876260f7f53108a6e6d9012211a4f43cbc038b91dee92d2d1466448cec4979c4',1549220000000,'ee71640eeb44edc7c6c1b862a860957d5f509b83fba114c3d953d23ca46a66c3');
INSERT INTO blocks VALUES(154923,'9b16d5d768bbfd1c83ca224c2fd704429a16b6102dc1ccc21eec6547da4dad23bfa3f0df63b0a0c1159268008765227db81aac243e48f470594c3f8e30a2772b',1549230000000,'d6a661d807b745878f999f7ca63ae8d015413f258279271f2285fbfceb08a56c');
INSERT INTO blocks VALUES(154924,'915916edf01452e1a554d7dd7c63acef01f9540006a5b09425d151a8a170bd23e0500bd89dc97b8e49f22a0e662d140f03bcd6d2d9faf2b35e6968cd076329d3',1549240000000,'c857a718bb8b7ca52759b157ba8e980a804e90c66d37b5afeaf1f0af484262ec');
INSERT INTO blocks VALUES(154925,'29d88d169c0c9bb778dd32b9d76fdef07d4cdd5302f02938101e03dd616426884b0e08816cfd7b217662f226003e3821f8e09063dd5250331a3e187557619386',1549250000000,'e53ad51aed02187e336174eb12ed4e8f3629a0bcff37f82d3b58e5d0e50973ce');
INSERT INTO blocks VALUES(154926,'aeff66363337363dce240dd090e1d507f934b2496f82fce7094b6499b657f6375fb541747538a0001da7e87f708e10068399ef20441ba49485bc4edaa2347c85',1549260000000,'4155bb062dbe4f8d9cfe3c76c39d4767806871ca1c3ee21ec74ad82bb48c32ca');
INSERT INTO blocks VALUES(154927,'bc5cd4a70a0e3038768b0b4dacc11bb5bdbbaa51a7a6d0a69aaed9ab49451f57aa1f702921cf8fd5e477c4f06353f7ae69c5ce347a1307c38edcb9619ba9709f',1549270000000,'b10e09d374e8a1cebc7ac182afc714d9f2e8873be7f659f502ecaef106ba8d24');
INSERT INTO blocks VALUES(154928,'f5b79d98c8c45e396851d32aaeb4730f0ffe2db82e36a6f8ba6b139a5a4fc6ec7e0e7a4c304f12a3b8ff41ab648a2d4b17689b7ea4c037b12a62a03988bee963',1549280000000,'e044140bb129bdfc26c54168f9e376b4395f024e2fbf001375f4415a052a0f26');
INSERT INTO blocks VALUES(154929,'7068c1abc38664730e4b979aa4d3beb7131c65e36cf7aaa2852bbe3a0b74783eaa0c7a7ed52ec04b5d6865faaceb23b41390ec93f667cffe8ba9cec6757bbba9',1549290000000,'d288251037ae2af6df280563bc9a42f22d39675c78a73011bba07381caadf805');
INSERT INTO blocks VALUES(154930,'2b7fef6e9069f1a2f44e6eb08f0f5e32033d0048fc3cfc526237a4c4ced59590dbacfa4bfe95b894bc21658cffb2908b85280e6cfaa1545970bf2a724ceeea5b',1549300000000,'5ea85528d4edb01e6428e59515856a6169fb8930b86bc65e736cd8bb1f27c63c');
INSERT INTO blocks VALUES(154931,'efd744787f5fa988aa515f4a7d14323969ab838c70a3d6d3a029ddf6eac7dd74568b09659b7756eafc7b6e410d8e5f5ba921d9a454c97f6c6b72ca7da37b5c58',1549310000000,'9af1b433ffb579f4365bd76bd0d9a46f05ed41318c7de89f414d5db21565b36d');
INSERT INTO blocks VALUES(154932,'09614b8f64a6aacc740150eab0bbe7aaef9045825e188800d44f8a5620afd0cc71f8a354b2d061b8cf2be47434963ee9709103d46151d9c18f80366b61d33eda',1549320000000,'c7ec1dca2b766ce8b9aaa5fc97fd53ba69de9b9c990e73882fed8053d0a6abcc');
INSERT INTO blocks VALUES(154933,'d08f4dd0524762d7ebb5939e2b73f98c2260c8f2314a93b468e983e13a96639477f2effcfe51395687508cf6f0cb2de65e818396e9b3adb4a499f3d8cb16a638',1549330000000,'d9b27dac689abbd134062d6ed5884f2b5bf6cdec3283cb7ffcecfd5c06a3e5f5');
INSERT INTO blocks VALUES(154934,'a519de47aa8c7eafe6fc8a4df5f5f05ea4bd27e41ea67d83555417146a35bbab2529ceff400f46163eb539a2c846bd8b8ee9cc87aefcce7b17054decb392a5ea',1549340000000,'64380461ec1b92497d1d70c4894a3bfec06e52901ae8fe421f80fc8e121abd53');
INSERT INTO blocks VALUES(154935,'bb8f4a793ea7c9ecab809a8c210ec05858a8241939ee6d12e283e2ad119ee87ca2078f81a3c295bb527766dc2713b90793ab8a518db9fb4f2967e43f245ee0fb',1549350000000,'508a834457f75410ee9734d9329620f5d7ad8bc3ff071e6b178927a0f007643f');
INSERT INTO blocks VALUES(154936,'3af58b36490131f828a765f13708b818c0a4b7082f2e0ac7d8cccdba7cd77fef40b07f115e453279ae7e9cd47f01ccdf9a23702634ab9793be5533d67c348735',1549360000000,'353b61485ce637661a20411f3a36e0ae13b4764012ac8ba43a7ef937bb3d8e03');
INSERT INTO blocks VALUES(154937,'0e82b767d5eef083b2547f3765bc77838ec407b1538acf5a0eb2f153665b65d9b499e7e716db7daefdb8852a411342a9d2ebfe2f4f93e9bb09d5a9ef03cb7cf4',1549370000000,'c79c133f3b0c51b4ee428ff934a19b6b7a9a74bad684f261d0f9af625d9ab067');
INSERT INTO blocks VALUES(154938,'18caf8c9f20ce96dc3236f58b0fa7f190222ab4f4c5784cba192e3ed07c5abbad5d661f86c1bed557e60a3178c9609adfb28008cc151dfe6fb6720fe1140147c',1549380000000,'0d84e0d5b2d58cf257561389da7c0e09366d49f882ac7f26a42f808050bfc0b8');
INSERT INTO blocks VALUES(154939,'8556a9add0b2c85c559660875d8ad86fccbf9b14155fda1cb2a2ea8d7bdd876670455324d5daa7aeecfb8ba03fe0f52a72920341d506c88487c32fbd3e199e69',1549390000000,'2481922d32533b2211788ae3a3963244ec77f7d2ce9a2bec9a392af7fbef076a');
INSERT INTO blocks VALUES(154940,'3d05a6248eb1289eea1e289063712814e39d2c70deb88904173379dbfc1dcbc24ad3b3cc0218dcceaa5785404bebfc95e810aab9ae61b5bb3a73f8b68862a95b',1549400000000,'8df74febf11eef30084f21dbb44436eb681ff0836ae7801b1ee4b16504763c14');
INSERT INTO blocks VALUES(154941,'644eef392211a8bda6da916bbdb7daa754592821dbd090f7a282f2fd81eb91d254993638e159c05cab80b9f5f2196329a74818cc6f31c62aeae8d4a1f6c61251',1549410000000,'ed53f4c43f614b3f55aedfc0d2e98e91bf1d9669b5e8326ea5d3ce0964491560');
INSERT INTO blocks VALUES(154942,'2261c71e82c98f4edafe7def4adc53de57d3bc38aabc9668d96f738c40ed2c51046d1cbc05d3f18f4eae4377f1f8dbcb0b6a7f9d36be283245c2d097fc328d23',1549420000000,'6223ebef2e42a5c12b402bcafe9da0eb056b36204a43ceecaa9965c39f6e727c');
INSERT INTO blocks VALUES(154943,'cc4a189d8d8f71535ce7b5ac10a186fdeeb09f97e9f54e5d3067540ef01dcb8f708b29de9e0322a770a44e43e2a411747fee51286f1cb04196c52c5751c08329',1549430000000,'a3e902229e62aff1fcf67a2d3f61fd212d41d1632a7be3ca80a1995b1f8f8bf6');
INSERT INTO blocks VALUES(154944,'1285526a9a9d27f8fdfa5e5968dfe4153e6793eb9ecb7f53aad952a1b7d8af60782811ad710c75834fe068466de48a757bd6225b89e4d1f6d6907362785ff18b',1549440000000,'e6ca2eb95a5df16f4482a62bacb224a826cdb6fd419fa5481a6f987eef3971cb');
INSERT INTO blocks VALUES(154945,'11b7262157e0502c84c7163451fa3e0518cf71548fb703b7e778a4ff5b7148982af3942dfb631f06683d120419bb4411d857ab1f1071b4f0a2c56b228666dc15',1549450000000,'5bfa6544108956df521f8eaedc47756bc5668bcd97c03daa8307441f8476568b');
INSERT INTO blocks VALUES(154946,'026773229d2ece96c17756d2e7a6faa04cf915636aef83a6e83df2b5b3bb7ef72903f70d610382668731456eeca24926081b7c3d6e1a8a27ac80f38ca60336ac',1549460000000,'7ae0ad91d8b9ec54e011b1ff0805bb878e758af08af2e3431ec99920ad23dbe6');
INSERT INTO blocks VALUES(154947,'22638274827fba5eb7b8bb0ab3673b46406b56e7fd354dd21f9e0142187248ca8e015e1e4a0114c953ec409a9d6e0cc51d05456c6a0ef5a7d1e3a39deb9be314',1549470000000,'dae1d9c13d35532b930bf58e205d7e9aa5cafcc7510171b9a154d5ab730bd677');
INSERT INTO blocks VALUES(154948,'814c484c989bca85681aaf213aa93da7f82c10f32a028491b2294ac8a8c156d14df6f9fea211f469dcee5ef6ff4344ab895ca9c5bff3cfb014d4e12511c3ddde',1549480000000,'bd4302c985347fd86ca99abb014ced0e54758a9e4d27bed442c205da4c0d469e');
INSERT INTO blocks VALUES(154949,'aff167c21f15107dedfbfec621a8528e6a8288bdfe39783e66bfd2c205691e8239b48862c2a274676b7a516b4cc2801b26e1c59fef4b23b2f7b709d7bb7abc01',1549490000000,'4351b2ec3ad63f85fe06ca37dfa9fd68dd43ad400a4915797b2ebb975baca2a4');
INSERT INTO blocks VALUES(154950,'5ab6b3147fa262fda038f6f7a0413281e8f7836f1f9a87f1b3579c699b810ef7cdac478eb61b81c6511d10989ed47daf8d64dfbb146e079709e4f9ae62648d1c',1549500000000,'7eb64a42e5757c82e2b5ae4ad199f73eae82b8fc984c8051acba10484576d96c');
INSERT INTO blocks VALUES(154951,'b08dab4a2dbaa6aedd05c6f83be59b135782e7f42971bc4006dc402e5ea455bafb3547edda8d7616dd9d99482bf0ff88e06d0851966d7c43cd9a58e0f0225eeb',1549510000000,'f21dba3ed160e0ff8db5702fb6d7122ee1eec50f71cce2135162b0e5c4517870');
INSERT INTO blocks VALUES(154952,'ec03859cd260d73cc2f65bbfd2217389649c6b99adbb03fbc046f0612efcd128812f13f3b804fb6ea5500fb5b217b64342719e29ecbadaf65377a3d668c8db23',1549520000000,'2d72ee980cc56d1c4437e4886284848314989417052ddeb3a87e6b57dfa9daf1');
INSERT INTO blocks VALUES(154953,'1d8556214ae028d3e84f4a92df83d7c7d7a5bb60a3d2f90a44f45bc0fcad6ffefa6554d1edd547117864fbee6b957e790d23d7cbe45634140df2810c0e84a6e6',1549530000000,'2bf684c3ca0db1853e997349f2f10b798232f1356b498227b144ccc79f4b92f2');
INSERT INTO blocks VALUES(154954,'c4cda98aab9f7965c540711d7018d648eaa2b5c71f1158ad0ec2505bc2be29da4044359967570ada171e94a7f44fe239185e5b565e97e6eb087295945aab6aae',1549540000000,'a40cb2b931cdfc295d6d67a7b57b44cd848b18540cb8ebe0548c73f7cba818bc');
INSERT INTO blocks VALUES(154955,'04b4498e214f976cc2daa71ef3d694ed283d98d5153f51dab0fd6ae3ffcc10bca28423b6f437723d7d366d71e8583cf444332cd82ffe30d801e17c1d9e5616a9',1549550000000,'b81ce01f74766aba79719fee55a04eed27bfa3cf8c964d92ba805a59c6414de5');
INSERT INTO blocks VALUES(154956,'84847d413464cf667c6a0c701219c3d74c89c5397b7c05b8e0605e719db735d2d5631d34c78be6d33e3d3e8dfee5f408cbd8589f6ebc3467363b5cd5e0c976f2',1549560000000,'41a7708b10fa8b562470722b831ffaa664b5edbf4546eb5b13b02fc52b4f7845');
INSERT INTO blocks VALUES(154957,'683fbb38e64d9baae72307908d889248d14ef9b49f3cb4b1b908259d5c60ae84583e37f1cce92cf224e27268cbaa72e440411125342852043e5dd9ac8dc5c025',1549570000000,'c72552a574655c497b5f772503058325c9be8b4d3475c47e20a0cb1279b7c3ce');
INSERT INTO blocks VALUES(154958,'0f0b225224d7bc638dac8d3914cb992fd8d1e2c3865d2be86482997f7f21d5f2769b789115687157f610946aee60c9c8a70ecba6f4c125bdc55130d24e96165a',1549580000000,'7495c6d663d7dce2bf915bfc896c1ff25ee539c8aa65039112b19536adef8e1e');
INSERT INTO blocks VALUES(154959,'a93722e91ff6469a2637920d717029986861c68eff60d329bc4c9c0989102458af137871a830861b81d6ff38d891f785c9a4e99a1b7f6ddf73f0eadd2f758127',1549590000000,'00c6aac13970c0971cd6d65a39e43cbab6668831e71124c236f78cb1d72192e1');
INSERT INTO blocks VALUES(154960,'b461595bc00ec0d839a4b2cdbc2f2a164707b200a7b30cee7bcd40eb3931ab8e232031256f7c9709a566b31ff5e4ecb6316bd87e4a9a525f978e73cd98b6151a',1549600000000,'1e85b61447ad2e0d6739bad5d8540ac73056a84d303983086b0773597f4b1f4d');
INSERT INTO blocks VALUES(154961,'a452e92b115ba822e7e361bb013c318581cb99f925b90c9c7cd8c53ed4dfeaf3872c64303334f29f40dc9abbdaddfa99cb0a89fa1030695a7b05ad8b3c7ef815',1549610000000,'deac640e32997ea1bd64abf57524e1b30465600c880a513c3f8ba8a0867cdb44');
INSERT INTO blocks VALUES(154962,'28f7a57194638e338b6d498eb458b57d26840e2f43ae1b97dff479b23ff9616e3faeb7bbb951cfa51923a55533be8c365ad8083bca3c4d2b4643588241df894a',1549620000000,'3f748aec247994f31329d3d8ca25cbcf7c40230cf445de0872cec57d1356aefa');
INSERT INTO blocks VALUES(154963,'b77509735b3665871e4e71d4b6662f73888ec3a063154ccbabe0d2921b313853a225f7afd4a485869a7c787103a03597fc5c877b23c1c65a088c6d2c9a10c025',1549630000000,'e537a274a79e53112912a77f41a159d124db9b159424833ddbc83a6eeeef30eb');
INSERT INTO blocks VALUES(154964,'017a8df5598912e2cca5956c9cce01a778e29726ae464f5426a17a742b393c4147852b79cca9b486ca09783351d24dd73246fd97676833150118dd0d08d4f709',1549640000000,'ea9542b00bd427c143bc0672c292a7ee46120ebaccf755733afe68d04f163f1a');
INSERT INTO blocks VALUES(154965,'75fb3765550a5ff542d75240f68e7b5bd763b0d2173256fa051768a0ce6f7cb1aa4d6a32315498151e0e83f3da61f009102a4301cbf2aa1ff5af5eb448ad1ca9',1549650000000,'8fec168d3be5048ff38fa8919cf8dedfa1205852e0510fa8a7aef953538075bc');
INSERT INTO blocks VALUES(154966,'ee43555f9c13a53bb53f26b9612f9422a6f63a224650fe1f31bdfac4beab558bbb87750815529ace266191b563f450514f3b6d9d9dfeb960fd73485789f1b079',1549660000000,'ec832c12820f075236e3e7d64d486757f3df6807fa125d079cd6b53f59534cf2');
INSERT INTO blocks VALUES(154967,'96a342db6f42098ed9ed8036b963b55e9af92590eae65a6582be8b642c4fdd68d054170950f6d79554a7892fff1a483b2811d93f2d00f5ca5250585de09e4556',1549670000000,'65837e31db8caf6dd00f80b91deb056ec606feebd9f14df3c3a48d76f7d6770d');
INSERT INTO blocks VALUES(154968,'b309eaa79341d302851f8576221ea0a1ab2f2dd4acfbd789bcb5feede0fcfe496d6d805f3ebc40de4bc5a90f563c8e08ce6c71cb587b8d541de1e59706d94247',1549680000000,'4cfcddafab36a5cab8ee32423447c6265df9b0ce9ee3a068bdb5cebdb6f998af');
INSERT INTO blocks VALUES(154969,'c0465d4a01fb187f4e1e14d87be8a93006cb88b20e65cbc7fac0d627aa29f23c8245e964527e59cd9b2b49ccc551207c767963b307c6a7f6702ce60bcaf03421',1549690000000,'5d19039b425a5dc00d710649b110ba1b751415f2c27882a9fddccbdb1d3573ca');
INSERT INTO blocks VALUES(154970,'45933a14e69df3c84267d94d1f526e748dcdc359a5aa285708292198aaab561768a1af7f19e84b87154537ec676440857415d797e9981d60fdc0d406c99084ba',1549700000000,'08a1bdc7d46a32e0c08295550eeffa5eb140fc38cad0559ed7ee7ab29bd93ed8');
INSERT INTO blocks VALUES(154971,'205a791a9063cac284ef3dab0e058c98df5e112b00262823ee034039f5b805126de89bd526bfcba9c6acaaffe9cb36009a956c3c12ae24855e890961eb8942ad',1549710000000,'29c556c2d50cd3b2ea24a6b02d01d5c571c81d80e976ab4c91555ae180c299e1');
INSERT INTO blocks VALUES(154972,'9b1a48abf1060e940a9194611b3d6b1feac3d7648cb673017ce1fe7e481b3c65aa8641b645fd8b4e94dff6bf2242f15403cfbc11b50085d99431ddbf7564418b',1549720000000,'fbe54d94d301b3065566fba71f62da5a12dc5e51f33ea191a57fff314291a19f');
INSERT INTO blocks VALUES(154973,'f2436e4b5dbd5ad1070b8ba02d4417f5489a08edfecd49635e5d74a4a9b1bd5a72aaf6ee1d25738e7f0ecae90b619d7f2af2b1d057400bf1d0c164e705679cb7',1549730000000,'69e75928b54a1549ec008a9f2110eec55bb4564028082ef0504dc69b446b997e');
INSERT INTO blocks VALUES(154974,'c90a5b43fecfd642c579a3f2632e358550b8a1c55bebc104a63a952f967ff2e92da600c47ef793a1f9b11bac5d1ee2e366b0fa0fc0f7e2172dc5fe1198746e46',1549740000000,'33c8d4a8a9815fc1029a93cc6d68be26ab121e743aeec333e7f60a36cc4f3c21');
INSERT INTO blocks VALUES(154975,'cd695197a750945ec63fd0997dd83e997a4a66e8e498548b53d4a2a3d94e241e542ad8f21464786ab170c9b0834784247f2a6d6a0fedaa699ee09729378293be',1549750000000,'7c5860e02973a935b34b8f8abfabfbf85136f6e07529462cb2956132e11b37b6');
INSERT INTO blocks VALUES(154976,'90223df03ad4b8ab13439c3fa4d6544eba7b9c7d8051279f3aea0a6ea386911b3d33b78abb74973c2d6e1de711b8fdc36a036a483a0b64f42e7d504afc095df1',1549760000000,'9f04a50502439a99b76c44784dc1f27ccd2e64a4196e5f6a43c5efea0462d894');
INSERT INTO blocks VALUES(154977,'96d12590f053c690ff82b7984e64c5a4582517b32b12bb4d4ad657f49458e4745b15647b0d772b793c9ff776db71e1a73d2e20dbb4dbaf5aa7a2aa455ca45477',1549770000000,'901c675864fdebdcb7b08783eedfc66359716a3538b5551d7c17a9e83b20923c');
INSERT INTO blocks VALUES(154978,'6806d86dc2786982abccb4318463db681e9537dfed0da68a83950b14a3c747ca838b74c0e1f07dbfecfc9de13cbc5ae592bd1c2a18ddc991245595b01be448cc',1549780000000,'dbbd45328467a160bcf7e918e85b776cf4a91e01d6ce23281885684b86d850c3');
INSERT INTO blocks VALUES(154979,'574e2a89653923cd30c5ebd94cae4e50e56ab6cc60a847c6bb274318b76a5c8736211cd209fc02bbed84df5a07c37ea2be2d96f840a7c60058a56d65f328fc67',1549790000000,'dc8a3ec966566d2f9fabee63fd9abd8fc6e6b534ea4fe7b6d38d61206031a8ae');
INSERT INTO blocks VALUES(154980,'7986c87b84a5240f0f1b2808cd84e00d01339e69436c3479dd03a16428740d0facb1d88f4733e07a65fd413f584dcaa7d2c47683ead011856e8e792a485e8969',1549800000000,'3f5540148a8269a817586b0d1f7d898041e33229b32562fb0c2b0b337f2db54b');
INSERT INTO blocks VALUES(154981,'7d32dc11080249c8ab974a72ff0fc4742ca8703c53b44c7692f185ff34d1e32a0512cd79b0107f990c43d6ae770511ee27fb78c4d03bec1833eee11b259bba8d',1549810000000,'2512180fca5b02cd954b6fd8d778029e3bce2209ee28002c54d93154fbc8a19d');
INSERT INTO blocks VALUES(154982,'766110ba2b50a1c0b743164d74871882e6b4a5fbb5082a4c37ab4e04cfa8aa8eaa710ba9f7668ba0141eb9e585586c385a0f17dc1c2cf55f50397ffc18717a2b',1549820000000,'f5cd61f663235de6b82b8448db52f3d4614b52a8ea54d5c773ce133d3b024508');
INSERT INTO blocks VALUES(154983,'2d0c386a1fad12d0b44815b00f9ac4e4f518f334b620920197591cf9f27ff89e7f48ae831ebe91664402088ecb5ef4e751964dfa52c424c17666f55ef997a7e7',1549830000000,'d541f754a61058df60b6c3fb465ececb57e53b26aa7b73f304f4941e050af38d');
INSERT INTO blocks VALUES(154984,'c2b0c5ebf63c897a6d6f11f0ed2891ac1ed874de7f4ef481e26f26af44e5bef76907b5b672be3b4b1ef094c058931631e8c48ade989638d56ced718b81c10ec4',1549840000000,'8e1677fdcfc41efe518f905bb55d90b61c973636e80015a0e649c15e9cb2eae1');
INSERT INTO blocks VALUES(154985,'c371882142ddace24a88072ad4e0ca3beeeea06896964de814bc28740f69ab918a85442d045fdf255498aec09480f4e7832132ba9822aea121523f56ee03937e',1549850000000,'10a7ba89862ff1597836ac3f7f6fc459b7e41e6728c7f5538b46fe28c3c1c4f1');
INSERT INTO blocks VALUES(154986,'8d9dc23c40398c904ea8248f929b57b3f1b92ee46e076c7e6f4b2ccc988f7d28fdf80eed9e56c107ac50c9e05b1bdb688fa764fb6e53bda0fd58fc908db9c093',1549860000000,'8dab71cda30714ed6672ba00ed539e49a5fd699e7c5b6dff29f275e64fa32b5e');
INSERT INTO blocks VALUES(154987,'1fb56e72bacb7362989d3a0d942f0fe6e1f0745252d114463097740450dbdff77f99edaaf6b2c0dc37416d9fe38378346e0b2cd980ceb6d74643257af6cfe989',1549870000000,'6e370f04a7a1a8dc79683c77b84996a0ce508fae46629d8abcf2ee1138e0eb56');
INSERT INTO blocks VALUES(154988,'c806d7bf6dce61a03034488c9aa171d2d10b625aa3c972bc2b14df055e4ccddfbff162fe94b8e3d5319585266d48e11ac14cd44e81c8178fe5352e8285972497',1549880000000,'5ab66be1e50af1cc8d9205e7b0a6c7493083ddc4ebd88f2aaccfcb511524b42f');
INSERT INTO blocks VALUES(154989,'9492b72f14d74fe3a277e7d63a3bc939717c3d36f934181a9784b156df10b2e77287b64b58abc98672e0629df490a7f1c131ea39aed32653fa186ccdf1dfc574',1549890000000,'871616e873bf93fe6750322d1483c3c33fcb7e0a437d8f5bae5a5e960754884a');
INSERT INTO blocks VALUES(154990,'4e47e426a26caf932c908adce0f132ed7ea2a5ec08db42176348810c00ba23adb344989e74e9bb0a7a5f6283678036e3289c1bf3059ac700d06dad2b8e4090b2',1549900000000,'19ff5d7d246d6a698647d28afc1d65871d315ba48d13ef5b16a23b6394ed79de');
INSERT INTO blocks VALUES(154991,'866feb4fec8a6cbe519277e370a9978f0831730e09c35ed4432aa189b63776a218e89c6a6bbbc76104574514f4deec64e2e31e2a49ac8fdedb5c3baedb18af78',1549910000000,'226aa009df1ce4fdb4f636b1307101cba138e23f237237487de30bb7856085fc');
INSERT INTO blocks VALUES(154992,'8c5c6a59b9ffe628fb77a4684232db2a62bedb7d13492c7d8d996f84acf477dada68c6e71d5c0512f92b728f457025b68956d749e182df8b8bc3d48797d719f2',1549920000000,'f2ef0eed483b7cc321f34eff57b1eb7a068c4689ca0b2cd4f0cbbfcd95026a94');
INSERT INTO blocks VALUES(154993,'0154ade8f5e1c0fa87f7ff2e4014cc67c889f19dd673b32a771d0fc27204d5034f56b60807a468912ecc98ba3e4bcaec367d2add69fca84de80a2ff6fb5bcaf4',1549930000000,'db496c8cbce9528f30ed4604629daa5b7199c01e058f34b72e8578526887a888');
INSERT INTO blocks VALUES(154994,'b3ee6cfa86acd454e2f4ab75127178af6a58374261d5ee5a169e4a9b7b095d9567aeef57ca7e528cec06a1d197f5c34bf261b9d0ca525f7eeafed0b413e706de',1549940000000,'21ba293a71bcad040986bf409aedc85e625ca6e64e558051a53701bfa8e77086');
INSERT INTO blocks VALUES(154995,'030d0f64feb56cb400837a02de37d0d82ef6546e6a6bc5b9bba99c5b038a06054118b55d441fa383fad9cdea5fbca41a3b918c14a7cfd2f5293fbbbc746f5025',1549950000000,'2a2a172569a87e94bf8c3da8a5b3f21c4ab7bd3aa0c07c079bf3b1c12f59900e');
INSERT INTO blocks VALUES(154996,'1a18a0077cb94535ba68ebea4f3af52f59ae885e8d5f64741aebf4f400a16f1d4b7fd27b4a9bc179c5218e48f03686dc7b359b113b825cf003c00266d929dae3',1549960000000,'6c1de006092459aab4dc8d739483fb47950eb7dbcc7828d38e8752d7d634e7b5');
INSERT INTO blocks VALUES(154997,'8440419516f8f8ddbccb55cfd854730a4d2ad31da48a141606e0766876b46f5c3f4ddf894f739c670047e88c772b5287087515912f119d330b3c3e11034d9a02',1549970000000,'f358aa7e17516b6c0cfa753c21920038477a1f51187b07264537171f0f21ab58');
INSERT INTO blocks VALUES(154998,'5f22dca70c3ff67d96f8dd71cac9f35e2b38e0b9926824cf9aa286dbd4a83d1180f69551249c651d50ba36da099e475c4d8508b6c276d831c09e3381af14e3c6',1549980000000,'a8d871e68995d7242266657137b71689c9819260f8bc705aeb7de2194a0f6fc4');
INSERT INTO blocks VALUES(154999,'b0785d57b7e9338067fc9f804eef9bd6600787f0f5c84c104d07c13c469cbbc71b726c311c9873aa234b591457c420cdf095fa41f0208364190b030d429042f6',1549990000000,'6cce9efb16d33a8a80a8b5ef496332a04b7080abf302f05d7af8c09e11c485f1');
INSERT INTO blocks VALUES(155000,'41bd5c094337abae2ee087983666d59de761634d2f52bb92726ba5c2acb0654860e67c39fbdac269b39195f2945a2a4d53c76b06c2d814eacec125e4b2a4342c',1550000000000,'8c832e9538cb579cf9771a232fa38da354573a98d46cf02ac1ed4131fc645517');
INSERT INTO blocks VALUES(155001,'502958305b384f43fe8f6cced0ef02938c731bdb77d6d0d0a891b0d4a89aeddd8abef8ec20071069591efc60967420ee08a0f376b8a7faaf93de5d6f91df76d3',1550010000000,'a88faace6817e0344d3fa9b3c8e9a08d5d4564ae969ad89658c392643862ed1a');
INSERT INTO blocks VALUES(155002,'0ca8ce307305dc7f7269f89abc701f78ca7018655d97f89d30a017b82f851a8d9e198056ef8ea2ccec43146e963392c03376c9814f44a84b36ac70feb33514a1',1550020000000,'0caa8c8a8d67472f756b9ce1060288e38ef547ad1a608efeb5fad83d341dcd95');
INSERT INTO blocks VALUES(155003,'b647d70d2a1cc8c93aa27b5ee9130a4c9f619b00881d4a6df375d533cffe6e1d0d89172eff55913c2026bced28550c25bb7e4dd62b7974b648bc4fa9ab0d9ad1',1550030000000,'e66b58837504e9b46e88d17c129bb6c7537f1b70e3e8ee07bf8e4149b3d74bd1');
INSERT INTO blocks VALUES(155004,'9c7e755a7e8f184ae4af05b6db3d4eeb12f5091fa82f3784bbf14568142e9f7965807182327908799d2d3918dfd501381a668be790307c57735d49d6c485b3b2',1550040000000,'10a40bda58680ee5c9bb07ca44f8c2a40e05edb505432bee7729cd6d02efecdc');
INSERT INTO blocks VALUES(155005,'3335cec74083c9045768934dc5addc2a026a137f67e138a6dff2ba39120a50c30f93d8b57a2a430d8e5fa39cefd681203157d80e2babb51df4963383a536f10b',1550050000000,'aa99184ff78fe91555679f51b7979eb1c556d2a646ad7164ec3b8a98b145cace');
INSERT INTO blocks VALUES(155006,'ea9eb42c0a047834b24bf7a72984933a5db31a55010eb87eea454384fa96e6efaa6f829eda9d84b9da33dc0e0fae26962983cea39caadc9e8c5911513c5932be',1550060000000,'e61e0f55d9789f53e2a89c77c951daa34c9a7f8a26e00122051df5b67bd1ba00');
INSERT INTO blocks VALUES(155007,'30787cd612f263a3e9893b3250e1ef05d07bd514dd2d3822c668bce931c3bb425688dfb293e2f9d0ba3d1b6053bfe854e35af11f772c2616f98854ee4f091467',1550070000000,'dbba31d2e527acf29d6e992f0a68423164c4f827c9d125ed028982a3c9d0659c');
INSERT INTO blocks VALUES(155008,'52659bb5d20a0c295a577b5903a952ad8b04db83fd083b4221da63660958aaffac4589fef46977336f7dd90574eb8ecc7a50661edbed7d437b87d4f097a3666e',1550080000000,'2d14ea2b23b3061a9d2344dcbce35411b8b6bf6ba7b38d01734c597f9702c6d8');
INSERT INTO blocks VALUES(155009,'2ebbf8f2c689c039ea06b66af96a498dec9c7ccc21ed3c2615364dc86d83f619933e07198d7f6deedf2c1e9dddca4310de0d98ff68ebdf03182bf33ca58ab6e4',1550090000000,'150a833fb51606102b3ae28be02e17220b8060a6ccaa370aa53e1e3ae3517146');
-- Triggers and indices on  blocks
CREATE INDEX block_index_idx ON blocks (block_index);
CREATE INDEX index_hash_idx ON blocks (block_index, block_hash);

-- Table  broadcasts
DROP TABLE IF EXISTS broadcasts;
CREATE TABLE broadcasts(
                      tx_index INTEGER PRIMARY KEY,
                      tx_hash TEXT UNIQUE,
                      block_index INTEGER,
                      source TEXT,
                      timestamp INTEGER,
                      value REAL,
                      fee_fraction_int INTEGER,
                      text TEXT,
                      locked BOOL,
                      status TEXT,
                      FOREIGN KEY (tx_index, tx_hash, block_index) REFERENCES transactions(tx_index, tx_hash, block_index));
INSERT INTO broadcasts VALUES(12,'4a6d2e9401e57329053ba22181dacb36381fb6e3407449a9a6cd2e7772f1f8dc',154919,'2_mn6q3dS2EnDUx3bmyWc6D4szJNVGtaR7zc_mtQheFaSfWELRB2MyMBaiWjdDm6ux9Ezns_2',1388000000,100.0,5000000,'Unit Test',0,'valid');
INSERT INTO broadcasts VALUES(19,'442563e47efe3fd740b0d5d1a5c0af292d7e977544035fc172eab95a9c5dfedf',154926,'2_mn6q3dS2EnDUx3bmyWc6D4szJNVGtaR7zc_mtQheFaSfWELRB2MyMBaiWjdDm6ux9Ezns_2',1388000050,99.86166,5000000,'Unit Test',0,'valid');
INSERT INTO broadcasts VALUES(20,'237c1d0aa19201f524d0be34cf41d5e78eb8fed707349f753eec581ca25e0fbd',154927,'2_mn6q3dS2EnDUx3bmyWc6D4szJNVGtaR7zc_mtQheFaSfWELRB2MyMBaiWjdDm6ux9Ezns_2',1388000101,100.343,5000000,'Unit Test',0,'valid');
INSERT INTO broadcasts VALUES(21,'0e56453698d57850de5c669d1654c9f6f8e7c93cb8bdc7e674af53676b8732b3',154928,'2_mn6q3dS2EnDUx3bmyWc6D4szJNVGtaR7zc_mtQheFaSfWELRB2MyMBaiWjdDm6ux9Ezns_2',1388000201,2.0,5000000,'Unit Test',0,'valid');
-- Triggers and indices on  broadcasts
CREATE INDEX status_source_idx ON broadcasts (status, source);
CREATE INDEX status_source_index_idx ON broadcasts (status, source, tx_index);
CREATE INDEX timestamp_idx ON broadcasts (timestamp);

-- Table  btcpays
DROP TABLE IF EXISTS btcpays;
CREATE TABLE btcpays(
                      tx_index INTEGER PRIMARY KEY,
                      tx_hash TEXT UNIQUE,
                      block_index INTEGER,
                      source TEXT,
                      destination TEXT,
                      btc_amount INTEGER,
                      order_match_id TEXT,
                      status TEXT,
                      FOREIGN KEY (tx_index, tx_hash, block_index) REFERENCES transactions(tx_index, tx_hash, block_index));
INSERT INTO btcpays VALUES(5,'bda0eb681b409e5d6652d50d0388968f14166d3010311a106619f515072dacc4',154912,'2_mn6q3dS2EnDUx3bmyWc6D4szJNVGtaR7zc_mtQheFaSfWELRB2MyMBaiWjdDm6ux9Ezns_2','2_mn6q3dS2EnDUx3bmyWc6D4szJNVGtaR7zc_mtQheFaSfWELRB2MyMBaiWjdDm6ux9Ezns_2',50000000,'75799f04ade223ea1cc29121fa1cb7ca550da1cee549a87439994202d0d2585aa59a47b4b1cc072b8dfbcca228a00d700ccf0a66171aa50553e1ac32bbdd231d','valid');

-- Table  burns
DROP TABLE IF EXISTS burns;
CREATE TABLE burns(
                      tx_index INTEGER PRIMARY KEY,
                      tx_hash TEXT UNIQUE,
                      block_index INTEGER,
                      source TEXT,
                      burned INTEGER,
                      earned INTEGER,
                      status TEXT,
                      FOREIGN KEY (tx_index, tx_hash, block_index) REFERENCES transactions(tx_index, tx_hash, block_index));
INSERT INTO burns VALUES(1,'d1d12d0e1c8ec416a89a84631e77b5070919f410c9f183413851c981849ab183',154908,'2_mn6q3dS2EnDUx3bmyWc6D4szJNVGtaR7zc_mtQheFaSfWELRB2MyMBaiWjdDm6ux9Ezns_2',62000000,93000000000,'valid');
INSERT INTO burns VALUES(23,'3d7a7bf8fb10eaea526ec8d9e39e30ba25e33632cbc687ef3d076ad1e032e556',154930,'2_mn6q3dS2EnDUx3bmyWc6D4szJNVGtaR7zc_mtQheFaSfWELRB2MyMBaiWjdDm6ux9Ezns_2',38000000,56999891788,'valid');

-- Table  callbacks
DROP TABLE IF EXISTS callbacks;
CREATE TABLE callbacks(
                      tx_index INTEGER PRIMARY KEY,
                      tx_hash TEXT UNIQUE,
                      block_index INTEGER,
                      source TEXT,
                      fraction TEXT,
                      asset TEXT,
                      status TEXT,
                      FOREIGN KEY (tx_index, tx_hash, block_index) REFERENCES transactions(tx_index, tx_hash, block_index));
INSERT INTO callbacks VALUES(25,'3632f0e99ac8562a9b2a6b7f22b175b872691f23cc0d1d15a509a1f99a4a5235',154932,'2_mn6q3dS2EnDUx3bmyWc6D4szJNVGtaR7zc_mtQheFaSfWELRB2MyMBaiWjdDm6ux9Ezns_2','0.3','BBBC','valid');

-- Table  cancels
DROP TABLE IF EXISTS cancels;
CREATE TABLE cancels(
                      tx_index INTEGER PRIMARY KEY,
                      tx_hash TEXT UNIQUE,
                      block_index INTEGER,
                      source TEXT,
                      offer_hash TEXT,
                      status TEXT,
                      FOREIGN KEY (tx_index, tx_hash, block_index) REFERENCES transactions(tx_index, tx_hash, block_index));
-- Triggers and indices on  cancels
CREATE INDEX cancels_block_index_idx ON cancels (block_index);

-- Table  credits
DROP TABLE IF EXISTS credits;
CREATE TABLE credits(
                      block_index INTEGER,
                      address TEXT,
                      asset TEXT,
                      quantity INTEGER,
                      calling_function TEXT,
                      event TEXT,
                      FOREIGN KEY (block_index) REFERENCES blocks(block_index));
INSERT INTO credits VALUES(154908,'2_mn6q3dS2EnDUx3bmyWc6D4szJNVGtaR7zc_mtQheFaSfWELRB2MyMBaiWjdDm6ux9Ezns_2','XCP',93000000000,'burn','d1d12d0e1c8ec416a89a84631e77b5070919f410c9f183413851c981849ab183');
INSERT INTO credits VALUES(154909,'2_mnfAHmddVibnZNSkh8DvKaQoiEfNsxjXzH_mtQheFaSfWELRB2MyMBaiWjdDm6ux9Ezns_2','XCP',50000000,'send','8b6f58c1285e5637d0adf27cc074576587988a4ca9e55f694bb0a1746c505cfd');
INSERT INTO credits VALUES(154912,'2_mn6q3dS2EnDUx3bmyWc6D4szJNVGtaR7zc_mtQheFaSfWELRB2MyMBaiWjdDm6ux9Ezns_2','XCP',100000000,'btcpay','bda0eb681b409e5d6652d50d0388968f14166d3010311a106619f515072dacc4');
INSERT INTO credits VALUES(154913,'2_mn6q3dS2EnDUx3bmyWc6D4szJNVGtaR7zc_mtQheFaSfWELRB2MyMBaiWjdDm6ux9Ezns_2','BBBB',1000000000,'issuance','d127c54240f5e734721e85b825ef6c971b59523d4d75c788e306c1eca04f6615');
INSERT INTO credits VALUES(154914,'2_mn6q3dS2EnDUx3bmyWc6D4szJNVGtaR7zc_mtQheFaSfWELRB2MyMBaiWjdDm6ux9Ezns_2','BBBC',100000,'issuance','17334a5a0f068116da543f2c0794e667755e59e497d17523052abcb2b0c7480a');
INSERT INTO credits VALUES(154915,'2_mnfAHmddVibnZNSkh8DvKaQoiEfNsxjXzH_mtQheFaSfWELRB2MyMBaiWjdDm6ux9Ezns_2','BBBB',4000000,'send','665932e816d18494ef8024ef0f45b368dda8021e00bbfa60b7182861b123e2a0');
INSERT INTO credits VALUES(154916,'2_mnfAHmddVibnZNSkh8DvKaQoiEfNsxjXzH_mtQheFaSfWELRB2MyMBaiWjdDm6ux9Ezns_2','BBBC',526,'send','fa9369f9e48aaf61776f3da836e39c7fe2d8eff0c26754fb5bab0e38e66ca507');
INSERT INTO credits VALUES(154917,'2_mnfAHmddVibnZNSkh8DvKaQoiEfNsxjXzH_mtQheFaSfWELRB2MyMBaiWjdDm6ux9Ezns_2','XCP',24,'dividend','19d6c36abe5e3f08992ad07d6f91984155af573276e24e6a257a9039dbc6ed0b');
INSERT INTO credits VALUES(154918,'2_mnfAHmddVibnZNSkh8DvKaQoiEfNsxjXzH_mtQheFaSfWELRB2MyMBaiWjdDm6ux9Ezns_2','XCP',420800,'dividend','4201328d526f755f7bd58b7d338a2f3502da890fa1a7286809bbab75279fcaa8');
INSERT INTO credits VALUES(154921,'2_mn6q3dS2EnDUx3bmyWc6D4szJNVGtaR7zc_mtQheFaSfWELRB2MyMBaiWjdDm6ux9Ezns_2','XCP',4250000,'filled','b562ddd84042af42781b77f913e837a457591b0ea26ea28886a9927d09e8293a');
INSERT INTO credits VALUES(154922,'2_mn6q3dS2EnDUx3bmyWc6D4szJNVGtaR7zc_mtQheFaSfWELRB2MyMBaiWjdDm6ux9Ezns_2','XCP',5000000,'cancel order','a59a47b4b1cc072b8dfbcca228a00d700ccf0a66171aa50553e1ac32bbdd231d');
INSERT INTO credits VALUES(154922,'2_mn6q3dS2EnDUx3bmyWc6D4szJNVGtaR7zc_mtQheFaSfWELRB2MyMBaiWjdDm6ux9Ezns_2','XCP',41500000,'recredit forward quantity','6a4812dd771d9edbe8d4ccd911fe40917d7559c15509445981584619ae43d85fb562ddd84042af42781b77f913e837a457591b0ea26ea28886a9927d09e8293a');
INSERT INTO credits VALUES(154922,'2_mn6q3dS2EnDUx3bmyWc6D4szJNVGtaR7zc_mtQheFaSfWELRB2MyMBaiWjdDm6ux9Ezns_2','XCP',20750000,'recredit backward quantity','6a4812dd771d9edbe8d4ccd911fe40917d7559c15509445981584619ae43d85fb562ddd84042af42781b77f913e837a457591b0ea26ea28886a9927d09e8293a');
INSERT INTO credits VALUES(154923,'2_mn6q3dS2EnDUx3bmyWc6D4szJNVGtaR7zc_mtQheFaSfWELRB2MyMBaiWjdDm6ux9Ezns_2','XCP',0,'filled','bfe11faf6ce68f7be9f0c7b816cf40e9e25006e0caa3e808a6febece01f2bc8c');
INSERT INTO credits VALUES(154923,'2_mn6q3dS2EnDUx3bmyWc6D4szJNVGtaR7zc_mtQheFaSfWELRB2MyMBaiWjdDm6ux9Ezns_2','XCP',0,'filled','bfe11faf6ce68f7be9f0c7b816cf40e9e25006e0caa3e808a6febece01f2bc8c');
INSERT INTO credits VALUES(154924,'2_mn6q3dS2EnDUx3bmyWc6D4szJNVGtaR7zc_mtQheFaSfWELRB2MyMBaiWjdDm6ux9Ezns_2','XCP',150000000,'recredit forward quantity','fb1a4c75fb4b926fd2ef108ea7892a6b287b981836273e7003cc60d052b36a21bfe11faf6ce68f7be9f0c7b816cf40e9e25006e0caa3e808a6febece01f2bc8c');
INSERT INTO credits VALUES(154924,'2_mn6q3dS2EnDUx3bmyWc6D4szJNVGtaR7zc_mtQheFaSfWELRB2MyMBaiWjdDm6ux9Ezns_2','XCP',350000000,'recredit backward quantity','fb1a4c75fb4b926fd2ef108ea7892a6b287b981836273e7003cc60d052b36a21bfe11faf6ce68f7be9f0c7b816cf40e9e25006e0caa3e808a6febece01f2bc8c');
INSERT INTO credits VALUES(154925,'2_mn6q3dS2EnDUx3bmyWc6D4szJNVGtaR7zc_mtQheFaSfWELRB2MyMBaiWjdDm6ux9Ezns_2','XCP',0,'filled','62e0a73dab9045973995dfa63ff92f75fcfce52231640cd09fbc0a7d8d0e591d');
INSERT INTO credits VALUES(154925,'2_mn6q3dS2EnDUx3bmyWc6D4szJNVGtaR7zc_mtQheFaSfWELRB2MyMBaiWjdDm6ux9Ezns_2','XCP',0,'filled','62e0a73dab9045973995dfa63ff92f75fcfce52231640cd09fbc0a7d8d0e591d');
INSERT INTO credits VALUES(154926,'2_mn6q3dS2EnDUx3bmyWc6D4szJNVGtaR7zc_mtQheFaSfWELRB2MyMBaiWjdDm6ux9Ezns_2','XCP',750000000,'recredit forward quantity','be84490ff347a884ebedf39f578204fbdcfa1a9f6cb52d1444af70077a330a8a62e0a73dab9045973995dfa63ff92f75fcfce52231640cd09fbc0a7d8d0e591d');
INSERT INTO credits VALUES(154926,'2_mn6q3dS2EnDUx3bmyWc6D4szJNVGtaR7zc_mtQheFaSfWELRB2MyMBaiWjdDm6ux9Ezns_2','XCP',650000000,'recredit backward quantity','be84490ff347a884ebedf39f578204fbdcfa1a9f6cb52d1444af70077a330a8a62e0a73dab9045973995dfa63ff92f75fcfce52231640cd09fbc0a7d8d0e591d');
INSERT INTO credits VALUES(154930,'2_mn6q3dS2EnDUx3bmyWc6D4szJNVGtaR7zc_mtQheFaSfWELRB2MyMBaiWjdDm6ux9Ezns_2','XCP',56999891788,'burn','3d7a7bf8fb10eaea526ec8d9e39e30ba25e33632cbc687ef3d076ad1e032e556');
INSERT INTO credits VALUES(154931,'2_mn6q3dS2EnDUx3bmyWc6D4szJNVGtaR7zc_mtQheFaSfWELRB2MyMBaiWjdDm6ux9Ezns_2','XCP',8500000,'recredit wager remaining','6a4812dd771d9edbe8d4ccd911fe40917d7559c15509445981584619ae43d85f');
INSERT INTO credits VALUES(154931,'2_mnfAHmddVibnZNSkh8DvKaQoiEfNsxjXzH_mtQheFaSfWELRB2MyMBaiWjdDm6ux9Ezns_2','BBBC',10000,'send','d53461f4b38da190622211459ab896e3172b473f7d23ac3efd1aea703dffb85a');
INSERT INTO credits VALUES(154932,'2_mn6q3dS2EnDUx3bmyWc6D4szJNVGtaR7zc_mtQheFaSfWELRB2MyMBaiWjdDm6ux9Ezns_2','BBBC',3157,'callback','3632f0e99ac8562a9b2a6b7f22b175b872691f23cc0d1d15a509a1f99a4a5235');
INSERT INTO credits VALUES(154932,'2_mnfAHmddVibnZNSkh8DvKaQoiEfNsxjXzH_mtQheFaSfWELRB2MyMBaiWjdDm6ux9Ezns_2','XCP',4735500000,'callback','3632f0e99ac8562a9b2a6b7f22b175b872691f23cc0d1d15a509a1f99a4a5235');
INSERT INTO credits VALUES(154936,'2_mn6q3dS2EnDUx3bmyWc6D4szJNVGtaR7zc_mtQheFaSfWELRB2MyMBaiWjdDm6ux9Ezns_2','XCP',22043326,'wins','3b5d38ad9a5470b642b4281483180a2368f2bc32f82e842fcec508d5f9341afe2b9193f719d4aaa4234a04a7a8e52a7584bd9e69dac2ea0dbd32b5eac8801aad');
INSERT INTO credits VALUES(154940,'2_mn6q3dS2EnDUx3bmyWc6D4szJNVGtaR7zc_mtQheFaSfWELRB2MyMBaiWjdDm6ux9Ezns_2','BBBB',50000000,'cancel order','cbe5f4b5a8d388c714fb7ed0278204610f40edcebd9cad21a2e0045511116bc6');
INSERT INTO credits VALUES(154948,'2_mn6q3dS2EnDUx3bmyWc6D4szJNVGtaR7zc_mtQheFaSfWELRB2MyMBaiWjdDm6ux9Ezns_2','XCP',11021663,'recredit wager','f28c212a5e7acab0e43f6464aa0b57dff93609d6cfccb81f36f6684a9b42205f');
INSERT INTO credits VALUES(154977,'2_mn6q3dS2EnDUx3bmyWc6D4szJNVGtaR7zc_mtQheFaSfWELRB2MyMBaiWjdDm6ux9Ezns_2','XCP',11021664,'recredit wager','c003c7868ae17880d7166a34b5d6b350643c6a4cda0d664a885a51366505d1f21bd694984ba6a2aaca7a817ac2b8b91d334a9485560d65c7ab7026a85434939e');
INSERT INTO credits VALUES(154977,'2_mnfAHmddVibnZNSkh8DvKaQoiEfNsxjXzH_mtQheFaSfWELRB2MyMBaiWjdDm6ux9Ezns_2','XCP',11021664,'recredit wager','c003c7868ae17880d7166a34b5d6b350643c6a4cda0d664a885a51366505d1f21bd694984ba6a2aaca7a817ac2b8b91d334a9485560d65c7ab7026a85434939e');
INSERT INTO credits VALUES(155004,'2_mn6q3dS2EnDUx3bmyWc6D4szJNVGtaR7zc_mtQheFaSfWELRB2MyMBaiWjdDm6ux9Ezns_2','XCP',22043330,'wins','31c71e187fc92b453d3d7cf6bbb4dde8755c40ef0cc08b2781b41b26f4e67d4f7a96ab193c6236d79834e90625cefc3cabcebb9d889663e3e137d6e546055ec5');

-- Table  debits
DROP TABLE IF EXISTS debits;
CREATE TABLE debits(
                      block_index INTEGER,
                      address TEXT,
                      asset TEXT,
                      quantity INTEGER,
                      action TEXT,
                      event TEXT,
                      FOREIGN KEY (block_index) REFERENCES blocks(block_index));
INSERT INTO debits VALUES(154909,'2_mn6q3dS2EnDUx3bmyWc6D4szJNVGtaR7zc_mtQheFaSfWELRB2MyMBaiWjdDm6ux9Ezns_2','XCP',50000000,'send','8b6f58c1285e5637d0adf27cc074576587988a4ca9e55f694bb0a1746c505cfd');
INSERT INTO debits VALUES(154911,'2_mn6q3dS2EnDUx3bmyWc6D4szJNVGtaR7zc_mtQheFaSfWELRB2MyMBaiWjdDm6ux9Ezns_2','XCP',105000000,'open order','a59a47b4b1cc072b8dfbcca228a00d700ccf0a66171aa50553e1ac32bbdd231d');
INSERT INTO debits VALUES(154913,'2_mn6q3dS2EnDUx3bmyWc6D4szJNVGtaR7zc_mtQheFaSfWELRB2MyMBaiWjdDm6ux9Ezns_2','XCP',50000000,'issuance fee','d127c54240f5e734721e85b825ef6c971b59523d4d75c788e306c1eca04f6615');
INSERT INTO debits VALUES(154914,'2_mn6q3dS2EnDUx3bmyWc6D4szJNVGtaR7zc_mtQheFaSfWELRB2MyMBaiWjdDm6ux9Ezns_2','XCP',50000000,'issuance fee','17334a5a0f068116da543f2c0794e667755e59e497d17523052abcb2b0c7480a');
INSERT INTO debits VALUES(154915,'2_mn6q3dS2EnDUx3bmyWc6D4szJNVGtaR7zc_mtQheFaSfWELRB2MyMBaiWjdDm6ux9Ezns_2','BBBB',4000000,'send','665932e816d18494ef8024ef0f45b368dda8021e00bbfa60b7182861b123e2a0');
INSERT INTO debits VALUES(154916,'2_mn6q3dS2EnDUx3bmyWc6D4szJNVGtaR7zc_mtQheFaSfWELRB2MyMBaiWjdDm6ux9Ezns_2','BBBC',526,'send','fa9369f9e48aaf61776f3da836e39c7fe2d8eff0c26754fb5bab0e38e66ca507');
INSERT INTO debits VALUES(154917,'2_mn6q3dS2EnDUx3bmyWc6D4szJNVGtaR7zc_mtQheFaSfWELRB2MyMBaiWjdDm6ux9Ezns_2','XCP',24,'dividend','19d6c36abe5e3f08992ad07d6f91984155af573276e24e6a257a9039dbc6ed0b');
INSERT INTO debits VALUES(154918,'2_mn6q3dS2EnDUx3bmyWc6D4szJNVGtaR7zc_mtQheFaSfWELRB2MyMBaiWjdDm6ux9Ezns_2','XCP',420800,'dividend','4201328d526f755f7bd58b7d338a2f3502da890fa1a7286809bbab75279fcaa8');
INSERT INTO debits VALUES(154920,'2_mn6q3dS2EnDUx3bmyWc6D4szJNVGtaR7zc_mtQheFaSfWELRB2MyMBaiWjdDm6ux9Ezns_2','XCP',50000000,'bet','6a4812dd771d9edbe8d4ccd911fe40917d7559c15509445981584619ae43d85f');
INSERT INTO debits VALUES(154921,'2_mn6q3dS2EnDUx3bmyWc6D4szJNVGtaR7zc_mtQheFaSfWELRB2MyMBaiWjdDm6ux9Ezns_2','XCP',25000000,'bet','b562ddd84042af42781b77f913e837a457591b0ea26ea28886a9927d09e8293a');
INSERT INTO debits VALUES(154922,'2_mn6q3dS2EnDUx3bmyWc6D4szJNVGtaR7zc_mtQheFaSfWELRB2MyMBaiWjdDm6ux9Ezns_2','XCP',150000000,'bet','fb1a4c75fb4b926fd2ef108ea7892a6b287b981836273e7003cc60d052b36a21');
INSERT INTO debits VALUES(154923,'2_mn6q3dS2EnDUx3bmyWc6D4szJNVGtaR7zc_mtQheFaSfWELRB2MyMBaiWjdDm6ux9Ezns_2','XCP',350000000,'bet','bfe11faf6ce68f7be9f0c7b816cf40e9e25006e0caa3e808a6febece01f2bc8c');
INSERT INTO debits VALUES(154924,'2_mn6q3dS2EnDUx3bmyWc6D4szJNVGtaR7zc_mtQheFaSfWELRB2MyMBaiWjdDm6ux9Ezns_2','XCP',750000000,'bet','be84490ff347a884ebedf39f578204fbdcfa1a9f6cb52d1444af70077a330a8a');
INSERT INTO debits VALUES(154925,'2_mn6q3dS2EnDUx3bmyWc6D4szJNVGtaR7zc_mtQheFaSfWELRB2MyMBaiWjdDm6ux9Ezns_2','XCP',650000000,'bet','62e0a73dab9045973995dfa63ff92f75fcfce52231640cd09fbc0a7d8d0e591d');
INSERT INTO debits VALUES(154929,'2_mn6q3dS2EnDUx3bmyWc6D4szJNVGtaR7zc_mtQheFaSfWELRB2MyMBaiWjdDm6ux9Ezns_2','BBBB',50000000,'open order','cbe5f4b5a8d388c714fb7ed0278204610f40edcebd9cad21a2e0045511116bc6');
INSERT INTO debits VALUES(154931,'2_mn6q3dS2EnDUx3bmyWc6D4szJNVGtaR7zc_mtQheFaSfWELRB2MyMBaiWjdDm6ux9Ezns_2','BBBC',10000,'send','d53461f4b38da190622211459ab896e3172b473f7d23ac3efd1aea703dffb85a');
INSERT INTO debits VALUES(154932,'2_mn6q3dS2EnDUx3bmyWc6D4szJNVGtaR7zc_mtQheFaSfWELRB2MyMBaiWjdDm6ux9Ezns_2','XCP',4735500000,'callback','3632f0e99ac8562a9b2a6b7f22b175b872691f23cc0d1d15a509a1f99a4a5235');
INSERT INTO debits VALUES(154932,'2_mnfAHmddVibnZNSkh8DvKaQoiEfNsxjXzH_mtQheFaSfWELRB2MyMBaiWjdDm6ux9Ezns_2','BBBC',3157,'callback','3632f0e99ac8562a9b2a6b7f22b175b872691f23cc0d1d15a509a1f99a4a5235');
INSERT INTO debits VALUES(154933,'2_mn6q3dS2EnDUx3bmyWc6D4szJNVGtaR7zc_mtQheFaSfWELRB2MyMBaiWjdDm6ux9Ezns_2','XCP',11021663,'open RPS','3b5d38ad9a5470b642b4281483180a2368f2bc32f82e842fcec508d5f9341afe');
INSERT INTO debits VALUES(154934,'2_mnfAHmddVibnZNSkh8DvKaQoiEfNsxjXzH_mtQheFaSfWELRB2MyMBaiWjdDm6ux9Ezns_2','XCP',11021663,'open RPS','2b9193f719d4aaa4234a04a7a8e52a7584bd9e69dac2ea0dbd32b5eac8801aad');
INSERT INTO debits VALUES(154937,'2_mn6q3dS2EnDUx3bmyWc6D4szJNVGtaR7zc_mtQheFaSfWELRB2MyMBaiWjdDm6ux9Ezns_2','XCP',11021663,'open RPS','f28c212a5e7acab0e43f6464aa0b57dff93609d6cfccb81f36f6684a9b42205f');
INSERT INTO debits VALUES(154955,'2_mn6q3dS2EnDUx3bmyWc6D4szJNVGtaR7zc_mtQheFaSfWELRB2MyMBaiWjdDm6ux9Ezns_2','XCP',11021664,'open RPS','c003c7868ae17880d7166a34b5d6b350643c6a4cda0d664a885a51366505d1f2');
INSERT INTO debits VALUES(154956,'2_mnfAHmddVibnZNSkh8DvKaQoiEfNsxjXzH_mtQheFaSfWELRB2MyMBaiWjdDm6ux9Ezns_2','XCP',11021664,'open RPS','1bd694984ba6a2aaca7a817ac2b8b91d334a9485560d65c7ab7026a85434939e');
INSERT INTO debits VALUES(154982,'2_mn6q3dS2EnDUx3bmyWc6D4szJNVGtaR7zc_mtQheFaSfWELRB2MyMBaiWjdDm6ux9Ezns_2','XCP',11021665,'open RPS','31c71e187fc92b453d3d7cf6bbb4dde8755c40ef0cc08b2781b41b26f4e67d4f');
INSERT INTO debits VALUES(154983,'2_mnfAHmddVibnZNSkh8DvKaQoiEfNsxjXzH_mtQheFaSfWELRB2MyMBaiWjdDm6ux9Ezns_2','XCP',11021665,'open RPS','7a96ab193c6236d79834e90625cefc3cabcebb9d889663e3e137d6e546055ec5');
-- Triggers and indices on  debits
CREATE INDEX address_idx ON debits (address);
CREATE INDEX asset_idx ON debits (asset);

-- Table  dividends
DROP TABLE IF EXISTS dividends;
CREATE TABLE dividends(
                      tx_index INTEGER PRIMARY KEY,
                      tx_hash TEXT UNIQUE,
                      block_index INTEGER,
                      source TEXT,
                      asset TEXT,
                      dividend_asset TEXT,
                      quantity_per_unit INTEGER,
                      status TEXT,
                      FOREIGN KEY (tx_index, tx_hash, block_index) REFERENCES transactions(tx_index, tx_hash, block_index));
INSERT INTO dividends VALUES(10,'19d6c36abe5e3f08992ad07d6f91984155af573276e24e6a257a9039dbc6ed0b',154917,'2_mn6q3dS2EnDUx3bmyWc6D4szJNVGtaR7zc_mtQheFaSfWELRB2MyMBaiWjdDm6ux9Ezns_2','BBBB','XCP',600,'valid');
INSERT INTO dividends VALUES(11,'4201328d526f755f7bd58b7d338a2f3502da890fa1a7286809bbab75279fcaa8',154918,'2_mn6q3dS2EnDUx3bmyWc6D4szJNVGtaR7zc_mtQheFaSfWELRB2MyMBaiWjdDm6ux9Ezns_2','BBBC','XCP',800,'valid');

-- Table  issuances
DROP TABLE IF EXISTS issuances;
CREATE TABLE issuances(
                      tx_index INTEGER PRIMARY KEY,
                      tx_hash TEXT UNIQUE,
                      block_index INTEGER,
                      asset TEXT,
                      quantity INTEGER,
                      divisible BOOL,
                      source TEXT,
                      issuer TEXT,
                      transfer BOOL,
                      callable BOOL,
                      call_date INTEGER,
                      call_price REAL,
                      description TEXT,
                      fee_paid INTEGER,
                      locked BOOL,
                      status TEXT,
                      FOREIGN KEY (tx_index, tx_hash, block_index) REFERENCES transactions(tx_index, tx_hash, block_index));
INSERT INTO issuances VALUES(6,'d127c54240f5e734721e85b825ef6c971b59523d4d75c788e306c1eca04f6615',154913,'BBBB',1000000000,1,'2_mn6q3dS2EnDUx3bmyWc6D4szJNVGtaR7zc_mtQheFaSfWELRB2MyMBaiWjdDm6ux9Ezns_2','2_mn6q3dS2EnDUx3bmyWc6D4szJNVGtaR7zc_mtQheFaSfWELRB2MyMBaiWjdDm6ux9Ezns_2',0,0,0,0.0,'',50000000,0,'valid');
INSERT INTO issuances VALUES(7,'17334a5a0f068116da543f2c0794e667755e59e497d17523052abcb2b0c7480a',154914,'BBBC',100000,0,'2_mn6q3dS2EnDUx3bmyWc6D4szJNVGtaR7zc_mtQheFaSfWELRB2MyMBaiWjdDm6ux9Ezns_2','2_mn6q3dS2EnDUx3bmyWc6D4szJNVGtaR7zc_mtQheFaSfWELRB2MyMBaiWjdDm6ux9Ezns_2',0,1,17,0.015,'foobar',50000000,0,'valid');
-- Triggers and indices on  issuances
CREATE INDEX status_idx ON issuances (status);
CREATE INDEX valid_asset_idx ON issuances (asset, status);

-- Table  mempool
DROP TABLE IF EXISTS mempool;
CREATE TABLE mempool(
                      tx_hash TEXT,
                      command TEXT,
                      category TEXT,
                      bindings TEXT,
                      timestamp INTEGER);

-- Table  messages
DROP TABLE IF EXISTS messages;
CREATE TABLE messages(
                      message_index INTEGER PRIMARY KEY,
                      block_index INTEGER,
                      command TEXT,
                      category TEXT,
                      bindings TEXT,
                      timestamp INTEGER);
INSERT INTO messages VALUES(0,154908,'insert','credits','{"action": "burn", "address": "2_mn6q3dS2EnDUx3bmyWc6D4szJNVGtaR7zc_mtQheFaSfWELRB2MyMBaiWjdDm6ux9Ezns_2", "asset": "XCP", "block_index": 154908, "event": "d1d12d0e1c8ec416a89a84631e77b5070919f410c9f183413851c981849ab183", "quantity": 93000000000}',0);
INSERT INTO messages VALUES(1,154908,'insert','burns','{"block_index": 154908, "burned": 62000000, "earned": 93000000000, "source": "2_mn6q3dS2EnDUx3bmyWc6D4szJNVGtaR7zc_mtQheFaSfWELRB2MyMBaiWjdDm6ux9Ezns_2", "status": "valid", "tx_hash": "d1d12d0e1c8ec416a89a84631e77b5070919f410c9f183413851c981849ab183", "tx_index": 1}',0);
INSERT INTO messages VALUES(2,154909,'insert','debits','{"action": "send", "address": "2_mn6q3dS2EnDUx3bmyWc6D4szJNVGtaR7zc_mtQheFaSfWELRB2MyMBaiWjdDm6ux9Ezns_2", "asset": "XCP", "block_index": 154909, "event": "8b6f58c1285e5637d0adf27cc074576587988a4ca9e55f694bb0a1746c505cfd", "quantity": 50000000}',0);
INSERT INTO messages VALUES(3,154909,'insert','credits','{"action": "send", "address": "2_mnfAHmddVibnZNSkh8DvKaQoiEfNsxjXzH_mtQheFaSfWELRB2MyMBaiWjdDm6ux9Ezns_2", "asset": "XCP", "block_index": 154909, "event": "8b6f58c1285e5637d0adf27cc074576587988a4ca9e55f694bb0a1746c505cfd", "quantity": 50000000}',0);
INSERT INTO messages VALUES(4,154909,'insert','sends','{"asset": "XCP", "block_index": 154909, "destination": "2_mnfAHmddVibnZNSkh8DvKaQoiEfNsxjXzH_mtQheFaSfWELRB2MyMBaiWjdDm6ux9Ezns_2", "quantity": 50000000, "source": "2_mn6q3dS2EnDUx3bmyWc6D4szJNVGtaR7zc_mtQheFaSfWELRB2MyMBaiWjdDm6ux9Ezns_2", "status": "valid", "tx_hash": "8b6f58c1285e5637d0adf27cc074576587988a4ca9e55f694bb0a1746c505cfd", "tx_index": 2}',0);
INSERT INTO messages VALUES(5,154910,'insert','orders','{"block_index": 154910, "expiration": 10, "expire_index": 154920, "fee_provided": 1000000, "fee_provided_remaining": 1000000, "fee_required": 0, "fee_required_remaining": 0, "get_asset": "XCP", "get_quantity": 100000000, "get_remaining": 100000000, "give_asset": "BTC", "give_quantity": 50000000, "give_remaining": 50000000, "source": "2_mn6q3dS2EnDUx3bmyWc6D4szJNVGtaR7zc_mtQheFaSfWELRB2MyMBaiWjdDm6ux9Ezns_2", "status": "open", "tx_hash": "75799f04ade223ea1cc29121fa1cb7ca550da1cee549a87439994202d0d2585a", "tx_index": 3}',0);
INSERT INTO messages VALUES(6,154911,'insert','debits','{"action": "open order", "address": "2_mn6q3dS2EnDUx3bmyWc6D4szJNVGtaR7zc_mtQheFaSfWELRB2MyMBaiWjdDm6ux9Ezns_2", "asset": "XCP", "block_index": 154911, "event": "a59a47b4b1cc072b8dfbcca228a00d700ccf0a66171aa50553e1ac32bbdd231d", "quantity": 105000000}',0);
INSERT INTO messages VALUES(7,154911,'insert','orders','{"block_index": 154911, "expiration": 10, "expire_index": 154921, "fee_provided": 10000, "fee_provided_remaining": 10000, "fee_required": 900000, "fee_required_remaining": 900000, "get_asset": "BTC", "get_quantity": 50000000, "get_remaining": 50000000, "give_asset": "XCP", "give_quantity": 105000000, "give_remaining": 105000000, "source": "2_mn6q3dS2EnDUx3bmyWc6D4szJNVGtaR7zc_mtQheFaSfWELRB2MyMBaiWjdDm6ux9Ezns_2", "status": "open", "tx_hash": "a59a47b4b1cc072b8dfbcca228a00d700ccf0a66171aa50553e1ac32bbdd231d", "tx_index": 4}',0);
INSERT INTO messages VALUES(8,154911,'update','orders','{"fee_provided_remaining": 142858, "fee_required_remaining": 0, "get_remaining": 0, "give_remaining": 0, "status": "open", "tx_hash": "75799f04ade223ea1cc29121fa1cb7ca550da1cee549a87439994202d0d2585a"}',0);
INSERT INTO messages VALUES(9,154911,'update','orders','{"fee_provided_remaining": 10000, "fee_required_remaining": 42858, "get_remaining": 0, "give_remaining": 5000000, "status": "open", "tx_hash": "a59a47b4b1cc072b8dfbcca228a00d700ccf0a66171aa50553e1ac32bbdd231d"}',0);
INSERT INTO messages VALUES(10,154911,'insert','order_matches','{"backward_asset": "XCP", "backward_quantity": 100000000, "block_index": 154911, "fee_paid": 857142, "forward_asset": "BTC", "forward_quantity": 50000000, "id": "75799f04ade223ea1cc29121fa1cb7ca550da1cee549a87439994202d0d2585aa59a47b4b1cc072b8dfbcca228a00d700ccf0a66171aa50553e1ac32bbdd231d", "match_expire_index": 154931, "status": "pending", "tx0_address": "2_mn6q3dS2EnDUx3bmyWc6D4szJNVGtaR7zc_mtQheFaSfWELRB2MyMBaiWjdDm6ux9Ezns_2", "tx0_block_index": 154910, "tx0_expiration": 10, "tx0_hash": "75799f04ade223ea1cc29121fa1cb7ca550da1cee549a87439994202d0d2585a", "tx0_index": 3, "tx1_address": "2_mn6q3dS2EnDUx3bmyWc6D4szJNVGtaR7zc_mtQheFaSfWELRB2MyMBaiWjdDm6ux9Ezns_2", "tx1_block_index": 154911, "tx1_expiration": 10, "tx1_hash": "a59a47b4b1cc072b8dfbcca228a00d700ccf0a66171aa50553e1ac32bbdd231d", "tx1_index": 4}',0);
INSERT INTO messages VALUES(11,154912,'insert','credits','{"action": "btcpay", "address": "2_mn6q3dS2EnDUx3bmyWc6D4szJNVGtaR7zc_mtQheFaSfWELRB2MyMBaiWjdDm6ux9Ezns_2", "asset": "XCP", "block_index": 154912, "event": "bda0eb681b409e5d6652d50d0388968f14166d3010311a106619f515072dacc4", "quantity": 100000000}',0);
INSERT INTO messages VALUES(12,154912,'update','order_matches','{"order_match_id": "75799f04ade223ea1cc29121fa1cb7ca550da1cee549a87439994202d0d2585aa59a47b4b1cc072b8dfbcca228a00d700ccf0a66171aa50553e1ac32bbdd231d", "status": "completed"}',0);
INSERT INTO messages VALUES(13,154912,'insert','btcpays','{"block_index": 154912, "btc_amount": 50000000, "destination": "2_mn6q3dS2EnDUx3bmyWc6D4szJNVGtaR7zc_mtQheFaSfWELRB2MyMBaiWjdDm6ux9Ezns_2", "order_match_id": "75799f04ade223ea1cc29121fa1cb7ca550da1cee549a87439994202d0d2585aa59a47b4b1cc072b8dfbcca228a00d700ccf0a66171aa50553e1ac32bbdd231d", "source": "2_mn6q3dS2EnDUx3bmyWc6D4szJNVGtaR7zc_mtQheFaSfWELRB2MyMBaiWjdDm6ux9Ezns_2", "status": "valid", "tx_hash": "bda0eb681b409e5d6652d50d0388968f14166d3010311a106619f515072dacc4", "tx_index": 5}',0);
INSERT INTO messages VALUES(14,154913,'insert','debits','{"action": "issuance fee", "address": "2_mn6q3dS2EnDUx3bmyWc6D4szJNVGtaR7zc_mtQheFaSfWELRB2MyMBaiWjdDm6ux9Ezns_2", "asset": "XCP", "block_index": 154913, "event": "d127c54240f5e734721e85b825ef6c971b59523d4d75c788e306c1eca04f6615", "quantity": 50000000}',0);
INSERT INTO messages VALUES(15,154913,'insert','issuances','{"asset": "BBBB", "block_index": 154913, "call_date": 0, "call_price": 0.0, "callable": false, "description": "", "divisible": true, "fee_paid": 50000000, "issuer": "2_mn6q3dS2EnDUx3bmyWc6D4szJNVGtaR7zc_mtQheFaSfWELRB2MyMBaiWjdDm6ux9Ezns_2", "locked": false, "quantity": 1000000000, "source": "2_mn6q3dS2EnDUx3bmyWc6D4szJNVGtaR7zc_mtQheFaSfWELRB2MyMBaiWjdDm6ux9Ezns_2", "status": "valid", "transfer": false, "tx_hash": "d127c54240f5e734721e85b825ef6c971b59523d4d75c788e306c1eca04f6615", "tx_index": 6}',0);
INSERT INTO messages VALUES(16,154913,'insert','credits','{"action": "issuance", "address": "2_mn6q3dS2EnDUx3bmyWc6D4szJNVGtaR7zc_mtQheFaSfWELRB2MyMBaiWjdDm6ux9Ezns_2", "asset": "BBBB", "block_index": 154913, "event": "d127c54240f5e734721e85b825ef6c971b59523d4d75c788e306c1eca04f6615", "quantity": 1000000000}',0);
INSERT INTO messages VALUES(17,154914,'insert','debits','{"action": "issuance fee", "address": "2_mn6q3dS2EnDUx3bmyWc6D4szJNVGtaR7zc_mtQheFaSfWELRB2MyMBaiWjdDm6ux9Ezns_2", "asset": "XCP", "block_index": 154914, "event": "17334a5a0f068116da543f2c0794e667755e59e497d17523052abcb2b0c7480a", "quantity": 50000000}',0);
INSERT INTO messages VALUES(18,154914,'insert','issuances','{"asset": "BBBC", "block_index": 154914, "call_date": 17, "call_price": 0.015, "callable": true, "description": "foobar", "divisible": false, "fee_paid": 50000000, "issuer": "2_mn6q3dS2EnDUx3bmyWc6D4szJNVGtaR7zc_mtQheFaSfWELRB2MyMBaiWjdDm6ux9Ezns_2", "locked": false, "quantity": 100000, "source": "2_mn6q3dS2EnDUx3bmyWc6D4szJNVGtaR7zc_mtQheFaSfWELRB2MyMBaiWjdDm6ux9Ezns_2", "status": "valid", "transfer": false, "tx_hash": "17334a5a0f068116da543f2c0794e667755e59e497d17523052abcb2b0c7480a", "tx_index": 7}',0);
INSERT INTO messages VALUES(19,154914,'insert','credits','{"action": "issuance", "address": "2_mn6q3dS2EnDUx3bmyWc6D4szJNVGtaR7zc_mtQheFaSfWELRB2MyMBaiWjdDm6ux9Ezns_2", "asset": "BBBC", "block_index": 154914, "event": "17334a5a0f068116da543f2c0794e667755e59e497d17523052abcb2b0c7480a", "quantity": 100000}',0);
INSERT INTO messages VALUES(20,154915,'insert','debits','{"action": "send", "address": "2_mn6q3dS2EnDUx3bmyWc6D4szJNVGtaR7zc_mtQheFaSfWELRB2MyMBaiWjdDm6ux9Ezns_2", "asset": "BBBB", "block_index": 154915, "event": "665932e816d18494ef8024ef0f45b368dda8021e00bbfa60b7182861b123e2a0", "quantity": 4000000}',0);
INSERT INTO messages VALUES(21,154915,'insert','credits','{"action": "send", "address": "2_mnfAHmddVibnZNSkh8DvKaQoiEfNsxjXzH_mtQheFaSfWELRB2MyMBaiWjdDm6ux9Ezns_2", "asset": "BBBB", "block_index": 154915, "event": "665932e816d18494ef8024ef0f45b368dda8021e00bbfa60b7182861b123e2a0", "quantity": 4000000}',0);
INSERT INTO messages VALUES(22,154915,'insert','sends','{"asset": "BBBB", "block_index": 154915, "destination": "2_mnfAHmddVibnZNSkh8DvKaQoiEfNsxjXzH_mtQheFaSfWELRB2MyMBaiWjdDm6ux9Ezns_2", "quantity": 4000000, "source": "2_mn6q3dS2EnDUx3bmyWc6D4szJNVGtaR7zc_mtQheFaSfWELRB2MyMBaiWjdDm6ux9Ezns_2", "status": "valid", "tx_hash": "665932e816d18494ef8024ef0f45b368dda8021e00bbfa60b7182861b123e2a0", "tx_index": 8}',0);
INSERT INTO messages VALUES(23,154916,'insert','debits','{"action": "send", "address": "2_mn6q3dS2EnDUx3bmyWc6D4szJNVGtaR7zc_mtQheFaSfWELRB2MyMBaiWjdDm6ux9Ezns_2", "asset": "BBBC", "block_index": 154916, "event": "fa9369f9e48aaf61776f3da836e39c7fe2d8eff0c26754fb5bab0e38e66ca507", "quantity": 526}',0);
INSERT INTO messages VALUES(24,154916,'insert','credits','{"action": "send", "address": "2_mnfAHmddVibnZNSkh8DvKaQoiEfNsxjXzH_mtQheFaSfWELRB2MyMBaiWjdDm6ux9Ezns_2", "asset": "BBBC", "block_index": 154916, "event": "fa9369f9e48aaf61776f3da836e39c7fe2d8eff0c26754fb5bab0e38e66ca507", "quantity": 526}',0);
INSERT INTO messages VALUES(25,154916,'insert','sends','{"asset": "BBBC", "block_index": 154916, "destination": "2_mnfAHmddVibnZNSkh8DvKaQoiEfNsxjXzH_mtQheFaSfWELRB2MyMBaiWjdDm6ux9Ezns_2", "quantity": 526, "source": "2_mn6q3dS2EnDUx3bmyWc6D4szJNVGtaR7zc_mtQheFaSfWELRB2MyMBaiWjdDm6ux9Ezns_2", "status": "valid", "tx_hash": "fa9369f9e48aaf61776f3da836e39c7fe2d8eff0c26754fb5bab0e38e66ca507", "tx_index": 9}',0);
INSERT INTO messages VALUES(26,154917,'insert','debits','{"action": "dividend", "address": "2_mn6q3dS2EnDUx3bmyWc6D4szJNVGtaR7zc_mtQheFaSfWELRB2MyMBaiWjdDm6ux9Ezns_2", "asset": "XCP", "block_index": 154917, "event": "19d6c36abe5e3f08992ad07d6f91984155af573276e24e6a257a9039dbc6ed0b", "quantity": 24}',0);
INSERT INTO messages VALUES(27,154917,'insert','credits','{"action": "dividend", "address": "2_mnfAHmddVibnZNSkh8DvKaQoiEfNsxjXzH_mtQheFaSfWELRB2MyMBaiWjdDm6ux9Ezns_2", "asset": "XCP", "block_index": 154917, "event": "19d6c36abe5e3f08992ad07d6f91984155af573276e24e6a257a9039dbc6ed0b", "quantity": 24}',0);
INSERT INTO messages VALUES(28,154917,'insert','dividends','{"asset": "BBBB", "block_index": 154917, "dividend_asset": "XCP", "quantity_per_unit": 600, "source": "2_mn6q3dS2EnDUx3bmyWc6D4szJNVGtaR7zc_mtQheFaSfWELRB2MyMBaiWjdDm6ux9Ezns_2", "status": "valid", "tx_hash": "19d6c36abe5e3f08992ad07d6f91984155af573276e24e6a257a9039dbc6ed0b", "tx_index": 10}',0);
INSERT INTO messages VALUES(29,154918,'insert','debits','{"action": "dividend", "address": "2_mn6q3dS2EnDUx3bmyWc6D4szJNVGtaR7zc_mtQheFaSfWELRB2MyMBaiWjdDm6ux9Ezns_2", "asset": "XCP", "block_index": 154918, "event": "4201328d526f755f7bd58b7d338a2f3502da890fa1a7286809bbab75279fcaa8", "quantity": 420800}',0);
INSERT INTO messages VALUES(30,154918,'insert','credits','{"action": "dividend", "address": "2_mnfAHmddVibnZNSkh8DvKaQoiEfNsxjXzH_mtQheFaSfWELRB2MyMBaiWjdDm6ux9Ezns_2", "asset": "XCP", "block_index": 154918, "event": "4201328d526f755f7bd58b7d338a2f3502da890fa1a7286809bbab75279fcaa8", "quantity": 420800}',0);
INSERT INTO messages VALUES(31,154918,'insert','dividends','{"asset": "BBBC", "block_index": 154918, "dividend_asset": "XCP", "quantity_per_unit": 800, "source": "2_mn6q3dS2EnDUx3bmyWc6D4szJNVGtaR7zc_mtQheFaSfWELRB2MyMBaiWjdDm6ux9Ezns_2", "status": "valid", "tx_hash": "4201328d526f755f7bd58b7d338a2f3502da890fa1a7286809bbab75279fcaa8", "tx_index": 11}',0);
INSERT INTO messages VALUES(32,154919,'insert','broadcasts','{"block_index": 154919, "fee_fraction_int": 5000000, "locked": false, "source": "2_mn6q3dS2EnDUx3bmyWc6D4szJNVGtaR7zc_mtQheFaSfWELRB2MyMBaiWjdDm6ux9Ezns_2", "status": "valid", "text": "Unit Test", "timestamp": 1388000000, "tx_hash": "4a6d2e9401e57329053ba22181dacb36381fb6e3407449a9a6cd2e7772f1f8dc", "tx_index": 12, "value": 100.0}',0);
INSERT INTO messages VALUES(33,154920,'insert','debits','{"action": "bet", "address": "2_mn6q3dS2EnDUx3bmyWc6D4szJNVGtaR7zc_mtQheFaSfWELRB2MyMBaiWjdDm6ux9Ezns_2", "asset": "XCP", "block_index": 154920, "event": "6a4812dd771d9edbe8d4ccd911fe40917d7559c15509445981584619ae43d85f", "quantity": 50000000}',0);
INSERT INTO messages VALUES(34,154920,'insert','bets','{"bet_type": 0, "block_index": 154920, "counterwager_quantity": 25000000, "counterwager_remaining": 25000000, "deadline": 1388000100, "expiration": 10, "expire_index": 154930, "fee_fraction_int": 5000000.0, "feed_address": "2_mn6q3dS2EnDUx3bmyWc6D4szJNVGtaR7zc_mtQheFaSfWELRB2MyMBaiWjdDm6ux9Ezns_2", "leverage": 15120, "source": "2_mn6q3dS2EnDUx3bmyWc6D4szJNVGtaR7zc_mtQheFaSfWELRB2MyMBaiWjdDm6ux9Ezns_2", "status": "open", "target_value": 0.0, "tx_hash": "6a4812dd771d9edbe8d4ccd911fe40917d7559c15509445981584619ae43d85f", "tx_index": 13, "wager_quantity": 50000000, "wager_remaining": 50000000}',0);
INSERT INTO messages VALUES(35,154921,'update','orders','{"status": "expired", "tx_hash": "75799f04ade223ea1cc29121fa1cb7ca550da1cee549a87439994202d0d2585a"}',0);
INSERT INTO messages VALUES(36,154921,'insert','order_expirations','{"block_index": 154921, "order_hash": "75799f04ade223ea1cc29121fa1cb7ca550da1cee549a87439994202d0d2585a", "order_index": 3, "source": "2_mn6q3dS2EnDUx3bmyWc6D4szJNVGtaR7zc_mtQheFaSfWELRB2MyMBaiWjdDm6ux9Ezns_2"}',0);
INSERT INTO messages VALUES(37,154921,'insert','debits','{"action": "bet", "address": "2_mn6q3dS2EnDUx3bmyWc6D4szJNVGtaR7zc_mtQheFaSfWELRB2MyMBaiWjdDm6ux9Ezns_2", "asset": "XCP", "block_index": 154921, "event": "b562ddd84042af42781b77f913e837a457591b0ea26ea28886a9927d09e8293a", "quantity": 25000000}',0);
INSERT INTO messages VALUES(38,154921,'insert','bets','{"bet_type": 1, "block_index": 154921, "counterwager_quantity": 41500000, "counterwager_remaining": 41500000, "deadline": 1388000100, "expiration": 10, "expire_index": 154931, "fee_fraction_int": 5000000.0, "feed_address": "2_mn6q3dS2EnDUx3bmyWc6D4szJNVGtaR7zc_mtQheFaSfWELRB2MyMBaiWjdDm6ux9Ezns_2", "leverage": 15120, "source": "2_mn6q3dS2EnDUx3bmyWc6D4szJNVGtaR7zc_mtQheFaSfWELRB2MyMBaiWjdDm6ux9Ezns_2", "status": "open", "target_value": 0.0, "tx_hash": "b562ddd84042af42781b77f913e837a457591b0ea26ea28886a9927d09e8293a", "tx_index": 14, "wager_quantity": 25000000, "wager_remaining": 25000000}',0);
INSERT INTO messages VALUES(39,154921,'update','bets','{"counterwager_remaining": 4250000, "status": "open", "tx_hash": "6a4812dd771d9edbe8d4ccd911fe40917d7559c15509445981584619ae43d85f", "wager_remaining": 8500000}',0);
INSERT INTO messages VALUES(40,154921,'insert','credits','{"action": "filled", "address": "2_mn6q3dS2EnDUx3bmyWc6D4szJNVGtaR7zc_mtQheFaSfWELRB2MyMBaiWjdDm6ux9Ezns_2", "asset": "XCP", "block_index": 154921, "event": "b562ddd84042af42781b77f913e837a457591b0ea26ea28886a9927d09e8293a", "quantity": 4250000}',0);
INSERT INTO messages VALUES(41,154921,'update','bets','{"counterwager_remaining": 0, "status": "filled", "tx_hash": "b562ddd84042af42781b77f913e837a457591b0ea26ea28886a9927d09e8293a", "wager_remaining": 4250000}',0);
INSERT INTO messages VALUES(42,154921,'insert','bet_matches','{"backward_quantity": 20750000, "block_index": 154921, "deadline": 1388000100, "fee_fraction_int": 5000000, "feed_address": "2_mn6q3dS2EnDUx3bmyWc6D4szJNVGtaR7zc_mtQheFaSfWELRB2MyMBaiWjdDm6ux9Ezns_2", "forward_quantity": 41500000, "id": "6a4812dd771d9edbe8d4ccd911fe40917d7559c15509445981584619ae43d85fb562ddd84042af42781b77f913e837a457591b0ea26ea28886a9927d09e8293a", "initial_value": 100.0, "leverage": 15120, "match_expire_index": 154930, "status": "pending", "target_value": 0.0, "tx0_address": "2_mn6q3dS2EnDUx3bmyWc6D4szJNVGtaR7zc_mtQheFaSfWELRB2MyMBaiWjdDm6ux9Ezns_2", "tx0_bet_type": 0, "tx0_block_index": 154920, "tx0_expiration": 10, "tx0_hash": "6a4812dd771d9edbe8d4ccd911fe40917d7559c15509445981584619ae43d85f", "tx0_index": 13, "tx1_address": "2_mn6q3dS2EnDUx3bmyWc6D4szJNVGtaR7zc_mtQheFaSfWELRB2MyMBaiWjdDm6ux9Ezns_2", "tx1_bet_type": 1, "tx1_block_index": 154921, "tx1_expiration": 10, "tx1_hash": "b562ddd84042af42781b77f913e837a457591b0ea26ea28886a9927d09e8293a", "tx1_index": 14}',0);
INSERT INTO messages VALUES(43,154922,'update','orders','{"status": "expired", "tx_hash": "a59a47b4b1cc072b8dfbcca228a00d700ccf0a66171aa50553e1ac32bbdd231d"}',0);
INSERT INTO messages VALUES(44,154922,'insert','credits','{"action": "cancel order", "address": "2_mn6q3dS2EnDUx3bmyWc6D4szJNVGtaR7zc_mtQheFaSfWELRB2MyMBaiWjdDm6ux9Ezns_2", "asset": "XCP", "block_index": 154922, "event": "a59a47b4b1cc072b8dfbcca228a00d700ccf0a66171aa50553e1ac32bbdd231d", "quantity": 5000000}',0);
INSERT INTO messages VALUES(45,154922,'insert','order_expirations','{"block_index": 154922, "order_hash": "a59a47b4b1cc072b8dfbcca228a00d700ccf0a66171aa50553e1ac32bbdd231d", "order_index": 4, "source": "2_mn6q3dS2EnDUx3bmyWc6D4szJNVGtaR7zc_mtQheFaSfWELRB2MyMBaiWjdDm6ux9Ezns_2"}',0);
INSERT INTO messages VALUES(46,154922,'insert','credits','{"action": "recredit forward quantity", "address": "2_mn6q3dS2EnDUx3bmyWc6D4szJNVGtaR7zc_mtQheFaSfWELRB2MyMBaiWjdDm6ux9Ezns_2", "asset": "XCP", "block_index": 154922, "event": "6a4812dd771d9edbe8d4ccd911fe40917d7559c15509445981584619ae43d85fb562ddd84042af42781b77f913e837a457591b0ea26ea28886a9927d09e8293a", "quantity": 41500000}',0);
INSERT INTO messages VALUES(47,154922,'insert','credits','{"action": "recredit backward quantity", "address": "2_mn6q3dS2EnDUx3bmyWc6D4szJNVGtaR7zc_mtQheFaSfWELRB2MyMBaiWjdDm6ux9Ezns_2", "asset": "XCP", "block_index": 154922, "event": "6a4812dd771d9edbe8d4ccd911fe40917d7559c15509445981584619ae43d85fb562ddd84042af42781b77f913e837a457591b0ea26ea28886a9927d09e8293a", "quantity": 20750000}',0);
INSERT INTO messages VALUES(48,154922,'update','bet_matches','{"bet_match_id": "6a4812dd771d9edbe8d4ccd911fe40917d7559c15509445981584619ae43d85fb562ddd84042af42781b77f913e837a457591b0ea26ea28886a9927d09e8293a", "status": "expired"}',0);
INSERT INTO messages VALUES(49,154922,'insert','bet_match_expirations','{"bet_match_id": "6a4812dd771d9edbe8d4ccd911fe40917d7559c15509445981584619ae43d85fb562ddd84042af42781b77f913e837a457591b0ea26ea28886a9927d09e8293a", "block_index": 154922, "tx0_address": "2_mn6q3dS2EnDUx3bmyWc6D4szJNVGtaR7zc_mtQheFaSfWELRB2MyMBaiWjdDm6ux9Ezns_2", "tx1_address": "2_mn6q3dS2EnDUx3bmyWc6D4szJNVGtaR7zc_mtQheFaSfWELRB2MyMBaiWjdDm6ux9Ezns_2"}',0);
INSERT INTO messages VALUES(50,154922,'insert','debits','{"action": "bet", "address": "2_mn6q3dS2EnDUx3bmyWc6D4szJNVGtaR7zc_mtQheFaSfWELRB2MyMBaiWjdDm6ux9Ezns_2", "asset": "XCP", "block_index": 154922, "event": "fb1a4c75fb4b926fd2ef108ea7892a6b287b981836273e7003cc60d052b36a21", "quantity": 150000000}',0);
INSERT INTO messages VALUES(51,154922,'insert','bets','{"bet_type": 0, "block_index": 154922, "counterwager_quantity": 350000000, "counterwager_remaining": 350000000, "deadline": 1388000100, "expiration": 10, "expire_index": 154932, "fee_fraction_int": 5000000.0, "feed_address": "2_mn6q3dS2EnDUx3bmyWc6D4szJNVGtaR7zc_mtQheFaSfWELRB2MyMBaiWjdDm6ux9Ezns_2", "leverage": 5040, "source": "2_mn6q3dS2EnDUx3bmyWc6D4szJNVGtaR7zc_mtQheFaSfWELRB2MyMBaiWjdDm6ux9Ezns_2", "status": "open", "target_value": 0.0, "tx_hash": "fb1a4c75fb4b926fd2ef108ea7892a6b287b981836273e7003cc60d052b36a21", "tx_index": 15, "wager_quantity": 150000000, "wager_remaining": 150000000}',0);
INSERT INTO messages VALUES(52,154923,'insert','debits','{"action": "bet", "address": "2_mn6q3dS2EnDUx3bmyWc6D4szJNVGtaR7zc_mtQheFaSfWELRB2MyMBaiWjdDm6ux9Ezns_2", "asset": "XCP", "block_index": 154923, "event": "bfe11faf6ce68f7be9f0c7b816cf40e9e25006e0caa3e808a6febece01f2bc8c", "quantity": 350000000}',0);
INSERT INTO messages VALUES(53,154923,'insert','bets','{"bet_type": 1, "block_index": 154923, "counterwager_quantity": 150000000, "counterwager_remaining": 150000000, "deadline": 1388000100, "expiration": 10, "expire_index": 154933, "fee_fraction_int": 5000000.0, "feed_address": "2_mn6q3dS2EnDUx3bmyWc6D4szJNVGtaR7zc_mtQheFaSfWELRB2MyMBaiWjdDm6ux9Ezns_2", "leverage": 5040, "source": "2_mn6q3dS2EnDUx3bmyWc6D4szJNVGtaR7zc_mtQheFaSfWELRB2MyMBaiWjdDm6ux9Ezns_2", "status": "open", "target_value": 0.0, "tx_hash": "bfe11faf6ce68f7be9f0c7b816cf40e9e25006e0caa3e808a6febece01f2bc8c", "tx_index": 16, "wager_quantity": 350000000, "wager_remaining": 350000000}',0);
INSERT INTO messages VALUES(54,154923,'insert','credits','{"action": "filled", "address": "2_mn6q3dS2EnDUx3bmyWc6D4szJNVGtaR7zc_mtQheFaSfWELRB2MyMBaiWjdDm6ux9Ezns_2", "asset": "XCP", "block_index": 154923, "event": "bfe11faf6ce68f7be9f0c7b816cf40e9e25006e0caa3e808a6febece01f2bc8c", "quantity": 0}',0);
INSERT INTO messages VALUES(55,154923,'update','bets','{"counterwager_remaining": 0, "status": "filled", "tx_hash": "fb1a4c75fb4b926fd2ef108ea7892a6b287b981836273e7003cc60d052b36a21", "wager_remaining": 0}',0);
INSERT INTO messages VALUES(56,154923,'insert','credits','{"action": "filled", "address": "2_mn6q3dS2EnDUx3bmyWc6D4szJNVGtaR7zc_mtQheFaSfWELRB2MyMBaiWjdDm6ux9Ezns_2", "asset": "XCP", "block_index": 154923, "event": "bfe11faf6ce68f7be9f0c7b816cf40e9e25006e0caa3e808a6febece01f2bc8c", "quantity": 0}',0);
INSERT INTO messages VALUES(57,154923,'update','bets','{"counterwager_remaining": 0, "status": "filled", "tx_hash": "bfe11faf6ce68f7be9f0c7b816cf40e9e25006e0caa3e808a6febece01f2bc8c", "wager_remaining": 0}',0);
INSERT INTO messages VALUES(58,154923,'insert','bet_matches','{"backward_quantity": 350000000, "block_index": 154923, "deadline": 1388000100, "fee_fraction_int": 5000000, "feed_address": "2_mn6q3dS2EnDUx3bmyWc6D4szJNVGtaR7zc_mtQheFaSfWELRB2MyMBaiWjdDm6ux9Ezns_2", "forward_quantity": 150000000, "id": "fb1a4c75fb4b926fd2ef108ea7892a6b287b981836273e7003cc60d052b36a21bfe11faf6ce68f7be9f0c7b816cf40e9e25006e0caa3e808a6febece01f2bc8c", "initial_value": 100.0, "leverage": 5040, "match_expire_index": 154932, "status": "pending", "target_value": 0.0, "tx0_address": "2_mn6q3dS2EnDUx3bmyWc6D4szJNVGtaR7zc_mtQheFaSfWELRB2MyMBaiWjdDm6ux9Ezns_2", "tx0_bet_type": 0, "tx0_block_index": 154922, "tx0_expiration": 10, "tx0_hash": "fb1a4c75fb4b926fd2ef108ea7892a6b287b981836273e7003cc60d052b36a21", "tx0_index": 15, "tx1_address": "2_mn6q3dS2EnDUx3bmyWc6D4szJNVGtaR7zc_mtQheFaSfWELRB2MyMBaiWjdDm6ux9Ezns_2", "tx1_bet_type": 1, "tx1_block_index": 154923, "tx1_expiration": 10, "tx1_hash": "bfe11faf6ce68f7be9f0c7b816cf40e9e25006e0caa3e808a6febece01f2bc8c", "tx1_index": 16}',0);
INSERT INTO messages VALUES(59,154924,'insert','credits','{"action": "recredit forward quantity", "address": "2_mn6q3dS2EnDUx3bmyWc6D4szJNVGtaR7zc_mtQheFaSfWELRB2MyMBaiWjdDm6ux9Ezns_2", "asset": "XCP", "block_index": 154924, "event": "fb1a4c75fb4b926fd2ef108ea7892a6b287b981836273e7003cc60d052b36a21bfe11faf6ce68f7be9f0c7b816cf40e9e25006e0caa3e808a6febece01f2bc8c", "quantity": 150000000}',0);
INSERT INTO messages VALUES(60,154924,'insert','credits','{"action": "recredit backward quantity", "address": "2_mn6q3dS2EnDUx3bmyWc6D4szJNVGtaR7zc_mtQheFaSfWELRB2MyMBaiWjdDm6ux9Ezns_2", "asset": "XCP", "block_index": 154924, "event": "fb1a4c75fb4b926fd2ef108ea7892a6b287b981836273e7003cc60d052b36a21bfe11faf6ce68f7be9f0c7b816cf40e9e25006e0caa3e808a6febece01f2bc8c", "quantity": 350000000}',0);
INSERT INTO messages VALUES(61,154924,'update','bet_matches','{"bet_match_id": "fb1a4c75fb4b926fd2ef108ea7892a6b287b981836273e7003cc60d052b36a21bfe11faf6ce68f7be9f0c7b816cf40e9e25006e0caa3e808a6febece01f2bc8c", "status": "expired"}',0);
INSERT INTO messages VALUES(62,154924,'insert','bet_match_expirations','{"bet_match_id": "fb1a4c75fb4b926fd2ef108ea7892a6b287b981836273e7003cc60d052b36a21bfe11faf6ce68f7be9f0c7b816cf40e9e25006e0caa3e808a6febece01f2bc8c", "block_index": 154924, "tx0_address": "2_mn6q3dS2EnDUx3bmyWc6D4szJNVGtaR7zc_mtQheFaSfWELRB2MyMBaiWjdDm6ux9Ezns_2", "tx1_address": "2_mn6q3dS2EnDUx3bmyWc6D4szJNVGtaR7zc_mtQheFaSfWELRB2MyMBaiWjdDm6ux9Ezns_2"}',0);
INSERT INTO messages VALUES(63,154924,'insert','debits','{"action": "bet", "address": "2_mn6q3dS2EnDUx3bmyWc6D4szJNVGtaR7zc_mtQheFaSfWELRB2MyMBaiWjdDm6ux9Ezns_2", "asset": "XCP", "block_index": 154924, "event": "be84490ff347a884ebedf39f578204fbdcfa1a9f6cb52d1444af70077a330a8a", "quantity": 750000000}',0);
INSERT INTO messages VALUES(64,154924,'insert','bets','{"bet_type": 2, "block_index": 154924, "counterwager_quantity": 650000000, "counterwager_remaining": 650000000, "deadline": 1388000200, "expiration": 10, "expire_index": 154934, "fee_fraction_int": 5000000.0, "feed_address": "2_mn6q3dS2EnDUx3bmyWc6D4szJNVGtaR7zc_mtQheFaSfWELRB2MyMBaiWjdDm6ux9Ezns_2", "leverage": 5040, "source": "2_mn6q3dS2EnDUx3bmyWc6D4szJNVGtaR7zc_mtQheFaSfWELRB2MyMBaiWjdDm6ux9Ezns_2", "status": "open", "target_value": 1.0, "tx_hash": "be84490ff347a884ebedf39f578204fbdcfa1a9f6cb52d1444af70077a330a8a", "tx_index": 17, "wager_quantity": 750000000, "wager_remaining": 750000000}',0);
INSERT INTO messages VALUES(65,154925,'insert','debits','{"action": "bet", "address": "2_mn6q3dS2EnDUx3bmyWc6D4szJNVGtaR7zc_mtQheFaSfWELRB2MyMBaiWjdDm6ux9Ezns_2", "asset": "XCP", "block_index": 154925, "event": "62e0a73dab9045973995dfa63ff92f75fcfce52231640cd09fbc0a7d8d0e591d", "quantity": 650000000}',0);
INSERT INTO messages VALUES(66,154925,'insert','bets','{"bet_type": 3, "block_index": 154925, "counterwager_quantity": 750000000, "counterwager_remaining": 750000000, "deadline": 1388000200, "expiration": 10, "expire_index": 154935, "fee_fraction_int": 5000000.0, "feed_address": "2_mn6q3dS2EnDUx3bmyWc6D4szJNVGtaR7zc_mtQheFaSfWELRB2MyMBaiWjdDm6ux9Ezns_2", "leverage": 5040, "source": "2_mn6q3dS2EnDUx3bmyWc6D4szJNVGtaR7zc_mtQheFaSfWELRB2MyMBaiWjdDm6ux9Ezns_2", "status": "open", "target_value": 1.0, "tx_hash": "62e0a73dab9045973995dfa63ff92f75fcfce52231640cd09fbc0a7d8d0e591d", "tx_index": 18, "wager_quantity": 650000000, "wager_remaining": 650000000}',0);
INSERT INTO messages VALUES(67,154925,'insert','credits','{"action": "filled", "address": "2_mn6q3dS2EnDUx3bmyWc6D4szJNVGtaR7zc_mtQheFaSfWELRB2MyMBaiWjdDm6ux9Ezns_2", "asset": "XCP", "block_index": 154925, "event": "62e0a73dab9045973995dfa63ff92f75fcfce52231640cd09fbc0a7d8d0e591d", "quantity": 0}',0);
INSERT INTO messages VALUES(68,154925,'update','bets','{"counterwager_remaining": 0, "status": "filled", "tx_hash": "be84490ff347a884ebedf39f578204fbdcfa1a9f6cb52d1444af70077a330a8a", "wager_remaining": 0}',0);
INSERT INTO messages VALUES(69,154925,'insert','credits','{"action": "filled", "address": "2_mn6q3dS2EnDUx3bmyWc6D4szJNVGtaR7zc_mtQheFaSfWELRB2MyMBaiWjdDm6ux9Ezns_2", "asset": "XCP", "block_index": 154925, "event": "62e0a73dab9045973995dfa63ff92f75fcfce52231640cd09fbc0a7d8d0e591d", "quantity": 0}',0);
INSERT INTO messages VALUES(70,154925,'update','bets','{"counterwager_remaining": 0, "status": "filled", "tx_hash": "62e0a73dab9045973995dfa63ff92f75fcfce52231640cd09fbc0a7d8d0e591d", "wager_remaining": 0}',0);
INSERT INTO messages VALUES(71,154925,'insert','bet_matches','{"backward_quantity": 650000000, "block_index": 154925, "deadline": 1388000200, "fee_fraction_int": 5000000, "feed_address": "2_mn6q3dS2EnDUx3bmyWc6D4szJNVGtaR7zc_mtQheFaSfWELRB2MyMBaiWjdDm6ux9Ezns_2", "forward_quantity": 750000000, "id": "be84490ff347a884ebedf39f578204fbdcfa1a9f6cb52d1444af70077a330a8a62e0a73dab9045973995dfa63ff92f75fcfce52231640cd09fbc0a7d8d0e591d", "initial_value": 100.0, "leverage": 5040, "match_expire_index": 154934, "status": "pending", "target_value": 1.0, "tx0_address": "2_mn6q3dS2EnDUx3bmyWc6D4szJNVGtaR7zc_mtQheFaSfWELRB2MyMBaiWjdDm6ux9Ezns_2", "tx0_bet_type": 2, "tx0_block_index": 154924, "tx0_expiration": 10, "tx0_hash": "be84490ff347a884ebedf39f578204fbdcfa1a9f6cb52d1444af70077a330a8a", "tx0_index": 17, "tx1_address": "2_mn6q3dS2EnDUx3bmyWc6D4szJNVGtaR7zc_mtQheFaSfWELRB2MyMBaiWjdDm6ux9Ezns_2", "tx1_bet_type": 3, "tx1_block_index": 154925, "tx1_expiration": 10, "tx1_hash": "62e0a73dab9045973995dfa63ff92f75fcfce52231640cd09fbc0a7d8d0e591d", "tx1_index": 18}',0);
INSERT INTO messages VALUES(72,154926,'insert','credits','{"action": "recredit forward quantity", "address": "2_mn6q3dS2EnDUx3bmyWc6D4szJNVGtaR7zc_mtQheFaSfWELRB2MyMBaiWjdDm6ux9Ezns_2", "asset": "XCP", "block_index": 154926, "event": "be84490ff347a884ebedf39f578204fbdcfa1a9f6cb52d1444af70077a330a8a62e0a73dab9045973995dfa63ff92f75fcfce52231640cd09fbc0a7d8d0e591d", "quantity": 750000000}',0);
INSERT INTO messages VALUES(73,154926,'insert','credits','{"action": "recredit backward quantity", "address": "2_mn6q3dS2EnDUx3bmyWc6D4szJNVGtaR7zc_mtQheFaSfWELRB2MyMBaiWjdDm6ux9Ezns_2", "asset": "XCP", "block_index": 154926, "event": "be84490ff347a884ebedf39f578204fbdcfa1a9f6cb52d1444af70077a330a8a62e0a73dab9045973995dfa63ff92f75fcfce52231640cd09fbc0a7d8d0e591d", "quantity": 650000000}',0);
INSERT INTO messages VALUES(74,154926,'update','bet_matches','{"bet_match_id": "be84490ff347a884ebedf39f578204fbdcfa1a9f6cb52d1444af70077a330a8a62e0a73dab9045973995dfa63ff92f75fcfce52231640cd09fbc0a7d8d0e591d", "status": "expired"}',0);
INSERT INTO messages VALUES(75,154926,'insert','bet_match_expirations','{"bet_match_id": "be84490ff347a884ebedf39f578204fbdcfa1a9f6cb52d1444af70077a330a8a62e0a73dab9045973995dfa63ff92f75fcfce52231640cd09fbc0a7d8d0e591d", "block_index": 154926, "tx0_address": "2_mn6q3dS2EnDUx3bmyWc6D4szJNVGtaR7zc_mtQheFaSfWELRB2MyMBaiWjdDm6ux9Ezns_2", "tx1_address": "2_mn6q3dS2EnDUx3bmyWc6D4szJNVGtaR7zc_mtQheFaSfWELRB2MyMBaiWjdDm6ux9Ezns_2"}',0);
INSERT INTO messages VALUES(76,154926,'insert','broadcasts','{"block_index": 154926, "fee_fraction_int": 5000000, "locked": false, "source": "2_mn6q3dS2EnDUx3bmyWc6D4szJNVGtaR7zc_mtQheFaSfWELRB2MyMBaiWjdDm6ux9Ezns_2", "status": "valid", "text": "Unit Test", "timestamp": 1388000050, "tx_hash": "442563e47efe3fd740b0d5d1a5c0af292d7e977544035fc172eab95a9c5dfedf", "tx_index": 19, "value": 99.86166}',0);
INSERT INTO messages VALUES(77,154927,'insert','broadcasts','{"block_index": 154927, "fee_fraction_int": 5000000, "locked": false, "source": "2_mn6q3dS2EnDUx3bmyWc6D4szJNVGtaR7zc_mtQheFaSfWELRB2MyMBaiWjdDm6ux9Ezns_2", "status": "valid", "text": "Unit Test", "timestamp": 1388000101, "tx_hash": "237c1d0aa19201f524d0be34cf41d5e78eb8fed707349f753eec581ca25e0fbd", "tx_index": 20, "value": 100.343}',0);
INSERT INTO messages VALUES(78,154928,'insert','broadcasts','{"block_index": 154928, "fee_fraction_int": 5000000, "locked": false, "source": "2_mn6q3dS2EnDUx3bmyWc6D4szJNVGtaR7zc_mtQheFaSfWELRB2MyMBaiWjdDm6ux9Ezns_2", "status": "valid", "text": "Unit Test", "timestamp": 1388000201, "tx_hash": "0e56453698d57850de5c669d1654c9f6f8e7c93cb8bdc7e674af53676b8732b3", "tx_index": 21, "value": 2.0}',0);
INSERT INTO messages VALUES(79,154929,'insert','debits','{"action": "open order", "address": "2_mn6q3dS2EnDUx3bmyWc6D4szJNVGtaR7zc_mtQheFaSfWELRB2MyMBaiWjdDm6ux9Ezns_2", "asset": "BBBB", "block_index": 154929, "event": "cbe5f4b5a8d388c714fb7ed0278204610f40edcebd9cad21a2e0045511116bc6", "quantity": 50000000}',0);
INSERT INTO messages VALUES(80,154929,'insert','orders','{"block_index": 154929, "expiration": 10, "expire_index": 154939, "fee_provided": 10000, "fee_provided_remaining": 10000, "fee_required": 0, "fee_required_remaining": 0, "get_asset": "XCP", "get_quantity": 50000000, "get_remaining": 50000000, "give_asset": "BBBB", "give_quantity": 50000000, "give_remaining": 50000000, "source": "2_mn6q3dS2EnDUx3bmyWc6D4szJNVGtaR7zc_mtQheFaSfWELRB2MyMBaiWjdDm6ux9Ezns_2", "status": "open", "tx_hash": "cbe5f4b5a8d388c714fb7ed0278204610f40edcebd9cad21a2e0045511116bc6", "tx_index": 22}',0);
INSERT INTO messages VALUES(81,154930,'insert','credits','{"action": "burn", "address": "2_mn6q3dS2EnDUx3bmyWc6D4szJNVGtaR7zc_mtQheFaSfWELRB2MyMBaiWjdDm6ux9Ezns_2", "asset": "XCP", "block_index": 154930, "event": "3d7a7bf8fb10eaea526ec8d9e39e30ba25e33632cbc687ef3d076ad1e032e556", "quantity": 56999891788}',0);
INSERT INTO messages VALUES(82,154930,'insert','burns','{"block_index": 154930, "burned": 38000000, "earned": 56999891788, "source": "2_mn6q3dS2EnDUx3bmyWc6D4szJNVGtaR7zc_mtQheFaSfWELRB2MyMBaiWjdDm6ux9Ezns_2", "status": "valid", "tx_hash": "3d7a7bf8fb10eaea526ec8d9e39e30ba25e33632cbc687ef3d076ad1e032e556", "tx_index": 23}',0);
INSERT INTO messages VALUES(83,154931,'update','bets','{"status": "expired", "tx_hash": "6a4812dd771d9edbe8d4ccd911fe40917d7559c15509445981584619ae43d85f"}',0);
INSERT INTO messages VALUES(84,154931,'insert','credits','{"action": "recredit wager remaining", "address": "2_mn6q3dS2EnDUx3bmyWc6D4szJNVGtaR7zc_mtQheFaSfWELRB2MyMBaiWjdDm6ux9Ezns_2", "asset": "XCP", "block_index": 154931, "event": "6a4812dd771d9edbe8d4ccd911fe40917d7559c15509445981584619ae43d85f", "quantity": 8500000}',0);
INSERT INTO messages VALUES(85,154931,'insert','bet_expirations','{"bet_hash": "6a4812dd771d9edbe8d4ccd911fe40917d7559c15509445981584619ae43d85f", "bet_index": 13, "block_index": 154931, "source": "2_mn6q3dS2EnDUx3bmyWc6D4szJNVGtaR7zc_mtQheFaSfWELRB2MyMBaiWjdDm6ux9Ezns_2"}',0);
INSERT INTO messages VALUES(86,154931,'insert','debits','{"action": "send", "address": "2_mn6q3dS2EnDUx3bmyWc6D4szJNVGtaR7zc_mtQheFaSfWELRB2MyMBaiWjdDm6ux9Ezns_2", "asset": "BBBC", "block_index": 154931, "event": "d53461f4b38da190622211459ab896e3172b473f7d23ac3efd1aea703dffb85a", "quantity": 10000}',0);
INSERT INTO messages VALUES(87,154931,'insert','credits','{"action": "send", "address": "2_mnfAHmddVibnZNSkh8DvKaQoiEfNsxjXzH_mtQheFaSfWELRB2MyMBaiWjdDm6ux9Ezns_2", "asset": "BBBC", "block_index": 154931, "event": "d53461f4b38da190622211459ab896e3172b473f7d23ac3efd1aea703dffb85a", "quantity": 10000}',0);
INSERT INTO messages VALUES(88,154931,'insert','sends','{"asset": "BBBC", "block_index": 154931, "destination": "2_mnfAHmddVibnZNSkh8DvKaQoiEfNsxjXzH_mtQheFaSfWELRB2MyMBaiWjdDm6ux9Ezns_2", "quantity": 10000, "source": "2_mn6q3dS2EnDUx3bmyWc6D4szJNVGtaR7zc_mtQheFaSfWELRB2MyMBaiWjdDm6ux9Ezns_2", "status": "valid", "tx_hash": "d53461f4b38da190622211459ab896e3172b473f7d23ac3efd1aea703dffb85a", "tx_index": 24}',0);
INSERT INTO messages VALUES(89,154932,'insert','debits','{"action": "callback", "address": "2_mn6q3dS2EnDUx3bmyWc6D4szJNVGtaR7zc_mtQheFaSfWELRB2MyMBaiWjdDm6ux9Ezns_2", "asset": "XCP", "block_index": 154932, "event": "3632f0e99ac8562a9b2a6b7f22b175b872691f23cc0d1d15a509a1f99a4a5235", "quantity": 4735500000}',0);
INSERT INTO messages VALUES(90,154932,'insert','credits','{"action": "callback", "address": "2_mn6q3dS2EnDUx3bmyWc6D4szJNVGtaR7zc_mtQheFaSfWELRB2MyMBaiWjdDm6ux9Ezns_2", "asset": "BBBC", "block_index": 154932, "event": "3632f0e99ac8562a9b2a6b7f22b175b872691f23cc0d1d15a509a1f99a4a5235", "quantity": 3157}',0);
INSERT INTO messages VALUES(91,154932,'insert','debits','{"action": "callback", "address": "2_mnfAHmddVibnZNSkh8DvKaQoiEfNsxjXzH_mtQheFaSfWELRB2MyMBaiWjdDm6ux9Ezns_2", "asset": "BBBC", "block_index": 154932, "event": "3632f0e99ac8562a9b2a6b7f22b175b872691f23cc0d1d15a509a1f99a4a5235", "quantity": 3157}',0);
INSERT INTO messages VALUES(92,154932,'insert','credits','{"action": "callback", "address": "2_mnfAHmddVibnZNSkh8DvKaQoiEfNsxjXzH_mtQheFaSfWELRB2MyMBaiWjdDm6ux9Ezns_2", "asset": "XCP", "block_index": 154932, "event": "3632f0e99ac8562a9b2a6b7f22b175b872691f23cc0d1d15a509a1f99a4a5235", "quantity": 4735500000}',0);
INSERT INTO messages VALUES(93,154932,'insert','callbacks','{"asset": "BBBC", "block_index": 154932, "fraction": 0.3, "source": "2_mn6q3dS2EnDUx3bmyWc6D4szJNVGtaR7zc_mtQheFaSfWELRB2MyMBaiWjdDm6ux9Ezns_2", "status": "valid", "tx_hash": "3632f0e99ac8562a9b2a6b7f22b175b872691f23cc0d1d15a509a1f99a4a5235", "tx_index": 25}',0);
INSERT INTO messages VALUES(94,154933,'insert','debits','{"action": "open RPS", "address": "2_mn6q3dS2EnDUx3bmyWc6D4szJNVGtaR7zc_mtQheFaSfWELRB2MyMBaiWjdDm6ux9Ezns_2", "asset": "XCP", "block_index": 154933, "event": "3b5d38ad9a5470b642b4281483180a2368f2bc32f82e842fcec508d5f9341afe", "quantity": 11021663}',0);
INSERT INTO messages VALUES(95,154933,'insert','rps','{"block_index": 154933, "expiration": 100, "expire_index": 155033, "move_random_hash": "6a886d74c2d4b1d7a35fd9159333ef64ba45a04d7aeeeb4538f958603c16fc5d", "possible_moves": 5, "source": "2_mn6q3dS2EnDUx3bmyWc6D4szJNVGtaR7zc_mtQheFaSfWELRB2MyMBaiWjdDm6ux9Ezns_2", "status": "open", "tx_hash": "3b5d38ad9a5470b642b4281483180a2368f2bc32f82e842fcec508d5f9341afe", "tx_index": 26, "wager": 11021663}',0);
INSERT INTO messages VALUES(96,154934,'insert','debits','{"action": "open RPS", "address": "2_mnfAHmddVibnZNSkh8DvKaQoiEfNsxjXzH_mtQheFaSfWELRB2MyMBaiWjdDm6ux9Ezns_2", "asset": "XCP", "block_index": 154934, "event": "2b9193f719d4aaa4234a04a7a8e52a7584bd9e69dac2ea0dbd32b5eac8801aad", "quantity": 11021663}',0);
INSERT INTO messages VALUES(97,154934,'insert','rps','{"block_index": 154934, "expiration": 100, "expire_index": 155034, "move_random_hash": "6e8bf66cbd6636aca1802459b730a99548624e48e243b840e0b34a12bede17ec", "possible_moves": 5, "source": "2_mnfAHmddVibnZNSkh8DvKaQoiEfNsxjXzH_mtQheFaSfWELRB2MyMBaiWjdDm6ux9Ezns_2", "status": "open", "tx_hash": "2b9193f719d4aaa4234a04a7a8e52a7584bd9e69dac2ea0dbd32b5eac8801aad", "tx_index": 27, "wager": 11021663}',0);
INSERT INTO messages VALUES(98,154934,'update','rps','{"status": "matched", "tx_index": 26}',0);
INSERT INTO messages VALUES(99,154934,'update','rps','{"status": "matched", "tx_index": 27}',0);
INSERT INTO messages VALUES(100,154934,'insert','rps_matches','{"block_index": 154934, "id": "3b5d38ad9a5470b642b4281483180a2368f2bc32f82e842fcec508d5f9341afe2b9193f719d4aaa4234a04a7a8e52a7584bd9e69dac2ea0dbd32b5eac8801aad", "match_expire_index": 154954, "possible_moves": 5, "status": "pending", "tx0_address": "2_mn6q3dS2EnDUx3bmyWc6D4szJNVGtaR7zc_mtQheFaSfWELRB2MyMBaiWjdDm6ux9Ezns_2", "tx0_block_index": 154933, "tx0_expiration": 100, "tx0_hash": "3b5d38ad9a5470b642b4281483180a2368f2bc32f82e842fcec508d5f9341afe", "tx0_index": 26, "tx0_move_random_hash": "6a886d74c2d4b1d7a35fd9159333ef64ba45a04d7aeeeb4538f958603c16fc5d", "tx1_address": "2_mnfAHmddVibnZNSkh8DvKaQoiEfNsxjXzH_mtQheFaSfWELRB2MyMBaiWjdDm6ux9Ezns_2", "tx1_block_index": 154934, "tx1_expiration": 100, "tx1_hash": "2b9193f719d4aaa4234a04a7a8e52a7584bd9e69dac2ea0dbd32b5eac8801aad", "tx1_index": 27, "tx1_move_random_hash": "6e8bf66cbd6636aca1802459b730a99548624e48e243b840e0b34a12bede17ec", "wager": 11021663}',0);
INSERT INTO messages VALUES(101,154935,'update','rps_matches','{"rps_match_id": "3b5d38ad9a5470b642b4281483180a2368f2bc32f82e842fcec508d5f9341afe2b9193f719d4aaa4234a04a7a8e52a7584bd9e69dac2ea0dbd32b5eac8801aad", "status": "resolved and pending"}',0);
INSERT INTO messages VALUES(102,154935,'insert','rpsresolves','{"block_index": 154935, "move": 3, "random": "7a4488d61ed8f2e9fa2874113fccb8b1", "rps_match_id": "3b5d38ad9a5470b642b4281483180a2368f2bc32f82e842fcec508d5f9341afe2b9193f719d4aaa4234a04a7a8e52a7584bd9e69dac2ea0dbd32b5eac8801aad", "source": "2_mn6q3dS2EnDUx3bmyWc6D4szJNVGtaR7zc_mtQheFaSfWELRB2MyMBaiWjdDm6ux9Ezns_2", "status": "valid", "tx_hash": "e285c27fe6f2e6b41d826ecaede1174581df2d5a4fc528c9b50e8aca57389888", "tx_index": 28}',0);
INSERT INTO messages VALUES(103,154936,'insert','credits','{"action": "wins", "address": "2_mn6q3dS2EnDUx3bmyWc6D4szJNVGtaR7zc_mtQheFaSfWELRB2MyMBaiWjdDm6ux9Ezns_2", "asset": "XCP", "block_index": 154936, "event": "3b5d38ad9a5470b642b4281483180a2368f2bc32f82e842fcec508d5f9341afe2b9193f719d4aaa4234a04a7a8e52a7584bd9e69dac2ea0dbd32b5eac8801aad", "quantity": 22043326}',0);
INSERT INTO messages VALUES(104,154936,'update','rps_matches','{"rps_match_id": "3b5d38ad9a5470b642b4281483180a2368f2bc32f82e842fcec508d5f9341afe2b9193f719d4aaa4234a04a7a8e52a7584bd9e69dac2ea0dbd32b5eac8801aad", "status": "concluded: first player wins"}',0);
INSERT INTO messages VALUES(105,154936,'insert','rpsresolves','{"block_index": 154936, "move": 5, "random": "fa765e80203cba24a298e4458f63ff6b", "rps_match_id": "3b5d38ad9a5470b642b4281483180a2368f2bc32f82e842fcec508d5f9341afe2b9193f719d4aaa4234a04a7a8e52a7584bd9e69dac2ea0dbd32b5eac8801aad", "source": "2_mnfAHmddVibnZNSkh8DvKaQoiEfNsxjXzH_mtQheFaSfWELRB2MyMBaiWjdDm6ux9Ezns_2", "status": "valid", "tx_hash": "93128b9e8ffd84f08d6cdb325990b90e0fba7e38e79545b39a908c7345206d08", "tx_index": 29}',0);
INSERT INTO messages VALUES(106,154937,'insert','debits','{"action": "open RPS", "address": "2_mn6q3dS2EnDUx3bmyWc6D4szJNVGtaR7zc_mtQheFaSfWELRB2MyMBaiWjdDm6ux9Ezns_2", "asset": "XCP", "block_index": 154937, "event": "f28c212a5e7acab0e43f6464aa0b57dff93609d6cfccb81f36f6684a9b42205f", "quantity": 11021663}',0);
INSERT INTO messages VALUES(107,154937,'insert','rps','{"block_index": 154937, "expiration": 10, "expire_index": 154947, "move_random_hash": "6a886d74c2d4b1d7a35fd9159333ef64ba45a04d7aeeeb4538f958603c16fc5d", "possible_moves": 5, "source": "2_mn6q3dS2EnDUx3bmyWc6D4szJNVGtaR7zc_mtQheFaSfWELRB2MyMBaiWjdDm6ux9Ezns_2", "status": "open", "tx_hash": "f28c212a5e7acab0e43f6464aa0b57dff93609d6cfccb81f36f6684a9b42205f", "tx_index": 30, "wager": 11021663}',0);
INSERT INTO messages VALUES(108,154940,'update','orders','{"status": "expired", "tx_hash": "cbe5f4b5a8d388c714fb7ed0278204610f40edcebd9cad21a2e0045511116bc6"}',0);
INSERT INTO messages VALUES(109,154940,'insert','credits','{"action": "cancel order", "address": "2_mn6q3dS2EnDUx3bmyWc6D4szJNVGtaR7zc_mtQheFaSfWELRB2MyMBaiWjdDm6ux9Ezns_2", "asset": "BBBB", "block_index": 154940, "event": "cbe5f4b5a8d388c714fb7ed0278204610f40edcebd9cad21a2e0045511116bc6", "quantity": 50000000}',0);
INSERT INTO messages VALUES(110,154940,'insert','order_expirations','{"block_index": 154940, "order_hash": "cbe5f4b5a8d388c714fb7ed0278204610f40edcebd9cad21a2e0045511116bc6", "order_index": 22, "source": "2_mn6q3dS2EnDUx3bmyWc6D4szJNVGtaR7zc_mtQheFaSfWELRB2MyMBaiWjdDm6ux9Ezns_2"}',0);
INSERT INTO messages VALUES(111,154948,'update','rps','{"status": "expired", "tx_hash": "f28c212a5e7acab0e43f6464aa0b57dff93609d6cfccb81f36f6684a9b42205f"}',0);
INSERT INTO messages VALUES(112,154948,'insert','credits','{"action": "recredit wager", "address": "2_mn6q3dS2EnDUx3bmyWc6D4szJNVGtaR7zc_mtQheFaSfWELRB2MyMBaiWjdDm6ux9Ezns_2", "asset": "XCP", "block_index": 154948, "event": "f28c212a5e7acab0e43f6464aa0b57dff93609d6cfccb81f36f6684a9b42205f", "quantity": 11021663}',0);
INSERT INTO messages VALUES(113,154948,'insert','rps_expirations','{"block_index": 154948, "rps_hash": "f28c212a5e7acab0e43f6464aa0b57dff93609d6cfccb81f36f6684a9b42205f", "rps_index": 30, "source": "2_mn6q3dS2EnDUx3bmyWc6D4szJNVGtaR7zc_mtQheFaSfWELRB2MyMBaiWjdDm6ux9Ezns_2"}',0);
INSERT INTO messages VALUES(114,154955,'insert','debits','{"action": "open RPS", "address": "2_mn6q3dS2EnDUx3bmyWc6D4szJNVGtaR7zc_mtQheFaSfWELRB2MyMBaiWjdDm6ux9Ezns_2", "asset": "XCP", "block_index": 154955, "event": "c003c7868ae17880d7166a34b5d6b350643c6a4cda0d664a885a51366505d1f2", "quantity": 11021664}',0);
INSERT INTO messages VALUES(115,154955,'insert','rps','{"block_index": 154955, "expiration": 10, "expire_index": 154965, "move_random_hash": "6a886d74c2d4b1d7a35fd9159333ef64ba45a04d7aeeeb4538f958603c16fc5d", "possible_moves": 5, "source": "2_mn6q3dS2EnDUx3bmyWc6D4szJNVGtaR7zc_mtQheFaSfWELRB2MyMBaiWjdDm6ux9Ezns_2", "status": "open", "tx_hash": "c003c7868ae17880d7166a34b5d6b350643c6a4cda0d664a885a51366505d1f2", "tx_index": 48, "wager": 11021664}',0);
INSERT INTO messages VALUES(116,154956,'insert','debits','{"action": "open RPS", "address": "2_mnfAHmddVibnZNSkh8DvKaQoiEfNsxjXzH_mtQheFaSfWELRB2MyMBaiWjdDm6ux9Ezns_2", "asset": "XCP", "block_index": 154956, "event": "1bd694984ba6a2aaca7a817ac2b8b91d334a9485560d65c7ab7026a85434939e", "quantity": 11021664}',0);
INSERT INTO messages VALUES(117,154956,'insert','rps','{"block_index": 154956, "expiration": 10, "expire_index": 154966, "move_random_hash": "6a886d74c2d4b1d7a35fd9159333ef64ba45a04d7aeeeb4538f958603c16fc5d", "possible_moves": 5, "source": "2_mnfAHmddVibnZNSkh8DvKaQoiEfNsxjXzH_mtQheFaSfWELRB2MyMBaiWjdDm6ux9Ezns_2", "status": "open", "tx_hash": "1bd694984ba6a2aaca7a817ac2b8b91d334a9485560d65c7ab7026a85434939e", "tx_index": 49, "wager": 11021664}',0);
INSERT INTO messages VALUES(118,154956,'update','rps','{"status": "matched", "tx_index": 48}',0);
INSERT INTO messages VALUES(119,154956,'update','rps','{"status": "matched", "tx_index": 49}',0);
INSERT INTO messages VALUES(120,154956,'insert','rps_matches','{"block_index": 154956, "id": "c003c7868ae17880d7166a34b5d6b350643c6a4cda0d664a885a51366505d1f21bd694984ba6a2aaca7a817ac2b8b91d334a9485560d65c7ab7026a85434939e", "match_expire_index": 154976, "possible_moves": 5, "status": "pending", "tx0_address": "2_mn6q3dS2EnDUx3bmyWc6D4szJNVGtaR7zc_mtQheFaSfWELRB2MyMBaiWjdDm6ux9Ezns_2", "tx0_block_index": 154955, "tx0_expiration": 10, "tx0_hash": "c003c7868ae17880d7166a34b5d6b350643c6a4cda0d664a885a51366505d1f2", "tx0_index": 48, "tx0_move_random_hash": "6a886d74c2d4b1d7a35fd9159333ef64ba45a04d7aeeeb4538f958603c16fc5d", "tx1_address": "2_mnfAHmddVibnZNSkh8DvKaQoiEfNsxjXzH_mtQheFaSfWELRB2MyMBaiWjdDm6ux9Ezns_2", "tx1_block_index": 154956, "tx1_expiration": 10, "tx1_hash": "1bd694984ba6a2aaca7a817ac2b8b91d334a9485560d65c7ab7026a85434939e", "tx1_index": 49, "tx1_move_random_hash": "6a886d74c2d4b1d7a35fd9159333ef64ba45a04d7aeeeb4538f958603c16fc5d", "wager": 11021664}',0);
INSERT INTO messages VALUES(121,154977,'insert','credits','{"action": "recredit wager", "address": "2_mn6q3dS2EnDUx3bmyWc6D4szJNVGtaR7zc_mtQheFaSfWELRB2MyMBaiWjdDm6ux9Ezns_2", "asset": "XCP", "block_index": 154977, "event": "c003c7868ae17880d7166a34b5d6b350643c6a4cda0d664a885a51366505d1f21bd694984ba6a2aaca7a817ac2b8b91d334a9485560d65c7ab7026a85434939e", "quantity": 11021664}',0);
INSERT INTO messages VALUES(122,154977,'insert','credits','{"action": "recredit wager", "address": "2_mnfAHmddVibnZNSkh8DvKaQoiEfNsxjXzH_mtQheFaSfWELRB2MyMBaiWjdDm6ux9Ezns_2", "asset": "XCP", "block_index": 154977, "event": "c003c7868ae17880d7166a34b5d6b350643c6a4cda0d664a885a51366505d1f21bd694984ba6a2aaca7a817ac2b8b91d334a9485560d65c7ab7026a85434939e", "quantity": 11021664}',0);
INSERT INTO messages VALUES(123,154977,'update','rps_matches','{"rps_match_id": "c003c7868ae17880d7166a34b5d6b350643c6a4cda0d664a885a51366505d1f21bd694984ba6a2aaca7a817ac2b8b91d334a9485560d65c7ab7026a85434939e", "status": "expired"}',0);
INSERT INTO messages VALUES(124,154977,'insert','rps_match_expirations','{"block_index": 154977, "rps_match_id": "c003c7868ae17880d7166a34b5d6b350643c6a4cda0d664a885a51366505d1f21bd694984ba6a2aaca7a817ac2b8b91d334a9485560d65c7ab7026a85434939e", "tx0_address": "2_mn6q3dS2EnDUx3bmyWc6D4szJNVGtaR7zc_mtQheFaSfWELRB2MyMBaiWjdDm6ux9Ezns_2", "tx1_address": "2_mnfAHmddVibnZNSkh8DvKaQoiEfNsxjXzH_mtQheFaSfWELRB2MyMBaiWjdDm6ux9Ezns_2"}',0);
INSERT INTO messages VALUES(125,154982,'insert','debits','{"action": "open RPS", "address": "2_mn6q3dS2EnDUx3bmyWc6D4szJNVGtaR7zc_mtQheFaSfWELRB2MyMBaiWjdDm6ux9Ezns_2", "asset": "XCP", "block_index": 154982, "event": "31c71e187fc92b453d3d7cf6bbb4dde8755c40ef0cc08b2781b41b26f4e67d4f", "quantity": 11021665}',0);
INSERT INTO messages VALUES(126,154982,'insert','rps','{"block_index": 154982, "expiration": 10, "expire_index": 154992, "move_random_hash": "6a886d74c2d4b1d7a35fd9159333ef64ba45a04d7aeeeb4538f958603c16fc5d", "possible_moves": 5, "source": "2_mn6q3dS2EnDUx3bmyWc6D4szJNVGtaR7zc_mtQheFaSfWELRB2MyMBaiWjdDm6ux9Ezns_2", "status": "open", "tx_hash": "31c71e187fc92b453d3d7cf6bbb4dde8755c40ef0cc08b2781b41b26f4e67d4f", "tx_index": 75, "wager": 11021665}',0);
INSERT INTO messages VALUES(127,154983,'insert','debits','{"action": "open RPS", "address": "2_mnfAHmddVibnZNSkh8DvKaQoiEfNsxjXzH_mtQheFaSfWELRB2MyMBaiWjdDm6ux9Ezns_2", "asset": "XCP", "block_index": 154983, "event": "7a96ab193c6236d79834e90625cefc3cabcebb9d889663e3e137d6e546055ec5", "quantity": 11021665}',0);
INSERT INTO messages VALUES(128,154983,'insert','rps','{"block_index": 154983, "expiration": 10, "expire_index": 154993, "move_random_hash": "6a886d74c2d4b1d7a35fd9159333ef64ba45a04d7aeeeb4538f958603c16fc5d", "possible_moves": 5, "source": "2_mnfAHmddVibnZNSkh8DvKaQoiEfNsxjXzH_mtQheFaSfWELRB2MyMBaiWjdDm6ux9Ezns_2", "status": "open", "tx_hash": "7a96ab193c6236d79834e90625cefc3cabcebb9d889663e3e137d6e546055ec5", "tx_index": 76, "wager": 11021665}',0);
INSERT INTO messages VALUES(129,154983,'update','rps','{"status": "matched", "tx_index": 75}',0);
INSERT INTO messages VALUES(130,154983,'update','rps','{"status": "matched", "tx_index": 76}',0);
INSERT INTO messages VALUES(131,154983,'insert','rps_matches','{"block_index": 154983, "id": "31c71e187fc92b453d3d7cf6bbb4dde8755c40ef0cc08b2781b41b26f4e67d4f7a96ab193c6236d79834e90625cefc3cabcebb9d889663e3e137d6e546055ec5", "match_expire_index": 155003, "possible_moves": 5, "status": "pending", "tx0_address": "2_mn6q3dS2EnDUx3bmyWc6D4szJNVGtaR7zc_mtQheFaSfWELRB2MyMBaiWjdDm6ux9Ezns_2", "tx0_block_index": 154982, "tx0_expiration": 10, "tx0_hash": "31c71e187fc92b453d3d7cf6bbb4dde8755c40ef0cc08b2781b41b26f4e67d4f", "tx0_index": 75, "tx0_move_random_hash": "6a886d74c2d4b1d7a35fd9159333ef64ba45a04d7aeeeb4538f958603c16fc5d", "tx1_address": "2_mnfAHmddVibnZNSkh8DvKaQoiEfNsxjXzH_mtQheFaSfWELRB2MyMBaiWjdDm6ux9Ezns_2", "tx1_block_index": 154983, "tx1_expiration": 10, "tx1_hash": "7a96ab193c6236d79834e90625cefc3cabcebb9d889663e3e137d6e546055ec5", "tx1_index": 76, "tx1_move_random_hash": "6a886d74c2d4b1d7a35fd9159333ef64ba45a04d7aeeeb4538f958603c16fc5d", "wager": 11021665}',0);
INSERT INTO messages VALUES(132,154984,'update','rps_matches','{"rps_match_id": "31c71e187fc92b453d3d7cf6bbb4dde8755c40ef0cc08b2781b41b26f4e67d4f7a96ab193c6236d79834e90625cefc3cabcebb9d889663e3e137d6e546055ec5", "status": "resolved and pending"}',0);
INSERT INTO messages VALUES(133,154984,'insert','rpsresolves','{"block_index": 154984, "move": 3, "random": "7a4488d61ed8f2e9fa2874113fccb8b1", "rps_match_id": "31c71e187fc92b453d3d7cf6bbb4dde8755c40ef0cc08b2781b41b26f4e67d4f7a96ab193c6236d79834e90625cefc3cabcebb9d889663e3e137d6e546055ec5", "source": "2_mn6q3dS2EnDUx3bmyWc6D4szJNVGtaR7zc_mtQheFaSfWELRB2MyMBaiWjdDm6ux9Ezns_2", "status": "valid", "tx_hash": "c051f14b39657f52bd8514ee8902aab6c653eeb9964a4b411f7b8eca244d6139", "tx_index": 77}',0);
INSERT INTO messages VALUES(134,155004,'insert','credits','{"action": "wins", "address": "2_mn6q3dS2EnDUx3bmyWc6D4szJNVGtaR7zc_mtQheFaSfWELRB2MyMBaiWjdDm6ux9Ezns_2", "asset": "XCP", "block_index": 155004, "event": "31c71e187fc92b453d3d7cf6bbb4dde8755c40ef0cc08b2781b41b26f4e67d4f7a96ab193c6236d79834e90625cefc3cabcebb9d889663e3e137d6e546055ec5", "quantity": 22043330}',0);
INSERT INTO messages VALUES(135,155004,'update','rps_matches','{"rps_match_id": "31c71e187fc92b453d3d7cf6bbb4dde8755c40ef0cc08b2781b41b26f4e67d4f7a96ab193c6236d79834e90625cefc3cabcebb9d889663e3e137d6e546055ec5", "status": "concluded: first player wins"}',0);
INSERT INTO messages VALUES(136,155004,'insert','rps_match_expirations','{"block_index": 155004, "rps_match_id": "31c71e187fc92b453d3d7cf6bbb4dde8755c40ef0cc08b2781b41b26f4e67d4f7a96ab193c6236d79834e90625cefc3cabcebb9d889663e3e137d6e546055ec5", "tx0_address": "2_mn6q3dS2EnDUx3bmyWc6D4szJNVGtaR7zc_mtQheFaSfWELRB2MyMBaiWjdDm6ux9Ezns_2", "tx1_address": "2_mnfAHmddVibnZNSkh8DvKaQoiEfNsxjXzH_mtQheFaSfWELRB2MyMBaiWjdDm6ux9Ezns_2"}',0);
-- Triggers and indices on  messages
CREATE INDEX block_index_message_index_idx ON messages (block_index, message_index);

-- Table  order_expirations
DROP TABLE IF EXISTS order_expirations;
CREATE TABLE order_expirations(
                      order_index INTEGER PRIMARY KEY,
                      order_hash TEXT UNIQUE,
                      source TEXT,
                      block_index INTEGER,
                      FOREIGN KEY (block_index) REFERENCES blocks(block_index),
                      FOREIGN KEY (order_index, order_hash) REFERENCES orders(tx_index, tx_hash));
INSERT INTO order_expirations VALUES(3,'75799f04ade223ea1cc29121fa1cb7ca550da1cee549a87439994202d0d2585a','2_mn6q3dS2EnDUx3bmyWc6D4szJNVGtaR7zc_mtQheFaSfWELRB2MyMBaiWjdDm6ux9Ezns_2',154921);
INSERT INTO order_expirations VALUES(4,'a59a47b4b1cc072b8dfbcca228a00d700ccf0a66171aa50553e1ac32bbdd231d','2_mn6q3dS2EnDUx3bmyWc6D4szJNVGtaR7zc_mtQheFaSfWELRB2MyMBaiWjdDm6ux9Ezns_2',154922);
INSERT INTO order_expirations VALUES(22,'cbe5f4b5a8d388c714fb7ed0278204610f40edcebd9cad21a2e0045511116bc6','2_mn6q3dS2EnDUx3bmyWc6D4szJNVGtaR7zc_mtQheFaSfWELRB2MyMBaiWjdDm6ux9Ezns_2',154940);

-- Table  order_match_expirations
DROP TABLE IF EXISTS order_match_expirations;
CREATE TABLE order_match_expirations(
                      order_match_id TEXT PRIMARY KEY,
                      tx0_address TEXT,
                      tx1_address TEXT,
                      block_index INTEGER,
                      FOREIGN KEY (order_match_id) REFERENCES order_matches(id),
                      FOREIGN KEY (block_index) REFERENCES blocks(block_index));

-- Table  order_matches
DROP TABLE IF EXISTS order_matches;
CREATE TABLE order_matches(
                      id TEXT PRIMARY KEY,
                      tx0_index INTEGER,
                      tx0_hash TEXT,
                      tx0_address TEXT,
                      tx1_index INTEGER,
                      tx1_hash TEXT,
                      tx1_address TEXT,
                      forward_asset TEXT,
                      forward_quantity INTEGER,
                      backward_asset TEXT,
                      backward_quantity INTEGER,
                      tx0_block_index INTEGER,
                      tx1_block_index INTEGER,
                      block_index INTEGER,
                      tx0_expiration INTEGER,
                      tx1_expiration INTEGER,
                      match_expire_index INTEGER,
                      fee_paid INTEGER,
                      status TEXT,
                      FOREIGN KEY (tx0_index, tx0_hash, tx0_block_index) REFERENCES transactions(tx_index, tx_hash, block_index),
                      FOREIGN KEY (tx1_index, tx1_hash, tx1_block_index) REFERENCES transactions(tx_index, tx_hash, block_index));
INSERT INTO order_matches VALUES('75799f04ade223ea1cc29121fa1cb7ca550da1cee549a87439994202d0d2585aa59a47b4b1cc072b8dfbcca228a00d700ccf0a66171aa50553e1ac32bbdd231d',3,'75799f04ade223ea1cc29121fa1cb7ca550da1cee549a87439994202d0d2585a','2_mn6q3dS2EnDUx3bmyWc6D4szJNVGtaR7zc_mtQheFaSfWELRB2MyMBaiWjdDm6ux9Ezns_2',4,'a59a47b4b1cc072b8dfbcca228a00d700ccf0a66171aa50553e1ac32bbdd231d','2_mn6q3dS2EnDUx3bmyWc6D4szJNVGtaR7zc_mtQheFaSfWELRB2MyMBaiWjdDm6ux9Ezns_2','BTC',50000000,'XCP',100000000,154910,154911,154911,10,10,154931,857142,'completed');
-- Triggers and indices on  order_matches
CREATE INDEX backward_status_idx ON order_matches (backward_asset, status);
CREATE INDEX forward_status_idx ON order_matches (forward_asset, status);
CREATE INDEX id_idx ON order_matches (id);
CREATE INDEX match_expire_idx ON order_matches (status, match_expire_index);
CREATE INDEX tx0_address_idx ON order_matches (tx0_address);
CREATE INDEX tx1_address_idx ON order_matches (tx1_address);

-- Table  orders
DROP TABLE IF EXISTS orders;
CREATE TABLE orders(
                      tx_index INTEGER UNIQUE,
                      tx_hash TEXT UNIQUE,
                      block_index INTEGER,
                      source TEXT,
                      give_asset TEXT,
                      give_quantity INTEGER,
                      give_remaining INTEGER,
                      get_asset TEXT,
                      get_quantity INTEGER,
                      get_remaining INTEGER,
                      expiration INTEGER,
                      expire_index INTEGER,
                      fee_required INTEGER,
                      fee_required_remaining INTEGER,
                      fee_provided INTEGER,
                      fee_provided_remaining INTEGER,
                      status TEXT,
                      FOREIGN KEY (tx_index, tx_hash, block_index) REFERENCES transactions(tx_index, tx_hash, block_index),
                      PRIMARY KEY (tx_index, tx_hash));
INSERT INTO orders VALUES(3,'75799f04ade223ea1cc29121fa1cb7ca550da1cee549a87439994202d0d2585a',154910,'2_mn6q3dS2EnDUx3bmyWc6D4szJNVGtaR7zc_mtQheFaSfWELRB2MyMBaiWjdDm6ux9Ezns_2','BTC',50000000,0,'XCP',100000000,0,10,154920,0,0,1000000,142858,'expired');
INSERT INTO orders VALUES(4,'a59a47b4b1cc072b8dfbcca228a00d700ccf0a66171aa50553e1ac32bbdd231d',154911,'2_mn6q3dS2EnDUx3bmyWc6D4szJNVGtaR7zc_mtQheFaSfWELRB2MyMBaiWjdDm6ux9Ezns_2','XCP',105000000,5000000,'BTC',50000000,0,10,154921,900000,42858,10000,10000,'expired');
INSERT INTO orders VALUES(22,'cbe5f4b5a8d388c714fb7ed0278204610f40edcebd9cad21a2e0045511116bc6',154929,'2_mn6q3dS2EnDUx3bmyWc6D4szJNVGtaR7zc_mtQheFaSfWELRB2MyMBaiWjdDm6ux9Ezns_2','BBBB',50000000,50000000,'XCP',50000000,50000000,10,154939,0,0,10000,10000,'expired');
-- Triggers and indices on  orders
CREATE INDEX expire_idx ON orders (expire_index, status);
CREATE INDEX give_asset_idx ON orders (give_asset);
CREATE INDEX give_get_status_idx ON orders (get_asset, give_asset, status);
CREATE INDEX give_status_idx ON orders (give_asset, status);
CREATE INDEX source_give_status_idx ON orders (source, give_asset, status);

-- Table  rps
DROP TABLE IF EXISTS rps;
CREATE TABLE rps(
                      tx_index INTEGER UNIQUE,
                      tx_hash TEXT UNIQUE,
                      block_index INTEGER,
                      source TEXT,
                      possible_moves INTEGER,
                      wager INTEGER,
                      move_random_hash TEXT,
                      expiration INTEGER,
                      expire_index INTEGER,
                      status TEXT,
                      FOREIGN KEY (tx_index, tx_hash, block_index) REFERENCES transactions(tx_index, tx_hash, block_index),
                      PRIMARY KEY (tx_index, tx_hash));
INSERT INTO rps VALUES(26,'3b5d38ad9a5470b642b4281483180a2368f2bc32f82e842fcec508d5f9341afe',154933,'2_mn6q3dS2EnDUx3bmyWc6D4szJNVGtaR7zc_mtQheFaSfWELRB2MyMBaiWjdDm6ux9Ezns_2',5,11021663,'6a886d74c2d4b1d7a35fd9159333ef64ba45a04d7aeeeb4538f958603c16fc5d',100,155033,'matched');
INSERT INTO rps VALUES(27,'2b9193f719d4aaa4234a04a7a8e52a7584bd9e69dac2ea0dbd32b5eac8801aad',154934,'2_mnfAHmddVibnZNSkh8DvKaQoiEfNsxjXzH_mtQheFaSfWELRB2MyMBaiWjdDm6ux9Ezns_2',5,11021663,'6e8bf66cbd6636aca1802459b730a99548624e48e243b840e0b34a12bede17ec',100,155034,'matched');
INSERT INTO rps VALUES(30,'f28c212a5e7acab0e43f6464aa0b57dff93609d6cfccb81f36f6684a9b42205f',154937,'2_mn6q3dS2EnDUx3bmyWc6D4szJNVGtaR7zc_mtQheFaSfWELRB2MyMBaiWjdDm6ux9Ezns_2',5,11021663,'6a886d74c2d4b1d7a35fd9159333ef64ba45a04d7aeeeb4538f958603c16fc5d',10,154947,'expired');
INSERT INTO rps VALUES(48,'c003c7868ae17880d7166a34b5d6b350643c6a4cda0d664a885a51366505d1f2',154955,'2_mn6q3dS2EnDUx3bmyWc6D4szJNVGtaR7zc_mtQheFaSfWELRB2MyMBaiWjdDm6ux9Ezns_2',5,11021664,'6a886d74c2d4b1d7a35fd9159333ef64ba45a04d7aeeeb4538f958603c16fc5d',10,154965,'matched');
INSERT INTO rps VALUES(49,'1bd694984ba6a2aaca7a817ac2b8b91d334a9485560d65c7ab7026a85434939e',154956,'2_mnfAHmddVibnZNSkh8DvKaQoiEfNsxjXzH_mtQheFaSfWELRB2MyMBaiWjdDm6ux9Ezns_2',5,11021664,'6a886d74c2d4b1d7a35fd9159333ef64ba45a04d7aeeeb4538f958603c16fc5d',10,154966,'matched');
INSERT INTO rps VALUES(75,'31c71e187fc92b453d3d7cf6bbb4dde8755c40ef0cc08b2781b41b26f4e67d4f',154982,'2_mn6q3dS2EnDUx3bmyWc6D4szJNVGtaR7zc_mtQheFaSfWELRB2MyMBaiWjdDm6ux9Ezns_2',5,11021665,'6a886d74c2d4b1d7a35fd9159333ef64ba45a04d7aeeeb4538f958603c16fc5d',10,154992,'matched');
INSERT INTO rps VALUES(76,'7a96ab193c6236d79834e90625cefc3cabcebb9d889663e3e137d6e546055ec5',154983,'2_mnfAHmddVibnZNSkh8DvKaQoiEfNsxjXzH_mtQheFaSfWELRB2MyMBaiWjdDm6ux9Ezns_2',5,11021665,'6a886d74c2d4b1d7a35fd9159333ef64ba45a04d7aeeeb4538f958603c16fc5d',10,154993,'matched');
-- Triggers and indices on  rps
CREATE INDEX matching_idx ON rps (wager, possible_moves);

-- Table  rps_expirations
DROP TABLE IF EXISTS rps_expirations;
CREATE TABLE rps_expirations(
                      rps_index INTEGER PRIMARY KEY,
                      rps_hash TEXT UNIQUE,
                      source TEXT,
                      block_index INTEGER,
                      FOREIGN KEY (block_index) REFERENCES blocks(block_index),
                      FOREIGN KEY (rps_index, rps_hash) REFERENCES rps(tx_index, tx_hash));
INSERT INTO rps_expirations VALUES(30,'f28c212a5e7acab0e43f6464aa0b57dff93609d6cfccb81f36f6684a9b42205f','2_mn6q3dS2EnDUx3bmyWc6D4szJNVGtaR7zc_mtQheFaSfWELRB2MyMBaiWjdDm6ux9Ezns_2',154948);

-- Table  rps_match_expirations
DROP TABLE IF EXISTS rps_match_expirations;
CREATE TABLE rps_match_expirations(
                      rps_match_id TEXT PRIMARY KEY,
                      tx0_address TEXT,
                      tx1_address TEXT,
                      block_index INTEGER,
                      FOREIGN KEY (rps_match_id) REFERENCES rps_matches(id),
                      FOREIGN KEY (block_index) REFERENCES blocks(block_index));
INSERT INTO rps_match_expirations VALUES('c003c7868ae17880d7166a34b5d6b350643c6a4cda0d664a885a51366505d1f21bd694984ba6a2aaca7a817ac2b8b91d334a9485560d65c7ab7026a85434939e','2_mn6q3dS2EnDUx3bmyWc6D4szJNVGtaR7zc_mtQheFaSfWELRB2MyMBaiWjdDm6ux9Ezns_2','2_mnfAHmddVibnZNSkh8DvKaQoiEfNsxjXzH_mtQheFaSfWELRB2MyMBaiWjdDm6ux9Ezns_2',154977);
INSERT INTO rps_match_expirations VALUES('31c71e187fc92b453d3d7cf6bbb4dde8755c40ef0cc08b2781b41b26f4e67d4f7a96ab193c6236d79834e90625cefc3cabcebb9d889663e3e137d6e546055ec5','2_mn6q3dS2EnDUx3bmyWc6D4szJNVGtaR7zc_mtQheFaSfWELRB2MyMBaiWjdDm6ux9Ezns_2','2_mnfAHmddVibnZNSkh8DvKaQoiEfNsxjXzH_mtQheFaSfWELRB2MyMBaiWjdDm6ux9Ezns_2',155004);

-- Table  rps_matches
DROP TABLE IF EXISTS rps_matches;
CREATE TABLE rps_matches(
                      id TEXT PRIMARY KEY,
                      tx0_index INTEGER,
                      tx0_hash TEXT,
                      tx0_address TEXT,
                      tx1_index INTEGER,
                      tx1_hash TEXT,
                      tx1_address TEXT,
                      tx0_move_random_hash TEXT,
                      tx1_move_random_hash TEXT,
                      wager INTEGER,
                      possible_moves INTEGER,
                      tx0_block_index INTEGER,
                      tx1_block_index INTEGER,
                      block_index INTEGER,
                      tx0_expiration INTEGER,
                      tx1_expiration INTEGER,
                      match_expire_index INTEGER,
                      status TEXT,
                      FOREIGN KEY (tx0_index, tx0_hash, tx0_block_index) REFERENCES transactions(tx_index, tx_hash, block_index),
                      FOREIGN KEY (tx1_index, tx1_hash, tx1_block_index) REFERENCES transactions(tx_index, tx_hash, block_index));
INSERT INTO rps_matches VALUES('3b5d38ad9a5470b642b4281483180a2368f2bc32f82e842fcec508d5f9341afe2b9193f719d4aaa4234a04a7a8e52a7584bd9e69dac2ea0dbd32b5eac8801aad',26,'3b5d38ad9a5470b642b4281483180a2368f2bc32f82e842fcec508d5f9341afe','2_mn6q3dS2EnDUx3bmyWc6D4szJNVGtaR7zc_mtQheFaSfWELRB2MyMBaiWjdDm6ux9Ezns_2',27,'2b9193f719d4aaa4234a04a7a8e52a7584bd9e69dac2ea0dbd32b5eac8801aad','2_mnfAHmddVibnZNSkh8DvKaQoiEfNsxjXzH_mtQheFaSfWELRB2MyMBaiWjdDm6ux9Ezns_2','6a886d74c2d4b1d7a35fd9159333ef64ba45a04d7aeeeb4538f958603c16fc5d','6e8bf66cbd6636aca1802459b730a99548624e48e243b840e0b34a12bede17ec',11021663,5,154933,154934,154934,100,100,154954,'concluded: first player wins');
INSERT INTO rps_matches VALUES('c003c7868ae17880d7166a34b5d6b350643c6a4cda0d664a885a51366505d1f21bd694984ba6a2aaca7a817ac2b8b91d334a9485560d65c7ab7026a85434939e',48,'c003c7868ae17880d7166a34b5d6b350643c6a4cda0d664a885a51366505d1f2','2_mn6q3dS2EnDUx3bmyWc6D4szJNVGtaR7zc_mtQheFaSfWELRB2MyMBaiWjdDm6ux9Ezns_2',49,'1bd694984ba6a2aaca7a817ac2b8b91d334a9485560d65c7ab7026a85434939e','2_mnfAHmddVibnZNSkh8DvKaQoiEfNsxjXzH_mtQheFaSfWELRB2MyMBaiWjdDm6ux9Ezns_2','6a886d74c2d4b1d7a35fd9159333ef64ba45a04d7aeeeb4538f958603c16fc5d','6a886d74c2d4b1d7a35fd9159333ef64ba45a04d7aeeeb4538f958603c16fc5d',11021664,5,154955,154956,154956,10,10,154976,'expired');
INSERT INTO rps_matches VALUES('31c71e187fc92b453d3d7cf6bbb4dde8755c40ef0cc08b2781b41b26f4e67d4f7a96ab193c6236d79834e90625cefc3cabcebb9d889663e3e137d6e546055ec5',75,'31c71e187fc92b453d3d7cf6bbb4dde8755c40ef0cc08b2781b41b26f4e67d4f','2_mn6q3dS2EnDUx3bmyWc6D4szJNVGtaR7zc_mtQheFaSfWELRB2MyMBaiWjdDm6ux9Ezns_2',76,'7a96ab193c6236d79834e90625cefc3cabcebb9d889663e3e137d6e546055ec5','2_mnfAHmddVibnZNSkh8DvKaQoiEfNsxjXzH_mtQheFaSfWELRB2MyMBaiWjdDm6ux9Ezns_2','6a886d74c2d4b1d7a35fd9159333ef64ba45a04d7aeeeb4538f958603c16fc5d','6a886d74c2d4b1d7a35fd9159333ef64ba45a04d7aeeeb4538f958603c16fc5d',11021665,5,154982,154983,154983,10,10,155003,'concluded: first player wins');
-- Triggers and indices on  rps_matches
CREATE INDEX rps_match_expire_idx ON rps_matches (status, match_expire_index);
CREATE INDEX rps_tx0_address_idx ON rps_matches (tx0_address);
CREATE INDEX rps_tx1_address_idx ON rps_matches (tx1_address);

-- Table  rpsresolves
DROP TABLE IF EXISTS rpsresolves;
CREATE TABLE rpsresolves(
                      tx_index INTEGER PRIMARY KEY,
                      tx_hash TEXT UNIQUE,
                      block_index INTEGER,
                      source TEXT,
                      move INTEGER,
                      random TEXT,
                      rps_match_id TEXT,
                      status TEXT,
                      FOREIGN KEY (tx_index, tx_hash, block_index) REFERENCES transactions(tx_index, tx_hash, block_index));
INSERT INTO rpsresolves VALUES(28,'e285c27fe6f2e6b41d826ecaede1174581df2d5a4fc528c9b50e8aca57389888',154935,'2_mn6q3dS2EnDUx3bmyWc6D4szJNVGtaR7zc_mtQheFaSfWELRB2MyMBaiWjdDm6ux9Ezns_2',3,'7a4488d61ed8f2e9fa2874113fccb8b1','3b5d38ad9a5470b642b4281483180a2368f2bc32f82e842fcec508d5f9341afe2b9193f719d4aaa4234a04a7a8e52a7584bd9e69dac2ea0dbd32b5eac8801aad','valid');
INSERT INTO rpsresolves VALUES(29,'93128b9e8ffd84f08d6cdb325990b90e0fba7e38e79545b39a908c7345206d08',154936,'2_mnfAHmddVibnZNSkh8DvKaQoiEfNsxjXzH_mtQheFaSfWELRB2MyMBaiWjdDm6ux9Ezns_2',5,'fa765e80203cba24a298e4458f63ff6b','3b5d38ad9a5470b642b4281483180a2368f2bc32f82e842fcec508d5f9341afe2b9193f719d4aaa4234a04a7a8e52a7584bd9e69dac2ea0dbd32b5eac8801aad','valid');
INSERT INTO rpsresolves VALUES(77,'c051f14b39657f52bd8514ee8902aab6c653eeb9964a4b411f7b8eca244d6139',154984,'2_mn6q3dS2EnDUx3bmyWc6D4szJNVGtaR7zc_mtQheFaSfWELRB2MyMBaiWjdDm6ux9Ezns_2',3,'7a4488d61ed8f2e9fa2874113fccb8b1','31c71e187fc92b453d3d7cf6bbb4dde8755c40ef0cc08b2781b41b26f4e67d4f7a96ab193c6236d79834e90625cefc3cabcebb9d889663e3e137d6e546055ec5','valid');
-- Triggers and indices on  rpsresolves
CREATE INDEX rps_match_id_idx ON rpsresolves (rps_match_id);

-- Table  sends
DROP TABLE IF EXISTS sends;
CREATE TABLE sends(
                      tx_index INTEGER PRIMARY KEY,
                      tx_hash TEXT UNIQUE,
                      block_index INTEGER,
                      source TEXT,
                      destination TEXT,
                      asset TEXT,
                      quantity INTEGER,
                      status TEXT,
                      FOREIGN KEY (tx_index, tx_hash, block_index) REFERENCES transactions(tx_index, tx_hash, block_index));
INSERT INTO sends VALUES(2,'8b6f58c1285e5637d0adf27cc074576587988a4ca9e55f694bb0a1746c505cfd',154909,'2_mn6q3dS2EnDUx3bmyWc6D4szJNVGtaR7zc_mtQheFaSfWELRB2MyMBaiWjdDm6ux9Ezns_2','2_mnfAHmddVibnZNSkh8DvKaQoiEfNsxjXzH_mtQheFaSfWELRB2MyMBaiWjdDm6ux9Ezns_2','XCP',50000000,'valid');
INSERT INTO sends VALUES(8,'665932e816d18494ef8024ef0f45b368dda8021e00bbfa60b7182861b123e2a0',154915,'2_mn6q3dS2EnDUx3bmyWc6D4szJNVGtaR7zc_mtQheFaSfWELRB2MyMBaiWjdDm6ux9Ezns_2','2_mnfAHmddVibnZNSkh8DvKaQoiEfNsxjXzH_mtQheFaSfWELRB2MyMBaiWjdDm6ux9Ezns_2','BBBB',4000000,'valid');
INSERT INTO sends VALUES(9,'fa9369f9e48aaf61776f3da836e39c7fe2d8eff0c26754fb5bab0e38e66ca507',154916,'2_mn6q3dS2EnDUx3bmyWc6D4szJNVGtaR7zc_mtQheFaSfWELRB2MyMBaiWjdDm6ux9Ezns_2','2_mnfAHmddVibnZNSkh8DvKaQoiEfNsxjXzH_mtQheFaSfWELRB2MyMBaiWjdDm6ux9Ezns_2','BBBC',526,'valid');
INSERT INTO sends VALUES(24,'d53461f4b38da190622211459ab896e3172b473f7d23ac3efd1aea703dffb85a',154931,'2_mn6q3dS2EnDUx3bmyWc6D4szJNVGtaR7zc_mtQheFaSfWELRB2MyMBaiWjdDm6ux9Ezns_2','2_mnfAHmddVibnZNSkh8DvKaQoiEfNsxjXzH_mtQheFaSfWELRB2MyMBaiWjdDm6ux9Ezns_2','BBBC',10000,'valid');
-- Triggers and indices on  sends
CREATE INDEX destination_idx ON sends (destination);
CREATE INDEX source_idx ON sends (source);

-- Table  transactions
DROP TABLE IF EXISTS transactions;
CREATE TABLE transactions(
                      tx_index INTEGER UNIQUE,
                      tx_hash TEXT UNIQUE,
                      block_index INTEGER,
                      block_hash TEXT,
                      block_time INTEGER,
                      source TEXT,
                      destination TEXT,
                      btc_amount INTEGER,
                      fee INTEGER,
                      data BLOB,
                      supported BOOL DEFAULT 1,
                      FOREIGN KEY (block_index, block_hash) REFERENCES blocks(block_index, block_hash),
                      PRIMARY KEY (tx_index, tx_hash, block_index));
INSERT INTO transactions VALUES(1,'d1d12d0e1c8ec416a89a84631e77b5070919f410c9f183413851c981849ab183',154908,'cab26004a25bf4f3f706d147cc1a6b4ae35d4e2177acbb3a5e1347205fab75cc93c2cfdda0f9e01252776bdaccd4a9dc2cc2e2264af588dbe306734293c1c8c4',1549080000000,'2_mn6q3dS2EnDUx3bmyWc6D4szJNVGtaR7zc_mtQheFaSfWELRB2MyMBaiWjdDm6ux9Ezns_2','mvCounterpartyXXXXXXXXXXXXXXW24Hef',62000000,10000,X'',1);
INSERT INTO transactions VALUES(2,'8b6f58c1285e5637d0adf27cc074576587988a4ca9e55f694bb0a1746c505cfd',154909,'244e7bf91f9a9cd5ec8c2abd8740a506c2de2156ab635d08d78429afba33f7f090659eca59b3a3f862dd87bb36221e52915512486da5d6ef0ec37e85124a9303',1549090000000,'2_mn6q3dS2EnDUx3bmyWc6D4szJNVGtaR7zc_mtQheFaSfWELRB2MyMBaiWjdDm6ux9Ezns_2','2_mnfAHmddVibnZNSkh8DvKaQoiEfNsxjXzH_mtQheFaSfWELRB2MyMBaiWjdDm6ux9Ezns_2',7800,10000,X'0000000000000000000000010000000002FAF080',1);
INSERT INTO transactions VALUES(3,'75799f04ade223ea1cc29121fa1cb7ca550da1cee549a87439994202d0d2585a',154910,'80d40ca10e5ea63a2ad8303c70819f369afbbd5716faf875fa4eb8ac2799ee0f9b2e5e204849d8ebca34537bdef7620fe81db66fc8195e193ee778fa43d68cdb',1549100000000,'2_mn6q3dS2EnDUx3bmyWc6D4szJNVGtaR7zc_mtQheFaSfWELRB2MyMBaiWjdDm6ux9Ezns_2','',0,1000000,X'0000000A00000000000000000000000002FAF08000000000000000010000000005F5E100000A0000000000000000',1);
INSERT INTO transactions VALUES(4,'a59a47b4b1cc072b8dfbcca228a00d700ccf0a66171aa50553e1ac32bbdd231d',154911,'c572450879274cc2a7adfa27f3484ba94d76ae3c23d42a92f386000ba36b09790b7448701614b040f3e5dadd6378940e4b47ddb7e6a0da38aadb578b81c178e1',1549110000000,'2_mn6q3dS2EnDUx3bmyWc6D4szJNVGtaR7zc_mtQheFaSfWELRB2MyMBaiWjdDm6ux9Ezns_2','',0,10000,X'0000000A00000000000000010000000006422C4000000000000000000000000002FAF080000A00000000000DBBA0',1);
INSERT INTO transactions VALUES(5,'bda0eb681b409e5d6652d50d0388968f14166d3010311a106619f515072dacc4',154912,'b0fe961d25394561c42ea0e5df888ba20580eab3ddb9d294faf901cda2517ebc2078f91137fdf9badefee7950b0274941c7764ecb47546c05e1a3563fc032339',1549120000000,'2_mn6q3dS2EnDUx3bmyWc6D4szJNVGtaR7zc_mtQheFaSfWELRB2MyMBaiWjdDm6ux9Ezns_2','2_mn6q3dS2EnDUx3bmyWc6D4szJNVGtaR7zc_mtQheFaSfWELRB2MyMBaiWjdDm6ux9Ezns_2',50000000,10000,X'0000000B75799F04ADE223EA1CC29121FA1CB7CA550DA1CEE549A87439994202D0D2585AA59A47B4B1CC072B8DFBCCA228A00D700CCF0A66171AA50553E1AC32BBDD231D',1);
INSERT INTO transactions VALUES(6,'d127c54240f5e734721e85b825ef6c971b59523d4d75c788e306c1eca04f6615',154913,'797ff8f7e2e601c1595d2bc2088ae7ecd723d53514b74e5545be46389d9ccf31bed1c874b482eee40b06d2d5823969203624a7fd540819262d0033ab08c0887f',1549130000000,'2_mn6q3dS2EnDUx3bmyWc6D4szJNVGtaR7zc_mtQheFaSfWELRB2MyMBaiWjdDm6ux9Ezns_2','',0,10000,X'000000140000000000004767000000003B9ACA000100000000000000000000',1);
INSERT INTO transactions VALUES(7,'17334a5a0f068116da543f2c0794e667755e59e497d17523052abcb2b0c7480a',154914,'78cad5b3c7bbac19cbbf5b58f7f2183441d22d200d3b1cb41da63aa293a5393883e3fcfc8eccd9c0ff5ca62b0552c8cd8b5c08e76475003f403c382725194e80',1549140000000,'2_mn6q3dS2EnDUx3bmyWc6D4szJNVGtaR7zc_mtQheFaSfWELRB2MyMBaiWjdDm6ux9Ezns_2','',0,10000,X'00000014000000000000476800000000000186A00001000000113C75C28F06666F6F626172',1);
INSERT INTO transactions VALUES(8,'665932e816d18494ef8024ef0f45b368dda8021e00bbfa60b7182861b123e2a0',154915,'fc8ccc098da63edc027cfcb3a6bd5a882e21cc79ec5786f499b1c483779af70d76cd7decf3d4018dcefa678e9566c2b2a2fce14e27a8bb273af4a9af7cf1d932',1549150000000,'2_mn6q3dS2EnDUx3bmyWc6D4szJNVGtaR7zc_mtQheFaSfWELRB2MyMBaiWjdDm6ux9Ezns_2','2_mnfAHmddVibnZNSkh8DvKaQoiEfNsxjXzH_mtQheFaSfWELRB2MyMBaiWjdDm6ux9Ezns_2',7800,10000,X'00000000000000000000476700000000003D0900',1);
INSERT INTO transactions VALUES(9,'fa9369f9e48aaf61776f3da836e39c7fe2d8eff0c26754fb5bab0e38e66ca507',154916,'94cd7d76a2cda75e80a2fe48dd3c44d46fed958f6223c9b0ff1a5ebcf255ab0a27df96220f9153fd180048828dcc3afe98c73988f91619f444c91c62a11d881b',1549160000000,'2_mn6q3dS2EnDUx3bmyWc6D4szJNVGtaR7zc_mtQheFaSfWELRB2MyMBaiWjdDm6ux9Ezns_2','2_mnfAHmddVibnZNSkh8DvKaQoiEfNsxjXzH_mtQheFaSfWELRB2MyMBaiWjdDm6ux9Ezns_2',7800,10000,X'000000000000000000004768000000000000020E',1);
INSERT INTO transactions VALUES(10,'19d6c36abe5e3f08992ad07d6f91984155af573276e24e6a257a9039dbc6ed0b',154917,'b8b1961aa5981b069f1e7ce8d7a181736b80b54a5bda33a1bdf4b46f3d0f3dd732bc290cd13e7dab43d12c9efe30723afbe75e82447acd433557548a7568bb1d',1549170000000,'2_mn6q3dS2EnDUx3bmyWc6D4szJNVGtaR7zc_mtQheFaSfWELRB2MyMBaiWjdDm6ux9Ezns_2','',0,10000,X'00000032000000000000025800000000000047670000000000000001',1);
INSERT INTO transactions VALUES(11,'4201328d526f755f7bd58b7d338a2f3502da890fa1a7286809bbab75279fcaa8',154918,'088546b5563c11520e7fefe3ee0b8bd554b63f935ba0f52ee593300d79ccaba01cef7410df455753f5b4b33326da18e055638a161582c2d6e241ddfe6136e379',1549180000000,'2_mn6q3dS2EnDUx3bmyWc6D4szJNVGtaR7zc_mtQheFaSfWELRB2MyMBaiWjdDm6ux9Ezns_2','',0,10000,X'00000032000000000000032000000000000047680000000000000001',1);
INSERT INTO transactions VALUES(12,'4a6d2e9401e57329053ba22181dacb36381fb6e3407449a9a6cd2e7772f1f8dc',154919,'3dd36d3b00a9000ef4d22e3017f7af48c5c0a9af6e03ecc2a26a49345adef79ac252fd57551a14991e40d128990fbe8776fec55d4826b98e937f92bef3ae0be4',1549190000000,'2_mn6q3dS2EnDUx3bmyWc6D4szJNVGtaR7zc_mtQheFaSfWELRB2MyMBaiWjdDm6ux9Ezns_2','',0,10000,X'0000001E52BB33004059000000000000004C4B4009556E69742054657374',1);
INSERT INTO transactions VALUES(13,'6a4812dd771d9edbe8d4ccd911fe40917d7559c15509445981584619ae43d85f',154920,'0fca8dfde3b5b34b0829e1daa9a5c7f235a93d74fd3575d68f7a131c7790e01eb69fd3e0aaa9d872c8dad6d8e57e49b3a5903d774372ed5524dac8afc51c18d2',1549200000000,'2_mn6q3dS2EnDUx3bmyWc6D4szJNVGtaR7zc_mtQheFaSfWELRB2MyMBaiWjdDm6ux9Ezns_2','2_mn6q3dS2EnDUx3bmyWc6D4szJNVGtaR7zc_mtQheFaSfWELRB2MyMBaiWjdDm6ux9Ezns_2',7800,10000,X'00000028000052BB33640000000002FAF08000000000017D7840000000000000000000003B100000000A',1);
INSERT INTO transactions VALUES(14,'b562ddd84042af42781b77f913e837a457591b0ea26ea28886a9927d09e8293a',154921,'1a99275c7a70a496ce9fcd5cf21876916351805fdc5258dbaa004ff9ea8e451be93cc6f872819dd8942847c650afd37618bbb630528d772b4f8eb318122b1043',1549210000000,'2_mn6q3dS2EnDUx3bmyWc6D4szJNVGtaR7zc_mtQheFaSfWELRB2MyMBaiWjdDm6ux9Ezns_2','2_mn6q3dS2EnDUx3bmyWc6D4szJNVGtaR7zc_mtQheFaSfWELRB2MyMBaiWjdDm6ux9Ezns_2',7800,10000,X'00000028000152BB336400000000017D78400000000002793D60000000000000000000003B100000000A',1);
INSERT INTO transactions VALUES(15,'fb1a4c75fb4b926fd2ef108ea7892a6b287b981836273e7003cc60d052b36a21',154922,'3e7b51e4121b3f70fa8ac6b3c2e3c29a985e05c5ad92678ee3982e931d81891a876260f7f53108a6e6d9012211a4f43cbc038b91dee92d2d1466448cec4979c4',1549220000000,'2_mn6q3dS2EnDUx3bmyWc6D4szJNVGtaR7zc_mtQheFaSfWELRB2MyMBaiWjdDm6ux9Ezns_2','2_mn6q3dS2EnDUx3bmyWc6D4szJNVGtaR7zc_mtQheFaSfWELRB2MyMBaiWjdDm6ux9Ezns_2',7800,10000,X'00000028000052BB33640000000008F0D1800000000014DC93800000000000000000000013B00000000A',1);
INSERT INTO transactions VALUES(16,'bfe11faf6ce68f7be9f0c7b816cf40e9e25006e0caa3e808a6febece01f2bc8c',154923,'9b16d5d768bbfd1c83ca224c2fd704429a16b6102dc1ccc21eec6547da4dad23bfa3f0df63b0a0c1159268008765227db81aac243e48f470594c3f8e30a2772b',1549230000000,'2_mn6q3dS2EnDUx3bmyWc6D4szJNVGtaR7zc_mtQheFaSfWELRB2MyMBaiWjdDm6ux9Ezns_2','2_mn6q3dS2EnDUx3bmyWc6D4szJNVGtaR7zc_mtQheFaSfWELRB2MyMBaiWjdDm6ux9Ezns_2',7800,10000,X'00000028000152BB33640000000014DC93800000000008F0D1800000000000000000000013B00000000A',1);
INSERT INTO transactions VALUES(17,'be84490ff347a884ebedf39f578204fbdcfa1a9f6cb52d1444af70077a330a8a',154924,'915916edf01452e1a554d7dd7c63acef01f9540006a5b09425d151a8a170bd23e0500bd89dc97b8e49f22a0e662d140f03bcd6d2d9faf2b35e6968cd076329d3',1549240000000,'2_mn6q3dS2EnDUx3bmyWc6D4szJNVGtaR7zc_mtQheFaSfWELRB2MyMBaiWjdDm6ux9Ezns_2','2_mn6q3dS2EnDUx3bmyWc6D4szJNVGtaR7zc_mtQheFaSfWELRB2MyMBaiWjdDm6ux9Ezns_2',7800,10000,X'00000028000252BB33C8000000002CB417800000000026BE36803FF0000000000000000013B00000000A',1);
INSERT INTO transactions VALUES(18,'62e0a73dab9045973995dfa63ff92f75fcfce52231640cd09fbc0a7d8d0e591d',154925,'29d88d169c0c9bb778dd32b9d76fdef07d4cdd5302f02938101e03dd616426884b0e08816cfd7b217662f226003e3821f8e09063dd5250331a3e187557619386',1549250000000,'2_mn6q3dS2EnDUx3bmyWc6D4szJNVGtaR7zc_mtQheFaSfWELRB2MyMBaiWjdDm6ux9Ezns_2','2_mn6q3dS2EnDUx3bmyWc6D4szJNVGtaR7zc_mtQheFaSfWELRB2MyMBaiWjdDm6ux9Ezns_2',7800,10000,X'00000028000352BB33C80000000026BE3680000000002CB417803FF0000000000000000013B00000000A',1);
INSERT INTO transactions VALUES(19,'442563e47efe3fd740b0d5d1a5c0af292d7e977544035fc172eab95a9c5dfedf',154926,'aeff66363337363dce240dd090e1d507f934b2496f82fce7094b6499b657f6375fb541747538a0001da7e87f708e10068399ef20441ba49485bc4edaa2347c85',1549260000000,'2_mn6q3dS2EnDUx3bmyWc6D4szJNVGtaR7zc_mtQheFaSfWELRB2MyMBaiWjdDm6ux9Ezns_2','',0,10000,X'0000001E52BB33324058F7256FFC115E004C4B4009556E69742054657374',1);
INSERT INTO transactions VALUES(20,'237c1d0aa19201f524d0be34cf41d5e78eb8fed707349f753eec581ca25e0fbd',154927,'bc5cd4a70a0e3038768b0b4dacc11bb5bdbbaa51a7a6d0a69aaed9ab49451f57aa1f702921cf8fd5e477c4f06353f7ae69c5ce347a1307c38edcb9619ba9709f',1549270000000,'2_mn6q3dS2EnDUx3bmyWc6D4szJNVGtaR7zc_mtQheFaSfWELRB2MyMBaiWjdDm6ux9Ezns_2','',0,10000,X'0000001E52BB3365405915F3B645A1CB004C4B4009556E69742054657374',1);
INSERT INTO transactions VALUES(21,'0e56453698d57850de5c669d1654c9f6f8e7c93cb8bdc7e674af53676b8732b3',154928,'f5b79d98c8c45e396851d32aaeb4730f0ffe2db82e36a6f8ba6b139a5a4fc6ec7e0e7a4c304f12a3b8ff41ab648a2d4b17689b7ea4c037b12a62a03988bee963',1549280000000,'2_mn6q3dS2EnDUx3bmyWc6D4szJNVGtaR7zc_mtQheFaSfWELRB2MyMBaiWjdDm6ux9Ezns_2','',0,10000,X'0000001E52BB33C94000000000000000004C4B4009556E69742054657374',1);
INSERT INTO transactions VALUES(22,'cbe5f4b5a8d388c714fb7ed0278204610f40edcebd9cad21a2e0045511116bc6',154929,'7068c1abc38664730e4b979aa4d3beb7131c65e36cf7aaa2852bbe3a0b74783eaa0c7a7ed52ec04b5d6865faaceb23b41390ec93f667cffe8ba9cec6757bbba9',1549290000000,'2_mn6q3dS2EnDUx3bmyWc6D4szJNVGtaR7zc_mtQheFaSfWELRB2MyMBaiWjdDm6ux9Ezns_2','',0,10000,X'0000000A00000000000047670000000002FAF08000000000000000010000000002FAF080000A0000000000000000',1);
INSERT INTO transactions VALUES(23,'3d7a7bf8fb10eaea526ec8d9e39e30ba25e33632cbc687ef3d076ad1e032e556',154930,'2b7fef6e9069f1a2f44e6eb08f0f5e32033d0048fc3cfc526237a4c4ced59590dbacfa4bfe95b894bc21658cffb2908b85280e6cfaa1545970bf2a724ceeea5b',1549300000000,'2_mn6q3dS2EnDUx3bmyWc6D4szJNVGtaR7zc_mtQheFaSfWELRB2MyMBaiWjdDm6ux9Ezns_2','mvCounterpartyXXXXXXXXXXXXXXW24Hef',100000000,10000,X'',1);
INSERT INTO transactions VALUES(24,'d53461f4b38da190622211459ab896e3172b473f7d23ac3efd1aea703dffb85a',154931,'efd744787f5fa988aa515f4a7d14323969ab838c70a3d6d3a029ddf6eac7dd74568b09659b7756eafc7b6e410d8e5f5ba921d9a454c97f6c6b72ca7da37b5c58',1549310000000,'2_mn6q3dS2EnDUx3bmyWc6D4szJNVGtaR7zc_mtQheFaSfWELRB2MyMBaiWjdDm6ux9Ezns_2','2_mnfAHmddVibnZNSkh8DvKaQoiEfNsxjXzH_mtQheFaSfWELRB2MyMBaiWjdDm6ux9Ezns_2',7800,10000,X'0000000000000000000047680000000000002710',1);
INSERT INTO transactions VALUES(25,'3632f0e99ac8562a9b2a6b7f22b175b872691f23cc0d1d15a509a1f99a4a5235',154932,'09614b8f64a6aacc740150eab0bbe7aaef9045825e188800d44f8a5620afd0cc71f8a354b2d061b8cf2be47434963ee9709103d46151d9c18f80366b61d33eda',1549320000000,'2_mn6q3dS2EnDUx3bmyWc6D4szJNVGtaR7zc_mtQheFaSfWELRB2MyMBaiWjdDm6ux9Ezns_2','',0,10000,X'000000153FD33333333333330000000000004768',1);
INSERT INTO transactions VALUES(26,'3b5d38ad9a5470b642b4281483180a2368f2bc32f82e842fcec508d5f9341afe',154933,'d08f4dd0524762d7ebb5939e2b73f98c2260c8f2314a93b468e983e13a96639477f2effcfe51395687508cf6f0cb2de65e818396e9b3adb4a499f3d8cb16a638',1549330000000,'2_mn6q3dS2EnDUx3bmyWc6D4szJNVGtaR7zc_mtQheFaSfWELRB2MyMBaiWjdDm6ux9Ezns_2','',0,10000,X'0000005000050000000000A82D5F6A886D74C2D4B1D7A35FD9159333EF64BA45A04D7AEEEB4538F958603C16FC5D00000064',1);
INSERT INTO transactions VALUES(27,'2b9193f719d4aaa4234a04a7a8e52a7584bd9e69dac2ea0dbd32b5eac8801aad',154934,'a519de47aa8c7eafe6fc8a4df5f5f05ea4bd27e41ea67d83555417146a35bbab2529ceff400f46163eb539a2c846bd8b8ee9cc87aefcce7b17054decb392a5ea',1549340000000,'2_mnfAHmddVibnZNSkh8DvKaQoiEfNsxjXzH_mtQheFaSfWELRB2MyMBaiWjdDm6ux9Ezns_2','',0,10000,X'0000005000050000000000A82D5F6E8BF66CBD6636ACA1802459B730A99548624E48E243B840E0B34A12BEDE17EC00000064',1);
INSERT INTO transactions VALUES(28,'e285c27fe6f2e6b41d826ecaede1174581df2d5a4fc528c9b50e8aca57389888',154935,'bb8f4a793ea7c9ecab809a8c210ec05858a8241939ee6d12e283e2ad119ee87ca2078f81a3c295bb527766dc2713b90793ab8a518db9fb4f2967e43f245ee0fb',1549350000000,'2_mn6q3dS2EnDUx3bmyWc6D4szJNVGtaR7zc_mtQheFaSfWELRB2MyMBaiWjdDm6ux9Ezns_2','',0,10000,X'0000005100037A4488D61ED8F2E9FA2874113FCCB8B13B5D38AD9A5470B642B4281483180A2368F2BC32F82E842FCEC508D5F9341AFE2B9193F719D4AAA4234A04A7A8E52A7584BD9E69DAC2EA0DBD32B5EAC8801AAD',1);
INSERT INTO transactions VALUES(29,'93128b9e8ffd84f08d6cdb325990b90e0fba7e38e79545b39a908c7345206d08',154936,'3af58b36490131f828a765f13708b818c0a4b7082f2e0ac7d8cccdba7cd77fef40b07f115e453279ae7e9cd47f01ccdf9a23702634ab9793be5533d67c348735',1549360000000,'2_mnfAHmddVibnZNSkh8DvKaQoiEfNsxjXzH_mtQheFaSfWELRB2MyMBaiWjdDm6ux9Ezns_2','',0,10000,X'000000510005FA765E80203CBA24A298E4458F63FF6B3B5D38AD9A5470B642B4281483180A2368F2BC32F82E842FCEC508D5F9341AFE2B9193F719D4AAA4234A04A7A8E52A7584BD9E69DAC2EA0DBD32B5EAC8801AAD',1);
INSERT INTO transactions VALUES(30,'f28c212a5e7acab0e43f6464aa0b57dff93609d6cfccb81f36f6684a9b42205f',154937,'0e82b767d5eef083b2547f3765bc77838ec407b1538acf5a0eb2f153665b65d9b499e7e716db7daefdb8852a411342a9d2ebfe2f4f93e9bb09d5a9ef03cb7cf4',1549370000000,'2_mn6q3dS2EnDUx3bmyWc6D4szJNVGtaR7zc_mtQheFaSfWELRB2MyMBaiWjdDm6ux9Ezns_2','',0,10000,X'0000005000050000000000A82D5F6A886D74C2D4B1D7A35FD9159333EF64BA45A04D7AEEEB4538F958603C16FC5D0000000A',1);
INSERT INTO transactions VALUES(48,'c003c7868ae17880d7166a34b5d6b350643c6a4cda0d664a885a51366505d1f2',154955,'04b4498e214f976cc2daa71ef3d694ed283d98d5153f51dab0fd6ae3ffcc10bca28423b6f437723d7d366d71e8583cf444332cd82ffe30d801e17c1d9e5616a9',1549550000000,'2_mn6q3dS2EnDUx3bmyWc6D4szJNVGtaR7zc_mtQheFaSfWELRB2MyMBaiWjdDm6ux9Ezns_2','',0,10000,X'0000005000050000000000A82D606A886D74C2D4B1D7A35FD9159333EF64BA45A04D7AEEEB4538F958603C16FC5D0000000A',1);
INSERT INTO transactions VALUES(49,'1bd694984ba6a2aaca7a817ac2b8b91d334a9485560d65c7ab7026a85434939e',154956,'84847d413464cf667c6a0c701219c3d74c89c5397b7c05b8e0605e719db735d2d5631d34c78be6d33e3d3e8dfee5f408cbd8589f6ebc3467363b5cd5e0c976f2',1549560000000,'2_mnfAHmddVibnZNSkh8DvKaQoiEfNsxjXzH_mtQheFaSfWELRB2MyMBaiWjdDm6ux9Ezns_2','',0,10000,X'0000005000050000000000A82D606A886D74C2D4B1D7A35FD9159333EF64BA45A04D7AEEEB4538F958603C16FC5D0000000A',1);
INSERT INTO transactions VALUES(75,'31c71e187fc92b453d3d7cf6bbb4dde8755c40ef0cc08b2781b41b26f4e67d4f',154982,'766110ba2b50a1c0b743164d74871882e6b4a5fbb5082a4c37ab4e04cfa8aa8eaa710ba9f7668ba0141eb9e585586c385a0f17dc1c2cf55f50397ffc18717a2b',1549820000000,'2_mn6q3dS2EnDUx3bmyWc6D4szJNVGtaR7zc_mtQheFaSfWELRB2MyMBaiWjdDm6ux9Ezns_2','',0,10000,X'0000005000050000000000A82D616A886D74C2D4B1D7A35FD9159333EF64BA45A04D7AEEEB4538F958603C16FC5D0000000A',1);
INSERT INTO transactions VALUES(76,'7a96ab193c6236d79834e90625cefc3cabcebb9d889663e3e137d6e546055ec5',154983,'2d0c386a1fad12d0b44815b00f9ac4e4f518f334b620920197591cf9f27ff89e7f48ae831ebe91664402088ecb5ef4e751964dfa52c424c17666f55ef997a7e7',1549830000000,'2_mnfAHmddVibnZNSkh8DvKaQoiEfNsxjXzH_mtQheFaSfWELRB2MyMBaiWjdDm6ux9Ezns_2','',0,10000,X'0000005000050000000000A82D616A886D74C2D4B1D7A35FD9159333EF64BA45A04D7AEEEB4538F958603C16FC5D0000000A',1);
INSERT INTO transactions VALUES(77,'c051f14b39657f52bd8514ee8902aab6c653eeb9964a4b411f7b8eca244d6139',154984,'c2b0c5ebf63c897a6d6f11f0ed2891ac1ed874de7f4ef481e26f26af44e5bef76907b5b672be3b4b1ef094c058931631e8c48ade989638d56ced718b81c10ec4',1549840000000,'2_mn6q3dS2EnDUx3bmyWc6D4szJNVGtaR7zc_mtQheFaSfWELRB2MyMBaiWjdDm6ux9Ezns_2','',0,10000,X'0000005100037A4488D61ED8F2E9FA2874113FCCB8B131C71E187FC92B453D3D7CF6BBB4DDE8755C40EF0CC08B2781B41B26F4E67D4F7A96AB193C6236D79834E90625CEFC3CABCEBB9D889663E3E137D6E546055EC5',1);
-- Triggers and indices on  transactions
CREATE INDEX index_hash_index_idx ON transactions (tx_index, tx_hash, block_index);
CREATE INDEX index_index_idx ON transactions (block_index, tx_index);
CREATE INDEX tx_hash_idx ON transactions (tx_hash);
CREATE INDEX tx_index_idx ON transactions (tx_index);

COMMIT TRANSACTION;
