-- PRAGMA page_size=1024;
-- PRAGMA encoding='UTF-8';
-- PRAGMA auto_vacuum=NONE;
-- PRAGMA max_page_count=1073741823;

BEGIN TRANSACTION;

-- Table  balances
DROP TABLE IF EXISTS balances;
CREATE TABLE balances(
                      address TEXT,
                      asset TEXT,
                      quantity INTEGER);
INSERT INTO balances VALUES('2_mn6q3dS2EnDUx3bmyWc6D4szJNVGtaR7zc_mtQheFaSfWELRB2MyMBaiWjdDm6ux9Ezns_2','XCP',145135970641);
INSERT INTO balances VALUES('2_mnfAHmddVibnZNSkh8DvKaQoiEfNsxjXzH_mtQheFaSfWELRB2MyMBaiWjdDm6ux9Ezns_2','XCP',4763877496);
INSERT INTO balances VALUES('2_mn6q3dS2EnDUx3bmyWc6D4szJNVGtaR7zc_mtQheFaSfWELRB2MyMBaiWjdDm6ux9Ezns_2','BBBB',996000000);
INSERT INTO balances VALUES('2_mn6q3dS2EnDUx3bmyWc6D4szJNVGtaR7zc_mtQheFaSfWELRB2MyMBaiWjdDm6ux9Ezns_2','BBBC',92631);
INSERT INTO balances VALUES('2_mnfAHmddVibnZNSkh8DvKaQoiEfNsxjXzH_mtQheFaSfWELRB2MyMBaiWjdDm6ux9Ezns_2','BBBB',4000000);
INSERT INTO balances VALUES('2_mnfAHmddVibnZNSkh8DvKaQoiEfNsxjXzH_mtQheFaSfWELRB2MyMBaiWjdDm6ux9Ezns_2','BBBC',7369);
-- Triggers and indices on  balances
CREATE INDEX address_asset_idx ON balances (address, asset);

-- Table  bet_expirations
DROP TABLE IF EXISTS bet_expirations;
CREATE TABLE bet_expirations(
                      bet_index INTEGER PRIMARY KEY,
                      bet_hash TEXT UNIQUE,
                      source TEXT,
                      block_index INTEGER,
                      FOREIGN KEY (block_index) REFERENCES blocks(block_index),
                      FOREIGN KEY (bet_index, bet_hash) REFERENCES bets(tx_index, tx_hash));
INSERT INTO bet_expirations VALUES(13,'8ae321d45b10b630223521e39950a0324407a3b3aa9dc9feaddbd0f36c89658a','2_mn6q3dS2EnDUx3bmyWc6D4szJNVGtaR7zc_mtQheFaSfWELRB2MyMBaiWjdDm6ux9Ezns_2',281023);

-- Table  bet_match_expirations
DROP TABLE IF EXISTS bet_match_expirations;
CREATE TABLE bet_match_expirations(
                      bet_match_id TEXT PRIMARY KEY,
                      tx0_address TEXT,
                      tx1_address TEXT,
                      block_index INTEGER,
                      FOREIGN KEY (bet_match_id) REFERENCES bet_matches(id),
                      FOREIGN KEY (block_index) REFERENCES blocks(block_index));
INSERT INTO bet_match_expirations VALUES('8ae321d45b10b630223521e39950a0324407a3b3aa9dc9feaddbd0f36c89658ab683bc60157d3fc1c54e83ff152ce745ad0f7e88115e969d8a0c452c0c313964','2_mn6q3dS2EnDUx3bmyWc6D4szJNVGtaR7zc_mtQheFaSfWELRB2MyMBaiWjdDm6ux9Ezns_2','2_mn6q3dS2EnDUx3bmyWc6D4szJNVGtaR7zc_mtQheFaSfWELRB2MyMBaiWjdDm6ux9Ezns_2',281014);
INSERT INTO bet_match_expirations VALUES('5053ec4717d157fb4b9ec0c45f5c39300048545636ccbe1d9d62e1f3f72783fdcfadc8902f19613b9037bb1a462a1cb2fd3c04682f55caed116dd444e539751d','2_mn6q3dS2EnDUx3bmyWc6D4szJNVGtaR7zc_mtQheFaSfWELRB2MyMBaiWjdDm6ux9Ezns_2','2_mn6q3dS2EnDUx3bmyWc6D4szJNVGtaR7zc_mtQheFaSfWELRB2MyMBaiWjdDm6ux9Ezns_2',281016);
INSERT INTO bet_match_expirations VALUES('ad7ff1e59f6298e137038df9ac798a36c282e1bfadc25496458d03103e9423f6da8b14f7e85449f1673ae33a0a7b542ec7260d752a6c9643756032b9f8175950','2_mn6q3dS2EnDUx3bmyWc6D4szJNVGtaR7zc_mtQheFaSfWELRB2MyMBaiWjdDm6ux9Ezns_2','2_mn6q3dS2EnDUx3bmyWc6D4szJNVGtaR7zc_mtQheFaSfWELRB2MyMBaiWjdDm6ux9Ezns_2',281018);

-- Table  bet_match_resolutions
DROP TABLE IF EXISTS bet_match_resolutions;
CREATE TABLE bet_match_resolutions(
                      bet_match_id TEXT PRIMARY KEY,
                      bet_match_type_id INTEGER,
                      block_index INTEGER,
                      winner TEXT,
                      settled BOOL,
                      bull_credit INTEGER,
                      bear_credit INTEGER,
                      escrow_less_fee INTEGER,
                      fee INTEGER,
                      FOREIGN KEY (bet_match_id) REFERENCES bet_matches(id),
                      FOREIGN KEY (block_index) REFERENCES blocks(block_index));

-- Table  bet_matches
DROP TABLE IF EXISTS bet_matches;
CREATE TABLE bet_matches(
                      id TEXT PRIMARY KEY,
                      tx0_index INTEGER,
                      tx0_hash TEXT,
                      tx0_address TEXT,
                      tx1_index INTEGER,
                      tx1_hash TEXT,
                      tx1_address TEXT,
                      tx0_bet_type INTEGER,
                      tx1_bet_type INTEGER,
                      feed_address TEXT,
                      initial_value INTEGER,
                      deadline INTEGER,
                      target_value REAL,
                      leverage INTEGER,
                      forward_quantity INTEGER,
                      backward_quantity INTEGER,
                      tx0_block_index INTEGER,
                      tx1_block_index INTEGER,
                      block_index INTEGER,
                      tx0_expiration INTEGER,
                      tx1_expiration INTEGER,
                      match_expire_index INTEGER,
                      fee_fraction_int INTEGER,
                      status TEXT,
                      FOREIGN KEY (tx0_index, tx0_hash, tx0_block_index) REFERENCES transactions(tx_index, tx_hash, block_index),
                      FOREIGN KEY (tx1_index, tx1_hash, tx1_block_index) REFERENCES transactions(tx_index, tx_hash, block_index));
INSERT INTO bet_matches VALUES('8ae321d45b10b630223521e39950a0324407a3b3aa9dc9feaddbd0f36c89658ab683bc60157d3fc1c54e83ff152ce745ad0f7e88115e969d8a0c452c0c313964',13,'8ae321d45b10b630223521e39950a0324407a3b3aa9dc9feaddbd0f36c89658a','2_mn6q3dS2EnDUx3bmyWc6D4szJNVGtaR7zc_mtQheFaSfWELRB2MyMBaiWjdDm6ux9Ezns_2',14,'b683bc60157d3fc1c54e83ff152ce745ad0f7e88115e969d8a0c452c0c313964','2_mn6q3dS2EnDUx3bmyWc6D4szJNVGtaR7zc_mtQheFaSfWELRB2MyMBaiWjdDm6ux9Ezns_2',0,1,'2_mn6q3dS2EnDUx3bmyWc6D4szJNVGtaR7zc_mtQheFaSfWELRB2MyMBaiWjdDm6ux9Ezns_2',100,1388000100,0.0,15120,41500000,20750000,281012,281013,281013,10,10,281022,5000000,'expired');
INSERT INTO bet_matches VALUES('5053ec4717d157fb4b9ec0c45f5c39300048545636ccbe1d9d62e1f3f72783fdcfadc8902f19613b9037bb1a462a1cb2fd3c04682f55caed116dd444e539751d',15,'5053ec4717d157fb4b9ec0c45f5c39300048545636ccbe1d9d62e1f3f72783fd','2_mn6q3dS2EnDUx3bmyWc6D4szJNVGtaR7zc_mtQheFaSfWELRB2MyMBaiWjdDm6ux9Ezns_2',16,'cfadc8902f19613b9037bb1a462a1cb2fd3c04682f55caed116dd444e539751d','2_mn6q3dS2EnDUx3bmyWc6D4szJNVGtaR7zc_mtQheFaSfWELRB2MyMBaiWjdDm6ux9Ezns_2',0,1,'2_mn6q3dS2EnDUx3bmyWc6D4szJNVGtaR7zc_mtQheFaSfWELRB2MyMBaiWjdDm6ux9Ezns_2',100,1388000100,0.0,5040,150000000,350000000,281014,281015,281015,10,10,281024,5000000,'expired');
INSERT INTO bet_matches VALUES('ad7ff1e59f6298e137038df9ac798a36c282e1bfadc25496458d03103e9423f6da8b14f7e85449f1673ae33a0a7b542ec7260d752a6c9643756032b9f8175950',17,'ad7ff1e59f6298e137038df9ac798a36c282e1bfadc25496458d03103e9423f6','2_mn6q3dS2EnDUx3bmyWc6D4szJNVGtaR7zc_mtQheFaSfWELRB2MyMBaiWjdDm6ux9Ezns_2',18,'da8b14f7e85449f1673ae33a0a7b542ec7260d752a6c9643756032b9f8175950','2_mn6q3dS2EnDUx3bmyWc6D4szJNVGtaR7zc_mtQheFaSfWELRB2MyMBaiWjdDm6ux9Ezns_2',2,3,'2_mn6q3dS2EnDUx3bmyWc6D4szJNVGtaR7zc_mtQheFaSfWELRB2MyMBaiWjdDm6ux9Ezns_2',100,1388000200,1.0,5040,750000000,650000000,281016,281017,281017,10,10,281026,5000000,'expired');
-- Triggers and indices on  bet_matches
CREATE INDEX valid_feed_idx ON bet_matches (feed_address, status);

-- Table  bets
DROP TABLE IF EXISTS bets;
CREATE TABLE bets(
                      tx_index INTEGER UNIQUE,
                      tx_hash TEXT UNIQUE,
                      block_index INTEGER,
                      source TEXT,
                      feed_address TEXT,
                      bet_type INTEGER,
                      deadline INTEGER,
                      wager_quantity INTEGER,
                      wager_remaining INTEGER,
                      counterwager_quantity INTEGER,
                      counterwager_remaining INTEGER,
                      target_value REAL,
                      leverage INTEGER,
                      expiration INTEGER,
                      expire_index INTEGER,
                      fee_fraction_int INTEGER,
                      status TEXT,
                      FOREIGN KEY (tx_index, tx_hash, block_index) REFERENCES transactions(tx_index, tx_hash, block_index),
                      PRIMARY KEY (tx_index, tx_hash));
INSERT INTO bets VALUES(13,'8ae321d45b10b630223521e39950a0324407a3b3aa9dc9feaddbd0f36c89658a',281012,'2_mn6q3dS2EnDUx3bmyWc6D4szJNVGtaR7zc_mtQheFaSfWELRB2MyMBaiWjdDm6ux9Ezns_2','2_mn6q3dS2EnDUx3bmyWc6D4szJNVGtaR7zc_mtQheFaSfWELRB2MyMBaiWjdDm6ux9Ezns_2',0,1388000100,50000000,8500000,25000000,4250000,0.0,15120,10,281022,5000000,'expired');
INSERT INTO bets VALUES(14,'b683bc60157d3fc1c54e83ff152ce745ad0f7e88115e969d8a0c452c0c313964',281013,'2_mn6q3dS2EnDUx3bmyWc6D4szJNVGtaR7zc_mtQheFaSfWELRB2MyMBaiWjdDm6ux9Ezns_2','2_mn6q3dS2EnDUx3bmyWc6D4szJNVGtaR7zc_mtQheFaSfWELRB2MyMBaiWjdDm6ux9Ezns_2',1,1388000100,25000000,4250000,41500000,0,0.0,15120,10,281023,5000000,'filled');
INSERT INTO bets VALUES(15,'5053ec4717d157fb4b9ec0c45f5c39300048545636ccbe1d9d62e1f3f72783fd',281014,'2_mn6q3dS2EnDUx3bmyWc6D4szJNVGtaR7zc_mtQheFaSfWELRB2MyMBaiWjdDm6ux9Ezns_2','2_mn6q3dS2EnDUx3bmyWc6D4szJNVGtaR7zc_mtQheFaSfWELRB2MyMBaiWjdDm6ux9Ezns_2',0,1388000100,150000000,0,350000000,0,0.0,5040,10,281024,5000000,'filled');
INSERT INTO bets VALUES(16,'cfadc8902f19613b9037bb1a462a1cb2fd3c04682f55caed116dd444e539751d',281015,'2_mn6q3dS2EnDUx3bmyWc6D4szJNVGtaR7zc_mtQheFaSfWELRB2MyMBaiWjdDm6ux9Ezns_2','2_mn6q3dS2EnDUx3bmyWc6D4szJNVGtaR7zc_mtQheFaSfWELRB2MyMBaiWjdDm6ux9Ezns_2',1,1388000100,350000000,0,150000000,0,0.0,5040,10,281025,5000000,'filled');
INSERT INTO bets VALUES(17,'ad7ff1e59f6298e137038df9ac798a36c282e1bfadc25496458d03103e9423f6',281016,'2_mn6q3dS2EnDUx3bmyWc6D4szJNVGtaR7zc_mtQheFaSfWELRB2MyMBaiWjdDm6ux9Ezns_2','2_mn6q3dS2EnDUx3bmyWc6D4szJNVGtaR7zc_mtQheFaSfWELRB2MyMBaiWjdDm6ux9Ezns_2',2,1388000200,750000000,0,650000000,0,1.0,5040,10,281026,5000000,'filled');
INSERT INTO bets VALUES(18,'da8b14f7e85449f1673ae33a0a7b542ec7260d752a6c9643756032b9f8175950',281017,'2_mn6q3dS2EnDUx3bmyWc6D4szJNVGtaR7zc_mtQheFaSfWELRB2MyMBaiWjdDm6ux9Ezns_2','2_mn6q3dS2EnDUx3bmyWc6D4szJNVGtaR7zc_mtQheFaSfWELRB2MyMBaiWjdDm6ux9Ezns_2',3,1388000200,650000000,0,750000000,0,1.0,5040,10,281027,5000000,'filled');
-- Triggers and indices on  bets
CREATE INDEX feed_valid_bettype_idx ON bets (feed_address, status, bet_type);

-- Table  blocks
DROP TABLE IF EXISTS blocks;
CREATE TABLE blocks(
                      block_index INTEGER UNIQUE,
                      block_hash TEXT UNIQUE,
                      block_time INTEGER,
                      previous_block_hash TEXT UNIQUE,
                      difficulty INTEGER, ledger_hash TEXT, txlist_hash TEXT,
                      PRIMARY KEY (block_index, block_hash));
INSERT INTO blocks VALUES(280999,'44c255282a60c66ec38af64955c673e5e16ad69aad4e6584d60c9f2ef5fec4951466bc0d9b3b1107a41946571971befb8a67762ec264de62e37307508a2a7d40',2809990000000,NULL,NULL,NULL,NULL);
INSERT INTO blocks VALUES(281000,'19e5c9df8a1fbcf246f58df91d99b1bb209f847fd88197aebb4c29650624364c669b997ec161726969b16eab47e6aa193a4f7959ad407a3064131151853297a7',2810000000000,NULL,NULL,'7b2039b35972b1211f21009608c4a92f899d1ce0837a5dd4622baef9704dec6d','94eb077cefd6a0345eb3ba885a95501c468031f17f1d70f127911b6344fa6d38');
INSERT INTO blocks VALUES(281001,'2c12c0ad5a39e189ee10926d26779b086604b475caab0b6641f29e9068be54a47696302ec9ec9597f098bba2e81e5dfa49034558f958f9b1f62ca115c0a60ae1',2810010000000,NULL,NULL,'4a832c6f8a1bd1e91c494502fc205a81e9538ccb9b00d4b6029974db4e7d91c0','5a75395dad60f65b63b3f3d893fc9a83e710703e95a238f09213baada66629d9');
INSERT INTO blocks VALUES(281002,'6e3e2ad1f0c2004ad5de91b184d43e7cec52c86d97e95a92b96d5e6a052d7de3965f05ae6c1c8714f1126905064c8fda78ba450abae5d61e90bd59d3455c7804',2810020000000,NULL,NULL,'0295bafd0ceea21da9d97ea918aa1697eb72d8364c93138659cffc93fd8bd80f','536d3d7a0c355efa30bc600e9fd93b9a277df40a7956faf671ff629036f5b7fd');
INSERT INTO blocks VALUES(281003,'45d5102b9f3a805f1eddd328ee8ee0addc712141d8a6916e896ad4e78ba297e5fc1228f1235ead0a43dc076404f96e93e0f30c968ee406c25e2a5c9d3ddc1046',2810030000000,NULL,NULL,'e1508eb73408f115800a5b72c58a56b1e7a428449ea0161a97c294695ca13f06','3870e8b8f445c4ced937386afda00b345c35e8fa52082f402bb54ecf9b1b46f2');
INSERT INTO blocks VALUES(281004,'07fd959564064999eba4502617562efa349d523910f2f0224974b6943c86ada23b04575d1d938c878bf371d08079887d83cc9ded4ae876c0cbde874ffe330056',2810040000000,NULL,NULL,'ecb768532e420b53179e6d4d41790f9b775762d0428566c0df4632d2719b5cd6','0a8692d2d7a025335c3c4167483f253ccfe24b1b1fd78d0fa648cf0e13e4b1df');
INSERT INTO blocks VALUES(281005,'d9f51a32fc61b8bf996bfc88079bfb6750da8315cef864c5906a25cc65e14b52b6f8b419617c6c6ae35d53c9f26d365606c0f7700aac56ef27a5df0a04c2e4ac',2810050000000,NULL,NULL,'8dd39e137aabe37c4b522055c3f0f2dac9b725f89731b5f66d67ff5003b6f8a0','e2a25afe2cf4e5a417887004755e5f08c471b2b848924155455d3f1a63da74de');
INSERT INTO blocks VALUES(281006,'ac084933b5d4762d070f2d6820e293de5427c2f23daced0187cd883d7efc4916825b9a59f2652c58dbb017d8615d5073de36904fb4e0048392b340c80d535e1f',2810060000000,NULL,NULL,'577a753694a74a157d40e2c352e736a47389d1a93c5a193a8b9bfb7c694eca1d','185e3f924deb422bd99400e2a191ec2c126579b957479c3d834ad1320920eeec');
INSERT INTO blocks VALUES(281007,'f3b816cabefaf4d1b47ef89e10b90fe56014b438c1c414246734e2e31a8c3d83877c920574143c216bb4c00dbb937c533fb745eee44b28ea4e57a4e614e1b7ef',2810070000000,NULL,NULL,'c8040c034258afe071c9c344b8469224ea05e5e4141b2752c2c18d4d1c1ab2f4','781788bbf17a7e670152320acbca8c38a38eadf0c07d6a27e341d17d343f6251');
INSERT INTO blocks VALUES(281008,'2d198b050edd269a30a405d16636abc229eea964f06f6e5ea4d0f8200b66aa43fe24ec00df94225e1872818c1c750b40ee097035925bd7089ec29f0c036c3435',2810080000000,NULL,NULL,'21282be3853f9e855386c167bec10da8d0b1517101da53f5400074cb868499e4','9692cb908141d9b0cdd4918fe3c64ee2d676f1977121c961e819f88984c42ab2');
INSERT INTO blocks VALUES(281009,'ca4bf591c01ae79f8c087963e9872d103f6330bed294d7711b386e298ea28d08e09f14e253dec34a37ba8252bc585442f7c2d2fe55d72f0bee8edcfa93136da7',2810090000000,NULL,NULL,'6bc11d01fbe76485840692e18cdca0cc0ac73ba0fdeafd5e5e9daae2d2b1378b','e142f434d38cadc3f210802eb14257fb24a4197ea8904526353f0451a127a480');
INSERT INTO blocks VALUES(281010,'5182be85620e1f297c772332621540df7a914f2823843ad7e816cd0d156603dfc132fe9c9bb780e8f7bb23e627071cf6caeb4569f4547a3817b7109fc7a05997',2810100000000,NULL,NULL,'66a0cd13e335fe07dfa0c28725e9b708eee387f42e8d7aec321411a72556888d','6071fdfdd29ae5317f5f286af4661575d816fa98fa3808137a9365e037882633');
INSERT INTO blocks VALUES(281011,'96c1c1e3dcec780c2bec9c9312e3dae1412ff146047d2c64d3e8ba49c36a38ef4522532e2635ec3a6ee6168451fe20916d5621f5db0d90db61c6eac947a5cea2',2810110000000,NULL,NULL,'0a45d56da5c8ab5b75ebeb9345ac08aa7c21c07b3e0eff3c08300a21c73c6c59','a51161c511f686987a2eee2b10bff3ac02247db84cc04746756a0295d872d7a2');
INSERT INTO blocks VALUES(281012,'5caaeb77ce0df4aa8f0b96b80bcd9db2a2fd129d37e83805eec33f65b1110c0213803740cf7376879755619a8ff24be51a38968fbbbda4204992b152e3f5e416',2810120000000,NULL,NULL,'ea556bf9083067cbf6525549ab333a40b9bcefb6fc36b848c40ccfb8406a0ba9','701d965174f3c0feb0038eb960b4783131e29759cb393d5eacab04c269e5ee90');
INSERT INTO blocks VALUES(281013,'a47ac121e75996a9f174f16a77b5895d4c98146c18996a7b96c0a2f6397af7271efb496510e31096b399da2623de16e8e764bfb282d053de061bbe0f02304933',2810130000000,NULL,NULL,'816041a01804fc5ddff699890f3211d8a7c06cfcae57ecaede2518cf718ea553','c9246bb98ec8f215fbc5e171227c3e849a0a63308a0f488b83e435ce5674c973');
INSERT INTO blocks VALUES(281014,'63cb57ede61a8e09aaaf43ca45c35ebf35cac80be0b16bca912e8bf5352b6387092668e175bf69c306a9ce5efacd7c476f1461c0de9052b07716b370b2c77cb5',2810140000000,NULL,NULL,'3098133bb72ab3730239d5863b531b24b2c76712a4d602887aac43bb5d0a3ed6','1ff912ea2e5c1430a3320e3f091ed9536aab7911419317ed7fb30601f292e11b');
INSERT INTO blocks VALUES(281015,'40946bfc6a7e70c6baa3b1db0baa476f99e04696536b301576c70790e4b77a221691d510f90b211f11b59cbec850ce682db371c85d5dabf0255214b401ef51e1',2810150000000,NULL,NULL,'dc41a25f62263814327c4fad9942c0346f014aa623a76af4c53886db408252e5','420400cdf1d026b14b0c9e67f83a944bbb04cc988dedc151ce1a8b91733bd592');
INSERT INTO blocks VALUES(281016,'ff4ef3d92f34c425178aa8437f1052d8c365bfa7ef953ed56a3b8f5d70f23194b43b948e5ceec12d9a055a906cc65b449e3e70c328c643969548b89c188ac08a',2810160000000,NULL,NULL,'1cd00ce7e177ff731ea147c185b0fbc346435709e46c65a10adc821bedc98ded','4063cbad2ebaab997d73f5bc047fe7fbe76a483d61816517e7bbe2ab0e5e6a9d');
INSERT INTO blocks VALUES(281017,'d83c37768fbc05523f265f30cf2f2512b9cc206b453b064c7e0396f4ec6f6397906deeb2a35024f7ddaab9d2d19355c9f9dea706c53a3f414837470c4df603f4',2810170000000,NULL,NULL,'66b49e38fc8bfa202b08c69d50ca89f1dfa9bbd36629457fb15a2e85b7c4fc27','108ab6c2c8570f2ad22fb862579e6686b764d66aa9bf25e61461287b7fc587ea');
INSERT INTO blocks VALUES(281018,'14c9d4e9ac58abca6301bf85caaad95de39839610405d49f087821e0ca91901a631127109fbe3025318a23ec18133b3888b05af5284f53da7a3af7c67c8d17d3',2810180000000,NULL,NULL,'d8cc0ddbfa23444f3b52fa9cc5248ccc70851c36286abd7d3d139b5ad53bb7db','d9fc047364119549bc8ad8a8df43d238087673dd09b30ea0976c65bbdf597c93');
INSERT INTO blocks VALUES(281019,'f36b93025abe937637415c4990199a9088551309f5387339da3dcbc937b310025bd8c56e322a47a5a76222df6b3a026735a12e5773915fbfe74e3447b6d496f3',2810190000000,NULL,NULL,'59b4cadea07a6742455048e0390a3dfdf4153d15665e62e5b88dd1d53ce7bf5a','b355183d919c1b5e5f13f8d19817a7b719892009cba68f263bc218e0a440a0ae');
INSERT INTO blocks VALUES(281020,'37b2b4279788cc394a6698af38252899ac99e650534e2b075d55c94b24036469441e26c747ee95d9123f19bd54572d33ae8e252a9033eb92b89927fae5d9c5af',2810200000000,NULL,NULL,'6876891caa7ca4c0516e56e1f05829dbe14d2fd9f883e9bba276060d94d6b68b','55c072d09c81dc8ccf17a691d86b275ef62f99df93dd0553167c3c0520509507');
INSERT INTO blocks VALUES(281021,'25a7327d5c14f3b923540925eca3cf39f90591954ac4a1e22ea1851e50bd9f079b8210671246e1d3f49cc62d1a278a66c182b5a497e201ac3834025d662adb4f',2810210000000,NULL,NULL,'eeff15fb6a0c4a06fea519b097866e25ca7492973e3436ad09e27780717fed40','04886962ec62cb0073249904bdd71e10dbe1776dbccf082a5a066eebb7b44fc1');
INSERT INTO blocks VALUES(281022,'d84a688fad1c811d37a7f7c39768c5dc35732069a599a601059b4b2bfab955812055cbf2033febd3e4f4586815bd3c7bf03401ca65c0862c122764053a7a8eb8',2810220000000,NULL,NULL,'3ee0aa077fbffcf5ab98bb539d24a24a2819535fe2d89d84d3bc4ab6a6c15b5c','abc4fe703af9555edf86adfd71af22ccf0587da9eb5ca20ff1a28018ddcd83d4');
INSERT INTO blocks VALUES(281023,'5c4a8e871ad6d2b46126989f044f09792f691da9a11320a301afb7c25dc159a3aee2314288116157cc36d1cfb104e5bd56bcd2185125e488c18788b820eb9c3a',2810230000000,NULL,NULL,'fc3ce4762b378a5fea730f74f2cb0eb8884a3f2eef6fca2a3d60d7f6ff0e3947','bcf9cd94670917a07dd835f89d2799836b90403239d29e320e1c0249661fa9b9');
INSERT INTO blocks VALUES(281024,'66280f0af9349111435448fa54a3151fa1d910508b306ed6f70be58dcb0024ca44562ef13c4285bfae042454fe7206d7fe525d20217743934409c5bd645a3156',2810240000000,NULL,NULL,'9ecd80d5305b6de3468792d54115105f64d4aa9d0739d8dcb0658028aac35aba','43e921fc8c09fef5d9ea3298554cfe8d92b929d25276c1d23b268263fa9e2e9a');
INSERT INTO blocks VALUES(281025,'719fd8795fd02499960ef45de51d73eced164803ea295f50a3c89a74fbfeb18ae6205412f0906a97346eeda6ea40237705b044193a426bdfde7c1f47fe07d7a8',2810250000000,NULL,NULL,'26eb6922c914f8a34ce837743037648e73a250c9c4585e78cfb3fc4d812512eb','1e018a8413906cca6596a2f6f3912542d6916628d1a5f112d5f107dc67a7d9c3');
INSERT INTO blocks VALUES(281026,'fc6af0530f24e921a91527594efbb96e723671742bb02ac6f3b69c5bdd54023aeeccf389f8de030f3f31a0afc9ceb2b9898daaf4bbae1e3b36e43ae2587fd1d8',2810260000000,NULL,NULL,'0a9bef81857dc4d731e4b273480bfee684ffe399f4802ba9364a4f461b284733','d00b10e74df7f741c5c5f946a0167ef74e7895d5cb7c656d4778b874dc1c6fcb');
INSERT INTO blocks VALUES(281027,'ca9da6db5f6a998bbd8ec5761381a342c3f9e5afe486cff13e4ed7a48e41c39d9f082bb8912df2b6a03e71be432e40d380e555225b9c68e3ab7d7afce058aeb9',2810270000000,NULL,NULL,'3a883ff03ab2f4daf4d192babc33696a5b00708bfdc9a4b63d39e298ca1a6a88','b45f9c480efa0f81c9592d19ae1e39199b463e81d17c21e19728c619feffca0a');
INSERT INTO blocks VALUES(281028,'bbb54fd0f3d656ace3642d7846b63ec1f9fae7331789581b3311c2474af7338ab9fcc5f0e7e2ecea57f34e5455b7d6edc87bb17a53097e0703fe29947a8cdd5a',2810280000000,NULL,NULL,'fb549e95f928534325c021582e5f2382d070c73a602f40c46360244e26a11c31','da7abb7ce7c221f34253bd9feec8d327a7c71c3c150e485bc841e710f45b4507');
INSERT INTO blocks VALUES(281029,'3b8abac9ac4015f67eb72c26a50d8649a88e1b1541a899436c9f22e52e693b3600e4e4438f176a8f4faee6eec21bde7e8af4057342849f6418067adb544ac782',2810290000000,NULL,NULL,'e41a205e6d3f8bde91c4411e60d79e605084c2d2545423a733af0dfe69f28b65','c63d860a92536793e8cdb68669126bbe7c1c9cff2310d1c0d56978b2af1d3377');
INSERT INTO blocks VALUES(281030,'7a7ab67bd301743401e2cfb566c2fcff6145a4518628bbc5600b89505105b792b60a2a865725cf4e353dc5eccc5f645cb9eec89c0cb13bfe5d19f9f83c4de821',2810300000000,NULL,NULL,'9d12e5dc7d4fde9279bbed9d374136794a33943d7df477a96916dd60fae8ed2b','e23be4b3c93085e75703ef0e045b787219973d6b2fb23436fcac99989114cd5b');
INSERT INTO blocks VALUES(281031,'ca46521b10c7533dad41fd3bf22770aa3eba9a3a94e4a0e109c2d00d657ff225eaf4578739c951b91726b19de65bf59717d9c7c2667aea5419796462ec08b803',2810310000000,NULL,NULL,'4f60403fcd5ab33d49aa982bf69a2f56ce2b8f3e9e56d197ca5e9d0519938e32','61c1365aa12490089dbaaa54e1b8fdf2ddbc1300bedc48dc3ef62818d07ddd2d');
INSERT INTO blocks VALUES(281032,'b1343f6e8e1421e3760eca35e0ab2a8e7f151bb68d5e89d878687b7670da9ecdb3e62a90984c753d0c813c167405d3eba26790634b7783fac112a1998d38694e',2810320000000,NULL,NULL,'c1627025515d6c9d1821307429783cad43b9af9bd7997c14dedd0ccb68f41d93','24e5aef7b9ee178d1056337809b970e71c7fa5af5b78255a07d22cbcd4dc1755');
INSERT INTO blocks VALUES(281033,'de142a2e70606a8e739bf65d27100292cf27262ac3e0218412ec574bf3603353addfc6e073af7fed7395989d845494a50bbc52b79d3f9de766b8c1e3a94a2b95',2810330000000,NULL,NULL,'f6f01f278279b05e78a620d6d586127aaf332d6952d3ee23b6b5d3b96dcc1f17','a0ed76d1f280e3c35f6f8e8a315f906eb96bc120c72bc5222533b1ba1ea35dd1');
INSERT INTO blocks VALUES(281034,'0621c6803f1bb1995ca6a14e4154a538c28c544c0183330bf82a8adcf1fc742fcec5b8aa268c9a931fe1cddf566e4d9294e38a23d74fbfe5dfcd68af359ac4df',2810340000000,NULL,NULL,'3da4b79c39d6d1102e06e0b8b8d7d73f9fac964ecb04373422f49487dfc731aa','c5d04f9e0c649e26c4e8d76b00e31e54d3e149c7dd406907fae5339277d07267');
INSERT INTO blocks VALUES(281035,'d12c025f46ce7f2cec7ef7f19abf5b9ab6269ea4d0ba85ac03e0376026a8025b1255635b301663e483c28bf34ab9c145b0b609a86c52b62d6a6b2bfe14ce882f',2810350000000,NULL,NULL,'79ac9a9540d11ff24452a91a731934ecc66b5abd22dfbba2e15bf8b3b498d3a5','99668415bd695400b6da358939a02501734d97d675c7fce72785362c0dae4600');
INSERT INTO blocks VALUES(281036,'d1608afedddc1df5c21ff38a56fe94085969be44f9401e002e1b2243e387c880adef23f080a5a03e2ae32d683a60b4d09f393702dc363d523e0d245f06ca86df',2810360000000,NULL,NULL,'05d299c656f41d8f59fcebd5463fbc1303b9074b6bfedd1010b900acd6ab6613','7568ac588f7748fae568b92ad3443cd3f04f8013b66b9cc8ee0e3aba4ef029f8');
INSERT INTO blocks VALUES(281037,'0c721138f34b5819d53f8e39932d7f0f5b5fe1ba4c3f0e2338763179e6aab188dd25a3428920caf999ad0f8aeab5f50bbfe834cdc6d8f8b7c4088f5911942243',2810370000000,NULL,NULL,'0593ba0323f818dc937da7167a609d35bff2636e2153da92975cae867eb3c928','2af2ea8f9b7c82dab23e45691a82eb2808a09520361dd0dc8cfd71ffe9c9faf1');
INSERT INTO blocks VALUES(281038,'9d407335fc45b8c1ab4c93d369133eaccba0d1e9177cd20278e5aad9329e474b8cf01781590fd99ea83b2a4c789c6454109e0aedd010c1372b3da0efaa3d9a22',2810380000000,NULL,NULL,'e0dca7b423c861410ec7da089a617f0e346eb75a97effbdb93e9add23c929f5c','0cd5454111153974f1705705c02ab608165b0866c9d438eb768c50cac6b31fa0');
INSERT INTO blocks VALUES(281039,'b873b2586b30b3ccdf49ee0017146a132d43d75fdeeb703f667bb7419155a838c74ed7a69d1d8e8bf1660f5995df9faec2115c36b9bb8677f5c0c381e2041aaa',2810390000000,NULL,NULL,'926624fddcc32479d793559ec5899cd38b205594b3c7d44ea151669ff4f5c725','049ad542e6fea7440a5545e75737ae7779a8a5af7e80fe72f15f4eeeda5d8597');
INSERT INTO blocks VALUES(281040,'47ffb4e8e0198cffebe207e9b43c53d4c64068c49cab96f19d50cb5717df87d93d394eb0b7ddb76dad276b14631732920de4b4c6fed2c3efe49859c7e41ac783',2810400000000,NULL,NULL,'19b7cfc025b06cce1f69ca6a0211c1dd0b5274d0cac93a71265711946ce580da','1908dc26698253cdcac463376e4defceb713452b30ba557edc698d75646756dc');
INSERT INTO blocks VALUES(281041,'1ea3624606ff88f8920c1f20f9bbdfe97cfeab3da26aa2d5824407ec83609bd02256c433c376fba5a4e29ea500d6a3f13e9668c73d8d7a6e9861b2c520308857',2810410000000,NULL,NULL,'cb2c9aa7a569d4696dcebb87e229ccfdd522a49b330c5115d5e2715353328b34','eab5dcf94e144f7c81ed8bbfbbd1a08cb876701d721d7d851d9da551110760b9');
INSERT INTO blocks VALUES(281042,'4a24090bb6cbad922d23f109034463c6ce22a36af9c9f60da6aefb34fcbbdce97b0c21c344bea18a8f52c4e98e482450bf65a213d79a09b6e469527ec9bc18b9',2810420000000,NULL,NULL,'ee473dcb96aa54ad86bcbffcdf22e378932af643f757e72c2482040c6e5c852c','c557894d3052f3bcfdea46bd4f373ae63f2a977121fe2fde530e86b73ffe32cb');
INSERT INTO blocks VALUES(281043,'857962f1c8a554eb8b4c8f7315a3ecdec2e7e0d592e11eae59ee00721d68d6a505bfa1ce3fff20af1e7223c1ea1fb262e853bc45bb2048a18592cbcbcee2f1de',2810430000000,NULL,NULL,'68a697af78cdc7f286f49431d2b07e4aba47d93f186963cca3683e8a9c6c596a','d2405a18666038beafd88cb1e53491facf5abe4c6bef5ff9ab129f7b7387b5b0');
INSERT INTO blocks VALUES(281044,'eb02755b3fe9139ddd21a0ca0e1340ffee09c36dcc9565e48a33454a5c5e6b66b0021dfd8271610b890c699325f481085c2313067c11dbc7bad84f5e9fac434f',2810440000000,NULL,NULL,'449ed767179756f183f716bdb14d371dc99f682daec1144ba922e700c6588993','d8ee76f9464a117935d6929c5354093b79b7923e0f4ad8abf65431784e5df467');
INSERT INTO blocks VALUES(281045,'02646fe371a78767eeae7d19b5f269ded2ad15632e4b16c5dfd7b13e388f7f8dc324a80e41a766d11ce55e7e189350a16d28413b50b728eb2ce3db9aa1c24a10',2810450000000,NULL,NULL,'c7e23db48050889ee3716b66d97125e9e9801cd462250a11eabb3a88ac6a60d6','af3c502cb416aff320e917be519059378a21fcbceba3f19a1ea3404997124d66');
INSERT INTO blocks VALUES(281046,'341c8b8cc48629d8242f1ea946c6882f452b3bc8b53dbfb776e307007a92e19cd940194e9a7aaf921c368ad91886182b4912e01c30249c8fbacb9590371e2d17',2810460000000,NULL,NULL,'3bb9084d8183f6cad15d1c8b61ec0b26e0fa50233e61bd6a579c96d35a8243bf','202f1ecb1968ed319c887b4d7abeaf20ba5bb1961c423e4d5cd13613f2368b3e');
INSERT INTO blocks VALUES(281047,'1559665acb43d9321387c9751b597e530123cc751eb49836defa50d6624eef68a65b4f6f076c3fb96e9ce193fdcc668347acb17d6b42363bda663dff65d89e62',2810470000000,NULL,NULL,'96547fe48f09049ea9a2543566e2c05010f8ba1a56746b50627c38ce138f93a9','d7fabce70f38b1b68739e22e6fcf60acb72f7b2f6803b933d1ac570da3dbf1ff');
INSERT INTO blocks VALUES(281048,'ace510ffa60326a019079fd9e6407da4b4a74b64f8331ecdc9ac996dc48f8349d9773c620d3ed84e19f50e9bbac51a20c5b5aef9ee8997202de47ea7604a091b',2810480000000,NULL,NULL,'e7be03562a3e57d4414875676fd03402b74c16c314a047da6df4ba4acc028188','64314753ba1e63da7ddf699cd02a04ce2f41f5853cb14270c4f8bea9ed7cbcf6');
INSERT INTO blocks VALUES(281049,'0f07de9b678d7993a65d7a16c0081ef0d55d07e70ad874720af262d6d14bb874deb82fa5a6bc6f25ba7688ade29a605c08ec81d5e1ace9cf98830a1892dfa565',2810490000000,NULL,NULL,'be44824943bbf98da57881084dd3ec70fe076cf1e6ff17b481c2bb28c9ce4e21','9046013dd862b8d0496f4078ddd376891ea7b7693fac1e3ad6741fa79bba0c09');
INSERT INTO blocks VALUES(281050,'1032d51fccd56d363a458b1555269140834b204f7f8c6366baeeaf8cfe4eb442e657a093cbaad050dffc3c6da810bc9eecb9b38101b4b6b972545fd38603fc99',2810500000000,NULL,NULL,'16d3eb164ba4a87eee175f5365624e1b4e8cb0a7d28d8fdb67b9c6ceaef8f69d','f4f36600bab4d1673ccc90d293642812fdfc74f064f056df4b0cd7b407d602aa');
INSERT INTO blocks VALUES(281051,'98f92fbaed9a68ca5871d72e788b23b231a6e87f356b0394b381feb1717e83bd19d9b4b7f3dc5130d457c7690cef8d2daeb292f8d851abe1ef4b2da2e924ec5c',2810510000000,NULL,NULL,'35d75ee5de62d5e73bdc761ad0ce08a9706be131bd0c3245692af7056917acce','66fd9946a66b9da5f744194aa4af2881b1a06a2dc32310c1265ec8d6d0cca240');
INSERT INTO blocks VALUES(281052,'fae538900499b4825ecf7709c5c73401b28f632bd0d563c02dac86ad6a4699b20d4dee4887f3759689370bed64f816ff553c9520a5d380ecafbf917a20442ea5',2810520000000,NULL,NULL,'510892269697eddfac4e1ca5e31be59489adb222eafcf9a528bd9c45fc2cc2b3','25413d75228c98bd91176f0a6cc161ce9f4f51f7b41fac50c131996688fb23ec');
INSERT INTO blocks VALUES(281053,'2c6eb5d0aec798f20c4971c3f5677cf6aaf3559c7a52fc17e5e0bd528b6ea14674ee690faab12dfc7b927a9656b8666b5da445b5c015d1b40bce7a711d572579',2810530000000,NULL,NULL,'0bd1a7d2bd0987b84b7347c5fd41ac56fbb0503b242667af83bbcf60429c15f0','662f78092bc7accaf995dfa2d72e4b2fa69c71c89d0a879cb97ec0e479bc6149');
INSERT INTO blocks VALUES(281054,'1731d0a2c4f87de1974f4e54ba5e2a240b8632331dbbe6436d70d1b5f8470b9ae039e667bc3cb5e5275be61f5362b3dd89bcc9a037a7ae9353728902426ab192',2810540000000,NULL,NULL,'1e2b86c27f9bf392f2033453c202b8fb3bfa694d51a1b11b6b1bc92549d5c7a7','960b1cf2757a19c127999078618ed2bd3d41b9793a0d48e6d8ed04f8d9c10090');
INSERT INTO blocks VALUES(281055,'58aceea911cb07b0f4ae27ac9aa3304c6926705273c03f1b0e7141ef76f72790d23e7f2e37c2cb247c38a09c97431e2e467e3fdbda99bdea10d0ed5d525114d0',2810550000000,NULL,NULL,'f5a7db9208a4fdb5ce28934374f636ea3fc6b0c88ca20f18ec94c0d25dbde134','6c00bcc3bec8564f8c3b54003c626491c0dd6fd1e196417f3789a005dad6e07f');
INSERT INTO blocks VALUES(281056,'373e9a56286ff2bfdd70406a21bebb4aa4b67ffb899925a08540bec46bff7c908332e6155c1bae533add47835d8c28e397b2c985d70de6feb9ef94bc6895c4e2',2810560000000,NULL,NULL,'601d3a9dd2b1d207b9aab745b6cda4c07780be3c8a45de823d14e562ae4c9aaf','861acd0ccfb20215f420a9ee34e865eb8877989c10bc02640246d0021dac1217');
INSERT INTO blocks VALUES(281057,'bfafcd16ef3d8d871c8ce49700c467ef9f3a5c5b562455b5c23a7b0a3d199e231b3ff3f4977ab7d4f6cf943b6f263c5ed73062df504ed6c49e67a606f35a26be',2810570000000,NULL,NULL,'1992a31795934ab13d5019cbec4bfe376d0507099ad8b97195c402314553a9de','c7edf48ec9b8d939e862463f71a465b28ea5b4511595f2cf8aa059163fdc0850');
INSERT INTO blocks VALUES(281058,'eda9e67b811c61d71b6f3d9ba18163e85b0fc45b10261492258859986ae9977d003826d73f4aff3cba7283166f00e48e5eb11210f0afeb5efadfeb020fe5cad4',2810580000000,NULL,NULL,'bfcf2df120b517de2de0c25038278359b4d5867202b8ff96b4548e2c61553f3e','31ab6d55495ba742a738d95a91930e4e1005be16b2b8f589b03db8ca2d487453');
INSERT INTO blocks VALUES(281059,'642ad0b95eae8ade54b1c8f0454e5f33cffcb1e5ca503837aeb34a71d30ed2d0040af003f76ad2848b944a53ffb645d865aafb524daba3058099a7908650baf0',2810590000000,NULL,NULL,'507860af11540454a617d31d0694ce01398818e6a79323a8ed5b9346bf9c435a','796d763050e94b09ded8a60efda526cfe58ed3de708cd5308cd8e368f69f7502');
INSERT INTO blocks VALUES(281060,'5ca2b76d1d2d6f9bb9a50507cbf439259c286880f23dad8619a22d694663c430883585bb8ba15a5435c6da475591005b2c7646fcb1cb6b456fe33f44d572b0ca',2810600000000,NULL,NULL,'20b06a06bed24376ceb44146a7ac8a9b9d72dd956971afcd64f1a23bae493db2','193749051f930a061580d5b7149533dcef9efcfb48a77fa99293244f69ddc6a5');
INSERT INTO blocks VALUES(281061,'253d4917418af9884f3933d60923c65e40a9c76f80558e18a4c212877e0e4364cc71f83b4a9797903f454f10d7e0e6419eddeb7c80656d268661a39c102854ae',2810610000000,NULL,NULL,'d7383a53058fb56de1fa1359bbb0bcb1af2c1fc88ad07072ac87dcaa161b2462','55d818f7574efec2e63649d25a0727135c9ac70baa3abd0fdc9fdb542c9f1510');
INSERT INTO blocks VALUES(281062,'7fb033e2e8dc66e564ddf3be00cba9da1953cab4a4b0b9e960f8fc4eb0381b74ebfe89c28af8283f0690c3abbb9346399de4a204b387861cf2540629efa9d253',2810620000000,NULL,NULL,'9a41f6bbd293e8a52bebbe823a554fbd50a2ece53aaf2a217cfd277947681406','369d39515d4564e5c70363ad20e351c4e7effa00a5b0ec1497e7ab46bbb8e14f');
INSERT INTO blocks VALUES(281063,'46bb497e779bda230c2de626bb058b7b2ec695d47fb1ec21188e19830b24999efd4f8b4474978fa3aff0ed00d6f9f48459b5388fefb2a88ba868f208838ab529',2810630000000,NULL,NULL,'a989d84341fcbf715ee8cc69612ec7fce4085ee0fbb0de51093bcf982829dd6c','a0e8fab0b065d523a71d924ebc334c657ef9e737cad80827b75d435d1f45fe60');
INSERT INTO blocks VALUES(281064,'334d2d05885642013ba5f2f32976af8bf8d0341ab131dcda0a15fa2d6cdac02b4f67bf321d0cb8e88788cb66854ddfeaa49eb70188b5c97208d8e871f95e25d2',2810640000000,NULL,NULL,'bd4f86c54030dd5bb603b595fcaa640977b4f0598ef29017679888e43c95002a','37cdaf5c51b459dbc382162e5af88f3658c0ec14f95c5117d732b3bc916a0301');
INSERT INTO blocks VALUES(281065,'4f9d1c3a948f61f01615d631c2c0046e6a296e11454bea09fe023e7a106f31680530329c1740cf42a2dbb51f58b83b5efe1b0e5259d13147bc5fd3b0d3bc9658',2810650000000,NULL,NULL,'8387e23c998bf741f78d72c4b2976cce91162c562c805db45fba499617c3b59b','85fbfe178ea58e82192a9f4a28f872b6fccd4bb7a3e2c6235a7789dd378afaf0');
INSERT INTO blocks VALUES(281066,'c203505c1e6f1d3f0dcab3b7e4aaa585725c4ea26a38aab494168a2affa457b90fa80697c4c17dcdb6b9ec11bdeb30c28585c2c5dd6817e1edd42fe8fffa473a',2810660000000,NULL,NULL,'37937a83328a864bb9e3198520138244b75e2d84b66638d461ec0dbec024c658','1b6d363ced29ec9c22590dc391b679e9abf206b05e5b627a6d19e0d148321e40');
INSERT INTO blocks VALUES(281067,'d372bca8a3a30100743e3eb927b93e1c2da37104cb5b44b466a0b85afbda6d0dcae8b55ebfef416abf9fb78b013dc33d170bc1b54f95f4007d1d245191f895a2',2810670000000,NULL,NULL,'2e52d95286bde19fc2c588a28b93bbe018a165546fdf18cc0c95b0f9c2a09953','af1065c6d57b4e670a908a927d9d2e4fee4fc6d51efb1c950a7da60f6f796876');
INSERT INTO blocks VALUES(281068,'53d2b8b450a6e467e16ad3efbba206f4b1096bd6d5a42749452ffd43a6bb082865630b38db5fd8c219c9a7d08cc15a6205f0e1904ce8ca34a198bd02df4d0bd6',2810680000000,NULL,NULL,'ecdcc376d57197d1403815e4b66b6b76457780a0a6fa58a2d485395d6d3e4e6a','a36ce4b5a8bc02737ed5e831b79fa7b328362b507a8a40967dfe853de939aafd');
INSERT INTO blocks VALUES(281069,'c7a7b7dee41c8387d6d219edd57d99a0223c94aed374c403b4ad87111692920fc03ba6caca86f3f2d7981f60852dee9d019a6e1128c006eac3481afebc6a2a34',2810690000000,NULL,NULL,'8292c351ed8606933a431c5cd6b31123864c380413dae581eab947fc9359e98e','e9c2e58d2456ce9e46f34ae6a5bde4c2205d49c1600dbdc83486f6681a5692f9');
INSERT INTO blocks VALUES(281070,'4c9fdb8b34664cb623e7e90c0fd0dae341eb59608e2894505cc2d5254ee7441e9691eb169390fd2490f88a51141095943901a8a99d215d2b6302874f32ba74b5',2810700000000,NULL,NULL,'2181e0a8c053dd64680afa50cc12a887637a25b26d6f75b9311856b10fd856fc','85d41366f54743fc2df8f67d4269f8d04f1b801306ddd3b0fecfa8d731913255');
INSERT INTO blocks VALUES(281071,'dbc9dccca4d0681bef55c08773caa6d50d397075bb8ba527fd4eb832881900779fc310ca6e4f7933f7b401a00b4a1c1ff4d3ba6b8bd43ad262f6f92a0599192a',2810710000000,NULL,NULL,'13fd7dd47ded5efb7adc932594effd93d2b15d89f2f1e9ee6f6b576c6513ecd3','33c1336adeee6d36018dd255e8bdd97a55bd7288e1d8164ff16873ae3a68f476');
INSERT INTO blocks VALUES(281072,'6f0f038cdd461827493295e0838c2d24dd5eb48994f4b157dce4a9c573087c65a96086775dd65fa5b3182b95293fa3f8928f35656274b1ad7b51b36748de236d',2810720000000,NULL,NULL,'c123dd30b89fc57a6ddf5a286c4ba9fc47c39b3e6139cf82de1b74a9a721c41a','5505e7633d619dd991064ba851895d10167febf438e3b7e7dd33a8b6a9ad054a');
INSERT INTO blocks VALUES(281073,'130b1c892cc4925a2e14d0276bc980d28912f1bb92710b9596dc0ee74c605e87ab4d16c458683211c783fd7407f9903a04a9d8cc53df1c971d5ffb5f7d763cc8',2810730000000,NULL,NULL,'aeb9b537e44f0a8eb36c1a38600941c1c2f4f0f6d9eae3e444ea5b0868911c70','57431c912bbafc249a5526334c5314dd607d15b0353a3d83569156a0c9a8457c');
INSERT INTO blocks VALUES(281074,'95ac40941f5d6b1fbfaa188d649cc81bfd350083425a628c844319899308a357447ff7c75e7b331d0821e655e57585b79afde608b201b47e62863090583ec479',2810740000000,NULL,NULL,'76abf585a048c580578c55021f589d2159a4ae0fee5b93e971f7848a687f49b0','daed5d505f4978a06485ae1fbf94c2e7e22357c21a2fddfc5bc8707bb9532fef');
INSERT INTO blocks VALUES(281075,'3dc7e4640af9ffcaa448b3ae8d6f7c861ba6789cdfd58b4da76f30b4924bc22713b2151cd7994d3310093d029177b69128b28c99ec1cd964fca784a417873e53',2810750000000,NULL,NULL,'18dc6e123d97a93512eb158f41f4ad9e53d90034e4da88764d7aba968bd9e442','8d7dd1365520df431e3caef7de7127b602b5c73c2b235b7ae1f73ac8c0f2b107');
INSERT INTO blocks VALUES(281076,'feb64a86a15f44665e200f61c89e056c9f75c89a9ae1154b1c61e4bda972b758d230090a7d60ac3a9a53d9a543ecdca0b5ffebf70de477f3a8c9469e97270a04',2810760000000,NULL,NULL,'bcae9b12ce7981cb8670e4d560c6e373ac5c1c5b233c15b929f750121f97d456','e341a3e2e51702a917044bd41d7bb73d9c2f6294a7548a124730e7770356473c');
INSERT INTO blocks VALUES(281077,'606d5e86608eef658f8b459c87fe7424519d4c272b36caac1363841808a6a5040ee889238795ea3781407f55a574d32c4556846a810014c03b4a1f2de6554d8a',2810770000000,NULL,NULL,'0e5ff8926e6604cf50910ee8d665d823f99dad942db00274fe4895daf613abe4','709a59855e7573ed506e215ca79bcaf2b19a7e2870cf2a4cfa4b7ee3e52ad5f5');
INSERT INTO blocks VALUES(281078,'e960d5d76321912387efdee17c1b1a9086df237721c9aec96f2170c630397492bf6b18a227db368cc265cba51a22de83b668032fe1afe5ccf6657ed38a9c6d8b',2810780000000,NULL,NULL,'3ba286d316d439afee15cb08d3eb429b3b42f5fbb8f8db05ae319ab1d9eb7eee','87b2a9f1820364de5b50f689863ef93548c752edaaa963d7d00d10e5e9f2fe65');
INSERT INTO blocks VALUES(281079,'633dae7be615c5acbeceb2667487badf5d4f379aa0705781ea861b9a95e11c00b0f9c400b0057c8ca21c215ca536e3be91bf4bfd26b8a33e540f75c6b398494c',2810790000000,NULL,NULL,'5f1daf66ad35b7efd0ec1e630cadc5a6ad9c0bd44c5be822ff4a6495109224c8','f5f23ed73ff4624ff6155ec7f08993286f523e2e88aa51a21228d18846f1495c');
INSERT INTO blocks VALUES(281080,'c3330caacd6b592a658b8535fff1bc26c9490c2109009567c1e6e24dacde85f39f846cddb5e73e59ab668132176c13a0614e1747ded643eff4bae2b73847f56d',2810800000000,NULL,NULL,'1b9fddb2a4993f3aadfbee2d96e64677e2a25c26fe326e7e4adbde2ac12d3eba','658c4770e8fe103852045493ad640ecc78aa1f24f35fb9ee8ea6632f25c361ce');
INSERT INTO blocks VALUES(281081,'ae23ae5ded510c3548a4fae97908516622f5ee90092574c8292d12b6b7a2dfc7e9ac1a48e8037449b80b2ed6a1480d7cbe65f9bdf5ba49c7ac156e9cc1145ccb',2810810000000,NULL,NULL,'3cc529101afe9960b44796b2741fc3680cb7eda66afc4f44e8fd9353545eb8fd','75e47135c98a0a5b10a15ce76e62b64ee99db0da71d56866ff9c6673d7d4f5f7');
INSERT INTO blocks VALUES(281082,'4c6f6d9bd05acba02f7b4b51034d7145692e9cf14a06c2433d06b989951fe453f45035dc9dbdc4611ab7caf2a1e03c0a8472889eb11eb7c88c5df7c05497b12a',2810820000000,NULL,NULL,'5073df6476216a8732f700d39d273f7394e560d91484b05acf4a782247d896d1','ade64647bd29bb475a85565ec6163cfcb9224de57eed9d3a5b936b9048bc26b0');
INSERT INTO blocks VALUES(281083,'2d461dbbfed46d16a4f9ad9fdcd75475a047760a1888bd6a797d638a8f880733ae36b9ae2382ba618b631e4cb61e8f9772599a168950aa376713d794dd371f94',2810830000000,NULL,NULL,'7c10979760b12692bbee5523e5f52ea1125cba60432af678f2416e6f2b34a659','77aed5be02eb41e42e522f9c69eacac2e531d035aea4fc0767b5ed0213b1ffd0');
INSERT INTO blocks VALUES(281084,'b39f23ff631b70a5b9fa70b233416c13c0989238455ae9b3c8c0c492cb565ccc68d4e490fe6cb8a8a019acef74d0dd581c33b8269ad59478865907abe11f336a',2810840000000,NULL,NULL,'f8e588ab8e2095f5fda759eeb372a94aa2065d24147b84932eca7a0752adc9aa','2bb5aa4d19e02c029d81961876e459005d1ca86ae6439cee9868d60ad9eaf5b8');
INSERT INTO blocks VALUES(281085,'74b6368cbae0bb85400a1f543539d35c9f1eec97416bcca0b99709a927b84831c4959a6ba9b41f37c2429a6b1022acd953fca98fd86f653d45064327515913a9',2810850000000,NULL,NULL,'14b61a4c04e6c3831d97b9c959fe76ec9a375a9e23be0545f76f65dfbbc866b4','b9a24f70cf93bfb036133a723cfe194090a9c7c721d934981e1dbed6bcc45fbd');
INSERT INTO blocks VALUES(281086,'0b8244a9bf175520e8b6d429248a30e895a30993c9ea15026969c4ef79ea243456812d01cdead7dbd6166348513d6629aae2bc6d5a9c22de85fe5ebc648a98af',2810860000000,NULL,NULL,'44670024c8acd4a4776056e83b5e59627d7c3f7b1055f43a32ec1e27cac631f7','07a284a84c1d5cd63660996a258f86b073841b951a414ec9baca48e0f9379d38');
INSERT INTO blocks VALUES(281087,'ab2aa507a1b36e060779d9f742506ec554b7be5b48a02aa52cf3ba6fb767cf33f0638e54ce6c95869280376533eeac8c22aaeb15f6683be66b1e8f3fa1750751',2810870000000,NULL,NULL,'9bc93c3afda74ad88ffc15f1882fd10ce6d2322e07c0c42da3ba578998fba010','d05b74823d264a7d81bfcb88acd29664d495991376cb73af04d3d8d654dadb06');
INSERT INTO blocks VALUES(281088,'1a1cc5ab0427d274272d60064f74fb2c8be3bd3dcf4d6b9df30c3adb44e5ae4b4748fc110572be28a29b5b4dd87a3bba783b8ab6dd3fda72afbc8e9355ef1220',2810880000000,NULL,NULL,'85a73e638691d2bdd3e4f53767fb4cb94131ad0a5a3bb19eb23de41913994084','9d3e62cd52e3cf6d2c8680609807f3170bcdafde55ef992bd4a16576b6373d19');
INSERT INTO blocks VALUES(281089,'3c2acb450551969f563208dd8f3efba81982b5681fab6f36e80b187760950f8956e74e7a7924348ba40dbd407526767507b898120cdd5b017f7031415e009ca5',2810890000000,NULL,NULL,'f62a14c8d2e5d1c1af8da673d013310a89ec8f08704460f4ad501cc090933ea7','d237ee3650051c1d1383e3c4dd2235e1c52c6b7277a393e35e3c59a91e6ccb9e');
INSERT INTO blocks VALUES(281090,'f7ca2ec5b29959f309d9322c93360dabb5566af63b8daf5e1674ca64334cb6a83fe74b929a7211b2a4f4336bd15291c66356a6a85f32e31e52bf55f1fb91efe7',2810900000000,NULL,NULL,'1980d4d653a055fc8c227671490f5905a99e533a74124630ff1ebf4c64c17ae0','8a46d7c329088a68a4b0239071bdcc6ea3d83c42f19741ab7aa69cb912489b42');
INSERT INTO blocks VALUES(281091,'9263a3f88cfd1f9ac7dde689c665cc7e846522fad088d6155b40bdaa81346d8d35bfa6adf446547725bae0d3b1ba3952a1e529190e23fc514caa95e69815aab1',2810910000000,NULL,NULL,'34a150030e2768fe7330f3652a6a22012b7b90a27e0ea5b11e401a9e3f3e21ea','486a53b139aa3cafb86e9e66d8e1f03e7d109ae75800e605b3ce66cfd858674b');
INSERT INTO blocks VALUES(281092,'e56c9acc4f26e46d70edd961f49a43f5779d13b8108c1608c25bd2dc22c282160e206aaec035c911fedd38b6c0526550287d792c44f0e4c4bc01ecf23869fd0c',2810920000000,NULL,NULL,'97ab711ec23a3cd27cd2a4ec927d3a9787e67a06e1bf287641b264470aed04c5','b65bdb1a1313c64f6c4883c7f0a09d63ad353efdcdd38d72bfa996b39152595d');
INSERT INTO blocks VALUES(281093,'1e1685c58fc6aee11683066977c92c7db7677f270e50b5e246ee955c99ebc071d2b2205bc4c64f9b21901a8e600c36003625fe47b801330a0a48fc2284a4c52f',2810930000000,NULL,NULL,'73280a1d66b10f63c342e7a32290ec3724ef9a139c0fbf76369e52ea5dbd2fb7','8135bf7d019c501d96c32e93c619b2ae6b7e60adf8679d176adefd9e26698fea');
INSERT INTO blocks VALUES(281094,'ca30545d9b88be52735131fdff768c7aa776a9900bfc7bb653955d039c73fd478927ff3b7d9284e5ad2a5e0ea73332aca9f8f5e14fba7f574a2cf921a51b8f4c',2810940000000,NULL,NULL,'3aa02019e52aafd9c8c01c2b066fa42eda3661d19e2e27fb4d2a6951e7fe3056','f3d4735a757f80b0ef678b1a7d7974312038b0ffc1af94f4d395140ac15cd061');
INSERT INTO blocks VALUES(281095,'59833183d08917de6d8871c25bef0be8c4106a8702cdec55664d185ef52b98e930d290da825a9f009cafa89ba3ecb95c3ddbb7daab55909a8f643e2c07a0ce37',2810950000000,NULL,NULL,'cea49cafc88d112740f853269eac31f0ed81e6b04e1c819d3d60f51a484bf0e4','8d8a5f5a69977b71793760aee1c6fef1b7b3ec4f8a6af3585d7d82d26cf87baf');
INSERT INTO blocks VALUES(281096,'b8376255fd78f8195e9e956831b36ef29d0273d35873837182acb29d5a90a97bafc4ce6f435e3c1d87a37fe76f9087737e183379157b61fae5868d8c64be840f',2810960000000,NULL,NULL,'5938ea61eec16020415919d0fb45226d467830ba750be6c1ce0314ddf9dc85fb','23c7a56988625d59e8dab18d99d06c99929c5170d78da563046728672d156e97');
INSERT INTO blocks VALUES(281097,'a960f5dcfd7f5bd1e4470086d075b13913c93b12a59004e4e071c8b9918fa65de10009704f9983304206d1957892055c45731539345edb0ce0cc58db712b7857',2810970000000,NULL,NULL,'e789851dd73e22caea3179af0aa813b39792b08bd2db4c3507f9e44c25f56c37','220324fd5ff23a71ece41507b8b4f5223509f9fe685494b7dc82c2a25ebcb669');
INSERT INTO blocks VALUES(281098,'c21691c3893fef92c6823fddec1ae027d8f50b74a11988923d4892f84d6ca266fe091544249af7332fc8fe77fb7a253aec1ab32fb1307700dbd91ad403d611a3',2810980000000,NULL,NULL,'ff714495b234929b43535d7629d8cda0bcd7cbffe6b9d722f4d519a69dc485cf','63aef2cdc4de15948b508c002dc5a8b184adc0d540ed1912adc6d35d8b27dab8');
INSERT INTO blocks VALUES(281099,'9ca192a20f35db9369fb14b98fb2a4b7b639679e794c12ad79cff36f4b2ca1974170a90b796723b7fa19682abfee6d7bcef6f31166d91b87f199b24e95e403f2',2810990000000,NULL,NULL,'eb21babf3e23e6db440a2bba1773762d0d5bfe0d767893c235dd8fb756351c2d','fe9064aad4bef2335b48a27dbd4b3375e659cf224ed7e6ac1414338562e30776');
INSERT INTO blocks VALUES(281100,'b3a3c99230e652d62ed6094f047783ca9649ae2d7fa4b6ebbd0a88ac35b044e10f39ceb92a6d8f028781caf63963616b13e525fd3eab12fba1055c70647e98d3',2811000000000,NULL,NULL,'fa1a12b4852575342504832dbedc82ca3b0ead7c863463192fbea491de05f057','1f886fe96d7ba250ed5ebcd07abf1fc6218db96a5dbe32a745f88c16d20aceb3');
INSERT INTO blocks VALUES(281101,'2a3074d8fb61284faa308d233d9f0abd9700253eb65ec9a5b8dcffdafc572202782a0d8c61cd7c7823a76dd28934ef2a9be4124435b7c547eddad90b40b57097',2811010000000,NULL,NULL,'4593ae4a1fed752a4cea96296f79e9fa37ad8138fadf86a88ae5fa3cac140ba2','15320aabbbb66458604258f3f850c15648bf4d956cbbe203022df96f6afd4e86');
-- Triggers and indices on  blocks
CREATE INDEX block_index_idx ON blocks (block_index);
CREATE INDEX index_hash_idx ON blocks (block_index, block_hash);

-- Table  broadcasts
DROP TABLE IF EXISTS broadcasts;
CREATE TABLE broadcasts(
                      tx_index INTEGER PRIMARY KEY,
                      tx_hash TEXT UNIQUE,
                      block_index INTEGER,
                      source TEXT,
                      timestamp INTEGER,
                      value REAL,
                      fee_fraction_int INTEGER,
                      text TEXT,
                      locked BOOL,
                      status TEXT,
                      FOREIGN KEY (tx_index, tx_hash, block_index) REFERENCES transactions(tx_index, tx_hash, block_index));
INSERT INTO broadcasts VALUES(12,'938ba72c30fa577fb7142bba2c09aba48c889a614896b961d0c754cc865936e4',281011,'2_mn6q3dS2EnDUx3bmyWc6D4szJNVGtaR7zc_mtQheFaSfWELRB2MyMBaiWjdDm6ux9Ezns_2',1388000000,100.0,5000000,'Unit Test',0,'valid');
INSERT INTO broadcasts VALUES(19,'d2a13efa4a65f81434c1300047b94d417efb2e2a6ee32606defa8698afb735e0',281018,'2_mn6q3dS2EnDUx3bmyWc6D4szJNVGtaR7zc_mtQheFaSfWELRB2MyMBaiWjdDm6ux9Ezns_2',1388000050,99.86166,5000000,'Unit Test',0,'valid');
INSERT INTO broadcasts VALUES(20,'d21eef18229b327f5cc5077273794833932d0efa3c799eae7787c7ced2957ee0',281019,'2_mn6q3dS2EnDUx3bmyWc6D4szJNVGtaR7zc_mtQheFaSfWELRB2MyMBaiWjdDm6ux9Ezns_2',1388000101,100.343,5000000,'Unit Test',0,'valid');
INSERT INTO broadcasts VALUES(21,'5ba72d1bc9df762a683784246f904b2ee98e11cb8367a9b622995f5d674bc564',281020,'2_mn6q3dS2EnDUx3bmyWc6D4szJNVGtaR7zc_mtQheFaSfWELRB2MyMBaiWjdDm6ux9Ezns_2',1388000201,2.0,5000000,'Unit Test',0,'valid');
-- Triggers and indices on  broadcasts
CREATE INDEX status_source_idx ON broadcasts (status, source);
CREATE INDEX status_source_index_idx ON broadcasts (status, source, tx_index);
CREATE INDEX timestamp_idx ON broadcasts (timestamp);

-- Table  btcpays
DROP TABLE IF EXISTS btcpays;
CREATE TABLE btcpays(
                      tx_index INTEGER PRIMARY KEY,
                      tx_hash TEXT UNIQUE,
                      block_index INTEGER,
                      source TEXT,
                      destination TEXT,
                      btc_amount INTEGER,
                      order_match_id TEXT,
                      status TEXT,
                      FOREIGN KEY (tx_index, tx_hash, block_index) REFERENCES transactions(tx_index, tx_hash, block_index));
INSERT INTO btcpays VALUES(5,'43376af96a8bbc188afc8796871b60a8350f279c14e6ff3e45e44e2f81120247',281004,'2_mn6q3dS2EnDUx3bmyWc6D4szJNVGtaR7zc_mtQheFaSfWELRB2MyMBaiWjdDm6ux9Ezns_2','2_mn6q3dS2EnDUx3bmyWc6D4szJNVGtaR7zc_mtQheFaSfWELRB2MyMBaiWjdDm6ux9Ezns_2',50000000,'878c11df1a0dc35b8cb39e2c35bdc3c7e1102e40ec03b704938cfa0d6a06ab0625b19174b9ed4bc5d692125e0bc572b5a7c935938155be20d04e650f09feffb0','valid');

-- Table  burns
DROP TABLE IF EXISTS burns;
CREATE TABLE burns(
                      tx_index INTEGER PRIMARY KEY,
                      tx_hash TEXT UNIQUE,
                      block_index INTEGER,
                      source TEXT,
                      burned INTEGER,
                      earned INTEGER,
                      status TEXT,
                      FOREIGN KEY (tx_index, tx_hash, block_index) REFERENCES transactions(tx_index, tx_hash, block_index));
INSERT INTO burns VALUES(1,'baf568fd33ac5ee3efa137cd8f9a030a339889a96834134f9e99815447d2c2f6',281000,'2_mn6q3dS2EnDUx3bmyWc6D4szJNVGtaR7zc_mtQheFaSfWELRB2MyMBaiWjdDm6ux9Ezns_2',62000000,93000000000,'valid');
INSERT INTO burns VALUES(23,'702e60afb8f29d914c6d06d44f1e15be1d872c73d0796fe9d29dd5c45b31a5c4',281022,'2_mn6q3dS2EnDUx3bmyWc6D4szJNVGtaR7zc_mtQheFaSfWELRB2MyMBaiWjdDm6ux9Ezns_2',38000000,56999888137,'valid');

-- Table  callbacks
DROP TABLE IF EXISTS callbacks;
CREATE TABLE callbacks(
                      tx_index INTEGER PRIMARY KEY,
                      tx_hash TEXT UNIQUE,
                      block_index INTEGER,
                      source TEXT,
                      fraction TEXT,
                      asset TEXT,
                      status TEXT,
                      FOREIGN KEY (tx_index, tx_hash, block_index) REFERENCES transactions(tx_index, tx_hash, block_index));
INSERT INTO callbacks VALUES(25,'1bf7ae0aeec47fd87a4bbeda08c3b32c27d81ca26b62e5f44ab8714792efa3aa',281024,'2_mn6q3dS2EnDUx3bmyWc6D4szJNVGtaR7zc_mtQheFaSfWELRB2MyMBaiWjdDm6ux9Ezns_2','0.3','BBBC','valid');

-- Table  cancels
DROP TABLE IF EXISTS cancels;
CREATE TABLE cancels(
                      tx_index INTEGER PRIMARY KEY,
                      tx_hash TEXT UNIQUE,
                      block_index INTEGER,
                      source TEXT,
                      offer_hash TEXT,
                      status TEXT,
                      FOREIGN KEY (tx_index, tx_hash, block_index) REFERENCES transactions(tx_index, tx_hash, block_index));
-- Triggers and indices on  cancels
CREATE INDEX cancels_block_index_idx ON cancels (block_index);

-- Table  contracts
DROP TABLE IF EXISTS contracts;
CREATE TABLE contracts(
                      contract_id TEXT PRIMARY KEY,
                      tx_index INTEGER UNIQUE,
                      tx_hash TEXT UNIQUE,
                      block_index INTEGER,
                      source TEXT,
                      code BLOB,
                      nonce INTEGER,
                      FOREIGN KEY (tx_index, tx_hash, block_index) REFERENCES transactions(tx_index, tx_hash, block_index));
-- Triggers and indices on  contracts
CREATE INDEX contract_id_idx ON contracts(contract_id);

-- Table  credits
DROP TABLE IF EXISTS credits;
CREATE TABLE credits(
                      block_index INTEGER,
                      address TEXT,
                      asset TEXT,
                      quantity INTEGER,
                      calling_function TEXT,
                      event TEXT,
                      FOREIGN KEY (block_index) REFERENCES blocks(block_index));
INSERT INTO credits VALUES(281000,'2_mn6q3dS2EnDUx3bmyWc6D4szJNVGtaR7zc_mtQheFaSfWELRB2MyMBaiWjdDm6ux9Ezns_2','XCP',93000000000,'burn','baf568fd33ac5ee3efa137cd8f9a030a339889a96834134f9e99815447d2c2f6');
INSERT INTO credits VALUES(281001,'2_mnfAHmddVibnZNSkh8DvKaQoiEfNsxjXzH_mtQheFaSfWELRB2MyMBaiWjdDm6ux9Ezns_2','XCP',50000000,'send','a3f112e40f940a9eaeedd281ed8812344f0a2495e4f8207275598836e8009e2d');
INSERT INTO credits VALUES(281004,'2_mn6q3dS2EnDUx3bmyWc6D4szJNVGtaR7zc_mtQheFaSfWELRB2MyMBaiWjdDm6ux9Ezns_2','XCP',100000000,'btcpay','43376af96a8bbc188afc8796871b60a8350f279c14e6ff3e45e44e2f81120247');
INSERT INTO credits VALUES(281005,'2_mn6q3dS2EnDUx3bmyWc6D4szJNVGtaR7zc_mtQheFaSfWELRB2MyMBaiWjdDm6ux9Ezns_2','BBBB',1000000000,'issuance','d1ce27ab2c252a0fec93ebe86d4e75c7915341ad12328ce38738f0e5f8ae5c03');
INSERT INTO credits VALUES(281006,'2_mn6q3dS2EnDUx3bmyWc6D4szJNVGtaR7zc_mtQheFaSfWELRB2MyMBaiWjdDm6ux9Ezns_2','BBBC',100000,'issuance','b75afc7a531c56ef0203f0dec430da0d10e513a64a814575718e348024ecffdd');
INSERT INTO credits VALUES(281007,'2_mnfAHmddVibnZNSkh8DvKaQoiEfNsxjXzH_mtQheFaSfWELRB2MyMBaiWjdDm6ux9Ezns_2','BBBB',4000000,'send','07112b251ecb15b79155095840b6db78d754b2ab092eb1307166418d7a138107');
INSERT INTO credits VALUES(281008,'2_mnfAHmddVibnZNSkh8DvKaQoiEfNsxjXzH_mtQheFaSfWELRB2MyMBaiWjdDm6ux9Ezns_2','BBBC',526,'send','999005f604c3a72de758289f4fa6a68895404455dac1b607b03de2dc15a6ed34');
INSERT INTO credits VALUES(281009,'2_mnfAHmddVibnZNSkh8DvKaQoiEfNsxjXzH_mtQheFaSfWELRB2MyMBaiWjdDm6ux9Ezns_2','XCP',24,'dividend','56dba11b7b9a89689770e33747383ba0f3f5ebf6e05dade1c082a7e41a7b0fca');
INSERT INTO credits VALUES(281010,'2_mnfAHmddVibnZNSkh8DvKaQoiEfNsxjXzH_mtQheFaSfWELRB2MyMBaiWjdDm6ux9Ezns_2','XCP',420800,'dividend','d097267813981a1b1ccdecee8e2fa961e8e7aa121f64d3d915b508f7d9ecaa59');
INSERT INTO credits VALUES(281013,'2_mn6q3dS2EnDUx3bmyWc6D4szJNVGtaR7zc_mtQheFaSfWELRB2MyMBaiWjdDm6ux9Ezns_2','XCP',4250000,'filled','b683bc60157d3fc1c54e83ff152ce745ad0f7e88115e969d8a0c452c0c313964');
INSERT INTO credits VALUES(281014,'2_mn6q3dS2EnDUx3bmyWc6D4szJNVGtaR7zc_mtQheFaSfWELRB2MyMBaiWjdDm6ux9Ezns_2','XCP',5000000,'cancel order','25b19174b9ed4bc5d692125e0bc572b5a7c935938155be20d04e650f09feffb0');
INSERT INTO credits VALUES(281014,'2_mn6q3dS2EnDUx3bmyWc6D4szJNVGtaR7zc_mtQheFaSfWELRB2MyMBaiWjdDm6ux9Ezns_2','XCP',41500000,'recredit forward quantity','8ae321d45b10b630223521e39950a0324407a3b3aa9dc9feaddbd0f36c89658ab683bc60157d3fc1c54e83ff152ce745ad0f7e88115e969d8a0c452c0c313964');
INSERT INTO credits VALUES(281014,'2_mn6q3dS2EnDUx3bmyWc6D4szJNVGtaR7zc_mtQheFaSfWELRB2MyMBaiWjdDm6ux9Ezns_2','XCP',20750000,'recredit backward quantity','8ae321d45b10b630223521e39950a0324407a3b3aa9dc9feaddbd0f36c89658ab683bc60157d3fc1c54e83ff152ce745ad0f7e88115e969d8a0c452c0c313964');
INSERT INTO credits VALUES(281015,'2_mn6q3dS2EnDUx3bmyWc6D4szJNVGtaR7zc_mtQheFaSfWELRB2MyMBaiWjdDm6ux9Ezns_2','XCP',0,'filled','cfadc8902f19613b9037bb1a462a1cb2fd3c04682f55caed116dd444e539751d');
INSERT INTO credits VALUES(281015,'2_mn6q3dS2EnDUx3bmyWc6D4szJNVGtaR7zc_mtQheFaSfWELRB2MyMBaiWjdDm6ux9Ezns_2','XCP',0,'filled','cfadc8902f19613b9037bb1a462a1cb2fd3c04682f55caed116dd444e539751d');
INSERT INTO credits VALUES(281016,'2_mn6q3dS2EnDUx3bmyWc6D4szJNVGtaR7zc_mtQheFaSfWELRB2MyMBaiWjdDm6ux9Ezns_2','XCP',150000000,'recredit forward quantity','5053ec4717d157fb4b9ec0c45f5c39300048545636ccbe1d9d62e1f3f72783fdcfadc8902f19613b9037bb1a462a1cb2fd3c04682f55caed116dd444e539751d');
INSERT INTO credits VALUES(281016,'2_mn6q3dS2EnDUx3bmyWc6D4szJNVGtaR7zc_mtQheFaSfWELRB2MyMBaiWjdDm6ux9Ezns_2','XCP',350000000,'recredit backward quantity','5053ec4717d157fb4b9ec0c45f5c39300048545636ccbe1d9d62e1f3f72783fdcfadc8902f19613b9037bb1a462a1cb2fd3c04682f55caed116dd444e539751d');
INSERT INTO credits VALUES(281017,'2_mn6q3dS2EnDUx3bmyWc6D4szJNVGtaR7zc_mtQheFaSfWELRB2MyMBaiWjdDm6ux9Ezns_2','XCP',0,'filled','da8b14f7e85449f1673ae33a0a7b542ec7260d752a6c9643756032b9f8175950');
INSERT INTO credits VALUES(281017,'2_mn6q3dS2EnDUx3bmyWc6D4szJNVGtaR7zc_mtQheFaSfWELRB2MyMBaiWjdDm6ux9Ezns_2','XCP',0,'filled','da8b14f7e85449f1673ae33a0a7b542ec7260d752a6c9643756032b9f8175950');
INSERT INTO credits VALUES(281018,'2_mn6q3dS2EnDUx3bmyWc6D4szJNVGtaR7zc_mtQheFaSfWELRB2MyMBaiWjdDm6ux9Ezns_2','XCP',750000000,'recredit forward quantity','ad7ff1e59f6298e137038df9ac798a36c282e1bfadc25496458d03103e9423f6da8b14f7e85449f1673ae33a0a7b542ec7260d752a6c9643756032b9f8175950');
INSERT INTO credits VALUES(281018,'2_mn6q3dS2EnDUx3bmyWc6D4szJNVGtaR7zc_mtQheFaSfWELRB2MyMBaiWjdDm6ux9Ezns_2','XCP',650000000,'recredit backward quantity','ad7ff1e59f6298e137038df9ac798a36c282e1bfadc25496458d03103e9423f6da8b14f7e85449f1673ae33a0a7b542ec7260d752a6c9643756032b9f8175950');
INSERT INTO credits VALUES(281022,'2_mn6q3dS2EnDUx3bmyWc6D4szJNVGtaR7zc_mtQheFaSfWELRB2MyMBaiWjdDm6ux9Ezns_2','XCP',56999888137,'burn','702e60afb8f29d914c6d06d44f1e15be1d872c73d0796fe9d29dd5c45b31a5c4');
INSERT INTO credits VALUES(281023,'2_mn6q3dS2EnDUx3bmyWc6D4szJNVGtaR7zc_mtQheFaSfWELRB2MyMBaiWjdDm6ux9Ezns_2','XCP',8500000,'recredit wager remaining','8ae321d45b10b630223521e39950a0324407a3b3aa9dc9feaddbd0f36c89658a');
INSERT INTO credits VALUES(281023,'2_mnfAHmddVibnZNSkh8DvKaQoiEfNsxjXzH_mtQheFaSfWELRB2MyMBaiWjdDm6ux9Ezns_2','BBBC',10000,'send','59914c5b5fbe8859767bc6416f8042588b2af690bb998797bc32e5bea4809e67');
INSERT INTO credits VALUES(281024,'2_mn6q3dS2EnDUx3bmyWc6D4szJNVGtaR7zc_mtQheFaSfWELRB2MyMBaiWjdDm6ux9Ezns_2','BBBC',3157,'callback','1bf7ae0aeec47fd87a4bbeda08c3b32c27d81ca26b62e5f44ab8714792efa3aa');
INSERT INTO credits VALUES(281024,'2_mnfAHmddVibnZNSkh8DvKaQoiEfNsxjXzH_mtQheFaSfWELRB2MyMBaiWjdDm6ux9Ezns_2','XCP',4735500000,'callback','1bf7ae0aeec47fd87a4bbeda08c3b32c27d81ca26b62e5f44ab8714792efa3aa');
INSERT INTO credits VALUES(281028,'2_mn6q3dS2EnDUx3bmyWc6D4szJNVGtaR7zc_mtQheFaSfWELRB2MyMBaiWjdDm6ux9Ezns_2','XCP',22043326,'wins','06577f103706ef5b6b4afaf2918a63b86034f3082f53b3baab38c1d9e5e3501c490c5880ea56313edb2a7e5f8b313a2bffb4852918e8c737d93ca512fc4be417');
INSERT INTO credits VALUES(281032,'2_mn6q3dS2EnDUx3bmyWc6D4szJNVGtaR7zc_mtQheFaSfWELRB2MyMBaiWjdDm6ux9Ezns_2','BBBB',50000000,'cancel order','9b534bc1d8045b320b255aa866f43761986152b0ad0655fe268755dca46de5ff');
INSERT INTO credits VALUES(281040,'2_mn6q3dS2EnDUx3bmyWc6D4szJNVGtaR7zc_mtQheFaSfWELRB2MyMBaiWjdDm6ux9Ezns_2','XCP',11021663,'recredit wager','5d7af0b88a6f0108c28bc39cdf480c4b742f52f7ad14ba019c2607eb1d613a8b');
INSERT INTO credits VALUES(281069,'2_mn6q3dS2EnDUx3bmyWc6D4szJNVGtaR7zc_mtQheFaSfWELRB2MyMBaiWjdDm6ux9Ezns_2','XCP',11021664,'recredit wager','5c687310fc2f7bff1d99112f9cc46b33af3fdb0c5c032c80866bf4676843ff06b2685648201c7bdef413d6568a99f1c6e9bf8c0ec4f59c638fe54cbc59baf5fd');
INSERT INTO credits VALUES(281069,'2_mnfAHmddVibnZNSkh8DvKaQoiEfNsxjXzH_mtQheFaSfWELRB2MyMBaiWjdDm6ux9Ezns_2','XCP',11021664,'recredit wager','5c687310fc2f7bff1d99112f9cc46b33af3fdb0c5c032c80866bf4676843ff06b2685648201c7bdef413d6568a99f1c6e9bf8c0ec4f59c638fe54cbc59baf5fd');
INSERT INTO credits VALUES(281096,'2_mn6q3dS2EnDUx3bmyWc6D4szJNVGtaR7zc_mtQheFaSfWELRB2MyMBaiWjdDm6ux9Ezns_2','XCP',22043330,'wins','cb91b1e26844266bd3dfbd8952f160d05a57a79ee2a7577f093c643ce6353e38771874b62b13a8efcdfc502b68cced7b1466838558bcc644bbc74cf7c18561a9');

-- Table  debits
DROP TABLE IF EXISTS debits;
CREATE TABLE debits(
                      block_index INTEGER,
                      address TEXT,
                      asset TEXT,
                      quantity INTEGER,
                      action TEXT,
                      event TEXT,
                      FOREIGN KEY (block_index) REFERENCES blocks(block_index));
INSERT INTO debits VALUES(281001,'2_mn6q3dS2EnDUx3bmyWc6D4szJNVGtaR7zc_mtQheFaSfWELRB2MyMBaiWjdDm6ux9Ezns_2','XCP',50000000,'send','a3f112e40f940a9eaeedd281ed8812344f0a2495e4f8207275598836e8009e2d');
INSERT INTO debits VALUES(281003,'2_mn6q3dS2EnDUx3bmyWc6D4szJNVGtaR7zc_mtQheFaSfWELRB2MyMBaiWjdDm6ux9Ezns_2','XCP',105000000,'open order','25b19174b9ed4bc5d692125e0bc572b5a7c935938155be20d04e650f09feffb0');
INSERT INTO debits VALUES(281005,'2_mn6q3dS2EnDUx3bmyWc6D4szJNVGtaR7zc_mtQheFaSfWELRB2MyMBaiWjdDm6ux9Ezns_2','XCP',50000000,'issuance fee','d1ce27ab2c252a0fec93ebe86d4e75c7915341ad12328ce38738f0e5f8ae5c03');
INSERT INTO debits VALUES(281006,'2_mn6q3dS2EnDUx3bmyWc6D4szJNVGtaR7zc_mtQheFaSfWELRB2MyMBaiWjdDm6ux9Ezns_2','XCP',50000000,'issuance fee','b75afc7a531c56ef0203f0dec430da0d10e513a64a814575718e348024ecffdd');
INSERT INTO debits VALUES(281007,'2_mn6q3dS2EnDUx3bmyWc6D4szJNVGtaR7zc_mtQheFaSfWELRB2MyMBaiWjdDm6ux9Ezns_2','BBBB',4000000,'send','07112b251ecb15b79155095840b6db78d754b2ab092eb1307166418d7a138107');
INSERT INTO debits VALUES(281008,'2_mn6q3dS2EnDUx3bmyWc6D4szJNVGtaR7zc_mtQheFaSfWELRB2MyMBaiWjdDm6ux9Ezns_2','BBBC',526,'send','999005f604c3a72de758289f4fa6a68895404455dac1b607b03de2dc15a6ed34');
INSERT INTO debits VALUES(281009,'2_mn6q3dS2EnDUx3bmyWc6D4szJNVGtaR7zc_mtQheFaSfWELRB2MyMBaiWjdDm6ux9Ezns_2','XCP',24,'dividend','56dba11b7b9a89689770e33747383ba0f3f5ebf6e05dade1c082a7e41a7b0fca');
INSERT INTO debits VALUES(281009,'2_mn6q3dS2EnDUx3bmyWc6D4szJNVGtaR7zc_mtQheFaSfWELRB2MyMBaiWjdDm6ux9Ezns_2','XCP',20000,'dividend fee','56dba11b7b9a89689770e33747383ba0f3f5ebf6e05dade1c082a7e41a7b0fca');
INSERT INTO debits VALUES(281010,'2_mn6q3dS2EnDUx3bmyWc6D4szJNVGtaR7zc_mtQheFaSfWELRB2MyMBaiWjdDm6ux9Ezns_2','XCP',420800,'dividend','d097267813981a1b1ccdecee8e2fa961e8e7aa121f64d3d915b508f7d9ecaa59');
INSERT INTO debits VALUES(281010,'2_mn6q3dS2EnDUx3bmyWc6D4szJNVGtaR7zc_mtQheFaSfWELRB2MyMBaiWjdDm6ux9Ezns_2','XCP',20000,'dividend fee','d097267813981a1b1ccdecee8e2fa961e8e7aa121f64d3d915b508f7d9ecaa59');
INSERT INTO debits VALUES(281012,'2_mn6q3dS2EnDUx3bmyWc6D4szJNVGtaR7zc_mtQheFaSfWELRB2MyMBaiWjdDm6ux9Ezns_2','XCP',50000000,'bet','8ae321d45b10b630223521e39950a0324407a3b3aa9dc9feaddbd0f36c89658a');
INSERT INTO debits VALUES(281013,'2_mn6q3dS2EnDUx3bmyWc6D4szJNVGtaR7zc_mtQheFaSfWELRB2MyMBaiWjdDm6ux9Ezns_2','XCP',25000000,'bet','b683bc60157d3fc1c54e83ff152ce745ad0f7e88115e969d8a0c452c0c313964');
INSERT INTO debits VALUES(281014,'2_mn6q3dS2EnDUx3bmyWc6D4szJNVGtaR7zc_mtQheFaSfWELRB2MyMBaiWjdDm6ux9Ezns_2','XCP',150000000,'bet','5053ec4717d157fb4b9ec0c45f5c39300048545636ccbe1d9d62e1f3f72783fd');
INSERT INTO debits VALUES(281015,'2_mn6q3dS2EnDUx3bmyWc6D4szJNVGtaR7zc_mtQheFaSfWELRB2MyMBaiWjdDm6ux9Ezns_2','XCP',350000000,'bet','cfadc8902f19613b9037bb1a462a1cb2fd3c04682f55caed116dd444e539751d');
INSERT INTO debits VALUES(281016,'2_mn6q3dS2EnDUx3bmyWc6D4szJNVGtaR7zc_mtQheFaSfWELRB2MyMBaiWjdDm6ux9Ezns_2','XCP',750000000,'bet','ad7ff1e59f6298e137038df9ac798a36c282e1bfadc25496458d03103e9423f6');
INSERT INTO debits VALUES(281017,'2_mn6q3dS2EnDUx3bmyWc6D4szJNVGtaR7zc_mtQheFaSfWELRB2MyMBaiWjdDm6ux9Ezns_2','XCP',650000000,'bet','da8b14f7e85449f1673ae33a0a7b542ec7260d752a6c9643756032b9f8175950');
INSERT INTO debits VALUES(281021,'2_mn6q3dS2EnDUx3bmyWc6D4szJNVGtaR7zc_mtQheFaSfWELRB2MyMBaiWjdDm6ux9Ezns_2','BBBB',50000000,'open order','9b534bc1d8045b320b255aa866f43761986152b0ad0655fe268755dca46de5ff');
INSERT INTO debits VALUES(281023,'2_mn6q3dS2EnDUx3bmyWc6D4szJNVGtaR7zc_mtQheFaSfWELRB2MyMBaiWjdDm6ux9Ezns_2','BBBC',10000,'send','59914c5b5fbe8859767bc6416f8042588b2af690bb998797bc32e5bea4809e67');
INSERT INTO debits VALUES(281024,'2_mn6q3dS2EnDUx3bmyWc6D4szJNVGtaR7zc_mtQheFaSfWELRB2MyMBaiWjdDm6ux9Ezns_2','XCP',4735500000,'callback','1bf7ae0aeec47fd87a4bbeda08c3b32c27d81ca26b62e5f44ab8714792efa3aa');
INSERT INTO debits VALUES(281024,'2_mnfAHmddVibnZNSkh8DvKaQoiEfNsxjXzH_mtQheFaSfWELRB2MyMBaiWjdDm6ux9Ezns_2','BBBC',3157,'callback','1bf7ae0aeec47fd87a4bbeda08c3b32c27d81ca26b62e5f44ab8714792efa3aa');
INSERT INTO debits VALUES(281025,'2_mn6q3dS2EnDUx3bmyWc6D4szJNVGtaR7zc_mtQheFaSfWELRB2MyMBaiWjdDm6ux9Ezns_2','XCP',11021663,'open RPS','06577f103706ef5b6b4afaf2918a63b86034f3082f53b3baab38c1d9e5e3501c');
INSERT INTO debits VALUES(281026,'2_mnfAHmddVibnZNSkh8DvKaQoiEfNsxjXzH_mtQheFaSfWELRB2MyMBaiWjdDm6ux9Ezns_2','XCP',11021663,'open RPS','490c5880ea56313edb2a7e5f8b313a2bffb4852918e8c737d93ca512fc4be417');
INSERT INTO debits VALUES(281029,'2_mn6q3dS2EnDUx3bmyWc6D4szJNVGtaR7zc_mtQheFaSfWELRB2MyMBaiWjdDm6ux9Ezns_2','XCP',11021663,'open RPS','5d7af0b88a6f0108c28bc39cdf480c4b742f52f7ad14ba019c2607eb1d613a8b');
INSERT INTO debits VALUES(281047,'2_mn6q3dS2EnDUx3bmyWc6D4szJNVGtaR7zc_mtQheFaSfWELRB2MyMBaiWjdDm6ux9Ezns_2','XCP',11021664,'open RPS','5c687310fc2f7bff1d99112f9cc46b33af3fdb0c5c032c80866bf4676843ff06');
INSERT INTO debits VALUES(281048,'2_mnfAHmddVibnZNSkh8DvKaQoiEfNsxjXzH_mtQheFaSfWELRB2MyMBaiWjdDm6ux9Ezns_2','XCP',11021664,'open RPS','b2685648201c7bdef413d6568a99f1c6e9bf8c0ec4f59c638fe54cbc59baf5fd');
INSERT INTO debits VALUES(281074,'2_mn6q3dS2EnDUx3bmyWc6D4szJNVGtaR7zc_mtQheFaSfWELRB2MyMBaiWjdDm6ux9Ezns_2','XCP',11021665,'open RPS','cb91b1e26844266bd3dfbd8952f160d05a57a79ee2a7577f093c643ce6353e38');
INSERT INTO debits VALUES(281075,'2_mnfAHmddVibnZNSkh8DvKaQoiEfNsxjXzH_mtQheFaSfWELRB2MyMBaiWjdDm6ux9Ezns_2','XCP',11021665,'open RPS','771874b62b13a8efcdfc502b68cced7b1466838558bcc644bbc74cf7c18561a9');
-- Triggers and indices on  debits
CREATE INDEX address_idx ON debits (address);
CREATE INDEX asset_idx ON debits (asset);

-- Table  dividends
DROP TABLE IF EXISTS dividends;
CREATE TABLE dividends(
                      tx_index INTEGER PRIMARY KEY,
                      tx_hash TEXT UNIQUE,
                      block_index INTEGER,
                      source TEXT,
                      asset TEXT,
                      dividend_asset TEXT,
                      quantity_per_unit INTEGER,
                      fee_paid INTEGER,
                      status TEXT,
                      FOREIGN KEY (tx_index, tx_hash, block_index) REFERENCES transactions(tx_index, tx_hash, block_index));
INSERT INTO dividends VALUES(10,'56dba11b7b9a89689770e33747383ba0f3f5ebf6e05dade1c082a7e41a7b0fca',281009,'2_mn6q3dS2EnDUx3bmyWc6D4szJNVGtaR7zc_mtQheFaSfWELRB2MyMBaiWjdDm6ux9Ezns_2','BBBB','XCP',600,20000,'valid');
INSERT INTO dividends VALUES(11,'d097267813981a1b1ccdecee8e2fa961e8e7aa121f64d3d915b508f7d9ecaa59',281010,'2_mn6q3dS2EnDUx3bmyWc6D4szJNVGtaR7zc_mtQheFaSfWELRB2MyMBaiWjdDm6ux9Ezns_2','BBBC','XCP',800,20000,'valid');

-- Table  executions
DROP TABLE IF EXISTS executions;
CREATE TABLE executions(
                      tx_index INTEGER UNIQUE,
                      tx_hash TEXT UNIQUE,
                      block_index INTEGER,
                      source TEXT,
                      contract_id TEXT,
                      gas_price INTEGER,
                      gas_start INTEGER,
                      gas_cost INTEGER,
                      gas_remained INTEGER,
                      value INTEGER,
                      data BLOB,
                      output BLOB,
                      status TEXT,
                      FOREIGN KEY (tx_index, tx_hash, block_index) REFERENCES transactions(tx_index, tx_hash, block_index));

-- Table  issuances
DROP TABLE IF EXISTS issuances;
CREATE TABLE issuances(
                      tx_index INTEGER PRIMARY KEY,
                      tx_hash TEXT UNIQUE,
                      block_index INTEGER,
                      asset TEXT,
                      quantity INTEGER,
                      divisible BOOL,
                      source TEXT,
                      issuer TEXT,
                      transfer BOOL,
                      callable BOOL,
                      call_date INTEGER,
                      call_price REAL,
                      description TEXT,
                      fee_paid INTEGER,
                      locked BOOL,
                      status TEXT,
                      FOREIGN KEY (tx_index, tx_hash, block_index) REFERENCES transactions(tx_index, tx_hash, block_index));
INSERT INTO issuances VALUES(6,'d1ce27ab2c252a0fec93ebe86d4e75c7915341ad12328ce38738f0e5f8ae5c03',281005,'BBBB',1000000000,1,'2_mn6q3dS2EnDUx3bmyWc6D4szJNVGtaR7zc_mtQheFaSfWELRB2MyMBaiWjdDm6ux9Ezns_2','2_mn6q3dS2EnDUx3bmyWc6D4szJNVGtaR7zc_mtQheFaSfWELRB2MyMBaiWjdDm6ux9Ezns_2',0,0,0,0.0,'',50000000,0,'valid');
INSERT INTO issuances VALUES(7,'b75afc7a531c56ef0203f0dec430da0d10e513a64a814575718e348024ecffdd',281006,'BBBC',100000,0,'2_mn6q3dS2EnDUx3bmyWc6D4szJNVGtaR7zc_mtQheFaSfWELRB2MyMBaiWjdDm6ux9Ezns_2','2_mn6q3dS2EnDUx3bmyWc6D4szJNVGtaR7zc_mtQheFaSfWELRB2MyMBaiWjdDm6ux9Ezns_2',0,1,17,0.015,'foobar',50000000,0,'valid');
-- Triggers and indices on  issuances
CREATE INDEX status_idx ON issuances (status);
CREATE INDEX valid_asset_idx ON issuances (asset, status);

-- Table  mempool
DROP TABLE IF EXISTS mempool;
CREATE TABLE mempool(
                      tx_hash TEXT,
                      command TEXT,
                      category TEXT,
                      bindings TEXT,
                      timestamp INTEGER);

-- Table  messages
DROP TABLE IF EXISTS messages;
CREATE TABLE messages(
                      message_index INTEGER PRIMARY KEY,
                      block_index INTEGER,
                      command TEXT,
                      category TEXT,
                      bindings TEXT,
                      timestamp INTEGER);
INSERT INTO messages VALUES(0,281000,'insert','credits','{"action": "burn", "address": "2_mn6q3dS2EnDUx3bmyWc6D4szJNVGtaR7zc_mtQheFaSfWELRB2MyMBaiWjdDm6ux9Ezns_2", "asset": "XCP", "block_index": 281000, "event": "baf568fd33ac5ee3efa137cd8f9a030a339889a96834134f9e99815447d2c2f6", "quantity": 93000000000}',0);
INSERT INTO messages VALUES(1,281000,'insert','burns','{"block_index": 281000, "burned": 62000000, "earned": 93000000000, "source": "2_mn6q3dS2EnDUx3bmyWc6D4szJNVGtaR7zc_mtQheFaSfWELRB2MyMBaiWjdDm6ux9Ezns_2", "status": "valid", "tx_hash": "baf568fd33ac5ee3efa137cd8f9a030a339889a96834134f9e99815447d2c2f6", "tx_index": 1}',0);
INSERT INTO messages VALUES(2,281001,'insert','debits','{"action": "send", "address": "2_mn6q3dS2EnDUx3bmyWc6D4szJNVGtaR7zc_mtQheFaSfWELRB2MyMBaiWjdDm6ux9Ezns_2", "asset": "XCP", "block_index": 281001, "event": "a3f112e40f940a9eaeedd281ed8812344f0a2495e4f8207275598836e8009e2d", "quantity": 50000000}',0);
INSERT INTO messages VALUES(3,281001,'insert','credits','{"action": "send", "address": "2_mnfAHmddVibnZNSkh8DvKaQoiEfNsxjXzH_mtQheFaSfWELRB2MyMBaiWjdDm6ux9Ezns_2", "asset": "XCP", "block_index": 281001, "event": "a3f112e40f940a9eaeedd281ed8812344f0a2495e4f8207275598836e8009e2d", "quantity": 50000000}',0);
INSERT INTO messages VALUES(4,281001,'insert','sends','{"asset": "XCP", "block_index": 281001, "destination": "2_mnfAHmddVibnZNSkh8DvKaQoiEfNsxjXzH_mtQheFaSfWELRB2MyMBaiWjdDm6ux9Ezns_2", "quantity": 50000000, "source": "2_mn6q3dS2EnDUx3bmyWc6D4szJNVGtaR7zc_mtQheFaSfWELRB2MyMBaiWjdDm6ux9Ezns_2", "status": "valid", "tx_hash": "a3f112e40f940a9eaeedd281ed8812344f0a2495e4f8207275598836e8009e2d", "tx_index": 2}',0);
INSERT INTO messages VALUES(5,281002,'insert','orders','{"block_index": 281002, "expiration": 10, "expire_index": 281012, "fee_provided": 1000000, "fee_provided_remaining": 1000000, "fee_required": 0, "fee_required_remaining": 0, "get_asset": "XCP", "get_quantity": 100000000, "get_remaining": 100000000, "give_asset": "BTC", "give_quantity": 50000000, "give_remaining": 50000000, "source": "2_mn6q3dS2EnDUx3bmyWc6D4szJNVGtaR7zc_mtQheFaSfWELRB2MyMBaiWjdDm6ux9Ezns_2", "status": "open", "tx_hash": "878c11df1a0dc35b8cb39e2c35bdc3c7e1102e40ec03b704938cfa0d6a06ab06", "tx_index": 3}',0);
INSERT INTO messages VALUES(6,281003,'insert','debits','{"action": "open order", "address": "2_mn6q3dS2EnDUx3bmyWc6D4szJNVGtaR7zc_mtQheFaSfWELRB2MyMBaiWjdDm6ux9Ezns_2", "asset": "XCP", "block_index": 281003, "event": "25b19174b9ed4bc5d692125e0bc572b5a7c935938155be20d04e650f09feffb0", "quantity": 105000000}',0);
INSERT INTO messages VALUES(7,281003,'insert','orders','{"block_index": 281003, "expiration": 10, "expire_index": 281013, "fee_provided": 10000, "fee_provided_remaining": 10000, "fee_required": 900000, "fee_required_remaining": 900000, "get_asset": "BTC", "get_quantity": 50000000, "get_remaining": 50000000, "give_asset": "XCP", "give_quantity": 105000000, "give_remaining": 105000000, "source": "2_mn6q3dS2EnDUx3bmyWc6D4szJNVGtaR7zc_mtQheFaSfWELRB2MyMBaiWjdDm6ux9Ezns_2", "status": "open", "tx_hash": "25b19174b9ed4bc5d692125e0bc572b5a7c935938155be20d04e650f09feffb0", "tx_index": 4}',0);
INSERT INTO messages VALUES(8,281003,'update','orders','{"fee_provided_remaining": 142858, "fee_required_remaining": 0, "get_remaining": 0, "give_remaining": 0, "status": "open", "tx_hash": "878c11df1a0dc35b8cb39e2c35bdc3c7e1102e40ec03b704938cfa0d6a06ab06"}',0);
INSERT INTO messages VALUES(9,281003,'update','orders','{"fee_provided_remaining": 10000, "fee_required_remaining": 42858, "get_remaining": 0, "give_remaining": 5000000, "status": "open", "tx_hash": "25b19174b9ed4bc5d692125e0bc572b5a7c935938155be20d04e650f09feffb0"}',0);
INSERT INTO messages VALUES(10,281003,'insert','order_matches','{"backward_asset": "XCP", "backward_quantity": 100000000, "block_index": 281003, "fee_paid": 857142, "forward_asset": "BTC", "forward_quantity": 50000000, "id": "878c11df1a0dc35b8cb39e2c35bdc3c7e1102e40ec03b704938cfa0d6a06ab0625b19174b9ed4bc5d692125e0bc572b5a7c935938155be20d04e650f09feffb0", "match_expire_index": 281023, "status": "pending", "tx0_address": "2_mn6q3dS2EnDUx3bmyWc6D4szJNVGtaR7zc_mtQheFaSfWELRB2MyMBaiWjdDm6ux9Ezns_2", "tx0_block_index": 281002, "tx0_expiration": 10, "tx0_hash": "878c11df1a0dc35b8cb39e2c35bdc3c7e1102e40ec03b704938cfa0d6a06ab06", "tx0_index": 3, "tx1_address": "2_mn6q3dS2EnDUx3bmyWc6D4szJNVGtaR7zc_mtQheFaSfWELRB2MyMBaiWjdDm6ux9Ezns_2", "tx1_block_index": 281003, "tx1_expiration": 10, "tx1_hash": "25b19174b9ed4bc5d692125e0bc572b5a7c935938155be20d04e650f09feffb0", "tx1_index": 4}',0);
INSERT INTO messages VALUES(11,281004,'insert','credits','{"action": "btcpay", "address": "2_mn6q3dS2EnDUx3bmyWc6D4szJNVGtaR7zc_mtQheFaSfWELRB2MyMBaiWjdDm6ux9Ezns_2", "asset": "XCP", "block_index": 281004, "event": "43376af96a8bbc188afc8796871b60a8350f279c14e6ff3e45e44e2f81120247", "quantity": 100000000}',0);
INSERT INTO messages VALUES(12,281004,'update','order_matches','{"order_match_id": "878c11df1a0dc35b8cb39e2c35bdc3c7e1102e40ec03b704938cfa0d6a06ab0625b19174b9ed4bc5d692125e0bc572b5a7c935938155be20d04e650f09feffb0", "status": "completed"}',0);
INSERT INTO messages VALUES(13,281004,'insert','btcpays','{"block_index": 281004, "btc_amount": 50000000, "destination": "2_mn6q3dS2EnDUx3bmyWc6D4szJNVGtaR7zc_mtQheFaSfWELRB2MyMBaiWjdDm6ux9Ezns_2", "order_match_id": "878c11df1a0dc35b8cb39e2c35bdc3c7e1102e40ec03b704938cfa0d6a06ab0625b19174b9ed4bc5d692125e0bc572b5a7c935938155be20d04e650f09feffb0", "source": "2_mn6q3dS2EnDUx3bmyWc6D4szJNVGtaR7zc_mtQheFaSfWELRB2MyMBaiWjdDm6ux9Ezns_2", "status": "valid", "tx_hash": "43376af96a8bbc188afc8796871b60a8350f279c14e6ff3e45e44e2f81120247", "tx_index": 5}',0);
INSERT INTO messages VALUES(14,281005,'insert','debits','{"action": "issuance fee", "address": "2_mn6q3dS2EnDUx3bmyWc6D4szJNVGtaR7zc_mtQheFaSfWELRB2MyMBaiWjdDm6ux9Ezns_2", "asset": "XCP", "block_index": 281005, "event": "d1ce27ab2c252a0fec93ebe86d4e75c7915341ad12328ce38738f0e5f8ae5c03", "quantity": 50000000}',0);
INSERT INTO messages VALUES(15,281005,'insert','issuances','{"asset": "BBBB", "block_index": 281005, "call_date": 0, "call_price": 0.0, "callable": false, "description": "", "divisible": true, "fee_paid": 50000000, "issuer": "2_mn6q3dS2EnDUx3bmyWc6D4szJNVGtaR7zc_mtQheFaSfWELRB2MyMBaiWjdDm6ux9Ezns_2", "locked": false, "quantity": 1000000000, "source": "2_mn6q3dS2EnDUx3bmyWc6D4szJNVGtaR7zc_mtQheFaSfWELRB2MyMBaiWjdDm6ux9Ezns_2", "status": "valid", "transfer": false, "tx_hash": "d1ce27ab2c252a0fec93ebe86d4e75c7915341ad12328ce38738f0e5f8ae5c03", "tx_index": 6}',0);
INSERT INTO messages VALUES(16,281005,'insert','credits','{"action": "issuance", "address": "2_mn6q3dS2EnDUx3bmyWc6D4szJNVGtaR7zc_mtQheFaSfWELRB2MyMBaiWjdDm6ux9Ezns_2", "asset": "BBBB", "block_index": 281005, "event": "d1ce27ab2c252a0fec93ebe86d4e75c7915341ad12328ce38738f0e5f8ae5c03", "quantity": 1000000000}',0);
INSERT INTO messages VALUES(17,281006,'insert','debits','{"action": "issuance fee", "address": "2_mn6q3dS2EnDUx3bmyWc6D4szJNVGtaR7zc_mtQheFaSfWELRB2MyMBaiWjdDm6ux9Ezns_2", "asset": "XCP", "block_index": 281006, "event": "b75afc7a531c56ef0203f0dec430da0d10e513a64a814575718e348024ecffdd", "quantity": 50000000}',0);
INSERT INTO messages VALUES(18,281006,'insert','issuances','{"asset": "BBBC", "block_index": 281006, "call_date": 17, "call_price": 0.015, "callable": true, "description": "foobar", "divisible": false, "fee_paid": 50000000, "issuer": "2_mn6q3dS2EnDUx3bmyWc6D4szJNVGtaR7zc_mtQheFaSfWELRB2MyMBaiWjdDm6ux9Ezns_2", "locked": false, "quantity": 100000, "source": "2_mn6q3dS2EnDUx3bmyWc6D4szJNVGtaR7zc_mtQheFaSfWELRB2MyMBaiWjdDm6ux9Ezns_2", "status": "valid", "transfer": false, "tx_hash": "b75afc7a531c56ef0203f0dec430da0d10e513a64a814575718e348024ecffdd", "tx_index": 7}',0);
INSERT INTO messages VALUES(19,281006,'insert','credits','{"action": "issuance", "address": "2_mn6q3dS2EnDUx3bmyWc6D4szJNVGtaR7zc_mtQheFaSfWELRB2MyMBaiWjdDm6ux9Ezns_2", "asset": "BBBC", "block_index": 281006, "event": "b75afc7a531c56ef0203f0dec430da0d10e513a64a814575718e348024ecffdd", "quantity": 100000}',0);
INSERT INTO messages VALUES(20,281007,'insert','debits','{"action": "send", "address": "2_mn6q3dS2EnDUx3bmyWc6D4szJNVGtaR7zc_mtQheFaSfWELRB2MyMBaiWjdDm6ux9Ezns_2", "asset": "BBBB", "block_index": 281007, "event": "07112b251ecb15b79155095840b6db78d754b2ab092eb1307166418d7a138107", "quantity": 4000000}',0);
INSERT INTO messages VALUES(21,281007,'insert','credits','{"action": "send", "address": "2_mnfAHmddVibnZNSkh8DvKaQoiEfNsxjXzH_mtQheFaSfWELRB2MyMBaiWjdDm6ux9Ezns_2", "asset": "BBBB", "block_index": 281007, "event": "07112b251ecb15b79155095840b6db78d754b2ab092eb1307166418d7a138107", "quantity": 4000000}',0);
INSERT INTO messages VALUES(22,281007,'insert','sends','{"asset": "BBBB", "block_index": 281007, "destination": "2_mnfAHmddVibnZNSkh8DvKaQoiEfNsxjXzH_mtQheFaSfWELRB2MyMBaiWjdDm6ux9Ezns_2", "quantity": 4000000, "source": "2_mn6q3dS2EnDUx3bmyWc6D4szJNVGtaR7zc_mtQheFaSfWELRB2MyMBaiWjdDm6ux9Ezns_2", "status": "valid", "tx_hash": "07112b251ecb15b79155095840b6db78d754b2ab092eb1307166418d7a138107", "tx_index": 8}',0);
INSERT INTO messages VALUES(23,281008,'insert','debits','{"action": "send", "address": "2_mn6q3dS2EnDUx3bmyWc6D4szJNVGtaR7zc_mtQheFaSfWELRB2MyMBaiWjdDm6ux9Ezns_2", "asset": "BBBC", "block_index": 281008, "event": "999005f604c3a72de758289f4fa6a68895404455dac1b607b03de2dc15a6ed34", "quantity": 526}',0);
INSERT INTO messages VALUES(24,281008,'insert','credits','{"action": "send", "address": "2_mnfAHmddVibnZNSkh8DvKaQoiEfNsxjXzH_mtQheFaSfWELRB2MyMBaiWjdDm6ux9Ezns_2", "asset": "BBBC", "block_index": 281008, "event": "999005f604c3a72de758289f4fa6a68895404455dac1b607b03de2dc15a6ed34", "quantity": 526}',0);
INSERT INTO messages VALUES(25,281008,'insert','sends','{"asset": "BBBC", "block_index": 281008, "destination": "2_mnfAHmddVibnZNSkh8DvKaQoiEfNsxjXzH_mtQheFaSfWELRB2MyMBaiWjdDm6ux9Ezns_2", "quantity": 526, "source": "2_mn6q3dS2EnDUx3bmyWc6D4szJNVGtaR7zc_mtQheFaSfWELRB2MyMBaiWjdDm6ux9Ezns_2", "status": "valid", "tx_hash": "999005f604c3a72de758289f4fa6a68895404455dac1b607b03de2dc15a6ed34", "tx_index": 9}',0);
INSERT INTO messages VALUES(26,281009,'insert','debits','{"action": "dividend", "address": "2_mn6q3dS2EnDUx3bmyWc6D4szJNVGtaR7zc_mtQheFaSfWELRB2MyMBaiWjdDm6ux9Ezns_2", "asset": "XCP", "block_index": 281009, "event": "56dba11b7b9a89689770e33747383ba0f3f5ebf6e05dade1c082a7e41a7b0fca", "quantity": 24}',0);
INSERT INTO messages VALUES(27,281009,'insert','debits','{"action": "dividend fee", "address": "2_mn6q3dS2EnDUx3bmyWc6D4szJNVGtaR7zc_mtQheFaSfWELRB2MyMBaiWjdDm6ux9Ezns_2", "asset": "XCP", "block_index": 281009, "event": "56dba11b7b9a89689770e33747383ba0f3f5ebf6e05dade1c082a7e41a7b0fca", "quantity": 20000}',0);
INSERT INTO messages VALUES(28,281009,'insert','credits','{"action": "dividend", "address": "2_mnfAHmddVibnZNSkh8DvKaQoiEfNsxjXzH_mtQheFaSfWELRB2MyMBaiWjdDm6ux9Ezns_2", "asset": "XCP", "block_index": 281009, "event": "56dba11b7b9a89689770e33747383ba0f3f5ebf6e05dade1c082a7e41a7b0fca", "quantity": 24}',0);
INSERT INTO messages VALUES(29,281009,'insert','dividends','{"asset": "BBBB", "block_index": 281009, "dividend_asset": "XCP", "fee_paid": 20000, "quantity_per_unit": 600, "source": "2_mn6q3dS2EnDUx3bmyWc6D4szJNVGtaR7zc_mtQheFaSfWELRB2MyMBaiWjdDm6ux9Ezns_2", "status": "valid", "tx_hash": "56dba11b7b9a89689770e33747383ba0f3f5ebf6e05dade1c082a7e41a7b0fca", "tx_index": 10}',0);
INSERT INTO messages VALUES(30,281010,'insert','debits','{"action": "dividend", "address": "2_mn6q3dS2EnDUx3bmyWc6D4szJNVGtaR7zc_mtQheFaSfWELRB2MyMBaiWjdDm6ux9Ezns_2", "asset": "XCP", "block_index": 281010, "event": "d097267813981a1b1ccdecee8e2fa961e8e7aa121f64d3d915b508f7d9ecaa59", "quantity": 420800}',0);
INSERT INTO messages VALUES(31,281010,'insert','debits','{"action": "dividend fee", "address": "2_mn6q3dS2EnDUx3bmyWc6D4szJNVGtaR7zc_mtQheFaSfWELRB2MyMBaiWjdDm6ux9Ezns_2", "asset": "XCP", "block_index": 281010, "event": "d097267813981a1b1ccdecee8e2fa961e8e7aa121f64d3d915b508f7d9ecaa59", "quantity": 20000}',0);
INSERT INTO messages VALUES(32,281010,'insert','credits','{"action": "dividend", "address": "2_mnfAHmddVibnZNSkh8DvKaQoiEfNsxjXzH_mtQheFaSfWELRB2MyMBaiWjdDm6ux9Ezns_2", "asset": "XCP", "block_index": 281010, "event": "d097267813981a1b1ccdecee8e2fa961e8e7aa121f64d3d915b508f7d9ecaa59", "quantity": 420800}',0);
INSERT INTO messages VALUES(33,281010,'insert','dividends','{"asset": "BBBC", "block_index": 281010, "dividend_asset": "XCP", "fee_paid": 20000, "quantity_per_unit": 800, "source": "2_mn6q3dS2EnDUx3bmyWc6D4szJNVGtaR7zc_mtQheFaSfWELRB2MyMBaiWjdDm6ux9Ezns_2", "status": "valid", "tx_hash": "d097267813981a1b1ccdecee8e2fa961e8e7aa121f64d3d915b508f7d9ecaa59", "tx_index": 11}',0);
INSERT INTO messages VALUES(34,281011,'insert','broadcasts','{"block_index": 281011, "fee_fraction_int": 5000000, "locked": false, "source": "2_mn6q3dS2EnDUx3bmyWc6D4szJNVGtaR7zc_mtQheFaSfWELRB2MyMBaiWjdDm6ux9Ezns_2", "status": "valid", "text": "Unit Test", "timestamp": 1388000000, "tx_hash": "938ba72c30fa577fb7142bba2c09aba48c889a614896b961d0c754cc865936e4", "tx_index": 12, "value": 100.0}',0);
INSERT INTO messages VALUES(35,281012,'insert','debits','{"action": "bet", "address": "2_mn6q3dS2EnDUx3bmyWc6D4szJNVGtaR7zc_mtQheFaSfWELRB2MyMBaiWjdDm6ux9Ezns_2", "asset": "XCP", "block_index": 281012, "event": "8ae321d45b10b630223521e39950a0324407a3b3aa9dc9feaddbd0f36c89658a", "quantity": 50000000}',0);
INSERT INTO messages VALUES(36,281012,'insert','bets','{"bet_type": 0, "block_index": 281012, "counterwager_quantity": 25000000, "counterwager_remaining": 25000000, "deadline": 1388000100, "expiration": 10, "expire_index": 281022, "fee_fraction_int": 5000000.0, "feed_address": "2_mn6q3dS2EnDUx3bmyWc6D4szJNVGtaR7zc_mtQheFaSfWELRB2MyMBaiWjdDm6ux9Ezns_2", "leverage": 15120, "source": "2_mn6q3dS2EnDUx3bmyWc6D4szJNVGtaR7zc_mtQheFaSfWELRB2MyMBaiWjdDm6ux9Ezns_2", "status": "open", "target_value": 0.0, "tx_hash": "8ae321d45b10b630223521e39950a0324407a3b3aa9dc9feaddbd0f36c89658a", "tx_index": 13, "wager_quantity": 50000000, "wager_remaining": 50000000}',0);
INSERT INTO messages VALUES(37,281013,'update','orders','{"status": "expired", "tx_hash": "878c11df1a0dc35b8cb39e2c35bdc3c7e1102e40ec03b704938cfa0d6a06ab06"}',0);
INSERT INTO messages VALUES(38,281013,'insert','order_expirations','{"block_index": 281013, "order_hash": "878c11df1a0dc35b8cb39e2c35bdc3c7e1102e40ec03b704938cfa0d6a06ab06", "order_index": 3, "source": "2_mn6q3dS2EnDUx3bmyWc6D4szJNVGtaR7zc_mtQheFaSfWELRB2MyMBaiWjdDm6ux9Ezns_2"}',0);
INSERT INTO messages VALUES(39,281013,'insert','debits','{"action": "bet", "address": "2_mn6q3dS2EnDUx3bmyWc6D4szJNVGtaR7zc_mtQheFaSfWELRB2MyMBaiWjdDm6ux9Ezns_2", "asset": "XCP", "block_index": 281013, "event": "b683bc60157d3fc1c54e83ff152ce745ad0f7e88115e969d8a0c452c0c313964", "quantity": 25000000}',0);
INSERT INTO messages VALUES(40,281013,'insert','bets','{"bet_type": 1, "block_index": 281013, "counterwager_quantity": 41500000, "counterwager_remaining": 41500000, "deadline": 1388000100, "expiration": 10, "expire_index": 281023, "fee_fraction_int": 5000000.0, "feed_address": "2_mn6q3dS2EnDUx3bmyWc6D4szJNVGtaR7zc_mtQheFaSfWELRB2MyMBaiWjdDm6ux9Ezns_2", "leverage": 15120, "source": "2_mn6q3dS2EnDUx3bmyWc6D4szJNVGtaR7zc_mtQheFaSfWELRB2MyMBaiWjdDm6ux9Ezns_2", "status": "open", "target_value": 0.0, "tx_hash": "b683bc60157d3fc1c54e83ff152ce745ad0f7e88115e969d8a0c452c0c313964", "tx_index": 14, "wager_quantity": 25000000, "wager_remaining": 25000000}',0);
INSERT INTO messages VALUES(41,281013,'update','bets','{"counterwager_remaining": 4250000, "status": "open", "tx_hash": "8ae321d45b10b630223521e39950a0324407a3b3aa9dc9feaddbd0f36c89658a", "wager_remaining": 8500000}',0);
INSERT INTO messages VALUES(42,281013,'insert','credits','{"action": "filled", "address": "2_mn6q3dS2EnDUx3bmyWc6D4szJNVGtaR7zc_mtQheFaSfWELRB2MyMBaiWjdDm6ux9Ezns_2", "asset": "XCP", "block_index": 281013, "event": "b683bc60157d3fc1c54e83ff152ce745ad0f7e88115e969d8a0c452c0c313964", "quantity": 4250000}',0);
INSERT INTO messages VALUES(43,281013,'update','bets','{"counterwager_remaining": 0, "status": "filled", "tx_hash": "b683bc60157d3fc1c54e83ff152ce745ad0f7e88115e969d8a0c452c0c313964", "wager_remaining": 4250000}',0);
INSERT INTO messages VALUES(44,281013,'insert','bet_matches','{"backward_quantity": 20750000, "block_index": 281013, "deadline": 1388000100, "fee_fraction_int": 5000000, "feed_address": "2_mn6q3dS2EnDUx3bmyWc6D4szJNVGtaR7zc_mtQheFaSfWELRB2MyMBaiWjdDm6ux9Ezns_2", "forward_quantity": 41500000, "id": "8ae321d45b10b630223521e39950a0324407a3b3aa9dc9feaddbd0f36c89658ab683bc60157d3fc1c54e83ff152ce745ad0f7e88115e969d8a0c452c0c313964", "initial_value": 100.0, "leverage": 15120, "match_expire_index": 281022, "status": "pending", "target_value": 0.0, "tx0_address": "2_mn6q3dS2EnDUx3bmyWc6D4szJNVGtaR7zc_mtQheFaSfWELRB2MyMBaiWjdDm6ux9Ezns_2", "tx0_bet_type": 0, "tx0_block_index": 281012, "tx0_expiration": 10, "tx0_hash": "8ae321d45b10b630223521e39950a0324407a3b3aa9dc9feaddbd0f36c89658a", "tx0_index": 13, "tx1_address": "2_mn6q3dS2EnDUx3bmyWc6D4szJNVGtaR7zc_mtQheFaSfWELRB2MyMBaiWjdDm6ux9Ezns_2", "tx1_bet_type": 1, "tx1_block_index": 281013, "tx1_expiration": 10, "tx1_hash": "b683bc60157d3fc1c54e83ff152ce745ad0f7e88115e969d8a0c452c0c313964", "tx1_index": 14}',0);
INSERT INTO messages VALUES(45,281014,'update','orders','{"status": "expired", "tx_hash": "25b19174b9ed4bc5d692125e0bc572b5a7c935938155be20d04e650f09feffb0"}',0);
INSERT INTO messages VALUES(46,281014,'insert','credits','{"action": "cancel order", "address": "2_mn6q3dS2EnDUx3bmyWc6D4szJNVGtaR7zc_mtQheFaSfWELRB2MyMBaiWjdDm6ux9Ezns_2", "asset": "XCP", "block_index": 281014, "event": "25b19174b9ed4bc5d692125e0bc572b5a7c935938155be20d04e650f09feffb0", "quantity": 5000000}',0);
INSERT INTO messages VALUES(47,281014,'insert','order_expirations','{"block_index": 281014, "order_hash": "25b19174b9ed4bc5d692125e0bc572b5a7c935938155be20d04e650f09feffb0", "order_index": 4, "source": "2_mn6q3dS2EnDUx3bmyWc6D4szJNVGtaR7zc_mtQheFaSfWELRB2MyMBaiWjdDm6ux9Ezns_2"}',0);
INSERT INTO messages VALUES(48,281014,'insert','credits','{"action": "recredit forward quantity", "address": "2_mn6q3dS2EnDUx3bmyWc6D4szJNVGtaR7zc_mtQheFaSfWELRB2MyMBaiWjdDm6ux9Ezns_2", "asset": "XCP", "block_index": 281014, "event": "8ae321d45b10b630223521e39950a0324407a3b3aa9dc9feaddbd0f36c89658ab683bc60157d3fc1c54e83ff152ce745ad0f7e88115e969d8a0c452c0c313964", "quantity": 41500000}',0);
INSERT INTO messages VALUES(49,281014,'insert','credits','{"action": "recredit backward quantity", "address": "2_mn6q3dS2EnDUx3bmyWc6D4szJNVGtaR7zc_mtQheFaSfWELRB2MyMBaiWjdDm6ux9Ezns_2", "asset": "XCP", "block_index": 281014, "event": "8ae321d45b10b630223521e39950a0324407a3b3aa9dc9feaddbd0f36c89658ab683bc60157d3fc1c54e83ff152ce745ad0f7e88115e969d8a0c452c0c313964", "quantity": 20750000}',0);
INSERT INTO messages VALUES(50,281014,'update','bet_matches','{"bet_match_id": "8ae321d45b10b630223521e39950a0324407a3b3aa9dc9feaddbd0f36c89658ab683bc60157d3fc1c54e83ff152ce745ad0f7e88115e969d8a0c452c0c313964", "status": "expired"}',0);
INSERT INTO messages VALUES(51,281014,'insert','bet_match_expirations','{"bet_match_id": "8ae321d45b10b630223521e39950a0324407a3b3aa9dc9feaddbd0f36c89658ab683bc60157d3fc1c54e83ff152ce745ad0f7e88115e969d8a0c452c0c313964", "block_index": 281014, "tx0_address": "2_mn6q3dS2EnDUx3bmyWc6D4szJNVGtaR7zc_mtQheFaSfWELRB2MyMBaiWjdDm6ux9Ezns_2", "tx1_address": "2_mn6q3dS2EnDUx3bmyWc6D4szJNVGtaR7zc_mtQheFaSfWELRB2MyMBaiWjdDm6ux9Ezns_2"}',0);
INSERT INTO messages VALUES(52,281014,'insert','debits','{"action": "bet", "address": "2_mn6q3dS2EnDUx3bmyWc6D4szJNVGtaR7zc_mtQheFaSfWELRB2MyMBaiWjdDm6ux9Ezns_2", "asset": "XCP", "block_index": 281014, "event": "5053ec4717d157fb4b9ec0c45f5c39300048545636ccbe1d9d62e1f3f72783fd", "quantity": 150000000}',0);
INSERT INTO messages VALUES(53,281014,'insert','bets','{"bet_type": 0, "block_index": 281014, "counterwager_quantity": 350000000, "counterwager_remaining": 350000000, "deadline": 1388000100, "expiration": 10, "expire_index": 281024, "fee_fraction_int": 5000000.0, "feed_address": "2_mn6q3dS2EnDUx3bmyWc6D4szJNVGtaR7zc_mtQheFaSfWELRB2MyMBaiWjdDm6ux9Ezns_2", "leverage": 5040, "source": "2_mn6q3dS2EnDUx3bmyWc6D4szJNVGtaR7zc_mtQheFaSfWELRB2MyMBaiWjdDm6ux9Ezns_2", "status": "open", "target_value": 0.0, "tx_hash": "5053ec4717d157fb4b9ec0c45f5c39300048545636ccbe1d9d62e1f3f72783fd", "tx_index": 15, "wager_quantity": 150000000, "wager_remaining": 150000000}',0);
INSERT INTO messages VALUES(54,281015,'insert','debits','{"action": "bet", "address": "2_mn6q3dS2EnDUx3bmyWc6D4szJNVGtaR7zc_mtQheFaSfWELRB2MyMBaiWjdDm6ux9Ezns_2", "asset": "XCP", "block_index": 281015, "event": "cfadc8902f19613b9037bb1a462a1cb2fd3c04682f55caed116dd444e539751d", "quantity": 350000000}',0);
INSERT INTO messages VALUES(55,281015,'insert','bets','{"bet_type": 1, "block_index": 281015, "counterwager_quantity": 150000000, "counterwager_remaining": 150000000, "deadline": 1388000100, "expiration": 10, "expire_index": 281025, "fee_fraction_int": 5000000.0, "feed_address": "2_mn6q3dS2EnDUx3bmyWc6D4szJNVGtaR7zc_mtQheFaSfWELRB2MyMBaiWjdDm6ux9Ezns_2", "leverage": 5040, "source": "2_mn6q3dS2EnDUx3bmyWc6D4szJNVGtaR7zc_mtQheFaSfWELRB2MyMBaiWjdDm6ux9Ezns_2", "status": "open", "target_value": 0.0, "tx_hash": "cfadc8902f19613b9037bb1a462a1cb2fd3c04682f55caed116dd444e539751d", "tx_index": 16, "wager_quantity": 350000000, "wager_remaining": 350000000}',0);
INSERT INTO messages VALUES(56,281015,'insert','credits','{"action": "filled", "address": "2_mn6q3dS2EnDUx3bmyWc6D4szJNVGtaR7zc_mtQheFaSfWELRB2MyMBaiWjdDm6ux9Ezns_2", "asset": "XCP", "block_index": 281015, "event": "cfadc8902f19613b9037bb1a462a1cb2fd3c04682f55caed116dd444e539751d", "quantity": 0}',0);
INSERT INTO messages VALUES(57,281015,'update','bets','{"counterwager_remaining": 0, "status": "filled", "tx_hash": "5053ec4717d157fb4b9ec0c45f5c39300048545636ccbe1d9d62e1f3f72783fd", "wager_remaining": 0}',0);
INSERT INTO messages VALUES(58,281015,'insert','credits','{"action": "filled", "address": "2_mn6q3dS2EnDUx3bmyWc6D4szJNVGtaR7zc_mtQheFaSfWELRB2MyMBaiWjdDm6ux9Ezns_2", "asset": "XCP", "block_index": 281015, "event": "cfadc8902f19613b9037bb1a462a1cb2fd3c04682f55caed116dd444e539751d", "quantity": 0}',0);
INSERT INTO messages VALUES(59,281015,'update','bets','{"counterwager_remaining": 0, "status": "filled", "tx_hash": "cfadc8902f19613b9037bb1a462a1cb2fd3c04682f55caed116dd444e539751d", "wager_remaining": 0}',0);
INSERT INTO messages VALUES(60,281015,'insert','bet_matches','{"backward_quantity": 350000000, "block_index": 281015, "deadline": 1388000100, "fee_fraction_int": 5000000, "feed_address": "2_mn6q3dS2EnDUx3bmyWc6D4szJNVGtaR7zc_mtQheFaSfWELRB2MyMBaiWjdDm6ux9Ezns_2", "forward_quantity": 150000000, "id": "5053ec4717d157fb4b9ec0c45f5c39300048545636ccbe1d9d62e1f3f72783fdcfadc8902f19613b9037bb1a462a1cb2fd3c04682f55caed116dd444e539751d", "initial_value": 100.0, "leverage": 5040, "match_expire_index": 281024, "status": "pending", "target_value": 0.0, "tx0_address": "2_mn6q3dS2EnDUx3bmyWc6D4szJNVGtaR7zc_mtQheFaSfWELRB2MyMBaiWjdDm6ux9Ezns_2", "tx0_bet_type": 0, "tx0_block_index": 281014, "tx0_expiration": 10, "tx0_hash": "5053ec4717d157fb4b9ec0c45f5c39300048545636ccbe1d9d62e1f3f72783fd", "tx0_index": 15, "tx1_address": "2_mn6q3dS2EnDUx3bmyWc6D4szJNVGtaR7zc_mtQheFaSfWELRB2MyMBaiWjdDm6ux9Ezns_2", "tx1_bet_type": 1, "tx1_block_index": 281015, "tx1_expiration": 10, "tx1_hash": "cfadc8902f19613b9037bb1a462a1cb2fd3c04682f55caed116dd444e539751d", "tx1_index": 16}',0);
INSERT INTO messages VALUES(61,281016,'insert','credits','{"action": "recredit forward quantity", "address": "2_mn6q3dS2EnDUx3bmyWc6D4szJNVGtaR7zc_mtQheFaSfWELRB2MyMBaiWjdDm6ux9Ezns_2", "asset": "XCP", "block_index": 281016, "event": "5053ec4717d157fb4b9ec0c45f5c39300048545636ccbe1d9d62e1f3f72783fdcfadc8902f19613b9037bb1a462a1cb2fd3c04682f55caed116dd444e539751d", "quantity": 150000000}',0);
INSERT INTO messages VALUES(62,281016,'insert','credits','{"action": "recredit backward quantity", "address": "2_mn6q3dS2EnDUx3bmyWc6D4szJNVGtaR7zc_mtQheFaSfWELRB2MyMBaiWjdDm6ux9Ezns_2", "asset": "XCP", "block_index": 281016, "event": "5053ec4717d157fb4b9ec0c45f5c39300048545636ccbe1d9d62e1f3f72783fdcfadc8902f19613b9037bb1a462a1cb2fd3c04682f55caed116dd444e539751d", "quantity": 350000000}',0);
INSERT INTO messages VALUES(63,281016,'update','bet_matches','{"bet_match_id": "5053ec4717d157fb4b9ec0c45f5c39300048545636ccbe1d9d62e1f3f72783fdcfadc8902f19613b9037bb1a462a1cb2fd3c04682f55caed116dd444e539751d", "status": "expired"}',0);
INSERT INTO messages VALUES(64,281016,'insert','bet_match_expirations','{"bet_match_id": "5053ec4717d157fb4b9ec0c45f5c39300048545636ccbe1d9d62e1f3f72783fdcfadc8902f19613b9037bb1a462a1cb2fd3c04682f55caed116dd444e539751d", "block_index": 281016, "tx0_address": "2_mn6q3dS2EnDUx3bmyWc6D4szJNVGtaR7zc_mtQheFaSfWELRB2MyMBaiWjdDm6ux9Ezns_2", "tx1_address": "2_mn6q3dS2EnDUx3bmyWc6D4szJNVGtaR7zc_mtQheFaSfWELRB2MyMBaiWjdDm6ux9Ezns_2"}',0);
INSERT INTO messages VALUES(65,281016,'insert','debits','{"action": "bet", "address": "2_mn6q3dS2EnDUx3bmyWc6D4szJNVGtaR7zc_mtQheFaSfWELRB2MyMBaiWjdDm6ux9Ezns_2", "asset": "XCP", "block_index": 281016, "event": "ad7ff1e59f6298e137038df9ac798a36c282e1bfadc25496458d03103e9423f6", "quantity": 750000000}',0);
INSERT INTO messages VALUES(66,281016,'insert','bets','{"bet_type": 2, "block_index": 281016, "counterwager_quantity": 650000000, "counterwager_remaining": 650000000, "deadline": 1388000200, "expiration": 10, "expire_index": 281026, "fee_fraction_int": 5000000.0, "feed_address": "2_mn6q3dS2EnDUx3bmyWc6D4szJNVGtaR7zc_mtQheFaSfWELRB2MyMBaiWjdDm6ux9Ezns_2", "leverage": 5040, "source": "2_mn6q3dS2EnDUx3bmyWc6D4szJNVGtaR7zc_mtQheFaSfWELRB2MyMBaiWjdDm6ux9Ezns_2", "status": "open", "target_value": 1.0, "tx_hash": "ad7ff1e59f6298e137038df9ac798a36c282e1bfadc25496458d03103e9423f6", "tx_index": 17, "wager_quantity": 750000000, "wager_remaining": 750000000}',0);
INSERT INTO messages VALUES(67,281017,'insert','debits','{"action": "bet", "address": "2_mn6q3dS2EnDUx3bmyWc6D4szJNVGtaR7zc_mtQheFaSfWELRB2MyMBaiWjdDm6ux9Ezns_2", "asset": "XCP", "block_index": 281017, "event": "da8b14f7e85449f1673ae33a0a7b542ec7260d752a6c9643756032b9f8175950", "quantity": 650000000}',0);
INSERT INTO messages VALUES(68,281017,'insert','bets','{"bet_type": 3, "block_index": 281017, "counterwager_quantity": 750000000, "counterwager_remaining": 750000000, "deadline": 1388000200, "expiration": 10, "expire_index": 281027, "fee_fraction_int": 5000000.0, "feed_address": "2_mn6q3dS2EnDUx3bmyWc6D4szJNVGtaR7zc_mtQheFaSfWELRB2MyMBaiWjdDm6ux9Ezns_2", "leverage": 5040, "source": "2_mn6q3dS2EnDUx3bmyWc6D4szJNVGtaR7zc_mtQheFaSfWELRB2MyMBaiWjdDm6ux9Ezns_2", "status": "open", "target_value": 1.0, "tx_hash": "da8b14f7e85449f1673ae33a0a7b542ec7260d752a6c9643756032b9f8175950", "tx_index": 18, "wager_quantity": 650000000, "wager_remaining": 650000000}',0);
INSERT INTO messages VALUES(69,281017,'insert','credits','{"action": "filled", "address": "2_mn6q3dS2EnDUx3bmyWc6D4szJNVGtaR7zc_mtQheFaSfWELRB2MyMBaiWjdDm6ux9Ezns_2", "asset": "XCP", "block_index": 281017, "event": "da8b14f7e85449f1673ae33a0a7b542ec7260d752a6c9643756032b9f8175950", "quantity": 0}',0);
INSERT INTO messages VALUES(70,281017,'update','bets','{"counterwager_remaining": 0, "status": "filled", "tx_hash": "ad7ff1e59f6298e137038df9ac798a36c282e1bfadc25496458d03103e9423f6", "wager_remaining": 0}',0);
INSERT INTO messages VALUES(71,281017,'insert','credits','{"action": "filled", "address": "2_mn6q3dS2EnDUx3bmyWc6D4szJNVGtaR7zc_mtQheFaSfWELRB2MyMBaiWjdDm6ux9Ezns_2", "asset": "XCP", "block_index": 281017, "event": "da8b14f7e85449f1673ae33a0a7b542ec7260d752a6c9643756032b9f8175950", "quantity": 0}',0);
INSERT INTO messages VALUES(72,281017,'update','bets','{"counterwager_remaining": 0, "status": "filled", "tx_hash": "da8b14f7e85449f1673ae33a0a7b542ec7260d752a6c9643756032b9f8175950", "wager_remaining": 0}',0);
INSERT INTO messages VALUES(73,281017,'insert','bet_matches','{"backward_quantity": 650000000, "block_index": 281017, "deadline": 1388000200, "fee_fraction_int": 5000000, "feed_address": "2_mn6q3dS2EnDUx3bmyWc6D4szJNVGtaR7zc_mtQheFaSfWELRB2MyMBaiWjdDm6ux9Ezns_2", "forward_quantity": 750000000, "id": "ad7ff1e59f6298e137038df9ac798a36c282e1bfadc25496458d03103e9423f6da8b14f7e85449f1673ae33a0a7b542ec7260d752a6c9643756032b9f8175950", "initial_value": 100.0, "leverage": 5040, "match_expire_index": 281026, "status": "pending", "target_value": 1.0, "tx0_address": "2_mn6q3dS2EnDUx3bmyWc6D4szJNVGtaR7zc_mtQheFaSfWELRB2MyMBaiWjdDm6ux9Ezns_2", "tx0_bet_type": 2, "tx0_block_index": 281016, "tx0_expiration": 10, "tx0_hash": "ad7ff1e59f6298e137038df9ac798a36c282e1bfadc25496458d03103e9423f6", "tx0_index": 17, "tx1_address": "2_mn6q3dS2EnDUx3bmyWc6D4szJNVGtaR7zc_mtQheFaSfWELRB2MyMBaiWjdDm6ux9Ezns_2", "tx1_bet_type": 3, "tx1_block_index": 281017, "tx1_expiration": 10, "tx1_hash": "da8b14f7e85449f1673ae33a0a7b542ec7260d752a6c9643756032b9f8175950", "tx1_index": 18}',0);
INSERT INTO messages VALUES(74,281018,'insert','credits','{"action": "recredit forward quantity", "address": "2_mn6q3dS2EnDUx3bmyWc6D4szJNVGtaR7zc_mtQheFaSfWELRB2MyMBaiWjdDm6ux9Ezns_2", "asset": "XCP", "block_index": 281018, "event": "ad7ff1e59f6298e137038df9ac798a36c282e1bfadc25496458d03103e9423f6da8b14f7e85449f1673ae33a0a7b542ec7260d752a6c9643756032b9f8175950", "quantity": 750000000}',0);
INSERT INTO messages VALUES(75,281018,'insert','credits','{"action": "recredit backward quantity", "address": "2_mn6q3dS2EnDUx3bmyWc6D4szJNVGtaR7zc_mtQheFaSfWELRB2MyMBaiWjdDm6ux9Ezns_2", "asset": "XCP", "block_index": 281018, "event": "ad7ff1e59f6298e137038df9ac798a36c282e1bfadc25496458d03103e9423f6da8b14f7e85449f1673ae33a0a7b542ec7260d752a6c9643756032b9f8175950", "quantity": 650000000}',0);
INSERT INTO messages VALUES(76,281018,'update','bet_matches','{"bet_match_id": "ad7ff1e59f6298e137038df9ac798a36c282e1bfadc25496458d03103e9423f6da8b14f7e85449f1673ae33a0a7b542ec7260d752a6c9643756032b9f8175950", "status": "expired"}',0);
INSERT INTO messages VALUES(77,281018,'insert','bet_match_expirations','{"bet_match_id": "ad7ff1e59f6298e137038df9ac798a36c282e1bfadc25496458d03103e9423f6da8b14f7e85449f1673ae33a0a7b542ec7260d752a6c9643756032b9f8175950", "block_index": 281018, "tx0_address": "2_mn6q3dS2EnDUx3bmyWc6D4szJNVGtaR7zc_mtQheFaSfWELRB2MyMBaiWjdDm6ux9Ezns_2", "tx1_address": "2_mn6q3dS2EnDUx3bmyWc6D4szJNVGtaR7zc_mtQheFaSfWELRB2MyMBaiWjdDm6ux9Ezns_2"}',0);
INSERT INTO messages VALUES(78,281018,'insert','broadcasts','{"block_index": 281018, "fee_fraction_int": 5000000, "locked": false, "source": "2_mn6q3dS2EnDUx3bmyWc6D4szJNVGtaR7zc_mtQheFaSfWELRB2MyMBaiWjdDm6ux9Ezns_2", "status": "valid", "text": "Unit Test", "timestamp": 1388000050, "tx_hash": "d2a13efa4a65f81434c1300047b94d417efb2e2a6ee32606defa8698afb735e0", "tx_index": 19, "value": 99.86166}',0);
INSERT INTO messages VALUES(79,281019,'insert','broadcasts','{"block_index": 281019, "fee_fraction_int": 5000000, "locked": false, "source": "2_mn6q3dS2EnDUx3bmyWc6D4szJNVGtaR7zc_mtQheFaSfWELRB2MyMBaiWjdDm6ux9Ezns_2", "status": "valid", "text": "Unit Test", "timestamp": 1388000101, "tx_hash": "d21eef18229b327f5cc5077273794833932d0efa3c799eae7787c7ced2957ee0", "tx_index": 20, "value": 100.343}',0);
INSERT INTO messages VALUES(80,281020,'insert','broadcasts','{"block_index": 281020, "fee_fraction_int": 5000000, "locked": false, "source": "2_mn6q3dS2EnDUx3bmyWc6D4szJNVGtaR7zc_mtQheFaSfWELRB2MyMBaiWjdDm6ux9Ezns_2", "status": "valid", "text": "Unit Test", "timestamp": 1388000201, "tx_hash": "5ba72d1bc9df762a683784246f904b2ee98e11cb8367a9b622995f5d674bc564", "tx_index": 21, "value": 2.0}',0);
INSERT INTO messages VALUES(81,281021,'insert','debits','{"action": "open order", "address": "2_mn6q3dS2EnDUx3bmyWc6D4szJNVGtaR7zc_mtQheFaSfWELRB2MyMBaiWjdDm6ux9Ezns_2", "asset": "BBBB", "block_index": 281021, "event": "9b534bc1d8045b320b255aa866f43761986152b0ad0655fe268755dca46de5ff", "quantity": 50000000}',0);
INSERT INTO messages VALUES(82,281021,'insert','orders','{"block_index": 281021, "expiration": 10, "expire_index": 281031, "fee_provided": 10000, "fee_provided_remaining": 10000, "fee_required": 0, "fee_required_remaining": 0, "get_asset": "XCP", "get_quantity": 50000000, "get_remaining": 50000000, "give_asset": "BBBB", "give_quantity": 50000000, "give_remaining": 50000000, "source": "2_mn6q3dS2EnDUx3bmyWc6D4szJNVGtaR7zc_mtQheFaSfWELRB2MyMBaiWjdDm6ux9Ezns_2", "status": "open", "tx_hash": "9b534bc1d8045b320b255aa866f43761986152b0ad0655fe268755dca46de5ff", "tx_index": 22}',0);
INSERT INTO messages VALUES(83,281022,'insert','credits','{"action": "burn", "address": "2_mn6q3dS2EnDUx3bmyWc6D4szJNVGtaR7zc_mtQheFaSfWELRB2MyMBaiWjdDm6ux9Ezns_2", "asset": "XCP", "block_index": 281022, "event": "702e60afb8f29d914c6d06d44f1e15be1d872c73d0796fe9d29dd5c45b31a5c4", "quantity": 56999888137}',0);
INSERT INTO messages VALUES(84,281022,'insert','burns','{"block_index": 281022, "burned": 38000000, "earned": 56999888137, "source": "2_mn6q3dS2EnDUx3bmyWc6D4szJNVGtaR7zc_mtQheFaSfWELRB2MyMBaiWjdDm6ux9Ezns_2", "status": "valid", "tx_hash": "702e60afb8f29d914c6d06d44f1e15be1d872c73d0796fe9d29dd5c45b31a5c4", "tx_index": 23}',0);
INSERT INTO messages VALUES(85,281023,'update','bets','{"status": "expired", "tx_hash": "8ae321d45b10b630223521e39950a0324407a3b3aa9dc9feaddbd0f36c89658a"}',0);
INSERT INTO messages VALUES(86,281023,'insert','credits','{"action": "recredit wager remaining", "address": "2_mn6q3dS2EnDUx3bmyWc6D4szJNVGtaR7zc_mtQheFaSfWELRB2MyMBaiWjdDm6ux9Ezns_2", "asset": "XCP", "block_index": 281023, "event": "8ae321d45b10b630223521e39950a0324407a3b3aa9dc9feaddbd0f36c89658a", "quantity": 8500000}',0);
INSERT INTO messages VALUES(87,281023,'insert','bet_expirations','{"bet_hash": "8ae321d45b10b630223521e39950a0324407a3b3aa9dc9feaddbd0f36c89658a", "bet_index": 13, "block_index": 281023, "source": "2_mn6q3dS2EnDUx3bmyWc6D4szJNVGtaR7zc_mtQheFaSfWELRB2MyMBaiWjdDm6ux9Ezns_2"}',0);
INSERT INTO messages VALUES(88,281023,'insert','debits','{"action": "send", "address": "2_mn6q3dS2EnDUx3bmyWc6D4szJNVGtaR7zc_mtQheFaSfWELRB2MyMBaiWjdDm6ux9Ezns_2", "asset": "BBBC", "block_index": 281023, "event": "59914c5b5fbe8859767bc6416f8042588b2af690bb998797bc32e5bea4809e67", "quantity": 10000}',0);
INSERT INTO messages VALUES(89,281023,'insert','credits','{"action": "send", "address": "2_mnfAHmddVibnZNSkh8DvKaQoiEfNsxjXzH_mtQheFaSfWELRB2MyMBaiWjdDm6ux9Ezns_2", "asset": "BBBC", "block_index": 281023, "event": "59914c5b5fbe8859767bc6416f8042588b2af690bb998797bc32e5bea4809e67", "quantity": 10000}',0);
INSERT INTO messages VALUES(90,281023,'insert','sends','{"asset": "BBBC", "block_index": 281023, "destination": "2_mnfAHmddVibnZNSkh8DvKaQoiEfNsxjXzH_mtQheFaSfWELRB2MyMBaiWjdDm6ux9Ezns_2", "quantity": 10000, "source": "2_mn6q3dS2EnDUx3bmyWc6D4szJNVGtaR7zc_mtQheFaSfWELRB2MyMBaiWjdDm6ux9Ezns_2", "status": "valid", "tx_hash": "59914c5b5fbe8859767bc6416f8042588b2af690bb998797bc32e5bea4809e67", "tx_index": 24}',0);
INSERT INTO messages VALUES(91,281024,'insert','debits','{"action": "callback", "address": "2_mn6q3dS2EnDUx3bmyWc6D4szJNVGtaR7zc_mtQheFaSfWELRB2MyMBaiWjdDm6ux9Ezns_2", "asset": "XCP", "block_index": 281024, "event": "1bf7ae0aeec47fd87a4bbeda08c3b32c27d81ca26b62e5f44ab8714792efa3aa", "quantity": 4735500000}',0);
INSERT INTO messages VALUES(92,281024,'insert','credits','{"action": "callback", "address": "2_mn6q3dS2EnDUx3bmyWc6D4szJNVGtaR7zc_mtQheFaSfWELRB2MyMBaiWjdDm6ux9Ezns_2", "asset": "BBBC", "block_index": 281024, "event": "1bf7ae0aeec47fd87a4bbeda08c3b32c27d81ca26b62e5f44ab8714792efa3aa", "quantity": 3157}',0);
INSERT INTO messages VALUES(93,281024,'insert','debits','{"action": "callback", "address": "2_mnfAHmddVibnZNSkh8DvKaQoiEfNsxjXzH_mtQheFaSfWELRB2MyMBaiWjdDm6ux9Ezns_2", "asset": "BBBC", "block_index": 281024, "event": "1bf7ae0aeec47fd87a4bbeda08c3b32c27d81ca26b62e5f44ab8714792efa3aa", "quantity": 3157}',0);
INSERT INTO messages VALUES(94,281024,'insert','credits','{"action": "callback", "address": "2_mnfAHmddVibnZNSkh8DvKaQoiEfNsxjXzH_mtQheFaSfWELRB2MyMBaiWjdDm6ux9Ezns_2", "asset": "XCP", "block_index": 281024, "event": "1bf7ae0aeec47fd87a4bbeda08c3b32c27d81ca26b62e5f44ab8714792efa3aa", "quantity": 4735500000}',0);
INSERT INTO messages VALUES(95,281024,'insert','callbacks','{"asset": "BBBC", "block_index": 281024, "fraction": 0.3, "source": "2_mn6q3dS2EnDUx3bmyWc6D4szJNVGtaR7zc_mtQheFaSfWELRB2MyMBaiWjdDm6ux9Ezns_2", "status": "valid", "tx_hash": "1bf7ae0aeec47fd87a4bbeda08c3b32c27d81ca26b62e5f44ab8714792efa3aa", "tx_index": 25}',0);
INSERT INTO messages VALUES(96,281025,'insert','debits','{"action": "open RPS", "address": "2_mn6q3dS2EnDUx3bmyWc6D4szJNVGtaR7zc_mtQheFaSfWELRB2MyMBaiWjdDm6ux9Ezns_2", "asset": "XCP", "block_index": 281025, "event": "06577f103706ef5b6b4afaf2918a63b86034f3082f53b3baab38c1d9e5e3501c", "quantity": 11021663}',0);
INSERT INTO messages VALUES(97,281025,'insert','rps','{"block_index": 281025, "expiration": 100, "expire_index": 281125, "move_random_hash": "6a886d74c2d4b1d7a35fd9159333ef64ba45a04d7aeeeb4538f958603c16fc5d", "possible_moves": 5, "source": "2_mn6q3dS2EnDUx3bmyWc6D4szJNVGtaR7zc_mtQheFaSfWELRB2MyMBaiWjdDm6ux9Ezns_2", "status": "open", "tx_hash": "06577f103706ef5b6b4afaf2918a63b86034f3082f53b3baab38c1d9e5e3501c", "tx_index": 26, "wager": 11021663}',0);
INSERT INTO messages VALUES(98,281026,'insert','debits','{"action": "open RPS", "address": "2_mnfAHmddVibnZNSkh8DvKaQoiEfNsxjXzH_mtQheFaSfWELRB2MyMBaiWjdDm6ux9Ezns_2", "asset": "XCP", "block_index": 281026, "event": "490c5880ea56313edb2a7e5f8b313a2bffb4852918e8c737d93ca512fc4be417", "quantity": 11021663}',0);
INSERT INTO messages VALUES(99,281026,'insert','rps','{"block_index": 281026, "expiration": 100, "expire_index": 281126, "move_random_hash": "6e8bf66cbd6636aca1802459b730a99548624e48e243b840e0b34a12bede17ec", "possible_moves": 5, "source": "2_mnfAHmddVibnZNSkh8DvKaQoiEfNsxjXzH_mtQheFaSfWELRB2MyMBaiWjdDm6ux9Ezns_2", "status": "open", "tx_hash": "490c5880ea56313edb2a7e5f8b313a2bffb4852918e8c737d93ca512fc4be417", "tx_index": 27, "wager": 11021663}',0);
INSERT INTO messages VALUES(100,281026,'update','rps','{"status": "matched", "tx_index": 26}',0);
INSERT INTO messages VALUES(101,281026,'update','rps','{"status": "matched", "tx_index": 27}',0);
INSERT INTO messages VALUES(102,281026,'insert','rps_matches','{"block_index": 281026, "id": "06577f103706ef5b6b4afaf2918a63b86034f3082f53b3baab38c1d9e5e3501c490c5880ea56313edb2a7e5f8b313a2bffb4852918e8c737d93ca512fc4be417", "match_expire_index": 281046, "possible_moves": 5, "status": "pending", "tx0_address": "2_mn6q3dS2EnDUx3bmyWc6D4szJNVGtaR7zc_mtQheFaSfWELRB2MyMBaiWjdDm6ux9Ezns_2", "tx0_block_index": 281025, "tx0_expiration": 100, "tx0_hash": "06577f103706ef5b6b4afaf2918a63b86034f3082f53b3baab38c1d9e5e3501c", "tx0_index": 26, "tx0_move_random_hash": "6a886d74c2d4b1d7a35fd9159333ef64ba45a04d7aeeeb4538f958603c16fc5d", "tx1_address": "2_mnfAHmddVibnZNSkh8DvKaQoiEfNsxjXzH_mtQheFaSfWELRB2MyMBaiWjdDm6ux9Ezns_2", "tx1_block_index": 281026, "tx1_expiration": 100, "tx1_hash": "490c5880ea56313edb2a7e5f8b313a2bffb4852918e8c737d93ca512fc4be417", "tx1_index": 27, "tx1_move_random_hash": "6e8bf66cbd6636aca1802459b730a99548624e48e243b840e0b34a12bede17ec", "wager": 11021663}',0);
INSERT INTO messages VALUES(103,281027,'update','rps_matches','{"rps_match_id": "06577f103706ef5b6b4afaf2918a63b86034f3082f53b3baab38c1d9e5e3501c490c5880ea56313edb2a7e5f8b313a2bffb4852918e8c737d93ca512fc4be417", "status": "resolved and pending"}',0);
INSERT INTO messages VALUES(104,281027,'insert','rpsresolves','{"block_index": 281027, "move": 3, "random": "7a4488d61ed8f2e9fa2874113fccb8b1", "rps_match_id": "06577f103706ef5b6b4afaf2918a63b86034f3082f53b3baab38c1d9e5e3501c490c5880ea56313edb2a7e5f8b313a2bffb4852918e8c737d93ca512fc4be417", "source": "2_mn6q3dS2EnDUx3bmyWc6D4szJNVGtaR7zc_mtQheFaSfWELRB2MyMBaiWjdDm6ux9Ezns_2", "status": "valid", "tx_hash": "693a1fc94a8c1b4780696b29bec40350d6672c19ac150c569ac69917796d40da", "tx_index": 28}',0);
INSERT INTO messages VALUES(105,281028,'insert','credits','{"action": "wins", "address": "2_mn6q3dS2EnDUx3bmyWc6D4szJNVGtaR7zc_mtQheFaSfWELRB2MyMBaiWjdDm6ux9Ezns_2", "asset": "XCP", "block_index": 281028, "event": "06577f103706ef5b6b4afaf2918a63b86034f3082f53b3baab38c1d9e5e3501c490c5880ea56313edb2a7e5f8b313a2bffb4852918e8c737d93ca512fc4be417", "quantity": 22043326}',0);
INSERT INTO messages VALUES(106,281028,'update','rps_matches','{"rps_match_id": "06577f103706ef5b6b4afaf2918a63b86034f3082f53b3baab38c1d9e5e3501c490c5880ea56313edb2a7e5f8b313a2bffb4852918e8c737d93ca512fc4be417", "status": "concluded: first player wins"}',0);
INSERT INTO messages VALUES(107,281028,'insert','rpsresolves','{"block_index": 281028, "move": 5, "random": "fa765e80203cba24a298e4458f63ff6b", "rps_match_id": "06577f103706ef5b6b4afaf2918a63b86034f3082f53b3baab38c1d9e5e3501c490c5880ea56313edb2a7e5f8b313a2bffb4852918e8c737d93ca512fc4be417", "source": "2_mnfAHmddVibnZNSkh8DvKaQoiEfNsxjXzH_mtQheFaSfWELRB2MyMBaiWjdDm6ux9Ezns_2", "status": "valid", "tx_hash": "0ba06db93eca29fbb2d064185736629424f5448ede3bc3b897a8f4921e9074c3", "tx_index": 29}',0);
INSERT INTO messages VALUES(108,281029,'insert','debits','{"action": "open RPS", "address": "2_mn6q3dS2EnDUx3bmyWc6D4szJNVGtaR7zc_mtQheFaSfWELRB2MyMBaiWjdDm6ux9Ezns_2", "asset": "XCP", "block_index": 281029, "event": "5d7af0b88a6f0108c28bc39cdf480c4b742f52f7ad14ba019c2607eb1d613a8b", "quantity": 11021663}',0);
INSERT INTO messages VALUES(109,281029,'insert','rps','{"block_index": 281029, "expiration": 10, "expire_index": 281039, "move_random_hash": "6a886d74c2d4b1d7a35fd9159333ef64ba45a04d7aeeeb4538f958603c16fc5d", "possible_moves": 5, "source": "2_mn6q3dS2EnDUx3bmyWc6D4szJNVGtaR7zc_mtQheFaSfWELRB2MyMBaiWjdDm6ux9Ezns_2", "status": "open", "tx_hash": "5d7af0b88a6f0108c28bc39cdf480c4b742f52f7ad14ba019c2607eb1d613a8b", "tx_index": 30, "wager": 11021663}',0);
INSERT INTO messages VALUES(110,281032,'update','orders','{"status": "expired", "tx_hash": "9b534bc1d8045b320b255aa866f43761986152b0ad0655fe268755dca46de5ff"}',0);
INSERT INTO messages VALUES(111,281032,'insert','credits','{"action": "cancel order", "address": "2_mn6q3dS2EnDUx3bmyWc6D4szJNVGtaR7zc_mtQheFaSfWELRB2MyMBaiWjdDm6ux9Ezns_2", "asset": "BBBB", "block_index": 281032, "event": "9b534bc1d8045b320b255aa866f43761986152b0ad0655fe268755dca46de5ff", "quantity": 50000000}',0);
INSERT INTO messages VALUES(112,281032,'insert','order_expirations','{"block_index": 281032, "order_hash": "9b534bc1d8045b320b255aa866f43761986152b0ad0655fe268755dca46de5ff", "order_index": 22, "source": "2_mn6q3dS2EnDUx3bmyWc6D4szJNVGtaR7zc_mtQheFaSfWELRB2MyMBaiWjdDm6ux9Ezns_2"}',0);
INSERT INTO messages VALUES(113,281040,'update','rps','{"status": "expired", "tx_hash": "5d7af0b88a6f0108c28bc39cdf480c4b742f52f7ad14ba019c2607eb1d613a8b"}',0);
INSERT INTO messages VALUES(114,281040,'insert','credits','{"action": "recredit wager", "address": "2_mn6q3dS2EnDUx3bmyWc6D4szJNVGtaR7zc_mtQheFaSfWELRB2MyMBaiWjdDm6ux9Ezns_2", "asset": "XCP", "block_index": 281040, "event": "5d7af0b88a6f0108c28bc39cdf480c4b742f52f7ad14ba019c2607eb1d613a8b", "quantity": 11021663}',0);
INSERT INTO messages VALUES(115,281040,'insert','rps_expirations','{"block_index": 281040, "rps_hash": "5d7af0b88a6f0108c28bc39cdf480c4b742f52f7ad14ba019c2607eb1d613a8b", "rps_index": 30, "source": "2_mn6q3dS2EnDUx3bmyWc6D4szJNVGtaR7zc_mtQheFaSfWELRB2MyMBaiWjdDm6ux9Ezns_2"}',0);
INSERT INTO messages VALUES(116,281047,'insert','debits','{"action": "open RPS", "address": "2_mn6q3dS2EnDUx3bmyWc6D4szJNVGtaR7zc_mtQheFaSfWELRB2MyMBaiWjdDm6ux9Ezns_2", "asset": "XCP", "block_index": 281047, "event": "5c687310fc2f7bff1d99112f9cc46b33af3fdb0c5c032c80866bf4676843ff06", "quantity": 11021664}',0);
INSERT INTO messages VALUES(117,281047,'insert','rps','{"block_index": 281047, "expiration": 10, "expire_index": 281057, "move_random_hash": "6a886d74c2d4b1d7a35fd9159333ef64ba45a04d7aeeeb4538f958603c16fc5d", "possible_moves": 5, "source": "2_mn6q3dS2EnDUx3bmyWc6D4szJNVGtaR7zc_mtQheFaSfWELRB2MyMBaiWjdDm6ux9Ezns_2", "status": "open", "tx_hash": "5c687310fc2f7bff1d99112f9cc46b33af3fdb0c5c032c80866bf4676843ff06", "tx_index": 48, "wager": 11021664}',0);
INSERT INTO messages VALUES(118,281048,'insert','debits','{"action": "open RPS", "address": "2_mnfAHmddVibnZNSkh8DvKaQoiEfNsxjXzH_mtQheFaSfWELRB2MyMBaiWjdDm6ux9Ezns_2", "asset": "XCP", "block_index": 281048, "event": "b2685648201c7bdef413d6568a99f1c6e9bf8c0ec4f59c638fe54cbc59baf5fd", "quantity": 11021664}',0);
INSERT INTO messages VALUES(119,281048,'insert','rps','{"block_index": 281048, "expiration": 10, "expire_index": 281058, "move_random_hash": "6a886d74c2d4b1d7a35fd9159333ef64ba45a04d7aeeeb4538f958603c16fc5d", "possible_moves": 5, "source": "2_mnfAHmddVibnZNSkh8DvKaQoiEfNsxjXzH_mtQheFaSfWELRB2MyMBaiWjdDm6ux9Ezns_2", "status": "open", "tx_hash": "b2685648201c7bdef413d6568a99f1c6e9bf8c0ec4f59c638fe54cbc59baf5fd", "tx_index": 49, "wager": 11021664}',0);
INSERT INTO messages VALUES(120,281048,'update','rps','{"status": "matched", "tx_index": 48}',0);
INSERT INTO messages VALUES(121,281048,'update','rps','{"status": "matched", "tx_index": 49}',0);
INSERT INTO messages VALUES(122,281048,'insert','rps_matches','{"block_index": 281048, "id": "5c687310fc2f7bff1d99112f9cc46b33af3fdb0c5c032c80866bf4676843ff06b2685648201c7bdef413d6568a99f1c6e9bf8c0ec4f59c638fe54cbc59baf5fd", "match_expire_index": 281068, "possible_moves": 5, "status": "pending", "tx0_address": "2_mn6q3dS2EnDUx3bmyWc6D4szJNVGtaR7zc_mtQheFaSfWELRB2MyMBaiWjdDm6ux9Ezns_2", "tx0_block_index": 281047, "tx0_expiration": 10, "tx0_hash": "5c687310fc2f7bff1d99112f9cc46b33af3fdb0c5c032c80866bf4676843ff06", "tx0_index": 48, "tx0_move_random_hash": "6a886d74c2d4b1d7a35fd9159333ef64ba45a04d7aeeeb4538f958603c16fc5d", "tx1_address": "2_mnfAHmddVibnZNSkh8DvKaQoiEfNsxjXzH_mtQheFaSfWELRB2MyMBaiWjdDm6ux9Ezns_2", "tx1_block_index": 281048, "tx1_expiration": 10, "tx1_hash": "b2685648201c7bdef413d6568a99f1c6e9bf8c0ec4f59c638fe54cbc59baf5fd", "tx1_index": 49, "tx1_move_random_hash": "6a886d74c2d4b1d7a35fd9159333ef64ba45a04d7aeeeb4538f958603c16fc5d", "wager": 11021664}',0);
INSERT INTO messages VALUES(123,281069,'insert','credits','{"action": "recredit wager", "address": "2_mn6q3dS2EnDUx3bmyWc6D4szJNVGtaR7zc_mtQheFaSfWELRB2MyMBaiWjdDm6ux9Ezns_2", "asset": "XCP", "block_index": 281069, "event": "5c687310fc2f7bff1d99112f9cc46b33af3fdb0c5c032c80866bf4676843ff06b2685648201c7bdef413d6568a99f1c6e9bf8c0ec4f59c638fe54cbc59baf5fd", "quantity": 11021664}',0);
INSERT INTO messages VALUES(124,281069,'insert','credits','{"action": "recredit wager", "address": "2_mnfAHmddVibnZNSkh8DvKaQoiEfNsxjXzH_mtQheFaSfWELRB2MyMBaiWjdDm6ux9Ezns_2", "asset": "XCP", "block_index": 281069, "event": "5c687310fc2f7bff1d99112f9cc46b33af3fdb0c5c032c80866bf4676843ff06b2685648201c7bdef413d6568a99f1c6e9bf8c0ec4f59c638fe54cbc59baf5fd", "quantity": 11021664}',0);
INSERT INTO messages VALUES(125,281069,'update','rps_matches','{"rps_match_id": "5c687310fc2f7bff1d99112f9cc46b33af3fdb0c5c032c80866bf4676843ff06b2685648201c7bdef413d6568a99f1c6e9bf8c0ec4f59c638fe54cbc59baf5fd", "status": "expired"}',0);
INSERT INTO messages VALUES(126,281069,'insert','rps_match_expirations','{"block_index": 281069, "rps_match_id": "5c687310fc2f7bff1d99112f9cc46b33af3fdb0c5c032c80866bf4676843ff06b2685648201c7bdef413d6568a99f1c6e9bf8c0ec4f59c638fe54cbc59baf5fd", "tx0_address": "2_mn6q3dS2EnDUx3bmyWc6D4szJNVGtaR7zc_mtQheFaSfWELRB2MyMBaiWjdDm6ux9Ezns_2", "tx1_address": "2_mnfAHmddVibnZNSkh8DvKaQoiEfNsxjXzH_mtQheFaSfWELRB2MyMBaiWjdDm6ux9Ezns_2"}',0);
INSERT INTO messages VALUES(127,281074,'insert','debits','{"action": "open RPS", "address": "2_mn6q3dS2EnDUx3bmyWc6D4szJNVGtaR7zc_mtQheFaSfWELRB2MyMBaiWjdDm6ux9Ezns_2", "asset": "XCP", "block_index": 281074, "event": "cb91b1e26844266bd3dfbd8952f160d05a57a79ee2a7577f093c643ce6353e38", "quantity": 11021665}',0);
INSERT INTO messages VALUES(128,281074,'insert','rps','{"block_index": 281074, "expiration": 10, "expire_index": 281084, "move_random_hash": "6a886d74c2d4b1d7a35fd9159333ef64ba45a04d7aeeeb4538f958603c16fc5d", "possible_moves": 5, "source": "2_mn6q3dS2EnDUx3bmyWc6D4szJNVGtaR7zc_mtQheFaSfWELRB2MyMBaiWjdDm6ux9Ezns_2", "status": "open", "tx_hash": "cb91b1e26844266bd3dfbd8952f160d05a57a79ee2a7577f093c643ce6353e38", "tx_index": 75, "wager": 11021665}',0);
INSERT INTO messages VALUES(129,281075,'insert','debits','{"action": "open RPS", "address": "2_mnfAHmddVibnZNSkh8DvKaQoiEfNsxjXzH_mtQheFaSfWELRB2MyMBaiWjdDm6ux9Ezns_2", "asset": "XCP", "block_index": 281075, "event": "771874b62b13a8efcdfc502b68cced7b1466838558bcc644bbc74cf7c18561a9", "quantity": 11021665}',0);
INSERT INTO messages VALUES(130,281075,'insert','rps','{"block_index": 281075, "expiration": 10, "expire_index": 281085, "move_random_hash": "6a886d74c2d4b1d7a35fd9159333ef64ba45a04d7aeeeb4538f958603c16fc5d", "possible_moves": 5, "source": "2_mnfAHmddVibnZNSkh8DvKaQoiEfNsxjXzH_mtQheFaSfWELRB2MyMBaiWjdDm6ux9Ezns_2", "status": "open", "tx_hash": "771874b62b13a8efcdfc502b68cced7b1466838558bcc644bbc74cf7c18561a9", "tx_index": 76, "wager": 11021665}',0);
INSERT INTO messages VALUES(131,281075,'update','rps','{"status": "matched", "tx_index": 75}',0);
INSERT INTO messages VALUES(132,281075,'update','rps','{"status": "matched", "tx_index": 76}',0);
INSERT INTO messages VALUES(133,281075,'insert','rps_matches','{"block_index": 281075, "id": "cb91b1e26844266bd3dfbd8952f160d05a57a79ee2a7577f093c643ce6353e38771874b62b13a8efcdfc502b68cced7b1466838558bcc644bbc74cf7c18561a9", "match_expire_index": 281095, "possible_moves": 5, "status": "pending", "tx0_address": "2_mn6q3dS2EnDUx3bmyWc6D4szJNVGtaR7zc_mtQheFaSfWELRB2MyMBaiWjdDm6ux9Ezns_2", "tx0_block_index": 281074, "tx0_expiration": 10, "tx0_hash": "cb91b1e26844266bd3dfbd8952f160d05a57a79ee2a7577f093c643ce6353e38", "tx0_index": 75, "tx0_move_random_hash": "6a886d74c2d4b1d7a35fd9159333ef64ba45a04d7aeeeb4538f958603c16fc5d", "tx1_address": "2_mnfAHmddVibnZNSkh8DvKaQoiEfNsxjXzH_mtQheFaSfWELRB2MyMBaiWjdDm6ux9Ezns_2", "tx1_block_index": 281075, "tx1_expiration": 10, "tx1_hash": "771874b62b13a8efcdfc502b68cced7b1466838558bcc644bbc74cf7c18561a9", "tx1_index": 76, "tx1_move_random_hash": "6a886d74c2d4b1d7a35fd9159333ef64ba45a04d7aeeeb4538f958603c16fc5d", "wager": 11021665}',0);
INSERT INTO messages VALUES(134,281076,'update','rps_matches','{"rps_match_id": "cb91b1e26844266bd3dfbd8952f160d05a57a79ee2a7577f093c643ce6353e38771874b62b13a8efcdfc502b68cced7b1466838558bcc644bbc74cf7c18561a9", "status": "resolved and pending"}',0);
INSERT INTO messages VALUES(135,281076,'insert','rpsresolves','{"block_index": 281076, "move": 3, "random": "7a4488d61ed8f2e9fa2874113fccb8b1", "rps_match_id": "cb91b1e26844266bd3dfbd8952f160d05a57a79ee2a7577f093c643ce6353e38771874b62b13a8efcdfc502b68cced7b1466838558bcc644bbc74cf7c18561a9", "source": "2_mn6q3dS2EnDUx3bmyWc6D4szJNVGtaR7zc_mtQheFaSfWELRB2MyMBaiWjdDm6ux9Ezns_2", "status": "valid", "tx_hash": "f6641a2bc9c491fbc092710575d7ef0fbd93b3bf7fdfe71fda029f7ec4e78414", "tx_index": 77}',0);
INSERT INTO messages VALUES(136,281096,'insert','credits','{"action": "wins", "address": "2_mn6q3dS2EnDUx3bmyWc6D4szJNVGtaR7zc_mtQheFaSfWELRB2MyMBaiWjdDm6ux9Ezns_2", "asset": "XCP", "block_index": 281096, "event": "cb91b1e26844266bd3dfbd8952f160d05a57a79ee2a7577f093c643ce6353e38771874b62b13a8efcdfc502b68cced7b1466838558bcc644bbc74cf7c18561a9", "quantity": 22043330}',0);
INSERT INTO messages VALUES(137,281096,'update','rps_matches','{"rps_match_id": "cb91b1e26844266bd3dfbd8952f160d05a57a79ee2a7577f093c643ce6353e38771874b62b13a8efcdfc502b68cced7b1466838558bcc644bbc74cf7c18561a9", "status": "concluded: first player wins"}',0);
INSERT INTO messages VALUES(138,281096,'insert','rps_match_expirations','{"block_index": 281096, "rps_match_id": "cb91b1e26844266bd3dfbd8952f160d05a57a79ee2a7577f093c643ce6353e38771874b62b13a8efcdfc502b68cced7b1466838558bcc644bbc74cf7c18561a9", "tx0_address": "2_mn6q3dS2EnDUx3bmyWc6D4szJNVGtaR7zc_mtQheFaSfWELRB2MyMBaiWjdDm6ux9Ezns_2", "tx1_address": "2_mnfAHmddVibnZNSkh8DvKaQoiEfNsxjXzH_mtQheFaSfWELRB2MyMBaiWjdDm6ux9Ezns_2"}',0);
-- Triggers and indices on  messages
CREATE INDEX block_index_message_index_idx ON messages (block_index, message_index);

-- Table  nonces
DROP TABLE IF EXISTS nonces;
CREATE TABLE nonces(
                      address TEXT PRIMARY KEY,
                      nonce INTEGER);

-- Table  order_expirations
DROP TABLE IF EXISTS order_expirations;
CREATE TABLE order_expirations(
                      order_index INTEGER PRIMARY KEY,
                      order_hash TEXT UNIQUE,
                      source TEXT,
                      block_index INTEGER,
                      FOREIGN KEY (block_index) REFERENCES blocks(block_index),
                      FOREIGN KEY (order_index, order_hash) REFERENCES orders(tx_index, tx_hash));
INSERT INTO order_expirations VALUES(3,'878c11df1a0dc35b8cb39e2c35bdc3c7e1102e40ec03b704938cfa0d6a06ab06','2_mn6q3dS2EnDUx3bmyWc6D4szJNVGtaR7zc_mtQheFaSfWELRB2MyMBaiWjdDm6ux9Ezns_2',281013);
INSERT INTO order_expirations VALUES(4,'25b19174b9ed4bc5d692125e0bc572b5a7c935938155be20d04e650f09feffb0','2_mn6q3dS2EnDUx3bmyWc6D4szJNVGtaR7zc_mtQheFaSfWELRB2MyMBaiWjdDm6ux9Ezns_2',281014);
INSERT INTO order_expirations VALUES(22,'9b534bc1d8045b320b255aa866f43761986152b0ad0655fe268755dca46de5ff','2_mn6q3dS2EnDUx3bmyWc6D4szJNVGtaR7zc_mtQheFaSfWELRB2MyMBaiWjdDm6ux9Ezns_2',281032);

-- Table  order_match_expirations
DROP TABLE IF EXISTS order_match_expirations;
CREATE TABLE order_match_expirations(
                      order_match_id TEXT PRIMARY KEY,
                      tx0_address TEXT,
                      tx1_address TEXT,
                      block_index INTEGER,
                      FOREIGN KEY (order_match_id) REFERENCES order_matches(id),
                      FOREIGN KEY (block_index) REFERENCES blocks(block_index));

-- Table  order_matches
DROP TABLE IF EXISTS order_matches;
CREATE TABLE order_matches(
                      id TEXT PRIMARY KEY,
                      tx0_index INTEGER,
                      tx0_hash TEXT,
                      tx0_address TEXT,
                      tx1_index INTEGER,
                      tx1_hash TEXT,
                      tx1_address TEXT,
                      forward_asset TEXT,
                      forward_quantity INTEGER,
                      backward_asset TEXT,
                      backward_quantity INTEGER,
                      tx0_block_index INTEGER,
                      tx1_block_index INTEGER,
                      block_index INTEGER,
                      tx0_expiration INTEGER,
                      tx1_expiration INTEGER,
                      match_expire_index INTEGER,
                      fee_paid INTEGER,
                      status TEXT,
                      FOREIGN KEY (tx0_index, tx0_hash, tx0_block_index) REFERENCES transactions(tx_index, tx_hash, block_index),
                      FOREIGN KEY (tx1_index, tx1_hash, tx1_block_index) REFERENCES transactions(tx_index, tx_hash, block_index));
INSERT INTO order_matches VALUES('878c11df1a0dc35b8cb39e2c35bdc3c7e1102e40ec03b704938cfa0d6a06ab0625b19174b9ed4bc5d692125e0bc572b5a7c935938155be20d04e650f09feffb0',3,'878c11df1a0dc35b8cb39e2c35bdc3c7e1102e40ec03b704938cfa0d6a06ab06','2_mn6q3dS2EnDUx3bmyWc6D4szJNVGtaR7zc_mtQheFaSfWELRB2MyMBaiWjdDm6ux9Ezns_2',4,'25b19174b9ed4bc5d692125e0bc572b5a7c935938155be20d04e650f09feffb0','2_mn6q3dS2EnDUx3bmyWc6D4szJNVGtaR7zc_mtQheFaSfWELRB2MyMBaiWjdDm6ux9Ezns_2','BTC',50000000,'XCP',100000000,281002,281003,281003,10,10,281023,857142,'completed');
-- Triggers and indices on  order_matches
CREATE INDEX backward_status_idx ON order_matches (backward_asset, status);
CREATE INDEX forward_status_idx ON order_matches (forward_asset, status);
CREATE INDEX id_idx ON order_matches (id);
CREATE INDEX match_expire_idx ON order_matches (status, match_expire_index);
CREATE INDEX tx0_address_idx ON order_matches (tx0_address);
CREATE INDEX tx1_address_idx ON order_matches (tx1_address);

-- Table  orders
DROP TABLE IF EXISTS orders;
CREATE TABLE orders(
                      tx_index INTEGER UNIQUE,
                      tx_hash TEXT UNIQUE,
                      block_index INTEGER,
                      source TEXT,
                      give_asset TEXT,
                      give_quantity INTEGER,
                      give_remaining INTEGER,
                      get_asset TEXT,
                      get_quantity INTEGER,
                      get_remaining INTEGER,
                      expiration INTEGER,
                      expire_index INTEGER,
                      fee_required INTEGER,
                      fee_required_remaining INTEGER,
                      fee_provided INTEGER,
                      fee_provided_remaining INTEGER,
                      status TEXT,
                      FOREIGN KEY (tx_index, tx_hash, block_index) REFERENCES transactions(tx_index, tx_hash, block_index),
                      PRIMARY KEY (tx_index, tx_hash));
INSERT INTO orders VALUES(3,'878c11df1a0dc35b8cb39e2c35bdc3c7e1102e40ec03b704938cfa0d6a06ab06',281002,'2_mn6q3dS2EnDUx3bmyWc6D4szJNVGtaR7zc_mtQheFaSfWELRB2MyMBaiWjdDm6ux9Ezns_2','BTC',50000000,0,'XCP',100000000,0,10,281012,0,0,1000000,142858,'expired');
INSERT INTO orders VALUES(4,'25b19174b9ed4bc5d692125e0bc572b5a7c935938155be20d04e650f09feffb0',281003,'2_mn6q3dS2EnDUx3bmyWc6D4szJNVGtaR7zc_mtQheFaSfWELRB2MyMBaiWjdDm6ux9Ezns_2','XCP',105000000,5000000,'BTC',50000000,0,10,281013,900000,42858,10000,10000,'expired');
INSERT INTO orders VALUES(22,'9b534bc1d8045b320b255aa866f43761986152b0ad0655fe268755dca46de5ff',281021,'2_mn6q3dS2EnDUx3bmyWc6D4szJNVGtaR7zc_mtQheFaSfWELRB2MyMBaiWjdDm6ux9Ezns_2','BBBB',50000000,50000000,'XCP',50000000,50000000,10,281031,0,0,10000,10000,'expired');
-- Triggers and indices on  orders
CREATE INDEX expire_idx ON orders (expire_index, status);
CREATE INDEX give_asset_idx ON orders (give_asset);
CREATE INDEX give_get_status_idx ON orders (get_asset, give_asset, status);
CREATE INDEX give_status_idx ON orders (give_asset, status);
CREATE INDEX source_give_status_idx ON orders (source, give_asset, status);

-- Table  postqueue
DROP TABLE IF EXISTS postqueue;
CREATE TABLE postqueue(
                      message BLOB);

-- Table  rps
DROP TABLE IF EXISTS rps;
CREATE TABLE rps(
                      tx_index INTEGER UNIQUE,
                      tx_hash TEXT UNIQUE,
                      block_index INTEGER,
                      source TEXT,
                      possible_moves INTEGER,
                      wager INTEGER,
                      move_random_hash TEXT,
                      expiration INTEGER,
                      expire_index INTEGER,
                      status TEXT,
                      FOREIGN KEY (tx_index, tx_hash, block_index) REFERENCES transactions(tx_index, tx_hash, block_index),
                      PRIMARY KEY (tx_index, tx_hash));
INSERT INTO rps VALUES(26,'06577f103706ef5b6b4afaf2918a63b86034f3082f53b3baab38c1d9e5e3501c',281025,'2_mn6q3dS2EnDUx3bmyWc6D4szJNVGtaR7zc_mtQheFaSfWELRB2MyMBaiWjdDm6ux9Ezns_2',5,11021663,'6a886d74c2d4b1d7a35fd9159333ef64ba45a04d7aeeeb4538f958603c16fc5d',100,281125,'matched');
INSERT INTO rps VALUES(27,'490c5880ea56313edb2a7e5f8b313a2bffb4852918e8c737d93ca512fc4be417',281026,'2_mnfAHmddVibnZNSkh8DvKaQoiEfNsxjXzH_mtQheFaSfWELRB2MyMBaiWjdDm6ux9Ezns_2',5,11021663,'6e8bf66cbd6636aca1802459b730a99548624e48e243b840e0b34a12bede17ec',100,281126,'matched');
INSERT INTO rps VALUES(30,'5d7af0b88a6f0108c28bc39cdf480c4b742f52f7ad14ba019c2607eb1d613a8b',281029,'2_mn6q3dS2EnDUx3bmyWc6D4szJNVGtaR7zc_mtQheFaSfWELRB2MyMBaiWjdDm6ux9Ezns_2',5,11021663,'6a886d74c2d4b1d7a35fd9159333ef64ba45a04d7aeeeb4538f958603c16fc5d',10,281039,'expired');
INSERT INTO rps VALUES(48,'5c687310fc2f7bff1d99112f9cc46b33af3fdb0c5c032c80866bf4676843ff06',281047,'2_mn6q3dS2EnDUx3bmyWc6D4szJNVGtaR7zc_mtQheFaSfWELRB2MyMBaiWjdDm6ux9Ezns_2',5,11021664,'6a886d74c2d4b1d7a35fd9159333ef64ba45a04d7aeeeb4538f958603c16fc5d',10,281057,'matched');
INSERT INTO rps VALUES(49,'b2685648201c7bdef413d6568a99f1c6e9bf8c0ec4f59c638fe54cbc59baf5fd',281048,'2_mnfAHmddVibnZNSkh8DvKaQoiEfNsxjXzH_mtQheFaSfWELRB2MyMBaiWjdDm6ux9Ezns_2',5,11021664,'6a886d74c2d4b1d7a35fd9159333ef64ba45a04d7aeeeb4538f958603c16fc5d',10,281058,'matched');
INSERT INTO rps VALUES(75,'cb91b1e26844266bd3dfbd8952f160d05a57a79ee2a7577f093c643ce6353e38',281074,'2_mn6q3dS2EnDUx3bmyWc6D4szJNVGtaR7zc_mtQheFaSfWELRB2MyMBaiWjdDm6ux9Ezns_2',5,11021665,'6a886d74c2d4b1d7a35fd9159333ef64ba45a04d7aeeeb4538f958603c16fc5d',10,281084,'matched');
INSERT INTO rps VALUES(76,'771874b62b13a8efcdfc502b68cced7b1466838558bcc644bbc74cf7c18561a9',281075,'2_mnfAHmddVibnZNSkh8DvKaQoiEfNsxjXzH_mtQheFaSfWELRB2MyMBaiWjdDm6ux9Ezns_2',5,11021665,'6a886d74c2d4b1d7a35fd9159333ef64ba45a04d7aeeeb4538f958603c16fc5d',10,281085,'matched');
-- Triggers and indices on  rps
CREATE INDEX matching_idx ON rps (wager, possible_moves);

-- Table  rps_expirations
DROP TABLE IF EXISTS rps_expirations;
CREATE TABLE rps_expirations(
                      rps_index INTEGER PRIMARY KEY,
                      rps_hash TEXT UNIQUE,
                      source TEXT,
                      block_index INTEGER,
                      FOREIGN KEY (block_index) REFERENCES blocks(block_index),
                      FOREIGN KEY (rps_index, rps_hash) REFERENCES rps(tx_index, tx_hash));
INSERT INTO rps_expirations VALUES(30,'5d7af0b88a6f0108c28bc39cdf480c4b742f52f7ad14ba019c2607eb1d613a8b','2_mn6q3dS2EnDUx3bmyWc6D4szJNVGtaR7zc_mtQheFaSfWELRB2MyMBaiWjdDm6ux9Ezns_2',281040);

-- Table  rps_match_expirations
DROP TABLE IF EXISTS rps_match_expirations;
CREATE TABLE rps_match_expirations(
                      rps_match_id TEXT PRIMARY KEY,
                      tx0_address TEXT,
                      tx1_address TEXT,
                      block_index INTEGER,
                      FOREIGN KEY (rps_match_id) REFERENCES rps_matches(id),
                      FOREIGN KEY (block_index) REFERENCES blocks(block_index));
INSERT INTO rps_match_expirations VALUES('5c687310fc2f7bff1d99112f9cc46b33af3fdb0c5c032c80866bf4676843ff06b2685648201c7bdef413d6568a99f1c6e9bf8c0ec4f59c638fe54cbc59baf5fd','2_mn6q3dS2EnDUx3bmyWc6D4szJNVGtaR7zc_mtQheFaSfWELRB2MyMBaiWjdDm6ux9Ezns_2','2_mnfAHmddVibnZNSkh8DvKaQoiEfNsxjXzH_mtQheFaSfWELRB2MyMBaiWjdDm6ux9Ezns_2',281069);
INSERT INTO rps_match_expirations VALUES('cb91b1e26844266bd3dfbd8952f160d05a57a79ee2a7577f093c643ce6353e38771874b62b13a8efcdfc502b68cced7b1466838558bcc644bbc74cf7c18561a9','2_mn6q3dS2EnDUx3bmyWc6D4szJNVGtaR7zc_mtQheFaSfWELRB2MyMBaiWjdDm6ux9Ezns_2','2_mnfAHmddVibnZNSkh8DvKaQoiEfNsxjXzH_mtQheFaSfWELRB2MyMBaiWjdDm6ux9Ezns_2',281096);

-- Table  rps_matches
DROP TABLE IF EXISTS rps_matches;
CREATE TABLE rps_matches(
                      id TEXT PRIMARY KEY,
                      tx0_index INTEGER,
                      tx0_hash TEXT,
                      tx0_address TEXT,
                      tx1_index INTEGER,
                      tx1_hash TEXT,
                      tx1_address TEXT,
                      tx0_move_random_hash TEXT,
                      tx1_move_random_hash TEXT,
                      wager INTEGER,
                      possible_moves INTEGER,
                      tx0_block_index INTEGER,
                      tx1_block_index INTEGER,
                      block_index INTEGER,
                      tx0_expiration INTEGER,
                      tx1_expiration INTEGER,
                      match_expire_index INTEGER,
                      status TEXT,
                      FOREIGN KEY (tx0_index, tx0_hash, tx0_block_index) REFERENCES transactions(tx_index, tx_hash, block_index),
                      FOREIGN KEY (tx1_index, tx1_hash, tx1_block_index) REFERENCES transactions(tx_index, tx_hash, block_index));
INSERT INTO rps_matches VALUES('06577f103706ef5b6b4afaf2918a63b86034f3082f53b3baab38c1d9e5e3501c490c5880ea56313edb2a7e5f8b313a2bffb4852918e8c737d93ca512fc4be417',26,'06577f103706ef5b6b4afaf2918a63b86034f3082f53b3baab38c1d9e5e3501c','2_mn6q3dS2EnDUx3bmyWc6D4szJNVGtaR7zc_mtQheFaSfWELRB2MyMBaiWjdDm6ux9Ezns_2',27,'490c5880ea56313edb2a7e5f8b313a2bffb4852918e8c737d93ca512fc4be417','2_mnfAHmddVibnZNSkh8DvKaQoiEfNsxjXzH_mtQheFaSfWELRB2MyMBaiWjdDm6ux9Ezns_2','6a886d74c2d4b1d7a35fd9159333ef64ba45a04d7aeeeb4538f958603c16fc5d','6e8bf66cbd6636aca1802459b730a99548624e48e243b840e0b34a12bede17ec',11021663,5,281025,281026,281026,100,100,281046,'concluded: first player wins');
INSERT INTO rps_matches VALUES('5c687310fc2f7bff1d99112f9cc46b33af3fdb0c5c032c80866bf4676843ff06b2685648201c7bdef413d6568a99f1c6e9bf8c0ec4f59c638fe54cbc59baf5fd',48,'5c687310fc2f7bff1d99112f9cc46b33af3fdb0c5c032c80866bf4676843ff06','2_mn6q3dS2EnDUx3bmyWc6D4szJNVGtaR7zc_mtQheFaSfWELRB2MyMBaiWjdDm6ux9Ezns_2',49,'b2685648201c7bdef413d6568a99f1c6e9bf8c0ec4f59c638fe54cbc59baf5fd','2_mnfAHmddVibnZNSkh8DvKaQoiEfNsxjXzH_mtQheFaSfWELRB2MyMBaiWjdDm6ux9Ezns_2','6a886d74c2d4b1d7a35fd9159333ef64ba45a04d7aeeeb4538f958603c16fc5d','6a886d74c2d4b1d7a35fd9159333ef64ba45a04d7aeeeb4538f958603c16fc5d',11021664,5,281047,281048,281048,10,10,281068,'expired');
INSERT INTO rps_matches VALUES('cb91b1e26844266bd3dfbd8952f160d05a57a79ee2a7577f093c643ce6353e38771874b62b13a8efcdfc502b68cced7b1466838558bcc644bbc74cf7c18561a9',75,'cb91b1e26844266bd3dfbd8952f160d05a57a79ee2a7577f093c643ce6353e38','2_mn6q3dS2EnDUx3bmyWc6D4szJNVGtaR7zc_mtQheFaSfWELRB2MyMBaiWjdDm6ux9Ezns_2',76,'771874b62b13a8efcdfc502b68cced7b1466838558bcc644bbc74cf7c18561a9','2_mnfAHmddVibnZNSkh8DvKaQoiEfNsxjXzH_mtQheFaSfWELRB2MyMBaiWjdDm6ux9Ezns_2','6a886d74c2d4b1d7a35fd9159333ef64ba45a04d7aeeeb4538f958603c16fc5d','6a886d74c2d4b1d7a35fd9159333ef64ba45a04d7aeeeb4538f958603c16fc5d',11021665,5,281074,281075,281075,10,10,281095,'concluded: first player wins');
-- Triggers and indices on  rps_matches
CREATE INDEX rps_match_expire_idx ON rps_matches (status, match_expire_index);
CREATE INDEX rps_tx0_address_idx ON rps_matches (tx0_address);
CREATE INDEX rps_tx1_address_idx ON rps_matches (tx1_address);

-- Table  rpsresolves
DROP TABLE IF EXISTS rpsresolves;
CREATE TABLE rpsresolves(
                      tx_index INTEGER PRIMARY KEY,
                      tx_hash TEXT UNIQUE,
                      block_index INTEGER,
                      source TEXT,
                      move INTEGER,
                      random TEXT,
                      rps_match_id TEXT,
                      status TEXT,
                      FOREIGN KEY (tx_index, tx_hash, block_index) REFERENCES transactions(tx_index, tx_hash, block_index));
INSERT INTO rpsresolves VALUES(28,'693a1fc94a8c1b4780696b29bec40350d6672c19ac150c569ac69917796d40da',281027,'2_mn6q3dS2EnDUx3bmyWc6D4szJNVGtaR7zc_mtQheFaSfWELRB2MyMBaiWjdDm6ux9Ezns_2',3,'7a4488d61ed8f2e9fa2874113fccb8b1','06577f103706ef5b6b4afaf2918a63b86034f3082f53b3baab38c1d9e5e3501c490c5880ea56313edb2a7e5f8b313a2bffb4852918e8c737d93ca512fc4be417','valid');
INSERT INTO rpsresolves VALUES(29,'0ba06db93eca29fbb2d064185736629424f5448ede3bc3b897a8f4921e9074c3',281028,'2_mnfAHmddVibnZNSkh8DvKaQoiEfNsxjXzH_mtQheFaSfWELRB2MyMBaiWjdDm6ux9Ezns_2',5,'fa765e80203cba24a298e4458f63ff6b','06577f103706ef5b6b4afaf2918a63b86034f3082f53b3baab38c1d9e5e3501c490c5880ea56313edb2a7e5f8b313a2bffb4852918e8c737d93ca512fc4be417','valid');
INSERT INTO rpsresolves VALUES(77,'f6641a2bc9c491fbc092710575d7ef0fbd93b3bf7fdfe71fda029f7ec4e78414',281076,'2_mn6q3dS2EnDUx3bmyWc6D4szJNVGtaR7zc_mtQheFaSfWELRB2MyMBaiWjdDm6ux9Ezns_2',3,'7a4488d61ed8f2e9fa2874113fccb8b1','cb91b1e26844266bd3dfbd8952f160d05a57a79ee2a7577f093c643ce6353e38771874b62b13a8efcdfc502b68cced7b1466838558bcc644bbc74cf7c18561a9','valid');
-- Triggers and indices on  rpsresolves
CREATE INDEX rps_match_id_idx ON rpsresolves (rps_match_id);

-- Table  sends
DROP TABLE IF EXISTS sends;
CREATE TABLE sends(
                      tx_index INTEGER PRIMARY KEY,
                      tx_hash TEXT UNIQUE,
                      block_index INTEGER,
                      source TEXT,
                      destination TEXT,
                      asset TEXT,
                      quantity INTEGER,
                      status TEXT,
                      FOREIGN KEY (tx_index, tx_hash, block_index) REFERENCES transactions(tx_index, tx_hash, block_index));
INSERT INTO sends VALUES(2,'a3f112e40f940a9eaeedd281ed8812344f0a2495e4f8207275598836e8009e2d',281001,'2_mn6q3dS2EnDUx3bmyWc6D4szJNVGtaR7zc_mtQheFaSfWELRB2MyMBaiWjdDm6ux9Ezns_2','2_mnfAHmddVibnZNSkh8DvKaQoiEfNsxjXzH_mtQheFaSfWELRB2MyMBaiWjdDm6ux9Ezns_2','XCP',50000000,'valid');
INSERT INTO sends VALUES(8,'07112b251ecb15b79155095840b6db78d754b2ab092eb1307166418d7a138107',281007,'2_mn6q3dS2EnDUx3bmyWc6D4szJNVGtaR7zc_mtQheFaSfWELRB2MyMBaiWjdDm6ux9Ezns_2','2_mnfAHmddVibnZNSkh8DvKaQoiEfNsxjXzH_mtQheFaSfWELRB2MyMBaiWjdDm6ux9Ezns_2','BBBB',4000000,'valid');
INSERT INTO sends VALUES(9,'999005f604c3a72de758289f4fa6a68895404455dac1b607b03de2dc15a6ed34',281008,'2_mn6q3dS2EnDUx3bmyWc6D4szJNVGtaR7zc_mtQheFaSfWELRB2MyMBaiWjdDm6ux9Ezns_2','2_mnfAHmddVibnZNSkh8DvKaQoiEfNsxjXzH_mtQheFaSfWELRB2MyMBaiWjdDm6ux9Ezns_2','BBBC',526,'valid');
INSERT INTO sends VALUES(24,'59914c5b5fbe8859767bc6416f8042588b2af690bb998797bc32e5bea4809e67',281023,'2_mn6q3dS2EnDUx3bmyWc6D4szJNVGtaR7zc_mtQheFaSfWELRB2MyMBaiWjdDm6ux9Ezns_2','2_mnfAHmddVibnZNSkh8DvKaQoiEfNsxjXzH_mtQheFaSfWELRB2MyMBaiWjdDm6ux9Ezns_2','BBBC',10000,'valid');
-- Triggers and indices on  sends
CREATE INDEX destination_idx ON sends (destination);
CREATE INDEX source_idx ON sends (source);

-- Table  storage
DROP TABLE IF EXISTS storage;
CREATE TABLE storage(
                      contract_id TEXT,
                      key BLOB,
                      value BLOB,
                      FOREIGN KEY (contract_id) REFERENCES contracts(contract_id));

-- Table  suicides
DROP TABLE IF EXISTS suicides;
CREATE TABLE suicides(
                      contract_id TEXT PRIMARY KEY,
                      FOREIGN KEY (contract_id) REFERENCES contracts(contract_id));

-- Table  transactions
DROP TABLE IF EXISTS transactions;
CREATE TABLE transactions(
                      tx_index INTEGER UNIQUE,
                      tx_hash TEXT UNIQUE,
                      block_index INTEGER,
                      block_hash TEXT,
                      block_time INTEGER,
                      source TEXT,
                      destination TEXT,
                      btc_amount INTEGER,
                      fee INTEGER,
                      data BLOB,
                      supported BOOL DEFAULT 1,
                      FOREIGN KEY (block_index, block_hash) REFERENCES blocks(block_index, block_hash),
                      PRIMARY KEY (tx_index, tx_hash, block_index));
INSERT INTO transactions VALUES(1,'baf568fd33ac5ee3efa137cd8f9a030a339889a96834134f9e99815447d2c2f6',281000,'19e5c9df8a1fbcf246f58df91d99b1bb209f847fd88197aebb4c29650624364c669b997ec161726969b16eab47e6aa193a4f7959ad407a3064131151853297a7',2810000000000,'2_mn6q3dS2EnDUx3bmyWc6D4szJNVGtaR7zc_mtQheFaSfWELRB2MyMBaiWjdDm6ux9Ezns_2','mvCounterpartyXXXXXXXXXXXXXXW24Hef',62000000,10000,X'',1);
INSERT INTO transactions VALUES(2,'a3f112e40f940a9eaeedd281ed8812344f0a2495e4f8207275598836e8009e2d',281001,'2c12c0ad5a39e189ee10926d26779b086604b475caab0b6641f29e9068be54a47696302ec9ec9597f098bba2e81e5dfa49034558f958f9b1f62ca115c0a60ae1',2810010000000,'2_mn6q3dS2EnDUx3bmyWc6D4szJNVGtaR7zc_mtQheFaSfWELRB2MyMBaiWjdDm6ux9Ezns_2','2_mnfAHmddVibnZNSkh8DvKaQoiEfNsxjXzH_mtQheFaSfWELRB2MyMBaiWjdDm6ux9Ezns_2',7800,10000,X'0000000000000000000000010000000002FAF080',1);
INSERT INTO transactions VALUES(3,'878c11df1a0dc35b8cb39e2c35bdc3c7e1102e40ec03b704938cfa0d6a06ab06',281002,'6e3e2ad1f0c2004ad5de91b184d43e7cec52c86d97e95a92b96d5e6a052d7de3965f05ae6c1c8714f1126905064c8fda78ba450abae5d61e90bd59d3455c7804',2810020000000,'2_mn6q3dS2EnDUx3bmyWc6D4szJNVGtaR7zc_mtQheFaSfWELRB2MyMBaiWjdDm6ux9Ezns_2','',0,1000000,X'0000000A00000000000000000000000002FAF08000000000000000010000000005F5E100000A0000000000000000',1);
INSERT INTO transactions VALUES(4,'25b19174b9ed4bc5d692125e0bc572b5a7c935938155be20d04e650f09feffb0',281003,'45d5102b9f3a805f1eddd328ee8ee0addc712141d8a6916e896ad4e78ba297e5fc1228f1235ead0a43dc076404f96e93e0f30c968ee406c25e2a5c9d3ddc1046',2810030000000,'2_mn6q3dS2EnDUx3bmyWc6D4szJNVGtaR7zc_mtQheFaSfWELRB2MyMBaiWjdDm6ux9Ezns_2','',0,10000,X'0000000A00000000000000010000000006422C4000000000000000000000000002FAF080000A00000000000DBBA0',1);
INSERT INTO transactions VALUES(5,'43376af96a8bbc188afc8796871b60a8350f279c14e6ff3e45e44e2f81120247',281004,'07fd959564064999eba4502617562efa349d523910f2f0224974b6943c86ada23b04575d1d938c878bf371d08079887d83cc9ded4ae876c0cbde874ffe330056',2810040000000,'2_mn6q3dS2EnDUx3bmyWc6D4szJNVGtaR7zc_mtQheFaSfWELRB2MyMBaiWjdDm6ux9Ezns_2','2_mn6q3dS2EnDUx3bmyWc6D4szJNVGtaR7zc_mtQheFaSfWELRB2MyMBaiWjdDm6ux9Ezns_2',50000000,10000,X'0000000B878C11DF1A0DC35B8CB39E2C35BDC3C7E1102E40EC03B704938CFA0D6A06AB0625B19174B9ED4BC5D692125E0BC572B5A7C935938155BE20D04E650F09FEFFB0',1);
INSERT INTO transactions VALUES(6,'d1ce27ab2c252a0fec93ebe86d4e75c7915341ad12328ce38738f0e5f8ae5c03',281005,'d9f51a32fc61b8bf996bfc88079bfb6750da8315cef864c5906a25cc65e14b52b6f8b419617c6c6ae35d53c9f26d365606c0f7700aac56ef27a5df0a04c2e4ac',2810050000000,'2_mn6q3dS2EnDUx3bmyWc6D4szJNVGtaR7zc_mtQheFaSfWELRB2MyMBaiWjdDm6ux9Ezns_2','',0,10000,X'000000140000000000004767000000003B9ACA000100000000000000000000',1);
INSERT INTO transactions VALUES(7,'b75afc7a531c56ef0203f0dec430da0d10e513a64a814575718e348024ecffdd',281006,'ac084933b5d4762d070f2d6820e293de5427c2f23daced0187cd883d7efc4916825b9a59f2652c58dbb017d8615d5073de36904fb4e0048392b340c80d535e1f',2810060000000,'2_mn6q3dS2EnDUx3bmyWc6D4szJNVGtaR7zc_mtQheFaSfWELRB2MyMBaiWjdDm6ux9Ezns_2','',0,10000,X'00000014000000000000476800000000000186A00001000000113C75C28F06666F6F626172',1);
INSERT INTO transactions VALUES(8,'07112b251ecb15b79155095840b6db78d754b2ab092eb1307166418d7a138107',281007,'f3b816cabefaf4d1b47ef89e10b90fe56014b438c1c414246734e2e31a8c3d83877c920574143c216bb4c00dbb937c533fb745eee44b28ea4e57a4e614e1b7ef',2810070000000,'2_mn6q3dS2EnDUx3bmyWc6D4szJNVGtaR7zc_mtQheFaSfWELRB2MyMBaiWjdDm6ux9Ezns_2','2_mnfAHmddVibnZNSkh8DvKaQoiEfNsxjXzH_mtQheFaSfWELRB2MyMBaiWjdDm6ux9Ezns_2',7800,10000,X'00000000000000000000476700000000003D0900',1);
INSERT INTO transactions VALUES(9,'999005f604c3a72de758289f4fa6a68895404455dac1b607b03de2dc15a6ed34',281008,'2d198b050edd269a30a405d16636abc229eea964f06f6e5ea4d0f8200b66aa43fe24ec00df94225e1872818c1c750b40ee097035925bd7089ec29f0c036c3435',2810080000000,'2_mn6q3dS2EnDUx3bmyWc6D4szJNVGtaR7zc_mtQheFaSfWELRB2MyMBaiWjdDm6ux9Ezns_2','2_mnfAHmddVibnZNSkh8DvKaQoiEfNsxjXzH_mtQheFaSfWELRB2MyMBaiWjdDm6ux9Ezns_2',7800,10000,X'000000000000000000004768000000000000020E',1);
INSERT INTO transactions VALUES(10,'56dba11b7b9a89689770e33747383ba0f3f5ebf6e05dade1c082a7e41a7b0fca',281009,'ca4bf591c01ae79f8c087963e9872d103f6330bed294d7711b386e298ea28d08e09f14e253dec34a37ba8252bc585442f7c2d2fe55d72f0bee8edcfa93136da7',2810090000000,'2_mn6q3dS2EnDUx3bmyWc6D4szJNVGtaR7zc_mtQheFaSfWELRB2MyMBaiWjdDm6ux9Ezns_2','',0,10000,X'00000032000000000000025800000000000047670000000000000001',1);
INSERT INTO transactions VALUES(11,'d097267813981a1b1ccdecee8e2fa961e8e7aa121f64d3d915b508f7d9ecaa59',281010,'5182be85620e1f297c772332621540df7a914f2823843ad7e816cd0d156603dfc132fe9c9bb780e8f7bb23e627071cf6caeb4569f4547a3817b7109fc7a05997',2810100000000,'2_mn6q3dS2EnDUx3bmyWc6D4szJNVGtaR7zc_mtQheFaSfWELRB2MyMBaiWjdDm6ux9Ezns_2','',0,10000,X'00000032000000000000032000000000000047680000000000000001',1);
INSERT INTO transactions VALUES(12,'938ba72c30fa577fb7142bba2c09aba48c889a614896b961d0c754cc865936e4',281011,'96c1c1e3dcec780c2bec9c9312e3dae1412ff146047d2c64d3e8ba49c36a38ef4522532e2635ec3a6ee6168451fe20916d5621f5db0d90db61c6eac947a5cea2',2810110000000,'2_mn6q3dS2EnDUx3bmyWc6D4szJNVGtaR7zc_mtQheFaSfWELRB2MyMBaiWjdDm6ux9Ezns_2','',0,10000,X'0000001E52BB33004059000000000000004C4B4009556E69742054657374',1);
INSERT INTO transactions VALUES(13,'8ae321d45b10b630223521e39950a0324407a3b3aa9dc9feaddbd0f36c89658a',281012,'5caaeb77ce0df4aa8f0b96b80bcd9db2a2fd129d37e83805eec33f65b1110c0213803740cf7376879755619a8ff24be51a38968fbbbda4204992b152e3f5e416',2810120000000,'2_mn6q3dS2EnDUx3bmyWc6D4szJNVGtaR7zc_mtQheFaSfWELRB2MyMBaiWjdDm6ux9Ezns_2','2_mn6q3dS2EnDUx3bmyWc6D4szJNVGtaR7zc_mtQheFaSfWELRB2MyMBaiWjdDm6ux9Ezns_2',7800,10000,X'00000028000052BB33640000000002FAF08000000000017D7840000000000000000000003B100000000A',1);
INSERT INTO transactions VALUES(14,'b683bc60157d3fc1c54e83ff152ce745ad0f7e88115e969d8a0c452c0c313964',281013,'a47ac121e75996a9f174f16a77b5895d4c98146c18996a7b96c0a2f6397af7271efb496510e31096b399da2623de16e8e764bfb282d053de061bbe0f02304933',2810130000000,'2_mn6q3dS2EnDUx3bmyWc6D4szJNVGtaR7zc_mtQheFaSfWELRB2MyMBaiWjdDm6ux9Ezns_2','2_mn6q3dS2EnDUx3bmyWc6D4szJNVGtaR7zc_mtQheFaSfWELRB2MyMBaiWjdDm6ux9Ezns_2',7800,10000,X'00000028000152BB336400000000017D78400000000002793D60000000000000000000003B100000000A',1);
INSERT INTO transactions VALUES(15,'5053ec4717d157fb4b9ec0c45f5c39300048545636ccbe1d9d62e1f3f72783fd',281014,'63cb57ede61a8e09aaaf43ca45c35ebf35cac80be0b16bca912e8bf5352b6387092668e175bf69c306a9ce5efacd7c476f1461c0de9052b07716b370b2c77cb5',2810140000000,'2_mn6q3dS2EnDUx3bmyWc6D4szJNVGtaR7zc_mtQheFaSfWELRB2MyMBaiWjdDm6ux9Ezns_2','2_mn6q3dS2EnDUx3bmyWc6D4szJNVGtaR7zc_mtQheFaSfWELRB2MyMBaiWjdDm6ux9Ezns_2',7800,10000,X'00000028000052BB33640000000008F0D1800000000014DC93800000000000000000000013B00000000A',1);
INSERT INTO transactions VALUES(16,'cfadc8902f19613b9037bb1a462a1cb2fd3c04682f55caed116dd444e539751d',281015,'40946bfc6a7e70c6baa3b1db0baa476f99e04696536b301576c70790e4b77a221691d510f90b211f11b59cbec850ce682db371c85d5dabf0255214b401ef51e1',2810150000000,'2_mn6q3dS2EnDUx3bmyWc6D4szJNVGtaR7zc_mtQheFaSfWELRB2MyMBaiWjdDm6ux9Ezns_2','2_mn6q3dS2EnDUx3bmyWc6D4szJNVGtaR7zc_mtQheFaSfWELRB2MyMBaiWjdDm6ux9Ezns_2',7800,10000,X'00000028000152BB33640000000014DC93800000000008F0D1800000000000000000000013B00000000A',1);
INSERT INTO transactions VALUES(17,'ad7ff1e59f6298e137038df9ac798a36c282e1bfadc25496458d03103e9423f6',281016,'ff4ef3d92f34c425178aa8437f1052d8c365bfa7ef953ed56a3b8f5d70f23194b43b948e5ceec12d9a055a906cc65b449e3e70c328c643969548b89c188ac08a',2810160000000,'2_mn6q3dS2EnDUx3bmyWc6D4szJNVGtaR7zc_mtQheFaSfWELRB2MyMBaiWjdDm6ux9Ezns_2','2_mn6q3dS2EnDUx3bmyWc6D4szJNVGtaR7zc_mtQheFaSfWELRB2MyMBaiWjdDm6ux9Ezns_2',7800,10000,X'00000028000252BB33C8000000002CB417800000000026BE36803FF0000000000000000013B00000000A',1);
INSERT INTO transactions VALUES(18,'da8b14f7e85449f1673ae33a0a7b542ec7260d752a6c9643756032b9f8175950',281017,'d83c37768fbc05523f265f30cf2f2512b9cc206b453b064c7e0396f4ec6f6397906deeb2a35024f7ddaab9d2d19355c9f9dea706c53a3f414837470c4df603f4',2810170000000,'2_mn6q3dS2EnDUx3bmyWc6D4szJNVGtaR7zc_mtQheFaSfWELRB2MyMBaiWjdDm6ux9Ezns_2','2_mn6q3dS2EnDUx3bmyWc6D4szJNVGtaR7zc_mtQheFaSfWELRB2MyMBaiWjdDm6ux9Ezns_2',7800,10000,X'00000028000352BB33C80000000026BE3680000000002CB417803FF0000000000000000013B00000000A',1);
INSERT INTO transactions VALUES(19,'d2a13efa4a65f81434c1300047b94d417efb2e2a6ee32606defa8698afb735e0',281018,'14c9d4e9ac58abca6301bf85caaad95de39839610405d49f087821e0ca91901a631127109fbe3025318a23ec18133b3888b05af5284f53da7a3af7c67c8d17d3',2810180000000,'2_mn6q3dS2EnDUx3bmyWc6D4szJNVGtaR7zc_mtQheFaSfWELRB2MyMBaiWjdDm6ux9Ezns_2','',0,10000,X'0000001E52BB33324058F7256FFC115E004C4B4009556E69742054657374',1);
INSERT INTO transactions VALUES(20,'d21eef18229b327f5cc5077273794833932d0efa3c799eae7787c7ced2957ee0',281019,'f36b93025abe937637415c4990199a9088551309f5387339da3dcbc937b310025bd8c56e322a47a5a76222df6b3a026735a12e5773915fbfe74e3447b6d496f3',2810190000000,'2_mn6q3dS2EnDUx3bmyWc6D4szJNVGtaR7zc_mtQheFaSfWELRB2MyMBaiWjdDm6ux9Ezns_2','',0,10000,X'0000001E52BB3365405915F3B645A1CB004C4B4009556E69742054657374',1);
INSERT INTO transactions VALUES(21,'5ba72d1bc9df762a683784246f904b2ee98e11cb8367a9b622995f5d674bc564',281020,'37b2b4279788cc394a6698af38252899ac99e650534e2b075d55c94b24036469441e26c747ee95d9123f19bd54572d33ae8e252a9033eb92b89927fae5d9c5af',2810200000000,'2_mn6q3dS2EnDUx3bmyWc6D4szJNVGtaR7zc_mtQheFaSfWELRB2MyMBaiWjdDm6ux9Ezns_2','',0,10000,X'0000001E52BB33C94000000000000000004C4B4009556E69742054657374',1);
INSERT INTO transactions VALUES(22,'9b534bc1d8045b320b255aa866f43761986152b0ad0655fe268755dca46de5ff',281021,'25a7327d5c14f3b923540925eca3cf39f90591954ac4a1e22ea1851e50bd9f079b8210671246e1d3f49cc62d1a278a66c182b5a497e201ac3834025d662adb4f',2810210000000,'2_mn6q3dS2EnDUx3bmyWc6D4szJNVGtaR7zc_mtQheFaSfWELRB2MyMBaiWjdDm6ux9Ezns_2','',0,10000,X'0000000A00000000000047670000000002FAF08000000000000000010000000002FAF080000A0000000000000000',1);
INSERT INTO transactions VALUES(23,'702e60afb8f29d914c6d06d44f1e15be1d872c73d0796fe9d29dd5c45b31a5c4',281022,'d84a688fad1c811d37a7f7c39768c5dc35732069a599a601059b4b2bfab955812055cbf2033febd3e4f4586815bd3c7bf03401ca65c0862c122764053a7a8eb8',2810220000000,'2_mn6q3dS2EnDUx3bmyWc6D4szJNVGtaR7zc_mtQheFaSfWELRB2MyMBaiWjdDm6ux9Ezns_2','mvCounterpartyXXXXXXXXXXXXXXW24Hef',100000000,10000,X'',1);
INSERT INTO transactions VALUES(24,'59914c5b5fbe8859767bc6416f8042588b2af690bb998797bc32e5bea4809e67',281023,'5c4a8e871ad6d2b46126989f044f09792f691da9a11320a301afb7c25dc159a3aee2314288116157cc36d1cfb104e5bd56bcd2185125e488c18788b820eb9c3a',2810230000000,'2_mn6q3dS2EnDUx3bmyWc6D4szJNVGtaR7zc_mtQheFaSfWELRB2MyMBaiWjdDm6ux9Ezns_2','2_mnfAHmddVibnZNSkh8DvKaQoiEfNsxjXzH_mtQheFaSfWELRB2MyMBaiWjdDm6ux9Ezns_2',7800,10000,X'0000000000000000000047680000000000002710',1);
INSERT INTO transactions VALUES(25,'1bf7ae0aeec47fd87a4bbeda08c3b32c27d81ca26b62e5f44ab8714792efa3aa',281024,'66280f0af9349111435448fa54a3151fa1d910508b306ed6f70be58dcb0024ca44562ef13c4285bfae042454fe7206d7fe525d20217743934409c5bd645a3156',2810240000000,'2_mn6q3dS2EnDUx3bmyWc6D4szJNVGtaR7zc_mtQheFaSfWELRB2MyMBaiWjdDm6ux9Ezns_2','',0,10000,X'000000153FD33333333333330000000000004768',1);
INSERT INTO transactions VALUES(26,'06577f103706ef5b6b4afaf2918a63b86034f3082f53b3baab38c1d9e5e3501c',281025,'719fd8795fd02499960ef45de51d73eced164803ea295f50a3c89a74fbfeb18ae6205412f0906a97346eeda6ea40237705b044193a426bdfde7c1f47fe07d7a8',2810250000000,'2_mn6q3dS2EnDUx3bmyWc6D4szJNVGtaR7zc_mtQheFaSfWELRB2MyMBaiWjdDm6ux9Ezns_2','',0,10000,X'0000005000050000000000A82D5F6A886D74C2D4B1D7A35FD9159333EF64BA45A04D7AEEEB4538F958603C16FC5D00000064',1);
INSERT INTO transactions VALUES(27,'490c5880ea56313edb2a7e5f8b313a2bffb4852918e8c737d93ca512fc4be417',281026,'fc6af0530f24e921a91527594efbb96e723671742bb02ac6f3b69c5bdd54023aeeccf389f8de030f3f31a0afc9ceb2b9898daaf4bbae1e3b36e43ae2587fd1d8',2810260000000,'2_mnfAHmddVibnZNSkh8DvKaQoiEfNsxjXzH_mtQheFaSfWELRB2MyMBaiWjdDm6ux9Ezns_2','',0,10000,X'0000005000050000000000A82D5F6E8BF66CBD6636ACA1802459B730A99548624E48E243B840E0B34A12BEDE17EC00000064',1);
INSERT INTO transactions VALUES(28,'693a1fc94a8c1b4780696b29bec40350d6672c19ac150c569ac69917796d40da',281027,'ca9da6db5f6a998bbd8ec5761381a342c3f9e5afe486cff13e4ed7a48e41c39d9f082bb8912df2b6a03e71be432e40d380e555225b9c68e3ab7d7afce058aeb9',2810270000000,'2_mn6q3dS2EnDUx3bmyWc6D4szJNVGtaR7zc_mtQheFaSfWELRB2MyMBaiWjdDm6ux9Ezns_2','',0,10000,X'0000005100037A4488D61ED8F2E9FA2874113FCCB8B106577F103706EF5B6B4AFAF2918A63B86034F3082F53B3BAAB38C1D9E5E3501C490C5880EA56313EDB2A7E5F8B313A2BFFB4852918E8C737D93CA512FC4BE417',1);
INSERT INTO transactions VALUES(29,'0ba06db93eca29fbb2d064185736629424f5448ede3bc3b897a8f4921e9074c3',281028,'bbb54fd0f3d656ace3642d7846b63ec1f9fae7331789581b3311c2474af7338ab9fcc5f0e7e2ecea57f34e5455b7d6edc87bb17a53097e0703fe29947a8cdd5a',2810280000000,'2_mnfAHmddVibnZNSkh8DvKaQoiEfNsxjXzH_mtQheFaSfWELRB2MyMBaiWjdDm6ux9Ezns_2','',0,10000,X'000000510005FA765E80203CBA24A298E4458F63FF6B06577F103706EF5B6B4AFAF2918A63B86034F3082F53B3BAAB38C1D9E5E3501C490C5880EA56313EDB2A7E5F8B313A2BFFB4852918E8C737D93CA512FC4BE417',1);
INSERT INTO transactions VALUES(30,'5d7af0b88a6f0108c28bc39cdf480c4b742f52f7ad14ba019c2607eb1d613a8b',281029,'3b8abac9ac4015f67eb72c26a50d8649a88e1b1541a899436c9f22e52e693b3600e4e4438f176a8f4faee6eec21bde7e8af4057342849f6418067adb544ac782',2810290000000,'2_mn6q3dS2EnDUx3bmyWc6D4szJNVGtaR7zc_mtQheFaSfWELRB2MyMBaiWjdDm6ux9Ezns_2','',0,10000,X'0000005000050000000000A82D5F6A886D74C2D4B1D7A35FD9159333EF64BA45A04D7AEEEB4538F958603C16FC5D0000000A',1);
INSERT INTO transactions VALUES(48,'5c687310fc2f7bff1d99112f9cc46b33af3fdb0c5c032c80866bf4676843ff06',281047,'1559665acb43d9321387c9751b597e530123cc751eb49836defa50d6624eef68a65b4f6f076c3fb96e9ce193fdcc668347acb17d6b42363bda663dff65d89e62',2810470000000,'2_mn6q3dS2EnDUx3bmyWc6D4szJNVGtaR7zc_mtQheFaSfWELRB2MyMBaiWjdDm6ux9Ezns_2','',0,10000,X'0000005000050000000000A82D606A886D74C2D4B1D7A35FD9159333EF64BA45A04D7AEEEB4538F958603C16FC5D0000000A',1);
INSERT INTO transactions VALUES(49,'b2685648201c7bdef413d6568a99f1c6e9bf8c0ec4f59c638fe54cbc59baf5fd',281048,'ace510ffa60326a019079fd9e6407da4b4a74b64f8331ecdc9ac996dc48f8349d9773c620d3ed84e19f50e9bbac51a20c5b5aef9ee8997202de47ea7604a091b',2810480000000,'2_mnfAHmddVibnZNSkh8DvKaQoiEfNsxjXzH_mtQheFaSfWELRB2MyMBaiWjdDm6ux9Ezns_2','',0,10000,X'0000005000050000000000A82D606A886D74C2D4B1D7A35FD9159333EF64BA45A04D7AEEEB4538F958603C16FC5D0000000A',1);
INSERT INTO transactions VALUES(75,'cb91b1e26844266bd3dfbd8952f160d05a57a79ee2a7577f093c643ce6353e38',281074,'95ac40941f5d6b1fbfaa188d649cc81bfd350083425a628c844319899308a357447ff7c75e7b331d0821e655e57585b79afde608b201b47e62863090583ec479',2810740000000,'2_mn6q3dS2EnDUx3bmyWc6D4szJNVGtaR7zc_mtQheFaSfWELRB2MyMBaiWjdDm6ux9Ezns_2','',0,10000,X'0000005000050000000000A82D616A886D74C2D4B1D7A35FD9159333EF64BA45A04D7AEEEB4538F958603C16FC5D0000000A',1);
INSERT INTO transactions VALUES(76,'771874b62b13a8efcdfc502b68cced7b1466838558bcc644bbc74cf7c18561a9',281075,'3dc7e4640af9ffcaa448b3ae8d6f7c861ba6789cdfd58b4da76f30b4924bc22713b2151cd7994d3310093d029177b69128b28c99ec1cd964fca784a417873e53',2810750000000,'2_mnfAHmddVibnZNSkh8DvKaQoiEfNsxjXzH_mtQheFaSfWELRB2MyMBaiWjdDm6ux9Ezns_2','',0,10000,X'0000005000050000000000A82D616A886D74C2D4B1D7A35FD9159333EF64BA45A04D7AEEEB4538F958603C16FC5D0000000A',1);
INSERT INTO transactions VALUES(77,'f6641a2bc9c491fbc092710575d7ef0fbd93b3bf7fdfe71fda029f7ec4e78414',281076,'feb64a86a15f44665e200f61c89e056c9f75c89a9ae1154b1c61e4bda972b758d230090a7d60ac3a9a53d9a543ecdca0b5ffebf70de477f3a8c9469e97270a04',2810760000000,'2_mn6q3dS2EnDUx3bmyWc6D4szJNVGtaR7zc_mtQheFaSfWELRB2MyMBaiWjdDm6ux9Ezns_2','',0,10000,X'0000005100037A4488D61ED8F2E9FA2874113FCCB8B1CB91B1E26844266BD3DFBD8952F160D05A57A79EE2A7577F093C643CE6353E38771874B62B13A8EFCDFC502B68CCED7B1466838558BCC644BBC74CF7C18561A9',1);
-- Triggers and indices on  transactions
CREATE INDEX index_hash_index_idx ON transactions (tx_index, tx_hash, block_index);
CREATE INDEX index_index_idx ON transactions (block_index, tx_index);
CREATE INDEX tx_hash_idx ON transactions (tx_hash);
CREATE INDEX tx_index_idx ON transactions (tx_index);

COMMIT TRANSACTION;
