-- PRAGMA page_size=1024;
-- PRAGMA encoding='UTF-8';
-- PRAGMA auto_vacuum=NONE;
-- PRAGMA max_page_count=1073741823;

BEGIN TRANSACTION;

-- Table  balances
DROP TABLE IF EXISTS balances;
CREATE TABLE balances(
                      address TEXT,
                      asset TEXT,
                      quantity INTEGER);
INSERT INTO balances VALUES('mn6q3dS2EnDUx3bmyWc6D4szJNVGtaR7zc','XCP',145136014292);
INSERT INTO balances VALUES('mtQheFaSfWELRB2MyMBaiWjdDm6ux9Ezns','XCP',4763877496);
INSERT INTO balances VALUES('mn6q3dS2EnDUx3bmyWc6D4szJNVGtaR7zc','BBBB',996000000);
INSERT INTO balances VALUES('mn6q3dS2EnDUx3bmyWc6D4szJNVGtaR7zc','BBBC',92631);
INSERT INTO balances VALUES('mtQheFaSfWELRB2MyMBaiWjdDm6ux9Ezns','BBBB',4000000);
INSERT INTO balances VALUES('mtQheFaSfWELRB2MyMBaiWjdDm6ux9Ezns','BBBC',7369);
-- Triggers and indices on  balances
CREATE INDEX address_asset_idx ON balances (address, asset);

-- Table  bet_expirations
DROP TABLE IF EXISTS bet_expirations;
CREATE TABLE bet_expirations(
                      bet_index INTEGER PRIMARY KEY,
                      bet_hash TEXT UNIQUE,
                      source TEXT,
                      block_index INTEGER,
                      FOREIGN KEY (block_index) REFERENCES blocks(block_index),
                      FOREIGN KEY (bet_index, bet_hash) REFERENCES bets(tx_index, tx_hash));
INSERT INTO bet_expirations VALUES(13,'416abb297771d204812c96c7c1a1fd9019a0fde050468cbd3211eb74ec1ff7b3','mn6q3dS2EnDUx3bmyWc6D4szJNVGtaR7zc',154931);

-- Table  bet_match_expirations
DROP TABLE IF EXISTS bet_match_expirations;
CREATE TABLE bet_match_expirations(
                      bet_match_id TEXT PRIMARY KEY,
                      tx0_address TEXT,
                      tx1_address TEXT,
                      block_index INTEGER,
                      FOREIGN KEY (bet_match_id) REFERENCES bet_matches(id),
                      FOREIGN KEY (block_index) REFERENCES blocks(block_index));
INSERT INTO bet_match_expirations VALUES('416abb297771d204812c96c7c1a1fd9019a0fde050468cbd3211eb74ec1ff7b39cc323c5ca7d5db1ff2458cb64d3a1ae37dfd20df777d312bf4d54801411b469','mn6q3dS2EnDUx3bmyWc6D4szJNVGtaR7zc','mn6q3dS2EnDUx3bmyWc6D4szJNVGtaR7zc',154922);
INSERT INTO bet_match_expirations VALUES('895ffcff69ccb5bef14c33faeb0b6aed136e09e67ec707ce98c40ff248e308f02955f803042c6caa40ee30b9c339c790f5b688443249e15fe8d4c6fa0de06f1a','mn6q3dS2EnDUx3bmyWc6D4szJNVGtaR7zc','mn6q3dS2EnDUx3bmyWc6D4szJNVGtaR7zc',154924);
INSERT INTO bet_match_expirations VALUES('d803e76d0b60bbbd8ca4a436bbcab1219e25cb73c6926998a54984cbcd6e79f043a8eab0398e8bf1b6b9b586512d9880ad06a1aad9c614df341466ee27ca6309','mn6q3dS2EnDUx3bmyWc6D4szJNVGtaR7zc','mn6q3dS2EnDUx3bmyWc6D4szJNVGtaR7zc',154926);

-- Table  bet_match_resolutions
DROP TABLE IF EXISTS bet_match_resolutions;
CREATE TABLE bet_match_resolutions(
                      bet_match_id TEXT PRIMARY KEY,
                      bet_match_type_id INTEGER,
                      block_index INTEGER,
                      winner TEXT,
                      settled BOOL,
                      bull_credit INTEGER,
                      bear_credit INTEGER,
                      escrow_less_fee INTEGER,
                      fee INTEGER,
                      FOREIGN KEY (bet_match_id) REFERENCES bet_matches(id),
                      FOREIGN KEY (block_index) REFERENCES blocks(block_index));

-- Table  bet_matches
DROP TABLE IF EXISTS bet_matches;
CREATE TABLE bet_matches(
                      id TEXT PRIMARY KEY,
                      tx0_index INTEGER,
                      tx0_hash TEXT,
                      tx0_address TEXT,
                      tx1_index INTEGER,
                      tx1_hash TEXT,
                      tx1_address TEXT,
                      tx0_bet_type INTEGER,
                      tx1_bet_type INTEGER,
                      feed_address TEXT,
                      initial_value INTEGER,
                      deadline INTEGER,
                      target_value REAL,
                      leverage INTEGER,
                      forward_quantity INTEGER,
                      backward_quantity INTEGER,
                      tx0_block_index INTEGER,
                      tx1_block_index INTEGER,
                      block_index INTEGER,
                      tx0_expiration INTEGER,
                      tx1_expiration INTEGER,
                      match_expire_index INTEGER,
                      fee_fraction_int INTEGER,
                      status TEXT,
                      FOREIGN KEY (tx0_index, tx0_hash, tx0_block_index) REFERENCES transactions(tx_index, tx_hash, block_index),
                      FOREIGN KEY (tx1_index, tx1_hash, tx1_block_index) REFERENCES transactions(tx_index, tx_hash, block_index));
INSERT INTO bet_matches VALUES('416abb297771d204812c96c7c1a1fd9019a0fde050468cbd3211eb74ec1ff7b39cc323c5ca7d5db1ff2458cb64d3a1ae37dfd20df777d312bf4d54801411b469',13,'416abb297771d204812c96c7c1a1fd9019a0fde050468cbd3211eb74ec1ff7b3','mn6q3dS2EnDUx3bmyWc6D4szJNVGtaR7zc',14,'9cc323c5ca7d5db1ff2458cb64d3a1ae37dfd20df777d312bf4d54801411b469','mn6q3dS2EnDUx3bmyWc6D4szJNVGtaR7zc',0,1,'mn6q3dS2EnDUx3bmyWc6D4szJNVGtaR7zc',100,1388000100,0.0,15120,41500000,20750000,154920,154921,154921,10,10,154930,5000000,'expired');
INSERT INTO bet_matches VALUES('895ffcff69ccb5bef14c33faeb0b6aed136e09e67ec707ce98c40ff248e308f02955f803042c6caa40ee30b9c339c790f5b688443249e15fe8d4c6fa0de06f1a',15,'895ffcff69ccb5bef14c33faeb0b6aed136e09e67ec707ce98c40ff248e308f0','mn6q3dS2EnDUx3bmyWc6D4szJNVGtaR7zc',16,'2955f803042c6caa40ee30b9c339c790f5b688443249e15fe8d4c6fa0de06f1a','mn6q3dS2EnDUx3bmyWc6D4szJNVGtaR7zc',0,1,'mn6q3dS2EnDUx3bmyWc6D4szJNVGtaR7zc',100,1388000100,0.0,5040,150000000,350000000,154922,154923,154923,10,10,154932,5000000,'expired');
INSERT INTO bet_matches VALUES('d803e76d0b60bbbd8ca4a436bbcab1219e25cb73c6926998a54984cbcd6e79f043a8eab0398e8bf1b6b9b586512d9880ad06a1aad9c614df341466ee27ca6309',17,'d803e76d0b60bbbd8ca4a436bbcab1219e25cb73c6926998a54984cbcd6e79f0','mn6q3dS2EnDUx3bmyWc6D4szJNVGtaR7zc',18,'43a8eab0398e8bf1b6b9b586512d9880ad06a1aad9c614df341466ee27ca6309','mn6q3dS2EnDUx3bmyWc6D4szJNVGtaR7zc',2,3,'mn6q3dS2EnDUx3bmyWc6D4szJNVGtaR7zc',100,1388000200,1.0,5040,750000000,650000000,154924,154925,154925,10,10,154934,5000000,'expired');
-- Triggers and indices on  bet_matches
CREATE INDEX valid_feed_idx ON bet_matches (feed_address, status);

-- Table  bets
DROP TABLE IF EXISTS bets;
CREATE TABLE bets(
                      tx_index INTEGER UNIQUE,
                      tx_hash TEXT UNIQUE,
                      block_index INTEGER,
                      source TEXT,
                      feed_address TEXT,
                      bet_type INTEGER,
                      deadline INTEGER,
                      wager_quantity INTEGER,
                      wager_remaining INTEGER,
                      counterwager_quantity INTEGER,
                      counterwager_remaining INTEGER,
                      target_value REAL,
                      leverage INTEGER,
                      expiration INTEGER,
                      expire_index INTEGER,
                      fee_fraction_int INTEGER,
                      status TEXT,
                      FOREIGN KEY (tx_index, tx_hash, block_index) REFERENCES transactions(tx_index, tx_hash, block_index),
                      PRIMARY KEY (tx_index, tx_hash));
INSERT INTO bets VALUES(13,'416abb297771d204812c96c7c1a1fd9019a0fde050468cbd3211eb74ec1ff7b3',154920,'mn6q3dS2EnDUx3bmyWc6D4szJNVGtaR7zc','mn6q3dS2EnDUx3bmyWc6D4szJNVGtaR7zc',0,1388000100,50000000,8500000,25000000,4250000,0.0,15120,10,154930,5000000,'expired');
INSERT INTO bets VALUES(14,'9cc323c5ca7d5db1ff2458cb64d3a1ae37dfd20df777d312bf4d54801411b469',154921,'mn6q3dS2EnDUx3bmyWc6D4szJNVGtaR7zc','mn6q3dS2EnDUx3bmyWc6D4szJNVGtaR7zc',1,1388000100,25000000,4250000,41500000,0,0.0,15120,10,154931,5000000,'filled');
INSERT INTO bets VALUES(15,'895ffcff69ccb5bef14c33faeb0b6aed136e09e67ec707ce98c40ff248e308f0',154922,'mn6q3dS2EnDUx3bmyWc6D4szJNVGtaR7zc','mn6q3dS2EnDUx3bmyWc6D4szJNVGtaR7zc',0,1388000100,150000000,0,350000000,0,0.0,5040,10,154932,5000000,'filled');
INSERT INTO bets VALUES(16,'2955f803042c6caa40ee30b9c339c790f5b688443249e15fe8d4c6fa0de06f1a',154923,'mn6q3dS2EnDUx3bmyWc6D4szJNVGtaR7zc','mn6q3dS2EnDUx3bmyWc6D4szJNVGtaR7zc',1,1388000100,350000000,0,150000000,0,0.0,5040,10,154933,5000000,'filled');
INSERT INTO bets VALUES(17,'d803e76d0b60bbbd8ca4a436bbcab1219e25cb73c6926998a54984cbcd6e79f0',154924,'mn6q3dS2EnDUx3bmyWc6D4szJNVGtaR7zc','mn6q3dS2EnDUx3bmyWc6D4szJNVGtaR7zc',2,1388000200,750000000,0,650000000,0,1.0,5040,10,154934,5000000,'filled');
INSERT INTO bets VALUES(18,'43a8eab0398e8bf1b6b9b586512d9880ad06a1aad9c614df341466ee27ca6309',154925,'mn6q3dS2EnDUx3bmyWc6D4szJNVGtaR7zc','mn6q3dS2EnDUx3bmyWc6D4szJNVGtaR7zc',3,1388000200,650000000,0,750000000,0,1.0,5040,10,154935,5000000,'filled');
-- Triggers and indices on  bets
CREATE INDEX feed_valid_bettype_idx ON bets (feed_address, status, bet_type);

-- Table  blocks
DROP TABLE IF EXISTS blocks;
CREATE TABLE blocks(
                      block_index INTEGER UNIQUE,
                      block_hash TEXT UNIQUE,
                      block_time INTEGER, movements_hash TEXT,
                      PRIMARY KEY (block_index, block_hash));
INSERT INTO blocks VALUES(154907,'foobar',1337,'9ffe2080311b3241d224cc1f23564acb9f95a94424729cb910babead79dfa84e');
INSERT INTO blocks VALUES(154908,'cab26004a25bf4f3f706d147cc1a6b4ae35d4e2177acbb3a5e1347205fab75cc93c2cfdda0f9e01252776bdaccd4a9dc2cc2e2264af588dbe306734293c1c8c4',1549080000000,'f39475128587352de122f92e5c3b00a6c196ab35e61d2fdd1a5a501c2e46b633');
INSERT INTO blocks VALUES(154909,'244e7bf91f9a9cd5ec8c2abd8740a506c2de2156ab635d08d78429afba33f7f090659eca59b3a3f862dd87bb36221e52915512486da5d6ef0ec37e85124a9303',1549090000000,'d30331d3f6f0a80da9a61d85b4967ba88b23eeb4757e1c88ab316194bea998af');
INSERT INTO blocks VALUES(154910,'80d40ca10e5ea63a2ad8303c70819f369afbbd5716faf875fa4eb8ac2799ee0f9b2e5e204849d8ebca34537bdef7620fe81db66fc8195e193ee778fa43d68cdb',1549100000000,'207f9352fabc21f4e1d178b00584347757e052366625cfdb53a8ec1e185d9b3c');
INSERT INTO blocks VALUES(154911,'c572450879274cc2a7adfa27f3484ba94d76ae3c23d42a92f386000ba36b09790b7448701614b040f3e5dadd6378940e4b47ddb7e6a0da38aadb578b81c178e1',1549110000000,'1c234043db765186ac2cacb7392a0f8b204c46305576cfc43b1511f3c353554b');
INSERT INTO blocks VALUES(154912,'b0fe961d25394561c42ea0e5df888ba20580eab3ddb9d294faf901cda2517ebc2078f91137fdf9badefee7950b0274941c7764ecb47546c05e1a3563fc032339',1549120000000,'1323cda9aa2d117f60b437aa4c119b1885a7d226a961a890ecb3c74a9c72336e');
INSERT INTO blocks VALUES(154913,'797ff8f7e2e601c1595d2bc2088ae7ecd723d53514b74e5545be46389d9ccf31bed1c874b482eee40b06d2d5823969203624a7fd540819262d0033ab08c0887f',1549130000000,'e281e4b79ed6f9db3e655ab856e4e7b6831884f0643c1d6f58fb2a2de2428c33');
INSERT INTO blocks VALUES(154914,'78cad5b3c7bbac19cbbf5b58f7f2183441d22d200d3b1cb41da63aa293a5393883e3fcfc8eccd9c0ff5ca62b0552c8cd8b5c08e76475003f403c382725194e80',1549140000000,'300269460a961fb091b518c08049d82837a0e7ee4a1da834c57549489fd02bb9');
INSERT INTO blocks VALUES(154915,'fc8ccc098da63edc027cfcb3a6bd5a882e21cc79ec5786f499b1c483779af70d76cd7decf3d4018dcefa678e9566c2b2a2fce14e27a8bb273af4a9af7cf1d932',1549150000000,'3d64ed6aecaa39da096563a95aa0d3b42b7862d37a00d856fe5972e7dfb93f7c');
INSERT INTO blocks VALUES(154916,'94cd7d76a2cda75e80a2fe48dd3c44d46fed958f6223c9b0ff1a5ebcf255ab0a27df96220f9153fd180048828dcc3afe98c73988f91619f444c91c62a11d881b',1549160000000,'1d0c6d8950534ade7171d176a713ba03ca0ec3d6f9a7251c850078271f7065a9');
INSERT INTO blocks VALUES(154917,'b8b1961aa5981b069f1e7ce8d7a181736b80b54a5bda33a1bdf4b46f3d0f3dd732bc290cd13e7dab43d12c9efe30723afbe75e82447acd433557548a7568bb1d',1549170000000,'752ae330334c5c992322667ec6348917ea3405b2c09146294b4d23e15b06e864');
INSERT INTO blocks VALUES(154918,'088546b5563c11520e7fefe3ee0b8bd554b63f935ba0f52ee593300d79ccaba01cef7410df455753f5b4b33326da18e055638a161582c2d6e241ddfe6136e379',1549180000000,'2fffea7aef905938c8e7e3d034da15259f960661684f3bbed3713672f52faff9');
INSERT INTO blocks VALUES(154919,'3dd36d3b00a9000ef4d22e3017f7af48c5c0a9af6e03ecc2a26a49345adef79ac252fd57551a14991e40d128990fbe8776fec55d4826b98e937f92bef3ae0be4',1549190000000,'510fe46868145e5ed1e821075948fc253dabd636b582ddb07b704630d7e3eda1');
INSERT INTO blocks VALUES(154920,'0fca8dfde3b5b34b0829e1daa9a5c7f235a93d74fd3575d68f7a131c7790e01eb69fd3e0aaa9d872c8dad6d8e57e49b3a5903d774372ed5524dac8afc51c18d2',1549200000000,'63e6ca7a07e1b6754287175c2c082be60187630b67a849ca0b26438638885ff5');
INSERT INTO blocks VALUES(154921,'1a99275c7a70a496ce9fcd5cf21876916351805fdc5258dbaa004ff9ea8e451be93cc6f872819dd8942847c650afd37618bbb630528d772b4f8eb318122b1043',1549210000000,'9d487ab00b626c747c00d5d5c7a98e87da2378ee723107283d767e796d2ecb62');
INSERT INTO blocks VALUES(154922,'3e7b51e4121b3f70fa8ac6b3c2e3c29a985e05c5ad92678ee3982e931d81891a876260f7f53108a6e6d9012211a4f43cbc038b91dee92d2d1466448cec4979c4',1549220000000,'f2669ce9ca77ba073fc7f41c43edec867e8c109726017ef061cad8cafcdee8dd');
INSERT INTO blocks VALUES(154923,'9b16d5d768bbfd1c83ca224c2fd704429a16b6102dc1ccc21eec6547da4dad23bfa3f0df63b0a0c1159268008765227db81aac243e48f470594c3f8e30a2772b',1549230000000,'4ae88bf078194d3a1190cf24664739c3ac07612e1b28b6e6dfcba3904b12b7f8');
INSERT INTO blocks VALUES(154924,'915916edf01452e1a554d7dd7c63acef01f9540006a5b09425d151a8a170bd23e0500bd89dc97b8e49f22a0e662d140f03bcd6d2d9faf2b35e6968cd076329d3',1549240000000,'0ef1ab3a9548dc7f93eeff8e37d0c437b99f3d0b0be05428de9940c7eb486632');
INSERT INTO blocks VALUES(154925,'29d88d169c0c9bb778dd32b9d76fdef07d4cdd5302f02938101e03dd616426884b0e08816cfd7b217662f226003e3821f8e09063dd5250331a3e187557619386',1549250000000,'ebdde4c402b0c7facc8a3b0dc9ee1193515e73c403f888de92476c977f2fecf0');
INSERT INTO blocks VALUES(154926,'aeff66363337363dce240dd090e1d507f934b2496f82fce7094b6499b657f6375fb541747538a0001da7e87f708e10068399ef20441ba49485bc4edaa2347c85',1549260000000,'a1c72f0b6126514f5672568c29fd79e0bbf2c6620f1578d5af6187a54850a8d7');
INSERT INTO blocks VALUES(154927,'bc5cd4a70a0e3038768b0b4dacc11bb5bdbbaa51a7a6d0a69aaed9ab49451f57aa1f702921cf8fd5e477c4f06353f7ae69c5ce347a1307c38edcb9619ba9709f',1549270000000,'c33578ceded6584d3d915face6eee69b4da5c2ade68b7be522e1154d11712ec5');
INSERT INTO blocks VALUES(154928,'f5b79d98c8c45e396851d32aaeb4730f0ffe2db82e36a6f8ba6b139a5a4fc6ec7e0e7a4c304f12a3b8ff41ab648a2d4b17689b7ea4c037b12a62a03988bee963',1549280000000,'a52f744c5208a79f867ba643ee2b8b57c2e5dad297fdc13c0b0b449ca3dd1115');
INSERT INTO blocks VALUES(154929,'7068c1abc38664730e4b979aa4d3beb7131c65e36cf7aaa2852bbe3a0b74783eaa0c7a7ed52ec04b5d6865faaceb23b41390ec93f667cffe8ba9cec6757bbba9',1549290000000,'faecddf478194d5d384b3f48bef2b2b0b7623ca1706a7adc573dcfd281dd6f25');
INSERT INTO blocks VALUES(154930,'2b7fef6e9069f1a2f44e6eb08f0f5e32033d0048fc3cfc526237a4c4ced59590dbacfa4bfe95b894bc21658cffb2908b85280e6cfaa1545970bf2a724ceeea5b',1549300000000,'2900d41b539488289478fb330863553b0e5652a2e43c08d1f0c37ed3be1664d7');
INSERT INTO blocks VALUES(154931,'efd744787f5fa988aa515f4a7d14323969ab838c70a3d6d3a029ddf6eac7dd74568b09659b7756eafc7b6e410d8e5f5ba921d9a454c97f6c6b72ca7da37b5c58',1549310000000,'e8ad220ca91b23d35cd8a440c137e19ed7e697b91cd3284a5384a13ce3482a61');
INSERT INTO blocks VALUES(154932,'09614b8f64a6aacc740150eab0bbe7aaef9045825e188800d44f8a5620afd0cc71f8a354b2d061b8cf2be47434963ee9709103d46151d9c18f80366b61d33eda',1549320000000,'42e9ec06f49e2fcdf8af54689ec8c7f97f5d4aa133413bab4e2045adb40ba36c');
INSERT INTO blocks VALUES(154933,'d08f4dd0524762d7ebb5939e2b73f98c2260c8f2314a93b468e983e13a96639477f2effcfe51395687508cf6f0cb2de65e818396e9b3adb4a499f3d8cb16a638',1549330000000,'a3f88fc0da2d43185039808fc52253a3711d72a3db302006cfb4b242867ea78a');
INSERT INTO blocks VALUES(154934,'a519de47aa8c7eafe6fc8a4df5f5f05ea4bd27e41ea67d83555417146a35bbab2529ceff400f46163eb539a2c846bd8b8ee9cc87aefcce7b17054decb392a5ea',1549340000000,'7f1e33043c239c6e53d4dae082f0b3f268042f020ae2e79af0c81eca338cf8d6');
INSERT INTO blocks VALUES(154935,'bb8f4a793ea7c9ecab809a8c210ec05858a8241939ee6d12e283e2ad119ee87ca2078f81a3c295bb527766dc2713b90793ab8a518db9fb4f2967e43f245ee0fb',1549350000000,'656bcc9bbc827c30c91441c6daa48c41d293cc65ab4e877a76cfd530db95087c');
INSERT INTO blocks VALUES(154936,'3af58b36490131f828a765f13708b818c0a4b7082f2e0ac7d8cccdba7cd77fef40b07f115e453279ae7e9cd47f01ccdf9a23702634ab9793be5533d67c348735',1549360000000,'16a7588ad7aff37d28d1eb57f9b2df1486060e7e1f6a38a4f78436a5fd1b8a12');
INSERT INTO blocks VALUES(154937,'0e82b767d5eef083b2547f3765bc77838ec407b1538acf5a0eb2f153665b65d9b499e7e716db7daefdb8852a411342a9d2ebfe2f4f93e9bb09d5a9ef03cb7cf4',1549370000000,'285e60a420fd868bfa681ad53c9a50381e548636087ad8e46793e88d74718c25');
INSERT INTO blocks VALUES(154938,'18caf8c9f20ce96dc3236f58b0fa7f190222ab4f4c5784cba192e3ed07c5abbad5d661f86c1bed557e60a3178c9609adfb28008cc151dfe6fb6720fe1140147c',1549380000000,'0025e425fd7aa993980edd78961158cdeb5865688352bdd9b3ccf5c370bf924d');
INSERT INTO blocks VALUES(154939,'8556a9add0b2c85c559660875d8ad86fccbf9b14155fda1cb2a2ea8d7bdd876670455324d5daa7aeecfb8ba03fe0f52a72920341d506c88487c32fbd3e199e69',1549390000000,'4ad7268c19266b371db6956e118307753e7edff75623c7ebe4ba239097f57156');
INSERT INTO blocks VALUES(154940,'3d05a6248eb1289eea1e289063712814e39d2c70deb88904173379dbfc1dcbc24ad3b3cc0218dcceaa5785404bebfc95e810aab9ae61b5bb3a73f8b68862a95b',1549400000000,'a4e6170f2868f13c9d7e6eb5e8121d023d374514d08e3c0c74d299ea6513456d');
INSERT INTO blocks VALUES(154941,'644eef392211a8bda6da916bbdb7daa754592821dbd090f7a282f2fd81eb91d254993638e159c05cab80b9f5f2196329a74818cc6f31c62aeae8d4a1f6c61251',1549410000000,'d54531b40c245bf1f043ad38d4b9d7f263775b29979cdb1aebde81e73af9fee9');
INSERT INTO blocks VALUES(154942,'2261c71e82c98f4edafe7def4adc53de57d3bc38aabc9668d96f738c40ed2c51046d1cbc05d3f18f4eae4377f1f8dbcb0b6a7f9d36be283245c2d097fc328d23',1549420000000,'4baccca7cd9eeac4dc187cae49706538997d44b2a966251d88efe7caa78c1605');
INSERT INTO blocks VALUES(154943,'cc4a189d8d8f71535ce7b5ac10a186fdeeb09f97e9f54e5d3067540ef01dcb8f708b29de9e0322a770a44e43e2a411747fee51286f1cb04196c52c5751c08329',1549430000000,'2934a5c9401bbb1fbd6117193e16d2fcd872dc60089974bb2ad404689b061e70');
INSERT INTO blocks VALUES(154944,'1285526a9a9d27f8fdfa5e5968dfe4153e6793eb9ecb7f53aad952a1b7d8af60782811ad710c75834fe068466de48a757bd6225b89e4d1f6d6907362785ff18b',1549440000000,'4d739e92a5caf573814d01bc1f4d27a63e93dca9c49d320104d8bbfaf6637f21');
INSERT INTO blocks VALUES(154945,'11b7262157e0502c84c7163451fa3e0518cf71548fb703b7e778a4ff5b7148982af3942dfb631f06683d120419bb4411d857ab1f1071b4f0a2c56b228666dc15',1549450000000,'cda2a1c459a3d47e7c7e0c53da8aeb0ce9054fa41cf4dd3a5e3167293969ee6e');
INSERT INTO blocks VALUES(154946,'026773229d2ece96c17756d2e7a6faa04cf915636aef83a6e83df2b5b3bb7ef72903f70d610382668731456eeca24926081b7c3d6e1a8a27ac80f38ca60336ac',1549460000000,'fb0e11d507068921e3a89318a28198322db6077a7c7738f41cedcea59e37dd5c');
INSERT INTO blocks VALUES(154947,'22638274827fba5eb7b8bb0ab3673b46406b56e7fd354dd21f9e0142187248ca8e015e1e4a0114c953ec409a9d6e0cc51d05456c6a0ef5a7d1e3a39deb9be314',1549470000000,'3c8e4ae3468ab0a586a4a93d5b3f56dc822365cd367144d8b45ba3e28a1e4dc0');
INSERT INTO blocks VALUES(154948,'814c484c989bca85681aaf213aa93da7f82c10f32a028491b2294ac8a8c156d14df6f9fea211f469dcee5ef6ff4344ab895ca9c5bff3cfb014d4e12511c3ddde',1549480000000,'59d71a1d67e7aa689b043ac0734c59d0f45bda019b1e16c2ed87f39f5bc90347');
INSERT INTO blocks VALUES(154949,'aff167c21f15107dedfbfec621a8528e6a8288bdfe39783e66bfd2c205691e8239b48862c2a274676b7a516b4cc2801b26e1c59fef4b23b2f7b709d7bb7abc01',1549490000000,'a8693bcd8dfba6d7a80a1cde01233f7f4d91e342d5e4b8dfce294d22db6495a1');
INSERT INTO blocks VALUES(154950,'5ab6b3147fa262fda038f6f7a0413281e8f7836f1f9a87f1b3579c699b810ef7cdac478eb61b81c6511d10989ed47daf8d64dfbb146e079709e4f9ae62648d1c',1549500000000,'8fdb14f535b13ab1da7cbbbc930f20252714994acb22e27d9ebae1d34534a742');
INSERT INTO blocks VALUES(154951,'b08dab4a2dbaa6aedd05c6f83be59b135782e7f42971bc4006dc402e5ea455bafb3547edda8d7616dd9d99482bf0ff88e06d0851966d7c43cd9a58e0f0225eeb',1549510000000,'59c37c09b2f3d29910643cdf8a592542ec0c18236679817cd2becb914ccb98b3');
INSERT INTO blocks VALUES(154952,'ec03859cd260d73cc2f65bbfd2217389649c6b99adbb03fbc046f0612efcd128812f13f3b804fb6ea5500fb5b217b64342719e29ecbadaf65377a3d668c8db23',1549520000000,'ec9170937f507da8ceabffcc21a477264fc9e9dc9927d1b986ed6c7a5288c29d');
INSERT INTO blocks VALUES(154953,'1d8556214ae028d3e84f4a92df83d7c7d7a5bb60a3d2f90a44f45bc0fcad6ffefa6554d1edd547117864fbee6b957e790d23d7cbe45634140df2810c0e84a6e6',1549530000000,'1c598c3d4c6ad698921a2b52f4254554e272297999dfb6d852fc53f194ca9334');
INSERT INTO blocks VALUES(154954,'c4cda98aab9f7965c540711d7018d648eaa2b5c71f1158ad0ec2505bc2be29da4044359967570ada171e94a7f44fe239185e5b565e97e6eb087295945aab6aae',1549540000000,'02c0fb2ea4c7b9feef23a98a028427a898e3b6cbd3c17b1e7de64b466c98a005');
INSERT INTO blocks VALUES(154955,'04b4498e214f976cc2daa71ef3d694ed283d98d5153f51dab0fd6ae3ffcc10bca28423b6f437723d7d366d71e8583cf444332cd82ffe30d801e17c1d9e5616a9',1549550000000,'8a2da3fe5ef5dfc787e3568e282dc72a66d4d803c9f033e1ae83225417ec8752');
INSERT INTO blocks VALUES(154956,'84847d413464cf667c6a0c701219c3d74c89c5397b7c05b8e0605e719db735d2d5631d34c78be6d33e3d3e8dfee5f408cbd8589f6ebc3467363b5cd5e0c976f2',1549560000000,'6ad6ea929bc2ee16cf61684bd1ff1e11b293175dc673a2aa78c3e00764c0b852');
INSERT INTO blocks VALUES(154957,'683fbb38e64d9baae72307908d889248d14ef9b49f3cb4b1b908259d5c60ae84583e37f1cce92cf224e27268cbaa72e440411125342852043e5dd9ac8dc5c025',1549570000000,'b792db61d40eef84e2b1395f41670eadd9ca782dcd08290fc0fd3eb3fadd8f9b');
INSERT INTO blocks VALUES(154958,'0f0b225224d7bc638dac8d3914cb992fd8d1e2c3865d2be86482997f7f21d5f2769b789115687157f610946aee60c9c8a70ecba6f4c125bdc55130d24e96165a',1549580000000,'864f33e349f20b6e21a01c461c5b2fbff7ece4bc9f99af5e00e72d5bc6beb85e');
INSERT INTO blocks VALUES(154959,'a93722e91ff6469a2637920d717029986861c68eff60d329bc4c9c0989102458af137871a830861b81d6ff38d891f785c9a4e99a1b7f6ddf73f0eadd2f758127',1549590000000,'b618281310607e56d73c8f50dbb02896af093c1c12faa7111149ed234a82757c');
INSERT INTO blocks VALUES(154960,'b461595bc00ec0d839a4b2cdbc2f2a164707b200a7b30cee7bcd40eb3931ab8e232031256f7c9709a566b31ff5e4ecb6316bd87e4a9a525f978e73cd98b6151a',1549600000000,'de2a0dfe80d900867d9ebb439eb2e5d371bdb278760270529f6d50f0b31e5df1');
INSERT INTO blocks VALUES(154961,'a452e92b115ba822e7e361bb013c318581cb99f925b90c9c7cd8c53ed4dfeaf3872c64303334f29f40dc9abbdaddfa99cb0a89fa1030695a7b05ad8b3c7ef815',1549610000000,'e0b19e39ab36045efcade482f3791e2f7d187d6bb022037730b6c1ba17863358');
INSERT INTO blocks VALUES(154962,'28f7a57194638e338b6d498eb458b57d26840e2f43ae1b97dff479b23ff9616e3faeb7bbb951cfa51923a55533be8c365ad8083bca3c4d2b4643588241df894a',1549620000000,'fc7bd112634ff4dc3155c3587154220e3bb621d17c8f9579caeb36a681dadf34');
INSERT INTO blocks VALUES(154963,'b77509735b3665871e4e71d4b6662f73888ec3a063154ccbabe0d2921b313853a225f7afd4a485869a7c787103a03597fc5c877b23c1c65a088c6d2c9a10c025',1549630000000,'b593d67ab6b78df2bef18984e3e4dd428c4c58f71d5bb4df27ab8ae4dc8c8080');
INSERT INTO blocks VALUES(154964,'017a8df5598912e2cca5956c9cce01a778e29726ae464f5426a17a742b393c4147852b79cca9b486ca09783351d24dd73246fd97676833150118dd0d08d4f709',1549640000000,'a689ca7ab5249f04f3f1ea7fef456c0797fab8c31f14140c323133fdfdcc47c5');
INSERT INTO blocks VALUES(154965,'75fb3765550a5ff542d75240f68e7b5bd763b0d2173256fa051768a0ce6f7cb1aa4d6a32315498151e0e83f3da61f009102a4301cbf2aa1ff5af5eb448ad1ca9',1549650000000,'da7550c0483930d01772fd728355b738c0438cd4b4a59b159712723720b02e1b');
INSERT INTO blocks VALUES(154966,'ee43555f9c13a53bb53f26b9612f9422a6f63a224650fe1f31bdfac4beab558bbb87750815529ace266191b563f450514f3b6d9d9dfeb960fd73485789f1b079',1549660000000,'f0b3a4a44a1d2519bfee9d39d15ef1b9d24f198bc47b7b731f22916fe897eb52');
INSERT INTO blocks VALUES(154967,'96a342db6f42098ed9ed8036b963b55e9af92590eae65a6582be8b642c4fdd68d054170950f6d79554a7892fff1a483b2811d93f2d00f5ca5250585de09e4556',1549670000000,'46ca4b3ba4a003b441ce730bb548ebe385f9124a593aba8353c0470edfa84463');
INSERT INTO blocks VALUES(154968,'b309eaa79341d302851f8576221ea0a1ab2f2dd4acfbd789bcb5feede0fcfe496d6d805f3ebc40de4bc5a90f563c8e08ce6c71cb587b8d541de1e59706d94247',1549680000000,'c982663442ac53fbafc39dbc0ca62e02453857b24547779bf729cca5104904fb');
INSERT INTO blocks VALUES(154969,'c0465d4a01fb187f4e1e14d87be8a93006cb88b20e65cbc7fac0d627aa29f23c8245e964527e59cd9b2b49ccc551207c767963b307c6a7f6702ce60bcaf03421',1549690000000,'3d5c78b45a41984f894202aa6919773cf055fbd761659cfab46b21adde7f2a27');
INSERT INTO blocks VALUES(154970,'45933a14e69df3c84267d94d1f526e748dcdc359a5aa285708292198aaab561768a1af7f19e84b87154537ec676440857415d797e9981d60fdc0d406c99084ba',1549700000000,'32a07c7c0d33056b217c4c36b4c38be1e2d1500c3d86e5fcd2ea1a0393aae048');
INSERT INTO blocks VALUES(154971,'205a791a9063cac284ef3dab0e058c98df5e112b00262823ee034039f5b805126de89bd526bfcba9c6acaaffe9cb36009a956c3c12ae24855e890961eb8942ad',1549710000000,'0ee86f38d04f806dc26adaf8c6d312dc4a0b377079064fa562daf36d6db940a3');
INSERT INTO blocks VALUES(154972,'9b1a48abf1060e940a9194611b3d6b1feac3d7648cb673017ce1fe7e481b3c65aa8641b645fd8b4e94dff6bf2242f15403cfbc11b50085d99431ddbf7564418b',1549720000000,'5908b008675d071f94118f2eb3e1da794021782d6b4623496a76796f871ee2ad');
INSERT INTO blocks VALUES(154973,'f2436e4b5dbd5ad1070b8ba02d4417f5489a08edfecd49635e5d74a4a9b1bd5a72aaf6ee1d25738e7f0ecae90b619d7f2af2b1d057400bf1d0c164e705679cb7',1549730000000,'2f3b145145366d8c929d42542a0962c28563568b7034f571d9c3dcb0eacc2899');
INSERT INTO blocks VALUES(154974,'c90a5b43fecfd642c579a3f2632e358550b8a1c55bebc104a63a952f967ff2e92da600c47ef793a1f9b11bac5d1ee2e366b0fa0fc0f7e2172dc5fe1198746e46',1549740000000,'24afa346118a4b33b4eb2af892b9dc92de445632719591ab6fda0ef97605afe0');
INSERT INTO blocks VALUES(154975,'cd695197a750945ec63fd0997dd83e997a4a66e8e498548b53d4a2a3d94e241e542ad8f21464786ab170c9b0834784247f2a6d6a0fedaa699ee09729378293be',1549750000000,'90c09131f86f439d6d8d266ec5ab1c90925c039496416261d09c5308f999a55f');
INSERT INTO blocks VALUES(154976,'90223df03ad4b8ab13439c3fa4d6544eba7b9c7d8051279f3aea0a6ea386911b3d33b78abb74973c2d6e1de711b8fdc36a036a483a0b64f42e7d504afc095df1',1549760000000,'409f2eeaa05b24c689293ccc4347eed3da742d60f08af9971a9b45f831396185');
INSERT INTO blocks VALUES(154977,'96d12590f053c690ff82b7984e64c5a4582517b32b12bb4d4ad657f49458e4745b15647b0d772b793c9ff776db71e1a73d2e20dbb4dbaf5aa7a2aa455ca45477',1549770000000,'cec9b3dab15863e1ac055595d5db53f5600b0b7f9f1ab73806c5ac8f51b24a34');
INSERT INTO blocks VALUES(154978,'6806d86dc2786982abccb4318463db681e9537dfed0da68a83950b14a3c747ca838b74c0e1f07dbfecfc9de13cbc5ae592bd1c2a18ddc991245595b01be448cc',1549780000000,'d464d9d2d2f9ad12c1e2adae1bf0992671f8f0874dc4f8fcb20c4f8131ab6a88');
INSERT INTO blocks VALUES(154979,'574e2a89653923cd30c5ebd94cae4e50e56ab6cc60a847c6bb274318b76a5c8736211cd209fc02bbed84df5a07c37ea2be2d96f840a7c60058a56d65f328fc67',1549790000000,'da5daa6611fc1c7970c9f5b0a2ea22cf8a5f831c2dafbf41a51215cc47059771');
INSERT INTO blocks VALUES(154980,'7986c87b84a5240f0f1b2808cd84e00d01339e69436c3479dd03a16428740d0facb1d88f4733e07a65fd413f584dcaa7d2c47683ead011856e8e792a485e8969',1549800000000,'212930ba9d1b5de3710c656b907ef99820abc875d562f7762d3feb5c732c427a');
INSERT INTO blocks VALUES(154981,'7d32dc11080249c8ab974a72ff0fc4742ca8703c53b44c7692f185ff34d1e32a0512cd79b0107f990c43d6ae770511ee27fb78c4d03bec1833eee11b259bba8d',1549810000000,'639aed1ebb5b043a36004ee26d52337f1ad8afe25bb5c7fb4b1924522fec987a');
INSERT INTO blocks VALUES(154982,'766110ba2b50a1c0b743164d74871882e6b4a5fbb5082a4c37ab4e04cfa8aa8eaa710ba9f7668ba0141eb9e585586c385a0f17dc1c2cf55f50397ffc18717a2b',1549820000000,'bd566e92f438508e918a516a388e2aa7eecdb46b4863151591baf8569c84d28f');
INSERT INTO blocks VALUES(154983,'2d0c386a1fad12d0b44815b00f9ac4e4f518f334b620920197591cf9f27ff89e7f48ae831ebe91664402088ecb5ef4e751964dfa52c424c17666f55ef997a7e7',1549830000000,'109cd4ed40aa4e9fb8004c5a64c80bd32a64386a265eabdfb58b099bf3ae5ad6');
INSERT INTO blocks VALUES(154984,'c2b0c5ebf63c897a6d6f11f0ed2891ac1ed874de7f4ef481e26f26af44e5bef76907b5b672be3b4b1ef094c058931631e8c48ade989638d56ced718b81c10ec4',1549840000000,'a48972c0de2b9425fa9bdb8563281675d4ed0b1a6dc17ae0c9414c968efec7b7');
INSERT INTO blocks VALUES(154985,'c371882142ddace24a88072ad4e0ca3beeeea06896964de814bc28740f69ab918a85442d045fdf255498aec09480f4e7832132ba9822aea121523f56ee03937e',1549850000000,'6e139a35143ea8765e496efa8fbf2c9965e52de41ab6f403cd61218fdd5c0ae6');
INSERT INTO blocks VALUES(154986,'8d9dc23c40398c904ea8248f929b57b3f1b92ee46e076c7e6f4b2ccc988f7d28fdf80eed9e56c107ac50c9e05b1bdb688fa764fb6e53bda0fd58fc908db9c093',1549860000000,'59dafafaa244a98c25a20c5f588f557cc7a0b01519ecc92a80dc3743c37bb134');
INSERT INTO blocks VALUES(154987,'1fb56e72bacb7362989d3a0d942f0fe6e1f0745252d114463097740450dbdff77f99edaaf6b2c0dc37416d9fe38378346e0b2cd980ceb6d74643257af6cfe989',1549870000000,'853c1a80447fdf5564fa5262d4b6fefebcfdff4abec5c0c5257536c4264db091');
INSERT INTO blocks VALUES(154988,'c806d7bf6dce61a03034488c9aa171d2d10b625aa3c972bc2b14df055e4ccddfbff162fe94b8e3d5319585266d48e11ac14cd44e81c8178fe5352e8285972497',1549880000000,'10459615543fa8506b5167b2c2a573b1b3a29741e25ebeb9bc329e66aa377b29');
INSERT INTO blocks VALUES(154989,'9492b72f14d74fe3a277e7d63a3bc939717c3d36f934181a9784b156df10b2e77287b64b58abc98672e0629df490a7f1c131ea39aed32653fa186ccdf1dfc574',1549890000000,'cdf5fa2a118f0e3d72b09e2d808f3ca60cf358150f5824d44b45c00829077703');
INSERT INTO blocks VALUES(154990,'4e47e426a26caf932c908adce0f132ed7ea2a5ec08db42176348810c00ba23adb344989e74e9bb0a7a5f6283678036e3289c1bf3059ac700d06dad2b8e4090b2',1549900000000,'1d8948fbb98ee914ae7e2e69e2bb56252f7e5d44930b07e281a278a0fed05ee8');
INSERT INTO blocks VALUES(154991,'866feb4fec8a6cbe519277e370a9978f0831730e09c35ed4432aa189b63776a218e89c6a6bbbc76104574514f4deec64e2e31e2a49ac8fdedb5c3baedb18af78',1549910000000,'94a33b0f866d93a7e4bcda8e503273d35840911d08ccaf0be87035fd3afd3d9d');
INSERT INTO blocks VALUES(154992,'8c5c6a59b9ffe628fb77a4684232db2a62bedb7d13492c7d8d996f84acf477dada68c6e71d5c0512f92b728f457025b68956d749e182df8b8bc3d48797d719f2',1549920000000,'95559feb398348fced4df7fc66ff26fcdb22f8cbcdb3ef145a151479cc695810');
INSERT INTO blocks VALUES(154993,'0154ade8f5e1c0fa87f7ff2e4014cc67c889f19dd673b32a771d0fc27204d5034f56b60807a468912ecc98ba3e4bcaec367d2add69fca84de80a2ff6fb5bcaf4',1549930000000,'a0ef6c46e0c415077e5a914ebc8a296d2e283c53807d6b7b4110975990a45fbe');
INSERT INTO blocks VALUES(154994,'b3ee6cfa86acd454e2f4ab75127178af6a58374261d5ee5a169e4a9b7b095d9567aeef57ca7e528cec06a1d197f5c34bf261b9d0ca525f7eeafed0b413e706de',1549940000000,'f9ffd2d4a135add35a19a4fd77b33e88e7cc7e04367ba14b78677c6e94e6e0db');
INSERT INTO blocks VALUES(154995,'030d0f64feb56cb400837a02de37d0d82ef6546e6a6bc5b9bba99c5b038a06054118b55d441fa383fad9cdea5fbca41a3b918c14a7cfd2f5293fbbbc746f5025',1549950000000,'6e0bbffe17376cd6ca225fa93153f88bc8454a9e0444575c9a9bbe3b516c2a81');
INSERT INTO blocks VALUES(154996,'1a18a0077cb94535ba68ebea4f3af52f59ae885e8d5f64741aebf4f400a16f1d4b7fd27b4a9bc179c5218e48f03686dc7b359b113b825cf003c00266d929dae3',1549960000000,'90a8e4becbc80813390f9a24e861735ca6ea8ff633b366fa64f622decb36eebe');
INSERT INTO blocks VALUES(154997,'8440419516f8f8ddbccb55cfd854730a4d2ad31da48a141606e0766876b46f5c3f4ddf894f739c670047e88c772b5287087515912f119d330b3c3e11034d9a02',1549970000000,'3cf1a8f944593d69748c3b8e0420c80a15b6cac6b49bf868c6cbaca3a18119b7');
INSERT INTO blocks VALUES(154998,'5f22dca70c3ff67d96f8dd71cac9f35e2b38e0b9926824cf9aa286dbd4a83d1180f69551249c651d50ba36da099e475c4d8508b6c276d831c09e3381af14e3c6',1549980000000,'b5267d207899386a6ef23ca1bc58971749462e2384b7d37286c504a5a9855b88');
INSERT INTO blocks VALUES(154999,'b0785d57b7e9338067fc9f804eef9bd6600787f0f5c84c104d07c13c469cbbc71b726c311c9873aa234b591457c420cdf095fa41f0208364190b030d429042f6',1549990000000,'34d681c9f3476a95e8fa50930408c5949aa970ca202fc6a14f711455c4eda173');
INSERT INTO blocks VALUES(155000,'41bd5c094337abae2ee087983666d59de761634d2f52bb92726ba5c2acb0654860e67c39fbdac269b39195f2945a2a4d53c76b06c2d814eacec125e4b2a4342c',1550000000000,'39328a77ee8e8441b643b30ef67416388753b034e91e87f56e815f8ad42c5040');
INSERT INTO blocks VALUES(155001,'502958305b384f43fe8f6cced0ef02938c731bdb77d6d0d0a891b0d4a89aeddd8abef8ec20071069591efc60967420ee08a0f376b8a7faaf93de5d6f91df76d3',1550010000000,'e9b71b3bb53b2ff09d74f451f20698f913feae66564a052e8a902379435bfe38');
INSERT INTO blocks VALUES(155002,'0ca8ce307305dc7f7269f89abc701f78ca7018655d97f89d30a017b82f851a8d9e198056ef8ea2ccec43146e963392c03376c9814f44a84b36ac70feb33514a1',1550020000000,'ea5fb801880b351af18643cd76c4192a5af620cd3c54b364f82f5a97835a5ed7');
INSERT INTO blocks VALUES(155003,'b647d70d2a1cc8c93aa27b5ee9130a4c9f619b00881d4a6df375d533cffe6e1d0d89172eff55913c2026bced28550c25bb7e4dd62b7974b648bc4fa9ab0d9ad1',1550030000000,'332e822343f4696eed509357e93b96dbf9cc136c62767d56f5f07ac6101a02b9');
INSERT INTO blocks VALUES(155004,'9c7e755a7e8f184ae4af05b6db3d4eeb12f5091fa82f3784bbf14568142e9f7965807182327908799d2d3918dfd501381a668be790307c57735d49d6c485b3b2',1550040000000,'478b476f947fbe56baae3ec18686456cea2bc0bf0f318c247af467e19232ffc8');
INSERT INTO blocks VALUES(155005,'3335cec74083c9045768934dc5addc2a026a137f67e138a6dff2ba39120a50c30f93d8b57a2a430d8e5fa39cefd681203157d80e2babb51df4963383a536f10b',1550050000000,'38ae8e69f668bd3dbf97e09e88773159b10a6951d39e53e1a858cc693518dd62');
INSERT INTO blocks VALUES(155006,'ea9eb42c0a047834b24bf7a72984933a5db31a55010eb87eea454384fa96e6efaa6f829eda9d84b9da33dc0e0fae26962983cea39caadc9e8c5911513c5932be',1550060000000,'864d91ecc5f46fa1367a30504c3ec215999b1644b6b226ce95d26f6b522e1b14');
INSERT INTO blocks VALUES(155007,'30787cd612f263a3e9893b3250e1ef05d07bd514dd2d3822c668bce931c3bb425688dfb293e2f9d0ba3d1b6053bfe854e35af11f772c2616f98854ee4f091467',1550070000000,'a3812ab452f8b3a606580986b19ffa605e6c9db6849ccea79f7762aa02d7a201');
INSERT INTO blocks VALUES(155008,'52659bb5d20a0c295a577b5903a952ad8b04db83fd083b4221da63660958aaffac4589fef46977336f7dd90574eb8ecc7a50661edbed7d437b87d4f097a3666e',1550080000000,'9e3333b0837649edc3ee0479b84002f349196c73cb2dc4b3353290e39e6cd82a');
INSERT INTO blocks VALUES(155009,'2ebbf8f2c689c039ea06b66af96a498dec9c7ccc21ed3c2615364dc86d83f619933e07198d7f6deedf2c1e9dddca4310de0d98ff68ebdf03182bf33ca58ab6e4',1550090000000,'a8a5727fd3bbdff4ea7ee7a7a1bad6ba9dfdc56c41a964e328f58ef81eda47a1');
-- Triggers and indices on  blocks
CREATE INDEX block_index_idx ON blocks (block_index);
CREATE INDEX index_hash_idx ON blocks (block_index, block_hash);

-- Table  broadcasts
DROP TABLE IF EXISTS broadcasts;
CREATE TABLE broadcasts(
                      tx_index INTEGER PRIMARY KEY,
                      tx_hash TEXT UNIQUE,
                      block_index INTEGER,
                      source TEXT,
                      timestamp INTEGER,
                      value REAL,
                      fee_fraction_int INTEGER,
                      text TEXT,
                      locked BOOL,
                      status TEXT,
                      FOREIGN KEY (tx_index, tx_hash, block_index) REFERENCES transactions(tx_index, tx_hash, block_index));
INSERT INTO broadcasts VALUES(12,'6a0af7e2aba5c03a7c2d56f9fa880d5e265b525c2cfe35db39a0ebebde2d8e97',154919,'mn6q3dS2EnDUx3bmyWc6D4szJNVGtaR7zc',1388000000,100.0,5000000,'Unit Test',0,'valid');
INSERT INTO broadcasts VALUES(19,'5664e2319c1fca58c56ff92e079021381373f325d1b90d6d60cd3138d7172b6d',154926,'mn6q3dS2EnDUx3bmyWc6D4szJNVGtaR7zc',1388000050,99.86166,5000000,'Unit Test',0,'valid');
INSERT INTO broadcasts VALUES(20,'4d13f5ae669a021f1c5e0daff5ad782400545349b0e6bf0c25db6de866eaeaea',154927,'mn6q3dS2EnDUx3bmyWc6D4szJNVGtaR7zc',1388000101,100.343,5000000,'Unit Test',0,'valid');
INSERT INTO broadcasts VALUES(21,'8359a7bc3c30056c1872096fd190478655204016af046520f8c6170d5c94ac21',154928,'mn6q3dS2EnDUx3bmyWc6D4szJNVGtaR7zc',1388000201,2.0,5000000,'Unit Test',0,'valid');
-- Triggers and indices on  broadcasts
CREATE INDEX status_source_idx ON broadcasts (status, source);
CREATE INDEX status_source_index_idx ON broadcasts (status, source, tx_index);
CREATE INDEX timestamp_idx ON broadcasts (timestamp);

-- Table  btcpays
DROP TABLE IF EXISTS btcpays;
CREATE TABLE btcpays(
                      tx_index INTEGER PRIMARY KEY,
                      tx_hash TEXT UNIQUE,
                      block_index INTEGER,
                      source TEXT,
                      destination TEXT,
                      btc_amount INTEGER,
                      order_match_id TEXT,
                      status TEXT,
                      FOREIGN KEY (tx_index, tx_hash, block_index) REFERENCES transactions(tx_index, tx_hash, block_index));
INSERT INTO btcpays VALUES(5,'0cdf98c8b4b306de742edcd86b6b513afbc69847d5f0e484556635671a835367',154912,'mn6q3dS2EnDUx3bmyWc6D4szJNVGtaR7zc','mn6q3dS2EnDUx3bmyWc6D4szJNVGtaR7zc',50000000,'b7a20fda89961cb1f3632fae11960769eb215b67092ab93911de977459c5b04cd646f64fb17ee3dc83700fae7d1155d2e2a7de1f634dd7dbd57fe7246f13f140','valid');

-- Table  burns
DROP TABLE IF EXISTS burns;
CREATE TABLE burns(
                      tx_index INTEGER PRIMARY KEY,
                      tx_hash TEXT UNIQUE,
                      block_index INTEGER,
                      source TEXT,
                      burned INTEGER,
                      earned INTEGER,
                      status TEXT,
                      FOREIGN KEY (tx_index, tx_hash, block_index) REFERENCES transactions(tx_index, tx_hash, block_index));
INSERT INTO burns VALUES(1,'610b15f0c2d3845f124cc6026b6c212033de94218b25f89d5dbde47d11085a89',154908,'mn6q3dS2EnDUx3bmyWc6D4szJNVGtaR7zc',62000000,93000000000,'valid');
INSERT INTO burns VALUES(23,'6d1a0e0dedda4a78cf11ac7a1c6fd2c32d9fd7c99d97ae7d524f223641646b85',154930,'mn6q3dS2EnDUx3bmyWc6D4szJNVGtaR7zc',38000000,56999891788,'valid');

-- Table  callbacks
DROP TABLE IF EXISTS callbacks;
CREATE TABLE callbacks(
                      tx_index INTEGER PRIMARY KEY,
                      tx_hash TEXT UNIQUE,
                      block_index INTEGER,
                      source TEXT,
                      fraction TEXT,
                      asset TEXT,
                      status TEXT,
                      FOREIGN KEY (tx_index, tx_hash, block_index) REFERENCES transactions(tx_index, tx_hash, block_index));
INSERT INTO callbacks VALUES(25,'498e97e7af329d52dc4fadc1dfda926d9f323af6da5ec10542751ff395952eb1',154932,'mn6q3dS2EnDUx3bmyWc6D4szJNVGtaR7zc','0.3','BBBC','valid');

-- Table  cancels
DROP TABLE IF EXISTS cancels;
CREATE TABLE cancels(
                      tx_index INTEGER PRIMARY KEY,
                      tx_hash TEXT UNIQUE,
                      block_index INTEGER,
                      source TEXT,
                      offer_hash TEXT,
                      status TEXT,
                      FOREIGN KEY (tx_index, tx_hash, block_index) REFERENCES transactions(tx_index, tx_hash, block_index));
-- Triggers and indices on  cancels
CREATE INDEX cancels_block_index_idx ON cancels (block_index);

-- Table  credits
DROP TABLE IF EXISTS credits;
CREATE TABLE credits(
                      block_index INTEGER,
                      address TEXT,
                      asset TEXT,
                      quantity INTEGER,
                      calling_function TEXT,
                      event TEXT,
                      FOREIGN KEY (block_index) REFERENCES blocks(block_index));
INSERT INTO credits VALUES(154908,'mn6q3dS2EnDUx3bmyWc6D4szJNVGtaR7zc','XCP',93000000000,'burn','610b15f0c2d3845f124cc6026b6c212033de94218b25f89d5dbde47d11085a89');
INSERT INTO credits VALUES(154909,'mtQheFaSfWELRB2MyMBaiWjdDm6ux9Ezns','XCP',50000000,'send','9e0aad6e2ab8a23cf7eb362163600138ceac6a19cf492d4cceb6c79c5dba9a4a');
INSERT INTO credits VALUES(154912,'mn6q3dS2EnDUx3bmyWc6D4szJNVGtaR7zc','XCP',100000000,'btcpay','0cdf98c8b4b306de742edcd86b6b513afbc69847d5f0e484556635671a835367');
INSERT INTO credits VALUES(154913,'mn6q3dS2EnDUx3bmyWc6D4szJNVGtaR7zc','BBBB',1000000000,'issuance','278faf182d0316ac2e27e901a26bc746c37f50fe4449666119ecef0d3da58eb3');
INSERT INTO credits VALUES(154914,'mn6q3dS2EnDUx3bmyWc6D4szJNVGtaR7zc','BBBC',100000,'issuance','3045adc56a6ba7d89a2365c70a38fecd35828321f6f154021323da880320c69d');
INSERT INTO credits VALUES(154915,'mtQheFaSfWELRB2MyMBaiWjdDm6ux9Ezns','BBBB',4000000,'send','685d4d48200be1703a11bb77b2472437dbd1ddd6f8a9f8a3613cb811322c7bc7');
INSERT INTO credits VALUES(154916,'mtQheFaSfWELRB2MyMBaiWjdDm6ux9Ezns','BBBC',526,'send','1d8a91fbb7468af761343c9495f7c7243ab9cf2cd2541b69a45d11f6387c8be6');
INSERT INTO credits VALUES(154917,'mtQheFaSfWELRB2MyMBaiWjdDm6ux9Ezns','XCP',24,'dividend','42e34c582e6f07034144fcef5aeed791df319315912f08af70b3b0c10652d4ea');
INSERT INTO credits VALUES(154918,'mtQheFaSfWELRB2MyMBaiWjdDm6ux9Ezns','XCP',420800,'dividend','e678aa9e703de30b013335d96d1099b82fe1a8f3c588e62f19483dea9421804e');
INSERT INTO credits VALUES(154921,'mn6q3dS2EnDUx3bmyWc6D4szJNVGtaR7zc','XCP',4250000,'filled','9cc323c5ca7d5db1ff2458cb64d3a1ae37dfd20df777d312bf4d54801411b469');
INSERT INTO credits VALUES(154922,'mn6q3dS2EnDUx3bmyWc6D4szJNVGtaR7zc','XCP',5000000,'cancel order','d646f64fb17ee3dc83700fae7d1155d2e2a7de1f634dd7dbd57fe7246f13f140');
INSERT INTO credits VALUES(154922,'mn6q3dS2EnDUx3bmyWc6D4szJNVGtaR7zc','XCP',41500000,'recredit forward quantity','416abb297771d204812c96c7c1a1fd9019a0fde050468cbd3211eb74ec1ff7b39cc323c5ca7d5db1ff2458cb64d3a1ae37dfd20df777d312bf4d54801411b469');
INSERT INTO credits VALUES(154922,'mn6q3dS2EnDUx3bmyWc6D4szJNVGtaR7zc','XCP',20750000,'recredit backward quantity','416abb297771d204812c96c7c1a1fd9019a0fde050468cbd3211eb74ec1ff7b39cc323c5ca7d5db1ff2458cb64d3a1ae37dfd20df777d312bf4d54801411b469');
INSERT INTO credits VALUES(154923,'mn6q3dS2EnDUx3bmyWc6D4szJNVGtaR7zc','XCP',0,'filled','2955f803042c6caa40ee30b9c339c790f5b688443249e15fe8d4c6fa0de06f1a');
INSERT INTO credits VALUES(154923,'mn6q3dS2EnDUx3bmyWc6D4szJNVGtaR7zc','XCP',0,'filled','2955f803042c6caa40ee30b9c339c790f5b688443249e15fe8d4c6fa0de06f1a');
INSERT INTO credits VALUES(154924,'mn6q3dS2EnDUx3bmyWc6D4szJNVGtaR7zc','XCP',150000000,'recredit forward quantity','895ffcff69ccb5bef14c33faeb0b6aed136e09e67ec707ce98c40ff248e308f02955f803042c6caa40ee30b9c339c790f5b688443249e15fe8d4c6fa0de06f1a');
INSERT INTO credits VALUES(154924,'mn6q3dS2EnDUx3bmyWc6D4szJNVGtaR7zc','XCP',350000000,'recredit backward quantity','895ffcff69ccb5bef14c33faeb0b6aed136e09e67ec707ce98c40ff248e308f02955f803042c6caa40ee30b9c339c790f5b688443249e15fe8d4c6fa0de06f1a');
INSERT INTO credits VALUES(154925,'mn6q3dS2EnDUx3bmyWc6D4szJNVGtaR7zc','XCP',0,'filled','43a8eab0398e8bf1b6b9b586512d9880ad06a1aad9c614df341466ee27ca6309');
INSERT INTO credits VALUES(154925,'mn6q3dS2EnDUx3bmyWc6D4szJNVGtaR7zc','XCP',0,'filled','43a8eab0398e8bf1b6b9b586512d9880ad06a1aad9c614df341466ee27ca6309');
INSERT INTO credits VALUES(154926,'mn6q3dS2EnDUx3bmyWc6D4szJNVGtaR7zc','XCP',750000000,'recredit forward quantity','d803e76d0b60bbbd8ca4a436bbcab1219e25cb73c6926998a54984cbcd6e79f043a8eab0398e8bf1b6b9b586512d9880ad06a1aad9c614df341466ee27ca6309');
INSERT INTO credits VALUES(154926,'mn6q3dS2EnDUx3bmyWc6D4szJNVGtaR7zc','XCP',650000000,'recredit backward quantity','d803e76d0b60bbbd8ca4a436bbcab1219e25cb73c6926998a54984cbcd6e79f043a8eab0398e8bf1b6b9b586512d9880ad06a1aad9c614df341466ee27ca6309');
INSERT INTO credits VALUES(154930,'mn6q3dS2EnDUx3bmyWc6D4szJNVGtaR7zc','XCP',56999891788,'burn','6d1a0e0dedda4a78cf11ac7a1c6fd2c32d9fd7c99d97ae7d524f223641646b85');
INSERT INTO credits VALUES(154931,'mn6q3dS2EnDUx3bmyWc6D4szJNVGtaR7zc','XCP',8500000,'recredit wager remaining','416abb297771d204812c96c7c1a1fd9019a0fde050468cbd3211eb74ec1ff7b3');
INSERT INTO credits VALUES(154931,'mtQheFaSfWELRB2MyMBaiWjdDm6ux9Ezns','BBBC',10000,'send','388cf8c8098c9c58080c8cbbba3fad2f4cb81f700f8079b69d50036b64a88ac1');
INSERT INTO credits VALUES(154932,'mn6q3dS2EnDUx3bmyWc6D4szJNVGtaR7zc','BBBC',3157,'callback','498e97e7af329d52dc4fadc1dfda926d9f323af6da5ec10542751ff395952eb1');
INSERT INTO credits VALUES(154932,'mtQheFaSfWELRB2MyMBaiWjdDm6ux9Ezns','XCP',4735500000,'callback','498e97e7af329d52dc4fadc1dfda926d9f323af6da5ec10542751ff395952eb1');
INSERT INTO credits VALUES(154936,'mn6q3dS2EnDUx3bmyWc6D4szJNVGtaR7zc','XCP',22043326,'wins','a54b7aea0e6875394b5ab938ab15a3b81f01303eedc7b726602357480e90cc90af5c2e5c41e84fbf96a7d03a5ae740552c4611786dc112826c75f147f1cd13eb');
INSERT INTO credits VALUES(154940,'mn6q3dS2EnDUx3bmyWc6D4szJNVGtaR7zc','BBBB',50000000,'cancel order','d8ff90ed1f925804f187a568e5bafdabd0152642c13eb714316cd1f517dedc06');
INSERT INTO credits VALUES(154948,'mn6q3dS2EnDUx3bmyWc6D4szJNVGtaR7zc','XCP',11021663,'recredit wager','bd4c19c1128a3dd869996c94c5e23cf1d84d3828cf869c0de5ecdcd7b8f70ecd');
INSERT INTO credits VALUES(154977,'mn6q3dS2EnDUx3bmyWc6D4szJNVGtaR7zc','XCP',11021664,'recredit wager','bf92a22995d897c39b4793a307b36acb489896e45250ac7e31e108086d96f7f7786929c60d18485a527e085f2f4839db1dfd1efc05e34b6873ee345822cc6174');
INSERT INTO credits VALUES(154977,'mtQheFaSfWELRB2MyMBaiWjdDm6ux9Ezns','XCP',11021664,'recredit wager','bf92a22995d897c39b4793a307b36acb489896e45250ac7e31e108086d96f7f7786929c60d18485a527e085f2f4839db1dfd1efc05e34b6873ee345822cc6174');
INSERT INTO credits VALUES(155004,'mn6q3dS2EnDUx3bmyWc6D4szJNVGtaR7zc','XCP',22043330,'wins','2501cd2ee7e1c5f407e970b75a05ccbee4be74e605781de5dd3a6838a165f7bf72fe4a5e983752587b92edbb5da26c67c7f2968d2dde2e0f930acfce1ab9b669');

-- Table  debits
DROP TABLE IF EXISTS debits;
CREATE TABLE debits(
                      block_index INTEGER,
                      address TEXT,
                      asset TEXT,
                      quantity INTEGER,
                      action TEXT,
                      event TEXT,
                      FOREIGN KEY (block_index) REFERENCES blocks(block_index));
INSERT INTO debits VALUES(154909,'mn6q3dS2EnDUx3bmyWc6D4szJNVGtaR7zc','XCP',50000000,'send','9e0aad6e2ab8a23cf7eb362163600138ceac6a19cf492d4cceb6c79c5dba9a4a');
INSERT INTO debits VALUES(154911,'mn6q3dS2EnDUx3bmyWc6D4szJNVGtaR7zc','XCP',105000000,'open order','d646f64fb17ee3dc83700fae7d1155d2e2a7de1f634dd7dbd57fe7246f13f140');
INSERT INTO debits VALUES(154913,'mn6q3dS2EnDUx3bmyWc6D4szJNVGtaR7zc','XCP',50000000,'issuance fee','278faf182d0316ac2e27e901a26bc746c37f50fe4449666119ecef0d3da58eb3');
INSERT INTO debits VALUES(154914,'mn6q3dS2EnDUx3bmyWc6D4szJNVGtaR7zc','XCP',50000000,'issuance fee','3045adc56a6ba7d89a2365c70a38fecd35828321f6f154021323da880320c69d');
INSERT INTO debits VALUES(154915,'mn6q3dS2EnDUx3bmyWc6D4szJNVGtaR7zc','BBBB',4000000,'send','685d4d48200be1703a11bb77b2472437dbd1ddd6f8a9f8a3613cb811322c7bc7');
INSERT INTO debits VALUES(154916,'mn6q3dS2EnDUx3bmyWc6D4szJNVGtaR7zc','BBBC',526,'send','1d8a91fbb7468af761343c9495f7c7243ab9cf2cd2541b69a45d11f6387c8be6');
INSERT INTO debits VALUES(154917,'mn6q3dS2EnDUx3bmyWc6D4szJNVGtaR7zc','XCP',24,'dividend','42e34c582e6f07034144fcef5aeed791df319315912f08af70b3b0c10652d4ea');
INSERT INTO debits VALUES(154918,'mn6q3dS2EnDUx3bmyWc6D4szJNVGtaR7zc','XCP',420800,'dividend','e678aa9e703de30b013335d96d1099b82fe1a8f3c588e62f19483dea9421804e');
INSERT INTO debits VALUES(154920,'mn6q3dS2EnDUx3bmyWc6D4szJNVGtaR7zc','XCP',50000000,'bet','416abb297771d204812c96c7c1a1fd9019a0fde050468cbd3211eb74ec1ff7b3');
INSERT INTO debits VALUES(154921,'mn6q3dS2EnDUx3bmyWc6D4szJNVGtaR7zc','XCP',25000000,'bet','9cc323c5ca7d5db1ff2458cb64d3a1ae37dfd20df777d312bf4d54801411b469');
INSERT INTO debits VALUES(154922,'mn6q3dS2EnDUx3bmyWc6D4szJNVGtaR7zc','XCP',150000000,'bet','895ffcff69ccb5bef14c33faeb0b6aed136e09e67ec707ce98c40ff248e308f0');
INSERT INTO debits VALUES(154923,'mn6q3dS2EnDUx3bmyWc6D4szJNVGtaR7zc','XCP',350000000,'bet','2955f803042c6caa40ee30b9c339c790f5b688443249e15fe8d4c6fa0de06f1a');
INSERT INTO debits VALUES(154924,'mn6q3dS2EnDUx3bmyWc6D4szJNVGtaR7zc','XCP',750000000,'bet','d803e76d0b60bbbd8ca4a436bbcab1219e25cb73c6926998a54984cbcd6e79f0');
INSERT INTO debits VALUES(154925,'mn6q3dS2EnDUx3bmyWc6D4szJNVGtaR7zc','XCP',650000000,'bet','43a8eab0398e8bf1b6b9b586512d9880ad06a1aad9c614df341466ee27ca6309');
INSERT INTO debits VALUES(154929,'mn6q3dS2EnDUx3bmyWc6D4szJNVGtaR7zc','BBBB',50000000,'open order','d8ff90ed1f925804f187a568e5bafdabd0152642c13eb714316cd1f517dedc06');
INSERT INTO debits VALUES(154931,'mn6q3dS2EnDUx3bmyWc6D4szJNVGtaR7zc','BBBC',10000,'send','388cf8c8098c9c58080c8cbbba3fad2f4cb81f700f8079b69d50036b64a88ac1');
INSERT INTO debits VALUES(154932,'mn6q3dS2EnDUx3bmyWc6D4szJNVGtaR7zc','XCP',4735500000,'callback','498e97e7af329d52dc4fadc1dfda926d9f323af6da5ec10542751ff395952eb1');
INSERT INTO debits VALUES(154932,'mtQheFaSfWELRB2MyMBaiWjdDm6ux9Ezns','BBBC',3157,'callback','498e97e7af329d52dc4fadc1dfda926d9f323af6da5ec10542751ff395952eb1');
INSERT INTO debits VALUES(154933,'mn6q3dS2EnDUx3bmyWc6D4szJNVGtaR7zc','XCP',11021663,'open RPS','a54b7aea0e6875394b5ab938ab15a3b81f01303eedc7b726602357480e90cc90');
INSERT INTO debits VALUES(154934,'mtQheFaSfWELRB2MyMBaiWjdDm6ux9Ezns','XCP',11021663,'open RPS','af5c2e5c41e84fbf96a7d03a5ae740552c4611786dc112826c75f147f1cd13eb');
INSERT INTO debits VALUES(154937,'mn6q3dS2EnDUx3bmyWc6D4szJNVGtaR7zc','XCP',11021663,'open RPS','bd4c19c1128a3dd869996c94c5e23cf1d84d3828cf869c0de5ecdcd7b8f70ecd');
INSERT INTO debits VALUES(154955,'mn6q3dS2EnDUx3bmyWc6D4szJNVGtaR7zc','XCP',11021664,'open RPS','bf92a22995d897c39b4793a307b36acb489896e45250ac7e31e108086d96f7f7');
INSERT INTO debits VALUES(154956,'mtQheFaSfWELRB2MyMBaiWjdDm6ux9Ezns','XCP',11021664,'open RPS','786929c60d18485a527e085f2f4839db1dfd1efc05e34b6873ee345822cc6174');
INSERT INTO debits VALUES(154982,'mn6q3dS2EnDUx3bmyWc6D4szJNVGtaR7zc','XCP',11021665,'open RPS','2501cd2ee7e1c5f407e970b75a05ccbee4be74e605781de5dd3a6838a165f7bf');
INSERT INTO debits VALUES(154983,'mtQheFaSfWELRB2MyMBaiWjdDm6ux9Ezns','XCP',11021665,'open RPS','72fe4a5e983752587b92edbb5da26c67c7f2968d2dde2e0f930acfce1ab9b669');
-- Triggers and indices on  debits
CREATE INDEX address_idx ON debits (address);
CREATE INDEX asset_idx ON debits (asset);

-- Table  dividends
DROP TABLE IF EXISTS dividends;
CREATE TABLE dividends(
                      tx_index INTEGER PRIMARY KEY,
                      tx_hash TEXT UNIQUE,
                      block_index INTEGER,
                      source TEXT,
                      asset TEXT,
                      dividend_asset TEXT,
                      quantity_per_unit INTEGER,
                      status TEXT,
                      FOREIGN KEY (tx_index, tx_hash, block_index) REFERENCES transactions(tx_index, tx_hash, block_index));
INSERT INTO dividends VALUES(10,'42e34c582e6f07034144fcef5aeed791df319315912f08af70b3b0c10652d4ea',154917,'mn6q3dS2EnDUx3bmyWc6D4szJNVGtaR7zc','BBBB','XCP',600,'valid');
INSERT INTO dividends VALUES(11,'e678aa9e703de30b013335d96d1099b82fe1a8f3c588e62f19483dea9421804e',154918,'mn6q3dS2EnDUx3bmyWc6D4szJNVGtaR7zc','BBBC','XCP',800,'valid');

-- Table  issuances
DROP TABLE IF EXISTS issuances;
CREATE TABLE issuances(
                      tx_index INTEGER PRIMARY KEY,
                      tx_hash TEXT UNIQUE,
                      block_index INTEGER,
                      asset TEXT,
                      quantity INTEGER,
                      divisible BOOL,
                      source TEXT,
                      issuer TEXT,
                      transfer BOOL,
                      callable BOOL,
                      call_date INTEGER,
                      call_price REAL,
                      description TEXT,
                      fee_paid INTEGER,
                      locked BOOL,
                      status TEXT,
                      FOREIGN KEY (tx_index, tx_hash, block_index) REFERENCES transactions(tx_index, tx_hash, block_index));
INSERT INTO issuances VALUES(6,'278faf182d0316ac2e27e901a26bc746c37f50fe4449666119ecef0d3da58eb3',154913,'BBBB',1000000000,1,'mn6q3dS2EnDUx3bmyWc6D4szJNVGtaR7zc','mn6q3dS2EnDUx3bmyWc6D4szJNVGtaR7zc',0,0,0,0.0,'',50000000,0,'valid');
INSERT INTO issuances VALUES(7,'3045adc56a6ba7d89a2365c70a38fecd35828321f6f154021323da880320c69d',154914,'BBBC',100000,0,'mn6q3dS2EnDUx3bmyWc6D4szJNVGtaR7zc','mn6q3dS2EnDUx3bmyWc6D4szJNVGtaR7zc',0,1,17,0.015,'foobar',50000000,0,'valid');
-- Triggers and indices on  issuances
CREATE INDEX status_idx ON issuances (status);
CREATE INDEX valid_asset_idx ON issuances (asset, status);

-- Table  mempool
DROP TABLE IF EXISTS mempool;
CREATE TABLE mempool(
                      tx_hash TEXT,
                      command TEXT,
                      category TEXT,
                      bindings TEXT,
                      timestamp INTEGER);

-- Table  messages
DROP TABLE IF EXISTS messages;
CREATE TABLE messages(
                      message_index INTEGER PRIMARY KEY,
                      block_index INTEGER,
                      command TEXT,
                      category TEXT,
                      bindings TEXT,
                      timestamp INTEGER);
INSERT INTO messages VALUES(0,154908,'insert','credits','{"action": "burn", "address": "mn6q3dS2EnDUx3bmyWc6D4szJNVGtaR7zc", "asset": "XCP", "block_index": 154908, "event": "610b15f0c2d3845f124cc6026b6c212033de94218b25f89d5dbde47d11085a89", "quantity": 93000000000}',0);
INSERT INTO messages VALUES(1,154908,'insert','burns','{"block_index": 154908, "burned": 62000000, "earned": 93000000000, "source": "mn6q3dS2EnDUx3bmyWc6D4szJNVGtaR7zc", "status": "valid", "tx_hash": "610b15f0c2d3845f124cc6026b6c212033de94218b25f89d5dbde47d11085a89", "tx_index": 1}',0);
INSERT INTO messages VALUES(2,154909,'insert','debits','{"action": "send", "address": "mn6q3dS2EnDUx3bmyWc6D4szJNVGtaR7zc", "asset": "XCP", "block_index": 154909, "event": "9e0aad6e2ab8a23cf7eb362163600138ceac6a19cf492d4cceb6c79c5dba9a4a", "quantity": 50000000}',0);
INSERT INTO messages VALUES(3,154909,'insert','credits','{"action": "send", "address": "mtQheFaSfWELRB2MyMBaiWjdDm6ux9Ezns", "asset": "XCP", "block_index": 154909, "event": "9e0aad6e2ab8a23cf7eb362163600138ceac6a19cf492d4cceb6c79c5dba9a4a", "quantity": 50000000}',0);
INSERT INTO messages VALUES(4,154909,'insert','sends','{"asset": "XCP", "block_index": 154909, "destination": "mtQheFaSfWELRB2MyMBaiWjdDm6ux9Ezns", "quantity": 50000000, "source": "mn6q3dS2EnDUx3bmyWc6D4szJNVGtaR7zc", "status": "valid", "tx_hash": "9e0aad6e2ab8a23cf7eb362163600138ceac6a19cf492d4cceb6c79c5dba9a4a", "tx_index": 2}',0);
INSERT INTO messages VALUES(5,154910,'insert','orders','{"block_index": 154910, "expiration": 10, "expire_index": 154920, "fee_provided": 1000000, "fee_provided_remaining": 1000000, "fee_required": 0, "fee_required_remaining": 0, "get_asset": "XCP", "get_quantity": 100000000, "get_remaining": 100000000, "give_asset": "BTC", "give_quantity": 50000000, "give_remaining": 50000000, "source": "mn6q3dS2EnDUx3bmyWc6D4szJNVGtaR7zc", "status": "open", "tx_hash": "b7a20fda89961cb1f3632fae11960769eb215b67092ab93911de977459c5b04c", "tx_index": 3}',0);
INSERT INTO messages VALUES(6,154911,'insert','debits','{"action": "open order", "address": "mn6q3dS2EnDUx3bmyWc6D4szJNVGtaR7zc", "asset": "XCP", "block_index": 154911, "event": "d646f64fb17ee3dc83700fae7d1155d2e2a7de1f634dd7dbd57fe7246f13f140", "quantity": 105000000}',0);
INSERT INTO messages VALUES(7,154911,'insert','orders','{"block_index": 154911, "expiration": 10, "expire_index": 154921, "fee_provided": 10000, "fee_provided_remaining": 10000, "fee_required": 900000, "fee_required_remaining": 900000, "get_asset": "BTC", "get_quantity": 50000000, "get_remaining": 50000000, "give_asset": "XCP", "give_quantity": 105000000, "give_remaining": 105000000, "source": "mn6q3dS2EnDUx3bmyWc6D4szJNVGtaR7zc", "status": "open", "tx_hash": "d646f64fb17ee3dc83700fae7d1155d2e2a7de1f634dd7dbd57fe7246f13f140", "tx_index": 4}',0);
INSERT INTO messages VALUES(8,154911,'update','orders','{"fee_provided_remaining": 142858, "fee_required_remaining": 0, "get_remaining": 0, "give_remaining": 0, "status": "open", "tx_hash": "b7a20fda89961cb1f3632fae11960769eb215b67092ab93911de977459c5b04c"}',0);
INSERT INTO messages VALUES(9,154911,'update','orders','{"fee_provided_remaining": 10000, "fee_required_remaining": 42858, "get_remaining": 0, "give_remaining": 5000000, "status": "open", "tx_hash": "d646f64fb17ee3dc83700fae7d1155d2e2a7de1f634dd7dbd57fe7246f13f140"}',0);
INSERT INTO messages VALUES(10,154911,'insert','order_matches','{"backward_asset": "XCP", "backward_quantity": 100000000, "block_index": 154911, "fee_paid": 857142, "forward_asset": "BTC", "forward_quantity": 50000000, "id": "b7a20fda89961cb1f3632fae11960769eb215b67092ab93911de977459c5b04cd646f64fb17ee3dc83700fae7d1155d2e2a7de1f634dd7dbd57fe7246f13f140", "match_expire_index": 154931, "status": "pending", "tx0_address": "mn6q3dS2EnDUx3bmyWc6D4szJNVGtaR7zc", "tx0_block_index": 154910, "tx0_expiration": 10, "tx0_hash": "b7a20fda89961cb1f3632fae11960769eb215b67092ab93911de977459c5b04c", "tx0_index": 3, "tx1_address": "mn6q3dS2EnDUx3bmyWc6D4szJNVGtaR7zc", "tx1_block_index": 154911, "tx1_expiration": 10, "tx1_hash": "d646f64fb17ee3dc83700fae7d1155d2e2a7de1f634dd7dbd57fe7246f13f140", "tx1_index": 4}',0);
INSERT INTO messages VALUES(11,154912,'insert','credits','{"action": "btcpay", "address": "mn6q3dS2EnDUx3bmyWc6D4szJNVGtaR7zc", "asset": "XCP", "block_index": 154912, "event": "0cdf98c8b4b306de742edcd86b6b513afbc69847d5f0e484556635671a835367", "quantity": 100000000}',0);
INSERT INTO messages VALUES(12,154912,'update','order_matches','{"order_match_id": "b7a20fda89961cb1f3632fae11960769eb215b67092ab93911de977459c5b04cd646f64fb17ee3dc83700fae7d1155d2e2a7de1f634dd7dbd57fe7246f13f140", "status": "completed"}',0);
INSERT INTO messages VALUES(13,154912,'insert','btcpays','{"block_index": 154912, "btc_amount": 50000000, "destination": "mn6q3dS2EnDUx3bmyWc6D4szJNVGtaR7zc", "order_match_id": "b7a20fda89961cb1f3632fae11960769eb215b67092ab93911de977459c5b04cd646f64fb17ee3dc83700fae7d1155d2e2a7de1f634dd7dbd57fe7246f13f140", "source": "mn6q3dS2EnDUx3bmyWc6D4szJNVGtaR7zc", "status": "valid", "tx_hash": "0cdf98c8b4b306de742edcd86b6b513afbc69847d5f0e484556635671a835367", "tx_index": 5}',0);
INSERT INTO messages VALUES(14,154913,'insert','debits','{"action": "issuance fee", "address": "mn6q3dS2EnDUx3bmyWc6D4szJNVGtaR7zc", "asset": "XCP", "block_index": 154913, "event": "278faf182d0316ac2e27e901a26bc746c37f50fe4449666119ecef0d3da58eb3", "quantity": 50000000}',0);
INSERT INTO messages VALUES(15,154913,'insert','issuances','{"asset": "BBBB", "block_index": 154913, "call_date": 0, "call_price": 0.0, "callable": false, "description": "", "divisible": true, "fee_paid": 50000000, "issuer": "mn6q3dS2EnDUx3bmyWc6D4szJNVGtaR7zc", "locked": false, "quantity": 1000000000, "source": "mn6q3dS2EnDUx3bmyWc6D4szJNVGtaR7zc", "status": "valid", "transfer": false, "tx_hash": "278faf182d0316ac2e27e901a26bc746c37f50fe4449666119ecef0d3da58eb3", "tx_index": 6}',0);
INSERT INTO messages VALUES(16,154913,'insert','credits','{"action": "issuance", "address": "mn6q3dS2EnDUx3bmyWc6D4szJNVGtaR7zc", "asset": "BBBB", "block_index": 154913, "event": "278faf182d0316ac2e27e901a26bc746c37f50fe4449666119ecef0d3da58eb3", "quantity": 1000000000}',0);
INSERT INTO messages VALUES(17,154914,'insert','debits','{"action": "issuance fee", "address": "mn6q3dS2EnDUx3bmyWc6D4szJNVGtaR7zc", "asset": "XCP", "block_index": 154914, "event": "3045adc56a6ba7d89a2365c70a38fecd35828321f6f154021323da880320c69d", "quantity": 50000000}',0);
INSERT INTO messages VALUES(18,154914,'insert','issuances','{"asset": "BBBC", "block_index": 154914, "call_date": 17, "call_price": 0.015, "callable": true, "description": "foobar", "divisible": false, "fee_paid": 50000000, "issuer": "mn6q3dS2EnDUx3bmyWc6D4szJNVGtaR7zc", "locked": false, "quantity": 100000, "source": "mn6q3dS2EnDUx3bmyWc6D4szJNVGtaR7zc", "status": "valid", "transfer": false, "tx_hash": "3045adc56a6ba7d89a2365c70a38fecd35828321f6f154021323da880320c69d", "tx_index": 7}',0);
INSERT INTO messages VALUES(19,154914,'insert','credits','{"action": "issuance", "address": "mn6q3dS2EnDUx3bmyWc6D4szJNVGtaR7zc", "asset": "BBBC", "block_index": 154914, "event": "3045adc56a6ba7d89a2365c70a38fecd35828321f6f154021323da880320c69d", "quantity": 100000}',0);
INSERT INTO messages VALUES(20,154915,'insert','debits','{"action": "send", "address": "mn6q3dS2EnDUx3bmyWc6D4szJNVGtaR7zc", "asset": "BBBB", "block_index": 154915, "event": "685d4d48200be1703a11bb77b2472437dbd1ddd6f8a9f8a3613cb811322c7bc7", "quantity": 4000000}',0);
INSERT INTO messages VALUES(21,154915,'insert','credits','{"action": "send", "address": "mtQheFaSfWELRB2MyMBaiWjdDm6ux9Ezns", "asset": "BBBB", "block_index": 154915, "event": "685d4d48200be1703a11bb77b2472437dbd1ddd6f8a9f8a3613cb811322c7bc7", "quantity": 4000000}',0);
INSERT INTO messages VALUES(22,154915,'insert','sends','{"asset": "BBBB", "block_index": 154915, "destination": "mtQheFaSfWELRB2MyMBaiWjdDm6ux9Ezns", "quantity": 4000000, "source": "mn6q3dS2EnDUx3bmyWc6D4szJNVGtaR7zc", "status": "valid", "tx_hash": "685d4d48200be1703a11bb77b2472437dbd1ddd6f8a9f8a3613cb811322c7bc7", "tx_index": 8}',0);
INSERT INTO messages VALUES(23,154916,'insert','debits','{"action": "send", "address": "mn6q3dS2EnDUx3bmyWc6D4szJNVGtaR7zc", "asset": "BBBC", "block_index": 154916, "event": "1d8a91fbb7468af761343c9495f7c7243ab9cf2cd2541b69a45d11f6387c8be6", "quantity": 526}',0);
INSERT INTO messages VALUES(24,154916,'insert','credits','{"action": "send", "address": "mtQheFaSfWELRB2MyMBaiWjdDm6ux9Ezns", "asset": "BBBC", "block_index": 154916, "event": "1d8a91fbb7468af761343c9495f7c7243ab9cf2cd2541b69a45d11f6387c8be6", "quantity": 526}',0);
INSERT INTO messages VALUES(25,154916,'insert','sends','{"asset": "BBBC", "block_index": 154916, "destination": "mtQheFaSfWELRB2MyMBaiWjdDm6ux9Ezns", "quantity": 526, "source": "mn6q3dS2EnDUx3bmyWc6D4szJNVGtaR7zc", "status": "valid", "tx_hash": "1d8a91fbb7468af761343c9495f7c7243ab9cf2cd2541b69a45d11f6387c8be6", "tx_index": 9}',0);
INSERT INTO messages VALUES(26,154917,'insert','debits','{"action": "dividend", "address": "mn6q3dS2EnDUx3bmyWc6D4szJNVGtaR7zc", "asset": "XCP", "block_index": 154917, "event": "42e34c582e6f07034144fcef5aeed791df319315912f08af70b3b0c10652d4ea", "quantity": 24}',0);
INSERT INTO messages VALUES(27,154917,'insert','credits','{"action": "dividend", "address": "mtQheFaSfWELRB2MyMBaiWjdDm6ux9Ezns", "asset": "XCP", "block_index": 154917, "event": "42e34c582e6f07034144fcef5aeed791df319315912f08af70b3b0c10652d4ea", "quantity": 24}',0);
INSERT INTO messages VALUES(28,154917,'insert','dividends','{"asset": "BBBB", "block_index": 154917, "dividend_asset": "XCP", "quantity_per_unit": 600, "source": "mn6q3dS2EnDUx3bmyWc6D4szJNVGtaR7zc", "status": "valid", "tx_hash": "42e34c582e6f07034144fcef5aeed791df319315912f08af70b3b0c10652d4ea", "tx_index": 10}',0);
INSERT INTO messages VALUES(29,154918,'insert','debits','{"action": "dividend", "address": "mn6q3dS2EnDUx3bmyWc6D4szJNVGtaR7zc", "asset": "XCP", "block_index": 154918, "event": "e678aa9e703de30b013335d96d1099b82fe1a8f3c588e62f19483dea9421804e", "quantity": 420800}',0);
INSERT INTO messages VALUES(30,154918,'insert','credits','{"action": "dividend", "address": "mtQheFaSfWELRB2MyMBaiWjdDm6ux9Ezns", "asset": "XCP", "block_index": 154918, "event": "e678aa9e703de30b013335d96d1099b82fe1a8f3c588e62f19483dea9421804e", "quantity": 420800}',0);
INSERT INTO messages VALUES(31,154918,'insert','dividends','{"asset": "BBBC", "block_index": 154918, "dividend_asset": "XCP", "quantity_per_unit": 800, "source": "mn6q3dS2EnDUx3bmyWc6D4szJNVGtaR7zc", "status": "valid", "tx_hash": "e678aa9e703de30b013335d96d1099b82fe1a8f3c588e62f19483dea9421804e", "tx_index": 11}',0);
INSERT INTO messages VALUES(32,154919,'insert','broadcasts','{"block_index": 154919, "fee_fraction_int": 5000000, "locked": false, "source": "mn6q3dS2EnDUx3bmyWc6D4szJNVGtaR7zc", "status": "valid", "text": "Unit Test", "timestamp": 1388000000, "tx_hash": "6a0af7e2aba5c03a7c2d56f9fa880d5e265b525c2cfe35db39a0ebebde2d8e97", "tx_index": 12, "value": 100.0}',0);
INSERT INTO messages VALUES(33,154920,'insert','debits','{"action": "bet", "address": "mn6q3dS2EnDUx3bmyWc6D4szJNVGtaR7zc", "asset": "XCP", "block_index": 154920, "event": "416abb297771d204812c96c7c1a1fd9019a0fde050468cbd3211eb74ec1ff7b3", "quantity": 50000000}',0);
INSERT INTO messages VALUES(34,154920,'insert','bets','{"bet_type": 0, "block_index": 154920, "counterwager_quantity": 25000000, "counterwager_remaining": 25000000, "deadline": 1388000100, "expiration": 10, "expire_index": 154930, "fee_fraction_int": 5000000.0, "feed_address": "mn6q3dS2EnDUx3bmyWc6D4szJNVGtaR7zc", "leverage": 15120, "source": "mn6q3dS2EnDUx3bmyWc6D4szJNVGtaR7zc", "status": "open", "target_value": 0.0, "tx_hash": "416abb297771d204812c96c7c1a1fd9019a0fde050468cbd3211eb74ec1ff7b3", "tx_index": 13, "wager_quantity": 50000000, "wager_remaining": 50000000}',0);
INSERT INTO messages VALUES(35,154921,'update','orders','{"status": "expired", "tx_hash": "b7a20fda89961cb1f3632fae11960769eb215b67092ab93911de977459c5b04c"}',0);
INSERT INTO messages VALUES(36,154921,'insert','order_expirations','{"block_index": 154921, "order_hash": "b7a20fda89961cb1f3632fae11960769eb215b67092ab93911de977459c5b04c", "order_index": 3, "source": "mn6q3dS2EnDUx3bmyWc6D4szJNVGtaR7zc"}',0);
INSERT INTO messages VALUES(37,154921,'insert','debits','{"action": "bet", "address": "mn6q3dS2EnDUx3bmyWc6D4szJNVGtaR7zc", "asset": "XCP", "block_index": 154921, "event": "9cc323c5ca7d5db1ff2458cb64d3a1ae37dfd20df777d312bf4d54801411b469", "quantity": 25000000}',0);
INSERT INTO messages VALUES(38,154921,'insert','bets','{"bet_type": 1, "block_index": 154921, "counterwager_quantity": 41500000, "counterwager_remaining": 41500000, "deadline": 1388000100, "expiration": 10, "expire_index": 154931, "fee_fraction_int": 5000000.0, "feed_address": "mn6q3dS2EnDUx3bmyWc6D4szJNVGtaR7zc", "leverage": 15120, "source": "mn6q3dS2EnDUx3bmyWc6D4szJNVGtaR7zc", "status": "open", "target_value": 0.0, "tx_hash": "9cc323c5ca7d5db1ff2458cb64d3a1ae37dfd20df777d312bf4d54801411b469", "tx_index": 14, "wager_quantity": 25000000, "wager_remaining": 25000000}',0);
INSERT INTO messages VALUES(39,154921,'update','bets','{"counterwager_remaining": 4250000, "status": "open", "tx_hash": "416abb297771d204812c96c7c1a1fd9019a0fde050468cbd3211eb74ec1ff7b3", "wager_remaining": 8500000}',0);
INSERT INTO messages VALUES(40,154921,'insert','credits','{"action": "filled", "address": "mn6q3dS2EnDUx3bmyWc6D4szJNVGtaR7zc", "asset": "XCP", "block_index": 154921, "event": "9cc323c5ca7d5db1ff2458cb64d3a1ae37dfd20df777d312bf4d54801411b469", "quantity": 4250000}',0);
INSERT INTO messages VALUES(41,154921,'update','bets','{"counterwager_remaining": 0, "status": "filled", "tx_hash": "9cc323c5ca7d5db1ff2458cb64d3a1ae37dfd20df777d312bf4d54801411b469", "wager_remaining": 4250000}',0);
INSERT INTO messages VALUES(42,154921,'insert','bet_matches','{"backward_quantity": 20750000, "block_index": 154921, "deadline": 1388000100, "fee_fraction_int": 5000000, "feed_address": "mn6q3dS2EnDUx3bmyWc6D4szJNVGtaR7zc", "forward_quantity": 41500000, "id": "416abb297771d204812c96c7c1a1fd9019a0fde050468cbd3211eb74ec1ff7b39cc323c5ca7d5db1ff2458cb64d3a1ae37dfd20df777d312bf4d54801411b469", "initial_value": 100.0, "leverage": 15120, "match_expire_index": 154930, "status": "pending", "target_value": 0.0, "tx0_address": "mn6q3dS2EnDUx3bmyWc6D4szJNVGtaR7zc", "tx0_bet_type": 0, "tx0_block_index": 154920, "tx0_expiration": 10, "tx0_hash": "416abb297771d204812c96c7c1a1fd9019a0fde050468cbd3211eb74ec1ff7b3", "tx0_index": 13, "tx1_address": "mn6q3dS2EnDUx3bmyWc6D4szJNVGtaR7zc", "tx1_bet_type": 1, "tx1_block_index": 154921, "tx1_expiration": 10, "tx1_hash": "9cc323c5ca7d5db1ff2458cb64d3a1ae37dfd20df777d312bf4d54801411b469", "tx1_index": 14}',0);
INSERT INTO messages VALUES(43,154922,'update','orders','{"status": "expired", "tx_hash": "d646f64fb17ee3dc83700fae7d1155d2e2a7de1f634dd7dbd57fe7246f13f140"}',0);
INSERT INTO messages VALUES(44,154922,'insert','credits','{"action": "cancel order", "address": "mn6q3dS2EnDUx3bmyWc6D4szJNVGtaR7zc", "asset": "XCP", "block_index": 154922, "event": "d646f64fb17ee3dc83700fae7d1155d2e2a7de1f634dd7dbd57fe7246f13f140", "quantity": 5000000}',0);
INSERT INTO messages VALUES(45,154922,'insert','order_expirations','{"block_index": 154922, "order_hash": "d646f64fb17ee3dc83700fae7d1155d2e2a7de1f634dd7dbd57fe7246f13f140", "order_index": 4, "source": "mn6q3dS2EnDUx3bmyWc6D4szJNVGtaR7zc"}',0);
INSERT INTO messages VALUES(46,154922,'insert','credits','{"action": "recredit forward quantity", "address": "mn6q3dS2EnDUx3bmyWc6D4szJNVGtaR7zc", "asset": "XCP", "block_index": 154922, "event": "416abb297771d204812c96c7c1a1fd9019a0fde050468cbd3211eb74ec1ff7b39cc323c5ca7d5db1ff2458cb64d3a1ae37dfd20df777d312bf4d54801411b469", "quantity": 41500000}',0);
INSERT INTO messages VALUES(47,154922,'insert','credits','{"action": "recredit backward quantity", "address": "mn6q3dS2EnDUx3bmyWc6D4szJNVGtaR7zc", "asset": "XCP", "block_index": 154922, "event": "416abb297771d204812c96c7c1a1fd9019a0fde050468cbd3211eb74ec1ff7b39cc323c5ca7d5db1ff2458cb64d3a1ae37dfd20df777d312bf4d54801411b469", "quantity": 20750000}',0);
INSERT INTO messages VALUES(48,154922,'update','bet_matches','{"bet_match_id": "416abb297771d204812c96c7c1a1fd9019a0fde050468cbd3211eb74ec1ff7b39cc323c5ca7d5db1ff2458cb64d3a1ae37dfd20df777d312bf4d54801411b469", "status": "expired"}',0);
INSERT INTO messages VALUES(49,154922,'insert','bet_match_expirations','{"bet_match_id": "416abb297771d204812c96c7c1a1fd9019a0fde050468cbd3211eb74ec1ff7b39cc323c5ca7d5db1ff2458cb64d3a1ae37dfd20df777d312bf4d54801411b469", "block_index": 154922, "tx0_address": "mn6q3dS2EnDUx3bmyWc6D4szJNVGtaR7zc", "tx1_address": "mn6q3dS2EnDUx3bmyWc6D4szJNVGtaR7zc"}',0);
INSERT INTO messages VALUES(50,154922,'insert','debits','{"action": "bet", "address": "mn6q3dS2EnDUx3bmyWc6D4szJNVGtaR7zc", "asset": "XCP", "block_index": 154922, "event": "895ffcff69ccb5bef14c33faeb0b6aed136e09e67ec707ce98c40ff248e308f0", "quantity": 150000000}',0);
INSERT INTO messages VALUES(51,154922,'insert','bets','{"bet_type": 0, "block_index": 154922, "counterwager_quantity": 350000000, "counterwager_remaining": 350000000, "deadline": 1388000100, "expiration": 10, "expire_index": 154932, "fee_fraction_int": 5000000.0, "feed_address": "mn6q3dS2EnDUx3bmyWc6D4szJNVGtaR7zc", "leverage": 5040, "source": "mn6q3dS2EnDUx3bmyWc6D4szJNVGtaR7zc", "status": "open", "target_value": 0.0, "tx_hash": "895ffcff69ccb5bef14c33faeb0b6aed136e09e67ec707ce98c40ff248e308f0", "tx_index": 15, "wager_quantity": 150000000, "wager_remaining": 150000000}',0);
INSERT INTO messages VALUES(52,154923,'insert','debits','{"action": "bet", "address": "mn6q3dS2EnDUx3bmyWc6D4szJNVGtaR7zc", "asset": "XCP", "block_index": 154923, "event": "2955f803042c6caa40ee30b9c339c790f5b688443249e15fe8d4c6fa0de06f1a", "quantity": 350000000}',0);
INSERT INTO messages VALUES(53,154923,'insert','bets','{"bet_type": 1, "block_index": 154923, "counterwager_quantity": 150000000, "counterwager_remaining": 150000000, "deadline": 1388000100, "expiration": 10, "expire_index": 154933, "fee_fraction_int": 5000000.0, "feed_address": "mn6q3dS2EnDUx3bmyWc6D4szJNVGtaR7zc", "leverage": 5040, "source": "mn6q3dS2EnDUx3bmyWc6D4szJNVGtaR7zc", "status": "open", "target_value": 0.0, "tx_hash": "2955f803042c6caa40ee30b9c339c790f5b688443249e15fe8d4c6fa0de06f1a", "tx_index": 16, "wager_quantity": 350000000, "wager_remaining": 350000000}',0);
INSERT INTO messages VALUES(54,154923,'insert','credits','{"action": "filled", "address": "mn6q3dS2EnDUx3bmyWc6D4szJNVGtaR7zc", "asset": "XCP", "block_index": 154923, "event": "2955f803042c6caa40ee30b9c339c790f5b688443249e15fe8d4c6fa0de06f1a", "quantity": 0}',0);
INSERT INTO messages VALUES(55,154923,'update','bets','{"counterwager_remaining": 0, "status": "filled", "tx_hash": "895ffcff69ccb5bef14c33faeb0b6aed136e09e67ec707ce98c40ff248e308f0", "wager_remaining": 0}',0);
INSERT INTO messages VALUES(56,154923,'insert','credits','{"action": "filled", "address": "mn6q3dS2EnDUx3bmyWc6D4szJNVGtaR7zc", "asset": "XCP", "block_index": 154923, "event": "2955f803042c6caa40ee30b9c339c790f5b688443249e15fe8d4c6fa0de06f1a", "quantity": 0}',0);
INSERT INTO messages VALUES(57,154923,'update','bets','{"counterwager_remaining": 0, "status": "filled", "tx_hash": "2955f803042c6caa40ee30b9c339c790f5b688443249e15fe8d4c6fa0de06f1a", "wager_remaining": 0}',0);
INSERT INTO messages VALUES(58,154923,'insert','bet_matches','{"backward_quantity": 350000000, "block_index": 154923, "deadline": 1388000100, "fee_fraction_int": 5000000, "feed_address": "mn6q3dS2EnDUx3bmyWc6D4szJNVGtaR7zc", "forward_quantity": 150000000, "id": "895ffcff69ccb5bef14c33faeb0b6aed136e09e67ec707ce98c40ff248e308f02955f803042c6caa40ee30b9c339c790f5b688443249e15fe8d4c6fa0de06f1a", "initial_value": 100.0, "leverage": 5040, "match_expire_index": 154932, "status": "pending", "target_value": 0.0, "tx0_address": "mn6q3dS2EnDUx3bmyWc6D4szJNVGtaR7zc", "tx0_bet_type": 0, "tx0_block_index": 154922, "tx0_expiration": 10, "tx0_hash": "895ffcff69ccb5bef14c33faeb0b6aed136e09e67ec707ce98c40ff248e308f0", "tx0_index": 15, "tx1_address": "mn6q3dS2EnDUx3bmyWc6D4szJNVGtaR7zc", "tx1_bet_type": 1, "tx1_block_index": 154923, "tx1_expiration": 10, "tx1_hash": "2955f803042c6caa40ee30b9c339c790f5b688443249e15fe8d4c6fa0de06f1a", "tx1_index": 16}',0);
INSERT INTO messages VALUES(59,154924,'insert','credits','{"action": "recredit forward quantity", "address": "mn6q3dS2EnDUx3bmyWc6D4szJNVGtaR7zc", "asset": "XCP", "block_index": 154924, "event": "895ffcff69ccb5bef14c33faeb0b6aed136e09e67ec707ce98c40ff248e308f02955f803042c6caa40ee30b9c339c790f5b688443249e15fe8d4c6fa0de06f1a", "quantity": 150000000}',0);
INSERT INTO messages VALUES(60,154924,'insert','credits','{"action": "recredit backward quantity", "address": "mn6q3dS2EnDUx3bmyWc6D4szJNVGtaR7zc", "asset": "XCP", "block_index": 154924, "event": "895ffcff69ccb5bef14c33faeb0b6aed136e09e67ec707ce98c40ff248e308f02955f803042c6caa40ee30b9c339c790f5b688443249e15fe8d4c6fa0de06f1a", "quantity": 350000000}',0);
INSERT INTO messages VALUES(61,154924,'update','bet_matches','{"bet_match_id": "895ffcff69ccb5bef14c33faeb0b6aed136e09e67ec707ce98c40ff248e308f02955f803042c6caa40ee30b9c339c790f5b688443249e15fe8d4c6fa0de06f1a", "status": "expired"}',0);
INSERT INTO messages VALUES(62,154924,'insert','bet_match_expirations','{"bet_match_id": "895ffcff69ccb5bef14c33faeb0b6aed136e09e67ec707ce98c40ff248e308f02955f803042c6caa40ee30b9c339c790f5b688443249e15fe8d4c6fa0de06f1a", "block_index": 154924, "tx0_address": "mn6q3dS2EnDUx3bmyWc6D4szJNVGtaR7zc", "tx1_address": "mn6q3dS2EnDUx3bmyWc6D4szJNVGtaR7zc"}',0);
INSERT INTO messages VALUES(63,154924,'insert','debits','{"action": "bet", "address": "mn6q3dS2EnDUx3bmyWc6D4szJNVGtaR7zc", "asset": "XCP", "block_index": 154924, "event": "d803e76d0b60bbbd8ca4a436bbcab1219e25cb73c6926998a54984cbcd6e79f0", "quantity": 750000000}',0);
INSERT INTO messages VALUES(64,154924,'insert','bets','{"bet_type": 2, "block_index": 154924, "counterwager_quantity": 650000000, "counterwager_remaining": 650000000, "deadline": 1388000200, "expiration": 10, "expire_index": 154934, "fee_fraction_int": 5000000.0, "feed_address": "mn6q3dS2EnDUx3bmyWc6D4szJNVGtaR7zc", "leverage": 5040, "source": "mn6q3dS2EnDUx3bmyWc6D4szJNVGtaR7zc", "status": "open", "target_value": 1.0, "tx_hash": "d803e76d0b60bbbd8ca4a436bbcab1219e25cb73c6926998a54984cbcd6e79f0", "tx_index": 17, "wager_quantity": 750000000, "wager_remaining": 750000000}',0);
INSERT INTO messages VALUES(65,154925,'insert','debits','{"action": "bet", "address": "mn6q3dS2EnDUx3bmyWc6D4szJNVGtaR7zc", "asset": "XCP", "block_index": 154925, "event": "43a8eab0398e8bf1b6b9b586512d9880ad06a1aad9c614df341466ee27ca6309", "quantity": 650000000}',0);
INSERT INTO messages VALUES(66,154925,'insert','bets','{"bet_type": 3, "block_index": 154925, "counterwager_quantity": 750000000, "counterwager_remaining": 750000000, "deadline": 1388000200, "expiration": 10, "expire_index": 154935, "fee_fraction_int": 5000000.0, "feed_address": "mn6q3dS2EnDUx3bmyWc6D4szJNVGtaR7zc", "leverage": 5040, "source": "mn6q3dS2EnDUx3bmyWc6D4szJNVGtaR7zc", "status": "open", "target_value": 1.0, "tx_hash": "43a8eab0398e8bf1b6b9b586512d9880ad06a1aad9c614df341466ee27ca6309", "tx_index": 18, "wager_quantity": 650000000, "wager_remaining": 650000000}',0);
INSERT INTO messages VALUES(67,154925,'insert','credits','{"action": "filled", "address": "mn6q3dS2EnDUx3bmyWc6D4szJNVGtaR7zc", "asset": "XCP", "block_index": 154925, "event": "43a8eab0398e8bf1b6b9b586512d9880ad06a1aad9c614df341466ee27ca6309", "quantity": 0}',0);
INSERT INTO messages VALUES(68,154925,'update','bets','{"counterwager_remaining": 0, "status": "filled", "tx_hash": "d803e76d0b60bbbd8ca4a436bbcab1219e25cb73c6926998a54984cbcd6e79f0", "wager_remaining": 0}',0);
INSERT INTO messages VALUES(69,154925,'insert','credits','{"action": "filled", "address": "mn6q3dS2EnDUx3bmyWc6D4szJNVGtaR7zc", "asset": "XCP", "block_index": 154925, "event": "43a8eab0398e8bf1b6b9b586512d9880ad06a1aad9c614df341466ee27ca6309", "quantity": 0}',0);
INSERT INTO messages VALUES(70,154925,'update','bets','{"counterwager_remaining": 0, "status": "filled", "tx_hash": "43a8eab0398e8bf1b6b9b586512d9880ad06a1aad9c614df341466ee27ca6309", "wager_remaining": 0}',0);
INSERT INTO messages VALUES(71,154925,'insert','bet_matches','{"backward_quantity": 650000000, "block_index": 154925, "deadline": 1388000200, "fee_fraction_int": 5000000, "feed_address": "mn6q3dS2EnDUx3bmyWc6D4szJNVGtaR7zc", "forward_quantity": 750000000, "id": "d803e76d0b60bbbd8ca4a436bbcab1219e25cb73c6926998a54984cbcd6e79f043a8eab0398e8bf1b6b9b586512d9880ad06a1aad9c614df341466ee27ca6309", "initial_value": 100.0, "leverage": 5040, "match_expire_index": 154934, "status": "pending", "target_value": 1.0, "tx0_address": "mn6q3dS2EnDUx3bmyWc6D4szJNVGtaR7zc", "tx0_bet_type": 2, "tx0_block_index": 154924, "tx0_expiration": 10, "tx0_hash": "d803e76d0b60bbbd8ca4a436bbcab1219e25cb73c6926998a54984cbcd6e79f0", "tx0_index": 17, "tx1_address": "mn6q3dS2EnDUx3bmyWc6D4szJNVGtaR7zc", "tx1_bet_type": 3, "tx1_block_index": 154925, "tx1_expiration": 10, "tx1_hash": "43a8eab0398e8bf1b6b9b586512d9880ad06a1aad9c614df341466ee27ca6309", "tx1_index": 18}',0);
INSERT INTO messages VALUES(72,154926,'insert','credits','{"action": "recredit forward quantity", "address": "mn6q3dS2EnDUx3bmyWc6D4szJNVGtaR7zc", "asset": "XCP", "block_index": 154926, "event": "d803e76d0b60bbbd8ca4a436bbcab1219e25cb73c6926998a54984cbcd6e79f043a8eab0398e8bf1b6b9b586512d9880ad06a1aad9c614df341466ee27ca6309", "quantity": 750000000}',0);
INSERT INTO messages VALUES(73,154926,'insert','credits','{"action": "recredit backward quantity", "address": "mn6q3dS2EnDUx3bmyWc6D4szJNVGtaR7zc", "asset": "XCP", "block_index": 154926, "event": "d803e76d0b60bbbd8ca4a436bbcab1219e25cb73c6926998a54984cbcd6e79f043a8eab0398e8bf1b6b9b586512d9880ad06a1aad9c614df341466ee27ca6309", "quantity": 650000000}',0);
INSERT INTO messages VALUES(74,154926,'update','bet_matches','{"bet_match_id": "d803e76d0b60bbbd8ca4a436bbcab1219e25cb73c6926998a54984cbcd6e79f043a8eab0398e8bf1b6b9b586512d9880ad06a1aad9c614df341466ee27ca6309", "status": "expired"}',0);
INSERT INTO messages VALUES(75,154926,'insert','bet_match_expirations','{"bet_match_id": "d803e76d0b60bbbd8ca4a436bbcab1219e25cb73c6926998a54984cbcd6e79f043a8eab0398e8bf1b6b9b586512d9880ad06a1aad9c614df341466ee27ca6309", "block_index": 154926, "tx0_address": "mn6q3dS2EnDUx3bmyWc6D4szJNVGtaR7zc", "tx1_address": "mn6q3dS2EnDUx3bmyWc6D4szJNVGtaR7zc"}',0);
INSERT INTO messages VALUES(76,154926,'insert','broadcasts','{"block_index": 154926, "fee_fraction_int": 5000000, "locked": false, "source": "mn6q3dS2EnDUx3bmyWc6D4szJNVGtaR7zc", "status": "valid", "text": "Unit Test", "timestamp": 1388000050, "tx_hash": "5664e2319c1fca58c56ff92e079021381373f325d1b90d6d60cd3138d7172b6d", "tx_index": 19, "value": 99.86166}',0);
INSERT INTO messages VALUES(77,154927,'insert','broadcasts','{"block_index": 154927, "fee_fraction_int": 5000000, "locked": false, "source": "mn6q3dS2EnDUx3bmyWc6D4szJNVGtaR7zc", "status": "valid", "text": "Unit Test", "timestamp": 1388000101, "tx_hash": "4d13f5ae669a021f1c5e0daff5ad782400545349b0e6bf0c25db6de866eaeaea", "tx_index": 20, "value": 100.343}',0);
INSERT INTO messages VALUES(78,154928,'insert','broadcasts','{"block_index": 154928, "fee_fraction_int": 5000000, "locked": false, "source": "mn6q3dS2EnDUx3bmyWc6D4szJNVGtaR7zc", "status": "valid", "text": "Unit Test", "timestamp": 1388000201, "tx_hash": "8359a7bc3c30056c1872096fd190478655204016af046520f8c6170d5c94ac21", "tx_index": 21, "value": 2.0}',0);
INSERT INTO messages VALUES(79,154929,'insert','debits','{"action": "open order", "address": "mn6q3dS2EnDUx3bmyWc6D4szJNVGtaR7zc", "asset": "BBBB", "block_index": 154929, "event": "d8ff90ed1f925804f187a568e5bafdabd0152642c13eb714316cd1f517dedc06", "quantity": 50000000}',0);
INSERT INTO messages VALUES(80,154929,'insert','orders','{"block_index": 154929, "expiration": 10, "expire_index": 154939, "fee_provided": 10000, "fee_provided_remaining": 10000, "fee_required": 0, "fee_required_remaining": 0, "get_asset": "XCP", "get_quantity": 50000000, "get_remaining": 50000000, "give_asset": "BBBB", "give_quantity": 50000000, "give_remaining": 50000000, "source": "mn6q3dS2EnDUx3bmyWc6D4szJNVGtaR7zc", "status": "open", "tx_hash": "d8ff90ed1f925804f187a568e5bafdabd0152642c13eb714316cd1f517dedc06", "tx_index": 22}',0);
INSERT INTO messages VALUES(81,154930,'insert','credits','{"action": "burn", "address": "mn6q3dS2EnDUx3bmyWc6D4szJNVGtaR7zc", "asset": "XCP", "block_index": 154930, "event": "6d1a0e0dedda4a78cf11ac7a1c6fd2c32d9fd7c99d97ae7d524f223641646b85", "quantity": 56999891788}',0);
INSERT INTO messages VALUES(82,154930,'insert','burns','{"block_index": 154930, "burned": 38000000, "earned": 56999891788, "source": "mn6q3dS2EnDUx3bmyWc6D4szJNVGtaR7zc", "status": "valid", "tx_hash": "6d1a0e0dedda4a78cf11ac7a1c6fd2c32d9fd7c99d97ae7d524f223641646b85", "tx_index": 23}',0);
INSERT INTO messages VALUES(83,154931,'update','bets','{"status": "expired", "tx_hash": "416abb297771d204812c96c7c1a1fd9019a0fde050468cbd3211eb74ec1ff7b3"}',0);
INSERT INTO messages VALUES(84,154931,'insert','credits','{"action": "recredit wager remaining", "address": "mn6q3dS2EnDUx3bmyWc6D4szJNVGtaR7zc", "asset": "XCP", "block_index": 154931, "event": "416abb297771d204812c96c7c1a1fd9019a0fde050468cbd3211eb74ec1ff7b3", "quantity": 8500000}',0);
INSERT INTO messages VALUES(85,154931,'insert','bet_expirations','{"bet_hash": "416abb297771d204812c96c7c1a1fd9019a0fde050468cbd3211eb74ec1ff7b3", "bet_index": 13, "block_index": 154931, "source": "mn6q3dS2EnDUx3bmyWc6D4szJNVGtaR7zc"}',0);
INSERT INTO messages VALUES(86,154931,'insert','debits','{"action": "send", "address": "mn6q3dS2EnDUx3bmyWc6D4szJNVGtaR7zc", "asset": "BBBC", "block_index": 154931, "event": "388cf8c8098c9c58080c8cbbba3fad2f4cb81f700f8079b69d50036b64a88ac1", "quantity": 10000}',0);
INSERT INTO messages VALUES(87,154931,'insert','credits','{"action": "send", "address": "mtQheFaSfWELRB2MyMBaiWjdDm6ux9Ezns", "asset": "BBBC", "block_index": 154931, "event": "388cf8c8098c9c58080c8cbbba3fad2f4cb81f700f8079b69d50036b64a88ac1", "quantity": 10000}',0);
INSERT INTO messages VALUES(88,154931,'insert','sends','{"asset": "BBBC", "block_index": 154931, "destination": "mtQheFaSfWELRB2MyMBaiWjdDm6ux9Ezns", "quantity": 10000, "source": "mn6q3dS2EnDUx3bmyWc6D4szJNVGtaR7zc", "status": "valid", "tx_hash": "388cf8c8098c9c58080c8cbbba3fad2f4cb81f700f8079b69d50036b64a88ac1", "tx_index": 24}',0);
INSERT INTO messages VALUES(89,154932,'insert','debits','{"action": "callback", "address": "mn6q3dS2EnDUx3bmyWc6D4szJNVGtaR7zc", "asset": "XCP", "block_index": 154932, "event": "498e97e7af329d52dc4fadc1dfda926d9f323af6da5ec10542751ff395952eb1", "quantity": 4735500000}',0);
INSERT INTO messages VALUES(90,154932,'insert','credits','{"action": "callback", "address": "mn6q3dS2EnDUx3bmyWc6D4szJNVGtaR7zc", "asset": "BBBC", "block_index": 154932, "event": "498e97e7af329d52dc4fadc1dfda926d9f323af6da5ec10542751ff395952eb1", "quantity": 3157}',0);
INSERT INTO messages VALUES(91,154932,'insert','debits','{"action": "callback", "address": "mtQheFaSfWELRB2MyMBaiWjdDm6ux9Ezns", "asset": "BBBC", "block_index": 154932, "event": "498e97e7af329d52dc4fadc1dfda926d9f323af6da5ec10542751ff395952eb1", "quantity": 3157}',0);
INSERT INTO messages VALUES(92,154932,'insert','credits','{"action": "callback", "address": "mtQheFaSfWELRB2MyMBaiWjdDm6ux9Ezns", "asset": "XCP", "block_index": 154932, "event": "498e97e7af329d52dc4fadc1dfda926d9f323af6da5ec10542751ff395952eb1", "quantity": 4735500000}',0);
INSERT INTO messages VALUES(93,154932,'insert','callbacks','{"asset": "BBBC", "block_index": 154932, "fraction": 0.3, "source": "mn6q3dS2EnDUx3bmyWc6D4szJNVGtaR7zc", "status": "valid", "tx_hash": "498e97e7af329d52dc4fadc1dfda926d9f323af6da5ec10542751ff395952eb1", "tx_index": 25}',0);
INSERT INTO messages VALUES(94,154933,'insert','debits','{"action": "open RPS", "address": "mn6q3dS2EnDUx3bmyWc6D4szJNVGtaR7zc", "asset": "XCP", "block_index": 154933, "event": "a54b7aea0e6875394b5ab938ab15a3b81f01303eedc7b726602357480e90cc90", "quantity": 11021663}',0);
INSERT INTO messages VALUES(95,154933,'insert','rps','{"block_index": 154933, "expiration": 100, "expire_index": 155033, "move_random_hash": "6a886d74c2d4b1d7a35fd9159333ef64ba45a04d7aeeeb4538f958603c16fc5d", "possible_moves": 5, "source": "mn6q3dS2EnDUx3bmyWc6D4szJNVGtaR7zc", "status": "open", "tx_hash": "a54b7aea0e6875394b5ab938ab15a3b81f01303eedc7b726602357480e90cc90", "tx_index": 26, "wager": 11021663}',0);
INSERT INTO messages VALUES(96,154934,'insert','debits','{"action": "open RPS", "address": "mtQheFaSfWELRB2MyMBaiWjdDm6ux9Ezns", "asset": "XCP", "block_index": 154934, "event": "af5c2e5c41e84fbf96a7d03a5ae740552c4611786dc112826c75f147f1cd13eb", "quantity": 11021663}',0);
INSERT INTO messages VALUES(97,154934,'insert','rps','{"block_index": 154934, "expiration": 100, "expire_index": 155034, "move_random_hash": "6e8bf66cbd6636aca1802459b730a99548624e48e243b840e0b34a12bede17ec", "possible_moves": 5, "source": "mtQheFaSfWELRB2MyMBaiWjdDm6ux9Ezns", "status": "open", "tx_hash": "af5c2e5c41e84fbf96a7d03a5ae740552c4611786dc112826c75f147f1cd13eb", "tx_index": 27, "wager": 11021663}',0);
INSERT INTO messages VALUES(98,154934,'update','rps','{"status": "matched", "tx_index": 26}',0);
INSERT INTO messages VALUES(99,154934,'update','rps','{"status": "matched", "tx_index": 27}',0);
INSERT INTO messages VALUES(100,154934,'insert','rps_matches','{"block_index": 154934, "id": "a54b7aea0e6875394b5ab938ab15a3b81f01303eedc7b726602357480e90cc90af5c2e5c41e84fbf96a7d03a5ae740552c4611786dc112826c75f147f1cd13eb", "match_expire_index": 154954, "possible_moves": 5, "status": "pending", "tx0_address": "mn6q3dS2EnDUx3bmyWc6D4szJNVGtaR7zc", "tx0_block_index": 154933, "tx0_expiration": 100, "tx0_hash": "a54b7aea0e6875394b5ab938ab15a3b81f01303eedc7b726602357480e90cc90", "tx0_index": 26, "tx0_move_random_hash": "6a886d74c2d4b1d7a35fd9159333ef64ba45a04d7aeeeb4538f958603c16fc5d", "tx1_address": "mtQheFaSfWELRB2MyMBaiWjdDm6ux9Ezns", "tx1_block_index": 154934, "tx1_expiration": 100, "tx1_hash": "af5c2e5c41e84fbf96a7d03a5ae740552c4611786dc112826c75f147f1cd13eb", "tx1_index": 27, "tx1_move_random_hash": "6e8bf66cbd6636aca1802459b730a99548624e48e243b840e0b34a12bede17ec", "wager": 11021663}',0);
INSERT INTO messages VALUES(101,154935,'update','rps_matches','{"rps_match_id": "a54b7aea0e6875394b5ab938ab15a3b81f01303eedc7b726602357480e90cc90af5c2e5c41e84fbf96a7d03a5ae740552c4611786dc112826c75f147f1cd13eb", "status": "resolved and pending"}',0);
INSERT INTO messages VALUES(102,154935,'insert','rpsresolves','{"block_index": 154935, "move": 3, "random": "7a4488d61ed8f2e9fa2874113fccb8b1", "rps_match_id": "a54b7aea0e6875394b5ab938ab15a3b81f01303eedc7b726602357480e90cc90af5c2e5c41e84fbf96a7d03a5ae740552c4611786dc112826c75f147f1cd13eb", "source": "mn6q3dS2EnDUx3bmyWc6D4szJNVGtaR7zc", "status": "valid", "tx_hash": "480da42a47f220496b9a619d81cf96a314a3a25f25f41d3de12092de043c3643", "tx_index": 28}',0);
INSERT INTO messages VALUES(103,154936,'insert','credits','{"action": "wins", "address": "mn6q3dS2EnDUx3bmyWc6D4szJNVGtaR7zc", "asset": "XCP", "block_index": 154936, "event": "a54b7aea0e6875394b5ab938ab15a3b81f01303eedc7b726602357480e90cc90af5c2e5c41e84fbf96a7d03a5ae740552c4611786dc112826c75f147f1cd13eb", "quantity": 22043326}',0);
INSERT INTO messages VALUES(104,154936,'update','rps_matches','{"rps_match_id": "a54b7aea0e6875394b5ab938ab15a3b81f01303eedc7b726602357480e90cc90af5c2e5c41e84fbf96a7d03a5ae740552c4611786dc112826c75f147f1cd13eb", "status": "concluded: first player wins"}',0);
INSERT INTO messages VALUES(105,154936,'insert','rpsresolves','{"block_index": 154936, "move": 5, "random": "fa765e80203cba24a298e4458f63ff6b", "rps_match_id": "a54b7aea0e6875394b5ab938ab15a3b81f01303eedc7b726602357480e90cc90af5c2e5c41e84fbf96a7d03a5ae740552c4611786dc112826c75f147f1cd13eb", "source": "mtQheFaSfWELRB2MyMBaiWjdDm6ux9Ezns", "status": "valid", "tx_hash": "e1fb4d22540ad405102a778f773ebd0335befd8cad7596de7db3c1948a895e1b", "tx_index": 29}',0);
INSERT INTO messages VALUES(106,154937,'insert','debits','{"action": "open RPS", "address": "mn6q3dS2EnDUx3bmyWc6D4szJNVGtaR7zc", "asset": "XCP", "block_index": 154937, "event": "bd4c19c1128a3dd869996c94c5e23cf1d84d3828cf869c0de5ecdcd7b8f70ecd", "quantity": 11021663}',0);
INSERT INTO messages VALUES(107,154937,'insert','rps','{"block_index": 154937, "expiration": 10, "expire_index": 154947, "move_random_hash": "6a886d74c2d4b1d7a35fd9159333ef64ba45a04d7aeeeb4538f958603c16fc5d", "possible_moves": 5, "source": "mn6q3dS2EnDUx3bmyWc6D4szJNVGtaR7zc", "status": "open", "tx_hash": "bd4c19c1128a3dd869996c94c5e23cf1d84d3828cf869c0de5ecdcd7b8f70ecd", "tx_index": 30, "wager": 11021663}',0);
INSERT INTO messages VALUES(108,154940,'update','orders','{"status": "expired", "tx_hash": "d8ff90ed1f925804f187a568e5bafdabd0152642c13eb714316cd1f517dedc06"}',0);
INSERT INTO messages VALUES(109,154940,'insert','credits','{"action": "cancel order", "address": "mn6q3dS2EnDUx3bmyWc6D4szJNVGtaR7zc", "asset": "BBBB", "block_index": 154940, "event": "d8ff90ed1f925804f187a568e5bafdabd0152642c13eb714316cd1f517dedc06", "quantity": 50000000}',0);
INSERT INTO messages VALUES(110,154940,'insert','order_expirations','{"block_index": 154940, "order_hash": "d8ff90ed1f925804f187a568e5bafdabd0152642c13eb714316cd1f517dedc06", "order_index": 22, "source": "mn6q3dS2EnDUx3bmyWc6D4szJNVGtaR7zc"}',0);
INSERT INTO messages VALUES(111,154948,'update','rps','{"status": "expired", "tx_hash": "bd4c19c1128a3dd869996c94c5e23cf1d84d3828cf869c0de5ecdcd7b8f70ecd"}',0);
INSERT INTO messages VALUES(112,154948,'insert','credits','{"action": "recredit wager", "address": "mn6q3dS2EnDUx3bmyWc6D4szJNVGtaR7zc", "asset": "XCP", "block_index": 154948, "event": "bd4c19c1128a3dd869996c94c5e23cf1d84d3828cf869c0de5ecdcd7b8f70ecd", "quantity": 11021663}',0);
INSERT INTO messages VALUES(113,154948,'insert','rps_expirations','{"block_index": 154948, "rps_hash": "bd4c19c1128a3dd869996c94c5e23cf1d84d3828cf869c0de5ecdcd7b8f70ecd", "rps_index": 30, "source": "mn6q3dS2EnDUx3bmyWc6D4szJNVGtaR7zc"}',0);
INSERT INTO messages VALUES(114,154955,'insert','debits','{"action": "open RPS", "address": "mn6q3dS2EnDUx3bmyWc6D4szJNVGtaR7zc", "asset": "XCP", "block_index": 154955, "event": "bf92a22995d897c39b4793a307b36acb489896e45250ac7e31e108086d96f7f7", "quantity": 11021664}',0);
INSERT INTO messages VALUES(115,154955,'insert','rps','{"block_index": 154955, "expiration": 10, "expire_index": 154965, "move_random_hash": "6a886d74c2d4b1d7a35fd9159333ef64ba45a04d7aeeeb4538f958603c16fc5d", "possible_moves": 5, "source": "mn6q3dS2EnDUx3bmyWc6D4szJNVGtaR7zc", "status": "open", "tx_hash": "bf92a22995d897c39b4793a307b36acb489896e45250ac7e31e108086d96f7f7", "tx_index": 48, "wager": 11021664}',0);
INSERT INTO messages VALUES(116,154956,'insert','debits','{"action": "open RPS", "address": "mtQheFaSfWELRB2MyMBaiWjdDm6ux9Ezns", "asset": "XCP", "block_index": 154956, "event": "786929c60d18485a527e085f2f4839db1dfd1efc05e34b6873ee345822cc6174", "quantity": 11021664}',0);
INSERT INTO messages VALUES(117,154956,'insert','rps','{"block_index": 154956, "expiration": 10, "expire_index": 154966, "move_random_hash": "6a886d74c2d4b1d7a35fd9159333ef64ba45a04d7aeeeb4538f958603c16fc5d", "possible_moves": 5, "source": "mtQheFaSfWELRB2MyMBaiWjdDm6ux9Ezns", "status": "open", "tx_hash": "786929c60d18485a527e085f2f4839db1dfd1efc05e34b6873ee345822cc6174", "tx_index": 49, "wager": 11021664}',0);
INSERT INTO messages VALUES(118,154956,'update','rps','{"status": "matched", "tx_index": 48}',0);
INSERT INTO messages VALUES(119,154956,'update','rps','{"status": "matched", "tx_index": 49}',0);
INSERT INTO messages VALUES(120,154956,'insert','rps_matches','{"block_index": 154956, "id": "bf92a22995d897c39b4793a307b36acb489896e45250ac7e31e108086d96f7f7786929c60d18485a527e085f2f4839db1dfd1efc05e34b6873ee345822cc6174", "match_expire_index": 154976, "possible_moves": 5, "status": "pending", "tx0_address": "mn6q3dS2EnDUx3bmyWc6D4szJNVGtaR7zc", "tx0_block_index": 154955, "tx0_expiration": 10, "tx0_hash": "bf92a22995d897c39b4793a307b36acb489896e45250ac7e31e108086d96f7f7", "tx0_index": 48, "tx0_move_random_hash": "6a886d74c2d4b1d7a35fd9159333ef64ba45a04d7aeeeb4538f958603c16fc5d", "tx1_address": "mtQheFaSfWELRB2MyMBaiWjdDm6ux9Ezns", "tx1_block_index": 154956, "tx1_expiration": 10, "tx1_hash": "786929c60d18485a527e085f2f4839db1dfd1efc05e34b6873ee345822cc6174", "tx1_index": 49, "tx1_move_random_hash": "6a886d74c2d4b1d7a35fd9159333ef64ba45a04d7aeeeb4538f958603c16fc5d", "wager": 11021664}',0);
INSERT INTO messages VALUES(121,154977,'insert','credits','{"action": "recredit wager", "address": "mn6q3dS2EnDUx3bmyWc6D4szJNVGtaR7zc", "asset": "XCP", "block_index": 154977, "event": "bf92a22995d897c39b4793a307b36acb489896e45250ac7e31e108086d96f7f7786929c60d18485a527e085f2f4839db1dfd1efc05e34b6873ee345822cc6174", "quantity": 11021664}',0);
INSERT INTO messages VALUES(122,154977,'insert','credits','{"action": "recredit wager", "address": "mtQheFaSfWELRB2MyMBaiWjdDm6ux9Ezns", "asset": "XCP", "block_index": 154977, "event": "bf92a22995d897c39b4793a307b36acb489896e45250ac7e31e108086d96f7f7786929c60d18485a527e085f2f4839db1dfd1efc05e34b6873ee345822cc6174", "quantity": 11021664}',0);
INSERT INTO messages VALUES(123,154977,'update','rps_matches','{"rps_match_id": "bf92a22995d897c39b4793a307b36acb489896e45250ac7e31e108086d96f7f7786929c60d18485a527e085f2f4839db1dfd1efc05e34b6873ee345822cc6174", "status": "expired"}',0);
INSERT INTO messages VALUES(124,154977,'insert','rps_match_expirations','{"block_index": 154977, "rps_match_id": "bf92a22995d897c39b4793a307b36acb489896e45250ac7e31e108086d96f7f7786929c60d18485a527e085f2f4839db1dfd1efc05e34b6873ee345822cc6174", "tx0_address": "mn6q3dS2EnDUx3bmyWc6D4szJNVGtaR7zc", "tx1_address": "mtQheFaSfWELRB2MyMBaiWjdDm6ux9Ezns"}',0);
INSERT INTO messages VALUES(125,154982,'insert','debits','{"action": "open RPS", "address": "mn6q3dS2EnDUx3bmyWc6D4szJNVGtaR7zc", "asset": "XCP", "block_index": 154982, "event": "2501cd2ee7e1c5f407e970b75a05ccbee4be74e605781de5dd3a6838a165f7bf", "quantity": 11021665}',0);
INSERT INTO messages VALUES(126,154982,'insert','rps','{"block_index": 154982, "expiration": 10, "expire_index": 154992, "move_random_hash": "6a886d74c2d4b1d7a35fd9159333ef64ba45a04d7aeeeb4538f958603c16fc5d", "possible_moves": 5, "source": "mn6q3dS2EnDUx3bmyWc6D4szJNVGtaR7zc", "status": "open", "tx_hash": "2501cd2ee7e1c5f407e970b75a05ccbee4be74e605781de5dd3a6838a165f7bf", "tx_index": 75, "wager": 11021665}',0);
INSERT INTO messages VALUES(127,154983,'insert','debits','{"action": "open RPS", "address": "mtQheFaSfWELRB2MyMBaiWjdDm6ux9Ezns", "asset": "XCP", "block_index": 154983, "event": "72fe4a5e983752587b92edbb5da26c67c7f2968d2dde2e0f930acfce1ab9b669", "quantity": 11021665}',0);
INSERT INTO messages VALUES(128,154983,'insert','rps','{"block_index": 154983, "expiration": 10, "expire_index": 154993, "move_random_hash": "6a886d74c2d4b1d7a35fd9159333ef64ba45a04d7aeeeb4538f958603c16fc5d", "possible_moves": 5, "source": "mtQheFaSfWELRB2MyMBaiWjdDm6ux9Ezns", "status": "open", "tx_hash": "72fe4a5e983752587b92edbb5da26c67c7f2968d2dde2e0f930acfce1ab9b669", "tx_index": 76, "wager": 11021665}',0);
INSERT INTO messages VALUES(129,154983,'update','rps','{"status": "matched", "tx_index": 75}',0);
INSERT INTO messages VALUES(130,154983,'update','rps','{"status": "matched", "tx_index": 76}',0);
INSERT INTO messages VALUES(131,154983,'insert','rps_matches','{"block_index": 154983, "id": "2501cd2ee7e1c5f407e970b75a05ccbee4be74e605781de5dd3a6838a165f7bf72fe4a5e983752587b92edbb5da26c67c7f2968d2dde2e0f930acfce1ab9b669", "match_expire_index": 155003, "possible_moves": 5, "status": "pending", "tx0_address": "mn6q3dS2EnDUx3bmyWc6D4szJNVGtaR7zc", "tx0_block_index": 154982, "tx0_expiration": 10, "tx0_hash": "2501cd2ee7e1c5f407e970b75a05ccbee4be74e605781de5dd3a6838a165f7bf", "tx0_index": 75, "tx0_move_random_hash": "6a886d74c2d4b1d7a35fd9159333ef64ba45a04d7aeeeb4538f958603c16fc5d", "tx1_address": "mtQheFaSfWELRB2MyMBaiWjdDm6ux9Ezns", "tx1_block_index": 154983, "tx1_expiration": 10, "tx1_hash": "72fe4a5e983752587b92edbb5da26c67c7f2968d2dde2e0f930acfce1ab9b669", "tx1_index": 76, "tx1_move_random_hash": "6a886d74c2d4b1d7a35fd9159333ef64ba45a04d7aeeeb4538f958603c16fc5d", "wager": 11021665}',0);
INSERT INTO messages VALUES(132,154984,'update','rps_matches','{"rps_match_id": "2501cd2ee7e1c5f407e970b75a05ccbee4be74e605781de5dd3a6838a165f7bf72fe4a5e983752587b92edbb5da26c67c7f2968d2dde2e0f930acfce1ab9b669", "status": "resolved and pending"}',0);
INSERT INTO messages VALUES(133,154984,'insert','rpsresolves','{"block_index": 154984, "move": 3, "random": "7a4488d61ed8f2e9fa2874113fccb8b1", "rps_match_id": "2501cd2ee7e1c5f407e970b75a05ccbee4be74e605781de5dd3a6838a165f7bf72fe4a5e983752587b92edbb5da26c67c7f2968d2dde2e0f930acfce1ab9b669", "source": "mn6q3dS2EnDUx3bmyWc6D4szJNVGtaR7zc", "status": "valid", "tx_hash": "6b2f0c5fdd7bc07bdea801f8ca387055f1e48a7358bb24b74fd93cd02347e931", "tx_index": 77}',0);
INSERT INTO messages VALUES(134,155004,'insert','credits','{"action": "wins", "address": "mn6q3dS2EnDUx3bmyWc6D4szJNVGtaR7zc", "asset": "XCP", "block_index": 155004, "event": "2501cd2ee7e1c5f407e970b75a05ccbee4be74e605781de5dd3a6838a165f7bf72fe4a5e983752587b92edbb5da26c67c7f2968d2dde2e0f930acfce1ab9b669", "quantity": 22043330}',0);
INSERT INTO messages VALUES(135,155004,'update','rps_matches','{"rps_match_id": "2501cd2ee7e1c5f407e970b75a05ccbee4be74e605781de5dd3a6838a165f7bf72fe4a5e983752587b92edbb5da26c67c7f2968d2dde2e0f930acfce1ab9b669", "status": "concluded: first player wins"}',0);
INSERT INTO messages VALUES(136,155004,'insert','rps_match_expirations','{"block_index": 155004, "rps_match_id": "2501cd2ee7e1c5f407e970b75a05ccbee4be74e605781de5dd3a6838a165f7bf72fe4a5e983752587b92edbb5da26c67c7f2968d2dde2e0f930acfce1ab9b669", "tx0_address": "mn6q3dS2EnDUx3bmyWc6D4szJNVGtaR7zc", "tx1_address": "mtQheFaSfWELRB2MyMBaiWjdDm6ux9Ezns"}',0);
-- Triggers and indices on  messages
CREATE INDEX block_index_message_index_idx ON messages (block_index, message_index);

-- Table  order_expirations
DROP TABLE IF EXISTS order_expirations;
CREATE TABLE order_expirations(
                      order_index INTEGER PRIMARY KEY,
                      order_hash TEXT UNIQUE,
                      source TEXT,
                      block_index INTEGER,
                      FOREIGN KEY (block_index) REFERENCES blocks(block_index),
                      FOREIGN KEY (order_index, order_hash) REFERENCES orders(tx_index, tx_hash));
INSERT INTO order_expirations VALUES(3,'b7a20fda89961cb1f3632fae11960769eb215b67092ab93911de977459c5b04c','mn6q3dS2EnDUx3bmyWc6D4szJNVGtaR7zc',154921);
INSERT INTO order_expirations VALUES(4,'d646f64fb17ee3dc83700fae7d1155d2e2a7de1f634dd7dbd57fe7246f13f140','mn6q3dS2EnDUx3bmyWc6D4szJNVGtaR7zc',154922);
INSERT INTO order_expirations VALUES(22,'d8ff90ed1f925804f187a568e5bafdabd0152642c13eb714316cd1f517dedc06','mn6q3dS2EnDUx3bmyWc6D4szJNVGtaR7zc',154940);

-- Table  order_match_expirations
DROP TABLE IF EXISTS order_match_expirations;
CREATE TABLE order_match_expirations(
                      order_match_id TEXT PRIMARY KEY,
                      tx0_address TEXT,
                      tx1_address TEXT,
                      block_index INTEGER,
                      FOREIGN KEY (order_match_id) REFERENCES order_matches(id),
                      FOREIGN KEY (block_index) REFERENCES blocks(block_index));

-- Table  order_matches
DROP TABLE IF EXISTS order_matches;
CREATE TABLE order_matches(
                      id TEXT PRIMARY KEY,
                      tx0_index INTEGER,
                      tx0_hash TEXT,
                      tx0_address TEXT,
                      tx1_index INTEGER,
                      tx1_hash TEXT,
                      tx1_address TEXT,
                      forward_asset TEXT,
                      forward_quantity INTEGER,
                      backward_asset TEXT,
                      backward_quantity INTEGER,
                      tx0_block_index INTEGER,
                      tx1_block_index INTEGER,
                      block_index INTEGER,
                      tx0_expiration INTEGER,
                      tx1_expiration INTEGER,
                      match_expire_index INTEGER,
                      fee_paid INTEGER,
                      status TEXT,
                      FOREIGN KEY (tx0_index, tx0_hash, tx0_block_index) REFERENCES transactions(tx_index, tx_hash, block_index),
                      FOREIGN KEY (tx1_index, tx1_hash, tx1_block_index) REFERENCES transactions(tx_index, tx_hash, block_index));
INSERT INTO order_matches VALUES('b7a20fda89961cb1f3632fae11960769eb215b67092ab93911de977459c5b04cd646f64fb17ee3dc83700fae7d1155d2e2a7de1f634dd7dbd57fe7246f13f140',3,'b7a20fda89961cb1f3632fae11960769eb215b67092ab93911de977459c5b04c','mn6q3dS2EnDUx3bmyWc6D4szJNVGtaR7zc',4,'d646f64fb17ee3dc83700fae7d1155d2e2a7de1f634dd7dbd57fe7246f13f140','mn6q3dS2EnDUx3bmyWc6D4szJNVGtaR7zc','BTC',50000000,'XCP',100000000,154910,154911,154911,10,10,154931,857142,'completed');
-- Triggers and indices on  order_matches
CREATE INDEX backward_status_idx ON order_matches (backward_asset, status);
CREATE INDEX forward_status_idx ON order_matches (forward_asset, status);
CREATE INDEX id_idx ON order_matches (id);
CREATE INDEX match_expire_idx ON order_matches (status, match_expire_index);
CREATE INDEX tx0_address_idx ON order_matches (tx0_address);
CREATE INDEX tx1_address_idx ON order_matches (tx1_address);

-- Table  orders
DROP TABLE IF EXISTS orders;
CREATE TABLE orders(
                      tx_index INTEGER UNIQUE,
                      tx_hash TEXT UNIQUE,
                      block_index INTEGER,
                      source TEXT,
                      give_asset TEXT,
                      give_quantity INTEGER,
                      give_remaining INTEGER,
                      get_asset TEXT,
                      get_quantity INTEGER,
                      get_remaining INTEGER,
                      expiration INTEGER,
                      expire_index INTEGER,
                      fee_required INTEGER,
                      fee_required_remaining INTEGER,
                      fee_provided INTEGER,
                      fee_provided_remaining INTEGER,
                      status TEXT,
                      FOREIGN KEY (tx_index, tx_hash, block_index) REFERENCES transactions(tx_index, tx_hash, block_index),
                      PRIMARY KEY (tx_index, tx_hash));
INSERT INTO orders VALUES(3,'b7a20fda89961cb1f3632fae11960769eb215b67092ab93911de977459c5b04c',154910,'mn6q3dS2EnDUx3bmyWc6D4szJNVGtaR7zc','BTC',50000000,0,'XCP',100000000,0,10,154920,0,0,1000000,142858,'expired');
INSERT INTO orders VALUES(4,'d646f64fb17ee3dc83700fae7d1155d2e2a7de1f634dd7dbd57fe7246f13f140',154911,'mn6q3dS2EnDUx3bmyWc6D4szJNVGtaR7zc','XCP',105000000,5000000,'BTC',50000000,0,10,154921,900000,42858,10000,10000,'expired');
INSERT INTO orders VALUES(22,'d8ff90ed1f925804f187a568e5bafdabd0152642c13eb714316cd1f517dedc06',154929,'mn6q3dS2EnDUx3bmyWc6D4szJNVGtaR7zc','BBBB',50000000,50000000,'XCP',50000000,50000000,10,154939,0,0,10000,10000,'expired');
-- Triggers and indices on  orders
CREATE INDEX expire_idx ON orders (expire_index, status);
CREATE INDEX give_asset_idx ON orders (give_asset);
CREATE INDEX give_get_status_idx ON orders (get_asset, give_asset, status);
CREATE INDEX give_status_idx ON orders (give_asset, status);
CREATE INDEX source_give_status_idx ON orders (source, give_asset, status);

-- Table  rps
DROP TABLE IF EXISTS rps;
CREATE TABLE rps(
                      tx_index INTEGER UNIQUE,
                      tx_hash TEXT UNIQUE,
                      block_index INTEGER,
                      source TEXT,
                      possible_moves INTEGER,
                      wager INTEGER,
                      move_random_hash TEXT,
                      expiration INTEGER,
                      expire_index INTEGER,
                      status TEXT,
                      FOREIGN KEY (tx_index, tx_hash, block_index) REFERENCES transactions(tx_index, tx_hash, block_index),
                      PRIMARY KEY (tx_index, tx_hash));
INSERT INTO rps VALUES(26,'a54b7aea0e6875394b5ab938ab15a3b81f01303eedc7b726602357480e90cc90',154933,'mn6q3dS2EnDUx3bmyWc6D4szJNVGtaR7zc',5,11021663,'6a886d74c2d4b1d7a35fd9159333ef64ba45a04d7aeeeb4538f958603c16fc5d',100,155033,'matched');
INSERT INTO rps VALUES(27,'af5c2e5c41e84fbf96a7d03a5ae740552c4611786dc112826c75f147f1cd13eb',154934,'mtQheFaSfWELRB2MyMBaiWjdDm6ux9Ezns',5,11021663,'6e8bf66cbd6636aca1802459b730a99548624e48e243b840e0b34a12bede17ec',100,155034,'matched');
INSERT INTO rps VALUES(30,'bd4c19c1128a3dd869996c94c5e23cf1d84d3828cf869c0de5ecdcd7b8f70ecd',154937,'mn6q3dS2EnDUx3bmyWc6D4szJNVGtaR7zc',5,11021663,'6a886d74c2d4b1d7a35fd9159333ef64ba45a04d7aeeeb4538f958603c16fc5d',10,154947,'expired');
INSERT INTO rps VALUES(48,'bf92a22995d897c39b4793a307b36acb489896e45250ac7e31e108086d96f7f7',154955,'mn6q3dS2EnDUx3bmyWc6D4szJNVGtaR7zc',5,11021664,'6a886d74c2d4b1d7a35fd9159333ef64ba45a04d7aeeeb4538f958603c16fc5d',10,154965,'matched');
INSERT INTO rps VALUES(49,'786929c60d18485a527e085f2f4839db1dfd1efc05e34b6873ee345822cc6174',154956,'mtQheFaSfWELRB2MyMBaiWjdDm6ux9Ezns',5,11021664,'6a886d74c2d4b1d7a35fd9159333ef64ba45a04d7aeeeb4538f958603c16fc5d',10,154966,'matched');
INSERT INTO rps VALUES(75,'2501cd2ee7e1c5f407e970b75a05ccbee4be74e605781de5dd3a6838a165f7bf',154982,'mn6q3dS2EnDUx3bmyWc6D4szJNVGtaR7zc',5,11021665,'6a886d74c2d4b1d7a35fd9159333ef64ba45a04d7aeeeb4538f958603c16fc5d',10,154992,'matched');
INSERT INTO rps VALUES(76,'72fe4a5e983752587b92edbb5da26c67c7f2968d2dde2e0f930acfce1ab9b669',154983,'mtQheFaSfWELRB2MyMBaiWjdDm6ux9Ezns',5,11021665,'6a886d74c2d4b1d7a35fd9159333ef64ba45a04d7aeeeb4538f958603c16fc5d',10,154993,'matched');
-- Triggers and indices on  rps
CREATE INDEX matching_idx ON rps (wager, possible_moves);

-- Table  rps_expirations
DROP TABLE IF EXISTS rps_expirations;
CREATE TABLE rps_expirations(
                      rps_index INTEGER PRIMARY KEY,
                      rps_hash TEXT UNIQUE,
                      source TEXT,
                      block_index INTEGER,
                      FOREIGN KEY (block_index) REFERENCES blocks(block_index),
                      FOREIGN KEY (rps_index, rps_hash) REFERENCES rps(tx_index, tx_hash));
INSERT INTO rps_expirations VALUES(30,'bd4c19c1128a3dd869996c94c5e23cf1d84d3828cf869c0de5ecdcd7b8f70ecd','mn6q3dS2EnDUx3bmyWc6D4szJNVGtaR7zc',154948);

-- Table  rps_match_expirations
DROP TABLE IF EXISTS rps_match_expirations;
CREATE TABLE rps_match_expirations(
                      rps_match_id TEXT PRIMARY KEY,
                      tx0_address TEXT,
                      tx1_address TEXT,
                      block_index INTEGER,
                      FOREIGN KEY (rps_match_id) REFERENCES rps_matches(id),
                      FOREIGN KEY (block_index) REFERENCES blocks(block_index));
INSERT INTO rps_match_expirations VALUES('bf92a22995d897c39b4793a307b36acb489896e45250ac7e31e108086d96f7f7786929c60d18485a527e085f2f4839db1dfd1efc05e34b6873ee345822cc6174','mn6q3dS2EnDUx3bmyWc6D4szJNVGtaR7zc','mtQheFaSfWELRB2MyMBaiWjdDm6ux9Ezns',154977);
INSERT INTO rps_match_expirations VALUES('2501cd2ee7e1c5f407e970b75a05ccbee4be74e605781de5dd3a6838a165f7bf72fe4a5e983752587b92edbb5da26c67c7f2968d2dde2e0f930acfce1ab9b669','mn6q3dS2EnDUx3bmyWc6D4szJNVGtaR7zc','mtQheFaSfWELRB2MyMBaiWjdDm6ux9Ezns',155004);

-- Table  rps_matches
DROP TABLE IF EXISTS rps_matches;
CREATE TABLE rps_matches(
                      id TEXT PRIMARY KEY,
                      tx0_index INTEGER,
                      tx0_hash TEXT,
                      tx0_address TEXT,
                      tx1_index INTEGER,
                      tx1_hash TEXT,
                      tx1_address TEXT,
                      tx0_move_random_hash TEXT,
                      tx1_move_random_hash TEXT,
                      wager INTEGER,
                      possible_moves INTEGER,
                      tx0_block_index INTEGER,
                      tx1_block_index INTEGER,
                      block_index INTEGER,
                      tx0_expiration INTEGER,
                      tx1_expiration INTEGER,
                      match_expire_index INTEGER,
                      status TEXT,
                      FOREIGN KEY (tx0_index, tx0_hash, tx0_block_index) REFERENCES transactions(tx_index, tx_hash, block_index),
                      FOREIGN KEY (tx1_index, tx1_hash, tx1_block_index) REFERENCES transactions(tx_index, tx_hash, block_index));
INSERT INTO rps_matches VALUES('a54b7aea0e6875394b5ab938ab15a3b81f01303eedc7b726602357480e90cc90af5c2e5c41e84fbf96a7d03a5ae740552c4611786dc112826c75f147f1cd13eb',26,'a54b7aea0e6875394b5ab938ab15a3b81f01303eedc7b726602357480e90cc90','mn6q3dS2EnDUx3bmyWc6D4szJNVGtaR7zc',27,'af5c2e5c41e84fbf96a7d03a5ae740552c4611786dc112826c75f147f1cd13eb','mtQheFaSfWELRB2MyMBaiWjdDm6ux9Ezns','6a886d74c2d4b1d7a35fd9159333ef64ba45a04d7aeeeb4538f958603c16fc5d','6e8bf66cbd6636aca1802459b730a99548624e48e243b840e0b34a12bede17ec',11021663,5,154933,154934,154934,100,100,154954,'concluded: first player wins');
INSERT INTO rps_matches VALUES('bf92a22995d897c39b4793a307b36acb489896e45250ac7e31e108086d96f7f7786929c60d18485a527e085f2f4839db1dfd1efc05e34b6873ee345822cc6174',48,'bf92a22995d897c39b4793a307b36acb489896e45250ac7e31e108086d96f7f7','mn6q3dS2EnDUx3bmyWc6D4szJNVGtaR7zc',49,'786929c60d18485a527e085f2f4839db1dfd1efc05e34b6873ee345822cc6174','mtQheFaSfWELRB2MyMBaiWjdDm6ux9Ezns','6a886d74c2d4b1d7a35fd9159333ef64ba45a04d7aeeeb4538f958603c16fc5d','6a886d74c2d4b1d7a35fd9159333ef64ba45a04d7aeeeb4538f958603c16fc5d',11021664,5,154955,154956,154956,10,10,154976,'expired');
INSERT INTO rps_matches VALUES('2501cd2ee7e1c5f407e970b75a05ccbee4be74e605781de5dd3a6838a165f7bf72fe4a5e983752587b92edbb5da26c67c7f2968d2dde2e0f930acfce1ab9b669',75,'2501cd2ee7e1c5f407e970b75a05ccbee4be74e605781de5dd3a6838a165f7bf','mn6q3dS2EnDUx3bmyWc6D4szJNVGtaR7zc',76,'72fe4a5e983752587b92edbb5da26c67c7f2968d2dde2e0f930acfce1ab9b669','mtQheFaSfWELRB2MyMBaiWjdDm6ux9Ezns','6a886d74c2d4b1d7a35fd9159333ef64ba45a04d7aeeeb4538f958603c16fc5d','6a886d74c2d4b1d7a35fd9159333ef64ba45a04d7aeeeb4538f958603c16fc5d',11021665,5,154982,154983,154983,10,10,155003,'concluded: first player wins');
-- Triggers and indices on  rps_matches
CREATE INDEX rps_match_expire_idx ON rps_matches (status, match_expire_index);
CREATE INDEX rps_tx0_address_idx ON rps_matches (tx0_address);
CREATE INDEX rps_tx1_address_idx ON rps_matches (tx1_address);

-- Table  rpsresolves
DROP TABLE IF EXISTS rpsresolves;
CREATE TABLE rpsresolves(
                      tx_index INTEGER PRIMARY KEY,
                      tx_hash TEXT UNIQUE,
                      block_index INTEGER,
                      source TEXT,
                      move INTEGER,
                      random TEXT,
                      rps_match_id TEXT,
                      status TEXT,
                      FOREIGN KEY (tx_index, tx_hash, block_index) REFERENCES transactions(tx_index, tx_hash, block_index));
INSERT INTO rpsresolves VALUES(28,'480da42a47f220496b9a619d81cf96a314a3a25f25f41d3de12092de043c3643',154935,'mn6q3dS2EnDUx3bmyWc6D4szJNVGtaR7zc',3,'7a4488d61ed8f2e9fa2874113fccb8b1','a54b7aea0e6875394b5ab938ab15a3b81f01303eedc7b726602357480e90cc90af5c2e5c41e84fbf96a7d03a5ae740552c4611786dc112826c75f147f1cd13eb','valid');
INSERT INTO rpsresolves VALUES(29,'e1fb4d22540ad405102a778f773ebd0335befd8cad7596de7db3c1948a895e1b',154936,'mtQheFaSfWELRB2MyMBaiWjdDm6ux9Ezns',5,'fa765e80203cba24a298e4458f63ff6b','a54b7aea0e6875394b5ab938ab15a3b81f01303eedc7b726602357480e90cc90af5c2e5c41e84fbf96a7d03a5ae740552c4611786dc112826c75f147f1cd13eb','valid');
INSERT INTO rpsresolves VALUES(77,'6b2f0c5fdd7bc07bdea801f8ca387055f1e48a7358bb24b74fd93cd02347e931',154984,'mn6q3dS2EnDUx3bmyWc6D4szJNVGtaR7zc',3,'7a4488d61ed8f2e9fa2874113fccb8b1','2501cd2ee7e1c5f407e970b75a05ccbee4be74e605781de5dd3a6838a165f7bf72fe4a5e983752587b92edbb5da26c67c7f2968d2dde2e0f930acfce1ab9b669','valid');
-- Triggers and indices on  rpsresolves
CREATE INDEX rps_match_id_idx ON rpsresolves (rps_match_id);

-- Table  sends
DROP TABLE IF EXISTS sends;
CREATE TABLE sends(
                      tx_index INTEGER PRIMARY KEY,
                      tx_hash TEXT UNIQUE,
                      block_index INTEGER,
                      source TEXT,
                      destination TEXT,
                      asset TEXT,
                      quantity INTEGER,
                      status TEXT,
                      FOREIGN KEY (tx_index, tx_hash, block_index) REFERENCES transactions(tx_index, tx_hash, block_index));
INSERT INTO sends VALUES(2,'9e0aad6e2ab8a23cf7eb362163600138ceac6a19cf492d4cceb6c79c5dba9a4a',154909,'mn6q3dS2EnDUx3bmyWc6D4szJNVGtaR7zc','mtQheFaSfWELRB2MyMBaiWjdDm6ux9Ezns','XCP',50000000,'valid');
INSERT INTO sends VALUES(8,'685d4d48200be1703a11bb77b2472437dbd1ddd6f8a9f8a3613cb811322c7bc7',154915,'mn6q3dS2EnDUx3bmyWc6D4szJNVGtaR7zc','mtQheFaSfWELRB2MyMBaiWjdDm6ux9Ezns','BBBB',4000000,'valid');
INSERT INTO sends VALUES(9,'1d8a91fbb7468af761343c9495f7c7243ab9cf2cd2541b69a45d11f6387c8be6',154916,'mn6q3dS2EnDUx3bmyWc6D4szJNVGtaR7zc','mtQheFaSfWELRB2MyMBaiWjdDm6ux9Ezns','BBBC',526,'valid');
INSERT INTO sends VALUES(24,'388cf8c8098c9c58080c8cbbba3fad2f4cb81f700f8079b69d50036b64a88ac1',154931,'mn6q3dS2EnDUx3bmyWc6D4szJNVGtaR7zc','mtQheFaSfWELRB2MyMBaiWjdDm6ux9Ezns','BBBC',10000,'valid');
-- Triggers and indices on  sends
CREATE INDEX destination_idx ON sends (destination);
CREATE INDEX source_idx ON sends (source);

-- Table  transactions
DROP TABLE IF EXISTS transactions;
CREATE TABLE transactions(
                      tx_index INTEGER UNIQUE,
                      tx_hash TEXT UNIQUE,
                      block_index INTEGER,
                      block_hash TEXT,
                      block_time INTEGER,
                      source TEXT,
                      destination TEXT,
                      btc_amount INTEGER,
                      fee INTEGER,
                      data BLOB,
                      supported BOOL DEFAULT 1,
                      FOREIGN KEY (block_index, block_hash) REFERENCES blocks(block_index, block_hash),
                      PRIMARY KEY (tx_index, tx_hash, block_index));
INSERT INTO transactions VALUES(1,'610b15f0c2d3845f124cc6026b6c212033de94218b25f89d5dbde47d11085a89',154908,'cab26004a25bf4f3f706d147cc1a6b4ae35d4e2177acbb3a5e1347205fab75cc93c2cfdda0f9e01252776bdaccd4a9dc2cc2e2264af588dbe306734293c1c8c4',1549080000000,'mn6q3dS2EnDUx3bmyWc6D4szJNVGtaR7zc','mvCounterpartyXXXXXXXXXXXXXXW24Hef',62000000,10000,X'',1);
INSERT INTO transactions VALUES(2,'9e0aad6e2ab8a23cf7eb362163600138ceac6a19cf492d4cceb6c79c5dba9a4a',154909,'244e7bf91f9a9cd5ec8c2abd8740a506c2de2156ab635d08d78429afba33f7f090659eca59b3a3f862dd87bb36221e52915512486da5d6ef0ec37e85124a9303',1549090000000,'mn6q3dS2EnDUx3bmyWc6D4szJNVGtaR7zc','mtQheFaSfWELRB2MyMBaiWjdDm6ux9Ezns',7800,10000,X'0000000000000000000000010000000002FAF080',1);
INSERT INTO transactions VALUES(3,'b7a20fda89961cb1f3632fae11960769eb215b67092ab93911de977459c5b04c',154910,'80d40ca10e5ea63a2ad8303c70819f369afbbd5716faf875fa4eb8ac2799ee0f9b2e5e204849d8ebca34537bdef7620fe81db66fc8195e193ee778fa43d68cdb',1549100000000,'mn6q3dS2EnDUx3bmyWc6D4szJNVGtaR7zc','',0,1000000,X'0000000A00000000000000000000000002FAF08000000000000000010000000005F5E100000A0000000000000000',1);
INSERT INTO transactions VALUES(4,'d646f64fb17ee3dc83700fae7d1155d2e2a7de1f634dd7dbd57fe7246f13f140',154911,'c572450879274cc2a7adfa27f3484ba94d76ae3c23d42a92f386000ba36b09790b7448701614b040f3e5dadd6378940e4b47ddb7e6a0da38aadb578b81c178e1',1549110000000,'mn6q3dS2EnDUx3bmyWc6D4szJNVGtaR7zc','',0,10000,X'0000000A00000000000000010000000006422C4000000000000000000000000002FAF080000A00000000000DBBA0',1);
INSERT INTO transactions VALUES(5,'0cdf98c8b4b306de742edcd86b6b513afbc69847d5f0e484556635671a835367',154912,'b0fe961d25394561c42ea0e5df888ba20580eab3ddb9d294faf901cda2517ebc2078f91137fdf9badefee7950b0274941c7764ecb47546c05e1a3563fc032339',1549120000000,'mn6q3dS2EnDUx3bmyWc6D4szJNVGtaR7zc','mn6q3dS2EnDUx3bmyWc6D4szJNVGtaR7zc',50000000,10000,X'0000000BB7A20FDA89961CB1F3632FAE11960769EB215B67092AB93911DE977459C5B04CD646F64FB17EE3DC83700FAE7D1155D2E2A7DE1F634DD7DBD57FE7246F13F140',1);
INSERT INTO transactions VALUES(6,'278faf182d0316ac2e27e901a26bc746c37f50fe4449666119ecef0d3da58eb3',154913,'797ff8f7e2e601c1595d2bc2088ae7ecd723d53514b74e5545be46389d9ccf31bed1c874b482eee40b06d2d5823969203624a7fd540819262d0033ab08c0887f',1549130000000,'mn6q3dS2EnDUx3bmyWc6D4szJNVGtaR7zc','',0,10000,X'000000140000000000004767000000003B9ACA000100000000000000000000',1);
INSERT INTO transactions VALUES(7,'3045adc56a6ba7d89a2365c70a38fecd35828321f6f154021323da880320c69d',154914,'78cad5b3c7bbac19cbbf5b58f7f2183441d22d200d3b1cb41da63aa293a5393883e3fcfc8eccd9c0ff5ca62b0552c8cd8b5c08e76475003f403c382725194e80',1549140000000,'mn6q3dS2EnDUx3bmyWc6D4szJNVGtaR7zc','',0,10000,X'00000014000000000000476800000000000186A00001000000113C75C28F06666F6F626172',1);
INSERT INTO transactions VALUES(8,'685d4d48200be1703a11bb77b2472437dbd1ddd6f8a9f8a3613cb811322c7bc7',154915,'fc8ccc098da63edc027cfcb3a6bd5a882e21cc79ec5786f499b1c483779af70d76cd7decf3d4018dcefa678e9566c2b2a2fce14e27a8bb273af4a9af7cf1d932',1549150000000,'mn6q3dS2EnDUx3bmyWc6D4szJNVGtaR7zc','mtQheFaSfWELRB2MyMBaiWjdDm6ux9Ezns',7800,10000,X'00000000000000000000476700000000003D0900',1);
INSERT INTO transactions VALUES(9,'1d8a91fbb7468af761343c9495f7c7243ab9cf2cd2541b69a45d11f6387c8be6',154916,'94cd7d76a2cda75e80a2fe48dd3c44d46fed958f6223c9b0ff1a5ebcf255ab0a27df96220f9153fd180048828dcc3afe98c73988f91619f444c91c62a11d881b',1549160000000,'mn6q3dS2EnDUx3bmyWc6D4szJNVGtaR7zc','mtQheFaSfWELRB2MyMBaiWjdDm6ux9Ezns',7800,10000,X'000000000000000000004768000000000000020E',1);
INSERT INTO transactions VALUES(10,'42e34c582e6f07034144fcef5aeed791df319315912f08af70b3b0c10652d4ea',154917,'b8b1961aa5981b069f1e7ce8d7a181736b80b54a5bda33a1bdf4b46f3d0f3dd732bc290cd13e7dab43d12c9efe30723afbe75e82447acd433557548a7568bb1d',1549170000000,'mn6q3dS2EnDUx3bmyWc6D4szJNVGtaR7zc','',0,10000,X'00000032000000000000025800000000000047670000000000000001',1);
INSERT INTO transactions VALUES(11,'e678aa9e703de30b013335d96d1099b82fe1a8f3c588e62f19483dea9421804e',154918,'088546b5563c11520e7fefe3ee0b8bd554b63f935ba0f52ee593300d79ccaba01cef7410df455753f5b4b33326da18e055638a161582c2d6e241ddfe6136e379',1549180000000,'mn6q3dS2EnDUx3bmyWc6D4szJNVGtaR7zc','',0,10000,X'00000032000000000000032000000000000047680000000000000001',1);
INSERT INTO transactions VALUES(12,'6a0af7e2aba5c03a7c2d56f9fa880d5e265b525c2cfe35db39a0ebebde2d8e97',154919,'3dd36d3b00a9000ef4d22e3017f7af48c5c0a9af6e03ecc2a26a49345adef79ac252fd57551a14991e40d128990fbe8776fec55d4826b98e937f92bef3ae0be4',1549190000000,'mn6q3dS2EnDUx3bmyWc6D4szJNVGtaR7zc','',0,10000,X'0000001E52BB33004059000000000000004C4B4009556E69742054657374',1);
INSERT INTO transactions VALUES(13,'416abb297771d204812c96c7c1a1fd9019a0fde050468cbd3211eb74ec1ff7b3',154920,'0fca8dfde3b5b34b0829e1daa9a5c7f235a93d74fd3575d68f7a131c7790e01eb69fd3e0aaa9d872c8dad6d8e57e49b3a5903d774372ed5524dac8afc51c18d2',1549200000000,'mn6q3dS2EnDUx3bmyWc6D4szJNVGtaR7zc','mn6q3dS2EnDUx3bmyWc6D4szJNVGtaR7zc',7800,10000,X'00000028000052BB33640000000002FAF08000000000017D7840000000000000000000003B100000000A',1);
INSERT INTO transactions VALUES(14,'9cc323c5ca7d5db1ff2458cb64d3a1ae37dfd20df777d312bf4d54801411b469',154921,'1a99275c7a70a496ce9fcd5cf21876916351805fdc5258dbaa004ff9ea8e451be93cc6f872819dd8942847c650afd37618bbb630528d772b4f8eb318122b1043',1549210000000,'mn6q3dS2EnDUx3bmyWc6D4szJNVGtaR7zc','mn6q3dS2EnDUx3bmyWc6D4szJNVGtaR7zc',7800,10000,X'00000028000152BB336400000000017D78400000000002793D60000000000000000000003B100000000A',1);
INSERT INTO transactions VALUES(15,'895ffcff69ccb5bef14c33faeb0b6aed136e09e67ec707ce98c40ff248e308f0',154922,'3e7b51e4121b3f70fa8ac6b3c2e3c29a985e05c5ad92678ee3982e931d81891a876260f7f53108a6e6d9012211a4f43cbc038b91dee92d2d1466448cec4979c4',1549220000000,'mn6q3dS2EnDUx3bmyWc6D4szJNVGtaR7zc','mn6q3dS2EnDUx3bmyWc6D4szJNVGtaR7zc',7800,10000,X'00000028000052BB33640000000008F0D1800000000014DC93800000000000000000000013B00000000A',1);
INSERT INTO transactions VALUES(16,'2955f803042c6caa40ee30b9c339c790f5b688443249e15fe8d4c6fa0de06f1a',154923,'9b16d5d768bbfd1c83ca224c2fd704429a16b6102dc1ccc21eec6547da4dad23bfa3f0df63b0a0c1159268008765227db81aac243e48f470594c3f8e30a2772b',1549230000000,'mn6q3dS2EnDUx3bmyWc6D4szJNVGtaR7zc','mn6q3dS2EnDUx3bmyWc6D4szJNVGtaR7zc',7800,10000,X'00000028000152BB33640000000014DC93800000000008F0D1800000000000000000000013B00000000A',1);
INSERT INTO transactions VALUES(17,'d803e76d0b60bbbd8ca4a436bbcab1219e25cb73c6926998a54984cbcd6e79f0',154924,'915916edf01452e1a554d7dd7c63acef01f9540006a5b09425d151a8a170bd23e0500bd89dc97b8e49f22a0e662d140f03bcd6d2d9faf2b35e6968cd076329d3',1549240000000,'mn6q3dS2EnDUx3bmyWc6D4szJNVGtaR7zc','mn6q3dS2EnDUx3bmyWc6D4szJNVGtaR7zc',7800,10000,X'00000028000252BB33C8000000002CB417800000000026BE36803FF0000000000000000013B00000000A',1);
INSERT INTO transactions VALUES(18,'43a8eab0398e8bf1b6b9b586512d9880ad06a1aad9c614df341466ee27ca6309',154925,'29d88d169c0c9bb778dd32b9d76fdef07d4cdd5302f02938101e03dd616426884b0e08816cfd7b217662f226003e3821f8e09063dd5250331a3e187557619386',1549250000000,'mn6q3dS2EnDUx3bmyWc6D4szJNVGtaR7zc','mn6q3dS2EnDUx3bmyWc6D4szJNVGtaR7zc',7800,10000,X'00000028000352BB33C80000000026BE3680000000002CB417803FF0000000000000000013B00000000A',1);
INSERT INTO transactions VALUES(19,'5664e2319c1fca58c56ff92e079021381373f325d1b90d6d60cd3138d7172b6d',154926,'aeff66363337363dce240dd090e1d507f934b2496f82fce7094b6499b657f6375fb541747538a0001da7e87f708e10068399ef20441ba49485bc4edaa2347c85',1549260000000,'mn6q3dS2EnDUx3bmyWc6D4szJNVGtaR7zc','',0,10000,X'0000001E52BB33324058F7256FFC115E004C4B4009556E69742054657374',1);
INSERT INTO transactions VALUES(20,'4d13f5ae669a021f1c5e0daff5ad782400545349b0e6bf0c25db6de866eaeaea',154927,'bc5cd4a70a0e3038768b0b4dacc11bb5bdbbaa51a7a6d0a69aaed9ab49451f57aa1f702921cf8fd5e477c4f06353f7ae69c5ce347a1307c38edcb9619ba9709f',1549270000000,'mn6q3dS2EnDUx3bmyWc6D4szJNVGtaR7zc','',0,10000,X'0000001E52BB3365405915F3B645A1CB004C4B4009556E69742054657374',1);
INSERT INTO transactions VALUES(21,'8359a7bc3c30056c1872096fd190478655204016af046520f8c6170d5c94ac21',154928,'f5b79d98c8c45e396851d32aaeb4730f0ffe2db82e36a6f8ba6b139a5a4fc6ec7e0e7a4c304f12a3b8ff41ab648a2d4b17689b7ea4c037b12a62a03988bee963',1549280000000,'mn6q3dS2EnDUx3bmyWc6D4szJNVGtaR7zc','',0,10000,X'0000001E52BB33C94000000000000000004C4B4009556E69742054657374',1);
INSERT INTO transactions VALUES(22,'d8ff90ed1f925804f187a568e5bafdabd0152642c13eb714316cd1f517dedc06',154929,'7068c1abc38664730e4b979aa4d3beb7131c65e36cf7aaa2852bbe3a0b74783eaa0c7a7ed52ec04b5d6865faaceb23b41390ec93f667cffe8ba9cec6757bbba9',1549290000000,'mn6q3dS2EnDUx3bmyWc6D4szJNVGtaR7zc','',0,10000,X'0000000A00000000000047670000000002FAF08000000000000000010000000002FAF080000A0000000000000000',1);
INSERT INTO transactions VALUES(23,'6d1a0e0dedda4a78cf11ac7a1c6fd2c32d9fd7c99d97ae7d524f223641646b85',154930,'2b7fef6e9069f1a2f44e6eb08f0f5e32033d0048fc3cfc526237a4c4ced59590dbacfa4bfe95b894bc21658cffb2908b85280e6cfaa1545970bf2a724ceeea5b',1549300000000,'mn6q3dS2EnDUx3bmyWc6D4szJNVGtaR7zc','mvCounterpartyXXXXXXXXXXXXXXW24Hef',100000000,10000,X'',1);
INSERT INTO transactions VALUES(24,'388cf8c8098c9c58080c8cbbba3fad2f4cb81f700f8079b69d50036b64a88ac1',154931,'efd744787f5fa988aa515f4a7d14323969ab838c70a3d6d3a029ddf6eac7dd74568b09659b7756eafc7b6e410d8e5f5ba921d9a454c97f6c6b72ca7da37b5c58',1549310000000,'mn6q3dS2EnDUx3bmyWc6D4szJNVGtaR7zc','mtQheFaSfWELRB2MyMBaiWjdDm6ux9Ezns',7800,10000,X'0000000000000000000047680000000000002710',1);
INSERT INTO transactions VALUES(25,'498e97e7af329d52dc4fadc1dfda926d9f323af6da5ec10542751ff395952eb1',154932,'09614b8f64a6aacc740150eab0bbe7aaef9045825e188800d44f8a5620afd0cc71f8a354b2d061b8cf2be47434963ee9709103d46151d9c18f80366b61d33eda',1549320000000,'mn6q3dS2EnDUx3bmyWc6D4szJNVGtaR7zc','',0,10000,X'000000153FD33333333333330000000000004768',1);
INSERT INTO transactions VALUES(26,'a54b7aea0e6875394b5ab938ab15a3b81f01303eedc7b726602357480e90cc90',154933,'d08f4dd0524762d7ebb5939e2b73f98c2260c8f2314a93b468e983e13a96639477f2effcfe51395687508cf6f0cb2de65e818396e9b3adb4a499f3d8cb16a638',1549330000000,'mn6q3dS2EnDUx3bmyWc6D4szJNVGtaR7zc','',0,10000,X'0000005000050000000000A82D5F6A886D74C2D4B1D7A35FD9159333EF64BA45A04D7AEEEB4538F958603C16FC5D00000064',1);
INSERT INTO transactions VALUES(27,'af5c2e5c41e84fbf96a7d03a5ae740552c4611786dc112826c75f147f1cd13eb',154934,'a519de47aa8c7eafe6fc8a4df5f5f05ea4bd27e41ea67d83555417146a35bbab2529ceff400f46163eb539a2c846bd8b8ee9cc87aefcce7b17054decb392a5ea',1549340000000,'mtQheFaSfWELRB2MyMBaiWjdDm6ux9Ezns','',0,10000,X'0000005000050000000000A82D5F6E8BF66CBD6636ACA1802459B730A99548624E48E243B840E0B34A12BEDE17EC00000064',1);
INSERT INTO transactions VALUES(28,'480da42a47f220496b9a619d81cf96a314a3a25f25f41d3de12092de043c3643',154935,'bb8f4a793ea7c9ecab809a8c210ec05858a8241939ee6d12e283e2ad119ee87ca2078f81a3c295bb527766dc2713b90793ab8a518db9fb4f2967e43f245ee0fb',1549350000000,'mn6q3dS2EnDUx3bmyWc6D4szJNVGtaR7zc','',0,10000,X'0000005100037A4488D61ED8F2E9FA2874113FCCB8B1A54B7AEA0E6875394B5AB938AB15A3B81F01303EEDC7B726602357480E90CC90AF5C2E5C41E84FBF96A7D03A5AE740552C4611786DC112826C75F147F1CD13EB',1);
INSERT INTO transactions VALUES(29,'e1fb4d22540ad405102a778f773ebd0335befd8cad7596de7db3c1948a895e1b',154936,'3af58b36490131f828a765f13708b818c0a4b7082f2e0ac7d8cccdba7cd77fef40b07f115e453279ae7e9cd47f01ccdf9a23702634ab9793be5533d67c348735',1549360000000,'mtQheFaSfWELRB2MyMBaiWjdDm6ux9Ezns','',0,10000,X'000000510005FA765E80203CBA24A298E4458F63FF6BA54B7AEA0E6875394B5AB938AB15A3B81F01303EEDC7B726602357480E90CC90AF5C2E5C41E84FBF96A7D03A5AE740552C4611786DC112826C75F147F1CD13EB',1);
INSERT INTO transactions VALUES(30,'bd4c19c1128a3dd869996c94c5e23cf1d84d3828cf869c0de5ecdcd7b8f70ecd',154937,'0e82b767d5eef083b2547f3765bc77838ec407b1538acf5a0eb2f153665b65d9b499e7e716db7daefdb8852a411342a9d2ebfe2f4f93e9bb09d5a9ef03cb7cf4',1549370000000,'mn6q3dS2EnDUx3bmyWc6D4szJNVGtaR7zc','',0,10000,X'0000005000050000000000A82D5F6A886D74C2D4B1D7A35FD9159333EF64BA45A04D7AEEEB4538F958603C16FC5D0000000A',1);
INSERT INTO transactions VALUES(48,'bf92a22995d897c39b4793a307b36acb489896e45250ac7e31e108086d96f7f7',154955,'04b4498e214f976cc2daa71ef3d694ed283d98d5153f51dab0fd6ae3ffcc10bca28423b6f437723d7d366d71e8583cf444332cd82ffe30d801e17c1d9e5616a9',1549550000000,'mn6q3dS2EnDUx3bmyWc6D4szJNVGtaR7zc','',0,10000,X'0000005000050000000000A82D606A886D74C2D4B1D7A35FD9159333EF64BA45A04D7AEEEB4538F958603C16FC5D0000000A',1);
INSERT INTO transactions VALUES(49,'786929c60d18485a527e085f2f4839db1dfd1efc05e34b6873ee345822cc6174',154956,'84847d413464cf667c6a0c701219c3d74c89c5397b7c05b8e0605e719db735d2d5631d34c78be6d33e3d3e8dfee5f408cbd8589f6ebc3467363b5cd5e0c976f2',1549560000000,'mtQheFaSfWELRB2MyMBaiWjdDm6ux9Ezns','',0,10000,X'0000005000050000000000A82D606A886D74C2D4B1D7A35FD9159333EF64BA45A04D7AEEEB4538F958603C16FC5D0000000A',1);
INSERT INTO transactions VALUES(75,'2501cd2ee7e1c5f407e970b75a05ccbee4be74e605781de5dd3a6838a165f7bf',154982,'766110ba2b50a1c0b743164d74871882e6b4a5fbb5082a4c37ab4e04cfa8aa8eaa710ba9f7668ba0141eb9e585586c385a0f17dc1c2cf55f50397ffc18717a2b',1549820000000,'mn6q3dS2EnDUx3bmyWc6D4szJNVGtaR7zc','',0,10000,X'0000005000050000000000A82D616A886D74C2D4B1D7A35FD9159333EF64BA45A04D7AEEEB4538F958603C16FC5D0000000A',1);
INSERT INTO transactions VALUES(76,'72fe4a5e983752587b92edbb5da26c67c7f2968d2dde2e0f930acfce1ab9b669',154983,'2d0c386a1fad12d0b44815b00f9ac4e4f518f334b620920197591cf9f27ff89e7f48ae831ebe91664402088ecb5ef4e751964dfa52c424c17666f55ef997a7e7',1549830000000,'mtQheFaSfWELRB2MyMBaiWjdDm6ux9Ezns','',0,10000,X'0000005000050000000000A82D616A886D74C2D4B1D7A35FD9159333EF64BA45A04D7AEEEB4538F958603C16FC5D0000000A',1);
INSERT INTO transactions VALUES(77,'6b2f0c5fdd7bc07bdea801f8ca387055f1e48a7358bb24b74fd93cd02347e931',154984,'c2b0c5ebf63c897a6d6f11f0ed2891ac1ed874de7f4ef481e26f26af44e5bef76907b5b672be3b4b1ef094c058931631e8c48ade989638d56ced718b81c10ec4',1549840000000,'mn6q3dS2EnDUx3bmyWc6D4szJNVGtaR7zc','',0,10000,X'0000005100037A4488D61ED8F2E9FA2874113FCCB8B12501CD2EE7E1C5F407E970B75A05CCBEE4BE74E605781DE5DD3A6838A165F7BF72FE4A5E983752587B92EDBB5DA26C67C7F2968D2DDE2E0F930ACFCE1AB9B669',1);
-- Triggers and indices on  transactions
CREATE INDEX index_hash_index_idx ON transactions (tx_index, tx_hash, block_index);
CREATE INDEX index_index_idx ON transactions (block_index, tx_index);
CREATE INDEX tx_hash_idx ON transactions (tx_hash);
CREATE INDEX tx_index_idx ON transactions (tx_index);

COMMIT TRANSACTION;
